official_account,parent_post_id,post_created_at,post_month,keyword_group,keyword_categories,matched_keywords,parent_post_text,comment_id,comment_created_at,comment_month,comment_text
中国新闻网,5138422377744280,2025-02-26 22:07,2025-02,fertility,fertility,生育|生育率,【#韩国新生儿人数时隔9年止跌回升#】据韩国统计厅26日发布的《2024年人口动向调查》，韩国2024年新生儿数量同比增加8300人，时隔9年止跌回升。据统计，韩国2024年新生儿人数为23.83万名，同比增加3.6%。得益于新生儿人数增加，韩国2024年总和生育率小幅回升至0.75，同比增加0.03。（刘旭季龙雨）,5138433103891462,2025-02-26T22:49:42+08:00,2025-02,真的假的@彡玥清辰_ImMerLieBe
,5138422377744280,,,,,,,5146245594352607,2025-03-20T12:13:45+08:00,2025-03,我们单位都不允许我怀孕，排队，好不容易排到了还不承认，那我能说啥，没见有人管
央视新闻,5138966548056793,2025-02-28 10:09,2025-02,marriage,marriage,婚姻|结婚,【#4年多次闪婚收高额彩礼被判返还#】今天，#最高法发布多起涉彩礼纠纷典型案例#。其中的一起案例显示：赵某（男）与孙某已办理结婚登记并给付彩礼8.6万元，后赵某提起离婚诉讼，以孙某将婚姻作为获取财物的手段为由，请求法院判决双方离婚、孙某返还全部彩礼。人民法院依职权调查后发现，孙某不仅在较短时间内多次“闪婚”、均接收较高数额彩礼、婚姻存续时间均较短，更重要的是，历次离婚诉讼中男方对于婚后双方无夫妻之实、孙某回娘家居住的共同生活状态等描述基本一致，结合孙某无法提供证据证明其对维系婚姻作出相应努力，人民法院据此认定孙某以彩礼为名借婚姻索取财物，判令解除婚姻关系，孙某返还全部彩礼8.6万元。根据涉彩礼纠纷司法解释第二条规定，一方以彩礼为名借婚姻索取财物，另一方请求返还的，人民法院应予支持。给付彩礼的目的除了办理结婚登记这一法定形式要件外，更重要的是双方形成长期、稳定的共同生活状态。本案中，虽然孙某已与赵某办理结婚登记，但婚姻关系存续时间较短，且孙某主要在娘家居住，双方未能形成长期、稳定的共同生活状态。同时，结合双方经常因孙某索要钱财发生争吵以及孙某之前所涉两次离婚纠纷的具体情况，人民法院认定其有通过婚姻索取财物的行为，判令其全额返还彩礼，再次明确禁止借婚姻索取财物的司法态度，维护正常的婚恋秩序。详→O网页链接（总台央视记者张赛张明）,5138967617079734,2025-02-28T10:13:40+08:00,2025-02,终于关注这个了，甚至有些人都当成职业了
,5138966548056793,,,,,,,5138996028771488,2025-02-28T12:06:34+08:00,2025-02,骗婚者太可恶，此风不可长，必须严惩这种恶劣行为！
,5138966548056793,,,,,,,5138981755555190,2025-02-28T11:09:51+08:00,2025-02,世界之大无奇不有
,5138966548056793,,,,,,,5138972695334326,2025-02-28T10:33:51+08:00,2025-02,"再想有钱也不能这么干呀,耽误别人"
中国新闻网,5148407204417436,2025-03-26 11:23,2025-03,fertility,fertility,出生率,【#广东去年出生人口全国第一#】#第一人口大省又生了113万人#3月26日，广东统计局公布2024年广东省国民经济和社会发展统计公报。公报显示，2024年末，全省常住人口12780万人，比上年末增加74万人，其中城镇常住人口9701万人，占常住人口比重（常住人口城镇化率）75.91%，比上年末提高0.49个百分点。全年出生人口113万人，出生率8.89‰；死亡人口66万人，死亡率5.20‰；自然增长人口47万人，自然增长率3.69‰。需要说明的是，2024年广东新出生人口数量居全国第一。（记者李金磊）,5148417669205182,2025-03-26T12:04:48+08:00,2025-03,潮汕应该贡献不少[嘻嘻]
,5148407204417436,,,,,,,5148434525586283,2025-03-26T13:11:47+08:00,2025-03,有潮汕的大力支持[笑cry][笑cry][笑cry]
,5148407204417436,,,,,,,5148444861400132,2025-03-26T13:52:51+08:00,2025-03,不好意思，贡献了一个[笑cry]
,5148407204417436,,,,,,,5148455934364894,2025-03-26T14:36:51+08:00,2025-03,不好意思，贡献了一个崽[doge]
,5148407204417436,,,,,,,5148472873582823,2025-03-26T15:44:09+08:00,2025-03,我们家大力支持一个大侄子[嘻嘻]
,5148407204417436,,,,,,,5148465995975352,2025-03-26T15:16:50+08:00,2025-03,我广东东莞生一个，我周围的同学朋友也就最多2个，一般一个，要么40多岁还没打算结婚的
人民日报,5140975208366146,2025-03-05 23:11,2025-03,fertility,family_childrearing,育儿,【#你好，明天#】多渠道促进居民增收、落实和优化休假制度、发放育儿补贴，政府工作报告提到的“民生红包”，着眼公众关切，传递政策温度。惠民红包的“含金量”，不仅体现在政策精准度，更在于落实有力度。齐心协力把政策红利转化为获得感，让大家笑容更多、心里更暖。,5140977880139277,2025-03-05T23:21:44+08:00,2025-03,又了解了更多！晚安[比心心]
,5140975208366146,,,,,,,5140976272671254,2025-03-05T23:15:20+08:00,2025-03,晚安好梦[月亮]明天见啦[哇]
,5140975208366146,,,,,,,5140977750120127,2025-03-05T23:21:13+08:00,2025-03,祖国繁荣昌盛，国泰民安
,5140975208366146,,,,,,,5140978068358099,2025-03-05T23:22:29+08:00,2025-03,😴晚安😘[月亮][鲜花][鲜花][鲜花][心][心][心][心]一切为了人民[鲜花][鲜花]
,5140975208366146,,,,,,,5140975748907900,2025-03-05T23:13:16+08:00,2025-03,落实和优化休假制度[good]
人民日报,5143785836385231,2025-03-13 17:19,2025-03,fertility,family_childrearing|fertility,三孩|二孩|生育|育儿,【呼和浩特生育三孩发10万】3月13日，呼和浩特发布育儿补贴项目实施细则及服务流程：生育一孩一次性发放育儿补贴10000元；生育二孩发放育儿补贴50000元，按照每年10000元发放，直至孩子5周岁；生育三孩及以上发放育儿补贴100000元，按照每年10000元发放，直至孩子10周岁。如何申报、发放？一文了解↓↓O呼和浩特发布育儿补贴细则,5143786851664887,2025-03-13T17:23:35+08:00,2025-03,山东搞快点，要不然我娃就出生了[允悲]
,5143785836385231,,,,,,,5143838533879482,2025-03-13T20:48:57+08:00,2025-03,请问，发的钱是哪里来的？
,5143785836385231,,,,,,,5143837740372670,2025-03-13T20:45:48+08:00,2025-03,快来。。。再不来娃就要长大了
,5143785836385231,,,,,,,5143787621847388,2025-03-13T17:26:39+08:00,2025-03,对三胎家庭的大力支持。👨‍👩‍👧‍👦👨‍👩‍👧‍👦👏👏
,5143785836385231,,,,,,,5143823358366395,2025-03-13T19:48:39+08:00,2025-03,这才是给人民办实事给实惠，你别管人家生不生，你把政策给到位，生不生就有更多的选择，至少吃饭没问题
,5143785836385231,,,,,,,5143839044534459,2025-03-13T20:50:58+08:00,2025-03,快，我们苏州啥时候有，坐等[喵喵]
,5143785836385231,,,,,,,5143835450283158,2025-03-13T20:36:42+08:00,2025-03,重庆跟上[嘻嘻][嘻嘻][嘻嘻]我要二妹
,5143785836385231,,,,,,,5143821525189831,2025-03-13T19:41:21+08:00,2025-03,四川什么时候发放啊！
,5143785836385231,,,,,,,5143834909477421,2025-03-13T20:34:33+08:00,2025-03,哈尔滨搞快点，看看额度，生个2胎，
,5143785836385231,,,,,,,5143837450967074,2025-03-13T20:44:39+08:00,2025-03,那我这1月份生的孩儿还有没有[允悲]
,5143785836385231,,,,,,,5143819450059755,2025-03-13T19:33:07+08:00,2025-03,已经生了的还可以去申请补贴吗[嘻嘻][嘻嘻][嘻嘻]
,5143785836385231,,,,,,,5143828710298603,2025-03-13T20:09:55+08:00,2025-03,这个户籍要怎么算  在呼和浩特出生就可以吗
,5143785836385231,,,,,,,5143826302243336,2025-03-13T20:00:21+08:00,2025-03,安徽能不能跟紧步伐，我马上怀二胎[允悲]
,5143785836385231,,,,,,,5143830131119578,2025-03-13T20:15:34+08:00,2025-03,北京啥时候，我先找个对象[允悲]
,5143785836385231,,,,,,,5143854040220627,2025-03-13T21:50:33+08:00,2025-03,我5月份即将出生的崽崽赶上了！今天下午已经办好了工作证明，明天就去落户[打call][打call][打call]
,5143785836385231,,,,,,,5143831378664750,2025-03-13T20:20:31+08:00,2025-03,支持，河南搞快点，搞了我就生
,5143785836385231,,,,,,,5143787665101725,2025-03-13T17:26:49+08:00,2025-03,补贴可以 育儿政策更完善了
,5143785836385231,,,,,,,5143831864411466,2025-03-13T20:22:26+08:00,2025-03,@秦薇Felicity 呼和浩特喊你回家生娃了[允悲][允悲][允悲]
,5143785836385231,,,,,,,5143849380089338,2025-03-13T21:32:03+08:00,2025-03,对不管有没有补贴总要生第一个的来说，肯定是个利好；对犹豫要不要生第二或第三个的来说，也算个利好[偷笑]
,5143785836385231,,,,,,,5143853883983916,2025-03-13T21:49:57+08:00,2025-03,呼和浩特育儿补贴来了
,5143785836385231,,,,,,,5143828345391571,2025-03-13T20:08:28+08:00,2025-03,山西快啊，我马上40呀，我想要个女儿！
,5143785836385231,,,,,,,5143836508029133,2025-03-13T20:40:53+08:00,2025-03,广西搞快点，我准备生
,5143785836385231,,,,,,,5143815564300237,2025-03-13T19:17:41+08:00,2025-03,湖南搞快点，要不然我娃就出生了[允悲]
,5143785836385231,,,,,,,5143850432335137,2025-03-13T21:36:14+08:00,2025-03,河南走起来啊赶紧
,5143785836385231,,,,,,,5143865069929552,2025-03-13T22:34:24+08:00,2025-03,辽宁什么时候安排？[允悲]
,5143785836385231,,,,,,,5143852664488418,2025-03-13T21:45:05+08:00,2025-03,啥时候出生的孩子能有
,5143785836385231,,,,,,,5143852635395940,2025-03-13T21:44:59+08:00,2025-03,广西什么时候有，还有两个月生娃了
,5143785836385231,,,,,,,5143852424891622,2025-03-13T21:44:09+08:00,2025-03,河北河北河北赶紧的
,5143785836385231,,,,,,,5143852382687363,2025-03-13T21:43:59+08:00,2025-03,行吧，两周前刚生完[二哈]
,5143785836385231,,,,,,,5143849904373829,2025-03-13T21:34:07+08:00,2025-03,@恩施发布 @恩施州政府 什么时候轮到我们恩施呀[打call]
,5143785836385231,,,,,,,5143837501555123,2025-03-13T20:44:50+08:00,2025-03,@Liwentinger
,5143785836385231,,,,,,,5143824788620201,2025-03-13T19:54:19+08:00,2025-03,加油啊，大山东，今年准备要个三胎呢[允悲]
,5143785836385231,,,,,,,5143801804361836,2025-03-13T18:23:00+08:00,2025-03,@hesssss 有地方已经开始了
,5143785836385231,,,,,,,5143787244620156,2025-03-13T17:25:09+08:00,2025-03,已经转发给结了婚和即将结婚的同学
,5143785836385231,,,,,,,5143839222005820,2025-03-13T20:51:40+08:00,2025-03,我2月25日生的[允悲]
,5143785836385231,,,,,,,5143854153212148,2025-03-13T21:51:01+08:00,2025-03,可以考虑生，广东什么时候实施
,5143785836385231,,,,,,,5143787408197446,2025-03-13T17:25:48+08:00,2025-03,希望进一步提高补贴待遇让母亲们享有更多政策红利
,5143785836385231,,,,,,,5143849484687451,2025-03-13T21:32:28+08:00,2025-03,天津有没有，我正在犹豫要不要二胎
人民日报,5145458412097822,2025-03-18 08:05,2025-03,fertility,fertility,生育,【划重点！#促增收保休假这个方案与你有关#】近日，《提振消费专项行动方案》印发。休假、收入、生育、住房、养老、旅游……#9图了解提振消费专项行动方案#↓↓与你有关，收藏了解！,5145468562047031,2025-03-18T08:46:05+08:00,2025-03,希望能真正落实到位。不然请个年休假还要各种编理由[二哈][二哈][二哈][二哈]
,5145458412097822,,,,,,,5145709579601962,2025-03-19T00:43:49+08:00,2025-03,年休假10多年没修完了[泪][泪][泪]不让休
,5145458412097822,,,,,,,5145718533391151,2025-03-19T01:19:24+08:00,2025-03,落实到每一户企业谢谢[微笑]
,5145458412097822,,,,,,,5145810404905290,2025-03-19T07:24:28+08:00,2025-03,怎么提升就业率没说呢？[允悲]
,5145458412097822,,,,,,,5145459140332929,2025-03-18T08:08:40+08:00,2025-03,希望做好落实，让老百姓早日得到实惠。[作揖]
,5145458412097822,,,,,,,5145856215092349,2025-03-19T10:26:30+08:00,2025-03,多放点假，少加点班，什么都有了
,5145458412097822,,,,,,,5145831876855825,2025-03-19T08:49:47+08:00,2025-03,最近我们被迫996了[允悲]
,5145458412097822,,,,,,,5145804667094800,2025-03-19T07:01:40+08:00,2025-03,家电国补已经有了[赞]
,5145458412097822,,,,,,,5145657545069662,2025-03-18T21:17:03+08:00,2025-03,这个够霸气[打call]看了确实有点心动
,5145458412097822,,,,,,,5145461342342787,2025-03-18T08:17:25+08:00,2025-03,政策都是好政策，期待一个落实情况[哪吒嘟嘴]
,5145458412097822,,,,,,,5145459405881666,2025-03-18T08:09:42+08:00,2025-03,既开增收源，也促消费流。[赞][赞]👏👏
,5145458412097822,,,,,,,5145849950372502,2025-03-19T10:01:35+08:00,2025-03,落实休假制度真的很重要！
,5145458412097822,,,,,,,5145891863792191,2025-03-19T12:48:09+08:00,2025-03,银行带头跟国家对着干
,5145458412097822,,,,,,,5145872275606583,2025-03-19T11:30:19+08:00,2025-03,拼多多还在每天打底12小时，一周上6天呢，周日上班只给一倍工资。法定节假日也是打折，7天变5天，3天变2天，除了春节都没有三倍加班工资。什么时候来管管法外狂徒拼多多？
,5145458412097822,,,,,,,5145470419863402,2025-03-18T08:53:29+08:00,2025-03,希望早日落实到位
,5145458412097822,,,,,,,5146041494276762,2025-03-19T22:42:44+08:00,2025-03,只把一件事做好，就是生活本初的节奏，再忙再累的日子都会云淡风轻，再苦再咸的生活都不值一提。这种无法放弃的力量就来自于内心。
,5145458412097822,,,,,,,5145952465979775,2025-03-19T16:48:58+08:00,2025-03,很有必要了解一下[坏笑]关键是能落实到位[鼓掌]#9图了解提振消费专项行动方案#
,5145458412097822,,,,,,,5145887009673067,2025-03-19T12:28:52+08:00,2025-03,求求了，有没有人管管民企啊！[苦涩][苦涩][苦涩] 周末写字楼能不能都强制断电啊
,5145458412097822,,,,,,,5145846250736592,2025-03-19T09:46:54+08:00,2025-03,希望能实现吧 私企是很难...
,5145458412097822,,,,,,,5145843586302298,2025-03-19T09:36:18+08:00,2025-03,不提升就业率！白搭
,5145458412097822,,,,,,,5145839720466757,2025-03-19T09:20:57+08:00,2025-03,最喜欢休假那一条！
,5145458412097822,,,,,,,5145836670158856,2025-03-19T09:08:50+08:00,2025-03,都能落地实施就好啦
,5145458412097822,,,,,,,5145809206641791,2025-03-19T07:19:41+08:00,2025-03,[鼓掌][鼓掌][鼓掌]期待各项落地性方案的颁布[哇][哇][哇]
,5145458412097822,,,,,,,5145777773216259,2025-03-19T05:14:48+08:00,2025-03,与你有关，收藏了解！ #促增收保休假这个方案与你有关# 
,5145458412097822,,,,,,,5145709796918689,2025-03-19T00:44:41+08:00,2025-03,支持一系列提振消费举措，其中很多都是让普通百姓受益的好消息[赞]
,5145458412097822,,,,,,,5145708177133295,2025-03-19T00:38:15+08:00,2025-03,支持支持支持！希望可以落实到位[拳头][拳头][拳头]#9图了解提振消费专项行动方案# 
,5145458412097822,,,,,,,5145704617214371,2025-03-19T00:24:05+08:00,2025-03,#9图了解提振消费专项行动方案# #促增收保休假这个方案与你有关# 
,5145458412097822,,,,,,,5145687012678290,2025-03-18T23:14:09+08:00,2025-03,#9图了解提振消费专项行动方案# .#促增收保休假这个方案与你有关# .先卷走收藏了～等空闲的时候仔细看看，希望好的方案可以尽快实行！！！！！！🙏🙏
,5145458412097822,,,,,,,5145684081905057,2025-03-18T23:02:30+08:00,2025-03,今日转载～爱就一个字：增收促消费#提振消费专项行动方案印发# 
,5145458412097822,,,,,,,5145681006431150,2025-03-18T22:50:17+08:00,2025-03,中小学春秋假不错，可以带孩子旅游
,5145458412097822,,,,,,,5145671989463342,2025-03-18T22:14:27+08:00,2025-03,我会努力赚钱消费的[允悲]
,5145458412097822,,,,,,,5145664817988898,2025-03-18T21:45:57+08:00,2025-03,和我们的日常生活息息相关！希望可以落实！
,5145458412097822,,,,,,,5145656362278330,2025-03-18T21:12:21+08:00,2025-03,弱弱问句：促进工资性收入是指企业会给涨工资吗？我入职三年多都没给涨过[泪]
,5145458412097822,,,,,,,5145537361481623,2025-03-18T13:19:29+08:00,2025-03,能不能落实到位#促增收保休假这个方案与你有关# 
,5145458412097822,,,,,,,5145522618504607,2025-03-18T12:20:54+08:00,2025-03,休息日按基础工资1.5倍加班费违法吗？
,5145458412097822,,,,,,,5145492809319362,2025-03-18T10:22:26+08:00,2025-03,休假、收入、生育、住房、养老、旅游……与你有关，收藏了解！​​​#六部门详解最新提振消费方案#
,5145458412097822,,,,,,,5145490107400656,2025-03-18T10:11:42+08:00,2025-03,希望可以落实到位
,5145458412097822,,,,,,,5145489881173490,2025-03-18T10:10:49+08:00,2025-03,#9图了解提振消费专项行动方案# 仔细看看#促增收保休假这个方案与你有关# 
人民日报,5145534693377608,2025-03-18 13:08,2025-03,fertility,fertility,生育,【免申即享，#江苏大部地区生育津贴直发个人账户#】#生育津贴如何计算#？这是江苏省的实践经验↓↓↓据介绍，#江苏大部地区女职工产假结束生育津贴自动到账#。（人民日报记者白光迪）O江苏大部分地区实现生育津贴“免申即享”,5145548618993622,2025-03-18T14:04:13+08:00,2025-03,看的都冲动了呢～能不能生个女儿哈哈哈哈
,5145534693377608,,,,,,,5145540576939920,2025-03-18T13:32:16+08:00,2025-03,#江苏大部地区生育津贴直发个人账户#这也太好了，给江苏点赞！
,5145534693377608,,,,,,,5145537789034725,2025-03-18T13:21:10+08:00,2025-03,是应该多给生育女性一些福利和照顾[赞]
,5145534693377608,,,,,,,5145588635797925,2025-03-18T16:43:14+08:00,2025-03,感谢党感谢cctv感谢路边的鸭子跟小狗[打call][打call][打call]
,5145534693377608,,,,,,,5145573482302890,2025-03-18T15:43:01+08:00,2025-03,不错，果然让人心动
,5145534693377608,,,,,,,5145536014846996,2025-03-18T13:14:08+08:00,2025-03,经过中间商必有降价。[赞]
,5145534693377608,,,,,,,5145570310620492,2025-03-18T15:30:25+08:00,2025-03,啊，苏州的不还是发到单位账户上的吗
,5145534693377608,,,,,,,5145534927733954,2025-03-18T13:09:49+08:00,2025-03,这个好，我们还得单位去走流程
,5145534693377608,,,,,,,5145567622333216,2025-03-18T15:19:44+08:00,2025-03,所以大部分地区是指哪些地区[doge]弄不懂
,5145534693377608,,,,,,,5145559360081872,2025-03-18T14:46:54+08:00,2025-03,挺好的，少好多麻烦事
,5145534693377608,,,,,,,5145592470177357,2025-03-18T16:58:28+08:00,2025-03,给这点钱，不够塞牙缝的
,5145534693377608,,,,,,,5206369687045471,2025-09-02T10:05:26+08:00,2025-09,都9月了，常州还是发给单位账户呀
,5145534693377608,,,,,,,5181386866300339,2025-06-25T11:32:37+08:00,2025-06,这个大部分地区，不包括江苏淮安[笑cry]
,5145534693377608,,,,,,,5145947882131220,2025-03-19T16:30:45+08:00,2025-03,没用，老板今天还说产假就98天
,5145534693377608,,,,,,,5145824033771256,2025-03-19T08:18:37+08:00,2025-03,江苏省淮安市淮安区怎么不是免申？
,5145534693377608,,,,,,,5145820563768576,2025-03-19T08:04:50+08:00,2025-03,请问大宝3岁了，生大宝的时候，媳妇没有生育津贴，现在还可以申请用男方的报吗？
,5145534693377608,,,,,,,5145621306021434,2025-03-18T18:53:03+08:00,2025-03,常州生育津贴有多少
,5145534693377608,,,,,,,5145595308149942,2025-03-18T17:09:45+08:00,2025-03,南通不是，所以哪里大部分
,5145534693377608,,,,,,,5145587956844127,2025-03-18T16:40:32+08:00,2025-03,大部分地区不包括南京对吗？
,5145534693377608,,,,,,,5145586027464732,2025-03-18T16:32:52+08:00,2025-03,今年享受到了无创基因检测进医保，网上看1000多，走医保只花了200出头，下面就看生育津贴到底拿到多少了
,5145534693377608,,,,,,,5145585174972660,2025-03-18T16:29:29+08:00,2025-03,所以有苏州吴中吗[doge][doge][doge]月底生[doge]
,5145534693377608,,,,,,,5145579130717857,2025-03-18T16:05:28+08:00,2025-03,刚电话咨询社区，苏州没有，还是到公司再到个人。另外二胎没有任何补贴，和原来一胎一样
,5145534693377608,,,,,,,5145578254894126,2025-03-18T16:01:59+08:00,2025-03,这个大部分敢不敢说出来是哪些[喵喵]
,5145534693377608,,,,,,,5145577176957202,2025-03-18T15:57:41+08:00,2025-03,自由职业为啥不能交生育险？
,5145534693377608,,,,,,,5145554797202621,2025-03-18T14:28:46+08:00,2025-03,不在公司上班的，交了灵活就业保险的有没有
,5145534693377608,,,,,,,5145548542448696,2025-03-18T14:03:55+08:00,2025-03,先把教育有关问题赶紧解决吧
,5145534693377608,,,,,,,5145539550383591,2025-03-18T13:28:11+08:00,2025-03,湖南也赶紧安排上呀
央视新闻,5141572955148840,2025-03-07 14:46,2025-03,fertility,family_childrearing,育儿,#育儿补贴会有直接惠民措施#【#正起草育儿补贴方案#】#两会#3月7日，国家卫生健康委员会主任雷海潮在参加十四届全国人大三次会议江苏代表团开放团组会议时透露，国家卫生健康委正在会同有关部门起草相关育儿补贴的操作方案，届时大家会看到在育儿补贴方面会有直接的惠民的措施和相应的政策安排。,5141597810066133,2025-03-07T16:25:06+08:00,2025-03,最实在的就是把钱补贴到妈妈手上[允悲][允悲][允悲]
,5141572955148840,,,,,,,5141604931473543,2025-03-07T16:53:25+08:00,2025-03,如果幼儿园免费还可以，跟小学一样
,5141572955148840,,,,,,,5141604114109168,2025-03-07T16:50:10+08:00,2025-03,实行十二年义务教育，让每个孩子都接受教育到成人
,5141572955148840,,,,,,,5141604604053562,2025-03-07T16:52:07+08:00,2025-03,娃娃用的东西降价就行
,5141572955148840,,,,,,,5141599153033805,2025-03-07T16:30:27+08:00,2025-03,期待赶紧补贴幼儿园学费吧这个最实在
,5141572955148840,,,,,,,5141603749467813,2025-03-07T16:48:43+08:00,2025-03,再不快点小孩都要长大了
,5141572955148840,,,,,,,5141600833635965,2025-03-07T16:37:08+08:00,2025-03,育儿假多放几天。幼儿园降低收费🙏
,5141572955148840,,,,,,,5141603469230243,2025-03-07T16:47:35+08:00,2025-03,希望多一些公立幼儿园
,5141572955148840,,,,,,,5141598284287567,2025-03-07T16:27:00+08:00,2025-03,学龄前幼稚园应该免费，以解孩子家长的后顾之忧。
,5141572955148840,,,,,,,5141599931859812,2025-03-07T16:33:33+08:00,2025-03,快点正式发布，我刚怀上[doge]
,5141572955148840,,,,,,,5141597546355108,2025-03-07T16:24:04+08:00,2025-03,希望育儿补贴早日落实到百姓身边 祝愿国泰民安 繁荣昌盛
,5141572955148840,,,,,,,5141596807890378,2025-03-07T16:21:08+08:00,2025-03,每个月能省个尿不湿钱也好
,5141572955148840,,,,,,,5141602804697084,2025-03-07T16:44:58+08:00,2025-03,今年9月份上小学的还能赶上么
,5141572955148840,,,,,,,5141597805874719,2025-03-07T16:25:06+08:00,2025-03,快点吧要赶不上了
,5141572955148840,,,,,,,5141601333022378,2025-03-07T16:39:07+08:00,2025-03,非常需要育儿补贴以应对人口的未来发展
,5141572955148840,,,,,,,5141599727391165,2025-03-07T16:32:44+08:00,2025-03,孩子5岁半了，还能享受吗
,5141572955148840,,,,,,,5141599466816091,2025-03-07T16:31:41+08:00,2025-03,太好了，直接补贴钱才是真的利民
,5141572955148840,,,,,,,5141604345057937,2025-03-07T16:51:05+08:00,2025-03,这个真的太需要了[允悲][允悲][允悲]
,5141572955148840,,,,,,,5141597910994248,2025-03-07T16:25:31+08:00,2025-03,什么时候生的可以育儿补贴啊！快点出呗
,5141572955148840,,,,,,,5141598616162760,2025-03-07T16:28:19+08:00,2025-03,望补贴方案能多参考地方已有政策，结合实际，考虑不同地区、不同家庭的情况，让补贴真正发挥作用。
,5141572955148840,,,,,,,5141604659104026,2025-03-07T16:52:20+08:00,2025-03,希望更多更好的建议被采纳。
,5141572955148840,,,,,,,5141585276960929,2025-03-07T15:35:18+08:00,2025-03,希望尽快实施，我们可以早点享受好政策！
,5141572955148840,,,,,,,5141602284864172,2025-03-07T16:42:53+08:00,2025-03,我娃幼儿园还有2年，坐等[单身狗]
,5141572955148840,,,,,,,5141596639073909,2025-03-07T16:20:28+08:00,2025-03,[爱你][爱你]希望能推出真正落到实处的政策🙏
,5141572955148840,,,,,,,5141579338879700,2025-03-07T15:11:43+08:00,2025-03,发展新时代优质起草
,5141572955148840,,,,,,,5141604377822288,2025-03-07T16:51:13+08:00,2025-03,"快点吧,孩子都中班了"
,5141572955148840,,,,,,,5141600524567038,2025-03-07T16:35:53+08:00,2025-03,托管补贴，幼儿园免费[微笑]
,5141572955148840,,,,,,,5141604239416126,2025-03-07T16:50:40+08:00,2025-03,我刚怀孕能赶上上吗
,5141572955148840,,,,,,,5141598247323814,2025-03-07T16:26:51+08:00,2025-03,尽快起草尽早落实，快生娃了
,5141572955148840,,,,,,,5141598723902328,2025-03-07T16:28:45+08:00,2025-03,24年生的还能领取补贴吗[泪][泪][泪]
,5141572955148840,,,,,,,5141598010867871,2025-03-07T16:25:54+08:00,2025-03,产检免费，产假延长[苦涩][苦涩][苦涩]
央视新闻,5142591788550392,2025-03-10 10:14,2025-03,fertility,family_childrearing|fertility,生育|育儿,【全国政协委员朱同玉：#建议育儿补贴考虑不同地区收入水平##增加育龄女性就业友好度#】目前，国家卫生健康委正会同有关部门起草相关育儿补贴的操作方案。对此，全国政协委员、复旦大学上海医学院副院长朱同玉建议，探索由财政支持、资金来源多元化的育儿补贴制度，并根据不同地区收入水平进行调整。同时，他还提到，应增加育龄女性的就业友好度和社会托育服务供给，营造全社会尊重生育、支持生育的良好氛围↓↓（总台记者史迎春黄政龙）L央视新闻的微博视频,5142614349451187,2025-03-10T11:44:29+08:00,2025-03,我觉得这个委员说的很有道理啊，生育补贴可能在西部地区发挥的作用更明显。像一线城市很多人在意的可能并不是那个补贴的钱，女性更在意对自己职业生涯及人生自由的影响，所以更应该从就业等其他方面来改善这个情况
,5142591788550392,,,,,,,5142611358646403,2025-03-10T11:32:35+08:00,2025-03,各个地区都有高收入和低收入人群，只不过是占比不同，应该按家庭收入水平算，制定一条水平线，根据这个水平线界定补贴，收入高补贴低一点，收入低补贴高一点
,5142591788550392,,,,,,,5142608876667288,2025-03-10T11:22:43+08:00,2025-03,#建议育儿补贴考虑不同地区收入水平#这个提议比较实在[good]
,5142591788550392,,,,,,,5142607547073619,2025-03-10T11:17:26+08:00,2025-03,因地制宜，是比较合适的落地方法。可以有效的针对不同地区的群众进行补贴。是个好建议[抱一抱]#建议育儿补贴考虑不同地区收入水平# #增加育龄女性就业友好度# 
,5142591788550392,,,,,,,5142606687767074,2025-03-10T11:14:02+08:00,2025-03,#建议育儿补贴考虑不同地区收入水平#朱同玉委员关于“育儿差异化补贴+就业托育双支撑”的建议，折射出中国生育政策的转向——在人口结构加速变化的当下，单纯的经济补贴作用不大，而社会资源分配、性别平等与代际公平的系统性重构才是根本。 建立分级育儿补贴制度，本质是对“生育成本社会共担”原则的
,5142591788550392,,,,,,,5142592406162085,2025-03-10T10:17:17+08:00,2025-03,希望育儿补贴政策能尽快落实到各地区，减轻家庭育儿压力，促进地区消费。虽然我享受不到😂
,5142591788550392,,,,,,,5142598546360243,2025-03-10T10:41:41+08:00,2025-03,建议实行专项补贴 根据收入
,5142591788550392,,,,,,,5142594801111989,2025-03-10T10:26:48+08:00,2025-03,好政策应有好落实
,5142591788550392,,,,,,,5142624333207139,2025-03-10T12:24:09+08:00,2025-03,建议按照孩子年龄发
,5142591788550392,,,,,,,5142616141993161,2025-03-10T11:51:36+08:00,2025-03,按高标准全国统一
,5142591788550392,,,,,,,5142607420721037,2025-03-10T11:16:57+08:00,2025-03,这个政策好！发达城市压力大，多补贴一些
,5142591788550392,,,,,,,5142606082739181,2025-03-10T11:11:38+08:00,2025-03,@央视新闻: 【全国政协委员朱同玉：#建议育儿补贴考虑不同地区收入水平##增加育龄女性就业友好度#】#蜀安之声#
新华社,5140773809424371,2025-03-05 09:50,2025-03,fertility,family_childrearing|fertility,生育|育儿,【政府工作报告说，制定促进生育政策，#发放育儿补贴#】两会新华社快讯：政府工作报告说，制定促进生育政策，发放育儿补贴，大力发展托幼一体服务，增加普惠托育服务供给。#全国两会时光#,5140779950672028,2025-03-05T10:15:14+08:00,2025-03,赶紧通过，现在养个娃太费钱了[笑cry]
,5140773809424371,,,,,,,5140781165969464,2025-03-05T10:20:03+08:00,2025-03,去年刚生小孩，快点发[doge]
,5140773809424371,,,,,,,5140788724107654,2025-03-05T10:50:06+08:00,2025-03,抓紧发，再不发要长大了
,5140773809424371,,,,,,,5140792007985315,2025-03-05T11:03:09+08:00,2025-03,这个育儿补贴看从几岁开始发，到几岁。我这老二都快上小学了[笑cry]不知道能赶上不
,5140773809424371,,,,,,,5140780633035002,2025-03-05T10:17:57+08:00,2025-03,#发放育儿补贴# 政策快点出啊，我孩子都快长大了
,5140773809424371,,,,,,,5140794931678693,2025-03-05T11:14:46+08:00,2025-03,实实在在的好政策，感谢[good][good][good]
,5140773809424371,,,,,,,5140786635081251,2025-03-05T10:41:48+08:00,2025-03,刚生半个月，赶紧发[送花花]
,5140773809424371,,,,,,,5140777837006834,2025-03-05T10:06:50+08:00,2025-03,这个可得抓点紧了
,5140773809424371,,,,,,,5140792368961272,2025-03-05T11:04:35+08:00,2025-03,快点推进，等下小孩长大了🙃
,5140773809424371,,,,,,,5140781079467594,2025-03-05T10:19:43+08:00,2025-03,希望育儿补贴尽快落实 [打call][打call][打call]
,5140773809424371,,,,,,,5140811424728607,2025-03-05T12:20:18+08:00,2025-03,发展托幼太有必要了，现在去私立的托育一个月快四千，还只是福州的一个县城，太贵了，公立学校能开设就好了
,5140773809424371,,,,,,,5140789122303125,2025-03-05T10:51:41+08:00,2025-03,老二才两个多月，赶紧发
,5140773809424371,,,,,,,5140813961499717,2025-03-05T12:30:23+08:00,2025-03,产检能不能免费，或者直接报销
,5140773809424371,,,,,,,5140811932764441,2025-03-05T12:22:19+08:00,2025-03,上班，没空接小孩放学。学校能不能托管到七点啊，管小孩吃晚饭。[允悲][允悲]
,5140773809424371,,,,,,,5140869707989230,2025-03-05T16:11:53+08:00,2025-03,#发放育儿补贴# 作为一个正在育儿的奶爸，这是千呼万唤始出来的政策。育儿补贴可以参考的国家案例很多，主要目的就是减负，也可以刺激消费，要知道，这个补贴发放出来，是会转化成对孩子各方面的投入消费的。这对于当前经济刺激，是正向的。
,5140773809424371,,,,,,,5140777286763184,2025-03-05T10:04:39+08:00,2025-03,怎么发放 我们是河南洛阳栾川的
,5140773809424371,,,,,,,5140813795040456,2025-03-05T12:29:43+08:00,2025-03,去年8月生的娃，育儿补贴在哪都不知道，上个月才发到2024年一季度的，估计要等到年底吧[二哈]
,5140773809424371,,,,,,,5140784320348481,2025-03-05T10:32:35+08:00,2025-03,希望尽快落实，钱发到父母手中[作揖]
,5140773809424371,,,,,,,5140813941051272,2025-03-05T12:30:18+08:00,2025-03,这个育儿补贴看从几岁开始发，到几岁。我家老三九月份开始上幼儿园了[嘻嘻][嘻嘻][嘻嘻]不知道能赶上不[哈哈]
,5140773809424371,,,,,,,5140813239552786,2025-03-05T12:27:31+08:00,2025-03,发放育儿补贴，那可是好消息，希望早点看到狠狠落实下去的那一天
,5140773809424371,,,,,,,5140803421996471,2025-03-05T11:48:30+08:00,2025-03,育儿补贴和托育服务超贴心，为生育助力点赞！
,5140773809424371,,,,,,,5140851265112373,2025-03-05T14:58:37+08:00,2025-03,建议全国推行上幼儿园免费[doge]
,5140773809424371,,,,,,,5140859586609364,2025-03-05T15:31:40+08:00,2025-03,感谢政府，希望尽快落地
,5140773809424371,,,,,,,5140852318407360,2025-03-05T15:02:48+08:00,2025-03,看怎么发了，成本从哪里来，哪个收入水平的群体受益更大。
,5140773809424371,,,,,,,5140812549327573,2025-03-05T12:24:46+08:00,2025-03,小孩今年上小学了，能不能给我补发[泪]
,5140773809424371,,,,,,,5140811835245512,2025-03-05T12:21:56+08:00,2025-03,赶紧吧，发布了就生老二[doge][doge]
,5140773809424371,,,,,,,5140789034747431,2025-03-05T10:51:20+08:00,2025-03,赶快落实，这就要二胎[哈哈]
,5140773809424371,,,,,,,5140788119864092,2025-03-05T10:47:42+08:00,2025-03,抓紧落实，我好再生一个
,5140773809424371,,,,,,,5140811771546552,2025-03-05T12:21:41+08:00,2025-03,希望快点通过，二胎刚两个月[哇]
,5140773809424371,,,,,,,5140811445438549,2025-03-05T12:20:23+08:00,2025-03,我能赶上吗？娃现在1岁多[允悲][允悲][允悲]
,5140773809424371,,,,,,,5140850499129294,2025-03-05T14:55:34+08:00,2025-03,我们这儿已经实行了，到三周岁
,5140773809424371,,,,,,,5140813026689880,2025-03-05T12:26:39+08:00,2025-03,#发放育儿补贴# #全国两会时光# 
,5140773809424371,,,,,,,5140792592829323,2025-03-05T11:05:28+08:00,2025-03,支持，赶紧落实，准备二胎了[哈哈]
,5140773809424371,,,,,,,5140792520218339,2025-03-05T11:05:11+08:00,2025-03,我家老二都三岁多了，是不是完美错过了[允悲]
,5140773809424371,,,,,,,5140788150538432,2025-03-05T10:47:49+08:00,2025-03,快点啊，马上要生了
,5140773809424371,,,,,,,5140787098029231,2025-03-05T10:43:38+08:00,2025-03,抓紧 我娃儿要长大了
,5140773809424371,,,,,,,5140787008903704,2025-03-05T10:43:17+08:00,2025-03,去年生的，还可以享受吗[打call]
,5140773809424371,,,,,,,5140874854925401,2025-03-05T16:32:21+08:00,2025-03,#两会观察团##全国两会#政府拟发放育儿补贴，意图减轻家庭负担，提升生育意愿。网友们纷纷热议，若补贴力度足够，不仅二胎，三胎、四胎也不在话下。当然，想办法提高我们的收入也是一中极大的鼓励。作为人口大国，我们如何在保障质量的同时提升数量？ ​​​
,5140773809424371,,,,,,,5140859729479878,2025-03-05T15:32:15+08:00,2025-03,促进生育，很重要的一点就是要彻底解决生育男女的负担，卸掉他们的思想包袱，这种负担一方面是经济负担，一方面是思想负担，经济负担是生得起养不起，思想负担就是不敢生，现在的年轻人不敢生很大的一个原因就是如此，如果能从根本上解决他们的负担，彻底卸掉他们的思想包袱，有效促进生育理应是完全没
,5140773809424371,,,,,,,5140788585959389,2025-03-05T10:49:33+08:00,2025-03,@欢妹Ariel 林子可以除了生育津贴还有育儿补贴 了
,5140773809424371,,,,,,,5140779627710089,2025-03-05T10:13:57+08:00,2025-03,吉林什么时候执行吖[笑cry]
,5140773809424371,,,,,,,5140813819942520,2025-03-05T12:29:49+08:00,2025-03,实实在在的好政策[哈哈][哈哈]
,5140773809424371,,,,,,,5140803031138921,2025-03-05T11:46:57+08:00,2025-03,有真真正正解决父母们的“后顾之忧”[打call]
,5140773809424371,,,,,,,5140853803452405,2025-03-05T15:08:42+08:00,2025-03,老二都上学了，还能赶上吗？
,5140773809424371,,,,,,,5140853316130212,2025-03-05T15:06:46+08:00,2025-03,赶紧出啊，现在备孕呢
,5140773809424371,,,,,,,5140852213810181,2025-03-05T15:02:23+08:00,2025-03,赶紧发，再落实一下育儿假
,5140773809424371,,,,,,,5140851340607871,2025-03-05T14:58:54+08:00,2025-03,快点通过，这二宝明年就3岁了，要上幼儿园了
,5140773809424371,,,,,,,5140850452726433,2025-03-05T14:55:23+08:00,2025-03,最好可以育儿到6岁
,5140773809424371,,,,,,,5140813140199121,2025-03-05T12:27:07+08:00,2025-03,补发一下，娃娃大的
,5140773809424371,,,,,,,5140813073616965,2025-03-05T12:26:51+08:00,2025-03,家俩娃 都还没上幼儿园[打call][打call]
,5140773809424371,,,,,,,5140812486410621,2025-03-05T12:24:30+08:00,2025-03,快点 娃都三岁半了
,5140773809424371,,,,,,,5140811131129116,2025-03-05T12:19:08+08:00,2025-03,快发吧，我孩儿刚四个月
,5140773809424371,,,,,,,5140803156709273,2025-03-05T11:47:27+08:00,2025-03,刚生  希望赶紧落实[允悲]
,5140773809424371,,,,,,,5140792494525216,2025-03-05T11:05:05+08:00,2025-03,娃娃快出生了 快点发
新华社,5145249790300990,2025-03-17 18:16,2025-03,fertility,family_childrearing,育儿,#育儿补贴劳动工资等政策将陆续出台#【国家发展改革委：育儿补贴、劳动工资等提振消费配套政策将陆续出台】国家发展改革委副主任李春临17日在国新办发布会上表示，中共中央办公厅、国务院办公厅近日印发的《提振消费专项行动方案》针对需求侧特别是居民增收减负，提出了育儿补贴、劳动工资等政策，相关职能部门正在积极加紧制定和推出，后续会陆续出台。　　李春临说，方案是一个牵头管总的综合性文件，出台过程中汇集了30多个部门的政策合力，是集众智、汇众力出台的文件，后续落实需要相关部门共同发力。相关部门正在研究财税、商贸、金融等领域有利于促进消费的政策。国家卫生健康委已经在起草育儿补贴具体操作方案，其他诸如扩大住房公积金使用范围、农村低收入人口提能增收行动等，相关职能部门也在积极推进。　　“我们将更好发挥统筹协调作用，进一步凝聚共识，推动部门加快研究制定分领域的配套政策，使方案各项举措能够真正落地见效。”李春临说。（记者：严赋憬魏玉坤）,5145249875493585,2025-03-17T18:17:07+08:00,2025-03,期待育儿补贴、劳动工资等政策能切实落地，为民众减负增收，激活消费潜力。
,5145249790300990,,,,,,,5145253025154621,2025-03-17T18:29:38+08:00,2025-03,最有用的是劳动法能执行
中国新闻网,5175939031894314,2025-06-10 10:44,2025-06,fertility,family_childrearing,育儿,【财政部：#抓紧建立实施育儿补贴制度#】财政部社会保障司负责人葛志昊10日在国新办发布会上表示，抓紧建立实施育儿补贴制度，有关工作正在加快推进。（记者李金磊）,5175947616587913,2025-06-10T11:18:59+08:00,2025-06,就问今年内育儿补贴政策能实施吗？补贴多大力度
中国新闻网,5193428969197272,2025-07-28 17:03,2025-07,both,family_childrearing|fertility|marriage,家庭|对象|生育|育儿,【#育儿补贴政策来了#】#3岁以下每孩每年补贴3600元#中共中央办公厅、国务院办公厅今天（28日）发布《育儿补贴制度实施方案》，育儿补贴是在全国全面向群众发放现金补贴，具有开创性意义。《实施方案》明确了总体要求和四个方面的工作要求：要做到坚持改善民生、惠民利民，有效降低家庭生育养育成本；坚持统筹衔接、保障公平，与现行民生政策相衔接，确保符合条件的婴幼儿平等享受补贴；坚持尽力而为、量力而行，统筹考虑人口发展状况和经济社会发展水平，合理确定补贴范围和标准，确保财政可负担、政策可持续；坚持安全规范、简便易行，严格资格审核，规范发放流程，提高办事效率，确保资金安全，切实把好事办好。补贴对象和标准《实施方案》明确了补贴对象和标准，育儿补贴制度从2025年1月1日起，对符合法律法规规定生育的3周岁以下婴幼儿发放补贴，育儿补贴按年发放，现阶段国家基础标准为每孩每年3600元，发放补贴至婴幼儿年满3周岁。其中，对2025年1月1日之前出生、不满3周岁的婴幼儿，按应补贴月数折算计发补贴。对按照育儿补贴制度规定发放的育儿补贴免征个人所得税。在最低生活保障对象、特困人员等救助对象认定时，育儿补贴不计入家庭或个人收入。#3岁以下婴幼儿每年补贴3600元#,5193809090843680,2025-07-29T18:14:06+08:00,2025-07,这表不对啊，出生月份越早领的越多才对
,5193428969197272,,,,,,,5193448740619843,2025-07-28T18:22:12+08:00,2025-07,说了这么多，怎么领
,5193428969197272,,,,,,,5193447578537194,2025-07-28T18:17:35+08:00,2025-07,我小孩2025年出生的，怎么领
,5193428969197272,,,,,,,5193437812883879,2025-07-28T17:38:46+08:00,2025-07,我的独生子女补贴啥时候给？
,5193428969197272,,,,,,,5193429768211556,2025-07-28T17:06:49+08:00,2025-07,咋领啊，老大7月份刚3岁，老二刚5个多月。
,5193428969197272,,,,,,,5193499498512907,2025-07-28T21:43:53+08:00,2025-07,育儿补贴信息管理系统是哪里，从哪里进
,5193428969197272,,,,,,,5241915517700824,2025-12-09T12:11:52+08:00,2025-12,想问一下这个育儿补贴政策和地方的二胎补贴政策会冲突么
,5193428969197272,,,,,,,5193681210705900,2025-07-29T09:45:57+08:00,2025-07,如果是外嫁外籍男性的不应给补贴，毕竟现在土著适龄人口男多女少，加上一些外国男性觉得亚裔女华女会崇拜外男，所以很多母国混不下去的平庸甚至低质量男老外都会想着猎艳华女
中国新闻网,5193429992604432,2025-07-28 17:07,2025-07,fertility,family_childrearing,育儿,【转发了解！#育儿补贴如何申领和发放#】在申领程序上，育儿补贴由婴幼儿的父母一方或其他监护人按规定向婴幼儿户籍所在地申领。主要通过育儿补贴信息管理系统线上申请，也可线下申请。育儿补贴的发放渠道为申领人或婴幼儿的银行卡或其他金融账户，鼓励通过惠民惠农财政补贴资金“一卡通”或婴幼儿的社会保障卡发放。各省份结合实际确定具体发放时间，提高发放效率，确保补贴及时足额发放到位。《实施方案》明确了育儿补贴的信息管理要求，以及对育儿补贴制度的实施进行全程监督。《实施方案》要求加强组织领导，各地制定实施方案报国家卫生健康委、财政部备案，做好政策衔接，增强实施效果。（央视）#育儿补贴标准如何设定##3岁以下婴幼儿每年补贴3600元#O国家育儿补贴方案六大热点问答,5193455668298794,2025-07-28T18:49:44+08:00,2025-07,算一下，省着点刚刚好是年奶粉钱的平均价，还真的是国家发奶粉钱[嘻嘻]
,5193429992604432,,,,,,,5193430720317925,2025-07-28T17:10:36+08:00,2025-07,国家政策暖人心，育儿补贴助成长！为这项惠民政策点赞，切实减轻家庭负担，让更多家庭敢生、愿生、优生！
,5193429992604432,,,,,,,5193477551033144,2025-07-28T20:16:41+08:00,2025-07,建议补贴到18岁[无聊][无聊][无聊][无聊]
,5193429992604432,,,,,,,5193455124614125,2025-07-28T18:47:34+08:00,2025-07,是所有人都能领还是困难户
,5193429992604432,,,,,,,5193498378635631,2025-07-28T21:39:27+08:00,2025-07,从数字上看，补贴金额或许有限，但其意义远不止于此。它是一种信号，一种引导，一种对未来育儿环境的积极塑造。这是一场由政策引领的社会变革，其影响将随着时间的推移而逐渐显现。#3岁以下婴幼儿每年补贴3600元#
,5193429992604432,,,,,,,5193475454405304,2025-07-28T20:08:21+08:00,2025-07,去哪申请啊没有这个系统啊
,5193429992604432,,,,,,,5193484164402655,2025-07-28T20:42:58+08:00,2025-07,23年11月22日出生的领到3周岁是多少钱？
,5193429992604432,,,,,,,5193472715523203,2025-07-28T19:57:28+08:00,2025-07,贵州的有人领到了没有
,5193429992604432,,,,,,,5193631218270386,2025-07-29T06:27:18+08:00,2025-07,够喝2个补拜的奶粉，小男孩最多喝10天。
,5193429992604432,,,,,,,5193477724045834,2025-07-28T20:17:21+08:00,2025-07,江西怎么领？有人领到了吗？
,5193429992604432,,,,,,,5193463919808238,2025-07-28T19:22:31+08:00,2025-07,2022年，1月10出生的就没有
,5193429992604432,,,,,,,5193460273649257,2025-07-28T19:08:02+08:00,2025-07,补贴系统在哪里呢？江西的
,5193429992604432,,,,,,,5193459725763765,2025-07-28T19:05:51+08:00,2025-07,没懂 为啥出生的越晚的金额越高22年开始的最少 是怎么算的
,5193429992604432,,,,,,,5196353636402359,2025-08-05T18:45:12+08:00,2025-08,我能说奶粉纸尿裤都跟着提价了吗
,5193429992604432,,,,,,,5194046685056856,2025-07-30T09:58:13+08:00,2025-07,为什么卡到21年呀，看不起21年吗 我就差十天就能领，现在一毛没有
,5193429992604432,,,,,,,5193514413723875,2025-07-28T22:43:10+08:00,2025-07,义务教育能彻底免费吗？
,5193429992604432,,,,,,,5193506261308503,2025-07-28T22:10:46+08:00,2025-07,是不是只有在小孩户口所在地，父母双方有一方社保交满一年才满足条件
,5193429992604432,,,,,,,5193503785363916,2025-07-28T22:00:56+08:00,2025-07,2022年5月出生的是不是没有了
,5193429992604432,,,,,,,5193498118854214,2025-07-28T21:38:25+08:00,2025-07,那4-18岁的没补助吗？
,5193429992604432,,,,,,,5193485533317582,2025-07-28T20:48:24+08:00,2025-07,育儿补助和二胎补助能同时领不
,5193429992604432,,,,,,,5193481383317229,2025-07-28T20:31:55+08:00,2025-07,看明白了 主要是什么时候开放申领呢
,5193429992604432,,,,,,,5193478419516888,2025-07-28T20:20:08+08:00,2025-07,小程序都还没上线呢吧？
,5193429992604432,,,,,,,5193470616536574,2025-07-28T19:49:08+08:00,2025-07,想请问一下 如果是在2025年间生的可以领取吗？
,5193429992604432,,,,,,,5193469241071756,2025-07-28T19:43:40+08:00,2025-07,22年4月27日出生的是能领1200吗？
,5193429992604432,,,,,,,5193442372358835,2025-07-28T17:56:54+08:00,2025-07,这个系统在哪里，什么时候开始申请
,5193429992604432,,,,,,,5193432683249727,2025-07-28T17:18:23+08:00,2025-07,一年补贴3600，也不多。
,5193429992604432,,,,,,,5203835830143461,2025-08-26T10:16:47+08:00,2025-08,80后又没有赶上趟，建议年龄放宽，18岁以前都是育儿阶段[二哈]
,5193429992604432,,,,,,,5193543295436505,2025-07-29T00:37:56+08:00,2025-07,说白了就是为了让你生孩子
,5193429992604432,,,,,,,5193504049332458,2025-07-28T22:01:58+08:00,2025-07,21年的默默路过……
,5193429992604432,,,,,,,5193496814422178,2025-07-28T21:33:14+08:00,2025-07,谁知道这是咋发的？一个月一发还是一次性啊
,5193429992604432,,,,,,,5193479382897242,2025-07-28T20:23:58+08:00,2025-07,没有买社保的能不能领[哼]
,5193429992604432,,,,,,,5193508312059389,2025-07-28T22:18:55+08:00,2025-07,单身生育的能领不
,5193429992604432,,,,,,,5193467602666858,2025-07-28T19:37:09+08:00,2025-07,等发布娃都三岁了[允悲]
,5193429992604432,,,,,,,5193462450493643,2025-07-28T19:16:41+08:00,2025-07,必须缴纳生育险才能领到补贴吗
,5193429992604432,,,,,,,5193460966754562,2025-07-28T19:10:47+08:00,2025-07,22年7月的，能领2100吗？
,5193429992604432,,,,,,,5206514254217375,2025-09-02T19:39:52+08:00,2025-09,什么时候河南省县城教师可以落实产假
,5193429992604432,,,,,,,5196384317999679,2025-08-05T20:47:08+08:00,2025-08,政策刚发布奶粉幼儿用品就涨价了
,5193429992604432,,,,,,,5193528155572943,2025-07-28T23:37:46+08:00,2025-07,双胎是不是可以领双份？
,5193429992604432,,,,,,,5193527707567116,2025-07-28T23:35:59+08:00,2025-07,赶不上啊，娃六周岁了，有啥政策没
,5193429992604432,,,,,,,5193512066222892,2025-07-28T22:33:50+08:00,2025-07,我在江苏上班，小孩户籍是老家山东的，我社保是江苏的，这种情况还能领吗？
,5193429992604432,,,,,,,5193509368758744,2025-07-28T22:23:06+08:00,2025-07,再等等[doge]等等党永远不亏
,5193429992604432,,,,,,,5193507884762922,2025-07-28T22:17:13+08:00,2025-07,育儿补贴信息管理系统上线了吗
,5193429992604432,,,,,,,5193503354128156,2025-07-28T21:59:13+08:00,2025-07,现在生还来得及吗
,5193429992604432,,,,,,,5193499378979459,2025-07-28T21:43:25+08:00,2025-07,哈尔滨去问了，说二胎才有
,5193429992604432,,,,,,,5193488972911309,2025-07-28T21:02:04+08:00,2025-07,夫妻双方都没有社保，可以领吗？[笑cry][笑cry]
,5193429992604432,,,,,,,5193483692017208,2025-07-28T20:41:05+08:00,2025-07,可不可以给8090的一点补贴[泪][泪]
,5193429992604432,,,,,,,5193481124316957,2025-07-28T20:30:53+08:00,2025-07,父母没有交社保可以领吗
,5193429992604432,,,,,,,5193472074058767,2025-07-28T19:54:55+08:00,2025-07,向户籍所在地哪个部门申请？
,5193429992604432,,,,,,,5193465595959781,2025-07-28T19:29:11+08:00,2025-07,2022年5月生是能申请还是不能？
,5193429992604432,,,,,,,5193460962821177,2025-07-28T19:10:46+08:00,2025-07,还没生的啥时候能领[太开心]
,5193429992604432,,,,,,,5193458388306925,2025-07-28T19:00:32+08:00,2025-07,户籍所在地哪个部门呢？
,5193429992604432,,,,,,,5193496760945344,2025-07-28T21:33:01+08:00,2025-07,请问需要结婚证吗？未婚生育可以领取不？
,5193429992604432,,,,,,,5193538427159072,2025-07-29T00:18:34+08:00,2025-07,国家能不能改一下 改成只要有娃的全部都领  激励一下
,5193429992604432,,,,,,,5193513668706896,2025-07-28T22:40:11+08:00,2025-07,真好 自己申请发自己卡里。免去中间商赚差价
,5193429992604432,,,,,,,5193501731718846,2025-07-28T21:52:46+08:00,2025-07,怎么么申请，在哪里申请，什么地区实行了
,5193429992604432,,,,,,,5193492797593252,2025-07-28T21:17:16+08:00,2025-07,育儿补贴和三胎补贴冲突吗
,5193429992604432,,,,,,,5193472355336714,2025-07-28T19:56:01+08:00,2025-07,如果你身体不好，请不要生，害人害己
,5193429992604432,,,,,,,5193456797878989,2025-07-28T18:54:13+08:00,2025-07,越晚出生领取的越多？
,5193429992604432,,,,,,,5193505106300490,2025-07-28T22:06:11+08:00,2025-07,“3岁以下孩子一年补贴3600元，按一年出生900万人口算，900万X3600X3=9720000万，就是接近1000亿。可以看做国家每年固定放水1000亿元，不算少了。”
,5193429992604432,,,,,,,5193481610069085,2025-07-28T20:32:48+08:00,2025-07,希望能尽快落实吧！别等到时候娃都大了，补贴还没下来[允悲]
,5193429992604432,,,,,,,5193475412987073,2025-07-28T20:08:11+08:00,2025-07,@今天开始减肥了咩 发下来请我吃饭
,5193429992604432,,,,,,,5193475123054680,2025-07-28T20:07:02+08:00,2025-07,是上乡里还是镇里还是市里申请啊[允悲]是去公安局申请还是去政府申请啊，上哪个单位申请啊
,5193429992604432,,,,,,,5193471098880497,2025-07-28T19:51:02+08:00,2025-07,意思3岁以上就没有洗戏[允悲]
,5193429992604432,,,,,,,5193466753584396,2025-07-28T19:33:47+08:00,2025-07,在哪里领哦，说是这么说的
,5193429992604432,,,,,,,5193465407474169,2025-07-28T19:28:26+08:00,2025-07,己申请，希望一万到帐尽快[嘻嘻][嘻嘻] http://t.cn/A6F5JJ1G
,5193429992604432,,,,,,,5193464658788415,2025-07-28T19:25:26+08:00,2025-07,2025年出生的呢？
,5193429992604432,,,,,,,5193459722094524,2025-07-28T19:05:50+08:00,2025-07,在哪个app申请
,5193429992604432,,,,,,,5193459163727008,2025-07-28T19:03:37+08:00,2025-07,“育儿补贴由婴幼儿的父母一方或其他监护人按规定向婴幼儿户籍所在地申领。主要通过育儿补贴信息管理系统线上申请，也可线下申请。”[不愧是你]#3岁以下婴幼儿每年补贴3600元##育儿补贴# 
中国新闻网,5193436233208009,2025-07-28 17:32,2025-07,fertility,family_childrearing,家庭|育儿,【#育儿补贴标准如何设定#】#地方可适当提标育儿补贴#哪些家庭可以申领育儿补贴？补贴标准为何如此设定？地方已有补贴政策怎样衔接？记者采访多位专家，对热点问题做出解读↓↓（新华社）#育儿补贴如何申领和发放#O国家育儿补贴方案六大热点问答,5193657789448551,2025-07-29T08:12:52+08:00,2025-07,河北省轻易贷六年了
,5193436233208009,,,,,,,5193466824889142,2025-07-28T19:34:04+08:00,2025-07,满3岁多了就没有？
中国新闻网,5193451209756841,2025-07-28 18:32,2025-07,both,family_childrearing|fertility|marriage,对象|生育|育儿,【#一图读懂育儿补贴制度#】#育儿补贴制度政策9问9答#育儿补贴制度从2025年1月1日开始实施，补贴对象为从2025年1月1日起，符合法律法规规定生育的3周岁以下婴幼儿。育儿补贴申领人应当符合什么条件？申领育儿补贴需要提供哪些信息？一起了解↓（国家卫健委）#育儿补贴#,5193468642855260,2025-07-28T19:41:17+08:00,2025-07,人口负增长是个大问题，像现在考公考编上岸的很多都是女孩，工作忙，地位高，很多都不想回家生孩子[允悲]，是不是应该强调一下考公考编的男女比例
中国新闻网,5194114509308894,2025-07-30 14:27,2025-07,fertility,family_childrearing|fertility,三孩|二孩|家庭|生育|育儿,【#育儿补贴不分一二三孩#】#育儿补贴制度确保政策可持续#日前，中共中央办公厅国务院办公厅印发《育儿补贴制度实施方案》。30日，国家卫生健康委副主任郭燕红在国新办发布会上表示，育儿补贴不分城乡、民族、区域，也不分一孩、二孩或者三孩，实现三孩生育政策下家庭支持的全面覆盖，确保符合条件的婴幼儿能够平等享受补贴的待遇。她还表示，我国是一个发展中大国，仍处于社会主义初级阶段。育儿补贴制度统筹考虑了人口发展情况和经济社会发展水平，合理确定补贴的范围和标准，确保财政可负担、政策可持续。量力而行才能行稳致远。#各地产假普遍延长至158天及以上#,5194121086238921,2025-07-30T14:53:51+08:00,2025-07,孩子双胞胎，5岁了。经济压力大，有扶持吗[捂嘴哭]
,5194114509308894,,,,,,,5194114683376629,2025-07-30T14:28:25+08:00,2025-07,来晚了，我生不起了[允悲]
,5194114509308894,,,,,,,5194139381533497,2025-07-30T16:06:34+08:00,2025-07,这些惠民政策都应该全国统一，由国务院统一制定。由各省市政府制定标准不一样，执行也难。到底是按户籍所在地执行还是按工作地点执行？如广东省制定的独生子女父母生病住院陪护假政策，父母是广东省户籍的就执行，而父母户口是外省的就参照执行，结果好多企业（特别是外资企业、私人企业等）就不执行。
,5194114509308894,,,,,,,5194135062711490,2025-07-30T15:49:24+08:00,2025-07,政策文件有了，什么时候落地？
,5194114509308894,,,,,,,5194125033868865,2025-07-30T15:09:33+08:00,2025-07,这才是真的好政策。没有一孩，哪来的二孩三孩！
,5194114509308894,,,,,,,5194120876263170,2025-07-30T14:53:02+08:00,2025-07,就是四孩五孩的没有咯？[嘻嘻]
中国新闻网,5194123616718308,2025-07-30 15:03,2025-07,fertility,family_childrearing|fertility,生育|育儿,【#各地产假普遍延长至158天及以上#】#各地均设立15天左右配偶陪产假#国务院新闻办公室今天14时举行新闻发布会，介绍育儿补贴制度及生育支持措施有关情况。在时间支持方面，进一步完善生育休假制度，各省（区、市）普遍延长产假至158天及以上；均设立15天左右的配偶陪产假、5~20天不等的父母育儿假。（央视）#国新办发布会介绍育儿补贴情况#L中国新闻网的微博视频,5194136713956647,2025-07-30T15:55:58+08:00,2025-07,给父亲强制休陪产假
,5194123616718308,,,,,,,5194168893968074,2025-07-30T18:03:50+08:00,2025-07,推荐母乳喂养6个月，产假都没6个月，太搞笑了
,5194123616718308,,,,,,,5194170442452259,2025-07-30T18:09:59+08:00,2025-07,父亲陪产假、育儿假也应该增加，而不是一味增加女性假期，也需要父亲付出
,5194123616718308,,,,,,,5194152528841822,2025-07-30T16:58:48+08:00,2025-07,我老公事业编 他没听说过育儿假…
,5194123616718308,,,,,,,5194154684712307,2025-07-30T17:07:22+08:00,2025-07,私企又不强制落实等于没有
,5194123616718308,,,,,,,5194166126772462,2025-07-30T17:52:49+08:00,2025-07,育儿假单位不落实，怎么解决[二哈]
,5194123616718308,,,,,,,5194140578743684,2025-07-30T16:11:19+08:00,2025-07,石家庄也是98天！！！
,5194123616718308,,,,,,,5194166377908005,2025-07-30T17:53:50+08:00,2025-07,再等下去，可能延长到365天么？
,5194123616718308,,,,,,,5194246433016574,2025-07-30T23:11:57+08:00,2025-07,我自己在妇幼，我们单位连育儿假都不给休
,5194123616718308,,,,,,,5194255120203781,2025-07-30T23:46:27+08:00,2025-07,休假期间原来的工作谁来做
,5194123616718308,,,,,,,5194182030266370,2025-07-30T18:56:02+08:00,2025-07,能不能强制性啊，光说没啥用啊
,5194123616718308,,,,,,,5194141969681117,2025-07-30T16:16:51+08:00,2025-07,江西南昌没有14天陪产假啊
,5194123616718308,,,,,,,5194210533968829,2025-07-30T20:49:18+08:00,2025-07,这个产假158天都是说说，我生了三个娃都没落地实行
,5194123616718308,,,,,,,5194397223487007,2025-07-31T09:11:08+08:00,2025-07,还是短了，建议产假放三年，毕竟只有等宝宝上了幼儿园，妈妈才有时间工作嘛[摊手][摊手][摊手]
,5194123616718308,,,,,,,5194163936559482,2025-07-30T17:44:07+08:00,2025-07,企业能做到158天？
,5194123616718308,,,,,,,5194142420304676,2025-07-30T16:18:37+08:00,2025-07,不好意思成都就是158天哈，纯母乳喂养还可以延长30天
,5194123616718308,,,,,,,5194487732372087,2025-07-31T15:10:46+08:00,2025-07,这个世界讲真话会被扼杀[二哈][二哈]
,5194123616718308,,,,,,,5194156751720206,2025-07-30T17:15:35+08:00,2025-07,公司人事说，只有三个月的，你要休也可以，不过工资就不发了，而且你岗位也未必能留，要是休假六个月回来，要去别的岗工作了
,5194123616718308,,,,,,,5194155013701717,2025-07-30T17:08:40+08:00,2025-07,私企根本无法落实，就98天
,5194123616718308,,,,,,,5196331419175011,2025-08-05T17:16:56+08:00,2025-08,158天产假包括节假日和周六日吗？
,5194123616718308,,,,,,,5194428517714137,2025-07-31T11:15:29+08:00,2025-07,强烈要求实施到位，不要只颁不管最终还是纸面条例
,5194123616718308,,,,,,,5194404942054662,2025-07-31T09:41:48+08:00,2025-07,说是说 私人企业怎么能做到这样呢
,5194123616718308,,,,,,,5194379649091025,2025-07-31T08:01:18+08:00,2025-07,可是很多都只有98的产假，小微企业都不会给这么久啊
,5194123616718308,,,,,,,5194232679634961,2025-07-30T22:17:18+08:00,2025-07,但是补贴只有98天 如果不给钱 我为什么不自己请假 还需要你给我假[允悲]
,5194123616718308,,,,,,,5194230659813537,2025-07-30T22:09:16+08:00,2025-07,陪产假我只休了四天就被叫回去了[摊手]
,5194123616718308,,,,,,,5194172411940539,2025-07-30T18:17:49+08:00,2025-07,10天育儿假能不能成为法定节日[苦涩][苦涩][苦涩][苦涩]
,5194123616718308,,,,,,,5194165245972059,2025-07-30T17:49:20+08:00,2025-07,生育津贴才是关键
,5194123616718308,,,,,,,5194157106925063,2025-07-30T17:17:00+08:00,2025-07,育儿假还得年假用完才能用
,5194123616718308,,,,,,,5194137859006389,2025-07-30T16:00:31+08:00,2025-07,看看诺贝尔经济学奖得主戈尔丁关于生育率的最新研究结果
,5194123616718308,,,,,,,5194153361411888,2025-07-30T17:02:07+08:00,2025-07,呵呵，是仅限于公务员和国企吧，和普通人没关系
,5194123616718308,,,,,,,5194488244604491,2025-07-31T15:12:49+08:00,2025-07,可以正式实施了吗
,5194123616718308,,,,,,,5194445712524258,2025-07-31T12:23:48+08:00,2025-07,又不给企业补贴 大环境那么差企业很难落实
,5194123616718308,,,,,,,5194171044333893,2025-07-30T18:12:23+08:00,2025-07,我们单位说用人紧张，不吃这一套
,5194123616718308,,,,,,,5195868833318530,2025-08-04T10:38:47+08:00,2025-08,回复@我是一只大肥猫耶:就你这一条说的最真实！既然是国家层面，请从98天开始修正！
,5194123616718308,,,,,,,5194477675479715,2025-07-31T14:30:48+08:00,2025-07,那能不能二胎三胎的生育津贴也是158天！一胎是158天，为啥二胎三胎就是98天了
,5194123616718308,,,,,,,5194208184893544,2025-07-30T20:39:57+08:00,2025-07,生育津贴也会按158天算吗？
,5194123616718308,,,,,,,5194178730660998,2025-07-30T18:42:55+08:00,2025-07,四川事业编3个月
,5194123616718308,,,,,,,5194159780267075,2025-07-30T17:27:36+08:00,2025-07,薅企业的羊毛是最积极的[允悲]
,5194123616718308,,,,,,,5194156840061849,2025-07-30T17:15:56+08:00,2025-07,潍坊事业编三个月
,5194123616718308,,,,,,,5194155144776689,2025-07-30T17:09:12+08:00,2025-07,跟本IP有关系吗？已经是98+80天了
,5194123616718308,,,,,,,5194152737769824,2025-07-30T16:59:38+08:00,2025-07,我们这边产假本来就是168天呢
,5194123616718308,,,,,,,5194151487866684,2025-07-30T16:54:40+08:00,2025-07,法定休假能不能不扣年终奖和全勤奖呀
,5194123616718308,,,,,,,5194193238758550,2025-07-30T19:40:34+08:00,2025-07,500多个月的儿童能领么？
,5194123616718308,,,,,,,5218031768701392,2025-10-04T14:26:23+08:00,2025-10,这是真的吗，湖北省还在禁止单亲家庭休育儿假呢
,5194123616718308,,,,,,,5194180034822197,2025-07-30T18:48:05+08:00,2025-07,得落实啊，得强制让大家休，不然请假还得看脸色
,5194123616718308,,,,,,,5194160937635873,2025-07-30T17:32:13+08:00,2025-07,关键在落实，不要光嘴嗨
,5194123616718308,,,,,,,5194399355244676,2025-07-31T09:19:36+08:00,2025-07,关键是实行不下来有啥用
,5194123616718308,,,,,,,5194125550814628,2025-07-30T15:11:35+08:00,2025-07,好政策，要能百分百落实到位。 前段时间，碰到一位刚刚二胎的妈妈，三个月就去上班了！
,5194123616718308,,,,,,,5196597818559136,2025-08-06T10:55:31+08:00,2025-08,我们老师是158天，但是把寒暑假都包括里了，我是三月二十号以后生的 ，9.1开学我就要回去上班了 ，我的宝宝才五个月多一点点，连吃辅食的时间都不够 ，并且是个敏宝，喝奶粉过敏辅食也不敢吃太早 ，真希望国家能把我们的产假延长一些，哪怕是一个月也好[泪][泪][泪]
,5194123616718308,,,,,,,5195200285639092,2025-08-02T14:22:12+08:00,2025-08,跟老百姓有什么关系？又落实不了
,5194123616718308,,,,,,,5194491331876689,2025-07-31T15:25:05+08:00,2025-07,企业不要女孩子了
,5194123616718308,,,,,,,5194479640251133,2025-07-31T14:38:38+08:00,2025-07,强制性产假，强制性育儿假。才有用
,5194123616718308,,,,,,,5194476303681666,2025-07-31T14:25:22+08:00,2025-07,[泪]东莞只有98天，能不能赶紧落实啊，我二胎时希望能多点产假。
,5194123616718308,,,,,,,5194465893682810,2025-07-31T13:44:00+08:00,2025-07,政策与实行各自独立，犹如纸上谈兵，且空谈误国啊！
,5194123616718308,,,,,,,5194409077640114,2025-07-31T09:58:14+08:00,2025-07,现在是生育的最佳时机了，生育友好一直在努力~
,5194123616718308,,,,,,,5194404895656674,2025-07-31T09:41:37+08:00,2025-07,太搞笑了，该强制执行，不执行企业重罚才能落实到位
,5194123616718308,,,,,,,5194371508995654,2025-07-31T07:28:57+08:00,2025-07,是不是生育津贴提高至158天啊！
,5194123616718308,,,,,,,5194268228717697,2025-07-31T00:38:33+08:00,2025-07,利好体制啊，体制单身女赶紧完成国家指标。体制外有钱考虑没钱随便。
,5194123616718308,,,,,,,5194264351867654,2025-07-31T00:23:08+08:00,2025-07,私企如何消化这些成本，政策有没有支持，才是需要首先解决的，否则，生育保障政策落实的面就仅局限于政府国企央企和大型企业
,5194123616718308,,,,,,,5194261239697111,2025-07-31T00:10:47+08:00,2025-07,这下更没企业敢招女性了[笑哈哈]
,5194123616718308,,,,,,,5194231389618893,2025-07-30T22:12:09+08:00,2025-07,事业编单位都不允许休育儿假，更别说企业了，国家政策很好，就是执行不到位呀
,5194123616718308,,,,,,,5194229663930166,2025-07-30T22:05:19+08:00,2025-07,建议仅由月收入不到一千元的六亿老百姓申领这笔钱💰催生重要，共同活下来更重要
,5194123616718308,,,,,,,5194228411405500,2025-07-30T22:00:20+08:00,2025-07,政策很好，可是谁执行，如果全国不强制，有几个单位会有158天以上产假，我们只有98天，其他啥也没有。
,5194123616718308,,,,,,,5194203333136498,2025-07-30T20:20:41+08:00,2025-07,我只关心什么时候可以落地实施[笑cry]下月预产期怕是赶不上[允悲]
,5194123616718308,,,,,,,5194194605577616,2025-07-30T19:46:00+08:00,2025-07,男女轮休同等时长育儿假，不能仅仅是陪产假。女性职场不易，可以妈妈前半年，半岁后婴儿适当离乳，结合辅食喂养，爸爸育儿假，接替抚育到孩子一岁，大多数孩子一岁会走路了，然后借助托育机构，既能男女不对立，女性安心生孩子，消除职场歧视，也能家庭收入不断档，还能确保抚育质量。
,5194123616718308,,,,,,,5194176213815750,2025-07-30T18:32:55+08:00,2025-07,挺好的，鼓励公务员生育[doge]
,5194123616718308,,,,,,,5194165967389600,2025-07-30T17:52:12+08:00,2025-07,育儿假单位落实，怎么解决？
,5194123616718308,,,,,,,5194163559860201,2025-07-30T17:42:38+08:00,2025-07,坐标广州，普通公司育儿假基本不执行，形同虚设[泪]
,5194123616718308,,,,,,,5194163003852047,2025-07-30T17:40:25+08:00,2025-07,没什么用，一个双休出台这么久都没落实，所谓的政策，都是为部分人出的吧
,5194123616718308,,,,,,,5194160563814682,2025-07-30T17:30:43+08:00,2025-07,想要齐假就是同公司反面[doge]政府或司法介入，假后穿完小鞋就得走人……[挖鼻]
,5194123616718308,,,,,,,5194157678920269,2025-07-30T17:19:15+08:00,2025-07,普通企业有产假吗？很多小公司听说你休产假就变着法子辞退了
,5194123616718308,,,,,,,5194156655771778,2025-07-30T17:15:11+08:00,2025-07,产假158天？很多私企早想法弄你走了[笑cry][笑cry]
,5194123616718308,,,,,,,5194153199929326,2025-07-30T17:01:28+08:00,2025-07,政策再好，不落实下去也是卵的
,5194123616718308,,,,,,,5194151253771383,2025-07-30T16:53:44+08:00,2025-07,有夜班的岗位要上到七个月才可以不上，能不能善待孕妇啊，怀孕心跳血压哪哪都不舒服
,5194123616718308,,,,,,,5194149692443406,2025-07-30T16:47:32+08:00,2025-07,育儿假只能休到三岁根本不够啊！三岁娃上幼儿园才正值多事之秋！
,5194123616718308,,,,,,,5194145626854465,2025-07-30T16:31:23+08:00,2025-07,育儿假五天就五天，20天就20天，你来个范围，那岂不是都被强制为五天了么
人民日报,5193437948937066,2025-07-28 17:39,2025-07,both,family_childrearing|fertility|marriage,三孩|二孩|家庭|对象|生育|育儿,#2025前出生3岁以下婴幼儿也可领补贴#【转存了解！国家育儿补贴方案6大热点问答】从2025年1月1日起，每孩每年发放育儿补贴3600元，至其年满3周岁——国家育儿补贴制度实施方案28日公布。#哪些家庭可以申领育儿补贴#？补贴标准为何如此设定？地方已有补贴政策怎样衔接？根据方案，补贴对象为从2025年1月1日起，符合法律法规规定生育的3周岁以下婴幼儿。换言之，无论一孩、二孩、三孩，均可申领育儿补贴。2025年1月1日前出生、不满3周岁的婴幼儿，也可享受政策，按应补贴月数折算计发补贴。更多详情了解↓↓O国家育儿补贴方案六大热点问答,5193440940001341,2025-07-28T17:51:12+08:00,2025-07,说这么多没用，落实到地方才是真理
,5193437948937066,,,,,,,5193438938270386,2025-07-28T17:43:15+08:00,2025-07,需要劳动合同法保护的[害羞]
,5193437948937066,,,,,,,5193444684730289,2025-07-28T18:06:05+08:00,2025-07,1个月一罐奶粉钱[允悲]，你说补贴了吧，又觉得力度不大，你说没补贴吧，它又一年3600[允悲]
,5193437948937066,,,,,,,5193442151371820,2025-07-28T17:56:01+08:00,2025-07,有最起码也比没有好，好歹是关注这个问题了
,5193437948937066,,,,,,,5193444505160130,2025-07-28T18:05:22+08:00,2025-07,生儿育女是三年的项目吗？
,5193437948937066,,,,,,,5193451087861544,2025-07-28T18:31:32+08:00,2025-07,80后又是完美错过！
,5193437948937066,,,,,,,5193527957130511,2025-07-28T23:36:59+08:00,2025-07,小编多生点，我这份钱给你了
,5193437948937066,,,,,,,5193441088635760,2025-07-28T17:51:47+08:00,2025-07,#2025前出生3岁以下婴幼儿也可领补贴#好消息！ 朋朋还没有满3周岁，我可以领4800元！[嘻嘻][嘻嘻][心]
,5193437948937066,,,,,,,5193526296190223,2025-07-28T23:30:23+08:00,2025-07,300块钱，一罐奶粉钱都不够[允悲] 买一袋尿不湿[good][good][good]
,5193437948937066,,,,,,,5193706527000261,2025-07-29T11:26:33+08:00,2025-07,孩子我都生了，我怕啥。我最关心的就是具体什么时间开始领。
,5193437948937066,,,,,,,5193510543691178,2025-07-28T22:27:47+08:00,2025-07,#2025前出生3岁以下婴幼儿也可领补贴#真好[赞]
,5193437948937066,,,,,,,5241593298682775,2025-12-08T14:51:28+08:00,2025-12,我的到现在还没有到[哈欠]
,5193437948937066,,,,,,,5219867431274616,2025-10-09T16:00:39+08:00,2025-10,一年3600还是太少了，买不了几罐奶粉啊[允悲]
,5193437948937066,,,,,,,5203235632843244,2025-08-24T18:31:49+08:00,2025-08,应该管饭80岁，工作结婚买房[赞]
,5193437948937066,,,,,,,5193733331223852,2025-07-29T13:13:04+08:00,2025-07,@喵喵喵喵喵喵少女
,5193437948937066,,,,,,,5193706078211023,2025-07-29T11:24:46+08:00,2025-07,逮着80后薅66677
,5193437948937066,,,,,,,5193670718654476,2025-07-29T09:04:16+08:00,2025-07,会有人为了三千六再生吗
,5193437948937066,,,,,,,5193668338123553,2025-07-29T08:54:48+08:00,2025-07,蚂蚁肉也是肉，也好也好
,5193437948937066,,,,,,,5193651617794188,2025-07-29T07:48:22+08:00,2025-07,当年多生一个罚款可比这力度大多了
,5193437948937066,,,,,,,5193649278944950,2025-07-29T07:39:04+08:00,2025-07,又把80后都下去了
,5193437948937066,,,,,,,5193641146188007,2025-07-29T07:06:45+08:00,2025-07,[允悲][泪]2016就为国贡献了，为什么一分钱都没有呢？
,5193437948937066,,,,,,,5193623999086731,2025-07-29T05:58:36+08:00,2025-07,大宝升二年级，小宝年底12月就三岁了 [666]
,5193437948937066,,,,,,,5193594256490941,2025-07-29T04:00:26+08:00,2025-07,缺的是这3600吗？？？
,5193437948937066,,,,,,,5193547750835019,2025-07-29T00:55:38+08:00,2025-07,别说3600一年，领多不知道怎么领[允悲]
,5193437948937066,,,,,,,5193525534656782,2025-07-28T23:27:21+08:00,2025-07,挺好的，宝宝十一月就出生了，除了生育津贴，又多了一笔钱[锦鲤附体]
,5193437948937066,,,,,,,5193499410437538,2025-07-28T21:43:33+08:00,2025-07,有补助就不错了，还全都让别人养啊？
,5193437948937066,,,,,,,5193489359047149,2025-07-28T21:03:36+08:00,2025-07,300块，国家真拿我当人
,5193437948937066,,,,,,,5193483168254387,2025-07-28T20:39:00+08:00,2025-07,我的理解就是基本就是法定年龄00后生育的小孩
,5193437948937066,,,,,,,5193474481586666,2025-07-28T20:04:28+08:00,2025-07,每年3600 这么少吗 不生[爱你]
,5193437948937066,,,,,,,5193470396596296,2025-07-28T19:48:14+08:00,2025-07,产检应该100%报销！
,5193437948937066,,,,,,,5193466860537146,2025-07-28T19:34:12+08:00,2025-07,这个是不是还得有社保才行[允悲]
,5193437948937066,,,,,,,5193448491581569,2025-07-28T18:21:12+08:00,2025-07,山东龙口市不可以领取！为什么？
,5193437948937066,,,,,,,5193446182359037,2025-07-28T18:12:02+08:00,2025-07,领取方式要包括线上和线下
,5193437948937066,,,,,,,5193444114827217,2025-07-28T18:03:49+08:00,2025-07,主要这啥时候能落实[求关注]
,5193437948937066,,,,,,,5193442340897716,2025-07-28T17:56:45+08:00,2025-07,怒拿10800@Yoky橙子healthy 
,5193437948937066,,,,,,,5193439004328378,2025-07-28T17:43:30+08:00,2025-07,什么时候能落实到当地呢
,5193437948937066,,,,,,,5193438238343203,2025-07-28T17:40:27+08:00,2025-07,22年7月的也有吗？
,5193437948937066,,,,,,,5193438048030279,2025-07-28T17:39:43+08:00,2025-07,@如花般绽放眼底 快来领[太开心]
,5193437948937066,,,,,,,5193451630494340,2025-07-28T18:33:40+08:00,2025-07,就只薅80后是吗？啥都没有
,5193437948937066,,,,,,,5193439387322021,2025-07-28T17:45:02+08:00,2025-07,杯水车薪，只能起到宣传作用
人民日报,5193447515885127,2025-07-28 18:17,2025-07,fertility,family_childrearing,育儿,【转存！#一图看懂育儿补贴金额对照表#】#2022至2024年出生婴幼儿能领多少补贴#育儿补贴按年发放，育儿补贴国家基础标准为每孩每年3600元，至其年满3周岁。（1）对于2025年1月1日及以后出生的婴幼儿，可连续申领3年补贴，共计10800元。（2）对于2025年1月1日之前出生且未满3周岁的婴幼儿，可按应补贴月数折算补贴金额。具体算法见下表。（健康中国）O育儿补贴制度政策问答,5193523587713373,2025-07-28T23:19:37+08:00,2025-07,社会在进步，但现在父母们没有时间看孩子，都上班，还得推行男女轮休同等时长育儿假，男女轮休各自半年，可以到一岁，好歹孩子能走路，轮流上班和带孩子，家庭收入不断档，男女不对立，妈妈安心生孩子半岁后再去职场，爸爸半年后接替带孩子，也能亲子。不然一岁到三岁之前怎么借助社会托管机构照护？
,5193447515885127,,,,,,,5193449840316556,2025-07-28T18:26:34+08:00,2025-07,能出一个线上领取步骤么？
,5193447515885127,,,,,,,5193456079078381,2025-07-28T18:51:22+08:00,2025-07,应该多多的给孩子发，缺钱可以减少退休金。
,5193447515885127,,,,,,,5193653559757992,2025-07-29T07:56:05+08:00,2025-07,原来晚婚晚育有奖励，我就晚婚晚育，结果结婚那年婚假都给减了，然后就生孩子，生完孩子，过两年他有补贴了。完美避开所有的奖励政策
,5193447515885127,,,,,,,5193448764478140,2025-07-28T18:22:18+08:00,2025-07,当地政策是否落实？？去哪里领取
,5193447515885127,,,,,,,5193450624126167,2025-07-28T18:29:41+08:00,2025-07,谨防被冒领，就像低保金一样
,5193447515885127,,,,,,,5193559151479051,2025-07-29T01:40:56+08:00,2025-07,越发觉得7080那代人好可怜
,5193447515885127,,,,,,,5193629754196002,2025-07-29T06:21:28+08:00,2025-07,确实是好事可是杯水车薪[允悲]
,5193447515885127,,,,,,,5193481127461838,2025-07-28T20:30:53+08:00,2025-07,能把产检纳入医保就好了，这个也解决不了实际困难
,5193447515885127,,,,,,,5193746272748573,2025-07-29T14:04:29+08:00,2025-07,太多了根本花不完
,5193447515885127,,,,,,,5193473657670109,2025-07-28T20:01:13+08:00,2025-07,21年12月出生的没戏了[摊手][摊手]
,5193447515885127,,,,,,,5193511366036177,2025-07-28T22:31:03+08:00,2025-07,买手机家电国补了，生娃也国补了[赞]
,5193447515885127,,,,,,,5193725992502090,2025-07-29T12:43:54+08:00,2025-07,俺无权无势好事可能轮到俺吗？一看就是陷阱
,5193447515885127,,,,,,,5193725593518931,2025-07-29T12:42:19+08:00,2025-07,生育津贴可不可以也调整下，即使女生有工作，也可以选择男生单位的平均工资作为生育津贴的计算基数。夫妻两谁家的高选谁家的。
,5193447515885127,,,,,,,5195098262342379,2025-08-02T07:36:49+08:00,2025-08,随着政策出台，新一波奶粉涨价，到底福利了谁？
,5193447515885127,,,,,,,5193705644365830,2025-07-29T11:23:03+08:00,2025-07,我们这二孩三孩补贴实行三年了，二孩每月500，三孩每月1000，按年申领发到孩子满三岁。
,5193447515885127,,,,,,,5193642384032698,2025-07-29T07:11:40+08:00,2025-07,非常不错和及时的一项举措。[心]
,5193447515885127,,,,,,,5193589288075405,2025-07-29T03:40:40+08:00,2025-07,简单明了，现在就等小程序和APP上线这个功能了#一图看懂育儿补贴金额对照表# #2022至2024年出生婴幼儿能领多少补贴# 
,5193447515885127,,,,,,,5193497202399017,2025-07-28T21:34:46+08:00,2025-07,赶紧开通支付宝申领窗口啊
,5193447515885127,,,,,,,5193471188797264,2025-07-28T19:51:24+08:00,2025-07,21年出生的是完美错过咯
,5193447515885127,,,,,,,5193467870840356,2025-07-28T19:38:13+08:00,2025-07,哈哈哈，赶上了6个月，挺好的，意外之喜
,5193447515885127,,,,,,,5196974793951312,2025-08-07T11:53:29+08:00,2025-08,这么看不需要结婚证是吗？
,5193447515885127,,,,,,,5193838345851527,2025-07-29T20:10:21+08:00,2025-07,先把6个月产假落实
,5193447515885127,,,,,,,5193809748559767,2025-07-29T18:16:43+08:00,2025-07,你们爱生就生去吧
,5193447515885127,,,,,,,5193800101923451,2025-07-29T17:38:22+08:00,2025-07,70后80后好可怜[允悲]
,5193447515885127,,,,,,,5193762563425558,2025-07-29T15:09:13+08:00,2025-07,我们这孩子上学的为啥啥都没有补贴[允悲]
,5193447515885127,,,,,,,5193762134559119,2025-07-29T15:07:31+08:00,2025-07,为啥大于3岁的不补发？
,5193447515885127,,,,,,,5193756900589902,2025-07-29T14:46:42+08:00,2025-07,没用的她们问没有收到相关文件
,5193447515885127,,,,,,,5193744930050246,2025-07-29T13:59:09+08:00,2025-07,[doge]一个月娃娃要喝多少钱的奶粉呢
,5193447515885127,,,,,,,5193731168275381,2025-07-29T13:04:28+08:00,2025-07,挺好，虽然跟我没关系[笑cry]
,5193447515885127,,,,,,,5193717959105265,2025-07-29T12:11:59+08:00,2025-07,父母双方未离婚的均可以领300，总共600，这对于降低离婚率会起到一丢丢作用，另外对鼓励结婚、生育起到较大的作用
,5193447515885127,,,,,,,5193703155041847,2025-07-29T11:13:09+08:00,2025-07,没有户口的孩子能领吗？
,5193447515885127,,,,,,,5193676466422035,2025-07-29T09:27:05+08:00,2025-07,等待灵活就业医保也能享受生育津贴[苦涩]
,5193447515885127,,,,,,,5193674532588132,2025-07-29T09:19:25+08:00,2025-07,666，国家给力，晚婚晚育还有补贴
,5193447515885127,,,,,,,5193665784054720,2025-07-29T08:44:39+08:00,2025-07,有些地方是还没落实么
,5193447515885127,,,,,,,5193665720877908,2025-07-29T08:44:24+08:00,2025-07,悲催的80后，好政策一个没赶上，家里小宝今年刚幼儿园毕业[苦涩]
,5193447515885127,,,,,,,5193658217267352,2025-07-29T08:14:34+08:00,2025-07,300个月的宝宝也想领
,5193447515885127,,,,,,,5193658090653946,2025-07-29T08:14:05+08:00,2025-07,22年7月出生的有戏吗
,5193447515885127,,,,,,,5193651459982147,2025-07-29T07:47:44+08:00,2025-07,申领是什么意思，是需要申请才拿得到吗？
,5193447515885127,,,,,,,5193646420788695,2025-07-29T07:27:43+08:00,2025-07,怎么领法。还能领个2400[嘻嘻][耶]
,5193447515885127,,,,,,,5193640999125047,2025-07-29T07:06:09+08:00,2025-07,不理解 21年出生的孩子怎么了？津贴长大人没赶上，300的补贴孩子没赶上，幼儿园要免费还没有[允悲]
,5193447515885127,,,,,,,5193639179060289,2025-07-29T06:58:56+08:00,2025-07,[笑cry][笑cry]俺家的21年十月，差一点不够申领！
,5193447515885127,,,,,,,5193594979746255,2025-07-29T04:03:18+08:00,2025-07,养大了的就不管了呗，上大学就给涨价呗
人民日报,5193694296149888,2025-07-29 10:37,2025-07,fertility,family_childrearing,育儿,【收藏！#10张表搞懂育儿补贴#】#育儿补贴补贴谁怎么补如何领#近日，中共中央办公厅、国务院办公厅印发了《育儿补贴制度实施方案》。育儿补贴补贴谁？怎么补？如何领？发到哪？2025年1月1日之前出生、不满3周岁婴幼儿补贴怎么发？十张图读懂↓↓,5193869134137407,2025-07-29T22:12:42+08:00,2025-07,@誓死追随小冉look
,5193694296149888,,,,,,,5193764435920182,2025-07-29T15:16:40+08:00,2025-07,#10张表搞懂育儿补贴#我怎么觉得不用这么麻烦，端口进去，提交材料，有生孩子就给发！#育儿补贴补贴谁怎么补如何领# 
,5193694296149888,,,,,,,5193738859321336,2025-07-29T13:35:02+08:00,2025-07,无论生活把你带到哪里，记得带上阳光般的笑容和积极向上的心。每一天都是新的开始，每一次挑战都是成长的机遇。就像清晨的第一缕阳光总能驱散黑夜，保持热情与希望，你终将照亮自己的世界，也温暖他人的心灵。向前走，别停步，因为美好永远在前方等待！
,5193694296149888,,,,,,,5193731772252578,2025-07-29T13:06:51+08:00,2025-07,晚育的90后赶上了[打call]，主打一个有比没有好，有没有这个补贴生育都是自己的主动选择[绿丝带]
,5193694296149888,,,,,,,5193720895113964,2025-07-29T12:23:39+08:00,2025-07,一起关注@洛阳网信 @人民日报
,5193694296149888,,,,,,,5193708247189547,2025-07-29T11:33:23+08:00,2025-07,考虑的还挺全面，离异家庭和养父母家庭也考虑到了
,5193694296149888,,,,,,,5193702926719477,2025-07-29T11:12:15+08:00,2025-07,太好了，有3岁以下宝宝的每年能领哦
,5193694296149888,,,,,,,5193696108350374,2025-07-29T10:45:09+08:00,2025-07,没打算在生了，这个我就无用了
,5193694296149888,,,,,,,5193694890429457,2025-07-29T10:40:19+08:00,2025-07,#10张表搞懂育儿补贴# #育儿补贴补贴谁怎么补如何领# #智搜分析我的刷博好搭子#我用微博智搜分析了这篇博文，一起来看看吧~ http://t.cn/A6FctHFJ 
,5193694296149888,,,,,,,5194074136776042,2025-07-30T11:47:18+08:00,2025-07,三毛曾说：  “因为一直没有一堵很稳的墙可以靠，所以自己要成为那座山。” ​​​
,5193694296149888,,,,,,,5193847242229225,2025-07-29T20:45:42+08:00,2025-07,我赌一包辣条，马上奶粉啊尿不湿啊之类婴幼儿必须用品紧跟着涨价[doge][doge][doge]
,5193694296149888,,,,,,,5193838140589145,2025-07-29T20:09:31+08:00,2025-07,先把产假落实到6个月再说
,5193694296149888,,,,,,,5193836214355237,2025-07-29T20:01:53+08:00,2025-07,怎么没有25年以后出生的
,5193694296149888,,,,,,,5193816288005821,2025-07-29T18:42:42+08:00,2025-07,那过了3岁怎么办
,5193694296149888,,,,,,,5193808124055262,2025-07-29T18:10:16+08:00,2025-07,户口在老家，住在另外的省，育儿补贴找户口地申请还是居住地申请？
,5193694296149888,,,,,,,5193787422803920,2025-07-29T16:48:00+08:00,2025-07,先娶媳妇儿后生孩儿，问题是娶不到媳妇儿[泪]
,5193694296149888,,,,,,,5193782719154469,2025-07-29T16:29:19+08:00,2025-07,21年出生的宝宝就不能享受到了是吗？
,5193694296149888,,,,,,,5193778895257847,2025-07-29T16:14:06+08:00,2025-07,请武汉大学为全国人民普及一下《离婚法》！
人民日报,5194106456509743,2025-07-30 13:55,2025-07,fertility,family_childrearing|fertility,生育|育儿,【正在直播：#卫健委财政部等介绍育儿补贴#】#国新办发布会介绍育儿补贴情况#国务院新闻办公室今天14时举行新闻发布会，请国家卫生健康委副主任郭燕红和财政部、国家医保局、全国总工会有关负责人介绍育儿补贴制度及生育支持措施有关情况，并答记者问。@人民日报正在直播↓↓关注！人民日报的微博直播,5194108131083625,2025-07-30T14:02:23+08:00,2025-07,没事哒没事哒，结婚率还是继续往下掉哒[哇][哇]
,5194106456509743,,,,,,,5194114414412629,2025-07-30T14:27:20+08:00,2025-07,21年生的就没有[哇]疫情期间那么难，还在高位买了房，甚至参加了人数最多的23年考研[哇]啥好事都给我碰上了
,5194106456509743,,,,,,,5194118200297445,2025-07-30T14:42:24+08:00,2025-07,什么也没赶上的80后
,5194106456509743,,,,,,,5194123128604029,2025-07-30T15:01:58+08:00,2025-07,就目前三百元基数比农村养老金多一百多，也是我们一年的军费支出。有总比没有好
,5194106456509743,,,,,,,5194128038303412,2025-07-30T15:21:29+08:00,2025-07,21年生的娃，正好过期不说，怀孕期间还自费了一堆核酸检测费用也没人给报销了
,5194106456509743,,,,,,,5194125689227881,2025-07-30T15:12:09+08:00,2025-07,18岁前的都补  不行嘛[苦涩]
,5194106456509743,,,,,,,5194118148130101,2025-07-30T14:42:10+08:00,2025-07,回复@xy与伞优优:这也是个人物666
,5194106456509743,,,,,,,5194117395251289,2025-07-30T14:39:11+08:00,2025-07,回复@阿槿苦逼哒:幸灾乐祸的悲哀
,5194106456509743,,,,,,,5194114096434986,2025-07-30T14:26:05+08:00,2025-07,育儿补贴申领预计八月下旬正式启动#卫健委财政部等介绍育儿补贴# 
,5194106456509743,,,,,,,5194112431293404,2025-07-30T14:19:28+08:00,2025-07,幼儿园免费也要尽快，幼儿园也是一笔很多的钱
人民日报,5194119320437534,2025-07-30 14:46,2025-07,fertility,family_childrearing,家庭|育儿,【#支付宝微信也能领育儿补贴#】国家卫生健康委人口家庭司司长王海东7月30日在国新办新闻发布会上表示，为方便群众申领，采取了相关便民措施。#最大限度精简育儿补贴申领材料#一是最大限度精简申领材料。育儿补贴信息管理系统和公安、民政、人力资源社会保障等部门建立了信息共享机制，实现大数据比对校核。在此基础上，坚持“最小必要”原则，让“数据多跑路”，让大家尽量少地提交材料，大家申领时只需提交婴幼儿出生医学证明、户口簿等证明婴幼儿身份和抚养关系的必要材料。二是拓宽申领渠道。依托各地省级政务服务平台设置育儿补贴申领专区，同时在支付宝、微信等第三方服务平台开通了育儿补贴申领入口。这些渠道都是大家比较熟悉的、常用的，可以便捷操作的。大家可以通过多个渠道，使用手机线上便捷办理，实现育儿补贴申领“不出门、随手点、轻松办”。#国新办发布会介绍育儿补贴情况#L人民日报的微博视频,5194126603846285,2025-07-30T15:15:46+08:00,2025-07,很好 如何领取对象的问题 也请尽快纳入日程[doge]
,5194119320437534,,,,,,,5194130166652037,2025-07-30T15:29:57+08:00,2025-07,养孩子费钱费力，补贴应该也起不了多大作用，太难了
,5194119320437534,,,,,,,5194153270182424,2025-07-30T17:01:44+08:00,2025-07,有补贴总比没有好吧？政策和福利总要有个循序渐进的过程。
,5194119320437534,,,,,,,5194140921105048,2025-07-30T16:12:41+08:00,2025-07,这个思路就对了 身份证 护照 驾照 这些都应该秉持同样的思路[doge]
,5194119320437534,,,,,,,5194131366478409,2025-07-30T15:34:42+08:00,2025-07,#支付宝微信也能领育儿补贴#贴心服务[赞]
,5194119320437534,,,,,,,5194127463419129,2025-07-30T15:19:12+08:00,2025-07,真好，决策果断，方便领取👍👍
,5194119320437534,,,,,,,5194121304082782,2025-07-30T14:54:44+08:00,2025-07,请问哪里可以领对象[淡淡的][淡淡的][淡淡的]
,5194119320437534,,,,,,,5194298414334052,2025-07-31T02:38:29+08:00,2025-07,有没有工资补贴啊[doge]
,5194119320437534,,,,,,,5194127205733898,2025-07-30T15:18:11+08:00,2025-07,这个消息一出来就是高关注度
,5194119320437534,,,,,,,5194124586386021,2025-07-30T15:07:45+08:00,2025-07,促进生孩子的大措施[赞][赞][赞]
,5194119320437534,,,,,,,5194121846981916,2025-07-30T14:56:53+08:00,2025-07,站在大众视角，真正做到了惠民，必须点赞[鲜花][鲜花][鲜花]
,5194119320437534,,,,,,,5194121593750231,2025-07-30T14:55:52+08:00,2025-07,有需要的可以看看
,5194119320437534,,,,,,,5194155938285593,2025-07-30T17:12:21+08:00,2025-07,发放育儿补贴政策是一项具有重要意义的民生举措，对于乡镇人口发展、社会稳定和民生改善等方面都有积极影响。
,5194119320437534,,,,,,,5194148938514636,2025-07-30T16:44:31+08:00,2025-07,虽然跟我没啥关系 但还是要点赞的！
,5194119320437534,,,,,,,5194145983627954,2025-07-30T16:32:48+08:00,2025-07,从来不用支付宝，我骄傲[doge]
,5194119320437534,,,,,,,5194123548299848,2025-07-30T15:03:39+08:00,2025-07,希望可以促进年轻人的生育意愿吧
,5194119320437534,,,,,,,5194119984976046,2025-07-30T14:49:29+08:00,2025-07,这样很方便诶，居然支支也能领到了，太方便了
,5194119320437534,,,,,,,5194386024958326,2025-07-31T08:26:38+08:00,2025-07,手丹的天机态动，支付宝及微信将进入历史垃圾...
,5194119320437534,,,,,,,5194204084703725,2025-07-30T20:23:40+08:00,2025-07,这让以前的计生家庭情何以堪呀！一对夫妻四个老人，还有六个的。以前的计生家庭也没啥奖励呀！
,5194119320437534,,,,,,,5194153585541529,2025-07-30T17:02:59+08:00,2025-07,#支付宝微信也能领育儿补贴# #最大限度精简育儿补贴申领材料# 
,5194119320437534,,,,,,,5194146169753220,2025-07-30T16:33:32+08:00,2025-07,需要的朋友可以使用哦#支付宝微信也能领育儿补贴# 
,5194119320437534,,,,,,,5194140424079097,2025-07-30T16:10:42+08:00,2025-07,支付宝也能领真的很方便
,5194119320437534,,,,,,,5194139458864196,2025-07-30T16:06:51+08:00,2025-07,#支付宝微信也能领育儿补贴# 这样会非常方便啦
,5194119320437534,,,,,,,5194131915672832,2025-07-30T15:36:54+08:00,2025-07,希望后续还有其他针对性的惠民政策[不愧是你]
人民日报,5194177682081418,2025-07-30 18:38,2025-07,both,family_childrearing|fertility|marriage,对象|生育|育儿,【转需！#育儿补贴制度详解来了#】什么时候能领？怎么领？#一文读懂育儿补贴政策##育儿补贴发放渠道#育儿补贴制度从2025年1月1日起实施补贴对象为符合法律、法规规定生育的3周岁以下婴幼儿，至其年满3周岁育儿补贴按年发放，补贴标准为每孩每年3600元8月下旬陆续开放育儿补贴申领，更多↓↓O什么时候能领？怎么领？育儿补贴制度详解来了,5194221244126232,2025-07-30T21:31:51+08:00,2025-07,我今天去社区去咨询了一下，我只是去咨询，工作人员说不知道，没接到通知，态度非常不耐烦[doge]
,5194177682081418,,,,,,,5194223466316221,2025-07-30T21:40:40+08:00,2025-07,为了每年的 3600三年 然后投入的更多 还是算了吧
,5194177682081418,,,,,,,5194265212485664,2025-07-31T00:26:33+08:00,2025-07,一年3600折下来一天9块多，刚好给自己买杯瑞幸，喝完更有精神带娃了[doge]
,5194177682081418,,,,,,,5194247454065451,2025-07-30T23:15:59+08:00,2025-07,按自己需求生，不可能[允悲]为了10800去生一个
,5194177682081418,,,,,,,5194223483098717,2025-07-30T21:40:45+08:00,2025-07,错过了几百亿，生了四个，最小的四岁了，愣是错过这泼天富贵[doge][doge]
,5194177682081418,,,,,,,5194272879936184,2025-07-31T00:57:02+08:00,2025-07,补贴还没下来，奶粉已经涨价了[awsl]
,5194177682081418,,,,,,,5194256461336761,2025-07-30T23:51:48+08:00,2025-07,刷到消息说有奶粉品牌出仓价已经涨了，这事儿真的假的
,5194177682081418,,,,,,,5194193846665658,2025-07-30T19:42:58+08:00,2025-07,#酒窝妈妈说# 从“不敢生”到“安心育”，这份育儿补贴是国家为家庭撑起的底气，一文在手，福利全有！#育儿补贴制度详解来了# 
,5194177682081418,,,,,,,5194400468569685,2025-07-31T09:24:02+08:00,2025-07,每月3600都不够还每年3600。。。
,5194177682081418,,,,,,,5194395825739089,2025-07-31T09:05:35+08:00,2025-07,我以为每个月3600呢[黑线]
,5194177682081418,,,,,,,5194392740562337,2025-07-31T08:53:19+08:00,2025-07,早10年都来不及了
,5194177682081418,,,,,,,5195519959498950,2025-08-03T11:32:28+08:00,2025-08,我出10800给我一个娃[不愧是你]
,5194177682081418,,,,,,,5194242042632398,2025-07-30T22:54:30+08:00,2025-07,我昨天去社区医院问了  也是同样回答   说没接到通知  不知道这个新闻
,5194177682081418,,,,,,,5194230433585443,2025-07-30T22:08:22+08:00,2025-07,国家发钱啦，一年发的钱能cover娃一个月氨基酸奶粉钱耶[融化]麻雀虽小也是肉哇
,5194177682081418,,,,,,,5194229389197587,2025-07-30T22:04:12+08:00,2025-07,100%会有人被骗，一定要宣传好
,5194177682081418,,,,,,,5195269907680704,2025-08-02T18:58:52+08:00,2025-08,#育儿补贴制度详解来了# #一文读懂育儿补贴政策# #育儿补贴发放渠道# 
,5194177682081418,,,,,,,5194392141038148,2025-07-31T08:50:55+08:00,2025-07,生了的时间超过了有点可惜，没生的也没必要为了几千块多生一个
,5194177682081418,,,,,,,5194240751045977,2025-07-30T22:49:22+08:00,2025-07,#育儿补贴#2025年1月1日前出生且未满3周岁的婴幼儿，可按剩余月份折算领取补贴（如2024年5月出生可领19个月）。 合法生育的3周岁以下婴幼儿，不分孩次、城乡、区域（一孩/二孩/三孩均享同等标准）#智搜分析我的刷博好搭子#我用微博智搜分析了这篇博文，一起来看看吧~ http://t.cn/A6FJDhxi 
,5194177682081418,,,,,,,5194178967375139,2025-07-30T18:43:52+08:00,2025-07,还没生孩子的将来可以领吗
,5194177682081418,,,,,,,5194404110533953,2025-07-31T09:38:30+08:00,2025-07,能不能给之前生娃的，别管几个，只要未满18岁孩子的家庭也一样补点儿[允悲][赞]
,5194177682081418,,,,,,,5194399178557608,2025-07-31T09:18:54+08:00,2025-07,3岁以上的啥也没赶上[允悲]
,5194177682081418,,,,,,,5194385974627758,2025-07-31T08:26:26+08:00,2025-07,90 00后加油！ 80后干不动了 们多领[可爱]
,5194177682081418,,,,,,,5194255400437278,2025-07-30T23:47:35+08:00,2025-07,2021年出生的不补了吗
,5194177682081418,,,,,,,5194254830012069,2025-07-30T23:45:19+08:00,2025-07,上海啥时候陪产假变成15天
,5194177682081418,,,,,,,5194224799583065,2025-07-30T21:45:59+08:00,2025-07,我家孩子生太早了。
,5194177682081418,,,,,,,5194191803517279,2025-07-30T19:34:52+08:00,2025-07,  热爱亲融一体，壮志倾凝聚，信仰操行。祖国的花朵，茁壮育苗秧。为人民、无前一往，力大同、跟党创华章。文明宰载维新运，正道汤泱。 
,5194177682081418,,,,,,,5194190004420799,2025-07-30T19:27:42+08:00,2025-07,关键什么时候能领
,5194177682081418,,,,,,,5194182763221445,2025-07-30T18:58:57+08:00,2025-07,要让刘亦菲8月1号来我家见过我时间在早上6七点钟
,5194177682081418,,,,,,,5194182046258913,2025-07-30T18:56:06+08:00,2025-07,今天下午我又差点被我父亲给打死，唉帝王之路不好走
,5194177682081418,,,,,,,5194395253212324,2025-07-31T09:03:18+08:00,2025-07,了解，请尽快下达地方[拜托]
,5194177682081418,,,,,,,5194232210137313,2025-07-30T22:15:26+08:00,2025-07,今年刚生的能领吗
,5194177682081418,,,,,,,5194251592008824,2025-07-30T23:32:27+08:00,2025-07,感受到了国家的用心[good]，一步一步来，会越来越好的
,5194177682081418,,,,,,,5194244037810081,2025-07-30T23:02:26+08:00,2025-07,以为是一个月3600育儿补贴。这个补贴，给的不错，就是数额太少了。当然考虑到僧多粥少，国家的实际情况。也表示赞扬和理解。比种地粮食直补给的多很多了。毕竟种孩子，是比种地拉动各种经济要立竿见影的。
,5194177682081418,,,,,,,5194402093336306,2025-07-31T09:30:29+08:00,2025-07,一个月3600还能考虑一下
,5194177682081418,,,,,,,5194261402489485,2025-07-31T00:11:26+08:00,2025-07,先把我独生子女假落实到位再说吧
人民日报,5194239455530553,2025-07-30 22:44,2025-07,fertility,family_childrearing|fertility,生育|育儿,【转需！#育儿补贴何时领怎么领在哪领#】#一图了解育儿补贴#国新办发布会介绍了育儿补贴制度及生育支持措施有关情况。育儿补贴谁可以领？何时领？怎么领？在哪领？一图了解↓↓O网页链接#育儿补贴发放渠道#,5194240827331302,2025-07-30T22:49:40+08:00,2025-07,跟我没有啥关系 但还是要点赞[酷]
,5194239455530553,,,,,,,5194285701137606,2025-07-31T01:47:59+08:00,2025-07,武汉大学的事啥时候说一下
,5194239455530553,,,,,,,5194252418029773,2025-07-30T23:35:44+08:00,2025-07,最近这信息发的有些密[思考]
,5194239455530553,,,,,,,5194252822776244,2025-07-30T23:37:20+08:00,2025-07,育儿补贴政策来了 大家来看看具体内容 有需要自取[鼓掌]  #育儿补贴何时领怎么领在哪领# #一图了解育儿补贴# 
,5194239455530553,,,,,,,5194361362973141,2025-07-31T06:48:38+08:00,2025-07,#育儿补贴何时领怎么领在哪领# #育儿补贴发放渠道# 
,5194239455530553,,,,,,,5194360511529876,2025-07-31T06:45:15+08:00,2025-07,好消息：可以领10800 坏消息：还没开通 [笑cry]
,5194239455530553,,,,,,,5194324050706763,2025-07-31T04:20:22+08:00,2025-07,国家网站，中国民政可以办理相关补助。
,5194239455530553,,,,,,,5194264713891940,2025-07-31T00:24:35+08:00,2025-07,对于一般人来说只是小激励，但对于贫困人口来说是雪中送炭。
,5194239455530553,,,,,,,5194250046411719,2025-07-30T23:26:18+08:00,2025-07,一个月三千六还差不多吧
,5194239455530553,,,,,,,5194248739888332,2025-07-30T23:21:07+08:00,2025-07,双胞胎领一份还是两份钱啊[允悲]
,5194239455530553,,,,,,,5194247928022214,2025-07-30T23:17:52+08:00,2025-07,多久发一次补贴？一个月一个月发吗
,5194239455530553,,,,,,,5194245347740522,2025-07-30T23:07:38+08:00,2025-07,这可能只解决部分问题
,5194239455530553,,,,,,,5194241603276512,2025-07-30T22:52:45+08:00,2025-07,哇塞，不错诶，多多少少给有小孩家庭减少了一些负担
,5194239455530553,,,,,,,5194240625218246,2025-07-30T22:48:52+08:00,2025-07,社区已经在开始行动了[good][good][笑cry]
,5194239455530553,,,,,,,5194251667246463,2025-07-30T23:32:45+08:00,2025-07,[心][心][心]看来大家也是摩拳擦掌啊[允悲]
央视新闻,5193428197180606,2025-07-28 17:00,2025-07,both,family_childrearing|fertility|marriage,家庭|对象|生育|育儿,#3岁以下婴幼儿每年补贴3600元#【#育儿补贴制度实施方案发布#扩散周知！】今天，中共中央办公厅、国务院办公厅发布《育儿补贴制度实施方案》，明确#对3岁以下婴幼儿发放育儿补贴#↓↓从2025年1月1日起，对符合法律法规规定生育的3周岁以下婴幼儿发放补贴。育儿补贴按年发放，现阶段国家基础标准为每孩每年3600元，发放补贴至婴幼儿年满3周岁。对2025年1月1日之前出生、不满3周岁的婴幼儿，按应补贴月数折算计发补贴。对按照育儿补贴制度规定发放的育儿补贴免征个人所得税。在最低生活保障对象、特困人员等救助对象认定时，育儿补贴不计入家庭或个人收入。育儿补贴由婴幼儿的父母一方或其他监护人按规定向婴幼儿户籍所在地申领。主要通过育儿补贴信息管理系统线上申请，也可线下申请。育儿补贴的发放渠道为申领人或婴幼儿的银行卡或其他金融账户，鼓励通过惠民惠农财政补贴资金“一卡通”或婴幼儿的社会保障卡发放。各省份结合实际确定具体发放时间，提高发放效率，确保补贴及时足额发放到位。点赞！转给更多人看到！（总台央视记者杨阳史迎春）O网页链接L央视新闻的微博视频,5193436668103571,2025-07-28T17:34:14+08:00,2025-07,方案明确：育儿补贴由婴幼儿的父母一方或其他监护人按规定向婴幼儿户籍所在地申领，主要通过育儿补贴信息管理系统线上申请，也可线下申请，各省份结合实际确定具体发放时间。据了解，相关部门正在抓紧推进各项准备工作。
,5193428197180606,,,,,,,5193435359218533,2025-07-28T17:29:02+08:00,2025-07,有总比没有强，迈出一步就比止步不前强，关键是体现了政策意图：实事求是，积极转向[good][good][good]
,5193428197180606,,,,,,,5193429316273550,2025-07-28T17:05:01+08:00,2025-07,二宝一岁半，可以领取，感谢国家
,5193428197180606,,,,,,,5193436414083790,2025-07-28T17:33:12+08:00,2025-07,80后什么好处都没捞着[泪奔]
,5193428197180606,,,,,,,5193430479144805,2025-07-28T17:09:38+08:00,2025-07,这是给95-00后适龄妇女的补贴，80后啥补贴也没有
,5193428197180606,,,,,,,5193430464467152,2025-07-28T17:09:35+08:00,2025-07,我是真会卡时间，我们家是2021年12月27号出生
,5193428197180606,,,,,,,5193429604634690,2025-07-28T17:06:10+08:00,2025-07,落实什么时候发放的时间更好[皱眉]
,5193428197180606,,,,,,,5193464175922757,2025-07-28T19:23:32+08:00,2025-07,都质疑300元能养活一个孩子吗？大哥大姐，看清楚，什么是补贴，人说的是补贴啊……
,5193428197180606,,,,,,,5193432580753866,2025-07-28T17:17:59+08:00,2025-07,有总比没有好，国家已经在努力了[允悲]领取申报途径在哪里🧐
,5193428197180606,,,,,,,5193435673791407,2025-07-28T17:30:17+08:00,2025-07,挺好啊， 直接开始发钱了 这个实在[开学季]
,5193428197180606,,,,,,,5193431339239424,2025-07-28T17:13:03+08:00,2025-07,免高中大学学费，医疗费全免 再每年给几千才差不多
,5193428197180606,,,,,,,5193434920915084,2025-07-28T17:27:17+08:00,2025-07,六岁以内都 给补助可以吗
,5193428197180606,,,,,,,5193451568104383,2025-07-28T18:33:25+08:00,2025-07,能不能给农村老人 多点养老金和补贴[泪]
,5193428197180606,,,,,,,5193452784191875,2025-07-28T18:38:16+08:00,2025-07,感谢国家感谢党，愿祖国越来越繁荣富强[爱你][爱你][爱你]
,5193428197180606,,,,,,,5193430730539521,2025-07-28T17:10:37+08:00,2025-07,21年12月的刚好领不到[doge]
,5193428197180606,,,,,,,5193435524633409,2025-07-28T17:29:41+08:00,2025-07,我家孩儿四岁了，啥也赶不上
,5193428197180606,,,,,,,5193433645583172,2025-07-28T17:22:13+08:00,2025-07,我还是先把自己养活了[捂嘴哭][捂嘴哭][捂嘴哭]刚刚被公司白嫖了三个月试用期叫我主动离职不给赔偿不给我缴五险一金来着[伤心][伤心][伤心][伤心]
,5193428197180606,,,,,,,5193441220759115,2025-07-28T17:52:19+08:00,2025-07,80 90 啥啥都没赶上 啥啥都又赶上了[微笑]
,5193428197180606,,,,,,,5193432478778788,2025-07-28T17:17:35+08:00,2025-07,钱虽然不算太多，但也很不错了[good]
,5193428197180606,,,,,,,5193458696328716,2025-07-28T19:01:46+08:00,2025-07,年轻人工作压力这么大 薪水还不高 好多人还没有工作 谁生孩子呢...
,5193428197180606,,,,,,,5193431766271919,2025-07-28T17:14:45+08:00,2025-07,武汉的怎么领有朋友知道吗
,5193428197180606,,,,,,,5193430029829571,2025-07-28T17:07:51+08:00,2025-07,2025年10月满三周岁可以领吧？
,5193428197180606,,,,,,,5193444104607672,2025-07-28T18:03:47+08:00,2025-07,19、20年高位买刚需房的各位，是不是正好错过了[doge][doge]
,5193428197180606,,,,,,,5193435264847905,2025-07-28T17:28:39+08:00,2025-07,只要你肯生娃娃，国家就会给补贴
,5193428197180606,,,,,,,5193432509186673,2025-07-28T17:17:42+08:00,2025-07,啥时候到山西，麻烦踢我一下[苦涩][苦涩]
,5193428197180606,,,,,,,5193429474869481,2025-07-28T17:05:38+08:00,2025-07,我只想知道广东有没有[苦涩]
,5193428197180606,,,,,,,5193431707027800,2025-07-28T17:14:31+08:00,2025-07,哪个单位发放，怎么办理手续？
,5193428197180606,,,,,,,5193458790957385,2025-07-28T19:02:07+08:00,2025-07,独生子女补助都要层层关卡
,5193428197180606,,,,,,,5193433258918132,2025-07-28T17:20:40+08:00,2025-07,关键江苏在哪领了，打电话工作人员都不知道[二哈]
,5193428197180606,,,,,,,5193432146380729,2025-07-28T17:16:16+08:00,2025-07,太苦了 21年10月的[苦涩][苦涩][苦涩]
,5193428197180606,,,,,,,5193445934894352,2025-07-28T18:11:03+08:00,2025-07,00年的独生子女补贴先发了再说
,5193428197180606,,,,,,,5193684639286829,2025-07-29T09:59:35+08:00,2025-07,支付宝搜：育儿补贴，有领取入口
,5193428197180606,,,,,,,5193451790142646,2025-07-28T18:34:19+08:00,2025-07,好好好，这个政策好，支持[鲜花]
,5193428197180606,,,,,,,5193471571002666,2025-07-28T19:52:55+08:00,2025-07,好消息，奶凶奶凶的娃娃都开始领俸禄了，好棒[心][心][心]
,5193428197180606,,,,,,,5193438431019044,2025-07-28T17:41:13+08:00,2025-07,想赶的赶不上，不想赶上的都赶上了，80后默默苦涩[允悲]
,5193428197180606,,,,,,,5193431508845609,2025-07-28T17:13:44+08:00,2025-07,挺好，什么时候开放申请呀
,5193428197180606,,,,,,,5193651137283660,2025-07-29T07:46:27+08:00,2025-07,只要别再搞 个别城市就行 希望可以落实到每家
,5193428197180606,,,,,,,5193431972578310,2025-07-28T17:15:34+08:00,2025-07,所以这个系统在哪？
,5193428197180606,,,,,,,5193435621363243,2025-07-28T17:30:04+08:00,2025-07,80/90交的钱最多，享受福利最好[允悲]按住使劲薅羊毛[笑cry]
,5193428197180606,,,,,,,5193431399796577,2025-07-28T17:13:18+08:00,2025-07,知道了，1万块钱也干不了啥事
,5193428197180606,,,,,,,5193641041068532,2025-07-29T07:06:20+08:00,2025-07,80后真是完美赶上每一次，又完美错过每一次。
,5193428197180606,,,,,,,5193544084231943,2025-07-29T00:41:04+08:00,2025-07,起码累着了呀，咱房子买得贵，孩子养得贵[泪奔]//@暖暖的姜撞奶:80后什么好处都没捞着[泪奔]
,5193428197180606,,,,,,,5193513132099717,2025-07-28T22:38:04+08:00,2025-07,再多钱我也不要了
,5193428197180606,,,,,,,5193483687559844,2025-07-28T20:41:03+08:00,2025-07,这波福利又错过了，虽然每个月没有很多💰，但是比起我们这些前几年出生的娃来说，已经很不错啦[羞嗒嗒]
,5193428197180606,,,,,,,5193474760775839,2025-07-28T20:05:36+08:00,2025-07,一天就用完了，买一个婴儿车就没了[汗]
,5193428197180606,,,,,,,5193439368971934,2025-07-28T17:44:58+08:00,2025-07,2025年以后出生的没有补贴吗？只有22年到24年的有吗？？？谁能回复一下我
,5193428197180606,,,,,,,5193435315439864,2025-07-28T17:28:51+08:00,2025-07,今年生的孩子不算吗 是这个意思吗
,5193428197180606,,,,,,,5193485479055731,2025-07-28T20:48:11+08:00,2025-07,又是针对80后的政策💔
,5193428197180606,,,,,,,5193465923112118,2025-07-28T19:30:29+08:00,2025-07,建议征收单身税＋避孕套凭票领取
,5193428197180606,,,,,,,5193472602539710,2025-07-28T19:57:01+08:00,2025-07,不知道释大师赶上了没有？
,5193428197180606,,,,,,,5193441667450172,2025-07-28T17:54:06+08:00,2025-07,农村户口呢？ 也可以吗？请教一下，父母都没有工作，请问也可以领取吗？请教一下
,5193428197180606,,,,,,,5193432500012386,2025-07-28T17:17:40+08:00,2025-07,再来个结婚补助[doge]再来个住房补助[doge]
,5193428197180606,,,,,,,5193575635616174,2025-07-29T02:46:26+08:00,2025-07,我儿每个月的纸尿裤有了[期待]
,5193428197180606,,,,,,,5193562928974080,2025-07-29T01:55:57+08:00,2025-07,能多一点补贴就更好了，这样很多人就愿意多生了！[嘻嘻]
,5193428197180606,,,,,,,5193514355789370,2025-07-28T22:42:56+08:00,2025-07,为啥我总是啥也赶不上
,5193428197180606,,,,,,,5193476029548092,2025-07-28T20:10:38+08:00,2025-07,2个小孩都完美错过[允悲]
,5193428197180606,,,,,,,5193436439250718,2025-07-28T17:33:19+08:00,2025-07,我想知道地方什么时候开始实施呢[汗]
,5193428197180606,,,,,,,5193433371118295,2025-07-28T17:21:08+08:00,2025-07,北京的汽车摇号阻碍了结婚生子
,5193428197180606,,,,,,,5193481704181883,2025-07-28T20:33:11+08:00,2025-07,80后又啥也没赶上 正好赶上大学学费涨价哈哈哈
,5193428197180606,,,,,,,5193458119344329,2025-07-28T18:59:27+08:00,2025-07,为什么受伤的总是我们80后
,5193428197180606,,,,,,,5193435575223757,2025-07-28T17:29:53+08:00,2025-07,俺三岁半，完美错过！[哈哈][哈哈]
,5193428197180606,,,,,,,5193686955593469,2025-07-29T10:08:47+08:00,2025-07,回复@暖暖的姜撞奶:90初的什么好处也没，真的[笑cry]
,5193428197180606,,,,,,,5193636574921362,2025-07-29T06:48:35+08:00,2025-07,21年10月生的宝宝，一分钱也领不到
,5193428197180606,,,,,,,5193600813498583,2025-07-29T04:26:29+08:00,2025-07,又是一个历史性的政策！
,5193428197180606,,,,,,,5193498531992770,2025-07-28T21:40:03+08:00,2025-07,80后就是最苦最惨的一代人！
,5193428197180606,,,,,,,5193476239264222,2025-07-28T20:11:28+08:00,2025-07,要不5岁以内，娃4岁了都[无聊]
,5193428197180606,,,,,,,5193468612970898,2025-07-28T19:41:10+08:00,2025-07,[doge]就什么也赶不上趟就对了[允悲]
,5193428197180606,,,,,,,5193439721558468,2025-07-28T17:46:22+08:00,2025-07,等待国家进一步落实发放时间
,5193428197180606,,,,,,,5193431578050956,2025-07-28T17:13:59+08:00,2025-07,呵呵，刚满三周岁4天[微笑][微笑][微笑]
,5193428197180606,,,,,,,5193436114193184,2025-07-28T17:32:02+08:00,2025-07,真嘟假嘟，怎么之前问了说没有的
,5193428197180606,,,,,,,5196023137570363,2025-08-04T20:51:56+08:00,2025-08,"奶粉怎么涨了30,合着补贴要被企业薅走？"
,5193428197180606,,,,,,,5193761451150853,2025-07-29T15:04:48+08:00,2025-07,80后二胎爸爸，啥福利都没赶上[二哈]
,5193428197180606,,,,,,,5193744426208307,2025-07-29T13:57:09+08:00,2025-07,比残疾人每个月的补贴还多，真的，唉！
,5193428197180606,,,,,,,5193730617247962,2025-07-29T13:02:17+08:00,2025-07,人民生活越来越好了[赞]
,5193428197180606,,,,,,,5193670915787050,2025-07-29T09:05:03+08:00,2025-07,这可比一孩时一年补得多哟
,5193428197180606,,,,,,,5193620712063412,2025-07-29T05:45:33+08:00,2025-07,苦了只生一个好的那一代
央视新闻,5193429338559170,2025-07-28 17:05,2025-07,both,family_childrearing|fertility|marriage,家庭|对象|生育|育儿,#育儿补贴免征个人所得税#【转发了解！#育儿补贴标准#】今天，#育儿补贴制度实施方案发布#。《实施方案》明确，建立实施育儿补贴制度：①从2025年1月1日起，对符合法律法规规定生育的3周岁以下婴幼儿发放补贴，至其年满3周岁。②育儿补贴按年发放，现阶段国家基础标准为每孩每年3600元。其中，对2025年1月1日之前出生、不满3周岁的婴幼儿，按应补贴月数折算计发补贴。③对按照育儿补贴制度规定发放的育儿补贴免征个人所得税。在最低生活保障对象、特困人员等救助对象认定时，育儿补贴不计入家庭或个人收入。（总台央视记者杨阳史迎春）L央视新闻的微博视频,5193433352244127,2025-07-28T17:21:03+08:00,2025-07,钱不多。但能发钱就是进步。
,5193429338559170,,,,,,,5193432031297664,2025-07-28T17:15:47+08:00,2025-07,以为一月3000，结果是一年，好吧打扰了[笑cry]
,5193429338559170,,,,,,,5193435346637153,2025-07-28T17:28:59+08:00,2025-07,[doge]知足了，以前还不发钱呢 现在还能给一年这些补助
,5193429338559170,,,,,,,5193452406703422,2025-07-28T18:36:46+08:00,2025-07,谁家生了小孩差这一万多？不生的才差好吗？而且差的不止这一万多
,5193429338559170,,,,,,,5193430588458382,2025-07-28T17:10:04+08:00,2025-07,学龄儿童的家庭，求补贴啊。
,5193429338559170,,,,,,,5193433280942071,2025-07-28T17:20:46+08:00,2025-07,育儿假放个1天/周我马上生，五年生仨！
,5193429338559170,,,,,,,5193440662652362,2025-07-28T17:50:06+08:00,2025-07,那我小时候交的社会抚养费可以退回来吗？
,5193429338559170,,,,,,,5193436610169348,2025-07-28T17:34:00+08:00,2025-07,不是，为啥只限制在三周岁？应该五周岁
,5193429338559170,,,,,,,5193442286371045,2025-07-28T17:56:32+08:00,2025-07,幼儿园免费政策什么时候能落地，娃马上要上幼儿园了
,5193429338559170,,,,,,,5193467787739574,2025-07-28T19:37:52+08:00,2025-07,其实我感觉把免费托儿到晚上 8 点更有意义。要不然每天 3 点下课真心没人接
,5193429338559170,,,,,,,5193434613680786,2025-07-28T17:26:04+08:00,2025-07,我想知道到底去哪里领，去哪里申请？之前就看到过，在当地问了一圈都说没有。
,5193429338559170,,,,,,,5193441749238429,2025-07-28T17:54:25+08:00,2025-07,我妈生我罚的钱，我姑娘刚好给挣回来了[裂开]
,5193429338559170,,,,,,,5193450431191040,2025-07-28T18:28:55+08:00,2025-07,我女儿23年8月出生，白赚6000，感谢党，感谢政府
,5193429338559170,,,,,,,5193578599153934,2025-07-29T02:58:13+08:00,2025-07,休产假都扣钱，谈何育儿补贴[拜拜]
,5193429338559170,,,,,,,5193454872692993,2025-07-28T18:46:34+08:00,2025-07,三周岁以上不用钱了吗？
,5193429338559170,,,,,,,5193508949590297,2025-07-28T22:21:26+08:00,2025-07,一个月300是合理的，只是建议延长到学龄前，三年不太够
,5193429338559170,,,,,,,5193484572561604,2025-07-28T20:44:35+08:00,2025-07,幼儿园的求补贴！只是早出生了几天，就啥也没有吗
,5193429338559170,,,,,,,5193542800508987,2025-07-29T00:35:58+08:00,2025-07,什么好政策都没赶上[泪][泪][泪]学龄前儿童免费上幼儿园估计实施的时候也轮不到我[捂嘴哭][捂嘴哭][捂嘴哭]
,5193429338559170,,,,,,,5193445163666103,2025-07-28T18:07:59+08:00,2025-07,有点少，至少2万吧
,5193429338559170,,,,,,,5193430116599230,2025-07-28T17:08:12+08:00,2025-07,怎么领，还可以领几个月[笑cry]
,5193429338559170,,,,,,,5193436867070955,2025-07-28T17:35:01+08:00,2025-07,申领程序在哪个平台？
,5193429338559170,,,,,,,5193450811295419,2025-07-28T18:30:26+08:00,2025-07,没有交社保也可以领吗
,5193429338559170,,,,,,,5193437735029106,2025-07-28T17:38:28+08:00,2025-07,二胎三胎补助政策同步执行吗？
,5193429338559170,,,,,,,5193476987950925,2025-07-28T20:14:27+08:00,2025-07,为什么我养了三年只有几百，养了大半年就有一万呀
,5193429338559170,,,,,,,5193669472682415,2025-07-29T08:59:18+08:00,2025-07,@yimochenai张
,5193429338559170,,,,,,,5193642683662638,2025-07-29T07:12:51+08:00,2025-07,完美错过，薅不上这个羊毛了，不知道免费学期能不能遇上。[允悲]
,5193429338559170,,,,,,,5193493496725839,2025-07-28T21:20:02+08:00,2025-07,补贴，狠狠地补贴。祖国需要更多的花朵，社会主义需要更多的接班人！[good][good]
,5193429338559170,,,,,,,5193469031088243,2025-07-28T19:42:49+08:00,2025-07,可以了可以了 总比什么都没有的好 云南什么时候能领？
,5193429338559170,,,,,,,5193469020865471,2025-07-28T19:42:47+08:00,2025-07,啥时候能领？上哪儿领？原来说的二孩补贴也没落实呢[doge][doge][doge]
,5193429338559170,,,,,,,5193453706679590,2025-07-28T18:41:56+08:00,2025-07,支持支持，钱不多，能发就是好事。
,5193429338559170,,,,,,,5193447667404164,2025-07-28T18:17:56+08:00,2025-07,30岁以下就不可以了吗？现在大学生就业这么困难[笑cry]
,5193429338559170,,,,,,,5193447360171238,2025-07-28T18:16:43+08:00,2025-07,那就是三年到头发10800
,5193429338559170,,,,,,,5193444922233907,2025-07-28T18:07:02+08:00,2025-07,生早了，21年生的啥也没有
,5193429338559170,,,,,,,5193437575909204,2025-07-28T17:37:50+08:00,2025-07,网站在哪呀，刚去搜都没有呀，有人知道的吗
,5193429338559170,,,,,,,5193671798424744,2025-07-29T09:08:33+08:00,2025-07,一个月300 [doge]每个月补贴一罐奶粉钱💰 不错了 我听说我闺蜜他娃儿一罐奶粉都要300多 而且隔2个小时就要吃150ml[允悲][允悲] 一罐奶粉估计也吃不了多少天[允悲]
,5193429338559170,,,,,,,5193668824140170,2025-07-29T08:56:44+08:00,2025-07,哎呦，不错呀，有种天上掉钱了的感觉。
,5193429338559170,,,,,,,5193621642412359,2025-07-29T05:49:15+08:00,2025-07,怎么算这个？我家二宝22年2月的，能领一个月？
,5193429338559170,,,,,,,5193557658829455,2025-07-29T01:35:00+08:00,2025-07,当你感觉一个人突然变了，其实并不是他变了，而是你对他来说已经没有价值了，他不需要再陪你演戏了。#财宝宝[超话]##千粉杰青#   #育儿补贴免征个人所得税# 钱虽然不多，但起码是一个态度，再多一点，我就生十几个，到时候让他们去参加村超，[嘻嘻][嘻嘻][嘻嘻]
,5193429338559170,,,,,,,5193503711694359,2025-07-28T22:00:38+08:00,2025-07,#育儿补贴免征个人所得税#  “一孩一卡直达账户，免税补贴成了数字治理的毛细血管——从此国家善意不必经过‘层层转手’的损耗。”
,5193429338559170,,,,,,,5193503485467745,2025-07-28T21:59:44+08:00,2025-07,要是幼儿园学费也能免了就好了
,5193429338559170,,,,,,,5193503346262444,2025-07-28T21:59:10+08:00,2025-07,太好了，你们多生点吧！[太开心]
,5193429338559170,,,,,,,5193500988804290,2025-07-28T21:49:49+08:00,2025-07,2020年的没有[捂嘴哭]
,5193429338559170,,,,,,,5193495846851712,2025-07-28T21:29:23+08:00,2025-07,能不能落实啊，二胎补贴政策同一个镇上的，我老公他们那个村就没有，另外一个就有[融化]
,5193429338559170,,,,,,,5193491743247294,2025-07-28T21:13:05+08:00,2025-07,我的周边娃娃也是我的小宝宝，可以申请嘛[馋嘴]
,5193429338559170,,,,,,,5193481985462382,2025-07-28T20:34:18+08:00,2025-07,#育儿补贴免征个人所得税# 发育儿补贴，虽然不多。但是发了总比不发好。免征个人所得税。 #育儿补贴标准# #育儿补贴制度实施方案发布# 
,5193429338559170,,,,,,,5193475144024205,2025-07-28T20:07:06+08:00,2025-07,比起我被欠的薪水来说，这三瓜两枣的够解决啥问题[允悲]
,5193429338559170,,,,,,,5193473495663570,2025-07-28T20:00:33+08:00,2025-07,一胎也有了#育儿补贴标准# 
,5193429338559170,,,,,,,5193472386532569,2025-07-28T19:56:10+08:00,2025-07,浙江什么时候开始
,5193429338559170,,,,,,,5193469880699559,2025-07-28T19:46:12+08:00,2025-07,补贴到3岁。。。孩子是只活3年吗
,5193429338559170,,,,,,,5193453197857500,2025-07-28T18:39:55+08:00,2025-07,#育儿补贴免征个人所得税# 社会在进步[good][good]
,5193429338559170,,,,,,,5193452239457668,2025-07-28T18:36:06+08:00,2025-07,在哪申请啊#育儿补贴免征个人所得税# 
,5193429338559170,,,,,,,5193441038307043,2025-07-28T17:51:36+08:00,2025-07,我都没有赶上好时候，[允悲]
,5193429338559170,,,,,,,5193522141725312,2025-07-28T23:13:51+08:00,2025-07,[无聊]我家宝宝刚好错过，21年的
,5193429338559170,,,,,,,5194247783318351,2025-07-30T23:17:18+08:00,2025-07,#育儿补贴免征个人所得税# 好消息
,5193429338559170,,,,,,,5194107882575886,2025-07-30T14:01:24+08:00,2025-07,回复@m_mfly668 的表态:今年开始好像公办幼儿园免费了，也是义务教育了
,5193429338559170,,,,,,,5194105551850470,2025-07-30T13:52:08+08:00,2025-07,失独补贴能不能按时发放，过去响应号召的，现在的孤独老人太可怜了，应及时发放
,5193429338559170,,,,,,,5194095920152959,2025-07-30T13:13:51+08:00,2025-07,我们这差十来天的[允悲]
,5193429338559170,,,,,,,5194088098826749,2025-07-30T12:42:47+08:00,2025-07,体制内单位都不给育儿假的…
央视新闻,5194087373474670,2025-07-30 12:39,2025-07,fertility,family_childrearing|fertility,生育|育儿,【关注！#国新办发布会介绍育儿补贴#】#育儿补贴制度及生育支持措施介绍#国务院新闻办公室今天14时举行新闻发布会，请国家卫生健康委副主任郭燕红和财政部、国家医保局、全国总工会有关负责人介绍育儿补贴制度及生育支持措施有关情况，并答记者问。,5194097762503712,2025-07-30T13:21:11+08:00,2025-07,每个月3000就考虑生一个
央视新闻,5194105052201207,2025-07-30 13:50,2025-07,fertility,family_childrearing|fertility,生育|育儿,#育儿补贴制度及生育支持措施介绍#【直播！#国新办发布会介绍育儿补贴#】今天，国新办新闻发布会举行，国家卫生健康委副主任郭燕红和财政部、国家医保局、全国总工会有关负责人介绍育儿补贴制度及生育支持措施有关情况，并答记者问。关注！#3岁以下婴幼儿每年补贴3600元#央视新闻的微博直播,5194115083929709,2025-07-30T14:30:01+08:00,2025-07,挺好的，对于要生宝宝及符合条件的家庭来讲是锦上添花了
,5194105052201207,,,,,,,5194111330289519,2025-07-30T14:15:06+08:00,2025-07,好！中国加油！越来越好！🇨🇳🇨🇳🇨🇳👍🏼👍🏼👍🏼💐💐💐👏👏👏
,5194105052201207,,,,,,,5194109356608001,2025-07-30T14:07:15+08:00,2025-07,几号开始可以申请
,5194105052201207,,,,,,,5194110692754705,2025-07-30T14:12:34+08:00,2025-07,感恩种花家🙏给孩子发红包啦[比耶]
,5194105052201207,,,,,,,5194110455777678,2025-07-30T14:11:37+08:00,2025-07,能发钱就不错了，福利政策会陆陆续续好起来嘛
央视新闻,5194111570677194,2025-07-30 14:16,2025-07,fertility,family_childrearing,家庭|育儿,【#育儿补贴每年惠及上千万个家庭#】#国新办发布会介绍育儿补贴#：育儿补贴每年惠及上千万个家庭，可以为家庭育儿提供基础性支持，改善育儿条件，助力幼有所育。（总台央视记者杨阳史迎春）L央视新闻的微博视频,5194112315693682,2025-07-30T14:19:01+08:00,2025-07,每天缓缓才能生活，外面压力真大呀……压力三大座……[害羞]
,5194111570677194,,,,,,,5194112638911814,2025-07-30T14:20:18+08:00,2025-07,一年出生人口有1000万么。。
,5194111570677194,,,,,,,5194142835279453,2025-07-30T16:20:17+08:00,2025-07,“育儿补贴补助资金”今年初步安排预算900亿元左右
,5194111570677194,,,,,,,5194173730260348,2025-07-30T18:23:03+08:00,2025-07,少生优生幸福一生
,5194111570677194,,,,,,,5194144693882697,2025-07-30T16:27:40+08:00,2025-07,我19年生了个儿子，20年买了房，21年又生了个儿子，社会责任承担了，不知道学前教育免费等社会福利还能落我头上不[允悲]
,5194111570677194,,,,,,,5194132930955868,2025-07-30T15:40:56+08:00,2025-07,80后真是啥都错过了啊，育儿补贴没赶上，幼儿园免费也赶不上了
,5194111570677194,,,,,,,5194122136653342,2025-07-30T14:58:02+08:00,2025-07,还是这消费券实在，满68万减1万
,5194111570677194,,,,,,,5194112703663135,2025-07-30T14:20:33+08:00,2025-07,孩子是家庭和国家的未来，是经济持续繁荣的前提
,5194111570677194,,,,,,,5194111898617287,2025-07-30T14:17:21+08:00,2025-07,80后好处是一个没赶上
,5194111570677194,,,,,,,5194122529082423,2025-07-30T14:59:36+08:00,2025-07,很早就说了，现在我家小宝都要5周岁了，硬是没赶上[允悲]
,5194111570677194,,,,,,,5194117394989726,2025-07-30T14:39:11+08:00,2025-07,政策暖人心，育儿有保障
,5194111570677194,,,,,,,5194114815493340,2025-07-30T14:28:57+08:00,2025-07,我们2015年出生，消费最贵的时候，房价最高的时候，工资最低的时候，所以我们凭什么没有补贴呢?
,5194111570677194,,,,,,,5196236961354750,2025-08-05T11:01:36+08:00,2025-08,奶粉纸尿布涨价了。
,5194111570677194,,,,,,,5194417654203102,2025-07-31T10:32:19+08:00,2025-07,反正708090家庭极少有享受国家的   税交了一堆 社保买了十来年，国家什么都没有给这三代人考虑
,5194111570677194,,,,,,,5194138611355375,2025-07-30T16:03:30+08:00,2025-07,80后是什么限制政策都赶上了，好政策一个没遇到[允悲]
,5194111570677194,,,,,,,5194123713711407,2025-07-30T15:04:18+08:00,2025-07,都是给公务员发福利，最大的受益者就是他们了
,5194111570677194,,,,,,,5194116724164442,2025-07-30T14:36:32+08:00,2025-07,啥好政策都赶不上[允悲]
,5194111570677194,,,,,,,5194114627014901,2025-07-30T14:28:12+08:00,2025-07,退休人员的独生子女费也应同步提高。
央视新闻,5194112984156092,2025-07-30 14:21,2025-07,fertility,family_childrearing,育儿,#育儿补贴初步安排预算900亿元左右#【#初步预算900亿元左右育儿补贴#】#国新办发布会介绍育儿补贴#：按照中办、国办印发的《育儿补贴制度实施方案》部署，中央财政将设立共同财政事权转移支付项目“育儿补贴补助资金”，今年初步安排预算900亿元左右。（总台央视记者杨阳史迎春）L央视新闻的微博视频O网页链接,5194113125191201,2025-07-30T14:22:14+08:00,2025-07,什么时候法定所有单位必须双休啊
,5194112984156092,,,,,,,5194121108524783,2025-07-30T14:53:57+08:00,2025-07,什么时候加班有加班费？[允悲]什么时候不用加班[允悲][允悲][允悲]
,5194112984156092,,,,,,,5194113108673347,2025-07-30T14:22:10+08:00,2025-07,武大什么时候报道
,5194112984156092,,,,,,,5194129833201723,2025-07-30T15:28:37+08:00,2025-07,能不能赶紧实施幼儿园免费呀？[笑cry]
,5194112984156092,,,,,,,5194113817249211,2025-07-30T14:24:58+08:00,2025-07,之前的呢 退钱退钱
,5194112984156092,,,,,,,5194169979245330,2025-07-30T18:08:09+08:00,2025-07,反正我是一分钱也没薅到[裂开]
,5194112984156092,,,,,,,5194123218521919,2025-07-30T15:02:20+08:00,2025-07,80后没几个能领吧，悲催
,5194112984156092,,,,,,,5194118122968959,2025-07-30T14:42:05+08:00,2025-07,高铁还免费到6岁呢
,5194112984156092,,,,,,,5194184514340505,2025-07-30T19:05:54+08:00,2025-07,下一步，学前教育免费
,5194112984156092,,,,,,,5194403471951531,2025-07-31T09:35:58+08:00,2025-07,先解决偷拍问题吧
,5194112984156092,,,,,,,5194126137755575,2025-07-30T15:13:56+08:00,2025-07,有钱人的根本不需要这个补贴。
,5194112984156092,,,,,,,5194550093025199,2025-07-31T19:18:35+08:00,2025-07,物管费一年都多少  应该取消物管费
,5194112984156092,,,,,,,5194475892116697,2025-07-31T14:23:44+08:00,2025-07,你把食品安全搞好了我就特别感谢
,5194112984156092,,,,,,,5194417275405349,2025-07-31T10:30:49+08:00,2025-07,708090  补偿吗   真心寒
,5194112984156092,,,,,,,5194295976133105,2025-07-31T02:28:49+08:00,2025-07,什么时候正常发工资啊？
,5194112984156092,,,,,,,5194169418778527,2025-07-30T18:05:55+08:00,2025-07,"去看看你们现在买的奶粉,和一周前相比是不是涨了不是一星半点[流鼻血]"
,5194112984156092,,,,,,,5194126870185237,2025-07-30T15:16:51+08:00,2025-07,这个消息一出来就备受关注
,5194112984156092,,,,,,,5194470603623367,2025-07-31T14:02:43+08:00,2025-07,为什么是2022年生的开始，另外以前超生被罚的可以退回吗
,5194112984156092,,,,,,,5194156965363735,2025-07-30T17:16:25+08:00,2025-07,2023年申请的创业补贴啥时候能发到手[允悲]
,5194112984156092,,,,,,,5194126469370307,2025-07-30T15:15:15+08:00,2025-07,1千万人*3年的预算。。
,5194112984156092,,,,,,,5194124363829906,2025-07-30T15:06:53+08:00,2025-07,83万个娃娃可以领[鼓掌][鼓掌]
,5194112984156092,,,,,,,5194126924712767,2025-07-30T15:17:04+08:00,2025-07,真正落入育儿的家庭是少之又少
,5194112984156092,,,,,,,5194123069886253,2025-07-30T15:01:45+08:00,2025-07,多大小孩可以申领？
,5194112984156092,,,,,,,5194119630560080,2025-07-30T14:48:05+08:00,2025-07,#育儿补贴初步安排预算900亿元左右# 关注了#初步预算900亿元左右育儿补贴# 
,5194112984156092,,,,,,,5194113248398611,2025-07-30T14:22:43+08:00,2025-07,什么时候开始实行啊
,5194112984156092,,,,,,,5195157680688375,2025-08-02T11:32:55+08:00,2025-08,上面再好的政策到下面就是一张空头支票，河南的例子又不是没看过
,5194112984156092,,,,,,,5194141048766613,2025-07-30T16:13:10+08:00,2025-07,大家来研究下 这个资金要怎么贪才好
,5194112984156092,,,,,,,5196564054153033,2025-08-06T08:41:21+08:00,2025-08,更可怕的是奶粉尿不湿在补助后都开始涨价，真的不要一点脸了，国家的政策旨在减轻大众负担，下游链都把这钱看到眼里了吗？
,5194112984156092,,,,,,,5194485627880778,2025-07-31T15:02:25+08:00,2025-07,笑死，你要真能发到我手上我认输
,5194112984156092,,,,,,,5194443713678076,2025-07-31T12:15:52+08:00,2025-07,如果没有贪污的情况下，可以补贴8百多万幼儿
,5194112984156092,,,,,,,5194439414779339,2025-07-31T11:58:47+08:00,2025-07,肚子里的蛇宝真的是出生自带纸尿裤了（还不确定够不够一个月，但是有比没有好！）
,5194112984156092,,,,,,,5194406038866902,2025-07-31T09:46:10+08:00,2025-07,为什么80后没有？补贴也没有，学前教育免费的也没有？80后真的是亏人的一代吗
,5194112984156092,,,,,,,5194388714030493,2025-07-31T08:37:19+08:00,2025-07,给非洲那些老黑一句话就免除17国几百亿债务，真是彰显大国风范啊
央视新闻,5194608042838813,2025-07-31 23:08,2025-07,fertility,family_childrearing|fertility,家庭|生育|育儿,【#2个关键点读懂育儿补贴含金量#】8月下旬，各地将陆续开放育儿补贴申领，每孩每年发放3600元育儿补贴，直至孩子年满3周岁。这是我国首次全国范围内直接发放育儿现金补贴。育儿补贴的含金量，不仅在于用真金白银帮助育儿家庭减轻负担，还在于树立了鲜明的政策导向，体现了国家建设生育友好型社会的决心。育儿补贴制度并不是“单点突破”，背后还有一整套系统的生育支持措施。去年，国务院办公厅印发重要文件，从产假、托育、教育、住房等多维度提出了一揽子举措。持续构建生育友好型社会，实实在在解决大家在育儿方面的所忧所盼，让育儿更少些负担、更多些甜蜜，托举起的不仅是亿万家庭稳稳的幸福，也是祖国花朵美好的未来。#主播说联播#L央视新闻的微博视频,5194608272999175,2025-07-31T23:09:45+08:00,2025-07,这个政策太好了[抱一抱][抱一抱]愿祖国越来越好
新华社,5193452405134019,2025-07-28 18:36,2025-07,fertility,family_childrearing,育儿,【新华社权威速览｜#国家育儿补贴制度问答#】详戳↓,5193459732584243,2025-07-28T19:05:53+08:00,2025-07,有没有幼儿园也纳入义务教育？
,5193452405134019,,,,,,,5193480989316947,2025-07-28T20:30:21+08:00,2025-07,3600在大城市算不得什么大钱，但在更下沉的地方，3600几乎就是几个月的房租。哪怕不用付房租的人，3600在大多数二三线的地方也够一个家庭一个月的生活费了。能帮助到需要的人就是好事。
,5193452405134019,,,,,,,5193501857810963,2025-07-28T21:53:16+08:00,2025-07,再一次辜负了可怜的80后们
,5193452405134019,,,,,,,5193460682328173,2025-07-28T19:09:39+08:00,2025-07,小葫芦的成长基金又进一笔钱[彩虹屁][彩虹屁][彩虹屁]
,5193452405134019,,,,,,,5193476501407724,2025-07-28T20:12:31+08:00,2025-07,图错了 下面数字怎么都变3600
,5193452405134019,,,,,,,5193453950471651,2025-07-28T18:42:54+08:00,2025-07,2026 2027空格容易引起误解，为什么不写0或者/掉
,5193452405134019,,,,,,,5193676468782740,2025-07-29T09:27:07+08:00,2025-07,为什么不从20年开始，晕死了
,5193452405134019,,,,,,,5193456070951798,2025-07-28T18:51:19+08:00,2025-07,招工少些女性生育的顾虑更好些
新华社,5194112821366088,2025-07-30 14:21,2025-07,fertility,family_childrearing,育儿,#今年育儿补贴补助资金预算900亿元左右#【财政部：今年初步安排育儿补贴补助资金预算900亿元左右】新华社快讯：财政部社会保障司司长郭阳7月30日在国新办新闻发布会上表示，按照部署，中央财政将设立共同财政事权转移支付项目“育儿补贴补助资金”，今年初步安排预算900亿元左右。对于发放国家基础标准补贴所需资金，中央财政按照一定比例对地方予以补助，中央总体承担约90%。L新华社的微博视频,5194162728601711,2025-07-30T17:39:20+08:00,2025-07,乡村边远地区，别被截留了。保证人卡统一，取钱时确认本人，并告知政策，补助完全用于孩子的抚养。
,5194112821366088,,,,,,,5194119230263191,2025-07-30T14:46:29+08:00,2025-07,总是好事，慢慢来吧
,5194112821366088,,,,,,,5194196941539654,2025-07-30T19:55:17+08:00,2025-07,此次900亿元育儿补贴预算，是中央财政对人口发展战略的实质性投入，结合简化申领流程和普惠性设计，短期内可降低家庭生育焦虑。未来需观察地方配套政策落地效能及全生命周期支持体系（如托幼、教育减负）的协同推进，以形成可持续生育激励。 有0-3岁婴幼儿的家庭，建议关注8月下旬属地政务平台通知，及
,5194112821366088,,,,,,,5194214935890668,2025-07-30T21:06:47+08:00,2025-07,没有交社保有这个补贴吗
,5194112821366088,,,,,,,5194231683486122,2025-07-30T22:13:20+08:00,2025-07,同步也得降低下存量房贷利率，这个是大头
,5194112821366088,,,,,,,5194200682862898,2025-07-30T20:10:09+08:00,2025-07,哈哈哈我是当年超生的[苦涩]
,5194112821366088,,,,,,,5194196505593866,2025-07-30T19:53:33+08:00,2025-07,2500w家庭受益[打call]
,5194112821366088,,,,,,,5194160051326970,2025-07-30T17:28:42+08:00,2025-07,几号正式申领啊，坐标成都
,5194112821366088,,,,,,,5194127830680779,2025-07-30T15:20:40+08:00,2025-07,说实话不如给农村涨涨养老金
,5194112821366088,,,,,,,5194364850538576,2025-07-31T07:02:30+08:00,2025-07,政策太好了，再也不会出现超生游击队之事了
,5194112821366088,,,,,,,5194170394481053,2025-07-30T18:09:48+08:00,2025-07,900亿除以3600元，等于领补贴人数吧。别被多出来的领了
,5194112821366088,,,,,,,5194170444552471,2025-07-30T18:10:00+08:00,2025-07,#今年育儿补贴补助资金预算900亿元左右# ，总之就一句话，那些家里有3岁以下婴幼儿的记得去申领！！！！我也卷发给我家亲戚看～
,5194112821366088,,,,,,,5194159497416379,2025-07-30T17:26:30+08:00,2025-07,900亿里能不能分我点 让我买房子[融化]
,5194112821366088,,,,,,,5194122790961927,2025-07-30T15:00:37+08:00,2025-07,最终还是得看疗效，生育率没变化只能说还是不够
,5194112821366088,,,,,,,5194166099254515,2025-07-30T17:52:44+08:00,2025-07,照我说，关了小红薯，比啥都强。洗脑洗成啥了都
,5194112821366088,,,,,,,5194200674732311,2025-07-30T20:10:07+08:00,2025-07,享受补贴的幼儿父母必须都是中国国籍！
,5194112821366088,,,,,,,5194217871905405,2025-07-30T21:18:27+08:00,2025-07,男女同休产假！减少女性就业歧视！育儿不是母亲一方的责任！
,5194112821366088,,,,,,,5194170345980188,2025-07-30T18:09:35+08:00,2025-07,早点落实，苍蝇腿也是肉[允悲]
,5194112821366088,,,,,,,5194392780672393,2025-07-31T08:53:29+08:00,2025-07,国家政策还是好的
,5194112821366088,,,,,,,5194373151329319,2025-07-31T07:35:29+08:00,2025-07,只要上班工资发到位，哪来这么多事！！！
,5194112821366088,,,,,,,5194302105583763,2025-07-31T02:53:09+08:00,2025-07,去年生的四胎有得领？
,5194112821366088,,,,,,,5194196822526377,2025-07-30T19:54:49+08:00,2025-07,这是在解决奶爸奶妈失业的补助吗？失业的他们还能找到什么工作呢？
,5194112821366088,,,,,,,5194169278794246,2025-07-30T18:05:22+08:00,2025-07,颠颠的，奶粉都涨价
新华社,5194436390683387,2025-07-31 11:46,2025-07,fertility,family_childrearing,育儿,#育儿补贴申领攻略#【转存！#育儿补贴申领小贴士#】国家育儿补贴制度实施方案日前公布，各地将在8月下旬陆续开放育儿补贴申领，8月31日前全面开放育儿补贴申领。育儿补贴在哪儿申领？申领人应当符合什么条件？申领需要哪些材料？详戳↓收藏了解！#8月下旬陆续开放育儿补贴申领#,5194727726253027,2025-08-01T07:04:26+08:00,2025-08,#育儿补贴申领攻略# #8月下旬陆续开放育儿补贴申领# 
,5194436390683387,,,,,,,5194442883467469,2025-07-31T12:12:34+08:00,2025-07,#育儿补贴申领小贴士# #8月下旬陆续开放育儿补贴申领# [熊猫]
,5194436390683387,,,,,,,5194441867395257,2025-07-31T12:08:31+08:00,2025-07,一起关注@洛阳网信 @新华社
,5194436390683387,,,,,,,5194438446157347,2025-07-31T11:54:56+08:00,2025-07,没赶上，不开心[酸]，能不能快点落实幼儿园免费，别又让我们错过了
中国新闻网,5197053611475409,2025-08-07 17:06,2025-08,fertility,family_childrearing,家庭|育儿,【#国家真金白银托底养孩子#】0到3岁，三年可领1.08万元补贴；3到6岁大班免保教费，再省下几千元。今年夏天，中国正在迎来一场重要转变：中国正逐步从“9年免费教育”，向“12年免费教育”过渡。无论是免保教费，还是发育儿补贴，都释放出一个清晰信号：人口不是负担，而是资源。稳住人口基本盘，稳住家庭消费力，就是稳住未来经济。（黄晓溪李雨昕实习生苗绚）L中国新闻网的微博视频,5197078541895853,2025-08-07T18:45:44+08:00,2025-08,无所不用其极[good]，有用吗
,5197053611475409,,,,,,,5197312420743877,2025-08-08T10:15:05+08:00,2025-08,不如改改结婚法，离婚冷静期和不要户口本是哪些大聪明提出来并通过的
,5197053611475409,,,,,,,5198047151657519,2025-08-10T10:54:39+08:00,2025-08,很多婴儿用品涨价了，养娃成本会不会更高！[doge]
,5197053611475409,,,,,,,5197302471330578,2025-08-08T09:35:33+08:00,2025-08,想不到12年免费是往低龄去了，[允悲]
,5197053611475409,,,,,,,5197296779662790,2025-08-08T09:12:56+08:00,2025-08,好事情，继续加大力度[赞啊]
,5197053611475409,,,,,,,5197152345130940,2025-08-07T23:39:00+08:00,2025-08,这根本不是不生孩子的主要原因
,5197053611475409,,,,,,,5197147202912411,2025-08-07T23:18:33+08:00,2025-08,为什么只免大班啊？小班中班不免？
,5197053611475409,,,,,,,5197080595530495,2025-08-07T18:53:53+08:00,2025-08,会不会指定购买消费[并不简单]
,5197053611475409,,,,,,,5197079789961639,2025-08-07T18:50:41+08:00,2025-08,我们好像不是资源，应该是这个国家的...主人？
,5197053611475409,,,,,,,5197069356109080,2025-08-07T18:09:14+08:00,2025-08,现在说人是资源了？
,5197053611475409,,,,,,,5197066141704249,2025-08-07T17:56:28+08:00,2025-08,聊胜于无，请多多推出增加收入、减少开支的有力政策！
,5197053611475409,,,,,,,5197066475144698,2025-08-07T17:57:47+08:00,2025-08,期待12年义务教育~高校学费能别那么一年大几万的就更加好了
,5197053611475409,,,,,,,5197064515357190,2025-08-07T17:50:00+08:00,2025-08,[doge]为什么免费读完大学，费用最贵的就是大学了
,5197053611475409,,,,,,,5197095049892883,2025-08-07T19:51:20+08:00,2025-08,国家真金白银托底养孩子！这是个很好的政策，可以让孩子们得到更好的教育和成长环境。
,5197053611475409,,,,,,,5197078789885843,2025-08-07T18:46:43+08:00,2025-08,原来真金白银不是人民交的啊
,5197053611475409,,,,,,,5197075098377148,2025-08-07T18:32:03+08:00,2025-08,这20年前日本也用过啊，有用吗？没用
,5197053611475409,,,,,,,5197069649709006,2025-08-07T18:10:24+08:00,2025-08,这个底是不是想象的太轻了点？
,5197053611475409,,,,,,,5197082145330315,2025-08-07T19:00:03+08:00,2025-08,1万块钱吃3年啊啊啊啊啊啊啊啊饿死了要
,5197053611475409,,,,,,,5197080221979483,2025-08-07T18:52:25+08:00,2025-08,我生了俩，小的二年级了，没赶上补贴
,5197053611475409,,,,,,,5197076252073252,2025-08-07T18:36:38+08:00,2025-08,支持你们努力生娃[doge]
,5197053611475409,,,,,,,5197827149924184,2025-08-09T20:20:26+08:00,2025-08,一个暑假，花了2W兴趣班的家长多了去了啊。 为什么不好好反思为什么生育率越来越低的根本原因。根本不是学前教育费用的问题！
,5197053611475409,,,,,,,5197504284461047,2025-08-08T22:57:29+08:00,2025-08,人口是资源，这是什么话，把人民群众当成是矿产资源，有用的时候就开采，没用的时候就当废物垃圾吗？你们媒体怎么写稿，怎么过政审的？这不更是给西方媒体递刀子，说，看中国就是这样对待老百姓的，没用的时候拼命搞计生，有用了又当成资源了。
,5197053611475409,,,,,,,5197279356782684,2025-08-08T08:03:42+08:00,2025-08,三年一万，够奶粉钱吗？
,5197053611475409,,,,,,,5197093599186719,2025-08-07T19:45:34+08:00,2025-08,至少要有两个孩子吧，现在政策那么好。#国家真金白银托底养孩子# 
,5197053611475409,,,,,,,5197092316516888,2025-08-07T19:40:28+08:00,2025-08,笑死[允悲]人口不是负担[允悲]河南人口就是负担。
,5197053611475409,,,,,,,5197067511403268,2025-08-07T18:01:54+08:00,2025-08,管管资本家吧，今天刷到好多宝妈说医院产检涨价，母婴用品涨价的
,5197053611475409,,,,,,,5197067346513072,2025-08-07T18:01:15+08:00,2025-08,稳住人口基本盘，确实有几座大山要移。育儿成本，减负反卷，清算各种打拳的。
,5197053611475409,,,,,,,5197061710418067,2025-08-07T17:38:51+08:00,2025-08,政策是应该改一改，要鼓励生育
中国新闻网,5202489260904724,2025-08-22 17:06,2025-08,fertility,family_childrearing,育儿,#已有人提交育儿补贴申请#【#育儿补贴申领入口公布#】22日，记者查询发现，微信、支付宝的“育儿补贴”申领小程序已上线，目前尚未全面正式开放。不过，支付宝小程序已在试运行中，现在可以订阅申领提醒。如果提前订阅了，近期会陆续收到通知，已收到通知的现在就能开始申领。有部分网友已成功提交申请。根据官方通报，8月31日前，各地将全面开放育儿补贴申领。（记者高萌）,5202745716113960,2025-08-23T10:05:03+08:00,2025-08,湖南的还要指定银行卡[微笑]
,5202489260904724,,,,,,,5202753217368672,2025-08-23T10:34:52+08:00,2025-08,邀请我了，但是我娃五岁了可以领吗[允悲]
,5202489260904724,,,,,,,5202744390454494,2025-08-23T09:59:48+08:00,2025-08,已申领，不知道啥时候能到账[doge]
,5202489260904724,,,,,,,5203306949381259,2025-08-24T23:15:12+08:00,2025-08,可以关注一下河北沧州孟村的杀妻案吗？如果结婚的尽头就是这样的结果，那现在的很多年轻人应该都不愿意结婚生孩子了吧，哪怕有育儿补贴应该也会劝退很多吧，那如果这样的话，国家发出育儿补贴的效应也会大大减退吧
,5202489260904724,,,,,,,5203271159386339,2025-08-24T20:52:59+08:00,2025-08,烦死了。还规定银行卡
,5202489260904724,,,,,,,5202790280331801,2025-08-23T13:02:08+08:00,2025-08,能不能管一下湖南的，还要指定户籍地银行卡，还要去财政部报备，外地上班的怎么办？上班请假扣工资、全勤，来回车费，领着1500多块还这么麻烦，
,5202489260904724,,,,,,,5202745558831463,2025-08-23T10:04:26+08:00,2025-08,我们这一个月发一次。。。也是醉了
人民日报,5201767501398575,2025-08-20 17:17,2025-08,fertility,family_childrearing,育儿,#育儿补贴有关个税政策#【两部门：#对按规发放的育儿补贴免征个税#】为贯彻落实中央办公厅、国务院办公厅印发的《育儿补贴制度实施方案》有关规定，现就育儿补贴有关个人所得税政策公告如下：一、对按照育儿补贴制度规定发放的育儿补贴免征个人所得税。二、卫生健康部门与财政部门、税务部门建立信息共享机制。县级卫生健康部门按规定为申领补贴的人员办理个人所得税免税申报。三、本公告自2025年1月1日起施行。O网页链接,5201787038733711,2025-08-20T18:35:37+08:00,2025-08,[喵喵]期待更多惠民政策出台
,5201767501398575,,,,,,,5202363279213441,2025-08-22T08:45:24+08:00,2025-08,贯彻落实惠民政策，这次福利满满
,5201767501398575,,,,,,,5201843812569803,2025-08-20T22:21:13+08:00,2025-08,育儿补贴免征个税
,5201767501398575,,,,,,,5201791778292180,2025-08-20T18:54:26+08:00,2025-08,期待更多更广泛育儿政策
,5201767501398575,,,,,,,5201790673094541,2025-08-20T18:50:04+08:00,2025-08,期待更多惠民育儿政策
,5201767501398575,,,,,,,5201774156976941,2025-08-20T17:44:26+08:00,2025-08,#育儿补贴有关个税政策# #对按规发放的育儿补贴免征个税# 
,5201767501398575,,,,,,,5201773142215869,2025-08-20T17:40:24+08:00,2025-08,21年的没有是吧[捂嘴哭]
,5201767501398575,,,,,,,5201770989227515,2025-08-20T17:31:51+08:00,2025-08,奶粉，尿不湿已经提前连夜涨价了[doge]
,5201767501398575,,,,,,,5201769522796604,2025-08-20T17:26:01+08:00,2025-08,准备可以申请了吗？
,5201767501398575,,,,,,,5202127052080841,2025-08-21T17:06:43+08:00,2025-08,希望利国利民，不要走一步看一步，看远点。
,5201767501398575,,,,,,,5201792330631627,2025-08-20T18:56:39+08:00,2025-08,期待早日找到另一半[可爱]
人民日报,5208636214743996,2025-09-08 16:11,2025-09,fertility,family_childrearing,育儿,【收藏！#育儿补贴怎么领#】今天开始，#育儿补贴申领全面开放了#。可通过支付宝、微信和各省份政务服务平台线上申领，也可到婴幼儿户籍地的乡镇政府进行申领。育儿补贴补贴谁？怎么补？2025年1月1日之前出生、不满3周岁婴幼儿补贴怎么发？戳图读懂↓↓,5208650064068647,2025-09-08T17:06:49+08:00,2025-09,收藏！收藏！国家政策是越来越好了[打call][打call][打call][送花花][送花花][送花花]#育儿补贴申领全面开放了# 
,5208636214743996,,,,,,,5210074525993352,2025-09-12T15:27:08+08:00,2025-09,“你还年轻，还有足够的时间， 让你在一些领域绽放光彩， 总有一天你会很开心知足。”  ——《良医》​​​​
,5208636214743996,,,,,,,5208713694806222,2025-09-08T21:19:40+08:00,2025-09,太棒了 我家孩子大班保教费免了 哈哈哈哈 我这一年能多攒几千块钱[打call][打call][打call][打call]
,5208636214743996,,,,,,,5208638153032644,2025-09-08T16:19:30+08:00,2025-09,为什么申请了半个月了还在受理中
,5208636214743996,,,,,,,5208664168467432,2025-09-08T18:02:53+08:00,2025-09,终于上线[泪][作揖]这项工作背后有很多人，做了很多的工作！付出了巨大的努力！希望能够惠及每一位0-3岁的幼儿家庭！有一点提醒一下:一定要记得在2025年12月31日前提出第一次申领（在2025年1月1日之前出生的婴幼儿发放金额对照表格按月折算）过期是不予补发的！切记！切记！
,5208636214743996,,,,,,,5208647030539116,2025-09-08T16:54:47+08:00,2025-09,非婚生的小孩可以申请吗？
,5208636214743996,,,,,,,5208644780296807,2025-09-08T16:45:50+08:00,2025-09,前段时间有说要结婚证是真的吗？
,5208636214743996,,,,,,,5209141083375970,2025-09-10T01:37:58+08:00,2025-09,Yes #育儿补贴怎么领# #育儿补贴申领全面开放了# 
,5208636214743996,,,,,,,5208655022000094,2025-09-08T17:26:32+08:00,2025-09,小宝贝可以领工资了
,5208636214743996,,,,,,,5208651683335507,2025-09-08T17:13:16+08:00,2025-09,【收藏！#育儿补贴怎么领#】今天开始，#育儿补贴申领全面开放了#。#小北播报#
,5208636214743996,,,,,,,5208649419197059,2025-09-08T17:04:16+08:00,2025-09,#育儿补贴怎么领# #育儿补贴申领全面开放了# [熊猫]
,5208636214743996,,,,,,,5208648172702719,2025-09-08T16:59:19+08:00,2025-09,太好了，补贴高的快去领啦，我六百块的不着急，你们先领[打call]#育儿补贴怎么领# #育儿补贴申领全面开放了#  
,5208636214743996,,,,,,,5208645894933973,2025-09-08T16:50:16+08:00,2025-09,以善良为师，得到的是正义和正直的教诲，即使步履平凡，也不失不俗的境界。善良使人的心灵仁爱，使人的视野宽广。
,5208636214743996,,,,,,,5208643039397079,2025-09-08T16:38:55+08:00,2025-09,收藏！#育儿补贴怎么领#
,5208636214743996,,,,,,,5208636871672695,2025-09-08T16:14:25+08:00,2025-09,如果基数能大一点就更好啦[嘻嘻]
,5208636214743996,,,,,,,5208741088594846,2025-09-08T23:08:32+08:00,2025-09,已经申请了，快半月了还在审核中[吃瓜]
,5208636214743996,,,,,,,5208723897453143,2025-09-08T22:00:13+08:00,2025-09,我是在婚，跟前夫有一个小孩，小孩跟着前夫，现在和现任老公生了两个小孩，这种情况孩次怎么写呢？有没有人懂的[感谢]
,5208636214743996,,,,,,,5208689394581509,2025-09-08T19:43:06+08:00,2025-09,为啥24年出生的一共只能领取两年零几个月，不是统一领取3年的补贴啊？
,5208636214743996,,,,,,,5208684412273489,2025-09-08T19:23:19+08:00,2025-09,地方二胎补贴跟育儿补贴冲突吗，二选一，还是同时领
,5208636214743996,,,,,,,5208670170255522,2025-09-08T18:26:44+08:00,2025-09,麦子熟了几千次，给人民发钱第一次
,5208636214743996,,,,,,,5208662511714464,2025-09-08T17:56:17+08:00,2025-09,什么时候会到账呢
,5208636214743996,,,,,,,5208660755875192,2025-09-08T17:49:19+08:00,2025-09,幼儿园大班不是给免费补贴吗？去哪里申领？
,5208636214743996,,,,,,,5208660625068749,2025-09-08T17:48:48+08:00,2025-09,一胎满3岁未满6岁的可以补发一下吗[允悲]
,5208636214743996,,,,,,,5208660070629499,2025-09-08T17:46:35+08:00,2025-09,啥子审核也应该过了吧
,5208636214743996,,,,,,,5208659157320538,2025-09-08T17:42:58+08:00,2025-09,奶粉涨价了怎么说？
,5208636214743996,,,,,,,5208658663442312,2025-09-08T17:41:00+08:00,2025-09,直接补给母婴店好吗 养不起
,5208636214743996,,,,,,,5208656867497394,2025-09-08T17:33:52+08:00,2025-09,#育儿补贴怎么领# 转发给有需要的朋友[心]
,5208636214743996,,,,,,,5208656398255414,2025-09-08T17:32:00+08:00,2025-09,领不了，说是没得预约
,5208636214743996,,,,,,,5208655462403003,2025-09-08T17:28:17+08:00,2025-09,几时审核通过到账吗
,5208636214743996,,,,,,,5208654988449255,2025-09-08T17:26:24+08:00,2025-09,申请半个月了。目前还在审核中[汗]
人民日报,5210082948156052,2025-09-12 16:00,2025-09,fertility,family_childrearing,育儿,【财政部：#今年安排1000亿元发放育儿补贴#】#今年安排200亿元逐步推行免费学前教育#今天（12日）下午，国务院新闻办公室举行“高质量完成‘十四五’规划”系列主题新闻发布会。财政部部长蓝佛安介绍，今年，国家财政安排1000亿元发放育儿补贴、200亿元逐步推行免费学前教育，积极回应人民群众关切。,5210084424813772,2025-09-12T16:06:28+08:00,2025-09,取消夜班白天上班晚上造人[doge]
,5210082948156052,,,,,,,5210092515362236,2025-09-12T16:38:37+08:00,2025-09,能不能配合打击趁机涨价的商家[柯基]
,5210082948156052,,,,,,,5210112195297885,2025-09-12T17:56:48+08:00,2025-09,让大家4点下班，能回去接娃做饭，有时间约友逛街，就有人愿意生了
,5210082948156052,,,,,,,5210089946612423,2025-09-12T16:28:25+08:00,2025-09,让国家未来的主人茁壮成长。[微风][微风]
,5210082948156052,,,,,,,5210094533086218,2025-09-12T16:46:38+08:00,2025-09,真是什么好待遇都没赶上啊
,5210082948156052,,,,,,,5210085162747422,2025-09-12T16:09:24+08:00,2025-09,建议每年发30年育儿补贴特别国债，1万亿起步。
,5210082948156052,,,,,,,5210334689758684,2025-09-13T08:40:56+08:00,2025-09,真金白银的民生大礼包，育儿补贴的待遇没赶上，赶上免费学前教育也不错
,5210082948156052,,,,,,,5210130161342117,2025-09-12T19:08:13+08:00,2025-09,感谢党和国家的好政策[心]
,5210082948156052,,,,,,,5210091906925282,2025-09-12T16:36:11+08:00,2025-09,希望普及到小班，因为我儿子上小班了[doge][doge][doge]
,5210082948156052,,,,,,,5210095933982210,2025-09-12T16:52:12+08:00,2025-09,听说补贴还没到，婴幼儿用品先涨价了[泪奔]
,5210082948156052,,,,,,,5210086568101386,2025-09-12T16:14:59+08:00,2025-09,家里两个儿子，都享受不到。唉，可怜的八零后。
,5210082948156052,,,,,,,5210104708466101,2025-09-12T17:27:04+08:00,2025-09,希望高中能义务教育，大学学费能减免
,5210082948156052,,,,,,,5210536711034528,2025-09-13T22:03:42+08:00,2025-09,我家21年的，刚刚卡住，啥也没有享受到
,5210082948156052,,,,,,,5210105150970050,2025-09-12T17:28:50+08:00,2025-09,[吃瓜]我就想问问什么时候到账
,5210082948156052,,,,,,,5210089076031662,2025-09-12T16:24:56+08:00,2025-09,"#永葆开国精神[超话]##不忘初心,坚定父辈精神# "
,5210082948156052,,,,,,,5210909616374964,2025-09-14T22:45:29+08:00,2025-09,要想富先修路，少生孩子多种树
,5210082948156052,,,,,,,5210532719363939,2025-09-13T21:47:50+08:00,2025-09,补贴是一方面，更重要的还是就业歧视呀这些方面保障
,5210082948156052,,,,,,,5210343676841534,2025-09-13T09:16:39+08:00,2025-09,其实最重要的是“优生优育”
,5210082948156052,,,,,,,5210329673633540,2025-09-13T08:21:00+08:00,2025-09,我们当地私立幼儿园没有减免啊！看看我们！
,5210082948156052,,,,,,,5210319828026719,2025-09-13T07:41:53+08:00,2025-09,先把欠的工程款结了吧
,5210082948156052,,,,,,,5210182528537300,2025-09-12T22:36:18+08:00,2025-09,能不能关注一下幼儿园教师的工资
,5210082948156052,,,,,,,5210152451704644,2025-09-12T20:36:47+08:00,2025-09,发了奶粉纸尿裤就涨价了
,5210082948156052,,,,,,,5210126797768352,2025-09-12T18:54:51+08:00,2025-09,不如全给国防经费
,5210082948156052,,,,,,,5210104047600072,2025-09-12T17:24:26+08:00,2025-09,晚婚晚育都没赶上[允悲]
,5210082948156052,,,,,,,5210100068779689,2025-09-12T17:08:38+08:00,2025-09,国家在走福利国家的步伐
,5210082948156052,,,,,,,5210098917969458,2025-09-12T17:04:04+08:00,2025-09,打击一下涨价的商家，不要让补贴被无良商家拿走了
,5210082948156052,,,,,,,5210098725030566,2025-09-12T17:03:18+08:00,2025-09,2025给力一小
,5210082948156052,,,,,,,5210097538041431,2025-09-12T16:58:35+08:00,2025-09,那么多申请的这1000亿够吗
,5210082948156052,,,,,,,5210097099473342,2025-09-12T16:56:49+08:00,2025-09,上有政策下有对策，幼儿园学费涨了
,5210082948156052,,,,,,,5210085663968592,2025-09-12T16:11:24+08:00,2025-09,没有孩子没有对象，啥时候发对象才能生孩子领补贴[doge]
,5210082948156052,,,,,,,5210083736685658,2025-09-12T16:03:44+08:00,2025-09,今年民办幼儿园大班的费用并没有减免
,5210082948156052,,,,,,,5210177905106540,2025-09-12T22:17:56+08:00,2025-09,层层转移可能只有5～8%到人民手中[泪]，其中92～95%会出现在13%的人员中[doge][泪]
,5210082948156052,,,,,,,5210103290531669,2025-09-12T17:21:26+08:00,2025-09,直接发补贴，不要给企业，不要搞育儿消费券。
,5210082948156052,,,,,,,5220833530480127,2025-10-12T07:59:35+08:00,2025-10,国家给下面的人民群众福利是好，只是到了下面这些钱就被一级一级的瓜分了，到了老百姓手中剩余多少[允悲]
,5210082948156052,,,,,,,5212331906957321,2025-09-18T20:57:09+08:00,2025-09,未满3周岁    为什么还限制几胎才可以领？ 是一夫一妻限制可以有三个孩子能领育儿补贴？还是限制生三胎内  来满足未满3周岁的条件才可以领？ 又或者说   一夫一妻有五胎   未满3周岁的有两个，  但是超过胎数（是第四胎和第五胎）  即使这两个达到条件，材料齐全也不能领？
,5210082948156052,,,,,,,5210206114156381,2025-09-13T00:10:01+08:00,2025-09,200亿真不多，别扣扣索索了，都啥时候了
,5210082948156052,,,,,,,5210126441255471,2025-09-12T18:53:26+08:00,2025-09,该生还是会生，不该生的还是不会生[吃瓜]
人民日报,5212274203822683,2025-09-18 17:07,2025-09,fertility,family_childrearing,育儿,#育儿补贴明确每年一次性发放#【转需了解！#两部门印发育儿补贴制度管理规范#（试行）】#育儿补贴申请程序#有哪些？如何发放？如何做好监督管理？国家卫生健康委、财政部印发《育儿补贴制度管理规范（试行）》，戳全文↓↓O关于印发育儿补贴制度管理规范（试行）的通知,5212552835369573,2025-09-19T11:35:03+08:00,2025-09,支付宝申请育儿补贴的时候，选孩子户籍所属区之后没有找到镇和街道怎么办？户口本上的街道在其他区里出现，但是不属于孩子户籍所在区
,5212274203822683,,,,,,,5212275023806929,2025-09-18T17:11:07+08:00,2025-09,【转需了解！#两部门印发育儿补贴制度管理规范#（试行）】#育儿补贴申请程序##小北科普# 
,5212274203822683,,,,,,,5212553657450968,2025-09-19T11:38:18+08:00,2025-09,#育儿补贴申请程序#【转需了解！#两部门印发育儿补贴制度管理规范#（试行）】
,5212274203822683,,,,,,,5212444582740382,2025-09-19T04:24:54+08:00,2025-09,#两部门印发育儿补贴制度管理规范#（试行）】#育儿补贴申请程序##小北科普#
,5212274203822683,,,,,,,5212351210455750,2025-09-18T22:13:51+08:00,2025-09,一次性发放比较省事
,5212274203822683,,,,,,,5212325344708305,2025-09-18T20:31:05+08:00,2025-09,那我们村里说这个补贴和二胎补贴重复了只给发一份这样算违规行为吗
,5212274203822683,,,,,,,5212282088853019,2025-09-18T17:39:12+08:00,2025-09,能不能关注一下上海中小学的午餐，孩子们不吃饭，太可怜了
,5212274203822683,,,,,,,5212483010953646,2025-09-19T06:57:36+08:00,2025-09,🔴“法，不能向违法低头”这铿锵有力的话语，本是法院、检察院等司法人展现能力、担当、底气的宣言。现在，当事人却高举这话，向程序违法的法院、枉法乱裁的检察院宣誓。这是事实，不是笑话。🔴喀什地委党校自2016年1月起，率先违约，然，喀什市法院、喀什中院、检察院，装聋作哑、置若罔闻。
央视新闻,5208631889890918,2025-09-08 15:54,2025-09,fertility,family_childrearing,育儿,#3岁以下婴幼儿每年补贴3600元#【转发周知！#育儿补贴开放申领#】今天，国家卫生健康委在新闻发布会上介绍：今天开始，育儿补贴申领正式全面开放，可通过支付宝、微信和各省份政务服务平台线上申领，也可到婴幼儿户籍地的乡镇政府进行申领。育儿补贴向哪些人发放？每孩每年补贴多少？如何申领？详↓↓收藏了解！O网页链接,5208636303608105,2025-09-08T16:12:09+08:00,2025-09,收藏了解但与我无关哈哈哈哈哈哈哈
,5208631889890918,,,,,,,5208649823685883,2025-09-08T17:05:53+08:00,2025-09,支持，期待对一线城市购房加大力度支持。买不起房子，无法定居
,5208631889890918,,,,,,,5208649653559744,2025-09-08T17:05:12+08:00,2025-09,申请了大半个月了，什么时候到[允悲]
,5208631889890918,,,,,,,5208656008184328,2025-09-08T17:30:26+08:00,2025-09,补贴给商家涨价薅完了
,5208631889890918,,,,,,,5208645017272965,2025-09-08T16:46:47+08:00,2025-09,奶粉能不能不趁机涨价[泪]
,5208631889890918,,,,,,,5209359340798352,2025-09-10T16:05:14+08:00,2025-09,你们倒是审核一下啊，有人拿到手没
,5208631889890918,,,,,,,5208708206039500,2025-09-08T20:57:52+08:00,2025-09,申请了，一直在受理
,5208631889890918,,,,,,,5208636634431764,2025-09-08T16:13:27+08:00,2025-09,300略少了一些，400就够婴儿吃的了
,5208631889890918,,,,,,,5208634839007707,2025-09-08T16:06:19+08:00,2025-09,咋领啊这是 急急急[抱抱][抱抱][抱抱]
,5208631889890918,,,,,,,5208633136647131,2025-09-08T15:59:34+08:00,2025-09,@徐大鸽 每年都有补贴哦
,5208631889890918,,,,,,,5247966191289066,2025-12-26T04:55:05+08:00,2025-12,育儿补贴直接把杭州的二胎补贴干没了！
,5208631889890918,,,,,,,5209370579174388,2025-09-10T16:49:54+08:00,2025-09,没钱结婚生孩子的能不能帮帮？结婚了可以多生孩子
,5208631889890918,,,,,,,5208759493723494,2025-09-09T00:21:40+08:00,2025-09,就想知道什么时候能到账！
,5208631889890918,,,,,,,5208745835759595,2025-09-08T23:27:24+08:00,2025-09,和地方补贴冲突的，就不给了
,5208631889890918,,,,,,,5208739252012086,2025-09-08T23:01:14+08:00,2025-09,有申请后到账了的吗？我的一直受理中，也不知道提交资料是否正确审核能否通过
,5208631889890918,,,,,,,5208736358728820,2025-09-08T22:49:44+08:00,2025-09,我想问一下这个补贴了地方的二胎补贴还有吗[举手]坐标浙江嘉兴有人说地方补贴没有了按高的给
,5208631889890918,,,,,,,5208735985437267,2025-09-08T22:48:15+08:00,2025-09,家里一个8岁的一个4岁多的一个都没赶上[允悲]
,5208631889890918,,,,,,,5208711647988205,2025-09-08T21:11:33+08:00,2025-09,这个政策真好。对于普通家庭人来说，实实在在帮减轻奶粉、辅食、早教等开支，让家长少点经济焦虑、更能安心陪伴孩子成长。
,5208631889890918,,,,,,,5208708170911501,2025-09-08T20:57:44+08:00,2025-09,真诚的问一句，啥时候到账啊
,5208631889890918,,,,,,,5208706545614909,2025-09-08T20:51:15+08:00,2025-09,为什么只能孩子户籍地的一方才能申请
,5208631889890918,,,,,,,5208682866676898,2025-09-08T19:17:11+08:00,2025-09,我就想问下，什么时候能到账
,5208631889890918,,,,,,,5208679205048927,2025-09-08T19:02:38+08:00,2025-09,大半个月还显示受理中
,5208631889890918,,,,,,,5208677476729134,2025-09-08T18:55:45+08:00,2025-09,@一只特立独行的长颈鹿阿
,5208631889890918,,,,,,,5208676190914567,2025-09-08T18:50:39+08:00,2025-09,#育儿补贴开放申领# 了解
,5208631889890918,,,,,,,5208670124378550,2025-09-08T18:26:33+08:00,2025-09,我爸让我问一下今年的双女户补贴是不是不发了[允悲]
新华社,5208643679290513,2025-09-08 16:41,2025-09,fertility,family_childrearing,育儿,【#8日起育儿补贴申领正式全面开放#国家卫健委介绍申领渠道】9月8日，国家卫生健康委召开新闻发布会，介绍时令节气与健康（白露）有关情况，并回答媒体提问。国家卫生健康委新闻发言人胡强强在发布会上介绍，9月8日起，育儿补贴申领正式全面开放。#育儿补贴申领全面开放了#L新华社的微博视频,5208653854410358,2025-09-08T17:21:54+08:00,2025-09,是所有三周岁以下都可以领取还是有条件限制？如要有结婚证，非婚生的能领取吗？
新华社,5209647002683599,2025-09-11 11:08,2025-09,fertility,family_childrearing,育儿,【截至9月10日全国#已提交超2400万条育儿补贴申报信息#】新华社快讯：国家卫生健康委副主任郭燕红9月11日在国新办举行的“高质量完成‘十四五’规划”系列主题新闻发布会上介绍，育儿补贴线上、线下申领渠道已全面开放，截至9月10日，全国已提交超2400万条申报信息，占目标人群约80%。目前，各地正在加快推进审核和发放工作，确保育儿补贴及时足额发到群众手中。L新华社的微博视频,5209652683343315,2025-09-11T11:30:53+08:00,2025-09,唉，我女儿21年出生的，育儿补贴没有，幼儿园免保教费也要明年才能享[泪]
,5209647002683599,,,,,,,5214695918930128,2025-09-25T09:30:54+08:00,2025-09,2400÷0.8=3000      902+954+956=2812 2812×0.8=2249.6      3000-2249.6=750.4
,5209647002683599,,,,,,,5214855323190717,2025-09-25T20:04:19+08:00,2025-09,简单算一下，2400w 80%覆盖率，也即是符合申领条件的新生儿为3000w，22年新生儿956w，23年902w，24年954w，那么25年1-8月就是3000-956-902-954=  188万  [裂开][裂开][裂开][裂开][裂开]
,5209647002683599,,,,,,,5212145222419518,2025-09-18T08:35:21+08:00,2025-09,根据卫健委数据，2022年出生956万人，2023年出生902万人，2024年出生954万人。截至9月10日全国已提交超过2400万条育儿补贴申报信息，占目标人群80%左右。可知2025年1-8月出生：3000-956-902-954=188万
,5209647002683599,,,,,,,5209793579189076,2025-09-11T20:50:44+08:00,2025-09,可是我们这边地方的补贴说没了，有了国家补贴地方的都不算数了，二胎补贴说没就没了[苦涩]
,5209647002683599,,,,,,,5209775344454265,2025-09-11T19:38:18+08:00,2025-09,这钱是地方财政出还是国家财政出啊
,5209647002683599,,,,,,,5209766722536407,2025-09-11T19:04:02+08:00,2025-09,一定要好好审核！之前看到新闻某省入狱，已死亡人员还在发放养老金[挖鼻]
,5209647002683599,,,,,,,5209756860155118,2025-09-11T18:24:50+08:00,2025-09,育儿补贴真的落地啦～ 同事已经申请上，正等审核通过呢，乐坏了！  虽说每月300元不算多，可天上掉的馅饼，不管大小都香啊，关键还免个税！  这政策一给力，我同事家二胎都紧锣密鼓安排上咯～不得不说，现在养娃政策越来越贴心啦～  #智搜分析我的刷博好搭子#我用微博智搜分析了这篇博文，一起来看看吧
,5209647002683599,,,,,,,5209676629413450,2025-09-11T13:06:02+08:00,2025-09,2400万就达到80%，也就是说3岁以下儿童才3000万[允悲][流鼻血]，好恐怖的数据，我们老了怎么办
,5209647002683599,,,,,,,5209659631995442,2025-09-11T11:58:30+08:00,2025-09,这三年的出生人口，基本也就这么多了[挖鼻]
新华社,5210069920121182,2025-09-12 15:08,2025-09,fertility,family_childrearing,育儿,#安排1000亿元发放育儿补贴#【新华社权威快报|五年投入近100万亿元！国家财政的民生导向更鲜明】财政部部长蓝佛安9月12日在国新办举行的“高质量完成‘十四五’规划”系列主题新闻发布会上介绍，“十四五”时期，国家财政实力大大增强，集中财力办成许多大事要事。国家财政账本里，分量最重、成色最足的始终是民生。#安排200亿元逐步推行免费学前教育##国家财政1000亿元发放育儿补贴#　　数据显示，“十四五”时期，全国一般公共预算安排教育支出20.5万亿元，社会保障和就业支出19.6万亿元，卫生健康支出10.6万亿元，住房保障支出4万亿元，加上其他领域支出，财政民生投入近100万亿元。　　蓝佛安表示，今年，国家财政安排1000亿元发放育儿补贴、200亿元逐步推行免费学前教育，积极回应人民群众关切。L新华社的微博视频,5210083064809032,2025-09-12T16:01:04+08:00,2025-09,直接补给母婴店好吗？[融化]
,5210069920121182,,,,,,,5210098894374595,2025-09-12T17:03:58+08:00,2025-09,看来现在我国生育率的确很低，国家都发放育儿补贴了[哈哈]
,5210069920121182,,,,,,,5210355044975615,2025-09-13T10:01:49+08:00,2025-09,虽然不多，但管得了基本的柴米油盐补贴和每月补一补鸡鸭鱼肉等营养。还是不错的。
,5210069920121182,,,,,,,5210193483795974,2025-09-12T23:19:50+08:00,2025-09,你好，原来100元的学平险，现在涨价到160元变成甬学保了。涨幅60%，是不是和增加育儿养儿负担了？
,5210069920121182,,,,,,,5210091303470680,2025-09-12T16:33:48+08:00,2025-09,感谢党，感谢祖国，感谢人民。积极解决群众问题，从群众中来到群众中去[心]
,5210069920121182,,,,,,,5210086014453234,2025-09-12T16:12:47+08:00,2025-09,#安排1000亿元发放育儿补贴# #安排1000亿元发放育儿补贴# #安排1000亿元发放育儿补贴# 
,5210069920121182,,,,,,,5211069570354033,2025-09-15T09:21:05+08:00,2025-09,当年超生罚的钱有用途了
,5210069920121182,,,,,,,5210352121545450,2025-09-13T09:50:12+08:00,2025-09,有没有10月出生的，为啥不给补助，同样上幼儿园的，咋办，明年也不能上了，咋给补
,5210069920121182,,,,,,,5210089394539227,2025-09-12T16:26:13+08:00,2025-09,好奇学前班的免费啥时候下来，钱都交了三个星期了[偷笑]
,5210069920121182,,,,,,,5210221670303375,2025-09-13T01:11:50+08:00,2025-09,#安排1000亿元发放育儿补贴#已经享受到幼儿园大班的托育费免除[心][心]
,5210069920121182,,,,,,,5211045388093423,2025-09-15T07:45:00+08:00,2025-09,让吃皇粮的多生吧
,5210069920121182,,,,,,,5210105022514559,2025-09-12T17:28:19+08:00,2025-09,摸着石头过河，问题是现有的发生育津贴的国家并没有因为这个政策逆转生育率，不去改变分配问题，这种政策也是杯水车薪
,5210069920121182,,,,,,,5210092630708900,2025-09-12T16:39:05+08:00,2025-09,牵走你九头牛，然后还你一根毛
,5210069920121182,,,,,,,5210091902732779,2025-09-12T16:36:11+08:00,2025-09,我们这些养两个的咋就不补助点？
央视新闻,5220177643307848,2025-10-10 12:33,2025-10,marriage,marriage,婚姻,【#全国通办婚姻登记26.3万余对#】今天，国务院新闻办举行“高质量完成‘十四五’规划”系列主题新闻发布会。民政部部长陆治原介绍，婚姻登记全面施行“全国通办”，从今年5月10日开始，累计办理“全国通办”婚姻登记26.3万余对。,5220178604066304,2025-10-10T12:37:07+08:00,2025-10,期待更多利好政策，鼓励幸福婚姻
,5220177643307848,,,,,,,5220187693648648,2025-10-10T13:13:15+08:00,2025-10,恭喜恭喜，有没有找对象的？我还单身呢
,5220177643307848,,,,,,,5220189802859310,2025-10-10T13:21:38+08:00,2025-10,昨天看到好多拍婚纱照的
