media,date,title,text,text_length,url,matched_keywords
People.cn,2024/1/5,双辽市法院：彩礼退还起纷争 法官规劝平事端,双辽市人民法院双山人民法庭成功调解一起离婚纠纷案件，经承办法官耐心倾听暖心沟通，双方和平解除了婚姻关系。 2022年经媒人介绍柴某与包某相识，于2023年结婚，礼金为15万元，婚后双方经常发生争吵，包某于2023年5月离家出走，柴某多次前往包某处求和接其回家，包某要求柴某每个月支付其3千元生活费否则拒不回家。 柴某认为夫妻之间应当互帮互助，而包某每月要求自己支付3千元生活费的主张，明显是不愿意继续与其生活，将婚姻完全化为金钱，毫无夫妻感情。因柴某系举债支付的彩礼款，导致其生活困难，另包某实际与自己仅共同生活四个月有余，在与媒人及包某父母沟通复合无果后，柴某无奈将包某诉至双山人民法庭。 承办法官接到案件后，第一时间联系双方深入了解情况。经了解原、被告因婚后共同生活时间较短，生活不幸福导致走到离婚这一步。原告希望被告返还彩礼款，但被告认为是原告提出的离婚，坚决不同意退还彩礼款。 鉴于双方意见分歧较大，承办法官首先让双方当事人陈述各自的诉求以及相关事实，向原、被告释明返还彩礼的相关法律规定，之后从当地的风俗习惯、经济水平、彩礼的使用、消耗等因素进行“背对背”调解，并采取“熟人劝和”的方式，对双方当事人交心交谈，在承办法官耐心的疏导下，原、被告解开了心结，当庭达成调解协议，被告返还彩礼四万八千元，并当天予以给付。 下一步，双山人民法庭将继续坚持“能调则调、当判则判、调判结合”的审判理念，把“以人民为中心”的工作理念贯穿到日常工作之中，积极主动作为，真正做到解民忧、纾民困、暖民心，让人民群众感受到司法的温度，有力维护社会的公平公正，营造和谐良好的法治氛围。（双辽市法院）,691,http://jl.people.com.cn/n2/2024/0105/c349771-40704211.html,婚姻;结婚;离婚;彩礼;夫妻
People.cn,2024/1/9,双辽市法院：倾心调解婚姻纠纷 化解矛盾促和谐,双辽市人民法院双山人民法庭法官成功调解了一起离婚纠纷案件，既妥善处理了夫妻双方的矛盾，也有效维护了未成年子女的合法权益。 李某与孙某婚后育有一女，近年来因家庭琐事经常发生争吵，导致夫妻感情破裂。夫妻二人向辖区司法所寻求帮助，因未能缓和关系，在司法所工作人员带领下，来到双山人民法庭起诉离婚。 经承办法官与双方当事人沟通，得知双方争议焦点是女儿的抚养权问题，李某希望孩子归父亲孙某抚养。考虑到该案涉及未成年子女的抚养权问题，承办法官认为一纸判决并不能彻底解决双方的矛盾，于是组织双方当事人进行调解。 承办法官充分抓住当事人之间的情感纽带和情绪，从有利于未成年子女健康成长的角度出发，反复向双方释明子女抚养方面的法律法规，引导双方认识到是否获得子女抚养权，都不影响父母与子女的关系，双方都应当为子女的健康成长创造良好条件，提供必要的帮助和陪伴，让亲情延续下去。通过承办法官从法理、情理、伦理等多个角度耐心细致地调解，双方当事人充分考虑自身情况以及孩子目前生活状况后，终于达成一致意见，女儿由其父亲孙某抚养。 双山人民法庭始终坚持以人民为中心，把调解工作融入审判活动全过程，用柔性的司法手段实现法律的刚性要求，最大限度促进各类家事纠纷实质性化解，维护家庭和睦和社会和谐，实现法律效果和社会效果的有机统一。（双辽市法院）,556,http://jl.people.com.cn/n2/2024/0109/c349771-40707737.html,婚姻;离婚;夫妻
People.cn,2024/1/11,办了婚礼没领证，10.8万元彩礼分手后要还吗？,一对男女相处半年后办了婚礼并同居，但一直没领结婚证。如今双方感情破裂，男方给出去的10多万元彩礼能否要回来呢？近日，江苏省南通市中级人民法院对这起婚约财产纠纷维持了一审判决，酌定女方返还彩礼5.5万元。 2021年10月，小陈和小倩经人介绍相识。2022年4月，两人按照当地习俗订立婚约。当日，小陈给付小倩彩礼礼金18.8万元、定亲金银首饰五件等。小倩实收彩礼礼金10.8万元并赠送小陈钻戒一枚。次月，二人举办婚礼并生活在一起。后来，二人因为种种矛盾一直未到民政部门办理婚姻登记。 2022年9月，小陈外出务工，小倩则返回娘家居住生活。此后，小陈多次要求小倩返还彩礼，但双方协商后仅互相返还了首饰、钻戒等物品。由于小倩迟迟未返还10.8万元礼金，小陈将其告到了法院。 法庭上，小倩辩称，自己拒绝办理婚姻登记的原因在于没有选到合适的日子，不是不想办理婚姻登记，且自己在与小陈同居过程中出现了怀孕、流产的事情，身体也受到了伤害，不同意返还彩礼。小陈认为，小倩在不停地找借口拒绝办理婚姻登记，且自己不知道小倩流产的事情，现在双方感情已经破裂，小倩理应返还彩礼。 江苏省如东县人民法院审理后认为，根据法律规定，给付彩礼后双方未办理结婚登记手续的，一方请求返还按照习俗给付的彩礼，应当予以支持。本案中，小陈与小倩订立婚约后，按照当地习俗给付的现金以及金银首饰等，属于彩礼范畴。现双方因故分手，且未办理结婚登记手续， 二人缔结婚姻的目的无法实现，故小陈可以依法请求返还彩礼。 同时，法院认为，彩礼是否返还以及返还的具体数额问题应当根据案件的具体情况，综合考虑双方共同生活的时间、彩礼数额、彩礼用途、是否生育子女，并结合当地风俗习惯等因素酌情确定。最终，法院判决小倩返还彩礼礼金5.5万元。 一审宣判后，小陈不服提起上诉。南通中院经审理维持了原判。 （顾建兵 吴振宇） 共同生活时间长短、有无妊娠等影响彩礼返还数额，“彩礼返还的基本判断原则是当事人是否缔结婚姻关系并办理婚姻登记。若给付彩礼后已经结婚并且办理婚姻登记的，原则上彩礼不予返还，只有在未办理婚姻登记或者一些特殊情形下才支持当事人的返还请求，同时应当考量各种因素确定是否返还及返还多少。”该案二审合议庭审判长钱泊霖介绍，依据《最高人民法院关于适用〈中华人民共和国民法典〉婚姻家庭编的解释（一）》第五条规定，当事人请求返还按照习俗给付彩礼的，如果查明属于以下情形，人民法院应当予以支持：（一）双方未办理结婚登记手续；（二）双方办理结婚登记手续但确未共同生活；（三）婚前给付并导致给付人生活困难。适用前款第二项、第三项的规定，应当以双方离婚为条件。该规定的合理性在于，彩礼给付原本就是为了双方能够结婚，若最终双方未能办理结婚登记，也就是未能结婚，则彩礼给付的目的明显落空，故应当允许给付方要回彩礼。至于彩礼应当返还多少，首先应考虑当事人是否有共同生活且共同生活时间的长短，这是确定彩礼返还具体金额最重要的考量因素。因为共同生活越久，给付方给付彩礼的目的实现程度就越高。同时，影响彩礼返还金额的其他重要因素还包括双方是否生育和抚育子女，女方是否存在怀孕、终止妊娠等情形。因为按照中国传统观念，生儿育女同样是结婚的重要目的之一，且关系破裂而终止妊娠对女方生理和心理上会有显著不利影响，应当考虑对其予以金钱抚慰。 本案中，小陈与小倩虽按照当地习俗举办了婚礼仪式，但因故未办理婚姻登记，故小陈有权要求小倩返还彩礼。同时法院考虑到二人的同居事实、女方曾经终止妊娠以及当地的风俗习惯等，酌情判决小倩返还彩礼的数额。 值得一提的是，《最高人民法院关于审理涉彩礼纠纷案件适用法律问题的规定（征求意见稿）》第六条规定，未办理结婚登记但双方已共同生活，一方请求返还按照习俗给付的彩礼的，人民法院应当根据共同生活时间、彩礼实际使用及嫁妆情况、有无孕育子女、双方过错等事实，结合当地习俗，确定是否返还以及返还的具体比例。钱泊霖指出，已登记结婚而后离婚并引发彩礼返还的纠纷中，在具体返还金额上，除了应当关注夫妻共同生活的持续时间长短之外，还应当考虑离婚双方当事人的归因与归责因素，以及在共同生活过程中，女方是否存在怀孕、流产等情形，这为司法实践中如何进一步合理确定彩礼返还规则，妥当平衡当事人利益提供了依据。,1762,http://yn.people.com.cn/n2/2024/0111/c361322-40710346.html,婚姻登记;结婚登记;婚姻;结婚;离婚;彩礼;婚约;夫妻;婚礼
People.cn,2024/1/12,新旧婚姻观念碰撞下的红色法治洗礼,《小二黑结婚》是著名作家赵树理1943年发表的一部中篇小说，主要描写了抗战时期解放区一对青年男女为追求婚姻自由，冲破封建观念和守旧家长的阻挠，最终结为恩爱夫妻的感人故事。小说以晋冀鲁豫边区一偏僻农村发生的一起真实案件为背景，反映了当时社会变革下部分群众对封建婚姻旧俗的固执认知和接受新婚姻法洗礼后的思想变化。 1943年4月，赵树理到山西左权县搞农村调查，在和房东家一个亲戚拉家常时，得知那位亲戚有个侄子名叫岳冬至，是村里的民兵小队长，因为与该村女子智英祥自由恋爱，结果被村里几个爱慕智英祥的青年失手打死。相关部门获悉这一情况后，经过多次侦讯，案情最终大白，依法惩办了凶手。 赵树理获悉事情原委后，随即进行了调查，发现男女两家都不支持两人的“自由恋爱”，反而认为岳冬至被打死虽然不该，但“教训教训”则是理所当然的，村民也大多持有同样的观点。而当时，晋冀鲁豫边区政府制定的《晋冀鲁豫边区婚姻暂行条例》已经颁布一年多，其第四章第十条就明确规定，结婚须男女双方自愿，任何人不得强迫。此外，对订婚、解除婚约、结婚、离婚、子女问题也有明确的规定。由于该村偏僻，村民对此一无所知，反而认为这起案子是年轻人之间“争风吃醋”所引发的。 为了解决在边区普遍存在的这一社会问题，提高边区人民群众的思想觉悟，赵树理以岳冬至为原型创作了《小二黑结婚》，并将故事结果由悲剧改为了喜剧，借此宣传新婚姻法。小说一经问世，经过多方宣传，边区群众对男女婚姻自由的原则有了认识，也开始重新审视“岳冬至一案”，思想发生了较大变化。越来越多的边区男女青年冲破封建枷锁，自由恋爱、自主结婚，逐渐从封建思想的束缚中解脱了出来，并且还激发了更多妇女积极参与到革命事业中来。 小说原型人物生活在晋冀鲁豫边区，地处四省交界区域，地理环境封闭、交通条件落后，传统封建伦理和宗法家族势力一直以来对人们的思想和行为有着强大的影响力和控制力。 随着晋冀鲁豫边区政府的建立，中国共产党对边区政治、经济、思想文化等诸多方面实施了社会改造，给广袤的农村带来巨大变化，旧的、不合理的现象受到冲击，边区群众在思想观念、行为方面也开始发生变化。但当地婚姻家庭关系深受封建伦理影响，早婚、买卖婚姻、男女不平等等旧式观念与习惯一度影响着边区群众的婚姻家庭关系。 为了改变这一状况，晋冀鲁豫边区政府制定并颁布了一系列新的婚姻法规，对边区固有的封建婚姻制度实施深度改造，相继制定并颁布了《晋冀鲁豫边区婚姻暂行条例》《晋冀鲁豫边区婚姻暂行条例施行细则》《晋冀鲁豫边区妨害婚姻治罪暂行条例》。边区政府的婚姻法规以“婚姻自由”“婚姻自主”为基本原则，规定在男女自愿基础上的结合是婚姻关系建立的前提，废除买卖婚姻、早婚等旧式婚姻陋俗，明确男女在婚姻家庭关系中具有平等地位，赋予夫妻任何一方向政府请求离婚的权利。 边区政府通过制定与实施相关婚姻法规，倡导婚姻自由、婚姻自主的观念，极大地改变了边区群众对旧式婚姻家庭关系的态度，打破了压在妇女身上沉重的枷锁，极大地保护了女性群体的自身利益，为边区男女平等的婚恋观提供了制度保障，给边区传统婚姻家庭关系带去很大的变化：一是初步动摇了旧婚姻制度的基础，边区婚姻制度出现了新面貌；二是促使妇女更广泛地参加各种生产活动，进一步发挥了妇女的力量，增进了边区各个家庭的和睦与团结，巩固了边区的社会秩序；三是促进了边区农村男女地位平等，提高了妇女地位，是妇女解放的重要组成部分。 在新婚姻条例颁布施行后，边区呈现出一片新气象，买卖婚姻减少，童养媳和早婚现象得到控制，寡妇改嫁已为大多数人接受，新式婚礼开始出现。边区群众经过红色法治洗礼，婚姻自由得到保障，极大解放了几千年来被压抑的人性，体现了中国共产党在婚姻革命和法治建设中的政治智慧与立法技术，也为新中国成立后的法治建设提供了重要借鉴。（刘盈辛）,1572,http://yn.people.com.cn/n2/2024/0112/c361322-40711445.html,婚姻;结婚;离婚;婚恋;早婚;婚约;恋爱;夫妻;婚礼
People.cn,2024/1/13,深圳除夕当天可办理结婚登记,“2·14情人节当天可以办理结婚登记吗？“除夕当天婚姻登记处上班吗？”……年关将至，关于婚姻业务的咨询业务也多了起来。记者从深圳市民政局获悉，2月9日(星期五)除夕当天，深圳市各婚姻登记处正常上班，市民可提前预约当天进行婚姻登记。 市民政局透露，深圳市各区民政部门婚姻登记机关“五一”“十一”“元旦”节假日当日上班一天，其他法定节假日正常放假。 按照国务院办公厅发布2024年放假安排，2月9日(星期五)除夕正常上班，深圳各婚姻登记处也正常开展工作；但是2月14日“情人节”在春节假期期间，不开展婚姻登记服务。 市民政局提醒，市民可通过“广东民政婚姻登记网上预约系统”和“粤省事”小程序按需求进行预约。广东省婚姻登记预约系统可提前1天预约，最长可预约15天内的号源，预约系统每天上午8∶30更新号源，须提前1个自然日(24小时)申请。 深圳各婚姻登记处全力满足市民群众的婚姻登记需求。如遇预约系统满号，市民可在当日前往各区民政部门婚姻登记处现场申请办理婚姻登记。（记者 窦延文）,439,http://sz.people.com.cn/n2/2024/0113/c202846-40712666.html,婚姻登记;结婚登记;婚姻;结婚
China News Service,2024/1/14,当前青年新型婚恋观研究,年轻人压力增加，时间精力大多都投入到了工作和事业里，剩余的时间也优先留给自己放松身心、回归自我，交给恋爱的时间少之又少，从而缺乏让青年深入了解别人的空间。 对青年而言，婚恋观是人生观的重要组成部分。1932年，张竞生教授提出“爱情四定则”：“爱情是有条件的，爱情是可比较的，爱情是可变迁的，夫妻为朋友的一种。”这在彼时显得石破天惊，却一定程度上体现了当下中国青年的婚恋观。究其原因，发端于社会、经济、思想文化的变革逐步形成了当下年轻人对婚恋多元性的追求与实践。 婚恋独立性。对个体独立人格的追求，塑造了“婚恋以独立为先”的价值取向。近年来，在网络流行用语中，“亲密关系”逐渐取代“恋爱”成为形容男女关系的热词。这一细微区别间接体现了当代青年的情感倾向：他们崇尚“亲密有间”，强调在恋爱中保持相对独立的生活场域。这种情感倾向不仅涉及个体在亲密关系中的独立性，更触及了诸如“是否必须进入亲密关系”“是否有必要结婚”等婚恋领域青年观念的变化。 婚恋条件性。对理性分析思维的认同，催生了“婚恋取决于条件”的行为模式。伴随着“生活成本”事实与“生活品质”追求之间张力的日益增长，似乎陪伴彼此的恋人不仅是鲜活的人，还是人格、才能、财产、原生家庭等多重条件的集合。因此，年轻人对婚恋关系往往持审慎态度：一方面，他们将对方在关系确立前后的付出意识纳入考量；另一方面，他们还会将对方的物质积累、发展潜力作为决定是否推进婚姻关系的标准。 婚恋多元性。随着互联网技术与文化的普及，青年社交活动的范围广度、类型丰富度与选择自由度迅速上升。具体到爱情领域，尽管年轻人仍倾向于用积极正面的形容词描述爱情，表达其潜藏于心的“一生一代一双人”式美好期许，但面对现实的婚恋问题时，他们较前辈往往更容易对自己和恋人失去耐心，在诸如“姐妹快跑”“不分手留着过年”的声音中得出“所托非人”的结论。 自我意识成为青年新型婚恋观的“水龙头”。如今的年轻人多为独生子女，自我意识使得个体对“自我实现”和“爱情生活”的独立性得以充分表达，导致对个体的边界意识以及对自身损益的敏感性增强，为婚恋条件性的形成奠定了基础。正所谓“爱情不能成为降低生活质量的理由，婚恋不能成为禁锢自我实现的牢笼”，随着自我意识的强化，婚恋中的“逃跑主义”应运而生：青年人给自己的婚恋做起了“成本-收益”的经济分析，一旦这一结果不利，则会导致分手以求自保，重启选择“独美”的简单模式。在爱情领域，泛滥的自我意识不仅阻断了情侣间不可或缺的情感交互，更为情侣间的互不信任乃至两性对立埋下了种子。 网络传媒成为青年新型婚恋观的“放大器”。社交网络上的“晒幸福”“秀恩爱”让年轻人向往爱情，亦在潜移默化中将恋爱教条化、模板化。社交网络的放大效应也一定程度上也加剧了性别隔阂。随着暧昧、PUA、出轨、家暴等负面新闻接连曝光，年轻人对婚姻的恐惧也水涨船高：他们开始担心此类现象的普遍性，从而对异性的信任感降低，对恋爱和婚姻逐渐失望。在社交网络中，这些失望加剧了年轻人对相对群体的厌恶心理。 经济形势是青年新型婚恋观的“催化剂”。一方面，当前收入和前景预期的收缩，催生了年轻人内心的焦虑情绪，致使“婚恋取决于条件”的观念趋于固化；另一方面，就业压力及其诱发的“社畜文化”进一步压缩了个体的可支配自由时间，降低了其在包容度方面的阈值，进而变相强化了“婚恋以独立为先”的取向。年轻人压力增加，时间精力大多都投入到了工作和事业里，剩余的时间也优先留给自己放松身心、回归自我，交给恋爱的时间少之又少，从而缺乏让青年人深入了解别人的空间。也正因此，诸如“恋爱靠边，搞钱第一”的口号才得以获得年轻人的自发认同。 婚恋观的健全与否不仅对青年的人生观、世界观和价值观有着重要影响，更在潜移默化中塑造着其人生轨迹。引导青年树立理性的婚恋观切中肯綮，利在家国。相关对策的研判与实施应遵循主观与客观相结合的基本原则，在引导青年形成对个体、社会的正确认知的同时，为青年提供优质和谐的社交环境。 规范和谐网络环境。价值观念在一定社会的文化中是起中轴作用的，文化的影响力首先是价值观念的影响力。网络主管部门要注意凸显社会主义核心价值观的引领作用，强化主流婚恋价值观的弘扬，引导青年人明确恋爱底线，理性审视和自觉抵制拜金主义、享乐主义、性自由等西方错误思潮，全面客观地看待恋爱中的各种矛盾和问题，筑牢思想防线，提升恋爱道德和恋爱责任意识。 打造恋爱思政课堂。高校作为青年发展的主阵地，应当把恋爱问题、婚姻问题创新纳入思政课堂，应当勇于直面学生和问题，深入了解大学生的实际需求，利用生动的语言、现实的案例为青年学生塑造崇高的爱情理想，提高大学生对于恋爱观教育的认同度。 树立理性的婚恋观。在当今社会，清醒和现实已经几乎成了对身处爱情中的男女的最高评价，而“爱情”两个字的本质大家却心照不宣地不再提及。当你要求别人专一时，自己先要做到专一。当你要求别人付出时，自己也要有为爱付出的勇气。唯有真诚，才是“必杀技”。 许凝,2048,https://www.chinanews.com.cn/sh/2024/01-14/10145732.shtml,婚姻;结婚;婚恋;恋爱;夫妻;情侣;恋人;家暴
China News Service,2024/1/18,中国最高法发文明确禁止借婚姻索取财物,中新社 北京1月18日电 (记者 张素)中国最高人民法院18日对外发布的一份司法文件明确，禁止借婚姻索取财物。 《最高人民法院关于审理涉彩礼纠纷案件适用法律若干问题的规定》(下称《规定》)共7条，将从2024年2月1日起施行。最高法表示，涉彩礼纠纷案件数量近年呈上升趋势，甚至出现因彩礼返还问题引发的恶性刑事案件，制定《规定》旨在回应关切、总结经验。 在司法实践中，超出家庭正常开支的彩礼成为很多家庭的沉重负担，甚至有人借彩礼之名行诈骗之实。《规定》为此明确，“一方以彩礼为名借婚姻索取财物，另一方要求返还的，人民法院应予支持”。 针对彩礼认定范围这一重点难点问题，《规定》称，可以根据一方给付财物的目的，综合考虑双方当地习俗、给付的时间和方式、财物价值、给付人及接收人等事实，认定彩礼范围。 《规定》还以反向排除方式明确几类不属于彩礼的财物，包括“一方在节日、生日等有特殊纪念意义时点给付的价值不大的礼物、礼金”“一方为表达或者增进感情的日常消费性支出”等，认为在婚约解除或离婚时可以不予返还。 当前，实践中存在婚约双方的父母能否作为诉讼当事人的争议问题。《规定》在考虑传统习俗的基础上，区分“婚约财产纠纷”“离婚纠纷”两种情况，并明确，“婚约财产纠纷中，婚约一方及其实际给付彩礼的父母可以作为共同原告；婚约另一方及其实际接收彩礼的父母可以作为共同被告”。 此外，最高法就制定这份司法文件向社会公开征求意见时，有的反馈意见认为不应将是否孕育作为彩礼返还的考量因素。但考虑到女性在妊娠、分娩、抚育子女等方面的付出，《规定》明确将此作为酌情减少彩礼返还甚至不予返还的考量因素。(完) 【,692,https://www.chinanews.com.cn/sh/2024/01-18/10148439.shtml,婚姻;离婚;彩礼;婚约
China News Service,2024/1/18,彩礼有了最新司法解释 律师解读嫁妆怎么算,中新网 1月18日电 近年来，多地彩礼数额持续走高，涉彩礼纠纷案件数量呈上升趋势，为妥善审理涉彩礼纠纷案件、平衡双方利益，最高人民法院今天发布审理涉彩礼案件司法解释。其中明确了“一方以彩礼为名借婚姻索取财物，另一方要求返还的，人民法院应予支持。”明确了不属于彩礼的几种财物，第一是一方在节日、生日等有特殊纪念意义时点给付的价值不大的礼物、礼金；第二是一方为表达或者增进感情的日常消费性支出；第三是其他价值不大的财物。但是如何认定价值不大还需要在实践中具体判断。同时，规定明确了双方父母在彩礼返还的纠纷中可以作为原被告。新增两种彩礼返还的例外情况，第一种是已办理结婚登记且共同生活，在该种情况下，彩礼一般不支持返还，但共同生活时间较短且彩礼数额过高，可以由法院根据具体情况进行裁量。第二种是双方未办理结婚登记但已共同生活，该种情况下也可以由法院根据具体情况进行裁量。法院裁量时“应当根据彩礼实际使用及嫁妆情况，综合考虑共同生活及孕育情况、双方过错等事实，结合当地习俗，确定是否返还以及返还的具体比例”。 针对彩礼已有最新的司法解释，那么有网友提出疑问女方父母给的嫁妆在财产方面该怎么算？北京岳成律师事务所岳屾山律师表示，嫁妆在实践中一般根据《中华人民共和国民法典》的相关规定，在婚前由父母赠与子女的，属于受赠子女的个人财产，而在婚后赠与子女的，如果没有特别说明，归夫妻双方共有。,588,https://www.chinanews.com.cn/sh/2024/01-18/10148447.shtml,结婚登记;婚姻;结婚;彩礼;夫妻
China News Service,2024/1/18,最高法发布关于审理涉彩礼纠纷案件适用法律若干问题的规定,中新网 1月18日电 据最高法微信公众号消息，《最高人民法院关于审理涉彩礼纠纷案件适用法律若干问题的规定》(以下简称《规定》)已于2023年11月13日由最高人民法院审判委员会第1905次会议审议通过，自2024年2月1日起施行。 最高法表示，近年来，多地彩礼数额持续走高，形成攀比之风。这不仅背离了彩礼的初衷，使彩礼给付方家庭背上沉重的经济负担，也给婚姻稳定埋下隐患，不利于社会文明新风尚的弘扬。党的二十大报告提出，要提高全社会文明程度。2021年以来，“中央一号文件”连续三年对治理高额彩礼、移风易俗提出工作要求。从司法实践反映的情况看，涉彩礼纠纷案件数量近年呈上升趋势，甚至出现因彩礼返还问题引发的恶性刑事案件。为贯彻落实党的二十大精神和“中央一号文件”要求，回应人民关切，最高法全面总结近年来司法实践经验，经过充分调研、反复论证、广泛征求意见，制定了本《规定》。《规定》具有如下重要意义： 第一，有助于弘扬社会主义核心价值观。移风易俗是社会文明进步的重要标志。彩礼作为我国传统婚嫁习俗，有广泛的社会文化基础。但是，超出家庭正常开支的彩礼成为很多家庭的沉重负担，在婚龄较短的情况下，造成双方利益失衡，彩礼纠纷数量增多。针对这一问题，法院应根据诚实信用原则，予以适当调整，妥善平衡双方利益。甚至有些人借彩礼之名行诈骗之实，严重损害彩礼给付方合法权益，司法更应坚决予以打击。《规定》旗帜鲜明地反对借婚姻索取财物，对于弘扬健康、节俭、文明的婚嫁新风，推动文明乡风建设，有重要意义。 第二，有助于推动提升高额彩礼专项治理效果。2022年8月，农业农村部、中央文明办、民政部等八个部门联合发布《开展高价彩礼、大操大办等农村移风易俗重点领域突出问题专项治理工作方案》，提出治理的目标是高价彩礼等陈规陋习在部分地区持续蔓延势头得到有效遏制，农民群众在婚丧嫁娶中的彩礼等支出负担明显减轻。《规定》通过明确裁判规则，能够给予相关当事人以行为指引，助力引导人民群众更加理性地看待彩礼问题，让彩礼回归“礼”的本质，推动提升高额彩礼专项治理效果。 第三，有助于统一法律适用标准，依法平衡双方利益。《最高人民法院关于适用 婚姻家庭编的解释(一)》(以下简称民法典婚姻家庭编解释(一))规定了三种可返还彩礼的情形，包括：未办理结婚登记、已办理结婚登记但确未共同生活以及婚前给付导致给付人生活困难。但是，近年来，涉彩礼案件呈现以下两个新特点：一是已经办理结婚登记且已共同生活，但是共同生活时间较短；二是仅按当地习俗举办婚礼即共同生活但未办理结婚登记。该两类案件无法适用上述司法解释规定，彩礼是否返还以及如何确定返还比例成为审判实践的难点。《规定》基于彩礼的目的性赠与特征，综合考虑共同生活、孕育情况、双方过错等因素，在民法典婚姻家庭编解释(一)的基础上，完善相关裁判规则，有助于统一类案的法律适用标准，妥善平衡双方利益。 《规定》针对司法实践中存在的彩礼认定范围、彩礼返还原则、诉讼主体资格等重点难点问题予以规范，与民法典婚姻家庭编解释(一)结合，形成逻辑完整的彩礼纠纷法律适用规则。 一是重申禁止借婚姻索取财物。民法典第1042条规定，禁止借婚姻索取财物。借婚姻索取财物违反了婚姻自由原则，应当坚决予以打击。《规定》明确，以彩礼为名借婚姻索取财物，另一方要求返还的，人民法院应予支持。 二是明确彩礼与恋爱期间一般赠与的区别。彩礼与恋爱期间的一般赠与相比，虽然当事人的目的和动机相似，但是彩礼的给付一般是基于当地风俗习惯，直接目的是为了缔结婚姻关系，有其相对特定的外延范围。为此，《规定》明确，在认定某一项给付是否属于彩礼时，可以根据一方给付财物的目的，综合考虑双方当地习俗、给付的时间和方式、财物价值、给付人及收受人等事实认定。比如，可以考察给付的时间是否是在双方谈婚论嫁阶段、是否有双方父母或介绍人商谈，财物价值大小等事实。《规定》同时以反向排除的方式明确了几类不属于彩礼的财物，包括：一方在节日或者生日等有特殊纪念意义时点给付的价值不大的礼物、礼金、一方为表达或者增进感情的日常消费性支出等。此类财物或支出，金额较小，主要是为了增进感情的需要，在婚约解除或离婚时，可以不予返还。 三是明确涉彩礼纠纷的诉讼主体。彩礼返还纠纷中，程序上存在的主要争议问题是婚约双方的父母能否作为诉讼当事人。在中国的传统习俗中，儿女的婚姻一般由父母操办，接、送彩礼也大都有双方父母参与。《规定》充分考虑上述习俗，区分两种情况：一是婚约财产纠纷。此类案件原则上以婚约双方当事人作为诉讼主体，但考虑到实践中，彩礼的给付方和接收方并非限于婚约当事人，双方父母也可能参与其中，为尊重习俗，同时也有利于查明彩礼数额、彩礼实际使用情况等案件事实，确定责任承担主体，《规定》明确，婚约财产纠纷中，婚约一方及其实际给付彩礼的父母可以作为共同原告；婚约另一方及其实际接收彩礼的父母可以作为共同被告；二是离婚纠纷。考虑到离婚纠纷的诉讼标的主要是解除婚姻关系，不宜将婚姻之外的其他人作为当事人，故《规定》明确，在离婚纠纷中一方提出返还彩礼诉讼请求的，当事人仍为夫妻双方。 四是完善彩礼返还规则。近年来，涉彩礼纠纷出现新情况、新问题。民法典婚姻家庭编解释(一)虽规定了彩礼返还问题，但在法律逻辑上，尚有两种情况未予规定，需要完善相关规则：一是已经结婚并共同生活；二是未办理结婚登记但已经共同生活。在第一种情况下，双方已办理结婚登记手续并共同生活，离婚时一方请求返还按照习俗给付的彩礼的，人民法院一般不应予以支持。但是，也要看到，给付彩礼的目的除了办理结婚登记这一法定形式要件外，更重要的是双方长期共同生活。因此，共同生活时间长短应当作为确定彩礼是否返还以及返还比例的重要考量因素。在“闪离”的情况下，如果对相关返还彩礼的诉讼请求完全不予支持，尤其是举全家之力给付的高额彩礼，会使双方利益明显失衡，司法应当予以适当调整，根据彩礼实际使用及嫁妆情况，综合考虑彩礼数额、共同生活及孕育情况、双方过错等事实，确定是否返还以及返还的具体比例；在第二种情况下，如果双方未办理结婚登记的，原则上彩礼应当予以返还。但亦不应当忽略共同生活的“夫妻之实”。该共同生活的事实一方面承载着给付彩礼一方的重要目的，另一方面会对女性身心健康产生一定程度的影响，尤其是曾经有过妊娠经历或生育子女等情况。如果仅因未办理结婚登记而要求接受彩礼一方全部返还，有违公平原则，也不利于保护妇女合法权益，应当根据彩礼实际使用及嫁妆情况，综合考虑共同生活及孕育情况、双方过错等事实，确定是否返还以及返还的具体比例。《规定》对此用两个条文予以规定。 为广泛听取社会各界意见，更好回应人民群众关切，2023年12月11日，最高法就《规定》向社会公开征求意见，共收到200余份反馈意见。最高法对反馈意见高度重视，逐份进行了认真梳理和慎重研究。就其中的扩大诉讼主体范围、规定嫁妆处理规则、明确借婚姻索取财物具体形式、共同生活界定等意见，反复进行研究。 最高法认为，首先，关于诉讼主体范围。婚约财产纠纷案件中，适当将诉讼主体由婚约当事人扩大到其父母，符合传统习俗，但如果扩大到其他亲属，将导致过多人牵涉诉讼，严重影响诉讼效率，也容易激化矛盾。对于有的婚约当事人父母早亡，由其他亲属抚养长大并在彩礼给付接收中代行父母职责的情况，最高法在《规定》起草过程中已对此予以特别关注。但是，考虑到个案千差万别，亦无明确的法律或习俗概念界定该类人员，为保证司法解释准确清晰，《规定》未作扩大表述。实践中，如出现此种特殊情况，可以基于习俗，参照适用本《规定》处理； 其次，关于嫁妆处理规则。作为与彩礼相伴相生的婚嫁习俗，嫁妆目前仍较为普遍，但不同地区、不同家庭可能存在较大差别。为此，《规定》第五条和第六条均明确在彩礼返还时要考虑嫁妆情况，即应当扣减已经共同消费或已经添附到男方财产上的嫁妆数额。此外，传统上一般认为，离婚时，尚存的嫁妆应归女方，现实生活中亦对此争议不大，从审判实践情况看，仅就嫁妆返还产生的纠纷极少，故《规定》未就嫁妆返还问题再作单独规定，逻辑上可以参照本规定处理。下一步，最高法将继续总结审判实践经验，通过发布典型案例等方式加强监督指导。 第三，关于借婚姻索取财物具体形式。借婚姻索取财物与彩礼在实践中的界限不能简单以是否有结婚意愿作为区分标准，因为有的情况即使当事人有结婚意愿，也可能借机索取财物，且结婚意愿作为主观因素在诉讼中亦需要客观事实证明，实践中当事人很难举证证明。有意见提出，收受彩礼后携款潜逃或者短期内多次以缔结婚姻为名收取高额彩礼后无正当理由悔婚的，应认定为借婚姻索取财物。最高法认为，如果有证据证明存在上述情形，一方根据《规定》第二条，请求对方返还的，人民法院应予支持。实践中，如果情形严重的，甚至已涉嫌刑事犯罪，人民法院对该种行为应当坚决予以打击。 第四，关于共同生活的认定。有意见提出应当明确共同生活多长时间即可以不需要返还彩礼。考虑到彩礼返还比例不仅需要考虑共同生活时间，还要考虑孕育情况、双方过错等事实，不同因素叠加会出现各种不同组合，规定具体的时间反而可能损害一方当事人的利益。故《规定》未就具体的生活时间进行规定。实践中应当依据个案具体情况综合认定。此外，有意见提出，不应将是否孕育作为彩礼返还的考量因素。最高法一直高度重视对妇女权益的保护，考虑到女性在妊娠、分娩、抚育子女等方面的付出，《规定》明确将此作为酌情减少彩礼返还甚至不予返还的考量因素，以更好保护妇女合法权益。比如最高法此前发布的一件涉彩礼典型案例，双方虽未办理结婚登记，但已按照当地习俗举办婚礼后共同生活，并生育子女，法院判决不予返还彩礼。 此外，最高法根据反馈意见，对相关内容进行了修改完善，比如，将征求意见稿第五条和第六条中的“孕育子女”修改为“孕育情况”，以涵盖终止妊娠等情形。再比如，将征求意见稿第五条和第六条中的“共同生活时间”修改为“共同生活情况”，以指引法官在考量共同生活事实时，不能简单计算时间长短，还需要综合考虑是否实际一起居住、未实际共同居住的原因等情形。反馈意见对于完善《规定》内容起到了重要作用。 关于审理涉彩礼纠纷案件适用法律若干问题的规定 (2023年11月13日最高人民法院审判委员会第1905次会议通过，自2024年2月1日起施行) 为正确审理涉彩礼纠纷案件，根据《中华人民共和国民法典》、《中华人民共和国民事诉讼法》等法律规定，结合审判实践，制定本规定。 第一条 以婚姻为目的依据习俗给付彩礼后，因要求返还产生的纠纷，适用本规定。 第二条 禁止借婚姻索取财物。一方以彩礼为名借婚姻索取财物，另一方要求返还的，人民法院应予支持。 第三条 人民法院在审理涉彩礼纠纷案件中，可以根据一方给付财物的目的，综合考虑双方当地习俗、给付的时间和方式、财物价值、给付人及接收人等事实，认定彩礼范围。 (一) 一方在节日、生日等有特殊纪念意义时点给付的价值不大的礼物、礼金；(二) 一方为表达或者增进感情的日常消费性支出；(三) 其他价值不大的财物。 第四条 婚约财产纠纷中，婚约一方及其实际给付彩礼的父母可以作为共同原告；婚约另一方及其实际接收彩礼的父母可以作为共同被告。 离婚纠纷中，一方提出返还彩礼诉讼请求的，当事人仍为夫妻双方。 第五条 双方已办理结婚登记且共同生活，离婚时一方请求返还按照习俗给付的彩礼的，人民法院一般不予支持。但是，如果共同生活时间较短且彩礼数额过高的，人民法院可以根据彩礼实际使用及嫁妆情况，综合考虑彩礼数额、共同生活及孕育情况、双方过错等事实，结合当地习俗，确定是否返还以及返还的具体比例。 人民法院认定彩礼数额是否过高，应当综合考虑彩礼给付方所在地居民人均可支配收入、给付方家庭经济情况以及当地习俗等因素。 第六条 双方未办理结婚登记但已共同生活，一方请求返还按照习俗给付的彩礼的，人民法院应当根据彩礼实际使用及嫁妆情况，综合考虑共同生活及孕育情况、双方过错等事实，结合当地习俗，确定是否返还以及返还的具体比例。 第七条 本规定自2024年2月1日起施行。 本规定施行后，人民法院尚未审结的一审、二审案件适用本规定。本规定施行前已经终审、施行后当事人申请再审或者按照审判监督程序决定再审的案件，不适用本规定。 【,5021,https://www.chinanews.com.cn/gn/2024/01-18/10148290.shtml,结婚登记;高价彩礼;婚姻;结婚;离婚;彩礼;婚嫁;婚龄;婚约;恋爱;夫妻;婚礼
People.cn,2024/1/18,何种情况需要返还彩礼？最高法发布新规明确--社会・法治--人民网,人民网北京1月18日电 （薄晨棣、高清扬）今日，最高人民法院发布《最高人民法院关于审理涉彩礼纠纷案件适用法律若干问题的规定》（以下简称《规定》），自2024年2月1日起施行。 近年来，多地彩礼数额持续走高，形成攀比之风。这不仅背离了彩礼的初衷，使彩礼给付方家庭背上沉重的经济负担，也给婚姻稳定埋下隐患，不利于社会文明新风尚的弘扬。最高法介绍，《规定》针对司法实践中存在的彩礼认定范围、彩礼返还原则、诉讼主体资格等重点难点问题予以规范。 民法典规定，禁止借婚姻索取财物。借婚姻索取财物违反了婚姻自由原则，应当坚决予以打击。《规定》明确，以彩礼为名借婚姻索取财物，另一方要求返还的，人民法院应予支持。 彩礼与恋爱期间的一般赠与相比，虽然当事人的目的和动机相似，但是彩礼的给付一般是基于当地风俗习惯，直接目的是为了缔结婚姻关系，有其相对特定的外延范围。为此，《规定》明确，在认定某一项给付是否属于彩礼时，可以根据一方给付财物的目的，综合考虑双方当地习俗、给付的时间和方式、财物价值、给付人及收受人等事实认定。比如，可以考察给付的时间是否是在双方谈婚论嫁阶段、是否有双方父母或介绍人商谈，财物价值大小等事实。 《规定》同时以反向排除的方式明确了几类不属于彩礼的财物，包括：一方在节日或者生日等有特殊纪念意义时点给付的价值不大的礼物、礼金、一方为表达或者增进感情的日常消费性支出等。此类财物或支出，金额较小，主要是为了增进感情的需要，在婚约解除或离婚时，可以不予返还。 彩礼返还纠纷中，程序上存在的主要争议问题是婚约双方的父母能否作为诉讼当事人。在中国的传统习俗中，儿女的婚姻一般由父母操办，接、送彩礼也大都有双方父母参与。《规定》充分考虑上述习俗，区分两种情况：一是婚约财产纠纷。此类案件原则上以婚约双方当事人作为诉讼主体，但考虑到实践中，彩礼的给付方和接收方并非限于婚约当事人，双方父母也可能参与其中，为尊重习俗，同时也有利于查明彩礼数额、彩礼实际使用情况等案件事实，确定责任承担主体，《规定》明确，婚约财产纠纷中，婚约一方及其实际给付彩礼的父母可以作为共同原告；婚约另一方及其实际接收彩礼的父母可以作为共同被告。二是离婚纠纷。考虑到离婚纠纷的诉讼标的主要是解除婚姻关系，不宜将婚姻之外的其他人作为当事人，故《规定》明确，在离婚纠纷中一方提出返还彩礼诉讼请求的，当事人仍为夫妻双方。 近年来，涉彩礼纠纷出现新情况、新问题。《最高人民法院关于适用 婚姻家庭编的解释（一）》虽规定了彩礼返还问题，但在法律逻辑上，尚有两种情况未予规定，需要完善相关规则：一是已经结婚并共同生活；二是未办理结婚登记但已经共同生活。在第一种情况下，双方已办理结婚登记手续并共同生活，离婚时一方请求返还按照习俗给付的彩礼的，人民法院一般不应予以支持。但是，也要看到，给付彩礼的目的除了办理结婚登记这一法定形式要件外，更重要的是双方长期共同生活。因此，共同生活时间长短应当作为确定彩礼是否返还以及返还比例的重要考量因素。在“闪离”的情况下，如果对相关返还彩礼的诉讼请求完全不予支持，尤其是举全家之力给付的高额彩礼，会使双方利益明显失衡，司法应当予以适当调整，根据彩礼实际使用及嫁妆情况，综合考虑彩礼数额、共同生活及孕育情况、双方过错等事实，确定是否返还以及返还的具体比例。 在第二种情况下，如果双方未办理结婚登记的，原则上彩礼应当予以返还。但亦不应当忽略共同生活的“夫妻之实”。该共同生活的事实一方面承载着给付彩礼一方的重要目的，另一方面会对女性身心健康产生一定程度的影响，尤其是曾经有过妊娠经历或生育子女等情况。如果仅因未办理结婚登记而要求接受彩礼一方全部返还，有违公平原则，也不利于保护妇女合法权益，应当根据彩礼实际使用及嫁妆情况，综合考虑共同生活及孕育情况、双方过错等事实，确定是否返还以及返还的具体比例。《规定》对此用两个条文予以规定。,1604,http://society.people.com.cn/n1/2024/0118/c1008-40161816.html,结婚登记;婚姻;结婚;离婚;彩礼;婚约;恋爱;夫妻
People.cn,2024/1/18,安徽颍上：首届“零彩礼”集体婚礼,1月18日上午（农历腊月初八），安徽颍上县举行了一场引人注目的婚庆活动——首届“零彩礼”集体婚礼。八对年轻幸福的新人携手步入婚姻的殿堂，以彰显他们对于纯爱婚姻的珍视和对繁琐彩礼的抗拒。 这次集体婚礼活动的主题是“因为爱，我们结婚啦！”，旨在新人们对于彼此的深爱和对于传统婚礼成本高昂的拒绝。同时，以“零彩礼”为理念，呼吁人们关注婚姻的纯粹和真爱的力量。整个婚礼场面温馨浪漫，新人们身着大红唐装，喜庆而简约的装扮展现出了他们对于婚姻的理解和对于爱情的坚守。彰显出他们对于婚姻的理解和对纯爱的追求。他们手挽着手，走过飘扬的彩带门，步入婚姻的美好殿堂。 仪式上，新人们郑重地互相交换了誓言，承诺相互扶持、相互守护，誓言充满真挚和感动，带给在场的观众无尽的感慨和祝福。 通过本次首届“零彩礼”集体婚礼的举行，让人们对于婚姻和爱情有了新的认识，为倡导婚姻观念改革迈出了重要的一步。（徐庆）,389,http://ah.people.com.cn/n2/2024/0118/c374164-40718202.html,婚姻;结婚;彩礼;婚礼
People.cn,2024/1/18,离婚后“彩礼”要不要还？最高法明确有关问题--社会・法治--人民网,“彩礼”是我国传统婚嫁习俗，近年来各地涉彩礼纠纷案件数量呈上升趋势。对此，最高人民法院1月18日发布关于审理涉彩礼纠纷案件适用法律若干问题的规定，通过明确裁判规则，助力引导人民群众更加理性地看待彩礼问题。规定自2024年2月1日起施行。 规定旗帜鲜明反对借婚姻索取财物，明确指出：一方以彩礼为名借婚姻索取财物，另一方要求返还的，人民法院应予支持。 根据规定，人民法院在审理涉彩礼纠纷案件中，可以根据一方给付财物的目的，综合考虑双方当地习俗、给付的时间和方式、财物价值、给付人及接收人等事实，认定彩礼范围。 规定也明确，一方在节日、生日等有特殊纪念意义时点给付的价值不大的礼物、礼金，为表达或者增进感情的日常消费性支出，以及其他价值不大的财物等，不属于彩礼。 同时，规定进一步完善彩礼返还规则，明确双方已办理结婚登记且共同生活，离婚时一方请求返还按照习俗给付的彩礼的，人民法院一般不予支持。 但是，如果共同生活时间较短且彩礼数额过高的，人民法院可以根据彩礼实际使用及嫁妆情况，综合考虑彩礼数额、共同生活及孕育情况、双方过错等事实，结合当地习俗，确定是否返还以及返还的具体比例。 双方未办理结婚登记但已共同生活，一方请求返还按照习俗给付的彩礼的，人民法院应当根据彩礼实际使用及嫁妆情况，综合考虑共同生活及孕育情况、双方过错等事实，结合当地习俗，确定是否返还以及返还的具体比例。,586,http://society.people.com.cn/n1/2024/0118/c1008-40161780.html,结婚登记;婚姻;结婚;离婚;彩礼;婚嫁
CCTV,2024/1/19,广东一村出台红娘奖励办法：促成男青年结婚 奖六百,近日，一份题为《铁东村关于对本村男青年介绍配偶的红娘的激励办法》的文件引发关注。 其中称，因铁东村男性未婚青年人数逐年增多，为了提高社会各界热心人士对青年人婚姻问题的关心度，发挥民间红娘穿针引线的积极作用，促使该村青年人早日完婚。经铁东村相关会议研究决定，特制定以下激励办法：凡给该村男性未婚青年介绍配偶并最终登记结婚的红娘，村委会给予600元介绍费予以奖励，自2024年2月9日起执行，试行3年。 18日下午，龙川县铁场镇工作人员回复澎湃新闻称，上述文件属实，该激励办法是铁东村召开村民委员会制定的，“主要是为了解决该村未婚男青年的婚恋问题，没有其他任何目的”。 据南方农村报报道，铁东村党支部书记黄小强表示，铁东村全村户籍人口约3000人，20岁以上40岁以下的单身男青年约240人。村里通过驻村帮扶单位和外出乡贤支持的86万元捐款投入太阳能光伏电站项目，每年产生收益7万多元，村里将这些收益用于奖教奖学等公益活动，激励红娘的“介绍费”资金亦来源于此。 澎湃新闻查询发现，铁东村激励红娘牵线的做法并非全国首例。2023年年初，河南焦作市武陟县小董乡乔庄村村委会发出《关于成立大龄男青年红线团的启事》称，为需要解决婚姻问题的28周岁以上大龄男青年提供婚恋服务，村里28岁以上村民均可成为红线团成员。激励方案为，村委会拟每年拿出2万元奖励给牵线人，每撮合一对成亲结婚，村委会奖励牵线人1000元。 2023年11月，陕西宝鸡市渭滨区石鼓镇相家庄村发布一则《相家庄村关于对本村男青年介绍配偶的红娘的激励办法》称，凡给该村男性未婚青年介绍配偶并最终结婚的红娘，村委会给予1000元介绍费予以奖励，并从2024年1月1日起实施。,711,https://news.cctv.com/2024/01/19/ARTIKX6bjPHPmOFjfUWj9Px3240119.shtml,婚姻;结婚;婚恋;单身;配偶
CCTV,2024/1/19,最高法明确禁止借婚姻索取财物，取消彩礼会成为趋势吗？,央视网消息 （记者/杨绎霏 阚纯裕 剪辑/杜安琪）：“彩礼”是传统婚嫁习俗之一。近年来，多地彩礼数额持续走高，涉彩礼纠纷案件数量也呈上升趋势。有人礼尚往来、点到为止；也有人将彩礼看作衡量爱情的秤砣。 如今，彩礼不仅涉及夫妻和双方家庭，还延伸至社会领域，成为一些极端案件的导火索。 1月18日，最高法发布《关于审理涉彩礼纠纷案件适用法律若干问题的规定》（以下简称《规定》），自2024年2月1日起施行。其中，《规定》明确禁止以彩礼为名借婚姻索取财物。 央视网《新闻+》栏目邀请资深婚姻家庭律师、北京市两高律师事务所律师张荆，详细解读此次《规定》的新变化。 《新闻+》 越高，其中很重要的一项成本压力就是来自于彩礼。 近些年，我国的结婚率呈下行趋势，其中有些年轻人也正是因为经济压力才选择晚婚或不婚。在农村地区，有时高额彩礼已经远远超出一个家庭的承受力，导致这些家庭经济上陷入贫困。 一旦两个年轻人之间的感情出现问题，很有可能因为此前支付了巨额彩礼，或者因支付彩礼所欠的债还没有还清，加剧矛盾，从而引发一些极端、恶劣的刑事案件。 此外，我们一直倡导男女平等，尊重女性，尊重夫妻双方婚姻自由的权利，过于追求高额彩礼，对于社会也有一些负面影响。 在这些背景下，需要法律对彩礼纠纷作出进一步的规定。 《新闻+》 进彩礼的范畴当中。彩礼的定义是以缔结婚姻为目的的礼金交付。现在有很多年轻人确定了双方之间的准夫妻关系之后，就会举行订婚仪式。订完婚后，一些地方会有逢年过节给红包的习俗，不仅双方父母要给，男方家的亲戚们见到准儿媳也要给红包。除了红包以外，还会给女方买衣服，甚至给女方家送猪肉等多种形式的礼品。这些东西不能够完全归纳到彩礼当中，只能算作是人情往来。 另外，有些红包的金额比较特殊，比如“1314”“520”等。虽然法律中并没有明确规定，但是大家都知道“1314”指的是一生一世，“520”取的是我爱你的谐音。所以具有这种节日特殊意义或者其他象征意义的红包，不能算作彩礼。 《新闻+》 纷诉讼当事人。这条规定因何得到进一步完善？ 张荆 ：在过去，彩礼纠纷通常发生在离婚诉讼当中。离婚诉讼是封闭式的诉讼，因为它只解决男女双方的身份关系。但事实上生活是复杂的，有时彩礼会支付给女方的父亲或者母亲，甚至还有养母、祖辈等不同情况。比如由祖辈带大的孩子，可能彩礼就支付给女方的祖辈亲人。 如果使用旧有规定，两个年轻人作为诉讼主体，实际上真正收钱的人没有进入诉讼当中，这不利于查清整个案件的事实，就会导致还需另行起诉，这无疑也是对司法资源的浪费。 《新闻+》 同生活和没有在一起共同生活。比如登记领证后在一起共同生活，这种情况下，在退还彩礼的时候要做具体考虑。 另外一种是支付了彩礼，却完全没有在一起共同生活。我们在一些热点事件中也可以看到，虽然登记结婚了，但有些人三天后就不见了，借此索取财物、欺骗钱财。为了防止有这种现象出现，因此这也是一种要考虑的情形。 还有一种情形是，无论是否登记，有没有在一起共同生活，显然支付彩礼的目的是为了缔结一段婚姻关系，但婚姻关系没有缔结，属于彩礼应当返还的情形。 我认为司法解释更看重的是为这段婚姻支付彩礼后，这段婚姻有没有客观发生、实际存在，这是作为彩礼是否返还的一个判断标准。 《新闻+》 向看待。 比如两个年轻人既没有登记，也没有结婚典礼，支付了彩礼以后就在一起生活。在一起春耕秋收、一起打工、孕育子女，完全符合普通夫妻的日常生活，并且周围邻居也了解这些事情。通过这些特征判断，他们确实已经属于在一起实际生活的情形。 我认为不太好用一个量化的指标去衡量共同生活的标准，比如在一起生活了多少天或者生育了几个子女，因为生活是复杂的，判断他们是不是长期在一起共同生活，还要看他们双方对于各方家庭的融入程度、生育子女的情形等，是一个综合性的判断。 《新闻+》 有明确的规定，但是嫁妆在司法实践当中基本上类同于彩礼的性质作相关认定。嫁妆与彩礼的区别只不过是支付的主体或者名称不一样，但嫁妆同样也是以双方缔结婚姻为目的，女方父母对年轻人新家庭寄予的美好愿望，从而给予的一些经济帮助。 如果司法实践当中出现了由于嫁妆产生的纠纷，也应当适用彩礼的相关规定。我本人曾碰到过类似案例，女方家庭的经济水平相对较高，两个年轻人结婚时，女方家赠送了一套房产和200万元的现金，并在结婚仪式当天，由司仪大声宣读出这些财物的内容。 类似这么大金额的嫁妆，双方如果不在一起共同生活，且结婚时间较短的话，也要考虑返还的问题。关于具体返还的形式、把握的原则和彩礼应该一致。 另外，嫁妆是否返还也与其他因素有关。如果男女双方还没有形成合法的婚姻关系，没有构成完整的共同的经济主体，这种情况下所支付的嫁妆很有可能认定为女方父母对于女儿个人的补贴或者叫作经济帮助，也就意味着这是属于女方一方的婚前财产。 还有一种情况，比如赠与房产时，即便是双方婚后，但房产属于女方父母全款购买，并且登记在女儿名下，实际上也算女方的个人财产，所以是否返还要看嫁妆赠与的时间，也要看赠与的财物内容。 《新闻+》 矛盾，之所以现在不断有由彩礼引发的恶性社会事件，是因为有些人忽略彩礼的“礼”，只盯住“财”，婚姻也由此变成了敛财工具，女儿成了要钱的筹码。 我认为此次新的司法解释并没有“一刀切”地将彩礼这一项风俗习惯或约定俗成的一些规则直接拿掉，而是对于彩礼的支付和返还的情形作了一些必要的、适当的调整。此外，彩礼与女性在婚姻当中能否受到重视，没有必然的联系。 在如今的社会关系中，年轻人之间的婚姻质量，关乎彼此的理解、尊重、认可等一系列和价值观有关的内容，而跟钱没有太大关系。相反，有的时候，钱会为一段美好的关系带来破坏性的影响。原本两个年轻人可以坦诚相见，毫无防范之心，但是由于彩礼一方承担了过重的经济压力，心理上难免就会失衡。 所以用高额彩礼的形式确保婚姻的安全性、稳定性，这本身就是一个悖论。,2430,https://news.cctv.com/2024/01/19/ARTIun9tTrSq3AGKMokJeYqo240119.shtml,婚姻;结婚;离婚;彩礼;婚嫁;不婚;晚婚;夫妻
China News Service,2024/1/19,婚后“闪离”高额彩礼是否返还？,最高法发布《关于审理涉彩礼纠纷案件适用法律若干问题的规定》，2月1日起施行 近年来，多地彩礼数额持续走高，形成攀比之风。涉彩礼纠纷案件数量呈上升趋势，甚至出现因彩礼返还问题引发的恶性刑事案件。 1月18日，最高人民法院发布《关于审理涉彩礼纠纷案件适用法律若干问题的规定》(以下简称《规定》)，进一步规范彩礼认定范围、彩礼返还原则、诉讼主体资格等问题，自2024年2月1日起施行。 民法典婚姻家庭编解释(一)规定了三种可返还彩礼的情形，包括：未办理结婚登记、已办理结婚登记但确未共同生活以及婚前给付导致给付人生活困难。 但是，近年来，涉彩礼案件呈现两个新特点：已经办理结婚登记且已共同生活，但是共同生活时间较短；仅按当地习俗举办婚礼即共同生活，但未办理结婚登记。这两类案件无法适用上述司法解释规定，彩礼是否返还以及如何确定返还比例成为审判实践的难点。 《规定》基于彩礼的目的性赠与特征，综合考虑共同生活、孕育情况、双方过错等因素，在民法典婚姻家庭编解释(一)的基础上，完善相关裁判规则，有助于统一类案的法律适用标准，妥善平衡双方利益。 《规定》针对司法实践中存在的彩礼认定范围、彩礼返还原则、诉讼主体资格等重点难点问题予以规范，与民法典婚姻家庭编解释(一)结合，形成逻辑完整的彩礼纠纷法律适用规则。 民法典规定，禁止借婚姻索取财物。借婚姻索取财物违反了婚姻自由原则，应当坚决予以打击。《规定》明确，以彩礼为名借婚姻索取财物，另一方要求返还的，人民法院应予支持。 彩礼与恋爱期间的一般赠与相比，虽然当事人的目的和动机相似，但是彩礼的给付一般是基于当地风俗习惯，直接目的是为了缔结婚姻关系，有其相对特定的外延范围。 为此，《规定》明确，在认定某一项给付是否属于彩礼时，可以根据一方给付财物的目的，综合考虑双方当地习俗、给付的时间和方式、财物价值、给付人及收受人等事实认定。比如，可以考察给付的时间是否是在双方谈婚论嫁阶段、是否有双方父母或介绍人商谈，以及财物价值大小等事实。《规定》同时以反向排除的方式明确了几类不属于彩礼的财物，包括：一方在节日或者生日等有特殊纪念意义时点给付的价值不大的礼物、礼金，一方为表达或者增进感情的日常消费性支出等。此类财物或支出，金额较小，主要是为了增进感情的需要，在婚约解除或离婚时，可以不予返还。 彩礼返还纠纷中，程序上存在的主要争议问题是婚约双方的父母能否作为诉讼当事人。在中国的传统习俗中，儿女的婚姻一般由父母操办，接、送彩礼也大都有双方父母参与。 《规定》充分考虑上述习俗，区分两种情况：一是婚约财产纠纷。此类案件原则上以婚约双方当事人作为诉讼主体，但考虑到实践中，彩礼的给付方和接收方并非限于婚约当事人，双方父母也可能参与其中，为尊重习俗，同时也有利于查明彩礼数额、彩礼实际使用情况等案件事实，确定责任承担主体，《规定》明确，婚约财产纠纷中，婚约一方及其实际给付彩礼的父母可以作为共同原告；婚约另一方及其实际接收彩礼的父母可以作为共同被告。 二是离婚纠纷。考虑到离婚纠纷的诉讼标的主要是解除婚姻关系，不宜将婚姻之外的其他人作为当事人，故《规定》明确，在离婚纠纷中一方提出返还彩礼诉讼请求的，当事人仍为夫妻双方。 近年来，涉彩礼纠纷出现新情况、新问题。民法典婚姻家庭编解释(一)虽规定了彩礼返还问题，但在法律逻辑上，尚有两种情况未予规定，需要完善相关规则：一是已经结婚并共同生活；二是未办理结婚登记但已经共同生活。对此，《规定》用两个条文予以规定。 在第一种情况下，双方已办理结婚登记手续并共同生活，离婚时一方请求返还按照习俗给付的彩礼的，人民法院一般不应予以支持。但是，也要看到，给付彩礼的目的除了办理结婚登记这一法定形式要件外，更重要的是双方长期共同生活。因此，共同生活时间长短应当作为确定彩礼是否返还以及返还比例的重要考量因素。在“闪离”的情况下，如果对相关返还彩礼的诉讼请求完全不予支持，尤其是举全家之力给付的高额彩礼，会使双方利益明显失衡，司法应当予以适当调整，根据彩礼实际使用及嫁妆情况，综合考虑彩礼数额、共同生活及孕育情况、双方过错等事实，确定是否返还以及返还的具体比例。 在第二种情况下，如果双方未办理结婚登记的，原则上彩礼应当予以返还。但亦不应当忽略共同生活的“夫妻之实”。该共同生活的事实一方面承载着给付彩礼一方的重要目的，另一方面会对女性身心健康产生一定程度的影响，尤其是曾经有过妊娠经历或生育子女等情况。如果仅因未办理结婚登记而要求接受彩礼一方全部返还，有违公平原则，也不利于保护妇女合法权益，应当根据彩礼实际使用及嫁妆情况，综合考虑共同生活及孕育情况、双方过错等事实，确定是否返还以及返还的具体比例。 近日，记者从最高法获悉，《规定》于2023年12月11日向社会公开征求意见，共收到200余份反馈意见。“我们对反馈意见高度重视，逐份作了认真梳理和慎重研究。就其中的扩大诉讼主体范围、规定嫁妆处理规则、明确借婚姻索取财物具体形式、共同生活界定等意见，反复研究。”最高法有关负责人介绍。 最高法认为，婚约财产纠纷案件中，适当将诉讼主体由婚约当事人扩大到其父母，符合传统习俗，但如果扩大到其他亲属，将导致过多人牵涉诉讼，严重影响诉讼效率，也容易激化矛盾。 对于有的婚约当事人父母早亡，由其他亲属抚养长大并在彩礼给付接收中代行父母职责的情况，最高法在《规定》起草过程中已予以特别关注。但是，考虑到个案千差万别，亦无明确的法律或习俗概念界定该类人员，为保证司法解释准确清晰，《规定》未作扩大表述。实践中，如出现此种特殊情况，可以基于习俗，参照适用《规定》处理。 最高法指出，作为与彩礼相伴相生的婚嫁习俗，嫁妆目前仍较为普遍，但不同地区、不同家庭可能存在较大差别。为此，《规定》第五条和第六条均明确在彩礼返还时要考虑嫁妆情况，即应当扣减已经共同消费或已经添附到男方财产上的嫁妆数额。 此外，传统上一般认为，离婚时，尚存的嫁妆应归女方，现实生活中亦对此争议不大，从审判实践情况看，仅就嫁妆返还产生的纠纷极少，故《规定》未就嫁妆返还问题再作单独规定，逻辑上可以参照《规定》处理。 “下一步，我们将继续总结审判实践经验，通过发布典型案例等方式加强监督指导。”上述负责人表示。 最高法指出，借婚姻索取财物与彩礼在实践中的界限不能简单以是否有结婚意愿作为区分标准，因为有的情况即使当事人有结婚意愿，也可能借机索取财物，且结婚意愿作为主观因素在诉讼中亦需要客观事实证明，实践中当事人很难举证证明。 有意见提出，收受彩礼后携款潜逃或者短期内多次以缔结婚姻为名收取高额彩礼后无正当理由悔婚的，应认定为借婚姻索取财物。最高法认为，如果有证据证明存在上述情形，一方根据《规定》第二条，请求对方返还的，人民法院应予支持。实践中，如果情形严重的，甚至已涉嫌刑事犯罪，人民法院对该种行为应当坚决予以打击。 有意见提出，应当明确共同生活多长时间即可以不需要返还彩礼。最高法认为，考虑到彩礼返还比例不仅需要考虑共同生活时间，还要考虑孕育情况、双方过错等事实，不同因素叠加会出现各种不同组合，规定具体的时间反而可能损害一方当事人的利益。故《规定》未就具体的生活时间作出规定。实践中应当依据个案具体情况综合认定。 有意见提出，不应将是否孕育作为彩礼返还的考量因素。最高法一直高度重视对妇女权益的保护，考虑到女性在妊娠、分娩、抚育子女等方面的付出，《规定》明确将此作为酌情减少彩礼返还甚至不予返还的考量因素，以更好保护妇女合法权益。 此外，最高法还根据反馈意见，对相关内容作了修改完善。比如，将征求意见稿第五条和第六条中的“孕育子女”修改为“孕育情况”，以涵盖终止妊娠等情形；将征求意见稿第五条和第六条中的“共同生活时间”修改为“共同生活情况”，以指引法官在考量共同生活事实时，不能简单计算时间长短，还需要综合考虑是否实际一起居住、未实际共同居住的原因等情形。,3237,https://www.chinanews.com.cn/gn/2024/01-19/10148886.shtml,结婚登记;婚姻;结婚;离婚;彩礼;婚嫁;婚约;恋爱;夫妻;婚礼
China News Service,2024/1/19,最高法发布涉彩礼纠纷司法解释 让彩礼回归于“礼”,最高法发布涉彩礼纠纷司法解释 明确裁判规则让彩礼回归于“礼” 近年来，多地彩礼数额持续走高，形成攀比之风。同时，超出家庭正常开支的彩礼成为很多家庭的沉重负担，在婚龄较短的情况下，造成双方利益失衡，彩礼纠纷增多。 1月18日，《最高人民法院关于审理涉彩礼纠纷案件适用法律若干问题的规定》(以下简称《规定》)发布。《规定》针对借婚姻索取财物、结婚后“闪离”等情形彩礼纠纷如何处理，婚约双方的父母能否作为诉讼当事人等情形加以明确。 这些规则背后有哪些考虑？什么情况下，法官需要就共同生活具体情况妥善平衡双方利益？《法治日报》记者就此采访了最高法民一庭有关负责人。 民法典婚姻家庭编解释(一)中规定了三种可返还彩礼的情形。近年来，涉彩礼案件中出现哪些新的情况？《规定》解决了哪些实践中的难点？ 该负责人说，涉彩礼案件中呈现两种新特点，一种是双方已经办理结婚登记且已共同生活，但是共同生活时间较短。第二种是双方仅按当地习俗举办婚礼即共同生活但未办理结婚登记，这两种情况无法适用上述司法解释，彩礼是否返还以及如何确定返还比例成为审判实践的难点。 “《规定》针对司法实践中存在的彩礼认定范围、彩礼返还原则、诉讼主体资格等重点难点问题予以规范，与民法典婚姻家庭编解释(一)结合，形成逻辑完整的彩礼纠纷法律适用规则。”该负责人说。《规定》通过明确裁判规则，能够给予相关当事人以行为指引，助力引导人民群众更加理性地看待彩礼问题，让彩礼回归“礼”的本质。 民法典第一千零四十二条规定，禁止借婚姻索取财物，《规定》重申禁止借婚姻索取财物。记者注意到，《规定》明确，以彩礼为名借婚姻索取财物，另一方要求返还的，人民法院应予支持。 “借婚姻索取财物违反了婚姻自由原则，应当坚决予以打击。”该负责人说。 在最高法就《规定》向社会公开征求意见过程中，有意见提出“明确借婚姻索取财物具体形式”。该负责人对此作出回应说，借婚姻索取财物与彩礼的界限不能简单以是否有结婚意愿作为区分标准。因为，有的情况下即使当事人有结婚意愿，也可能借机索取财物，且结婚意愿作为主观因素在诉讼中亦需要客观事实证明，实践中当事人很难举证证明。 有意见提出“收受彩礼后携款潜逃或者短期内多次以缔结婚姻为名收取高额彩礼后无正当理由悔婚的，应认定为借婚姻索取财物”。对此，该负责人说，如果有证据证明存在上述情形，一方根据《规定》第二条，请求对方返还的，人民法院应予支持。“如果情形严重的，甚至已涉嫌刑事犯罪，人民法院应当坚决予以打击。” 彩礼认定时，如何区分彩礼与恋爱期间一般赠与？记者注意到，《规定》明确，在认定某一项给付是否属于彩礼时，可以根据一方给付财物的目的，综合考虑双方当地习俗、给付的时间和方式、财物价值、给付人及收受人等事实认定。 “彩礼与恋爱期间的一般赠与相比，虽然当事人的目的和动机相似，但是彩礼的给付一般是基于当地风俗习惯，直接目的是为了缔结婚姻关系，有其相对特定的外延范围。”该负责人介绍说。同时，《规定》以反向排除的方式明确了几类不属于彩礼的财物，包括一方在节日或者生日等有特殊纪念意义时点给付的价值不大的礼物、礼金，一方为表达或者增进感情的日常消费性支出等。 记者注意到，针对涉彩礼案件中呈现的两种新情况，《规定》用两个条文予以规定，妥善平衡双方利益。对此，最高法有哪些考虑？ “在第一种情况下，双方已办理结婚登记手续并共同生活，离婚时一方请求返还按照习俗给付的彩礼的，人民法院一般不应予以支持。但是，也要看到，给付彩礼的目的除了办理结婚登记这一法定形式要件外，更重要的是双方长期共同生活。因此，共同生活时间长短应当作为确定彩礼是否返还以及返还比例的重要考量因素。”该负责人说。在“闪离”的情况下，如果对相关返还彩礼的诉讼请求完全不予支持，尤其是举全家之力给付的高额彩礼，会使双方利益明显失衡，司法应当予以适当调整，根据彩礼实际使用及嫁妆情况，综合考虑彩礼数额、共同生活及孕育情况、双方过错等事实，确定是否返还以及返还的具体比例。 “在第二种情况下，如果双方未办理结婚登记的，原则上彩礼应当予以返还。但也不应当忽略共同生活的‘夫妻之实’。”该负责人说。共同生活的事实一方面承载着给付彩礼一方的重要目的，另一方面会对女性身心健康产生一定程度的影响，尤其是曾经有过妊娠经历或生育子女等情况。如果仅因未办理结婚登记而要求接受彩礼一方全部返还，有违公平原则，也不利于保护妇女合法权益，应当根据彩礼实际使用及嫁妆情况，综合考虑共同生活及孕育情况、双方过错等事实，确定是否返还以及返还的具体比例。 为何不能明确共同生活多长时间即可以不需要返还彩礼？对于这个问题，该负责人说，考虑到彩礼返还比例不仅需要考虑共同生活时间，还要考虑孕育情况、双方过错等事实，不同因素叠加会出现各种不同组合，规定具体的时间反而可能损害一方当事人的利益。所以，《规定》未就具体的生活时间进行规定。实践中，应当依据个案具体情况综合认定。 该负责人介绍说，最高法根据各方对《规定》的征求意见稿的反馈意见，对相关内容进行了修改完善，比如，将征求意见稿第五条和第六条中的“孕育子女”修改为“孕育情况”，以涵盖终止妊娠等情形。再比如，将征求意见稿第五条和第六条中的“共同生活时间”修改为“共同生活情况”，以指引法官在考量共同生活事实时，不能简单计算时间长短，还需要综合考虑是否实际一起居住、未实际共同居住的原因等情形。 “最高法一直高度重视对妇女权益的保护，考虑到女性在妊娠、分娩、抚育子女等方面的付出，《规定》明确将此作为酌情减少彩礼返还甚至不予返还的考量因素，以更好保护妇女合法权益。”该负责人说。 在中国的传统习俗中，儿女的婚姻一般由父母操办，接、送彩礼也大都有双方父母参与。记者注意到，彩礼返还纠纷中，程序上存在的主要争议问题是婚约双方的父母能否作为诉讼当事人。对此，《规定》也进行了明确。 “《规定》充分考虑上述习俗，明确涉彩礼纠纷的诉讼主体。”该负责人说，要区分两种情况，即婚约财产纠纷和离婚纠纷。 该负责人说，婚约财产纠纷案件原则上以婚约双方当事人作为诉讼主体，但考虑到实践中，彩礼的给付方和接收方并非限于婚约当事人，双方父母也可能参与其中，为尊重习俗，同时也有利于查明彩礼数额、彩礼实际使用情况等案件事实，确定责任承担主体，《规定》明确，婚约财产纠纷中，婚约一方及其实际给付彩礼的父母可以作为共同原告；婚约另一方及其实际接收彩礼的父母可以作为共同被告。 “在离婚纠纷中，考虑到离婚纠纷的诉讼标的主要是解除婚姻关系，不宜将婚姻之外的其他人作为当事人，故《规定》明确，在离婚纠纷中一方提出返还彩礼诉讼请求的，当事人仍为夫妻双方。”该负责人说。 嫁妆与彩礼为相伴相生的婚嫁习俗。在彩礼返还时如何考虑嫁妆的返还？记者注意到，在《规定》的第五条、第六条均明确规定要考虑嫁妆情况。对此，该负责人举例说，比如嫁妆已经共同消费或已经添附到男方财产上无法返还的，要做相应的扣减。 该负责人介绍说，传统上人们一般认为，离婚时尚存的嫁妆应归女方，现实生活中亦对此争议不大。从审判实践情况看，仅就嫁妆返还产生的纠纷极少，故《规定》未就嫁妆返还问题再作单独规定，逻辑上可以参照本规定处理。下一步，最高法将继续总结审判实践经验，通过发布典型案例等方式加强监督指导。,2982,https://www.chinanews.com.cn/gn/2024/01-19/10148972.shtml,结婚登记;婚姻;结婚;离婚;彩礼;婚嫁;婚龄;婚约;恋爱;夫妻;婚礼
People.cn,2024/1/19,让彩礼回归“礼”的本质--社会・法治--人民网,近日，《最高人民法院关于审理涉彩礼纠纷案件适用法律若干问题的规定》由最高人民法院审委会会议审议通过，自2024年2月1日起施行。 彩礼作为我国传统婚嫁习俗，有广泛的社会文化基础。近年来，多地彩礼数额持续走高，形成攀比之风。这不仅背离了彩礼的初衷，使彩礼给付方家庭背上沉重的经济负担，也给婚姻稳定埋下隐患，涉彩礼纠纷案件数量不断上升。最高人民法院全面总结近年来司法实践经验，经过充分调研、反复论证、广泛征求意见，制定了规定。 规定明确，以彩礼为名借婚姻索取财物，另一方要求返还的，人民法院应予支持，同时明确了彩礼与恋爱期间一般赠与的区别。规定指出，在认定某一项给付是否属于彩礼时，可以根据一方给付财物的目的，综合考虑双方当地习俗、给付的时间和方式、财物价值、给付人及收受人等事实认定。 同时，规定以反向排除的方式明确了几类不属于彩礼的财物，如一方在节日或者生日等有特殊纪念意义时点给付的价值不大的礼物、礼金，一方为表达或者增进感情的日常消费性支出等。最高法民一庭庭长陈宜芳指出，此类财物或支出金额较小，主要是为了增进感情的需要，在婚约解除或离婚时，可以不予返还。 据了解，自2021年起施行的民法典婚姻家庭编解释（一）规定了三种可返还彩礼的情形：未办理结婚登记、已办理结婚登记但确未共同生活以及婚前给付导致给付人生活困难。 陈宜芳介绍，近年来，涉彩礼案件呈现两个新特点：一是已经办理结婚登记且已共同生活，但是共同生活时间较短；二是仅按当地习俗举办婚礼即共同生活，但未办理结婚登记。由于这两类案件无法适用民法典婚姻家庭编解释（一），彩礼是否返还以及如何确定返还比例成为审判实践的难点。规定基于彩礼以结婚为目的的赠与特征，综合考虑共同生活、孕育情况、双方过错等因素，完善相关裁判规则，妥善平衡双方利益。 陈宜芳指出，在已经结婚并共同生活情况下，双方已办理结婚登记手续并共同生活，离婚时一方请求返还按照习俗给付的彩礼的，人民法院一般不应予以支持。“也要看到，给付彩礼的目的除了办理结婚登记这一法定形式要件外，更重要的是双方长期共同生活。”陈宜芳表示，共同生活时间长短应当作为确定彩礼是否返还以及返还比例的重要考量因素。 在“闪离”的情况下，如果对相关返还彩礼的诉讼请求完全不予支持，尤其是举全家之力给付的高额彩礼，会使双方利益明显失衡。司法应当予以适当调整，根据彩礼实际使用及嫁妆情况，综合考虑彩礼数额、共同生活及孕育情况、双方过错等事实，确定是否返还以及返还的具体比例。 陈宜芳指出，如果双方未办理结婚登记的，原则上彩礼应当予以返还，但不应当忽略共同生活的“夫妻之实”。该共同生活的事实一方面承载着给付彩礼一方的重要目的，另一方面会对女性身心健康产生一定程度的影响，尤其是曾经有过妊娠经历或生育子女等情况。如果仅因未办理结婚登记而要求接受彩礼一方全部返还，有违公平原则，也不利于保护妇女合法权益。她表示，应当根据彩礼实际使用及嫁妆情况，综合考虑共同生活及孕育情况、双方过错等事实，确定是否返还以及返还的具体比例。对此，规定用两个条文予以明确。 作为与彩礼相伴相生的婚嫁习俗，嫁妆目前仍较为普遍，但不同地区、不同家庭可能存在较大差别。为此，规定明确在彩礼返还时要考虑嫁妆情况，即应当扣减已经共同消费或已经添附到男方财产上的嫁妆数额。 “传统上一般认为，离婚时，尚存的嫁妆应归女方，现实生活中对此争议不大。”陈宜芳介绍，审判实践中仅就嫁妆返还产生的纠纷极少，因此规定未就嫁妆返还问题作单独规定，可参照本规定处理。,1451,http://society.people.com.cn/n1/2024/0119/c1008-40162202.html,结婚登记;婚姻;结婚;离婚;彩礼;婚嫁;婚约;恋爱;夫妻;婚礼
China News Service,2024/1/21,多地明确：婚姻登记处除夕正常办公,多地已于近期明确，除夕(2月9日)婚姻登记处正常上班。 其中，据广州日报消息，今年除夕是工作日，广州全市婚姻登记机关正常办公。市民可通过“广东民政婚姻登记网上预约系统”和“粤省事”小程序进行预约，广东省婚姻登记预约系统最长可预约15天内的号源。 微信公众号“佛山民政”1月18日发文介绍，除夕当天(2月9日 星期五)，佛山市各区婚姻登记处正常上班！市民可提前预约办理婚姻登记。 此外，南方都市报从深圳市民政局获悉，按照国务院办公厅发布的2024年放假安排，2月9日(星期五)除夕正常上班，属于工作日，深圳市各区民政部门婚姻登记机关将照常办理各项婚姻登记业务 澎湃新闻注意到，四川省泸州市江阳区民政局婚姻登记处、江苏省苏州市吴江区民政局婚姻登记处也对外确认，按照国务院办公厅发布的2024年节假日安排，除夕(2月9日)当天正常上班。 【,367,https://www.chinanews.com.cn/sh/2024/01-21/10149998.shtml,婚姻登记;婚姻
China News Service,2024/1/21,革除高价彩礼陋习,日前，最高人民法院发布审理涉彩礼纠纷案件适用法律若干问题的规定，明确禁止以彩礼为名索取财物，并完善彩礼返还原则，对遏制高价彩礼蔓延趋势有重要意义。 近年来，多地彩礼数额持续走高，引发社会热议。作为我国传统习俗，彩礼蕴含着两个家庭对新人的美好祝愿。但是，随着彩礼数额不断上涨，由彩礼引发的纠纷逐渐从家庭矛盾演变为社会问题。有人罔顾现实情况，盲目将彩礼视为衡量爱情的标准，攀比之风悄然蔓延，甚至出现借彩礼之名行诈骗之实的刑事案件。 此次新的司法解释并没有“一刀切”地否认彩礼这一风俗，而是对支付和返还情形作了必要的调整。意在强调彩礼本身和当下价值观并不冲突，但不应只盯住“财”、忽略了“礼”，进而引发一系列问题。 让彩礼回归于“礼”而非“财”，是破解此类问题的关键。从源头上规范彩礼给付行为有助于遏制高价彩礼蔓延趋势。在福建龙岩，上杭法院已助推辖区80%的村居将“倡导聘金彩礼不超过5万元，随礼不超过300元”等革除婚嫁陋习的内容写入村规民约，切实为家庭减负。 从实际情况看，高价彩礼从来就不是保障家庭幸福的秘笈，反而可能成为引发家庭矛盾的导火索，甚至为不法分子提供可乘之机。 近年来，一些存续时间较短的“闪离式”婚姻引发社会对彩礼返还的争论。前不久最高法发布的涉彩礼典型案例中，审判机关综合考虑共同生活时间长短、是否办理结婚登记、孕育情况等多重因素，妥善解决此类纠纷。这些案例既从法律层面定纷止争、明确裁判规则、平衡各方利益，也为社会成员如何理性对待彩礼和婚姻的关系提供了行为指引，推动建设文明社会风气。 2021年以来，中央一号文件连续3年对治理高价彩礼提出要求，民政部先后确定32个全国婚俗改革实验区，倡导简约适度婚俗礼仪。如今，越来越多年轻人主动做“低彩礼”“零彩礼”先行者，选择参加集体婚礼、慈善婚礼，着力以感情夯实婚姻的“地基”，文明健康的婚俗新风尚正在形成。 彩礼是组建新家庭的一个小环节，背后却牵动着移风易俗、树立新风的大课题。期待全社会早日形成共识，让彩礼回归于“礼”，让婚姻回归于爱，让文明乡风、良好家风、淳朴民风吹遍每一个角落。 （经济日报 康琼艳） 【,886,https://www.chinanews.com.cn/sh/2024/01-21/10149984.shtml,结婚登记;高价彩礼;婚姻;结婚;彩礼;婚俗;婚嫁;婚礼
People.cn,2024/1/22,明确彩礼纠纷裁判规则 助力文明和谐社会建设,最高人民法院明确彩礼纠纷裁判规则，有利于推动我国传统婚嫁习俗的现代化转型，遏制“天价彩礼”等不良现象，维护婚姻当事人的合法权益，推进社会文明进步，为构建和谐社会注入新的法治力量。 近年来各地涉彩礼纠纷案件数量呈上升趋势。对此，最高人民法院1月18日发布《关于审理涉彩礼纠纷案件适用法律若干问题的规定》（以下简称《彩礼问题规定》），通过明确裁判规则，引导人民群众更加理性地看待彩礼问题，该规定自2024年2月1日起施行。 彩礼作为我国历史悠久的婚嫁习俗之一，自古以来便在缔结婚姻的过程中扮演着重要角色。然而，随着时代的变迁和社会的发展，彩礼逐渐演变成了一种复杂的社会现象，在一些地区甚至出现了“天价彩礼”，相关话题多次引发群众关注和讨论。最高人民法院近日发布的《彩礼问题规定》，既是对整治这一社会现象的积极回应，也是法治精神在传统习俗领域的具体体现。 首先，《彩礼问题规定》旗帜鲜明地表达了对行为人借婚姻索取财物行为的反对态度。在近年来见诸报端的不少案例中，彩礼往往被异化成了一种婚姻交易，甚至成为某些家庭敛财的手段。这不仅扭曲了彩礼这一传统习俗的原本意义，也严重侵害了婚姻当事人的合法权益。因此，《彩礼问题规定》明确提出，一方以彩礼为名借婚姻索取财物，另一方要求返还的，人民法院应予支持，为打击“天价彩礼”等不良社会现象提供了有力的法律武器。 同时，《彩礼问题规定》在彩礼范围的认定上也展现出了高度的灵活性和务实性。它并没有一刀切地将所有与婚姻有关的财物都纳入彩礼范畴，而是根据一方给付财物的目的，综合考虑了双方当地习俗、给付的时间和方式、财物价值、给付人及接收人等事实因素。这样一来，既尊重了地方习俗的多样性，也能够避免法律适用的僵化，有利于妥善化解纠纷。 值得一提的是，《彩礼问题规定》还对彩礼和日常消费性支出进行了区分，明确指出一方在节日、生日等有特殊纪念意义时点给付的价值不大的礼物、礼金，以及为表达或者增进感情的日常消费性支出等，不属于彩礼。该项规定有助于澄清社会公众对彩礼概念的模糊认识，毕竟情侣之间相处不可能没有任何金钱往来，防止因彩礼在日常生活中的泛化影响情侣正常的恋爱交往。 在返还规则上，《彩礼问题规定》同样体现了平衡各方利益、维护社会公平正义的立法精神。它并没有简单地规定彩礼必须返还或不得返还，而是根据双方是否办理结婚登记、共同生活时间的长短、彩礼数额的高低以及当地习俗等多种因素来综合判断。这样的规定既充分考虑了婚姻当事人的实际情况，也兼顾了社会公共效益，有利于实现案结事了人和。 此次最高人民法院明确彩礼纠纷裁判规则，有利于推动我国传统婚嫁习俗的现代化转型，遏制“天价彩礼”等不良现象，维护婚姻当事人的合法权益，推进社会文明进步，为构建和谐社会注入新的法治力量。期待在有关部门和全社会的共同努力和配合下，《彩礼问题规定》能够切实发挥应有作用，给人民群众带来更加公正、文明的法治环境。（王 琦）,1210,http://yn.people.com.cn/n2/2024/0122/c361322-40721490.html,结婚登记;天价彩礼;婚姻;结婚;彩礼;婚嫁;恋爱;情侣
People.cn,2024/1/23,父母离婚时确定的抚养费 未成年子女能否要求增加？,近日，新疆维吾尔自治区和硕县人民法院审结一起未成年子女起诉父亲一方，要求增加父母离婚时确定的抚养费，获得了法院的支持。 李某与赵某曾是夫妻，婚后两人生育一女，后双方因夫妻感情不和，经法院调解离婚，约定女儿由母亲赵某抚养，父亲李某每月支付抚养费500元。七年后，物价已有较大的涨幅，女儿已上高中，生活开支和教育开支增加了许多，李某每月支付的500元抚养费，早已不能满足女儿的生活和教育支出，加上赵某个人收入有限，赵某便以女儿的名义起诉至和硕法院，要求增加抚养费。 和硕法院经审理支持了赵某的诉讼请求，判令李某每月支付500元抚养费增加至每月支付1200元，直至女儿年满十八周岁。 主审法官表示，父母之间婚姻关系的结束，并不影响父母对未成年孩子的抚养、教育和保护义务，当抚养孩子一方在生活上有困难，且因为客观原因改变，要求另一方增加抚养费的，有能力一方应当主动承担责任，增加抚养费用，保障子女的健康成长。 《中华人民共和国民法典》第一千零八十五条：离婚后，子女由一方直接抚养的，另一方应当负担部分或者全部抚养费。负担费用的多少和期限的长短，由双方协议；协议不成的，由人民法院判决。 第一千零八十四条：父母与子女间的关系，不因父母离婚而消除。离婚后，子女无论由父或者母直接抚养，仍是父母双方的子女。 离婚后，父母对于子女仍有抚养、教育、保护的权利和义务。 《最高人民法院关于适用 婚姻家庭编的解释（一）》第四十九条 ：抚养费的数额，可以根据子女的实际需要、父母双方的负担能力和当地的实际生活水平确定。 有固定收入的，抚养费一般可以按其月总收入的百分之二十至三十的比例给付。负担两个以上子女抚养费的，比例可以适当提高，但一般不得超过月总收入的百分之五十。 无固定收入的，抚养费的数额可以依据当年总收入或者同行业平均收入，参照上述比例确定。 有特殊情况的，可以适当提高或者降低上述比例。 第五十八条 ：具有下列情形之一，子女要求有负担能力的父或者母增加抚养费的，人民法院应予支持： （一）原定抚养费数额不足以维持当地实际生活水平； （二）因子女患病、上学，实际需要已超过原定数额。（张双平）,890,http://yn.people.com.cn/n2/2024/0123/c361322-40723077.html,婚姻;离婚;夫妻
People.cn,2024/1/24,婚姻家事案件审判中的滞后制度亟须改变,1382个案例中，案件样本的纠纷类型。北京青少年法律援助与研究中心供图 部分抚养费纠纷案件类型。北京青少年法律援助与研究中心供图 法院在审理婚姻家事案件中，确立或变更抚养关系、确定抚养费支付数额、如何行使探望权等，更多还是成年人视角，最有利于未成年人的原则并未得到有效贯彻；办理涉及未成年人的父母离婚案件的理念及制度严重滞后…… 这是北京青少年法律援助与研究中心（以下简称“中心”）近日发布的《2020-2022年度婚姻家庭诉讼中的未成年人保护问题研究》报告（以下简称“报告”）中的内容。 中心执行主任于旭坤介绍，中心的研究人员通过查阅中国裁判文书网，统计分析了2020年至2022年三年内涉及未成年人婚姻家事终审案件，以全国30个省级行政区共计1382个涉及未成年人的婚姻家事终审案件为样本，围绕离婚案件中的未成年人保护问题展开专门研究。报告显示，在1382个案例样本中，有1370个案件显示涉及未成年子女，共涉及1649名未成年人。 确立或变更抚养费案件中未成年子女的真实意见很难被听到 民法典规定了确定抚养关系的三个具体原则：不满两周岁的，母亲直接抚养；满两周岁的未成年子女，按最有利于未成年子女的原则决定直接抚养方；满8周岁的子女，要尊重其真实意愿。 为了落实民法典规定的这些原则，2020年1月1日起实施的最高人民法院《关于适用〈中华人民共和国民法典〉婚姻家庭编的解释（一）》中，就抚养关系的规定与1993年实施的《最高人民法院关于人民法院审理离婚案件处理子女抚养问题的若干具体意见》中的几乎相同，主要从成年人视角考量，比如：一方是否已做绝育手术或者因其他原因丧失生育能力；一方是否有其他子女，子女随其生活时间的长短等。 在确认或变更抚养关系的案件审理中，征求8周岁以上未成年人的意见应是一个必经环节。中心研究人员查阅到的案例显示，裁判文书中明确写明询问、征求或者考虑年满8周岁以上未成年子女意见的案件比例占比仅为51.9%。有的案件中，当事人开庭时提交了未成年人书写的“意愿书”，双方进行了质证，但是人民法院裁判时，并没有提到是否采纳了未成年人的意见。 有些案件中，父母一方以纵容孩子玩游戏、不上学等不利于未成年子女身心健康的方式“诱惑”“逼迫”未成年子女同意与其一起生活。在一起案件中，男方出具两名未成年子女的证言，拟证明自己对姐弟二人很好。但是人民法院经审理查明，证言是姐弟二人在父亲的逼迫下写的，其中一人明确表示想随母亲生活。最后，二审法院在充分尊重未成年子女本人意见的基础上进行了改判。 于旭坤提醒，司法实践中，在充分听取未成年人真实意见的同时，还应充分认识到，未成年子女在表达意见时，容易受到外界干扰，有些未成年人表达的并不一定是真实意愿，法院不能只是简单询问就以尊重孩子意见为由判决，应该要从最有利于未成年人的原则出发综合考量。 抚养费关乎父母离婚后未成年子女的生活保障。现行司法解释规定了抚养费主要包括未成年子女的生活费、教育费、医疗费三项具体费用，同时用“等费用”作为兜底性规定，在确定抚养费数额时，可以考虑三方面因素，即：子女的实际需要、父母双方的负担能力和当地的实际生活水平。 但中心的研究人员查阅案例后发现，法院裁判认定抚养费的范围主要是生活费、教育费、医疗费，一般没有其他费用。生活费一般是未成年子女在衣食行方面的开销，属于日常生活支出，教育费、医疗费是否需要另行支付、支付多少，往往是双方的争议焦点。在一些案例中，法院裁判仅支持支付基本的教育费用，或者认为抚养费已经包括了教育费、医疗费用，无需另行支付。 报告认为，司法实践中对于未成年子女抚养费数额的判定，只是考虑了父母的收入水平。一些法院在确定抚养费数额时，主要是依据父母的负担能力，即依据其收入的20%-30%计算，忽略了子女的实际需要和当地的实际生活水平这两个因素。 一些法院认定的不直接抚养未成年子女一方“月总收入”的，往往是每月固定的工资收入，较少考虑到房租、股票、股权、拆迁等其他资产性收入。无法查明不直接抚养未成年子女一方的具体收入时，由于缺少统一标准，不同地区的法院还会引用不同的基数计算抚养费。有的依据同行业平均收入计算抚养费；有的依据当地人均可支配收入计算抚养费数额，具体又分为全体居民、城镇居民和农村居民人均可支配收入三种情况；有的依据居民人均生活消费支出计算抚养费数额。 亟须法律政策规制、少年审判机构建设、社会支持系统搭建多方面齐发力 作为多年来一直从事未成年人保护理论和实务研究的专家，中心主任佟丽华认为，我国当前办理涉及未成年人的父母离婚案件的理念以及制度严重滞后。随着经济社会发展，我国婚姻家庭关系，特别是在未成年人保护方面的认识已经发生了根本性变化，认为家庭中以父母为主宰、未成年子女为附属的观念已经彻底改变，民法典以及修改后的未成年人保护法都确立了最有利于未成年人原则，在这种情况下，最高人民法院关于确立变更抚养关系、探望权行使等相关司法解释明显滞后，没有充分体现最有利于未成年人的原则。 在他看来，更好保护婚姻家事案件中未成年人的合法权益，可以考虑在法律政策规制、少年审判机构建设、社会支持系统搭建等方面开展工作。 他建议，尽快在最高人民法院和各省（市）高级人民法院、中级人民法院设立独立建制的少年法庭，在基层人民法院建立专门的少年法庭办案组；最高人民法院应从保护未成年人的视角出发，贯彻民法典、未成年人保护法、家庭教育促进法等法律的最新规定，发布司法政策、文件，细化审理离婚案件中双方感情破裂的认定标准；确立、变更抚养关系的基本原则；确定抚养费的科学标准；确立未成年子女享有探望权、父母应当履行探望义务等。 佟丽华同时认为，在涉及未成年人婚姻家事案件的办理过程中，很多未成年人需要心理辅导、社工支持、法律援助，很多案件需要专业的调解人员，目前人民法院、政府部门、妇联组织等，都缺乏此类专业人才。他建议，遴选一批在未成年人保护和婚姻家事领域具有一定工作基础，且有意愿、有能力参与社会调查、婚姻家事调解、法律援助等相关工作的优秀社会组织。人民法院、政府部门和妇联组织等通过政府购买服务等方式支持他们开展专项、专业服务，为未成年人健康快乐成长创造良好家庭环境。（记者 韩飏 ）,2550,http://yn.people.com.cn/n2/2024/0124/c361322-40724507.html,婚姻;离婚
China News Service,2024/1/26,今年没有立春，不宜结婚？专家说法来了！,中新网 北京1月26日电(记者 上官云)2月4日是立春节气，不久之后，就是农历新年。“一年之计在于春”，春季充满了朝气和希望，在二十四节气当中，立春向来备受重视。 不过，不知何时起，坊间有一种说法在悄悄流传：今年是龙年，没有“立春”，所以是‘寡妇年’，不适合结婚。这种说法很快招来了质疑，不少网友表示，这听上去很不靠谱。 实际上，所谓的“无春年”是一种正常现象，它出现的原因与历法关系很大，跟吉凶祸福、人生运势、婚嫁等没什么必然联系。 首先，我们需要搞清楚一个问题，即什么是“无春年”？ 中国农业博物馆农业历史研究部主任唐志强解释，所谓“无春年”，一般指的是从正月初一到当年除夕这个时间段内，没有“立春日”。 例如， 2024年的“立春日”是2月4日，即农历兔年的腊月二十五，而下一个“立春日”是2025年2月3日，已经进入了农历蛇年的正月，所以有说法称，2024农历年“无春”。 北京大学中文系教授王娟指出，“就中国古代历法而言，主要有两种，太阳历依据太阳运行规律确定，太阴历则主要依据月亮的运行规律来确定。” “由于阳历和阴历在日期上有偏差，为了让二者匹配起来，人们想出了闰月等方法进行调整。”她解释，汉代“太初历”建立后，将阴历、阳历合在了一起，加上了二十四节气。 同时，历史上的朝代将哪个月作为新年的第一个月，也有不同。比如夏朝将农历一月作为正月，商朝将农历十二月作为“正月”，周朝将农历十一月作为“正月”等等。这也可能影响到一年有无“立春”节气。 “由于历法的人为设置，就比较容易造成‘无春年’的情况，这与运势、吉凶等无关。”她强调，所谓的“寡妇年”“无春年不宜结婚”，没什么科学道理。 此外，王娟说，一年“两头不见春”，俗称“盲年”。一些地方认为“盲年”孩子或者要提前进塾上学，或者在上学时要提上一盏点着蜡烛的灯笼，称为“照明”，祈求学习进步。 “其实这些说法里，很多都没什么道理，就是一种民间的、地方上的解读方式和途径，所谓一年中‘顺’与‘不顺’，有时候人们更多是一种心理作用。”她说。 除此之外，围绕着“立春”，还有一个争论不休的问题，就是“属相”应该从何时算起？ 有人认为，属相要从立春那天算起；有人则认为，属相是按农历来计算的，从正月初一开始到除夕结束。比如甲辰龙年，得是正月初一及之后出生的孩子才是属“龙”。 实际上，“癸卯年”“甲辰年”的叫法，与干支纪年法有关。所谓“干支”，是天干和地支的总称，把干支顺序相配来表示年、月、日的序号，60年一循环，周而复始。 为了便于记忆，古人还设计了12种动物，即十二生肖，来与“十二地支”互相搭配。“辰”对应的生肖为“龙”。 唐志强表示，一个人的属相是由出生干支历的地支决定的。12地支对应12生肖，以二十四节气的立春为“年”分界线。既不是从元旦，也不是从大年初一开始算。 因此，从“干支历”的角度来看，立春前为上一年属相，立春日起，为下一个属相。今年2月4日，即腊月二十五及以后出生的才属龙。 围绕立春产生的种种讨论，实际上也从侧面反映出这个节气的重要性。 农谚说，“万事开端从岁首，一年之计看春头”，立春的到来象征着一年的农事即将开始，人们习惯在此时制定生产计划，备耕备种，为农事活动做好开端、打好基础。 在漫长的岁月中，贴春、戴春、飘春、咬春、踏春、游春、探春、躲春等习俗在民间流传。唐志强认为，其中咬春、鞭春和颁春牛图是三大宝贵遗产。 “立春”这一天，民间习惯吃萝卜、韭菜、姜、葱、面饼，称为“咬春”。据记载，“五辛菜，乃元日、立春以葱、蒜、韭、蓼蒿、芥，辛嫩之菜杂和食之，取迎新之意。” 鞭春牛在古代亦是一项由官方主持的传统仪式，其鞭打的“春牛”是泥塑或纸糊的假牛，目的是兆示丰年、策励农耕。 春牛图是中国古时一种用来预知当年天气、干支、农作收成等资料的图鉴。图内画了一头牛及牵牛的“芒神”，左右两旁载有诗句，预测当年的天气及农作收成，指导当年农耕节令。 唐志强认为，立春作为四时之端，标志着寒风凛冽、万物闭藏的冬天正在结束，风和日丽、生机勃勃的春天即将到来，令人充满希望。 时至今日，包括立春在内的二十四节气，依然对人们的日常生活有着重要影响。 比如，二十四节气仍是人们衣食住行的重要参照。几乎每个节气都有丰富多彩的习俗，尤其是在养生方面，那些千百年积淀下来智慧，指导人们及时调整饮食起居，让身心更健康。 “二十四节气具有科学的本质，蕴含着‘天人合一’的生态哲学理念，其中包含的许多农业气候变化规律和农业生产知识等，仍然能够为现代农业所遵循和应用。”他总结道。(完),1870,https://www.chinanews.com.cn/cul/2024/01-26/10153261.shtml,结婚;婚嫁
China News Service,2024/1/26,十大行政检察典型案例发布 黑辽检察机关合力办理虚假婚姻登记案,中新网 北京1月26日电 (记者 张素)实践中，以冒名顶替或者弄虚作假方式办理婚姻登记会带来不少“后遗症”，受害者则面临维权举证难、申请民政部门撤销难、通过诉讼途径获得救济难等诸多困境。最高人民检察院26日发布2023年度十大行政检察典型案例，其中“黑辽检察机关督促撤销方某被冒名婚姻登记检察监督案”颇具代表性。 案情显示，修某以“方某”身份信息办理假身份证，2012年6月，其冒用“方某”身份与杨某在辽宁登记结婚，2013年10月双方协议离婚。2016年10月，修某冒用“方某”身份，与王某在黑龙江登记结婚，2019年法院缺席判决离婚。修某在上述婚姻中各育有一子。 2017年8月至11月，修某多次冒用“方某”身份办理贷款，方某发现身份信息被冒用后，向公安机关报案。2021年3月，公安干警带修某、王某用“方某”身份再次办理结婚登记，同日申请离婚登记未能成功。同年4月，方某发现自己再次被结婚后，多次上访均未得到解决。同年12月，修某犯盗用身份证件罪、诈骗罪被判处有期徒刑并处罚金。此外，修某冒用“方某”身份因打架斗殴被多地公安机关予以行政处罚。 2022年，哈尔滨市某县检察院在办理公安干警滥用职权案中发现修某冒名婚姻登记线索，因线索涉及两省多地，黑龙江省人民检察院将部分监督线索移送至辽宁省人民检察院。为切实维护当事人合法权益，黑辽检察机关跨省协作，依职权进行监督。 26日在北京举行的典型案例发布会上，黑龙江省人民检察院第七检察部副主任吴立英介绍，黑辽两省检察机关按管辖区域各自组成三级检察院一体化办案组，兵分两路开展行政争议化解工作。办案组采取调查核实、释法说理、公开听证、公开宣告送达等方式，分别向冒名婚姻登记地民政部门制发检察建议，民政部门依法撤销了案涉婚姻登记；协调公安机关为方某消除了被冒名的行政处罚记录。 此外，黑龙江检察机关协调卫健委对修某冒名生育所涉出生医学证明登报声明作废；建议民政部门将修某列入婚姻登记严重失信当事人惩戒名单；向法院制发审违和再审检察建议，撤销了缺席离婚的民事判决。辽宁检察机关在办案中了解到与修某缔结婚姻关系的杨某意外身亡，家中老母幼子生活困难后，依法向“一老一幼”发放司法救助金，并促成未成年人法定监护人变更。 “检察机关介入反向监督非常必要。”中国法学会行政法学研究会副会长、清华大学法学院教授余凌云在会上说，检察机关一体化办案可以彻底解决受害者面临的诸多问题，特别是使其“不受诉讼时效限制”。 余凌云还表示，本案体现出“行刑反向衔接的拓展”，后续应适时扩大行刑双向衔接的范围。他提出检察机关反向监督要形成制度化效果，实现从“个案”到“类案”，立足于建立长效机制，推进常态化治理。他说，公诉部门和行政检察部门应更加密切合作，就已判决的公诉案件中涉及行政机关的事实部分进行研究，确认是否需要制发检察建议，建议行政机关及时跟进履职。 另据吴立英介绍，黑辽两省检察机关在“护航民生民利”专项监督活动中，共办理涉虚假婚姻登记案件49件，制发社会治理类检察建议1件。哈尔滨市人民检察院、大连市人民检察院还会同相关部门建立办理虚假婚姻登记案件协作配合机制，以“我管”促“都管”，共筑婚姻家庭保护“同心圆”。(完) 【,1327,https://www.chinanews.com.cn/gn/2024/01-26/10153640.shtml,婚姻登记;结婚登记;婚姻;结婚;离婚
CCTV,2024/1/30,【8点见】“订婚强奸案”男子起诉女方要求结婚，否则退彩礼,央视网消息： 每天8点，央视网为您梳理24小时内发生在咱们身边的大小事儿。 ·春节前我国将现大范围持续性雨雪冰冻，10省将出现暴雪或大暴雪。 ·中央网信办启动“清朗·2024年春节网络环境整治”专项行动，重点整治煽动群体对立、无底线追星等。 ·财政部：2023年国有企业利润总额46332.8亿元，同比增长7.4%。 ·江西省人大常委会原党组副书记、副主任殷美根被提起公诉。 ·西藏自治区政府党组成员、副主席王勇接受审查调查。 ·被控受贿8103万余元，中国足球协会原主席陈戌源受贿案一审开庭。 ·美方频繁无端盘查遣返中国留学人员，中使馆：已提出严正交涉。 ·俄罗斯中央选举委员会登记普京为总统候选人。 ·得州与美联邦政府陷入武装对峙，副州长警告拜登：别惹得州！ ·韩国检方起诉刺杀李在明嫌疑人，称袭击没有共犯和幕后主使。 ·亚美尼亚总理提议与阿塞拜疆签互不侵犯条约。 ·韩媒：俄驻韩大使馆保安亭遭汽车撞击，一名警卫严重受伤。 ·国际奥委会主席巴赫：“电竞奥运会”最迟2026年举办。 ·违反反兴奋剂规则，俄花滑运动员“K宝”冬奥金牌被裁无效。 ·杭州城区总人口突破1000万，成为第10个超大城市。 ·内蒙古呼和浩特一餐馆发生火灾致4死4伤，明火已扑灭，原因正在调查。 ·“李四强抢劫案”获指令再审，家属：当时他在家，不可能作案。 ·官方通报女子沈阳早市买鱿鱼被收700元：取消经营资格，列入黑名单，涉案4人被传唤调查。 ·官方通报内蒙古一动物园猴群与猫共处：猫的情况一直健壮，已放置单独猫舍。 ·企业悬赏百万征集一公职人员违法犯罪线索？福州长乐：在调查。 ·湖南衡东服务区回应垃圾遍地、车辆乱停：春运车流量暴涨，已加派人手改善。 ·官方通报“重庆一街道下水道井盖用竹签代替钢筋”：已介入调查。 ·“订婚强奸案”被判强奸男子提起民事诉讼：要求女方结婚登记，否则退还11.8万彩礼。 ·“211毕业男子被裁瞒着妻子送外卖”疑似摆拍，被冒用身份骑手：曾遇到过一个路人拍过他的手机屏幕。目前视频已被删除。 ·男子刑满刚出监狱又被带走，警方：涉嫌在医院盗窃，已被刑拘。 ·山西临汾一商场现钱学森等科学家巨幅海报，网友点赞：“这才是我们应该追的星”。 ·重庆彭水一幼儿园存在14处消防隐患，被临时查封。 保护女性权益，司法大有可为。随着网络技术的发达，虚拟世界日渐泥沙俱下，“网黄”女性等现象并不鲜见。按照传统的思路，以传播淫秽物品罪来追究刑责，已不能完全满足时代的需要。 近日，黄山风景区雪后初霁，日出、云海、雪景美不胜收。雪花轻盈拥抱黄山的每一寸草木山石，黄山被白雪覆盖，峰峦叠嶂、银装素裹，宛若琉璃仙境。 近日，广州南沙区聚星桥开通，将成为当地人行景观桥。据悉，该桥连接蕉门河两岸及蕉门岛，造型独特，采用120°对称的三段梁拱组合，以最短距离连通三岸，方便周边居民出行和游憩。 1月29日，记者从吉尼斯世界纪录获悉，88岁的四川泸州主机游戏博主杨炳林爷爷创下了吉尼斯世界纪录，成为“最年长的B站游戏博主”。4年前，杨炳林开始在B站分享游戏视频，成为一名高龄主机游戏博主，被粉丝们爱称为“游戏爷爷”。“做了博主以后，我心目中多了一种荣誉感。我和成千上万的小朋友相互关心，得到他们的尊重和热爱。”杨炳林说，他经常劝导青少年们一定要把本职工作做好后，再玩游戏，“最好等到退休以后，像我一样有计划地去打游戏。”,1400,https://news.cctv.com/2024/01/30/ARTICkEr6WRbsigD9DpbNBnu240130.shtml,结婚登记;结婚;彩礼
CCTV,2024/1/30,年轻人在直播间“速配”找对象：成不成就在三五分钟,1月29日，某短视频直播平台，博主以“过年前如何脱单”为主题直播征婚嘉宾个人信息，引导观看者“下载交友聊天App，即可领取会员福利”。网络截图 当下，为了扩大社交范围，尽快“脱单”，一些单身青年选择进入短视频直播间。在直播间，相亲者的身高、颜值、职业、收入、房子、车子等基本条件摆在明面上，被一轮一轮地打量和筛选。一些幸运的年轻人在这里找到了合适的相亲对象，但也有人遇到了“套路”和“陷阱”。 “1号，宁夏泾源人，28岁，有车无房，企业青年；2号，甘肃天水人，34岁，有房有车，个体户……”1月28日22时50分，70后红娘马姐在直播间里反复介绍着8名青年嘉宾的基本信息。1名红娘与8名男女青年嘉宾的“群面式”相亲，正在直播间的九宫格画面上进行。 按照马姐设置的规则，3分钟内，如果有嘉宾对她念的某位青年感兴趣，就申请加入她设置的群聊，可进一步获得对方联系方式，进入一对一交流环节；如果无人应答，就开始邀请下一批征婚嘉宾进直播间连麦。 宁夏回族自治区固原市原州区32岁女青年刘欣媛，去年曾与3名男青年线下约见并短暂接触，但均未能发展为恋人关系。为了推进人生大事，她最近开始进入直播间寻找相亲对象。 “直播间里信息更新得快，能不能找到合适的人，可能就在三五分钟。”刘欣媛说，这种同城的相亲直播间，她刷到过十几个，主要就是看看男青年的颜值、听听红娘介绍，感兴趣就多聊一聊，没兴趣就切换到其他相亲直播间。 当下，为了扩大社交范围，尽快“脱单”，一些单身青年选择进入短视频直播间。在直播间，相亲者的身高、颜值、职业、收入、房子、车子等基本条件摆在明面上，被一轮一轮地打量和筛选。一些幸运的年轻人在这里找到了合适的相亲对象，但也有人遇到了“套路”和“陷阱”。 直播相亲，颜值、表达、物质条件是三大考量因素 “我今年32岁，在陕西定边油田工作，在老家按揭了一套房，还没买车，家里一个姐姐出嫁了，还有个弟弟在读研究生。” 连麦直播间右下角的小方框里，身穿黑色毛衣的圆脸男嘉宾在作自我介绍。刘欣媛看到对方身后的背景，是昏暗的灯光和简易的宿舍环境。“对方工作收入不错，但油田工作辛苦，应该不常回家吧。”刘欣媛推测。 她本想进一步问问对方的职业规划，又转念一想，“还是别找异地工作的”，最终没有与对方互动交流。 刘欣媛2014年大专毕业后在一家公益机构从事社工工作，月薪近4000元，想在同城找个年龄相仿的小伙子谈婚论嫁。 红娘马姐的本名叫马娟，是宁夏固原市一名70后家庭主妇。五六年前，她曾给一些年轻人当过线下红娘。2021年，考虑到年轻人喜欢看短视频，她就把说媒业务转到了网上，开始做起网络红娘。 白天，她把收集到的待婚男女青年个人信息发到短视频平台上，还会发一些成功案例，视频画面里有一摞摞的彩礼钞票、琳琅满目的陪嫁物品，标注“有意者加微信私聊”。晚上，她就开直播间组织男女嘉宾连麦视频聊天。 在相亲直播间，她设置的“玩法”包括付费一对一，以及1名红娘带8人连麦露脸直播，具体形式是在她的主持下，男女青年嘉宾在短暂的十几分钟内，介绍各自的基本情况、择偶要求、未来婚育生活规划等。直播间全程公开，连麦者不能开美颜滤镜，任何网友都可点击进入观看。 马娟向中青报·中青网记者介绍，在她的相亲直播间，加入连麦直播的男女嘉宾年龄主要在25-28岁。男嘉宾学历以高中、高职为主，个体从业者和务工青年居多，工作不够稳定、收入不高；女嘉宾职业和收入情况大多更好，大专、本科甚至研究生学历的都有，有的在体制内工作，有的月薪比当地平均工资高一倍多。 据她观察，连麦的男嘉宾总是多于女嘉宾，实际上经常没有女嘉宾进直播间。因此，每开一场“1带8连麦直播相亲”，她至少会给女嘉宾保留两个连麦位置。“男嘉宾一般比女嘉宾抱有更大的耐心，有的人为了等到一次‘上麦’机会，愿意排队等半个小时。” 年轻人进直播间相亲，颜值、语言表达、物质条件是三大考量因素。“颜值决定了对方愿不愿意连麦聊天，语言表达决定了连麦聊天的时间长短，物质条件决定了能否进一步联系。”马娟说。 马娟笑称，做网络红娘，就要当好“气氛组”，组织一场连麦相亲，尽可能让8个男女嘉宾都参与聊天，引导他们聊最近天气、新近发生的新闻、职场话题、日常见闻等。“总体来看，生活在小城镇和农村的单身男青年想获得与女嘉宾的相亲机会，姿态往往要放得比较低。” 马娟总是“规劝”女嘉宾别太“颜控”，也别太“向钱看”，多感受男嘉宾的言谈举止，她也提醒男嘉宾别“社恐”，积极主动参与连麦聊天、向女嘉宾展示自己。 34岁的周轩是四川省德阳市的一名基层教师，近两年，为了尽快“脱单”，她经常主动进直播间寻找合适的人。 周轩发现，对于征婚嘉宾，有的相亲直播间要求提供身份证照片，有的则没有审核机制，就会有“情感骗子”混进去。 去年8月，周轩对直播间里一名自称体制内工作者的男青年感到满意，主动联系红娘博主索要并添加了对方微信，保持线上聊天近一个月。 对方一开始显得很真诚，两人聊得很投机。但令她感到“差点儿意思”的是，对方一直没有主动邀约她线下见面。她一度自我安慰，“或许人家只是最近比较忙”。 直到有一天傍晚，该男子给周轩发微信，称自己朋友出了点事，想找她凑两万元。 “未曾谋面就找异性借钱，我感觉很不可信。”尽管周轩对已经付出的时间和情绪成本感到可惜，但还是理性地与对方断了联系。 两个月后，周轩又向另一个红娘博主付费100元，参加了一次“一对一”线下相亲见面。见面地点是借用的一处房产中介会客室，见面的时间不到20分钟。 在红娘的主持下，周轩与对方互相介绍了籍贯、家庭、工作等基本情况，互加了微信。这名36岁的男子自称因为工作太忙而迟迟未婚，最近5年唯一一段感情经历是“曾和前女友短暂共同生活过”。 周轩对此半信半疑，本着谨慎的态度，托朋友辗转打听得知，实际上，这名男子于2021年离异，8岁的儿子由前妻抚养。 周轩无法接受对方刻意隐瞒的行为，很快与对方断了联系。当她对红娘博主说起这件事，红娘表示对此并不知情。 “相亲直播间什么人都有。”周轩说，有时连麦聊得好好的，突然就有人加入直播间，有的甚至不开摄像头，就说些“擦边内容”。 她还在相亲直播间见过一名男嘉宾的镜头里突然闪现一名与其年龄相仿、穿着睡衣的女子，但该男子辩称这是“自己的亲戚”。 “这是什么情况呀”“已婚人士在相亲直播间找什么存在感”……直播间评论区顿时被在线观看的网友刷屏了。周轩记得，为了维持秩序，红娘博主将该男子“请”出了直播间。 吴忠市95后工厂青年杨志青工作近5年了，因为生活圈子小、交友途径窄，经常通过直播间认识异性朋友。他第一次进相亲直播间时，“刚连麦几分钟，有个女嘉宾就问‘买房了吗，全款还是按揭，结婚的话愿意出多少彩礼’”。 去年11月，杨志青通过相亲直播间认识了一名同城女青年。两人相处的3个月里，杨志青承担了2000多元的线下吃喝娱乐消费。但在没有任何征兆的情况下，该女子突然告知杨志青“感觉两个人不合适，不处了”。 “当时是抱着谈恋爱的态度相处的，现在想想，真是有点儿不对劲。”杨志青说。 杨志青记得，第一次进相亲直播间时，一名红娘博主除了反复介绍男女征婚嘉宾的个人信息外，还强调：“红娘只负责促成婚姻，要是两个人线下恋爱结婚期间发生矛盾纠纷特别是牵扯到经济问题，红娘概不负责。” 2022年4月，浙江省嘉善县人民检察院在办理一起主播与女嘉宾在直播间演“双簧”诈骗男嘉宾的案件期间，从犯罪嫌疑人背后查出200多名涉案的同行和女嘉宾，进而发现该交友平台对直播间的监管存在漏洞，还曾向这个交友平台制发了检察建议，要求其严格落实用户注册、主播管理、举报受理等管理制度，切实加强网络直播行业正面引导和规范管理，保护网民的合法权益。 “显然这些乱象背离了相亲直播的初衷，不符合清朗网络空间的要求。究其原因，有参与者的问题，更有平台监管的失责。”人民网人民数据研究院研究员吴汉华建议，直播平台应加强相亲直播间准入门槛的设置，对直播“红娘”、相亲者、围观者严格把关，防止相亲直播间成为“藏污纳垢”之地；要做好资金的安全把关，保证用户信息和隐私安全，让相亲者无后顾之忧；应主动接受各方共同监督，共同发力、真正地办好事办实事，不能让直播相亲成为逐利的噱头，而真正想“脱单”者却难以梦想成真。 为了解“云相亲”青年对亲密关系和婚恋情感的需求，华中师范大学马克思主义学院讲师、社会学博士张楠楠曾对一个副省级城市30名35岁以下用户就线上婚恋交友体验与实践展开访谈。 张楠楠认为，在传统的婚恋交友方式中，年轻人情感关系的建立是从普通朋友逐渐转向婚恋伴侣。而“云相亲”用户以平台为媒介，可以迅速实现陌生人的“相遇”。平台提供的年龄、家庭、学历、喜好及相貌等信息的匹配服务，省去了年轻人在自由恋爱时探寻对方基本情况的环节，理论上帮助年轻人提高了择偶效率、扩大了择偶范围、减少了婚恋中的信息不对称。 不过，张楠楠提醒，线上相亲平台将“青年婚恋择偶条件”前置，有些相亲青年在平台中依据“条件”进行选择时，会幻想找到“完美”伴侣，导致因对“完美”的追求而陷于情感“快餐化”。 张楠楠注意到，当下很多“云相亲”青年，不太愿意在这段关系中毫无保留地付出全部真心。他们并不认为这种情感关系可以与亲密关系划等号，彼此间保持一定的安全距离，也不会花费更多的精力维护情感关系，“人为和技术的嵌入，部分取代了传统的情感关系实践，对青年的情感认知产生了影响，这可能会影响年轻人婚姻的稳定性”。 北京师范大学社会学院博士生张睿认为，在线青年相亲交友平台应承担起社会责任，调整匹配算法，使更广泛的青年用户提供信息，而非只服务那些在相亲市场上被认为“最优秀”的个体，“要为年轻人建立正向的情感表达和反馈机制，打造健康的情感交流网络环境”。 中青报·中青网记者 焦敏龙,3998,https://news.cctv.com/2024/01/30/ARTI9j6dXsVTgJThlaLElyXL240130.shtml,婚姻;结婚;婚恋;婚育;彩礼;恋爱;相亲;单身;脱单;择偶;伴侣;对象;恋人
People.cn,2024/1/30,这些年轻人在直播间“速配”找对象,1月29日，某短视频直播平台，博主以“过年前如何脱单”为主题直播征婚嘉宾个人信息，引导观看者“下载交友聊天App，即可领取会员福利”。网络截图 当下，为了扩大社交范围，尽快“脱单”，一些单身青年选择进入短视频直播间。在直播间，相亲者的身高、颜值、职业、收入、房子、车子等基本条件摆在明面上，被一轮一轮地打量和筛选。一些幸运的年轻人在这里找到了合适的相亲对象，但也有人遇到了“套路”和“陷阱”。 “1号，宁夏泾源人，28岁，有车无房，企业青年；2号，甘肃天水人，34岁，有房有车，个体户……”1月28日22时50分，70后红娘马姐在直播间里反复介绍着8名青年嘉宾的基本信息。1名红娘与8名男女青年嘉宾的“群面式”相亲，正在直播间的九宫格画面上进行。 按照马姐设置的规则，3分钟内，如果有嘉宾对她念的某位青年感兴趣，就申请加入她设置的群聊，可进一步获得对方联系方式，进入一对一交流环节；如果无人应答，就开始邀请下一批征婚嘉宾进直播间连麦。 宁夏回族自治区固原市原州区32岁女青年刘欣媛，去年曾与3名男青年线下约见并短暂接触，但均未能发展为恋人关系。为了推进人生大事，她最近开始进入直播间寻找相亲对象。 “直播间里信息更新得快，能不能找到合适的人，可能就在三五分钟。”刘欣媛说，这种同城的相亲直播间，她刷到过十几个，主要就是看看男青年的颜值、听听红娘介绍，感兴趣就多聊一聊，没兴趣就切换到其他相亲直播间。 当下，为了扩大社交范围，尽快“脱单”，一些单身青年选择进入短视频直播间。在直播间，相亲者的身高、颜值、职业、收入、房子、车子等基本条件摆在明面上，被一轮一轮地打量和筛选。一些幸运的年轻人在这里找到了合适的相亲对象，但也有人遇到了“套路”和“陷阱”。 直播相亲，颜值、表达、物质条件是三大考量因素 “我今年32岁，在陕西定边油田工作，在老家按揭了一套房，还没买车，家里一个姐姐出嫁了，还有个弟弟在读研究生。” 连麦直播间右下角的小方框里，身穿黑色毛衣的圆脸男嘉宾在作自我介绍。刘欣媛看到对方身后的背景，是昏暗的灯光和简易的宿舍环境。“对方工作收入不错，但油田工作辛苦，应该不常回家吧。”刘欣媛推测。 她本想进一步问问对方的职业规划，又转念一想，“还是别找异地工作的”，最终没有与对方互动交流。 刘欣媛2014年大专毕业后在一家公益机构从事社工工作，月薪近4000元，想在同城找个年龄相仿的小伙子谈婚论嫁。 红娘马姐的本名叫马娟，是宁夏固原市一名70后家庭主妇。五六年前，她曾给一些年轻人当过线下红娘。2021年，考虑到年轻人喜欢看短视频，她就把说媒业务转到了网上，开始做起网络红娘。 白天，她把收集到的待婚男女青年个人信息发到短视频平台上，还会发一些成功案例，视频画面里有一摞摞的彩礼钞票、琳琅满目的陪嫁物品，标注“有意者加微信私聊”。晚上，她就开直播间组织男女嘉宾连麦视频聊天。 在相亲直播间，她设置的“玩法”包括付费一对一，以及1名红娘带8人连麦露脸直播，具体形式是在她的主持下，男女青年嘉宾在短暂的十几分钟内，介绍各自的基本情况、择偶要求、未来婚育生活规划等。直播间全程公开，连麦者不能开美颜滤镜，任何网友都可点击进入观看。 马娟向中青报·中青网记者介绍，在她的相亲直播间，加入连麦直播的男女嘉宾年龄主要在25-28岁。男嘉宾学历以高中、高职为主，个体从业者和务工青年居多，工作不够稳定、收入不高；女嘉宾职业和收入情况大多更好，大专、本科甚至研究生学历的都有，有的在体制内工作，有的月薪比当地平均工资高一倍多。 据她观察，连麦的男嘉宾总是多于女嘉宾，实际上经常没有女嘉宾进直播间。因此，每开一场“1带8连麦直播相亲”，她至少会给女嘉宾保留两个连麦位置。“男嘉宾一般比女嘉宾抱有更大的耐心，有的人为了等到一次‘上麦’机会，愿意排队等半个小时。” 年轻人进直播间相亲，颜值、语言表达、物质条件是三大考量因素。“颜值决定了对方愿不愿意连麦聊天，语言表达决定了连麦聊天的时间长短，物质条件决定了能否进一步联系。”马娟说。 马娟笑称，做网络红娘，就要当好“气氛组”，组织一场连麦相亲，尽可能让8个男女嘉宾都参与聊天，引导他们聊最近天气、新近发生的新闻、职场话题、日常见闻等。“总体来看，生活在小城镇和农村的单身男青年想获得与女嘉宾的相亲机会，姿态往往要放得比较低。” 马娟总是“规劝”女嘉宾别太“颜控”，也别太“向钱看”，多感受男嘉宾的言谈举止，她也提醒男嘉宾别“社恐”，积极主动参与连麦聊天、向女嘉宾展示自己。 34岁的周轩是四川省德阳市的一名基层教师，近两年，为了尽快“脱单”，她经常主动进直播间寻找合适的人。 周轩发现，对于征婚嘉宾，有的相亲直播间要求提供身份证照片，有的则没有审核机制，就会有“情感骗子”混进去。 去年8月，周轩对直播间里一名自称体制内工作者的男青年感到满意，主动联系红娘博主索要并添加了对方微信，保持线上聊天近一个月。 对方一开始显得很真诚，两人聊得很投机。但令她感到“差点儿意思”的是，对方一直没有主动邀约她线下见面。她一度自我安慰，“或许人家只是最近比较忙”。 直到有一天傍晚，该男子给周轩发微信，称自己朋友出了点事，想找她凑两万元。 “未曾谋面就找异性借钱，我感觉很不可信。”尽管周轩对已经付出的时间和情绪成本感到可惜，但还是理性地与对方断了联系。 两个月后，周轩又向另一个红娘博主付费100元，参加了一次“一对一”线下相亲见面。见面地点是借用的一处房产中介会客室，见面的时间不到20分钟。 在红娘的主持下，周轩与对方互相介绍了籍贯、家庭、工作等基本情况，互加了微信。这名36岁的男子自称因为工作太忙而迟迟未婚，最近5年唯一一段感情经历是“曾和前女友短暂共同生活过”。 周轩对此半信半疑，本着谨慎的态度，托朋友辗转打听得知，实际上，这名男子于2021年离异，8岁的儿子由前妻抚养。 周轩无法接受对方刻意隐瞒的行为，很快与对方断了联系。当她对红娘博主说起这件事，红娘表示对此并不知情。 “相亲直播间什么人都有。”周轩说，有时连麦聊得好好的，突然就有人加入直播间，有的甚至不开摄像头，就说些“擦边内容”。 她还在相亲直播间见过一名男嘉宾的镜头里突然闪现一名与其年龄相仿、穿着睡衣的女子，但该男子辩称这是“自己的亲戚”。 “这是什么情况呀”“已婚人士在相亲直播间找什么存在感”……直播间评论区顿时被在线观看的网友刷屏了。周轩记得，为了维持秩序，红娘博主将该男子“请”出了直播间。 吴忠市95后工厂青年杨志青工作近5年了，因为生活圈子小、交友途径窄，经常通过直播间认识异性朋友。他第一次进相亲直播间时，“刚连麦几分钟，有个女嘉宾就问‘买房了吗，全款还是按揭，结婚的话愿意出多少彩礼’”。 去年11月，杨志青通过相亲直播间认识了一名同城女青年。两人相处的3个月里，杨志青承担了2000多元的线下吃喝娱乐消费。但在没有任何征兆的情况下，该女子突然告知杨志青“感觉两个人不合适，不处了”。 “当时是抱着谈恋爱的态度相处的，现在想想，真是有点儿不对劲。”杨志青说。 杨志青记得，第一次进相亲直播间时，一名红娘博主除了反复介绍男女征婚嘉宾的个人信息外，还强调：“红娘只负责促成婚姻，要是两个人线下恋爱结婚期间发生矛盾纠纷特别是牵扯到经济问题，红娘概不负责。” 2022年4月，浙江省嘉善县人民检察院在办理一起主播与女嘉宾在直播间演“双簧”诈骗男嘉宾的案件期间，从犯罪嫌疑人背后查出200多名涉案的同行和女嘉宾，进而发现该交友平台对直播间的监管存在漏洞，还曾向这个交友平台制发了检察建议，要求其严格落实用户注册、主播管理、举报受理等管理制度，切实加强网络直播行业正面引导和规范管理，保护网民的合法权益。 “显然这些乱象背离了相亲直播的初衷，不符合清朗网络空间的要求。究其原因，有参与者的问题，更有平台监管的失责。”人民网人民数据研究院研究员吴汉华建议，直播平台应加强相亲直播间准入门槛的设置，对直播“红娘”、相亲者、围观者严格把关，防止相亲直播间成为“藏污纳垢”之地；要做好资金的安全把关，保证用户信息和隐私安全，让相亲者无后顾之忧；应主动接受各方共同监督，共同发力、真正地办好事办实事，不能让直播相亲成为逐利的噱头，而真正想“脱单”者却难以梦想成真。 为了解“云相亲”青年对亲密关系和婚恋情感的需求，华中师范大学马克思主义学院讲师、社会学博士张楠楠曾对一个副省级城市30名35岁以下用户就线上婚恋交友体验与实践展开访谈。 张楠楠认为，在传统的婚恋交友方式中，年轻人情感关系的建立是从普通朋友逐渐转向婚恋伴侣。而“云相亲”用户以平台为媒介，可以迅速实现陌生人的“相遇”。平台提供的年龄、家庭、学历、喜好及相貌等信息的匹配服务，省去了年轻人在自由恋爱时探寻对方基本情况的环节，理论上帮助年轻人提高了择偶效率、扩大了择偶范围、减少了婚恋中的信息不对称。 不过，张楠楠提醒，线上相亲平台将“青年婚恋择偶条件”前置，有些相亲青年在平台中依据“条件”进行选择时，会幻想找到“完美”伴侣，导致因对“完美”的追求而陷于情感“快餐化”。 张楠楠注意到，当下很多“云相亲”青年，不太愿意在这段关系中毫无保留地付出全部真心。他们并不认为这种情感关系可以与亲密关系划等号，彼此间保持一定的安全距离，也不会花费更多的精力维护情感关系，“人为和技术的嵌入，部分取代了传统的情感关系实践，对青年的情感认知产生了影响，这可能会影响年轻人婚姻的稳定性”。 北京师范大学社会学院博士生张睿认为，在线青年相亲交友平台应承担起社会责任，调整匹配算法，使更广泛的青年用户提供信息，而非只服务那些在相亲市场上被认为“最优秀”的个体，“要为年轻人建立正向的情感表达和反馈机制，打造健康的情感交流网络环境”。(记者 焦敏龙 ),3993,http://yn.people.com.cn/n2/2024/0130/c378440-40731634.html,婚姻;结婚;婚恋;婚育;彩礼;恋爱;相亲;单身;脱单;择偶;伴侣;对象;恋人
China News Service,2024/1/31,2月新规来了！事关彩礼、旅游、保险，这地将上调最低工资,中新经纬1月31日电 (王永乐)禁止借婚姻索取财物、引导各类社会资金投资住房租赁领域、中国和新加坡互免签证、湖北上调最低工资标准……2024年2月，一大波新规将施行，哪一项与你有关？ 《最高人民法院关于审理涉彩礼纠纷案件适用法律若干问题的规定》自2月1日起施行。规定提出，禁止借婚姻索取财物。一方以彩礼为名借婚姻索取财物，另一方要求返还的，人民法院应予支持。 《关于金融支持住房租赁市场发展的意见》自2月5日起施行。意见明确，从五方面拓宽住房租赁市场多元化投融资渠道：一是增强金融机构住房租赁贷款投放能力，二是拓宽住房租赁企业债券融资渠道，三是支持发行住房租赁担保债券，四是稳步发展房地产投资信托基金，五是引导各类社会资金有序投资住房租赁领域。 《产业结构调整指导目录(2024年本)》施行 《产业结构调整指导目录(2024年本)》自2月1日起施行。《目录(2024年本)》的政策导向是，推动制造业高端化、智能化、绿色化，巩固优势产业领先地位，在关系安全发展的领域加快补齐短板，构建优质高效的服务业新体系。 《公益事业捐赠票据使用管理办法》自2月1日起施行。办法明确，公益事业捐赠票据可作为捐赠人对外捐赠并根据国家有关规定申请捐赠款项税前扣除的有效凭证。 《铁路旅客运输安全检查管理办法》自2月1日起施行。办法要求，铁路运输企业应当根据实际及时调整车站安全检查通道的开放数量，确保旅客进站畅通，日常旅客安全检查等候一般不超过5分钟。鼓励铁路与城市轨道交通、民航、道路、水路等有序衔接，在综合客运枢纽设置封闭、连续的联运旅客换乘通道，签订合作协议，明确合作事项，完善设施设备，优化换乘流程，界定各方责任，实现安全检查互认。 《地理标志产品保护办法》自2月1日起施行。办法规定，地理标志产品生产者应当按照相应标准组织生产。其他单位或者个人不得擅自使用受保护的地理标志产品名称或者专用标志。 《集体商标、证明商标注册和管理规定》施行 《集体商标、证明商标注册和管理规定》自2月1日起施行。《规定》从规范集体商标、证明商标的注册和使用，维护公平竞争市场秩序的角度出发，引导集体商标、证明商标注册人注册有德、行权有度、维权有效；明晰权利边界，兼顾商标依法使用与他人正当使用；推动行政机关管促结合，综合施策，助力地方产业发展。 《中华人民共和国政府与新加坡共和国政府关于互免持普通护照人员签证协定》将于2月9日(农历除夕)正式生效。届时，双方持普通护照人员可免签入境对方国家从事旅游、探亲、商务等私人事务，停留不超过30日。 自2月1日起，湖北调整全省最低工资标准。调整后，全日制就业劳动者月最低工资标准按区域划分为三档，依次为2210元、1950元、1800元。 《重庆市民用无人驾驶航空器公共安全管理办法》自2月1日起施行。办法要求，重庆市行政区域内的民用无人驾驶航空器所有者应当依法进行实名登记。涉及境外飞行的民用无人驾驶航空器，应当依法进行国籍登记。 北京人社局等四部分发布的《关于职业学校实习学生参加工伤保险工作的通知》自2月1日起施行。通知提出，实习单位为接收的实习生按单险种参加工伤保险，并按时足额缴纳工伤保险费的，工伤保险关系生效。 《成都市居住证积分管理办法》《成都市户籍迁入登记管理办法》自2月20日起施行，有效期3年。据两办法，成都东部新区、简阳市、都江堰市、彭州市、邛崃市、崇州市、金堂县、大邑县、蒲江县等9区域取消积分入户；合法稳定就业和合法稳定居住即可落户，需在成都市域范围内连续缴纳社保满6个月，并持有9个区域有效期内居住证；35周岁以下的全日制普通高校专科学历毕业生可落户成都，普通高校研究生学历毕业生落户取消了年龄限制。 《沈阳市租赁房屋治安管理规定》自2月1日起施行。规定明确，出租的房屋，其建筑、消防设备、出入口和通道等，应当符合消防安全和治安管理规定；危险和违法建筑的房屋，不得出租。出租房屋应当以原设计的房间为最小出租单位。人均租住建筑面积不得低于沈阳市的最低标准，承租人之间有法定赡养、扶养、抚养义务的除外。厨房、卫生间、阳台和储藏室以及其他非居住空间不得出租供人员居住。 《上海市网络餐饮服务食品安全监督管理办法(试行)》自2024年2月1日起施行，有效期至2026年1月31日。办法要求，入网食品经营者在第三方平台或自建交易网站上公示的信息应与其实体店经营地址、经营项目、店招等信息一致，不得进行虚假或者引人误解的商业宣传，欺骗、误导消费者。鼓励第三方平台在协议中明确入网食品经营者实施“互联网＋明厨亮灶”和使用“食安封签”的相关要求。 《广东老字号认定管理办法》自2月18日起施行。《办法》对广东老字号应具备的基本条件作出了明确规定：品牌创立时间在30年(含)以上；具有广东民族特色和鲜明的岭南文化特征；面向居民生活提供经济价值、文化价值较高的产品、技艺或服务；在所属行业或领域内具有代表性、引领性和示范性，得到广泛的社会认同和赞誉。(中新经纬APP) 中新经纬,2050,https://www.chinanews.com.cn/cj/2024/01-31/10155767.shtml,婚姻;彩礼
People.cn,2024/1/31,“离婚冷静期”不能一“冷”了之,江苏省政协委员周国翠向正在召开的省政协十三届二次会议提交提案，建议将婚姻家庭矛盾调解机制前置到“离婚冷静期”，而不是限于诉讼阶段，既充分发挥民政部门的调解作用，又能更好发挥“离婚冷静期”的作用。 民法典设立“离婚冷静期”，给离婚夫妻双方一段冷静思考的时间，将有助于稳定婚姻家庭关系。笔者认为，“离婚冷静期”不能一冷了之，民政部门等工作人员应该主动作为，让调解工作“热”起来，通过耐心、热情的调查及调解等工作，从而化解双方的纠纷和矛盾，让“离婚冷静期”真正起到挽救婚姻的作用。 在“离婚冷静期”内能否挽救婚姻，民政部门等相关工作人员的介入和调解非常关键。按照江苏省政协委员周国翠的建议，对可以挽回、矛盾不大的婚姻情况可增设“亲友调解员”，申请离婚时双方各自携一位亲友到场，参与调解并签字，还可以引入更多专业力量和机构，如心理咨询师、律师等，在“离婚冷静期”时介入，对当事人加以疏导和调解，帮助其真正实现冷静。 设立“离婚冷静期”目的，是对离婚进行干预，降低离婚率。根据建议，将婚姻家庭矛盾调解机制前置到“离婚冷静期”，民政部门及社会多方力量参与，通过开展家事调查、心理疏导和调解等细致、耐心的工作，以化解双方矛盾和纠纷，充当热心的“和事佬”来修补婚姻。这样，“离婚冷静期”调解“热”起来，才有挽救婚姻的现实效果。 婚姻并非两个人的私事，它关系到一个家庭乃至整个社会的和谐稳定。“离婚冷静期”调解也只是补救措施，而增强婚姻家庭的稳固性，降低离婚率，应当从源头抓起，教育、民政等政府部门要在青少年中广泛开展正确的婚姻价值观教育，并引导和教育适婚青年要慎重对待婚姻，避免一些没有感情基础的草率婚姻或功利性婚姻。走进婚姻殿堂的夫妻，双方一定要共同来精心呵护和经营婚姻，才能让婚姻美满，让家庭幸福。（丁家发）,748,http://yn.people.com.cn/n2/2024/0131/c361322-40733094.html,离婚冷静期;婚姻;离婚;适婚;夫妻
CCTV,2024/2/1,向“天价彩礼”说“不”！最高法司法解释1日施行,新华社北京2月1日电 题：向“天价彩礼”说“不”！最高法司法解释1日施行 最高人民法院关于审理涉彩礼纠纷案件适用法律若干问题的规定于2月1日正式施行，剑指“天价彩礼”问题，受到社会关注。 彩礼，来源于我国古代婚姻习俗中的“六礼”，蕴含着两个家庭对“宜其室家”的美好愿望。有人也许会疑惑：“一个愿打，一个愿挨”的彩礼，为何需要司法部门立规矩？ 彩礼归根结底是“礼”，但一段时间以来，彩礼数额持续走高，有人将彩礼视为衡量爱情和婚姻的“筹码”，甚至形成明码标价的地域“行情”。因彩礼引发的婚姻家庭矛盾纠纷日益增多…… 扭曲的“彩礼观”，给年轻人造成经济压力，甚至滋生违法犯罪。最高法司法解释及时回应热点问题，治理高额彩礼陋习，助力移风易俗。 司法解释明确指出，一方以彩礼为名借婚姻索取财物，另一方要求返还的，人民法院应予支持。 对于双方已办理结婚登记手续并共同生活，离婚时一方请求返还按照习俗给付的彩礼的，人民法院一般不予以支持。但是，在“闪婚”“闪离”的情况下，法院会根据彩礼实际使用及嫁妆情况，综合考虑彩礼数额、共同生活及孕育情况、双方过错等事实，确定是否返还以及返还的具体比例。 ——“分手”时还未登记结婚，彩礼怎么办？ 这种情况下，原则上彩礼应当予以返还，但亦不应当忽略共同生活的“夫妻之实”。应当根据相关实际情况和事实，确定是否返还以及返还的具体比例。 彩礼数额是否过高，应当综合考虑彩礼给付方所在地居民人均可支配收入、给付方家庭经济情况以及当地习俗等因素。 高额彩礼，从来就不是婚姻美满的保证。举个现实中的案例：男方王某某与女方李某某2020年9月登记结婚，王某某家在当地属于低收入家庭，给了李某某彩礼18.8万元。后因家庭矛盾，王某某于2022年2月起诉离婚并要求返还彩礼。审理法院认为，结合当地经济生活水平及王某某家庭经济情况，18.8万元彩礼款属于数额过高。综合考虑双方共同生活时间较短，女方曾有终止妊娠等事实，酌定李某某返还彩礼款5.6万余元。 彩礼不能成为婚姻的负担，婚姻也不能靠彩礼来“成全”。 司法部门统一裁判尺度，明确标准、定分止争，对于治理“天价彩礼”有特别意义。据悉，人民法院接下来将通过妥善审理相关案件，以案释法、依法释理，积极配合民政、妇联等部门的前端治理工作。 打好治理高额彩礼的“组合拳”，各地各部门持续推进婚俗改革，开展婚姻家庭辅导服务，整治婚姻不正之风，把抵制高额彩礼、大操大办等纳入乡规民约……助推形成健康的新时代婚俗。 让婚姻始于“爱”，让彩礼归于“礼”，这是对婚姻美好的祝福，也是对社会文明的守护。摒弃“天价彩礼”，打造新时代婚俗，以更好培育新时代文明乡风、良好家风、淳朴民风。,1111,https://news.cctv.com/2024/02/01/ARTI4d9V6brYXGZkR8kgWDlD240201.shtml,结婚登记;天价彩礼;婚姻;结婚;离婚;彩礼;婚俗;闪婚;夫妻
China News Service,2024/2/2,广西柳州打造婚姻登记列车 民众可在火车上领证,中新网 柳州2月2日电 (林馨)2月1日，一辆“特殊”的红色婚姻登记列车交付仪式在广西柳州市进行。该火车将用于婚姻登记办公使用，民众可在火车上领证，体验别样的结婚仪式感。 当天交付的婚姻登记列车以喜庆的红色为主色调，车站牌上写有幸福站字样。仪式上，柳州机车车辆有限公司将一辆火车头和客车车厢交由柳州市柳南区民政局，双方共同打造富有铁路特色的婚姻登记处。 柳州市柳南区副区长曾德良表示，通过利用柳州机车车辆厂的闲置厂区，打造婚俗文化产业园。在该产业园放置婚姻登记列车，火车车厢里设立婚姻登记厅、颁证厅，以此寓意：在火车上领证，铁证如山；在铁轨上牵手，永不出轨。 该园区项目建成后，有利于带动周边婚庆产业聚集，最终将形成以婚庆产业，婚庆文化为特色的文化创意产业集聚区。既可以提升辖区门面、商铺、酒店的商业价值，又可以产生可观的经济效益和社会效益。 柳州机车车辆有限公司副总经理覃立介绍，这趟幸福列车凝聚浓厚的铁路元素，它的投入使用能促进政府部门婚姻登记服务水平提升到新高度，也能促进文化旅游，以此服务经济发展。(完),456,https://www.chinanews.com.cn/sh/2024/02-02/10157342.shtml,婚姻登记;婚姻;结婚;婚俗
China News Service,2024/2/2,湖北大冶法院通过司法建议撤销或更正虚假婚姻,湖北大冶法院通过司法建议撤销或更正虚假婚姻 20多年前，妻子离家出走，从此音信全无。此间，妻子与他人登记结婚，并育有一子。20多年后，丈夫起诉离婚，却查无此人，一时陷于困境。 《法治日报》记者近日从湖北省大冶市人民法院获悉，该院通过司法建议书成功审结这起因虚假婚姻导致的离婚纠纷案。 办案法官介绍，近年来，随着互联网大数据技术的发展，一些重复登记、以非真实身份办理婚姻登记的现象陆续被核查出来，显出婚姻登记管理中的一些漏洞。 1997年，湖北大冶人黄某被骗到江苏省兴化市，因不符合法定婚龄，有人帮她制作了假身份证、上了假户口。当年6月，黄某使用假身份证与当地人张某登记结婚。婚后夫妻俩分别在外务工，他们生育的女儿跟随奶奶生活。 2003年春节，夫妻俩回乡过节。让张某没想到的是，黄某在正月初七离家出走，从此“人间蒸发”。发现妻子离家后，张某曾试图拨打她的手机，但号码停机了。 为尽快找到妻子，张某找到其最要好的朋友，希望从其那里找到一丝线索，但得到的回复却是“她已回娘家，以后别再找她了”。从此，张某与黄某在两地分居20余年，其间无任何交流、往来。 2023年7月，张某向大冶法院起诉离婚。 “原告可能不知道被告使用假身份证登记结婚的事实，提供的信息十分有限，这给我们的工作造成了很大的困难。”大冶法院大箕铺人民法庭负责人顿朝霞说。 原来，大箕铺法庭受理该案后发现，张某诉状中仅有黄某的基本信息，书记员按照其提供的手机号码多次拨打，同样是已停机；负责送达的书记员按照其提供的地址进行送达时，发现该地址“查无此人”。随后，顿朝霞到公安机关查询，也未查到黄某的身份信息。 为查明案件事实，顿朝霞将当地所有符合条件的“黄某”“黄某某”进行反复比对，然后前往几处疑似户籍所在地实地走访调查，翻阅黄家族谱，仍未找到黄某信息。 正在此时，当地一位老人透露，邻村有个叫“黄某某”的曾经被人贩子骗过，应该就是法院要找的人。 顿朝霞这才意识到，原告提供的黄某的身份证可能是假的。她对“黄某某”家进行实地走访。其父母闪烁其词，一再声称女儿从未回家，至今下落不明。“黄某某”应该就是黄某。 目标锁定后，顿朝霞迅速前往婚姻登记机关查询，发现黄某又与黄石市阳新县的李某再婚，并以真实身份证办理了结婚登记。 原来，黄某返回大冶后，经人介绍认识了李某。当时婚姻登记尚未实行联网管理，李某在不知道的情况下，于2005年11月与黄某在阳新县民政局登记结婚，婚后生育一子。 经多次询问，确认黄某身份信息后，顿朝霞与黄某现任丈夫取得联系，但黄某却一直拒绝接听电话。书记员采取电子送达方式向黄某送达了起诉状副本等诉讼文书。 “黄某、李某是否构成重婚罪，现有情况下难以定论。”顿朝霞解释，黄某前一次婚姻具有特殊性，黄某被骗时使用假身份证登记结婚，并不是其真实意思表示，并且黄某未到法定婚龄，结婚不合法律规定；此外，如有配偶一方故意隐瞒事实真相，使无配偶一方上当而与之结婚的，无配偶而上当受骗一方也不能以重婚罪论处。 得知妻子再婚，张某经自我调适，逐渐接受事实。然而，自愿离婚需要双方签字确认，当初黄某的失踪让张某无法正常办理手续。 现查明黄某当年使用假身份证办理结婚登记，张某自知更无法办理离婚手续；如若再婚，又恐卷入重婚罪，一时进退两难。 顿朝霞想到最高人民法院、最高人民检察院、公安部、民政部联合发布的《关于妥善处理以冒名顶替或者弄虚作假的方式办理婚姻登记问题的指导意见》(以下简称《指导意见》)第一条第三款规定：“人民法院对相关事实进行调查认定后认为应当撤销婚姻登记的，应当及时向民政部门发送撤销婚姻登记的司法建议书。” 2023年9月12日，大冶法院正式向兴化市民政局发出司法建议书，详细说明黄某案涉情况，并建议该局经审核后对黄某与张某的虚假婚姻进行撤销或更正。 收到司法建议后，兴化市民政局高度重视，召开局长办公会研究，决定对张某、黄某办理的婚姻登记进行重新审核。 同年10月19日，兴化市民政局作出撤销张某与黄某结婚登记的决定，并采纳司法建议，向当事人及利害关系人送达，同时抄送当地人民法院、人民检察院、公安机关。 收到民政局送达的撤销结婚登记决定书后，张某向大冶法院申请撤诉。至此，一场持续26年的虚假婚姻关系彻底解除，困扰双方多年的烦心事得以圆满解决。 记者从大冶法院了解到，早些年，我国婚姻登记未实现全国联网，部分人通过冒名顶替或者弄虚作假等方式骗取婚姻登记，给了“买卖婚姻”和人贩子可乘之机。近年来，“被结婚”“被离婚”或“被重婚”等冒名作假婚姻仍时有发生。 2021年11月18日，“两高两部”联合发布《指导意见》从制度上打通司法与行政的堵点，为监督婚姻登记机关撤销虚假婚姻登记提供了依据。 大冶法院建议，民政部门应严把审核关，扎实做好婚姻登记普法宣传，引导当事人遵纪守法、诚信登记；开展全面梳理排查、核实纠错，推动对“存量”问题的妥善处理，发现案件线索后及时移交检察机关。 同时，公、检、法等部门应加大婚姻登记违法行为专项打击力度，对依法应当承担行政责任或者可能涉嫌犯罪的线索，及时移送主管部门，切实维护婚姻登记秩序和当事人合法权益。(法治日报) 【,2116,https://www.chinanews.com.cn/sh/2024/02-02/10157258.shtml,婚姻登记;结婚登记;婚姻;结婚;离婚;再婚;婚龄;重婚;夫妻;配偶
China News Service,2024/2/2,离婚了彩礼还不还？最高法新规来了,发于2024.2.5总第1128期《中国新闻周刊》杂志 22岁的孕妇周娜正在考虑与未婚夫退婚的事。 家住贵州某县的她和大两岁的未婚夫在网上相识，恋爱一年后两人订婚。订婚时周娜考虑到男方是单亲家庭且刚买房、装修花费不少，在当地8.8万和12.8万的彩礼标准下，自己做主要了6.8万的彩礼礼金，五金首饰也仅选择了三金。 渐渐地，她发现，每当发生矛盾，男方会以彩礼和三金要挟她，“分开就把彩礼和三金全部退给我，休想吃我家的彩礼”。 一个月前，周娜发现未婚夫疑似出轨，但面对聊天和支付记录，对方一直回避并拒绝沟通，心灰意冷的周娜想分开。一方面，孕中的她还未想好腹中胎儿的去留，上一次流产的生理损伤、心理阴影还伴随着自己；另一方面，她担心还未来得及举办婚礼并作结婚登记，自己收到的彩礼不受法律保护。 当地律师的回复也证实了她的担心。2004年施行的《最高人民法院民法典婚姻家庭编司法解释(一)》 (以下简称《司法解释》)第五条中明确，双方未办理结婚登记手续，双方办理结婚登记手续但确未共同生活及婚前给付并导致给付人生活困难时，当事人申请退还彩礼，法院应予以支持。 “同居期间怀孕流产过一次，男方有背叛行为曾对我家暴，我也不是过错方，凭什么男方要求彩礼全部退还？”周娜并不认可上述《司法解释》。像她这样没有登记结婚或办结婚仪式，但已经共同生活甚至有孕育史，一旦闹分手动辄就被男方要求退还全部彩礼的求助留言在网络上不断涌现。 1月18日，最高法发布的《关于审理涉彩礼纠纷案件适用法律若干问题的规定》(下称《规定》)指出，近年来涉彩礼纠纷出现新情况、新问题，民法典婚姻家庭编解释(一)虽规定了彩礼返还问题，但在法律逻辑上，尚有两种情况未予规定。 当中已经结婚并共同生活时，共同生活时间长短应当作为确定彩礼是否返还以及返还比例的重要考量因素。而未办理结婚登记但已经共同生活，应当根据彩礼实际使用及嫁妆情况，综合考虑共同生活及孕育情况、双方过错等事实，确定是否返还以及返还的具体比例。《规定》自2月1日起施行。 “彩礼本来就是结婚娶老婆的，没结成婚或者闪离，女方肯定要退钱。”24岁的张谦是河南豫东某县农村的男青年，他的邻居大哥正在与结婚一年多就离婚的前妻打彩礼纠纷的官司。 按照当地的习惯，如果男方提出解除婚约，彩礼就等于是对女方的赔偿不能再要回；而若女方提出，就要归还彩礼，以补偿男方变成“二婚”的名誉损失。 张谦说两人已经结婚一年多，且育有一女，离婚一般不再追要彩礼，但邻居大哥订婚时给女方的35万元彩礼礼金在当地是“顶配”，且彩礼留在了女方娘家，“两人的小家又没花，不退不合理”。而且邻居大哥离婚后再娶还得花钱，“本身就欠了一屁股账，不退回来再贷款结婚，对男方太不公平！” 婚姻家庭律师、北京市两高律师事务所律师张荆在接受《中国新闻周刊》采访时表示，2004年的《司法解释》中所说的因为支付彩礼“导致给付人生活困难”，在后来的司法实践中，通常被理解为因无力支付彩礼而借钱举债娶妻，为婚姻倾尽所有但面临婚姻失去维持的可能，且没有实现老百姓对婚姻生儿育女的传统期待时，法律规定应该退还。 张谦把订婚结婚形容为“家庭破产的开始”，即将订婚的他给《中国新闻周刊》算了一笔账，订婚礼金需要16.8万元，五金要花4万余元，60箱至80箱的礼品、烟酒等还要花费约1.5万元，加起来是近23万元的支出。 而到结婚时，结婚礼金至少要给女方20万元。此外，女方觉得男方花了30多万元新盖的楼房不够，要求在县城买一套房子，加上装修还要80多万元。张谦说，这在当地是“标配”。 张谦父母的人生目标就是给儿子娶媳妇，自他出生起，父母就开始为他攒钱。家里的20亩地加上打零工，父母一年收入6万元左右，除去人情往来和必要支出，即使父母省吃俭用，一年也仅仅可以攒下来约5万元。 经济压力让他喘不过气、不敢花钱，临近订婚也不舍得添置新衣服。张谦说自己20岁才开始挣钱，一年攒5万元，“不依靠家里，即使只付买房的首付款，我也要攒到30多岁才能结上婚”。 他认为农村彩礼过重，但是“没招”，村里的“光棍”有四十多个，大多是因为没钱结婚，“女孩少，你不拿钱，谁愿意嫁给你？” 该村一位总管(村管事)也对《中国新闻周刊》直言，农村的很多家庭为儿子娶妻攒了半辈子的钱，还不一定够，借亲戚钱贷款结婚的现象并不罕见。 在经济发达地区，同样有类似的问题。张荆曾代理浙江的一个离婚案件，男方父母白手起家，年轻时吃了很多苦，独子结婚时，先后两次给付女方66万元和88万元的彩礼礼金，希望在儿子的婚礼上告诉所有人，“现在我们的日子好了，体面了”。 女方也不甘示弱，在婚礼仪式上，让司仪公开宣读娘家陪嫁500万元的存折。但两人一年后离婚时，男方发现，前妻500万元的嫁妆钱来自其亲戚的东拼西凑。丈母娘解释说，因为男方家经济比较富裕，女方也不能丢面子，便借亲戚的钱“撑场面”，而这些钱在婚礼当天夜里就陆续退还给亲戚们。 张荆指出，这种借彩礼攀比的风气全国多地都相当普遍，甚至有的地方推出了彩礼贷。 中国的彩礼习俗始于周代《仪礼》的六礼，当中“纳征”是指男方家送聘礼至女方家，意味着婚约正式缔结。 江苏省社会科学院助理研究员胡敬阳指出，彩礼本是一种礼制，通过给付彩礼的公开仪式，男方可以展现自己的经济能力和愿意负担婚姻成本的意愿，女方接受彩礼则付出了不能再与其他人缔结婚姻的机会成本。 近些年来，随着经济社会的发展以及人们物质生活水平的不断提高，以及适婚人口的性别比存在结构性失衡，彩礼的标准不断提高。 多位专家和律师都向《中国新闻周刊》表示，彩礼纠纷的发生和彩礼金额的提高密不可分。张荆认为，早年的彩礼纠纷少主要是因为过去的彩礼金额并不高。 广东方则理律师事务所律师刘胜飞指出，彩礼数额比较大的地区更易发生彩礼纠纷。他举例说，广东广西的彩礼在1万元到3万元间，因为金额较少，离婚后要求返还彩礼的诉讼就相对比较少，但北方尤其是中原地区，彩礼数额比较大，甚至有家庭是负债结婚，一旦结婚的目的落空，随之而来的彩礼纠纷也就更多。 以彩礼为案由在裁判文书网检索发现，截至2024年1月29日，共有176989篇文书，当中河南、安徽、河北、甘肃、山东位居前五位。 国家法官学院教授胡云红面向全国25个省市法官的一份问卷调查也显示，婚约财产返还纠纷数量在地域上呈现西多东少、北多南少的特点。 彩礼纠纷的城乡差异特征也很突出。张荆说，城市的彩礼更多是象征性的，彩礼真正受益人是两个年轻人，结婚后会用在新家庭。两人分手时，如果尚未结婚、处在同居阶段，涉及赠予问题的，向他们说明法律规定后相互返还也都比较痛快，很少会打官司。 而这样爽快返还的背后是因为城市和农村彩礼的受益人不同。在城市，彩礼引发纠纷和退还的主体往往是同一主体，容易决定。而在农村地区，收受彩礼的有可能是女方父母，支付彩礼的则是男方父母，参与的主体从两人变成六人，难以达成共识。 事实上，随着彩礼金额走高，彩礼的用途和去向也更多地被关注。在农村地区，上述村管事告诉《中国新闻周刊》，彩礼给男方带来了沉重的经济负担，对女方来说，是否带回夫家及是否愿意共同偿还债务的决策会为婚姻埋下隐患。 张荆说，一些农村地区重男轻女思想严重，认为嫁出去的闺女、泼出去的水，“我把你养这么大，你必须得要给我同等的回报”。更有甚者，会出现“彩礼置换”，女方父母拿着女儿的彩礼钱给儿子交付彩礼或买房。 因此，彩礼退还纠纷几乎都是男方起诉女方。刘胜飞说，纠纷整体分为两类，大多是没有结婚，分开时男方要求对经济往来进行“结账”；少量是已经结婚但婚后没有在一起生活，或婚龄很短，男方要求退还彩礼礼金、酒席费用。 彩礼纠纷双方在法庭上的处境并不相同。刘胜飞和张荆都表示，在2004年施行的《司法解释》的精神下，男方只要没有达成结婚目的，主张现实与女方承诺的不一致，自己被女方“骗”了，所给付的财物并非彩礼而是女方以各种名目的索取，或强调在婚后女方没有忠于婚姻，或躲在娘家就不回来，“简而言之是不好好过日子”，提交相关支付的证明，退还的诉求基本都会被支持。 而到了女方，则需要证明事实同居，证明可能曾发生过的怀孕、流产等，也需证明彩礼是否用于共同生活的开支，如租房、旅游、消费等。如女方有证据证明共同使用，法官会作相应的扣减。“但问题是很难证明，因为一般人没有保存证据的意识”，刘胜飞说，这往往令她们陷入孤立无援的困境。 张荆观察到，在2004年之后的很长一段时间里，法官所做的主要工作，是在给男女双方之间的金额来往进行定性。江苏某基层法官对《中国新闻周刊》说，区分一般赠予与彩礼的难题随着支付方式的变化令审判更具挑战，如微信及支付宝转账的大额经济往来是基于结婚目的的彩礼还是表达爱意、增进感情的赠送。 河南某地基层法官告诉《中国新闻周刊》，司法实践中，如果彩礼的流向是作为男女双方的生活支出，很难提供证据，对法庭来说，为确定退还比例增加了难度。 家理律师事务所律师高冀弘在去年曾代理过这样一个案件。山西省的王先生与李女士于2019年8月通过社交软件相识，在订婚宴的现场男方当场向女方转账50万元，一年后二人登记结婚，男方家人又给女方转去50万元。 婚后半年左右，女方发现男方出轨，沟通未果后女方便选择与男方分居。时隔半年，女方接到男方起诉离婚的法院传票。由于二人共同生活时间较短，未生育子女，也没有共同财产，男方要求女方返还100万元的彩礼。 在法庭上，男方主张女方借婚姻索取巨额彩礼，自己婚后因交通事故致残，没有工作又无收入来源，依靠父母的经济支持维持日常生活，给付彩礼的行为造成生活困难，并提交了银行汇款凭证、诊断治疗建议书等证据。 李女士则认为男方婚内存在严重过错，与多名女性存在不正当关系，并提供聊天软件记录截屏及微信截图佐证。她说自己虽然收到100万元彩礼，但全部彩礼已用于装修双方共同居住的房屋、购买首饰、举办婚礼、结婚旅行，还有一部分已被王先生支取，现已全部花销完毕。王先生仅认可李女士自行购买了一枚20万元的钻戒，对其他花销均不认可。 最后，法官在判决时指出，王先生身患残疾，医疗等费用的大额支出必然导致今后生活比较困难，为平衡各方利益，李女士虽辩称彩礼已全部花销完毕，但除购买钻戒的费用外，并未提供相应证据证明彩礼的支出情况。法院参考彩礼数额、婚姻存续时间、共同支出情况等因素，依法确定李女士向王先生返还彩礼30万元。 高冀弘告诉《中国新闻周刊》，男方本身无工作，靠父母养活，彩礼的给付方是做生意的父母，实际生活也并不困难。也就是说，并不符合《司法解释》婚前给付并导致给付人生活困难的情形，但法官在判决时会通过运用裁量权平衡双方利益，以示公平。 刘胜飞还特别指出，在司法实践中，如果赠予的“金额足够大”，也会被默认为彩礼，按照司法解释进行判还。据他的经验，“金额足够大”，在南方基本上是1万元起步，在中原地区，以河南为例，大额的标准很低，比如河南省周口市中级人民法院就明确，将彩礼的范围限定为现金或贵重物品500元以上。 河南郑州的赵勤在大她20多岁的离异男子穷追不舍的攻势下，两人恋爱了近三年，期间赵勤两度怀孕并流产，男方为了给赵勤安全感，花费420多万元全款购置了一套房产并签订协议明确该处房产是男方为维持和增进双方感情对女方的赠予，不是以结婚为目的彩礼，且不会以任何形式撤销该赠予。 其后，赵勤发现该男子不仅与前妻不清不楚，甚至和自己的闺蜜也长期暧昧。愤怒之下，不再愿意与男方结婚并提出分手。 男方随后起诉要求退还420万的购房款，即使女方将两人的协议提交至法院，且证实不存在胁迫或者是骗签的情况，但2023年10月底一审时，法院判决协议是以结婚为目的的“彩礼”，如女方不愿结婚，就要退还房产。赵勤不服上诉，二审维持原判。 刘胜飞说，事实上，当前确实存在大的经济往来又不以结婚为目的的男女交往，也不乏男方给女方很多钱就是为了让女方不要求结婚。但司法实践又默认只要是大额金额就是以结婚为目的的彩礼，难以和社会婚恋模式的现实有效衔接，“司法实践不跟上，对很多个案难以做到公平”。 武汉大学法学院教授冉克平也指出，过去《司法解释》对彩礼退还的判决采取的是“全有全无”的方式，“看似公正实则不公”，忽略了具体个案中当事人的过错、男女双方同居时间的长短以及彩礼的实际用途等因素，规定只要满足法定情况彩礼一律返还，属于“彩礼习俗厌恶型”规范，实质上体现了立法者对支付方的同情，在实践中产生了一些不公允的结果，显然有失合理性。 1月18日，最高法发布了关于彩礼的最新《规定》。《规定》明确指出，三种情形反向排除给付财物属于彩礼的范畴，包括一方在节日、生日等有特殊纪念意义时点给付的价值不大的礼物、礼金；一方为表达或者增进感情的日常消费性支出；其他价值不大的财物。 《规定》第五条指出，双方已办理结婚登记且共同生活，离婚时一方请求返还按照习俗给付的彩礼的，人民法院一般不予支持。但是，如果共同生活时间较短且彩礼数额过高的，人民法院可以根据彩礼实际使用及嫁妆情况，综合考虑彩礼数额、共同生活及孕育情况、双方过错等事实，结合当地习俗，确定是否返还以及返还的具体比例。 《规定》第六条明确，双方未办理结婚登记但已共同生活，一方请求返还按照习俗给付的彩礼的，人民法院应当根据彩礼实际使用及嫁妆情况，综合考虑共同生活及孕育情况、双方过错等事实，结合当地习俗，确定是否返还以及返还的具体比例。 在张荆看来，《规定》是顺应当下社会现状、整合了近年来一线法官在具体办案过程中发现的问题的集中反馈。多位律师和法官都认为，《规定》更为细化和具体，便于女方找准为自己辩护的方向，可以更好地维护自身权益，有利于引导律师在诉讼中更针对性准备相关证据。对于法官来说，审判规则变得更为清晰。 不过，长期进行城乡社会观察的武汉大学社会学院教授吕德文对《中国新闻周刊》指出，需要注意的是，不少地方男方需要在婚前赠予女方“三金”，价值不算小，这不属于习俗上的彩礼范畴，但具有彩礼属性，或会给认定带来争议。高冀弘也认为，《规定》虽然区分了彩礼与一般赠予，但彩礼数额的大小如何划分，给付的时间和方式仍有待明确。 自由裁量权的问题也被受访者提及。刘胜飞认为，《规定》中第五、六条会使得法官的裁量空间变得更大，不同地区法官会因为当地经济发展水平和个人的认知差异，出现相互矛盾的判决。 他提到有广州的富家子弟先后向女方给付超300万元的财物，关系破裂男方起诉时，法官认为300多万对男方家庭构成不了太大压力，与普通人家倾全家之力去筹措彩礼的性质不同，因此不构成彩礼。 另外，无论是2004年的《司法解释》，还是今年的《规定》，都很难从根本上解决、遏制层出不穷的彩礼纠纷问题。刘胜飞说，随着彩礼金额的飙升，彩礼中“利”的意味更重，仅靠出台或更新司法解释难以解决。 事实上，随着高额及天价彩礼引起的彩礼纠纷恶性事件和社会矛盾引发关注，越来越多文件出台遏制高价彩礼。2019年以来，中央一号文件数次提出治理天价彩礼、高额彩礼问题。 2020年，民政部印发《关于开展婚俗改革试点工作的指导意见》，并在次年分两批确定了32个全国婚俗改革实验区，涉及22个省市。为了遏制高额甚至天价彩礼，部分地方通过设立专项资金大力推行集体“零彩礼”婚礼、党员干部子女结婚带头“零彩礼”、彩礼问题纳入村干部绩效考核范围等方式进行探索。 冉克平强调，彩礼作为扎根于民间、已经存在数千年的习惯，是先于国家法而存在的特殊的“生活领域”，立法仅能在尊重现有的习俗基础上对其予以合理的规制。只要产生高额彩礼的社会基础仍然存在，试图通过行政手段来调整高额彩礼的效果必定是有限的。 胡敬阳也认为，高价彩礼成为社会以及婚嫁人群的一大痛点，虽然相关法律法规一直在对彩礼进行规制，但彩礼覆盖了传统的婚姻礼俗，包含男女平等、两性婚恋观念，以及民生经济、家庭生活、婚姻幸福各种因素，承担了复杂的社会功能，社会群体难以在彩礼问题上达成共识，彩礼纠纷问题也很难根治。 声明：刊用《中国新闻周刊》稿件务经书面授权 【,6531,https://www.chinanews.com.cn/sh/2024/02-02/10157444.shtml,结婚登记;高价彩礼;天价彩礼;婚姻;结婚;离婚;婚恋;彩礼;婚俗;婚嫁;适婚;婚龄;婚约;恋爱;婚礼;家暴
People.cn,2024/2/2,人民说法｜同居但未登记结婚 彩礼是否应当返还？--社会・法治--人民网,最高人民法院近日发布的《关于审理涉彩礼纠纷案件适用法律若干问题的规定》自2月1日起施行。其中明确，双方未办理结婚登记但已共同生活，一方请求返还按照习俗给付的彩礼的，人民法院应当根据彩礼实际使用及嫁妆情况，综合考虑共同生活及孕育情况、双方过错等事实，结合当地习俗，确定是否返还以及返还的具体比例。 小伟与小莉确立恋爱关系后，小伟家向小莉给付20万元并订婚，双方均认可该20万元系彩礼。后双方发生矛盾解除婚约，直至起诉时亦未办理结婚登记手续。小伟向法院起诉，请求判令小莉返还彩礼20万元。 庭审中，小莉称双方居住在某小区房屋以夫妻名义共同生活一年，彩礼已经在共同生活中消耗。小伟称双方在婚前没有稳定的住所，不认可小莉主张的双方共同居住生活一年的事实。 法院经审理认为，根据已提交的证据，能够认定双方存在共同居住生活事实，故对于小伟的否认本院不予采纳。同时，考虑到婚姻的家庭、情感因素，不能认定双方未能缔结婚姻系完全由一方过错导致。 法院根据案情酌定小莉应返还其收到的彩礼金额的60%部分，即小莉应返还12万元。小莉辩称彩礼已经消耗完毕的意见，依据不足，法院不予采纳。判决作出后，原被告双方均未提起上诉。本案现已生效。 北京市通州区人民法院立案庭(诉讼服务中心)四级法官助理宗宸毅在接受“人民说法”栏目采访时表示，“登记结婚”和“共同生活”，前者为婚姻关系法律上的形式要件，后者为婚姻关系事实上的实质内容。“共同生活”可以不依附于“登记结婚”而作为独立的彩礼给付目的依据。故在双方未办理结婚登记但已共同生活情形中，给付彩礼方请求返还彩礼的，法院应当根据彩礼实际使用、嫁妆情况，综合考虑共同生活及孕育情况、双方过错等事实，结合当地习俗，确定是否返还以及返还的具体比例。 “共同生活时间长短应作为确定彩礼是否返还以及返还比例的重要考量因素。”宗宸毅认为，如果双方未办理结婚登记的，原则上彩礼应当予以返还，但亦不应当忽略共同生活的事实。该事实承载着给付彩礼一方的重要目的，如果仅因未办理结婚登记而要求接受彩礼一方全部返还，有违公平原则。,862,http://society.people.com.cn/n1/2024/0202/c1008-40171995.html,结婚登记;婚姻;结婚;彩礼;婚约;恋爱;夫妻
People.cn,2024/2/2,天津市河北区法官讲师团成立 给“法律明白人”讲明白“彩礼”,“法官，婚前什么样的财物往来能被定义为‘彩礼’呢？”“法官，那些闪婚闪离的情况，用不用返还彩礼？”……新春佳节即将到来，又到了市民走亲访友的高峰期，对于那些即将步入婚姻殿堂的恩爱情侣来说，正是两家坐下来谈谈婚事的好时机，而彩礼就成为不可避免的一个话题。 《最高人民法院关于审理涉彩礼纠纷案件适用法律若干问题的规定》自2024年2月1日起施行，为了让大家能够依法施“礼”，近日，河北区人民法院吴凤侠法官在隆升大厦为江都路街和月牙河街的社区“法律明白人”生动普法，用通俗的语言和鲜活的案例，将关于彩礼的那些事儿讲得明明白白。与此同时，法官讲师团的成员也亲切亮相。 “以前，关于彩礼规定的相关法条并不多，就简单罗列了返还彩礼的三种情形，法官们一般会根据当地风俗习惯和公序良俗进行裁判，这次出的规定都进行了详细的说明。”吴凤侠介绍。同时，她还结合以往的案例生动释法：“有个女孩子还没结婚就到男方家里生活，做家务任劳任怨，后来两个人分手了，男方要求返还彩礼，他们虽然没结婚，但已经共同生活了，这个案子最后以调解方式结案，彩礼部分返还……” “法官，节日送的礼物，能算作彩礼的一部分吗？”“要是刚结婚就离婚的呢？会不会有骗婚的嫌疑，彩礼怎么办？”……讲座结束后，很多“法律明白人”还“意犹未尽”，纷纷围着法官咨询、提问。吴凤侠耐心地给大家一一解答。此外，法官还语重心长地说：“我们审理过很多婚姻家事案件，特别想劝告大家，不论是男方还是女方，都应该自尊自爱，虽然恋爱期间两个人甜甜蜜蜜，但是也应该把握分寸和尺度。同时，更应该增强维权意识，比如，如果以现金的形式交付彩礼，可以邀请第三人在场，一方面沾沾喜气，一旦发生纠纷，也可以做个见证。” 乐山里社区的“法律明白人”孙艳听了法官讲解之后，感觉受益匪浅：“我们以前还真遇到过类似的情况，男女双方恰好都是我们社区的居民，就因为彩礼问题发生了矛盾。听了这堂课，我感觉枯燥的法条变得浅显易懂，以后更能指导我们为居民服务。”,825,http://tj.people.com.cn/n2/2024/0202/c375366-40736192.html,婚姻;结婚;离婚;彩礼;骗婚;闪婚;恋爱;情侣
CCTV,2024/2/3,高额彩礼名声在外 司法如何助力破解“天价彩礼”？,近年来，“天价彩礼”问题频频见诸报端，引发社会热议。动辄几十万元的彩礼，不仅给家庭造成沉重负担，影响新人婚后生活质量，也引发了相互攀比、破坏了社会风气。公众呼吁为爱“减负”的声音日渐高涨。 曾经，福建省龙岩市也深受“天价彩礼”所困。作为客家人在福建的主要聚集地之一，龙岩市有80%的人口是客家人，自古重视婚嫁风俗，彩礼金额也水涨船高。有的县群众把彩礼金额的多少与家族门面的大小画上了等号，当地人调侃：高额彩礼的风俗“名声在外”。 针对这一问题，龙岩法院始终坚持以司法助力破解高额彩礼治理难题，出台了一系列创新举措，取得了积极成效。今年2月1日，《最高人民法院关于审理涉彩礼纠纷案件适用法律若干问题的规定》正式施行，通过明确裁判规则，助力引导人民群众更加理性地看待彩礼问题。 司法如何助力破解“天价彩礼”？记者深入龙岩当地进行调查采访。 “以前村民最怕两件事，一个是因病返贫，另一个就是因婚返贫。”来到福建省龙岩市上杭县才溪镇岭和村，村民听说《法治日报》记者来采访彩礼的事，纷纷围上来说，“大家虽然都知道高额彩礼负担重，但谁也不想第一个把‘行情’降下来，怕没面子”。 如今，在当地法庭指导下，经过党员干部带头，村民自愿将杜绝高额彩礼白纸黑字写进村规民约。 这只是龙岩法院司法助力破解高额彩礼治理难题的一个缩影。 近年来，龙岩法院积极构建“五联四化”诉源治理体系，调动基层法官、人大代表、政协委员、村居干部、调解员等多方主体力量，利用村规民约引导、村居法官调查、司法建议参谋、典型判例示范等举措，有效破解高额彩礼治理难题，为爱“减负”。 “这种高额彩礼背离社会主义核心价值观，是新时代新风尚所应摒弃的陈规陋习……”2023年10月底，龙岩市武平县桃溪镇的两个村委会在同一天分别收到了武平县人民法院发来的司法建议书，建议两村要广泛宣传高额彩礼、炫富比阔、铺张浪费的不正当性和不良后果，同时加强村民代表会议的作用，讨论通过本地婚姻操办具体规范，并将其纳入村规民约。 20多天后，两村均发回反馈意见，明确今后将加强宣传教育引导，发挥群众自治作用，引导村民拒绝高额彩礼，反对攀比之风。 之所以发出司法建议，源于武平法院此前审理的一起因高额彩礼引发的财产纠纷。 桃溪镇甲村的阿强与乙村的小芳经媒人介绍相识，双方按当地习俗订婚并写下“文定吉祥”（一种婚书形式），载明阿强应付聘金39.9万元（实际支付23.9万元），阿强又花1万元购买了定情物。 随后，小芳到阿强家共同生活了一段时间，不久就离家外出务工，拒绝再回阿强家生活。阿强父亲见状，提出解除婚约，并要求其返还聘金。小芳不同意，被阿强一家诉至法院。 “我们一家本来就不富裕，为了娶媳妇已经花光了家里的积蓄，还向亲戚朋友借了钱，既然这个婚结不成了，彩礼钱我们得要回来。”阿强父亲说。 负责案件审理的武平法院桃溪法庭庭长林福生认为，彩礼是订立婚约的男女双方及各自父母以男女双方结婚为目的，在婚约期间向对方给付的聘礼金及贵重礼物。“没有登记结婚的，彩礼应当返还，但返还数额应根据双方当事人是否同居、同居时间长短、解除婚约的原因及当地习俗等因素综合评判。” 最终，法院综合多种因素，酌定小芳返还阿强彩礼20万元。 “近几年，农村里像阿强与小芳这样因高额彩礼引发的婚约财产纠纷还有不少。”案件虽然审完了，林福生却有着更深的思考：一方面，高额彩礼滋生了攀比心理，导致婚姻缺乏真正的感情基础；另一方面，高昂的彩礼让结婚后的生活负担过重，影响了生活质量，甚至会导致家庭破裂，影响社会稳定。 为此，武平法院延伸审判职能，向阿强和小芳所在的村委会发出司法建议。 “桃溪镇所在的武平县北部与长汀县南部、上杭县南部交界，它们都地处客家人聚居的闽西山区，交通比较闭塞、经济相对落后，重视客家文化传承和家族名声，也就把彩礼金额的多少与家族门面的大小画上了等号。”龙岩市中级人民法院研究室副主任汤影华告诉记者。 长汀县妇联妇女儿童活动中心主任刘月仙在接受采访时也打趣道：当地高额彩礼的风俗早已“名声在外”了。 去年，刘月仙朋友的女儿要定亲，男方家是外地的。等到双方家长见面讨论孩子婚事，男方家长第一句话就是：“听说长汀的女孩子很‘贵’啊！” “其实对方并没有恶意，但听起来就感觉女方家像在‘卖女儿’一样，婚嫁也就变了味。”刘月仙说。 长汀县人民法院民事审判庭庭长邱日鑫在基层法庭工作多年，在他看来，前几年，闽西部分地区高额彩礼的风俗与当地客家人的生活习俗密不可分。“根据客家人的传统，嫁女儿时收了聘金礼，女儿出嫁后就可以不用再管娘家的任何事，相当于一次性把赡养义务‘买断’了。而如果没有收取聘金礼，娘家的事女儿还得照管。” 此外，客家人婚嫁有写婚书的风俗，上面会写明聘金数额，亲戚好友都能看到，金额写得越高，两家人就越有面子。“但实际上男方不一定给这么多，多半是私下打个欠条，而女方家也很少去讨这个债。”邱日鑫说。 不管是一次性“买断”赡养义务，还是在婚书上抬高彩礼金额博个面子，高额彩礼都是一种不良的传统风俗，违背了彩礼的初衷。 去年12月11日，最高人民法院联合民政部、全国妇联举行“推进移风易俗 治理高额彩礼”新闻发布会，强调高额彩礼不仅使给付方家庭背上了沉重的经济负担，也给婚姻稳定埋下隐患，不利于社会文明风尚的弘扬。 2021年以来，“中央一号文件”连续三年对治理高额彩礼、移风易俗提出工作要求。 而在这方面，上杭县人民法院才溪法庭将工作做在了前头。才溪法庭管辖范围涉6个乡镇、17万人口，高额彩礼之风盛行的南阳镇就在其辖区。 2017年，《龙岩市进一步推进移风易俗工作实施办法（试行）》出台，明确在全市范围内革除婚嫁“天价”彩礼陋习。 为树立新风正气，才溪法庭以日常联络、巡回审判、随案随访等形式密切联络各村，调查乡风民俗，掌握村情民意，逐条审查辖区6个乡镇90个行政村的村规民约，因地制宜提出14条修改和指导意见，指导46个村将“倡导聘金彩礼不超过5万元，随礼不超过300元”纳入到村规民约中。 在才溪法庭指导下，才溪镇岭和村打破传统，成为第一批将“全体村民抵制婚嫁陋习，杜绝‘天价彩礼’”写进村规民约的村。 不久后，原才溪镇副镇长、岭和村人李云修带头践行新的村规民约，女儿订婚时只收了5万元聘金，在当地引起了不小的反响。 岭和村顺利修改村规民约后，作为乡镇人大代表的王昌玉又提出建议，推动这一做法在全镇推广。目前，才溪镇的14个村均已将彩礼金额、随礼数额明确纳入村规民约中。 “彩礼是婚俗还是陋俗，主要是看‘数’与‘度’。村规民约有定数，老百姓心中就‘有谱’。”才溪法庭庭长张静介绍说。 而在办理彩礼纠纷案件过程中，才溪法庭也用“活”村规民约，将法言法语变成“乡言乡话”，促进彩礼纠纷妥善化解。 南阳镇某村的小建与小兰经人介绍相识，为了与小兰结婚，小建在自身家庭经济较困难的情况下给了小兰23万元彩礼。但二人结婚不到一年，小兰就因精神异常住院治疗。小建发现小兰婚前就患有精神疾病的事实后，起诉至才溪法庭，请求撤销婚姻并返还彩礼。 此前，该村村规民约采纳了才溪法庭的建议意见，加入了“聘金彩礼不超过5万元”的条款。 “案件受理后，我们援引该村规民约条款，并说明村规民约制定初衷，阐释民法典相关规定，弱化了双方争议，最终促成小兰家人同意在扣除筹办婚礼等花费后，将部分彩礼返还，妥善化解了纠纷，也在当地起到了以案释法的作用。”张静说。 记者在采访中了解到，虽然龙岩高额彩礼之风盛行，但并不是所有地区都背负着天价彩礼的“枷锁”。 “以武平县为例，武北地区的几个乡镇聘金数额少则二十多万，多则四五十万，而县城和周边的几个乡镇几乎是零彩礼，或者只需要给几千元意思一下。”武平县人民法院立案庭庭长林慕升告诉记者。 据他介绍，城厢镇梁野社区地处武平县城郊，其中的幸福里小区是造福工程集中安置小区，有40%以上的居民从经济落后的武北地区迁来，而紧邻它的金岸佳园小区也有50%的居民来自武北。 “作为挂钩梁野社区的村居法官，我经常到小区里和居民聊天。每当聊到子女的婚事时，大家都对武北的高额彩礼风俗连连摇头。”林慕升说。 了解到这一民情，林慕升与梁野社区党支部书记兰欣一起化身“法律服务员”，积极宣传婚嫁新风尚，并用法院办理的典型案例告诉居民，高额彩礼并不是保障家庭幸福的秘籍，反而可能成为矛盾纠纷的导火索。 “这些来自武北的居民听得多了，见得多了，渐渐被当地低价彩礼的风俗给同化了。”兰欣说，住在金岸佳园的王阿姨几年前从武北的桃溪镇搬来，在武北时，她儿子结婚给了女方20万元的彩礼，而前阵子她女儿结婚，只收了对方3.9万元的彩礼。 破解高额彩礼难题，除了考虑到高额彩礼负担对男方生活的影响，也要考虑到妇女合法权益的保障。 聚焦妇女权益保护，最高法新出的《规定》明确，要考虑到女性在妊娠、分娩、抚育子女等方面的付出，并以此作为酌情减少彩礼返还甚至不予返还的考量因素。而从2019年开始，长汀法院河田法庭就已经通过办理一系列彩礼纠纷案件，妥善平衡双方利益。 长汀县某村的阿明与小红订婚时约定聘金礼16万元，双方领取了结婚证书，阿明向小红家支付聘金礼12万元，余款打了欠条。 婚后不久，小红生下一子，但不幸夭折，小红也在生产后割掉了一根输卵管。为此，阿明与小红经常发生争执，感情破裂，最终经调解离婚。 离婚后，阿明向小红主张返还结婚时支付的聘金，小红则不同意返还，阿明就在村里大肆宣扬小红无法再生育的消息，并将小红诉至长汀法院河田法庭要求返还聘金。法院在受理该案后，没有支持男方诉讼请求。 “我们经过调查走访，发现阿明一家不存在因支付彩礼导致困难的情形，且二人结婚时间虽然不长，但小红怀孕后对身体造成不可逆的伤害，又在阿明的‘广而告之’下影响了其今后生活。综合考量这些因素，我们依法驳回了阿明的诉讼请求。”邱日鑫说。 该案判决前后，河田法庭又办理了几起类似彩礼纠纷，均作出不返还或仅返还部分彩礼的判决。 “判决生效后，我们还与司法所、派出所及部分村委就聘金彩礼事宜开展了多次座谈，并通过法院判决、调解的典型案例为今后此类纠纷的调解提供了思路。”邱日鑫说，此后两年多的时间里，河田法庭辖区未再收到类似彩礼纠纷的案件。而其他辖区发生的类似案件，也以此为标准，大部分能自行解决。,4186,https://news.cctv.com/2024/02/03/ARTIiQl3upeqFLObDapC3Kvd240203.shtml,天价彩礼;婚姻;结婚;离婚;彩礼;婚俗;婚嫁;婚约;婚礼
China News Service,2024/2/3,福建龙岩法院坚持以司法助力破解高额彩礼治理难题,龙岩法院坚持以司法助力破解高额彩礼治理难题 近年来，“天价彩礼”问题频频见诸报端，引发社会热议。动辄几十万元的彩礼，不仅给家庭造成沉重负担，影响新人婚后生活质量，也引发了相互攀比、破坏了社会风气。公众呼吁为爱“减负”的声音日渐高涨。 曾经，福建省龙岩市也深受“天价彩礼”所困。作为客家人在福建的主要聚集地之一，龙岩市有80%的人口是客家人，自古重视婚嫁风俗，彩礼金额也水涨船高。有的县群众把彩礼金额的多少与家族门面的大小画上了等号，当地人调侃：高额彩礼的风俗“名声在外”。 针对这一问题，龙岩法院始终坚持以司法助力破解高额彩礼治理难题，出台了一系列创新举措，取得了积极成效。今年2月1日，《最高人民法院关于审理涉彩礼纠纷案件适用法律若干问题的规定》正式施行，通过明确裁判规则，助力引导人民群众更加理性地看待彩礼问题。 司法如何助力破解“天价彩礼”？记者深入龙岩当地进行调查采访。 “以前村民最怕两件事，一个是因病返贫，另一个就是因婚返贫。”来到福建省龙岩市上杭县才溪镇岭和村，村民听说《法治日报》记者来采访彩礼的事，纷纷围上来说，“大家虽然都知道高额彩礼负担重，但谁也不想第一个把‘行情’降下来，怕没面子”。 如今，在当地法庭指导下，经过党员干部带头，村民自愿将杜绝高额彩礼白纸黑字写进村规民约。 这只是龙岩法院司法助力破解高额彩礼治理难题的一个缩影。 近年来，龙岩法院积极构建“五联四化”诉源治理体系，调动基层法官、人大代表、政协委员、村居干部、调解员等多方主体力量，利用村规民约引导、村居法官调查、司法建议参谋、典型判例示范等举措，有效破解高额彩礼治理难题，为爱“减负”。 “这种高额彩礼背离社会主义核心价值观，是新时代新风尚所应摒弃的陈规陋习……”2023年10月底，龙岩市武平县桃溪镇的两个村委会在同一天分别收到了武平县人民法院发来的司法建议书，建议两村要广泛宣传高额彩礼、炫富比阔、铺张浪费的不正当性和不良后果，同时加强村民代表会议的作用，讨论通过本地婚姻操办具体规范，并将其纳入村规民约。 20多天后，两村均发回反馈意见，明确今后将加强宣传教育引导，发挥群众自治作用，引导村民拒绝高额彩礼，反对攀比之风。 之所以发出司法建议，源于武平法院此前审理的一起因高额彩礼引发的财产纠纷。 桃溪镇甲村的阿强与乙村的小芳经媒人介绍相识，双方按当地习俗订婚并写下“文定吉祥”(一种婚书形式)，载明阿强应付聘金39.9万元(实际支付23.9万元)，阿强又花1万元购买了定情物。 随后，小芳到阿强家共同生活了一段时间，不久就离家外出务工，拒绝再回阿强家生活。阿强父亲见状，提出解除婚约，并要求其返还聘金。小芳不同意，被阿强一家诉至法院。 “我们一家本来就不富裕，为了娶媳妇已经花光了家里的积蓄，还向亲戚朋友借了钱，既然这个婚结不成了，彩礼钱我们得要回来。”阿强父亲说。 负责案件审理的武平法院桃溪法庭庭长林福生认为，彩礼是订立婚约的男女双方及各自父母以男女双方结婚为目的，在婚约期间向对方给付的聘礼金及贵重礼物。“没有登记结婚的，彩礼应当返还，但返还数额应根据双方当事人是否同居、同居时间长短、解除婚约的原因及当地习俗等因素综合评判。” 最终，法院综合多种因素，酌定小芳返还阿强彩礼20万元。 “近几年，农村里像阿强与小芳这样因高额彩礼引发的婚约财产纠纷还有不少。”案件虽然审完了，林福生却有着更深的思考：一方面，高额彩礼滋生了攀比心理，导致婚姻缺乏真正的感情基础；另一方面，高昂的彩礼让结婚后的生活负担过重，影响了生活质量，甚至会导致家庭破裂，影响社会稳定。 为此，武平法院延伸审判职能，向阿强和小芳所在的村委会发出司法建议。 “桃溪镇所在的武平县北部与长汀县南部、上杭县南部交界，它们都地处客家人聚居的闽西山区，交通比较闭塞、经济相对落后，重视客家文化传承和家族名声，也就把彩礼金额的多少与家族门面的大小画上了等号。”龙岩市中级人民法院研究室副主任汤影华告诉记者。 长汀县妇联妇女儿童活动中心主任刘月仙在接受采访时也打趣道：当地高额彩礼的风俗早已“名声在外”了。 去年，刘月仙朋友的女儿要定亲，男方家是外地的。等到双方家长见面讨论孩子婚事，男方家长第一句话就是：“听说长汀的女孩子很‘贵’啊！” “其实对方并没有恶意，但听起来就感觉女方家像在‘卖女儿’一样，婚嫁也就变了味。”刘月仙说。 长汀县人民法院民事审判庭庭长邱日鑫在基层法庭工作多年，在他看来，前几年，闽西部分地区高额彩礼的风俗与当地客家人的生活习俗密不可分。“根据客家人的传统，嫁女儿时收了聘金礼，女儿出嫁后就可以不用再管娘家的任何事，相当于一次性把赡养义务‘买断’了。而如果没有收取聘金礼，娘家的事女儿还得照管。” 此外，客家人婚嫁有写婚书的风俗，上面会写明聘金数额，亲戚好友都能看到，金额写得越高，两家人就越有面子。“但实际上男方不一定给这么多，多半是私下打个欠条，而女方家也很少去讨这个债。”邱日鑫说。 不管是一次性“买断”赡养义务，还是在婚书上抬高彩礼金额博个面子，高额彩礼都是一种不良的传统风俗，违背了彩礼的初衷。 去年12月11日，最高人民法院联合民政部、全国妇联举行“推进移风易俗 治理高额彩礼”新闻发布会，强调高额彩礼不仅使给付方家庭背上了沉重的经济负担，也给婚姻稳定埋下隐患，不利于社会文明风尚的弘扬。 2021年以来，“中央一号文件”连续三年对治理高额彩礼、移风易俗提出工作要求。 而在这方面，上杭县人民法院才溪法庭将工作做在了前头。才溪法庭管辖范围涉6个乡镇、17万人口，高额彩礼之风盛行的南阳镇就在其辖区。 2017年，《龙岩市进一步推进移风易俗工作实施办法(试行)》出台，明确在全市范围内革除婚嫁“天价”彩礼陋习。 为树立新风正气，才溪法庭以日常联络、巡回审判、随案随访等形式密切联络各村，调查乡风民俗，掌握村情民意，逐条审查辖区6个乡镇90个行政村的村规民约，因地制宜提出14条修改和指导意见，指导46个村将“倡导聘金彩礼不超过5万元，随礼不超过300元”纳入到村规民约中。 在才溪法庭指导下，才溪镇岭和村打破传统，成为第一批将“全体村民抵制婚嫁陋习，杜绝‘天价彩礼’”写进村规民约的村。 不久后，原才溪镇副镇长、岭和村人李云修带头践行新的村规民约，女儿订婚时只收了5万元聘金，在当地引起了不小的反响。 岭和村顺利修改村规民约后，作为乡镇人大代表的王昌玉又提出建议，推动这一做法在全镇推广。目前，才溪镇的14个村均已将彩礼金额、随礼数额明确纳入村规民约中。 “彩礼是婚俗还是陋俗，主要是看‘数’与‘度’。村规民约有定数，老百姓心中就‘有谱’。”才溪法庭庭长张静介绍说。 而在办理彩礼纠纷案件过程中，才溪法庭也用“活”村规民约，将法言法语变成“乡言乡话”，促进彩礼纠纷妥善化解。 南阳镇某村的小建与小兰经人介绍相识，为了与小兰结婚，小建在自身家庭经济较困难的情况下给了小兰23万元彩礼。但二人结婚不到一年，小兰就因精神异常住院治疗。小建发现小兰婚前就患有精神疾病的事实后，起诉至才溪法庭，请求撤销婚姻并返还彩礼。 此前，该村村规民约采纳了才溪法庭的建议意见，加入了“聘金彩礼不超过5万元”的条款。 “案件受理后，我们援引该村规民约条款，并说明村规民约制定初衷，阐释民法典相关规定，弱化了双方争议，最终促成小兰家人同意在扣除筹办婚礼等花费后，将部分彩礼返还，妥善化解了纠纷，也在当地起到了以案释法的作用。”张静说。 记者在采访中了解到，虽然龙岩高额彩礼之风盛行，但并不是所有地区都背负着天价彩礼的“枷锁”。 “以武平县为例，武北地区的几个乡镇聘金数额少则二十多万，多则四五十万，而县城和周边的几个乡镇几乎是零彩礼，或者只需要给几千元意思一下。”武平县人民法院立案庭庭长林慕升告诉记者。 据他介绍，城厢镇梁野社区地处武平县城郊，其中的幸福里小区是造福工程集中安置小区，有40%以上的居民从经济落后的武北地区迁来，而紧邻它的金岸佳园小区也有50%的居民来自武北。 “作为挂钩梁野社区的村居法官，我经常到小区里和居民聊天。每当聊到子女的婚事时，大家都对武北的高额彩礼风俗连连摇头。”林慕升说。 了解到这一民情，林慕升与梁野社区党支部书记兰欣一起化身“法律服务员”，积极宣传婚嫁新风尚，并用法院办理的典型案例告诉居民，高额彩礼并不是保障家庭幸福的秘籍，反而可能成为矛盾纠纷的导火索。 “这些来自武北的居民听得多了，见得多了，渐渐被当地低价彩礼的风俗给同化了。”兰欣说，住在金岸佳园的王阿姨几年前从武北的桃溪镇搬来，在武北时，她儿子结婚给了女方20万元的彩礼，而前阵子她女儿结婚，只收了对方3.9万元的彩礼。 破解高额彩礼难题，除了考虑到高额彩礼负担对男方生活的影响，也要考虑到妇女合法权益的保障。 聚焦妇女权益保护，最高法新出的《规定》明确，要考虑到女性在妊娠、分娩、抚育子女等方面的付出，并以此作为酌情减少彩礼返还甚至不予返还的考量因素。而从2019年开始，长汀法院河田法庭就已经通过办理一系列彩礼纠纷案件，妥善平衡双方利益。 长汀县某村的阿明与小红订婚时约定聘金礼16万元，双方领取了结婚证书，阿明向小红家支付聘金礼12万元，余款打了欠条。 婚后不久，小红生下一子，但不幸夭折，小红也在生产后割掉了一根输卵管。为此，阿明与小红经常发生争执，感情破裂，最终经调解离婚。 离婚后，阿明向小红主张返还结婚时支付的聘金，小红则不同意返还，阿明就在村里大肆宣扬小红无法再生育的消息，并将小红诉至长汀法院河田法庭要求返还聘金。法院在受理该案后，没有支持男方诉讼请求。 “我们经过调查走访，发现阿明一家不存在因支付彩礼导致困难的情形，且二人结婚时间虽然不长，但小红怀孕后对身体造成不可逆的伤害，又在阿明的‘广而告之’下影响了其今后生活。综合考量这些因素，我们依法驳回了阿明的诉讼请求。”邱日鑫说。 该案判决前后，河田法庭又办理了几起类似彩礼纠纷，均作出不返还或仅返还部分彩礼的判决。 “判决生效后，我们还与司法所、派出所及部分村委就聘金彩礼事宜开展了多次座谈，并通过法院判决、调解的典型案例为今后此类纠纷的调解提供了思路。”邱日鑫说，此后两年多的时间里，河田法庭辖区未再收到类似彩礼纠纷的案件。而其他辖区发生的类似案件，也以此为标准，大部分能自行解决。(法治日报 文中案例当事人均为化名) 【,4228,https://www.chinanews.com.cn/gn/2024/02-03/10157992.shtml,天价彩礼;婚姻;结婚;离婚;彩礼;婚俗;婚嫁;婚约;婚礼
People.cn,2024/2/3,倡导彩礼不超5万随礼不过300--社会・法治--人民网,近年来，“天价彩礼”问题频频见诸报端，引发社会热议。动辄几十万元的彩礼，不仅给家庭造成沉重负担，影响新人婚后生活质量，也引发了相互攀比、破坏了社会风气。公众呼吁为爱“减负”的声音日渐高涨。 曾经，福建省龙岩市也深受“天价彩礼”所困。作为客家人在福建的主要聚集地之一，龙岩市有80%的人口是客家人，自古重视婚嫁风俗，彩礼金额也水涨船高。有的县群众把彩礼金额的多少与家族门面的大小画上了等号，当地人调侃：高额彩礼的风俗“名声在外”。 针对这一问题，龙岩法院始终坚持以司法助力破解高额彩礼治理难题，出台了一系列创新举措，取得了积极成效。今年2月1日，《最高人民法院关于审理涉彩礼纠纷案件适用法律若干问题的规定》正式施行，通过明确裁判规则，助力引导人民群众更加理性地看待彩礼问题。 司法如何助力破解“天价彩礼”？记者深入龙岩当地进行调查采访。 “以前村民最怕两件事，一个是因病返贫，另一个就是因婚返贫。”来到福建省龙岩市上杭县才溪镇岭和村，村民听说《法治日报》记者来采访彩礼的事，纷纷围上来说，“大家虽然都知道高额彩礼负担重，但谁也不想第一个把‘行情’降下来，怕没面子”。 如今，在当地法庭指导下，经过党员干部带头，村民自愿将杜绝高额彩礼白纸黑字写进村规民约。 这只是龙岩法院司法助力破解高额彩礼治理难题的一个缩影。 近年来，龙岩法院积极构建“五联四化”诉源治理体系，调动基层法官、人大代表、政协委员、村居干部、调解员等多方主体力量，利用村规民约引导、村居法官调查、司法建议参谋、典型判例示范等举措，有效破解高额彩礼治理难题，为爱“减负”。 “这种高额彩礼背离社会主义核心价值观，是新时代新风尚所应摒弃的陈规陋习……”2023年10月底，龙岩市武平县桃溪镇的两个村委会在同一天分别收到了武平县人民法院发来的司法建议书，建议两村要广泛宣传高额彩礼、炫富比阔、铺张浪费的不正当性和不良后果，同时加强村民代表会议的作用，讨论通过本地婚姻操办具体规范，并将其纳入村规民约。 20多天后，两村均发回反馈意见，明确今后将加强宣传教育引导，发挥群众自治作用，引导村民拒绝高额彩礼，反对攀比之风。 之所以发出司法建议，源于武平法院此前审理的一起因高额彩礼引发的财产纠纷。 桃溪镇甲村的阿强与乙村的小芳经媒人介绍相识，双方按当地习俗订婚并写下“文定吉祥”（一种婚书形式），载明阿强应付聘金39.9万元（实际支付23.9万元），阿强又花1万元购买了定情物。 随后，小芳到阿强家共同生活了一段时间，不久就离家外出务工，拒绝再回阿强家生活。阿强父亲见状，提出解除婚约，并要求其返还聘金。小芳不同意，被阿强一家诉至法院。 “我们一家本来就不富裕，为了娶媳妇已经花光了家里的积蓄，还向亲戚朋友借了钱，既然这个婚结不成了，彩礼钱我们得要回来。”阿强父亲说。 负责案件审理的武平法院桃溪法庭庭长林福生认为，彩礼是订立婚约的男女双方及各自父母以男女双方结婚为目的，在婚约期间向对方给付的聘礼金及贵重礼物。“没有登记结婚的，彩礼应当返还，但返还数额应根据双方当事人是否同居、同居时间长短、解除婚约的原因及当地习俗等因素综合评判。” 最终，法院综合多种因素，酌定小芳返还阿强彩礼20万元。 “近几年，农村里像阿强与小芳这样因高额彩礼引发的婚约财产纠纷还有不少。”案件虽然审完了，林福生却有着更深的思考：一方面，高额彩礼滋生了攀比心理，导致婚姻缺乏真正的感情基础；另一方面，高昂的彩礼让结婚后的生活负担过重，影响了生活质量，甚至会导致家庭破裂，影响社会稳定。 为此，武平法院延伸审判职能，向阿强和小芳所在的村委会发出司法建议。 “桃溪镇所在的武平县北部与长汀县南部、上杭县南部交界，它们都地处客家人聚居的闽西山区，交通比较闭塞、经济相对落后，重视客家文化传承和家族名声，也就把彩礼金额的多少与家族门面的大小画上了等号。”龙岩市中级人民法院研究室副主任汤影华告诉记者。 长汀县妇联妇女儿童活动中心主任刘月仙在接受采访时也打趣道：当地高额彩礼的风俗早已“名声在外”了。 去年，刘月仙朋友的女儿要定亲，男方家是外地的。等到双方家长见面讨论孩子婚事，男方家长第一句话就是：“听说长汀的女孩子很‘贵’啊！” “其实对方并没有恶意，但听起来就感觉女方家像在‘卖女儿’一样，婚嫁也就变了味。”刘月仙说。 长汀县人民法院民事审判庭庭长邱日鑫在基层法庭工作多年，在他看来，前几年，闽西部分地区高额彩礼的风俗与当地客家人的生活习俗密不可分。“根据客家人的传统，嫁女儿时收了聘金礼，女儿出嫁后就可以不用再管娘家的任何事，相当于一次性把赡养义务‘买断’了。而如果没有收取聘金礼，娘家的事女儿还得照管。” 此外，客家人婚嫁有写婚书的风俗，上面会写明聘金数额，亲戚好友都能看到，金额写得越高，两家人就越有面子。“但实际上男方不一定给这么多，多半是私下打个欠条，而女方家也很少去讨这个债。”邱日鑫说。 不管是一次性“买断”赡养义务，还是在婚书上抬高彩礼金额博个面子，高额彩礼都是一种不良的传统风俗，违背了彩礼的初衷。 去年12月11日，最高人民法院联合民政部、全国妇联举行“推进移风易俗 治理高额彩礼”新闻发布会，强调高额彩礼不仅使给付方家庭背上了沉重的经济负担，也给婚姻稳定埋下隐患，不利于社会文明风尚的弘扬。 2021年以来，“中央一号文件”连续三年对治理高额彩礼、移风易俗提出工作要求。 而在这方面，上杭县人民法院才溪法庭将工作做在了前头。才溪法庭管辖范围涉6个乡镇、17万人口，高额彩礼之风盛行的南阳镇就在其辖区。 2017年，《龙岩市进一步推进移风易俗工作实施办法（试行）》出台，明确在全市范围内革除婚嫁“天价”彩礼陋习。 为树立新风正气，才溪法庭以日常联络、巡回审判、随案随访等形式密切联络各村，调查乡风民俗，掌握村情民意，逐条审查辖区6个乡镇90个行政村的村规民约，因地制宜提出14条修改和指导意见，指导46个村将“倡导聘金彩礼不超过5万元，随礼不超过300元”纳入到村规民约中。 在才溪法庭指导下，才溪镇岭和村打破传统，成为第一批将“全体村民抵制婚嫁陋习，杜绝‘天价彩礼’”写进村规民约的村。 不久后，原才溪镇副镇长、岭和村人李云修带头践行新的村规民约，女儿订婚时只收了5万元聘金，在当地引起了不小的反响。 岭和村顺利修改村规民约后，作为乡镇人大代表的王昌玉又提出建议，推动这一做法在全镇推广。目前，才溪镇的14个村均已将彩礼金额、随礼数额明确纳入村规民约中。 “彩礼是婚俗还是陋俗，主要是看‘数’与‘度’。村规民约有定数，老百姓心中就‘有谱’。”才溪法庭庭长张静介绍说。 而在办理彩礼纠纷案件过程中，才溪法庭也用“活”村规民约，将法言法语变成“乡言乡话”，促进彩礼纠纷妥善化解。 南阳镇某村的小建与小兰经人介绍相识，为了与小兰结婚，小建在自身家庭经济较困难的情况下给了小兰23万元彩礼。但二人结婚不到一年，小兰就因精神异常住院治疗。小建发现小兰婚前就患有精神疾病的事实后，起诉至才溪法庭，请求撤销婚姻并返还彩礼。 此前，该村村规民约采纳了才溪法庭的建议意见，加入了“聘金彩礼不超过5万元”的条款。 “案件受理后，我们援引该村规民约条款，并说明村规民约制定初衷，阐释民法典相关规定，弱化了双方争议，最终促成小兰家人同意在扣除筹办婚礼等花费后，将部分彩礼返还，妥善化解了纠纷，也在当地起到了以案释法的作用。”张静说。 记者在采访中了解到，虽然龙岩高额彩礼之风盛行，但并不是所有地区都背负着天价彩礼的“枷锁”。 “以武平县为例，武北地区的几个乡镇聘金数额少则二十多万，多则四五十万，而县城和周边的几个乡镇几乎是零彩礼，或者只需要给几千元意思一下。”武平县人民法院立案庭庭长林慕升告诉记者。 据他介绍，城厢镇梁野社区地处武平县城郊，其中的幸福里小区是造福工程集中安置小区，有40%以上的居民从经济落后的武北地区迁来，而紧邻它的金岸佳园小区也有50%的居民来自武北。 “作为挂钩梁野社区的村居法官，我经常到小区里和居民聊天。每当聊到子女的婚事时，大家都对武北的高额彩礼风俗连连摇头。”林慕升说。 了解到这一民情，林慕升与梁野社区党支部书记兰欣一起化身“法律服务员”，积极宣传婚嫁新风尚，并用法院办理的典型案例告诉居民，高额彩礼并不是保障家庭幸福的秘籍，反而可能成为矛盾纠纷的导火索。 “这些来自武北的居民听得多了，见得多了，渐渐被当地低价彩礼的风俗给同化了。”兰欣说，住在金岸佳园的王阿姨几年前从武北的桃溪镇搬来，在武北时，她儿子结婚给了女方20万元的彩礼，而前阵子她女儿结婚，只收了对方3.9万元的彩礼。 破解高额彩礼难题，除了考虑到高额彩礼负担对男方生活的影响，也要考虑到妇女合法权益的保障。 聚焦妇女权益保护，最高法新出的《规定》明确，要考虑到女性在妊娠、分娩、抚育子女等方面的付出，并以此作为酌情减少彩礼返还甚至不予返还的考量因素。而从2019年开始，长汀法院河田法庭就已经通过办理一系列彩礼纠纷案件，妥善平衡双方利益。 长汀县某村的阿明与小红订婚时约定聘金礼16万元，双方领取了结婚证书，阿明向小红家支付聘金礼12万元，余款打了欠条。 婚后不久，小红生下一子，但不幸夭折，小红也在生产后割掉了一根输卵管。为此，阿明与小红经常发生争执，感情破裂，最终经调解离婚。 离婚后，阿明向小红主张返还结婚时支付的聘金，小红则不同意返还，阿明就在村里大肆宣扬小红无法再生育的消息，并将小红诉至长汀法院河田法庭要求返还聘金。法院在受理该案后，没有支持男方诉讼请求。 “我们经过调查走访，发现阿明一家不存在因支付彩礼导致困难的情形，且二人结婚时间虽然不长，但小红怀孕后对身体造成不可逆的伤害，又在阿明的‘广而告之’下影响了其今后生活。综合考量这些因素，我们依法驳回了阿明的诉讼请求。”邱日鑫说。 该案判决前后，河田法庭又办理了几起类似彩礼纠纷，均作出不返还或仅返还部分彩礼的判决。 “判决生效后，我们还与司法所、派出所及部分村委就聘金彩礼事宜开展了多次座谈，并通过法院判决、调解的典型案例为今后此类纠纷的调解提供了思路。”邱日鑫说，此后两年多的时间里，河田法庭辖区未再收到类似彩礼纠纷的案件。而其他辖区发生的类似案件，也以此为标准，大部分能自行解决。 （法治日报记者王莹，文中案例当事人均为化名）,4209,http://society.people.com.cn/n1/2024/0203/c1008-40172355.html,天价彩礼;婚姻;结婚;离婚;彩礼;婚俗;婚嫁;婚约;婚礼
China News Service,2024/2/4,中国官方再谈治理高额彩礼等问题,中新社 北京2月4日电 (记者 阮煜琳)中央财经委员会办公室分管日常工作的副主任、中央农村工作领导小组办公室主任韩文秀4日在国务院新闻办公室举行的新闻发布会上表示，要综合治理高额彩礼、大操大办等突出问题，扎实推进移风易俗，革除陋习，培育农村文明新风尚。 现阶段中国乡村正在发生重大变迁，包括人口总量和结构、生产生活方式、思想文化观念、传统乡土秩序等方面都在发生深刻的变化，这对乡村治理体系和治理能力现代化提出了新的要求。 韩文秀说，农业农村现代化同样是物质文明和精神文明相协调的现代化，要坚持疏堵结合、标本兼治，两手抓、两手硬。一方面，要做好优质精神文化产品的供给，繁荣发展乡村文化，加强乡村优秀传统文化保护传承和创新发展。另一方面，要重点整治农村不良风俗。有的地方红白喜事大操大办，农民人情负担沉重，苦不堪言。 今年中央一号文件要求， 持续推进农村移风易俗。坚持疏堵结合、标本兼治，创新移风易俗抓手载体，发挥村民自治作用，强化村规民约激励约束功能，持续推进高额彩礼、大操大办、散埋乱葬等突出问题综合治理。韩文秀表示，要扎实推进移风易俗，为农民群众提供更便利的社会服务，发挥村民自治作用，强化村规民约的激励约束功能，革除陋习，培育农村文明新风尚。 “这几年，一些地方搞的村超、村晚等很受欢迎，今年春节各地安排了很多丰富多彩的活动，要坚持农民唱主角，让群众性文体活动越办越红火。”韩文秀说。(完) 【,599,https://www.chinanews.com.cn/gn/2024/02-04/10158952.shtml,彩礼
People.cn,2024/2/5,伊通满族自治县人民法院：情侣借贷要留意 爱情不是法外地,近日，伊通法院大孤山法庭就接到了这样一起案件：原告王某出生于2001年，在上大学期间结识了2002年出生的顾某，因双方年龄相仿、爱好相似，二人很快就发展成了恋人关系。经过一段时间甜蜜的相处，王某发现顾某性格浮躁，经常用各种理由向自己借钱，当自己也没有钱借给顾某后，顾某就要求她去某某贷等网贷平台上贷款借给顾某挥霍。2021年4月，经王某与顾某共同统计，共欠各网贷平台本息合计17000元整，为此顾某向王某出具欠条，载明顾某于2021年4月向王某借款17000元，月利率2%，于2021年10月15日前还清欠款，如不能归还，顾某愿承担一切法律责任。 承办法官在了解到这一情况后，立即电话联系了顾某，但顾某声称自己还过王某钱，王某诉请的金额不对，且这笔钱是在双方恋爱期间发生的，应该认定为恋爱经费，自己不应还款，而且目前自己不在伊通，无法配合法庭调查。法庭法官见顾某抵触情绪明显且拒不配合法庭工作，为维护原告王某的合法权益不受侵害，法官立即向顾某电话送达开庭传票等开庭手续，告知其逾期未到庭参加庭审即视为自动放弃答辩权利，法庭将依法缺席审判，由此产生的不利后果需由顾某自行承担。 开庭当日，王某的委托诉讼代理人赵律师与顾某到庭，经法官释法明理，双方当事人同意诉前调解，经过一番质证，确定原、被告双方还有16000元的欠款纠纷，经法庭调解，双方当事人同意由被告顾某分两期偿还此笔欠款，倘若未能按期履行，则王某有权要求顾某立即全额支付剩余款项，并申请法院强制执行。 法官提醒： 恋爱期间形成合法借贷关系，在法律规制上与普通民间借贷并无不同。伊通法院在此提醒大家，合法的借贷关系受法律保护，但前提是能够提供充足证据来证明自己所主张的借贷事实的存在。如果想利用恋爱关系逃避合法债务，在充足的证据下是不可行的。（伊通满族自治县人民法院）,761,http://jl.people.com.cn/n2/2024/0205/c349771-40739903.html,恋爱;情侣;恋人
People.cn,2024/2/5,女子身患重病后离婚 前夫应尽扶养义务,【案情】女子杨某与男子明某于2005年登记结婚。2014年1月杨某被医院确诊为宫颈鳞癌。2015年1月，两人协议离婚，双方约定，杨某之后的医疗费用由明某负责。 双方离婚后，杨某因病情复发，于2015年8月先后两次住院治疗，最终医治无效于同年11月去世，在此期间的医疗费用均由其妹妹代为支付。杨某住院期间，明某未曾探望过前妻，也未履行离婚协议约定的支付医疗费用义务。因此，杨某的妹妹向法院提起诉讼，要求明某履行离婚协议的约定，承担姐姐杨某住院期间其代为支付的医疗费用。 法院经审理认为，根据杨某与明某签订的离婚协议中对杨某医疗费用的约定条款，双方的法律关系为扶养关系，请求支付扶养费属于不适用诉讼时效的情形。 双方离婚协议明确，杨某医疗费用由明某负责，该约定系双方的真实意思表示，未违反法律强制性规定，对明某具有约束力。明某与杨某虽已离婚，但明某应按约定履行对杨某的扶养义务，杨某住院至死亡期间产生的相关医疗费用，应由明某承担。据此，法院判决明某偿还杨某妹妹代为支付的医疗费用。 宣判后，明某不服该判决，向保山市中级人民法院提起上诉。保山中院经审理后认为，本案的发生是基于上诉人明某与其前妻杨某签订的离婚协议约定，明某在协议离婚时已明确知晓杨某的病情，双方的此项约定应属于扶养义务的约定。 杨某在离婚后病情复发住院，其妹妹即本案被上诉人在母亲年事已高、杨某女儿未成年的情况下，自愿承担扶养责任，全程办理姐姐杨某住院的相关事宜，既符合优秀传统文化的伦理道德要求，也符合法律规定精神。本案符合扶养费纠纷的法律特征，一审法院认定的法律关系正确。保山中院二审判决驳回明某的上诉请求，维持原判。 【释法】《最高人民法院关于适用〈中华人民共和国民法典〉时间效力的若干规定》第二条规定，民法典施行前的法律事实引起的民事纠纷案件，当时的法律、司法解释有规定，适用当时的法律、司法解释的规定，但是适用民法典的规定更有利于保护民事主体合法权益，更有利于维护社会和经济秩序，更有利于弘扬社会主义核心价值观的除外。 本案虽然发生于民法典施行以前，但依据上述规定，本案适用民法典处理更有利于弘扬家庭美德、弘扬社会主义核心价值观，法院适用民法典的法律更加正确。 婚姻的价值和意义不仅体现为夫妻感情的和谐，还应凸显在一方生命健康出现危机情况下另一方的扶持与帮助。夫妻之间相互扶养、相互帮助既是法律义务，也是大家崇尚的社会公德。本案中，法院的依法判决，不仅是对法律权威的维护，还是对中华传统美德的传承和发扬。（张恒）,1041,http://yn.people.com.cn/n2/2024/0205/c361322-40738928.html,婚姻;结婚;离婚;夫妻
CCTV,2024/2/6,哪些财物属彩礼？彩礼要不要返还？“彩礼新规”实施后江苏首例判决来了,在离婚纠纷、婚约财产纠纷中，关于彩礼是否返还、哪些属于彩礼、哪些应当返还、返还比例是多少……近年来，因婚姻关系破裂，引发关于彩礼矛盾纠纷频发。2月1日，最高院发布的《关于审理涉彩礼纠纷案件适用法律若干问题的规定》正式施行。近日，江苏睢宁法院就审结了这样一起婚约财产纠纷案件，法院判决女方返还部分彩礼，这也是江苏首例判决。 新婚夫妻聚少离多分手 男方要求归还31万“彩礼” 2022年，小丽与小明经人介绍认识相恋，同年，二人订婚，并于次年2月举行婚礼。婚礼后，二人分居两地，每周末共同生活，聚少离多的生活，让两人的感情很快出现了问题，两方从争吵发展成均同意离婚，2023年7月，双方正式分手。 然而，在面对结婚时的彩礼问题是，双方发生了极大的分歧。小明觉得双方结婚时间很短，女方理应归还全部彩礼，而小丽则觉得两人分手并不是因为自己有明显过错，不同意小明的要求。再三协商无果情况下，小明将小丽诉讼至法院。 小明要求，因双方结婚给付小丽彩礼、上下车礼、三金、磕头礼、见面礼、婚纱照费用、催妆衣费用以及在婚后第二个月为小丽购买一条项链共计31万余元全部返还。 小丽则认为，彩礼纠纷返还的金额一般考虑双方的过错程度综合判断，现分手因小明也有过错且彩礼已基本用于二人日常生活开销，所以不予返还彩礼。 负责审理此案的法官表示，本案的焦点是哪些财物可以被认定为彩礼。彩礼作为我国长期沿袭的传统习俗，是男女双方及家庭之间表达感情的一种方式，也蕴含着对婚姻的期盼与祝福。小明给付小丽彩礼、上下车礼、三金、见面礼等，是基于当地风俗习惯，直接目的是为了缔结婚姻关系，且数额较大，应认定为彩礼范畴。 小明亲属给付被告的磕头礼2万元属于亲朋好友对新人双方的赠与，不应当认定为彩礼。拍婚纱摄影并不能为双方经济或者生活上带来实质上的提升，更多的是满足双方精神上的饱和度，属于精神领域的消费，不应认定为彩礼范畴。催妆衣费用，属于婚礼当日支出，不应当认定为彩礼。《最高人民法院关于审理涉彩礼纠纷案件适用法律若干问题的规定》第三条第二款第二项规定“下列情形给付的财物，不属于彩礼：（二）一方为表达或者增进感情的日常消费性支出”。举行婚礼后，原告为被告购买项链一条，属于一方为表达或者增进感情的日常消费性支出，不属于彩礼。 《最高人民法院关于审理涉彩礼纠纷案件适用法律若干问题的规定》第六条“双方未办理结婚登记但已共同生活，一方请求返还按照习俗给付的彩礼的，人民法院应当根据彩礼实际使用及嫁妆情况，综合考虑共同生活及孕育情况、双方过错等事实，结合当地习俗，确定是否返还以及返还的具体比例。” 鉴于本案中小明支付彩礼的数额较大，小丽应当予以返还，小丽称彩礼均用于原、被告共同生活开支，仅提供了支付记录，未能充分证实其全部用于原、被告共同生活，故该抗辩意见不能得到支持。 综上，考虑到二人共同生活期间情况及在此期间确实存在实际生活、就医等支出，双方分手及过错等因素，酌定被告小丽按照一定的比例返还原告小明彩礼。 彩礼是否返还需综合考虑共同生活及孕育等事实 法官表示，彩礼是男方向女方表达缔结姻缘的象征，一般基于当地风俗给付，有广泛的社会文化基础。在司法实践中，针对彩礼返还问题，根据最高人民法院关于适用《中华人民共和国民法典》婚姻家庭编的解释（一）第五条、《最高人民法院关于审理涉彩礼纠纷案件适用法律若干问题的规定》第五条、第六条。婚约财产纠纷中返还彩礼分为两种情况：一种是办理结婚登记且已共同生活，离婚时一方要求返还按照习俗给付的彩礼的，人民法院一般不予支持。例外是“闪离”且彩礼数额过高的情况下，人民法院可以根据彩礼实际使用及嫁妆情况，综合考虑彩礼数额、共同生活、孕育情况、双方过错等因素，确定是否返还彩礼以及返还的具体比例；另一种是未办理结婚登记但已共同生活的，一方请求返还按照习俗给付的彩礼，原则上应当予以返还彩礼，人民法院根据彩礼实际使用及嫁妆情况，同样也要综合考虑共同生活、孕育情况、双方过错等因素，结合当地习俗，确定是否返还以及返还的具体比例。 哪些属于彩礼、哪些属于赠予？根据《最高人民法院关于审理涉彩礼纠纷案件适用法律若干问题的规定》第三条之规定，应综合考虑给付彩礼的动机和目的、当地风俗习惯、是否处于婚姻阶段、财物价值等。对于在节日、生日等有特殊纪念的时间点给付的礼物、金钱以及为表达增进感情需要花费，在婚约解除或离婚时，不属于彩礼范畴，可以不予返还。 扬子晚报\/紫牛新闻记者 马志亚 通讯员 郑炜,1838,https://news.cctv.com/2024/02/06/ARTIVUSCpaR762j6qOVlxQQF240206.shtml,结婚登记;婚姻;结婚;离婚;彩礼;婚约;夫妻;婚礼
China News Service,2024/2/13,多地去年结婚登记量增长明显 部分地区出现近年首次回升,全国多地2023年婚姻登记大数据在近段时间接连出炉，安徽淮北等地结婚登记人数增长明显，湖南浏阳等地终止了连续多年的下跌势头。 据微信公众号“淮北民政”消息，据统计，2023年全市共办理结婚登记21179对，同比增长91.87%；离婚登记4618对，同比增长38.06%。 从淮北全市结婚登记年龄分布看，2023年25-29岁居民仍然是结婚登记主力军，男性和女性该年龄段占比分别达到33.54%和30.16%；30-39岁和40岁以上年龄段结婚人数占比均呈增长趋势。其中20-24岁结婚人数占结婚总数的19.34%；25-29岁结婚人数占结婚总数的31.23%；30岁-39岁结婚人数占结婚总数的22.91%；40岁以上结婚人数占结婚总数的26.52%。 浏阳市融媒体中心消息，浏阳市民政局婚姻登记中心发布了2023年婚姻数据：全年办理结婚登记5443对，这是自2015年以来首次止跌回升，相比2022年增加458对。 消息称，浏阳结婚登记人数已持续下跌多年，近10年里，结婚登记人数于2014年达到顶峰的12468对后，开始呈逐年下降趋势。两年后就跌破万对，人数减至9042对；到2021年，浏阳结婚登记人数只有5187对，2022年这一数据继续下降，全年只有结婚登记人数4985对，直至2023年才有所回升。 “浏阳结婚登记人数下降已经持续了多年，2023年止跌，小幅回升，主要还是受大环境的影响。”报道中，浏阳市民政局婚登中心主任张剑分析，国家实行计划生育政策后，从1989年起，浏阳的人口出生率开始下降，并在近30年来维持着这一趋势。出生人口减少，导致适婚人群减少，这是近年来结婚人数持续下降的主要原因，“2023年是三年新冠疫情防控转段后经济恢复发展的一年，疫情期间推迟的结婚需求得到释放，加之近年来，一系列鼓励婚育政策的实施，也在一定程度上激发了人们的婚育热情。” 此外，甲辰龙年(2024年)是“无春年”，也带来了一定影响。民间称一年中没有“立春”节气的年份为“寡年”，虽然这是阴历和阳历之间历法推演所致，与吉凶祸福、婚丧嫁娶无关，但不少市民还是受社交媒体、短视频平台有关“寡年不适宜结婚”等观点的影响，提前在癸卯兔年(2023年)结婚了。 山西太原、河南许昌等地2023年结婚登记人数也有所增加。 公开报道显示，2023年太原市共办理结婚登记25164对，同比2022年的结婚登记21525对，增加3639对。 在河南许昌，据《许昌日报》消息，2023年，我市全年共有24222对办理结婚登记，相比2021年的25421对略有下降，相比2022年结婚登记的19225对增加4997对，增长明显。 许昌市民政局相关工作人员表示，结婚人数的增加与传统习俗、我市持续推进婚姻登记工作信息化等均有关系。 消息称，2024年是农历龙年，龙在中国传统文化中有着特殊地位，受到很多人的喜爱。“生个龙宝宝”成为很多年轻夫妻的选择。这是2023年我市结婚人数出现上升的原因之一。回顾过去，“龙宝宝效应”有迹可循。《中国卫生健康统计年鉴》显示，上一个龙年是2012年，当年的出生人口从2011年的1785万增加到了1973万，甚至超过了2016年二胎开放首年的新生儿总数。同时，因2024年立春处于农历2023年末，民间传言，此年为“无春年”，不适宜结婚。一些年轻人因此将婚期提前。不过，专家表示，“无春年”只是农历与阳历的巧合，是由不同历法的时间差造成的，该年不宜结婚的说法没有科学依据。 江苏苏州、常州、无锡三地2023年结婚登记人数也都出现增长。 苏州市婚姻登记大数据显示，2023年共办理结婚登记57920对，比上年增加10153对，同比上升21.26%。 2023年，常州有24296对新人步入婚姻殿堂，与2022年相比新增2858对，同比上升13.33%。 在无锡，2023年有30746对新人喜结连理，比2022年增加了3936对，创五年来新高。“无锡发布”消息称，从结婚登记量分年度数据来看，2019年首次跌至“2”字头以来，2023年第一次回到了“3”字头。(澎湃新闻记者 钟煜豪） 【,1699,https://www.chinanews.com.cn/sh/2024/02-13/10163430.shtml,婚姻登记;结婚登记;婚姻;结婚;离婚;婚育;适婚;夫妻
China News Service,2024/2/14,讲求婚恋效率，春节相亲开启“群发模式”,中新网 北京2月14日电（韦香惠）效率可能是当代年轻人相亲的关键词。春节正值相亲高峰期，部分年轻人决定将此作为扩大基数的机会以提高成功率。与此同时，相亲机制和标准正在发生变化。 春节期间，李琳和朋友去了周边风景区游玩，她拍了一些风景照并与其中一位好友分享，紧接着便点中选择“逐条转发”，这些消息就同时传到了其他好友那里。 总共有三个人接到了这些风景照，他们都是李琳正在考虑的相亲对象。今年26岁的她在公立小学当老师，从年前到现在见了将近十个相亲对象，大部分来自亲友和同事推荐。 按照她的说法，相亲是一种高效解决个人问题的方式。所谓的高效，就是先拿一个标准去做筛选。她打了一个很有意思的比方，“就像是考试，大家先做同一张卷子，60分以下直接不及格，60分以上再进入下一阶段。”于是，那些相亲对象的回应就成了交出的答卷，李琳是出卷人也是阅卷人。 与李琳直接群发的模式略有不同，沈洋会对消息内容略作一些修改，但同样也是发给不同的相亲对象。“相亲可能都是一群一群的过，谈恋爱才要一对一。”沈洋现在正和五位女生在聊，有两位是在打游戏认识的，还有三位也是亲戚介绍。 沈洋表示，“相亲本来就是小概率事件，扩大基数某种程度上是为了提高成功率，又或者让自己不会因为在一个人身上失败而受挫，直接可以找下一位”。 春节是相亲的高峰期。“碰到什么样的相亲对象可能决定过年的心情。”李琳表达了近期关于相亲的看法。她说，见面之前，介绍的人就已经将双方情况进行过一番配对，见面只是为了进一步确认是否属实，以及重要的是看能不能真正聊到一起去。 “但凡在相亲市场上碰到了一个能跟你正常沟通、正常交流的正常人，千万别放手，因为以后大概率碰不到比他更正常的人了。”一位博主在社交媒体上分享自己关于相亲的看法而得到大量关注。相关视频得到8.4万赞，有2.8万评论。 在这位博主看来，“如果一个人家庭、工作、情商都不错，靠自己就能找到对象。找不到对象的人有一些是因为圈子小，遇不到合适的正常人，还有一部分是有一些明显短板的，比如身高不行、体重吓人或者是情商不行”。 从广义层面来看，究竟什么算是正常，或许也很难再按照传统认知去判断。一个重要的转变是，婚恋关系被越来越多引入经济学视角讨论。 在家庭社会学领域，学者提出“婚姻市场”的概念，男女双方基于一定的婚配标准，包含交换、互补或者是权衡，而后建立一段关系。 与恋爱相比，相亲诚然是理性大于感性的关系建构过程，但面对无法强求的亲密关系，群发式交往还是会受到考验。“总归还是要有来电的感觉。”李琳说道。 相亲过程中，双方家庭条件和父母观念往往是匹配的重要标准，让父母先把关甚至是一些年轻人接受一段相亲的前提。沈洋表示，他更偏向于经过亲戚介绍的相亲对象，“至少知根知底”。 代际关系如何影响年轻人的婚恋选择？2019年6月开始，上海大学社会学院教授计迎春及其团队成员在人民公园相亲角招募了42名为子女相亲的父母进行访谈。研究发现，一把看不见的“玻璃标尺”横亘在年轻人的相亲过程中，上面标注的是性别刻度，也就是收入、工作和教育都要有。 近期，计迎春接受媒体采访时谈到，调研中女方家长对不婚的接受度远远高于男方家长。这里有很多结构性的因素在起作用，从女方家长的角度而言，他们更有意愿为子女追求一个更加包容、更加强调个人幸福的婚姻。甚至在婚后，女方家长对丁克接受度也较高，而男方家长对生育很执著，只有极个别的男方家长能够接受丁克。 “男女双方的父母在性规范和婚姻观念方面的观念，动机和考量不太一样。这种松动是不平衡的、不对称的，实际上是传统和现代杂糅的。这就形成了以性别平等观念为核心的双方观念冲突，这可能是初婚年龄往后推迟，不婚率甚至是离婚率上升的一个重要文化观念机制。” 计迎春认为，从社会来讲，为了家庭稳定、婚姻幸福，应该在全社会推进性别平等，鼓励男性一起参与和推进性别平等的进程，提倡性别平等的新型婚育文化的婚姻。（完）,1613,https://www.chinanews.com.cn/sh/2024/02-14/10163656.shtml,婚姻;离婚;婚恋;婚育;初婚;不婚;恋爱;相亲;对象
People.cn,2024/2/19,河北临漳：抵制高价彩礼 倡树文明新风,近日，河北临漳县委宣传部、县民政局、县妇联、县计生协在文化艺术中心广场举行了2024年“抵制高价彩礼 倡树文明新风” 宣传活动启动仪式，旨在引导全县青年树立正确的爱情观、婚嫁观。县领导和有关部门的负责同志分别讲话并宣读倡议书，适龄青年代表作了典型发言。 启动仪式上，县民政局围绕传承中华优秀传统文化，满足人民日益增长的精神文化需求开展理论宣讲，引导广大群众传承勤俭节约理念，推进移风易俗，减轻婚嫁负担，摒弃婚礼陋习，建设幸福家庭，构建和谐社会，争做新时代新风尚的倡导者、传播者和实践者，争做移风易俗、文明办事的推动者和引领者。现场人员在“抵制高价彩礼 倡树婚育新风”签名栏上签名承诺，并向全县发出倡议。（王俊平、侯学良）,310,http://he.people.com.cn/n2/2024/0219/c192235-40748934.html,高价彩礼;婚育;彩礼;婚嫁;婚礼
People.cn,2024/2/20,“衣服钱”和“日子钱”是彩礼吗？,订立婚约后，由于各种原因没有进行婚姻登记，这时，男方向女方支付的诸如“日子钱”“衣服钱”等费用，能否算在彩礼的范畴之内呢？近日，江苏省南通市中级人民法院对一起婚约财产纠纷案作出维持一审的终审判决，认为原告小黄主张的“日子钱”“衣服钱”该两项不属于彩礼返还的范围，判决小张酌情返还小黄彩礼4万元及铂金钻戒一枚。 小黄与小张经媒人介绍认识并订婚，小黄送给女方小张彩礼38.8万元、“日子钱”8800元、“衣服钱”2800元、铂金钻戒一枚、黄金手镯一只、黄金项链一条、黄金挂坠一个、黄金耳饰一副及彩金饰品一套。后双方发生争议导致感情不和并解除婚约，小张返还彩礼30万元。小黄向小张提出返还剩余彩礼，以及“日子钱”8800元、“衣服钱”2800元、首饰等。双方多次协商未果，小黄诉至启东市人民法院。 法庭上，小张对上述款项及首饰数量认可，但对首饰的价值不清楚，现仅有铂金钻戒一枚。另查明，案件审理中，小张以退还彩礼为名向小黄一次性转账2万元。 启东法院经审理认为，小黄与小张订立婚约后，虽共同生活半年，但未办理结婚登记手续，也未生育子女，现双方已解除婚约，小张应当依法返还部分彩礼。关于彩礼返还的范围，对剩余彩礼，小张表示认可，予以认定；对金器首饰，根据当地风俗，应作为彩礼返还。现小张仅认可铂金钻戒在其处，故应将部分金器首饰折抵部分现金价值，同时小张亦已退还2万元，应在判决小张返还时予以考量。因双方已按当地风俗举办婚礼，“日子钱”“衣服钱”该两项不应该属于彩礼返还的范围，小黄主张返还没有依据。 综上，启东法院判决小张酌情返还小黄彩礼4万元及铂金钻戒一枚。 一审判决后，原告小黄以“日子钱”和“衣服钱”也是彩礼等为由向二审法院提起上诉。南通中院经审理维持了原判。（顾建兵 胡 丹）,738,http://yn.people.com.cn/n2/2024/0220/c361322-40749728.html,婚姻登记;结婚登记;婚姻;结婚;彩礼;婚约;婚礼
People.cn,2024/2/21,离婚时父亲要分割孩子压岁钱，法院说“不行”,人民网重庆2月21日电 （记者刘政宁）春节假期刚过，一些父母会将孩子在过年时收到的压岁钱，开户存进银行。这些压岁钱应该归谁所有呢？如果父母离婚，这笔款项能否被分割？2月20日，重庆市江北区人民法院发布一起典型案例，将该问题进行了解答。 2007年，蔡某和王某登记结婚，并于2012年、2014分别生育长子蔡某甲、次子蔡某乙。刚开始，夫妻俩的感情十分融洽，生活过得幸福美满。 随着时间的推移，双方在孩子教育等家庭问题上的分歧愈发明显，夫妻间的感情也逐渐出现了裂痕。 2020年初，两人因教育方式和观念的不同再次发生激烈的争执。争执过后，王某带蔡某甲、蔡某乙离开与蔡某共同居住处。此后，王某及两子一直与王某父母共同生活。同年4月、7月，王某、蔡某曾分别起诉过离婚，均被法院驳回。 分居四百多天后，蔡某再次起诉离婚，并要求分割夫妻共同财产及蔡某甲、蔡某乙名下相应银行存款。其中蔡某甲、蔡某乙名下的存款系二人成长过程中接受他人赠与所得。 在案件审理中，法官认为，当事双方夫妻感情确已破裂。对蔡某要求离婚的诉讼请求予以支持。蔡某与王某的夫妻共同财产由二人平均分割，但对蔡某要求分割蔡某甲、蔡某乙名下存款的请求不予支持。 “上述存款是长辈基于亲属关系对晚辈进行的财产性赠与，该存款应归未成年人本人所有，蔡某、王某作为未成年人的监护人，无权随意处分被监护人的财产。”法官指出，离婚案件分割的财产应当是夫妻共同财产，压岁钱并不是夫妻共同财产。因此，蔡某在离婚案件中要求分割蔡某甲、蔡某乙名下存款的请求，没有法律依据，故驳回该项诉讼请求。 未成年人的各项基本权利都应当受到法律全面且周延的保护。本案中蔡某甲、蔡某乙名下的存款系二人在日常生活中接受的来自长辈的赠与，这一赠与应当属于长辈对晚辈的财产性赠与。 尽管二人在接受赠与时不具备完全民事行为能力，但从保障未成年人财产权的角度出发，即使是在未成年人未满八周岁的无民事行为能力阶段，接受赠与的意思由监护人作出，也不能改变该财产属于未成年人本人的结果。 因此，在离婚案件中，夫妻双方均不能以监护人的身份要求分割属于未成年人的合法财产，只能由法定监护人代为管理，财产本身的所有权依然归属未成年人。 受传统观念影响，父母对于未成年子女的财产权利缺乏重视，实践中将未成年子女“压岁钱”等财产据为己有的现象时有发生，因此父母应当具有相应的意识，以身作则保障未成年人包括财产权在内的各项权利。（本文中人物均为化名）,1017,http://cq.people.com.cn/n2/2024/0221/c365401-40752063.html,结婚;离婚;夫妻
People.cn,2024/2/21,韩国民调显示仅三成青少年认为婚姻“必需”--国际--人民网,新华社北京2月20日电 韩国一项民意调查显示，仅约三成受调查青少年认为婚姻是“必需”，这一比例与11年前相比缩水过半。 2023年4月23日，人们在韩国首尔广场上阅读和休息。新华社记者王益亮摄 据韩国《中央日报》19日报道，韩国青少年政策研究院基于去年5至7月对7700多名青少年所做的价值观调查，于近日发布了一份报告。调查对象包含3900多名男生和3700多名女生，涵盖了从小学三年级到高中三年级的学生。 报告说，29.5%的调查对象认为婚姻是“必需”，而2012年一项相似调查中这一比例达到73.2%。从性别看，18.8%的女生持此观点，男生则有39.5%，而2012年分别为63.1%和82.3%。 2023年12月20日，游客在韩国首尔景福宫游览。新华社记者姚琪琳摄 报告说，“这项调查表明，年轻人不再持传统价值观”，19.8%的调查对象认为结婚后必须生孩子，60.6%认为生孩子不一定要结婚，89.4%表示愿意考虑领养孩子。 这项民调显示，就选择结婚对象而言，“个性”成为头号考虑因素；“颜值”排名第二；“经济实力”往年排名第二，在本次调查中降到了第三位。（杨舒怡）,488,http://world.people.com.cn/n1/2024/0221/c1002-40180588.html,婚姻;结婚;对象
China News Service,2024/2/22,两岸婚姻群体代表福建宁德话团圆,中新网 宁德2月22日电 (吴允杰)猜灯谜、做灯笼、话情谊……22日，福建省宁德市台港澳人才驿站内笑语声声、温情浓浓，部分两岸婚姻群体代表于此参与“春暖两岸 共话团圆”两岸婚姻群体元宵节活动，共话团圆。 “我们两岸婚姻群体就是两岸民间交流的桥梁纽带。”周池春已嫁到台湾20多年，她对 中新网 记者说，两岸婚姻家庭因感情而结缘、以亲情为纽带，是“两岸一家亲”和“两岸命运共同体”最直接、最生动的体现。 现如今，周池春已是台湾中华两岸婚姻协调促进会南部分会会长。成立于1998年12月27日的台湾中华两岸婚姻协调促进会，目前设有北部、中部、南部、花东四个分会，成员约4000人，是成立最早也最久的两岸民间团体。 “将以台湾中华两岸婚姻协调促进会南部分会为媒介，举办多种活动，多带领姐妹们回家乡看看，讲好家乡的故事。”周池春说，也将向台湾青年宣介大陆的惠台政策、文化生活等，推动他们来大陆学习生活、就业创业。 活动中，两岸婚姻群体恳谈会举行，着重宣讲了《中共中央 国务院关于支持福建探索海峡两岸融合发展新路 建设两岸融合发展示范区的意见》(简称《意见》)。去年9月《意见》发布后，惠台政策措施持续叠加，为台胞台企来宁德发展提供了更多的便利和吸引力。 林翠花1994年从宁德市柘荣县嫁到台湾，与丈夫在商海打拼。2012年1月，她回娘家探亲时，被故乡原生态的山水迷住了，便决定留在故乡发展，投资创办台企福建京林生物科技有限公司。 “《意见》发布后，对我们企业的发展有很大的帮助。”林翠花说，不仅为企业提供了融资、贴息的平台，企业办理贷款手续也更加简化；同时相关部门及金融机构为台胞、台企设立了绿色通道，优先处理，大大减少了时间成本。 现如今，林翠花的丈夫及两个孩子都在大陆生活、工作，一家人欢度新春佳节。“大陆的各种政策和机遇都非常好，我们一家人今后都会留在大陆发展。”林翠花说。 近年来，宁德市先后出台一系列政策举措，深化两岸经济文化交流合作，落实台胞同等待遇，切实维护台商台胞的合法权益，推动更多台胞前来学习、就业、创业、生活。 嫁到台湾13年的叶丽妹5年前返回宁德工作、生活，从事过有机肥、珠宝、兰花种植等行业。“台港澳办给我们非常多的帮助，在我各项工作发展时都经常主动询问，帮助解决问题。”叶丽妹说。 如今，叶丽妹准备回到家乡宁德市屏南县龙潭村从事文创工作，“希望做一些力所能及的事情，为家乡作出自己的贡献。”(完),1007,https://www.chinanews.com.cn/gn/2024/02-22/10168016.shtml,婚姻
People.cn,2024/2/22,未办理结婚登记分手，能要求对方父母返还彩礼吗？--社会・法治--人民网,本报讯 （记者 吴艳霞 通讯员 甄佳）婚约财产纠纷案一般以婚约双方当事人作为诉讼主体，但实际生活中彩礼给付人和接收人并非仅限于男女双方，还可能是双方父母，那么，可以要求对方父母返还彩礼吗？日前，河北省邢台市中级人民法院对张某与赵某甲、赵某乙、王某婚约财产纠纷一案作出二审判决，接收彩礼的婚约方父母作为共同被告返还彩礼。 邢台市男子张某与女子赵某甲经人介绍认识，于2022年4月定亲，张某给付赵某甲父母赵某乙、王某定亲礼3.66万元。2022年9月，张某向赵某甲银行账户转账彩礼13.66万元，赵某甲等购置价值1120元的嫁妆并放置在张某处。双方未办理结婚登记，未举行结婚仪式。2022年9月，当事双方解除婚约，并因彩礼返还问题发生争执，张某起诉至法院，请求判令赵某甲及其父母赵某乙、王某共同返还彩礼共计17.32万元。 一审法院判决三被告共同返还13.54万元 。判决后双方均不服，张某上诉请求继续返还3.66万元，赵某甲一方上诉请求返还部分彩礼，且认为其父母返还彩礼没有事实和法律依据。 二审中，法院认为，双方未办理结婚登记，现有证据不足以证明张某与赵某甲持续、稳定地共同生活，张某不存在明显过错，但在案证据也能证实赵某甲为缔结婚姻亦有付出的事实，故案涉定亲礼、彩礼在扣除嫁妆后应予适当返还。 关于赵某乙、王某是否系本案适格被告的问题，二审法院认为，关于案涉彩礼13.66万元，系张某以转账方式直接给付赵某甲，应由赵某甲承担返还责任，扣除嫁妆后，酌定返还12万余元；关于案涉定亲礼3.66万元，系赵某甲与其父母共同接收，应由赵某甲、赵某乙、王某承担返还责任，酌定返还3.2万余元。 民法典第十条规定，处理民事纠纷，应当依照法律；法律没有规定的，可以适用习惯，但是不得违背公序良俗。法律没有就彩礼问题予以规定，人民法院应当在不违背公序良俗的情况下按照习惯处理涉彩礼纠纷。 根据中国传统习俗，缔结婚约的过程中，一般是由男女双方父母在亲朋、媒人等见证下共同协商、共同参与完成彩礼的给付。因此，在确定诉讼当事人时，亦应当考虑习惯做法。当然，各地区、各家庭情况千差万别，彩礼接收人以及对该笔款项如何使用，情况非常复杂，既有婚约当事人直接接收的，也有婚约当事人父母接收的；彩礼的去向也呈现不同样态，既有接收一方将彩礼作为嫁妆一部分返还的，也有全部返回给婚约当事人作为新家庭生活启动资金的，还有的由接收彩礼一方父母另作他用。如果婚约当事人一方的父母接收彩礼的，可视为与其子女的共同行为，在婚约财产纠纷诉讼中，将婚约一方及父母共同列为当事人，符合习惯，也有利于查明彩礼数额、彩礼实际使用情况等案件事实，从而依法作出裁判。 随着经济发展及男女比例等问题的出现，在离婚纠纷、婚约财产纠纷中有关彩礼返还的问题争议较大。为妥善化解纠纷，法院应切实发挥司法审判对治理高价彩礼问题的价值引领作用，综合考量彩礼范围、给付时间、给付目的、共同生活时间长短、双方过错程度、男方因给付彩礼导致生活困难程度等因素，统一裁判尺度，倡导正确婚恋观，引导树立正确的婚姻家庭观念。,1268,http://society.people.com.cn/n1/2024/0222/c1008-40181076.html,结婚登记;高价彩礼;婚姻;结婚;离婚;婚恋;彩礼;婚约
China News Service,2024/2/23,彩礼新规施行，多地判出“第一案”！,中新网 北京2月23日电 春节前后是定亲结婚的高峰期，今年春节前夕，最高人民法院发布的“彩礼新规”正式施行。近日，多地适用新规对彩礼官司作出判决或调解。 2月1日，最高法发布的《关于审理涉彩礼纠纷案件适用法律若干问题的规定》正式施行。新规针对借婚姻索取财物、结婚后“闪离”等情形彩礼纠纷如何处理等情形加以明确。 例如，彩礼认定时，如何区分彩礼与恋爱期间一般赠与？新规明确，在认定某一项给付是否属于彩礼时，可以根据一方给付财物的目的，综合考虑双方当地习俗、给付的时间和方式、财物价值、给付人及收受人等事实认定。 新规以反向排除的方式明确了几类不属于彩礼的财物，包括一方在节日或者生日等有特殊纪念意义时点给付的价值不大的礼物、礼金，一方为表达或者增进感情的日常消费性支出等。 此外，新规明确，双方已办理结婚登记且共同生活，离婚时一方请求返还按照习俗给付的彩礼的，人民法院一般不予支持。但是，如果共同生活时间较短且彩礼数额过高的，人民法院可以根据彩礼实际使用及嫁妆情况，综合考虑彩礼数额、共同生活及孕育情况、双方过错等事实，结合当地习俗，确定是否返还以及返还的具体比例。 近日，湖北仙桃市人民法院首次适用最高法彩礼新规，调解一起离婚涉彩礼纠纷案件。据介绍，2022年，李某与张某经人介绍相识，2023年1月双方登记结婚，婚后未生育子女。 恋爱期间，李某多次向张某转账、发红包，以增进双方感情。结婚前，李某向张某给付现金彩礼15万元，并为张某购买“三金”。婚后双方争吵不断，2024年2月，张某以“三观不合、性格不合”为由，向法院起诉离婚，李某表示同意离婚，但要求张某返还彩礼共计20余万元。 受理该案后，法官了解，李某、张某婚后生活不足半月便开始分居，双方就彩礼数额及退还事宜争议较大。法庭多次组织双方进行调解，最终双方当事人达成一致意见，张某当庭返还李某彩礼款及茶钱165000元、红包及“三金”价值38800元，共计返还203800元。 案例二：恋爱时“520”当天送的首饰算彩礼吗？ 近期，北京市高院微信公众号“京法网事”发北京一中院适用最高法彩礼新规作出判决的一起案例。 贾某与李某于2021年初通过商业婚恋网站相识并建立恋爱关系。恋爱期间，贾某为李某购买了手机、首饰(首饰购买于5月20日)，多次转账合计4万元。之后双方开始不定期共同居住，双方谈论了结婚的事宜并沟通了彩礼的数额。贾某同意给50万元彩礼，之后，贾某向李某转账15万元，剩余彩礼未付。半年后，双方因性格以及生活习惯问题分手。 审理过程中，贾某为了证明自己的主张，还向法院提交了双方的微信聊天记录截图、购物小票、银行转账记录等凭证。 法院认为，贾某为李某购买的手机以及转账的4万元系恋爱关系中贾某为增进感情进行的日常消费性支出，不属于彩礼；贾某为李某购买的首饰在特殊时点购买，属于表达或增进感情的消费性支出，亦不属于彩礼；贾某向李某转账的15万元，时间发生在双方沟通彩礼数额之后，性质也曾由双方明确认可为彩礼，因此，可以认定15万元为贾某为达到与李某结婚的目的而给付的部分彩礼。 另外，按照“彩礼新规”，关于双方未办理结婚登记但已共同生活，一方请求返还按照习俗给付的彩礼的，人民法院应当根据彩礼实际使用及嫁妆情况，综合考虑共同生活等事实，结合当地习俗，确定是否返还以及返还的具体比例。 据此，法院判决李某向贾某返还彩礼15万元，驳回了贾某其他诉讼请求。 案例三：酒席钱、上车钱、离娘钱算彩礼吗？ 陕西富平县法院近日也发布了首次适用“彩礼新规”的案例。 案例中，李雷与韩梅系自由恋爱结合，婚后发现双方性格差异极大，结婚不到一年时间就经常因各种琐事发生争吵，最终双方决定离婚。 庭审中，李雷向法庭提交了长达20页的花费记录，要求韩梅全部返还，包括恋爱期间情人节、七夕节、生日发的520元、521元等红包共计9800元；恋爱期间吃饭、看电影、买包包、外出旅游各项花费19814元；订婚时经媒人给女方彩礼钱88888元，衣服钱20000元，金项链、金镯子、金耳环、金手链四金共计36000元；结婚时办酒席花费64000元、上车钱10000元、离娘钱10000元，总计258502元。 韩梅称，女方认可的彩礼只有订婚时收的88888元，男方记录的其他花费都不属于彩礼，结婚时女方陪嫁了8床被子、8件被单、1台电视机、1台洗衣机，双方婚后共同生活虽仅有一年时间，但婚前已经同居，女方还为男方打了胎，韩梅拒绝返还彩礼。 法院认为，关于彩礼范围的认定：涉彩礼纠纷司法解释第三条规定，一方在节日、生日等有特殊纪念意义时点给付的价值不大的礼物、礼金，一方为表达或者增进感情的日常消费性支出不属于彩礼。故，男方主张的在恋爱期间所发的红包、恋爱期间的花费均不能认定为彩礼。根据本地习俗及一般认知，男方为结婚办酒席花费的64000元也不属于彩礼。 本案争议较大的是结婚时的离娘钱、上车钱能否认定为彩礼，涉彩礼纠纷司法解释第三条第一款规定，在审理涉彩礼纠纷案件中，可以根据一方给付财物的目的，综合考虑双方当地习俗、给付的时间和方式、财物价值、给付人及接收人等事实认定彩礼范围，本案中综合给付的时间和方式、财物的价值、给付人及接收人以上因素，可以认定离娘钱、上车钱属于彩礼。 综上，本案的彩礼包括：订婚时经媒人给女方父母的彩礼钱88888元、衣服钱20000元、金项链、金镯子、金耳环、金手链四金共计36000元、上车钱10000元、离娘钱10000元，总计164888元。 法院认为，这涉彩礼纠纷司法解释第五条第二款规定，人民法院认定彩礼数额是否过高，应当综合考虑彩礼给付方所在地居民人均可支配收入、给付方家庭经济情况以及当地习俗等因素。考虑到本地农村人均可支配收入仅有17000余元，彩礼的数额以近乎本地农村人均可支配收入的10倍，远超一般人的承受能力，应当认定彩礼数额过高。 本案中，女方在结婚时陪嫁了8床被子、8件被单、1台电视机、1台洗衣机，审理中双方均同意嫁妆折价10000元。法院认为在返还彩礼时应当考虑女方的嫁妆情况，应当扣减已经共同消费或已经添附到男方财产上的嫁妆数额。 返还彩礼是否需要考虑双方共同生活情况？法官认为，现实中，男女双方未婚同居、未婚孕育情况十分普遍，我们不应当忽略双方共同生活的夫妻之实，尤其是女方有终止妊娠或生育子女的情况，如果完全不考虑共同生活时间长短、女方孕育情况而要求女方全部返还彩礼，不仅违背了公平原则，也与法律保护妇女合法权益的精神背道而驰，我们认为共同生活时间长短及女方是否孕育应当作为确定彩礼是否返还以及返还比例的重要因素。 本案开庭审理后，查明了案件的事实，承办法官耐心细致地对双方当事人进行了释法明理，女方最终一次性向男方返还彩礼46000元。(完),2771,https://www.chinanews.com.cn/sh/2024/02-23/10168071.shtml,结婚登记;婚姻;结婚;离婚;婚恋;彩礼;恋爱;夫妻
People.cn,2024/2/23,赤峰市红山区将个人信用融入婚姻登记,"为推动“诚信工程”便民惠民，让“信用”融入群众生产生活，赤峰市红山区在全区建立首个“信用+婚姻登记”体系，将个人信用融入婚姻登记，通过不断优化政务服务环境，进一步增强婚姻登记当事人的法律观念和信用意识，减少婚姻登记失信行为，将社会信用体系建设工作落到实处。 “请您认真阅读上述告知,无异议后请在下方横线处亲自书写……”在红山区婚姻登记中心的窗口，即将新婚的张磊夫妇在工作人员的引导下,认真阅读《婚姻登记个人信用风险告知书》,签字并按下指纹。张磊说：“现在将个人信用融入婚姻登记流程，的确能有效预防故意隐瞒、捏造事实、弄虚作假办理婚姻登记等不诚信行为发生，让人心里特别踏实。” 记者在登记窗口看到，这里配置人脸识别、指纹采集等设备，通过智能化信息比对，提高婚姻当事人个人信息比对的准确性。在服务区设置提示牌、张贴诚信提示等方式，将婚姻登记严重失信行为和对婚姻登记严重失信当事人联合惩戒措施进行宣传，增强婚姻登记当事人诚信意识，全力营造诚实守信浓厚氛围。 红山区婚姻登记中心主任姜文明介绍，中心还开展了“诚信明理扬美德 重守承诺我先行”诚实守信主题宣传活动，发放《诚信经营倡议书》《信用知识宣传手册》，积极向群众宣传诚信与信用、征信机构、失信惩戒机制等相关信用征信知识内容，倡导群众自觉增强诚实守信意识，让群众明白诚实守信的重要性。 此外，红山区婚姻登记中心还主动承担主体责任，加强与法院、检察院、公安等部门沟通衔接，为“信用+婚姻登记”建设工作提供支撑，按照“谁登记、谁负责”原则，积极承担本区内婚姻登记严重失信名单的列入、移出等管理工作，对在婚姻登记过程中存在违法违规和严重失信行为的当事人，依法依规开展联合惩戒。目前，运用该信用体系累计服务群众3.15万人，保障了良好的婚姻秩序。（记者 魏那）",748,http://nm.people.com.cn/n2/2024/0223/c192247-40754106.html,婚姻登记;婚姻
CCTV,2024/2/24,多地结婚人数回升，年轻人又愿意结婚了？,2023年，上海有10.42万对新人登记结婚，这个数字相比2022年上涨了44.6%，而且还是 近十年来唯一一次结婚人数相比上一年上涨！ 不仅是上海，多地2023年结婚登记数据都出现了多年来的“首次回升”，引发热议。 在2023年之前，上海并不是结婚人数连续下降的唯一城市。从全中国来看， 自2013年结婚人数达到1346.9万对的最高峰后，也是连续9年下降。 2019年跌破1000万对、2020年跌破900万对，2021年跌破800万对，到2022年则跌破了700万对大关。 目前，全国2023年的结婚人数具体数字还未出来，但民政部发布的数据显示，2023年前三季度，全国办理结婚登记为569万对，较前一年同期增加24.5万对，预测全年结婚人数将重新超过700万对大关。 为什么结婚人数突然反弹？难道是到龄结婚的人多了吗？ 从出生率来看，倒也不是。按照25-29岁的结婚主力人群算，1994至1998年的出生人口并未增多，反而处于下降的状态。1994年全国的出生率为17.7‰，到了1998年，降至15.64‰。 每年的出生人数也不断下降，从1994年的2121万人，降至1998年的1991万人。 当然，结婚适龄人口地区间存在差异，例如上海的结婚年龄偏晚，根据市民政局发布的《2023年上海市婚姻登记数据》，2023年结婚登记的平均年龄在34、35岁左右，也就是出生在1988年前后。 而上海常住人口的出生率，在1986后进入一个小高峰，在1987上涨到15.3‰。 上海的出生人口在1987年达到峰值，为19.02万人，相比1985年增加了3.59万人。但进入1990年后，出生人口跌到10万人以下。这意味着，2023年确实是上海适龄结婚人群的数值高峰，之后结婚人数可能随着人口下降而变少。 造成2023年成为“结婚大年”的主要原因，还是疫情的因素。 网友“智齿君”表示，原本计划在2022年领证结婚，但因为疫情推后，“当时不方便办酒席宴请，家人也陆续阳了，索性就再等等，又不着急。” 2022年，上海结婚领证的新人共有7.2万对，是自1990年以来的最低值。虽说近20年来，结婚人数处于波动下降的趋势，但2022年的降幅不寻常，远超近十年平均水平（约为5%），相比2021年下降了约20%。 很多新人因为疫情的缘故被动推迟了婚期。用网友“智齿君”的话说，“这不是结婚热，是调婚，前有南水北调，现在是22年的婚姻往23年调。” 例如江苏2023年结婚登记对数为45.38万对，相比2022年提高了10.1%。但在2020年和2022年，江苏省结婚对数的下降幅度也远高于近十年的平均水平（7.4%），2022年的同比降幅为13.5%，是近十年的峰值。 全国数据同样如此。根据民政部公布的最新数据，2020年第一季度，结婚人数同比降幅达到44.68%，此后三个季度，降幅均超过此前的平均值。 所以说，2023年大家扎堆结婚，部分是因为前几年的婚期被延后了。 “调婚”不仅包括被疫情推迟的结婚，还包括2024年婚期的提前。 在微博相关话题讨论中，因为龙年无“立春”节气，在民间被称为“无春年”，被认为对婚事不吉利。 相似的情况过去也曾发生过。2005年也是农历年没有立春，上海结婚对数同比下降了17.8%，而在其前后的2004年与2006年的结婚人数，都比2005年多。 2010年，上海男性平均初婚年龄为28.83岁，而到了2023年，已推迟至30.6岁；女性也一样，从2010年的26.51岁，推迟到现在的29.2岁。 全国的平均初婚年龄要低于上海，但推迟的趋势也很明显：按照2020年人口普查的数据，全国平均初婚年龄从2010年的24.89岁推迟到了2020年的28.67岁。 年轻人为什么结婚越来越晚甚至不愿意结婚？ 根据微博话题“为什么年轻人不愿意结婚了”下的调查，在超过4.4万张投票中， 约60%的网友选择了“经济压力大” ，包括购房、教育、生育等压力。 这其中尤其是生育的成本之高，让年轻人望而生退。根据近期发布的《中国生育成本报告2024版》，养育一个孩子至18岁成年的成本约为53.8万元，若养到大学毕业，平均成本在68万元左右。 一线城市的成本则会更高。其中，在北京、上海养育一个孩子成年，平均成本分别达到93.6万元、101万元。以上海为例，养育孩子的开销约占家庭收入的20%。 初婚年龄上升、及选择不结婚的人数上升，与我国城市化水平、经济发展水平的提高有着很强的相关性。 早在2015年，英国单身人口比例就已过半。而美国1/3的人口是单身，在纽约、曼哈顿这样的大城市，超过一半以上的人选择独居；瑞典首都斯德哥尔摩的独居比例高达60%，是世界上独居比例最高的国家；日本单身人数达总人口的30%…… 同时，经济越发达、结婚年龄也越晚。根据OECD的统计，在2020年，欧盟26国男性平均初婚年纪在33.8岁，女性为31.4岁。其中，瑞典是晚婚的极值，2020年男性平均初婚年纪已推迟到37.5岁，女性为34.8岁。 这其中的例外是以色列，有研究表明，当地早婚的传统根植于宗教观念和家族意识中，现代教育所带来的社会进步已经在改变女性早婚的现状，但这种改变是有限度的。 在一定程度上，晚婚是社会现代化进程推进的必然结果，包括结婚率下降、离婚率上升、单身、单亲等多样化家庭的出现，会引发出生率下降、人口老龄化等后续问题，同时也催生了一系列“单身经济”的发展。未来中国社会如何面对这种趋势，需要系统性地思考，从顶层开始设计方案，盲目地向年轻人催婚、催育解决不了问题。,2291,https://news.cctv.com/2024/02/24/ARTIhc2ScJ6XfacGaJNDXlO2240224.shtml,婚姻登记;结婚登记;婚姻;结婚;离婚;初婚;晚婚;早婚;催婚;单身
China News Service,2024/2/24,过节又被催婚了？你需要这份“聊天指南”！,过年回家没被父母、亲戚催下婚，对没对象的你来讲，简直就不是一个完整的春节。这话虽是玩笑，但也体现了春节催婚的普遍性，甚至引得催婚的和被催婚的纷纷向心理医生求助。近期，北京安定医院的微信后台就频频收到读者关于“催婚”的私信： “平时给父母打电话，三句不离：最近找对象了吗？有合适的对象能带回家过年吗？” “这又快过年了，我是真不想回家，想到亲戚们都会问我的感情状态就觉得好烦。” “我女儿今年35岁了，有什么办法能让我女儿主动找对象，哪怕新认识点人也好。” “我被催得实在扛不住了，求点有效的应对办法，能直接用的干货！跪谢。” 这见面还能不能好好聊天了？！今天，就请专注于婚姻家庭治疗的心理治疗师为双方提供一份“聊天指南”。 长辈要先有一个合理的预期，子女找对象的过程一波三折是正常的。晚辈在开始找对象的时候，可以适当透露一些信息给父母，让他们看到你有心做这个事情。子女也可以跟父母表达实际的困难，比如有时候是你喜欢对方，对方对你没有动心，自己也缺少这方面经验去处理。适当表达你的困难，同时建立清晰边界，告诉父母不需要他们过度担心，自己也在学习怎么处理，这也是亲密关系养成中必修的一课。 两代人谈及婚姻话题时，可巧用“X+Y+Z”(具体情境或前提条件X + 对方的客观行为Y + 自己的感受或需求Z)的非暴力沟通方式。下面分别从长辈和晚辈两个角度进行示范。 父母版 “儿子你已经36岁，上次分手已经过去快3年(具体情境或前提条件X)，今天你回来告诉我仍然不接受去相亲(对方的客观行为Y)，妈妈/爸爸心里真的很着急，为你担心，担心你没能为自己创造机会认识潜在适合的对象，一个人生活会孤单(以‘我’开头表达感受或需求Z，具体点更好)。” 子女版 “爸爸/妈妈我刚过年回家第一天(具体情境X)，你们没跟我商量便把我的微信给了亲戚朋友，催我见相亲对象(对方的客观行为Y)，我感到不被尊重和难过，我不喜欢快餐式地约见女生，我希望你们不要干涉，相信我可以用自己的方式去与人相识相恋(以‘我’开头表达感受或需求Z)。” “非暴力沟通”的前提是双方都愿意以合作态度讨论矛盾话题。如果是一方使用这种沟通方式，需要长时间才能起到带动作用。 遇到无法就事论事的人，比如对方情绪上头，脱口而出一些伤人的话，此时，无论对方是谁，谨记“保命要紧”，收好这道“边界符”保平安。 在心理治疗门诊，小卫是我的老访客，最近她为回家过年而纠结。电话里长辈们轮番轰炸催婚，爷爷说到激动时常常口不择言：“你那工作有啥意义，把工作辞了，给我回家结婚。”或是父母生气时威胁道：“今年没带对象回来，你也别回家给我们丢人了。” 小卫说到此处不免再次黯然神伤，自己过去一年被原单位“优化”，找到新工作实属不易，没想到自己的努力还被家人否定和贬低，一时间寒了心不想回家过年。在心理治疗过程中，我鼓励小卫表达自己的真实感受和需求，比如需要长辈做什么或不做什么(建立边界)。 后来，小卫勇敢地给家长打了电话，尝试用非暴力沟通的方式，并温柔坚定地建立边界： “爸妈，我这两年为了稳定工作，感情上投入的精力确实不多。我也很希望找到意中人，积极通过身边同事朋友的介绍认识了一些人(主动表达自己找对象的努力和困难)。 “可是，当你们几乎每次只谈结婚(情境)，并且催我或是威胁我没找到对象辞掉工作、不能回家(对方客观的言行)，我真的感到很委屈，觉得我最亲的人都不理解我的难处，把我看作不为婚姻努力的人(以‘我’开头表达感受)。 “如果以后你们仍然激动地说那些你们事后也后悔的话，我当下会挂掉电话，让我们双方冷静之后再聊，好吗(建立边界)？我真心希望，你们先听我说说最近感情的进展，如果不顺利也不需要你们给意见，我会学习怎么去处理的(表达‘我’的需求)。” 经过两次沟通，小卫的长辈逐渐能理解她的难处，不再一气之下口不择言，小卫也愿意回家过年，并把自己正在认识的一些男生的照片和资料分享给家人，帮助他们了解自己喜欢的类型。 长辈“追”， 晚辈“逃”，恶性的互动循环 在催婚与被催婚的两代人之间，大多数被催婚的晚辈觉得跟长辈沟通比较麻烦，通常选择“报喜不报忧”，只重结果忽略过程。 而长辈不了解过程，对晚辈是否能尽快找到对象感到不确定与焦虑时，就容易采用一些不恰当的方式“催婚”，比如只谈结婚的话题、强迫孩子去相亲、未经同意擅自把孩子的微信/电话告诉中间人等等。这些方式令晚辈感到不适，从而更不愿意将自己找对象的情况跟长辈沟通。双方陷入长辈“追”与晚辈“逃”的恶性互动循环。这种关系的长期紧张，会给双方带来心理压力，甚至引起抑郁、焦虑等情绪障碍问题。 “催婚”背后可能是家庭模式的代际“创伤” 这里谈到的家庭代际“创伤”指家庭中的一些不良互动、养育模式，以“症状”的方式进行传递，并且是以一种跟上一代家庭“相似”或“相反”方式进行的某种重复的命运轮回。 比如，经历过原生家庭中的暴力行为，在今后组建家庭时，有的人会不自觉认同“施暴者”，受到压力刺激时，下意识也采用粗暴的方式对待伴侣；也有一些人会同情原生家庭中的“受害者”，害怕人际关系冲突，习惯当个“老好人”，对伴侣、家人过度顺从、难以表达自己的需求，甚至回避进入亲密关系。 更为常见的是，如果父母的婚姻不幸福，子女潜意识会对亲密关系存在消极预期，从而表现出对相亲或潜在发展对象的苛刻要求与不确定的标准，还有强烈改变伴侣的愿望等，最后导致自证预言。 那有人会说了，如果父母的婚姻不幸福，我的婚姻还会幸福吗？其实，父母的相处只是给了我们一个初始人际交往的模板，并非一成不变，当我们通过学习和成长后，可以对原生家庭给予的不同资源进行祛邪扶正。 作为晚辈，可以尽量去理解长辈一些不尽合理的行为背后，是希望你过上他们所能想象到的婚姻生活。作为长辈，要支持晚辈，相信他/她能用自己的方式寻找到幸福。两代人之间的沟通需要共同努力，其实这也是在给彼此一个成长的机会。 因为当婚姻拉开序幕，未来涉及公婆与媳妇、岳父母与女婿、祖孙三代人之间的相处更为复杂，而在讨论婚恋问题的过程中，逐渐建立良好的沟通模式，也是在为全家的和睦相处打下坚实基础。 最后，祝大家新的一年，不断提升“爱与被爱”的能力，收获属于自己的幸福。,2537,https://www.chinanews.com.cn/sh/2024/02-24/10168815.shtml,婚姻;结婚;婚恋;催婚;相亲;伴侣;对象
People.cn,2024/2/27,涉及就业、安居、婚恋等方面，这个“青年人才服务包”值得关注！,近日，程家桥街道发布了“最虹桥·‘程’心为你”青年人才服务包六“心”项目，涉及青年就业、安居、健康、婚恋等方面，进一步拓宽人才服务内涵，助力企业高质量发展。一起来看看都有哪些内容吧→ “党的二十大精神”青年宣讲团走进社区、企业，定期开展宣讲活动，引领青年人才听党话、跟党走。 开展援企稳岗服务、就业政策宣传、创业帮扶推进等促就业专项行动，推进“15分钟就业服务圈”建设。 开设爱心寒暑托班、社区“宝宝屋”等托幼项目，缓解青年家长托育问题。 积极对接青年人才住房需求，不断优化青年人才居住环境与生活品质，促进青年人才社区发展。 定期开展青年人才心理疏导、法律咨询服务，护航青年人才成长成才。 搭建青年人才交流平台，每年正月十五，围绕春节、元宵等传统节日开展青年人才交友、联谊活动，打造“最虹桥·闹元宵”青年交友品牌活动。 据了解，为充分发挥区域化党团建平台的作用，程家桥街道依托“最虹桥”党建联盟与区域化团建联盟“最虹桥”小青团，聚焦青年人才成长发展需求，特发布“最虹桥·‘程’心为你”青年人才服务包，让更多青年人才在长宁落地安居。 此前，程家桥街道发布一批2023—2024年度航空行业党建联盟共建联建“资源包”，其中的“‘程’心助企、‘程’心助才”赋能行动将加大对航空服务业该类重点行业有关人才引进、就业创业等政策的解读，协助做好人才安居保障，实施就业服务网格化管理，全力提升人才的获得感。 近年来，程家桥街道着力推进“最虹桥”党建联盟建设，通过党群服务矩阵“1+3+X”阵地建设、楼门口暖心服务等措施，打造“15分钟社区美好生活圈”、建设美好“空港生活圈”，促进区域党建高质量发展，进一步提高服务群众的精细化水平，全力提升居民的生活品质，增强居民们的获得感和幸福感。,735,http://sh.people.com.cn/n2/2024/0227/c134768-40758016.html,婚恋
People.cn,2024/2/28,治理天价彩礼现象不能脱离法律框架,近日，江西省崇义县出台“零彩礼”“低彩礼”家庭礼遇机制，推进婚俗改革，给新人家庭提供子女入学、交通出行、健康体检等正向激励。其中“零彩礼”“低彩礼”夫妻的子女（含农村户口）持礼遇卡可在学前、义务教育阶段，在全县范围内按照第一顺序择校入学，该消息引发热议。（澎湃新闻 2月26日） 天价彩礼不仅影响年轻人的婚姻和幸福，也加重了家庭负担。必须治理天价彩礼现象，已然成为社会共识，各级各层面以及不少地区都出台了相关文件与举措，以期把天价彩礼的高价格“打下来”，让彩礼重归其传统礼仪象征的本意。 崇义县出台“零彩礼”“低彩礼”家庭礼遇机制，通过各种举措移风易俗，这样的初衷显然是值得肯定的，可其中“低彩礼子女优先入学”的规定却引发较大争议，舆论担忧此规定会否影响教育公平。一条稍显“出格”的规定，虽说并没有让该县治理彩礼问题的努力付诸东流，却也让当地感受到了不小的舆论压力。这给崇义县和所有推进天价彩礼等问题治理的地区提了个醒：移风易俗并非一蹴而就的工作，即便再想尽快出成绩、见效果，也不能丢了依法而行这一基本前提与准则。 天价彩礼现象与当地的经济发展水平、人口结构、观念认知等密切相关，且很大程度上并不涉及法律问题。因此，在对非法律层面的陈规陋俗进行治理的过程中，就必须要注重方式、方法，不可寄希望于通过一纸强行规定来粗暴解决问题。 比如，有些地方将医保待遇、退休养老金发放、村集体补贴等民众依法该享有的权益与移风易俗工作挂钩，还有些地方通过限制小孩上学等方式来“要挟”大人摒弃陋俗。事实证明，这些程序不规范、合法性不足的“土方子”往往事与愿违，也会成为舆论批评的靶子。 在有关移风易俗工作的建议中，变惩罚性条款为激励性举措常常被提及。崇义县“零彩礼”“低彩礼”家庭礼遇机制着重从奖励方面入手，显然也是吸取了此前其他地方相关举措引发舆情风波的前车之鉴。然而，该县激励性的举措依然引发争议，这说明在出台奖励性措施的过程中也必须依法依规而行，不能为了推进某一项工作，而损害其他群体的正当权益，尤其是教育、医疗等关乎群众切身利益，民众对其公平性、平等性尤为注重的领域。 一旦这些领域的相关权益被当成推进移风易俗工作的“筹码”，无论是奖励还是惩罚，都容易逾越法治的轨道，让治理的程序正当性与手段合法性丧失。 治理天价彩礼现象不能脱离法律框架。宣传倡导为主，适当激励为辅，通过典型树立、榜样带动等方式，循序渐进、春风化雨以改变民众的认知与理念，让他们自觉与天价彩礼告别，虽说可能见效稍慢，但在移风易俗的过程中，舍此别无其他捷径。那些看似立竿见影的“硬举措”，不仅因为缺乏法理依据而难以持久，且往往容易出现反弹、复发等后遗症，最终也是“治标不治本”。（夏熊飞）,1121,http://yn.people.com.cn/n2/2024/0228/c372441-40758763.html,天价彩礼;婚姻;彩礼;婚俗;夫妻
CCTV,2024/3/4,有法撑腰 勇敢向家暴说不,2024年3月1日，《中华人民共和国反家庭暴力法》（以下简称《反家暴法》）已施行8年。家庭和谐是社会和谐的基础，个人婚姻和家庭关系的和睦与否关系到全社会的和谐稳定，从注重家庭家风建设到加大权利保护力度，《反家暴法》一直注重对弱势家庭成员合法权益的保护。 作为专业家事审判庭，北京市第一中级人民法院团河法庭梳理涉家暴案件中当事人常问常见的10个法律问题为大家解读，鼓励当事人勇敢向家暴说“不”。 第一问：什么是《反家暴法》所指的家庭暴力？ 有人说夫妻间吵架、互相推搡、拉扯就是家暴；有人说孩子不听话被父母打了也是家暴，那么如何准确识别《反家暴法》所指的家庭暴力？ 答：家庭暴力不同于一般的家庭冲突，虽然形式上表现多样，但核心是施暴人试图通过家暴行为对受害人进行控制。严重的家庭冲突虽可能引发侵权相关法律问题，但并非都属于《反家暴法》所指的家庭暴力。 《反家暴法》第二条规定：“本法所称家庭暴力，是指家庭成员之间以殴打、捆绑、残害、限制人身自由以及经常性谩骂、恐吓等方式实施的身体、精神等侵害行为。”《最高人民法院关于办理人身安全保护令案件适用法律若干问题的规定》（以下简称《规定》）第三条进一步明确，家庭成员之间以冻饿或者经常性侮辱、诽谤、威胁、跟踪、骚扰等方式实施的身体或者精神侵害行为，应当认定为《反家暴法》第二条规定的“家庭暴力”。《反家暴法》在明确规定身体暴力和精神暴力的同时，使用了一个“等”字，给人民法院根据个案实际情况界定家庭暴力留下司法适用空间。 在适用范围上，家庭暴力不局限于夫妻、子女等家庭成员之间，家庭成员以外共同生活的人（一般包括共同生活的儿媳、女婿、公婆、岳父母以及其他有监护、扶养、寄养等关系的人）之间实施的暴力也属于家庭暴力。 第二问：申请人身安全保护令，举证要达到什么程度？ 我们结婚5年了经常吵架，一言不合他就随手抄起东西砸向我。那天我们在家吃晚饭，因为琐事争吵起来，他拿起桌上的热汤向我泼来，我的手臂被烫伤起了水泡。我想向法院申请人身安全保护令，但他却说这都是你自己不小心烫伤的。我该怎么举证？ 答：当遭受家庭暴力或面临家庭暴力现实危险时，受害人均可向人民法院申请人身安全保护令。该制度的创设目的在于及时预防和制止家庭暴力，以及防范暴力升级转变为恶性刑事案件。鉴于人身安全保护令的预防性保护以及能够快速及时保护申请人免遭家暴侵害的功能，《规定》第六条明确了申请人身安全保护令的证明标准是“存在较大可能性”。因此在事实审查上，法官会结合日常经验和生活常理，根据申请人提交的证据材料审查事实是否存在较大可能性，是否具有发生家庭暴力的现实危险，证明标准无需达到民事诉讼证明标准的高度盖然性，只需达到“存在较大可能性”证明标准，法院即可发出人身安全保护令。 《规定》第六条同时列举了11种证据形式为受害人留存、收集证据提供行为指引。具体为： （二）公安机关出具的家庭暴力告诫书、行政处罚决定书； （三）公安机关的出警记录、讯问笔录、询问笔录、接警记录、报警回执等； （四）被申请人曾出具的悔过书或者保证书等； （五）记录家庭暴力发生或者解决过程等的视听资料； （六）被申请人与申请人或者其近亲属之间的电话录音、短信、即时通讯信息、电子邮件等； （八）申请人或者被申请人所在单位、民政部门、居民委员会、村民委员会、妇女联合会、残疾人联合会、未成年人保护组织、依法设立的老年人组织、救助管理机构、反家暴社会公益机构等单位收到投诉、反映或者求助的记录； （九）未成年子女提供的与其年龄、智力相适应的证言或者亲友、邻居等其他证人证言； （十一）其他能够证明申请人遭受家庭暴力或者面临家庭暴力现实危险的证据。 第三问：离婚诉讼中，人身安全保护令是否等同于已对家暴事实进行认定？ 我们感情不和分居两年了，他总是给我打电话、发微信威胁我，我向法院申请了人身安全保护令。现在我起诉离婚，仅依据人身安全保护令，是否可以直接认定他构成家暴？我还需要再提交其他证据吗？ 答：为了给受害人提供一道法律上的“隔离墙”，人身安全保护令在法律程序上不依托于其他诉讼程序而具有独立性，申请人向人民法院申请人身安全保护令，不以提起离婚等民事诉讼为条件。基于该制度的创设目的和快速及时的程序设计，人身安全保护令的证明标准是远低于离婚诉讼中认定家暴事实的证明标准，且实践中一部分保护令是对面临家庭暴力现实危险而作出，故在离婚诉讼中，仅有人身安全保护令并不等同于可以直接认定存在家庭暴力的事实。 《规定》第九条规定，离婚等案件中，当事人仅以人民法院曾作出人身安全保护令为由，主张存在家庭暴力事实的，人民法院应当根据《最高人民法院关于适用〈中华人民共和国民事诉讼法〉的解释》第一百零八条的规定，综合认定是否存在该事实。 第四问：特殊主体遭遇家暴，谁能帮助他们申请人身安全保护令和收集证据？ 我因下肢瘫痪长期卧床，生活不能自理。时间久了我的配偶嫌弃我拖累他，常常辱骂我，还不给我吃饭，我该向谁求助？ 答：一些涉家暴因素的家事案件发生在家庭成员之间，受害人通常为妇女、儿童、老年人以及残疾人等弱势群体，导致案件具有伦理性、隐蔽性等特点。现实中，因年老、年幼、残疾、重病、受到强制、威胁恐吓等原因，受害人不敢或不能亲自向人民法院申请人身安全保护令。为了充分保护特殊群体能够及时获得人身安全保护令制度的救济，《反家暴法》规定了代为申请的情形和主体范围。 《反家暴法》第二十三条规定，当事人是无民事行为能力人、限制民事行为能力人，或者因受到强制、威吓等原因无法申请人身安全保护令的，其近亲属、公安机关、妇女联合会、居（村）委会、救助管理机构可以代为申请。《规定》对代为申请的主体进行了扩充，特别明确当事人因年老、残疾、重病等原因无法申请人身安全保护令，根据当事人意愿，民政部门、残疾人联合会、依法设立的老年人组织等可以代为申请。至此，在法律上充分整合调动社会多方力量，合力联动保障弱势群体及时有效维权。在证据收集方面，当事人及其代理人对因客观原因不能自行收集的证据，可以申请人民法院调查收集。必要时人民法院经审查还可依职权对特定相关事实进行调查与探知，推动解决家暴举证难问题。 第五问：法律对被申请人不履行人身安全保护令裁定如何惩治？ 今天我收到了法院作出的人身安全保护令裁定书，上面明确写着责令他迁出我的住所。但我还是很担心，要是他不履行裁定，一直不走怎么办？ 答：目前，由于部分受害人对人身安全保护令制度还不够了解，难免会对保护令作出后的法律效果产生多种担心。为了消除受害人的顾虑，鼓励受害人勇敢向家暴说不，人民法院在确保人身安全保护令的执行与惩治方面有如下措施： 1.多主体协助，共同共责助力人身安全保护令的执行 《反家暴法》第三十二条规定：“人民法院作出人身安全保护令后，应当送达申请人、被申请人、公安机关以及居民委员会、村民委员会等有关组织。人身安全保护令由人民法院执行，公安机关以及居民委员会、村民委员会等应当协助执行。”司法实践中，人民法院还会根据个案情况向当事人所在地的妇女联合会、学校、未成年人保护组织、残疾人联合会、依法设立的老年人组织等机构送达。在保护令有效期内，法院会与上述相关协助主体就保护令的执行情况进行定期回访和跟踪记录，及时发现问题线索，避免暴力再次发生和升级为恶性事件。 2.多层次释明，督促被申请人严格遵守人身安全保护令 人民法院向被申请人送达人身安全保护令后会对其进行法律释明和说服教育，明确告知其违反人身安全保护令将面临何种法律后果。《反家暴法》第三十四条规定，被申请人违反人身安全保护令，构成犯罪的，依法追究刑事责任；尚不构成犯罪的，人民法院应当给予训诫，可以根据情节轻重处以一千元以下罚款、十五日以下拘留。《规定》第十二条进一步明确，被申请人违反人身安全保护令，符合《中华人民共和国刑法》第三百一十三条规定的，以拒不执行判决、裁定罪定罪处罚；同时构成其他犯罪的，依照刑法有关规定处理。由此，如果施暴方在保护令的保护期内再次实施家庭暴力，存在不履行人身安全保护令裁定的行为，将会受到法律的严惩，符合相关法定情形的还将面临刑事处罚。 第六问：因家暴第一次起诉离婚，但对方不同意离婚，这婚还能离吗？ 在法庭上他坚决不同意离婚，说我们的感情还能够修复，让法官再给他一次机会。他还当面对我下跪，痛哭着想挽留我，并表态以后绝不再打我了。虽然我是第一次起诉离婚，但我坚决想离婚，法院会判决离吗？ 答：根据《中华人民共和国民法典》（以下简称《民法典》）婚姻家庭编第一千零七十九条第二款、第三款的规定，对于存在家庭暴力等离婚法定事由的，即便是初次起诉离婚，调解无效的，应当准予离婚。因此，在离婚诉讼中，即便施暴方表示坚决悔改，不同意离婚，人民法院也应当判决准许双方解除婚姻关系。 此外，根据《中华人民共和国民事诉讼法》（以下简称《民事诉讼法》）的相关规定，判决不准离婚和调解和好的离婚案件，没有新情况、新理由，原告在六个月内又起诉的，法院不予受理。为了及时高效保护家暴受害人维权，《规定》第十一条把被申请人违反人身安全保护令实施家庭暴力作为可以认定为《民事诉讼法》第一百二十七条第七项规定的“新情况、新理由”的法定情形，从而扩大适用范围，及时助力受害人维权。 第七问：离婚诉讼中，施暴方能直接抚养孩子吗？ 我是一个家庭主妇，没有经济收入来源。每次他喝酒回来，都当着孩子的面，辱骂我、对我进行拳打脚踢。我向法院起诉离婚，但我担心会不会因为他经济条件比我好，我会无法取得孩子的抚养权？ 答：在涉家暴的离婚案件中，存在大量未成年子女亲眼目睹其父母之间发生家暴行为的案件。但在审判实践中，经常会有施暴者辩称，家暴行为仅存在于夫妻之间，并不影响其对孩子的感情。 根据《民法典》婚姻家庭编第一千零八十四条规定，父母双方对抚养问题协议不成的，由人民法院根据双方的具体情况，按照最有利于未成年子女的原则判决。未成年子女目睹施暴过程会给其内心造成了极大心理创伤，目睹家暴的未成年人实际上也同样是家暴的受害人。人民法院在审理离婚纠纷涉子女抚养权归属时，充分保护未成年人的合法权益，按照最有利于未成年子女的原则，一旦父母一方被认定构成家暴，一般均不宜判决其直接抚养未成年子女。 第八问：离婚诉讼分割夫妻共同财产，对于家暴方有没有相应的惩罚？ 我听说离婚诉讼分财产，就是一人一半。但是他对我进行家暴，我要求在财产分割比例上予以多分，能得到支持吗？ 答：《民法典》婚姻家庭编第一千零八十七条首次规定了离婚分割财产中“照顾无过错方权益原则”。对于施暴方，在离婚财产分割上，法院可以根据个案的具体情况，酌定对施暴方予以少分财产，以此惩戒施暴者。 第九问：家暴让我身心受伤，我能得到赔偿吗？ 我在网上看了法院的普法文章，了解到申请人身安全保护令是不以提起离婚诉讼为前提的，那么不提离婚，能否对家暴带来的损害单独提出赔偿？ 答：在婚姻关系存续期间，当事人不起诉离婚而单独提起损害赔偿请求的，法院不予受理。 在离婚诉讼中，实施家庭暴力导致离婚的，无过错方有权请求损害赔偿。这项请求权专属于离婚双方中的无过错方，若夫妻双方均存在过错情形，则一方或者双方向对方提出离婚损害赔偿请求的，法院不予支持。无过错方作为原告向法院提起损害赔偿请求的，必须在离婚诉讼的同时提出。 家暴行为不仅会给受害方的身体造成损害，还会对其精神造成严重创伤。根据《民法典》第一千零九十一条、《最高人民法院关于适用〈中华人民共和国民法典〉婚姻家庭编的解释（一）》第八十六条的规定，实施家庭暴力导致离婚的，无过错方有权请求损害赔偿，该赔偿包括物质损害赔偿和精神损害赔偿。 物质损害赔偿主要是指过错方给无过错方造成的财产损失，包括积极财产的减少，例如因家暴行为产生的医疗费、护理费等，以及消极财产的增加，例如因遭受家暴对外产生负债等。物质损害赔偿以全部赔偿为原则，法院会根据过错方的过错程度、造成的损失大小等确定赔偿数额。关于精神损害赔偿金的具体数额由法院根据当地的经济发展水平、错方的侵害程度等因素综合确定。过错方应当以个人财产和分得的财产支付离婚损害赔偿金。 需要提示的是，男女双方若是协议离婚的，即在婚姻登记机关办理离婚登记手续后，除非无过错一方在协议离婚时明确表示放弃离婚损害赔偿请求权，否则仍可在离婚后就离婚损害赔偿提起诉讼主张权利。 我起诉离婚了，但家暴让我对两性关系产生畏惧，谁能告诉我该如何面对今后的生活？ 答：家暴发生后，虽然身体上的伤害会随时间逐渐恢复，但受害人的心理创伤往往难以修复。为此，北京一中院团河法庭在审理涉家暴离婚纠纷案件中，开辟“家立方”家庭司法保护新模式，与北京市妇联签署《在家事审判中注重妇女权益司法保护合作框架协议》，建立家事审判工作联动机制，引入社会工作和心理疏导，在个案审理中可依据当事人申请，通过妇联干部、人民调解员、心理咨询师介入疏导，缓解受害人以及未成年子女的心理创伤，给予家庭暴力受害人更多生活上和精神上的帮扶。,5296,https://news.cctv.com/2024/03/04/ARTIzv5IIDZ7usxpwIKzYP8G240304.shtml,婚姻登记;婚姻;结婚;离婚;夫妻;配偶;家庭暴力;家暴
CCTV,2024/3/6,【8点见】民政部：积极推进婚姻登记“全国通办”,央视网消息： 每天8点，央视网为您梳理24小时内发生在咱们身边的大小事儿。 · 国家矿山安全监察局：严厉打击矿山瞒报事故行为。 ·东部战区新闻发言人就美“菲恩”号导弹驱逐舰过航台湾海峡发表谈话：随时应对一切威胁挑衅！ ·民政部：待条件成熟，会积极推进婚姻登记“全国通办”。 ·第32届华东进出口商品交易会闭幕，实现意向订单金额达22.1亿美元。 ·2023年我国锂电池行业总产值超1.4万亿元。 ·国产商用飞机C919及ARJ21首次飞抵柬埔寨。 ·江西都昌黄金山船货遗址整理出土青白瓷标本超2万件。 ·中国选手首次夺得听障冬奥会单板滑雪个人项目金牌。 ·“美F-35在乌行动”陷“罗生门”，美军否认参战。 ·菲律宾国警反绑架官员中文培训班圆满结业。 ·日本民众发起集体诉讼，要求停止核污染水排海。 ·韩国江原大学约10名医学院教授削发抗议扩招：无颜面对学生。 ·天津河西区辟谣高中纳入义务教育：未接到工作要求。 ·中国科学院魏辅文院士团队：棕色熊猫七仔是基因缺失突变。 ·湖北武汉一钓友价值万元的金戒指掉落，塘主一年后清塘时通知寻回。 ·2名女驴友在秦岭失联，陕西安康市宁陕县通报：2名人员已找到，其中一人虚弱，另一人无生命体征。 ·厦门海关查获胎盘提取物凝胶50管，已依法暂扣。 ·五常市市场监管局回应金龙鱼五常大米被曝造假：已成立调查组，正在开展调查。 ·窃贼1年内偷窃回收箱内衣物620公斤，法院：拘役5个月，罚款2000元。 ·秦皇岛一男子烧烤店拔毛发放生蚝索赔，店家回应：点了6个已退钱，事后查监控才发现。 ·生锈钢筋插入2岁幼童右脸，17名医生联合会诊与“死神”抢人，成功取出钢筋。 快递企业不能再有侥幸敷衍的心态，别以为将矛盾转嫁给快递员和用户，让事情难以推动，久而久之就可以不推动了。 ——极目新闻评“快递新规执行后有快递员转行送外卖” 2024年3月3日，兰州红古区的七彩丹霞中，疾驰在兰新高铁上的动车组列车从中穿越，中国速度与锦绣山河完美同框，格外壮美。 2023年3月1日，陕西安康，秦岭山脉白雪皑皑，玉树琼枝“造型”独特。 霍悦欣从中圈附近开始带球，调整几步后，在距离球门30米开外突然起脚，皮球在空中划出一道美妙的弧线，直挂死角！3月4日下午，凭借这个比赛第88分钟的“世界波”，中国队在2024年U20女足亚洲杯B组首轮比赛中1比1“绝平”上届亚军朝鲜队。3月8日即将迎来自己19岁生日的霍悦欣，也“一球成名”，在微博等社交媒体引发球迷热议。,1036,https://news.cctv.com/2024/03/06/ARTIY03p3tIZQ6kBABhisVKR240305.shtml,婚姻登记;婚姻
China News Service,2024/3/6,青海：增强婚姻家庭纠纷预防化解,中新网 西宁3月6日电(祁增蓓)青海省县级以上婚姻家庭纠纷调解委员会实现全覆盖；妇联主席100%进村(社区)“两委”班子，“一站式”维权站点覆盖率达90%以上；规范反家庭暴力公安接处警流程、反家暴知识纳入全省派出所所长培训……6日，青海省妇女联合会党组成员、副主席王瑞菊在青海省“关注困境儿童和困难妇女加强专项司法救助”专项行动典型案例新闻发布会上介绍青海省妇女儿童保护工作情况。 王瑞菊介绍，截至2021年，青海省女性人口289.01万人，0至17岁的儿童145.38万人。全省五级妇联组织健全，共建妇女组织7269个，有专、兼职妇联干部13382人，执委31350人。创建“妇女之家”6189个，其中“两新”组织“四新”领域706个，尼姑寺院27个。 为推动妇女权益保障法全面有效实施，2023年，青海省人大与省妇联首次联合行使立法权，结合青海省的反家暴工作实际，出台了《青海省反家庭暴力条例》，在反家暴工作遵循的原则和工作机制、家庭暴力的预防、家庭暴力的处置、人身安全保护令、法律责任等方面均进行了较为详细的规定，为涉及妇女儿童权益的类似案件和维权难点问题提供示范指导。 “在做好常态化走访排查方面，我们重点了解掌握精神残疾、智力残疾、单亲、失亲、矛盾多的家庭面临的困难和问题，加强对无民事行为能力的妇女和儿童的保护。”王瑞菊说，2023年，青海省妇女联合会每半月召开专题会议，商讨婚姻家庭纠纷隐患，增强婚姻家庭纠纷预防化解工作实效，推动保障妇女儿童合法权益进一步贯彻落实。 同时，青海省妇联与有关部门联合建立了保护妇女儿童权益合作机制，推动反家暴会商、困境妇女儿童司法救助、加强人身安全保护令制度落实、实施巾帼法律明白人培养等指导意见，推行未成年被害人“一站式”办案，建立婚姻家庭矛盾重点家庭，特别是家暴家庭档案，实行红黄蓝“三色”动态管理和分级处置。 王瑞菊表示，在青海省婚调委“县级全覆盖”的基础上，青海省妇联将与省司法厅在乡镇(街道)、村(社区)联合建立200个婚调室，通过“以案定补”“以奖代补”的方式，落实婚姻家庭纠纷人民调解员待遇，培树一批活跃在妇女身边的法治宣传、走访排查、纠纷化解、情绪疏导、关爱帮扶等基层服务窗口，不断提升分级分类处置、专业调解服务，打通婚姻家庭问题服务“最后一公里”。(完),959,https://www.chinanews.com.cn/sh/2024/03-06/10175469.shtml,婚姻;家庭暴力;家暴
People.cn,2024/3/7,王芳委员：引导正确婚恋观 让婚育新风进万家,2024年03月07日16:12 何加强对适龄青年婚、育、家等观念的教育引导，持之以恒地推动婚育新风进万家，成风化人，濡养人心？ 全国政协委员，内蒙古自治区妇联党组书记、主席王芳在接受人民网记者专访时表示，要调动群团组织等多方积极性，努力培育新型婚育文化，构建生育友好型社会。 妇联组织是党和政府联系妇女群众的桥梁纽带，专门从事妇联工作的王芳认为，引导年轻人树立正确的婚恋观生育观家庭观，是各级群团组织职责所在。 婚育新风的转变，重在观念的改变。在王芳看来，各级群团组织及教育、文化等相关部门要发挥自身优势，用心用情用力做好年轻人正确的婚恋观、生育观、家庭观的宣传引导工作。 去年，王芳参加了3次全国主题调研，深入到内蒙古自治区4个盟市、19个旗县，召开了近40场座谈会，并发放了47630份覆盖党政机关、企事业单位、大学高中的调查问卷，分析结果显示，当下年轻人恋爱婚姻的年龄普遍推迟，甚至有部分年轻人存在不愿婚、恐婚的现象。 她认为，要倡导正确的婚恋观，引导年轻人树立健康的恋爱观、择偶观、生育观，引导年轻人适龄婚育、夫妻共育。同时，还要倡导正确的家庭观，引导年轻人向上向善、共建共享，建设好家庭、涵养好家教、传承好家风。 此外，王芳认为还应构建婚恋指导公益服务体系，扶持更多的公益婚介机构，并调动发挥有爱心、热心、责任心的志愿者、致富带头人等为主体的公益红娘队伍，积极开展免费婚介和婚姻家庭服务，让婚育新风吹进千家万户。,612,http://lianghui.people.com.cn/2024/n1/2024/0307/c458609-40191138.html,婚姻;婚恋;婚育;恐婚;婚介;恋爱;择偶;夫妻
China News Service,2024/3/9,两会大家谈丨让婚姻始于爱，让彩礼归于“礼”,中新网 北京3月9日电(张钰惠)3月8日，“两高”报告出炉。今年的最高法工作报告中，家庭暴力、彩礼纠纷等婚恋议题引发关注。 “家暴不是‘家务事’，反家暴是国家、社会和每个家庭的共同责任。” 最高法工作报告中，引发社会广泛讨论的“牟林翰案”位列其中。据报告介绍，牟林翰凌辱同居女友致其自杀，以虐待罪判处有期徒刑，确立了婚前同居施暴须以家庭成员承担刑事责任的司法规则。 报告显示，2023年，最高法发布两批反家暴典型案例，对以“爱”之名家暴未成年人、离异后抢夺藏匿未成年子女等予以司法规制。明确恋爱、同居遭遇对方暴力，可申请人身安全保护令，人民法院发出各类人身安全保护令5695份，同比增长41.5%。 今年全国两会上，家暴问题也是代表委员们关注的焦点。 全国人大代表、山西省翼城县北关小学教师李慧表示，家庭暴力并不是简单的“家务事”，更不是法律所不能及的“隐秘的角落”。检察机关支持家庭暴力受害者提起离婚诉讼或者人身损害赔偿诉讼，并非介入普通的婚姻家庭纠纷，而是通过履行民事检察职能，表明反对家庭暴力的鲜明态度，既有利于引导家庭暴力受害者依法及时维权，也是通过法治手段有力引领社会主义核心价值观。 为有效预防家庭暴力，我国出台了反家庭暴力法。新修订的妇女权益保障法增设检察公益诉讼条款，检察机关探索反家暴监督办案，通过能动履职激活反家暴治理机制。 最高法工作报告提到，针对近年来涉彩礼纠纷增多甚至引发恶性案件，最高法制发司法解释和典型案例，明确禁止以彩礼为名索取财物，依法遏制高额彩礼。 今年2月1日，最高法发布的《关于审理涉彩礼纠纷案件适用法律若干问题的规定》正式施行。新规针对借婚姻索取财物、结婚后“闪离”等情形彩礼纠纷如何处理加以明确。新规施行以来，多地适用新规对彩礼官司作出判决或调解。 两会期间，代表委员们也对彩礼问题建言献策。 由于高价彩礼、厚葬薄养等陈规陋习的出现，农民群众在婚丧嫁娶中的人情、宴席、彩礼等支出负担明显增加。全国人大代表于莉提出建议，加强移风易俗日常监督，指导村级组织认真落实移风易俗相关措施，督促婚庆、殡葬等机构规范服务行为，及时纠正不正之风。 “作为一名农村基层书记，我深感农村通过普法移风易俗的重要性。”全国人大代表、江苏省靖江市新桥镇德胜中心村党委书记杨恒俊谈到一件在法院法庭调研时了解到的案件，该案是由高额彩礼引发的婚姻家事纠纷。案件办完后，法庭会同村委会、人大代表、政协委员、村民代表一起商讨将婚嫁新俗写进村规民约。在村民代表大会上，大家听取了法庭的建议，在村规民约中新增一条“婚丧嫁娶新风尚，少收彩礼不铺张”，同时明确彩礼数额不超过3万元。 杨恒俊建议，法院要进一步加大普法进乡村的力度，通过普法移风易俗，推动形成家庭文明新风尚。(完),1139,https://www.chinanews.com.cn/sh/2024/03-09/10177320.shtml,高价彩礼;婚姻;结婚;离婚;婚恋;彩礼;婚嫁;恋爱;家庭暴力;家暴
People.cn,2024/3/10,高法报告提出遏制高额彩礼引发共鸣,2024年03月10日00:03 彩礼，让婚姻始于爱，让彩礼归于“礼”。 彩礼多寡，看似小事家事，却是影响社会风气的大事。 2019年，中央一号文件首提治理“天价彩礼”；今年初，最高法施行“彩礼新规”。国家下力气整治这一现象，彰显对高额彩礼等移风易俗重点领域问题说“不”的鲜明态度。 作之于细，累之成风。代表委员认为，党的十八大以来，从整治“舌尖上的浪费”到管住“车轮上的铺张”，以微小之变，赢得党风、政风为之一新。整治高额彩礼问题，也是把小事家事当成建设文明乡风的大事。 在一些地区，高额彩礼流行，名目不断翻新。有的已演变成“甜蜜的负担”，有的家庭陷入“因礼返贫”的窘境，有的以婚恋之名行诈骗之实。 代表委员说，在旧风俗影响下，高额彩礼之风不断蔓延，扭曲的“婚恋价值观”加剧婚姻焦虑，极易成为制约乡村精神文明建设的大问题。 今年的政府工作报告提出，建设宜居宜业和美乡村。全国人大代表、宁夏社会科学院社会学法学研究所所长李保平说，从治理高额彩礼等问题破题，促进乡村移风易俗，将有力推动和美乡村建设。 治理高额彩礼，不可能一蹴而就。要关注基层新变化，找寻新办法。全国两会上，一些代表委员提到，不少地区已经展开婚俗改革，逐步使彩礼回归于“礼”。 安徽省阜阳市兴起10001元彩礼（寓意万里挑一）、互相赠礼等新风俗；河北省河间市提倡“不比彩礼比幸福”，去年1000对登记新人“零彩礼”“低彩礼”占比达到88%；贵州省岑巩县把高额彩礼降下来，女方又多以“压箱钱”返还。 2023年11月3日，浙江省杭州市临平区塘栖镇丁河村举办集体婚礼。八对新人在村民和游客的见证下喜结良缘，并发出《婚俗改革倡议书》。新华社记者 徐昱 摄 文明乡风、良好家风、淳朴民风焕发乡村文明新气象。 一些代表委员认为，高额彩礼之风不能简单归结于落后的传统。男女比例失调、农村养老焦虑、教育程度不足等问题的存在，一定程度影响着治理难度。 ――发挥“自治”作用。抬头不见低头见的乡村熟人社会习惯于“讲人情、讲关系”，但用好这层关系也可以实现引导效果。 “推进移风易俗，红白理事会是个好抓手。”安徽省阜阳市颍州区九龙镇五坑村党总支书记闫永志代表说，听说哪家要摆席了，发动村里“五老”“乡贤”送“理”上门，能解开很多家庭心里的疙瘩。 2024年1月5日，在广西柳州市融安县浮石镇六寮村议事协商主题广场，镇、村干部和村民在议事。新华社记者 黄孝邦 摄 ――善用“法治”方法。针对彩礼纠纷，多地法院已适用“彩礼新规”定分止争。 “司法审判提供有益经验。”河北省河间市兴村镇大庄村党支部书记石炳启代表建议，进一步发挥典型案例作用，采取进村普法、巡回法庭进乡村等措施，实现“办理一案、治理一片”的良好社会效果。 ――做好“德治”文章。让礼回归本质，以德化解不良风气，乡风文明之花将盛开在广袤的农村大地上。 “治理高额彩礼歪风陋习，要拿出遏制‘舌尖上的浪费’的决心和态度。”贵州省岑巩县塔山村党支部书记郑培坤代表建议，厉行节俭之风，干部带头引导群众转观念、破陋习，发挥村规民约激励作用，助力移风易俗。 李保平代表说，遏制高额彩礼歪风，要大力推进移风易俗工作。实施乡村振兴，不仅看农民口袋里的票子有多少，也要看农民的精神风貌。,1335,http://lianghui.people.com.cn/2024/n1/2024/0310/c458561-40192573.html,天价彩礼;婚姻;婚恋;彩礼;婚俗;婚礼
China News Service,2024/3/12,能“摸出来”的结婚誓词：我国视障人士首次使用无障碍格式文件完成结婚登记,中新网 北京3月12日电 (记者 郭超凯)3月12日，张女士和王先生携手走进北京市西城区民政局婚姻登记服务中心，全程无障碍办理了结婚登记手续。据悉，这是北京市西城区民政局婚姻登记服务中心第一次为视障人士提供盲文版、大字版无障碍格式结婚登记制式文件，也是全国首次为视障人士提供无障碍格式版结婚登记告知单、结婚誓言。 张女士为视力残疾一级，王先生为视力残疾二级，他们看不见或者看不清普通文字，只能摸读盲文或者阅读大号文字。北京市西城区民政局婚姻登记服务中心得知两位新人的视力状况后，主动为两位新人设立绿色通道，并提供盲文版、大字版结婚登记告知单、结婚誓言。 依据个人的视力情况，张女士和王先生分别摸读了盲文版、阅读了大字版结婚登记告知单、结婚誓言，真实地感受到婚姻的神圣和庄重，心中的喜悦和幸福溢于言表。 为视障人士结婚登记设立绿色通道，并提供无障碍格式结婚登记制式文件，不断提升社会公共服务水平，是落实无障碍环境建设法的一项重要举措。该举措对于有效推动无障碍环境建设，进一步保障视力残疾人合法权益具有重要意义。 无障碍环境建设法自2023年9月1日起施行。作为我国首部就无障碍环境建设制定的专门性法律，该法明确规定国家基本公共服务使用国家通用盲文。 为确保无障碍格式结婚登记告知单、结婚誓言规范、权威，北京市西城区民政局婚姻登记服务中心特别商请中国盲文出版社制作盲文版、大字版结婚登记告知单、结婚誓言。作为全国唯一一家为1700余万视力残疾人提供各类文化产品和服务的综合性公益出版机构，中国盲文出版社充分彰显国家公益性出版和人道主义传播基地效能，积极承担无障碍环境建设的社会责任，为进一步维护和保障视力残疾人的语言文字文化权益作出了积极贡献。(完),723,https://www.chinanews.com.cn/sh/2024/03-12/10178810.shtml,婚姻登记;结婚登记;婚姻;结婚
China News Service,2024/3/13,视障人士结婚登记首用无障碍制式文件,本报讯（记者 王薇）昨日，西城区民政局婚姻登记服务中心首次为视障人士提供盲文版、大字版无障碍格式结婚登记制式文件，这也是全国首次为视障人士提供无障碍格式版结婚登记告知单、结婚誓言。 对于视障人士张女士和王先生来说，昨天是特别的一天，他们携手走进西城区民政局婚姻登记服务中心，通过绿色通道，依据个人的视力情况，分别摸读了盲文版、阅读了大字版结婚登记告知单、结婚誓言，真实地感受到婚姻的神圣和庄重，心中的喜悦和幸福溢于言表。张女士激动地说：“在无障碍环境建设迅速发展的新时代，作为第一对体验结婚登记绿色通道、使用无障碍格式结婚登记告知单、结婚誓言的视障人士，我们感到无比幸福和满足。” 《无障碍环境建设法》自2023年9月1日起施行。作为我国首部就无障碍环境建设制定的专门性法律，该法明确规定国家基本公共服务使用国家通用盲文。据了解，西城区民政局婚姻登记服务中心在两位新人登记前，得知了他们的视力状况，中心主动为两位新人设立绿色通道，并提供了盲文版、大字版结婚登记告知单和结婚誓言。为确保无障碍格式结婚登记告知单、结婚誓言的规范、权威，西城区民政局婚姻登记服务中心还特别商请中国盲文出版社，制作了盲文版、大字版结婚登记告知单、结婚誓言。（,517,https://www.chinanews.com.cn/sh/2024/03-13/10179175.shtml,婚姻登记;结婚登记;婚姻;结婚
China News Service,2024/3/14,当彩礼遭遇纠纷 如何“始于爱 归于礼”,“给她买的手机、首饰及转账都属于彩礼，必须一分不差还我。”近日，北京市第一中级人民法院团河法庭三级高级法官梁睿审结了一起涉彩礼纠纷案，庭审现场，一对昔日情侣吵得不可开交。贾先生表示恋爱期间的多笔消费支出和转账均为彩礼，李女士则认为是表达爱意的赠与，两人争执不下。 为统一涉纠纷案件法律适用，2024年2月1日，《最高人民法院关于审理涉彩礼纠纷案件适用法律若干问题的规定》(以下简称“规定”)实施。中国法学会婚姻家庭法学研究会副会长、厦门大学法学院教授蒋月认为，规定针对司法实践中存在的彩礼认定范围、彩礼返还原则、诉讼主体资格等重点难点问题予以规范，同时进一步细化了返还彩礼纠纷的裁判原则和尺度，有助于统一类案的法律适用标准，妥善平衡双方利益。 贾先生与李女士的案件是北京市第一中级人民法院首次适用规定审结的一起彩礼返还纠纷案。据最高人民法院相关统计，规定实施当天，全国至少有6地法院适用规定审理了涉彩礼纠纷案件，都是双方婚后同居时间不满一年，其中3个案例涉及的彩礼在20万元以上。 《中华人民共和国民法典》规定，禁止借婚姻索取财物。规定明确，以彩礼为名借婚姻索取财物，另一方要求返还的，人民法院应予支持。 “当事人因主张全部或部分返还彩礼而产生纠纷是现代经济社会发展变化带来的新司法问题。”梁睿告诉中青报·中青网记者，从司法实践看，涉及彩礼返还的纠纷因双方当事人关系特殊、争议大，处理不当极易激化矛盾。 2021年年初，贾先生与李女士通过商业婚恋网站相识并建立恋爱关系。恋爱期间，贾先生为李女士购买了手机、首饰，多次转账合计4万元。随后两人开始不定期共同居住，谈论结婚事宜。贾先生答应给付彩礼50万元，并先向李女士转账15万元，半年后，两人因性格及生活习惯问题分手。谈及彩礼返还，两人各持己见，谁也不肯让步。 梁睿看来，本案的争议焦点是恋爱同居期间，男方给予女方的财物究竟是彩礼还是赠与。规定明确，人民法院在审理涉彩礼纠纷案件中，可以根据一方给付财物的目的，综合考虑双方当地习俗、给付的时间和方式、财物价值、给付人及接收人等事实，认定彩礼范围。 梁睿指出，认定彩礼需同时具备两个要件，一是没有其他给付义务，一方因期待与对方缔结婚姻而实施的给付行为；二是需双方均明知结婚的目的。梁睿分析说，贾先生为李女士购买的手机、首饰以及转账的4万元，属于恋爱关系中为增进感情进行的消费性支出，不属于彩礼；双方沟通彩礼数额后，贾先生向李女士转账了15万元，双方也曾明确认可为彩礼，因此，可以认定15万元为贾先生为达到与李女士结婚的目的而给付的部分彩礼。 鉴于双方仅不定期共同居住，交往时间不长，考虑双方没有登记结婚、没有生育子女的事实，综合交往期间贾某的花费等情形，北京市第一中级人民法院判决李女士返还彩礼15万元。 有关返还彩礼的条件，《最高人民法院关于适用〈中华人民共和国民法典〉婚姻家庭编的解释(一)》规定了三种可返还情形，包括：未办理结婚登记、已办理结婚登记但确未共同生活以及彩礼给付导致给付人生活困难。 然而，现实生活中存在大量未办理结婚登记却按照当地习俗举办婚礼并共同生活以及已办理结婚登记但共同生活较短等情况，无法适用上述司法解释，彩礼是否返还以及如何返还成为难点。 2023年12月，最高人民法院发布了一批涉彩礼纠纷典型案例，其中“刘某与朱某婚约财产纠纷案”引发关注。 刘先生与朱女士2020年7月确立恋爱关系，2020年9月登记结婚。结婚当月，刘先生向朱女士银行账户转账80万元并附言“彩礼”，又转账26万元并附言“五金”。 婚后双方分别在不同省份的城市工作生活。因筹备举办婚礼等事宜，两人发生纠纷，2020年11月协议离婚，婚姻关系存续不到3个月。婚后两人未生育子女，无共同财产，无共同债权债务，刘先生起诉请求朱女士返还彩礼106万元。 审理法院认为，双方虽已办理结婚登记，有短暂同居经历，但尚未形成完整的家庭共同体和稳定的生活状态，不能认定为已有稳定的共同生活。鉴于双方已登记结婚，且刘先生支付彩礼后双方有共同筹备婚礼仪式、共同旅游、亲友相互往来等共同开销的情况，对该部分费用予以扣减。据此，法院酌情认定返还彩礼80万元。 蒋月表示，彩礼是否返还不仅要以婚姻登记作为判断标准，还需考量双方共同生活时间、孕育子女等因素，衡量当事人之间是否形成完整的家庭共同体和稳定的共同生活状态。 最高人民法院民一庭庭长陈宜芳介绍，制定规定主要考虑两方面因素，一是妥善处理双方利益，双方长期共同生活是给付彩礼的重要目的，对于“闪离”等情况，如果仅因办理了结婚登记而认定全部不予返还，对给付一方并不公平。二是保护妇女合法权益，共同生活特别是孕育子女会对女性身心健康产生一定程度的影响，如果仅因未办理结婚登记而认定妇女返还全部彩礼，有违公平原则。 双方关系破裂，接收彩礼的一方父母应共同返还 “彩礼和嫁妆都是我国婚嫁领域的传统习俗，两者表现形式不同，但具有共同目的，在确定彩礼返还数额时，也要考虑嫁妆情况。”蒋月对中青报·中青网记者表示，如果女方家陪送了嫁妆，双方关系破裂时，对于未使用的部分应予以返还，对于已消费的部分，应在返还彩礼时酌情扣减。这一原则在最高法发布的典型案例中也有体现。 张先生与赵女士经人介绍认识，定亲时，张先生给付赵女士父母定亲礼36600元。2022年9月，张先生向赵女士银行账户转账彩礼136600元。女方则购置价值1120元的嫁妆放置在张先生处。双方未办理结婚登记，未举行结婚仪式。 2022年9月，两人解除婚约后因彩礼返还问题发生争议，张先生起诉请求赵女士及其父母共同返还彩礼173200元。在确定彩礼返还数额时，审理法院酌情扣减了放置在男方处的嫁妆数额，最终酌定赵女士及其父母共同返还154760元。 作为在婚姻家事领域深耕多年的一线律师，中国法学会婚姻家庭法学研究会会员、北京天驰君泰律师事务所合伙人刘海娜深知涉彩礼纠纷类案件情况复杂，她对中青报·中青网记者介绍说，此前办理涉彩礼返还纠纷时，原被告一般为婚约双方当事人，但传统习俗中，子女婚姻一般由父母操办，送出、接收彩礼大都有双方父母参与，这就导致彩礼可能不在当事人手里，所以有些案件法院宣判了也很难返还。 刘海娜分析说，“张先生与赵女士婚约财产纠纷案”中，男方将女方父母列为共同被告，要求一起承担返还责任，审理法院裁判支持。她表示，如果婚约当事人一方的父母接收彩礼，可视为与其子女的共同行为，在婚约财产纠纷诉讼中，将婚约一方及父母共同列为诉讼主体，符合习惯，也有利于查明彩礼数额、彩礼实际使用情况等案件事实，从而作出裁判。 中青报·中青网记者 韩飏,2710,https://www.chinanews.com.cn/gn/2024/03-14/10179923.shtml,婚姻登记;结婚登记;婚姻;结婚;离婚;婚恋;彩礼;婚嫁;婚约;恋爱;情侣;婚礼
People.cn,2024/3/14,北京为视障人士提供结婚登记无障碍格式文件,尽管过去了一天多，张毓还是沉浸在结婚登记的喜悦中——3月12日，她和相处了一年多的小王通过绿色通道，领到了结婚证。 为方便视障人士办理婚姻登记，西城区民政局婚姻登记服务中心与中国盲文出版社联合制作了盲文版、大字版无障碍格式的结婚登记告知单和结婚誓言，让张毓夫妇感受到了“摸得到的幸福”。这也是我国首次为视障人士提供结婚登记无障碍格式文件。 张毓和小王都患有先天性视力障碍。小王为视力残疾二级，能勉强看清大字，而张毓视力残疾一级，只能感受到微弱光感。“我们去年1月中旬经朋友介绍认识、谈恋爱，相处了半年多后准备谈婚论嫁，今年春节期间，我们定了结婚登记的日期。”张毓说。 西城区民政局婚姻登记服务中心得知这对新人的视力状况后，联系中国盲文出版社，联合制作了盲文版、大字版无障碍格式的结婚登记告知单和结婚誓言。 3月12日上午9点多，张毓和小王携手走进西城区婚姻登记服务中心。登记前，两人首先分别拿到了一份特别的结婚登记告知单。“结婚登记的条件、禁止结婚的情形……”张毓和小王摸读、阅读着盲文版和大字版告知单上的内容。 完成登记后，在工作人员指引帮助下，两人走上神圣的宣誓台。“无论健康还是疾病，无论青春还是年老，我们都风雨同舟，患难与共，成为终生的伴侣……”结婚誓言文件装帧精美，但与其他新人不同的是，这份结婚誓言的文件上，一个个小小凸点排列有序。 张毓的双手摩挲着这些凸点，她和小王一字一句，许下携手一生、白首不离的诺言。而此刻，张毓也真正感受到了这场仪式的温暖和神圣。“触摸到的幸福很踏实。”一对新人的脸上一直带着笑容。 其实，“摸得到的幸福”背后，也有一段暖心的服务故事。 “这对新人都不是北京籍，是通过‘跨省通办’在婚姻登记服务中心办理的登记预约。”西城区民政局婚姻登记服务中心主任王兴介绍，这对新人今年2月底在网上预约了结婚登记，了解到他俩的特殊情况后，工作人员把颁证大厅重新装饰了一番。 在大家一番努力下，颁证大厅铺设了崭新的红地毯，挂上了红灯笼，还制作了新的宣誓台，整个面貌焕然一新。张毓夫妇也成了颁证厅重新装修后迎来的第一对新人。 “过去我们为视障人士办理结婚登记，主要是由工作人员为视障人士把文件上的内容宣读一遍，但这种效果不太理想。”王兴说，尤其是颁证仪式上宣读结婚誓言的环节，工作人员念一句，视障人士跟着说一句，体会不到那种令人心动的感觉。 而有了盲文版的结婚登记告知单和结婚誓言，视障人士可以独立阅读文件上的内容，自己“把握”幸福。王兴感慨，他见证了无数幸福时刻，但从来没有一对新人领证让他如此激动。 在西城区婚姻登记服务中心，无障碍理念无处不在。婚登中心门口设有无障碍坡道，电梯里有盲文按钮，婚登大厅内专门设有无障碍休息区和服务柜台。王兴介绍，有了这次为视障人士提供结婚登记无障碍格式文件的尝试，他们将会把这项服务延续下去。 《中华人民共和国无障碍环境建设法》2023年9月1日起施行。“为视障人士提供无障碍格式文件，正是社会服务无障碍的一次有益实践。”中国盲协副主席何川说，“希望能有更多人看到视障群体的无障碍需求，共同为建设更好的无障碍环境努力。”（记者 王琪鹏 任珊）,1298,http://bj.people.com.cn/n2/2024/0314/c14540-40774939.html,婚姻登记;结婚登记;婚姻;结婚;恋爱;伴侣
People.cn,2024/3/14,驻点笔记｜不婚、晚婚、不生：台湾少子化困局难解--台湾频道--人民网,台当局内部事务主管部门公布的最新统计显示，今年2月，全台共出生9663人、死亡17462人。自2021年1月以来，台湾社会连续38个月“生不如死”。另据台当局“发展委员会”预估，2025年台湾妇女生育率（即平均每位妇女一生中所生育的子女数）仅0.95人。 记者走访发现，薪资、房价、工作环境、育儿成本……种种问题，无不成为压在岛内民众尤其是女性肩头的重担，导致不婚、晚婚、不生等现象逐渐蔓延，台湾少子化困局愈加难解。 “不强求结婚，一个人也可以把生活过得很好。”在台北大稻埕从事零售业的陈小姐告诉记者，她今年30岁，但完全不着急结束单身状态，未来就算结婚，可能也不会生小孩，“因为希望花时间和金钱做自己想做的事”。 从事文创行业的台北市民吕小姐坦言，从没想过结婚生子，身边的朋友也大多不想结婚。她说，其中大部分人是出于经济考量。 统计显示，2013年台湾女性有偶率为50.64%，2023年降至48.37%，是有统计以来最低。从年龄来看，10年间，25岁至29岁女性结婚比例从23.76%降至17.72%；30岁至34岁女性结婚比例则从52.63%降至41.41%。 由此，晚婚、不婚对生育率的影响日渐凸显。统计显示，2022年台湾妇女生育平均年龄为32.42岁，其中35岁以上高龄产妇超过三成。岛内知名生殖医学专家李茂盛认为，大龄妇女在备孕过程中，难孕、不孕的因素多且复杂，成功率也低很多。 “鼓励早婚是鼓励生育的要件之一。让年轻人愿意早婚，再配合生育补助，台湾的人口出生率才能冲上去。”李茂盛说。 然而，对“双薪”家庭来说，即使已经步入婚姻，能否从容迎接“爱的结晶”仍是考验。 在便利店工作的林先生告诉记者，他们夫妻都是工薪族，担心生了小孩没时间陪伴。如果其中一人辞职在家照顾小孩，经济收入又会骤减一半，加上高昂的育儿成本，不敢想象要如何支撑。 台湾政治大学财政学系教授黄智聪撰文指出，2022年台湾人均年总工时为2008小时，在全球39个主要经济体中居第六位。高工时的背后就是家庭时间受到压缩，自然而然影响生育意愿。 记者走访发现，台海局势变化对岛内年轻人的婚育观也有所影响。“我不排斥结婚，对于小朋友也顺其自然。”30岁的桃园市民陈小姐正处热恋，她说，有一个属于两人的小生命很神奇，但目前并不稳定的政治和经济环境让她有些顾虑。 面对少子化困境，台湾各地纷纷推出生育奖励金“抢救”生育率。以台北市为例，第一胎可领4万元（新台币，下同），第二胎4.5万元，第三胎以上则有5万元。 为拼生育，各县市也竞相加码“撒钱”，但收效甚微。台南大学行政管理学系主任马群杰认为，目前的生育政策偏向短期补助，对年轻人帮助有限。 “仅凭生育奖励金，不足以让女性决心生小孩。”现居新北的罗小姐是一名3岁男童的妈妈。她告诉记者，家庭经济压力增大、夫妻双方摩擦变多、没有“后援”很辛苦……都是新手父母面临的困扰。此外，不少妈妈希望在孩子入学后重返职场，但相应的问题也随之而来。 数据显示，近5年台湾地区新生儿数量逐年下降，2023年仅为135571人，探历史新低。台湾民众偏爱“龙宝宝”，每逢龙年新生人口都会明显增加，但台媒预估今年“龙宝宝”红利恐不再。 面对低生育率，台湾《中国时报》撰文指出，提振生育率固然不能少了生育补助等经济诱因，但育儿环境是否友善、如何兼顾工作与养育下一代，才是年轻人是否愿意生养的关键。,1397,http://tw.people.com.cn/n1/2024/0314/c14657-40195899.html,婚姻;结婚;婚育;不婚;晚婚;早婚;单身;夫妻
China News Service,2024/3/15,3·15晚会丨多家婚恋公司被点名！“把客户当成猎物”！红娘围追堵截，消费者一步步踏入陷阱…,有房有车有身高，年轻多金性格好，而且“征婚无门槛，善良就行”……这种婚恋条件，现实中简直凤毛麟角，没想到婚恋平台上比比皆是。优质的异性资源、0门槛的诱人广告、言之凿凿的成功案例，怎能让想找另一半的朋友不动心？ 为了进入婚恋网站公司，进行内部真实的了解。2023年12月，记者先后通过了珍爱网、世纪佳缘、恋爱课等多家婚恋公司的面试，成为一名婚恋红娘，开始专业培训。在珍爱网参加此次培训的新人有三十多个，让记者意外的是，红娘的培训主要内容是“话术”，抛“诱饵”是第一步。 珍爱网呼叫中心 培训讲师： 客户注册珍爱网，是不是就是为了找对象？客户最关心的是人。你把人给到客户，其实就可以了。 珍爱网呼叫中心 培训讲师： 千万不要挂电话，因为有个女孩子浏览你的资料了，那个女生身高168厘米，身材很好，长得很漂亮……大致说一到两个优点让客户产生兴趣。 恋爱课线下门店 培训讲师： 这个女孩子看到你的资料，对你挺感兴趣的，要求我们红娘老师给你来电话，是女孩子要求我们给你来电话的。 世纪佳缘线下门店的员工在做经验分享时，同样着重强调了这部分内容。 百合网世纪佳缘线下门店 培训讲师： 根据客户所需要的人，我们模拟出一个人形，其实就是吸引客户过来。 百合网世纪佳缘线下门店 培训讲师： 可以不存在。 讲师表示，塑造一个“虚拟人物”，是新人快速上手的方法捷径。而老红娘经验丰富，随时可以把过往了解过的任何一位会员的情况拿出来拼凑讲故事。如此撒谎骗人，记者不禁疑惑，要是客户想见这个不真实的“真人”时，又该怎么办呢？ 恋爱课线下门店 培训讲师： 后期我会教你怎么圆，过来又不是只看这一个女孩子，有这么多女孩子。 “虚拟人”诱饵如果吸引了客户，就完成销售的“第一步”。接下来的话术，表面上是核实客户资料，讲师们要求红娘的其实是筛选客户有没有钱。 恋爱课线下门店 培训讲师： 客户来了之后，还得看有没有钱，没钱你也不会跟他们聊。 百合网世纪佳缘线下门店 培训讲师： 通过客户的兴趣爱好、平时的消费习惯、芝麻信用、信用卡、存款去问。 珍爱网呼叫中心 培训讲师： 夸他，知道他的收入。有钱他就是你的意向客户，巧妇难为无米之炊。没钱的会员，放过他也放过你自己。 “放过他也放过你自己”。原来在红娘眼中，只有有钱的消费者才配得上他们接下来的服务。先虚拟人物抛“诱饵”，诱惑消费者上钩，再对经济能力进行筛选。红娘接下来要做的，则是引君入瓮。让消费者把婚恋平台当成唯一希望，堵死其他的可能性。 百合网世纪佳缘线下门店 培训讲师： 我们把客户工作圈、朋友圈、亲人圈、社交圈等都给堵死了。 恋爱课线下门店 培训讲师： 如果客户生活中家人、朋友有介绍，工作群和社交群也有介绍，客户还来这里做什么？到时候如果让他刷卡就很难，要把他的圈子堵死。 而世纪佳缘的讲师在培训时强调，一定要把客户当成“猎物”来看待。 百合网世纪佳缘线下门店 培训讲师： 我们这里就是你的天堂。给他这种暗示，其实是一个捕猎的逻辑。 就这样，在红娘的围追堵截下，消费者一步一步踏入红娘设好的陷阱。只要掏钱，红娘的目的就达成了。 珍爱网呼叫中心 培训讲师： 我们做前端销售的时候，一定是拔高会员择偶要求。谁找对象不想找一个好一点的？这样客户才能有消费的动力。红娘接手之后就降低期望值，不降低期望值怎么找呢？ 如果不是亲身参加婚恋公司内部的红娘培训课，可能记者永远都不会猜到对面坐着的那个热情的红娘，其实都是一套一套的话术表演者。按照这几家公司的红娘培训课程要求，红娘们基本都是用完美的“虚拟人物”吊胃口、筛选有钱客户、破灭客户其他希望，而这一切前戏都是为了让消费者乖乖掏钱。 百合网世纪佳缘线下门店 培训讲师： 说实话，我们的报价是根据客户能掏多少钱给出方案的。 恋爱课线下门店 培训讲师： 有钱的客户报价48000元，你想卖他多少钱你就报多少钱。 如何向消费者收费，这几家公司给红娘们培训的话术内容就直接得多了。 珍爱网呼叫中心 培训讲师： 要钱的时候一定要直接。做销售冲到后面只有一句话，“姐你相信我，现在开通，姐你一定会感谢我”“姐你相信我，你相信我，不要想那么多，现在开。姐你相信我”。 婚恋公司的培训套路真的会用在消费者身上吗？记者进行了体验调查。 百合网世纪佳缘线下门店 培训讲师： 根据客户所需要的人，模拟出一个人形。 珍爱网 红娘： 这边有一位男士，34岁、未婚、身高181厘米。本科毕业，阳光帅气。 珍爱网 红娘： 女士是外企经理，身高165厘米。 世纪佳缘 红娘： 这位男士在国企工作，年薪在35万元至40万元左右。 果然，在最初接触时，红娘都抛出了非常符合消费者心意的异性，吸引消费者与红娘进一步沟通。 珍爱网呼叫中心 培训讲师： 他有钱就是你的意向客户。 恋爱课线下门店 培训讲师： 你还得要看有没有钱。 世纪佳缘线下门店 红娘： 有负债吗？房贷一个月多少钱？就有一张信用卡是吗？额度是多少？ 珍爱网线下门店 红娘： 花呗可用的额度2000多元？用不了多少。 无一例外，红娘在与消费者面谈时，会不断追问消费者的各种经济状况。 百合网世纪佳缘线下门店 培训讲师： 把他们在生活中找对象的希望给泯灭掉。 恋爱课线下门店 培训讲师： 要把他们的圈子堵死。 恋爱课线下门店 红娘： 毕竟老家介绍也好、身边人介绍也好，除了知道大概年龄段和长相，其他的信息很难了解。 世纪佳缘线下门店 红娘： 在我看来最主要的是圈子在阻碍你，因为在这边社交圈确实不大。 正如培训人员所说，他们要让消费者相信，只有婚恋机构才是他们征婚交友最后的希望。 人间饮食男女内心最深切的痛处，都是红娘诱导消费者下单交钱的理由。比如对未婚男性要造梦，要讲成功故事；对大龄未婚女性可以从生育年龄方面给会员急迫感；离异带小孩的可以从小孩切入，越早再婚孩子越容易接受对方等。 如果仍未奏效，还有一个杀手锏——“演戏促销”。 珍爱网呼叫中心 培训讲师： 在电话里面喊一声经理，这种演戏要让会员感觉真一点。 珍爱网呼叫中心 培训讲师： 富有激情，“经理经理，咨询一下”。演戏要演得像个样，做戏做全套。 在这家世纪佳缘线下门店里，记者还有更意外的发现。只要消费者到店面谈，经理就会通过房间里暗藏的摄像头，实时监控红娘和消费者面谈的内容以及进度。 真实消费体验现场： 这个钱对于你来说，买的是你自己的时间。 监控画面： 也许你觉得我现在22岁，没有那么着急。但是我告诉你，可能三年五年很快就过去了。 在面谈中当经理觉得红娘应付不过来时，还会找各种理由喊他出来现场教学传授经验。 真实消费体验现场： 郑老师麻烦出来一下，这边需要您签个字，不好意思。 百合网世纪佳缘线下门店 经理： 该降价就降价，要有当下成交的意识，不要让客户回去考虑。用一切手段，不管什么原因，不要给客户那么多理由和借口，多少钱都收。 上岗前的培训，婚恋平台从经理到培训老师，再到培训好的销售红娘，职业的重点不是促成一对对的千里姻缘，而是如何用欺骗性的“话术”引诱消费者，目的就是为了业绩提成。 记者在体验时，这几家婚恋平台的红娘，都承诺公司是严肃的婚恋平台。会过滤掉不诚信会员、有重大疾病的会员，保障客户的征婚安全。然而事实也并非如此严谨。 珍爱网呼叫中心 培训讲师： 你为什么一定要去判断？他说他没结婚，他就没结婚。 百合网世纪佳缘线下门店 培训讲师： 说实话一些隐疾我们核实不了。 世纪佳缘线下门店 红娘： 你可以放心把幸福交给我这边，你相信我，我不会让你的钱白花。 记者发现，近年来关于婚恋平台的投诉量一直居高不下，其中相当一部分与平台的培训内容相关，捏造虚拟对象、诱导消费、信息审核不严等情况时有发生。,3136,https://www.chinanews.com.cn/cj/2024/03-15/10181193.shtml,结婚;婚恋;再婚;恋爱;择偶;对象;另一半
People.cn,2024/3/15,“闪婚”后“闪离”，彩礼还不还？--社会・法治--人民网,本报讯 （记者 谢君源 通讯员 曾维亮 庄武衡）彩礼作为一种婚俗文化，法律未禁止，也不提倡，但高额彩礼并不能保证婚姻稳定，反而可能成为矛盾纠纷的导火索。近日，广东省广州市中级人民法院在一起离婚案件中认定原、被告共同生活时间较短且彩礼数额过高，判决女方向男方返还绝大部分彩礼。 2023年5月，年过七旬的陈大爷与小他20多岁的张女士经人介绍认识，两人认识一周之后开始同居。半个月后，两人签订一份婚前协议，约定：两人相恋相依一段时间，现决定结婚。张女士承诺婚后绝不闹离婚，绝不离家出走，真心诚意照顾好丈夫的衣食出行，精心操持好家务。陈大爷承诺一心一意和张女士过日子，在经济上支持照顾好张女士及其家庭。陈大爷在其名下的某处房产上加上张女士的名字，并支付20万元礼金。 随后，两人登记结婚，陈大爷向张女士转账20万元，送出价值3万元的金首饰，并将其名下房产的50%产权登记在张女士名下。 结婚不到一个月，两人发生矛盾，张女士离家出走。不久后，张女士向广州市花都区人民法院起诉要求离婚。陈大爷同意离婚，但要求张女士退回20万元及金首饰，并将房产份额变更回自己名下。两人均确认此次结婚没有举办结婚仪式，没有宴请宾客，生活开销由陈大爷支付。 花都区法院一审判决张女士与陈大爷离婚，张女士向陈大爷返还礼金17万元及金首饰（如无法返还，应折价补偿陈大爷3万元），张女士限期协助变更登记案涉房产50%的产权至陈大爷名下。 张女士不服一审判决，提起上诉。广州中院二审判决驳回上诉，维持原判。 今年2月1日起施行的《最高人民法院关于审理涉彩礼纠纷案件适用法律若干问题的规定》第五条明确：双方已办理结婚登记且共同生活，离婚时一方请求返还按照习俗给付的彩礼的，人民法院一般不予支持。但是，如果共同生活时间较短且彩礼数额过高的，人民法院可以根据彩礼实际使用及嫁妆情况，综合考虑彩礼数额、共同生活及孕育情况、双方过错等事实，结合当地习俗，确定是否返还以及返还的具体比例。人民法院认定彩礼数额是否过高，应当综合考虑彩礼给付方所在地居民人均可支配收入、给付方家庭经济情况以及当地习俗等因素。 本案中，陈大爷与张女士经人介绍认识不久便结婚，双方感情基础较为薄弱。陈大爷向张女士赠与50%房屋产权、20万元礼金及金首饰，是按结婚风俗给付的彩礼，目的在于与对方缔结婚姻关系并长期稳定共同生活。双方婚后共同生活不足一个月，婚姻关系即告破裂，双方长期共同生活的目的无法实现。基于双方共同生活的时间十分短暂、彩礼金额较高，应适当予以返还。 双方此次婚姻均属于再婚，共同生活期间的生活费用由陈大爷支付，且彩礼没有用于举办结婚典礼、宴请宾客等；双方在婚姻关系中均存在一定程度的过错；张女士自称有较稳定的固定收入，陈大爷年事已高而退休金较低。综合以上因素，酌定张女士向陈大爷返还17万元、金首饰，并将赠与的房屋产权变更登记到陈大爷名下。 本案综合考虑双方婚姻存续时间、当地习俗、彩礼数额与使用情况、双方过错与经济实力等因素，判决女方适当返还彩礼，有效平衡双方权益。裁判结果符合社会主义核心价值观和公序良俗，有助于遏制“因婚致贫”现象发生，有效引导群众更加理性地看待彩礼问题，让彩礼回归“礼”的本质。 法官提醒，婚姻关系和谐长久的关键是双方性格相投、感情相依，广大群众要秉持正确婚恋观，让婚姻回归到爱的本质，让彩礼定位于礼而非财，以实际行动共同营造健康、文明的婚嫁新风。,1407,http://society.people.com.cn/n1/2024/0315/c1008-40196320.html,结婚登记;婚姻;结婚;离婚;婚恋;彩礼;婚俗;婚嫁;再婚;闪婚
China News Service,2024/3/16,专家学者厦门探讨新时代婚姻家庭指导与人才专业化建设,中新网 厦门3月16日电 (记者 杨伏山)15日，人工智能助力新时代婚姻家庭及心理健康教育高质量发展暨新时代婚姻家庭指导与人才专业化建设(厦门)交流会在厦门南洋职业学院举行。 来自北京、湖北、山东、重庆、杭州、青岛、济南、湖南、广东、福建等各省市的高校和合作单位代表齐聚一堂，围绕“如何借助人工智能的力量，为新时代的婚姻家庭及心理健康教育注入新的活力”展开探讨。 在日前闭幕的2024年全国两会上，政府工作报告多次提及“人工智能”，还首次提出开展“人工智能+”行动。随着人工智能在教育领域的渗透程度日渐加深，信息技术和教育融合创新发展获得强大推力。 本次交流会上，与会专家学者通过职业教育理论与实践相结合的方式，现实感性认识与理性认识相互促进，“充分发挥人工智能的赋能效用，将其深入到教育教学和管理的全过程”成为共识。 中国社会工作联合会副会长、中国社会工作联合会妇女与婚姻家庭委员会主任乔恒称，开展这次交流活动旨在发挥社会工作的优势，运用好社会工作专业技能方法，切实为做好婚姻家庭及心理健康教育辅导工作探索新路径、提供新技能、培养新人才、建设新队伍 中国社会工作联合会妇女与婚姻家庭社会工作委员会副主任萧斌臣、厦门南洋职业学院创办人鲁加升教授、中国科学院心理研究所博士关梅林、国恒教育创始人盛国恒等，分别以“宽厚、宽容、宽松”的家长教育理念、“系统工程理论与成长学”、“学习成为幸福婚姻的建设者”、“新教育、新时代、新未来”为主题作报告，深入浅出分享最新研究成果和实践经验，共同探讨新时代家庭教育的发展方向和实施路径。 鲁加升认为，培养德智体美劳全面发展的社会主义建设者和接班人，要以系统工程思维把握践行立德树人根本任务。 多年来，厦门南洋学院不断加强实践育人，积极推动家校社合作，获选中社联首批“婚姻与家庭教育顾问”人才培训基地，探索“三全育人”更广阔空间，致力于为教育事业和数字中国建设贡献力量。(完),804,https://www.chinanews.com.cn/sh/2024/03-16/10181303.shtml,婚姻
China News Service,2024/3/16,红娘围追堵截消费者多家婚恋公司被点名,“优质的异性资源、零门槛的诱人广告、言之凿凿的成功案例。”近年来，婚恋平台受到诸多关注。央视3·15晚会就曝光了各婚恋公司的揽客套路。2023年12月，央视记者先后通过了珍爱网、世纪佳缘、恋爱课等多家婚恋公司的面试，成为一名婚恋红娘，开始专业培训。 据央视报道，在珍爱网参加此次培训的新人有30多个，让央视记者意外的是，红娘的培训主要内容是话术，抛“诱饵”是第一步，大致说一到两个优点让客户产生兴趣。例如珍爱网呼叫中心培训讲师的话术是：“有个女孩子浏览你的资料了，千万不要挂电话，那个女生身高168厘米，身材很好，长得很漂亮……”恋爱课线下门店的培训讲师说：“这个女孩子看到你的资料，对你挺感兴趣的，要求我们红娘老师给你打电话。”世纪佳缘线下门店的员工在做经验分享时，同样着重强调了这部分内容。 多位讲师表示，塑造一个“虚拟人物”，是新人快速上手的捷径。而老红娘经验丰富，随时可以把过往了解过的任何一位会员的情况拿出来拼凑讲故事。如此撒谎骗人，央视记者提出疑惑，要是客户想见这个不真实的“真人”时，又该怎么办呢？恋爱课线下门店培训讲师表示：“后期我会教你怎么圆，过来又不是只看一个女孩子，还有很多其他女孩子。” 用“虚拟人”诱饵吸引了客户，就完成销售的“第一步”。接下来的话术，表面上是核实客户资料，其实是让红娘筛选客户有没有钱。百合网、世纪佳缘线下门店培训讲师说：“要通过客户的兴趣爱好、平时的消费习惯、芝麻信用、信用卡、存款去问。”在红娘眼中，只有有钱的消费者才配得上他们接下来的服务。 按照这几家公司的红娘培训课程要求，红娘们基本都是用完美的“虚拟人物”吊胃口、筛选有钱客户、破灭客户其他希望，而这一切都是为了让消费者乖乖掏钱。世纪佳缘的讲师在培训时甚至要求红娘“把客户当成猎物来看待”。就这样，在红娘的围追堵截下，消费者一步一步踏入婚恋公司设好的陷阱。 接下来，“堵死客户的其他可能性”，让客户把婚恋平台当成唯一希望，用年龄焦虑、生育焦虑、离异后小孩的感受等痛点，诱导消费者购买价格动辄上万元的会员服务。那么这套流程下来，消费者真的能在平台帮助下，找到“合适的人”吗？有人向央视记者反映“(通过平台)确定恋爱关系，然后发现此男士并非单身”。央视记者在体验时，这几家婚恋平台的红娘都承诺公司是严肃的婚恋平台，会过滤掉不诚信、有重大疾病的会员，保障客户的征婚安全。然而事实并非如此严谨。世纪佳缘培训讲师称“隐疾这种东西，我们核实不了”。 昨晚央视3·15晚会播出后，世纪佳缘发布致歉声明，世纪佳缘已第一时间成立特别调查小组，全面介入相关调查工作。目前该公司已要求报道中所涉门店暂停一切经营活动，全面接受政府执法部门和公司内部的调查工作。同时，公司内部也已启动紧急核查程序，全面调查业务中出现的相关漏洞与问题。 在致歉的同时，世纪佳缘表示一定会本着公正、客观的态度，依法依规对相关事件进行彻查，并会在调查结束后及时通过官方渠道发布调查和处理结果。文/本报记者 李佳(,1234,https://www.chinanews.com.cn/sh/2024/03-16/10181213.shtml,婚恋;恋爱;单身
People.cn,2024/3/16,人工智能如何赋能新时代婚姻家庭指导与人才专业化建设？这场研讨会上专家献计,3月15日，“人工智能助力新时代婚姻家庭及心理健康教育高质量发展暨新时代婚姻家庭指导与人才专业化建设（厦门）交流会”在厦门南洋职业学院举行。来自北京、湖北、山东、重庆、杭州、青岛、济南、湖南、广东和福建各省市的高校和合作单位代表齐聚一堂，围绕“如何借助人工智能的力量，为新时代的婚姻家庭及心理健康教育注入新的活力”展开探讨。 活动现场，通过职业教育理论与实践相结合的方式，现实感性认识与理性认识相互促进，“充分发挥人工智能的赋能效用，将其深入到教育教学和管理的全过程”也在此次交流会上成为共识。 第十三届全国政协文化文史学习委员会副主任王世明表示，“欲治其国者，先齐其家”。中共中央宣传部原副部长、中国社会工作联合会副会长、中国社会工作联合会妇女与婚姻家庭委员会主任乔恒指出，开展这次交流活动旨在发挥社会工作的优势，运用好社会工作专业技能方法，切实为做好婚姻家庭及心理健康教育辅导工作探索新路径、提供新技能、培养新人才、建设新队伍。 中国社会工作联合会妇女与婚姻家庭委员会副主任萧斌臣、厦门南洋职业学院创办人鲁加升、中国科学院心理研究所博士关梅林、国恒教育创始人盛国恒分别以“宽厚、宽容、宽松”的家长教育理念、“系统工程理论与成长学”、“学习成为幸福婚姻的建设者”、“新教育、新时代、新未来”为主题作报告，深入浅出地分享了最新研究成果和实践经验，共同探讨新时代家庭教育的发展方向和实施路径。 鲁加升表示，培养德智体美劳全面发展的社会主义建设者和接班人，要以系统工程思维把握践行立德树人根本任务。厦门南洋职业学院不断加强实践育人，积极推动家校社合作，获选中国社会工作联合会首批“婚姻与家庭教育顾问”人才培训基地，探索“三全育人”更广阔空间，致力于为教育事业和数字中国建设贡献力量。 本次交流会由中国社会工作联合会指导，中国社会工作联合会妇女与婚姻家庭社会工作委员会主办，厦门南洋职业学院、北京三宽教育科学研究院、厦门市家庭教育研究会承办。,818,http://fj.people.com.cn/n2/2024/0316/c181466-40777792.html,婚姻
People.cn,2024/3/16,婚恋交友App里藏着多少“灰色地带”--社会・法治--人民网,近年来，网络婚恋交友用户规模不断扩大，市场增速明显，手机应用商城上多个排名靠前的婚恋交友App下载量过亿。然而记者调查发现，一些不法分子利用平台用户信息审核不严，伪装身份诈骗钱财，甚至衍生出平台账号买卖等“黑灰”产业链。 法律人士表示，要督促平台加强信息审核把关，通过技术手段清理整顿虚假注册等乱象，设立快速响应投诉举报机制，加强诚信网络空间建设。 日前，北京市公安局破获一起利用婚恋交友App诈骗案件。当事人马某某报案称，在某交友平台上添加了一名昵称“迷人宝贝”的陌生网友。该网友自称是一名女检察官，是刚离婚的单身母亲，没聊多久就对马某某表示好感，双方在网上确立男女朋友关系。 此后，对方多次以孩子出车祸、介绍工程项目等理由向马某某借钱，两个月内马某某共向对方转账3万4千余元，在一次次要求视频和线下见面未果后，马某某意识到被骗。 办案民警介绍，这名所谓的“女检察官”实际上是河北某地一个男性菜农，把账号注册成女性，编造身份和男用户聊天，发现马某某动感情“上钩”后，便开始连续骗钱。 记者注意到，此类案件近年来在多地频发，不法分子“钻”婚恋交友App用户信息审核把关不严的漏洞，轻易实施诈骗，有的金额巨大。 去年，山东警方破获系列婚恋交友类诈骗案件，捣毁69人婚恋交友诈骗犯罪团伙，涉案金额500余万元。诈骗团伙人员在某交友平台上把自己包装成女性角色，拉近距离后便诱导对方以给其购买鲜花、衣物、化妆品等理由在虚假购物链接上付款，还引导受害人在虚假平台软件上进行充值。 北京市公安局网安总队的侦查员分析此类案件特点时表示，婚恋交友诈骗较为常见，不法分子作案套路简单，通常利用网络伪装成“金融白领”“商业精英”“军官”“公务员”等身份，骗取事主的感情和信任，接着编造各种理由骗取钱财。 记者调查发现，婚恋交友平台信息不对称特点突出，用户只要充值百十元就能获得查看其他用户个人信息或来访记录等“权限”，这为不法分子从事诈骗等违法犯罪活动大开方便之门，衍生出会员账号买卖等“黑灰产”。 去年8月，北京警方打掉一个网络黑产犯罪团伙。警方调查发现，该团伙主要有3名嫌疑人，一人负责招揽客户注册婚恋交友平台会员账号，两人负责将收购来的会员账号转卖给电信诈骗团伙，非法获利26万元。 据介绍，该团伙以某婚恋交友平台需要“凑人头”冲业绩为幌子，如帮忙注册会员账号可以领取商家50元至140元不等的“补贴”。 为了在婚恋交友平台实施诈骗，一些诈骗团伙还在社交平台发布“有偿租用微信号”等消息，吸引人上钩。在北京警方侦破的一起案件中，嫌疑人以100元24小时的价格将自己的微信号、QQ号“出租”，结果对方使用其账号关联注册某交友平台账号，骗走一名当事人8700元。最终，嫌疑人因帮助信息网络犯罪活动罪被警方依法处理。 记者调查发现，一些婚恋交友平台的“活跃用户”，通过充值升高等级，可以在查看他人信息寻找作案目标的同时更好隐藏身份。其中，有的用户发布“软色情”信息暗示可以提供招嫖服务，实则进行“裸聊”诈骗；有的冒充“红娘”，收取数千元至上万元不等的“介绍费”。 据介绍，平台虚假注册乱象增加了公安机关打击和整治难度。吉林省松原市公安局反诈民警边界恺说，在查办相关案件中，常常发现平台账号的注册人不是诈骗分子本人，给警方排查带来不小挑战。 由于婚恋交友服务高度同质化，许多平台失去资本支持，盈利模式趋于单一，并在疏于监管之下产生许多灰色地带。 记者注意到，婚恋交友平台乱象长期存在，大量网友在“黑猫投诉”等平台发起投诉，反映维权难。对此，专家建议加强监管治理，让规模高达数十亿元的网络“脱单生意”良性发展。 “要在平台运营成本与保障信息真实之间寻找平衡点，加大技术上的投入。”中国政法大学知识产权研究中心特约研究员赵占领说，一些有标准、可量化、提供成本不高且有必要进行核实的信息，可要求用户提供后与相关部门对接进行查询验证，确保某些关键信息真实性。此外，平台自身也应通过技术的手段识别违规信息，发现违法活动，及时向公安机关举报。 吉林省社会科学院助理研究员全龙杰认为，针对一些小众交友App使用门槛低、隐匿性强等特点，需要加强监督检查和整治工作。 北京警方同时提醒，网恋需谨慎。如果在交往过程中，只闻其声不见其人，对方还以各种理由引导汇款，很可能就是在实施网络诈骗。发现被诈骗后，要及时保留联系记录、汇款账户等相关证据第一时间向公安机关报案。 新华社记者 鲁畅 孟含琪 吴文诩,1828,http://society.people.com.cn/n1/2024/0316/c1008-40196967.html,离婚;婚恋;单身;脱单
CCTV,2024/3/17,去年我国结婚人数为近十年来首次回升,3月15日，民政部官网公布了《2023年4季度民政统计数据》。数据显示，2023年全国结婚登记数为768.0万对，离婚登记数为259.3万对。 数据显示，2022年，全国办理结婚登记683.5万对。相较而言，2023年全国结婚登记数止跌回升，增加了84.5万对，较上一年增长12.36%。 从历年的数据来看，自2013年我国结婚人数达到1346.9万对的最高峰后，结婚人数已出现连续9年下降。这其中，2019年我国结婚人数跌破1000万对、2020年跌破900万对，2021年跌破800万对，2022年则跌破了700万对，为683.5万对。因此，2023年我国结婚人数为近十年来首次回升，并且超过了2021年的结婚人数（764.3 万对）。 人口专家、广东省政府参事室特约研究员董玉整告诉第一财经记者，2023年结婚人数增幅超过一成，幅度比较大。主要原因有，2022年尤其是第四季度受疫情等因素影响，一部分人推迟到2023年结婚，因此2023年结婚人数有所增加。同时，疫情期间男女的线下沟通交流，包括恋爱交友等都受到影响。“这种推迟效应是阶段性现象。”董玉整说。 2023年结婚人数增加，叠加生肖龙年带来的影响，有望带来2024年出生人口的增加。从近期以来多地医院发布今年春节期间或春节以来的新生儿数据来看，今年多地医院新生儿数量增长明显。 其中，在浙江省象山县，根据当地媒体报道，整个正月期间象山共有165个“龙宝宝”诞生，比去年同期增加了11人。 2月26日，青岛妇儿医院公布了一组数据：从2月10日（正月初一）至2月24日（正月十五），该院共有486名“龙宝宝”降生，总量远超去年，其中，2月15日（正月初六）共有50名“龙宝宝”出生。目前，90后成为生育的主力，二孩在“龙宝宝”中占比超40%。 在董玉整看来，2023年结婚人数增加和2024年生肖龙年新生儿数量的增长，都只是阶段性的现象。要真正提高青年的婚育意愿，还是要着重建立健全积极生育政策支持体系，显著减轻家庭生育养育负担。 以结婚人数为例，虽然2023年结婚人数有所增加，但由于适婚人数减少、初婚年龄推迟、婚育观念变化等因素影响，因此，未来我国结婚人数是否持续增加仍有待观察。 其中，从近四十年出生人口数据看，我国出生人口在经历1987年这一近40年来的最高峰之后，连续多年下行。也就是说，随着95后乃至00后进入到婚育阶段，处于适婚年龄的年轻人数量也在下降。 根据国家统计局2月29日发布的2023年国民经济和社会发展统计公报，2023年年末，我国16-59岁（含不满60周岁）人口为86481万人。这一年龄段人口比上一年减少了1075万人。 董玉整说，16-59岁人群一年下降这么多，主要是年纪小的人群下降比较多，这也意味着今后结婚的人数也将受到影响。 从2010年以来历年结婚人口年龄结构来看，我国结婚年龄尤其是初婚年龄大幅推迟。根据《中国人口普查年鉴-2020》，2020年我国的平均初婚年龄为28.67岁，比2010年的平均初婚年龄（24.89岁）增加了3.78岁。整体来看，晚婚已成为主流趋势。 董玉整说，从主观上说，人们对于婚育的观念发生了很大变化，有的人不再把结婚生育当成人生的必修课。各种因素作用下，未来结婚人数也将受到影响。,1356,https://news.cctv.com/2024/03/17/ARTIz1pZ90dCAxooAGMfVcht240317.shtml,结婚登记;结婚;离婚;婚育;初婚;晚婚;适婚;恋爱
China News Service,2024/3/17,沈阳在景区、网红打卡地设置结婚登记点,本报讯 (记者刘旭)近日，记者从辽宁省沈阳市民政局了解到，为有效满足新人们增加结婚登记仪式感的需求，沈阳市民政局将在旅游景区、网红打卡地、商业街区等地设置4个结婚登记点及若干户外颁证点，为新人们提供结婚登记、个性化颁证等服务。 据介绍，在旅游景区等地设置结婚登记点的目的是突出婚恋主题氛围，让结婚登记更具仪式感。在此基础上，面向全社会及特定人群，组织举办特色集体婚礼、纪念婚礼等活动，倡导简约适度婚俗礼仪。为帮助适龄青年扩大社交圈，沈阳市还将举办特色相亲联谊活动，由民政局扮演“政府红娘”，为单身男女提供多元化、精准化和个性化的婚恋交友服务。,271,https://www.chinanews.com.cn/sh/2024/03-17/10181587.shtml,结婚登记;结婚;婚恋;婚俗;相亲;单身;婚礼
CCTV,2024/3/19,女子离婚冷静期间被丈夫捅杀案将开庭，受害者家属：希望判死刑,2023年7月，递交离婚申请约两周后，女子周雪（化名）为了保障与丈夫见面时的安全，特意喊来五男一女陪同，但最终还是未能避免被丈夫杀害的悲剧。这起案件将于2024年3月21日在广州中院开庭审理。 据起诉书披露，经检方审查查明，周雪因丈夫赵某超长期实施家庭暴力提出离婚，之后赵某超多次以电话威胁等方式逼迫被害人周雪与其见面，并扬言要杀害其家人。赵某超捅刺多刀致周雪死亡，并致与周雪同行的多人受伤。 2024年3月18日晚，周雪的妹妹周梅（化名）向澎湃新闻（www.thepaper.cn）表示，目前，他们已收到法院的通知，此案将于3月21日在广州中院开庭审理。 此前，赵某超的精神鉴定结果已经出来，显示其无精神问题。 家属认为，赵某超的行为非常恶劣，家属希望法院判处其死刑，希望还死者一个公道。 澎湃新闻此前报道，据亲属介绍，周雪，1987年出生，广东湛江市雷州市人。2008年左右，周雪与河南籍男子赵某超相识、结婚，育有一子一女。2023年7月7日，周雪与赵某超向河南平舆县民政部门提交离婚申请。之后，周雪返回广州工作。 据周梅介绍，在30天离婚冷静期的第一周，赵某超比较淡定，同意离婚，也签了离婚协议，甚至让周雪赶紧把东西拿走，他要带其他女人回来住。但很快，赵某超就反悔了，不愿意离婚，甚至还为此打了周雪。 周梅表示，姐姐周雪平时有什么事都压在心底，不会主动跟家人说。这次，感觉自己处理不了，周雪向家人求助了。 据了解，2023年7月20日，赵某超再次约周雪见面，“态度很强硬”。担心赵某超有暴力行为，周雪报了警，但赵某超不愿意去派出所。当时，赵某超坚持要见面，还称互相道个歉、认个错，不要离婚了。 最终，迫于赵某超的威胁，周雪同意见面。当晚，周雪喊了妹妹周梅以及哥哥等五名男子一同前往赵某超的住处附近，即广州市荔湾区翠园路某工业园门口。在路边等待赵某超时，周雪和同行人还在商量待会怎么应对时，赵某超打来了电话，得知周雪等人已经赶到，赵某超随即骑电动车赶来。 周梅回忆说，赵某超赶到时，什么都没说，直接用刀捅人，先捅伤哥哥等几名男子，后持刀追赶周雪，周雪拼命跑，摔倒在保安亭附近，赵某超拼命捅周雪，捅了七八刀。之后，赵某超被制服，压倒在地上，但他死都不肯松开刀，“他们想去夺刀，赵某超就咬他们的手”，并发出狂叫，疯狂挣扎，要求松开他。由于担心赵某超继续行凶，五名男子及两名行人不敢松开，一直压着他，直到警察赶到现场。 “致命伤在胸口，姐姐被捅后，我抱着她，她一句话都说不出来，就喘气，喘了一会后就没有气了。”周梅说。 案件材料显示，赵某超，1986年出生，小学文化程度，河南省平舆县人。 广州市检察院2023年10月作出的起诉书显示，经依法审查查明，2023年7月7日，周雪因丈夫赵某超长期实施家庭暴力提出离婚，并向河南省平舆县民政部门提交离婚申请。之后被害人周雪到广州市，赵某超多次以电话威胁等方式逼迫被害人周雪与其见面，并扬言要杀害其家人。 2023年7月20日晚，周雪为防止被赵某超伤害，与其亲友周某甲、周某乙、张某佰、郭某培及周梅、张某裕等人一同到广州市荔湾区翠园路某工业园门口路边等候赵某超。当晚11时许，赵某超驾驶电动车到该处，下车后径直走向周雪，被周某甲等人阻拦，赵某超即持随身携带的尖刀不计后果地朝周某甲、周某乙、张某佰、郭某培及张某裕等人的上身要害部位进行捅刺，致多人受伤。 周雪见状立即逃离该处，赵某超即持刀追赶周雪，其间周雪摔倒在地，赵某超即持刀对其上身左胸部等要害部位连续捅刺多刀，后被周某甲、周某乙等人阻拦才无法继续对其施害。之后，赵某超被周某甲、周某乙等人按倒在地，其间仍激烈反抗，挥刀肆意捅刺，意图继续行凶。周雪被捅刺后当场死亡。 经法医鉴定，周雪符合被锐器作用造成心脏破裂导致失血性休克死亡；周某甲的右胸部、左前臂等处被刺伤，损伤程度属轻伤二级；周某乙、张某佰、郭某培的损伤程度均为轻微伤。赵某超在现场被公安机关抓获。 广州市检察院认为，赵某超无视国家法律，非法剥夺他人生命，犯罪事实清楚，证据确实、充分，应当以故意杀人罪追究其刑事责任。 周梅向澎湃新闻表示，赵某超长期不务正业，不仅一直家暴，还多次出轨。周雪管不了赵某超，每次周雪提出离婚，赵某超都不同意，“软硬兼施”，胁迫周雪放弃离婚，一方面用下跪等方式乞求原谅，另一方面用孩子要挟，还称如果要离婚要杀死她的家人。 2023年7月，周雪担心孩子的教育，想带孩子来广东，赵某超坚决反对，两人吵了架，于是周雪再次提起了离婚。为了彻底摆脱赵某超，获得自由，周雪向赵某超及家人转账了大约40万元，而赵某超最初也同意了离婚，但很快又反悔，制造了血案。,1913,https://news.cctv.com/2024/03/19/ARTIMW1iqBBmgu6QXmI7cUhb240319.shtml,离婚冷静期;结婚;离婚;家庭暴力;家暴
China News Service,2024/3/21,“彩礼新规”施行 恋爱期间的金钱往来是彩礼还是赠与？,《最高人民法院关于审理涉彩礼纠纷案件适用法律若干问题的规定》，也就是大家所说的“彩礼新规”，已于今年2月1日开始施行，近日，北京市第一中级人民法院就适用“彩礼新规”审理了两起纠纷的案件。 贾先生与杨女士通过商业婚恋网站相识相恋。恋爱之初，贾先生为杨女士购买了一部价值9000余元的手机，在5月20日这个特殊日子，还为杨女士购买了价值数万元的首饰。恋爱过程中，贾先生和杨女士开始不定期共同居住。其间分多次给杨女士转款4万元。谈婚论嫁时，贾先生同意给杨女士50万元彩礼，并向杨女士转账支付了15万元。半年后，两人因性格问题分手。 北京市第一中级人民法院法官 梁睿：他们两个没有结婚登记，没有举行婚礼，共同生活时间非常短，就陆陆续续共同居住，也没有孕育子女的情况。 分手后，贾先生认为给杨女士买的手机、首饰以及15万元转账都是彩礼，要求全部返还。杨女士认为这些都是贾先生的自愿赠与，不同意返还。 法院审理后认为，贾先生为杨女士购买的手机，5月20日这天购买的首饰，以及为增进双方感情、用于日常消费性支出转账给杨女士的4万元钱，依据最高人民法院的“彩礼新规”都不属于“彩礼”，判决不用返还。 《最高人民法院关于审理涉彩礼纠纷案件适用法律若干问题的规定》第三条规定： (一) 一方在节日、生日等有特殊纪念意义时点给付的价值不大的礼物、礼金； (二) 一方为表达或者增进感情的日常消费性支出； 对于贾先生向杨女士转账的15万元，法院最后认定属于彩礼，判决杨女士予以全部返还。 北京市第一中级人民法院法官 梁睿：对于15万元，因为双方曾经沟通过彩礼的数额，支付的时间也在双方沟通彩礼的数额之后，双方在聊天记录中也曾明确认可过为彩礼，那么我们认为就这15万元可以认为是双方曾经约定的其中的部分彩礼。 彩礼返还 需综合考虑共同生活及孕育情况等 法官表示，彩礼返还是一个复杂的问题，涉及男女双方是否进行了结婚登记，是否曾共同生活，是否孕育子女等多种因素，还要结合当地风俗、当地生活水平等因素进行综合考量，目的是尽最大限度保障双方利益的平衡。具体“彩礼新规”对此是怎样规定的？ 《最高人民法院关于审理涉彩礼纠纷案件适用法律若干问题的规定》第五条规定： 双方已办理结婚登记且共同生活，离婚时一方请求返还按照习俗给付的彩礼的，人民法院一般不予支持。但是，如果共同生活时间较短且彩礼数额过高的，人民法院可以根据彩礼实际使用及嫁妆情况，综合考虑彩礼数额、共同生活及孕育情况、双方过错等事实，结合当地习俗，确定是否返还以及返还的具体比例。 那如果双方未办理结婚登记但已经共同生活了，彩礼该怎么处理呢？法官介绍，根据“彩礼新规”，这种情况人民法院就要根据彩礼的实际使用及嫁妆情况，综合考虑共同生活及孕育情况、双方过错等事实来判定。他们审理的另一起案件是这样的，小张和小芳同居两年后，在男方小张的农村老家举行了婚礼，但两人并没有进行结婚登记，依照婚前的彩礼约定，婚后小张的母亲通过向亲戚朋友借款向小芳转账10万元。半年后两人因购房问题产生矛盾分手，两人没有孕育子女。法院最后判令女方返还了男方部分彩礼。 北京市第一中级人民法院法官 梁睿：这个案件中我们就酌情考虑，一个是金额比较大，男方家庭是农村地区的，并且是为了支付彩礼，向亲戚朋友多次借款，对他的家庭压力是比较大的，我们就酌情判定返还5万元。 (总台央视记者 冀成海 魏帮军) 【,1399,https://www.chinanews.com.cn/sh/2024/03-21/10184070.shtml,结婚登记;结婚;离婚;婚恋;彩礼;恋爱;婚礼
People.cn,2024/3/21,韩国结婚人数十多年来首次回升,新华社北京3月19日电 韩国统计局19日发布的数据显示，2023年韩国结婚登记数较前一年增加1.0%，为2011年以来首次回升。路透社解读，这得益于一些人受新冠疫情影响而推迟结婚，但不意味着形成应对韩国社会快速老龄化所需要的持续反弹。 数据显示，去年韩国结婚登记数为19.36万对，连续三年少于20万。在韩国开始放宽限制聚集等防疫措施的2022年，结婚登记数为19.17万对，较2021年减少0.4%。2021年和2020年，结婚登记数分别比前一年下降9.8%和10.7%。 韩国统计局一名官员在新闻发布会上说，因疫情推迟结婚是2022年下半年至2023年上半年出现结婚人数增加的一个因素。“然而，到2023年下半年，结婚登记数再次出现同比下降，意味着那些因为疫情而推迟结婚的人基本上都登记了。” 然而，2023年结婚登记数远远少于2019年的23.92万对，更是比不上十年前每年超过32万对的水平。韩联社报道，韩国结婚登记数过去几十年来呈逐步下降趋势。1996年达到43.5万对，但次年亚洲金融危机爆发，降至40万对以下。 有分析认为，2023年的回升更多是阶段性现象。要提高年轻人婚育意愿，需要减轻住房成本、育儿成本等负担。 韩国2023年新生儿人数为22.997万人，总和生育率0.72，双双创下有相关记录以来的最低值。路透社说，一些育龄妇女担心职业生涯受生育影响，加上育儿成本，因而决定推迟生育或者干脆不要孩子。近期一项对500名19岁至23岁韩国年轻人的调查显示，50.4%的调查对象不打算结婚或者生育。 韩国政府誓言采取“非常举措”应对低生育率。4月10日国会选举在即，朝野政党纷纷承诺各种政策，比如为年轻人提供公共住房和贷款便利。（胡若愚）,727,http://korea.people.com.cn/n1/2024/0321/c407864-40200362.html,结婚登记;结婚;婚育;对象
People.cn,2024/3/22,婚前隐瞒艾滋病史 法院判决撤销婚姻关系,【案情】近日，昆明市五华区人民法院作出《中华人民共和国民法典》生效后，首例撤销婚姻判决。2023年9月，女子于某与男子高某登记结婚，在办理完结婚登记手续后，于某才知悉高某患有艾滋病。对此，高某也承认自己隐瞒了已于2019年身患艾滋病的事实。随后，于某以高某未在婚前告知其患有艾滋病为由，向法院起诉，要求撤销婚姻。 法院经审理后认为，被告高某在婚姻登记前隐瞒其身患重大疾病的事实，现原告于某在知情后一年内请求撤销婚姻，有事实和法律依据，对其诉讼请求，法院予以支持。法院依法判决撤销原告于某与被告高某的婚姻关系。现该案判决书已经生效，法院依法向当地婚姻登记管理机关寄送了民事判决书。 【释法】虽然艾滋病不属于直接导致婚姻无效的疾病，但《中华人民共和国民法典》明确规定，婚姻关系一方对于患有这类可能对婚姻生活有重大影响的重大疾病，仍然负有婚前告知义务，不告知的，无过错方可要求撤销婚姻。 《中华人民共和国民法典》第一千零五十三条规定，一方患有重大疾病的，应在结婚登记前如实告知另一方；不如实告知的，另一方可向法院请求撤销婚姻。请求撤销婚姻的，应自知道或应当知道撤销事由之日起一年内提出。根据《中华人民共和国母婴保健法》《中华人民共和国传染病防治法》等法律规定，艾滋病作为会影响结婚、生育的指定传染病，属于婚前应当如实告知另一方的重大疾病。 但并不是只要身患重大疾病就不可以结婚，如果婚姻关系双方当事人在婚姻登记前已如实告知，则婚姻关系不可撤销。 值得注意的是，撤销婚姻关系不同于离婚。按照法律规定，被撤销的婚姻自始没有法律约束力，双方不产生夫妻之间的权利义务。简而言之，婚姻撤销后，视为双方未结过婚，双方在同居期间取得的财产并非夫妻共同财产，应由双方协议处理，若协议不成，法院将按照顾无过错方的原则判决。 《中华人民共和国民法典》在总结《中华人民共和国婚姻法》及其司法解释的基础上，完善了婚姻撤销制度，增加了一方婚前隐瞒重大疾病可作为撤销婚姻关系的法定事由。 将隐瞒重大疾病作为婚姻的可撤销的事由，而非无效事由，赋予婚姻关系当事人一定的选择权，充分体现了《中华人民共和国民法典》婚姻家庭编所弘扬的婚姻自由，夫妻之间的相互坦诚、相互忠实、相互尊重的原则，同时也是该法诚信原则和公序良俗原则的具体体现。（王建萍）,951,http://yn.people.com.cn/n2/2024/0322/c361322-40784262.html,婚姻登记;结婚登记;婚姻;结婚;离婚;夫妻
People.cn,2024/3/22,携手共创婚姻登记工作“绿色生态环境” 民政局与地方法院建立婚姻信息交换和共享机制,近日，汪清县民政局与县人民法院、县林区法院召开联席会议，针对当前婚姻登记工作存在的难点堵点问题进行梳理，共商解决办法。三方最终达成共识，携手共建婚姻信息交换和共享机制，正式开启汪清县法院系统与民政系统有关婚姻信息的互联互通。 以往，县民政局在办理婚姻登记工作过程中，因无法查实法院判决或调解离婚的案件信息，导致当事人申请再婚登记时需要到法院调取离婚判决（调解）书及法律生效证明，给当事人带来很多麻烦。个别当事人利用婚姻登记信息“漏洞”，弄虚作假获取不实婚姻登记证明，实现个人非法目的，影响社会稳定、婚姻幸福，造成严重的负面影响。而法院在办理与婚姻关系有关的案件时，在审判和执行过程中，时常遇到当事人婚姻登记信息与现有身份信息不一致，无法核实真伪的情形，导致法院审判工作滞后、案件办理效率降低。 为进一步统一当事人婚姻关系信息的登记、备案和查询工作，探索婚姻关系确认便捷途径，构建社会治理“大格局”，避免因婚姻信息“盲区”而导致的各类矛盾纠纷和社会管理风险，三方商定，共建婚姻信息交换和共享机制。 机制建立后，三方各指定一名工作联络员负责日常对接工作。法院每季度向县民政局提供一次生效的解除婚姻案件信息，县民政局将法院传送的信息及时补录到全国婚姻登记管理系统中，形成长效工作机制。县民政局对已在婚姻登记系统中备过案的生效解除婚姻案件，当事人再次申请再婚登记时不再要求提供相关证明材料。同时，为给法院司法工作查询提供便利条件，县民政局还向法院设立了政法查询专门窗口，协助法院提升案件办结效率。 法院与县民政局婚姻信息共享渠道的打通，开启了诉讼离婚信息和登记离婚信息的互通、共享，实现了婚姻信息的全面登记、备案，充分发挥了法院司法职能作用和民政局桥梁纽带作用，真正做到了“让数据多跑路，让群众少跑腿”，切实解决了人民群众关切的“急难愁盼”问题和婚姻登记工作难点堵点问题。,782,http://jl.people.com.cn/n2/2024/0322/c349771-40785041.html,婚姻登记;婚姻;离婚;再婚
People.cn,2024/3/22,离婚后，高额彩礼还不还？--社会・法治--人民网,本报讯 （记者 刘辉 通讯员 樊娟娟）已经办理结婚登记，且已共同生活，离婚时是否应当返还彩礼？近日，陕西省富平县人民法院适用《最高人民法院关于审理涉彩礼纠纷案件适用法律若干问题的规定》依法审结了一起涉返还彩礼离婚案，最终原告和被告达成调解协议，由被告向原告返还彩礼4.6万元。 李某与韩某自由恋爱数年后结婚。婚后因双方性格差异较大，经常因琐事发生争吵，虽经双方父母、亲属多次劝和，两人的婚姻还是走到了尽头。双方协商离婚，但在返还彩礼的问题上一直未能达成协议，最终诉至法院。 法院经审理查明，李某在恋爱期间向韩某发红包、支付旅游消费及结婚办酒席等共花费9.4万元，订婚时男方给女方礼钱、衣服钱、首饰钱、上车钱等共计16.4万余元。 法院认为，恋爱期间发红包、其他花费、结婚办酒席等花费9.4万元不属于彩礼，不应返还。订婚礼钱、衣服钱、首饰钱、上车钱等共计16.4万余元属于彩礼，虽然两人结婚已一年多，但因该费用为当地农村人均可支配收入近十倍，认定为数额过高，应返还。经法官释法明理后，双方同意调解，经协商达成调解协议。,458,http://society.people.com.cn/n1/2024/0424/c458858-40223067.html,结婚登记;婚姻;结婚;离婚;彩礼;恋爱;婚礼
CCTV,2024/3/26,焦点访谈：高额彩礼何时休,央视网消息 （焦点访谈）：近年来，一些地方的彩礼金额越来越高，甚至有了流行的所谓标准。对于那些适龄男性而言，彩礼负担已经成为了婚姻大事中的“不可承受之重”。为了给农村彩礼“降温”，中央文件多次提及推进高额彩礼的综合治理，很多地方也在探索用各种方式给高额彩礼“踩刹车”，减轻农民的婚嫁负担。前不久，记者前往一些地区对高额彩礼现象进行走访调研。 在江西赣州一家商场内，记者遇到了一对年轻的情侣。男方家准备了十来万的彩礼，而女方家要大概三十万元左右，因为彩礼问题双方准备分手了。 询问之下记者得知，小谢和小邹分别来自赣州的寻乌县和会昌县，是异地恋，也是初恋。在小邹的要求下，已经濒临分手边缘的两个人，在周末相约市区再见一面。 女方小邹说：“不能用钱衡量一个人，不是在嫁女儿，而是在卖女儿，嫁出去的女儿泼出去的水。其实在家里我一直没有太多话语权，只能尽量去争取。因为我还有两个弟弟，我爸爸生重病，所以我更多还是要为家庭考虑一点。” 接受完记者的采访，两个年轻人就离开了商场，搭乘长途车各回各县了。几天后，当记者在寻乌县再次见到小谢时，他说他和小邹真的分手了，从赣州回来后再也没有联系过。 小谢：“因为那边习俗，她们家要的彩礼那么高，我们这边给不了，所以只能是分开。我们因为这个事情交流过，相互也试探过，看家里什么反应。你说服不了我家，我也说服不了你家，讲不了。一沟通就吵架，一沟通就吵架，不能心平气和聊。我跟她讲了，但是她说她家不同意。” 今年25岁的小谢大学学的是体育专业，目前在当地县城一家体育培训机构做助理篮球教练，每个月工资4000多元。小谢说，他爸爸在广东打工，妈妈在本地打工，还有两个上学的妹妹，此前为了供自己读大学家里花了十多万。现在面对30万元的彩礼，自己攒不到，家里拿不出，小邹的家人又不松口，于是两个年轻人就这样被裹挟在彩礼的漩涡之中。 小谢和小邹的故事只是当地高价彩礼现象的一个缩影，女方讨要高价彩礼的现象其实在当地非常普遍。翻看一些新闻报道事例记者发现，流行在民间的高价彩礼，有的使情侣分手，有的使家庭“因礼返贫”，还有的以婚恋之名行诈骗之实，甚至滋生出刑事案件的发生。 中国社科院社会发展战略研究院院长张翼：“增加夫妻双方的矛盾以后，会导致婚姻破裂、离婚现象发生，导致离婚率居高不下；第二，往往导致两个亲家之间互不往来，原来存在的家庭网断裂了。” 高价彩礼有多高？哪里的彩礼最是高？谙熟这一规则的非“媒人”这个行当莫属。记者在江西赣州地区走访时发现，这里的婚介所数量众多，不少人在做专职或兼职红娘。线上线下，婚介行业非常火热。 江西赣州某婚介所工作人员：“我们这边彩礼有点偏贵，保持在二十八万到三十五万之间，最多的彩礼三十八万。” 记者采访发现，这些将彩礼当作婚姻的“筹码”，甚至明码标价的做法，给当地适婚青年及其父母带来了沉重的经济负担。 参照江西省统计局公布的数据，2023年，该省居民人均可支配收入34000余元，其中农民人均可支配收入首次突破2万元，相较之下江西部分地区彩礼金额可达人均收入的五六倍乃至十几倍。在山东聊城莘县，同样的情况也出现在孟庄村的老孟一家，去年他孙子订婚，光彩礼就花了30万左右。这个数字相当于鲁西南地区正常农村家庭两个劳动力外出打工几年的收入。 当地一位婚恋中介机构的工作人员告诉记者，老孟家的彩礼数额在当地很普遍，农村的彩礼要高于县城。 记者调查发现，高价彩礼现象多发于传统观念根深蒂固、经济欠发达地区，农村彩礼数额普遍高于城市，这是第一个特点；其次，“通过女儿出嫁为儿子换回彩礼”也是高价彩礼多发地区的一大显著特点。 张翼：“女方家有哥有弟，网友骂做叫‘扶弟魔’的这种，家里面希望通过女儿要的彩礼再去支付自己儿子女友家要的彩礼，通过婚嫁过程中的彩礼补足自己家庭的不足。县城以下基层社会的女生少的时候，她选择的余地就大，就会说彩礼是多少，家庭经济情况怎么样，县城有没有房，增加了婚姻选择当中的非爱情的因素。这两个方面结合起来共同把彩礼的价格往高推。” 高价彩礼的另一大特点，就是治理难。例如2020年，山东莘县实施发布了“杜绝高价彩礼 从我做起”倡议书，倡议书内容纳入村规民约，全县878个村庄的妇联主席担任义务红娘，力图通过这些措施来治理高价彩礼现象，但成效并不明显。 彩礼多寡，看似小事家事，却是影响社会风气的大事。近年来，除了山东、江西等地陆续出台倡议，国家层面也频频出手。2019年，中央关于“三农”工作的文件中首提治理“天价彩礼”，2020年，民政部印发《关于开展婚俗改革试点工作的指导意见》，2022年，八部门联合发布《开展高价彩礼、大操大办等农村移风易俗重点领域突出问题专项治理工作方案》。但从记者的采访来看，高价彩礼在一些地方依旧存在。 张翼：“它取决于社会在婚嫁过程中所形成的习惯。我们做这个事情已经快20年了，反对天价彩礼，倡导婚姻自由，婚姻自觉，希望婚姻在男女双方之间平等的基础上来达成爱的结果，实际上到现在为止这个现象还没有消除。” 让彩礼归于礼，除了有关部门倡导、公众移风易俗等措施外，法律的介入也必不可少。今年2月1日，《最高人民法院关于审理涉彩礼纠纷案件适用法律若干问题的规定》正式施行，对返还彩礼的多种情形做了明确规定。其主要原因就是近年来因彩礼引发的婚姻家庭矛盾纠纷日益增多。例如，在其公布的一起典型案例中，原告祁先生和被告李女士经人介绍认识，男方在支付女方家10万元彩礼后两人于2022年4月结婚，婚后两人经常吵架，李女士于2022年底提出离婚。 2023年11月，法院经审理认为，双方虽已办理结婚登记，但共同生活时间较短，且共同生活期间无大额支出。综合考虑全案情况，酌定女方向男方返还三万元彩礼。 最高人民法院民一庭法官王丹：“让婚姻始于爱，让彩礼归于礼。一个婚姻，最重要的还是感情基础，双方的价值观。所以彩礼数额高低，既不能体现出感情，也不能体现出重要程度。高额彩礼不仅让婚姻埋下了隐患，而且会物化自己的子女。高彩礼不是面子，而是伤害自己子女的一把隐形的剑。” 让婚姻始于爱，让彩礼归于礼，这是对美好婚姻的祝福，也是对社会文明的守护。如果彩礼是给姻缘定价，这样的婚姻注定不会圆满。婚俗领域的陈规陋习，背后交织着家庭观念、社会风俗等复杂因素，确实难以靠一纸禁令扭转，治理也不可能一步到位。深化婚俗改革，还需要拿出更多务实有效的举措，促进人们的观念更新，推动文明新风落地生根。,2632,https://news.cctv.com/2024/03/26/ARTIFE9u8mwpw5EmziwLRrco240326.shtml,结婚登记;高价彩礼;天价彩礼;婚姻;结婚;离婚;婚恋;彩礼;婚俗;婚嫁;适婚;婚介;夫妻;情侣
China News Service,2024/3/28,山西“订婚强奸案”彩礼纠纷案一审宣判,中新网 3月28日电 据阳高县融媒体中心微信公众号消息，3月28日，阳高县人民法院一审审理并当庭宣判一起婚约财产纠纷案件，依法判决驳回原告的诉讼请求。 经审理查明，2023年1月30日，原告席某某(男方)与被告吴某某(女方)经婚介机构介绍相识。交往期间，男方给付女方钻戒1枚。2023年5月1日，双方订婚。订婚当日，男方通过婚介服务部工作人员给付女方彩礼款10万元和7.2克金戒指1枚。 另查明，2024年1月31日，女方将彩礼款10万元和2枚戒指退还至婚介服务部。婚介服务部工作人员于当日通知席某某母亲郑某某取回上述财物，但其拒绝领取，仍坚持提起诉讼。 法院经审理认为，本案中男方给付女方的彩礼款10万元及2枚戒指应认定为彩礼范畴。女方已于立案前将该彩礼退还至婚介服务部，婚介服务部工作人员通知男方母亲领取该彩礼但其拒绝领取。法院亦在案件受理后再次告知，男方母亲仍拒绝领取。故男方在女方已退还上述彩礼且通知其领取的情况下，仍坚持通过诉讼要求女方返还彩礼的请求已无事实依据，依法不予支持。关于男方主张返还包括订婚宴花费1644元在内的日常多次多笔花费9977.8元的诉求，女方对给付金额及花费有异议，法院认为上述款项属维系、增进双方感情的日常消费性支出，不属于彩礼范畴，依法不予支持。故依法判决驳回原告席某某、郑某某的全部诉讼请求。 【,568,https://www.chinanews.com.cn/sh/2024/03-28/10188616.shtml,彩礼;婚约;婚介
People.cn,2024/3/28,北京取消“离婚限购” 一线城市房地产政策或进一步优化--经济・科技--人民网,北京限购政策迎来新变化。3月27日，有市场消息称，北京“离异3年内不得京内购房”的限购政策文件被废止。 对此，北京市住房和城乡建设委员会相关工作人员向《证券日报》记者表示，消息属实，目前提交新的购房资格申请时，不再审离婚的年限及套数，只要其他条件符合购房政策，即可购买。 2021年8月4日，北京市住房和城乡建设委员会发布政策规定，北京夫妻离异的，原家庭在离异前拥有住房套数不符合本市商品住房限购政策规定的，自离异之日起3年内，任何一方均不得在本市购买商品住房。 “北京离婚限购政策出台的初衷是避免‘假离婚’获得购房资质，也是出台在北京二手房市场相对活跃的时期。取消离婚限购属于限购松绑的一部分，给市场释放利好信号。”诸葛数据研究中心首席分析师王小嫱对记者表示。 “取消单身购房限制、离婚购房限制是大趋势。一方面，从目前居民购房情况来看，均为刚需或换房型购置，投资性购房已经基本退出，政策也需要适应新形势；另一方面，京沪深等超大城市单身人群较多，要考虑这部分人群合理的住房需求。”广东省住房政策研究中心首席研究员李宇嘉表示。 今年以来，北京二手房成交规模不及前两年同期成交水平。根据诸葛数据研究中心监测数据显示，截至今年3月24日，年内北京二手房住宅成交量2.85万套，较去年同期下降27.8%，较2022年同期下降12.7%。 中指研究院数据显示，3月份市场有所恢复，截至3月26日，北京二手房成交11024套，已明显高于2月份全月，但在去年高基数下，同比降幅仍超20%。 中指研究院市场研究总监陈文静表示，此次北京取消离婚限购，向市场释放出进一步优化政策的积极信号。随着北京政策的进一步优化调整，房地产市场活跃度有望继续提升，其他核心城市需求端政策也有望加快跟进。 “短期来看，北京限制性政策存在继续优化预期，包括优化大户型限购、优化郊区限购、降低首付比例、降低房贷利率、降低交易税费等，同时结合人口、人才政策，给予多孩家庭、老年家庭更多住房支持也存在空间。”陈文静表示。 值得一提的是，对购房政策的优化是今年房地产市场的重要方向。今年《政府工作报告》提到“优化房地产政策”；3月22日国务院常务会议亦提出“系统谋划相关支持政策，有效激发潜在需求，加大高品质住房供给”，此前住房城乡建设部部长倪虹在两会民生主题记者会上也明确提出，“城市政府要用好调控自主权”。 李宇嘉表示，在新形势下，既有的政策在持续进行调整。易居研究院研究总监严跃进表示，近期，一线城市限购政策在去年年底和今年年初放松的基础上又有了新动向，后续或有进一步优化。,1067,http://finance.people.com.cn/n1/2024/0328/c1004-40205365.html,离婚;单身;夫妻
People.cn,2024/3/28,北京市取消离婚限购政策,本报讯（记者 鹿杨）记者昨天从市住建委获悉，“离异3年内不得京内购房”限购政策即日起被废止。这也意味着，今后离婚后购房不再受离婚年限限制。 2021年8月4日，市住建委发布《关于进一步完善商品住房限购政策的公告》，其中规定，夫妻离异的，原家庭在离异前拥有住房套数不符合本市商品住房限购政策规定的，自离异之日起3年内，任何一方均不得在本市购买商品住房。不符合北京市商品住房的限购政策，是指京籍已婚家庭拥有2套及以上住房，京籍单身家庭和非本市户籍家庭拥有1套及以上住房。当时，这一限购政策的出台，是为了抑制楼市局部过热的状况，防止“借离婚骗取购房资格”。 目前，市住建委官网中对此条公告的有效性已标注为“已废止”。记者随后从市住建委了解到，此条政策确已从27日起被废止。,333,http://bj.people.com.cn/n2/2024/0328/c14540-40791167.html,离婚;单身;夫妻
People.cn,2024/3/29,《婚姻家事律师业务技巧》新书发布,人民网成都3月29日电 （记者刘海天）今日，北京德恒（成都）律师事务所高级合伙人唐应欣所著《婚姻家事律师业务技巧》新书发布会暨四川家事法沙龙“婚姻家事专业化的坚持与呈现”活动在北京德恒（成都）律师事务所举行。 发布会上，唐应欣律师以“婚姻家事专项服务细分思考百态融合”为题作了主题演讲。唐律师介绍，《婚姻家事律师业务技巧》分为咨询、代理、专项的家事服务体系。本书核心内容是“家事专项服务”落地经验总结即服务方式、业务流程、产品思维等实操技能，并结合自己荣获首届成都市律师协会法律服务创新大赛一等奖作品《“企+家”防火墙——民营家事法律服务产品》为参会嘉宾分享了“家事专项服务”的服务模式、服务流程、应用场景。 唐律师挑选书中“三类十六项”法律服务子产品离婚协议服务、离婚指导服务、遗嘱全套服务，结合独创的“三步法”思维方式展示了家事律师业务洽谈实战过程。最后，唐律师特别强调婚姻家事服务重在实践，《婚姻家事律师业务技巧》一书与点睛网同体系课程配套使用相得益彰，德恒成都“青年律师训练营”将开设落地实操课程，为青年律师和财富管理律师掌握和运用家事专项法律服务技能进行培训。 在四川家事法沙龙研讨会上，嘉宾们以专题研究、交流分享为基本形式，通过裁判规则的梳理、办案经验的总结，从出书、演讲、写作、公益、运营、营销、团建、IP等不同角度分享“婚姻家事专业化的坚持与呈现”有关经验，促进四川婚姻家事法律领域专业共建。 据介绍，《婚姻家事律师业务技巧》由西南财经大学出版社于2024年2月出版。这是一本有趣且务实的专业书籍，浓缩作者多年深耕婚姻家事法律服务领域的宝贵经验，全面详尽地总结了丰富的法律服务技巧。该书强调法律服务细节，从侧面反映婚姻家庭时代变迁，为有志于从事婚姻家庭法律服务的律师提供操作指南。四川大学法学院院长左卫民不仅倾情为本书作序，还评价本书“展现了婚姻家庭律师领域的专业化成果，是婚姻家事法律服务的一种‘范本’。”北京德恒律师事务所首席全球合伙人王丽评价：“此书是作者多年来的丰富执业经验积累，全面介绍了婚姻家事相关服务，有助于同行借鉴和学习。”中国法学会婚姻家事法研究会副会长杨遂全教授认为，这本书很务实，内容比较全面，实操性强。作者在书中运用了多种法律技巧，以切身体验为读者答疑解惑。,949,http://sc.people.com.cn/n2/2024/0329/c345528-40793631.html,婚姻;离婚
People.cn,2024/3/29,秀山法院巧用“平台+机制”调解跨国离婚案,原告张女士身在湖南省花垣县某乡镇，被告郭先生身在万里之遥的异国他乡，两人的离婚纠纷如何处理？近日，重庆市秀山县人民法院洪安人民法庭依托渝湘黔少数民族毗邻地区司法协作机制，立足于法庭功能定位并跨省协作沟通，通过信息网络平台在线调解，成功化解了一起跨国离婚纠纷，真正实现了“让数据多跑腿，让群众少走路”。 “法官，当事人以为我是骗子，声称要报警！”案件进入送达法律文书阶段时，法庭干警多次微信联系当事人，却遭到对方的报警警告，干警无奈地向承办法官展示微信聊天记录。 原来张女士与郭先生于2015年12月在秀山县民政局登记结婚，二人生育两子。双方由于婚前缺乏了解，感情基础薄弱，生活环境和习惯不同导致矛盾越发增多，经常吵架。现郭先生身在国外，与张女士已经完全分居，张女士没有体会到夫妻之间的关爱和家庭的幸福，无法忍受没有感情、没有温暖的夫妻生活，对婚姻彻底失望，夫妻感情破裂。因此，张女士诉至秀山法院，要求与郭先生离婚。 法院干警考虑到郭先生回国经济及时间成本，决定通过微信与他取得联系，却被误认为骗子。承办法官了解到这起跨域远距离案件后，坚持不懈地多次向国外的郭先生发送自证身份的微信好友申请，一个月后郭先生终于卸下心防，通过了好友申请。 申请通过的第一时间，承办法官抓住机会，首先感谢郭先生的积极配合，接着与他微信语音、视频通话，询问郭先生是否需要法官去介入调解、缓和双方矛盾，另外法官还提出三个方案，获得郭先生同意。 因涉外司法送达相对困难，且周期长，即便送达成功，郭先生回国参加庭审耗费的成本也较高。为提高纠纷解决效率，减轻当事人的诉累，在征得当事人同意后，承办法官决定利用人民法院调解平台，以远程视频连线的方式对该案进行线上调解。 在法庭工作人员的悉心指导下，郭先生顺利进入线上视频调解系统，在承办法官的主持下最终达成了调解意见，并由郭先生率先在线签署了调解协议。 3月22日下午，秀山县人民法院洪安法庭依托渝湘黔少数民族毗邻地区司法协作机制，立足于法庭功能定位并跨省协作沟通，积极与湖南省湘西州花垣县边城法庭联系，在花垣县法院法警协助下找到张女士，确认了调解方案。张女士表示：“还以为这个事情一年半载可能解决不好，没想到这么快就解决好了。感谢你们！” 调解结束后，双方当事人都为这场快速高效的“云”调解点赞。（吴润林）,962,http://cq.people.com.cn/n2/2024/0329/c365411-40793285.html,婚姻;结婚;离婚;夫妻
CCTV,2024/3/31,多地网友呼吁设置相亲角 安徽铜陵北京通州等地回应,其中，安徽铜陵网友近日通过人民网领导留言板提出，别的城市公园都有相亲角，铜陵市还没有，为了解决年轻人找对象难的问题，能不能在翠湖公园设置一个相亲角？ 铜陵市人民政府办公室后回复称，相亲角是中国独特的青年婚恋交友形式，是父母为子女争取幸福的一种方式。相亲角最早出现在2004年北京的龙潭公园。这种交友形式因为突破了依赖于个人和家庭人际范围的关系网，又被复制到了上海、广州、深圳、郑州、重庆等多座城市。近年来，铜陵市适龄青年结婚登记数量持续减少，给婚姻家庭关系带来挑战。因此，设置相亲角，扩大青年交友的渠道十分必要。据了解，翠湖公园属于铜陵经济技术开发区管理。下一步，我们将与相关单位加强沟通协调，完善基础设施，为适龄青年相亲交友创造良好的外部环境。 早前，还有北京网友提出，大龄青年找对象难已成为社会问题，北京市在中山公园有相亲角，主要是父母去替子女找对象，但是通州区去市里太远了，建议通州区安排一个公园做相亲角。 通州区后回复称，网友的建言已报送相关部门，将根据实际条件研究吸纳。 澎湃新闻注意到，2023年以来，陆续有新疆乌鲁木齐、陕西延安、山西高平等地网民呼吁相关部门在城市公园里设置相亲角。其中，乌鲁木齐市委办公室去年11月作答称，林草部门将结合实际，部分公园点位在情人节、七夕等特殊节日举办相亲活动，同时计划选取合适的公园点位设置相亲角。 公开报道显示，近期部分地区已有一批相亲角宣告启用。 例如，据甘肃平凉市妇联3月7日消息，为充分发挥妇联组织的桥梁纽带作用，聚焦社会热点，回应家庭关切，在“三八”妇女节来临之际，由市妇联打造的全市首家相亲平台——青平有约“相亲角”正式上线。 据其介绍，青平有约“相亲角”是由市妇女联合会发起，联合甘肃有爱有家婚恋服务有限公司搭建的我市首个“相亲角”。旨在为我市适龄单身青年建立一个相识相知、沟通交流、交友联谊的平台，通过宣传移风易俗，引导广大青年树立正确的择偶观、婚恋观、家庭观，同时进一步激励各条战线上的青年人才扎根平凉、建设平凉。 该“相亲角”将通过“线上互联+线下互动”的方式，打造网络一体化相亲交友平台。线上，青年男女提交报名信息，由专人管理建立人员信息数据库，通过“数据”碰撞相互推荐，促进青年男女交友互动，并定期进行“追踪”。线下，在“相亲角”展出单身男女信息资料，为青年提供精准精细婚恋服务，同时不定期组织联谊活动，为单身青年营造信息真实、隐私安全、诚信交友的良好氛围。 在浙江绍兴，3月23日上午，上虞区妇联首个相亲角——“梁”缘永“祝”相亲角在中国英台之乡——丰惠镇祝家庄村英台书院正式启用，首批57个单身男女信息在这里亮相。启动仪式上，举行了全区骨干公益红娘聘请仪式，首批20名红娘接受区妇联的聘书，投身婚恋服务，为广大单身青年男女交友联谊、婚恋问题提供帮助。 据上虞区妇联消息，首个相亲角信息在书院入口处公布，红娘、青年、群众围在一起，对有兴趣的信息拍照、发微信、打电话，表现出极大的热情。“这样的相亲角真的很有必要，方便有需求的人来看、来登记，解决了信息来源单一问题”，其中一位红娘说道，她表示以往大家都仅限在男青年——红娘——红娘——女青年之间点对点对接沟通，现在由点到面，服务对象更广泛、沟通更快捷，能有效解决以往信息不对称问题。,1352,https://news.cctv.com/2024/03/31/ARTIj4cKMJV5nu2NBAttvxDq240331.shtml,结婚登记;婚姻;结婚;婚恋;相亲;单身;择偶;对象
China News Service,2024/4/2,南宁一对婆媳接力当“红娘” 推出年轻人乐于接受的相亲方式,中新网 南宁4月2日电 题：南宁一对婆媳接力当“红娘 ” 推出年轻人乐于接受的相亲方式 “这两天在南宁华南城连续举办的相亲活动，第一天有200多人参加，第二天有100多人参加，场面火爆。”广西玉芳红娘婚姻服务有限公司负责人庞玉芳近日在接受记者采访时说。 走进位于南宁市五一路的玉芳红娘馆，庞玉芳的手机响个不停。有电话咨询的，有上门来登记相亲信息的。清明节来临，庞玉芳的家人准备去墓园扫墓，但庞玉芳却无法参加。“没办法，需要我们帮助的单身青年太多了。”庞玉芳说。 庞玉芳原是南宁市江南区福建园街道南建社区党委书记，在任时因热心帮助社区单身男女促成姻缘，成了南宁有名的“书记红娘”。2015年退休后，庞玉芳干起了专业“红娘”，她先后为六万多名单身男女“搭鹊桥”，促成了数千对夫妻。 在南宁一家教育机构工作的黄平(化名)先生参加了庞玉芳组织的相亲活动。他坦言，由于平时社交圈小，在网上了解到庞玉芳的事迹后，加入了相亲队伍。“在庞姐这里相亲，感觉蛮好的，她比较有经验，能推荐般配的女孩和我交往。”黄平说。 从南宁市武鸣区赶来相亲的覃丹(化名)女士表示，自己平时社交少，还带着一个孩子。“再不参加相亲活动，就错过了最佳结婚年龄。” 2024年春节之后，庞玉芳已经组织了多场相亲活动，“我们整个团队已经促成300多对单身男女成功牵手。最近河南开封的‘王婆’很火爆，南宁市江南区新时代文明实践中心，南宁市江南区文明办、江南区妇联、江南公园等单位也非常支持我在南宁江南公园搭建起‘玉芳红娘相亲角’平台，为单身男女‘搭鹊桥’。”庞玉芳说。 在庞玉芳的影响下，她儿媳妇张子煊传承了她的衣钵，成了一名年轻的“红娘”。生于1989年的张子煊，有自身的优势，了解年轻人的想法。她组织参加相亲的男女青年一起做互动游戏、拓展运动，一起打球，组织的相亲活动更容易让年轻人接受。 “我最近有一位在银行工作的朋友也想参加相亲活动。”张子煊说，现在的年轻人出门手机不离手，回到家也是手机作伴，沉浸在个人世界里，根本没什么社交活动，恋爱自然就成了难题。 张子煊大学学的是企业管理，毕业后在一家国企工作，“去年，我想通过线上直播方式，帮家婆推介业务，就这样走上了职业‘红娘’这条路。”张子煊说，在她的撮合下，已有30多对男女牵手成功。 伍小平和梁肖云是南宁一家国企的退休职工，跟随庞玉芳做婚介志愿服务已经多年。“能将单身男女撮合成功，感觉是做了一件善事，十多年了，我一直坚持做‘红娘’，也让40多对年轻人牵手成为夫妻。”伍小平说。 “我儿子平时很少出门，作为‘红娘’，我也鼓励儿子参加庞玉芳组织的相亲活动。”梁肖云说。 做了20多年“红娘”的庞玉芳说，虽然已年近60岁，她还想一直做“红娘”，让更多年轻人走进婚姻殿堂，体验生儿育女的快乐。 广西婚姻家庭研究会副会长滕洁贞在接受记者采访时表示，手机网络替代了人与人的交往和交流，年轻人没机会遇到合适的人，拖着拖着就成大龄剩男剩女。各地出现的低门槛相亲舞台，选择多、效率高、快节奏，迎合了年轻人的需求。希望社会能为年轻人提供更为经济、便捷、高效、有温度的相亲机会和场所。广西“三月三”对山歌就是很好的传统相亲文化。(完),1312,https://www.chinanews.com.cn/sh/2024/04-02/10192164.shtml,婚姻;结婚;婚介;恋爱;相亲;单身;夫妻
People.cn,2024/4/3,耄耋夫妻要离婚 法庭调解终“成全”,近日，德惠法院成功调解了一起耄耋老人离婚案件，及时化解了矛盾，使双方和平解除了婚姻关系。 魏某贤与马某元在1963年登记结婚，婚后生育四名子女，现已去世三人，还有一名女儿，双方婚后感情一直不和，多年来经常因家庭琐事发生口角纠纷，致使夫妻感情确已完全破裂，故魏某贤将马某元诉至德惠法院，请求准予离婚，同时分割夫妻共同财产。 承办法官王书申受理案件后，积极与双方当事人交流，了解案情，考虑到两位老人已年过八旬，且心结较重无法冷静地面对面交流。为最大程度减少双方矛盾纠纷，王书申决定分别与两位老人交谈，耐心倾听老人内心的真实想法，了解双方诉求。王书申耐心听取双方意见后表示，六十年的风雨同舟实属不易，不要轻易做下冲动的决定。但魏某贤态度坚决，一定要离婚，对此，马某元也表示同意。 最后，通过法官耐心细致地释法说理，双方当事人就解除了婚姻关系、财产分割等达成了一致意见，马某元当场将6万元进行了交付。至此，这场婚姻风波终于告一段落。 家庭是社会的组成部分，家庭和睦则社会安定，家庭幸福是社会祥和的重要基础。下一步，德惠法院将牢固树立“小案事不小，小案不小办”司法理念，继续坚持融情于法，柔性化解，以对当事人负责的态度化解矛盾，以为民司法之心保障当事人的合法权益。（沈俊 王欣婷）,535,http://jl.people.com.cn/n2/2024/0403/c349771-40799009.html,婚姻;结婚;离婚;夫妻
People.cn,2024/4/3,花甲夫妻执意离婚 法官调解“好聚好散”,近日，德惠法院开发区法庭承办了一起老人离婚案件。夫妻两人虽均已过花甲之年，却因感情问题对簿公堂。最后，双方在承办法官陈阳的悉心调解下，心平气和地结束了三十多年的婚姻，并顺利解决了共同财产分割问题。 张某某与秦某某婚姻存续的三十余年内，双方经常因家庭琐事发生口角，导致双方矛盾越来越深，关系日渐疏远。遂张某某诉至德惠法院，要求解除与秦某某的婚姻关系。 案件受理后，承办法官陈阳考虑到双方当事人年事已高，本案的处理关系到两位老人的晚年生活，陈阳决定通过调解方式让两位老人加强沟通、相互体谅，从而化解矛盾。张某某坚持已无和好可能，且双方分居多年，请求法院判令离婚。秦某某则受传统的婚姻观念影响，认为即使夫妻之间存在不可调和的矛盾，也应该选择忍耐和维持婚姻。陈阳听取了双方的意见后，又与当事人子女进行了沟通，了解其对父母婚姻状态的态度。子女表示尊重父母的选择，即使离婚也仍是亲人，作为子女也会是二老的避风港。 掌握夫妻两人的心结后，陈阳法官采取心理疏导，耐心劝解，从法理与情理的层面上对婚姻问题释法明理，最终经过耐心细致的法庭调解和冷静思考，双方终于放下各自心结，心平气和地结束了三十多年的恩怨纠葛。 调解结束后，张某某、秦某某及其家庭成员对调解方案都十分满意，纷纷感谢陈阳耐心、公平地处理了他们的问题。张某某当场给付秦某某共同财产分割款15万元，以此来保障其离婚后的正常生活。至此，这起矛盾终于画上句号。 离婚案件与其他民事案件相比具有身份性、伦理性、复杂性、感情性等特点。如果当事人因婚姻家庭纠纷问题发生纠纷不能得到公正和妥善地处理，其后果不仅仅是婚姻的破裂、家庭的解体，还会增加社会不稳定因素，甚者还会导致“民转刑”案件发生。今后，德惠法院将在审判实践中进一步仔细梳理分析家事纠纷形成原因、案件类型、矛盾焦点，充分发挥主观能动性，释法明理，帮助当事人树立现代化家庭观念，以促进和谐乡村、和谐社区的建设。（曹阳 王欣婷）,808,http://jl.people.com.cn/n2/2024/0403/c349771-40799011.html,婚姻;离婚;夫妻
People.cn,2024/4/4,咨询婚姻家事相关法律 四川律师有了操作指引,近日，《四川省律师协会关于婚姻家事法律咨询的律师实务操作指引》发布。据悉，该《指引》将规范全省律师婚姻家事法律咨询服务执业行为，同时倡导律师运用法治思维和法治方式，预防化解各类婚姻家事纠纷。 记者注意到，《指引》的适用范围是：婚约财产纠纷、婚内夫妻财产分割纠纷、离婚纠纷、同居关系纠纷、亲子关系纠纷、抚养纠纷、扶养纠纷、赡养纠纷、收养关系纠纷、监护权纠纷、探望权纠纷、分家析产纠纷、法定继承纠纷、遗嘱继承纠纷、被继承人债务清偿纠纷、遗赠纠纷、遗赠扶养协议纠纷、遗产管理纠纷，其他与家庭成员有关的婚姻家事纠纷，以及家族财富管理等婚姻家事新型业务等。《指引》要求律师接待婚姻家事法律咨询，应严格保守当事人及其家庭成员的秘密，保护隐私，特别注意保护妇女、未成年人、老人和残疾人的合法权益。 此外，《指引》明确咨询应当收费。律师应当在咨询开始前告知当事人咨询费的收费标准，在确认当事人接受并愿意付费后开展咨询工作，付费咨询结束后，律师应当与当事人共同确认咨询起止时间和咨询费金额。同时，律师应安排工作人员协助当事人向律师事务所支付咨询费并出具发票。事后，律师可对咨询内容进行全面分析和整理，制作书面的律师咨询建议或报告并提供给当事人，供其参考。 值得一提的是，《指引》专门强调了纪律。律师在接待咨询时，不得采用明示或者暗示方式就办理结果向当事人进行不当承诺或保证，不得采用明示或者暗示与办案机关、政府部门及其工作人员或任何相关单位有特殊关系等不正当方式获取当事人的信任。对于当事人不合理、不合法的诉求和委托意向，律师应予拒绝并做好说明和引导工作。（成都日报锦观新闻记者 晨迪）,684,http://sc.people.com.cn/n2/2024/0404/c345167-40799734.html,婚姻;离婚;婚约;夫妻
CCTV,2024/4/7,世纪佳缘骗取服务费被罚20万，单身人士苦婚恋网站久矣？,近日，世纪佳缘旗下上海花千树信息科技有限公司因骗取消费者价款或者费用而不提供或者不按照约定提供商品或者服务，被上海市杨浦区市场监督管理局罚款20万元。 上海市市场监管局网站公布的行政处罚决定书显示，当事人主要从事互联网端的婚姻介绍婚保会员服务，为“世纪佳缘”app的经营管理者。自2023年6月至9月，当事人对多名消费者未能按照售前约定内容提供服务。同时，2023年6月至8月，当事人在向2名消费者销售付费会员服务中，部分款项未告知消费者具体的服务数量、质量等，上述服务产品涉及服务费计人民币106960元。 企查查APP显示，上海花千树信息科技有限公司成立于2004年，注册资本1亿元，法定代表人系孙鹏轩。股东信息显示，该公司由百合佳缘网络集团股份有限公司全资子公司天津百合时代资产管理有限公司100%持股。风险信息显示，今年以来，上海花千树信息科技有限公司已累计被罚85万元。 早在2022年11月，世纪佳缘就曾因服务问题陷入合同纠纷。据媒体报道，广东的陈女士花费68800元参加世纪佳缘的“婚保服务”，先后见了13名男性均没有后续，后世纪佳缘以合同服务结束为由不再提供服务。陈女士要求退款遭拒后起诉世纪佳缘，法院认定世纪佳缘工作人员签约时有诱导性语言，判决退给陈女士1万元。 值得一提的是，今年央视3·15晚会曝光珍爱网、世纪佳缘、恋爱课等多家婚恋平台涉嫌用优质的异性资源、0门槛的诱人广告、言之凿凿的成功案例作为噱头，欺骗消费者。对此，世纪佳缘致歉称，第一时间成立特别调查小组，全面介入相关调查工作。目前公司已要求报道中所涉门店暂停一切经营活动，全面接受政府执法部门和公司内部的调查工作。同时，公司内部也已启动紧急核查程序，全面调查业务中出现的相关漏洞与问题。珍爱网官方微博发布致歉声明，称在第一时间成立专项小组，采取最严措施，全面深入调查并立即处理相关问题。 近年来，关于婚恋、交友平台的投诉量一直处于居高不下，其中相当一部分与其培训课程有关。“捏造虚拟对象”“诱导消费”“信息审核不严”等等，已经成为婚恋平台的重灾区。据此前媒体报道，有记者先后通过珍爱网、世纪佳缘、恋爱课等多家婚恋公司的面试，成为了一名“婚恋红娘”。在专业培训中，讲师强调首先要“抛诱饵”，捏造符合客户心意的“虚拟人”；接着通过客户的消费习惯、存款等信息“筛选客户有没有钱”;接下来，“堵死客户的其他可能性”，让客户把婚恋平台当成唯一希望，用年龄焦虑、生育焦虑、离异后小孩的感受等痛点，诱导消费者购买价格动辄上万元的会员服务。那么这套流程下来，消费者真的能在平台帮助下，找到“合适的人”吗？有人向记者反映“(通过平台)确定恋爱关系，然后发现此男士并非单身”。 近年来，大部分婚介服务机构存在如下问题：信息审核不严；背景信息审核不严；“红娘”资质有待规范；实际服务与承诺不符；退款难；存在消费者个人信息泄露隐患等诸多问题。 2023年9月27日，中央网信办组织召开全国网信系统视频会议，部署开展“清朗·生活服务类平台信息内容整治”专项行动。规范婚恋交友、影视点评等生活服务类平台信息内容发布。律师表示，如果婚恋平台在提供婚介服务过程中，未能尽到基本审查义务和谨慎注意义务，消费者因此遭受侵害的，依据《民法典》，婚恋平台应在其过错范围内对消费者的损失承担民事赔偿责任。 消协组织提醒消费者，接受婚介服务时应注意以下4点：首先，应选择证照齐全、规模较大、较正规的婚介机构。其次，与婚介服务机构签订协议时，不要轻信口头承诺，对婚介过程中的细节及婚介失败的处理方案等应提前协商并写入合同、协议中。再次，消费者向婚介网站、服务门店汇款时，应先查看对方提供的汇款账户是否与其名称一致，如果汇款账户为个人，一定要高度警惕。最后，付费后要索要正规的服务凭证，并保留好消费凭证和协议。 （海报新闻编辑 王锦川 综合中新经纬、中国消费者报、央视财经、企查查等）,1609,https://news.cctv.com/2024/04/07/ARTIV839KYg62WNF4fWyMfOn240407.shtml,婚姻;婚恋;婚介;恋爱;单身;对象
China News Service,2024/4/7,最高法发布民法典婚姻家庭编司法解释（征求意见稿）,中新网 4月7日电 据最高人民法院微信公众号消息，为正确贯彻实施《中华人民共和国民法典》，统一法律适用，依法保护妇女、未成年人、老年人、残疾人的合法权益，维护婚姻家庭和谐稳定，推动家庭家教家风建设，本院结合审判实践起草了《最高人民法院关于适用 婚姻家庭编的解释(二)(征求意见稿)》。为广泛听取社会各界意见，更好回应人民群众关切，现向社会公开征求意见。欢迎社会各界提出宝贵意见，并请在提出意见建议时说明具体理由。书面意见可寄往北京市东城区东交民巷27号，最高人民法院民事审判第一庭张灵若，邮编100745；电子邮件请发送至电子邮箱 zgfmytlaw@163.com ，本次征求意见截止日期为2024年4月30日。 最高人民法院关于适用《中华人民共和国民法典》婚姻家庭编的解释(二) 为正确审理婚姻家庭纠纷案件，根据《中华人民共和国民法典》《中华人民共和国民事诉讼法》等相关法律规定，结合审判实践，制定本解释。 以重婚为由请求确认婚姻无效的案件中，被告以提起诉讼时合法婚姻当事人已经离婚或者配偶已经死亡为由主张后一婚姻自此转为有效的，人民法院对该抗辩主张不予支持，但另一方有理由相信重婚一方的合法婚姻已经解除或者不存在婚姻的除外。 夫妻登记离婚后，一方以双方意思表示虚假为由请求确认离婚无效的，人民法院不予支持。一方有证据证明双方意思表示虚假，请求确认离婚协议中有关财产及债务处理条款无效，并主张重新分割夫妻共同财产的，人民法院应依法予以支持。 夫妻一方的债权人有证据证明离婚协议中有关财产及债务处理条款存在民法典第五百三十八条、第五百三十九条规定情形，请求撤销相关条款的，人民法院应依法予以支持。 双方均无配偶的同居关系析产纠纷案件中，对同居生活期间取得的财产，双方无协议约定且协商不成的，人民法院按以下情形分别处理： (一)同居期间各自所得的工资、奖金、劳务报酬、知识产权收益，各自继承或者受赠的财产以及一方单独生产、经营、投资的收益等归各自所有； (二)双方共同出资购置的财产或者共同生产、经营、投资的收益以及其他已经混同无法区分的财产，根据财产的具体情况，并综合考虑各自出资比例、贡献大小等事实，按照照顾子女、女方和无过错方权益的原则进行分割。 同居生活期间，一方因抚育子女、照料老年人、协助另一方工作等负担较多义务而请求另一方给予补偿，双方对此无协议约定且协商不成的，人民法院可以根据同居生活时间、负担相应义务投入的精力及对双方的影响、同居析产情况、双方经济状况以及给付方负担能力、当地收入水平等事实，确定补偿数额。 婚前或者婚姻关系存续期间，一方将其所有的房屋变更登记至对方名下或者双方名下，离婚诉讼中，该方请求对方返还的，人民法院应当根据当事人请求，结合赠与房产目的，综合考虑婚姻关系存续时间、离婚过错、双方经济情况等事实，判决该房屋归一方所有，并参考房屋市场价格由获得房屋一方对另一方予以适当补偿，但双方有特别约定的除外。 前款规定情形下，赠与人有证据证明受赠人存在欺诈、胁迫或者民法典第六百六十三条规定等情形，请求撤销该约定的，人民法院应依法予以支持。 第五条【未成年人及夫妻一方直播打赏款项的处理】 不满八周岁的未成年人通过网络直播平台实施打赏行为，其法定代理人主张该民事法律行为无效，请求返还已打赏款项的，人民法院应依法予以支持。 八周岁以上不满十六周岁或者十六周岁以上不能以自己的劳动收入为主要生活来源的未成年人未经法定代理人同意，通过网络直播平台实施与其年龄、智力和精神健康状况不相适应的打赏行为，法定代理人不予追认并主张该民事法律行为无效，请求网络直播平台返还已打赏款项的，人民法院应依法予以支持。 夫妻一方通过网络直播平台实施打赏行为，有证据证明直播内容含有淫秽、色情等低俗信息引诱用户打赏，另一方主张该民事法律行为无效，请求网络直播平台返还已打赏款项的，人民法院应依法予以支持。 夫妻一方未经另一方同意，明显超出家庭一般消费水平打赏，严重损害夫妻共同财产利益，另一方以对方存在挥霍夫妻共同财产为由，请求在婚姻关系存续期间分割共同财产的，或者在离婚分割夫妻共同财产时对打赏一方少分或者不分的，人民法院应依法予以支持。 夫妻一方因重婚、与他人同居等违背公序良俗情形，将夫妻共同财产赠与或者以明显不合理低价转让他人，另一方主张合同无效请求返还的，人民法院应依法予以支持。 第七条【父母在子女婚后为其购房出资的认定】 婚姻关系存续期间，一方父母全额出资为夫妻购置房屋，没有约定或者约定不明的，离婚分割夫妻共同财产时，人民法院可以判决该房屋归出资人子女一方所有，并综合考虑共同生活及孕育情况、离婚过错、房屋价值等事实，由获得房屋一方对另一方予以适当补偿。 婚姻关系存续期间，双方父母出资或者一方父母部分出资为夫妻购置房屋，没有约定或者约定不明的，离婚分割夫妻共同财产时，双方均主张房屋所有权且一方不同意竞价取得的，人民法院可以根据出资来源及比例、共同生活及孕育情况、离婚过错、房屋产权登记情况等事实，判决房屋归一方所有，并由获得房屋一方对另一方折价补偿。 第八条【夫妻一方转让自己名下有限责任公司股权的效力】 夫妻一方转让登记在自己名下的有限责任公司股权，另一方以未经其同意侵犯夫妻共同财产权为由请求确认转让合同无效的，人民法院不予支持，但有证据证明转让人与受让人恶意串通损害另一方合法权益的除外。 第九条【企业登记的持股比例不是夫妻财产约定】 夫妻以共同财产投资有限责任公司，并均登记为股东，双方对该部分共同财产的归属没有约定或者约定不明，离婚时，一方请求按照企业登记的持股比例分割的，人民法院不予支持，并依照民法典第一千零八十七条规定处理。 夫妻一方以对方可继承的财产为夫妻共同财产、放弃继承损害夫妻共同财产利益为由主张对方放弃继承无效的，人民法院不予支持，但有证据证明放弃继承导致放弃一方不能履行法定义务的除外。 第十一条【人身安全保护令或人格权行为禁令可适用抢夺、藏匿未成年子女情形】 父母一方或者其近亲属等抢夺、藏匿未成年子女，另一方向人民法院申请人身安全保护令或者参照民法典第九百九十七条的规定申请采取责令行为人停止有关行为的措施的，人民法院应依法予以支持。 第十二条【抢夺、藏匿未成年子女的民事责任及抗辩事由处理】 父母一方或者其近亲属等抢夺、藏匿未成年子女，另一方以履行监护职责产生的权利受到侵害为由，请求行为人承担停止侵害、排除妨碍、赔偿损失等民事责任的，人民法院应依法予以支持。 抢夺、藏匿子女一方以对方存在赌博、吸毒、家庭暴力等严重侵害未成年子女身心健康情形，主张其抢夺、藏匿子女有合法理由的，人民法院应当告知其可通过申请撤销监护权、中止探望或者变更抚养关系等途径解决。 离婚诉讼中，父母双方均要求直接抚养已满两周岁的未成年子女，一方有下列情形之一的，人民法院应当按照最有利于未成年子女的原则，优先考虑由另一方直接抚养： (一)实施家庭暴力或者虐待、遗弃家庭成员； (三)其他严重损害未成年子女权益的情形。 第十四条【处分未成年子女名下房产的效力】 父母以法定代理人身份处分用夫妻共同财产购买并登记在未成年子女名下的房产后，又以该处分行为损害未成年子女利益为由向合同相对人主张合同无效的，人民法院不予支持。 离婚协议中约定一方直接抚养未成年子女、另一方不负担抚养费，离婚后，直接抚养子女一方经济状况发生变化导致原生活水平显著降低或者子女生活、教育、医疗等必要合理费用确有显著增加，未成年子女起诉请求另一方支付抚养费的，人民法院应依法予以支持。 能够独立生活的成年子女请求父或者母给付其未成年或者不能独立生活期间抚养费的，人民法院不予支持。 离婚协议已对未成年子女或者不能独立生活的成年子女的抚养费明确约定或者不直接抚养子女一方通过其他方式承诺给付抚养费，离婚后，不直接抚养子女一方未按照约定或者承诺履行给付义务，如果子女尚未成年或者仍不能独立生活，子女起诉请求其支付欠付抚养费的，人民法院应依法予以支持；如果子女已经成年并能够独立生活，直接抚养子女一方起诉请求对方支付欠付抚养费的，人民法院应依法予以支持。 对民法典第一千零七十二条中继子女受继父或者继母抚养教育的事实，人民法院应当综合考虑共同生活时间长短、继父母是否承担抚养费、是否实际进行生活上的照顾抚育等因素予以认定。 离婚协议约定将特定财产给予子女，离婚后，一方在财产权利转移之前请求撤销该约定的，人民法院不予支持，但另一方同意的除外。 一方不履行前款离婚协议约定的义务，另一方请求其承担继续履行或者因无法履行而赔偿损失等民事责任的，人民法院应依法予以支持。 离婚协议约定将特定财产给予子女，离婚后，一方有证据证明签订离婚协议时存在欺诈、胁迫等情形，请求撤销离婚协议中相关条款的，人民法院应依法予以支持。 离婚时，因抚育子女、照料老年人、协助另一方工作等负担较多义务的夫妻一方请求另一方给予补偿的，人民法院应当根据婚姻关系存续时间、负担相应义务投入的精力及对双方的影响、对家庭所做贡献程度、双方离婚时经济状况以及给付方负担能力、当地收入水平等事实，确定补偿数额。 离婚时，夫妻一方依靠个人财产和离婚时分得的财产仍无法维持当地基本生活水平，请求有负担能力的另一方给予适当帮助的，人民法院应依法予以支持。 一方因经济困难无房居住的，人民法院可以根据当事人请求，判决有负担能力的另一方采用下列方式予以帮助： 民法典施行后的法律事实引起的民事案件，本解释施行后尚未终审的，适用本解释；本解释施行前已经终审，当事人申请再审或者按照审判监督程序决定再审的，不适用本解释。 【,3932,https://www.chinanews.com.cn/gn/2024/04-07/10194036.shtml,婚姻;离婚;重婚;夫妻;配偶;家庭暴力
People.cn,2024/4/7,北京房山区法院：强化反家庭暴力司法保护力度--社会・法治--人民网,近日，全国首例因违反人身安全保护令，被法院判处有期徒刑八个月的反家庭暴力案成为社会关注焦点。当前，反对家庭暴力已成为全社会的共识，《中华人民共和国反家庭暴力法》早在2016年就为家暴受害者撑起了法律“保护伞”。近年来，随着《中华人民共和国民法典》《最高人民法院关于办理人身安全保护令案件适用法律若干问题的规定》等法律、司法解释的出台，反家暴的立法、司法保护力度不断加大。在《中华人民共和国反家庭暴力法》实施八周年之际，北京市房山区人民法院通过梳理相关典型案例，进一步释法说理，以提高全社会对相关问题的关注，对家庭暴力形成共同抵制的合力。 2023年国庆节期间，王女士一家人相聚为新生儿举办百日宴。百日宴散场后，王女士父亲莫名地冲她大发雷霆，直接揪住王女士头发试图拖行回家，并扬言要杀了王女士。所幸在场人员及时报警，在警察和众人的劝阻下，王女士父亲的行为得以被制止。 王女士第一时间将报警记录等相关证据留存，请在场人员为其作证，向法院申请人身安全保护令，要求禁止父亲对其实施家庭暴力。王女士认为，父亲的殴打辱骂行为造成其身体和心理双重伤害，对生活工作产生了严重影响。 法院经审查认为，王女士与其父亲在日常生活中产生矛盾，未能正确沟通、妥善解决，发生争执，甚至出现肢体冲突。考虑双方关系的状况，为避免可能存在的风险，激化双方矛盾、导致冲突升级，故作出人身安全保护令，禁止王女士父亲对其实施家庭暴力。 反家庭暴力法的一个核心内容就是人身安全保护令制度。人身安全保护令可有效预防和制止家庭暴力的发生，体现了从对施暴者事后惩罚向对受害者事前保护的转变。人身安全保护令司法解释对人身安全保护令的适用作出细化的规定，列举了申请人身安全保护令的证据形式，为家庭暴力受害者留存证据、收集证据提供行为指引，同时降低了申请人的证明标准，当申请人能证明遭受家庭暴力或者面临家庭暴力现实危险的事实存在较大可能性时，法院可作出人身安全保护令，对申请人进行保护。 本案中，王女士除了向法院作出陈述外，还自行收集了证人证言、派出所出警记录等证据证明父亲存在殴打辱骂的行为，这些证据足以证明她遭受了家庭暴力。尽管父亲对其实施肢体暴力的行为已结束，但二人同住一个屋檐下，考虑到双方矛盾仍未化解，仍有再次爆发冲突的可能性，因此法院依法作出人身安全保护令，以避免王女士再次遭受家庭暴力。 法官提醒，对已经发生或者可能发生的家庭暴力均可向法院申请人身安全保护令。公安机关的出警记录、告诫书、伤情鉴定意见、双方当事人陈述、被申请人曾出具的悔过书或者保证书，双方之间的电话录音、短信、医疗机构的诊疗记录、妇联组织等收到的反映或者求助的记录等均可以作为申请人身安全保护令的证据，要注意留存，以便后续主张权益。 吕老太年过70，患有多种基础疾病，无固定收入。吕老太与其子王某共同居住在一个院子里。因王某时常辱骂，甚至殴打吕老太，使吕老太身心受到严重伤害，吕老太多次报警，但双方矛盾始终未能得到解决，反而不断升级恶化。 吕老太不堪王某的暴力行为，便申请法律援助，通过法律援助向法院申请人身安全保护令，并申请由法院帮助调查收集相关报警材料。 法院依据吕老太的申请向当地派出所调取了相关的材料，并听取了吕老太的陈述。 经审查，法院认为吕老太的陈述及法院调取的派出所出警单、出警录像等相关材料，足以认定王某对吕老太实施了家庭暴力。由于吕老太年迈体弱，诉讼能力明显不足，在遭受家庭暴力的情况下，法律明确规定应当给予特殊保护。于是，在72小时内，法院依法以裁定书形式发出人身安全保护令，同时将该裁定送达王某、当地派出所、村委会，以便共同监督王某，有效保障人身安全保护令的执行，切实保障吕老太的人身安全。 反家庭暴力法、人身安全保护令司法解释、关于加强人身安全保护令制度贯彻实施的意见等法律法规，共同构建起了各部门协同反家暴的“网络”。应积极推动家庭暴力防控纳入社会治安综合治理体系，完善人民法院、公安机关、民政部门、司法行政部门、教育部门、卫生部门和妇女联合会等单位共同参与到反家暴工作中来。 本案中，为保护吕老太远离家暴威胁，从诉前的法律援助、诉中的证据调取到诉后的保护令执行监督，社会各部门纷纷亮起“绿灯”，联手保护其人身安全。 法官提醒，家暴不是家务事，全社会都应零容忍。如遇到家庭暴力时，应于第一时间拨打110报警或者向所在单位、居（村）民委员会、妇女联合会等单位投诉、反应或者求助。如因客观原因不能自行收集的证据，可由法院依职权或依申请调取。 此外，当事人因年老、残疾、重病等原因无法申请人身安全保护令的，近亲属、公安机关、民政部门、妇女联合会、居民委员会、村民委员会、残疾人联合会、依法设立的老年人组织、救助管理机构等，可根据当事人意愿，代为申请。 杨女士与康某于2012年3月登记结婚，育有一子小康。婚后，康某时常因家庭琐事辱骂、殴打杨女士。2023年7月，杨女士不堪丈夫的暴力向法院提起诉讼，要求与康某离婚，并要求小康的抚养权。 康某表示，不同意与杨女士离婚，也不同意小康由杨女士抚养。 在案件审理过程中，小康来到法院，要求为母亲杨女士作证。小康向法官表示，父亲总是殴打母亲，醉酒后也会无缘无故殴打自己，如果父母离婚希望与母亲一同生活。 此外，杨女士还申请法院向当地派出所调取2022年10月民警到杨女士与康某家中的执法视频，以证明康某的家暴行为。 法院认为，小康所作出的关于父亲家暴母亲的证言与其年龄、智力相适应，因此法院采纳了证言，并结合其他证据依法认定了康某存在施暴行为的事实。 最终，法院通过小康的证言和派出所的执法视频确认了康某对杨女士实施家庭暴力的事实，支持了杨女士的离婚请求；同时，从有利于小康的身心健康、维护其利益的角度出发，依据小康的个人意愿，判决小康由杨女士抚养。 根据民法典规定，实施家庭暴力是判断感情确已破裂的法定理由。因此受害者如因家庭暴力提起离婚诉讼的，需提供遭受家暴的相关证明。但实践中，家暴往往具有隐秘性，难以得到及时处理和认定，因此人身安全保护令司法解释明确了“未成年子女提供的与其年龄、智力相适应的证言或者亲友、邻居等其他证人证言”可作为家暴证据。 本案中，小康作为家庭暴力的受害者，既遭受父亲的家暴，也目睹了母亲的受暴，这种紧张、恐惧的家庭氛围，会使其身心健康受到很大损害，因此法官充分尊重小康的个人意见，从最有利于未成年子女原则出发，判决小康由母亲杨女士直接抚养。 法官提醒，家庭暴力影响的不仅是夫妻感情，目睹了家暴行为的孩子同样是家暴的受害者。若父母一方被认定存在家暴行为，依据最有利于未成年子女原则出发，一般认为施暴方不宜直接抚养未成年子女。 古女士和杨某于2010年4月登记结婚。在婚姻关系存续期间，杨某与异性关系暧昧。为此，双方多次发生激烈争吵，杨某数次殴打古女士。 2023年4月，公安机关先后两次对杨某作出家庭暴力告诫书，要求杨某及时纠正不法行为，严禁对家庭成员实施暴力行为。但杨某并未改正自己的行为。古女士认为杨某的施暴行为对其造成了巨大的身体痛苦和心理伤害，于是将杨某起诉至法院，要求判决双方离婚，并主张杨某支付精神损害抚慰金。 杨某表示，同意离婚，但不同意向古女士支付精神损害抚慰金。 法院经审理认为，杨某、古女士均同意离婚，足见夫妻感情已经破裂，对古女士离婚的诉讼请求，予以支持；关于精神损害抚慰金，结合公安机关作出的两份家庭暴力告诫书的内容，可认定杨某实施了家庭暴力。由于杨某的重大过错导致离婚，因此古女士要求精神损害赔偿有事实和法律依据，予以支持。 依据民法典规定，实施家庭暴力导致离婚的，无过错方有权请求损害赔偿。这里的离婚损害赔偿既包括财产损害的赔偿，也包括人身损害、精神损害的赔偿。具体的赔偿数额依据过错方对无过错方造成的损害程度以及婚姻当事人的经济状况等确定。 本案中，主要的争议焦点在于杨某是否应给予古女士精神损害赔偿。首先，依据公安机关作出的两份家庭暴力告诫书可认定杨某存在家暴行为；其次，古女士因杨某的家暴行为，遭受了巨大的身体、精神伤害。因此在判决杨某和古女士离婚的前提下，法院支持了古女士索要精神损害赔偿的诉讼请求。 法官提醒，离婚损害赔偿的适用，以夫妻中的一方对离婚存在过错为前提，由无过错方向有过错的配偶提起。需要注意的是，在婚姻关系存续期间，一方不起诉离婚而单独请求离婚损害赔偿的，法院不予受理。 第一千零七十九条 夫妻一方要求离婚的，可以由有关组织进行调解或者直接向人民法院提起离婚诉讼。 人民法院审理离婚案件，应当进行调解；如果感情确已破裂，调解无效的，应当准予离婚。 有下列情形之一，调解无效的，应当准予离婚： （二）实施家庭暴力或者虐待、遗弃家庭成员； 一方被宣告失踪，另一方提起离婚诉讼的，应当准予离婚。 经人民法院判决不准离婚后，双方又分居满一年，一方再次提起离婚诉讼的，应当准予离婚。 第一千零九十一条 有下列情形之一，导致离婚的，无过错方有权请求损害赔偿： 第二条 本法所称家庭暴力，是指家庭成员之间以殴打、捆绑、残害、限制人身自由以及经常性谩骂、恐吓等方式实施的身体、精神等侵害行为。 第二十条 人民法院审理涉及家庭暴力的案件，可以根据公安机关出警记录、告诫书、伤情鉴定意见等证据，认定家庭暴力事实。 第二十三条 当事人因遭受家庭暴力或者面临家庭暴力的现实危险，向人民法院申请人身安全保护令的，人民法院应当受理。 当事人是无民事行为能力人、限制民事行为能力人，或者因受到强制、威吓等原因无法申请人身安全保护令的，其近亲属、公安机关、妇女联合会、居民委员会、村民委员会、救助管理机构可以代为申请。 《最高人民法院关于办理人身安全保护令案件适用法律若干问题的规定》 第六条 人身安全保护令案件中，人民法院根据相关证据，认为申请人遭受家庭暴力或者面临家庭暴力现实危险的事实存在较大可能性的，可以依法作出人身安全保护令。 （二）公安机关出具的家庭暴力告诫书、行政处罚决定书； （三）公安机关的出警记录、讯问笔录、询问笔录、接警记录、报警回执等； （四）被申请人曾出具的悔过书或者保证书等； （五）记录家庭暴力发生或者解决过程等的视听资料； （六）被申请人与申请人或者其近亲属之间的电话录音、短信、即时通讯信息、电子邮件等； （八）申请人或者被申请人所在单位、民政部门、居民委员会、村民委员会、妇女联合会、残疾人联合会、未成年人保护组织、依法设立的老年人组织、救助管理机构、反家暴社会公益机构等单位收到投诉、反映或者求助的记录； （九）未成年子女提供的与其年龄、智力相适应的证言或者亲友、邻居等其他证人证言； （十一）其他能够证明申请人遭受家庭暴力或者面临家庭暴力现实危险的证据。,4365,http://society.people.com.cn/n1/2024/0407/c1008-40210610.html,婚姻;结婚;离婚;夫妻;配偶;家庭暴力;家暴
People.cn,2024/4/8,最高法就民法典婚姻家庭编司法解释（二）公开征求意见--社会・法治--人民网,本报北京4月7日电 （见习记者 张 悦）最高人民法院4月7日发布公告，就关于适用民法典婚姻家庭编的解释（二）征求意见稿（全文见二版）向社会公开征求意见。该司法解释拟就“假离婚”、未成年人直播打赏等问题作出规定，征求意见截止日期为4月30日。 征求意见稿规定，夫妻登记离婚后，一方以双方意思表示虚假为由请求确认离婚无效的，人民法院不予支持。一方有证据证明双方意思表示虚假，请求确认离婚协议中有关财产及债务处理条款无效，并主张重新分割夫妻共同财产的，人民法院应依法予以支持。 征求意见稿同时规定，婚前或者婚姻关系存续期间，一方将其所有的房屋变更登记至对方名下或者双方名下，离婚诉讼中，该方请求对方返还的，人民法院应当根据当事人请求，结合赠与房产目的，综合考虑婚姻关系存续时间、离婚过错、双方经济情况等事实，判决该房屋归一方所有，并参考房屋市场价格由获得房屋一方对另一方予以适当补偿，但双方有特别约定的除外。 对于未成年人直播打赏，征求意见稿规定，不满八周岁的未成年人通过网络直播平台实施打赏行为，其法定代理人主张该民事法律行为无效，请求返还已打赏款项的，人民法院应依法予以支持。八周岁以上不满十六周岁或者十六周岁以上不能以自己的劳动收入为主要生活来源的未成年人未经法定代理人同意，通过网络直播平台实施与其年龄、智力和精神健康状况不相适应的打赏行为，法定代理人不予追认并主张该民事法律行为无效，请求网络直播平台返还已打赏款项的，人民法院应依法予以支持。 征求意见稿还针对双方均无配偶的同居关系析产纠纷，父母在子女婚后为其购房出资的认定，抢夺、藏匿未成年子女的民事责任等作出了规定。最高法表示，欢迎社会各界提出宝贵意见，并请在提出意见建议时说明具体理由。书面意见可寄往北京市东城区东交民巷27号，最高人民法院民事审判第一庭张灵若，邮编100745，电子邮箱zgfmytlaw@163.com。,792,http://society.people.com.cn/n1/2024/0408/c1008-40211445.html,婚姻;离婚;夫妻;配偶
People.cn,2024/4/9,恋爱期间的小额馈赠不是彩礼--社会・法治--人民网,本报讯 潘先生与汪女士于2019年相识，2020年确认恋爱关系并同居。恋爱期间，潘先生为汪女士购买了名牌鞋等物品，并转账给其房租、生活费等。二人分手后，潘先生要求汪女士返还上述钱物未果，诉至法院。近日，北京市海淀区人民法院审理了该起涉彩礼纠纷案，认为潘先生与汪女士之间成立赠与合同关系，现有证据不能证明该赠与符合彩礼等法定可返还情形，判决驳回潘先生全部诉讼请求。 潘先生诉称，在双方恋爱期间，为了展示结婚的诚意和对汪女士的重视，为其购买了名牌鞋等礼品，并多次通过微信转账、汇款等方式，帮助其支付生活费和房屋租金。后汪女士以性格不合为由与潘先生分手，现已不再和潘先生联系。因和汪女士交往系以结婚为目的，对于为其购买的礼品及给付金钱，潘先生要求汪女士返还转账以及物品折价，共计88217.06元。 汪女士辩称，其与潘先生系在国外学习期间认识并恋爱同居。在双方结束恋爱关系后，潘先生以上门向其父母索要钱财的方式逼迫汪女士回到他身边，在索要未果时提起本案诉讼。潘先生购买礼物以及转账等行为均为自愿赠与行为，汪女士从未胁迫索要。二人同居期间所有日常开销均由汪女士承担，汪女士也曾为潘先生购买高端男士护肤品、鞋子等物品。 法院审理后认为，潘先生与汪女士恋爱期间无偿向汪女士转账以及购买物品，双方之间存在赠与合同关系。根据《中华人民共和国民法典》第六百六十三条规定，受赠人不履行赠与合同约定的义务的，赠与人可以撤销赠与。潘先生虽主张其以结婚为目的向汪女士赠与财物，该赠与合同为附条件合同，现该条件无法成就故要求返还赠与财物，但从法院调查的事实看，潘先生在本案中所主张返还的财物，系分多次小额转账或赠送礼物累加的数额，其中不乏有1314、521、52.1、5.21等具有特殊含义的数额款项及发生在2月14日等特殊日期款项，故上述财物赠送应当认定为其为维系感情表达爱意而发生的馈赠或扶助，并未在未婚男女以缔结婚姻关系为目的交付的彩礼范畴。结合上述情况，对潘先生关于案涉附条件赠与合同因条件不成就而申请撤销的主张，法院依法不予支持。 宣判后，双方当事人均未提起上诉。该判决现已生效。 恋爱中的情侣为对方购买物品或者转账的情况较为普遍，一旦感情出现问题，因为在恋爱期间的购物或者转账行为引发纠纷的案例也并不少见。给付一方往往主张该行为系借贷性质或者附条件赠与性质，而收款一方则主张属于无条件赠与。在审理此类案件时，在双方无明确约定的情况下，法院会综合考虑财物价值大小、给付时间、方式，双方的经济往来情况以及经济能力等因素作出判断。 对此类纠纷的审理结果，通常存在以下几种情况：一是认定双方存在民间借贷关系。例如一方向另一方进行大额转账，虽未签订借条等书面材料，但从双方的沟通记录等证据中可以确认存在借贷合意的情形。二是认定属于附条件赠与。例如一方以缔结婚姻关系为目的向另一方赠与较大数额的财物。中国传统风俗中的彩礼即系此类情况。在双方未能最终缔结婚姻的情况下，给付财物一方可以主张撤销赠与，返还财物。三是认定属于一般性的无偿赠与。例如男女朋友恋爱期间多次小额转账、发红包，购买日常用品等，结合转账金额、时间、共同生活等事实，可以认定为无偿赠与。 2024年2月1日起施行的《最高人民法院关于审理涉彩礼纠纷案件适用法律若干问题的规定》第三条明确了彩礼与一般给付财物的区别，即下列情形给付的财物，不属于彩礼：一方在节日、生日等有特殊纪念意义时点给付的价值不大的礼物、礼金；一方为表达或者增进感情的日常消费性支出；其他价值不大的财物。本案正是符合上述一般给付财物的情形。本案中，男方为女方购买的物品价值未超出日常恋爱合理支出，且女方也提交了相应为男方购买物品的记录，结合双方共同生活的事实，上述购买物品的行为性质应认定为一般性赠与。至于男方的转账、发红包行为，系分多次小额转账，其中既有具有特殊含义的数额款项，也有发生在特殊日期的款项，亦应当认定为一般性赠与性质。 在此提醒，处于恋爱关系中的男女由于感情较好，容易在金钱往来、购买物品等事情上处理得较为随意，当感情出现问题，又会因为之前的财务问题产生纠纷，甚至对簿公堂。出于对恋人的爱意而向对方赠送财物是正常表达爱意的方式，但是也要视情况量力而行，莫要在感情浓厚时赠送超出经济承受范围的财物，在双方感情破裂时又后悔要求追回。当然，如果是出于借贷原因向对方转账，则应备注好用途，并注意留存证据；若是以缔结婚姻关系为目的附条件赠与的彩礼，则应留存相应大额转账记录。,1841,http://society.people.com.cn/n1/2024/0424/c458858-40223087.html,婚姻;结婚;彩礼;恋爱;情侣;恋人
People.cn,2024/4/9,统一法律适用，维护婚姻家庭和谐稳定,本报北京4月8日电 （记者魏哲哲）记者从最高人民法院获悉：为正确贯彻实施《中华人民共和国民法典》，统一法律适用，依法保护妇女、未成年人、老年人、残疾人的合法权益，维护婚姻家庭和谐稳定，推动家庭家教家风建设，最高人民法院结合审判实践起草了《最高人民法院关于适用中华人民共和国民法典婚姻家庭编的解释（二）（征求意见稿）》。为广泛听取社会各界意见，更好回应人民群众关切，征求意见稿向社会公开征求意见，截止日期为2024年4月30日。 征求意见稿规定，夫妻登记离婚后，一方以双方意思表示虚假为由请求确认离婚无效的，人民法院不予支持。一方有证据证明双方意思表示虚假，请求确认离婚协议中有关财产及债务处理条款无效，并主张重新分割夫妻共同财产的，人民法院应依法予以支持。 对于基于婚姻赠与房屋的处理，征求意见稿明确，婚前或者婚姻关系存续期间，一方将其所有的房屋变更登记至对方名下或者双方名下，离婚诉讼中，该方请求对方返还的，人民法院应当根据当事人请求，结合赠与房产目的，综合考虑婚姻关系存续时间、离婚过错、双方经济情况等事实，判决该房屋归一方所有，并参考房屋市场价格由获得房屋一方对另一方予以适当补偿，但双方有特别约定的除外。前款规定情形下，赠与人有证据证明受赠人存在欺诈、胁迫或者民法典第六百六十三条规定等情形，请求撤销该约定的，人民法院应依法予以支持。 针对违反公序良俗的赠与，征求意见稿规定，夫妻一方因重婚、与他人同居等违背公序良俗情形，将夫妻共同财产赠与或者以明显不合理低价转让他人，另一方主张合同无效请求返还的，人民法院应依法予以支持。 征求意见稿明确了父母在子女婚后为其购房出资的认定。征求意见稿规定，婚姻关系存续期间，一方父母全额出资为夫妻购置房屋，没有约定或者约定不明的，离婚分割夫妻共同财产时，人民法院可以判决该房屋归出资人子女一方所有，并综合考虑共同生活及孕育情况、离婚过错、房屋价值等事实，由获得房屋一方对另一方予以适当补偿。婚姻关系存续期间，双方父母出资或者一方父母部分出资为夫妻购置房屋，没有约定或者约定不明的，离婚分割夫妻共同财产时，双方均主张房屋所有权且一方不同意竞价取得的，人民法院可以根据出资来源及比例、共同生活及孕育情况、离婚过错、房屋产权登记情况等事实，判决房屋归一方所有，并由获得房屋一方对另一方折价补偿。 《 人民日报 》（ 2024年04月09日 10 版）,994,http://sc.people.com.cn/n2/2024/0409/c345167-40803492.html,婚姻;离婚;重婚;夫妻
People.cn,2024/4/9,记者手记 | 期待更多形式鲜活、安心可靠的相亲服务,最近，河南开封“王婆说媒”在短视频平台“火爆出圈”。“王婆”以热情诙谐的语言，让单身男女青年通过自我介绍的方式，在欢笑中相识。一些原本对相亲避之不及的年轻人，因为这座景区中的“非诚勿扰”平台，内心对于婚恋的渴望被唤起，也让人看到，这届年轻人并非婚恋“淡人”，通过相亲实现脱单的需求较高。这与我近段时间以来选取西北地区一座地级市进行观察了解到的情况大致相同。 采访中我发现，小城里90后、95后单身青年的婚恋观念，映射着当地城镇化中经济社会的发展变迁。“职业、收入、经济条件、物质基础要门当户对”的传统婚俗观念，仍然影响着小城镇年轻人的婚恋心态。他们相亲的出发点，除了因为喜欢和爱慕，更多要综合考量外貌、知识学历、职业收入、性格特征、住房汽车、家庭经济条件等多重因素。 我注意到，小城市男青年倾向于选择职业、社会地位与自己条件相当、或比自己条件略低的女青年婚恋。由于面临购买结婚住房和彩礼两项大额家庭开支，一些教育背景不高、收入水平较低、缺乏家庭经济支持、在城市独自打拼的男青年，在相亲择偶时会处于弱势地位。 小城市女青年随着受教育水平的整体提升，对婚姻伴侣和婚姻质量有了更高的要求，更愿意选择在学历、事业发展、职业收入等方面优于自己的男青年结婚，因此导致部分人因为“找不到合适的人”而“被动单身”。 正因如此，各地政府、团组织及社会各方搭建平台，为年轻人牵线搭桥，让他们奔赴幸福的未来，显得尤为重要。 随着“王婆说媒”带来的热效应，目前一些地区探索创新为年轻人打造喜闻乐见的相亲方式，陕西省西咸新区茯茶镇推出“金花婆婆说媒”、甘肃省庆城县药王洞马嵬驿民俗文化村推出“表姐说媒”，单身青年的参与热度不断升温。 《中长期青年发展规划（2016-2025年）》把青年婚恋列为青年发展的重要领域。各级共青团组织把解决婚恋中年轻人的急难愁盼作为重中之重。共青团的青年婚恋服务，涉及婚恋观念引导、婚姻家庭法律法规学习、婚恋交友服务、婚恋平台搭建、服务平台监管、婚恋权益保障等多方面，应摸准适婚单身青年的婚恋“痛点”，要为他们扩大社群交友圈，设计并开展年轻人感兴趣的社群活动，鼓励他们多走出家门交友；要引领适婚青年树立科学务实、积极健康的婚恋观念，为遭遇婚恋困境青年提供心理辅导关怀；要加强青年婚恋服务的针对性，为城镇未婚职业青年、长居农村务农未婚青年、城镇灵活就业未婚青年等群体，提供形式鲜活、安心可靠的婚恋服务。,1001,http://sc.people.com.cn/n2/2024/0409/c345459-40804012.html,婚姻;结婚;婚恋;彩礼;婚俗;适婚;相亲;单身;脱单;择偶;伴侣
People.cn,2024/4/11,离婚损害赔偿制度的适用要点与裁判规则,婚姻一方存在特定情形的重大过错导致离婚时，法律赋予无过错方请求离婚损害赔偿的权利。这彰显了民法典中的公平原则和保护弱者理念，不仅能够补偿无过错方的损害，也具有一定程度的惩罚功能。原婚姻法第四十六条针对离婚损害赔偿作出了规定，民法典第一千零九十一条在承袭该条规定的基础上进行了完善。笔者尝试梳理离婚损害赔偿制度的适用要点，并归纳说明相关裁判规则。 1.适用情形。根据民法典第一千零九十一条，离婚损害赔偿请求权的行使要求，一是一方有重大过错情形，包括重婚，与他人同居，实施家庭暴力，虐待、遗弃家庭成员及其他重大过错情形；二是上述情形导致离婚。其中，根据反家庭暴力法第二条，家庭暴力是指家庭成员之间以殴打、捆绑、残害、限制人身自由以及经常性谩骂、恐吓等方式实施的身体、精神等侵害行为。值得注意的是，家庭暴力的认定并不以造成一定伤害后果为构成要件。 根据《最高人民法院关于适用〈中华人民共和国民法典〉婚姻家庭编的解释（一）》（以下简称《婚姻家庭编解释（一）》）第一条、第二条，持续性、经常性的家庭暴力可以认定为“虐待”；“与他人同居”的情形是指有配偶者与婚外异性，不以夫妻名义，持续、稳定地共同居住。实践中，如果违反夫妻忠实义务的行为未达到持续、稳定地与他人同居或与之相当的严重程度，无过错方虽然不能行使离婚损害赔偿请求权，但可主张考虑过错方的过错，在财产分割时对无过错方进行适当倾斜。 此外，相较原婚姻法第四十六条，民法典新增“有其他重大过错”的兜底条款，因而法院可行使自由裁量权，根据具体案情认定未予列举的其他行为构成重大过错情形。通说认为，此种过错必须达到重大的程度，与重婚、与他人同居、实施家庭暴力、虐待或遗弃家庭成员具有相当性。 离婚损害赔偿请求权的行使还需以过错方的重大过错行为导致离婚为条件。根据《婚姻家庭编解释（一）》第八十七条第二款、第三款，法院判决不准离婚的案件，对于离婚损害赔偿请求不予支持；在婚姻关系存续期间，当事人不起诉离婚而单独提起离婚损害赔偿请求的，不予受理。根据该解释第八十九条，协议离婚时，当事人在婚姻登记机关办理离婚登记手续后提出离婚损害赔偿请求的，法院应当受理。 2.请求权主体与行使对象。根据民法典第一千零九十一条及《婚姻家庭编解释（一）》第八十七条第一款，行使离婚损害赔偿请求权的主体为无过错方，行使对象为无过错方的配偶。因此，未成年子女或其他家庭成员无权行使，而且是否行使由无过错方决定，法院不能依职权判决离婚损害赔偿。根据该解释第九十条，婚姻双方均存在过错情形的，一方或者双方向对方提出离婚损害赔偿请求的，不予支持。就请求权行使对象而言，第三人不能成为该请求权的行使对象。 3.赔偿范围、请求权时限及其丧失。根据《婚姻家庭编解释（一）》第八十六条，离婚损害赔偿范围包括物质损害赔偿和精神损害赔偿。在认定精神损害赔偿时，应适用《最高人民法院关于确定民事侵权精神损害赔偿责任若干问题的解释》第五条，考虑过错方的过错程度，行为的目的、方式、场合等具体情节，行为所造成的后果，承担责任的经济能力及受理诉讼法院所在地的平均生活水平等因素进行综合认定。 基于诉讼经济、便利执行等因素考虑，离婚损害赔偿原则上应与离婚诉讼同时提出。根据《婚姻家庭编解释（一）》第八十八条，无过错方作为原告提起离婚损害赔偿请求的，必须在离婚诉讼的同时提出；无过错方作为被告的离婚诉讼案件，如果被告不同意离婚也不基于该条规定提起损害赔偿请求的，可以就此单独提起诉讼；无过错方作为被告的离婚诉讼案件，一审时被告未提出离婚损害赔偿请求，二审期间提出的，应当进行调解，调解不成的，告知当事人另行起诉。双方当事人同意由二审法院一并审理的，二审法院可以一并裁判。 离婚损害赔偿请求权在本质上属于债权请求权，应适用民法典总则编有关诉讼时效的规定，原则上以离婚之日起算，离婚后才发现对方具有应当承担损害赔偿情形的，自无过错方知道其权利受损害之日起算。法院在审理离婚案件时，应将离婚损害赔偿的相关权利义务以书面形式告知当事人。根据《婚姻家庭编解释（一）》第八十九条，当事人在协议离婚时已经明确表示放弃损害赔偿请求，又起诉请求损害赔偿的，不予支持。 1.一方在婚姻关系存续期间存在重大过错导致离婚，并承担损害赔偿的，在夫妻财产分割时仍可适用照顾无过错方原则，对无过错方予以多分财产。如在某离婚纠纷案中，法院认为，民法典第一千零八十七条第一款规定，离婚时，夫妻的共同财产由双方协议处理；协议不成的，由法院根据财产的具体情况，按照照顾子女、女方和无过错方权益的原则判决。男方在婚姻关系存续期间对继女的行为违背伦理道德，构成犯罪，严重伤害了夫妻感情，对于造成双方离婚具有重大过错，男方应赔偿女方精神损害赔偿金。在分割夫妻共同财产时，应对无过错的女方予以照顾。 2.第三人并非离婚损害赔偿的责任主体。如在某离婚后损害责任纠纷案中，法院认为，离婚诉讼案件中的当事人为甲与乙，与甲恋爱并以夫妻名义共同生活的丙不是离婚损害赔偿的责任主体，不应作为本案当事人。原审判决对乙要求追加丙为本案被告的申请不予准许并无不当。 3.离婚事实发生在民法典实施前，无过错方在办理离婚登记手续一年后提出离婚损害赔偿且在离婚协议中未明确放弃该主张的，可适用民法典及相关司法解释予以认定。如在某离婚后财产纠纷案中，法院认为，《最高人民法院关于适用〈中华人民共和国民法典〉时间效力的若干规定》（以下简称《时间效力规定》）第二条规定，民法典施行前的法律事实引起的民事纠纷案件，当时的法律、司法解释有规定，适用当时的法律、司法解释的规定，但是适用民法典的规定更有利于保护民事主体合法权益，更有利于维护社会和经济秩序，更有利于弘扬社会主义核心价值观的除外。该条主要是针对旧法有规定而新法改变了旧法规定时如何适用法律的规定，包括“法不溯及既往”原则和有利溯及适用规则。其中，在有利溯及标准的把握上，将更有利于保护民事主体合法权益、更有利于维护社会和经济秩序、更有利于弘扬社会主义核心价值观的“三个更有利于”作为判断有利溯及的标准，并以符合诚实信用、公序良俗和日常生活经验法则的要求为判断合理预期的基准，从而确保法律秩序的稳定。离婚损害赔偿请求权作为民法典第一千零九十一条明确赋予夫妻中无过错方的权利，如仍以婚姻法规定的四种过错情形作出认定，或以超过协议离婚时间“一年”为由即驳回无过错方的诉讼请求，显然不符合民法典婚姻家庭编保护无过错方利益原则所追求的目的。基于上述分析，民法典关于离婚损害赔偿法定情形的兜底条款、《婚姻家庭编解释（一）》中关于协议离婚后提起离婚损害赔偿的条款满足了《时间效力规定》第二条有利溯及中“三个更有利于”的标准。本案中，甲的行为已经构成民法典规定的“其他重大过错”，虽然乙在办理离婚登记手续一年后提出离婚损害赔偿，且离婚事实发生在民法典实施前，但在离婚协议中其并未明确放弃该项主张，该案适用民法典及相关司法解释的规定更有利于保护民事主体的合法权益。综上，二审法院判决支持乙的损害赔偿请求。 4.婚姻关系存续期间基于侵权之诉获得人身损害赔偿后，仍有权主张离婚损害赔偿。如在某生命权、健康权、身体权纠纷案中，法院认为，婚姻关系存续期间，夫妻一方因家暴等行为造成另一方人身损害的，受害方可以依据侵权责任法向侵权方主张人身损害赔偿；受害方取得人身损害赔偿后，有权在离婚诉讼中依据婚姻法第四十六条（现为民法典第一千零九十一条）主张离婚损害赔偿。 5.婚姻关系无效的，当事人无权主张离婚损害赔偿。如在某同居关系子女抚养纠纷案中，法院认为，甲陈述其主张损害费的主要理由是乙与案外人丙同居生活，同居期间甲与乙的婚姻关系并未被宣告无效，而且丙还对甲进行了殴打行为，损害了甲的权益。经查，甲与乙之间的婚姻关系属于无效婚姻关系，其主张的损害赔偿不属于婚姻法第四十六条（现为民法典第一千零九十一条）规定的情形，该损害赔偿主张无法律依据，且其主张乙与丙同居生活的事实缺乏证据证明，乙亦不认可该事实，故对甲主张的损害费不予支持。（黄慧婧 作者单位：北京市第一中级人民法院）,3304,http://yn.people.com.cn/n2/2024/0411/c361322-40806412.html,婚姻登记;婚姻;离婚;重婚;恋爱;对象;夫妻;配偶;家庭暴力;家暴
People.cn,2024/4/11,萧县一对新人“零彩礼”结婚获全城点赞,没彩礼没礼炮，婚车是装饰了喜庆拉花和多彩气球的电动车，随行的也是20辆由伴郎伴娘驾驶的共享单车……近日，萧县街头出现一场别样迎亲场面，赢得了众多围观者的一致点赞和真挚祝福。 萧县一对新人“零彩礼”结婚获全城点赞。萧县县委宣传部供图 家住萧县圣泉镇王门村31岁的新郎陈伟健和来自六安市叶集区28岁的新娘黄多艺是这场婚礼的主角。陈伟健原是北京科技大学硕博连读的博士生，后被加拿大多伦多大学联合培养，回国后在苏州大学做科研工作，现为师资博士后。黄多艺读研时与陈伟健相识，两人相爱6年，毕业后与陈伟健同在苏州上班，今年3月，二人喜结连理。 结婚现场，两位新人挽手而立，拜父母，拜亲朋，不讲排场但不乏仪式感，形式简约却更显真挚温馨。问及结婚彩礼时，黄多艺坦言：“‘零彩礼’的决定对我们而言既是‘为爱减负’，更是为我们的家庭、爱情增添甜蜜，我们不想让各自的父母为我们付出太多的心血，而是要通过自己的努力，创造更加美好的未来。” “近年来，家乡萧县一直致力于移风易俗，推行新时代新风尚；而我姐姐陈苗苗，就负责闫集镇高楼村的新时代文明实践工作，我们两人对家乡的做法很支持。今天的婚礼虽然简化了，但大家都觉得很轻松开心！”陈伟健说。（张祖北 魏仕）,515,http://ah.people.com.cn/n2/2024/0411/c374164-40806986.html,结婚;彩礼;婚礼
People.cn,2024/4/15,我国法院在离婚案件中开展“关爱未成年人提示”--社会・法治--人民网,新华社北京4月15日电（记者罗沙、齐琪）最高人民法院15日发布意见，在涉及未成年子女的离婚案件中开展“关爱未成年人提示”工作，避免离婚纠纷对未成年人产生不利影响，维护未成年人身心健康。 根据这份《最高人民法院关于在涉及未成年子女的离婚案件中开展“关爱未成年人提示”工作的意见》，人民法院应当依据民法典和相关法律规定，依托真实案例，向离婚案件当事人提示和强调父母对未成年子女的法定义务和权利，以及违反法律要承担的不利后果等。 法院提示，解除婚姻关系应当谨慎。即使解除婚姻关系，也应当关注未成年子女心理健康和情感需求，妥善处理抚养、探望、财产等相关事宜。此外，父母任何一方均不得违背最有利于未成年人原则，以抢夺、藏匿未成年子女等方式争夺抚养权，否则可能承担不利后果；情节严重的，人民法院可予以罚款、拘留，构成犯罪的，还将依法追究刑事责任。 法院同时提示，离婚后，父母对子女仍有抚养、教育、保护的权利和义务。父母双方均应全面履行生效法律文书确定的支付抚养费、配合对方行使探望权等义务，相互协商配合，切实维护未成年子女合法权益。未成年子女造成他人损害的，父母双方应当依照民法典相关规定共同承担侵权责任。 最高法要求，各地人民法院可以根据实际情况，确定“提示”内容。以线上、线下等多种途径，通过口头告知、现场提示阅读、播放视频、制发“提示卡”或“提示手册”等多种形式，在立案、诉前调解、审理、执行等各阶段开展“关爱未成年人提示”工作。必要时可以结合家庭教育指导工作进行。在抚养纠纷、探望权纠纷、监护权纠纷、同居关系纠纷等涉及未成年子女的案件中，也可以参照离婚案件，开展“关爱未成年人提示”工作。,692,http://society.people.com.cn/n1/2024/0415/c1008-40216425.html,婚姻;离婚
People.cn,2024/4/15,最高法发布意见 引导离婚案件当事人关心、关爱未成年子女--社会・法治--人民网,人民网北京4月15日电 （薄晨棣、高清扬）今日，最高人民法院发布《关于在涉及未成年子女的离婚案件中开展“关爱未成年人提示”工作的意见》（以下简称《意见》），对影响未成年人身心健康行为进行早期预防，将防治未成年人犯罪工作关口前移，切实维护未成年人合法权益。 据介绍，人民法院在涉及未成年子女的离婚案件中开展“关爱未成年人提示”工作，对于督导父母当好合格家长，避免离婚纠纷对未成年人产生不利影响，促进未成年人身心健康具有重要意义。 《意见》明确，要引导离婚案件当事人正确处理婚姻自由与维护家庭稳定的关系，关心、关爱未成年子女，关注未成年子女健康成长的精神和物质需求。引导离婚案件当事人提升责任意识，依法履行监护职责，充分保护未成年子女合法权益，在离婚案件中以保障未成年子女健康成长为目的，妥善处理抚养、探望、财产等相关事宜。 预防未成年人犯罪是《意见》的主要目标任务。《意见》明确，要在工作中最大限度防止漠视甚至侵害未成年人合法权益、伤害未成年人身心健康情形的发生，消除引发未成年人违法犯罪的各种消极因素，防患于未然。要为未成年人健康成长创造良好、和睦、文明的家庭环境，推动形成关心关爱未成年人的良好社会氛围。 《意见》注重发挥案例重要作用，强调开展“关爱未成年人提示”工作，应依托真实案例向离婚案件当事人提示和强调父母对未成年子女的法定义务和权利，以及违反法律要承担的不利后果等。人民法院向广大父母提示，解除婚姻关系应当谨慎。即使解除婚姻关系，也应当关注未成年子女心理健康和情感需求，妥善处理抚养、探望、财产等相关事宜。此外，父母任何一方均不得违背最有利于未成年人原则，以抢夺、藏匿未成年子女等方式争夺抚养权，否则可能承担不利后果；情节严重的，人民法院可予以罚款、拘留，构成犯罪的，还将依法追究刑事责任。 《意见》规定，各地人民法院可以根据实际情况，确定“提示”内容。以线上、线下等多种途径，通过口头告知、现场提示阅读、播放视频、制发“提示卡”或“提示手册”等多种形式，在立案、诉前调解、审理、执行等各阶段开展“关爱未成年人提示”工作，必要时可以结合家庭教育指导工作进行。,885,http://society.people.com.cn/n1/2024/0415/c1008-40216386.html,婚姻;离婚
People.cn,2024/4/16,最高法发布意见：在离婚案件中提示关爱未成年子女,15日，最高人民法院发布《关于在涉及未成年子女的离婚案件中开展“关爱未成年人提示”工作的意见》（以下简称《意见》），对影响未成年人身心健康行为进行早期预防，将防治未成年人犯罪工作关口前移，切实维护未成年人合法权益。 这项工作开展，对于督导父母当好合格家长，避免离婚纠纷对未成年人产生不利影响，促进未成年人身心健康具有重要意义。提示工作明确了哪些目标任务？要把握怎样的工作原则？具体要做哪些提示？ 离婚案件当事人应时刻关注未成年子女合法权益 《意见》明确要引导离婚案件当事人正确处理婚姻自由与维护家庭稳定的关系，关心、关爱未成年子女，关注未成年子女健康成长的精神和物质需求。引导离婚案件当事人提升责任意识，依法履行监护职责，充分保护未成年子女合法权益，在离婚案件中以保障未成年子女健康成长为目的，妥善处理抚养、探望、财产等相关事宜。 最高法此次发布的意见，多处出现“引导”一词。最高法民一庭副庭长蔡金芳说，提示主要目的是引导当事人在离婚时，时刻关注到未成年子女的合法权益。 《意见》明确要在工作中最大限度防止漠视甚至侵害未成年人合法权益、伤害未成年人身心健康情形的发生，消除引发未成年人违法犯罪的各种消极因素，防患于未然。要为未成年人健康成长创造良好、和睦、文明的家庭环境，推动形成关心关爱未成年人的良好社会氛围。 缺失父母的关心关爱，未成年子女身心健康会受到影响。最高法民一庭法官于蒙说，在典型案例中，11岁女童因父母经常吵闹要离婚，离家出走，不幸遭到性侵；一少年因父母离异，四处打工流浪，法律意识淡薄，实施盗窃、抢劫，触犯刑律。 依托真实案例向案件当事人提示和强调法定义务和权利 《意见》强调，应依托真实案例向离婚案件当事人提示和强调父母对未成年子女的法定义务和权利，以及违反法律要承担的不利后果等。 典型案例中，10岁的小韩在父母协议离婚后随父亲生活，父亲动辄以违反品德等为由打他、罚跪，甚至因无法完成父亲布置的国学作业就不许去学校上课。小韩的母亲起诉变更抚养权，母子还向法院申请人身安全保护令，均获得法院支持。 最高法民一庭法官助理徐上说，一些涉及未成年人的离婚案件中，有的当事人将负面情绪转移到孩子身上；有的不按时给付抚养费；有的以抢夺、藏匿未成年子女等方式争夺抚养权或者阻止对方探望……《意见》通过真实案例提示当事人，实施这样的行为，可能承担不利后果；情节严重的，人民法院可予以罚款、拘留，构成犯罪的，还将依法追究刑事责任。 《意见》还指出，各地人民法院可以根据实际情况，确定“提示”内容。以线上、线下等多种途径，通过口头告知、现场提示阅读、播放视频、制发“提示卡”或“提示手册”等多种形式，在立案、诉前调解、审理、执行等各阶段开展“关爱未成年人提示”工作，必要时可以结合家庭教育指导工作进行。 此外，在抚养纠纷、探望权纠纷、监护权纠纷、同居关系纠纷等涉及未成年子女的案件中，也可以参照离婚案件，开展“关爱未成年人提示”工作。 最高法民一庭副庭长蔡金芳说，坚持最有利于未成年人原则，坚持因案制宜，就是要提示父母应当肩负起对未成年子女抚养、教育、保护的法定义务。无论婚姻如何变化，都应当一如既往，尽心尽力，携手给未成年子女创造良好的生活成长环境，给予未成年子女最温暖的爱。据中国之声 1.父母因离婚产生纠纷，子女将面临心理上、生活上的巨大变化。夫妻之间一时产生矛盾，不等同于感情确已破裂。婚姻需要经营，感情可以修复，子女的健康成长是父母的期待，也是社会的希望!请三思而后行。 2.即使要离婚，也请保持平静和理性。子女不应成为父母发泄、转移负面情绪的对象。在离婚过程中，请一定要关注子女的心理健康、情感需求，注重心理疏导，听取他们的意见，妥善处理抚养、探望、财产等相关事宜。 3.如果父母不能给予足够的关心、关爱、陪护和疏导，未成年子女的身心健康会受到伤害，成长可能受到影响，严重时甚至走上违法犯罪道路或者遭受不法侵害。 昨日，最高人民法院发布《关于在涉及未成年子女的离婚案件中开展“关爱未成年人提示”工作的意见》。要求人民法院在涉及未成年子女的离婚案件中开展“关爱未成年人提示”工作，督导父母当好合格家长，避免离婚纠纷对未成年人产生不利影响。 “父母是未成年子女的依靠。一方面，父母有抚养、教育、保护未成年子女的法定义务，不依法履行义务的，将承担法律责任;另一方面，父母是子女之源，舐犊情深，亲慈恩重。”记者获悉，成都市龙泉驿区法院昨日在一起涉及未成年子女抚养的离婚纠纷案件中，向离婚案件当事人发出成都首份“关爱未成年人提示卡”。 据悉，原告欧某与被告谢某于2012年2月14日登记结婚，于2012年12月25日生育一女，2024年，两人因感情不和诉至法院要求离婚。 案件调解过程中，承办法官得知，男方谢某经常离家外出务工，对婚生女的照顾陪伴较少。婚生女目前处于青春期重要阶段，父母的陪伴与教育至关重要，父母应给予其更多关爱，保障其健康成长。 这起案件的承办法官表示，最高人民法院《关于在涉及未成年子女的离婚案件中开展“关爱未成年人提示”工作的意见》出台后，法官严格贯彻落实文件精神，立即向双方当事人（孩子父母）发送书面“关爱未成年人提示卡”，并线上对他们释法明理。目前，两人均表示，虽已离婚，但今后也会尽到做父亲、母亲的责任，给予婚生女更多的关心与关爱，为其创造良好的生活成长环境。 龙泉驿区法院表示，该份“关爱未成年人提示卡”的发出，进一步引导了案件当事人正确处理婚姻自由与家庭稳定的关系，提升责任意识，充分给予未成年子女关心与关爱，最大限度防止漠视甚至侵害未成年人合法权益、伤害未成年人身心健康情形的发生，为未成年人健康成长创造良好、和睦、文明的家庭环境。（成都日报锦观新闻记者 晨迪）,2350,http://sc.people.com.cn/n2/2024/0416/c345459-40811347.html,婚姻;结婚;离婚;对象;夫妻
People.cn,2024/4/16,最高法：在离婚案件中提示关爱未成年子女,15日，最高人民法院发布《关于在涉及未成年子女的离婚案件中开展“关爱未成年人提示”工作的意见》（以下简称《意见》），对影响未成年人身心健康行为进行早期预防，将防治未成年人犯罪工作关口前移，避免离婚纠纷对未成年人产生不利影响，以切实维护未成年人合法权益。 《意见》明确，要引导离婚案件当事人正确处理婚姻自由与维护家庭稳定的关系，关心、关爱未成年子女，关注未成年子女健康成长的精神和物质需求。引导离婚案件当事人提升责任意识，依法履行监护职责，充分保护未成年子女合法权益，在离婚案件中以保障未成年子女健康成长为目的，妥善处理抚养、探望、财产等相关事宜。 《意见》要求，要在工作中最大限度防止漠视甚至侵害未成年人合法权益、伤害未成年人身心健康情形的发生，消除引发未成年人违法犯罪的各种消极因素，防患于未然。要为未成年人健康成长创造良好、和睦、文明的家庭环境，推动形成关心关爱未成年人的良好社会氛围。 《意见》注重发挥案例重要作用，强调开展“关爱未成年人提示”工作，应当依据民法典和相关法律规定，依托真实案例向离婚案件当事人提示和强调父母对未成年子女的法定义务和权利，以及违反法律要承担的不利后果等。《意见》还提供了“关爱未成年人提示”模板，并指出，各地人民法院可以根据实际情况，确定“提示”内容，以线上、线下等多种途径，通过口头告知、现场提示阅读、播放视频、制发“提示卡”或“提示手册”等，在立案、诉前调解、审理、执行等各阶段开展提示工作。（中青报·中青网记者 刘言）,630,http://sc.people.com.cn/n2/2024/0416/c345460-40811822.html,婚姻;离婚
People.cn,2024/4/18,河北丰宁：创新13369工作法 共筑婚姻家庭保护防线,近年来，河北丰宁满族自治县依托“和合承德”文化元素，深耕婚姻家庭系统工程，创新实施“13369”工作法，开展“六和”品牌创建服务，健全“三三六法”服务举措，搭建“九方联动”服务格局，横向联动司法、民政、卫健等九部门，纵向贯通县乡村三级，共聚巾帼“她”力量，同心共筑婚姻家庭守护防线。 在丰宁实验中学大礼堂，1000名师生共同聆听来自河北民族师范学院教师教育学院心理学副教授佟秀莲带来的《心态阳光 未来可期》健康成长主题讲座，这是丰宁妇联积极推动学校、家庭、社会联合协作机制，促进学校心理健康教育的一个缩影。 近年来，丰宁围绕“和睦家庭、和满生活、和善待人、和谐社会、和合承德、和谐中国”的中心目标，构建党建引领、妇联牵头、部门联合、社会参与的婚姻家庭服务机构“宁和”家事服务中心，招募由全国妇女代表、妇联干部、心理咨询师、教师等10余人组建“宁和”家事讲师团，开展女性健康、家事调解、心理咨询、法律援助等提供优质服务，针对不同年龄段学生开展心理健康教育讲座，与近4000名学生互动，进行青春期心理健康科普；组织文明家庭、“孝心儿女”“好婆婆”“好媳妇”等评选表彰活动；实施“健康工程”，争取中央彩票公益金、河北省低保特困两癌救助金40万元，救助低收入“两癌”患病妇女40人；实施“乡村振兴巾帼行动”，助力星级美丽庭院提档升级，依法维护妇女儿童合法权益。 “夫妻要以和为贵，彼此尊重、信任、包容、呵护……”在丰宁婚姻登记处家事服务中心，工作人员向领取结婚登记证的五对新人进行婚前教育。 据了解，丰宁妇女联合会找准服务发力点，在家事服务中运用三元调解模式（即共商调解、弹性调解、远程调解），涵盖婚前、婚内、离婚三个阶段，调解六方面内容，通过“三段六面”服务将矛盾危机化解在萌芽状态： 恋爱阶段，健康普及强身，婚前辅导正心；婚姻阶段，心理辅导顺气、家庭经营固本；离婚阶段，矛盾化解干预、法律援助兜底。2023年至今，该县累计为20余对夫妻进行家事调解。 丰宁充分发挥“联”字带动作用，汇聚妇联、民政、公安、检察院、法院、司法局、卫生健康局、社工、心理咨询师九方力量，创新ABC轮岗制（固定岗、弹性岗），依据需求，科学线上线下服务形成九部门横向联动、县乡村三级纵向贯通，同心共筑婚姻家庭守护防线。 两方机构保障。丰宁妇联、民政局组织成立了县级“宁和”家事服务中心、乡（镇）服务站、村级服务室，婚调服务组织机构，婚姻家庭调解室、婚姻家庭辅导室、健康心理咨询室职能，并以县乡（街道）村三级妇联组织为依托，在全县成立309个村级网格和12个社区网格，将婚调服务组织机构延伸到妇女身边。 四方司法保障。该县顶层直联，吸纳县公安局、人民检察院、人民法院、司法局加入“宁和”家事服务中心，为矛盾纠纷调解提供法治力量、司法解释和法律援助。同时，基层互通，积极推进基层婚调网格组织融入村（社区）综治中心实战化平台，为基层调解员与一村一法官、一村一法律顾问、一村一辅警等法治力量互通协作创造条件，同心协力将婚姻家庭矛盾化解在基层。 三方立体保障。丰宁妇联树立“身体、心理、家庭”全方位大健康理念，联合卫健局开展婚前检查、健康体检、两癌筛查和两癌救助，普及健康知识，保卫身体健康；吸纳心理咨询师开展23次心理疏导，帮助妇女排解心理困扰，疏导负面情绪，保持心理健康；引入社会工作岗专业知识方法和技巧，帮助婚姻当事人树立正确婚恋观、家庭观，构架健康家庭关系，促进家庭幸福和社会和谐稳定。 下一步，丰宁持续凝聚各级妇女凝聚巾帼力量，围绕县委平安建设大局，积极参与社会治理，运用“13369”工作法，做精做细婚姻家庭社会工作。（程晖、李岳）,1502,http://he.people.com.cn/n2/2024/0418/c192235-40815010.html,婚姻登记;结婚登记;婚姻;结婚;离婚;婚恋;恋爱;夫妻
CCTV,2024/4/19,查询配偶财产应谨慎而为，不得滥用权利,近年来，有关夫妻财产知情权的议题备受关注，有法学界人士建议立法机关应将其上升为法律制度，以此实现男女平等的财产权。 连日来，“查询配偶财产权”在社会聚焦中引发热议。澎湃新闻注意到，今年6月1日起，《福建省妇女权益保障条例》将正式施行，这一地方立法细化了有关妇女权益保障的具体内容，明确妇女有权依法向房地产行政管理、车辆管理等单位申请查询配偶的财产状况。 目前，我国法律并未明确规定夫妻财产知情权制度。前述条例系福建省人大常委会制定的，属于地方性法规。在此之前，还有一些地方也曾发布规定，允许夫妻一方持有效证件查询另一方部分财产状况。 福建省人大常委会相关人士曾回应，上述条例是福建地方立法根据民法典的相关规定对共同财产知情权保障的具体落实。这一规定保障“她权利”，但并不排斥“他权利”。这一地方立法背后有何现实考量？如何准确理解地方性条例的价值和意义？夫妻财产知情权制度应该如何进行立法规制？ 为此，澎湃新闻特邀法律界人士撰文解读，提供观察。本篇专稿作者系厦门大学教授、中国法学会婚姻家庭法学研究会副会长蒋月。 “夫妻对另一方名下财产享有知情权，主要是基于财产共有和家庭责任共担。”蒋月教授在专稿中重点谈及了配偶财产知情权的正当性及其法律实践。她认为，在婚姻生活中，夫妻一方向对方询问了解财产情况时遭到无端拒绝，这种情形并不少见。在现行法框架下，不进入离婚诉讼的情形下，配偶一方知情权受损时难以获得救济。 蒋月观察称，《妇女权益保障法》规定了夫妻共同财产申报制度、法院查证制，对侵害另一方财产权的行为，实施“少分或者不分财产”的处罚，但这几项制度都只能到离婚诉讼期间或者婚内分割夫妻共同财产时才能适用，不适用于一般情形下。 “最近二十多年来，地方立法探索将配偶财产知情权予以明确、具有更大可操作性。”蒋月表示，在福建的这条规定诞生之前，早已有数个地方发布过类似规定，允许夫妻一方持有效证件查询另一方配偶的部分财产状况，“福建条例规定妇女可以依法查询配偶财产，这是因为该条例是妇女权益保障立法，其定位和任务就是保障妇女权益。” 她同时认为，这并不意味着排斥、更没有否定丈夫的相关权利，立法强调妇女依法可以查询配偶财产，是保障妇女平等权利的托举措施，“条例施行后，期待福建的立法机关可以考虑对该条例做进一步解释时，也明确丈夫同样享有查询权”。 她还提醒，条例在未来实施中应注意一些问题，比如行使查询权应基于必要，且谨慎而为，不得滥用该权利。同时，查询所得信息应当用于正当途径，不得用于违反道德、违规违纪甚至违法目的。 《福建省妇女权益保障条例》将于6月1日生效。该条例全文公布后，受到了较多关注。其中第45条规定“妇女持身份证、户口本和结婚证等证明夫妻关系的有效证件，可以依法向房地产行政管理、车辆管理等单位申请查询配偶的财产状况，有关单位应当受理，并且为其出具相应的书面材料”。对该条规定的认识，也存在不同声音。制定该条规定时，主要考虑的事实因素有哪些，是否有上位法依据，未来实施中需注意什么问题？笔者就此谈谈配偶财产知情权的正当性及其法律实践。 配偶知情权，也称为知悉权，是指夫妻任何一方在法律允许范围内了解、知悉、获取对方的人身和财产信息的权利。夫妻作为人生伴侣，理当有权了解对方从事什么工作、经济状况如何等与其具有密切利害关系的信息。如果夫妻一方不承担家庭生活开支，隐瞒收入或者财产状况，未经对方同意而将较大价值财产赠送他人等，必然引起另一方严重不满。经济问题、财产争议是常见的夫妻矛盾争议的焦点，考验着夫妻相互之间的理解和信任，冲突严重时会导致婚姻危机。 夫妻对另一方名下财产享有知情权，主要是基于财产共有和家庭责任共担。首先，配偶双方都是夫妻共同财产的共有人，所以，无论财产由男女双方共同管理还是由一方单独管理，任何一方均有权知晓财产的全部情况。其次，夫妻应当平等承担家庭责任，包括经济责任。平等不是指男女平均承担家庭开支，而是指双方应当根据自己的实际情况和经济能力合理分担家庭开支，避免因经济不平等和财产不公正。无论购买房屋、安排子女教育、投资理财、规划养老计划等，夫妻双方需要相互合作和协助，共同努力才能实现共同的目标。夫妻相互有扶养义务，一方需要时，另一方都有在经济上供养对方的法定义务。财产信息，当然是一个人隐私，但是，对于夫妻双方，彼此因结婚而形成了特定法律关系，各自的隐私权做出了适度让渡，使之与对方知情权达到平衡。配偶双方人身关系是如此，财产关系也如此。如果男女都坚持“我的就是我的，统统与你无关”，犹如两个蒙面人，又如何能成为真夫妻？同时，又不能假定所有夫妻关系都会处于理想状态。立法赋权查询配偶财产，是应对配偶一方不诚信、拒绝提供必要合作时对另一方的合理救济。让财产问题通过财产的路径解决，避免矛盾加深影响婚姻。 为什么规定“依法可以查询配偶财产”而非仅限于查询“夫妻共同财产”？这得从婚姻当事人、受理查询的机构两个方面因素来考虑。登记在夫妻一方名下的财产或者配偶一方掌管的财产，包括下列两类：一是依法应属于夫妻共同财产的财产；二是依法应属于其个人财产的财产。如果立法仅赋权配偶查询“夫妻共同财产”，实务上不太具有可操作性。对于登记机构而言，并不知晓哪些财产属于夫妻共有、哪些财产属于一方个人所有，当某项财产只登记在一方名下时，即使根据结婚登记时间和相关财产登记信息也并不能直接获知或者做出正确的区分判断。 笔者注意到，有专业人员提议只能查询结婚证上载明的登记日以后的配偶名下财产，其实这种意见也不甚合理，因为夫妻财产制，除了婚后所得归双方共同所有的法定财产制外，还有约定夫妻财产制，即男女双方可以书面约定婚姻关系存续期间所得的财产以及婚前财产，全部归各自所有（分别财产制或者俗称AA制）、全部共有所有，或者部分共同所有、部分各自所有（具体共有范围或者财产种类由双方约定）。如果当事人已书面约定采用约定夫妻财产制的，依法将排除法定夫妻共同财产制的适用，此等情形下，结婚登记日并不是区分财产归共同所有或者个人所有的基本依据。 还应当注意，对于夫妻共同债务，夫妻不仅以共同财产承担对外清偿责任，而且在共同财产不足以清偿时，个人财产依法也负有补充清偿责任。夫妻对共同债务承担的是连带责任，虽然离婚时双方协商约定了分摊比例，或者法院判决确定了男女各方承担的清偿金额或者比例，然而，这是婚姻当事人相互之间内部关系，并不能约束债权人，债权人可以向债务人夫妻双方/原配偶任何一方请求偿还全部债务，该债务清偿并不限于原配偶一方离婚时从夫妻共同财产分得的财产。所以，配偶一方个人财产与另一方具有直接利害关系。 配偶一方对另一方财产享有知情权，主要有三个方面明确的上位法依据。第一，《中华人民共和国宪法》规定法律面前人人平等，同时又强调规定妇女在各方面享有与男子平等的权利。男女平等是我国的基本国策。迄今为止，男女两大群体的发展并不平衡，男女在事实上行使权利、享有机会和资源的状况仍然不平等，针对妇女各种形式的歧视不同程度地存在；婚姻家庭领域也不例外，妇女行使平等权利仍面临现实困难。为此，我国制定了专门的《中华人民共和国妇女权益保障法》（以下简称《妇女权益保障法》）对妇女权益予以特殊保护。 第二，《中华人民共和国民法典》（以下简称《民法典》）关于夫妻共同财产、共同债务的规定。《民法典》第1062条规定，夫妻在婚姻关系存续期间所得的下列财产，为夫妻的共同财产，归夫妻共同所有：（一）工资、奖金、劳务报酬；（二）生产、经营、投资的收益；（三）知识产权的收益；（四）继承或者受赠的财产，但是民法典第1063条第三项规定的除外；（五）其他应当归共同所有的财产。夫妻对共同财产，有平等的处理权。这就意味着配偶对夫妻共同财产享有知情权。如果夫妻一方对另一方名下有哪些收入和财产知之甚少，又如何能够实现财产共同所有呢？法律强调夫妻有平等的处理权，就要求配偶任何一方对夫妻共同财产的重要处分应事先征得对方同意。双方协商不致时，单方处理夫妻共同财产，就侵害了另一方的平等处分权。《民法典》第218条还规定“权利人、利害关系人可以申请查询、复制不动产登记资料，登记机构应当提供”。不动产登记簿是物权归属和内容的根据。买卖、互换、赠与、租赁、抵押不动产等利害关系人，都可以查询、复印不动产登记资料，配偶查询对方名下财产，有其合理性和具有正当性。 第三，《妇女权益保障法》在明确男女平等原则下，保障妇女享有与男子平等的权利，同时强调“国家保护妇女依法享有的特殊权益。”例如，规定“国家保障妇女享有与男子平等的财产权利”；“妇女对夫妻共同财产享有与其配偶平等的占有、使用、收益和处分的权利，不受双方收入状况等情形的影响”。对夫妻共同所有的不动产以及可以联名登记的动产，女方有权要求在权属证书上记载其姓名；认为记载的权利人、标的物、权利比例等事项有错误的，有权依法申请更正登记或者异议登记，有关机构应当按照其申请依法办理相应登记手续。“在夫妻共同财产、家庭共有财产关系中，不得侵害妇女依法享有的权益”。还规定“离婚诉讼期间，夫妻一方申请查询登记在对方名下财产状况且确因客观原因不能自行收集的，人民法院应当进行调查取证，有关部门和单位应当予以协助。离婚诉讼期间，夫妻双方均有向人民法院申报全部夫妻共同财产的义务。一方隐藏、转移、变卖、损毁、挥霍夫妻共同财产，或者伪造夫妻共同债务企图侵占另一方财产的，在离婚分割夫妻共同财产时，对该方可以少分或者不分财产”。在现阶段，这些规定是促进事实上男女平等的必要措施，不违反男女平等原则。 信息真实和完整是相关行为或者决策的主要依据。对于夫妻任何一方来说，能否获得对方财产信息以及所得信息是否全面，事关他们做什么决策、决策的质量和成效，也关系到婚姻终止时是否会遭受重大财产损失的主要事实因素。当代社会实行婚姻自由，爱情成了婚姻的基础，同时，婚姻破裂却越来越成为流行。当婚姻脆弱化现象出现，人们也精于对财产利益的考虑和算计了。与夫妻普遍白头偕老的时期相比较，如今立法平衡相关各方财产利益，基于形式公平和实质公平的考虑，设定的规则也显得比以往任何时候都具体和精细了。 在婚姻生活中，夫妻一方向对方询问了解财产情况时遭到无端拒绝，这种情形并不少见。在现行法框架下，不进入离婚诉讼的情形下，配偶一方知情权受损时难以获得救济。《妇女权益保障法》规定了夫妻共同财产申报制度、法院查证制，对侵害另一方财产权的行为，实施“少分或者不分财产”的处罚，然而，这几项制度都只能到离婚诉讼期间或者婚内分割夫妻共同财产时才能适用，不适用于一般情形下。所以，最近二十多年来，地方立法探索将配偶财产知情权予以明确、具有更大可操作性。在福建的这条规定诞生之前，早已有数个地方发布过类似规定，允许夫妻一方持有效证件查询另一方配偶的部分财产状况。 2018年3月通过的《江苏省妇女权益保障条例》规定，“夫妻一方查询夫妻关系存续期间登记在另一方名下财产状况的，有关登记机构、管理部门应当依法提供相关信息”。更早相关立法例则是2010年3月经广东省第十一届人民代表大会常务委员会第十八次会议通过和批准生效的《广州市妇女权益保障规定》规定，“夫妻一方持身份证、户口本和结婚证等证明夫妻关系的有效证件，可以向工商行政管理部门、房地产行政管理部门、车辆管理部门等机构申请查询另一方的财产状况，有关行政管理部门或者单位应当受理，并且为其出具相应的书面材料。离婚诉讼期间，夫妻一方因客观原因不能自行收集夫妻共有财产证据的，可以向人民法院申请调查收集”。另外，山东省《济南市妇女权益保障若干规定》也做出了类似的规定。这些地方规定 “夫妻一方”可以查询，但从其立法宗旨和现实情况来说，其立法侧重点是重在保障妇女，以增进实质平等。 福建条例规定妇女可以依法查询配偶财产，这是因为该条例是妇女权益保障立法，其定位和任务就是保障妇女权益。但是，这并不意味着排斥、更没有否定丈夫的相关权利。 我国《宪法》规定法律面前人人平等，同时又强调规定妇女在各方面享有与男子平等的权利。国家制定了专门的《妇女权益保障法》对妇女权益予以特殊保护。但是，因为传统性别文化原因和现实因素制约，实际生活中，女性在婚姻中处于相对弱势状态是部分婚姻的真实写照。立法强调妇女依法可以查询配偶财产，是保障妇女平等权利的托举措施，是促进实质公平的需要。 第一，地方法的效力范围。福建省人大通过的立法，其效力范围仅限于福建省行政管辖区范围内，在该范围之外，并无约束力。 第二，相关机构的协助义务。该条规定实施后的效果，有赖于房地产管理部门、车辆登记部门、工商登记部门等相关机构的履职情况。事实上，查询股权登记信息等，在多个相关软件或网站等公开场域，任何人都可以查阅。关于在银行的储蓄存款，则因为国务院《储蓄管理条例》规定“储蓄机构及其工作人员对储户的储蓄情况负有保密责任。储蓄机构不代任何单位和个人查询、冻结或者划拨储蓄存款，国家法律、行政法规另有规定的除外”，仅依据地方立法赋予配偶财产查询权，尚难以要求银行提供相关信息。 第三，妇女行使该查询权应基于必要，且谨慎而为。向有关单位查询配偶财产，是具有特定的目的和有充分必要性时才实施的行为。通过向配偶对方问询就可以获知相关财产信息的，就没有必要向相关机构查询。向有关机构查询，应按规定提供相应证明材料，依法依规地查询。不得滥用该权利。 第四，查询所得信息应当用于正当途径。不得用于违反道德、违规违纪甚至违法目的。 此外，该条例施行后，期待福建的立法机关可以考虑对该条例做进一步解释时，也明确丈夫同样享有这个查询权。房地产管理部门、车辆登记部门、工商登记部门等相关机构执行该条规定的情况也值得关注。,5587,https://news.cctv.com/2024/04/19/ARTI34QIdLwPEl149115f9r0240419.shtml,结婚登记;婚姻;结婚;离婚;伴侣;夫妻;配偶
People.cn,2024/4/20,保障离婚自由 防止轻率离婚--社会·法治--人民网,本报讯 一对年轻夫妻各有稳定工作，且婚后育有一对龙凤胎。但不久后丈夫查出患有疾病，陆续住院治疗将近两年，其间夫妻感情逐渐发生间隙，后妻子起诉要求离婚。近日，江苏省南通市中级人民法院对这起离婚纠纷作出维持一审的终审判决，认为夫妻之间具有相互扶持的法定义务，女方不应消极回避婚姻中的责任和义务，判决驳回女方的离婚诉请。 许某在某上市公司工作，月薪1万有余；张女士则为某商业银行正式职工，担任经理一职，月薪接近2万元。2020年3月，相恋一年有余的两人登记结婚。同年12月，两人生育一对龙凤胎。由于两人皆有稳定的工作，且收入较高，加之一双儿女的诞生，婚后生活十分幸福甜蜜。 2021年12月，许某查出患有脑垂体腺瘤，住院治疗半个月，出院休息一个月，且需定期入院复查。在许某住院期间，由于张女士工作较为繁忙，陪伴较少，对此许某颇有微词。 由于两个孩子一直生活在南通市海门区，许某提议在海门区另行购买一套房屋。对此，张女士表示其在南通市区工作，每日往返极为不便，想要把其在市区的旧房置换成新房，二人意见不一，并因此发生争吵。2023年1月，张女士在又一次争吵后把小女儿带至南通市区一同生活，并与许某分居。 2023年7月，许某因旧疾复发再次住院，此次住院一个月，出院休息两个月。由于两人仍为分居状态，在许某住院期间张女士亦很少探望，两人矛盾加深。张女士遂以夫妻感情破裂为由，诉至法院要求离婚。 海门区人民法院审理后认为，合法的婚姻关系受法律保护，是否准予离婚，应以夫妻双方感情确已破裂为标准。本案中，张女士、许某经人介绍相识、恋爱、结婚，双方均有较为稳定的工作，收入高于一般水平；且二人婚后共同育有健康、可爱的龙凤胎儿女，具有较为殷实的家庭经济条件和稳固的感情基础。二人婚后虽因家庭琐事、购房问题等偶发争执，但并非不可调和，即便从2023年初分居至今，双方分居亦未满两年。柴米油盐酱醋茶，家庭生活难免发生龃龉，但夫妻之间具有相互扶养的法定义务，在夫妻之间发生矛盾后，理应互敬互爱、互谅互让，尤其是在龙凤胎儿女年纪尚幼、许某连续近两年患病住院的情况下，张女士作为妻子、母亲，不应消极逃避婚姻中的责任和义务。 因此，法院在对张女士、许某的感情基础、分居情况、夫妻关系现状等情况综合分析后，认为二人之间的感情基础并未完全破裂，尚有和好的可能，故对张女士要求离婚的诉求不予支持。 张女士不服，向二审法院提起上诉。南通中院经审理维持原判。 《中华人民共和国民法典》第一千零七十九条中规定：“有下列情形之一，调解无效的，应当准予离婚：（一）重婚或者与他人同居；（二）实施家庭暴力或者虐待、遗弃家庭成员；（三）有赌博、吸毒等恶习屡教不改；（四）因感情不和分居满二年；（五）其他导致夫妻感情破裂的情形。”该案二审合议庭审判长张晓光介绍，我国判决离婚以夫妻感情确已破裂为依据，判断夫妻感情是否确已破裂，应当从婚姻基础、婚后感情、离婚原因、夫妻关系的现状和有无和好的可能等方面综合分析。夫妻生活的一个重要部分就是共同生活，分居是指夫妻间不再共同生活，不再互相履行夫妻义务，包括停止性生活，经济上不再合作，生活上不再互相关心、扶助等。对于因工作、学业、生病住院等客观原因分居两地，或者一时怄气分开居住的，不构成离婚的法定事由。本案中，张女士与许某的婚姻中虽有矛盾，其在争吵之后怒而分居，但双方夫妻感情并未达到完全破裂的程度，且许某亦不同意离婚，故法院判决不准许双方离婚。 “导致夫妻感情破裂的原因很复杂，法律不可能对所有的情形一一列明。因此，需要人民法院本着保障离婚自由、防止轻率离婚的原则，根据立法精神和案件的具体情况作出正确的判断。当然，法律规定的认定为夫妻感情破裂的条件，并不是离婚的必要法定条件，即使没有上述情况发生，但是双方确实已经感情破裂的，人民法院也应判决准予离婚。”张晓光提醒，夫妻负有相互扶持的义务，当家庭生活出现矛盾时，夫妻双方均应以互谅互让、相互理解包容的态度、恰当的方式化解矛盾，同时还应当多站在子女的角度考虑离婚问题，尽最大可能给孩子一个快乐而幸福的童年。,1675,http://society.people.com.cn/n1/2024/0420/c1008-40219798.html,婚姻;结婚;离婚;重婚;恋爱;夫妻;家庭暴力
China News Service,2024/4/21,婚恋节目带火景区，开封“王婆”能复制吗？,用接地气的表达、极强的感染力和真诚的态度，为年轻人营造一个轻松、愉快、宽容的交友环境—— 婚恋节目带火景区，开封“王婆”能复制吗？ “王婆说媒”的走红带火了当地旅游。专业人士认为，这档节目是将古代相亲文化场景进行现代演绎，沉浸式互动体验直击年轻人内心。 4月1日下午2点，距离“王婆说媒”演出开始还有90分钟，但河南开封万岁山大宋武侠城里的“王婆茶楼”前已经挤满了游客。下午3点20分，在大家的热烈掌声中，“王婆”走上舞台中央。为了活跃气氛，她先演唱了两句改编的歌曲，全场响起一片欢笑声。 “王婆”本名赵梅，今年61岁，已经在万岁山大宋武侠城做了6年的演员。因为幽默、真诚、热心肠，她被网友亲切地称为“干娘”。很多人不远千里，来到开封，只为站到“王婆”主持的相亲舞台，找到心仪的伴侣。 “王婆说媒”的走红带火了当地旅游。记者从开封市文旅部门了解到，清明节假期，开封累计接待国内游客量和国内旅游收入，较2023年同期分别增长28.96%和51.8%。其中，万岁山景区接待游客20.03万人次，同比增长456.39%。4月18日，万岁山景区发布公告：“王婆”扮演者赵梅，在休病假一个月后，5月2日起，在“五一”假期回万岁山主持“王婆说媒”节目。“王婆说媒”为何会火，对景区的带动效果能持续吗？ 身着绿裙、外披红衫、头戴簪花，一身古代媒婆装扮的“王婆”热情幽默。只见她手持一根象征爱情的纽带，用简单直白的方言在舞台上给一个个年轻人“牵线搭桥”。 记者了解到，起初这档节目只是“王婆”带着另一位女演员在台上与游客简单互动，时长约10分钟。后来景区与导演团队希望能让游客体验到古代的市井文化，赵梅便抱着试一试的态度，以现场说媒的形式与游客互动。 没想到一试便火了。不少青年男女来到这里让“王婆”介绍对象，原来的小茶亭变成了说媒大舞台，节目时长也从每场10分钟延长至1个多小时。 “和婚恋平台的红娘比起来，‘王婆’这里人多、好玩、热闹。”从山东临沂自驾了6个多小时来到开封的小伙子告诉记者。他今年26岁，此前曾在婚恋平台上寻找良缘，但未能如愿，现实中的相亲也让他越来越排斥，这次准备在“王婆”的舞台上“碰碰运气”。 河南省社会科学院文学研究所所长李立新认为，景区有足够的记忆点才能留住游客，开封“王婆”很好地完成了这个任务，让大部分游客“留”在了武侠山。 “‘王婆’以接地气的方式、极强的感染力以及真诚的态度击中了当下年轻人的追爱心理，她不仅能设身处地为游客着想，还亲自‘监督’有意向的游客互留联系方式，现场教学年轻男女聊天表白。”李立新说，这为年轻人创造了一个轻松、愉快、宽容的交友环境，因此赢得了很多游客的喜爱。 “‘王婆’的舞台上人人平等，不会因为工作、家庭条件、长相等有所限制。”赵梅说，节目的真实性也是吸引年轻人的重要原因，所有的环节都没有托儿、没有演员，不存在情节造假。据了解，自2023年“王婆说媒”互动节目开设以来，已经促成了数十对姻缘。 在郑州大学文化产业研究中心主任汪振军看来，“王婆说媒”是将古代相亲文化场景进行现代演绎，这种沉浸式互动体验直击年轻人内心。 “近年来，河南深厚的历史文化不断被活化和转化，从传统文化中汲取精华后，用新形式、新手段进行表达，让古老文化披上时尚的外衣。”汪振军认为，“王婆说媒”的走红再次验证了这条路径的可行性。 “开封作为宋文化的主要发源地和形成地，至今仍保有一些宋式婚俗文化，《东京梦华录》中也有宋朝男女相亲习俗礼仪的记载。‘王婆说媒’正是将厚重的历史文化资源进行了创新性转化。”汪振军说。 与一些网红城市的出圈路径相似，“王婆说媒”爆火后，开封也开始了一条龙服务，包括开发旅游定制专线，让景区紧急补充移动公厕，增加人手疏导交通，对重点区域进行网络扩容、组织志愿者为外地游客提供服务等。 事实上，在“王婆说媒”走红前，万岁山武侠城景区曾因两天不限次的门票只要80元，还有100多个全天不间断的节目，以及丰盛实惠的美食等超值体验，出现在一些百万粉丝博主的视频中，对游客形成了较强的吸引力。 “王婆说媒”走红后，大量游客蜂拥而至。武汉、西安、郑州等地的景区和文创园，也纷纷模仿推出当地的“XX王婆”“XX说媒”“XX干娘”。网友感叹：有点“乱花渐欲迷人眼”的感觉。 在经济学者盘和林看来，各地婚恋习惯、风土人情不一样，一些大城市的年轻人普遍抵触说媒，他们更愿意通过二次元、漫展、音乐节等文化圈来认识彼此。“总体来说，‘王婆’是不能批量打造的，各地的‘王婆’需要符合各地年轻人的婚恋习惯。” “单纯的‘王婆’现象红利期难以持续。”品牌专业人士司新颖表示，对区域文旅而言，盲目投入时代已经是过去式，巧妙地抓住涌现出来的热点并加以放大，短期内反哺区域文旅获客无可厚非，当前开封文旅应趁此机会迅速推出新产品、新IP，完成流量存续增长。 中国旅游研究院副研究员黄璜认为，文旅是长期生意，随着媒体渠道和关注点的变化，旅游营销也需要不断创新。“一个成功的旅游目的地需要有完善的旅游体系和产品体系作为基础，而亮点宣传只是其中的一种工具。” 汪振军建议，要加强景点联动和整体营销，提供高质量的配套服务，加强文创产品的设计和生产，开展正确引导，防止庸俗化。“最根本的还是持续做好转化和活化工作，将过去的变成现在的，静态的变成动态的，古老的变成时尚的。”(记者 余嘉熙 通讯员 葛慧君) 【,2203,https://www.chinanews.com.cn/sh/2024/04-21/10202750.shtml,婚恋;婚俗;相亲;伴侣;对象
China News Service,2024/4/22,超九成受访大学生感到恋爱课上收获颇丰,“幽默！”“有责任感！”“爱运动但不要有汗臭味！”“喜欢大自然！”“自信！”第一堂恋爱课上，武汉大学的孙艺菲和同学们在老师的引导下，此起彼伏地喊出理想异性的特点。授课老师将黑板分为左右两半，左边写下女生心中理想的男生特点，右边则是男生理想中的女生。等到整块黑板被近百个词汇占满，老师总结，这些都是人类的美好品质，“它们不仅是我们对伴侣的要求，也应该是自我要求、努力的方向”。 恋爱课是一个让孙艺菲觉得既有意思、又有意义的课堂。2020年中国青年报·中青校媒的一项调查显示，近九成受访大学生支持学校开设恋爱课。2022年，教育部在答复全国人大代表提出的“关于在高等学校开设家庭家教家风必修课的建议”时也表示，鼓励高校加强恋爱心理教育。近年来一些高校陆续开设恋爱课，受到一些同学欢迎的同时，也有大学生对课程提出了想法和建议。近日中国青年报·中青校媒对大学生对恋爱课的态度、建议进行追踪调查，共回收180所高校学生填写的有效问卷1702份，调查结果显示，35.55%的受访者所在学校开设了恋爱心理或相关课程，33.43%的受访者所在学校没有开设，31.02%的受访者不清楚学校是否有相关课程。 就读于四川一所高校的大四学生李先硕觉得，开设恋爱课是学校和学生共同努力的结果。2020年年末，大学生恋爱心理课“火爆”网络后，他的学校掀起了一股开课热潮，同学们纷纷在学校评教系统中提出对恋爱课的需求，学校在收到学生的反馈后，经过多次讨论、调研和课程开发研讨，于2024年正式开设《恋爱心理学》公选课。 中国矿业大学教授、博士生导师、北京师范大学博士段鑫星从事大学生心理教育工作30年，开设恋爱心理课近10年，在她看来，越来越多高校关注到大学生的情感需要是一个非常好的消息，也是契合大学生心理状态的现实选择。 中青校媒调查显示，上过恋爱课的受访者中，超九成认为恋爱课有用，其中24.82%的受访者觉得非常有用，34.18%的受访者觉得比较有用，34.00%的受访者觉得一般有用。 本学期，天津大学的付念在学校《恋爱心理学》“抢课大战”中“胜出”，成为参与课程的150名幸运儿之一。进入大学后，从未有过恋爱经历的他遇到了心仪的女孩，在课程帮助下完善恋爱观、为以后的恋爱做好准备成了他的课程期许。开始上课前，付念觉得“恋爱就是恋爱，没有太复杂的概念”。几节课后，科学理解爱情、依恋与亲密关系、爱情困惑、恋爱前的心理准备等颇有针对性的内容，让他在心底给这门课打了个高分。他发现，恋爱课传递的内容早已超出恋爱本身，更多的是如何更好地认知自我、学习情绪管理，以及如何更好地开展人际交往等。他近期邀请心仪的女孩看了一场音乐会，这是一场愉快的约会，唯一遗憾的是双方交流感受的时间有点短。“课上老师提到，在相知阶段可以多和对方交流感受，了解对方的真实想法。但那次看完音乐会她需要回学校参加活动。”他期待以后两人可以交流得更多。 上大学前，孙艺菲对亲密关系的认识来源于偶像剧、漫画书。大二时，孙艺菲第一次谈恋爱，“完全不知道谈恋爱是个什么”，总觉得就要像偶像剧里那样，“爱得死去活来”。“当时我非常黏男朋友，而且不自信，总担心男朋友并不喜欢我。那段时间很歇斯底里，自己都觉得自己很讨厌，两个人也常常因为各种小事吵架。”意识到自己敏感多疑、缺少安全感后，孙艺菲想起恋爱课上老师讲过的各种类型的情感依恋，和自己的情况对应后，她发现自己可能是焦虑矛盾型依恋。于是她不仅回顾了课堂中学过的解决措施，还查了好多篇相关的论文，尝试让自己走出被不安感裹挟的漩涡。“我会让自己忙一些，把重心转移到学业上，也帮助自己树立自信、接纳自己的不足，接纳双方的矛盾和冲突。”理性分析和心态调节，让孙艺菲逐渐找到了更为放松的恋爱方式。 段鑫星表示，大学开设恋爱课目的在于讲授先进的婚恋观与情感价值观，“详细一点讲就是帮助大学生辨别真假情感”。她解释，恋爱虽然属于个人情感，极具个体性，但也与时代、社会经济发展等密切相关。在段鑫星看来，通过课程学习可以让学生在爱情观端正的前提下遇见爱情。“经营长久美好爱情需要双向奔赴、共同成长、各自强大、彼此成就，在爱情里遇到更好的自己，让彼此的人生更加丰满美好。” 中青校媒调查显示，超八成受访者表示对恋爱课满意，其中21.75%非常满意，28.03%比较满意，33.48%基本满意。57.58%的受访者认为恋爱课让人更好地认识恋爱和亲密关系；46.36%的受访者认为课堂讨论、互动氛围好；45.06%的受访者认为授课内容与时俱进，比较符合当下学生需求；36.60%的受访者认为恋爱课注重实践和实际情感问题调节。 付念对恋爱课上的“匿名在纸条上写下困惑”记忆深刻。同学们低头写了好一阵后，老师把纸条收集好，在下一堂课上挑出一些共性问题进行解答。老师还设置过一次“翻转课堂”，让同学们根据感兴趣的话题自由组队，针对恋爱中的各种问题进行探索、解答。天津一所高校的李子豪记得，《恋爱心理课》中有一堂素质拓展课上，老师让同学们每十几人分为一组，从每个人的名字里找出一个字，组成一首爱情诗，再由小组里的所有人用线拉起一根毛笔，把这首诗写下来。“这个过程中大家需要介绍自己，此外还需要互相沟通、配合，共同完成一个目标，既可以锻炼自我表达的能力，也可以锻炼协调沟通能力。” 孙艺菲则对一次课堂作业印象深刻——了解父母的情感经历。如果不是这次课程作业，孙艺菲可能永远不会和父母聊起他们的恋爱经历。有了这一次沟通，孙艺菲发现，父母也曾经有过青涩的年华，爱情是朴素的、常见的人类的美好感情，不用把它当成可怕的洪水猛兽。“而且从此我也更愿意和他们谈起我的情感经历，之前总觉得这些和父母没什么关系，但多和父母聊聊，他们也会给我一些理性的建议，让我更好地认识爱情。” 中青校媒调查显示，74.91%的受访者认为高校需要开设恋爱课，8.76%的受访者认为不需要，还有16.33%的受访者表示没想过。 在李子豪看来，大学生处在青春懵懂的年龄，对情感和亲密关系缺乏认识，有时候会因为一些事走进阴影里，不能很好地看清现实或解决问题。“恋爱课能够帮助大学生更理性客观地看待这个时期所面临的困惑。”付念则表示，他在恋爱课上最大的收获是恋爱观更加成熟，“恋爱中的两个人应该互相保持独立和完整，爱人要先爱己，爱自己是一切的开始，只有先学会爱自己才能更好地爱别人”。 但在安徽一所高校读研一的张宇觉得，他本科时上过的恋爱课比较偏重理论，缺少与生活化场景的结合。“老师讲的真实案例很少，基本都是结合电影、小说的片段来分析，感觉和真正的恋爱还差那么一环。”他希望课程能少一些照本宣科，让理论多结合一些生活化的场景，“例如女朋友生气了到底该不该哄、该怎么去劝，被不喜欢的人表白应该如何处理，遇到来得太快的好感时，该如何判断是否应该继续发展关系等”。 段鑫星介绍，恋爱心理课程的总体安排需要既有理论性知识，也有针对学生常见情感困扰的内容。“比如理论知识会涉及积极的婚恋观、爱情理论如斯滕伯格的爱情三角形理论，成人依恋理论、九型人格理论等；针对学生常见的情感困扰则会开设‘遇到爱情会有哪些表现’‘如何辨别真假爱情’等内容。” 中青校媒调查显示，16.74%的受访者表示对学校的恋爱课不太满意或不满意。37.90%的受访者认为授课内容不够与时俱进；28.91%的受访者认为授课内容有失偏颇，如强调性别差异、刻板印象等；24.74%的受访者认为课堂讨论、互动不足；24.50%的受访者认为授课内容偏理论，不易借鉴；24.32%的受访者表示课程位置少，不易选到；24.09%的受访者认为授课老师专业度不够，对恋爱心理、亲密关系缺乏科学研究。提及对恋爱课的期待，67.27%的受访者表示希望授课老师在情感心理研究方面有较高的专业度，52.29%的受访者希望能与时俱进地解决当下大学生的情感困惑，45.01%的受访者希望课堂能鼓励学生提出问题和讨论，等等。 此前有高校的恋爱课因授课老师的观点陈旧、强调传统的婚恋生育观而备受争议。对于这类现象，张宇希望授课老师能够与时俱进、贴近学生，课堂可以根据学生的不同需求进行调整，比如第一堂课进行问卷调查，根据调查结果了解学生的关注点，并有针对性地进行教学。李先硕希望高校之间在这类课程上能够积极合作，促进校际之间的交流和课程研讨。 段鑫星则表示，把恋爱课上成“金课”还是“水课”，重要的还是要以健康的婚恋观为基石，以爱情理论为依据，上课老师要有爱心、有责任心，以及较高的专业素养，并且能够与学生共同面对成长中的问题。在她看来，让恋爱课有价值需要三个转变，一是从老师视角到学生视角，“以学生为中心，以学生的所思所想所需作为这门课的出发点”。二是从师长心态到学生心态，平等共建，合作探讨关于情感、关于成长、关于爱的话题。“老师的引导与把握尤其重要，比如要传播先进的性别文化，而非落后的男尊女卑的性别差异，倡导大学生以健康地自我成长为出发点，好的爱情是如虎添翼，比翼双飞，不消极、不消耗，彼此增益、共同增值。”三是从老师个人经验到青年个体化体验的转变，助力大学生成长成才，成为更好的自己。 中青报·中青网记者 毕若旭 程思 实习生 王诗瑶 李张欣,3747,https://www.chinanews.com.cn/sh/2024/04-22/10203238.shtml,婚恋;恋爱;伴侣
People.cn,2024/4/22,萧县圣泉镇：“零彩礼”出嫁,近年来，萧县圣泉镇以“为民减负”为工作主线，深化移风易俗，抵制天价彩礼，激活乡村文明新风尚，切实减轻群众负担，蹚出一条为民惠民、文明节俭的新路。近年来，圣泉镇已有13对青年喜气洋洋“零彩礼”婚嫁。 “一盘棋”顶层设计，厚植乡风文明。成立镇乡风文明建设工作领导小组，构建镇、村（社区）、网格三级联动工作机制，全力推进乡村文明建设；制发《关于进一步推进移风易俗，建设文明乡风的指导意见》《开展高价彩礼、大操大办等农村移风易俗重点区域突出问题专项治理工作方案》一系列文件，积极推进乡风文明建设，激发群众内在文明素养，引导基层群众自治、德治、法治、共治。充分发挥党员干部的示范带头作用，严格农村党员干部操办婚丧喜庆等事宜报备制度，督促党员、干部自觉抵制超标准、超规模的婚丧宴席和人情往来，为全镇群众作表率。 “全方位”宣传引导，倡树乡风文明。充分发挥村党群服务中心、新时代文明实践站所、文化服务中心的场所作用，通过自编自导自演《随方就圆》《婆婆也是好》等百姓喜闻乐见戏曲、小品、舞蹈等方式，宣传移风易俗的重要性和意义和喜事小办、厚养薄葬的新风俗，引导群众自觉破除陈规陋习，形成文明共识。坚持以“选树典型好家庭，引领农村新风尚”为主旨，组织开展“文明好家庭”“模范好党员”“养育好父母”“孝善好儿女”“贤淑好儿媳”“时代好青年”等一系列农村“十个好”家庭文明建设评选活动，培育选树宣传婚事新办、丧事简办、孝亲敬老典型，引导群众向他们学习，激励群众自觉践行文明新风。 “多机制”联合实施，共促文明乡风。坚持依法依规的原则，出台《理事会章程》《婚事简办制度》等文件，规范相关操作，用行为准则激励农村居民移风易俗破旧风。以乡风文明“指数测评”为标准，通过选聘老党员、乡贤能人等担任道德评议员，建立红白理事会、村民议事会等，成立“镇、村（社区）”二级乡贤参事会等群众性组织，在“乡贤参事室”“乡贤之家”等开展乡风评议。设立乡风文明建设评议红黑榜、积分制等，正确引导基层群众、新时代青年树立正确价值观、恋爱观、婚姻观，自觉抵制高价彩礼，形成浓厚的社会舆论氛围，推动乡风文明有序开展。（侯雅薇）,886,http://ah.people.com.cn/n2/2024/0422/c374164-40819272.html,高价彩礼;天价彩礼;婚姻;彩礼;婚嫁;恋爱
CCTV,2024/4/25,彩礼多少合适 47.1%受访者认同根据双方经济条件而定,适婚男女谈婚论嫁时，“彩礼”是一个绕不开的话题。彩礼多少合适？彩礼怎么使用？日前，中国青年报社社会调查中心联合问卷网（wenjuan.com），对1001名受访者进行的一项调查显示，47.1%的受访者认为彩礼要根据双方经济条件而定，37.4%的受访者认为有个好彩头即可，48.6%的受访者支持女方将彩礼以陪嫁形式返还小家庭。 “大部分地区在谈婚论嫁时还是有彩礼这个习俗的，具体数额可以双方协商，如果女方比较看重，男方也应该重视。”南京某公司95后已婚员工王刚认为，彩礼也要考虑双方的经济情况，如果男方经济情况不太好，女方也真心准备两个人走下去，那就要考虑对方的情况，毕竟彩礼只是婚姻中的一部分，两个人都用心经营婚姻更重要。 彩礼多少合适？调查中，47.1%的受访者认为要根据双方经济条件而定，37.4%的受访者认为有个好彩头即可，不需要太高，6.4%的受访者认为应依据地方风俗而定，5.4%的受访者觉得“零彩礼”最好，2.3%的受访者不好说，仅1.5%的受访者觉得彩礼越多越好。 北京某自媒体工作者吴优认为，彩礼可以根据当地的礼俗来定，如果男女双方风俗不同，就要互相商量。通常女方看重彩礼，主要是希望自己和父母能被重视，但对女方的尊重不一定体现在彩礼金额上，男方可以通过其他的方式，让女方家感受到自己的诚意。 近年来，一些地方不但礼金的金额上涨，礼品的种类也不断增多，有些地方要求男方有婚房更加重了婚嫁负担。 吴优说，相比于彩礼的金额，自己更看重有意义的物品。“有同事结婚时收到了婆婆送的镯子，是新郎的奶奶传下来的，同事打算以后再传给下一代。我觉得这样的礼物就非常有意义。” 彩礼怎么使用？调查中，48.6%的受访者支持女方以陪嫁形式返还小家庭，37.9%的受访者建议成为新娘的私人财产，11.7%的受访者认为可赠予女方父母等家庭成员。 北京某高校00后研究生马辰觉得年轻人面对婚姻时，应该有自己的想法和思考，不应该被彩礼的数目羁绊。年轻人在接受彩礼习俗的同时，也要认识到彩礼的礼仪之义，认真思考彩礼的用途，让它成为情感升温的催化剂。马辰觉得，彩礼比较好的使用方式是返还一部分或全部给小家庭。 王刚觉得目前存在的“高价彩礼”是一个相对棘手的问题，彩礼有较长的历史，现在又衍生出经济需求，治理“高价彩礼”，强制要求可能未必有效，需尽量宣传“低彩礼”甚至“零彩礼”的案例，引导有影响力的家庭带头，同时发挥影视剧、文艺作品、短视频等的影响力，从普通人的视角出发，用贴近大家生活的方式循循善诱，帮助大家转变观念。 “改变观念需要整个社会环境的改变。如果只有少数人强调‘低彩礼’，现实中会受到比较大的阻力。当身边越来越多人都不再看重彩礼的金额时，个体也更容易在生活中践行文明婚俗。归根结底，还是需要整个社会风气的转变。”马辰说。 受访者中，男性占38.3%，女性占61.7%。00后占22.3%，95后占22.7%，90后占33.4%，85后占12.6%，80后占9.0%。一线城市的占30.2%，二线城市的占39.0%，三四线城市的占22.0%，县城的占4.6%，农村的占4.2%。 （王荣慧对此文亦有贡献。应采访对象要求，吴优为化名）,1314,https://news.cctv.com/2024/04/25/ARTIvtFY8aRDbN2m7rUk1Vg2240425.shtml,高价彩礼;婚姻;结婚;彩礼;婚俗;婚嫁;适婚;对象
China News Service,2024/4/25,治理“高价彩礼” 六成受访者呼吁形成文明嫁娶新风尚,近年来，一些地方的彩礼数额不断走高，加重了年轻人婚恋负担。中国青年报社社会调查中心联合问卷网(wenjuan.com)，对1001名受访者进行的一项调查显示，56.0%的受访者觉得彩礼在结婚过程中重要，是婚姻礼节不可或缺的。治理“高价彩礼”，60.5%的受访者希望全社会形成文明嫁娶的新风尚，59.3%的受访者建议推行扎实的成人礼教育，帮青年树立健康的婚恋观、人生观。 社会学家分析：彩礼攀比之风盛行，应有的礼仪意义被忽视 北京某高校00后研究生马辰认为，彩礼在结婚过程中很重要，是自古以来的礼节。彩礼数额应该在双方家长的协商下，由新人决定，支配方式也由新人决定。 南京某公司95后已婚员工王刚觉得，婚姻中最重要的是两个人是否合拍、双方父母是否认可，相比之下，彩礼给多少不太重要。 调查中，56.0%的受访者觉得彩礼在结婚过程中重要，是婚姻礼节不可或缺；27.8%的受访者觉得不重要，彩礼使婚姻门槛越来越高；16.2%的受访者表示不好说。 武汉大学社会学院副教授蔡磊介绍，彩礼在古代被称为聘礼、聘金，指在缔结婚姻关系过程中男方家庭支付给女方家庭的财物。“传统社会的聘礼本质上是一种婚姻礼仪，象征婚姻关系的确立，宣告婚姻的合法性与有效性，体现了男方对婚姻的重视和承诺，也蕴含了对婚姻的美好期许。现在一些人过于重视彩礼的经济功能，导致彩礼数额越来越高，也使攀比之风日渐盛行，不少年轻人乃至其父母已不太懂得彩礼应有的礼仪意义和吉祥寓意”。 先秦时期，花椒、桃子都曾作为聘礼，寓意多子多福、果实累累。后来，大雁因对伴侣的忠诚成为古时婚娶的聘礼。 “随着社会经济的快速发展，彩礼数目也逐渐升高。从20世纪90年代的几百元，到现在的数万元、数十万元，有的地方甚至出现超高价彩礼，这失去了彩礼原本的意义，变成一种攀比，甚至是单方面索要。”马辰认为每个家庭的经济实力不同，一味攀比，最后因彩礼弄得两人不愉快，甚至分手，就很不值当了。 调查中，受访者觉得“高价彩礼”主要与攀比心理(52.5%)、各地风俗(51.3%)、传统观念(51.2%)有关，其他还有拜金主义(50.4%)，城乡差距、资源分配不均(48.4%)，当地人口性别比失衡(25.8%)等。 “婚姻市场上性别结构失衡和女性资源的相对短缺，促使‘高价彩礼’成为婚姻市场中的优势竞争资源，进而不断推升彩礼价格。”蔡磊说，女性地位的提升和育儿观念的转变使得养育女性的成本增加，为偿还女方养育成本而支付的彩礼也随之增长。此外，年轻人闲暇时间短缺，造成相亲的恋爱模式流行，催生功利的婚恋态度，“高价彩礼”进而被追捧。 治理“高价彩礼”，60.5%受访者希望全社会形成文明嫁娶新风尚 马辰认为，遏制“高价彩礼”需要从年轻人开始转变观念，年轻人应该成为摒弃“高价彩礼”的践行者。当下一些年轻人崇尚简约的婚礼，省去了传统婚礼中一些繁琐的流程，反而乐在其中，真正享受了婚礼过程。 90后戚霞与男友的家乡相隔较远，双方家长没有太多机会见面，他们就在双方家长见面前做了很多工作。“我先问了家人彩礼的情况，妈妈依照本地习俗跟我说了一个数目，这个在本地属于中等水平，我也事先打听了男朋友家乡的情况，感觉这个数目与男友家乡的情况出入不大，之后才跟男友聊，然后让男友跟他的父母商量。果然之后在彩礼的问题上，没有任何矛盾，双方父母见面时，他们家直接带着彩礼来了，我父母也没有异议。” 蔡磊认为，年轻人对彩礼的意义和价值应有理性认识，应充分认识到彩礼的礼仪功能、文化意义，将其看成是对婚姻的郑重承诺和美好祝福，弱化彩礼的经济补偿和资助价值。彩礼的价格和婚姻的幸福并不成正比，真正有意义和价值的婚前准备是学习经营婚姻的知识和技巧，培养幸福生活的能力，而不是单一地追求“高价彩礼”。要根据双方家庭实际情况来议定彩礼价格，不能盲目攀比。 治理“高价彩礼”，60.5%的受访者希望全社会形成文明嫁娶的新风尚，59.3%的受访者建议推行扎实的成人礼教育，帮青年树立健康的婚恋观、人生观，55.9%的受访者建议宣传男女平等，转变重男轻女等传统思想，44.7%的受访者建议专项治理“高价彩礼”等社会问题，33.4%的受访者建议完善农村养老保障制度，31.9%的受访者建议加快推动乡村振兴，不断缩小城乡差距。 马辰建议减少攀比炫耀心理，促进良好社会风尚。加强年轻人之间的沟通交流，让低价彩礼成为新的社会习俗。 “我有一个好朋友，老公从上学时就追她，追了好多年，最后终于走入婚姻。她对这段感情很自信，根本不在乎彩礼多少，都是男方家定，但是男方家反而不想让女孩子受委屈，各种礼数都非常周全。”戚霞觉得，一方面，女性要对即将走入的婚姻有信心，从整体上考量对方及家庭，不要太在乎细枝末节；另一方面，如果双方能平心静气地交流，站在对方的角度换位思考，彩礼问题不会成为太大的困扰。 王刚认为，治理“高价彩礼”要引导青年扭转观念。同时，男女双方可以在彩礼之外，多创造些仪式感，比如一起旅游，做一些印象更深刻的事情。 蔡磊说，彩礼作为一项传统婚姻习俗，本质含义是对婚姻的庄严承诺，如果完全取消彩礼，很难找到更有效的方式来体现这一意义。而且现在不少女方家庭将彩礼看成是自身尊严和价值的象征，也很难让他们接受“零彩礼”的婚姻形式。他认为，为彩礼价格制定上限，推行“低彩礼”或许更为切实可行，而且“低彩礼”在很多地方已取得成效，应加大宣传和推广，营造良好健康的婚礼风尚。同时努力挖掘和宣传传统彩礼的礼仪内涵，倡导用具有吉祥喜庆意味的传统民俗礼品来替代现金彩礼，让彩礼回归“礼仪”之用。 受访者中，男性占38.3%，女性占61.7%。00后占22.3%，95后占22.7%，90后占33.4%，85后占12.6%，80后占9.0%。一线城市的占30.2%，二线城市的占39.0%，三四线城市的占22.0%，县城的占4.6%，农村的占4.2%。,2407,https://www.chinanews.com.cn/sh/2024/04-25/10205535.shtml,高价彩礼;婚姻;结婚;婚恋;彩礼;恋爱;相亲;伴侣;婚礼
People.cn,2024/4/25,65.3%受访者身边有因彩礼产生矛盾的情况,近年来，随着彩礼数额的走高，一些情侣因“高价彩礼”引发矛盾，最后分道扬镳。日前，中国青年报社社会调查中心联合问卷网（wenjuan.com），对1001名受访者进行的一项调查显示，65.3%的受访者表示身边有因彩礼产生矛盾的情况，其中19.1%的受访者表示这种情况很多。 65.3%受访者身边有因彩礼产生矛盾的情况 “我跟男友在婚恋问题上基本能自己做主，父母都很尊重我们的意愿。在谈婚论嫁阶段，我就希望双方能平和地沟通，理解和尊重对方。”北京某自媒体工作者吴优觉得，一旦男女双方在彩礼问题上讨价还价，就会引发一系列矛盾，即便没有谈崩，也会影响两家人的相处。 武汉大学社会学院副教授蔡磊说，伴随两性关系的平等，彩礼对女方家庭的补偿功能更多地转化为对新婚夫妻的资助功能，但过于看重彩礼的数额，让一些家庭因彩礼跌入困顿甚至影响正常婚嫁。 “如果一方坚持一定要多少彩礼，另一方认为彩礼没那么重要，说明双方的观念并不相合。如果双方都看重这段关系，应该深入交流，了解对方的真实想法，互相做出让步。”南京某公司95后已婚员工王刚说，如果即将步入婚姻的两人因彩礼产生矛盾，应该先协商。 “有的男方为了筹措彩礼去借钱，婚后还得辛苦地偿还。”王刚说，如果奔着两家人好好过日子的目标去，就要多为以后考虑。 调查中，65.3%的受访者表示身边有因彩礼产生矛盾的情况，其中19.1%的受访者表示有很多。28.2%的受访者觉得周围人基本能在彩礼问题上协商一致，很少产生矛盾，6.5%的受访者不清楚。 王刚表示，身边大部分人都不怎么看重彩礼，对于结婚，大家讨论最多的是婚礼在哪里办、去哪里度蜜月、婚纱照去哪里拍、谁来主要筹备婚礼等。“也有家长帮孩子作判断的情况，毕竟孩子没有那么多的阅历，但更多的是给一些参考意见，主意都是我们自己拿。” 王刚觉得两个人的关系不应该被彩礼金额所影响，不管是男方还是女方，都不应该太在乎别人的看法，要考虑自己的家庭情况和双方意愿。 对彩礼的看法，54.6%受访者主要受家人、亲戚影响 王刚说，在某些地方，彩礼越高说明女性越受重视或地位越高，“我觉得这是一种不正确的观点，女性在情感关系中的地位、被男方重视的程度，不能仅通过彩礼体现。每个人的经济情况有差别，女方应该综合考量男方，不能单看彩礼，也不应该互相攀比彩礼”。 对于彩礼的看法，受访者主要受家人、亲戚（54.6%）和朋友、同学、同事（47.0%）的影响，其他还有邻居、老乡（41.4%）等，24.8%的受访者表示没人影响到自己。 王刚认为，数额过高的彩礼是一种陋习，应该摒弃。彩礼应该在一个合理的区间内，成为小家庭的起步资金，支持婚后的生活。如果彩礼数额过高，就变成了整个家庭的负担。 吴优说，很多时候女方不是不能接受低彩礼，而是不能接受男方谈彩礼时的态度，不能因为女方不在乎彩礼就受到男方的慢待，“如果双方能始终和和气气地商量，让女方看到男方的诚意和尊重，彩礼多少并不重要”。 王刚觉得，年轻人更应该看重两个人的生活态度、观念是否一致。比如在消费观念上，有人看重品牌，有人在乎性价比，有人喜欢吃喝玩乐，有人注重精神享受，如果观念不一致，彼此是否可以互相包容。 “两个人的性格是否合拍也很重要。在相处中能否真正为对方考虑，还是总是某个人让步、妥协，另一个人一直要求这个，要求那个。”王刚认为，这些考量比彩礼更重要。 受访者中，男性占38.3%，女性占61.7%。00后占22.3%，95后占22.7%，90后占33.4%，85后占12.6%，80后占9.0%。一线城市的占30.2%，二线城市的占39.0%，三四线城市的占22.0%，县城的占4.6%，农村的占4.2%。（记者 王品芝 王荣慧对此文亦有贡献。应采访对象要求，吴优为化名）,1546,http://yn.people.com.cn/n2/2024/0425/c378440-40823096.html,高价彩礼;婚姻;结婚;婚恋;彩礼;婚嫁;对象;夫妻;情侣;婚礼
People.cn,2024/4/25,依法治理“高价彩礼” 推进移风易俗,治理“高价彩礼”，近来接连落棋有声。2020年，民政部印发《关于开展婚俗改革试点工作的指导意见》；2022年8月，农业农村部、中央文明办、民政部等八部门联合发布《开展高价彩礼、大操大办等农村移风易俗重点领域突出问题专项治理工作方案》；2023年11月，最高人民法院与民政部、全国妇联联合召开推进移风易俗、治理高额彩礼新闻发布会，发布人民法院涉彩礼纠纷典型案例；2024年2月1日，《最高人民法院关于审理涉彩礼纠纷案件适用法律若干问题的规定》实施，明确规定“一方以彩礼为名借婚姻索取财物，另一方要求返还的，人民法院应予支持”，等等。 上述重大举措陆续出台的背景，是某些地方愈演愈烈的“天价彩礼”之风。近年来，一些地方的彩礼加码持续走高，已成为婚姻家庭矛盾纠纷的重要成因。最高人民法院院长张军今年在最高人民法院工作报告中，直言不讳地提到“近年来涉彩礼纠纷增多甚至引发恶性案件”。据统计，近5年来涉彩礼民事案件超2万起，彩礼金额可达人均收入的10倍；因彩礼纠纷引发的故意伤害、故意杀人等恶性案件，占因彩礼引发的刑事案件的46.26%。 从历史观之，彩礼本无原罪，只是一种传统民俗。“纳采、问名、纳吉、纳征、请期、亲迎”，西周时确立并为历朝历代所沿袭的“六礼”婚姻制度中，送聘礼的“纳征”，就相当于现在的“彩礼”。客观而言，彩礼在很多地方具有一定的社会文化基础，这是人们应当正视的事实。但是，当彩礼过于沾染金钱和物质，甚至形成攀比之风，必然使其“礼”的属性不断弱化，而转化为纯粹的经济负担。这种变化，使传统婚俗逐渐背离了“宜其室家”的美好初衷，成了冲突矛盾的推手，不仅不利于社会和谐稳定，也不利于文明风尚的培塑弘扬。 具体到治理层面，想要移风易俗，彻底遏制这股“高价彩礼”之风，自然并非易事。毕竟，“彩礼”具有民间风俗特性，不能简单地一禁了之。更为复杂的是，因为具体情形的不同，“彩礼”也不能一退了之。翻看《最高人民法院关于适用〈中华人民共和国民法典〉婚姻家庭编的解释（一）》，虽然明确了“未办理结婚登记”等3种可返还情形，在一定程度上明确了彩礼纠纷的解决原则。但在实践中，还存在大量未办理结婚登记却按照当地习俗举办婚礼并共同生活，以及已办理结婚登记但共同生活较短等情况，同样需要“解扣”“破局”。 解决这些难题，需要从立法出发，结合实际开出“药方”。我国民法典婚姻家庭编中明确规定，“禁止包办、买卖婚姻和其他干涉婚姻自由的行为”“禁止借婚姻索取财物”。审视最高法发布的典型案例，以及出台的有关司法解释，不仅申明了严禁借婚姻索取财物这一基本原则，更充分尊重民间习俗，以当地群众普遍认可为基础，合理认定彩礼范围，充分考虑彩礼的目的性特征，斟酌共同生活时间、婚姻登记、孕育子女等不同因素，合理平衡双方当事人权益，为各级司法机关提供了治理“蓝本”，有利于在法律轨道上化解因彩礼引发的矛盾纠纷，驱散萦绕在彩礼上的逐利冲动。 欲求木之长者，必固其根本；欲流之远者，必浚其泉源。“高价彩礼”之风盛行，违背了彩礼的初衷，带来诸多家庭和社会问题，亟待进行深度治理。诚然，移风易俗不是易事，但路虽远行则必至，事虽难做则必成。近年来，从制定指导意见、完善工作方案，到发布典型案例、出台司法解释，“高价彩礼”这匹野马，正一步步被套上法治的缰绳。在依法治理的同时，有的放矢树新风，持之以恒化新俗，终会实现“让婚姻始于爱，让彩礼归于礼”。（欧阳晨雨）,1408,http://yn.people.com.cn/n2/2024/0425/c361322-40823102.html,婚姻登记;结婚登记;高价彩礼;天价彩礼;婚姻;结婚;彩礼;婚俗;婚礼
CCTV,2024/4/26,一公司规定彩礼不得超10万，法学教授：企业无权干涉员工私人生活,央视网消息 （记者/杜安琪）：近日，某企业在社交平台发文称，公司规定员工结婚彩礼不得超过10万元，否则将全公司通报批评并严惩，相关消息在网上引发讨论。有网友支持其抵制彩礼的做法，但也有网友表示“现在的公司管太宽了，彩礼都要管？” 针对部分网友的质疑，该公司还发文回应称，公司规定只要没有被法律明文禁止，实际都有效。为此，央视网《新闻+》记者多次拨打该公司的电话均未被接听。 2024年1月，最高人民法院明确规定，禁止以彩礼为名借婚姻索取财物。但是，婚姻和彩礼毕竟是员工的个人私事。中国政法大学民商经济法学院教授、中国社会保障学会理事娄宇认为，用人单位和劳动者签订劳动合同，只能约束在工作的时间、场合和工作过程中劳动者应当遵守的纪律要求，而劳动者在8小时工作时间之外的私人生活，用人单位是无权进行干预的。 “劳动合同建立的用人单位和劳动者之间的关系，应该是一个平等、自由的关系。如果限制员工结婚的彩礼数额，我个人认为，有点过于发挥资方的优势权利，满足他人道德方面的要求了。”娄宇表示，“另外，用人单位也不是公权力机关，一般来讲不能行使公权力所倡导的内容。” “在这个案例中，该公司的业务主要是一些互联网产品和技术服务。要求一般职工在结婚、订婚的时候不能支付高额彩礼，与工作并没有太多关联，超出了企业在生产经营过程中对职工的要求。所以整体上来看，它规定的内容很可能是部分无效的。” 娄宇指出，企业规章制度不是用人单位单方面规定就一定有效。“公司可以在规章制度里约束员工的一些行为，但是，必须依法接受司法审查。”娄宇介绍，公司规章首先应该经过民主公示程序。“法律规定，用人单位在制定、修改或者废止规章制度的时候，要充分征求职工的意见，与职工代表或者通过职工大会进行充分的沟通、协商，并且以职工能够明确获知的方式进行公示。” 另外，公司的规章制度也必须遵守上位法。“《民法典》规定，民事行为必须遵守公序良俗。根据《劳动合同法》的要求，公司规定必须与工作的性质内容相一致。也就是说，用人单位不能规定与工作毫无关系的内容。” 如果用人单位依据不合理的规定对劳动者进行惩罚，比如降薪、扣工资或者解除合同，都可能属于违法解除、违法处理合同者之间的关系。劳动者可以申请调解、仲裁和诉讼。“如果违法解除劳动合同，劳动者可以要求用人单位支付两倍的经济补偿金作为赔偿金，或者要求继续履行这个合同。”,987,https://news.cctv.com/2024/04/26/ARTI521oCsbnknVGjkEWzKKY240426.shtml,婚姻;结婚;彩礼
People.cn,2024/4/26,德惠法院普法小讲堂：让婚姻始于爱 让彩礼归于礼,彩礼来源于我国古代婚姻习俗中的“六礼”，是男女双方及家庭之间表达感情的一种方式，也蕴含着对婚姻的期盼与祝福。作为我国婚嫁领域的传统习俗，有着深厚的社会文化基础，大都由父母代送，且多为家庭共有财产。 但是，近年来，彩礼数额持续走高，有人罔顾家庭经济情况，盲目将彩礼多少视为衡量爱情的标准；有人认为彩礼越多越显得自己有面子，攀比之风悄然蔓延。“天价彩礼”不仅背离了彩礼的初衷，使给付方家庭背上了沉重的经济负担，也给婚姻稳定埋下隐患，甚至可能成为矛盾纠纷的导火索。 如果还未办理婚姻登记手续，婚约解除，婚约双方的父母能否作为诉讼当事人参加诉讼呢，一起来看这个普法视频寻找答案吧！,286,http://jl.people.com.cn/n2/2024/0426/c349771-40825199.html,婚姻登记;天价彩礼;婚姻;彩礼;婚嫁;婚约
People.cn,2024/4/26,汪清县司法局复兴司法所：共创和睦家庭 “典”亮幸福婚姻,近日，汪清县司法局复兴司法所联合镇妇联到兴华村开展“共创和睦家庭，‘典’亮幸福婚姻”《民法典》婚姻家庭编普法宣传活动，提高辖区群众对婚姻家庭的重视和关注，倡导健康的婚姻观和家庭观，促进家庭和睦，减少家庭矛盾和婚姻危机的发生。 活动现场，工作人员通过以案释法的方式，详细讲解了《民法典》中的婚姻家庭编，用通俗易懂的语言将婚姻生活息息相关的婚姻基本原则、婚姻的成立和解除、夫妻权利义务、无效婚姻的法律后果、夫妻共同财产、离婚冷静期等法律知识分享给受宣群众，让群众认识到《民法典》既是保护自身权益的法典，也是必须遵循的行为规范。此次活动，共发放了《民法典》婚姻家庭编和《反家庭暴力法》等法治宣传手册100余份。,302,http://jl.people.com.cn/n2/2024/0426/c349771-40825218.html,离婚冷静期;婚姻;离婚;夫妻;家庭暴力
China News Service,2024/4/29,让“彩礼”回归美好初心,五一假期将至，又迎来婚礼高峰期，“彩礼”则是其中绕不开的话题。近年来，关于这一话题，尤其是农村高额彩礼现象备受关注，“天价彩礼”频频登上热搜，成为许多青年“闻婚色变”的一大原因。彩礼是如何诞生的？如何定义“高价彩礼”？我们应当如何树立正确的婚俗观？这些问题值得研究探讨。 彩礼是中国传统文化中一种古老的婚姻习俗，起源可追溯到西周时期的“六礼”(纳采、问名、纳吉、纳征、请期和亲迎)，其中“纳征”指的是男方家向女方家送聘礼财物的行为，但所赠物品并不昂贵。如果平民条件困难，还可以用大雁来代替，可见古人更重视聘礼的象征意义和内涵，并非看重其经济价值。 随着时代的发展变迁，“纳征”的形式和内容虽已发生了变化，但彩礼作为一种男女双方及家庭之间表达感情的方式被保留下来，成为我国婚嫁领域的传统习俗。在中国历史上大多数时期，彩礼所赠大都是寻常生活物品，即便是普通人家也能承受得起。因此彩礼习俗诞生的本意，一直是彰显中国人对婚姻的重视，也代表男方对女方的尊重。但近年来，“天价彩礼”不良风气开始蔓延，金额越来越高，名目越来越多，比如上车费、下车费、改口费等，背离了婚姻的本质。 如何定义“天价彩礼”？这是一个需要具体分析的问题。例如男方家里经济情况富裕，对于亲事非常满意，自己愿意出一大笔彩礼，虽不提倡但也无可厚非。又比如，在一线城市给出一份十万元以上的彩礼，对于普通家庭而言也能承受。但如果将这个标准放在经济欠发达地区，无疑就是一大笔负担。因此，“天价彩礼”需要根据每个家庭的实际情况判断。而一个正确的态度是：双方你情我愿、友好协商，不给任何一方造成沉重负担。 在上海市区，鲜有听说“天价彩礼”，连普通彩礼习俗也可有可无。除了现代城市文化对传统婚俗的冲击之外，最大原因还是需要集中财力为新人筹备婚房，彩礼往往只是形式上走个过场。在农村地区，赠送彩礼的习俗则较为普遍，目前的平均水平也尚在一个可接受的程度。 尽管上海并非“天价彩礼”问题突出的地区，但是我们依旧需要防微杜渐。其存在的根本原因，是攀比心理。在上海郊区，类似移风易俗的宣传、引导正在持续展开，就是为攀比之风踩刹车，形成“铺张浪费才是没面子”的正确价值观。 除了政府部门的引导之外，上海年轻人的婚恋观也发生了很大的变化，趋势就是越来越务实。去形式化，零彩礼婚礼、集体婚礼、旅游婚礼，甚至不举办婚礼都是可以接受的。现在的年轻人们大多相信，感情好、感受好才是好婚姻的关键。 其实，传统文化中的优秀基因应当被保留并传承。而让彩礼回归其产生之初的祝福本质，淘汰“天价彩礼”陋习，则应当成为全社会的共识。(新民晚报 李一能) 【,1083,https://www.chinanews.com.cn/sh/2024/04-29/10208696.shtml,高价彩礼;天价彩礼;婚姻;婚恋;彩礼;婚俗;婚嫁;婚礼
People.cn,2024/4/29,孟州：文明婚嫁新风尚 不要彩礼要幸福,“我们觉得，日子是过给自己的，婚姻不是攀比，是相互扶持、相互理解，共同成长，所以我们决定不要彩礼。”4月29日，谈及自己的婚嫁观，孟州市南庄镇青龙村青年吕改变如是说。 青龙村吕改变、李冲两人因学驾照认识，两人相恋几年，决定在今年步入婚姻的殿堂。在双方家庭商量婚嫁事宜时，恰逢村里在宣传移风易俗、新事新办。为响应移风易俗行动号召，女方吕改变父母主动提出新事新办，不要彩礼，他们觉得两个孩子在一起应该重感情轻物质，不能用金钱衡量幸福，并且鼓励他们靠自己的双手创造幸福美好生活。 吕改变家里还有两个姐姐，结婚时候也都没有要彩礼，现在两个姐姐也都过得很幸福。吕改变与男友李冲已于今年正月初五正式订婚，择日将简单举办婚礼，对于父母这样的决定，她也十分支持。 “不要彩礼这是我们主动提出来的，我们觉得这没啥，我们家三个闺女都没有要彩礼，只要他们互相愿意，能携手把自己的小家庭过好就行。”吕改变的母亲说。 “两个孩子不但不要彩礼，连房子车子也不要我们买，说要自己打拼自己买，看到孩子们这么懂事，我们感到很欣慰，但是他们如果有需要帮助的，我们一定尽力而为！”李冲的父亲说。 正如吕改变的名字一样，村里的婚事新风从她这里开始得到了改变，她一家以实际行动作表率，做文明婚嫁的倡导者、宣传者和实践者，引领广大人民群众树立健康积极的婚恋观，让爱情回归本心，让婚姻回归本质，营造文明婚俗的浓厚氛围。 今年以来，南庄镇以新时代文明实践站为载体，开展了形式多样的移风易俗宣传活动，倡导新事新办、破旧立新，指导各村将文明婚嫁等内容纳入村规民约。同时，规范“一约五会”队伍组织，号召各村将老党员、乡贤、退休老干部等人群纳入“一约五会”队伍，切实发挥各村红白理事会监督作用，规范办红白事，提倡新事新办、厚养薄葬等。 “下一步，我镇将进一步引导群众树立文明节俭的现代婚嫁理念，着力破除婚丧嫁娶陈规陋习，推动良好家风、淳朴民风、文明乡风的形成，提升现代乡村治理水平，助力乡村振兴。”南庄镇主要负责同志表示。（孟州市委宣传部 作者：张冰）,848,http://henan.people.com.cn/n2/2024/0429/c378397-40829025.html,婚姻;结婚;婚恋;彩礼;婚俗;婚嫁;婚礼
People.cn,2024/4/29,长春净月区人民法院：跨国婚姻感情破裂 高效服务解决纠纷,近日，长春净月高新技术产业开发区人民法院成功办理了一起涉外离婚纠纷案件。 赵某在美国工作时认识了美国国籍的谢某，之后两人自由恋爱并于2009年在纽约市办理了结婚登记。婚后，他们选择回到中国共同生活，并生育一子。随着时间推移，文化背景、生活理念、性格观念等差异逐渐显现，双方经常发生争吵，矛盾累积后感情日渐淡薄，最终谢某诉至法院要求离婚。 案件受理后，承办法官认真研究相关涉外民事诉讼程序的特别规定及《中华人民共和国涉外民事关系法律适用法》的有关规定，并多次研讨案件，争取减少当事人诉累。 在充分做好前期准备后，考虑到谢某即将返回美国，承办法官与谢某取得联系，迅速安排开庭时间并将传票送达双方，确认庭前准备及送达程序无误后，法庭对案件进行了开庭审理。双方同意离婚，对子女抚养、财产分割等事宜达成一致意见。庭后，法官根据庭审查明事实及相关法律，依法作出判决并成功送达。最终，该起涉外离婚诉讼案件得以顺利审结。 该涉外婚姻案件的审理是民事审判的一次突破，承办法官充分发挥主观能动性，积极破解案件的焦点难点，为当事人提供了高效便民的司法服务。,467,http://jl.people.com.cn/n2/2024/0429/c349771-40828702.html,结婚登记;婚姻;结婚;离婚;恋爱
China News Service,2024/4/30,宁夏将持续开展农村高额彩礼专项治理工作,中新网 银川4月30日电 (杨迪 杨杰)记者30日从宁夏农村高额彩礼专项治理工作推进会上获悉，宁夏于日前印发《关于持续开展农村高额彩礼专项治理建设文明乡风的实施意见》(以下简称《实施意见》)，将在全区范围内开展专项治理工作。 《实施意见》提出，2024年高额彩礼、人情攀比、铺张浪费等婚俗陋习有效遏制和2025年婚俗陋习现象显著减少的目标，又明确了2026年巩固成果、2027年形成长效机制的目标。 《实施意见》提出在宁夏全区范围内持续开展专项治理，同时坚持统筹全局和重点突破相结合，充分考虑各地经济社会发展水平和风俗习惯，确定以9个乡村振兴重点帮扶县、4个易地搬迁农村居民较多的县为重点区域，以农村脱贫人口、防止返贫监测对象和具有高额彩礼倾向的群体为重点人群，力求取得实效。 《实施意见》提到，专项治理工作主要开展党建引领、文化浸润、自治提升、法治保障、婚俗改革、惠农增收、妇女关爱、青年新风8项行动。各地根据经济社会发展水平和风俗习惯，引导村民委员会确定彩礼、礼金、婚宴倡导性标准；积极鼓励“低彩礼”，大力倡导“零彩礼”。(完),466,https://www.chinanews.com.cn/sh/2024/04-30/10209459.shtml,彩礼;婚俗;对象
People.cn,2024/4/30,进寨普法“她力量” 助推彩礼“归于礼”--社会・法治--人民网,阳春三月，万物复苏。繁花盛开，如诗如画。四川省石棉县人民法院美罗女子法庭来到安顺场镇新场村彝寨，开展“双语”普法活动。 法官邱健慧围绕“促进移风易俗 维护妇女权益”主题，将法律法规与彝族民族文化、传统习俗、村规民约相结合，结合真实案例，详细讲述了高价彩礼、包办婚姻等遗风陋俗对双方家庭所带来的危害，引导彝族同胞树立彩礼适度、婚姻自由的良好风尚，号召大家一起“为爱情减负、为幸福加分”。 现场气氛活跃热烈，彝族群众阿依曲古说：“这场双语法治课太精彩了，邱法官讲的我都听懂了，特别是法官说到的高价彩礼问题，苦的不仅仅是男方，女方也一起受罪，我觉得应该摒弃这种陋习，我们应该按照自身经济条件决定彩礼的数额，不应该攀比，一味追求高价彩礼。” 近年来，石棉法院持续利用双语法官的语言优势，用民族语言“零距离”“无障碍”与少数民族群众面对面交流互动，以法治之力共筑民族和谐连心桥。（记者 姜郑勇 通讯员 高夕杰 文/图） 图①：法院干警刚到彝寨，彝族同胞便聚集过来。,427,http://society.people.com.cn/n1/2024/0430/c1008-40227158.html,高价彩礼;婚姻;彩礼
CCTV,2024/5/1,宁夏彭阳县招聘社区网格员 获“零彩礼”“低彩礼”证书的笔试加分,央视网消息 ：据中国共产党彭阳县委员会宣传部，为进一步加强城市社区网格化服务功能，促进社区专职网格员队伍建设，切实提升党建引领基层治理效能，根据《中办 国办关于加强社区工作者队伍建设的意见》《〈宁夏回族自治区“十四五”城乡社区服务体系建设规划〉的通知》《关于进一步加强全区城市社区专职工作者队伍建设的指导意见》《宁夏城市社区网格员管理办法》精神，经研究，决定面向社会公开招聘城市社区专职网格员，现公告如下： 本次公开招聘拟录用72名社区专职网格员，岗位设置如下： 岗位1: 专职网格员 6名（限中共党员含预备党员）； 岗位2A: 专职网格员16名（限男性）； 岗位2B: 专职网格员17名（限男性）； 岗位3A: 专职网格员16名（限女性）； 岗位3B: 专职网格员17名（限女性）。 以上所有岗位均为社区专职网格员，因考务安排需要，各岗位报考考生只在组内竞聘，按总成绩由高到低排名确定最终录用人员。招聘结束后由彭阳县城市社区专职网格员招聘工作领导小组统一分配，填报岗位与实际分配的岗位无关。 1.拥护中国共产党的路线、方针、政策，遵守国家法律法规，认真执行党和政府的有关政策、规定； 2.身体健康、热心公益事业、热爱社区工作，善于做群众工作，有较强的事业心和责任感，具有良好的政治素质和道德品行； 3.具有彭阳县户籍或配偶为彭阳县户籍（2024年8月25日前取得彭阳县户籍）。 4.具备正常履行职责的身体条件和心理素质； 6.年龄一般为18周岁以上，40周岁以下（1983年8月26日至2006年8月26日期间出生）； 7.服从组织统一调配，不服从调配者视为自动放弃。 （二）具有以下情形之一的人员不得报考专职网格员： 1.受过刑事处罚，或存在涉黑、涉恶、涉毒、涉赌、涉黄情形受过行政处罚的； 3.违反国家法律法规正在被立案侦查或违纪违法被立案审查调查的，受党纪政务处分和组织处理影响录用的； 6.在各级招聘（录）考试中被认定有舞弊等严重违反录用纪律行为，目前仍在限制报考期的； 8.参加过彭阳县公开招聘城市社区网格员考试，被录用后拒绝岗位分配，放弃录用资格5年以内的； 对2024年5月1日以后获得县级以上统一颁发的“零彩礼”证书的新婚夫妇加2分；“低彩礼”证书的加1分。,938,https://news.cctv.com/2024/08/27/ARTIIMrvtvyhW2da261puYHL240827.shtml,彩礼;配偶
People.cn,2024/5/1,宁夏农村高额彩礼专项治理工作推进会召开,4月30日，全区农村高额彩礼专项治理工作推进会在银川召开。 会议指出，各地各部门要提高政治站位、深化思想认识，认真落实《关于持续开展农村高额彩礼专项治理建设文明乡风的实施意见》，深入开展党建引领、文化浸润、自治提升、法治保障、婚俗改革、惠农增收、妇女关爱、青年新风8个专项行动，全力打好打赢这场攻坚战持久战。 会议强调，要在增强群众内生动力上下功夫，抓好宣传引导、促农增收、民生保障等工作，提高群众参与自觉性。要在加强典型示范引领上下功夫，充分发挥党建引领、先进模范和村镇带动作用，强化正确价值导向。要在提升基层治理水平上下功夫，形成政府引导、社会参与、群众自发治理的良好局面。要在激发改革创新活力上下功夫，常态长效治理高额彩礼、人情攀比、大操大办等婚俗陋习，弘扬婚俗新风，建设文明乡风。 会议要求，要切实加强组织领导，坚持稳中求进总基调，落实责任、健全机制，因地制宜、稳慎推进，走好群众路线，落实为基层减负要求，实现高额彩礼水平逐步降低，农村适龄青年结婚率稳步提升，确保治理工作得到农民群众认可、经得起历史检验。（记者 何耐江）,465,http://nx.people.com.cn/n2/2024/0501/c192482-40831186.html,结婚;彩礼;婚俗
People.cn,2024/5/3,有回音|网友建议推出官方相亲APP 江苏将推广南通团市委做法,针对部分婚恋网站乱收费、泄露个人信息、会员身份造假等问题，一位南京网友在人民网“领导留言板”建议江苏省推出官方相亲APP。 4月23日，江苏省民政厅回复，共青团南通市委此前已经推出“亲春迹”青年交友微信小程序，并定期组织通过身份审核的青年男女开展线下交流活动。下一步，共青团江苏省委将推广“亲春迹”，拓展身份认证、婚恋咨询、婚恋调查、活动参与的线上服务功能和渠道，为青年提供信息匹配、联谊交流、交友约会等一站式、全链条服务。 据南通市青年宫负责人韩玉兵介绍，“亲春迹”微信平台发布于2017年，已吸纳登记会员5000余人，注册用户可以在平台上匹配心动对象，参加官方组织的交友活动。去年5月，“亲春迹”小程序新增个人个性主页、资料一键匹配、心动一触传达等功能。 “从户内到户外，从密室脱逃到剧本杀，从非遗体验到开卡丁车，海边、山路、上海迪士尼、无锡鼋头渚都留下了青年们浪漫的身影。”韩玉兵说，目前，南通市团委除每月举办两场交友活动之余，还联合各县市区团委每年至少举办10场青年人喜爱的交友活动，年参与人次可达1万余人。 2017年，中共中央、国务院印发了《中长期青年发展规划（2016－2025年）》，明确提出支持开展健康的青年交友交流活动，重点做好大龄未婚青年等群体的婚姻服务工作等。近年来，江苏各地民政部门以“5·20”“七夕”等时间节点为契机，适时举办各类主题集体公益婚礼，优化婚庆服务，打造了一批社会信赖、青年欢迎、有地域特色的婚恋交友工作和项目。 江苏省民政厅相关人士表示，将发挥自身优势，积极配合共青团江苏省委打造线上婚恋服务平台，为广大青年提供更加优质可靠的联谊交流服务。,692,http://js.people.com.cn/n2/2024/0503/c360303-40832266.html,婚姻;婚恋;相亲;对象;婚礼
People.cn,2024/5/5,宁夏建立“1+8”政策体系 治理高额彩礼建设文明乡风,记者从自治区党委农办了解到，近日，自治区党委办公厅、自治区政府办公厅发布《关于持续开展农村高额彩礼专项治理建设文明乡风的实施意见》。意见坚持精准施策和系统治理相结合，力争今年底全区农村彩礼倡导性标准实现行政村全覆盖。 意见明确，由自治区党委农办牵头协调、相关部门具体负责，统筹推进党建引领行动、文化浸润行动、自治提升行动、法治保障行动、婚俗改革行动、惠农增收行动、妇女关爱行动、青年新风行动8项行动。日前，自治区党委组织部、宣传部、社会工作部及自治区政法委、民政厅、农业农村厅、妇联、团委八部门联合印发了《关于持续开展农村高额彩礼专项治理党建引领行动工作方案》等8个方案，构建起“1+8”政策体系，加快推动高额彩礼、人情攀比、大操大办等婚俗陋习治理取得明显成效。 此次专项治理由宣传教育为主变为精神、物质两手发力，出台了12条含金量高、针对性强的正向引导措施，激发群众内生动力。落实移风易俗模范礼遇嘉许政策，对零彩礼、低彩礼的新婚夫妇，从登记结婚之日起，凭零彩礼、低彩礼证书分别享受2年、1年区内国有旅游景区首道门票优惠……一批正面引导措施出台，以宣传引导增动力，以促农增收提能力，以保障民生减压力，切实增强治理成效。（记者 何耐江）,517,http://nx.people.com.cn/n2/2024/0505/c192482-40833241.html,结婚;彩礼;婚俗
CCTV,2024/5/6,抵制高额彩礼 倡导文明风尚——各地民政部门扎实推进婚俗改革,“五一”假期往往是婚礼高峰期。近年来，一些地方出现了高额彩礼、大操大办、铺张浪费等陈规陋习，不讲“礼”只看“财”，甚至形成攀比之风，使很多家庭背上沉重经济负担，也给婚姻稳定埋下隐患。各地民政部门以婚俗改革为抓手，扎实开展高额彩礼等婚俗陋习治理，引导广大家庭抵制高额彩礼，践行移风易俗。 “从相识、相知、相爱到携手走进婚姻，靠的是彼此的爱与信任，高额彩礼不等于美满婚姻。”不久前，从安徽省六安市叶集区嫁到宿州市萧县圣泉镇王门村的新娘黄多艺说。 宿州市萧县圣泉镇近年来以“为民减负”为工作主线，深化移风易俗，抵制高额彩礼，激活乡村文明新风尚，在全镇上下掀起革陋习、除陈规、树新风热潮。 各地民政部门制定配套方案，建立推进机制，明确责任分工，强化宣传引导，推动乡村焕发文明新气象。积极发挥党员干部和公职人员示范带头作用，引导群众自觉抵制高额彩礼、低俗婚闹等不良风气，有效推动群众依托红白理事会、道德评议会等基层自治组织，做好自我约束、自我规范、自我管理，倡树文明简约婚俗风尚。鼓励各地选树一批婚事新办简办、“低彩礼”“零彩礼”典型，激励群众自觉践行文明新风。 为推进婚俗改革落地生效，河北省河间市各乡镇（街道）制定移风易俗实施方案和红白理事会章程，统一降低婚嫁消费标准。各村、社区结合本地实际，依法依规将婚事新办简办、限制高额彩礼、鼓励“零彩礼”和“低彩礼”等内容纳入村规民约、居民公约。相关统计显示，2021年4月至2023年3月，河间市共办理新婚登记7721对，其中，“零彩礼”652对、“低彩礼”6400对，高额彩礼陋习得到有效遏制。 为倡树简约适度的婚俗礼仪，各地民政部门积极推进结婚颁证服务、集体婚礼等制度创新。设立室内、室外颁证场地，大力推行集体婚礼、慈善婚礼，邀请政府领导、社会名人、模范代表等作为特邀颁证员，鼓励邀请双方父母、亲朋好友到场见证婚礼活动，组织新人共栽“甜蜜树”、共育“幸福林”。 今年春节期间，辽宁省朝阳市双塔区民政局婚姻登记处举办了一场别开生面的婚俗文化非遗体验活动。当天，新人们身着盛装，履行了结婚登记程序。随后，掌管姻缘的“月老”出场，以红线为媒，引导新人有序步入颁证大厅的非遗体验活动现场。新人们不仅领略了传统文化的深厚底蕴，更感受到了满满的仪式感。 维护婚姻的美好、社会的和谐，必须革除高价彩礼、大操大办等陈规陋习。近年来，民政部印发《关于开展婚俗改革试点工作的指导意见》，先后分两批确定了32个全国婚俗改革实验区，指导各实验区在倡导简约适度婚俗礼仪、治理婚俗领域不正之风、培育文明健康婚俗文化等方面探索经验、打造样板，相关试点地区已形成较好的可复制可推广的改革经验。各地民政部门也主动作为，确定了一大批不同层次的实验单位。截至2023年11月，全国共创建各类实验单位1806家，形成了国家、省、市、县层层抓婚俗改革的良好局面。,1181,https://news.cctv.com/2024/05/06/ARTIKMMPaDDqSRhk7lj4a2nI240506.shtml,婚姻登记;结婚登记;高价彩礼;婚姻;结婚;彩礼;婚俗;婚嫁;婚礼
China News Service,2024/5/6,依法遏制高额彩礼,近年来，一些地方彩礼数额持续走高，呈现出重“财”轻“礼”现象。涉彩礼纠纷案件数量也呈上升趋势，甚至出现因彩礼返还问题引发的恶性刑事案件。正确处理此类纠纷，既要尊重传统习俗，又须明确禁止以彩礼为名索取财物。 从法律层面看，我国民法典中明确“禁止包办、买卖婚姻”“禁止借婚姻索取财物”。依法遏制高额彩礼，统一法律适用标准是前提。彩礼是否返还以及如何返还，这是很多涉彩礼纠纷案件审理中的争议焦点问题。围绕彩礼范围、彩礼数额认定等问题，今年2月1日起施行的《最高人民法院关于审理涉彩礼纠纷案件适用法律若干问题的规定》进一步明确裁判标准。 同时，依法遏制高额彩礼重在“抓前端、治未病”。通过明确裁判规则，能够给予相关当事人以行为指引，助力引导全社会更加理性地看待彩礼问题。实践中，有的地方法院结合办理彩礼返还纠纷案件中的问题，推动部分辖区的村民将彩礼金额、随礼数额纳入到村规民约中。 彩礼有无与多少，看似是小事家事，却是影响社会风气的大事。婚俗领域的陈规陋习，非一朝一夕、一纸判决就能改变，治理也难以一蹴而就。目前来看，依法治理高额彩礼，推进移风易俗，需要各方以更多务实举措，从个案裁判延伸到社会治理层面，纵深推进婚约财产案件诉源治理，实现“办理一案、治理一片”的社会效果。 (,534,https://www.chinanews.com.cn/gn/2024/05-06/10211843.shtml,婚姻;彩礼;婚俗;婚约
People.cn,2024/5/6,伊通满族自治县人民法院法官把脉情侣转账六种形态 帮你算算爱情的“账单”,恋爱期间，男女双方经常会以转账、发红包等方式来表达爱意、增进好感。可一旦分手后，双方就会因为转账性质发生争议直至对簿公堂。那么，情侣恋爱期间的转账，在分手后能否要回来，哪部分能要回来呢？近日，伊通法院靠山法庭就审理了一起因情侣转账产生纠纷的案件。 2019年，原告赵某与被告张某通过网络相识进而陷入热恋，期间双方互相探望、共同出游。恋爱期间，赵某通过支付宝、银行、微信分多笔共向张某转账4万余元，分手后双方因钱款返还问题发生争议进而诉至法院。 法院审理认为，在恋爱关系中，男女朋友相互给付财物的现象非常普遍，资金往来也比较随意，故可以按照情侣交往期间转账六种形态来判断款项的性质。 一、借贷型： 如果转账留言、红包描述或者款项转账的前后聊天记录中，表明款项是借款或者对方承诺归还，则可以认定为借款，分手后可以要求对方返还。 二、赠与型： 赠与具有无偿性和单务性，尤其带有特殊纪念意义的如“520”“1314”的款项，在赠与交付对方后无需返还。 三、共同消费型： 情侣共同旅游、餐饮、交通等日常消费，属双方共同消费消耗，无需返还。 四、彩礼型： 如果是以缔结婚约为目的带有彩礼性质的赠与，当一方提出分手，对方可以要求返还。 五、不当的得利型： 因为交往和缔结婚约的目的无法实现，导致占有对方款项没有合法依据，可以要求返还。 六、诈骗型： 如一方虚构事实和隐瞒真相并以非法占有为目的，假借恋爱哄骗对方钱财，达到法定数额，构成诈骗罪。 根据上述转账六种形态的标准，法院酌定1.2万元符合借款认定标准，其余均符合赠与和共同消费情形，故法院判决由张某向赵某返还借款1.2万元。判决后双方息诉服判，现该案已执行完毕。 爱情虽甜蜜，转账要理性。恋人要坦诚相待，在相处中更注重情趣、修养、关怀而非物质诱惑，如需给付钱款、赠与财物、资金往来时最好详细备注款项的用途并保留好相关证据，如电话录音、短信微信、网络平台聊天记录，以防产生不必要的纠纷，避免“人财两空”。,822,http://jl.people.com.cn/n2/2024/0506/c349771-40834044.html,结婚;彩礼;婚约;恋爱;情侣;恋人
China News Service,2024/5/7,揭秘“杀猪盘”背后的心理控制术 并非只有“恋爱脑”才会遭遇“杀猪盘”,“我在华尔街那边有内幕消息，你可以跟着我们一起买。”听到一名网友这么说，王枚心动了，点开这名网友发来的投资网站，她陆续转入5万元、10万元、30万元、80万元……为了得到所谓充值奖励，王枚四处网贷，抵押房产，前前后后投入200万元左右。而当她试图提现时，却遭到平台拒绝，告知其交易量不足，需要继续充值，“这时我才意识到自己真的被骗了。”王枚说。 “杀猪盘”，通常是指诈骗分子利用网络交友，诱导受害人投资赌博的电信诈骗方式。近年来，国家打击电信网络诈骗犯罪的力度不断加大。随着互联网新技术的发展，“杀猪盘”交友诈骗从传统的婚恋网站渗透到社交媒体各个层面，AI换脸、换声技术的升级，更让此类诈骗变得更加隐蔽，亟须进一步加强精准防范，提高治理打击力度。 2023年6月，王枚只身带着两个女儿前往境外求学，她看上了社交媒体上发布的一套房源，加了自称房东的男性网友的联系方式。初次交流，这名网友表现得非常热情，他对王枚说现在房子还有租户，需要过段时间才能带她看房，会帮王枚保留房源，并以此为由与她在社交媒体上保持联系。 之后，这名网友会时不时主动关心王枚的情况，得知王枚在当地人生地不熟，特别热情地解答她的问题，“他是我在这里认识的第一个人。我刚到的时候，对于打车、叫外卖这些事情都不太会，都是他在教我，这让我对他很信任。”王枚回忆道。 在一来一往的交流中，两人的感情逐渐升温。后来，这名网友向她表白，声称想与她一起生活。一个人来到一座陌生的城市，遇到了对自己关怀备至的人，王枚心生感动，很快两人确定了关系。 不久后，这名网友开始时不时向王枚普及金融知识，并透露自己在当地从事金融相关工作，邀请她一起购买加密货币。起初，王枚比较反感投资，“但他跟我说，养育孩子开销大，租房成本又高，不如把钱放到平台来让钱生钱，我被说动了。” 在首次充值了两万美元后，王枚接到了反诈中心的电话。她当即质问网友，他却轻松地说“没关系”，并帮王枚成功提现两万美元，还多赚了1500美元，这让王枚尝到了甜头，也更加信任这名网友。 此后，这名网友隔三差五就会给王枚邮寄礼物，嘘寒问暖，尽管两人从未见过面，约定的见面日期也一次次推迟，她仍对他深信不疑，“他一直在给我描绘美好未来，看我喜欢海边，说要在海边买一套属于我们的房子。”王枚说。 在这名网友的游说下，王枚一次次“入金”，金额像滚雪球一样越来越大。最终发现提现不成，才猛然醒悟自己被骗了。 在各种社交平台上，类似故事不断上演。2022年7月，一名211女硕士遭遇“杀猪盘”，两周被骗138万元；2023年3月，上海一名老师深陷“杀猪盘”骗局被骗400万元，民警12次上门劝阻无果…… “你好，正经找对象。我平时喜欢运动多一些，空闲时间会研究一下数字货币的趋势。”近日，记者以相亲找对象为由，加入某社交平台上的相亲交友小组，很快就收到一条陌生人私信和一张照片，照片中的男士阳光帅气，颇具精英气质。 简单了解后，对方(下称A)以自己微信限制添加好友为由，希望通过QQ联系，随后又引导记者使用某国际社交软件与其联系，并不停索要照片，询问住址与所在单位等详细信息，以“真诚找对象”为由要求记者删除原先的社交软件，被拒绝后，表现得很恼怒。很快，记者发现A的账号改头换面，更换了昵称与头像。 不久后，又一则交友信息发来。对方(下称B)同样引导记者通过QQ联系，在聊天过程中不时透露自己“兼职赚了一些钱”，经常忙着“看趋势”。半个月后，B提出，想送记者一款名贵手表当作见面礼，表示自己业余时间做了点副业，收益还不错，并提出如果有兴趣，可以抽时间指点一下，“我叔叔是香港大学博士生，对金融和投资都很有见解，我能在北京买房都是靠我叔叔指导。” 随后，B又以出差不方便为由，试图将记者引导到另一款国际社交软件上，并“贴心”地帮忙注册好了账号。 记者在某社交平台上以这些国际社交软件为关键词进行搜索，出现了大量受害者的发帖，很多都是从社交平台私信开始，一步步引导至某些国际社交平台，通过分享虚假投资网站、屏幕共享盗取个人信息等形式进行诈骗。 “‘杀猪盘’不只针对单身青年男女，也不只存在于相亲网站。”在遭遇诈骗后，王枚在社交平台上分享了被骗经历。“身处网络社会，人们都有社交需要，找工作、找房子、找客户，都有可能遇到骗子，不可不防。”王枚说。 发现被骗后，王枚向公安机关报了案。她重新振作，开始寻找电信诈骗的蛛丝马迹。她在社交平台上分享了自己的被骗经历，很多网友和她交流，甚至有不少从事电信诈骗的人。交谈中，她慢慢收集了一些关于“杀猪盘”诈骗的内幕信息。她发现，如今的“杀猪盘”已经形成成熟的产业链：从上游的人设打造、场景素材提供、剧本编撰，到全流程的分工合作，再到下游洗钱分赃，每一个环节都设计得“严丝合缝”。 “‘杀猪盘’诈骗者频频得手的原因在于其深谙心理学原理。”西南政法大学刑事侦查学院副教授向静说。她曾以某市公安局在2019年侦破的“杀猪盘”类案件相关资料为研究样本，剖析了“杀猪盘”电信诈骗犯罪的心理控制机制。 研究发现，在社交平台“寻猪”阶段，诈骗分子善用“晕轮效应”和马斯洛需求理论巧立人设，满足受害者的安全感、被尊重感、归属感等需求；在“养猪”阶段，通过适当的“自我暴露”、构造社会相似性等手段加深信任；“杀猪”阶段，通过无意间透露“投资信息”来激发受害者的“猎奇心理”，并给受害者构建期待；在成功实施诈骗后，还会通过虚构紧急事件给受害人制造慌乱，利用“沉没成本效应”让其加大投入。 随着人工智能技术的发展，诈骗分子会通过AI换脸等手段模仿真实的人与环境，这为电信诈骗的识别和劝阻增加了难度。 作为心理专家，向静曾参与某地一项调研，研究电信诈骗劝阻机制与话术。通过研究民警上门劝阻的录像，她发现，当民警明确向受害人表示其正在遭遇诈骗时，大部分受害人起初并不承认，在他们眼中，诈骗犯并非陌生人，而是自己的“朋友”“爱人”，是来带他们“发家致富”的，不少受害人甚至会帮着诈骗犯一起哄骗民警。“骗子已经在心理上给他们打过‘预防针’了，告诉他们投资利润太高，在国内就是不合法的，警察肯定会找上门。”向静说。 在对受害人的访谈中，向静遇到过民警上门20多次劝阻不成的案例，受害人每次都会编出各种理由应付民警，以致于前后被骗了300多万元。还有受害人被骗了十几万元，报警后痛哭流涕，发誓不会再跟骗子联系，但过了一段时间又会再次转钱给骗子。这种悔悟后又再次上当的情况，在受害人中并不罕见。他们多次陷入诈骗陷阱，不得己时才会向警方求助。 “在研究电信诈骗受害者的人格特质多维规律性特征时，我们发现被骗并非仅仅是因为受害者缺乏关爱或者存在人格缺陷，而是‘杀猪盘’心理控制机制利用人性的弱点设下一个个连环圈套。”向静参与的研究项目致力于深入了解电信诈骗受害者的心理特征。目前研究结果表明，很多受害者在人格特质上与普通人并无显著不同。许多受害者在决定“入金”之前都表现出极为谨慎的态度，会长时间观望，在经过深思熟虑后才决定冒险尝试。 被骗后，王枚一度生活在痛苦和自责中，和很多受害人一样，她没有办法接纳自己，甚至自我伤害。整整一个月，她每天只吃一顿饭。 在与群友沟通中她发现，有一些受害人深陷“杀猪盘”营造的虚幻“爱情”中无法自拔，明知对方是诈骗犯，依然选择与其保持联系，被一骗再骗，甚至还会拉身边的人入局。 上海女青年余欣就遇到了这种情况。去年，与她交往10年的闺蜜突然向她介绍了一款投资产品，说是投资新股会有返利，如果发展下线还有佣金。闺蜜是学金融的，出于对她的信任，余欣被闺蜜拉进投资群，一直被催促绑卡、投钱，感到事情不对，她半路退出了。几个月后，所谓的“资金盘”崩盘，群内所有投资人都“亏”了，金额从几万到二十几万元不等，闺蜜也被骗了35万多元。余欣这才知道，这款投资产品是闺蜜网恋了半个月的“男友”介绍的，“他们都没见过面，我不明白为什么能那么相信他？” “一旦发现陷入‘杀猪盘’骗局，应立即报警，越早报警，追回损失的可能性越大。”向静说。 针对目前“杀猪盘”等电信诈骗案件多发、多变的态势，相关部门将预警技术作为研究重点，包括提升预警精度、劝阻技巧等。 向静认为，一些劝阻人员在接到预警信息后，立即上门直接指出受害者被骗的事实，这种单刀直入的方式往往难以见效。在尚未建立良好信任关系之前，受害人可能会感到被冒犯和贬低。 比如，可以使用“自我暴露”、构建社会相似性等方法与受害人共情，从而引导其说出受骗的细节。在倾听过程中，通过提出一些问题，引导受害人自行发现疑点。 面对诈骗手段和技术的全面“升级”，向静认为，需要不断创新反诈宣传形式和内容，无论诈骗形式如何变化，其背后的心理控制机制往往是相似的。她提出，今后可将向公众普及“杀猪盘”的心理控制机制作为反诈宣传的重点。 通过分析“杀猪盘”心理控制机制，她总结出一系列“反制”措施：对于个人来说，在“形象塑造期”，应对“糖衣炮弹”多些警惕，利用查图工具去鉴别照片等个人资料的真实性；在“信任加深期”，在保证安全的前提下，可通过尽快制造见面机会来识别对方。对于民警来说，在“利益引诱期”，可以结合心理学知识，向受害人宣讲心理控制机制，帮助受害人打破对“甜蜜爱情”的幻想；在“推拉再害期”(通俗地说，就是受害者发现被骗后，诈骗分子利用他们的慌乱情绪，以帮忙解套等借口再次骗取他们的钱财，进行最后的“收割”——记者注)可引入专业心理咨询技术，引导受害人以“自我对话”的形式化解不良情绪，避免继续“投资”。 不久前，四川德阳一例网络交友诈骗案开庭审理，被告人蒋某就是通过网络收集的照片和视频伪装成年轻女性，使用网络聊天软件结识被害人张某某，并以买东西、看病、租房子等理由多次骗取张某某钱款4万余元。办案法官提醒，网络交友需比现实社会交友更加谨慎，在无法甄别对方真实身份的情况下，千万不要轻信对方的各种说辞；尤其是买礼物、发红包、借款、投资、转账等涉及金钱方面的往来更要提高警惕，避免自身财产的损失；发现上当受骗及时保留相关证据并报警，通过司法途径维护自身合法权益。 遭遇“杀猪盘”后，王枚发现身边没人能理解自己，大多数情况下只能自己去消化那些不良情绪。她期待能多一些针对受害人的心理辅导，“很多受害人知道自己被骗的那一刻都是受不了的，有些会采取极端的做法。” “遭受情感诈骗后，很多人短时间内很难走出来，需要很长时间去修复。”在访谈中，向静观察到，被“杀猪盘”诈骗的受害者尤其需要心理支持。她建议，可由相关部门开设公益心理咨询室，邀请专业心理咨询师帮助他们理解并有效管理负面情绪，重新修复行为认知，建立积极的自我形象和自尊心，重建对他人和社会的信任，重拾人生价值感。 中青报·中青网见习记者 吴欣宇 记者 黄冲,4377,https://www.chinanews.com.cn/sh/2024/05-07/10212267.shtml,婚恋;恋爱;相亲;单身;对象
China News Service,2024/5/7,诉讼调解离婚无法登记为“离婚”？法院判决婚姻登记机关更正信息,中新网 南京5月7日电 (记者 朱晓颖)诉讼调解离婚，却无法登记为“离婚”？法院判决婚姻登记机关更正信息。7日，江苏省高级人民法院在南京召开发布会，公布2023年度行政审判十大典型案例。周某诉某区民政局、某市民政局更正婚姻登记信息及行政复议案便是其中一个案例。 在该案件中，周某经法院诉讼调解离婚，在线上办理公积金事项时，发现婚姻登记信息显示为“已婚”，无法线上办理相关业务。周某遂向某区民政局提出申请，要求将婚姻登记系统中的婚姻信息更正为“离婚”。某区民政局认为，只有在婚姻登记机关办理的离婚登记信息才能在婚姻登记系统中共享，涉及法院判决、调解等离婚信息的处理不属于其职责范围，遂告知周某无法为其更正婚姻登记信息。周某不服向某市民政局申请行政复议，该局未予支持。周某提起诉讼，请求撤销某市民政局作出的行政复议决定，责令某区民政局履行法定职责，将婚姻登记系统中的婚姻信息更正为“离婚”。 南京江北新区法院认为，对婚姻事务的管理是某区民政局的法定职责，对婚姻档案的管理则是婚姻事务管理的内容之一。当下，婚姻档案的形式不仅包括纸质档案，还包括信息化条件下的婚姻登记电子信息档案。当周某发现婚姻登记系统显示的婚姻信息有误，持法院生效文书申请某区民政局予以更正时，某区民政局作为婚姻事务的管理机关，具有对周某的婚姻信息进行处理的法定职责。因其未对周某的申请作出处理，法院经审理判决撤销某市民政局作出的行政复议决定，并责令某区民政局按照法院生效文书对周某的婚姻信息采取更正措施。某市民政局不服提起上诉。南京中院认为，周某的婚姻登记档案信息属于周某的个人信息，依法应受法律保护，周某经法院调解离婚后，其个人婚姻信息已经发生变化，且法院已将该案件信息共享至某区民政局，故某区民政局收到周某的申请后，应及时对周某的婚姻登记信息采取更正措施，其对周某的申请未予处理，构成不履行法定职责。南京中院判决驳回上诉，维持原判。 根据法律规定，公民既可以向婚姻登记机关申请离婚，也可以向法院提起离婚诉讼解除婚姻关系。 法官认为，数字政府建设背景下，婚姻登记机关具有对公民婚姻登记信息进行归集、整合、共享的法定职责。法院判决或者调解离婚后，当事人的婚姻信息发生变化，行政机关应及时归集、整合、共享相关信息，以确保公民婚姻信息的真实性、准确性、完整性。 法官认为，该案以数字政府建设为背景，厘清了婚姻登记机关对公民婚姻登记信息数据进行归集、整合等管理职责，明确了当事人依据生效法律文书申请更正婚姻信息时，婚姻登记机关应当依法办理的规则，推动婚姻登记机关对协议离婚、诉讼离婚产生的婚姻信息进行共享，打破数据壁垒，引导行政机关及时回应信息化社会发展中行政相对人的合理诉求，有效保障人民群众共享数字红利。(完),1136,https://www.chinanews.com.cn/sh/2024/05-07/10212515.shtml,婚姻登记;婚姻;离婚
China News Service,2024/5/8,多管齐下，让彩礼回归“礼”的本质,刚刚过去的“五一”假期，不少新人趁着小长假举办婚礼。彩礼话题，尤其农村高额彩礼现象又成为了舆论场中的热点。 “男女无媒不交，无帛不相见”，这是《礼记》中对彩礼的表述。源于传统婚俗中的“三书六礼”，彩礼本身蕴含着两个家庭对婚姻的重视和美好祝愿。然而近些年来在一些地方，彩礼被异化成一种衡量爱情的筹码，只重“财”不讲“礼”。远超家庭正常开支的彩礼，给很多家庭造成了沉重负担，也给婚姻埋下了不稳定因素，甚至滋生违法犯罪。 彩礼问题，不仅是关乎婚姻幸福的小事，也是关乎社会和谐的大事。从2019年中央一号文件首次点名“天价彩礼”，到2024年，中央一号文件已经五次提出相关工作要求；民政部先后确定32个全国婚俗改革实验区，倡导简约适度婚俗礼仪；全国妇联在全国确定64个移风易俗工作试点，探索立足妇联职能优势、推进移风易俗的有效模式；去年12月，最高人民法院、民政部、全国妇联联合举行“推进移风易俗，治理高额彩礼”新闻发布会，发布涉彩礼纠纷典型案例……从中央到地方，各级各部门采取一系列措施，积极倡导移风易俗，就是要为婚姻“减负”，让彩礼回归“礼”的本质。 这显然是一项长期性、持续性工作。破解高额彩礼之痛，离不开政策的柔性宣教，亦离不开司法的刚性约束。比如，民法典第一千零四十二条规定，“禁止包办、买卖婚姻和其他干涉婚姻自由的行为。禁止借婚姻索取财物。”又比如今年2月正式施行的《最高人民法院关于审理涉彩礼纠纷案件适用法律若干问题的规定》，除了再次强调“禁止借婚姻索取财物”，还对彩礼的认定范围、返还规则、诉讼主体等作了进一步明确规定。司法部门统一裁判尺度、明确裁判规则，对于治理婚俗领域的不正之风，无疑具有“定分止争”的积极意义。连月来，北京、湖北仙桃、陕西富平等多地不断公布适用“彩礼新规”的案件，围绕各类借婚姻索取财物的不当行为，以案释法、以案说理，传递出依法治理高价彩礼的明确信号。 高额彩礼，从来都不是婚姻美满的“保证书”，反而可能成为幸福的“紧箍咒”。近年来，从职能部门制定指导意见、开展专项治理，到各地推进婚俗改革、强化村规民约，到最高人民法院发布典型案例、出台司法解释，在全社会的合力中，抵制高额彩礼的效果正在逐渐显现。但需要提醒的是，成风化俗非一日之功，培育新时代文明乡风、良好家风、淳朴民风，还需综合施策，谨防因急于求成而导致治理手段出现偏差。 让婚姻始于“爱”，需要男女双方真诚付出；让彩礼归于“礼”，则有赖于社会各界共同努力。自觉抵制高额彩礼，往小处说，是对美好婚姻的祝福，往大里说，也是对社会文明的守护。(羊城晚报) 【,1069,https://www.chinanews.com.cn/sh/2024/05-08/10212840.shtml,高价彩礼;天价彩礼;婚姻;彩礼;婚俗;婚礼
China News Service,2024/5/8,相亲族屡陷婚介甜蜜陷阱,掏几万元、十几万元购买套餐，却遭遇种种套路 踏进婚介机构的大门，在“红娘”花式“洗脑”下，掏出几万元甚至十几万元购买所谓的“婚介套餐”，但万万没想到的是，却在不知不觉中陷入“甜蜜的陷阱”。尽管“相人无数”，却屡屡遭遇相亲对象与约定相去甚远的情况。近段时间，不少市民向“新民帮侬忙”反映，面对婚介机构的种种套路，他们维权太难，常常是“哑巴吃黄连——有苦说不出”。 “花了15万元，竟是一场空！”36岁的周女士(化名)被“钻石婚恋”官网“专做中国高端婚恋服务”的宣传所吸引，于是就来到了上海钻石婚姻介绍所咨询。 得知她离异的情况后，销售顾问是“口若悬河”，声称相较别的婚介机构，“钻石婚恋”的会员准入门槛很高，尤其对男会员学历、财力等个人信息审核严格。“他们(婚介所)说得很美好，还给出了一大堆‘离异女会员顺利找到结婚对象’的案例，因此我也就糊里糊涂地选择了信任。” 当时，销售顾问反复承诺，“只要签约付费，我们就马上为你推荐合适的男方，合同期结束也继续服务，直到你满意！”犹豫再三后，周女士还是选择为“爱”付费，“‘钻石婚恋’服务费最低15万元，见我无力承担，对方松口降到10万元。”合同上约定的服务期限为6个月，引荐人选6位。 签约后，周女士开始接受“红娘”王女士提供的相亲配对服务，结果发现实际情况与签合同时所说的完全不一样，“第一位相亲对象真人与照片完全不符，后几位见的人更是敷衍了事，每次在婚介所和我聊几句话就走了，没有下文。”周女士讲，每次当她想了解相亲对象的基本情况时，红娘总是以保护男方隐私为由一口拒绝。 其间，周女士也多次向“红娘”提及“相亲对象‘不符约定’”的问题，但对方总是把责任直接推还给了周女士，称她“择偶观狭隘，不会聊天，留不住人”。与此同时，“红娘”仍不断怂恿周女士升级会员套餐：付费越多，服务越好，相亲对象的质量也能更高。“费用在30万元至50万元不等，如果资金不够，还能分期付款，很多人都是升级会员后找到了结婚对象。”“红娘”振振有词。 多次见面后，周女士意识到不对劲，向婚介机构要求退款。该公司以按合同条款已为她匹配6位男士为由拒绝退款，“他们说之前推荐不成功是因为我支付的服务费不够，只要升级套餐，保证成功。” 出于对婚姻的渴望，周女士又咬牙“加码”5万元。此后，婚介机构按合同约定要再给她匹配3位男士，但最终只给她安排了一位见面，后面再无任何推荐。在采访中，周女士哽咽道，她离异后独自抚养孩子，经济上原本就捉襟见肘，眼下生活更是“雪上加霜”。 记者与“钻石婚恋”的“红娘”王女士取得联系。她强调，周女士退费诉求已交由公司处理，而至于周女士对匹配对象及会员信息审核等的质疑，她不作任何解释。 那“钻石婚恋”收费依据是什么？记者以消费者名义致电该婚介公司。工作人员强调，公司团队不乏国家注册心理咨询师、资深红娘等“专业人士”，可以为会员婚恋之路“保驾护航”。“我们会根据个人需求定制不同服务，收费也不尽相同。” 而市民赵女士也有着和周女士一样的经历。她与上海一线缘婚姻介绍服务有限公司签订了婚介服务协议，支付了18800元。虽合同约定是推荐3名相亲对象，“红娘”甚至口口声声答应会为她介绍4位，但在实际相亲过程中，对方不仅没有做到“4对1”的服务，相亲对象的真实性也完全没有保障。“他们声称给我安排了一位‘离婚未育’的男士，见面后才发现他还有一个10岁的孩子。” 今年4月，市民张女士刷小红书看到交友信息，随即留了自己信息，紧接着一位自称是小红书后台安排的“牵手助理”联系她，“热情”告知“有符合你择偶要求的男士”，频繁邀请张女士到公司的线下门店“上海京城优恋婚姻介绍服务有限公司”面谈。“对方不断给我洗脑，诱导我贷款签约。”经过3个多小时的软磨硬泡，最后张女士通过花呗、信用卡等贷款了5万元。刚离开门店，她就想要退款，对方却说要扣30%的违约金。“服务还没开始就要扣我15000元，这完全不合理！”她坦言，事后在小红书上遇到许多和她同样遭遇的女性，“脱单不成，反倒背了一身债。”截至发稿前，张女士向记者反馈，在民政部门介入下，该婚介公司同意退费，但还是要收取5%的违约金。 记者调查发现，在12345市民服务热线及社交平台上，关于婚介机构的投诉居高不下。不少消费者指出，机构的套路主要为：线上引流到门店，线下“忽悠”签约，承诺与合同不符，退款要收高额违约金。 上海兰迪律师事务所律师曹慧聪告诉记者，互联网婚介平台快速发展，市场规模越来越大，伴随而生了一系列问题，很多平台存在捏造虚拟信息诱导消费者、收取高价会员费但服务质量差、网站大量虚假账号、泄露消费者隐私，甚至还有一些平台盗用知名人士的照片发布征婚帖、发布低俗色情信息等现象。这许多问题对寻求婚恋服务的消费者造成了经济损失和心理伤害。 “如果消费者事后主张平台涉嫌欺诈行为，往往存在举证方面的困难。”曹慧聪表示，不少婚介平台利用消费者急于求成的心理，通过口头虚假承诺诱导消费者高消费、升级套餐，甚至安排“婚托”鱼目混珠，等到消费者发现问题后，又苦于没有实质性证据而无法伸张权益。 2023年3月，上海出台了《关于加强上海市婚姻介绍服务机构监管的指导意见》(试行)，文件明确要求婚介机构应当明示服务项目和收费标准，并提出对婚介机构抽查检查结果、处罚情况、失信行为进行公开、公示，公布投诉处置情况。 在曹慧聪看来，虽然经过相关部门的整治，取得了一定的成效，但是目前婚介机构侵犯消费者权益的情况仍然很多。她建议，相关部门加大对婚介机构的抽查、检查，重点对合同内容、服务记录、收费标准，联系消费者对婚介机构履行合同的情况进行抽查，针对婚介机构的欺诈性服务等违法经营行为，依法加大处罚力度，并加大公开力度，给消费者营造一个规范有序的婚姻介绍服务市场。 婚介机构乱象到底何时能休？消费者的权益又该如何得到保障？“新民帮侬忙”将持续关注。,2406,https://www.chinanews.com.cn/sh/2024/05-08/10213202.shtml,婚姻;结婚;离婚;婚恋;婚介;相亲;脱单;择偶;对象
People.cn,2024/5/8,新华网评：为彩礼“减负”，给爱情“加分”--观点--人民网,刚刚过去的“五一”假期，众多新人喜结连理。这本是人生中值得庆祝的美好时刻。然而，在有的地方，高价彩礼带来的却是沉重的负担，为这份喜悦蒙上了阴影。 深化婚俗改革，为彩礼“减负”为何这么难？原因是多方面的。比如，有些人将彩礼金额视为男方经济实力的象征，出于面子和攀比心理，索要、炫耀高价彩礼；有些人将彩礼的多少等同于对婚姻的重视程度。此外，一些经济条件欠发达的农村地区适婚女性较少，一些大龄单身男性及其家庭希望通过高价彩礼展示“竞争力”；有的家庭把彩礼看作家庭收入、养老补偿等的重要渠道。 在我国传统婚俗中，一定的聘礼是缔结婚姻的重要仪式，但今天的高价彩礼不同于聘礼，它往往压得人喘不过气，让不少年轻人望而生畏，强烈呼吁改革婚俗。 近年来，为遏制高价彩礼、深化婚俗改革，一些地方结合实际做出了有益探索，如制定彩礼限额标准、将限制高价彩礼等纳入村规民约、大力推广文明积分等奖励措施……因地制宜、有理有据展开宣传引导、营造良好氛围，让文明新风落地生根、开花结果，受到很多年轻人的欢迎。 为彩礼“减负”，也是给爱情“加分”。培育婚俗新风需要全社会共同努力，让婚姻始于爱情，让家庭更加幸福。,489,http://opinion.people.com.cn/n1/2024/0508/c1003-40231094.html,高价彩礼;婚姻;结婚;彩礼;婚俗;适婚;单身
People.cn,2024/5/8,河北平泉：彩礼“降温”为爱“减负”,为大力推进婚姻领域移风易俗，引领婚嫁新风尚，近日，河北省平泉市人民法院干警走进平泉汇勇新能源有限公司，开展“抵制高价彩礼 营造文明新风”主题法治宣讲活动。 活动中，法官助理化身为宣讲员，向参加活动的职工介绍了《最高人民法院关于审理涉彩礼纠纷案件适用法律若干问题的规定》。同时，结合审理的涉彩礼纠纷典型案例，对彩礼的认定范围、彩礼的返还情形等进行了详细解读，并就大家关心关注的热点问题进行现场答疑，引导在场职工树立正确的婚姻观、价值观，营造彩礼适度、婚姻自由的良好风尚。 文明风尚需要共同培育，婚嫁新风需要你我参与。接下来，平泉法院将深入城乡社区、企事业单位、“两新”组织持续开展抵制高价彩礼普法宣讲活动，倡导彩礼“降温”，为爱“减负”，让彩礼回归爱的本质。（崔国朝）,333,http://he.people.com.cn/n2/2024/0508/c192235-40836220.html,高价彩礼;婚姻;彩礼;婚嫁
CCTV,2024/5/9,媒婆费、彩礼费……想结个婚怎么就那么“费”劲,结婚本是一件喜庆的事，但一些地方因为存在高额彩礼、婚礼攀比、低俗婚闹等婚俗陋习，让寓意美满的婚礼变了味；一些地方还索要上车费、改口费、盖头费等名目繁多的费用，将婚嫁彩礼与婚姻中介费、媒婆介绍费挂钩，沉重的经济负担让不少家庭叫苦不迭。 举办婚礼、给与彩礼是自古有之的风俗习惯，适当的礼仪符合人们对美好婚姻生活的祝福。但不良婚嫁习俗则背离了爱情的初衷和婚姻的本质，容易引发攀比之风，触及道德和法律底线，影响社会和谐稳定。 为弘扬新风正气，引导公众自觉抵制不良婚嫁习俗，法治经纬版从今天起推出“抵制高额彩礼 倡导文明婚俗”专栏，敬请关注。 如果按照原计划，来自湖北武汉的邓先生现在已经和女友完婚了，没想到节奏被彩礼打乱了——女友的家人提出要30万元彩礼。 考虑到自己家境并不富裕，一下子拿不出30万元彩礼，而之前两人的感情一直很稳定，邓先生和女友商量降低彩礼数额，却遭到女友拒绝，理由是“她也没办法改变家人的决定”。 因彩礼谈崩导致恋人之间出现分歧甚至分手的，不只邓先生一人。近年来，高额彩礼问题越发受到社会关注，部分地区彩礼动辄十几万元甚至几十万元，不少年轻人直言负担不起，结不起婚。 《法治日报》记者近日采访发现，除高额彩礼外，漫天要价的“媒婆费”和名目繁多的“上车费”“下车费”“改口费”等，也在无形中让很多家庭背上沉重的经济负担。 多名受访专家指出，从相亲到结婚，各种高额费用成因复杂，又兼具伦理与法律的混合属性，因而对其有效治理，必须标本兼治，综合施策。但移风易俗，非一日之功，需循序渐进。 邓先生的女友是福建人，两人恋爱3年有余，双方约好在武汉定居。为了给女友一个幸福的家庭，邓先生在武汉贷款买了房。今年年初，双方开始讨论结婚事宜。 没想到，女友的家人提出要30万元彩礼，房子也要加上女友的名字，房子的装修费用可以由女方来出。 对于上述要求，邓先生没有立即同意。他认为，彩礼应该双方商量，充分考虑男方的经济条件。于是他向女友提出两个方案，一是提供30万元彩礼，女方得陪嫁30万元；二是提供彩礼10万元，不要陪嫁。 女友家人以“在老家结婚，彩礼都得30万元左右”为由不同意。如今，双方陷入了拉锯战。 “因为彩礼，婚礼遥遥无期，结个婚太难了。”邓先生很是无奈。 对于彩礼问题，记者采访了多位福建当地人，大家都说30万元彩礼是“正常水平”。来自福清市的于女士称，按福清当地的风俗习惯，在家庭条件还不错的情况下，彩礼最少要30万元，家庭条件不太好的可以先给一部分，剩下的之后补上。 来自江苏的乔先生也因彩礼问题焦头烂额。他的女友是浙江衢州人，结婚前，女友家人提出要28.8万元彩礼，且女方在当地办喜宴的费用由男方承担，这部分酒席钱需要预先提供给女方，按20万元计算。 “我准备了18.8万元彩礼，以为已经很高了，没想到女方要28.8万元。并且由男方承担回门宴费用一事，我也很不理解，可是在网上一搜，发现浙江衢州确实有这种习俗。”乔先生说，这样算下来，他要提供给女方的钱就是50万元，还不算房子、车子，以及要买的金银首饰，“压力实在太大了”。 来自衢州的李女士告诉记者，目前衢州部分地区彩礼最低是18.8万元，28.8万元的彩礼也很常见。一般这笔钱会留给新娘家，部分家庭会返给男方2.8万元、8.8万元不等的金额。 “按当地风俗，女方办酒席的钱由男方支付，这笔费用一般不会超过10万元，但如果女方亲戚比较多或要求酒店的档次比较高，费用就不一定了。”李女士说。 在厦门大学法学院副教授姜孝贤看来，随着社会的发展，特别是“婚姻自由、一夫一妻、男女平等婚姻制度”的确立，古已有之的彩礼原先具有的补偿性功能本应弱化，礼仪性功能应该增强。但现实情况在一些地方恰恰相反，人们更加注重彩礼的“财”的补偿性功能，逐渐淡忘其“礼”的象征性本质，从而破坏了现代婚姻制度下男女方关系的平等性，并大幅限制了男方婚姻的“自由度”。 北京隽永律师事务所主任张敬辉认为，出现高额彩礼主要有以下三方面原因：一是受“彩礼高代表嫁得好”的陈旧观念影响，有些女方为了面子，会要求男方给出不低于周边人的一个彩礼数目。 二是攀比心理作祟。部分地区将发达地区经济水平作为参考，向高彩礼地方或者家庭看齐，有的家庭希望通过高额彩礼改变家庭拮据的状况，人为抬高彩礼成本。 三是由于此前部分农村地区重男轻女思想严重，导致男女比例失调，加之当前愿意嫁到农村的女性数量少，加剧了城乡适婚男女比例失衡的问题，农村男性为了解决婚姻问题，不得不通过高价彩礼来吸引女方。在多种原因的共同作用下，发展出高价彩礼甚至天价彩礼。 “近年来频频出现的高价彩礼现象，不仅背离了爱情的初衷和婚姻的本质，导致婚姻的商品化、精神伦理关系的物质化，还引发内卷式攀比之风，不利于社会和谐稳定。”姜孝贤说。 记者在调查中发现，除彩礼外，近年来媒婆费用也在水涨船高，出现了如果男方支付的彩礼越多，媒婆抽成就越高的现象。 来自广东的陈女士就遇到了“天价媒婆费”。她和男友经媒婆介绍认识，二人恋爱后相处融洽，准备结婚。媒婆得知他们要结婚后，立即开口索要媒婆费。 “介绍时，媒婆说会根据彩礼多少来收费。男方彩礼给了10.8万元，媒婆要在里面抽2.8万元作为媒婆费。不仅如此，她还向我男朋友要5.8万元介绍费，两头收费。”陈女士说，总共8.6万元的媒婆费，一般人谁能付得起，收这么高的媒婆费合理吗？ 虽然心存质疑和不甘，但陈女士和男友担心举办婚礼时媒婆“找茬”，只好和对方商量着能不能少给一些费用。 无独有偶，来自福建的梁女士也遇到过“狮子大开口”的媒婆。 “通过媒婆，家人给我安排了相亲，看到照片后发现男方不是我喜欢的类型，便不太想赴约，结果媒婆不停地打电话催促，还说男方家境富裕，可以帮我要到100万元彩礼。如果成功了，她要从彩礼中抽取30万元作为媒婆费。”梁女士回忆说。 梁女士和家人很生气，拒绝了媒婆的介绍。梁女士的母亲说：“媒婆把彩礼和介绍费捆绑起来，要的彩礼越高费用就越高，这和‘卖女儿’有什么区别？！” 对于这类现象，姜孝贤认为，将彩礼和介绍费挂钩并不必然违法，关键要看彩礼给付双方当事人是否知情。 “如果婚介所、媒婆提供媒介服务时，明确和当事人约定给付彩礼的一部分作为介绍费，由于双方都基于意思自治，且这样的约定并不违背公序良俗，在这种情况下婚介所从彩礼中抽取一定比例金额作为介绍费是合法的。如果婚介所在提供媒介时所传递的彩礼金额数目不一致，如婚介所给男方传达女方要求30万元彩礼的信息，而实际女方只要求20万元彩礼。婚介所在收取中介费的情况下，又额外抽取了彩礼费用，那么其行为就涉嫌违法。”姜孝贤说。 业内专家指出，现实生活中，媒婆为未婚男女牵线搭桥，成就美好姻缘，本是助人为乐的好事，但如以此为名借机收取高额介绍费用，则违反了公序良俗原则，与社会主义核心价值观倡导的文明、法治、诚信相违背。 上车礼、下车礼、改口费等费用近年来也频频出现。 来自河南的叶女士将于今年下半年结婚，她给记者分享了自己制作的结婚支出明细表，上面写着上车礼、下车礼共2万元，改口费1万元。 “根据当地风俗，上车礼、下车礼由男方给，具体数额包括2万元、4万元、6万元、8万元、10万元。”叶女士说，这对于普通家庭来说是很有压力的，考虑到男友家境一般，除了彩礼外还要支付这笔费用不容易，最终双方协商给2万元。 上月完婚的山东临沂人丁女士在结婚时，收到男方父母给的改口红包10001元，取的是“万里挑一”的寓意。 丁女士介绍，改口费是“男女双方各一份”，丁女士的父母也会为男方准备同样数目的红包。婚礼中的红包支出一般都是“有来有回”的，相对不那么注重金额高低，会倾向于选寓意好的数字，带6和8的比较常见，也有选特殊含义的，比如9999元寓意“长长久久”。 “我结婚时没有收上车钱，亲戚们不乐意，要求男方必须给下车礼，否则就不让婚礼办下去。后来经过反复协商，男方同意补8800元的下车费。”丁女士说，对于月薪只有五六千元的打工人来说，这笔钱不是一笔小数目，需要省吃俭用几个月才能攒够。 来自江苏的陈女士结婚时，上车礼、下车礼各为6000元，女方家长支出改口费6000元，男方家长支出改口费4000元。此外，按男方习俗，结婚时女方需给男方父母叩头，陈女士收到叩头礼2000元。 姜孝贤认为，我国上车费和改口费等费用很多是从彩礼衍生出来的，具有一定的风俗习惯基础。如果仅需象征性支付适度的上车费和改口费，仍然是社会风俗，应当予以尊重。但如果上车费和改口费过高，则可能将该项习俗异化为女方索要高额钱财的“工具”，应当予以抵制。 “当下结婚费用主要包括购房首付、购车款、彩礼、订婚礼、三金礼等支出，不少年轻人及其家庭将购房和购车作为结婚前提条件，无形中大幅增加了费用。”张敬辉说，年轻人可以适当转变将买房买车作为结婚前提的心态，社会各界也要助力年轻人减轻“结婚高额费用的负担”，例如银行可以给新婚夫妇更低的贷款利率以及其他相关利好政策，经营发展好的企业也应承担起社会责任，给新婚员工一些补贴等。 为进一步推进移风易俗，加强新时代公民道德建设，形成良好社会风尚，促进婚姻幸福、家庭和谐，民政部于2020年5月印发《关于开展婚俗改革试点工作的指导意见》，强调积极倡导和推广体现优秀中华文化的传统婚礼，不断赋予时代内涵、丰富表现形式，为增强文化自信提供优质载体。开展对天价彩礼、铺张浪费、低俗婚闹、随礼攀比等不正之风的整治，建立健全长效机制，推进社会风气好转。 从2021年起，分两批次在全国确立32个婚俗改革实验区，指导各实验区在倡导简约适度婚俗礼仪、治理婚俗领域不正之风、培育文明健康婚俗文化等方面探索经验、打造样板。 各地民政部门也主动作为，确定了一大批不同层次的实验单位。截至2023年11月，全国共创建各类实验单位1806家，形成了国家、省、市、县层层抓婚俗改革的良好局面。 那么，实践中究竟怎样做才能更好地推进婚俗改革落地？ 张敬辉提出，要制定行业规范净化婚介市场，根治媒婆索要天价费用问题，同时探索建立公益婚介平台，提供公共服务，解决年轻人婚姻择偶难题。《最高人民法院关于审理涉彩礼纠纷案件适用法律若干问题的规定》（以下简称《规定》）已于今年2月1日起施行，其中再次重申禁止借婚姻索取财物。 “关于彩礼方面的问题，有关部门已经高度重视，但要给高价彩礼降温，还需要全社会共同努力。”张敬辉提议，在尊重地方传统婚俗的基础上，倡导树立健康婚俗新风，用好“最美家庭”“积分超市”等激励约束机制，激发移风易俗的内在动力。 姜孝贤说，关于高额彩礼及其抵制，在法律层面并无专门规范。民法典虽然规定禁止包办、买卖婚姻和其他干涉婚姻自由的行为，禁止借婚姻索取财物，但高额彩礼很难归类于买卖婚姻和借婚姻索取财物的范畴。《规定》也只是规定了不能借婚姻之名索取彩礼，但未对高价彩礼作出具体规定。不过在地方层面，已有关于抵制高价彩礼的立法，比如四川省凉山彝族自治州在2022年颁布施行了《凉山彝族自治州移风易俗条例》，当地有关部门根据该条例联合发文规定彩礼不得高于10万元，开展专项治理行动，取得良好社会效果。 姜孝贤认为，婚姻中各种不合理费用的治理既需要硬法守住底线，又需要运用软法来系统施策。就硬法制度设计而言，重点在于切实维护婚姻自由、男女平等的婚姻制度，禁止利用高额彩礼干涉婚姻自由，违背当事人意思自治截取礼金作为介绍费等行为，并综合运用民事、行政和刑事责任作保障。就软法制度设计而言，关键在于发挥各政党、团体、组织的调节作用。 “可以充分发挥村（居）民委员会、行业协会等对其成员具有较大影响力的组织的自律作用，鼓励其将抵制高价彩礼纳入村规民约、居民公约、组织章程中。要充分发挥广大党员的示范带头作用，做好亲戚、朋友、家人的思想工作，必要时可以通过党内法规对广大党员进行引导约束，夯实抵制高价彩礼的群众基础。同时，要加强宣传引导，传播婚事新办简办、‘低彩礼’‘零彩礼’典型案例和典型事迹，激励群众自觉践行文明新风。”姜孝贤说。,4897,https://news.cctv.com/2024/05/09/ARTIjBO65VPCdQE3MlA00Crk240509.shtml,高价彩礼;天价彩礼;婚姻;结婚;彩礼;婚俗;婚嫁;适婚;婚介;恋爱;相亲;择偶;恋人;婚礼
China News Service,2024/5/9,媒婆费双头收、彩礼费数十万……想结婚怎么那么“费”劲,媒婆费双头收 彩礼费动辄数十万 还有上车费下车费改口费 结婚本是一件喜庆的事，但一些地方因为存在高额彩礼、婚礼攀比、低俗婚闹等婚俗陋习，让寓意美满的婚礼变了味；一些地方还索要上车费、改口费、盖头费等名目繁多的费用，将婚嫁彩礼与婚姻中介费、媒婆介绍费挂钩，沉重的经济负担让不少家庭叫苦不迭。 举办婚礼、给与彩礼是自古有之的风俗习惯，适当的礼仪符合人们对美好婚姻生活的祝福。但不良婚嫁习俗则背离了爱情的初衷和婚姻的本质，容易引发攀比之风，触及道德和法律底线，影响社会和谐稳定。 为弘扬新风正气，引导公众自觉抵制不良婚嫁习俗，法治经纬版从今天起推出“抵制高额彩礼 倡导文明婚俗”专栏，敬请关注。 如果按照原计划，来自湖北武汉的邓先生现在已经和女友完婚了，没想到节奏被彩礼打乱了——女友的家人提出要30万元彩礼。 考虑到自己家境并不富裕，一下子拿不出30万元彩礼，而之前两人的感情一直很稳定，邓先生和女友商量降低彩礼数额，却遭到女友拒绝，理由是“她也没办法改变家人的决定”。 因彩礼谈崩导致恋人之间出现分歧甚至分手的，不只邓先生一人。近年来，高额彩礼问题越发受到社会关注，部分地区彩礼动辄十几万元甚至几十万元，不少年轻人直言负担不起，结不起婚。 《法治日报》记者近日采访发现，除高额彩礼外，漫天要价的“媒婆费”和名目繁多的“上车费”“下车费”“改口费”等，也在无形中让很多家庭背上沉重的经济负担。 多名受访专家指出，从相亲到结婚，各种高额费用成因复杂，又兼具伦理与法律的混合属性，因而对其有效治理，必须标本兼治，综合施策。但移风易俗，非一日之功，需循序渐进。 邓先生的女友是福建人，两人恋爱3年有余，双方约好在武汉定居。为了给女友一个幸福的家庭，邓先生在武汉贷款买了房。今年年初，双方开始讨论结婚事宜。 没想到，女友的家人提出要30万元彩礼，房子也要加上女友的名字，房子的装修费用可以由女方来出。 对于上述要求，邓先生没有立即同意。他认为，彩礼应该双方商量，充分考虑男方的经济条件。于是他向女友提出两个方案，一是提供30万元彩礼，女方得陪嫁30万元；二是提供彩礼10万元，不要陪嫁。 女友家人以“在老家结婚，彩礼都得30万元左右”为由不同意。如今，双方陷入了拉锯战。 “因为彩礼，婚礼遥遥无期，结个婚太难了。”邓先生很是无奈。 对于彩礼问题，记者采访了多位福建当地人，大家都说30万元彩礼是“正常水平”。来自福清市的于女士称，按福清当地的风俗习惯，在家庭条件还不错的情况下，彩礼最少要30万元，家庭条件不太好的可以先给一部分，剩下的之后补上。 来自江苏的乔先生也因彩礼问题焦头烂额。他的女友是浙江衢州人，结婚前，女友家人提出要28.8万元彩礼，且女方在当地办喜宴的费用由男方承担，这部分酒席钱需要预先提供给女方，按20万元计算。 “我准备了18.8万元彩礼，以为已经很高了，没想到女方要28.8万元。并且由男方承担回门宴费用一事，我也很不理解，可是在网上一搜，发现浙江衢州确实有这种习俗。”乔先生说，这样算下来，他要提供给女方的钱就是50万元，还不算房子、车子，以及要买的金银首饰，“压力实在太大了”。 来自衢州的李女士告诉记者，目前衢州部分地区彩礼最低是18.8万元，28.8万元的彩礼也很常见。一般这笔钱会留给新娘家，部分家庭会返给男方2.8万元、8.8万元不等的金额。 “按当地风俗，女方办酒席的钱由男方支付，这笔费用一般不会超过10万元，但如果女方亲戚比较多或要求酒店的档次比较高，费用就不一定了。”李女士说。 在厦门大学法学院副教授姜孝贤看来，随着社会的发展，特别是“婚姻自由、一夫一妻、男女平等婚姻制度”的确立，古已有之的彩礼原先具有的补偿性功能本应弱化，礼仪性功能应该增强。但现实情况在一些地方恰恰相反，人们更加注重彩礼的“财”的补偿性功能，逐渐淡忘其“礼”的象征性本质，从而破坏了现代婚姻制度下男女方关系的平等性，并大幅限制了男方婚姻的“自由度”。 北京隽永律师事务所主任张敬辉认为，出现高额彩礼主要有以下三方面原因：一是受“彩礼高代表嫁得好”的陈旧观念影响，有些女方为了面子，会要求男方给出不低于周边人的一个彩礼数目。 二是攀比心理作祟。部分地区将发达地区经济水平作为参考，向高彩礼地方或者家庭看齐，有的家庭希望通过高额彩礼改变家庭拮据的状况，人为抬高彩礼成本。 三是由于此前部分农村地区重男轻女思想严重，导致男女比例失调，加之当前愿意嫁到农村的女性数量少，加剧了城乡适婚男女比例失衡的问题，农村男性为了解决婚姻问题，不得不通过高价彩礼来吸引女方。在多种原因的共同作用下，发展出高价彩礼甚至天价彩礼。 “近年来频频出现的高价彩礼现象，不仅背离了爱情的初衷和婚姻的本质，导致婚姻的商品化、精神伦理关系的物质化，还引发内卷式攀比之风，不利于社会和谐稳定。”姜孝贤说。 记者在调查中发现，除彩礼外，近年来媒婆费用也在水涨船高，出现了如果男方支付的彩礼越多，媒婆抽成就越高的现象。 来自广东的陈女士就遇到了“天价媒婆费”。她和男友经媒婆介绍认识，二人恋爱后相处融洽，准备结婚。媒婆得知他们要结婚后，立即开口索要媒婆费。 “介绍时，媒婆说会根据彩礼多少来收费。男方彩礼给了10.8万元，媒婆要在里面抽2.8万元作为媒婆费。不仅如此，她还向我男朋友要5.8万元介绍费，两头收费。”陈女士说，总共8.6万元的媒婆费，一般人谁能付得起，收这么高的媒婆费合理吗？ 虽然心存质疑和不甘，但陈女士和男友担心举办婚礼时媒婆“找茬”，只好和对方商量着能不能少给一些费用。 无独有偶，来自福建的梁女士也遇到过“狮子大开口”的媒婆。 “通过媒婆，家人给我安排了相亲，看到照片后发现男方不是我喜欢的类型，便不太想赴约，结果媒婆不停地打电话催促，还说男方家境富裕，可以帮我要到100万元彩礼。如果成功了，她要从彩礼中抽取30万元作为媒婆费。”梁女士回忆说。 梁女士和家人很生气，拒绝了媒婆的介绍。梁女士的母亲说：“媒婆把彩礼和介绍费捆绑起来，要的彩礼越高费用就越高，这和‘卖女儿’有什么区别？！” 对于这类现象，姜孝贤认为，将彩礼和介绍费挂钩并不必然违法，关键要看彩礼给付双方当事人是否知情。 “如果婚介所、媒婆提供媒介服务时，明确和当事人约定给付彩礼的一部分作为介绍费，由于双方都基于意思自治，且这样的约定并不违背公序良俗，在这种情况下婚介所从彩礼中抽取一定比例金额作为介绍费是合法的。如果婚介所在提供媒介时所传递的彩礼金额数目不一致，如婚介所给男方传达女方要求30万元彩礼的信息，而实际女方只要求20万元彩礼。婚介所在收取中介费的情况下，又额外抽取了彩礼费用，那么其行为就涉嫌违法。”姜孝贤说。 业内专家指出，现实生活中，媒婆为未婚男女牵线搭桥，成就美好姻缘，本是助人为乐的好事，但如以此为名借机收取高额介绍费用，则违反了公序良俗原则，与社会主义核心价值观倡导的文明、法治、诚信相违背。 上车礼、下车礼、改口费等费用近年来也频频出现。 来自河南的叶女士将于今年下半年结婚，她给记者分享了自己制作的结婚支出明细表，上面写着上车礼、下车礼共2万元，改口费1万元。 “根据当地风俗，上车礼、下车礼由男方给，具体数额包括2万元、4万元、6万元、8万元、10万元。”叶女士说，这对于普通家庭来说是很有压力的，考虑到男友家境一般，除了彩礼外还要支付这笔费用不容易，最终双方协商给2万元。 上月完婚的山东临沂人丁女士在结婚时，收到男方父母给的改口红包10001元，取的是“万里挑一”的寓意。 丁女士介绍，改口费是“男女双方各一份”，丁女士的父母也会为男方准备同样数目的红包。婚礼中的红包支出一般都是“有来有回”的，相对不那么注重金额高低，会倾向于选寓意好的数字，带6和8的比较常见，也有选特殊含义的，比如9999元寓意“长长久久”。 “我结婚时没有收上车钱，亲戚们不乐意，要求男方必须给下车礼，否则就不让婚礼办下去。后来经过反复协商，男方同意补8800元的下车费。”丁女士说，对于月薪只有五六千元的打工人来说，这笔钱不是一笔小数目，需要省吃俭用几个月才能攒够。 来自江苏的陈女士结婚时，上车礼、下车礼各为6000元，女方家长支出改口费6000元，男方家长支出改口费4000元。此外，按男方习俗，结婚时女方需给男方父母叩头，陈女士收到叩头礼2000元。 姜孝贤认为，我国上车费和改口费等费用很多是从彩礼衍生出来的，具有一定的风俗习惯基础。如果仅需象征性支付适度的上车费和改口费，仍然是社会风俗，应当予以尊重。但如果上车费和改口费过高，则可能将该项习俗异化为女方索要高额钱财的“工具”，应当予以抵制。 “当下结婚费用主要包括购房首付、购车款、彩礼、订婚礼、三金礼等支出，不少年轻人及其家庭将购房和购车作为结婚前提条件，无形中大幅增加了费用。”张敬辉说，年轻人可以适当转变将买房买车作为结婚前提的心态，社会各界也要助力年轻人减轻“结婚高额费用的负担”，例如银行可以给新婚夫妇更低的贷款利率以及其他相关利好政策，经营发展好的企业也应承担起社会责任，给新婚员工一些补贴等。 为进一步推进移风易俗，加强新时代公民道德建设，形成良好社会风尚，促进婚姻幸福、家庭和谐，民政部于2020年5月印发《关于开展婚俗改革试点工作的指导意见》，强调积极倡导和推广体现优秀中华文化的传统婚礼，不断赋予时代内涵、丰富表现形式，为增强文化自信提供优质载体。开展对天价彩礼、铺张浪费、低俗婚闹、随礼攀比等不正之风的整治，建立健全长效机制，推进社会风气好转。 从2021年起，分两批次在全国确立32个婚俗改革实验区，指导各实验区在倡导简约适度婚俗礼仪、治理婚俗领域不正之风、培育文明健康婚俗文化等方面探索经验、打造样板。 各地民政部门也主动作为，确定了一大批不同层次的实验单位。截至2023年11月，全国共创建各类实验单位1806家，形成了国家、省、市、县层层抓婚俗改革的良好局面。 那么，实践中究竟怎样做才能更好地推进婚俗改革落地？ 张敬辉提出，要制定行业规范净化婚介市场，根治媒婆索要天价费用问题，同时探索建立公益婚介平台，提供公共服务，解决年轻人婚姻择偶难题。《最高人民法院关于审理涉彩礼纠纷案件适用法律若干问题的规定》(以下简称《规定》)已于今年2月1日起施行，其中再次重申禁止借婚姻索取财物。 “关于彩礼方面的问题，有关部门已经高度重视，但要给高价彩礼降温，还需要全社会共同努力。”张敬辉提议，在尊重地方传统婚俗的基础上，倡导树立健康婚俗新风，用好“最美家庭”“积分超市”等激励约束机制，激发移风易俗的内在动力。 姜孝贤说，关于高额彩礼及其抵制，在法律层面并无专门规范。民法典虽然规定禁止包办、买卖婚姻和其他干涉婚姻自由的行为，禁止借婚姻索取财物，但高额彩礼很难归类于买卖婚姻和借婚姻索取财物的范畴。《规定》也只是规定了不能借婚姻之名索取彩礼，但未对高价彩礼作出具体规定。不过在地方层面，已有关于抵制高价彩礼的立法，比如四川省凉山彝族自治州在2022年颁布施行了《凉山彝族自治州移风易俗条例》，当地有关部门根据该条例联合发文规定彩礼不得高于10万元，开展专项治理行动，取得良好社会效果。 姜孝贤认为，婚姻中各种不合理费用的治理既需要硬法守住底线，又需要运用软法来系统施策。就硬法制度设计而言，重点在于切实维护婚姻自由、男女平等的婚姻制度，禁止利用高额彩礼干涉婚姻自由，违背当事人意思自治截取礼金作为介绍费等行为，并综合运用民事、行政和刑事责任作保障。就软法制度设计而言，关键在于发挥各政党、团体、组织的调节作用。 “可以充分发挥村(居)民委员会、行业协会等对其成员具有较大影响力的组织的自律作用，鼓励其将抵制高价彩礼纳入村规民约、居民公约、组织章程中。要充分发挥广大党员的示范带头作用，做好亲戚、朋友、家人的思想工作，必要时可以通过党内法规对广大党员进行引导约束，夯实抵制高价彩礼的群众基础。同时，要加强宣传引导，传播婚事新办简办、‘低彩礼’‘零彩礼’典型案例和典型事迹，激励群众自觉践行文明新风。”姜孝贤说。(法治日报 记者 韩丹东 实习生 刘洁) 【,4947,https://www.chinanews.com.cn/sh/2024/05-09/10213458.shtml,高价彩礼;天价彩礼;婚姻;结婚;彩礼;婚俗;婚嫁;适婚;婚介;恋爱;相亲;择偶;恋人;婚礼
CCTV,2024/5/10,湖南高院直播集中执行“退还彩礼”,近日，湖南省高级人民法院直播集中执行退彩礼案件，引发网友关注。其中一起案件中，一名上海男子与宁乡一女子见面三次即闪婚，婚后未共同生活，法院判决女子返还彩礼25万余元，女子不执行被拘留15天。法院相关工作人员表示，希望通过直播对于彩礼进行普法宣传，倡导健康、节俭、文明的婚嫁之风，遏制高价彩礼情况的发生。 5月8日，湖南省高级人民法院直播集中执行退彩礼案件，当天共执行5起退彩礼案件，其中一起案件女子拒绝退还20余万彩礼被司法拘留案件引发网友热议。 该案件当事男子车先生对北京青年报记者说，他和女方仅见面三次就领了结婚证。车先生是上海人，2021年7月，车先生在长沙旅游时和王女士结识。之后两人成为了网友，经常在一起打游戏。2023年3月、4月，车先生和王女士见面两次，5月两人就登记领证了。在登记前，按照王女士的要求，他给了对方18.8万元的彩礼，还买了黄金项链、手镯、钻戒和一个2.6万元路易威登的包。车先生说，王女士当时看起来特别好，也特别单纯，车先生很喜欢对方。婚后，两人只见面两次，没有共同生活过，因为女方要求男方装修好位于上海的房子后再来上海生活。装修完后女方又表示不愿意来上海，两人发生了争执。之后，女方就提出了离婚。2024年8月，车先生起诉离婚。 车先生称，在婚前女方就经常跟他借钱、要钱，一开始是买个游戏皮肤这种小钱，后来就是两千、四千地借钱。借钱时女方保证会还钱，还了两次后取得了车先生的信任。而在婚后，女方更经常要钱买东西，甚至女方的家人也会跟他要钱，充电费、买东西等等。而且在婚后，车先生才知道女方有一个两三岁的孩子。 车先生介绍，法院在2023年11月份判决双方离婚，要求女方返还彩礼25万余元。女方一直没有还钱，因为对女方还有爱恋，所以他提出了复婚，彩礼就不追究了。女方表示同意，二人协商到今年元宵节前女方到上海。可等到元宵节，女方又食言了。在这期间，车先生以复婚为目的又给女方转了十余万元。 车先生表示，他从去年到现在累计为女方花费了50万元左右。今年3月份他向法院申请了恢复执行。 登记结婚后仍居住在两地 原、被告仅见面两次 北京青年报记者在双方离婚判决书上看到，婚前原告车先生共计向女方转账208993元，除明显具有特殊含义的转账“5200元”“1314元”“520元”外，其余款项共计200645元应认定为彩礼。登记结婚前一日原告共计花费77787.9元为被告购买的黄金项链、钻戒、手镯、路易威登品牌包亦符合婚礼习俗中对于彩礼的一般认知，也应当认定为彩礼。 原、被告婚前共同生活时间短，登记结婚后仍生活、居住在两地，仅见面两次，对于后续生活未形成一致规划，没有形成完整的家庭共同体和稳定的生活状态，不宜认定为已经有稳定的共同生活，且从原、被告的微信聊天记录可以看出，被告并无与原告共同生活的规划，对婚姻视同儿戏，故对原告要求被告退还彩礼200645元的诉讼请求，法院予以支持。因案涉黄金项链、钻戒、手镯已被被告典当，故应当由被告折价返还原告52187.9元，并将案涉路易威登品牌包原物退还给原告。 在5月8日的直播中，王女士表示没有钱，彩礼钱都已经花完了，东西也当了，她现在也没有工作。之后，王女士被法院工作人员带走。 车先生的律师赵红玲对北青报记者介绍，强制执行当天，他们抱着金额上可以减少，时间上可以分期的想法想和女方进行和解，但女方一直是没有钱、还不了的态度，双方没能达成和解。在申请执行前，男方申请了诉前保全，冻结了女方账户中的3万余元，在女方家中找到一条黄金项链，折抵2万元左右。目前总计执行了5万元。 赵律师表示，车先生以复婚为目的为女方转账十余万元，已另起诉，法院已经立案。赵律师介绍，车先生收入不算很高，在上海税后8000元左右，为了付彩礼，借了20万元的网贷。 法院表示直播执行过程 加强彩礼案件普法宣传 昨日，北京青年报记者从宁乡市人民法院了解到，王女士被司法拘留15天。相关工作人员介绍，当天5起案件中有2人被司法拘留，一起案件当场执行到位，一起案件达成和解协议，以每月还4000元的形式执行。另外还有一起案件的执行款执行了一半。上门强制执行取得了一定的效果。 针对车先生的案件，法院工作人员表示，这起案件的执行确实有难度，女方没有大吵大闹，也没有不配合，但就是说没有钱。女方家庭环境特殊，没有工作，还有一个孩子要照顾。法院已冻结了她名下的账户，只有3万多元，后续还需大力跟进。 至于直播，工作人员表示，过去开展过强制执行案件的直播，比较受关注。关于退彩礼案件的直播是该院首次通过湖南高院的平台进行直播。法院的初衷是为了做好彩礼的普法宣传。 今年2月1日起，《最高人民法院关于审理涉彩礼纠纷案件适用法律若干问题的规定》正式施行。彩礼作为我国传统婚嫁习俗，有广泛的社会文化基础。但是，超出家庭正常开支的彩礼成为很多家庭的沉重负担，在婚龄较短的情况下，造成双方利益失衡，彩礼纠纷数量增多。针对这一问题，法院应根据诚实信用原则，予以适当调整，妥善平衡双方利益。甚至有些人借彩礼之名行诈骗之实，严重损害彩礼给付方合法权益，司法更应坚决予以打击。宁乡法院也是希望通过这类案件的普法宣传营造健康、节俭、文明的乡风、婚嫁新风，遏制高价彩礼情况的发生。,2147,https://news.cctv.com/2024/05/10/ARTIfvWmDpjnqIIGl9pzqglp240510.shtml,高价彩礼;婚姻;结婚;离婚;彩礼;婚嫁;复婚;婚龄;闪婚;婚礼
China News Service,2024/5/10,民政部：截至3月底，全国累计办理“跨省”婚姻登记302270对,中新网 5月10日电 民政部10日举行2024年第二季度例行新闻发布会。民政部新闻发言人武增锋通报今年一季度民政重点业务工作进展，民政事业发展整体平稳有序，各项工作取得新进展新成效。 民生兜底保障方面。指导各地贯彻落实国务院办公厅转发民政部等单位《关于加强低收入人口动态监测做好分层分类社会救助工作的意见》，目前已有19个省份出台配套文件或落实措施，全国低收入人口动态监测平台监测对象达到8015万人。会同有关部门印发进一步做好最低生活保障标准确定调整工作的政策文件，指导各地科学合理确定低保标准。指导各地精心组织开展春节“送温暖”活动，及时、足额发放救助保障资金。春节期间，各地累计为困难群众发放一次性生活补贴30.8亿元，惠及1160万人。 社会组织管理方面。召开2024年全国社会组织登记管理工作电视电话会议。出台《社会组织名称管理办法》，扎实开展中央财政支持社会组织参与社会服务项目，持续推进社会组织乡村振兴结对帮扶和援藏援疆工作。部署开展民政部登记的全国性社会团体、民办非企业单位、国际性社会团体、外国商会2023年度检查工作。改版中国社会组织政务服务平台，加强监管信息动态发布。依法开展执法监督，对新华青少年儿童食品质量研究发展中心作出撤销登记处理，对光彩养老事业促进中心等作出警告的行政处罚。依法查处社会组织违法违规行为，常态化推进打击整治非法社会组织相关工作。 区划地名管理服务方面。制定出台《地名管理条例实施办法》，做好地名备案公告工作，一季度全国共备案地名1.6万余个。联合央视频制作推出地名文化故事系列短视频，弘扬中华优秀地名文化。参加联合国地名专家组会议，介绍我国地名工作成果和经验。举办全国“乡村著名行动”培训班，指导各地深入落实乡村地名命名设标、文化保护、采集上图、利农惠农等重点任务。开展京津线、冀辽线等14条省级行政区域界线联合检查，组织吉林、黑龙江等7省(区)开展省界界桩更换。完成2023年平安中国建设边界专项考评工作。 社会事务管理方面。召开流浪乞讨人员救助管理工作部际联席会议，部署开展救助管理区域性中心试点工作，指导各地持续做好“寒冬送温暖”专项救助行动。联合有关部门印发《关于做好2024年清明节祭扫工作的通知》，确保清明节祭扫工作安全文明有序。持续做好内地居民婚姻登记“跨省通办”试点工作，截至3月底，全国累计办理“跨省”婚姻登记302270对。持续加强残疾人两项补贴资金发放监管，两项补贴制度分别惠及1183.6万困难残疾人、1592.7万重度残疾人。深入开展“精康融合行动”，促进精神障碍患者回归家庭和融入社会。指导各地深入实施“十四五”规划102项重大工程精神卫生福利设施建设项目，召开加快发展康复辅助器具产业部际联席会议第七次全体会议，启动加快发展康复辅助器具产业第二批国家综合创新试点评估工作。 老龄工作方面。认真贯彻落实全国老龄委第一次全体会议精神，协调印发全国老龄委工作规则、各成员单位工作职责，推动构建老龄工作齐抓共管的工作格局。研究制定全国老龄委2024年工作要点，部署6方面36项具体任务。会同有关成员单位组织实施老年助餐服务持续推进行动、特殊困难老年人家庭适老化改造行动、法律服务助老护老行动、银龄行动等“四大行动”。联合交通运输部等部门出台《关于进一步加强适老化无障碍出行服务工作的通知》，联合广电总局等部门评选并公布2023年度全国敬老养老助老公益广告作品44部，积极推进老年友好型社会建设。 养老服务发展方面。联合国家数据局印发《关于组织开展基本养老服务综合平台试点的通知》并组织申报工作。持续实施中央财政支持经济困难失能老年人集中照护工作。会同财政部组织开展2024年居家和社区基本养老服务提升项目评审工作，公示拟入选地区名单；完成2022年项目成果验收，并持续抓好2023年项目组织实施。指导各地结合实际进一步细化实化发展老年助餐服务的落实措施。联合国家发展改革委等部门印发《关于加强养老机构预收费监管的指导意见》。加快全国养老服务信息系统建设，督促各地应用新版系统。 儿童福利保障方面。健全完善儿童福利相关政策法规，会同相关部门制定出台收养相关政策文件。组织召开儿童福利机构安全管理暨档案信息化建设推进视频会，持续开展儿童福利机构“精准化管理 精细化服务”质量提升行动。推动建立流动儿童和留守儿童统计监测制度，研究制定加强流动儿童关爱保护行动方案。截至目前，集中养育孤儿和社会散居孤儿基本生活平均保障标准分别为1928.3元/人·月和1478.4元/人·月，同比分别增长5.3%、6.5%。 慈善事业促进方面。组织召开全国慈善工作电视电话会议，总结2023年慈善工作，部署2024年重点任务。贯彻落实新修改的慈善法，启动相关配套政策的制定(修订)工作。继续实施“阳光慈善”工程，强化慈善组织和慈善活动监管，持续提升慈善事业公信力。截至目前，全国现有慈善组织14791家，全国已备案慈善信托1762单，信托财产总规模逾71.4亿元。 【,2057,https://www.chinanews.com.cn/gn/2024/05-10/10214385.shtml,婚姻登记;婚姻;对象
China News Service,2024/5/10,结婚“花式负担”要纳入移风易俗改革,近年来，高额彩礼问题越发受到社会关注，部分地区彩礼动辄十几万元甚至几十万元，不少年轻人直言负担不起，结不起婚。除高额彩礼外，漫天要价的“媒婆费”和名目繁多的“上车费”“下车费”“改口费”等，也在无形中让很多家庭背上了沉重的经济负担。(5月9日《法治日报》) 针对高价彩礼问题，从中央到地方，通过部署移风易俗改革，取得一定效果。但不少地方的彩礼仍然少则十几万元，多则几十万元，导致部分恋人之间出现分歧甚至分手，让彩礼归于“礼”任重而道远。实际上，除高额彩礼外，各地还存在程度不同的与结婚有关的“花式收费”，加重了农村年轻人的结婚负担。 譬如，要求男方在县城买房、买车，也成为不少农村地区的习俗。就结婚当天而言，除了要承担办酒席的费用，如报道中所披露的，男方还要支付“媒婆费”“上车费”“下车费”“改口费”“盖头费”等费用，总支出不是个小数目。 其中，在一些地方，由于“媒婆费”与彩礼挂钩，也成为一笔不小的支出。男方支付的彩礼越多，媒婆抽成就越高。以广东陈女士遭遇为例，媒婆不但要从10.8万元彩礼中抽2.8万元作为媒婆费，还要求男方支付5.8万元的介绍费，这种“吃完女方吃男方”的重复收费，无疑拉高结婚成本，增加结婚负担。 多地婚姻登记大数据显示，全国初婚平均年龄正不断后移。国家统计局2022年6月发布的《中国人口普查年鉴——2020》显示，中国人平均初婚年龄为28.67岁，而十年前人均初婚年龄是24.89岁。如果结婚综合负担过重，一些年轻人就有可能选择推迟结婚甚至不婚。 高额彩礼、“花式负担”等因素造成的晚婚晚育，不仅对我们这个社会最基本的细胞——家庭造成不良冲击，也对我国人口长期均衡发展带来不可低估的影响。所以，不管是高额彩礼还是结婚的“花式负担”，都应该全部纳入各地移风易俗改革，以更有力改革“组合拳”，切实减轻年轻人结婚负担。 从目前多地出台的移风易俗工作实施方案来看，高额彩礼都是治理的“重头戏”，而对其他与结婚有关的费用支出，少有地方提及。对漫天要价的“媒婆费”，须进行明确限制；对“上车费”等各种索费项目，能废则废，能减则减。 进而言之，各地推进婚俗改革倡导移风易俗的方案中，应该根据当地风俗习惯拿出详细的涉费清单，对于暂时还不宜废除的涉费项目，要规定收费上限；对“零”收费的有关人员和家庭，应该通报表扬并以多种方式予以嘉奖；对漫天要价的媒婆和有关家庭，不妨拿出相应惩戒措施，以起到震慑和教育作用。 年轻人恋爱结婚是一件十分美好的事情，不能让这种好事沾染上铜臭味。无论是高额彩礼还是花式收钱，都破坏了结婚及其仪式的美好。即便彩礼费、“媒婆费”“上车费”等在一些地方属于风俗习惯，但如果过度为之就会阻碍社会进步，该废止的必须废止；即便某些习俗暂时无法废止，也要为其戴上“紧箍咒”。从村规民约到政策法规，都应该针对结婚负担重的问题，进一步规范、减负。（北京青年报） 【,1192,https://www.chinanews.com.cn/sh/2024/05-10/10214392.shtml,婚姻登记;高价彩礼;婚姻;结婚;彩礼;婚俗;初婚;不婚;晚婚;恋爱;恋人
China News Service,2024/5/10,结婚数月便离婚 彩礼能要回吗？,双方是否已办理结婚登记手续、是否共同生活、共同生活时间的长短、彩礼数额等均需纳入考虑 结婚本是人生幸事，彩礼习俗理应锦上添花，但婚后不到半年就到法院起诉请求离婚，以缔结婚姻为目的而给予的彩礼，是否应该返还？返还比例是多少？记者昨日获悉，广东省潮州市湘桥区人民法院成功调解了一起涉彩礼返还离婚案件。 文/广州日报全媒体记者章程 通讯员潮法宣 许某(女方)与陈某(男方)经朋友介绍认识，短暂了解后双方决定结婚。婚前，陈某按照习俗给付女方彩礼68888元，许某将部分彩礼用于宴请其亲戚朋友及购买一台全自动洗衣机作为嫁妆，后双方办理结婚登记并按当地习俗举办婚礼。 几个月后，双方因家庭生活不和谐，妻子许某便离开他们共同生活的家，独自外出租房居住，与丈夫陈某再无来往。之后，许某到法院起诉要求离婚。 受理案件后，承办法官通过查阅卷宗及提前了解案情，认为需组织双方进行庭前调解，才能从根本上消除彼此不满，让案件得以圆满解决。 “法官，我们不合适，我要和他离婚！你要让他补偿我的损失。”“法官，我原本收入就很低，为了结婚，向亲戚朋友借钱筹集彩礼，许某应先将彩礼68888元还给我，再谈离婚的事。” 法庭上，许某和陈某争执不下。许某认为，陈某当初给的彩礼结婚时已用在了娘家办婚宴上，还购买了一台全自动洗衣机作为嫁妆，剩余的钱已用于日常开销，两人共同生活了一段时间，现在离婚，自己的身心和名誉都受到损害，谈什么返还彩礼？ 陈某则表示，结婚时女方在娘家摆了4桌酒席，花费并不多，而他因给付彩礼背债，现在生活困难。 倾听了双方诉求后，法官了解事件起因，陈某为与许某建立长期稳定婚姻生活凑齐彩礼，按农村习俗举办了婚礼，而婚后共同生活不到半年许某提出离婚，导致陈某以缔结婚姻关系、建立长期稳定婚姻生活而给付彩礼的目的落空，客观上给陈某家庭造成的一定的经济损失。 而许某收取彩礼后小部分用于办理婚宴和购买嫁妆，还与男方共同生活了一段时间，双方解除婚姻关系后，一定范围内的人群知悉其婚姻状况，对其身心及名誉造成一定的损害。 从双方共同生活时间、过错原因、彩礼数额、彩礼使用情况、双方经济状况、离婚后对女方身心及名誉的影响等情况出发，法官从法、情、理的角度耐心引导双方换位思考，相互体谅。 经法官劝导，陈某作出让步，表示许某付还一半彩礼就行，但许某称支付不起。 为此，法官继续向双方释明法律层面关于彩礼的有关规定，引导双方寻求最合适的解决方式化解隔阂。最终，双方同意解除婚姻关系，并由许某返还陈某部分彩礼3万元，双方心平气和地走出了法庭。 2024年2月1日起，最高人民法院关于审理涉彩礼纠纷案件适用法律若干问题的规定正式施行，进一步规范“彩礼”在婚姻中的正确适用，从源头治理婚姻家庭类矛盾纠纷。 在离婚涉及彩礼返还纠纷案件中，应以弘扬社会主义核心价值观为导向，实事求是地处理彩礼返还问题。既要考虑双方是否已办理结婚登记手续、是否共同生活、共同生活时间的长短、彩礼的数额以及是否孕育子女、婚前给付是否导致给付方生活困难等事实，也应结合当地婚姻习俗，确定是否返还以及返还的具体比例。 彩礼，本应是蕴含着美好祝愿的“礼”。但近年来，不少地方彩礼数额持续走高，因彩礼引发的矛盾纠纷也日益增多。对此，人民法院及时出台司法政策，通过公正裁判推动治理高额彩礼陋习。 据新华社电 “23万元聘金或许对一些人来说并不算天价，但对农村家庭而言无疑是一笔不小的开支。”这是福建龙岩法院去年办理的一起彩礼纠纷中，法官在开展民情调查时听到的话。 发生在龙岩的这起纠纷中，男方在家庭经济较困难的情况下借钱结婚，但婚后不到一年就发现女方多年前就患有精神疾病，遂诉至法院要求撤销婚姻并返还彩礼。办案法官深入村居开展调查，最终促成女方家人在扣除筹办婚礼等花费后，将部分彩礼返还。 今年2月1日，最高人民法院关于审理涉彩礼纠纷案件适用法律若干问题的规定正式实施，为遏制“天价彩礼”、助力移风易俗提供新的法治力量。 就在2月1日当天，湖南郴州中院对一起涉彩礼离婚纠纷案件作出二审判决。法官适用新的司法解释，将一审判决返还的彩礼金额从10万元增加到16万元。 根据最高法司法解释，双方已办理结婚登记手续并共同生活，离婚时一方请求返还彩礼的，人民法院一般不予以支持。但在“闪婚”“闪离”的情况下，法院会根据彩礼实际使用及嫁妆情况，综合考虑彩礼数额、共同生活及孕育情况、双方过错等事实，确定是否返还以及返还的具体比例。 多少彩礼算“高额”？司法解释指出，应当综合考虑彩礼给付方所在地居民人均可支配收入、给付方家庭经济情况以及当地习俗等因素。郴州中院指出，这起案件中，男方自小失去父母，职业收入不稳定，而彩礼金额已远超当地居民人均可支配收入几倍。二人结婚后两地分居，实际共同生活时间才一个多月，且并未孕育，男方对离婚也没有过错。综合考虑以上情况，法院酌情确定了彩礼返还金额。 彩礼不是衡量爱情和婚姻的“筹码”，那恋人之间赠送的礼物算不算彩礼？北京海淀法院近期审理了这样一起纠纷案件：恋爱期间男方为女方购买礼品，并多次通过微信、汇款等方式转账。此后，女方以性格不合为由提出分手，男方要求返还转账以及物品折价。海淀法院认为，该案中男方分多次小额转账或赠送礼物，其中不乏1314、521等具有特殊含义的数额款项及发生在2月14日等特殊日期的款项，应当认定为维系感情表达爱意而发生的馈赠或扶助，不属于以结婚为目的的彩礼，判决驳回男方诉讼请求。 法官表示，恋爱期间一方自愿赠送给对方未超出日常交往范畴的财物，视为一般性赠与，原则上不予撤销。(广州日报) 【,2285,https://www.chinanews.com.cn/sh/2024/05-10/10214455.shtml,结婚登记;天价彩礼;婚姻;结婚;离婚;彩礼;闪婚;恋爱;恋人;婚礼
People.cn,2024/5/10,新华视点｜新变种不断出现 “天价彩礼”何时休？--观点--人民网,新华社北京5月9日电 题：新变种不断出现 “天价彩礼”何时休？ 彩礼动辄二三十万元，还要“三金”或“五金”；在一些地方，“天价彩礼”改头换面、花样翻新…… “五一”前后是婚礼高峰，“彩礼”也成为热议话题。“新华视点”记者调查发现，彩礼过高导致部分农村男青年被迫举债结婚。“天价彩礼”不仅背离了爱情、婚姻的初衷，有的还成为家庭矛盾的导火索。 不久前，湖南小伙陈建雄到女友内蒙古老家提亲。女友家长辈提出，结婚前需要给20万元彩礼，并购买“三金”（金戒指、金项链、金耳环），还要求在长沙买100平方米以上的房子，男方出首付。 “这对我来说压力太大了，这些钱加起来得有近百万元，就算‘咬咬牙’也拿不出这么多，只能想办法四处去借。婚还没结，就得先欠一屁股债。”陈建雄说，面对“天价彩礼”，他有些不知所措，也不知道该怎么和家人沟通。 近年来，相关部门和一些地区加大对高额彩礼综合治理，取得了一些成效。但与此同时，“天价彩礼”也衍生出各种新变种。 记者采访发现，相比于传统的给大额现金、购买“三金”，如今有些地方“天价彩礼”衍化成房子、车子、存折等。 例如，在山东、河南、甘肃一些县区，彩礼存在“万紫千红一片绿”“一动不动”等说法，其中“万紫千红一片绿”是根据人民币颜色而来的通俗说法，包括一万张5元、一千张100元和若干50元，算下来超过15万元；“一动”则指小轿车一辆，“不动”指在城区有一套房子。 在一些地方，索要彩礼方式也在改头换面，男方要将一定数额的钱放在存折或者银行卡里，婚前给到女方手中。“有多少钱不公开，但是彼此心知肚明，主要是看男方的诚意，也为了避免结婚当天男方反悔不给。”一位受访对象说。 为了让“天价彩礼”变得“名正言顺”，一些农村地区将彩礼改称“恩养钱”。受访对象表示，男女订婚时在明面上不提“彩礼”二字，双方家庭也不直接对外说要多少钱娶媳妇，改成报答女方父母养育之恩的钱。在一些地方，男方婚前要为女方或女方父母购买大额保险。 不少乡镇干部说，这些变相彩礼其实和原来的现金并无两样，这些所谓的“习俗”也并非真正的民俗，但乡镇政府、民政等部门一旦进行制止或约束，往往会被村民指责“破坏习俗”，因此往往“睁一只眼闭一只眼”。 基层干部和受访专家认为，“天价彩礼”频繁出现，背后有多重原因。 首先是当前一些农村地区性别比失衡，男多女少。武汉大学大数据研究院副教授龚为纲的一项调查研究显示，从全国总体水平来看，彩礼多少实际上在很大程度上是全国各地出生性别比的一种折射。出生性别比的失衡程度和女性流动情况的组合，总体上决定了各地婚姻市场的失衡程度和彩礼的高低。 在中部某地，23岁的唐霄此前通过相亲认识邻村一名女孩，双方约定订婚，彩礼30万元。唐霄说，在当地，如果是相亲认识的，彩礼会相对更高些，因为双方还没有建立感情基础，彩礼的多少就成了一种“筹码”。 其次是攀比风盛行。记者采访发现，“天价彩礼”频繁出现，与当前不少地区滋生的“红事”攀比风气有关。记者采访了解到，在部分农村地区，除了动辄十几万元起步的彩礼，还不乏“三金”不能比别人家差、在本地最好的酒店办宴席、安排蜜月旅行等要求。这种相互之间的攀比心理，也助长了不良风气。 此外，一些女方家庭有“劫老济小”“随行就市”的心理。“我们要彩礼，也不是想自己用，是给孩子们要的；彩礼给得多，小两口以后生活有保障。”湖南某地一名女青年的父母说。至于会不会给男方父母增加太大负担，一些女方父母表示：“给儿子娶媳妇就得花钱，天经地义。娶媳妇借的钱与小夫妻不相干。” 还有一些女青年表示，周围其他女孩都要彩礼，如果自己不要，显得自己“身价低”“没面子”。 在部分婚介市场，媒人大都会按照彩礼的一定比例抽取酬劳。为获取更多收入，一些媒人在婚介行为中会有意哄抬行情、推波助澜，也让彩礼一路高涨。 一些村干部表示，当前，不少年轻人到大中城市和县城工作，相互之间存在比较心理。为了婚后生活有保障，男方在县城有房已成为女方选择婚配的“前提条件”，“三金”也变成了“五金”乃至“七金”“九金”。 记者调查发现，高价彩礼易引发婚姻矛盾。在中国裁判文书网中检索相关关键词，男方婚前支付高额彩礼，婚后因种种问题导致离婚及引发财产纠纷的案件不在少数。 在去年12月最高人民法院、民政部、全国妇联召开的“推进移风易俗 治理高额彩礼”新闻发布会上，最高人民法院民一庭庭长陈宜芳曾表示，从司法实践反映的情况看，涉彩礼纠纷案件数量近年呈上升趋势。从大量纠纷处理中可以看到，高额彩礼并不是保障家庭幸福的秘笈，反而可能成为矛盾纠纷的导火索，不仅不利于婚姻关系的建立和长期稳定，甚至容易引发两个家庭之间的对立、矛盾和冲突。 2022年8月，农业农村部、中央文明办、民政部等八个部门联合发布《开展高价彩礼、大操大办等农村移风易俗重点领域突出问题专项治理工作方案》，提出治理目标是高价彩礼等陈规陋习在部分地区持续蔓延势头得到有效遏制。 今年2月1日起施行的《最高人民法院关于审理涉彩礼纠纷案件适用法律若干问题的规定》第二条指出，禁止借婚姻索取财物。一方以彩礼为名借婚姻索取财物，另一方要求返还的，人民法院应予支持。 近年来，一些地方纷纷出台政策，整治“天价彩礼”问题。比如，河南省宁陵县将婚丧礼俗规定普遍纳入村规民约，倡导彩礼不高于3万元。宁夏回族自治区八部门日前联合印发高额彩礼专项治理的实施意见，制定了12条正向引导措施和5条负面约束措施。 受访专家表示，“天价彩礼”现象，仅靠一纸禁令很难从根本上改变，更重要的是加强宣传，持续改善社会风气。 山东大学社会学教授王忠武认为，要鼓励村级红白理事会发挥作用，以村规民约的形式推进移风易俗。同时，相关部门可通过组织集体婚礼、完善婚姻服务、党员干部发挥带头模范作用等，引领婚俗新风尚。 湘潭大学碧泉书院・哲学与历史文化学院社会学系主任邬欣言说，治理“天价彩礼”，要重视彩礼背后出现的社会问题。在社会层面，要持续宣传文明观念，让勤俭节约、健康向上、反对奢侈浪费的良好风尚深入人心。此外，还要加强社会福利保障制度，注重保护女性权益等，使女性在婚姻和生育过程中，有充足的安全感，扭转社会风气。,2518,http://opinion.people.com.cn/n1/2024/0510/c1003-40232553.html,高价彩礼;天价彩礼;婚姻;结婚;离婚;彩礼;婚俗;婚介;相亲;对象;夫妻;婚礼
People.cn,2024/5/10,新变种不断出现 “天价彩礼”何时休？,彩礼动辄二三十万元，还要“三金”或“五金”；在一些地方，“天价彩礼”改头换面、花样翻新…… “五一”前后是婚礼高峰，“彩礼”也成为热议话题。“新华视点”记者调查发现，彩礼过高导致部分农村男青年被迫举债结婚。“天价彩礼”不仅背离了爱情、婚姻的初衷，有的还成为家庭矛盾的导火索。 不久前，湖南小伙陈建雄到女友内蒙古老家提亲。女友家长辈提出，结婚前需要给20万元彩礼，并购买“三金”（金戒指、金项链、金耳环），还要求在长沙买100平方米以上的房子，男方出首付。 “这对我来说压力太大了，这些钱加起来得有近百万元，就算‘咬咬牙’也拿不出这么多，只能想办法四处去借。婚还没结，就得先欠一屁股债。”陈建雄说，面对“天价彩礼”，他有些不知所措，也不知道该怎么和家人沟通。 近年来，相关部门和一些地区加大对高额彩礼综合治理，取得了一些成效。但与此同时，“天价彩礼”也衍生出各种新变种。 记者采访发现，相比于传统的给大额现金、购买“三金”，如今有些地方“天价彩礼”衍化成房子、车子、存折等。 例如，在山东、河南、甘肃一些县区，彩礼存在“万紫千红一片绿”“一动不动”等说法，其中“万紫千红一片绿”是根据人民币颜色而来的通俗说法，包括一万张5元、一千张100元和若干50元，算下来超过15万元；“一动”则指小轿车一辆，“不动”指在城区有一套房子。 在一些地方，索要彩礼方式也在改头换面，男方要将一定数额的钱放在存折或者银行卡里，婚前给到女方手中。“有多少钱不公开，但是彼此心知肚明，主要是看男方的诚意，也为了避免结婚当天男方反悔不给。”一位受访对象说。 为了让“天价彩礼”变得“名正言顺”，一些农村地区将彩礼改称“恩养钱”。受访对象表示，男女订婚时在明面上不提“彩礼”二字，双方家庭也不直接对外说要多少钱娶媳妇，改成报答女方父母养育之恩的钱。在一些地方，男方婚前要为女方或女方父母购买大额保险。 不少乡镇干部说，这些变相彩礼其实和原来的现金并无两样，这些所谓的“习俗”也并非真正的民俗，但乡镇政府、民政等部门一旦进行制止或约束，往往会被村民指责“破坏习俗”，因此往往“睁一只眼闭一只眼”。 基层干部和受访专家认为，“天价彩礼”频繁出现，背后有多重原因。 首先是当前一些农村地区性别比失衡，男多女少。武汉大学大数据研究院副教授龚为纲的一项调查研究显示，从全国总体水平来看，彩礼多少实际上在很大程度上是全国各地出生性别比的一种折射。出生性别比的失衡程度和女性流动情况的组合，总体上决定了各地婚姻市场的失衡程度和彩礼的高低。 在中部某地，23岁的唐霄此前通过相亲认识邻村一名女孩，双方约定订婚，彩礼30万元。唐霄说，在当地，如果是相亲认识的，彩礼会相对更高些，因为双方还没有建立感情基础，彩礼的多少就成了一种“筹码”。 其次是攀比风盛行。记者采访发现，“天价彩礼”频繁出现，与当前不少地区滋生的“红事”攀比风气有关。记者采访了解到，在部分农村地区，除了动辄十几万元起步的彩礼，还不乏“三金”不能比别人家差、在本地最好的酒店办宴席、安排蜜月旅行等要求。这种相互之间的攀比心理，也助长了不良风气。 此外，一些女方家庭有“劫老济小”“随行就市”的心理。“我们要彩礼，也不是想自己用，是给孩子们要的；彩礼给得多，小两口以后生活有保障。”湖南某地一名女青年的父母说。至于会不会给男方父母增加太大负担，一些女方父母表示：“给儿子娶媳妇就得花钱，天经地义。娶媳妇借的钱与小夫妻不相干。” 还有一些女青年表示，周围其他女孩都要彩礼，如果自己不要，显得自己“身价低”“没面子”。 在部分婚介市场，媒人大都会按照彩礼的一定比例抽取酬劳。为获取更多收入，一些媒人在婚介行为中会有意哄抬行情、推波助澜，也让彩礼一路高涨。 一些村干部表示，当前，不少年轻人到大中城市和县城工作，相互之间存在比较心理。为了婚后生活有保障，男方在县城有房已成为女方选择婚配的“前提条件”，“三金”也变成了“五金”乃至“七金”“九金”。 记者调查发现，高价彩礼易引发婚姻矛盾。在中国裁判文书网中检索相关关键词，男方婚前支付高额彩礼，婚后因种种问题导致离婚及引发财产纠纷的案件不在少数。 在去年12月最高人民法院、民政部、全国妇联召开的“推进移风易俗 治理高额彩礼”新闻发布会上，最高人民法院民一庭庭长陈宜芳曾表示，从司法实践反映的情况看，涉彩礼纠纷案件数量近年呈上升趋势。从大量纠纷处理中可以看到，高额彩礼并不是保障家庭幸福的秘笈，反而可能成为矛盾纠纷的导火索，不仅不利于婚姻关系的建立和长期稳定，甚至容易引发两个家庭之间的对立、矛盾和冲突。 2022年8月，农业农村部、中央文明办、民政部等八个部门联合发布《开展高价彩礼、大操大办等农村移风易俗重点领域突出问题专项治理工作方案》，提出治理目标是高价彩礼等陈规陋习在部分地区持续蔓延势头得到有效遏制。 今年2月1日起施行的《最高人民法院关于审理涉彩礼纠纷案件适用法律若干问题的规定》第二条指出，禁止借婚姻索取财物。一方以彩礼为名借婚姻索取财物，另一方要求返还的，人民法院应予支持。 近年来，一些地方纷纷出台政策，整治“天价彩礼”问题。比如，河南省宁陵县将婚丧礼俗规定普遍纳入村规民约，倡导彩礼不高于3万元。宁夏回族自治区八部门日前联合印发高额彩礼专项治理的实施意见，制定了12条正向引导措施和5条负面约束措施。 受访专家表示，“天价彩礼”现象，仅靠一纸禁令很难从根本上改变，更重要的是加强宣传，持续改善社会风气。 山东大学社会学教授王忠武认为，要鼓励村级红白理事会发挥作用，以村规民约的形式推进移风易俗。同时，相关部门可通过组织集体婚礼、完善婚姻服务、党员干部发挥带头模范作用等，引领婚俗新风尚。 湘潭大学碧泉书院·哲学与历史文化学院社会学系主任邬欣言说，治理“天价彩礼”，要重视彩礼背后出现的社会问题。在社会层面，要持续宣传文明观念，让勤俭节约、健康向上、反对奢侈浪费的良好风尚深入人心。此外，还要加强社会福利保障制度，注重保护女性权益等，使女性在婚姻和生育过程中，有充足的安全感，扭转社会风气。(记者邵鲁文、柳王敏),2497,http://yn.people.com.cn/n2/2024/0510/c378440-40838523.html,高价彩礼;天价彩礼;婚姻;结婚;离婚;彩礼;婚俗;婚介;相亲;对象;夫妻;婚礼
People.cn,2024/5/10,阜阳：“零彩礼、低彩礼”为婚嫁“减负”,“怎么报名参加第二届‘零彩礼、低彩礼’集体婚礼啊？”日前，“颍上文明”微信公众号发布招募阜阳市第二届“零彩礼、低彩礼”集体婚礼新人的招募书后，吸引了众多准备结婚的新人咨询报名。 “阜阳市第一届集体婚礼反响很好，很多年轻人愿意参加‘零彩礼、低彩礼’集体活动，体现了青年人对婚礼、彩礼等传统仪式观念的转变。为满足更多适婚青年的需求，倡树婚俗新风尚，我们也正在紧张筹备阜阳市第二届‘零彩礼、低彩礼’集体婚礼，届时将继续采取市县联动的形式，阜阳主会场与五县（市）分会场同步举行。”市文明办农村创建科有关负责人说。 “婚姻和家庭需要两个人共同经营，收取高彩礼以后的生活也不会一劳永逸。”站在台上，和众多新人一起接受亲朋好友的祝福——这一幕让29岁的崔雪凤至今感到喜滋滋的。 今年1月18日，她和爱人冷雪松参加了阜阳市首届“零彩礼、低彩礼”集体婚礼阜南县分会场仪式，当天全市共有58对新人携手走进婚姻殿堂。 如今，集体婚礼活动在阜阳市已常态化举行，记者了解到，2022年以来，市、县两级共组织开展集体婚礼38场次，540余人参与。阜阳市在春节、“5·20”、七夕等重要时间节点举办“零彩礼、低彩礼”集体婚礼，邀请市、县领导等为新人主婚、证婚及颁发荣誉证书。同时，将集体颁证仪式引入结婚登记流程和集体婚礼活动环节，邀请“两代表一委员”、道德模范等为新人颁证，逐步形成“重登记、轻婚宴”的文明婚俗新风尚。 近年来，市委、市政府将移风易俗工作作为事关百姓福祉的民生工程来抓，创新工作形式，多措并举倡树文明健康、科学理性的婚恋新风，切实减轻社会人情负担。2023年以来，阜阳市依托覆盖城乡的2146个新时代文明实践中心（所、站），开展深化移风易俗主题活动2.4万余场次，坚持让身边人讲身边事、身边事教育身边人，把适龄婚嫁青年的家庭作为宣传教育重点，进行入户面对面宣传教育，常态化宣传婚俗新理念，倡导文明节俭婚俗新风。 与此同时，阜阳市强化礼遇激励政策，为践行“零彩礼、低彩礼”的新人推出免费体检、部分景区免收门票、婚纱摄影优惠、子女就近就学等一系列奖励举措，在“文明家庭”“好媳妇”“星级文明户”等选树活动中重点向践行“零彩礼、低彩礼”的家庭和青年倾斜，用实际行动给彩礼“降温”、为幸福“加分”。（全媒体记者 高红 实习生 刘姊欣）,956,http://ah.people.com.cn/n2/2024/0510/c375162-40838613.html,结婚登记;婚姻;结婚;婚恋;彩礼;婚俗;婚嫁;适婚;婚礼
CCTV,2024/5/11,以司法公正裁判引领彩礼归于“礼”,近日，湖南省高级人民法院直播集中执行退彩礼案件，引发网友关注。其中一起案件中，一名上海男子与一名湖南宁乡女子见面三次即闪婚，婚后未共同生活又闪离，法院判决女子返还彩礼25万余元，女子不执行被拘留15天。法院相关工作人员表示，希望通过直播对于涉彩礼案件进行普法宣传，倡导健康、节俭、文明的婚嫁之风，遏制高价彩礼情况的发生。（5月10日《北京青年报》） 对索取高价彩礼的案件公正裁判后，将拒不返还彩礼的当事人强制执行，并对执行过程进行直播，这在全国法院并不多见。这种源于司法公正裁判再直播执行过程的普法形式，可以直观地让公众对索要高价彩礼的违法性有着更深刻的认识，能够起到“发布一案、教育一片”的效果，有助于用司法公正裁判的引领，让彩礼归于“礼”。 彩礼源于我国古代婚姻习俗中的“六礼”，是一种传统的婚俗。合理的彩礼是一种仪式化交流，有利于情感表达，但高价彩礼将婚姻明码标价，容易激起攀比心理，败坏社会风气。近年来，高价彩礼现象频发，因彩礼问题致贫、返贫，甚至有情人难成眷属的案例，俯拾皆是。为遏制高价彩礼，2019年以来，中央一号文件连续5年对治理高价彩礼提出要求，各地也陆续出台相关措施，抵制高价彩礼正日益深入人心。 然而，冰冻三尺非一日之寒。高价彩礼由来已久，对其进行有效治理，不能仅凭政府的倡导和行政禁令，更需要司法充分发挥弘扬良善的功能。《民法典》规定，禁止包办、买卖婚姻和其他干涉婚姻自由的行为，禁止借婚姻索取财物。今年2月1日起施行的《最高人民法院关于审理涉彩礼纠纷案件适用法律若干问题的规定》明确：“禁止借婚姻索取财物。一方以彩礼为名借婚姻索取财物，另一方要求返还的，人民法院应予支持。”这些法律条文和司法解释，完善了相关法律法规，为用司法公正裁判引领彩礼归于“礼”提供了基本遵循。 与用简单的行政命令来禁止高价彩礼相比，司法公正裁判的一个个鲜活案例，就是一部部生动的法治教材，能对索要高价彩礼的违法行为起到潜移默化的矫正作用。众所周知，高价彩礼现象不是一天两天形成的，一些人索要高价彩礼，除了陈腐观念作祟外，还错误认为索要和给付高价彩礼是双方“一个愿打一个愿挨”的约定俗成，与违法无关。也正因如此，不少当事人始终不能摒弃索要高价彩礼的陋习，由此导致高价彩礼的治理效果难达预期。 在这种情况下，用司法公正裁判来引领形成反对索要高价彩礼的良好风尚，就非常必要。如此既可以让索要天价彩礼的当事人充分认识到自身行为的违法性，从而在法律的刚性约束下，理性对待索要天价彩礼的行为；又可以通过司法公正裁判所释放的警示效应，引领全社会形成自觉抵制高价彩礼的共识。一旦司法公正裁判反对高价彩礼的引领形成了常态，那么对高价彩礼的治理，实现“去民之患，如除腹心之疾”的愿景也就可期可待。 彩礼看似家事、私事，实则关乎公序良俗、社会文明。治理高价彩礼，让其归于“礼”，司法公正裁判的引领不可缺。只有司法公正裁判的引领形成风向标，再辅以符合社会基本预期、契合社会价值共识的道德和行政等手段，高价彩礼之风才能得到有效遏制，简约文明的婚俗新风才能照进现实。,1270,https://news.cctv.com/2024/05/11/ARTIEZnQPX4BsUb1jOVTijtP240511.shtml,高价彩礼;天价彩礼;婚姻;彩礼;婚俗;婚嫁;闪婚
China News Service,2024/5/12,两岸婚姻群体共度母亲节,中新网 宁德5月12日电 (张莉娜)“第一次参加母亲节活动，也是第一次体验花拓。”来自台湾基隆的邓玮霖说感觉很棒。 “姻缘牵两岸共叙慈母情”两岸婚姻群体共度母亲节活动11日在宁德市举办，进一步激发两岸婚姻群体发挥优势，深化宁(德)台(湾)融合发展。 2017年，邓玮霖与其丈夫因茶相知相恋，于2023年底喜结连理，在福建省宁德福鼎市共同经营着一家茶业公司。她说，台湾和大陆过母亲节的方式差不多，和家人一起聚餐，给母亲送鲜花和祝福。 在花拓体验环节，来自两岸的11个台胞家庭精心挑选花草、设计图案，将姹紫嫣红的鲜花拓印在衣服上，亲手制作母亲节礼物，现场充满了欢声笑语。 来自两岸婚姻家庭的吕晓芳称，此次活动是一个展示两岸婚姻群体风采的平台，希望通过自己的分享，激励更多的两岸同胞加强交流和合作。 在恳谈会中，两岸婚姻群体畅谈自己在宁德和台湾生活、工作感受，以及对未来的展望和期待等方面进行分享交流。 活动期间，由宁德市台港澳办、市妇联和市法院联合设立的宁德市两岸婚姻家庭维权服务中心正式揭牌，为两岸婚姻群体提供政策咨询、婚姻家庭辅导等服务。厦门银行宁德分行工作人员还介绍了对台金融服务政策。 宁德市台港澳办负责人表示，将一如既往地支持两岸婚姻家庭交流合作，为两岸婚姻群体提供更好的服务和保障；希望大家携手两地家庭和亲朋好友同心同行，共同促进两岸融合发展示范区建设。(完),584,https://www.chinanews.com.cn/gn/2024/05-12/10215724.shtml,婚姻
China News Service,2024/5/12,河间试点：整治高额彩礼的五年,发于2024.5.13总第1139期《中国新闻周刊》杂志 彩礼按我们这边的规矩就得40万，不够的话就再攒攒，不着急。”漫长的拉锯战之后，女方妈妈仍不松口。 这是河北省河间市沙河桥镇罗位村29岁的村民罗志远去女方家“谈判”彩礼的一幕。40万元对于普通的农村家庭来说，是不小的数目。一边是未来的妻子，另一边是为自己结婚掏空了家底的父母，罗志远感到既无力又自责。 近年来，部分地区彩礼价格居高不下多次引发舆论关注。武汉大学社会学院近期在全国各地农村的一项调研显示，河南、河北、山东、山西、陕西、青海、宁夏、甘肃、安徽等地农村的彩礼普遍达到了20万~30万元。在江西一些农村地区，50万元左右的彩礼数额占据主流。 因高额彩礼产生的矛盾甚至恶性案件也日益增多。今年的最高人民法院工作报告披露，近5年来涉彩礼民事案件超2万起，彩礼金额可达人均收入的10倍；因彩礼纠纷引发的故意伤害、故意杀人等恶性案件，占因彩礼引发的刑事案件的46.26%。 基于以上背景，2019年，中央一号文件首次点名“天价彩礼”，明确提出治理婚丧陋习、天价彩礼等不良社会风气。次年5月，民政部印发的《关于开展婚俗改革试点工作的指导意见》要求整治天价彩礼、随礼攀比等不正之风，并于2021年4月和9月，分两批确定了32个全国婚俗改革实验区。 罗志远所在的河间市是上述婚俗改革实验区的首批试点之一。河间市婚姻登记中心副主任单艳丽向《中国新闻周刊》提供的一组数据显示，自河间市被纳入婚俗改革试点以来，共办理新婚登记1万余对，当中低价彩礼占比85%左右。 29岁的罗志远愁坏了。研究生毕业后，他和相恋一年多的女友的婚事被两家人提上日程。但在确定婚期之前，城里的女友家提出了40万元彩礼的要求。 对于罗志远的父母来说，想拿出40万元彩礼钱，实在是难乎其难。 但女友表示自己要求的彩礼是身边同学的基本行情，她父母认为彩礼是对女儿未来幸福的一种保障，反复沟通后仍然无果。 罗志远的父母想到了一条出路，向亲戚朋友借钱，把彩礼凑齐。这在当地较为普遍，罗志远所在村的村支书罗全富说，面对高额的彩礼，农村人的解决之道就是亲戚们相互接济替下一代娶亲。 罗全富给《中国新闻周刊》算了一笔账，村里盖两层楼房算上装修，一般需要20多万元，买车要10万元左右，低价彩礼需要10万元左右，这样算起来，普通家庭要备足至少40万元才能不负债结婚。这还不包括宴席、其他婚俗名目等。 河间市创建文明城市工作促进中心主任杨翠霞向《中国新闻周刊》回忆，她在2003年结婚时，彩礼金额是1.1万元，直到2009年，当地彩礼还基本维持在这个数字。但在2018年前后，彩礼金额突然猛增。 逐渐走高的彩礼对当地人来说，是实实在在的负担。这个由沧州代管的省辖县级市以农业人口为主，在彩礼金额猛增的2018年，当地农村居民人均可支配收入为1.45万元。杨翠霞说，按照每户3名劳动力计算，要支付如此高额的彩礼，不吃不喝且不生大病的情况下，要4至5年才能攒够。 “高额彩礼主要发生在农村地区，与男多女少有关，这背后的原因既有早些年出生性别失衡，也有求学或务工在外的女孩不愿返乡的缘故。另外，这还是村里互相攀比造成的结果。”杨翠霞说，在当地，彩礼一般为女孩自己所有，任其带去新的家庭或暂由父母保管，仅有极少部分女方家长会留下彩礼，以备儿子娶亲或老两口养老之用。 在当地较为普遍的观念是，女孩子觉得彩礼价格越高，越能代表父母对其养育的回报有价值，意味着自己更被男方重视，对未来的保障更大。“或者觉得高额彩礼下，男方离婚成本变高，更加珍惜自己，不会轻易离婚，更有安全感。”杨翠霞说。 因为高额彩礼不堪其负导致的家庭矛盾接连不断，河间市多个乡镇村民纷纷向村委和镇里反映能否“管一管”。 转折出现在2018年12月，因前一年的十九大报告提出，要开展移风易俗、弘扬时代新风行动，河间市在此时召开了移风易俗推进大会，把遏制高额彩礼作为推进移风易俗工作的抓手和突破口。而低价彩礼、零彩礼的推行也成为接下来几年的重点工作。 推行政策之前，当务之急是彩礼标准的确立。杨翠霞记得，当时结合乡镇及村里的意见，市里相关部门反复商讨，定下了低价彩礼的标准——6万元以下。至于零彩礼，“彩礼作为延续上千年的习俗，完全归零也不现实，购置礼品和首饰也需要花销，因此我们所说的零彩礼并非一分钱不给，而是3万元以下就可以认定是零彩礼。”杨翠霞说。 紧接着，河间市委、市政府成立了由市、乡、村三级书记任组长的各级婚俗改革工作领导小组。市级层面，建立了党委领导、政府负责、民政牵头、多部门参与的联席会议机制，并印制移风易俗婚事新办丧事简办手册；乡镇层面，各乡镇(街道)根据要求，结合风俗，制定本乡镇(街道)移风易俗实施方案和红白理事会章程；在村(社区)层面，则鼓励将限制高额彩礼、鼓励零彩礼和低价彩礼等内容纳入村规民约、居民公约。 杨翠霞强调，最初的目的是遏制高额彩礼的风气，并非要求所有人都遵从执行，例如关于低价彩礼的金额，“我们只是提供一个标准，不同村可以根据其实际经济水平综合考量协商决定，不是‘一刀切’”。 罗志远父子和女方父母关于彩礼的沟通有四次，每一次都是村支书罗全富陪着他们去的。 第一次登门的时候，女方母亲就给了他们一个“软钉子”，称可以等攒够彩礼钱再结婚。第二次登门，罗全富决定转换战术，从谈判人的阵容上下手，发动了比女方爸爸更年长的村委干部一同上门。彩礼也被他拆分，双方改为先商讨订婚彩礼。 这一次，女方父母不再提40万元的彩礼数额，只说订婚礼金20万元即可。不过，20万元在罗志远和罗全富眼中，依旧属于高额彩礼。罗全富告诉《中国新闻周刊》，市里规定的低价彩礼标准是6万元以内，“如果高于6万元，等于低价彩礼没有推行开，谈判就是失败的”。 两次登门让罗全富了解到，女方家境尚可，并不会留下彩礼自用。只是男方老家在农村，他们不敢贸然将独生女托付给罗志远，高额彩礼意味着对女儿未来更为充分的保障。 罗全富觉得自己已经发现了核心问题。第三次会面反而没有谈彩礼价钱，他领着女方父母到村里转了一圈，“看了志远家新建的楼房，村党支部大楼的走廊上正好有志远和市委书记的合照，借机再介绍下男方如何优秀”，一套流程走下来，女方父母对农村贫穷落后的印象大为改观。 第四次登门就简单了许多。这次，罗全富开宗明义，提出市里提倡零彩礼，如果接受不了，可以按照低价彩礼的标准来。最终，双方达成共识，彩礼定为6万元。 河间推行低价彩礼、零彩礼之后，像罗全富这样登门谈判的村支书还有很多，方法也是各有各的不同。 65岁的石炳启在北京某单位退休后，担任河间兴村镇大庄村村支书。他身上有多项荣誉加身，还是全国人大代表。石炳启认为，彩礼走高的一部分原因是攀比，一些女孩及其父母好面子，觉得彩礼高，面子就大。所以他找了个方法，和罗全富的思路有所不同的是，他向村民们承诺，会为低价彩礼和零彩礼家庭主持婚礼，并报至市里参加集体婚礼，市领导会为他们颁证。 在大庄村，这个方法屡试不爽。5年来，该村结婚的18对新人中，有10对选择低价彩礼，8对实现零彩礼。 距离河间市城北10公里的诗经村镇二十里铺村村支书王志强则另有一套“撒手锏”。早在河间市推进移风易俗的前一年，王志强便察觉到村里的高额彩礼和红白事大操大办之风令村民难以招架。他通过村民代表及大喇叭广播、微信群、电子屏、反复开会等方式征求大家意见，最终定下了彩礼控制在3万元以内的村规民约。 当然，不是每个人都愿意遵守村规民约的。王志强说自己有两招，第一招是夸，“去抬高村民的格局，会劝他们，你现在少要几万块钱看着是受点委屈，实际你这个人的人品和格局都在提高”；第二招是“硬手腕”，对于“不服管”的村民，王志强就会搬出村支书的权威来。他曾经这样批评过一家人，“光看眼前，有用吗？现在要再多钱，能保障未来幸福吗？你自己要一大堆钱，人家男方老人快愁死了，你自己高兴吗？”几个回合下，大多村民都会依照村规民约行事。 推行低价彩礼、零彩礼这五年多来，村支书们也遇到过男女方家庭对彩礼已达成共识，谁都不想降的情况。这种情况下，有人尝试过特殊手段。一位不愿具名的村支书称，仪式和宴席一般都在村里的婚俗改革大礼堂举行，他们会借口礼堂要整修电器或断开自来水供应，“没水没电，怎么举办仪式？”如果仍不管用，就会声称要组织“大操儿”(村里负责协助操办红白事的人)培训，无人主持和操办，一切都无从谈起，主家(举办婚宴的人)不得不遵从村里规矩行事。 村支书也知道，这是“损招”，“总不能真将好事‘捣散’了吧？”他们反映，现阶段政府部门只号召遏制高额彩礼，更多的是鼓励措施，但缺乏有效的管制方法。 根据河间的政策，低价彩礼和零彩礼新人可以享受孕前优生体检、子女入托等方面的优惠政策。单艳丽介绍，符合条件的新人申请后由村里和乡镇盖章确认，经民政局认可后，会将材料转至河间市卫生健康局、教育体育局进行登记。不过多位村支书认为，这些政策福利初衷是好的，但效果有限，“一般村民会觉得麻烦，家都在农村，还跑几十里地去城市入托干啥？” 除了政策福利，在河间多个乡镇，婚俗改革被纳入了乡村治理积分制，低价彩礼和零彩礼家庭可以获得积分。在罗志远所在的罗位村，积分可以用作“文明家庭”评比、优先享受政府的扶持政策比如增加借贷额度之用等。在该村，零彩礼、低价彩礼分别可以奖励80分和40分——在积分列表中，这是高分值的事项，参加村里义务劳动或捐款可以奖励10分，其他80分的事项是获得县级荣誉或经有关部门认定为见义勇为。 而在景和镇崔庄子村，这些积分可以变现。“零彩礼会加200分，低于5万元的彩礼可以加100分，低于10万元的彩礼可以加50分。积分可以在年底换分红，1分是10元左右，且会随着村集体利润的增加而提高。”崔庄子村村支书张清华接受《中国新闻周刊》采访时表示。 对基层干部来说，婚俗改革工作的推进同样是年度考核时的加分项。河间规定，乡镇(街道)要及时统计零彩礼、低价彩礼人员和数量，每月向市文明办汇报一次，低价彩礼和零彩礼会为乡镇的年度考核加分。 沙河桥镇是河间市婚俗改革工作的试点。该镇党委副书记李惠颖对《中国新闻周刊》说，每年年底市里会根据各项工作的权重进行指标量化，婚俗改革作为一个额外的加分项，民政局和文明办等部门会根据全年的推进情况给一些乡镇加分，“有时候这种加分对于我们乡镇的排名比较关键，也让我们有荣誉感”。 不过，单艳丽强调，虽然要求村(社区)红白理事会将彩礼数额纳入婚事报备事项统一监管，但对低价彩礼和零彩礼的推广并没有对乡镇和村里设置强制性的指标，因此部分乡镇和村其实没有压力，也会不重视，各乡镇推广成效也并不均衡。 李惠颖也验证了这一说法，“这不是强制性的，也不是每年给每个村下多少任务”。 事实上，对村支书们来说，推行低价彩礼、零彩礼并不容易，如何保证手段有效而不异化是个难题，甚至连彩礼的真实数额都难以搞清楚。多位村支书都对《中国新闻周刊》说，彩礼无法严格定义，“一般是指订婚和结婚时给现金的那笔钱，但有时也会把首饰和购置的婚衣计算在内”。而在订婚或结婚仪式上，礼金由红布包裹，除双方家庭和媒人外，其他人难以知晓彩礼真实金额。 这种情况下，政策起到的导向作用可能反而更重要。张清华说，如果有人将高彩礼瞒报成低价彩礼，恰恰证明了农村当前并不以高额彩礼为荣，政策效果已经实现。 武汉大学社会学院副教授龚为纲结合过去20年彩礼价格变动的大数据、抽样调查数据以及田野调查信息的一项研究发现，彩礼价格上涨的分水岭出现在2008年。2008年之前，全国彩礼的平均水平从1995至2007年大体维持在1万元至2万元，此后，则一路飙升至约14万元。 龚为纲说，彩礼价格之所以在2008年发生转折，既是由于1990年代的出生性别比失衡现象，也与此后加速推进的城镇化有关。 龚为纲告诉《中国新闻周刊》，高额彩礼提高了结婚门槛，不仅对适龄青年的婚姻造成挤压，对父辈而言，需要延长务工时间，通过从事高强度工作甚至借贷来支付子代高额的婚姻成本，进而对父代家庭造成经济挤压甚至是代际剥削。 “高额彩礼还会影响婚姻秩序，催生闪婚闪离、买卖婚姻及骗婚现象。”他在黄淮海地区调研时，就曾遇到过媒人和女方父母合伙，为有智力障碍的女儿多次安排婚姻敛财的案例。 从2019年起，高额彩礼被中央一号文件点名了五次。2022年8月，农业农村部、中央文明办、民政部等八部门联合发布《开展高价彩礼、大操大办等农村移风易俗重点领域突出问题专项治理工作方案》。 高额彩礼整治成为全国多地推进移风易俗工作的突破口。《中国新闻周刊》梳理发现，在32个全国婚俗改革实验区，不同地区治理彩礼的手段各有不同，但总体来说可以分为三类。一类是倡导奖励型，如河间市领导对零彩礼、低价彩礼颁发结婚证，优先入托；重庆市大足区民政局则鼓励有条件的镇街对不要彩礼的新人给予奖励，并以新人名义将奖金捐赠给辖区内的贫困学生和特困人员。 另一类是惩罚型，如河北省邯郸市肥乡区对索要高额彩礼的家庭，取消星级文明户荣誉。最后一类则是无关奖罚的“立规矩”，在河南省宁陵县，将不超3万元的彩礼倡导标准纳入村规民约。 关于彩礼的司法解释也在更新。今年2月1日正式施行的《关于审理涉彩礼纠纷案件适用法律若干问题的规定》明确规范了针对司法实践中存在的彩礼认定范围、彩礼返还原则、诉讼主体资格等重点难点问题。 不过，龚为纲表示，据调研实际情况来看，惩罚性的措施一般很难落实，当前彩礼治理的效果较为有限。有的地区只能实现制度和规则上墙，实际治理存在无从下手或者用力过猛等问题。 有舆论认为，彩礼给付是双方家庭你情我愿，不应被过多介入。龚为纲则认为，当高额的婚姻成本引发普遍的对于婚姻的恐惧和焦虑情绪时，需要重点关注高额彩礼有可能引发的连锁反应。他强调，高额彩礼整治的目的是要遏制彩礼日渐失控的态势，让其回归正常和理性的区间，因此要因地施策。 “应划分高额彩礼治理的重点地区，确定各个地区彩礼的天花板。”龚为纲说，针对彩礼高涨的黄淮海、江西和福建等地区，应该明确彩礼治理的决心，加大彩礼治理的力度，进行长时段的、目标明确的治理。可以参考地方的经济发展水平与平均家庭年收入，使得彩礼金额不会给家庭造成较大的经济负担，例如江西抚州规定彩礼金额不高于人均年收入的3倍。而对于原本彩礼价格就比较低的地区，彩礼整治没有必要兴师动众，适当宣传相关政策即可。 除此之外，也要考虑彩礼的实际用途。彩礼金额是在城镇化的过程中上涨的，功能性也在拓展，被视作子代在县城体面生活的保障，包括支付女性从生育到养育的各类成本及下一代的教育成本等，他说，“彩礼的金额是一系列社会问题的表现，只有综合理解当地彩礼的归属和性质，才能明确合理的金额，并推出一整套协同治理机制。” 声明：刊用《中国新闻周刊》稿件务经书面授权 【,6031,https://www.chinanews.com.cn/sh/2024/05-12/10215561.shtml,婚姻登记;高价彩礼;天价彩礼;婚姻;结婚;离婚;彩礼;婚俗;骗婚;闪婚;婚礼
People.cn,2024/5/12,彩礼应回归理性--社会・法治--人民网,近年来，高额彩礼时常成为网络空间和现实生活中的热门话题：因彩礼纠纷对簿公堂的新婚佳偶，被高额彩礼“棒打鸳鸯”的青梅竹马，为一场“风风光光”婚礼而背上“甜蜜负担”的青年男女……这一系列关于彩礼的现实问题，实际上反映了倡导婚俗新风、培育新型婚育文化的迫切性和必要性。 彩礼作为中华传统习俗中的一项婚姻礼仪，本是代表男方家庭的诚意，也是增进婚姻双方家族之间感情的纽带。但当前，因彩礼而产生利益和情感冲突的事件屡见不鲜，一些地方用高额彩礼作为婚姻和家庭生活的“价码”，不仅容易给新人带来情感伤害，也触犯了法律红线。 民法典中明确规定，“禁止包办、买卖婚姻”“禁止借婚姻索取财物”。此外，针对近年来多地彩礼数额持续走高，涉彩礼纠纷案件数量呈上升趋势这一现象，最高人民法院发布了关于审理涉彩礼纠纷案件适用法律若干问题的规定，针对司法实践中存在的彩礼认定范围、彩礼返还原则、诉讼主体资格等重点难点问题予以规范，该规定自今年2月1日起施行。这些法律规定对进一步规范彩礼行为，维护婚姻家庭秩序，促进社会和谐稳定起到积极作用，也有助于引导全社会自觉知法守法，树立“彩礼不等于‘财力’，也无法等于‘幸福’，如果不讲‘理’，彩礼也就失去了‘礼’的意涵”的婚俗理念。 要全过程引导形成新时代婚俗新风。造成超出家庭承受范围的高额彩礼的根源是多方面的，既有传统习俗的影响，也有攀比心理、物质主义等因素的推动。不可否认，彩礼和嫁妆有时能成为新人家庭的“启动资金”，但并非男方和女方家庭间单纯的物质交换。破除高额彩礼和铺张浪费等婚俗陋习，需要全过程引导。 比如在结婚前，可通过学校教育、社会宣传等途径普及婚恋知识、开展婚前教育，帮助更多新人树立正确的婚恋观、伦理观。党员干部也可带头示范，倡导互相尊重、节俭婚礼，反对尊卑观念、奢侈攀比。在结婚后，要注重依托单位、社区等平台，加强家风家教建设，提供家庭援助，协助化解矛盾，构建和谐稳定的家庭关系。 要全方位发力培育简约适度婚俗理念。婚俗是社会婚育文化的缩影，应加强对年轻人婚恋观、家庭观的引导。解决此类问题并非一朝一夕的事，不能毕其功于一役，而是需要法律、规范、政策和文化引导全方位持续共同发力。应以破除高额彩礼、大操大办、低俗婚闹等陈规陋习为治理重点，引导年轻人采用简约、创意的婚礼形式，有效降低结婚成本。 引导全社会形成良好的婚俗新风，可由地方政府部门牵头，组织村委、乡贤、村民代表等共同制定文明章程，让低彩礼成为全体村民的共同遵循，推进乡风民俗文明建设。比如可通过树立移风易俗示范村、开展文明家庭等评选活动，将落实低彩礼、零彩礼作为评选的重要内容，进而发挥先进典型的示范带动作用。 目前，全国很多地方都积极推进婚俗改革，引导高额彩礼能够回归理性。比如在河北省河间市，各村、社区结合本地实际，依法依规将婚事新办简办、限制高额彩礼、鼓励零彩礼和低彩礼等内容纳入村规民约、居民公约。在浙江省舟山市普陀区黄杨尖村，村里成立了由村两委、老干部、村民代表等组成的红白理事会，将简办婚丧礼俗写入村规民约，同时村里依托文化礼堂作为婚事简办阵地，实行酒席菜套餐制度，推出千元左右一桌的酒席套餐。此外，为倡树简约适度的婚俗礼仪，全国各地民政部门也纷纷积极设立室内、室外颁证场地，大力推行集体婚礼、慈善婚礼、低碳婚礼和公交婚礼等特色婚礼，给爱情“减负”，为幸福“加码”。 随着各地采取一系列措施推进移风易俗，抵制高额彩礼、引导婚俗新风的效果正在逐渐显现。幸福是奋斗出来的，在全社会积极构筑简约适度婚俗理念的良好氛围下，希望人们能够回归传统朴素的婚嫁观念，更加理性看待彩礼问题，让健康、节俭、文明的婚俗观念蔚然成风。 （作者：屈群苹、徐畅，分别系文化发展创新与文化浙江建设研究中心研究员、平安浙江研究中心研究员）,1554,http://society.people.com.cn/n1/2024/0512/c1008-40234129.html,婚姻;结婚;婚恋;婚育;彩礼;婚俗;婚嫁;婚礼
China News Service,2024/5/13,中文版歌剧《费加罗的婚姻》将再上演 旅外艺术家畅谈感想,中新网 福州5月13日电 (叶秋云)13日下午，中文版歌剧《费加罗的婚姻》媒体见面会在福建大剧院举行，多位旅外歌剧表演艺术家畅谈40余年后再演歌剧《费加罗的婚姻》感受与心情。 1983年，莫扎特歌剧《费加罗的婚姻》中文版在中国首演。这是中央音乐学院首届声乐歌剧系的毕业大戏，一经演出，便引起社会各界广泛关注，更吸引了各国驻京媒体的目光。 美籍华人、歌剧表演艺术家章亚伦在媒体见面会上表示，他在美时曾碰到过一位来自美国《华盛顿邮报》的记者。这位记者自称1983年是美国《华盛顿邮报》驻京记者，去看了莫扎特歌剧《费加罗的婚姻》中文版的演出并发表了文章，所以对章亚伦印象颇深，对当时的演出也赞不绝口。 41年过去，中文版歌剧《费加罗的婚姻》再一次演出。65岁的章亚伦表示，再一次来呈现这个戏，是为了更好地传递郑老师(郑小瑛)说的“洋戏中唱”理念。“通过不同的艺术形式，把世界的名著展现在观众面前，这是我们今天能够做到的。” 曾在美国、德国等国家工作过的歌剧表演艺术家吴晓路，此次在中文版歌剧《费加罗的婚姻》中饰演伯爵夫人。她说，这么多年来，她一直坚守歌剧行业，在海外工作了三十余年时间。“我的愿望是多学习一些世界上优秀歌剧演员所具备的能力，回国后，能够唱好我们自己的语言。” 吴晓路坦言，希望年轻一辈的歌剧演员能够从她们的身上感受到老一辈歌剧演员对歌剧事业的坚守和信念，并把这种精神传承下去。 时隔41年的此次“回闪”演出，由郑小瑛任艺术总监，吴灵芬执棒，著名男中音歌唱家刘克清任复排导演，1983年的原班人马担纲主角，携手厦门歌剧爱乐合唱团、福州海峡交响乐团，以充满油画色彩的现代舞台呈现这部经典歌剧。5月15日晚，中文版歌剧《费加罗的婚姻》将在福州福建大剧院演出。 吴灵芬是1983年莫扎特歌剧《费加罗的婚姻》中文版的指挥，全程参与了历时近一年半的莫扎特歌剧《费加罗的婚姻》中文版排练。吴灵芬表示，40多年后，再见到这帮学生在舞台上，看到了他们在艺术上的成长，特别是在世界各地歌剧舞台上摸爬滚打后，他们对于音乐的理解更加深入。 刘克清作为复排导演和男一号主角费加罗的扮演者，他表示，这次“回闪”演出是一件令全班同学都非常惊喜的事情。歌剧演员本身唱的时间越长，积累的经验越多，演出的效果就越棒。他希望大家能走进剧场，感受这来自40余年前原汁原味的好剧。(完),977,https://www.chinanews.com.cn/cul/2024/05-13/10216129.shtml,婚姻
China News Service,2024/5/13,高额彩礼整治难题背后,发于2024.5.13总第1139期《中国新闻周刊》杂志 近年来，高额彩礼问题受到各界高度关注。中央和地方政府高度重视，出台各类措施整治，倡导婚俗新风。不过，部分地区农村高额彩礼问题仍屡禁不绝，彩礼金额呈现普遍上涨和局部恶化趋势，具有地域和阶层明显分化，助推农村婚姻综合成本居高不下，成为当前农村反映最强烈的社会问题之一。 从我们的调查和数据分析来看，2010年前后，彩礼涨幅开始明显增大，出现持续十余年的高速上涨。 彩礼负担的地域、阶层分化明显。从彩礼地域分布来看，彩礼金额最高的是泛长三角地区，包括江苏(主要是苏南地区)、浙江、福建以及江西等地区，形成一个非常广阔的高彩礼地带；其次是以黄淮海地区为主的华北地区，包括豫东、鲁东和皖北地区；相对来说，云贵川渝等地区则属于低彩礼地区。此外，彩礼还存在明显阶层分化，表现为男方(家庭)条件越好，女方家庭索要彩礼越低，反之，男方家庭支付彩礼越高。 除彩礼外，婚俗名目繁多，婚姻综合成本居高不下。按各地普遍情况来看，男方家庭至少还需要面对大约5~10项以婚俗名义要求的现金支出。譬如改口费、下轿礼、盖头费、“三金”、谢媒礼、年节礼等，具体习俗地域差异较大。如果加上城区房子和汽车，男方家庭婚姻成本往往要超过百万元，婚姻综合成本居高不下，严重超出当地农民家庭的支付能力，河南、江西等经济欠发达的高额彩礼地区，举债结婚的情况屡见不鲜。 为什么会出现高额彩礼屡禁不止的现象、如何对症治理，这是当前需要探讨的问题。 高额彩礼之所以会出现，城镇化影响是根本因素。彩礼的普遍上涨与城镇化的加速几乎同步发生，农民进城买房比较多、县域城镇化推动幅度比较大的地区，同样也是高额彩礼集中地区。这些地区往往也是代际责任较重，父母愿意举毕生积蓄托举子代进城、结婚以实现家庭发展的地区。 城镇化推高了农民新生家庭建立的成本，当在县城买房、过城市生活变成婚姻缔结刚性条件，而大多数县城并没有足够的经济空间供给进城农民家庭以满足养家需求的情况下，女方为寻求婚后生活保障，其索要的彩礼也相应提高。在迅速城镇化过程中，新一代农村青年生活预期普遍在城市而非乡村，而依靠父代托举进城的新建小家庭，想要过上体面的城市生活，通过索要彩礼剥削父辈的方式“一步到位”，往往比通过自己双手艰苦奋斗要简单得多。 另外，性别比失衡是高额彩礼问题在局部恶化的主要原因。婚姻市场性别比失衡程度越高、男多女少情况越严重的地区，婚姻市场竞争越激烈，男性为赢得竞争所支付的彩礼越高。 性别比受两个因素影响较大：一是出生性别比，二是婚姻市场上的人口流动程度。在出生性别比原本就高，同时女性向发达地区流失严重的地区，彩礼价格越高。江西等地区农村就是如此，它本属于全国出生性别比失衡的重灾区，加上毗邻长三角，年轻女性资源大幅度向发达地区聚集，婚姻市场的性别失衡程度在全国是最高的，彩礼价格也较高。广东虽然出生性别比同样偏高，但属于人口流入地区，最终婚姻市场性别比相对均衡，彩礼价格较低。 还需要指出的是，高彩礼偏好正在成为部分地区的普遍社会心理。一是为了攀比，部分地区彩礼水涨船高，确有社会性的面子竞争；二是为了防风险，彩礼的原初意义之一是缔结婚约的保证，在性别不平等的时代，彩礼是女方对男方可能随意解除婚约伤害自身的防风险手段，现在，人们希望彩礼不仅保婚约，还能保一辈子幸福。 在对高彩礼地区调研中发现，通常两性关系较为传统的地区，越认可“女性在婚姻关系中处于弱势”这一观念，越倾向于索要高额彩礼作为婚姻保障。这种情况下，女性及其娘家普遍将彩礼视为“女孩的傍身钱”，是女孩“最后的保障”。高额彩礼使得丈夫和婆家在对待媳妇时有所顾忌，如果婚姻关系破裂，女性还能通过彩礼弥补自己的“青春损失”和生育付出。而这种观念越来越为当下年轻女性所接受，索要高额彩礼逐渐成为一种女性寻求婚姻保障的方式。 可以说，高额彩礼是部分地区正在发生的静悄悄的“生活革命”的具体表现。个体在重构着婚姻观念、家庭观念乃至生活观念。市场经济逻辑、消费主义文化，甚至一些地方的城镇化政策，都在不同层面上推动着这场生活革命的展开。 近些年，各地积极探索各种措施，加大高额彩礼整治力度，也取得了一定的效果。不过，需要指出的是，这些整治措施存在的问题是，治理对象重“单项彩礼”，轻“整体婚俗”。 多地政府出台了彩礼给付标准，比如四川凉山州制定《凉山彝族自治州移风易俗条例》，规定彩礼不得超过10万元。作为高额彩礼重灾区，江西省多地依据当地农村居民人均可支配收入制定了彩礼限额。 但是，这些标准在实践中并不容易执行，而且婚俗名目繁多，即使农民认可政府制定的彩礼金额，也很容易通过其他名目规避。如上文所述，还有改口费、下轿礼、盖头费、“三金”、谢媒礼、年节礼以及房、车等支出。这表明，一些地方对彩礼的认识还比较狭隘，或者满足于应付上级要求，没有真正从婚姻综合成本角度看待彩礼整治问题。 许多地方制定了奖惩结合机制，但从调研来看，正面奖励机制有一定激励作用，但是缺少能够起到强烈震慑效果以扭转社会观念的手段。另外，被寄予厚望的村民自治其实约束效果比较有限。许多地方将彩礼整治的要求纳入村规民约并广泛推广，但婚配行为超越村庄，甚至超越县域，村规民约约束力有其边界。 还有一个因素是，一些地区基层干部存在畏难情绪，抱有机会主义心理，特别是在维稳压力下，基层干部在推动彩礼整治时有畏难情绪。有时候，一项措施出台，遇到部分群众抵触甚至投诉，地方政府会迅速退缩，整治决心不够坚定。 彩礼问题是一个复杂问题，高额彩礼屡屡触动社会神经，折射的是部分地区普遍的婚姻成本焦虑。彩礼及婚俗具有文化象征意义，婚俗成本飙升，违背了礼俗本义，物化了人格与爱情，加剧了婚姻焦虑。包括彩礼在内的婚俗成本的普遍性上涨和局部恶化，说明部分地区在社会转型中已经丧失这方面秩序的自我修复能力，国家必须积极干预，以遏制彩礼上涨直至取缔彩礼为抓手，推动新时代的婚俗革命。 在这个过程中，我们认为有一个问题值得深入思考。当前多地推行的“彩礼限额”，实际上等于政府默认了彩礼的合理性。在市场经济已经深度重塑社会运行逻辑的当下，彩礼是“多与少”的问题，还是“有和无”的问题？ 在新中国成立之初，我国第一部《婚姻法》施行，为了打击包办、买卖婚姻，很长一段时间里，农村是没有彩礼的。而在当下，我国《民法典》第1042条也规定，“禁止包办、买卖婚姻和其他干涉婚姻自由的行为。禁止借婚姻索取财物。” 我们认为，在个体们已经无法妥善解决给不给彩礼、给多少彩礼的情况下，这种时候，政府应该对彩礼明确舆论信号。在全国统一的婚姻市场已然形成的社会形势下，要警惕局部地区彩礼高涨对其他地区可能引发的连锁反应，防止彩礼等婚姻价值物化观念在全社会固化强化。 声明：刊用《中国新闻周刊》稿件务经书面授权 【,2783,https://www.chinanews.com.cn/sh/2024/05-13/10215936.shtml,婚姻;结婚;彩礼;婚俗;婚约;对象
People.cn,2024/5/13,这些年轻人用旅行结婚许下爱情承诺,“旅行结婚中，山川、河流、沙漠、湖泊，都见证了我们的幸福。” 刚结束的“五一”假期，25岁的吴贵洋和左琦峰在老家河南郑州举办了一场简单的旅行结婚答谢宴。此前，他们刚完成了为期半个月的“大西北”旅行结婚。 茶卡盐湖、恰西森林、七彩丹霞、鸣沙山……在那拉提草原上，左琦峰单膝下跪求婚，递给吴贵洋一束鲜花，两人在身后雪山的见证下幸福拥抱。在青海湖漫天纷飞的大雪里，两人手拿“喜”字定格下浪漫瞬间，“婚姻如旅行，未必天天都是好天气，但都是不一样的风景”。 正在筹备婚礼的90后夫妻李然和陈晓婷认真计算了在北京办一场婚礼的开支。酒席大约5000元一桌、婚礼场地费不低于两万元，再加上司仪、摄影、装饰物等开销，总计近40万元，还需要提前很久才能订到满意的地方。最终，他们决定放弃传统婚礼，改为旅行结婚。“相较于既花钱又费心力的仪式，还是把这笔钱花在自己身上比较开心。”李然说。 当下，越来越多年轻人放弃复杂的传统婚礼，选择旅行结婚。相较于有着复杂仪式、高额费用的传统婚礼，这些年轻人更看中“悦己”和“性价比”，以及婚姻本身的意义。 在结婚前，吴贵洋曾参加过朋友的婚宴。按照河南的习俗，婚宴上需要进行双方“拜亲戚”的仪式。“对于‘吃席’的宾客来说，这个流程既漫长又无趣。”吴贵洋暗下决定，“我自己的婚礼，一定要去掉这些繁琐的仪式。” 但在和家长商量时，吴贵洋的妈妈说出顾虑：“不办传统的婚礼，会不会让村里人觉得，你嫁女儿怎么什么仪式都没有，司仪也不找，亲戚也不拜，是不是男方舍不得花钱，不重视你们。”吴贵洋劝妈妈：“不用担心丢面子，也不用在意别人的想法，我们自己活得开心就好。” 在新疆旅行时，吴贵洋和左琦峰遇到了许多“夕阳红”旅行团，“年纪大的叔叔阿姨看到我们举着喜字也不觉得奇怪，说最近看到很多年轻人在这样旅行，都祝福我们。”吴贵洋印象最深的是在青海的察尔汗盐湖，两人把“喜”字打开拍视频，一位游客大声喊：“新婚快乐！”这让吴贵洋非常感动。 吴贵洋把自己旅行结婚的视频发到网上，收获了几千名网友的点赞和评论。“很多人说自己也想这样做，但双方的长辈不太同意。”吴贵洋说，“我希望我们对于旅行结婚的实践，能打破一些传统观念。” 90后浙江女青年吴萌萌的结婚旅行“物美价廉”。她在网上买了一条价值19.9元的头纱，在维也纳买了一条折合人民币100元左右的白裙，开启了为期13天的欧洲结婚之旅。没有彩礼、酒席、接亲，但对于吴萌萌而言，这场旅行结婚实现了她一直以来对于婚礼的期待——自由、随心。 吴萌萌至今还记得，家中姐姐结婚时，酒席摆了六七十桌，订婚和结婚的开销加起来花了70万元。还有同事在老家办婚礼，摆了3天宴席，前两天吃饭，第三天办仪式，开销也很大。而她的欧洲之旅，除去购物，总共花了4.5万元。 在奥地利的戈绍，吴萌萌和丈夫见到了梦想中的生活：“那里有着终年积雪的阿尔卑斯山脉，镇上只有一个超市、一家加油站和一家银行，四处都是绿地，自由的气息散落在草地和空气里，人们在这里安安静静地生活，静谧又美好。” “我看过也参加了很多人的婚礼，很感人、很庞大也很豪华，花费很多。但我更愿意把这笔开销花在我愿意的地方。”结婚旅行结束后，吴萌萌取消了原计划的答谢仪式，把旅行结婚的视频剪辑好，发给了要好的朋友和家人，“我觉得这样就可以了，很酷”。 “时代在变化，我们也都在进步，没有必要按照同一个流程走下去。”在吴贵洋看来，传统的婚礼仪式有它的美好与浪漫之处，但更重要的还是观照自己的内心。“我更喜欢旅行结婚。它的意义在于，旅途中两个人互相照应，更能感受到对方的心意”。 “婚礼可以是我们怀着爱与深情投入其中的任何一种形式，当我们想起这一时刻，都能嘴角上扬。”陈晓婷和李然希望，未来也能在山川万物的见证下，在旅途中许下相爱一生的承诺。（记者 余冰玥）,1563,http://yn.people.com.cn/n2/2024/0513/c372453-40841514.html,婚姻;结婚;彩礼;夫妻;婚礼
People.cn,2024/5/14,学法时习之｜何种情况下应返还彩礼？--社会・法治--人民网,彩礼作为我国婚嫁领域的传统习俗，本应蕴含着对婚姻的美好祝福。但是，近年来，彩礼数额持续走高，攀比之风悄然蔓延，不仅背离了彩礼的初衷，使给付方家庭因彩礼背上了沉重的经济负担，也给婚姻稳定埋下隐患。最高人民法院发布的资料显示，涉彩礼纠纷案件数量近年呈上升趋势。 多少彩礼算“高额”？何种情况下应返还彩礼？人民网梳理了相关案例。 2020年9月，王某某与李某某（女）登记结婚。王某某家在当地属于低收入家庭。为与对方顺利结婚，王某某给付李某某彩礼18.8万元。李某某于2021年4月终止妊娠。因双方家庭矛盾加深，王某某于2022年2月起诉离婚，并请求李某某返还彩礼18.8万元。 审理法院认为，双方当事人由于婚前缺乏了解，婚后亦未建立起深厚感情，婚姻已无存续可能，准予离婚。结合当地经济生活水平及王某某家庭经济情况，王某某所给付的彩礼款18.8万元属于数额过高，事实上造成较重的家庭负担。综合考虑双方共同生活时间较短，女方曾有终止妊娠等事实，为妥善平衡双方当事人利益，化解矛盾纠纷，酌定李某某返还彩礼款56400元。 基于彩礼给付的特定目的，一般情况下，双方已办理结婚登记手续并共同生活，离婚时一方请求返还按照习俗给付的彩礼的，人民法院不予支持。但是，也要看到，给付彩礼的目的除了办理结婚登记这一法定形式要件外，更重要的是双方长期共同生活。因此，共同生活时间长短应当作为确定彩礼是否返还以及返还比例的重要考量因素。本案中，双方共同生活仅一年多时间，给付彩礼的目的尚未全部实现，给付方不存在明显过错，相对于其家庭收入来讲，彩礼数额过高，给付彩礼已造成较重的家庭负担，同时，考虑到终止妊娠对女方身体健康亦造成一定程度的损害等事实，判决酌情返还部分彩礼，能够较好地平衡双方当事人间的利益，引导树立正确的婚恋观，倡导形成文明节俭的婚礼习俗，让婚姻始于爱，让彩礼归于“礼”。 张某与赵某（女）于2018年11月经人介绍相识，自2019年2月起共同生活，于2020年6月生育一子。2021年1月双方举行结婚仪式，至今未办理结婚登记手续。赵某收到张某彩礼款160000元。后双方感情破裂，于2022年8月终止同居关系。张某起诉主张赵某返还80%彩礼，共计128000元。 审理法院认为，双方自2019年2月起即共同生活并按民间习俗举行了婚礼，双方在共同生活期间生育一子，现已年满2周岁，且共同生活期间必然因日常消费及生育、抚养孩子产生相关费用，若在以夫妻名义共同生活数年且已共同养育子女2年后仍要求返还彩礼，对赵某明显不公平，故判决驳回张某的诉讼请求。 已经共同生活的双方因未办理结婚登记手续不具有法律上的夫妻权利义务关系，但在审理彩礼返还纠纷时，不应当忽略共同生活的“夫妻之实”。该共同生活的事实不仅承载着给付彩礼一方的重要目的，也会对女性身心健康产生一定程度的影响，尤其是在孕育子女等情况下。如果仅因未办理结婚登记而要求接受彩礼一方全部返还，有违公平原则，也不利于保护妇女合法权益。本案中，双方当事人虽未办理结婚登记，但按照当地习俗举办了婚礼，双方以夫妻名义共同生活三年有余，且已生育一子。本案判决符合当地风俗习惯，平衡各方当事人利益，特别体现了对妇女合法权益的保护。 潘先生与汪女士于2019年相识，2020年确认恋爱关系并同居。恋爱期间，潘先生为汪女士购买了显示器、名牌鞋等物品，并进行房租、生活费等转账。二人分手后，潘先生要求汪女士返还上述钱物未果，诉至法院。 潘先生诉称，和汪女士交往系以结婚为目的，对于为其购买的礼品及给付金钱，汪女士理应返还。故诉至法院，要求汪女士返还转账以及物品折价共计88217.06元。 汪女士辩称，其与潘先生系在国外学习期间认识并恋爱同居。在双方结束恋爱关系后，潘先生以上门向其父母索要钱财方式逼迫汪女士回到他身边，在索要未果时提起本案诉讼。潘先生购买礼物以及转账等行为均为其自愿赠与行为，汪女士从未胁迫索要。二人同居期间所有日常开销均由汪女士承担，汪女士也曾为潘先生购买高端男士护肤品、鞋子等物品。 法院经审理后认为，潘先生与汪女士恋爱期间，无偿向汪女士转账以及购买物品，双方之间存在赠与合同关系。潘先生虽主张其以结婚目的向汪女士赠与财物，该赠与合同为附条件合同，现该条件无法成就故要求返还赠与财物，但从法院调查的事实看，潘先生在本案中所主张返还的财物，系分多次小额转账或赠送礼物累加的数额，其中不乏有1314、521、52.1、5.21等具有特殊含义的数额款项及发生在2月14日等特殊日期款项，故上述财物赠送应当认定为其为维系感情表达爱意而发生的馈赠或扶助，并非未婚男女以缔结婚姻关系为目的交付的彩礼范畴。结合上述情况，对潘先生关于案涉赠与合同附条件因条件不成就而撤销的主张，法院依法不予支持。 恋爱中的情侣为对方购买物品或者转账的情况较为普遍，一旦感情出现问题，因为在恋爱期间的购物或者转账行为发生纠纷的案例也并不少见。给付一方往往主张该行为系借贷性质或者附条件赠与性质，而收款一方则主张属于无条件赠与。在审理此类案件时，在双方无明确约定的情况下，法院会综合考虑财物价值大小、给付时间、方式，双方的经济往来情况以及经济能力等因素作出判断。 《最高人民法院关于审理彩礼纠纷案件适用法律若干问题的规定》第三条明确了彩礼与一般给付财物的区别，即下列情形给付的财物，不属于彩礼：一方在节日、生日等有特殊纪念意义时点给付的价值不大的礼物、礼金；一方为表达或者增进感情的日常消费性支出；其他价值不大的财物。本案正是符合上述一般给付财物的情形。本案中，男方为女方购买的物品价值未超出日常恋爱合理支出，且女方也提交了相应为男方购买物品的记录，结合双方共同生活的事实，上述购买物品的行为性质应认定为一般性赠与。至于男方的转账、发红包行为，系分多次小额转账，其中既有具有特殊含义的数额款项，也有发生在特殊日期的款项，亦应当认定为一般性赠与性质。 （综合最高人民法院、北京市海淀区人民法院整理）,2448,http://society.people.com.cn/n1/2024/0514/c1008-40235433.html,结婚登记;婚姻;结婚;离婚;婚恋;彩礼;婚嫁;恋爱;夫妻;情侣;婚礼
People.cn,2024/5/14,小心避坑！网络婚恋交友平台套路多,当下，针对青年“脱单难”的痛点，越来越多网络婚恋交友平台推出各式婚配服务。但一些平台利用消费者急于“脱单”的心理，挖坑设套，诱导年轻人花钱购买昂贵的会员服务，却在服务中暴露出会员信息审核不严、实际服务与承诺不符、格式合同显失公平等诸多问题。面对套路繁多的网络婚恋交友平台，年轻人该如何避免“掉坑踩雷”？相关方面如何加强监管，营造公平、开放、友好型网络婚恋交友平台？ 花两万多元购买VIP服务却遭遇不实相亲信息 2023年12月，在广西南宁一家国企工作的韦萍（化名）抱着试一试的心态在珍爱网注册了个人账号。很快，珍爱网工作人员打电话给她，要给她介绍一名优质男性，邀她到南宁本地门店了解。 2023年12月23日，韦萍来到门店，一位红娘表示，珍爱网拥有丰富的会员资源，服务非常专业，可在短期内为她找到合适伴侣，并称珍爱网是严肃的婚恋平台，会通过学信网、个人所得税等平台对会员的婚姻状况、学历、工作单位、收入等基本信息进行把关核实，非常可靠。在红娘的极力推荐下，韦萍购买了为期5个月的VIP服务，价格为24960元，折合下来每个月约4992元。 5天后，红娘向韦萍推荐了男会员王彬（化名）。韦萍看到珍爱网页面显示，王彬的个人资料已通过双重身份认证和多项资料审核，为“美国太平洋大学硕士研究生”及“公司高管”。见面后，王彬声称自己“清迈大学博士在读”。 在红娘的撮合下，两人开始了热恋。在男方的催促下，两人见了双方父母，还去医疗机构做了婚检。但在交往过程中，韦萍越来越觉得不对劲，王彬的言谈常常自相矛盾，有时出现明显漏洞，引起韦萍的怀疑。 相处47天后，在韦萍的要求下，王彬出示了教育部学籍在线验证报告，显示其毕业于广西当地一所专科院校，目前在重庆某高校接受本科阶段的网络教育。通过朋友核实，韦萍得知，王彬的职务也并非珍爱网显示的公司高管，实为某企业劳务派遣人员。 “当时我购买VIP服务时，红娘要求我出示身份证、学历证书原件以及个税信息，才给登记注册，但这个会员显然没有经过正规审核。”韦萍称，这段相亲恋爱经历让她不仅蒙受金钱和时间的损失，感情也受到了伤害。 韦萍维权时，珍爱网南宁分公司相关负责人告知她，今年3月28日，王彬补了一个海外高校的硕士证书给他们，但这个证书并没有通过学信网认证。这位负责人表示，珍爱网会要求每个会员在接受服务前提供证书，但有些会员不配合，他们也没有办法强制性要求会员提供。 韦萍在与另外几名珍爱网男会员见面中了解到，该平台的VIP服务费存在很大差异，“一个月的会员服务费折合下来，有的人两三千元，我却被收了近5000元，销售红娘还说给我优惠了不少”。韦萍认为，珍爱网没有按法律要求公示收费标准，明码标价，服务收费是根据客户收入水平“看人下菜”，“看客户收入高，就多收点儿”。 对此，珍爱网南宁分公司相关负责人回应说，公司在物价局的备案价2400元/月是底价，每个会员的收费还要乘以难度系数和服务周期，“并不是所有会员都是一样的要求，不可能只收底价”。对于这一说法，韦萍并不认同，“红娘在推销服务时曾说我是容易脱单类型，现在又拿难度高来为价格歧视开脱，实在站不住脚。而且珍爱网是按服务时长收费，并非按结果收费，依照难度来界定服务单价是没有依据的”。 根据韦萍与珍爱网签订的合同，会员应当为珍爱网提供真实、有效、合法、完整的身份信息，若会员信息存在欺诈，除受害者追责外，会员要向珍爱网赔偿违约金5万元。若因其他会员或第三方故意隐瞒、恶意欺诈等行为对会员造成损失，珍爱网会提供必要的信息支持与援助，但不承担由此产生的任何后果和责任。 “会员欺诈平台，会员要赔平台5万元；平台给会员介绍基本信息造假的相亲对象，却没有同等的赔偿。”韦萍认为，平台的格式合同有违公平原则。 今年2月，韦萍向珍爱网讨要说法，珍爱网表示将在服务期内继续提供婚介服务，但不愿赔偿违约金。 3月15日，中央广播电视总台“3·15”晚会曝光了珍爱网存在资料审核不严、价格不透明、虚构人物吸引会员消费等问题。韦萍感到自己的遭遇与央视“3·15”晚会曝光的乱象非常相似，她认为自己是“掉坑了”，随即向当地市场监督管理局进行投诉。 4月7日，在南宁市青秀区市场监督管理局东盟市场监督管理所介入下，珍爱网向韦萍退还了与王彬交往期间以及剩余服务期的服务费，但拒绝退还多收取的差价，未赔偿违约金。 中青报·中青网记者通过“天眼查”平台查询发现，珍爱网涉及多起法律诉讼，案由包括劳动争议、委托合同纠纷、肖像权纠纷等。 随着网络婚恋交友兴起，婚恋交友平台问题频发。据媒体报道，2021年12月，陕西一女子刷信用卡在某婚恋交友平台购买了8万元相亲服务，疑遇“婚托”相亲接连失败。其后，平台又以形象有问题为由，诱导她买下两万元的形象课程；2022年10月，广东一女子花费6.88万元购买某婚恋交友平台“婚保”服务，平台承诺一年内保证结婚，但一年后女子仍未结婚，平台拒绝退款；2024年3月，贵州一女子发现自己照片被某婚恋App盗用；2024年3月，媒体报道了某相亲交友平台用专业“聊天员”冒充单身女性，吸引男用户打赏、刷礼物。 中青报·中青网记者在黑猫投诉平台发现，针对各类婚恋交友平台的投诉多达数万条，涉及诱导消费、虚假信息、拒绝退款、不平等条款等内容。 中青报·中青网记者在采访中了解到，一些网络婚恋交友平台在合同和服务环节挖坑设套，涉嫌违法违规，消费者遇到权益受损的情况，应勇敢拿起法律武器，向监管部门和司法机关寻求维权保护。 对于韦萍反映的平台格式合同问题，广东诺臣律师事务所合伙人律师杨治东认为，根据民法典第496条和497条，这种明显加重会员责任且对平台所应承担责任进行不合理的免除/忽略情形，应属无效条款。 “平台应主动承担起相应责任。”杨治东说，一方面，平台不能以所有信息均为用户自主提供为由，忽略自身审核责任：平台应该尽到基本的审核义务，例如对于消费者提供的违法违规或者显然不真实、自相矛盾的信息，不予通过或要求用户进行补正。另一方面，平台方掌握信息和资源，与消费者处于不对等地位，平台方更要秉持诚信原则，不应该用虚假信息欺骗会员，对此应承担更多违约责任。 对于网络相亲交友平台没有对会员信息严格审核，导致其他会员受骗，以及平台捏造虚假人物来诱骗会员充值，杨治东认为，这些做法违反了广告法和反不正当竞争法的相关规定。 《中华人民共和国反不正当竞争法》第八条规定，经营者不得对其商品的性能、功能、质量、销售状况、用户评价、曾获荣誉等作虚假或者引人误解的商业宣传，欺骗、误导消费者。经营者不得通过组织虚假交易等方式，帮助其他经营者进行虚假或者引人误解的商业宣传。该法第二十条对经营者的违法行为明确了处罚标准。 4月15日，深圳市市场监督管理局依据该法，以不正当竞争行为为由，对珍爱网所属的深圳市珍爱网信息技术有限公司处以行政处罚170万元。 对于婚恋平台“看人下菜”的定价方式，杨治东表示，《中华人民共和国价格法》第十四条第（五）项规定，经营者不得在提供相同商品或者服务时，对具有同等交易条件的其他经营者实行价格歧视，否则应按照《价格违法行为行政处罚规定》第四条第（二）项，责令改正，没收违法所得，并处违法所得5倍以下的罚款；没有违法所得的，处10万元以上100万元以下的罚款；情节严重的，责令停业整顿，或者由工商行政管理机关吊销营业执照。 “对于网络相亲交友平台应履行的法律义务、应禁止的行为，我国现有法律已有较为明确的规范，监管部门对于违规行为的查处力度不可谓不大。”杨治东说，现在依然乱象频出，很大程度上是因为价格歧视、婚托等违法行为过于隐蔽，很难为外部所感知。有时，消费者明明上了当，却并不自知，监管、处罚难以启动。即使消费者意识到自己上当受骗，当事人、监管者有时也难以查明具体的违法行为，更难以对违法行为进行取证。 对于婚恋网站出现的违规行为，相关政府部门在不断加强监管和查处力度，促进行业的长远健康发展。2015年，国家网信办牵头，公安部、工信部等有关部门联合开展为期3个月的“婚恋网站严重违规失信”专项整治工作，核查处置网民有效举报线索100余件，依法关闭128家严重违规失信婚恋网站（含网站婚恋频道），并通过约谈等方式责令20余家网站整改或停网整顿。2017年，共青团中央、民政部、国家卫生计生委联合印发《关于进一步做好青年婚恋工作的指导意见》，提出将协调多部门推动实名认证和实名注册在婚恋交友平台严格执行，依法整顿婚介服务市场，严厉打击婚托、婚骗等违法婚介行为。2022年上半年，针对百合网、世纪佳缘、珍爱网等8家婚恋平台存在低俗色情信息破坏网络生态的问题，北京市、上海市、广东省、重庆市网信办分别对8家平台予以约谈，责令其全面清理排查违法违规信息，并分别予以罚款的行政处罚。2023年3月，上海市民政局、市公安局、市市场监管局等部门印发《关于加强上海市婚姻介绍服务机构监管的指导意见（试行）》，加强对上海市婚介机构监督管理，规范和约束婚介机构经营服务行为，强化部门联动，形成监管合力。2024年中央广播电视总台“3·15”晚会曝光了多家婚恋平台利用焦虑“收割”消费者后，深圳、郑州等多地市场监管部门立即对涉事婚恋平台有关问题进行了排查，约谈涉事企业负责人，推进平台企业诚信经营，营造安全放心的消费环境和公平规范有序的市场环境。 广西师范大学法学院副教授、桂林市婚姻家庭纠纷调解委员会咨询专家张融建议，要减少网络婚恋平台乱象，相关部门要加强监管，严格执法。同时，网络用户要提升防范意识和法律意识，在婚恋平台中要提高警惕，小心持续要钱要礼物的“相亲者”，如遭到权益损害，要第一时间寻求法律帮助。此外，要提升婚恋平台的准入门槛，有关部门要严格审批手续，对可能存在乱象风险的婚恋平台，要禁止其上线经营。同时实行一票否决制，对于有过相关违法行为的经营者，勒令其所经营的婚恋平台下线，严重者列入禁止经营婚恋业务“黑名单”。(记者 谢洋 实习生 江畅),4069,http://yn.people.com.cn/n2/2024/0514/c361322-40842691.html,婚姻;结婚;婚恋;婚介;恋爱;相亲;单身;脱单;伴侣;对象
People.cn,2024/5/14,抵制高额彩礼 倡导文明婚俗,近日，根据中央文明办工作要求，省委文明办下发《关于开展“抵制高额彩礼 倡导文明婚俗”宣传引导工作的通知》， 组织全省各级文明办开展专项宣传引导工作，有针对性加强文明培育、文明实践、文明创建，引导广大群众共同抵制陈规陋习，坚决遏制高额彩礼之风，培育文明乡风、良好家风、淳朴民风。 《通知》要求全省各级文明办广泛开展移风易俗文明实践宣传活动，大力宣传中央一号文件有关精神，进一步弘扬社会主义文明新风尚、树立健康、文明、节俭的婚尚理念。会同农办、农业农村、民政、共青团、妇联等部门，以村庄（社区）为单位，组织成立抵制高额彩礼志愿劝导队，上门开展宣讲劝导，发挥共青团、妇联等群团组织作用，搭建农村青年婚恋教育、婚恋交友、婚姻服务平台。依托文明实践阵地开展“婚育新风进万家”等主题宣讲和实践活动，联合司法部门开展移风易俗普法教育，宣讲民法典有关内容。 《通知》要求，加强对婚姻中介、婚庆机构的规范管理和乡村红娘（媒婆）的培训引导，制定婚庆从业者公约，签订新风承诺书。推动成立“义务红娘工作室”，打造婚恋交友、婚前辅导、婚姻关系调适、情感疏导等“一站式”服务平台。把弘扬正确婚恋观作为农村群众文化生活重要内容，创作推广群众喜闻乐见的文艺作品。 《通知》提出，鼓励村委会依托村级综合服务设施等场所，为村民举办婚宴提供便利。鼓励有条件的地区建立农村宴席服务队，明确服务项目、收费标准和服务承诺。组织修订完善村规民约，针对大操大办、铺张浪费、人情攀比、攀比炫富等陋习制定约束性措施。发挥红白理事会、道德评议会、村民议事会等各类群众性组织作用，形成抵制高额彩礼的鲜明导向和良好氛围。 《通知》明确，发挥党员干部以及道德模范、身边好人、“五老”人员、致富带头人等群体示范作用，倡导其带头摒弃和反对收送高额彩礼、婚宴大操大办等陋习。同时，把推进农村高额彩礼综合治理作为文明城市、文明村镇年度测评的重要内容，对参测城市、村镇高额彩礼治理成效进行考核。 据悉，自2022年起，云南省持续开展农村精神文明建设三年行动，围绕高价彩礼、大操大办等农村移风易俗重点领域突出问题开展专项治理。在村规民约和居民公约修订过程中，写入倡导依法婚育、婚事新办，旗帜鲜明反对天价彩礼、大操大办、铺张浪费等内容。2023年，省委文明办联合省民政厅开展首届“云南省寻找最美村规”活动，面向全省征集遴选优秀案例，从上百万村民参与网络投票产生的100个“村规民约”中评选出“十佳最美村规民约”。目前，全省14865个村（居）委会全部完成村规民约和居民公约的修订工作，普遍充实了移风易俗相关内容和约束性措施。全省12710个村（社区）建立了红白理事会，规范红白事办理，有力推动农村婚俗走向健康文明。 省委文明办还联合相关部门在全省农村地区持续开展普及国家通用语言、普及法律知识、 普及科学知识、普及市场意识、普及文明习惯“五个普及”文明实践活动，不断提高农村群众的思想觉悟、道德水准、法治观念、科学素养和文化涵养，在活动中注重普及文明婚俗礼仪，树立良好社会新风尚。（郎晶晶）,1258,http://yn.people.com.cn/n2/2024/0514/c372450-40842747.html,高价彩礼;天价彩礼;婚姻;婚恋;婚育;彩礼;婚俗
People.cn,2024/5/15,为彩礼降温 宁夏婚嫁新风蔚然兴起,近日，自治区党委组织部、宣传部、社会工作部、民政厅等8个部门联合印发通知，通过党建引领、文化浸润、自治提升、婚俗改革等“八项行动”，让“感情是甜蜜婚姻、幸福家庭的压舱石”等理念进一步深入人心，加快推进全区婚俗陋习治理取得更大成效。 宁夏各地通过多种形式推进婚俗改革、移风易俗，婚嫁新风蔚然兴起。石嘴山市惠农区礼和乡银河村党支部副书记马学仁在女儿的婚姻上，带头实行“零彩礼”。村里的红白理事会副会长杨义云担任村“管事”，见证了村风、民风的转变。“如今有了村规民约，按标准操办，红事1天，白事不超过3天，村民自觉遵守。”杨义云说，村里以评选表彰文明家庭、最美家庭、“五星级文明户”、道德模范为抓手，大力推进常态长效治理高额彩礼等婚俗陋习，弘扬婚俗新风。银河村彩礼由过去的8万元至10万元下降到3万元至5万元，酒席标准由以往的1000元至1200元下降到300元至500元。何新平是灵武市崇兴镇龙徐滩村党支部书记，女儿谈婚论嫁时，何新平不要彩礼，自己拿出5万元作为女儿的“结婚基金”，十里八村的群众为之点赞。 吴忠市利通区马莲渠乡柴桥村“新红娘”志愿服务队入户开展移风易俗宣传，越来越多的村民选择婚事新办、简办。村民史振明嫁女儿，男方家给了10万元彩礼，被他果断退回。在利通区，用活村（社区）红白理事会、道德评议会等各类村民自治组织，组建“老娘舅”劝导队、“新红娘”志愿服务队240支，推动全社会树立正确彩礼价值观。 固原市原州区制定相关办法，规定了奖惩措施；以农村56家文化大院为阵地，开展“抵制高额彩礼 倡导文明婚俗”新时代文明实践宣传活动，遏制高价彩礼，助力乡村振兴。三营镇甘沟村，村里人没因为彩礼闹过矛盾。在村干部王小成眼里，“甘沟村推进实施的富民项目越来越多。为彩礼‘降温’，帮婚姻‘减负’，给幸福‘添彩’，主动担当新时代新风尚的倡导者、传播者和实践者的村民越来越多”。官厅镇沙窝村党支部书记余勤国介绍，村里有村规民约，有道德评议会、红白理事会、禁毒禁赌会以及村民议事会，齐发力推动高额彩礼治理，引导社会形成文明风尚。（记者 高菲）,868,http://nx.people.com.cn/n2/2024/0515/c192482-40844354.html,高价彩礼;婚姻;结婚;彩礼;婚俗;婚嫁
People.cn,2024/5/15,承德双桥区举办“抵制高额彩礼 倡导文明婚俗”主题系列宣传引导活动,近年来，承德双桥区深化拓展新时代文明实践中心建设，广泛开展“抵制高额彩礼 倡导文明婚俗”系列宣传活动，引导广大群众共同抵制陈规陋习，培育文明乡风、良好家风、淳朴民风。 “互相攀比恶习乱、儿女结婚像劫难、高额彩礼是歪风、要改变.......”5月13日，在双桥区新时代文明实践中心，一场村民自编自导自演的文艺展演正在火热上演，三句半、歌曲、舞蹈、快板……节目缤彩纷呈，台上载歌载舞，台下掌声不断。这场文艺展演用通俗易懂、喜闻乐见的方式向群众宣传文明新风，引导大家转变旧有的思想观念，坚决抵制高价彩礼，树立正确价值观、恋爱观、婚姻观。 “大家知道彩礼的性质是什么吗？在法律上彩礼被认定为一种附条件的赠与，条件就是结婚......”在“抵制高额彩礼 倡导文明婚俗”的专题宣讲活动中，双桥区人民法院狮子沟人民法庭庭长栾佳为用通俗易懂的语言为大家解读了《最高人民法院关于审理涉彩礼纠纷案件适用法律若干问题的规定》中关于彩礼的认定范围、彩礼与恋爱期间赠与的区别等各类彩礼纠纷的处理。同时，结合实际案例，向群众介绍了高价彩礼的不良影响及如何用法律武器来维护自己在婚姻关系中的合法权益，教育引导群众树立正确的价值观、恋爱观、婚姻观。 据悉，双桥区还通过成立高额彩礼志愿规劝队赴村（社区）上门宣讲劝导，组织修订完善村规民约，广泛开展“摒弃高额彩礼”宣讲等活动在全区形成抵制高额彩礼的鲜明向导和良好氛围。 下一步，双桥区将持续深化拓展新时代文明实践中心建设，把文明实践延伸到农家庭院、村头巷尾、田间地头，让文明新风吹进千家万户，全面营造向上向善向好的浓厚社会风尚。（戴文蛟、曹溢）,680,http://he.people.com.cn/n2/2024/0515/c192235-40844765.html,高价彩礼;婚姻;结婚;彩礼;婚俗;恋爱
China News Service,2024/5/16,农村高价彩礼频现，过半受访青年把适婚者男多女少选为首要因素,近年来，为给农村彩礼“降温”，中央文件多次提及推进高额彩礼综合治理，减轻农村青年的婚嫁负担。近日，中国青年报社社会调查中心联合问卷网 (wenjuan.com)，对1333名青年进行的一项调查显示，破解农村高价彩礼，49.9%的受访青年建议对实行低彩礼、“零彩礼”的新人提供婚后就业、创业支持，47.9%的受访青年建议将拒绝高价彩礼纳入村规民约，移风易俗。 调查中，60.1%的受访青年是农业户口，30.9%的受访青年是城镇户口，但出生在农村。 50.5%受访青年认为农村适婚人群男多女少导致高价彩礼频现 在广东生活的80后刘萍觉得 ，老家江西的彩礼水平相对较高，起步价是18.8万元，很多都在20万元左右，“去年借出去几笔钱，都是家里亲戚为了结婚凑彩礼来借的”。 95后严若寒的老家在江苏宿迁的农村，提到当地的彩礼，他感觉近几年的彩礼数额明显上涨了，结婚的成本也越来越高。 刘萍舅舅的儿子今年“五一”结婚，“新娘在市里上班，结婚要求男方家买房买车，车要20万元以上，彩礼也要20万元以上”。 对于农村高价彩礼频现，50.5%的受访青年归因于农村适婚人群男多女少，女方占据彩礼议价主动权，46.8%的受访青年觉得 与婚恋主要靠相亲介绍，过于看重物质条件有关，43.3%的受访青年指出农村是熟人社会，存在攀比心理。 西安交通大学公共政策与管理学院教授靳小怡近年实地调查发现，一些农村地区出现高价彩礼，主要是因为性别比失衡，男性数量多于女性，提供更高金额的彩礼成为男性成婚的“敲门砖”。同时，农村的父系家族制度及其嫁娶婚姻模式，看重结婚时男方向女方父母进行的经济补偿，而且在乡土的熟人社会中，更容易形成相互攀比的心态，致使彩礼费用不断攀升。 “我的大学同学中有老家是农村的，但在学校找到了对象，毕业没几年就结婚了，很少听他们讨论彩礼问题，基本是象征性地给几万元，体现对女方的尊重。”严若寒说，村里的年轻人找对象基本靠相亲介绍，缺少感情基础，会把双方的条件摆到明面上谈，对男生来说，能提供的彩礼越多，相对越有优势。 靳小怡认为，如果一对年轻人是自由恋爱，有着比较深的感情基础，对彩礼的要求往往不会很苛刻。如果是靠相亲介绍，对方的经济收入、家庭条件则会是重要的参考指标，相应地对彩礼金额也会有更多要求。 “攀比是彩礼费用上涨的重要原因。”严若寒说，老家的人彼此很熟悉，谁家嫁女儿收了多少彩礼大家都能知道，有的人家觉得 自己的女儿各方面条件都不错，彩礼得 要得 高一点儿才能突出女儿的优秀。另外现在网 络发达，一些地方的高价彩礼无形中提高了大家对彩礼的期待值。 此外，39.8%的受访青年认为农村家庭收入水平提升，为支付高彩礼提供了可能，34.7%的受访青年觉得 城市婚恋标准渗透进农村，提升了农村婚嫁消费，32.6%的受访青年认为农村社会保障体系不够完善，嫁女后老人面临养老问题，24.9%的受访青年认为在农村经济发展较差地区，彩礼可以为婚后生活提供保障。 “婚后生活成本降低了，婚前的要求也就减少了” 刘萍说，很多人希望彩礼回归合理区间，但当彩礼金额普遍达到一个水平时，很多人不太愿意低于这个标准嫁女儿。 “女方家长还是想给女儿未来的幸福加一重保障，有了这笔彩礼，小家就有了起始资金。”山西农村的90后张芸丽认为，降低结婚成本，可以从彩礼的用途入手，很多女性将彩礼当作自己生育和抚养子女各类成本的补偿，所以要进一步增进民生福祉，加强保障房建设，优化入托入学政策，“婚后生活成本降低了，婚前的要求也就减少了”。 破解农村高价彩礼，49.9%的受访青年建议对实行低彩礼、“零彩礼”的新人提供婚后就业、创业支持，47.9%的受访青年建议将拒绝高价彩礼纳入村规民约，移风易俗，41.3%的受访青年建议各地根据实际情况，设置彩礼“指导价”进行“限高”。 张芸丽在网 上看到，一些地方由村干部带头，为彩礼金额设置限额，村干部还走访村民，耐心细致做工作，治理高价彩礼取得 一定成效。 在北京工作的70后贺英霞2000年在老家江西萍乡的农村结婚，“老公在家排行老三，两个哥哥都在外地上大学，留给老公娶媳妇的钱不多，当时周围人给我介绍了好多男孩，但我就是看重老公和公婆人品好，老公有一门手艺，能养活自己”。 贺英霞认为，农村属于熟人社会，大家会效仿周围人的行为，如果有人带头推行低彩礼，能慢慢地转变观念，形成文明嫁娶新风尚。她还说，农村人比较好面子，如果由政府或群团组织举办一些集体婚礼，请有威望的人为新人主持婚礼，不仅能营造仪式氛围，还能减轻农村青年结婚负担。 此外，38.6%的受访青年建议为农村青年搭建婚恋平台，拓宽择偶圈，37.6%的受访青年建议加强青年的婚育观教育，推崇自由恋爱，34.5%的受访青年建议健全农村养老体系，解除农民养老的后顾之忧，33.5%的受访青年建议积极利用新媒体网 络平台，宣传嫁娶新风，27.9%的受访青年建议大力推进乡村振兴 ，让农村青年在本地扎根发展，20.6%的受访青年建议推进家风建设，重视对女性权益的保障。 “降低年轻人的结婚成本，仅治理彩礼是不够的，需要有一揽子措施。”靳小怡认为，彩礼作为我国婚姻习俗中的重要内容，不能一味否定，地方政府要结合当地的婚俗文化、风俗习惯，充分考虑不同地区的经济社会状况，有温度地为婚姻减负。其次，要加强教育、就业、医疗等优质资源在城乡间、区域间的合理配置，促进农业转移人口就近城镇化，减轻跨省迁移和大城市高昂的生活成本带来的压力。另外，可以在住房、税收等方面推行一些鼓励性政策，缓解结婚的经济压力。 “弟弟前几年结婚时父母就很发愁，觉得 要准备几十万元，但在沟通中发现弟妹家开明讲理，彩礼只讨了一个好彩头。”刘萍说，婚后弟弟、弟妹一起做小生意，现在车、房都有了。 “我嫁过去的时候家里什么都没有，盖房子借的钱也是婚后我们俩 打工还的，只要两个人一条心，踏踏实实过日子，没有迈不过去的坎儿。”如今贺英霞一家已在北京扎根。“儿子今年也打算结婚了，虽然我们作为男方家长对孩子结婚有所准备，但两个年轻人决定不买钻戒、不追求排场，婚姻仪式简洁温馨就好。” 受访青年中，男性占56.6%，女性占43.4%。经济状况在家乡属于上游的占2.9%，中上游的占23.8%，中游的占50.1%，中下游的占19.7%，下游的占3.5%。家乡(不含港澳台)属于东部地区的占32.4%，中部地区的占43.1%，西部地区的占19.6%，东北地区的占4.9%。 (应受访者要求，严若寒、刘萍、贺英霞为化名),2664,https://www.chinanews.com.cn/sh/2024/05-16/10217493.shtml,高价彩礼;婚姻;结婚;婚恋;婚育;彩礼;婚俗;婚嫁;适婚;恋爱;相亲;择偶;对象;婚礼
China News Service,2024/5/16,近半数受访青年希望农村彩礼在10万元以内,过高的彩礼金额会阻碍 农村青年婚恋，造成很多不良影响，不少地方因地施策为爱“减负”，助力彩礼回归合理区间。大家觉得彩礼金额在什么范围内比较合适？ 近日，中国青年报社社会调查中心联合问卷网(wenjuan.com)，对1333名青年进行的一项调查显示，近半数受访青年希望农村彩礼金额在10万元以内。59.5%的受访青年认为高价彩礼会成为夫妻婚后生活矛盾的诱因，影响感情。 调查中，60.1%的受访青年是农业户口，30.9%的受访青年是城镇户口，但出生在农村。 55.9%的受访青年觉得家乡的彩礼水平高 “据我了解，老家那边的彩礼最低五六万元，高的有20多万元，不过大多在10万元到20万元之间，具体要看个人情况、家庭条件。”老家在江苏宿迁农村的95后严若寒觉得，老家的彩礼金额还算正常，但想要结婚，并不仅是彩礼的问题。 在广东生活的80后刘萍觉得，老家江西的结婚流程比较复杂，订婚时要办一次酒席，还要给女方家准备礼品、红包，光订婚就要花费几万元。加上彩礼、“五金”、正式婚礼宴请和各种费用，结婚的花费很高。 对于农村的彩礼情况，55.9%的受访青年觉得家乡的彩礼水平高，34.2%的受访青年觉得一般，属于正常水平，7.9%的受访青年觉得低，2.0%的受访青年不太了解。 严若寒说，在县城有套房是婚恋市场的入场券，有车更好。到了谈婚论嫁的阶段，还需要准备“三金”“五金”之类的首饰，拍婚纱照、办酒席、请司仪、接车的租金等费用，同样是笔不小的开销。“即使彩礼只要十来万元，但其他费用加在一起也二三十万元了，对于农村家庭来说，是笔较大的开支，如果个人存款不足，还需要掏父母的养老钱。” 调查中，69.2%的受访青年感觉家乡的彩礼金额给男方本人及其家庭带来的负担重。73.3%的受访青年认为高价彩礼是横在农村青年结婚路上的一道“坎”。 “一个家庭里有两三个儿子的，女方家会担心以后几个儿子在财产上分配不均，所以对彩礼金额的要求会比较高。”刘萍说，一些农村家庭为了儿子结婚，掏出了家里的全部积蓄，有的还可能欠有外债。 对于农村高价彩礼的影响，59.5%的受访青年认为会成为夫妻婚后生活矛盾的诱因，影响感情，57.5%的受访青年指出因彩礼引发的离婚纠纷、民间借贷纠纷增多，57.2%的受访青年认为会使一些家庭因婚返贫，为了娶媳妇而负债，50.0%的受访青年觉得会导致一些农村适龄青年“结婚难”，35.9%的受访青年认为给社会风气带来不良影响，激化了社会矛盾。 “如果彩礼数额不是在双方理性讨论的情况下确定的，会给之后的婚姻生活埋下一颗雷。”严若寒觉得，如果在协商彩礼的过程中发生不愉快，双方又缺乏感情基础，会影响婚后生活。 “刚结婚的堂哥的彩礼是跟亲戚借的，新婚妻子还不知道这件事，这可能成为他们婚后的一个矛盾点。”刘萍说。 农村彩礼金额多少合适？近半数受访青年希望在10万元以内 农村彩礼金额多少比较能接受？15.8%的受访青年认为是5万元以内，32.5%的受访青年认为是5-10万元，合计有48.3%的受访青年希望彩礼金额在10万元以下。其他金额区间的接受比例分别为：10-15万元(21.1%)、15-20万元(18.5%)、20-25万元(7.7%)、25-30万元(3.5%)、30万元以上(0.9%)。 “农村家庭一个人一年就赚两三万元，现在的彩礼基本是一个人5年甚至10年的收入。”刘萍认为，彩礼金额是一个人在当地一两年的收入比较合理。 彩礼的分配和使用也是大家关心的问题。刘萍说，在农村地区女方家长觉得没有儿子养老，就要多留些钱在手上，所以一些女方家长会自己留下彩礼，但更多的情况是女方家庭留一部分，剩下的返还小家庭，比如20万元左右的彩礼，女方家留下5万元用于婚宴等花费，剩下的返还回去。 严若寒觉得有彩礼无可厚非，毕竟是一种传统风俗。但他觉得，现在彩礼的作用有点被过度放大了，彩礼多少成了是否有面子的体现，彩礼成为结婚前双方家庭讨价还价的焦点，似乎将婚姻异化成了买卖。 有些地方政府或村委会依据当地的实际情况和民风民俗，为彩礼划定“限高线”“指导价”，严若寒觉得这是有益的尝试，可以在一定程度上避免高价彩礼的出现，但他也比较关心落实情况如何，“每个家庭的情况都不一样，彩礼‘指导价’要得到当地居民的认同，不能‘一刀切’”。 严若寒还希望，地方政府能更重视年轻人的交友问题，搭建官方的交友平台，让年轻人拥有互相认识了解的机会，找到志同道合的另一半。 受访农村青年中，男性占56.6%，女性占43.4%。经济状况在家乡属于上游的占2.9%，中上游的占23.8%，中游的占50.1%，中下游的占19.7%，下游的占3.5%。家乡(不含港澳台)属于东部地区的占32.4%，中部地区的占43.1%，西部地区的占19.6%，东北地区的占4.9%。,1970,https://www.chinanews.com.cn/sh/2024/05-16/10217491.shtml,高价彩礼;婚姻;结婚;离婚;婚恋;彩礼;夫妻;另一半;婚礼
People.cn,2024/5/16,南阳市宛城区开展“抵制高额彩礼倡导文明婚俗”文明实践活动,5月14日，由南阳市宛城区新时代文明实践中心组织开展的“抵制高额彩礼倡导文明婚俗”文明实践活动走进黄台岗镇刘宋营村，文明实践志愿者们走村入户，为辖区群众宣传普及有关移风易俗的科学知识，引导广大村民主动摒弃陈规陋习，树立正确的爱情观、婚姻观，践行文明婚嫁新风尚。 “我前段还听人说起有家人因为当初的高彩礼，欠了不少外债，打工好几年才勉强还上，俩人新婚生活本应是高高兴兴的，结果呢是累死累活，就为了当初那点‘面子’，所以说，高价彩礼要不得，特别是咱生活刚有点好转的老乡们……”活动现场，中宣部基层理论宣讲先进个人、全国最美志愿者、宛城区百姓宣讲团团长梁海磊用通俗的语言给大家讲身边的“故事”，引起了不少村民的共鸣。 “咱这大多数都要彩礼，老传统了，说婚事新办，也不能真的就不给彩礼了，让人知道了不笑话俺？” “笑话？实际上他们羡慕还来不及呢，这个事情可不能跟人攀比，光想着面子好看，不让人看笑话，那最后是苦了自己，苦了孩子们。”刘宋营村新时代文明实践站外，面对乡亲们的担忧顾虑，梁海磊为他们“出谋划策”，“现在咱每个村都有‘红白理事会’，大家都知道吧，婚丧嫁娶上遇到拿不定主意的、商量不好的，别慌，找他们，管用！”一场真情实意的宣讲让不少村民在思想上有了转变，“幸福生活不是靠彩礼维持的，而是靠双手奋斗出来的。”一位村民微笑着说。 活动中，村民们纷纷在“抵制高额彩礼倡导文明婚俗”横幅上签名承诺，要从自身做起，以实际行动抵制高额彩礼，争做新时代婚俗理念的践行者、倡导者、传播者。 近年来，宛城区不断深化移风易俗工作，充分发挥基层“一约四会”的群众自治自主作用，主动创作“移风易俗”主题文艺作品，广泛开展先进典型的选树、移风易俗主题宣讲等活动，培育乡风文明，助力乡村振兴。（南阳市宛城区委宣传部供稿 作者孟德会）,753,http://henan.people.com.cn/n2/2024/0516/c378397-40846504.html,高价彩礼;婚姻;彩礼;婚俗;婚嫁
People.cn,2024/5/16,宁夏开展农村高额彩礼专项治理建设文明乡风,5月15日，记者从自治区党委农办了解到，根据自治区党委办公厅、自治区政府办公厅发布的《关于持续开展农村高额彩礼专项治理建设文明乡风的实施意见》，宁夏将坚持精准施策和系统治理相结合，力争今年底全区农村彩礼倡导性标准实现行政村全覆盖。 实施意见明确在全区范围内持续开展治理，又充分考虑各地经济社会发展水平和风俗习惯，以原州区、西吉县、海原县、同心县、红寺堡区、盐池县、隆德县、泾源县、彭阳县9个乡村振兴重点帮扶县，兴庆区、西夏区、永宁县、中宁县4个易地搬迁农村居民较多的县为重点区域，以农村脱贫人口、防止返贫监测对象和具有高额彩礼倾向的群体为重点人群，力求取得实效。 实施意见提出2024年高额彩礼、人情攀比、铺张浪费等婚俗陋习有效遏制和2025年婚俗陋习现象显著减少的目标，又明确2026年专项治理成果持续巩固、2027年农民群众自我管理、自觉践行婚俗新风的长效机制基本形成的目标。同时，提出彩礼水平逐步降低和农村结婚率稳步提升两个成果一起实现。 实施意见指出，在全区范围内开展治理，突出重点地区、重点区域和重点人群。各地根据经济社会发展水平和风俗习惯，引导村民委员会确定彩礼、礼金、婚宴倡导性标准。积极鼓励“低彩礼”，大力倡导“零彩礼”。对治理重点区域，实行自治区部门包县、市级领导包乡、县级领导包村、乡镇干部和村“两委”成员包户。 此外，实施意见还首次将农村高额彩礼等问题投诉纳入12345便民服务热线、12388纪检监察机关专用举报电话和12380组织系统专用举报电话受理内容，近期向社会全面公开，便于群众反映问题和社会监督。（记者 何耐江）,673,http://nx.people.com.cn/n2/2024/0516/c192482-40845728.html,结婚;彩礼;婚俗;对象
China News Service,2024/5/17,年轻人的婚恋观：寻找灵魂契合的“快乐搭子”,年轻人的婚恋观：寻找灵魂契合的“快乐搭子” 记者探访成都人民公园相亲角发现，多数人择偶更注重兴趣相投三观契合 近日，上海人民公园的相亲角“新角”火了。“老二次元”“偏爱会过日子会员男”……网友在这里发现了不少“炸裂”的自我介绍和要求，被大伙儿调侃“年轻人开始整顿相亲市场了”。 5月15日，华西都市报、封面新闻记者前往成都人民公园相亲角探访。在五花八门的征婚信息中，不少介绍都列举了个人的兴趣爱好及个性：“本人爱好b站、徒步、宠物和园艺，寻求志同道合伴侣”“本人身高160厘米，可爱无敌美少女”“本人男，喜欢自驾吃货一枚”……不难看出，如今年轻人越来越注重三观、兴趣爱好方面的契合，这也是两人能否一起创造幸福生活的根本逻辑。 松弛的年轻人：热衷介绍兴趣爱好 车子房子已不是最重要选择 在成都人民公园的相亲角，挂架上挂满了征婚信息，其中既有60后、70后的中老年人，还有“当打之年”的80后、90后，甚至还有刚刚达到法定结婚年龄的00后。 “偏好崇尚简单生活的女性”“兴趣阅读、美食、旅行”……不少年轻人如同开学第一课般介绍自己的姓名、性格、兴趣爱好，个别还会附上旅游或自拍照片。记者看到，其中一位年轻人还在征婚信息上写明自己曾获得全国武术比赛亚军、全国微电影比赛一等奖等。以往对于职业、工作单位性质、收入、有无房车等要求已呈逐渐弱化趋势，有无共同兴趣爱好、人品等成为征婚信息上的高频词句。 在五花八门的征婚信息中，各种网感金句频现，“本人身高160厘米，可爱无敌美少女，hold得住御姐扮得了萝莉，蹲一个阳光开朗宝藏男孩”“本人男，喜欢自驾的吃货一枚”“没玩够的、丁克主义勿扰！”相比一板一眼的介绍，这样的措辞多了几分“搭伙过日子吧”的松弛和快乐感觉。 “我觉得车子房子不是最重要的，主要是合眼缘。”今年29岁的小玉(化名)来自成都市郫都区，她希望寻到一个灵魂契合的“快乐搭子”。小玉告诉记者，年轻人现在的要求更加抽象化，但是往往抽象的也是最难的，精神上的契合并不是靠三言两语就能确定，而需要长期的相处。 尽管在相亲角“挂了号”，但小玉表示一切随缘，婚姻大事不必急于求成。 焦虑谨慎的父母：不少人来自外地“圈子窄”是孩子相亲难的主因 操心孩子婚姻大事的叔叔孃孃们是相亲角的主力军，不少人一大早就带着老三样——保温瓶、小凳子和征婚信息，来到人头攒动的成都人民公园相亲角，一边晒太阳一边为自家孩子寻良缘。 与年轻人不同，父母们更看重相亲对象的经济基础和硬性条件。 “你家是儿子还是女儿？”“在哪里工作？”“哪里买的房？”相互陌生的大爷大妈们在几秒钟的眼神接触后，便如同对暗号一般，压低声音快速询问对方，彼此无意后便分道扬镳。 记者注意到，这里大部分家长都操着外地口音。来自吉林长春的张阿姨是背着儿子偷偷来为其征婚的，像其他略显焦虑的父母一样，她对前来询问的大爷大妈们热情地打开手机相册，左右滑动着一张张照片，“这是我儿子，帅吧？学历也高工作也好，就是不开窍啊，一心扑在工作上，没找女朋友。”张阿姨告诉记者，由于自己老家不在这里，亲戚朋友不多，社交圈子也很窄，所以孩子的人生大事迟迟没有着落，急坏了他们老两口。 “成都的确是个包容的城市。”70岁的谢阿姨说，自己一家曾经在北京定居，前不久才来到成都。她认为这里的相亲氛围远没有北京、深圳、上海的相亲角那么紧张，对房子和户口没有偏执的标准，“在这里生活很开心，只是孩子的终身大事一直是块心病。” 从“身高年龄学历”“有车有房”“国企工作有编制”的硬性要求，到“爱好相同”“有共同话题”，小小相亲角是整个社会相亲新气象的一个缩影。 年轻人以自我的方式重新“定义”相亲，折射出他们对精神更加契合、三观更加吻合的婚恋文化的莫大期许。 “执子之手，与子偕老”，物质条件固然重要，但倘若彼此价值观、生活理念、兴趣爱好不能相融认同，又如何能够过好这一生？ 随着社会的发展，年轻人的婚恋观也在不断演变。作为父母，何不以开放包容的心态，尊重子女的独立思考和自主选择，让年轻人的爱情多些“双向奔赴”呢。 华西都市报-封面新闻记者杨芮雯雷远东摄影报道 【,1688,https://www.chinanews.com.cn/life/2024/05-17/10218229.shtml,婚姻;结婚;婚恋;相亲;择偶;伴侣;对象
China News Service,2024/5/17,新婚俗观革新 别让高价彩礼成为婚姻幸福的“拦路石”,原标题：来一场新婚俗的观念革新 别让高价彩礼成为婚姻幸福的“拦路石” 在四川成都工作的江西姑娘梁怡，期待在今年完成“人生大事”。但因为20万元的彩礼，她和相爱两年多的男友张玮玮，迟迟确定不了婚期。 “我本人对彩礼没什么概念，但我妈看得很重。”为彩礼这事，梁怡有些焦虑。她母亲认为，彩礼低了就是“白养了女儿20多年”。男友张玮玮是土生土长的四川人，他周围的朋友彩礼大多只是象征性的几万元，还有不少人举办“零彩礼”婚礼，张玮玮父母接受不了这么高的彩礼数额。 如何迈过20万元的彩礼门槛，不只是这两个年轻人要面对的一道考题。 “不能出20万元彩礼，并不代表我不爱梁怡。”张玮玮坚定地说。 今年春节，梁怡带张玮玮见了父母，“我爸妈对他各方面都挺满意的”。张玮玮在互联网公司工作，收入稳定，还会做家务、很体贴人，出去玩时“他会把行程安排得妥妥当当”。 刚毕业不久的张玮玮没存下多少积蓄，让他苦恼的是，“婚事肯定要靠父母帮忙，但我父母接受不了这么高的彩礼”。 而梁怡的母亲对彩礼“很坚持”，“我妈不仅和身边亲戚朋友交流彩礼多少，还会去婚姻介绍所咨询红娘，得知在老家彩礼大都在18万元-38万元。” “那么多亲戚朋友都拿了二三十万元的彩礼，如果你不要彩礼就嫁过去，我多没面子，像是白送了别人一个女儿。”在梁怡母亲看来，彩礼既是男方经济实力的体现，也是女儿在婆家幸福生活的保障。 “我是独生女，我妈不需要用彩礼钱买房买车，为什么她就不肯让步呢？”梁怡不理解母亲的坚持，母女俩为彩礼争论不休。 梁怡认为，现在已不是过去“嫁娶”的观念了，没必要强调“婆家”和“娘家”的分别，“我们两人是通过结婚组建起一个新家庭，都应该为这个‘小家’付出努力”。 “当前，很多年轻人的婚姻观念已经更新，但有些老一辈人仍停留在旧婚俗观念中，难免与年轻人发生碰撞。”西南交通大学教授杨一帆在调研中发现，年轻人的真实意愿往往容易被父母等长辈忽略。 2021年4月，民政部确定15地为全国婚俗改革实验区，成都市武侯区位列其中。武侯区民政局在全区建设多个社区婚姻家庭辅导站，联合区法院、区检察院等多部门力量，为居民提供婚前教育、情感辅导、纠纷调解等服务。 武侯区玉林北路社区党委副书记李斌从事这一工作已有12年，他深感陈旧观念对年轻人婚姻影响之深，“很多人的婚恋问题，会归结到原生家庭的观念上”。 在玉林北路社区驻点的婚姻家庭辅导员杨媚媚，对前来寻求婚姻辅导的年轻女性唐玲(化名)印象深刻。 第一段婚姻中，唐玲受到父母观念的影响，择偶时把经济条件作为首要考虑因素，她认为，“没有好的物质基础，谈感情是没有用的”。 她的丈夫很有经济实力，但婚后生活并不如愿。“只要我一生气，他就给我钱，让我买东西。”唐玲始终感受不到爱意，两人最终离婚。 去年，唐玲走进玉林北路社区婚姻家庭辅导站，“我还是对婚姻有所期待，但不知道哪里出了问题。”她说。 杨媚媚梳理后发现，爱情观的偏差让唐玲在婚姻中碰壁，“第一次婚姻失败后，她又相了好多次亲，但仍然只看经济条件，而不注重人品，相亲都以失败告终”。 “这样下去很难找到真爱。”唐玲的父母也受邀进入婚姻家庭辅导站，通过辅导，他们共同认识到婚姻价值观的偏差。更务实、更注重情感交流，目前，唐玲已重新开始一段婚姻。 “可能男方收入没有那么高，但两人的‘三观’很一致，最近有了可爱的宝宝。”杨媚媚说，唐玲至今和她保持联系，非常感谢她的帮助。 自2021年起，武侯区民政局在玉林北路社区中开展常态化婚姻辅导服务与婚俗改革宣传，进行婚俗文化街坊调查，举办婚俗文化讲座、法治大讲堂等宣传活动，内容聚焦传播优良婚俗理念，引导摒弃天价彩礼、铺张浪费、随礼攀比等不良习俗。 在杨一帆看来，倡导婚俗领域移风易俗，是对“面子”文化、攀比观念的革新，“在现代文明社会，婚姻自由不仅意味着个人有权选择自己的伴侣，还包括选择与伴侣共同认可的婚礼形式和婚姻生活方式”。 如今在成都，越来越多年轻人以“低彩礼”“零彩礼”为新风尚。相关部门积极作为，为引领新婚俗打造各类主题场景。 5月1日，玉林北路社区的婚恋主题文化街区亮相，亮眼的粉色为街道增添了浪漫气息：120米长的街道被粉刷一新，路面有粉色的爱情宣言，路边有粉色的互动装置，头顶还有错落有致的粉色灯笼…… “五一”假期，这条街道成了“打卡地”，许多年轻人来到这里感受甜蜜氛围。采访中，多名受访者表达对彩礼的态度：“彩礼只是心意，我父母更在意我喜不喜欢这个人。”“家里长辈对彩礼没什么要求，我们双方都应该为婚事出力。”“极简婚礼就好，我们不喜欢大操大办”。 “我和父母终于达成一致了，结婚‘零彩礼’！”5月初，梁怡开心地告诉中青报·中青网记者，双方父母会把原本用作彩礼和嫁妆的钱，合成一笔“结婚钱”，“让我们自己做主”。 西安交通大学马克思主义学院助理教授段朱清观察到，目前，有的地方政策只堵不疏，一些举措表面上可以消除天价彩礼现象，但是没有根治。她认为，应该尊重不同家庭、不同地域间的差异化情况，避免“一刀切”。 她建议，地方政府在推动移风易俗工作时充分结合当地情况，包括性别比结构、本地人口外流情况，关注青年群体择偶存在哪些困难，具体分析择偶资源、就业保障以及教育程度提升等问题，多元化创新治理举措，对“症”下“药”才能“药到病除”。 在段朱清看来，恋爱与婚姻要建立在两性平等、互相尊重、彼此沟通、量力而行的基础之上，是一种理性的、主动的选择，这样的婚恋观才会让婚姻始于爱，让彩礼归于“礼”，使其回归“礼节”的表达，而不背负过多的重担。 “社会文化的重塑需要时间。”杨一帆认为，政府和社会机构可以举办相关主题活动，如婚前教育课程、家庭关系讲座等，增强公众对于彩礼的正确认识。 据介绍，像玉林北路社区这样，将婚俗改革作为移风易俗重要抓手的社区新时代文明实践站，武侯区共有72个。武侯区文明办积极推动民政、工会、团委、妇联等资源下沉实践所、站等基层阵地，围绕传承优秀婚俗文化、弘扬文明婚俗新风，广泛开展“转角遇见爱”婚俗改革宣讲、民法典婚姻家庭普法解读、“我们的节日·七夕”民俗文化体验等文明实践活动，引导群众树立正确的婚姻观、家庭观，不断提高市民文明素养和城市文明程度。 李斌希望，将社区婚恋主题文化街区打造成一个集爱情始发地和爱情殿堂于一身的生活场景，“我们后续会陆续引入‘户外颁证’‘爱恋市集’等场景，让爱情在这里诞生，让良好婚俗在这里发扬”。 中青报·中青网见习记者 刘胤衡 记者 王鑫昕,2648,https://www.chinanews.com.cn/sh/2024/05-17/10218195.shtml,高价彩礼;天价彩礼;婚姻;结婚;离婚;婚恋;彩礼;婚俗;恋爱;相亲;择偶;伴侣;婚礼
People.cn,2024/5/17,云南多措并举遏制高额彩礼,“婚礼应该充满喜庆和祝福，而不是恶俗和尴尬。我们要正确看待婚礼仪式。”几天来，“抵制高额彩礼倡导文明婚俗”主题宣传活动相继在昆明各区开展，文明办、团委、妇联等多部门倡议年轻人举办婚礼量力而行，尽量能免则免、能减则减，用旅游结婚、集体婚礼等方式彰显文明节俭的新风尚。 为遏制高额彩礼之风，日前，云南省委文明办下发通知，要求农业农村办公室、民政、共青团、妇联等部门，以村庄（社区）为单位，组织成立抵制高额彩礼志愿劝导队，上门开展宣讲劝导；加强对婚姻中介、婚庆机构的规范管理和乡村红娘的培训引导，制定婚庆从业者公约，签订新风承诺书；推动成立“义务红娘工作室”，打造婚恋交友、婚前辅导、婚姻关系调适、情感疏导等“一站式”服务平台；鼓励村委会依托村级综合服务设施等场所，为村民举办婚宴提供便利；有条件的地区建立农村宴席服务队，明确服务项目、收费标准和服务承诺。 据悉，2022年以来，云南围绕高价彩礼、大操大办等农村突出问题开展专项治理。在村规民约和居民公约修订过程中，写入倡导依法婚育、婚事新办。2023年，首届“云南省寻找最美村规”活动在社会上引起了广泛关注，上百万村民参与网络投票。目前，全省14865个村（居）委会全部完成村规民约和居民公约的修订工作，加入了移风易俗相关内容和约束性措施。全省12710个村（社区）建立了红白理事会，以规范红白事办理，推动农村婚俗走向健康文明。（张文凌）,592,http://yn.people.com.cn/n2/2024/0517/c378439-40846889.html,高价彩礼;婚姻;结婚;婚恋;婚育;彩礼;婚俗;婚礼
People.cn,2024/5/17,别让高价彩礼成为婚姻幸福的“拦路石”,5月11日，四川成都。玉林北路社区，年轻人在特色文化街区拍照打卡。刘胤衡/摄 在四川成都工作的江西姑娘梁怡，期待在今年完成“人生大事”。但因为20万元的彩礼，她和相爱两年多的男友张玮玮，迟迟确定不了婚期。 “我本人对彩礼没什么概念，但我妈看得很重。”为彩礼这事，梁怡有些焦虑。她母亲认为，彩礼低了就是“白养了女儿20多年”。男友张玮玮是土生土长的四川人，他周围的朋友彩礼大多只是象征性的几万元，还有不少人举办“零彩礼”婚礼，张玮玮父母接受不了这么高的彩礼数额。 如何迈过20万元的彩礼门槛，不只是这两个年轻人要面对的一道考题。 “不能出20万元彩礼，并不代表我不爱梁怡。”张玮玮坚定地说。 今年春节，梁怡带张玮玮见了父母，“我爸妈对他各方面都挺满意的”。张玮玮在互联网公司工作，收入稳定，还会做家务、很体贴人，出去玩时“他会把行程安排得妥妥当当”。 刚毕业不久的张玮玮没存下多少积蓄，让他苦恼的是，“婚事肯定要靠父母帮忙，但我父母接受不了这么高的彩礼”。 而梁怡的母亲对彩礼“很坚持”，“我妈不仅和身边亲戚朋友交流彩礼多少，还会去婚姻介绍所咨询红娘，得知在老家彩礼大都在18万元-38万元。” “那么多亲戚朋友都拿了二三十万元的彩礼，如果你不要彩礼就嫁过去，我多没面子，像是白送了别人一个女儿。”在梁怡母亲看来，彩礼既是男方经济实力的体现，也是女儿在婆家幸福生活的保障。 “我是独生女，我妈不需要用彩礼钱买房买车，为什么她就不肯让步呢？”梁怡不理解母亲的坚持，母女俩为彩礼争论不休。 梁怡认为，现在已不是过去“嫁娶”的观念了，没必要强调“婆家”和“娘家”的分别，“我们两人是通过结婚组建起一个新家庭，都应该为这个‘小家’付出努力”。 “当前，很多年轻人的婚姻观念已经更新，但有些老一辈人仍停留在旧婚俗观念中，难免与年轻人发生碰撞。”西南交通大学教授杨一帆在调研中发现，年轻人的真实意愿往往容易被父母等长辈忽略。 2021年4月，民政部确定15地为全国婚俗改革实验区，成都市武侯区位列其中。武侯区民政局在全区建设多个社区婚姻家庭辅导站，联合区法院、区检察院等多部门力量，为居民提供婚前教育、情感辅导、纠纷调解等服务。 武侯区玉林北路社区党委副书记李斌从事这一工作已有12年，他深感陈旧观念对年轻人婚姻影响之深，“很多人的婚恋问题，会归结到原生家庭的观念上”。 在玉林北路社区驻点的婚姻家庭辅导员杨媚媚，对前来寻求婚姻辅导的年轻女性唐玲（化名）印象深刻。 第一段婚姻中，唐玲受到父母观念的影响，择偶时把经济条件作为首要考虑因素，她认为，“没有好的物质基础，谈感情是没有用的”。 她的丈夫很有经济实力，但婚后生活并不如愿。“只要我一生气，他就给我钱，让我买东西。”唐玲始终感受不到爱意，两人最终离婚。 去年，唐玲走进玉林北路社区婚姻家庭辅导站，“我还是对婚姻有所期待，但不知道哪里出了问题。”她说。 杨媚媚梳理后发现，爱情观的偏差让唐玲在婚姻中碰壁，“第一次婚姻失败后，她又相了好多次亲，但仍然只看经济条件，而不注重人品，相亲都以失败告终”。 “这样下去很难找到真爱。”唐玲的父母也受邀进入婚姻家庭辅导站，通过辅导，他们共同认识到婚姻价值观的偏差。更务实、更注重情感交流，目前，唐玲已重新开始一段婚姻。 “可能男方收入没有那么高，但两人的‘三观’很一致，最近有了可爱的宝宝。”杨媚媚说，唐玲至今和她保持联系，非常感谢她的帮助。 自2021年起，武侯区民政局在玉林北路社区中开展常态化婚姻辅导服务与婚俗改革宣传，进行婚俗文化街坊调查，举办婚俗文化讲座、法治大讲堂等宣传活动，内容聚焦传播优良婚俗理念，引导摒弃天价彩礼、铺张浪费、随礼攀比等不良习俗。 在杨一帆看来，倡导婚俗领域移风易俗，是对“面子”文化、攀比观念的革新，“在现代文明社会，婚姻自由不仅意味着个人有权选择自己的伴侣，还包括选择与伴侣共同认可的婚礼形式和婚姻生活方式”。 如今在成都，越来越多年轻人以“低彩礼”“零彩礼”为新风尚。相关部门积极作为，为引领新婚俗打造各类主题场景。 5月1日，玉林北路社区的婚恋主题文化街区亮相，亮眼的粉色为街道增添了浪漫气息：120米长的街道被粉刷一新，路面有粉色的爱情宣言，路边有粉色的互动装置，头顶还有错落有致的粉色灯笼…… “五一”假期，这条街道成了“打卡地”，许多年轻人来到这里感受甜蜜氛围。采访中，多名受访者表达对彩礼的态度：“彩礼只是心意，我父母更在意我喜不喜欢这个人。”“家里长辈对彩礼没什么要求，我们双方都应该为婚事出力。”“极简婚礼就好，我们不喜欢大操大办”。 “我和父母终于达成一致了，结婚‘零彩礼’！”5月初，梁怡开心地告诉中青报·中青网记者，双方父母会把原本用作彩礼和嫁妆的钱，合成一笔“结婚钱”，“让我们自己做主”。 西安交通大学马克思主义学院助理教授段朱清观察到，目前，有的地方政策只堵不疏，一些举措表面上可以消除天价彩礼现象，但是没有根治。她认为，应该尊重不同家庭、不同地域间的差异化情况，避免“一刀切”。 她建议，地方政府在推动移风易俗工作时充分结合当地情况，包括性别比结构、本地人口外流情况，关注青年群体择偶存在哪些困难，具体分析择偶资源、就业保障以及教育程度提升等问题，多元化创新治理举措，对“症”下“药”才能“药到病除”。 在段朱清看来，恋爱与婚姻要建立在两性平等、互相尊重、彼此沟通、量力而行的基础之上，是一种理性的、主动的选择，这样的婚恋观才会让婚姻始于爱，让彩礼归于“礼”，使其回归“礼节”的表达，而不背负过多的重担。 “社会文化的重塑需要时间。”杨一帆认为，政府和社会机构可以举办相关主题活动，如婚前教育课程、家庭关系讲座等，增强公众对于彩礼的正确认识。 据介绍，像玉林北路社区这样，将婚俗改革作为移风易俗重要抓手的社区新时代文明实践站，武侯区共有72个。武侯区文明办积极推动民政、工会、团委、妇联等资源下沉实践所、站等基层阵地，围绕传承优秀婚俗文化、弘扬文明婚俗新风，广泛开展“转角遇见爱”婚俗改革宣讲、民法典婚姻家庭普法解读、“我们的节日·七夕”民俗文化体验等文明实践活动，引导群众树立正确的婚姻观、家庭观，不断提高市民文明素养和城市文明程度。 李斌希望，将社区婚恋主题文化街区打造成一个集爱情始发地和爱情殿堂于一身的生活场景，“我们后续会陆续引入‘户外颁证’‘爱恋市集’等场景，让爱情在这里诞生，让良好婚俗在这里发扬”。（刘胤衡 王鑫昕）,2638,http://yn.people.com.cn/n2/2024/0517/c378440-40846888.html,高价彩礼;天价彩礼;婚姻;结婚;离婚;婚恋;彩礼;婚俗;恋爱;相亲;择偶;伴侣;婚礼
People.cn,2024/5/19,“爱恋长株潭”青年人才交友：共赴昭山之约 建证幸福生活,5月18日，在中建五局投资开发的中建·昭山印象项目现场成功举办第三届“爱恋长株潭”青年人才交友暨中建五局华中片区青年单身联谊活动，共有来自长株潭三市各行各业、中建五局华中片区近200名优秀单身青年到场，瞰江河湖山胜景，共赴青春浪漫之约。 此次活动由共青团湖南省委、共青团长沙市委、共青团株洲市委、共青团湘潭市委联合主办，中建五局、中建五局投资公司、中建·昭山印象项目承办，为青年提供“浪漫一站式”服务，开启520幸福通道。 活动现场，青年们经过爱心巴士交友趴、甜蜜环湖爱心跑、音乐喷泉定情局等一系列趣味互动环节，感受如同爱情电影般的浪漫邂逅，打破初识的拘谨，在轻松愉快的氛围中渐渐放下顾虑、拉近距离。 在互动中相识、在交流中相知，活动现场气氛热烈，到处洋溢着浓厚的甜蜜氛围。据不完全统计，当天现场有二十余对男女嘉宾成功牵手。 本次活动也是中建五局贯彻落实《中长期青年发展规划（2016-2025年）》对青年交友相关工作的要求，让广大青年感受湖湘城市魅力。（杨忠、吕涵宇）,435,http://hn.people.com.cn/n2/2024/0519/c356884-40849284.html,单身
People.cn,2024/5/19,江西崇仁县举行2024年“不要彩礼要幸福”集体婚礼,5月17日上午，2024年江西省抚州市崇仁县“不要彩礼要幸福”集体婚礼在县行政中心广场举行。在亲友及社会各界的见证下，16对新人在集体婚礼中喜结连理，携手走向婚姻的殿堂。 在精彩的鼓舞表演和温馨浪漫的歌唱后，集体婚礼正式开始。一对对新人穿着中式秀禾服，手持大红绸，缓步红毯，走向喜堂，体验了一把满满的中式礼仪：迈火盆、跨马鞍、踏米袋、掀盖头、拜天地、结礼发、共饮合卺酒……随后，他们在亲友、嘉宾面前共同宣读婚礼誓言。 新人周琳杰、黎凯燕分享了感受：“今天参加这个集体婚礼，虽然简约但是特别的光荣，这将对我们人生有重要的意义。” 在观看了集体婚礼后，市民周淑芳说：“我觉得‘不要彩礼要幸福’的集体婚礼很好，向广大群众宣传这种新的婚礼观，不要给幸福增加压力，这样也不会让广大群众形成攀比的心理。”（黄建辉、章心婷）,355,http://jx.people.com.cn/n2/2024/0519/c186330-40849038.html,婚姻;彩礼;婚礼
CCTV,2024/5/20,“520”遇见“小满” 北京迎来婚姻登记高峰,今天是二十四节气的小满，又恰逢5月20日，北京各婚姻登记机构新婚登记预约十分“火爆”， 单日预约登记量达3231对，为今年以来登记高峰，21日全市预约量也突破3000对。 20日，北京市共举办集体婚礼2场、集体颁证10场、其他特色活动17场次。各地通过在婚姻登记机关循环播放安全须知、设置隔离栏、安排专门工作人员、设立独立休息区等多种方式，维护好新人登记现场秩序。北京市民政局还派专人以“四不两直”方式对全市婚登机构开展督导检查，确保高峰日期间婚姻登记工作安全平稳有序，以优质高效的服务满足新人办证需求。 截至5月20日16时，北京全市共办理婚姻登记2616对。其中，海淀区办理婚姻登记对数最多，共办理351对。,306,https://news.cctv.com/2024/05/20/ARTITPPKI8X5QFgUi0eJmwGO240520.shtml,婚姻登记;婚姻;婚礼
CCTV,2024/5/20,广州市5月20日共办理婚姻登记1598对,央视网消息 （ 记者 魏鑫 ） “ 520 ” 遇上 “ 小满 ” ， 散发 “ 爱情丰收 ”之意 。 记者从广州市民政局获悉 ， 5 月 20 日当 天 ，广州市共办理婚姻登记 1598 对，其中办理跨省市婚姻登记 616 对 。 据介绍，5月20日当天，广州市各婚姻登记机关为新人们准备了形式多样的婚俗改革系列活动和“甜蜜礼包”，弘扬“重登记、强责任、崇节俭”婚俗新风。 在荔湾区，广州首个社区婚俗文化馆揭牌，通过实物和情景再现等形式介绍婚俗文化中的三书六礼、婚俗变迁和西关婚俗等内容，向泮塘文化街区游客和居民传播广府婚俗文化。 天河区开展“情定天河·爱满天德”户外集体结婚颁证活动，新人们可以自行DIY个性化书法喜扇或对联，在精美古风场景“宋韵婚书”中合照留影，打卡“飞行花轿”，收获一次仪式感满满的集体婚礼体验。 黄埔区举办特色水上集体婚礼和融德里婚俗改革示范街区授牌仪式，结合传统婚俗元素和现代需求的同时，为新人提供了独特的婚礼体验，展现了“小型婚礼，大美婚俗”的新理念。 广州市民政局表示，接下来，将持续强化“花城有囍”结婚颁证和“花城有爱”婚姻家庭辅导服务品牌，进一步打造高质量服务型婚姻登记机关，强化社区婚姻家庭辅导百堂公益课服务和婚俗改革示范社区建设，营造婚俗改革浓厚氛围，倡导全社会形成正确的婚姻家庭价值取向。,565,https://local.cctv.com/2024/05/20/ARTI1wqqPjSQoYaqhTx9fTJ9240520.shtml,婚姻登记;婚姻;结婚;婚俗;婚礼
CCTV,2024/5/20,抵制“天价彩礼” 推进移风易俗,彩礼风俗古已有之，是一项传统婚俗，也是婚姻中男方展现诚意、表达情感的方式，蕴含着期盼与尊重。然而，在农村一些地方，彩礼却逐渐变了味，不仅被当成婚姻的“准入门槛”，还被当成了获利手段。 前不久，我回老家，偶然听到几位长辈闲谈，谈到某家女儿学历高，能要到高额彩礼，就可以“享福”了，言语中把婚姻当成了一门生意。彩礼由“礼”变成了“利”，异化了朴素的情感。 结婚时讨要高额彩礼，使彩礼失去原本美好的寓意，变成相互攀比的工具，助长了“讲排场”“比阔气”等不良风气，无益于建设文明乡风。同时，对部分农村适婚青年来说，居高不下的彩礼还加重了家庭经济负担，甚至可能导致借债结婚。 由“礼”变成了“利”，高额彩礼扭曲了婚姻和爱情的本质，还产生了许多社会危害。期待有关部门发力整治，遏制高额彩礼。 近年来，全国各地积极倡导婚事简办，但高额彩礼仍屡禁不止，一个重要原因就是存在攀比心理。 在农村一些地方，彩礼被视为家庭经济实力和社会地位的象征。因为害怕自家彩礼数额不高丢面子，引发闲言碎语，甚至被大家看不起，于是，在现实生活中，别人彩礼中有的自己家也要有；别人彩礼中没有的，也要想尽办法准备，彩礼价格便水涨船高。在一些地区，彩礼甚至成为显示财力的“道具”，为了维护家庭的体面与地位，有的人不得不花费巨大代价去凑高额彩礼，给家庭带来沉重的经济负担。 彩礼本是婚姻礼俗的组成部分，重在表达情感，不应成为攀比和炫耀的工具。建议有关部门、新闻媒体能引导公众树立正确的价值观，倡导健康的婚姻观念，反对对于物质的过度追求。还可以多开展讲座等教育活动，以案说法讲清楚高额彩礼的危害，鼓励公众进一步理解彩礼内涵，而不是只看重金额。 农村往往成为高额彩礼现象的多发地，一个重要原因是“养儿防老”观念依然盛行。一些父母会在女儿出嫁时索要高额彩礼，想为自己的老年生活提供一定的经济保障。要想扭转这一观念，需要尽快健全完善农村养老保障体系。 应加快建立健全农村养老保险制度，因地制宜，逐步扩大农村养老保险覆盖面与覆盖人群，稳步推进农村养老保险立法项目，确保农民从农村养老保险中受益。加强教育、就业、医疗、社保等优质资源在城乡间、区域间的合理配置。加强养老保障知识的宣传普及，积极引导农民参加社会养老保险，让老人了解政策、明确权益、增强信心，不将自身养老维系在儿女婚姻大事上，不以收取高额彩礼作为保障养老的手段。 让更多农村老人享受到充分的养老保障，安心度过晚年生活，有助于让农村年轻人摆脱高额彩礼的束缚，拥有更加健康、和谐的婚姻生活。 高额彩礼这一陈规陋习给一些农村家庭带来了沉重负担。我身边就有适龄青年因高额彩礼背上了沉重债务，还有的因担心高额彩礼而不想结婚甚至害怕结婚。 法律是准绳，应当依靠法治破除陈规陋习，维护农村社会婚俗健康文明。民法典明确规定，禁止借婚姻索取财物。借婚姻索取财物违反了婚姻自由原则，以彩礼为名借婚姻索取财物也应当予以治理。建议有关部门在充分调研的基础上，尽快出台相应的规范性文件，明确彩礼在法律意义上的性质和定位，将彩礼与一般赠与区分开来。同时，进一步完善彩礼返还规则，充分考虑现实生活中的各种情况，维护各方利益。 应注重发挥村规民约的积极作用，把抵制高额彩礼、大操大办等纳入村规民约、居民公约之中。同时，积极创新集体婚礼等新式婚俗礼仪，简化传统婚礼仪式，倡导符合新时代年轻人需求的婚礼形式，使高额彩礼得到有效抑制。,1400,https://news.cctv.com/2024/05/20/ARTI6pE09hLyRg7mn6O0BCkw240520.shtml,天价彩礼;婚姻;结婚;彩礼;婚俗;适婚;婚礼
China News Service,2024/5/20,“520”逢小满 京城逾3200对新人登记结婚,视频：“5·20”遇到“小满” 领证新人：人生小满胜万全 女士紧牵双手等待登记，“找到了一生的知己，又有这个好日子作为纪念，让我们觉得特别有收获。” 因谐音“我爱你”，5月20日是备受青睐的结婚登记日之一。今年5月20日适逢中国农历二十四节气中的小满，北京迎来婚姻登记高峰。记者从北京市民政局获悉，当天，北京共有3231对新人预约婚姻登记。 在北京市东城区婚姻登记事务中心(简称“中心”)，爱意溢满了服务大厅。该中心主任王涛介绍，当天有超200对新人网上预约在中心婚姻登记。为方便新人，中心提前30分钟办公，8时30分准时服务，增开窗口至9个，如遇上午时段未办理完毕，午间采取轮休方式，不间断办证业务。 记者在中心看到，门口布置了粉红色装饰、“LOVE”字样的雕塑等景观。展板上，最新的婚姻登记“跨省通办”政策、夫妻的基本权利和义务、婚俗改革倡导等内容供新人了解。 “520”的婚登中心，仪式感满满。王晗早晨6时起床，为自己制作了一束特别的气球花束。她的头纱上，还布满了彩色小球。“因为他一直把我当成小朋友来照顾，我们就决定今天打扮得童真一点。”王晗说，相恋以来，彼此的关心和爱护让这份感情更加坚固，也会让二人越来越幸福。 “从今天开始，我们将共同肩负起婚姻赋予我们的责任和义务……”10时10分，集体宣誓在颁证大厅举行。中心还向参与集体颁证的新人送上“同心锁”刺绣抱枕，寓意携手同心，共赴美好未来。 王爽一进中心大门就收到了工作人员送上的玫瑰花。经历了异地恋后，来自河北的她和在北京工作的爱人孙英博打算在天津定居。“领证只是一个开始，我们已经做好准备一起面对柴米油盐，共度漫长岁月。”她说。 “弥补了之前的小小遗憾。”王女士告诉记者，自己和爱人方先生在举行婚礼时由于时间紧张，取消了宣誓环节。“今天能在这里宣誓，也是一种缘分。”二人计划下个月到四川、西藏度蜜月。谈及未来，他们说，“人生小满就好，小满最好。”(完),808,https://www.chinanews.com.cn/sh/2024/05-20/10220211.shtml,婚姻登记;结婚登记;婚姻;结婚;婚俗;夫妻;婚礼
China News Service,2024/5/20,两个月涨粉30万 政务APP里的相亲平台为啥火？,中新网 杭州5月20日电(鲍梦妮)今年3月，因为有年轻人在社交媒体上分享了自己的婚恋经历，浙江政务APP“浙里办”中的相亲交友平台“亲青恋”火了。过去两个月时间，其已新增30万注册用户。 “那段时间嗓子都哑掉了。”突如其来的火爆让“亲青恋”的红娘志愿者王顺娥没有想到。 “以前在街道当红娘的时候，基本上是父母找我给子女相亲，提出的择偶要求也是父母期待的女婿或儿媳妇。现在都是小年轻自己在网上注册报名，比较积极，我去牵线就顺利很多。”王顺娥的话音未落，“相亲热线”又响起。电话那头，多数是在“亲青恋”平台上找到心仪对象后，委托红娘推进联系的用户。 一个政务APP中的相亲交友平台为啥能火？ 原因之一在于“靠谱”。2016年，共青团浙江省委员会(下称“共青团浙江省委”)发起一次摸排了解当代青年“操心事”“烦心事”的网络征集活动，发现婚恋交友问题是他们的主要诉求之一。由此，共青团浙江省委于2017年正式发起“亲青恋”，为单身适龄青年提供婚恋交友公益服务。 如今，该平台已接入民政、公安、教育、人社、司法、发改等政府部门的数据，可比对注册者的婚姻状况、籍贯、学历、社保、犯罪记录、信用评价等信息。用户在提交注册信息后，需通过平台审核成为认证会员，才能使用交友服务。 得益于此，不少用户将在该平台上相亲，形容为“政府发对象”。“90后”女生徐美芳与丈夫正是相识于“亲青恋”的线下活动。“‘亲青恋’给了我们很大的安全感，所以我们俩迈出第一步比较顺利。”徐美芳说。 从数据看，青年是该平台的“主力军”。截至5月20日，“亲青恋”认证会员数已超过48万。其中，“90后”占62.92%，“00后”占20.69%。 “长期埋头于格子间敲写代码，与人交往的技能明显退化。”31岁的小远(化名)调侃自己是真“社恐”。像小远这样的青年不在少数——担心场面尴尬、说话紧张、没有共同语言……这些也是他们不敢迈出交友第一步的主要原因。 怎样让想交友的单身青年放下心理负担、消除紧张情绪，线下轻松交友？ “我们让青年在各类有趣的互动中与对方邂逅。就像当下年轻人间流行的‘搭子’文化，青年可以先根据自己的兴趣选择想要参加的活动，然后以寻找‘搭子’这种轻松愉悦的心态结交异性朋友。”共青团浙江省委相关负责人介绍。 按照“青年爱好什么，活动就聚焦什么”作为内容策划的依据，“亲青恋”已陆续推出草坪露营、City walk、飞盘、腰旗橄榄球、剧本杀、登山、读书会等形式的线下交友活动。 5月20日，该平台走进舟山嵊泗花鸟岛，为浙江省11个地市的新人代表举办独具海岛风情的浪漫婚礼。据统计，共青团浙江省委依托“亲青恋”，已开展各类交友联谊活动4774场，服务单身青年150万人次。仅2023年一年，就开展了活动1560余场。 除关注趣味性外，“亲青恋”还注重内涵和价值引领。 近年来，年轻人对婚宴、彩礼等婚俗与家庭责任、生育价值等问题的观念正在发生变化。 对此，“亲青恋”聘请十余位公众人物和心理咨询专家组成“爱享学院导师团”，通过线上咨询、婚恋讲堂、面对面沟通等多种方式，用专业的知识为青年解答情感困惑，释放思想压力、缓解婚姻焦虑，引导青年了解并接受新型婚育文化。 “年轻人容易被网络上的片面的说辞影响，对爱情与婚姻持悲观的想法。”一位恋爱导师表示，恋爱和婚姻没有固定答案，要以积极、认真的心态去应对。 “我们能做的是搭建平台、把把关，鼓励单身青年朋友勇敢走出来交朋友。谈恋爱过程中吵架了，红娘也会帮忙开导调解。”共青团浙江省委相关负责人表示，“谈恋爱这件事，最后还要看当事人自己”。(完),1477,https://www.chinanews.com.cn/sh/2024/05-20/10220378.shtml,婚姻;婚恋;婚育;彩礼;婚俗;恋爱;相亲;单身;择偶;对象;婚礼
People.cn,2024/5/20,佳节相遇 恋人浪漫登记,人民网成都5月20日电 （记者朱虹）5月20日，因谐音“我爱你”，不少新人选择在这一天登记结婚。今年的5月20日恰好又是二十四节气中的“小满”日，俗话说“人生小满胜万全”，公历日子的谐音与农历节气的浪漫撞了一个满怀。 今日一大早，记者发现成都市锦江区合江亭婚登处来了不少登记结婚的恋人。与此同时，锦江区还为10对佳人在锦江区合江亭公园举行了集体婚礼。 据悉，自2021年以来，在四川省、市民政部门的指导下，成都市锦江区已连续举办了4届“锦遇良缘”系列集体婚礼活动。活动公开招募8对新婚青年情侣和2对相濡以沫的银发夫妇作为此次集体婚礼和颁证的主角对象。近年来，成都市锦江区以国家级婚姻登记服务标准化试点为契机，不断提升婚姻服务水平，持续巩固四川省婚俗改革实验区建设成果。以合江亭婚姻登记处串联起“1.314爱情专线”，传承千年历史文脉、聚集人气，激活沿线消费和业态，带动成都中心城区的有机更新。,396,http://sc.people.com.cn/n2/2024/0520/c345509-40850183.html,婚姻登记;婚姻;结婚;婚俗;对象;情侣;恋人;婚礼
People.cn,2024/5/20,抵制“天价彩礼” 推进移风易俗（金台视线）--社会・法治--人民网,彩礼风俗古已有之，是一项传统婚俗，也是婚姻中男方展现诚意、表达情感的方式，蕴含着期盼与尊重。然而，在农村一些地方，彩礼却逐渐变了味，不仅被当成婚姻的“准入门槛”，还被当成了获利手段。 前不久，我回老家，偶然听到几位长辈闲谈，谈到某家女儿学历高，能要到高额彩礼，就可以“享福”了，言语中把婚姻当成了一门生意。彩礼由“礼”变成了“利”，异化了朴素的情感。 结婚时讨要高额彩礼，使彩礼失去原本美好的寓意，变成相互攀比的工具，助长了“讲排场”“比阔气”等不良风气，无益于建设文明乡风。同时，对部分农村适婚青年来说，居高不下的彩礼还加重了家庭经济负担，甚至可能导致借债结婚。 由“礼”变成了“利”，高额彩礼扭曲了婚姻和爱情的本质，还产生了许多社会危害。期待有关部门发力整治，遏制高额彩礼。 近年来，全国各地积极倡导婚事简办，但高额彩礼仍屡禁不止，一个重要原因就是存在攀比心理。 在农村一些地方，彩礼被视为家庭经济实力和社会地位的象征。因为害怕自家彩礼数额不高丢面子，引发闲言碎语，甚至被大家看不起，于是，在现实生活中，别人彩礼中有的自己家也要有；别人彩礼中没有的，也要想尽办法准备，彩礼价格便水涨船高。在一些地区，彩礼甚至成为显示财力的“道具”，为了维护家庭的体面与地位，有的人不得不花费巨大代价去凑高额彩礼，给家庭带来沉重的经济负担。 彩礼本是婚姻礼俗的组成部分，重在表达情感，不应成为攀比和炫耀的工具。建议有关部门、新闻媒体能引导公众树立正确的价值观，倡导健康的婚姻观念，反对对于物质的过度追求。还可以多开展讲座等教育活动，以案说法讲清楚高额彩礼的危害，鼓励公众进一步理解彩礼内涵，而不是只看重金额。 农村往往成为高额彩礼现象的多发地，一个重要原因是“养儿防老”观念依然盛行。一些父母会在女儿出嫁时索要高额彩礼，想为自己的老年生活提供一定的经济保障。要想扭转这一观念，需要尽快健全完善农村养老保障体系。 应加快建立健全农村养老保险制度，因地制宜，逐步扩大农村养老保险覆盖面与覆盖人群，稳步推进农村养老保险立法项目，确保农民从农村养老保险中受益。加强教育、就业、医疗、社保等优质资源在城乡间、区域间的合理配置。加强养老保障知识的宣传普及，积极引导农民参加社会养老保险，让老人了解政策、明确权益、增强信心，不将自身养老维系在儿女婚姻大事上，不以收取高额彩礼作为保障养老的手段。 让更多农村老人享受到充分的养老保障，安心度过晚年生活，有助于让农村年轻人摆脱高额彩礼的束缚，拥有更加健康、和谐的婚姻生活。 高额彩礼这一陈规陋习给一些农村家庭带来了沉重负担。我身边就有适龄青年因高额彩礼背上了沉重债务，还有的因担心高额彩礼而不想结婚甚至害怕结婚。 法律是准绳，应当依靠法治破除陈规陋习，维护农村社会婚俗健康文明。民法典明确规定，禁止借婚姻索取财物。借婚姻索取财物违反了婚姻自由原则，以彩礼为名借婚姻索取财物也应当予以治理。建议有关部门在充分调研的基础上，尽快出台相应的规范性文件，明确彩礼在法律意义上的性质和定位，将彩礼与一般赠与区分开来。同时，进一步完善彩礼返还规则，充分考虑现实生活中的各种情况，维护各方利益。 应注重发挥村规民约的积极作用，把抵制高额彩礼、大操大办等纳入村规民约、居民公约之中。同时，积极创新集体婚礼等新式婚俗礼仪，简化传统婚礼仪式，倡导符合新时代年轻人需求的婚礼形式，使高额彩礼得到有效抑制。 《 人民日报 》（ 2024年05月20日 07 版）,1428,http://society.people.com.cn/n1/2024/0520/c1008-40238909.html,天价彩礼;婚姻;结婚;彩礼;婚俗;适婚;婚礼
People.cn,2024/5/20,江西信丰：婚嫁新风沙龙共话文明新风尚,5月18日，在江西信丰县新时代文明实践中心，一场别开生面的“婚嫁新风 为爱起航”文明实践沙龙活动热烈举行。50余名适龄女青年家长、未婚女青年代表共同参加此次活动，共同探讨新时代下的婚嫁新风尚。 “现在的彩礼风气确实得改改了，不能让婚姻变成一场‘买卖’。”一位中年妇女的话音刚落，便引起了在场众人的共鸣。信丰县“橙双橙对”公益红娘志愿服务队副队长温欣接过话茬，她以《婚嫁新风 幸福婚姻》为题，深入浅出地分析了父母与子女在婚恋观念上的差异，以及高额彩礼背后的社会现象，呼吁大家树立正确的婚恋观。 “法律是红线，彩礼纠纷也不能例外。”江西海融（信丰）律师事务所的徐泽英律师以法律人的严谨，为大家解读了《最高人民法院关于审理涉彩礼纠纷案件适用法律若干问题的规定》，并结合典型案例，让在场的家长们对彩礼问题有了更深刻的认识。 “我们‘橙双橙对’公益红娘志愿服务队，就是要为大家的婚恋问题搭建一个平台，让爱情更加纯粹，让婚姻更加幸福。”副队长张帆手持倡议书，声情并茂地宣读着，倡导大家树立文明新风，简化婚丧嫁娶仪式，减轻“人情负担”。 活动现场，城市社区花园路社区居民代表带来的非洲鼓表演，更是将现场气氛推向了高潮。欢快的鼓点，仿佛也在诉说着新时代下人们对幸福生活的美好追求。 此外，信丰县“橙双橙对”公益红娘志愿服务队队长黄金兰也义务为大家介绍讲解婚姻咨询服务、信息登记等内容。随后，参会人员在志愿者的引导下在县新时代文明实践中心参观“信丰好人”展览及“榜样的力量”宣传墙，通过聆听讲解的方式，深化群众对身边好人的了解，以道德典型为引领，以凡人善举感召群众崇德向善。 座谈交流环节，有关领导与“橙双橙对”公益红娘志愿服务队主要成员及居民代表进行了座谈交流，分别就高额彩礼与婚恋习俗谈认识、谈体会，通过经历分享、观念碰撞，共同探讨移风易俗的破题重难点。赵瑛主任更是语重心长地对大家说：“我们要做婚嫁新风的行动者、新型婚俗的引领者、文明新风的宣传者。让彩礼回归‘礼’的本质，让婚姻始于爱情，让真情成为生活的基石。” 随着活动的深入，与会人员纷纷表示，将积极响应倡议，共同营造家庭和睦、社会和谐的良好氛围。这场沙龙活动，不仅是一次关于婚嫁新风的热烈讨论，更是一次关于文明新风尚的深入传播。（王珺、刘阳春）,944,http://jx.people.com.cn/n2/2024/0520/c186330-40850656.html,婚姻;婚恋;彩礼;婚俗;婚嫁
People.cn,2024/5/20,河北隆化开展“抵制高额彩礼 倡导文明婚俗”宣讲活动,近日，河北省承德市隆化县在新时代文明实践中心开展“抵制高额彩礼 倡导文明婚俗”宣讲活动，各乡镇、安州街道村民代表共300余人参加。 活动现场，县法院、县司法局宣讲人员就《关于审理涉彩礼纠纷案件适用法律若干问题的规定》《民法典》相关法律条文等内容进行详细解读，从道德认知、道德教育和价值引领环节抓起，把喜事简办、喜事新办等内容纳入理论宣讲活动。 随后，“百姓宣讲社”宣讲员把党的创新理论、惠民政策传递给在场群众，以身边人、身边事教育引导群众，倡导群众从自我家庭做起，以自己的实际行动营造健康向上、崇德向善的文明新风，推进党的创新理论传播，助推乡风文明建设。 下一步，该县将继续加强正面宣传引导，注重传统媒体和新媒体的有机结合，不断创新普法宣传的形式与载体，通过张贴移风易俗宣传标语、发放倡议书、组织专题宣讲等形式，倡导“抵制高额彩礼 倡导文明婚俗”，切实减轻人情负担，大力营造婚嫁新观念、新风尚的良好社会氛围。（张雪峰、王一琪）,413,http://he.people.com.cn/n2/2024/0520/c192235-40850181.html,彩礼;婚俗;婚嫁
People.cn,2024/5/20,金台视线｜抵制“天价彩礼” 推进移风易俗--领导留言板--人民网,彩礼风俗古已有之，是一项传统婚俗，也是婚姻中男方展现诚意、表达情感的方式，蕴含着期盼与尊重。然而，在农村一些地方，彩礼却逐渐变了味，不仅被当成婚姻的“准入门槛”，还被当成了获利手段。 前不久，我回老家，偶然听到几位长辈闲谈，谈到某家女儿学历高，能要到高额彩礼，就可以“享福”了，言语中把婚姻当成了一门生意。彩礼由“礼”变成了“利”，异化了朴素的情感。 结婚时讨要高额彩礼，使彩礼失去原本美好的寓意，变成相互攀比的工具，助长了“讲排场”“比阔气”等不良风气，无益于建设文明乡风。同时，对部分农村适婚青年来说，居高不下的彩礼还加重了家庭经济负担，甚至可能导致借债结婚。 由“礼”变成了“利”，高额彩礼扭曲了婚姻和爱情的本质，还产生了许多社会危害。期待有关部门发力整治，遏制高额彩礼。 近年来，全国各地积极倡导婚事简办，但高额彩礼仍屡禁不止，一个重要原因就是存在攀比心理。 在农村一些地方，彩礼被视为家庭经济实力和社会地位的象征。因为害怕自家彩礼数额不高丢面子，引发闲言碎语，甚至被大家看不起，于是，在现实生活中，别人彩礼中有的自己家也要有；别人彩礼中没有的，也要想尽办法准备，彩礼价格便水涨船高。在一些地区，彩礼甚至成为显示财力的“道具”，为了维护家庭的体面与地位，有的人不得不花费巨大代价去凑高额彩礼，给家庭带来沉重的经济负担。 彩礼本是婚姻礼俗的组成部分，重在表达情感，不应成为攀比和炫耀的工具。建议有关部门、新闻媒体能引导公众树立正确的价值观，倡导健康的婚姻观念，反对对于物质的过度追求。还可以多开展讲座等教育活动，以案说法讲清楚高额彩礼的危害，鼓励公众进一步理解彩礼内涵，而不是只看重金额。 农村往往成为高额彩礼现象的多发地，一个重要原因是“养儿防老”观念依然盛行。一些父母会在女儿出嫁时索要高额彩礼，想为自己的老年生活提供一定的经济保障。要想扭转这一观念，需要尽快健全完善农村养老保障体系。 应加快建立健全农村养老保险制度，因地制宜，逐步扩大农村养老保险覆盖面与覆盖人群，稳步推进农村养老保险立法项目，确保农民从农村养老保险中受益。加强教育、就业、医疗、社保等优质资源在城乡间、区域间的合理配置。加强养老保障知识的宣传普及，积极引导农民参加社会养老保险，让老人了解政策、明确权益、增强信心，不将自身养老维系在儿女婚姻大事上，不以收取高额彩礼作为保障养老的手段。 让更多农村老人享受到充分的养老保障，安心度过晚年生活，有助于让农村年轻人摆脱高额彩礼的束缚，拥有更加健康、和谐的婚姻生活。 高额彩礼这一陈规陋习给一些农村家庭带来了沉重负担。我身边就有适龄青年因高额彩礼背上了沉重债务，还有的因担心高额彩礼而不想结婚甚至害怕结婚。 法律是准绳，应当依靠法治破除陈规陋习，维护农村社会婚俗健康文明。民法典明确规定，禁止借婚姻索取财物。借婚姻索取财物违反了婚姻自由原则，以彩礼为名借婚姻索取财物也应当予以治理。建议有关部门在充分调研的基础上，尽快出台相应的规范性文件，明确彩礼在法律意义上的性质和定位，将彩礼与一般赠与区分开来。同时，进一步完善彩礼返还规则，充分考虑现实生活中的各种情况，维护各方利益。 应注重发挥村规民约的积极作用，把抵制高额彩礼、大操大办等纳入村规民约、居民公约之中。同时，积极创新集体婚礼等新式婚俗礼仪，简化传统婚礼仪式，倡导符合新时代年轻人需求的婚礼形式，使高额彩礼得到有效抑制。 动辄几十万元，“三金”不够要“五金”，甚至要“五金一钻”……一段时间以来，高额彩礼成为社会公众的热议话题。每一次对彩礼话题的热议，都牵动着适龄青年及其身后家庭的敏感神经。 作为一种传统的婚姻习俗，彩礼以男方送给女方礼物的形式，代表着缔约征信、以彩示和、寓意吉祥，是双方相互信重的象征，蕴含着深厚的礼仪文化。然而，有的地方彩礼“礼”的功能逐渐削弱，“利”的目的日益彰显。一纸彩礼清单，异化为衡量婚姻价值的门槛。 高额彩礼并不只是居高的金额数值，其背后还隐藏着一系列的社会问题。比如，有的家庭因彩礼借贷背上债务，给新人婚后生活埋下隐患；有的青年因付不起高额彩礼不得不与心仪的对象分手。此外，高额彩礼还一定程度上物化了女性，男方付出更多金钱后，会额外提出诸多不合理要求，导致了对女性的不尊重。甚至还有不法分子浑水摸鱼进行骗婚，让男方人财两空。 彩礼应该是婚姻的见证，不该是爱情的绑绳；应该是人生新阶段开启的象征，不该是两位新人的筹码；应该是关系的助力，不该是婚姻生活的负担。 《最高人民法院关于审理涉彩礼纠纷案件适用法律若干问题的规定》今年2月正式施行。该司法解释强调禁止以彩礼为名借婚姻索取财物的原则，并对彩礼的范围、返还的条件、当事人的确定等予以规范，进一步统一裁判标准。 除了法治途径，破解高额彩礼，推进移风易俗不在一朝一夕，还需持续发力，久久为功。一方面要发挥媒体正面引导作用，全方位、多角度广泛宣传正确的婚恋观与家庭观。另一方面要规范婚介市场，有关部门不妨建立婚介服务机构黑名单，借助行业协会制定婚介市场规范。 婚姻是美好的，新时代青年应当摒弃陋习，拥抱新风，让婚姻始于爱，让彩礼回归“礼”。 《 人民日报 》（ 2024年05月20日 07 版）,2127,http://leaders.people.com.cn/n1/2024/0520/c58278-40239026.html,天价彩礼;婚姻;结婚;婚恋;彩礼;婚俗;适婚;婚介;骗婚;对象;婚礼
CCTV,2024/5/21,一人结婚，全家举债？部分农村婚姻失衡调查,近年来，高价彩礼问题频频引发关注。半月谈记者调研发现，一些农村地区包含彩礼在内的婚姻综合成本上涨，有男方为结婚花百万。彩礼在内的婚俗成本飙升，不但违背了礼俗本义，物化了人格与爱情，而且加剧了婚姻焦虑，引发“恐婚”“不婚”等一系列社会问题。 32岁的刘辉（化名）因为彩礼“没谈拢”去年刚告别一段感情。在辽宁沈阳市长白劳务市场，穿一身迷彩服的刘辉掰着手指给半月谈记者算账：彩礼15万元，县里的房子和车首付还得30万元，女方还想和他一起置办个铺面，这对他来说实在有些困难。 在刘辉的家乡辽宁鞍山市台安县，10年间结婚彩礼从5万至8万元涨到了15万元左右。刘辉说，现在村里娶媳妇的标配是一套房子、一辆车还有四金（金戒指、金耳环、金手链、金项链）。“有人家为娶媳妇欠了饥荒，一人结婚，全家举债。”刘辉说。 武汉大学中国乡村治理研究中心课题组历时一年，调研全国14省份33个县的一手案例发现，全国彩礼出现了持续十余年的上涨，2021年彩礼平均数约为14万元。 狂飙的彩礼只是农村结婚成本的其中一项。除彩礼外，一些地区的男方家庭还需面对约5～10项的婚俗支出。在山东省菏泽市成武县，除彩礼18.8万元外，还需支付改口费、盖头费、三金、酒席、拍婚纱照等。如果加上城区的房子和汽车，一些男方家庭婚姻成本往往超过百万元。 课题组研究员、武汉大学社会学院副教授王德福说，在一些地区，还出现男方家庭越穷负担越重的现象。一些女方家庭看到男方家庭条件不好，会要求更高的彩礼，作为婚后夫妻经营生活的成本，以此保持婚姻的稳定性。 结婚高成本给不少普通农村家庭带来压力。在辽宁本溪满族自治县三合村，产业少土地贫瘠，人均年收入在1.5万元上下。54岁的陈大姐养了10余头猪还磨豆腐，一年收入3万多元。“能挣一点是一点，儿子也快奔30了，现在既怕儿子不结婚，又怕结婚娶不起。”陈大姐说。 城镇化、攀比心理、男女比例失衡，是高彩礼形成的三大原因。伴随着县域城镇化的持续推进，社会心理的复杂化、部分地区男女比例失衡加剧，治理高彩礼的难度也在加大。 调研组发现，在迅速城镇化过程中，新一代农村青年生活预期普遍在城市而非乡村，依靠父代托举进城的新建小家庭，想要过上体面的城市生活，一个最为快捷的方法，就是通过索要足额彩礼“一步到位”。 与此同时，高彩礼也是许多女性家庭防止婚姻出现危机的一种预防措施。出生在河南某县的小凯告诉半月谈记者，原本女方不要彩礼，临结婚前又提出增加20万元的彩礼，“因为我家全款在郑州买房未加女方名字，她的父母怕女儿吃亏”。 在江西、福建、浙江和江苏等地区的农村，出生性别比失衡，年轻女性资源大幅度向发达地区聚集，村子里剩下一批光棍，也导致彩礼水涨船高。 东北地区一个村支书告诉半月谈记者，留在村子里的10余个年轻男性一半是光棍，平时几乎见不着适龄女孩。在江西省鹰潭市，2021年一位出价28.8万元彩礼的男性被另一位出价38.8万元彩礼的男性截胡，最终相亲失败。 辽宁省社会科学院研究员齐心说，彩礼是在多种因素长期作用下形成的一种社会习俗，很难通过单一政策改变。许多农民一面苦于高价彩礼的沉重负担，另一面又乐于遵循传统，把索要或给付彩礼当成一种人生任务。 当前多地将彩礼整治纳入村规民约并广泛推广，但取得实效尚需时日。辽宁省昌图县河信子村党支部书记赵国友说，许多家庭的彩礼是私下商议，村委会很难掌握，即便了解也很难有合适的身份去干预，只能进行宣传和引导。 近年来，一些地方尝试给彩礼设置红线，比如山东巨野县出台文件移风易俗，提倡彩礼不超6万元。受访基层干部告诉半月谈记者，这些措施一定程度上遏制了彩礼攀比的风气。但上有政策下有对策，婚俗名目繁多，一些农民即便遵守政府制定的彩礼金额，也可能通过增加改口费等婚俗索要金钱，婚姻综合成本并没有降低。 高价彩礼屡屡触动社会神经，折射出社会的婚姻成本焦虑。要想遏制不断上涨的婚俗成本，治理办法还需进一步丰富。 “关于彩礼的新风尚，各地舆论宣传引导效果不够理想。”齐心说，一提到彩礼，许多家庭常常避而不谈。应该加大对低彩礼、无彩礼地区婚俗文化的宣传推广力度，并适时开展全国性的婚俗新风宣教活动，集中力量在全社会形成强大舆论氛围。 长期在农村解决矛盾纠纷的赵国友告诉半月谈记者，高彩礼常常给婚后家庭矛盾埋下隐患，许多家庭在离婚时因为彩礼问题闹上法庭。赵国友建议多宣传这种反面案例，提供负面警示。 王德福表示，当前遏制高价彩礼的政策还是呈点状分布，应该将一些地区良好的政策和经验进行总结，因地制宜在全国范围内推广。一些重点省份还应该专项开展高价彩礼整治等省域婚俗改革工作，将高价彩礼等陈规陋习纳入文明城市、文明村镇的负面清单，增强各级党委政府治理责任，形成多层次跨区域的协同治理网络。 与结婚时水涨船高的彩礼形成鲜明对比的是，部分农村婚姻的“保鲜率”越来越低：在一些农村地区，夫妻离婚从“丢人现眼”到“见惯不怪”，离婚群体也呈现年轻化趋势。作为社会的基本细胞，家庭承担着抚育子女、赡养老人等重要功能，家庭的破碎往往带来多重危害。 在辽宁本溪满族自治县三合村，村民张大姐告诉半月谈记者，村子里10对结婚有一半都离婚了，离婚的原因五花八门。 “以前离婚，人们觉得丢人败兴，现在不稀奇了。”中部某省一农业县民政局婚姻登记处一位负责人说。半月谈记者在农村地区走访发现，过去许多老人聊天时不愿谈及家中亲朋子女离婚，如今不再避讳，“离婚”甚至成为不少人春节聚会闲聊的热门话题。 辽宁省台安县是一个拥有30万人口的小城。在台安县民政中心“知心大姐”婚姻家庭纠纷调解室，仅今年3月，就已调解了160余对闹离婚的夫妻。调解员王钼说，现在离婚夫妻数量逐渐增加，工作日平均要调解8对夫妻左右。 吕梁山区某县民政局提供的数据显示，受离婚冷静期和疫情影响，从2020年到2022年，该县离婚登记数从954对降至604对，2023年又回升至836对。离婚登记数快速回升的同时，该县结婚登记数持续疲软，2023年仅为3335对，与2022年基本持平。 半月谈记者采访多地民政部门了解到，当前农村离婚群体年轻化趋势明显。某县民政局婚姻登记股股长张强（化名）告诉半月谈记者，过去来离婚的多是四五十岁，现在多是30岁左右的年轻人，25岁～35岁的大约可以占到离婚人群的六七成。 受访人士表示，现在年轻人冲动离婚不少。“离婚的原因大多简单直接。一次异性转账、不打扫家务都有可能引发离婚。”王钼说。张强认为，现在年轻人个性强，成家后有了矛盾谁也不让谁，再加上如今不认为离婚是个啥事，“一言不合，说离就离”。 中部某县法院民事庭负责人说，在离婚案件中，有一半涉及婚外情，其中网络扮演了重要角色。一方面，各种社交软件、“找附近”“摇一摇”等功能，给出轨提供了便利条件；另一方面，手机上的出轨痕迹更易被发现，往往成为离婚的导火索。 作为社会的基本细胞，家庭承担着重要功能，家庭的破碎往往带来多重危害。 ——单亲留守儿童成长受困。多地受访者表示，夫妻离异，最大的受害者就是孩子。不少农村年轻夫妻离婚后，一方出走，一方外出打工或再娶，年幼的孩子交给爷爷奶奶照顾，其身心成长相较于正常家庭儿童，往往面临更大的困境。 长期参与农村支教的马莹告诉半月谈记者，她在河南省汝州市一个农村进行暑期支教，所教班上20多个孩子中超1/3来自离异家庭。“这些孩子或多或少都存在一定心理健康问题。” 半月谈记者还注意到，单亲留守儿童出现不良行为和被侵害的比例更高。受访对象介绍，当地一群家庭失管青少年集结成团伙，以夜间钻入商铺、挨个拉车门等方式实施盗窃，屡屡犯案，让公安部门十分头疼。 ——家庭经济负担加重。当前农村结婚负担较重，即便是再婚，彩礼也需要七八万元，原本已经倾尽全力为儿子成家的父母，不得不在抚养孙辈的同时，再度承担起为儿子成家的重担。 在北方某山区县，一位村支书告诉半月谈记者，现在一些老人“管了儿子又要管孙子”。村里一位70岁的老人，儿子离婚后再娶又生了一个，之前结婚留下的大孙子一直是老人管，现在这个孙子也20了，老人在种地之余还四处打零工，就为了给孙子成家多攒点钱。 ——极端事件风险升高。基层法院一位负责人告诉半月谈记者，近些年压力最大的就是防止离婚案件“民转刑”。之前发生过一起夫妻闹离婚，男方冲动之下开车撞人，造成人员身亡。 基层法院受访者表示，近年来离婚案件增加，暴露出的最大问题是前期预防不足，农村社区对家庭的介入乏力，等到矛盾激化了就“法院见”。“以前村里有村委会干部、妇女主任上门调解，大家也愿意听，比来法院效果好，深话浅话都能说。现在没有人做调解的工作，一闹架就让去法院，其实第一道防线上解决是最好的。” 一位县妇联主席说，现在妇联队伍是“队伍庞大、力量薄弱”，许多基层妇联干部身上兼着各种工作，能用在妇女家庭工作上的精力有限；同时，不少基层妇联干部比较年轻，在调解家庭矛盾方面能力不足、意愿不强，发挥的作用有限。 多位基层民政干部表示，一些夫妻在离婚时推卸养育孩子责任，一些人甚至表示“孩子跟谁生不是生”，一定程度上反映出部分年轻人在婚姻家庭方面的责任感欠缺。 武汉大学社会学院副教授王德福等专家建议，持续加强婚前教育和婚姻指导，提高农村年轻夫妻的婚姻责任感和建造维护幸福家庭的能力。此外，进一步完善纠纷多元化解机制，注重发挥群众自治组织、乡镇司法所、人民调解委员会、“乡贤”的作用，妥善处理夫妻矛盾，促进家庭和睦。 针对单亲留守儿童的成长困境，相关部门应落实好帮扶保障政策，积极探索介入帮助的方式方法，尽可能减少父母缺失带来的负面影响。一些地区发动志愿者、爱心人士结对帮扶困境儿童，以“一对一”形式常态化开展亲情电话、功课辅导、心理疏导等活动，取得积极效果。,3971,https://news.cctv.com/2024/05/21/ARTIZUzV6TbnSB3TImheVRHb240521.shtml,婚姻登记;结婚登记;离婚冷静期;高价彩礼;婚姻;结婚;离婚;彩礼;婚俗;再婚;不婚;恐婚;相亲;对象;夫妻
CCTV,2024/5/21,今年“520”结婚登记数量如何？部分地区有回升,谐音“我爱你”，5月20日成为一年中最受新人们追捧的结婚日之一。这一天通常会出现结婚登记的一个高峰。 据“河北青年报”微信公众号消息，5月20日，河北青年报记者从省民政厅婚姻登记处了解到，截至17时30分，“520”全省各婚姻登记机关共办理结婚登记11265对，是日常登记量的3倍。河北省民政厅婚姻登记处相关负责人告诉记者，“520”当天，全省登记结婚数字中，邯郸市排名第一，有1617对。其次是保定市1389对，沧州市1379对，石家庄市1348对。 此前，河北省民政部门2022年公布的“520”数据是：截至2022年5月20日下午5点，河北全省共有14123对新人登记结婚。其中，石家庄市当日结婚人数最多，有2314对新人办理登记。沧州市当日办理登记结婚1814对，保定市办理1731对，邢台市办理1353对。 连云港市民政局官方微信公众号20日晚间消息，今年“520”恰逢小满节气，更是寓意和谐美满，人生小得盈满，爱意恰逢其时。今天，我市婚姻登记迎来高峰全市共819对新人登记结婚。 澎湃新闻记者注意到，连云港市这一数据已经超越了去年当地“520”当天结婚数据。 根据交汇点此前报道，2023年5月20日虽然是周六，但连云港市各婚姻登记机关“为爱加班”，正常办理婚姻登记业务。据统计，当天共有724对新人办理了结婚登记。 大河报微信公众号20日消息，据郑州市民政局统计，截至5月20日18时许，全市共有2314对新人办理结婚登记手续，领到“幸福的红本本”。 顶端新闻去年5月21日报道介绍，顶端新闻记者从郑州市民政局了解到，截至18时，“5·20”当天，郑州共有2415对新人喜领结婚证。 两相对比，郑州市今年“520”结婚数比去年降低101对。 另外，澎湃新闻从深圳市民政局获悉，截至5月20日18时30分，深圳全市各婚姻登记处已全部完成所有市民婚姻登记的办理业务，各婚姻登记场所全天现场秩序平稳良好。经统计，“520”全天共办理结婚登记1851对，单日办理量为近5年以来最高。 据“株洲日报”微信公众号消息，近日，株洲市婚姻登记机关因地制宜采取有效措施，应对登记热潮，为新人提供结婚登记及颁证便民服务，宣传和倡导文明节俭婚事新风。5月20日，株洲共计办理结婚登记396对。 据“濮阳发布”微信公众号消息，5月20日，谐音“我爱你”，也是众多准新人眼中登记结婚的浪漫日子。市民政局统计数据显示，截至20日下午5时30分，全市共有758对新人成功“领证”。,1032,https://news.cctv.com/2024/05/21/ARTIUJPDCWkZUwgYRyAkl1re240521.shtml,婚姻登记;结婚登记;婚姻;结婚
China News Service,2024/5/21,江西多地倡导文明婚俗 “零彩礼”集体婚礼渐成新风尚,中新网 南昌5月21日电(王剑)“520”因谐音“我爱你”成为新人登记结婚或举办婚礼的“甜蜜日子”。5月20日，江西省金溪县6对“零彩礼”“低彩礼”新人身着明制婚服举行集体婚礼，共同开启人生幸福新篇。 近年来，在地方政府“倡导文明婚俗”政策的推动下，“零彩礼”集体婚礼在江西各地渐成新风尚。 为倡导文明婚俗，5月20日，由抚州市民政局指导，金溪县民政局、县新时代文明实践志愿服务中心、县妇联、团县委联合主办的“‘香’约金溪情定大坊”集体婚礼举行，金溪县人民政府副县长吴薇出席见证。在明清古建聚集的竹桥古村，新郎们集体骑马迎亲，诵读催妆诗。新人们还亲手制作代表爱情的香囊，体验活字印刷婚书。 2023年，江西省民政厅等14部门印发《关于开展农村婚嫁彩礼专项治理若干措施》，提出将当地农村居民人均可支配收入的大约3倍，作为彩礼限额标准。 公开信息显示，近两年来，江西多地政府开展婚嫁彩礼专项治理。新余市分宜镇规定，婚嫁彩礼的最高限额标准为6.9万元，提倡婚事简办，婚宴宴席不得超过20桌，总人数不超过200人。庐山市规定农村彩礼超出6万元的，即为高价彩礼。横峰县在开展全县开展移风易俗进乡村系列活动，宣传车上街宣传引导，通过向村民发放《横峰县婚俗改革倡议书》。金溪县要求执行农村彩礼限额，原则上不超过6万元。 记者注意到，除了提出具体的婚嫁彩礼政策细则。各地官方纷纷组织国潮集体婚礼，吸引新人参加。今年3月，江西省九江市永修县16对新人以花为媒，携手走进婚姻殿堂，集体践行文明婚俗。5月18日，新余市分宜县在介桥古村景区举办“因为爱情·不要彩礼要幸福”集体婚礼活动，县委常委、宣传部部长刘军为16对新人证婚。 “集体婚礼典雅、庄重，仪式感强，已经成为不少地方的婚俗新风尚。”江西省婚姻家庭协会秘书长叶梓5月21日表示，“金溪县6对新人现场签名，发出婚嫁新风倡议，身体力行引领移风易俗、喜事新办，很有意义。”(完),804,https://www.chinanews.com.cn/sh/2024/05-21/10220866.shtml,高价彩礼;婚姻;结婚;彩礼;婚俗;婚嫁;婚礼
People.cn,2024/5/21,520甜蜜来袭 罗甸让婚姻登记更有仪式感,今年的5月20日，正逢小满节气。人间最美是相遇，人生小满胜万全，当现代与传统撞了个满怀，不少准新人选择在这个特别的日子登记结婚，共同开启他们的幸福之旅。 “来，两位靠近一点拍个照……”5月20日上午，罗甸县政务服务中心婚姻登记窗口迎来了领证高峰，一对对准新人脸上洋溢着幸福的笑容，手捧鲜花、拿着登记资料、有序地排队办理婚姻登记。随后现场宣读爱情誓词、按手印、签到墙签字，将仪式感拉满。 “我们在一起两年多了，‘520’谐音为我爱你，所以就借着今天，我们来到这里登记结婚，正式结为夫妻。”准新人杨运禹开心地说道。 在这个甜蜜的日子里，为让新人们体会到步入下一段旅程的重要意义，婚姻登记处的工作人员做足了前期准备，除提前发布预约公告，在现场挂满了气球、彩带、插花等喜庆装饰品外，在婚姻登记时，工作人员还给新人们发放弘扬新型婚育文化倡议书，普及婚检、孕前以及儿童保健等健康知识，引导广大青年朋友们树立文明婚姻新观念，全力做好各项服务工作，做幸福的守护者。 工作人员为新人普及新型婚育文化相关知识。 “我们除了对现场进行氛围营造，还告知新婚当事人要节约办婚事，杜绝铺张浪费，拒绝低俗婚闹，共同营造一个良好的婚育环境。”民政局窗口首席代表黄元玲说。 据了解，“520”当天前来申请办理结婚登记的准新人有48对，其中25对是通过线上预约，有效提升了婚姻登记效率。（图/文 黄冬梅、王俊星）,588,http://gz.people.com.cn/n2/2024/0521/c403285-40851754.html,婚姻登记;结婚登记;婚姻;结婚;婚育;夫妻
People.cn,2024/5/21,5月20日深圳单日结婚人数创新高,5月20日，深圳福田婚姻登记处排起了长龙，准备结婚的情侣早早就兴高采烈地来到这里，等待办理结婚手续，完成彼此最美好的人生一步。深圳特区报记者 李忠 摄 据市民政局统计，截至5月20日18时30分，全市各婚姻登记处已全部完成所有市民婚姻登记的办理业务，“520”全天共办理结婚登记1851对，单日办理量为近5年以来最高。 早上8点多，记者来到位于香蜜公园的福田区民政局婚姻登记处，发现已经有数十对准新人在等候，他们精心打扮，手捧鲜花，有的还穿上了美丽的婚纱，一派喜气洋洋、温馨甜蜜的氛围。工作人员细心地给他们划分出网上预约和现场预约等待区域。 5月20日凌晨4点多，黄先生就来到位于香蜜公园的福田区民政局婚姻登记处。因为在网上预约失败，他早早来现场排队等候，希望能在“520”当天和心爱的人领证结婚。“以为自己来得够早了，到现场发现还有一位更早的男士，3点多来排队。”黄先生笑着向记者说。 “5月20日恰逢小满，这个日子特别有纪念意义，希望我们的新生活有个甜蜜的开始。”虽然凌晨4点多开始起床化妆打扮，邓小姐脸上不见疲色，满是幸福。 “我们从龙岗区来的，因为这里是最美婚姻登记处，感觉太适合领证打卡了，希望留下最难忘、最美好的记忆。”在专业摄影师相机中，朱小姐伉俪留下了一张张甜蜜的照片。 为全力满足市民在“520”当天办理结婚登记的需求，深圳市民政局采取多种措施提供便民服务，开展丰富多彩的“婚姻+”活动弘扬中华优秀传统、倡导婚俗文明风尚、促进婚姻家庭和谐，指导各区婚姻登记处畅通预约渠道，增加网上预约量，同时采用“网上预约+现场办理”线上线下相结合的方式开展婚姻登记服务，没有网上预约到号的新人，可携带结婚登记所需材料直接前往各区婚姻登记处现场预约办理。 记者了解到，5月20日当天，市民政局和各区婚姻登记处提供温馨服务“为爱助力”，各区婚姻登记处通过增加服务窗口、增派人手、延时服务等措施对前来办理结婚登记的人员做好服务保障工作，全力满足市民结婚登记的需求，确保做到“不办完不打烊”。（记者 庄瑞玉）,852,http://sz.people.com.cn/n2/2024/0521/c202846-40850889.html,婚姻登记;结婚登记;婚姻;结婚;婚俗;情侣
People.cn,2024/5/21,关关说事 | “520”普法告白——让婚姻始于“爱” 让彩礼归于“礼”,彩礼是缔结婚姻时一种表达感情的传统习俗，也蕴含着对婚姻的期盼与祝福。然而，现代社会背景下，出现了彩礼成为交易筹码、炫耀工具等不良风气，加重了彩礼给付方家庭经济负担，给婚姻稳定埋下隐患，由此引发的涉彩礼纠纷案件数量也不断上升。 为弘扬引领社会新风尚，倡导树立正确的婚嫁观念和简约适度的婚俗礼仪，《最高人民法院关于审理涉彩礼纠纷案件适用法律若干问题的规定》于2024年2月1日开始施行，各级法院纷纷开展高额彩礼诉源治理工作。 今天是“520”，让我们通过三件案例来感受“法”式浪漫。 案情简介： 大壮与小美经人介绍相识，婚后，大壮通过自己和他人银行账户分多笔向小美转账20万元。后二人发生矛盾，大壮起诉小美离婚并返还彩礼20万元。返还彩礼的诉讼请求是否能够得到法院支持呢？ 法官释法： 男女双方按照民间婚俗在订婚时以结婚为目的产生的一些财务往来系彩礼。本案中，20万元分多次转入小美账户内，转账时未说明系彩礼，且发生在二人登记结婚且共同生活之后，无法认定在婚后发生的20万元转款系彩礼。 案情简介： 宇航与丽娇订婚时，宇航给付订婚金15万元，之后二人办理结婚登记。因丽娇婚后经常出差，二人没有时间举办婚礼，双方矛盾加剧，婚后仅三个月，宇航便诉请离婚，并要求丽娇返还全部彩礼。 法官释法： 丽娇同意离婚，双方感情确已破裂，准予离婚。支付彩礼是以缔结长久的婚姻关系为目的的，考虑二人共同生活时间较短，离婚原因亦不能归责于其中一方，且案涉彩礼数额较大，酌情判令丽娇向小方返还彩礼7万元。 法条链接： 《最高人民法院关于审理涉彩礼纠纷案件适用法律若干问题的规定》第五条：“ 双方已办理结婚登记且共同生活，离婚时一方请求返还按照习俗给付的彩礼的，人民法院一般不予支持。但是，如果共同生活时间较短且彩礼数额过高的，人民法院可以根据彩礼实际使用及嫁妆情况，综合考虑彩礼数额、共同生活及孕育情况、双方过错等事实，结合当地习俗，确定是否返还以及返还的具体比例。人民法院认定彩礼数额是否过高，应当综合考虑彩礼给付方所在地居民人均可支配收入、给付方家庭经济情况以及当地习俗等因素。” 案情简介： 小明与小红自由恋爱三年决定结婚，双方家长见面并商量结婚事宜，小明家向小红家交付了彩礼10万元，之后二人订婚。然而在订婚后，两家在商量办理婚礼细节等问题上经常争吵，小明与小红取消婚约，没有办理结婚登记。小明起诉至法院请求小红返还彩礼及钻石戒指一枚，黄金项链一条。小红表示同意返还彩礼10万元，但是钻石戒指及项链是其收到的情人节礼物及生日礼物，不同意返还。 法官释法： 彩礼10万元因二人婚约取消且未办理结婚登记，小红应当予以返还。对于钻石戒指及金项链，小明未向法院提交证据证明系在订婚时赠与小红，亦无证据证明钻石戒指及项链系以结婚为条件的赠与，故对于钻石戒指及项链无法认定为“彩礼”予以返还，对小明的该项请求不予支持。 《最高人民法院关于审理涉彩礼纠纷案件适用法律若干问题的规定》第三条：人民法院在审理涉彩礼纠纷案件中，可以根据一方给付财物的目的，综合考虑双方当地习俗、给付的时间和方式、财物价值、给付人及接收人等事实，认定彩礼范围。 （一） 一方在节日、生日等有特殊纪念意义时点给付的价值不大的礼物、礼金； （二） 一方为表达或者增进感情的日常消费性支出； 下一步，南关法院将加大治理高额彩礼、推进移风易俗工作的宣传力度，不断延伸司法审判职能，加强婚姻家事纠纷诉源治理，倡导树立正确的婚嫁观念和简约适度的婚俗礼仪。让婚嫁始于善意，始于爱，促进彩礼归于理性，为爱减“负”，为家减“压”。,1477,http://jl.people.com.cn/n2/2024/0521/c349771-40851133.html,结婚登记;婚姻;结婚;离婚;彩礼;婚俗;婚嫁;婚约;恋爱;婚礼
People.cn,2024/5/21,囍！“520”南明区迎来结婚登记小高峰,取号、填写信息、领证……5月20日，在南明区政务服务大厅婚姻登记处迎来了婚姻登记小高峰，一对对甜蜜情侣在祝福声中“持证上岗”。 上午9时30分，笔者来到南明区政务服务大厅婚姻登记处，前来排队取号和办理婚姻登记的新人络绎不绝，不少新人也在宣传打卡墙拍照打卡，脸上都露着幸福的笑容。同时，现场的工作人员和志愿者积极帮助指引新人们有序地进入大厅排队等候办理，为新人们引导方向、答疑解惑、复印资料，让新人处处感受到温馨服务。 在现场，笔者还目睹了一场“集体婚礼”，来自中国铁路成都局集团有限公司的10对新人在婚姻登记处“集体领证”，来自贵阳市家庭教育协会的老师为新人们带来一场婚姻家庭讲座，讲授婚姻中夫妻相处的技巧。 “此前，南明区政务大厅及南明区民政局婚姻登记处通过网上预约和电话预约共发放了160余个‘520 ’预约号，当天在政务大厅也开设有现场预约服务。”南明区民政局婚姻登记处主任杨眉向笔者介绍，为做好“520”婚姻登记服务，确保新人都能在当天登记成功，南明区政务大厅及南明区民政局婚姻登记处开设网上、电话和现场预约服务，严格执行好“早上提前办”“午间不打烊”“延时服务”等全时段服务，缩短办事时间，确保满足新人的结婚登记需求。 截至下午5时，共计办理完成婚姻登记的新人约115对。 在此，南明区民政局也温馨提醒各位有领证计划的新人，目前，贵阳市婚姻登记已实现“市内通办”，即辖区内各县（市、区）可跨区域办理结婚登记，如若在“520”等特殊节点办理婚姻登记出现预约高峰，为减少排队和方便办理，可选择预约人数较少的区县进行登记。（文/熊道娴 图/余爽）,675,http://gz.people.com.cn/n2/2024/0521/c394148-40851728.html,婚姻登记;结婚登记;婚姻;结婚;夫妻;情侣;婚礼
People.cn,2024/5/21,来虹口登记结婚吧！甜蜜产业联盟为新人们送上“蜜”籍大礼,“非常开心，在520这样一个甜蜜的日子到来之际，收到这份甜爱‘蜜’籍大礼包，这不仅节省了我们婚礼筹备的开支，更让我们的婚礼筹备过程变得轻松愉快。” 5月19日，在中国证券博物馆举行的“甜蜜相约，爱在虹口”沙龙活动第二期520主题乐读会上，新人王卿和刘玺收到由虹口区民政局和甜蜜产业联盟发放的甜爱会员尊享礼遇卡。该会员卡涵盖婚纱摄影、婚宴餐酒、婚嫁首饰、家用家装四大核心品类，主办方倾情制作甜爱“蜜”籍礼遇手册，汇集15家知名品牌的专属优惠，凡持有虹口区注册登记结婚证的新人，前往手册名录中的门店消费，即可获得专属优惠与尊贵服务。 “这套婚纱摄影的VIP婚嫁券非常实惠，不仅可以送8000元婚嫁福袋，还有3000元套餐现金抵用券，甚至还有专车接驾进店服务。”准备今年5月21日在虹口区甜爱婚登中心结婚登记的朱迪被甜爱“蜜”籍这项优惠吸引了，她当场表示，要去这家婚纱摄影中心拍摄婚纱照，享受专属优惠。 为宣传推广虹口区商业形象，增强网红商圈的宣传以及经济价值，甜爱沙龙活动现场还公布了“为爱齐心，骑行拥抱虹口——love骑行路线”。该线路由虹口区民政局、虹口区文旅局以及上海长远文化（集团）有限公司齐力策划，以 L、O、V、E四个字母作为年度主题骑行板块，吸引骑行者沉浸式探索虹口区的古与今。 △为爱齐心 ，骑行拥抱虹口——love骑行路线 甜爱沙龙还邀请了上海歌剧院首席女中音、国家一级演员王维倩担任主讲嘉宾，与来宾们共同回溯老上海音乐人的爱情故事并献唱。王维倩以“海上明珠——浅谈城市文明的开启与女性和婚姻”为主线，讲述了中国流行音乐启蒙年代的辉煌历程，活动现场气氛热烈。在悠扬的老上海旋律中，观众们积极参与互动游戏，更有歌唱爱好者自告奋勇上台高歌，获得了王维倩老师的专业点评。 虹口甜爱沙龙致力于凝聚时尚潮流，把握甜蜜产业最新动态，以满足情侣与准新人对婚恋场景与产品的个性化需求。区民政局相关负责人表示，今后甜爱沙龙将陆续举办以游戏、动漫、潮流等形式为载体，突出国风，以“爱”为主题的沙龙活动，引导、提倡健康的婚恋观、价值观，吸引更多情侣、新人爱在虹口、乐在虹口。,883,http://sh.people.com.cn/n2/2024/0521/c134768-40851857.html,结婚登记;婚姻;结婚;婚恋;婚嫁;情侣;婚礼
People.cn,2024/5/21,梨树县人民法院：法院干警“赶庙会” 倡导抵制高价彩礼,梨树县小城子镇庙会有200多年的历史，每逢农历四月初八、十八这两个传统的庙会日，吸引了众多商贾和十里八乡的群众前来交易和游玩，小城子人民法庭充分利用这一机会，向群众普及法律知识，倡导文明新风，引导大家树立正确的婚恋观。 法官结合《民法典》新规，重点向群众讲解了彩礼与恋爱期间赠与的区别、彩礼返还规则、共同生活认定规则等法律要点。 通过生动的案例和通俗易懂的语言，让群众深刻认识到高额彩礼带来的不良影响，引导大家如何在婚姻关系中运用法律武器维护自身合法权益。 “以前总觉得彩礼是婚姻的必需品，但现在听了法官的讲解，我明白了彩礼并不是衡量婚姻幸福的唯一标准。高价彩礼不仅背离了彩礼的初衷，给家庭背上了沉重的经济负担，也给婚姻稳定埋下隐患甚至可能成为矛盾纠纷的导火索，”一位逛庙会的女士表示，这样的宣传活动不仅增强了法律意识，也对婚恋观有了更深刻的理解。 小城子人民法庭的此次活动，旨在通过庙会这一群众聚集的场所，向广大群众传递法治理念，引导大家自觉抵制高额彩礼，反对攀比之风，共同营造时尚文明的婚嫁新风尚。同时，这也是法庭深化普法教育、服务基层群众的重要举措之一。将继续以群众需求为导向，不断创新普法宣传形式和内容，为群众提供更加优质、高效的法律服务。,524,http://jl.people.com.cn/n2/2024/0521/c349771-40851121.html,高价彩礼;婚姻;婚恋;彩礼;婚嫁;恋爱
People.cn,2024/5/21,江西丰城结婚新人：让婚姻始于“爱” 让彩礼归于“礼”,人民网丰城5月21日电（记者时雨）“两姓联姻，一堂缔约，良缘永结，匹配同称。”5月20日，江西省丰城市爱情花卉小镇举行了一场集体婚礼活动，现场虽简朴，却不失喜庆热烈，30多对新人在这里喜结连理、携手相伴。 活动现场，新人们身穿精美中式传统礼服，伴着喜庆的音乐和亲朋好友的祝福入场。在礼官的引导下，新人们行叩拜礼、饮合卺酒、齐诵婚誓……每一个流程都独具美好的寓意，尽显传统婚俗之美。 在当天的婚礼现场，新人代表周莉芳说，希望通过这场活动的引领，唤起更多青年朋友的反思和行动，移“歪风”，易“低俗”，拥抱一种更加简约、真挚的婚礼方式，让婚姻始于“爱”，让彩礼归于“礼”。 记者在采访中了解到，为抵制高彩礼的现象，丰城市将农村婚嫁彩礼治理工作作为全市基层治理“十大工程”之一，高规格召开动员大会，大力推动农村婚嫁彩礼整治工作。 同时，丰城市还积极举办青年交友会，带动新婚嫁、新交友观念的宣传，引导青年树立正确的婚恋观。举办简约集体婚礼和集体颁证活动，引导新人树立“重登记、强责任、崇节俭”新时代婚嫁观念。 据介绍，今年4月至今，丰城市已开展5场以“抵制高价彩礼 倡导婚俗新风”为主题的“丰城姨娘喊你来相亲”活动。“姨娘”说媒活动，形式简约接地气，不仅有青年男女大胆求爱，还有父母上台为孩子寻找意中人，“姨娘”亲切、自然、幽默地推波助澜，现场气氛热烈。这项活动不仅为单身青年提供了一个相互认识的机会，更传递了现代社会对于婚姻和家庭的重视和关注，是推进婚俗改革、倡导婚事新办、弘扬文明新风的有益尝试。 对于高彩礼，来到集体婚礼现场的江西省铜鼓县大塅镇公益村村民刘力山“有话要说”。现年71岁的刘力山曾是公益村村长，自卸任后，他就开始了走家串巷的红白喜理事工作，用行动争取做全村人移风易俗的榜样。 “我三个女儿出嫁，没要一分钱彩礼；堂哥长女出嫁，我说服一家子没有收彩礼；村民操办红白喜事，我推动红白喜事简办，过程其实很艰辛，但是却获得了村民们的纷纷点赞。”刘力山说，2000年，长女刘红英订婚的时候，媒人问他对彩礼等有什么要求？刘力山的回答是：什么都不要，只要女婿好好待女儿。他们夫妻孝顺，家庭和谐，常回家看看，对双方父母有孝心，就是最好的礼金！ 2003年、2006年，次女刘红秀、三女刘红艳先后出嫁，刘力山坚持按移风易俗的规定，像长女出嫁那样，没有向男方要任何财物。 在刘力山的带领下，如今的公益村已形成了“婚事新办，丧事简办，无事酒不办”蔚然成风的新局面。“作为一名移风易俗类领头雁，我要在‘弘扬婚嫁新风，共建美好家庭’上出力，响应移风易俗改革号召，带头倡导廉洁节俭文明办事的新风尚，引领更多的家庭讲文明，树新风。”刘力山说。 “婚姻是爱情的升华，是幸福新的开始，也意味着新身份和新责任的开始。”在当天的集体婚礼现场，丰城市委书记徐结强难掩激动之情：这场婚礼既隆重古朴、仪式满满，又低碳节约、健康环保，这30余对新人以实际行动践行婚俗新风，摈弃陈规陋习，为丰城市广大青年作出表率。,1237,http://jx.people.com.cn/n2/2024/0521/c190260-40851685.html,高价彩礼;婚姻;结婚;婚恋;彩礼;婚俗;婚嫁;相亲;单身;夫妻;婚礼
People.cn,2024/5/21,汪清县举办“抵制高额彩礼 倡导文明婚俗”主题宣讲活动,今日，汪清县新时代文明实践中心与长荣街道长荣社区联合举办“文明汪清”——好人宣讲暨“抵制高额彩礼 倡导文明婚俗”主题宣讲活动。 活动中，“吉林好人·最美基层法官”、汪清县人民法院立案庭庭长、一级法官徐秀叶以“让婚姻始于‘爱’，让彩礼归于‘礼’”为主题，讲解了彩礼的由来与意义、彩礼的现状、彩礼与一般恋爱赠予的区别；通过一个个身边案例和家常话，对《关于审理涉彩礼纠纷案件适用法律若干问题的规定》进行了解释。 居民纷纷表示，要做好文明婚俗的倡导者和宣传者，让身边更多人一起抵制陈规陋习，坚决遏制高额彩礼之风，共同培育文明乡风、良好家风、淳朴民风，共建文明新汪清。,279,http://jl.people.com.cn/n2/2024/0521/c349771-40851800.html,婚姻;彩礼;婚俗;恋爱
People.cn,2024/5/21,贵阳贵安青年大数据交友平台上线,人民网贵阳5月21日电 （龙章榆）5月20日，贵阳贵安青年大数据平台正式上线。该平台具有数据真实、流程安全、操作方便、智能匹配等特点，发布后可在“多彩宝”平台上注册体验。 据悉，该平台在中共贵阳市委宣传部、中共贵阳市委人才工作领导小组办公室指导下，由共青团贵阳市委、贵阳市总工会、贵阳市妇女联合会、贵阳市大数据局、贵阳市民政局等单位联合指导多彩宝、贵商易等单位建设，旨在进一步做好全国青年发展型城市建设试点，有效服务广大青年婚恋交友现实需求。 发布仪式上，共青团贵阳市委携手贵阳市总工会、贵阳市妇女联合会、贵阳市大数据局、贵阳市民政局等部门成立贵阳贵安青年婚恋服务联盟。各单位代表表示，将加强内部资源共享，为全市广大青年打造更为安全、便捷、高效的婚恋交友环境。 发布仪式当天还举行了系列青年人才联谊交流活动，来自贵阳贵安各机关企事业单位、金融机构的400余名在职未婚青年代表，通过对话、游戏等方式相互学习、展示风采，进一步加强交流与了解。,419,http://gz.people.com.cn/n2/2024/0521/c222152-40850890.html,婚恋
People.cn,2024/5/21,银川150名单身青年聆听“过来人”的零彩礼故事,5月18日，由自治区团委指导，银川市团委、西夏区团委主办的“弘扬青年新风 倡导文明婚俗”农村青年联谊交友活动在贺兰山下举行，150名单身青年参加活动，现场聆听10对“过来人”的零彩礼、低彩礼故事。 “我们结婚的时候，缺衣少食，日子过得非常艰难，别说彩礼了，连一场像样的婚礼都没有。但是，我们两人你情我愿、互相满意，做到了互爱、互敬，生活过得非常美满。”活动邀请10对“零彩礼、低彩礼”夫妇现场分享各自的婚姻故事，金婚夫妇苟进喜和张素梅老人就像回到了青春时代，手牵手走上舞台，用最朴素的话语讲述了他们的爱情故事。 来自泾源县泾河源镇白面村的马纪元与妻子鄢琴结婚一年。“结婚之前，我就听说了我爱人的妹妹零彩礼出嫁的事，受此影响，我主动给父母做工作，当时双方父母都很支持。现在，我们没有任何经济压力，日子过得越来越好，我们坚信勤劳的双手会创造出更加幸福的生活。”鄢琴说。 “过来人”的讲述让参加交友联谊的单身青年真切体会到爱情与生活的美好，让更多人意识到彩礼归于“礼”的本质。活动中，单身青年代表发起了抵制高额彩礼的倡议，大家在露营音乐会中拓展朋友圈、寻找另一半。（见习记者 杨月儿）,489,http://nx.people.com.cn/n2/2024/0521/c192482-40851085.html,婚姻;结婚;彩礼;婚俗;单身;另一半;婚礼
People.cn,2024/5/21,靠前站位 匠心服务——蛟河市民政局婚姻登记处相约“520”为爱护航,为满足广大新人的美好愿望，蛟河市民政局婚姻登记处秉承“暖心事、用心办”服务理念，提前谋划部署，多渠道发布预约方式，积极应对、多措并举、精心布置，以饱满的热情全力迎接每一对新人。 强化保障，通过加派人手、分工协作，提前上岗、延时服务、要求登记员注意形象礼仪等措施，确保服务热情周到，科学设置审核流程，工作人员在现场进行秩序引导、提前审证，确保高峰期服务热情不减、服务态度不变、服务质量不降。 夯实服务，利用现有场地为新人设计、布置拍摄背景，供新人拍照打卡，记录美好时刻，精心打造浪漫主题，让新人在特别的日子，在甜蜜的氛围中领取幸福一生的“红本本”。 优化程序，将婚姻登记办事指南宣传牌放置在等候区醒目位置，专门安排工作人员耐心解答群众咨询。实行现场取号办理，提高办理效率，减少当事人现场排队等候时间，竭力为前来办证的群众提供最便捷、最高效的服务。 在这样浪漫的日子里，蛟河市民政局婚姻登记处共办理结婚登记60对，以实际行动为新人送上真诚的祝福，愿天下有情人终成眷属，白头偕老，美满幸福。 （张滢）,447,http://jl.people.com.cn/n2/2024/0521/c349771-40851997.html,婚姻登记;结婚登记;婚姻;结婚
CCTV,2024/5/22,法院直播“退还彩礼”引发关注背后：治理高额彩礼 传递正确婚恋观,“领导让我在抖音搞点动静，开展退还彩礼集中执行直播。”一则俏皮的直播预告，开启了湖南省高级人民法院（以下简称“湖南高院”）官方抖音账号近日一场关于“退还彩礼”的直播。 274万人（次）观看的热度，把这场直播推上了热搜。负责此次退还彩礼案件集中执行的，是湖南省宁乡市人民法院（以下简称“宁乡法院”）执行局。直播过程中，宁乡法院执行局副局长王玮化身主播，详细解说了集中执行退还彩礼的画面，并实时回答了网友的线上提问。本次直播的5个案例，都是宁乡法院近期办理的涉彩礼纠纷的执行案件。 “见了两次面就结婚”“对婚姻视同儿戏”“20万元的礼金、5万多元的首饰、2万多元的名牌包”……当天直播的案件中，宁乡女子王某拒绝退还25万余元彩礼被司法拘留的案件引发了舆论热议。 宁乡法院相关负责人透露，此案被选入直播是因为案件的典型性。她表示，以直播形式对涉彩礼纠纷案件进行集中执行的展示，是为了落实最高人民法院依法遏制高额彩礼有关工作的要求，进行针对性普法宣传，倡导健康、节俭、文明的婚嫁之风，遏制高价彩礼情况发生。 5月8日9时许，集中执行队伍到达被执行人王某家中。随行的还有申请执行人、王某的前夫车某，他从上海专程飞到长沙。在执行现场，他情绪非常激动，向媒体表达自己的气愤。 “她说她不喜欢鲜花，喜欢有钱花，让我买用人民币做的花束，我也给她买了。”车某说，“钱都花掉又反悔了。”他是上海人，2021年7月在长沙旅游时和王某结识。之后两人成为网友，经常在一起打游戏。2023年3月、4月，车某和王某见面两次，5月两人就登记领证了。 登记前，按照王某的要求，车某给了对方18.8万元的彩礼，还买了黄金项链、手镯、钻戒和一个价格2.6万元的路易威登的包。然而，登记结婚后，两人只见面两次，没有共同生活过。按照车某的说法，王某要求他装修好上海的房子后，她再来上海生活，可装修完后，王某又表示不愿意来上海，还提出了离婚。2023年8月，车某提起离婚诉讼。 宁乡法院2023年11月作出的判决认为，原、被告婚前共同生活时间短，登记结婚后仍生活、居住在两地，仅见面两次，对于后续生活未形成一致规划，没有形成完整的家庭共同体和稳定的生活状态，不宜认定为已经有稳定的共同生活，且从原、被告的微信聊天记录可以看出，被告并无与原告共同生活的规划，对婚姻视同儿戏，故支持了原告要求被告退还彩礼的诉讼请求。 法院的判决依据是《最高人民法院关于适用〈中华人民共和国民法典〉婚姻家庭编的解释（一）》（以下简称《婚姻家庭编解释》）。《婚姻家庭编解释》明确了3种法院应支持的退还彩礼的情形：双方未办理结婚登记手续的，双方办理结婚登记手续但确未共同生活的，婚前给付并导致给付人生活困难的，后两者应当以双方离婚为条件。 今年2月1日起，《最高人民法院关于审理涉彩礼纠纷案件适用法律若干问题的规定》（以下简称《规定》）开始实施，《规定》明确，禁止借婚姻索取财物。一方以彩礼为名借婚姻索取财物，另一方要求返还的，人民法院应予支持。 而对双方已办理结婚登记且共同生活，离婚时一方请求返还按照习俗给付的彩礼的，人民法院一般不予支持。但是，如果共同生活时间较短且彩礼数额过高的，《规定》要求，人民法院可以根据彩礼实际使用及嫁妆情况，综合考虑彩礼数额、共同生活及孕育情况、双方过错等事实，结合当地习俗，确定是否返还以及返还的具体比例。 宁乡法院法官认为，此案符合“共同生活时间较短且彩礼数额过高”的情形，因此将其纳入当天的集中执行直播中。 在执行现场，当被询问到彩礼去向，王某称“丢了”。执行干警在现场发现了一条金项链和一个路易威登品牌包。随后，执行法官将王某带上警车，询问彩礼去向，并依照民事诉讼法中对妨碍民事诉讼行为的有关规定，对王某采取拘留传唤的措施。 5月8日，王某因拒不如实报告财产被宁乡法院司法拘留15天。 面对直播镜头，车某称，他从2023年到现在，累计为女方花费了50万元左右，其中包括借的20万元网贷。对此，有网友在新闻评论区表示，“50万元彩礼只判退一半”，“指明了致富捷径”。 车某的代理人、瀛启启邦显辉（岳阳）律师事务所律师赵红玲告诉中青报·中青网记者，目前车某有证据的给王某的转账近50万元。其中，在支付彩礼的当天，车某支付了18.8万元，又通过微信进行了有特殊意义的“13145.20元”的转账，又带着王某买了价值8000元的衣服，加上其他的一些小额转账，当天一共支付的金额是21.5万元。加上婚内赠送的价值7万余元的大额礼物，以及婚内的各种转账和消费5万余元，车某在起诉中申请的标的额为35万余元。 此案判决生效后，车某曾表示，自己始终放不下王某，向其承诺，只要能复婚，就可以暂不申请执行生效判决，王某随即答应，之后，她向车某索取了十几万元的钱财，但迟迟未能复婚。车某随即要求恢复执行。赵红玲介绍说，目前这部分金额已经另案起诉，法院尚未作出判决。 在此案判决中，宁乡法院支持了车某退还彩礼200645元的诉讼请求，对赠送给王某的黄金项链、钻戒、手镯等物品，因王某将其典当，也被要求折价52187.9元返还给车某，并原物退还案涉的路易威登品牌包。 此案主审法官张树在接受《中国新闻周刊》采访时，解释了这一数额确定的过程。在车某对王某的转账中，首先被剔除出去、不被认定为彩礼的，是日常发生的小额消费支出，比如双方婚后见面产生的支出。在这个环节，婚后车某向王某转账的41501元被剔除。 其次，双方在恋爱、感情培养期间，为表达爱意而发生的包含特殊数字的转账，比如5200、1314、520，也会被剔除。这一环节最终剔除了8348元。再次，男方对女方的母亲、弟弟、奶奶的小额转账，被认定为人情往来而剔除，这一环节剔除了19744元。 事实上，如何认定彩礼范围，司法实践中一直是个难题。赵红玲长期接触此类案件，她感到，一段时间内，这部分主要依靠法官的自由裁量，同类案件的判决结果差异性很大。 2021年，国家法官学院教授胡云红曾依托我国25个省级人民法院进行了158份问卷调查，并对中国裁判文书网以“婚约财产返还纠纷”为案由的17.5万余篇相关裁判文书为对象进行了分析研究。她发现，彩礼范围的科学厘定是法官在调研答卷中反映最多的要点难点。因各地风俗习惯不同，对恋爱过程中一方赠与另一方的财物，办酒席等在收到彩礼后的共同花销，以及见面礼、结婚礼金、“三金”、改口费等其他形式的赠与是否认定为彩礼，各地法院的认识均有所不同。 今年2月1日起实施的《规定》要求人民法院在审理涉彩礼纠纷案件中，可以根据一方给付财物的目的，综合考虑双方当地习俗、给付的时间和方式、财物价值、给付人及接收人等事实，认定彩礼范围。 《规定》也进一步明确了一些情形给付的财物不属于彩礼，包括一方在节日、生日等有特殊纪念意义时点给付的价值不大的礼物、礼金；一方为表达或者增进感情的日常消费性支出；其他价值不大的财物。 最高人民法院民一庭庭长陈宜芳曾解读制定《规定》主要考虑了两方面因素，一是妥善处理双方利益，双方长期共同生活是给付彩礼的重要依据，对于“闪离”等情况，如果仅因办理了结婚登记而认定全部不予返还，对给付一方并不公平；二是保护妇女合法权益，共同生活特别是孕育子女会对女性身心健康产生一定程度的影响，如果仅因未办理结婚登记而认定妇女返还全部彩礼，有违公平原则。 因此，《规定》以两个条文，明确法院从彩礼实际使用及嫁妆情况，综合考虑共同生活及孕育情况、双方过错等事实，确定是否返还以及返还的具体比例。她还特别强调，由于个案情况不同，诸多因素排列组合后亦对裁判结果产生不同影响，难以在规定中明确具体的返还比例，法院应当结合具体案情，依法作出相应处理。 直播“退还彩礼”正向引导树立正确的婚恋观 目前，宁乡法院判令王某返还的彩礼中，价值两万多元的路易威登品牌包实物已发还，法院还冻结、划扣了王某名下3万余元的存款，此外还执行了王某一个价值两万余元的金器，共计执行了5万余元，后续还将继续推进。 据介绍，当天直播的案件中，有的当场全部或部分执行到位，有的达成和解协议，以每月还4000元的形式执行，另有一人被司法拘留。 “我是长沙的律师，知道湖南高院也会经常开直播，直击执行一线现场，只是这次‘火了’。让公众了解法院执行的流程，对公众行为会有比较正向的引导，我比较支持、鼓励这样的做法。”赵红玲说。 “从司法实践看，大量超出家庭正常开支的彩礼成为很多家庭的沉重负担，在婚龄较短的情况下，此种不平衡尤为凸显，进而导致矛盾激化，彩礼纠纷数量增多。这恰恰说明，高额彩礼并不能保障婚姻稳定。相反，过分重视彩礼金额、忽略感情基础反而给婚姻家庭的和谐稳定埋下隐患。”最高人民法院民一庭副庭长吴景丽曾表示。 宁乡法院相关负责人表示，希望通过这次直播传递正确的婚恋观，引导构建和谐婚姻关系，推动转变社会风气，让人民群众在看到法律威严和司法公正的同时，能对彩礼问题产生更深刻的理解和反思，真正让婚姻始于爱、让彩礼归于“礼”。 （记者 刘言）,3672,https://news.cctv.com/2024/05/22/ARTIYkGhzIxGG5RjQQAqcoK2240522.shtml,结婚登记;高价彩礼;婚姻;结婚;离婚;婚恋;彩礼;婚嫁;复婚;婚龄;婚约;恋爱;对象;婚礼
China News Service,2024/5/22,低彩礼集体婚礼倡新风,5月20日，河间市瀛海公园广场张灯结彩、喜气洋洋。 9时许，伴随着优美的舞蹈《相许》，河间市第六届“5·20”低彩礼集体婚礼拉开帷幕。11对身着中式礼服的新人在亲友的注目中，缓缓走向典礼舞台。 在主持人的引导下，新人分别相对而立，新郎手持秤杆，轻轻挑起新娘的红盖头。之后，新人行佩绶礼，新郎为新娘佩戴玉镯，新娘为新郎佩戴玉佩。最后，新人完成合卺礼。 一个个精心策划的环节，让婚礼充满浓郁的传统文化韵味。 “我觉得以这种方式举办婚礼，既时尚浪漫，又有仪式感，特别有纪念意义。”来自河间市龙华店乡孙常村的新人孙晨曦高兴地说。 孙晨曦是龙华店乡的一名中学教师，她和爱人丁有志于去年9月通过相亲认识。经过一段时间的接触，两个人相知相爱。今年4月，他们在办理结婚证的过程中，了解到河间市举办低彩礼集体婚礼的信息，第一时间就报了名。 据了解，本届“5·20”低彩礼集体婚礼设有河间市瀛海公园广场、兴村镇大庄村悦和厅、沙河桥镇西旧馆村婚俗改革大礼堂3个会场，共有23对新人以低彩礼集体婚礼的方式倡导移风易俗，弘扬时代新风。 连续举办低彩礼集体婚礼，是河间市持续深化婚俗改革的一个缩影。自2021年4月被民政部确定为全国首批婚俗改革实验区以来，河间市通过政策引导、多维联动、全民参与、律礼互动等，推动婚俗改革工作系统化、立体化、标准化、规范化、多元化发展。 “我们将婚俗改革纳入年度重点任务，与乡风文明行动等工作相融合，出台了《河间市婚俗改革实验工作实施方案》。”河间市民政局局长孙文海说，他们还在婚姻登记中心创设了婚姻辅导室，开通了服务热线，设置了专兼职婚姻家庭辅导员，常态化开展婚姻辅导工作。同时，开展预约式、菜单式婚姻登记服务，潜移默化引导群众崇尚文明简约婚俗礼仪。 【,730,https://www.chinanews.com.cn/sh/2024/05-22/10221257.shtml,婚姻登记;婚姻;结婚;彩礼;婚俗;相亲;婚礼
China News Service,2024/5/22,过去十年间与中国内地跨境婚姻数约占香港注册婚姻数三分之一,中新社 香港5月22日电(记者 刘大炜)香港特区政府保安局署理局长卓孝业22日表示，过去十年间，与中国内地的跨境婚姻数量约占香港注册婚姻数量的三分之一。随着香港积极融入国家发展大局以及香港与内地通关安排更便捷，两地居民交流愈加频繁，相信这一跨境婚姻占比会持续。 当天香港特区立法会召开大会，卓孝业回复议员关于《前往港澳通行证》(即“单程证”)的质询时作上述表示。他指出，“单程证”政策旨在让内地居民有秩序来港与家人团聚。随着香港与内地复常，2023年“单程证”持有者抵港数量恢复至日均112人，贴近疫情前2018年日均116人及2019年日均107人的水平。 据统计，2023年持“单程证”的新来港人士中，近六成介乎25岁至54岁。卓孝业表示，特区政府各相关部门一直为内地新来港人士提供各类支援服务，帮助他们融入香港社会、投入就业市场。 另就持往来港澳商务签注或往来港澳人才签注人士的相关质询，卓孝业表示，今年前四个月，已有近15.1万持商务签注人士来港。他们在港逗留期间可进行签约或参加招标、投标，参加展览会，应邀从事商务、科技考察等一系列活动。 卓孝业补充说，随着国家推出商务签注和人才签注的优化措施，相信会有更多商务旅客访港。特区政府会继续积极配合国家政策，通过大力推动会议展览及奖励旅游，吸引他们来港并在港消费。(完) 【,565,https://www.chinanews.com.cn/dwq/2024/05-22/10221557.shtml,婚姻
People.cn,2024/5/22,公爹公婆出首付买房，离婚的儿媳妇能分吗？--社会・法治--人民网,本报讯 小两口结婚后为了更好地生活打算购房，男方父母帮助支付首付款，后房屋登记在夫妻名下。后两人因感情不和打算离婚，女方要求按照房屋的现行价值进行分割，能否得到支持？近日，江苏省南通市中级人民法院对这起离婚纠纷作出维持一审的终审判决，认为男方父母在两人婚姻存续期间的赠与行为未明确为赠与男方个人，应认定为对夫妻的共同赠与，为夫妻共同财产，女方有权要求分割。 2020年3月，小伟与小茜经人介绍后相识并迅速坠入爱河。为了以后更好地生活，两人准备购买婚房，并看中了一套商品房，但需要先行支付50万元首付款。8月20日，因小伟积蓄不多，其父母向某置业公司转账10万元首付款。9月9日，小伟与小茜办理婚姻登记。15日，两人与某置业公司签订《商品房买卖合同》，共同购买了商品房一套，总价款150万元，其中剩余首付款40万元，商业贷款100万元。合同签订后，小伟父母再次出资40万元用于首付。10月13日，两人办理了房屋不动产权证书，产权登记为两人共同共有。 婚后两人感情一度尚可，并用夫妻共同收入归还房贷，但因生活琐事经常产生矛盾。2023年12月底，两人在再次争吵后决定离婚，因就房屋分割问题未达成一致意见诉至南通市通州区人民法院。 法庭上，小伟主张该房屋虽然登记为两人共有，但首付款由其父母出资，后续贷款亦由其主要偿还，故应当为其个人财产，其可适当补偿小茜20万元。对此，小茜抗辩称房屋的首付款中仅有10万元是小伟父母婚前帮助支付的，剩余的40万元是否由小伟父母出资不明，且小伟父母在帮助出资时并未表明是其对小伟个人的赠与，应当认定为对二人的共同赠与，应遵循各半分割的原则。 通州区法院经审理认为，当事人结婚前，父母为双方购置房屋出资的，该出资应当认定为对自己子女个人的赠与，但父母明确表示赠与双方的除外。当事人结婚后，父母为双方购置房屋出资的，依照约定处理；没有约定或者约定不明确的，按照民法典关于夫妻共同财产的相关规定处理。本案中，虽然小茜对于婚后支付的40万元首付款中小伟及其父母的具体出资情况不清楚，也不认可该部分款项均系小伟父母出资。但根据法律规定，即使按照小伟所述该款均系其父母出资支付，因案涉房屋系小伟、小茜婚后购买，且登记在小伟、小茜名下，在小伟父母对相关出资性质未进行明确约定的情况下，应该视为小伟父母在小伟、小茜二人婚姻存续期间对夫妻双方的共同赠与，归小伟、小茜共同所有。夫妻共同财产在分割时本应均分，但考虑到房屋现行价值220万元，另有10万元首付款系婚前支付以及剩余90万元贷款未归还，相关款项扣除后净值120万元，综合小伟、小茜对该房屋的贡献、夫妻之间的共同生活情况等，酌情认定该房屋归小伟所有，小伟折价补偿小茜60万元。 小伟不服，向二审法院提起上诉。南通中院经审理维持了原判。 本案涉及夫妻共同财产的分割问题。《中华人民共和国民法典》第一千零六十二条规定，夫妻在婚姻关系存续期间所得的下列财产，为夫妻的共同财产，归夫妻共同所有：（一）工资、奖金、劳务报酬；（二）生产、经营、投资的收益；（三）知识产权的收益；（四）继承或者受赠的财产，但是本法第一千零六十三条第三项规定的除外；（五）其他应当归共同所有的财产。夫妻对共同财产，有平等的处理权。依据该条规定，除另有约定外，婚姻关系存续期间接受的赠与或者继承财产为共同共有。司法实践中，争议较多的是夫妻一方父母帮助出资购买房屋的归属问题，可以考虑出资来源及比例、赠与行为的目的及性质、共同生活情况、房屋产权登记等因素综合判断。 本案中，小伟父母帮助出资50万元首付款，其中10万元系婚前支付、40万元系婚后支付，目的在于帮助二人缔结婚姻、增进夫妻感情，且未对相关赠与行为是否为小伟一人进行约定，故应当认定为对小伟、小茜的共同赠与，相关财产为共同共有，故小茜有权要求按照房屋的现行价值在扣除婚前支付以及剩余贷款的基础上各半分配。 值得一提的是，《最高人民法院关于适用〈中华人民共和国民法典〉婚姻家庭编的解释（二）（征求意见稿）》第七条关于父母在子女婚后为其购房出资的认定之规定，婚姻关系存续期间，双方父母出资或者一方父母部分出资为夫妻购置房屋，没有约定或者约定不明的，离婚分割夫妻共同财产时，双方均主张房屋所有权且一方不同意竞价取得的，人民法院可以根据出资来源及比例、共同生活及孕育情况、离婚过错、房屋产权登记情况等事实，判决房屋归一方所有，并由获得房屋一方对另一方折价补偿。承办法官指出，在离婚纠纷中涉及分割父母出资购买的房屋时情形较为复杂，除了根据房屋的具体出资情况和产权登记情况外，还应综合考虑父母出资的目的、相关赠与行为的性质，夫妻双方的共同生活和生育子女情况以及有无离婚过错等因素，以妥善平衡当事人利益，彰显社会主义核心价值观中的文明和谐理念。,1960,http://society.people.com.cn/n1/2024/0522/c1008-40240935.html,婚姻登记;婚姻;结婚;离婚;夫妻
People.cn,2024/5/22,婚嫁新风 文山丘北多举措倡导文明新婚俗,近年来，云南省文山州丘北县依托文明实践阵地，通过青年婚恋志愿服务、“婚育新风进万家”等主题宣传、“三下乡”文化文艺巡演等活动，有针对性地加强文明培育、文明实践、文明创建，广泛开展“抵制高额彩礼 倡导文明风俗文明新婚俗”等活动，推动广大群众共同抵制陈规陋习。 连日来，丘北县新时代文明实践中心志愿者在县政务服务中心及婚姻登记处开展“抵制高额彩礼倡导文明婚俗”“婚育新风进万家”等主题宣传活动，志愿者向前来登记的新婚夫妻发放新婚恋承诺书、引导青年男女共同抵制陈规陋习，坚决遏制高额彩礼之风，宣传正确的家庭观、婚姻观，有针对性地加强文明培育，推动广大群众共同抵制陈规陋习，培育文明乡风、良好家风、淳朴民风。 在2024年“青春有约 以爱为营”青年职工交友活动上，丘北县多部门联动，现场通过集体颁证、宣读新婚恋倡议书、情侣签名打卡等多种宣传形式，推动新时代文明婚嫁新风，引导年轻人自觉抵制高价彩礼，让婚姻始于“爱”，让彩礼归于“礼”，大力营造婚事新办、喜事简办的新风，真正让文明之风落地生根、开花结果。 据了解，丘北县制定《丘北县治理高价彩礼推动移风易俗》指导意见，对“零彩礼”“低彩礼”的家庭，有条件的乡镇、村（社区）依托综合服务设施等，为其婚礼宴席免费提供场所，县法律部门在婚姻全过程为当事人提供心理咨询、关系修复、纠纷调解等服务，有效提高群众营造幸福婚姻、建设美满家庭的能力，引导建立和维护平等、和睦、文明的婚姻家庭关系。同时，全县各级各部门深入网格区、挂联村寨参与推进农村移风易俗工作，倡导文明节俭办婚丧，严格控制酒席规模和标准，整治大操大办、高价彩礼、人情攀比、厚葬薄养、铺张浪费、封建迷信等不良习俗，鼓励群众“婚事新办、丧事简办、余事不办”。 丘北县各乡镇组织102个（村民委）社区广泛开展“讲文明树新风”移风易俗宣传活动，在文体广场、集贸市场、社区及村委会周边等公共场所，运用宣传栏阵地刊播各项移风易俗公益广告，同时依托新时代文明实践站利用“文明创建小喇叭”滚动播放整治高价彩礼、大操大办等移风易俗宣传内容，合力倡导文明新风、移风易俗工作。（杨丽敏）,878,http://yn.people.com.cn/n2/2024/0522/c372456-40852925.html,婚姻登记;高价彩礼;婚姻;婚恋;婚育;彩礼;婚俗;婚嫁;夫妻;情侣;婚礼
People.cn,2024/5/22,抵制天价彩礼 弘扬新风正气——四平市铁西区人民法院网格法官开展“涉彩礼纠纷案件”专题法律宣讲活动,"为倡导移风易俗，有效化解涉彩礼纠纷案件，培树健康文明的婚嫁观念，弘扬新风正气，近日，四平市铁西区人民法院网格法官深入铁西区一道口社区开展“涉彩礼纠纷案件”专题法律宣讲，进一步完善司法便民、诉源治理等工作机制，积极发挥网格法官作用。通过了解群众对于天价彩礼的看法，引导广大群众做文明婚俗新风尚的践行者。 活动现场，法官用简洁通俗的语言详细为群众介绍和解读了《最高人民法院关于审理涉彩礼纠纷案件适用法律若干问题的规定》中关于彩礼的认定范围、彩礼与恋爱期间赠与的区别、彩礼的返还标准等社会关注度较高的问题，并根据四平当地风俗习惯，结合辖区内涉彩礼纠纷案件，对“礼金”进行了区分理解，深入剖析“天价彩礼”可能带来的法律后果和不良影响，呼吁大家自觉抵制高额彩礼，拒绝互相攀比，引导广大群众树立正确的婚姻观、价值观，以自己的实际行动营造自由平等、节俭文明的婚嫁新风。 普法结束后，法官针对辖区居民提出的相关问题，围绕彩礼的内涵、特点、法律性质、返还条件等方面内容进行了解答。将倡导移风易俗扎根群众心中，引导群众树立正确的婚恋观，自觉抵制“天价彩礼”陋习，传承中华传统美德，倡导文明节俭婚俗新理念。现场群众都不约而同表示：法官们讲的内容贴近生活，今后将坚决杜绝大操大办、铺张浪费、盲目攀比，努力做到""婚事新办、丧事简办、其他喜庆事宜不办""，争做移风易俗，倡树新风，淳民风、正村风、美家风的倡导者和响应者。 下一步，铁西区人民法院将充分发挥网格法官的专业优势，在贴近基层、服务群众前沿阵地作用。以诉源治理工作为切入点，持续开展形式多样的普法宣传活动，引导群众树立正确的婚嫁观念和简约适度的婚俗礼仪，让婚姻始于爱，让彩礼归于“礼”，让爱情回归本心，让婚姻回归本质。让移风易俗在群众心中生根发芽，让文明之花盛开在四平广袤的大地上。",755,http://jl.people.com.cn/n2/2024/0522/c349771-40853515.html,天价彩礼;婚姻;婚恋;彩礼;婚俗;婚嫁;恋爱
People.cn,2024/5/22,普定县：婚姻登记“幸福窗口”暖心服务彰显民政“温度”,“愿有岁月可回首，且以情深共白头。”“5·20”因谐音“我爱你”而备受青睐，新人们为了纪念这浪漫的时刻，相约牵手前来登记。为满足群众婚姻登记需求，普定县民政局始终坚持“热心”文明服务、“耐心”咨询服务、“细心”提醒服务、“尽心”延时服务、“暖心”指引服务，确保高峰期服务热情不减、服务态度不变、服务质量不降。 故事开始，“你我”相识于人海，“你”于人海中多看“我”一眼，“我”便成了“你我”。县民政局牢固树立“民政为民、民政爱民”工作理念，始终坚持以人民为中心的发展思想，“用心做事、用情服务”，不断更新服务理念、创新服务方式，提高办事能力，全力护航新人“你我”双人行，积极抽调工作人员充实婚姻登记窗口力量，实行分批窗口登记，优化办证流程，缩短新人登记等候时间，让婚姻登记成为“民政为民、亲民、便民”的一面旗帜，全力打造成为人民群众满意的“幸福窗口”。 “你我”因为爱情，走进婚姻殿堂，自此“你我”变成“我们”。县民政局积极为新人宣传发放《中华人民共和国民法典》、抵制低俗婚闹、高价彩礼等宣传资料，引导新人树立正确的爱情观、婚恋观、家庭观，签订婚事简办、抵制婚闹承诺书，倡议新人从自身做起，自觉抵制高价彩礼，反对跟风奢华和铺张浪费，厉行喜事简办，倡导移风易俗理念，弘扬社会正气，做新时代婚俗新风的引领者。同时，加大“免费婚检”宣传，提供婚前健康检查、新婚卫生指导、优生优育咨询等，充分发挥婚检“一站式”服务的优势，助力新人将“你我”变成“我们”。 “我们”牵着彼此，相互承诺，互相扶持，共度今生。县民政局大力推进婚姻领域改革创新，不断满足群众对美好婚姻生活的需要，积极组织开展结婚颁证仪式，赠送结婚纪念盒，设置“大屏喜庆背景+颁证台”打卡拍照区供新人拍照留念，让新人情定“5·20”，从“你我”牵手走向“我们”的“一生一世”。据统计，5月20日当天共办理婚姻登记90对。其中，结婚88对，离婚1对，补领结婚证1对，登记率100%、合格率100%，满足了群众在特殊日子办理登记的美好愿望。 “由相知而相爱，由相爱而更加相知。”此次活动使新人们深刻感受到新时代婚姻登记不再是刻板的办证流程，而是重登记、轻礼仪，彰显新时代婚姻登记新理念。下一步，县民政局将继续深化婚俗改革，传承发展中华优秀婚姻家庭文化，树立积极健康的婚姻价值观，引领社会文明新风尚。（梁兴菊、冯鑫）,980,http://gz.people.com.cn/n2/2024/0522/c361324-40852690.html,婚姻登记;高价彩礼;婚姻;结婚;离婚;婚恋;彩礼;婚俗
People.cn,2024/5/22,汝州：倡文明婚俗 为爱“减负”,5月20日，因其谐音“我爱你”受到年轻人青睐，并成为每年结婚登记的高峰期。5月20日一大早，汝州市市民之家婚姻登记窗口便排起了“幸福长龙”。 “人生有爱，‘小满’就好！今年的520、521，遇见农历十三、十四（1314，寓意一生一世），这个日子特别有纪念意义！”婚姻登记现场，一对新人甜蜜地说。 为有序应对“520”结婚登记小高峰，汝州市民政局婚姻登记处提前制定应急预案，检修办公设备，明确婚姻登记服务分工，安排专人维持秩序、审核手续，工作人员提前上班在岗，加班加点为新人提供优质、高效的办证服务。 “为满足市民的婚姻登记需求，我们中午不休息，晚上‘不办完不打烊’，确保每对新人完成登记。”该市市民之家婚姻登记窗口负责人张幽梅说。 为倡导婚事新办简办的文明新风和正确的婚姻家庭价值取向，汝州市民政局在市民之家婚姻登记窗口精心布置了温馨喜庆的“倡文明婚俗，树时代新风”签名墙，并制作了“和风细雨谋家事，坦诚相待家平安”和“家庭和睦是人生最幸福的事”的手持牌。 登记现场，工作人员还给领证的新人们发放“文明婚俗、拒绝浪费，共建幸福家庭”倡议书，引导新人积极参加签名活动，宣传和谐婚姻家庭知识。 李先生和张女士恋爱长跑6年，特地选在“520”这个特别的日子来领取结婚证。“我们作为新时代青年，积极响应号召，自觉抵制高额彩礼、反对攀比之风，弘扬好‘风雨同舟、相濡以沫、责任共担、互敬互爱’的婚姻理念。”张女士说。 此外，汝州市民政局婚姻登记处还邀请市妇幼保健院医生为新婚夫妇普及新婚妇幼保健知识，对新婚夫妇进行保健指导，引导新人进行免费婚前健康检查。 据统计，“520”当天，汝州市共有192对新人办理结婚登记。（汝州市委宣传部供稿 作者：张沛沛 杨向娟）,724,http://henan.people.com.cn/n2/2024/0522/c378397-40853347.html,婚姻登记;结婚登记;婚姻;结婚;彩礼;婚俗;恋爱
CCTV,2024/5/23,“我的婚礼我做主” 年轻人的婚礼创造新“花样”,中青报·中青网记者 魏婉 见习记者 李思 实习生 慕蓉菲 最近，自媒体博主阿康（网名）发布的一条标题为《婚礼哪些仪式可以取消？我：全部取消》的视频在社交媒体上火爆，目前已有超260万次的播放量、5400多条弹幕和3600多条评论。该视频记录了阿康和女友举办的一场特殊婚礼。婚礼没有车队，没有接亲，也没有伴郎伴娘，二人甚至连钻戒也没有。“我不喜欢千篇一律的流程，女友不喜欢煽情催泪的仪式。”阿康告诉中青报·中青网记者，未来也不打算去补婚纱照等流程，倒是可以在婚后旅行的时候创作一番，再拍个视频。 “简直就是梦寐以求的婚礼！婚礼本来就是双方开心地举办庆祝，而不是作秀走场的形式。”“有意义！一定要推广极简婚礼，杜绝大摆大办奢侈浪费。”“快乐有了，家人朋友关系也拉近了，钱也省了，也没那么繁琐和劳累，挺好的。”视频评论区中，网友们为阿康二人的做法点赞并献上祝福，更是有不少网友分享了自己办婚礼的经历及婚恋观念，并普遍认为简单的婚礼同样很精彩。 中国青年报社社会调查中心近期对1251名青年进行的一项调查显示，78.4%的受访青年支持举办极简婚礼，63.4%的受访青年认为极简婚礼应取消婚闹等不良习俗。新时代的年轻人对婚礼有了许多观念上的转变。 北京社会管理职业学院（民政部培训中心）婚庆服务与管理教研室主任黄晓强认为，这些变化体现在对婚礼形式和内容的重新审视以及对传统婚礼习俗的挑战，如抵制天价彩礼、拒绝婚闹，追求简约和个性化的婚礼等。 极简婚礼的流行被许多年轻人认为是追求个性化和自由的体现，他们将自己的创意和爱意融入其中，丰富婚礼的内容，使其既简约又不失个性和浪漫，玩出新“花样”。 毕业于北京理工大学的孟祥瑜和陈柏霖参加了由校团委主办的研究生毕业集体婚礼，还邀请30多位共同好友参加他们的“轰趴婚礼”，一起吃喜欢的食物、聊喜欢的话题、玩飞盘。 孟祥瑜提到，在集体婚礼中接受老师和同学的祝福，并领取学校向新人赠予的寓意着“一锤定情”的精工锤，是为了在校园内留下最纯真美好的回忆；在京郊优美的自然风光中叫上好友聚会，是为了借机感谢朋友们对二人感情的见证，感受属于年轻人的自由欢乐。 “大家玩得超级开心，很轻松，不会像传统仪式那样和大家有距离感，朋友们参与度也很高。总之很满意自己的选择！”孟祥瑜说，他们特意将“轰趴婚礼”中的仪式简化，“毕竟婚礼并非结果，而是一个值得享受的过程”。 天津市北辰区青年志愿者协会常务副会长李靖介绍，除了常见的集体婚礼、主题婚礼、目的地婚礼外，目前备受年轻人青睐的“国潮风”也与婚礼进行了“混搭”，不少人结合传统服饰、特色歌舞等非物质文化遗产元素，举办了富有文化底蕴的非遗婚礼。 通过创新的方式，年轻人使婚礼变得更加多样化和个性化，同时也能更好地体现自己的价值观和生活态度。“重要的是，无论选择哪种形式，婚礼都应该是一个充满爱、快乐和祝福的场合。”黄晓强指出，年轻人的婚礼主角意识增强，更加强调“我的婚礼，我做主”的观念，“他们希望婚礼能够真正体现自己的意愿和风格，而不是仅仅满足家人或社会的传统期待”。 90后小伙儿刘洋前段时间在海南某个游客罕至的海边礼堂内，举行了婚礼。他和妻子都是北京人，因为工作繁忙，婚庆公司的“大包大揽”让两人都“松了口气”，直到婚礼前一天才赶去位于海南三亚的婚庆公司门店试穿婚纱，而这在旅行婚礼里是常态。 “我们更想把钱和时间都花在刀刃上。”刘洋说，原本心存疑虑的双方父母，不仅对这场旅行婚礼评价很高，还积极向朋友推荐。据刘洋介绍，他找的婚庆公司是专业做旅行婚礼的，将礼堂装饰、婚纱妆造、新房布置、婚纱照拍摄、接机等服务都包含在套餐价格内，加上双方父母的机票，这场婚礼的花费算下来不到5万元。 阿康表示，相比花几十万元去办仪式、酒席，不如把钱用在买房子、还房贷等更加实际的用途上，通过视频、艺术表演等创意方式替代传统的环节，不仅能增添婚礼的个性化元素，成本也会大大降低。他婚礼的花销就只有购买几套婚礼礼服、朋友自发拍摄视频的几笔费用，总计在两万元以内。 来自江西南昌的短剧女演员唐诗诗（化名）表示，她姐姐和身边好友都算是极简婚礼，婚礼流程不复杂，“主要就是和亲朋好友一起吃个饭”。唐诗诗说，姐姐觉得婚礼上面所有的花费都不必要，不如用来买房、买车。 据某传统珠宝首饰行业销售透露，近年来，特别是去年，新婚夫妻在他们门店里购买钻石戒指的比例大幅下降，许多人会因为“更保值”，将黄金戒指选作婚戒。他就常遇到许多人在选购“三金”“五金”时，干脆将黄金戒指也算进去，更偏好工艺费较低、“性价比”较高的类型。 老一辈对年轻人推崇的婚礼形式持有怎样的态度？ 年近90岁的仇爷爷提到，自己一家三代嫁娶都没有彩礼，所以不需要考虑经济条件，只要孩子喜欢、对方人品好，家里都会给予祝福，并鼓励新人在酒席之外对结婚形式进行创新，这是帮助他们创造美好回忆的好方法。 70多岁的何奶奶与常年驻外、从事外交工作的丈夫在年轻时就举办了一场简洁又难忘的婚礼，物质方面两人就简单准备了些床品和服装，婚礼结束便各自奔赴工作岗位。何奶奶的儿子是一名外交工作者，婚礼也延续了父母的风格：因接到紧急赴外任务，从决定结婚领证到两桌亲友的小型婚礼，只用了不到10天。 平时爱刷短视频的何奶奶还主动提供了旅行结婚的方案，认为这种新颖的婚礼形式，成本较低且能亲近大自然，非常适合现在的年轻人。 最近，许奶奶的女儿即将成婚，家人对于婚礼形式产生些分歧。许奶奶提到，女儿女婿想要一切从简，打算领结婚证后一家人吃顿饭就行。她很认可女儿的计划，但许奶奶的丈夫更想好好热闹一场，最终，“为了不给孩子们增加压力，我俩商量后决定折中，让我家老头子出钱办个小范围的酒席”。 “小两口结婚是为了与合适的人生活在一起，而且两人也都有些经济基础，他们自己没有要彩礼的想法，我们也很支持。”许奶奶说。 阿康的岳父母对彩礼的想法也类似。阿康坦言，经过岳父母的同意，他只是“象征性地出了一点钱”，之后岳父母把这笔钱又全部返还给了他。 对于当前热议的彩礼问题，“高额彩礼并不能保障婚姻稳定，相反，过分重视彩礼金额、忽略感情基础反而给婚姻家庭的和谐稳定埋下隐患。”天达共和律师事务所合伙人马立文提到，从司法实践看，大量超出家庭正常开支的彩礼成为很多家庭的沉重负担，在婚龄较短的情况下，此种不平衡尤为凸显，进而导致矛盾激化、彩礼纠纷数量增多。 2021年以来，“中央一号文件”连续4年提出治理高额彩礼，各地“移风易俗、整治高额彩礼”相关的行动也在进行，涉彩礼纠纷的审理越来越受到重视。天达共和律师事务所律师贾丹琦介绍，今年2月1日正式实施的《最高人民法院关于审理涉彩礼纠纷案件适用法律若干问题的规定》，针对彩礼认定范围、归还原则及程序等予以规范，使得婚姻的时长、子女的存在以及彩礼的去向，都成为了判定彩礼归属的重要标尺，为我国彩礼司法办案实践提供了新的解决思路。 黄晓强认为，推行婚礼新风尚需要全社会的共同努力。他建议，高校开设婚恋教育相关的课程，内容包括婚恋关系、家庭关系、亲子关系以及如何构建健康的婚姻价值体系等，帮助学生更懂爱，这对于帮助学生建立正确的婚恋观念、提升情感交流能力具有重要作用。,2932,https://news.cctv.com/2024/05/23/ARTIwvZTMdB2D2pgACWsRQym240523.shtml,天价彩礼;婚姻;结婚;婚恋;彩礼;婚龄;夫妻;婚礼
CCTV,2024/5/23,江西新余：举办中式集体婚礼 树立文明婚俗新风尚,央视网消息 出阁礼、牵巾礼、传家训、合卺礼、结发礼……近日，在江西省新余市举行了两场特别的婚礼，新人们在亲朋好友的共同见证下，缔结良缘，携手步入婚姻殿堂。 其中，新余市分宜县在介桥古村景区举办了2024年“因为爱情·不要彩礼要幸福”集体婚礼活动。在典雅的礼乐声中，16对新人身着华美汉服在典雅的礼乐声中，手牵绣球缓缓步入舞台。随后，在执礼者引导下，依次完成新人互拜、新妇却扇、新婿描眉、合卺之礼、结发礼、执手礼等礼仪，现场亲友掌声不断，祝福新人们喜结良缘，百年好合。没有奢华的喜宴，没有精美的场布，但对16对新人来说，这场婚礼意义非凡，为自己留下了一段珍贵美好的回忆。 同样在新余市渝水区在赣西民俗风情街，也举行了一场“爱在风情街 · 情定孔目江”“5·20”户外集体颁证暨江畔集体婚礼活动。“我们自愿结为夫妻，从今天开始，我们将共同肩负起婚姻赋予我们的责任与义务。”在主持人的带领下，10对身着传统婚服的新人共同宣读结婚誓言。随后，新人们领取了结婚证，一本本证书宣告着他们已经正式结为夫妻。 在集体婚礼环节，一对对新人乘船出场奔向彼此，以水为媒，以船为轿，共渡幸福生活。伴随优美的音乐，10对新人缓缓穿过鹊桥，来到许愿树下，相视而立，脸上始终洋溢着幸福的笑容。最终，在现场嘉宾的见证下大婚礼成。 渝水区在近年来积极倡导“婚事新办、婚事简办”，引导广大新人树立文明向上的婚姻理念，营造破除陈规陋习、弘扬文明新风的浓厚社会氛围。渝水区民政局婚姻登记处主任宋蓉表示，希望通过这类简约而富有仪式感的集体颁证和集体婚礼活动，倡导婚事新办，进一步弘扬中华优秀婚俗文化，以树立积极健康的婚姻价值观和婚庆消费观带动影响更多的青年人，形成节俭文明的“新婚俗”。（总台记者 鄢俊琪 陈丹阳 央视网记者 胡梦洁）,746,https://city.news.cctv.com/2024/05/23/ARTIRcec9L3LGF0EJpSHfZ1r240523.shtml,婚姻登记;婚姻;结婚;彩礼;婚俗;夫妻;婚礼
People.cn,2024/5/23,2023年度婚姻家庭社工人才实务实训项目结业典礼,5月22日下午，2023年度成都市婚姻家庭社工人才实务实训项目在二仙桥街道邻里月台小剧场迎来了结业典礼。 结业典礼上，项目指导老师-成都大学教授张蕾对参与学员持之以恒的学习表达了肯定，对积极投身婚姻家庭社会工作实务服务的同仁表达了钦佩，同时也提出结业并不是终点，而是新的起点，希望学员们学以致用，推动婚姻家庭社会工作的实务发展。 随后，项目负责人对整个学习历程进行了回顾，经过一系列的培训学习，完整完成四个阶段并达到结业标准的学员有63名。张蕾为结业学员们颁发结业证书，三名学员代表依次进行发言，分享了自己的学习收获，以及通过参与本次学习给自己的工作和生活带来的改变。 2023年婚姻家庭社工人才实务实训项目专注培养婚姻家庭领域的专业社工人才，通过专题理论培训+实务技巧演练+实务见习+实务实训相结合的方式对学员进行系统的、实务导向为主的婚姻家庭社会工作系统学习，经过近8个月的持续学习，最终63位学员顺利结业，24名学员荣获优秀学员。婚姻家庭实务实训项目的圆满落幕离不开福彩公益金的资助，成都市三社中心、成都市民政局、成华区民政局、成华区妇联、成都大学、成都理工大学、武侯区民政、双流区民政的支持，以及学员的努力。婚姻家庭社工人才实务实训基地也将持续关注社会发展的需要，关注婚姻家庭领域的新变化和新问题，总结经验的基础上，不断优化培养模式和培养机制，进一步完善课程体系，持续推动成都市婚姻家庭社会工作人才的培养。,607,http://sc.people.com.cn/n2/2024/0523/c345167-40854498.html,婚姻
People.cn,2024/5/23,宁夏开展自治提升行动推进农村高额彩礼专项治理,5月22日，记者从自治区党委社会工作部了解到，日前，按照自治区党委办公厅、人民政府办公厅发布的《关于持续开展农村高额彩礼专项治理建设文明乡风的实施意见》部署，自治区党委社会工作部积极开展自治提升行动，充分发挥党建引领基层治理作用，制定相关工作方案。 方案将反对高额彩礼、人情礼金过重和鼓励适婚青年婚恋作为重要内容纳入村规民约，结合实际设定彩礼、人情礼金、婚宴倡导性标准；引导村民通过红白理事会办理红白喜事；指导行政村因地制宜建立村规民约奖惩机制，奖励措施优先向抵制高额彩礼的家庭和村民倾斜，对违反村规民约高额彩礼规定的村民制定自治性处罚标准和措施。 方案优化红白理事会人员构成，修订完善《红白理事会章程》，健全村民新婚彩礼报备制度；指导控制婚事规模和婚宴标准，做好记录；指导设立村民议事会，制定完善组织章程，明确相关人员构成比例；因地制宜设立村民议事场所，开展议事协商活动；组织群众开展道德教育，将村规民约有效执行与精神文明创建活动相结合，促进村规民约有效实施。 同时，方案指出，村民委员会下属妇女儿童工作委员会人员兼任婚姻劝导员，及时掌握本村婚嫁彩礼情况；自治区党委社会工作部设计“零彩礼”“低彩礼”证书版式及标准；县级党委社会工作部确定倡导性标准，制作证书，指导乡镇认定颁发。指导村“两委”自下而上确定本村彩礼、礼金、婚宴倡导性标准，适时召开村民代表会议议定本村彩礼情况。 特别值得关注的是，方案发挥村“两委”班子、党员示范作用，落实婚丧嫁娶报备制度，加强教育培训；社区工作者招录中，放宽“零彩礼”新婚夫妇及女方直系家庭成员招录条件；乡镇、村根据实际，免费为“零彩礼”“低彩礼”家庭提供婚礼宴席场所；对“零彩礼”“低彩礼”家庭的劳动力，在就业技能培训上给予支持，新婚夫妇从登记结婚之日起5年内，可在市域范围内免费乘坐公交车；申领燕宝奖学金的家庭，倡导学生和监护人签订“建设文明乡风抵制高额彩礼”倡议书。（记者 何耐江）,811,http://nx.people.com.cn/n2/2024/0523/c192482-40853981.html,婚姻;结婚;婚恋;彩礼;婚嫁;适婚;婚礼
People.cn,2024/5/23,政务App推交友服务助“脱单”引热议,近日，浙江政务App“浙里办”的“亲青恋”服务引发了不少网友的热议。北京青年报记者了解到，该服务可为年轻人提供线上、线下的交友、相亲服务。运营人员表示，服务联动对接了民政、人社、教育、公安、司法等多个机关的数据，可以有效核实用户的婚姻登记情况、职业、学历、个人征信、犯罪记录等关键信息。 有通过该服务参与相亲活动的网友向北青报记者表示，平台曾就一些背景信息向她所在的组织进行核实，这让她感到平台比较靠谱。 用户可通过“亲青恋”栏目 免费报名参加线下联谊活动 近日，有网友发帖称，在浙江政务服务网官方App“浙里办”上看到了一个“相亲”页面，页面显示，参与者除了可以线上“相亲”，还可以参与线下的交友、相亲活动。不少网友为该帖子点赞，有身在湖北的网友表示希望这样的服务能走出浙江，让其他地区的网友也参与其中。 昨日，北青报记者在“浙里办”App内看到，相亲服务属于App内的“亲青恋”栏目，用户在平台注册后，可以浏览其他用户的学历、薪资、兴趣爱好等内容，遇到感兴趣的对象，可以与其线上打招呼或留言。 此外，在相关的活动页面，用户还可以免费报名参与线下交友或联谊活动。如果有网友希望和网上的对象在线下见面，就可以在平台上的“爱情会客厅”板块预约登记，平台称届时会有“红娘志愿者”协助双方沟通、联系。 联动对接民政等多部门数据 从源头确保用户信息真实性 北青报记者从“亲青恋”运营方工作人员处了解到，此前共青团浙江省委曾开展过一次了解青年“烦心事”的网络征集活动，发现很多年轻人的主要诉求是婚恋交友问题。共青团浙江省委因此推出了“亲青恋”网络婚恋交友平台，后来上线到“浙里办”App。 工作人员表示，相比其他婚恋平台，“亲青恋”服务联动对接了民政、人社、教育、公安、司法等多个机关的数据，可以有效核实用户的婚姻登记情况、职业、学历、个人征信、犯罪记录等关键信息，从源头确保相亲对象背景信息的真实性。 此外，工作人员表示，用户每天有3次和感兴趣的对象在线打招呼或留言的机会，如果有人遭遇其他用户的恶意骚扰，可以向平台进行举报，后台工作人员可以第一时间介入处理，避免有人借助平台骚扰他人。 此外，工作人员表示，用户通过“爱情会客厅”预约登记线下一对一见面时，会有专门的“红娘志愿者”来负责联系。目前平台有四五名常驻“红娘志愿者”，都是热心且负责的退休人士。 据介绍，截至目前，“亲青恋”认证会员数已超过48万，其中“90后”约占63%，“00后”约占20%。工作人员表示，“亲青恋”的线下活动主题会依据年轻人的喜好不断变化，包括古风国潮、趣味体育、手工DIY等，“有时候我们也会邀请一些恋爱导师进行线下课堂分享。” 90后参与者：靠谱的平台 组织的线下活动感觉更规范 1997年出生的邵女士是浙江本地人。她说今年3月份，她在网络上注意到了浙里办App的“亲青恋”平台，就抱着试一试的心态注册了。 邵女士注册后，发现平台就一些背景信息进行了核实，然后才批准了她的注册，这让她感到平台比较靠谱。此后，邵女士参与过一些平台举办的线下活动，在她看来，相比于其他机构举办的相亲活动，“亲青恋”平台的活动组织得更规范，而且是免费参与，因此她愿意再参加这类相亲活动。 邵女士回忆说，有一次相亲活动来了大约60人，工作人员把相亲者分为6组，共同完成6个任务。她说活动匹配的对象算是她喜欢的类型，活动整体体验不错。 邵女士表示，参与这类相亲活动让她成长了很多。虽然跟当时匹配的男生没有成功牵手，但她还通过这次活动认识了其他男生，跟其他人有过几次线下交流。“我以前没有相亲过，也没有谈过恋爱，但多聊几次之后，我就搞清楚自己到底喜欢什么类型的人了。”,1509,http://sc.people.com.cn/n2/2024/0523/c345167-40854073.html,婚姻登记;婚姻;婚恋;恋爱;相亲;脱单;对象
People.cn,2024/5/23,江苏部分高校陆续开设婚恋文化课程，受到学生欢迎,今年5月，教育部开展首个全国学生心理健康宣传教育月。记者走访发现，为解决部分大学生婚恋焦虑，我省一些高校陆续开设婚恋文化课程，受到学生欢迎，有些热门选课甚至要“拼手速”。 “如何用一种颜色描述原生家庭的心理氛围？你觉得原生家庭对你未来组建家庭的信心有影响吗？”近日，在南京师范大学的一堂《亲情友情爱情》课上，任课教师、南师大心理学院副教授殷飞向学生们提出了这样的问题。“年轻人对婚姻的态度，一定程度上取决于原生家庭的氛围。爸爸妈妈遇到矛盾时是吵架还是和颜悦色地沟通？这些都会潜移默化影响到孩子的婚恋观。”《亲情友情爱情》这门课是南京师范大学开设的博雅教育课程之一，每周三上课时，全场座无虚席，还有许多没抢到课的学生前来“蹭课”。 调查显示，青年人的婚恋观更强调自由选择、平等和幸福感，而不是传统的家庭责任和压力。宿迁学院教师吕甜甜发现，互联网时代出生的大学生，个体自主性很强，其婚恋观也有着鲜明的时代特征，“我们不是强加给大学生某种理念，或者为学生做决定。在两周左右的课时中，我们希望通过给予学生更多信息，让他们看到生活的多个层面，启发他们去思考自己要的到底是什么。” “与其说是在对学生进行婚恋教育，不如说我们在对他们进行健全人格的教育。”在徐州幼儿师范高等专科学校，女生的比例超过八成，学校专门开设了《女性心理学》选修课，其中就有关于婚姻家庭的内容。该校心理健康教育中心主任张琰说，大学生的人格还没有完全成熟，要在自我认同、亲密关系、学业上进行艰辛探索，所以叠加的压力非常大，需要学校对他们进行引导教育。“我们还会通过婚恋主题讲座、心理沙龙、团体心理辅导等形式，帮助学生树立正确婚恋观念，提升他们在恋爱、婚姻和家庭方面的素养和能力。” 青年群体在婚恋方面会遇到诸多误区。张琰举例，有的人择偶标准过于功利，忽视了对方的人品、情感等方面；有的人缺乏爱的能力，恋爱经常始于对恋爱对象的完美幻想，混乱于交往过程中的误解与争吵，终止于自己不被包容、不被满足的受害者心态；一些学生由于创伤性的成长经历，不敢与人建立信任的连接。“我们开设互动式和讨论式课堂，开放心理咨询中心提供咨询，帮助部分有婚恋焦虑的学生减轻负面成长经历带来的心理阻力。在青年婚育观形成中，家长也扮演了重要角色，我们就开设家长课堂，让家长引导孩子树立独立自主、平等和谐的健康恋爱观。”（程晓琳 杨频萍）,981,http://js.people.com.cn/n2/2024/0523/c360307-40853528.html,婚姻;婚恋;婚育;恋爱;择偶;对象
People.cn,2024/5/23,河北邱县：多措并举推进“抵制高额彩礼 倡导文明婚俗”宣传活动,为树立正确的婚嫁观念，抵制高额彩礼，连日来，河北邱县积极组织各乡镇、各单位文明实践志愿者开展“抵制高额彩礼 倡导文明婚俗”宣传引导活动，通过党员干部带头承诺、加强群众自治、线上线下广泛宣传等方式，引导广大群众坚决抵制高额彩礼，培育文明新风。 党员干部带头，强化示范引领。邱县严格落实党员干部操办婚丧喜庆事宜“两报告一承诺”制度，在党员干部中开展抵制高额彩礼，推动移风易俗承诺活动并签订承诺书，切实加强了党员干部对操办相关活动的行为规范和纪律约束，自觉抵制大操大办等行为，坚决遏制高额彩礼之风。 发挥“两会一约”，强化立规定矩。该县把反对高额彩礼，反对婚丧事大操大办、铺张浪费行为作为村规民约重要内容，形成抵制高额彩礼的鲜明导向和良好氛围；充分发挥红白理事会、道德评议会等村民自治作用，组织红白理事成员、“五老”成立抵制高额彩礼志愿劝导队，到适婚青年家中上门宣传劝导，引导适婚青年及家长摒弃高额彩礼、大操大办、盲目攀比、铺张浪费等行为。 深入群众普法，加强法治保障。为有效预防高额彩礼引发的婚姻纠纷，邱县普法宣传志愿服务队深入社区、村镇开展“抵制高额彩礼 普法进万家”主题宣传活动，宣传解读《民法典》中“禁止包办、买卖婚姻”“禁止借婚姻索取财物”等内容，采用以案说法、零距离普法的方式，深入剖析高价彩礼的危害，引导群众树立正确的价值观、婚恋观。 创新宣传形式，注重教育引导。邱县发挥漫画之乡的优势，征集创作“抵制高额彩礼 倡导文明婚俗”主题漫画30余幅，依托新时代文明实践所（站）开展主题宣传活动，将漫画制作成图板、宣传册广泛宣传，受教育群众3万余人次；利用县媒体平台开设“抵制高额彩礼 倡导文明婚俗”专栏，线上线下齐发力，不断加强宣传倡导力度，形成浓厚的宣传氛围。 “邱县将持续开展‘抵制高额彩礼 倡导文明婚俗’宣传引导活动，以正面典型引领，通过线上线下结合、宣传与实践结合的方式进行宣传，让移风易俗入脑入心，让文明新风落地生根。”邱县县委宣传部常务副部长、文明办主任王海强表示。（赵岩、刘龙）,847,http://he.people.com.cn/n2/2024/0523/c192235-40854514.html,高价彩礼;婚姻;婚恋;彩礼;婚俗;婚嫁;适婚
People.cn,2024/5/24,图们市“520”迎来结婚登记小满,5月20日是小满，也是“520”结婚登记高峰日。 在这个特殊的日子里，图们市政务服务中心婚姻登记大厅格外繁忙，情侣们带着对未来的美好期许和对彼此真挚的爱意携手而来。他们手牵手相互依偎着，分享着内心的喜悦，勾画着对未来美好家庭生活的憧憬。这一幕幕温馨的画面，让人感受到爱的力量和幸福的滋味。 为记录这温馨幸福的时刻，图们市政务服务中心婚姻登记大厅精心布置、热心服务。截至上午12点，共办理结婚登记6对，工作人员以实际行动为新人送上真诚的祝福：愿新人们白头偕老，美满幸福。 小满，夏熟作物子粒逐渐饱满，早稻开始结穗，在禾稻上始见小粒的谷实。希望所有新人们圆小满似的婚姻家庭，满而不盈、满而不溢、满而不损，文明婚嫁、抵制高价彩礼，婚事新办、拒绝铺张浪费，传承优秀传统，树立良好家风。,338,http://jl.people.com.cn/n2/2024/0524/c349771-40855799.html,婚姻登记;结婚登记;高价彩礼;婚姻;结婚;彩礼;婚嫁;情侣
People.cn,2024/5/25,“5·20”当天送首饰，算彩礼吗？,●案情： 贾某与李某于2021年相识相恋。恋爱期间，贾某为李某购买手机，在5月20日这天送李某首饰，多次转账合计4万元。后双方协商，贾某向李某转账15万元作为结婚彩礼。双方分手后，贾某向法院起诉，称其给李某买的手机、首饰以及转账均为彩礼，要求李某返还。 ●判决： 恋爱期间给付的财物，是否为应当返还的彩礼？《最高人民法院关于审理涉彩礼纠纷案件适用法律若干问题的规定》第三条明确，人民法院在审理涉彩礼纠纷案件中，可以根据一方给付财物的目的，综合考虑双方当地习俗、给付的时间和方式、财物价值、给付人及接收人等事实，认定彩礼范围，并特别规定“一方在节日、生日等有特殊纪念意义时点给付的价值不大的礼物、礼金”“一方为表达或者增进感情的日常消费性支出”等情形不属于彩礼范畴。 法院认为，贾某为李某购买的手机以及转账的4万元系贾某为增进感情进行的日常消费性支出，为李某购买的首饰在特殊时点购买，属于表达或增进感情的消费性支出，均不属于彩礼。最终判令李某向贾某返还彩礼15万元，驳回其他诉讼请求。 ●说法：本案争议的焦点，是贾某给予李某的财物是否为彩礼。法院根据事实，将贾某在谈婚论嫁前为李某购买的手机及“5·20”为李某购买的首饰等，认定为贾某是为表达和增进与李某之间的感情所进行的消费性支出，不属于彩礼。而贾某在与李某商议结婚事宜并确定彩礼数额之后向李某转账的15万元，是以结婚为目的给付的彩礼，法院判决符合上诉司法解释的规定。 彩礼在我国有着广泛的社会文化基础。给付彩礼是以婚姻为目的的赠与。已办理结婚登记且共同生活的，在双方离婚时一般不予返还彩礼。但是，如果共同生活时间较短且彩礼数额过高的，应当根据彩礼实际使用及嫁妆情况，综合考虑彩礼数额、共同生活及孕育情况、双方过错等事实，结合当地习俗，确定是否返还以及返还的具体比例。未办理结婚登记的，原则上应当返还彩礼，但双方已共同生活的，应当综合考虑共同生活及孕育情况、双方过错等事实，结合当地习俗，确定是否返还以及返还的具体比例。 （本报记者刘华东整理）,847,http://yn.people.com.cn/n2/2024/0525/c378440-40856749.html,结婚登记;婚姻;结婚;离婚;彩礼;恋爱
People.cn,2024/5/25,宁夏开展法治保障行动推进农村高额彩礼专项治理,5月23日，记者从自治区党委政法委了解到，按照自治区党委办公厅、人民政府办公厅《关于持续开展农村高额彩礼专项治理建设文明乡风的实施意见》的部署，自治区党委政法委充分发挥法治在治理农村高额彩礼中固根本、稳预期、利长远的作用，积极开展法治保障行动，制定相关工作方案。 方案依托“塞上枫桥”新媒体矩阵、“三官一员”队伍、“法治家园”建设等载体，组织开展线上线下宣传，并建立以案释法机制。同时，鼓励地方立法强化正面引导，培养“法律明白人”，有机融入中华优秀传统法律文化，提升乡村治理法治化水平。 方案以“塞上枫桥”基层法治工作机制为抓手，动态开展摸排化解，村级组织法治力量常态化摸排彩礼矛盾纠纷；乡镇 （街道）通过联席会议机制会商化解高额彩礼矛盾问题；县（市、区）整合资源力量集中攻坚化解涉婚重大矛盾风险。 方案强化婚恋中介监管，督促婚介服务机构及其从业人员严格遵守行业规范，禁止怂恿高额彩礼。严格按程序推选农村媒婆进入红白理事会，协助村级组织开展移风易俗活动。 方案组织开展打击拐卖妇女儿童犯罪专项行动，严厉打击婚托、婚恋诈骗、有组织婚骗等违法行为。对提供线索并经查实的，给予1000元至10000元奖励。同时，加强对高额彩礼引发纠纷的法律监督，防止以合法民事调解掩盖诈骗违法犯罪事实。在12309检察服务中心设置“妇女权益保护”接待窗口，优先办理因高额彩礼引发的相关案件。 方案加强涉彩礼纠纷当事人法律援助，全面推行异地协作机制，对因高额彩礼引发的婚姻家庭纠纷，及时提供高效便捷的法律援助。 方案在全面推进专项治理的基础上，指导同心县、西吉县2个乡村振兴重点帮扶县和西夏区、大武口区、中宁县3个移民聚居区率先在农村高额彩礼专项治理法治保障行动中发挥示范引领作用。 自治区党委政法委相关负责人表示，全区政法系统将按照《实施意见》的部署要求，充分发挥“塞上枫桥”基层法治工作机制作用，不断健全完善彩礼纠纷调处机制，推动形成涉婚风险联排、隐患苗头联防、矛盾问题联管、综合施策联治工作合力，确保专项治理取得实效。（记者 何耐江）,858,http://nx.people.com.cn/n2/2024/0525/c192482-40856720.html,婚姻;婚恋;彩礼;婚介
CCTV,2024/5/26,宁夏农村彩礼倡导性标准：不超过人均可支配收入6倍,近日，自治区农村高额彩礼专项治理联席会议办公室公布了投诉举报电话。其中，宁夏12345政务服务便民热线，受理反映群众在高额彩礼、人情攀比、大操大办等农村移风易俗方面的问题；纪检监察机关专用举报电话12388、组织系统专用举报电话12380，受理群众对党员干部和公职人员违反高额彩礼、人情攀比、大操大办等农村移风易俗有关规定的检举。 稍早前，宁夏固原市农业农村局已公布农村高额彩礼专项治理建设文明乡风举报电话。相关通告称，农村婚嫁彩礼超过本市2023年度农村居民人均可支配收入的6倍以上的（我市2023年农村居民人均可支配收入为1.54万元），超过此标准均视为高价彩礼。 澎湃新闻注意到，根据自治区党委办公厅、自治区政府办公厅发布《关于持续开展农村高额彩礼专项治理建设文明乡风实施意见》，以红寺堡区、盐池县、同心县、原州区、西吉县、隆德县、泾源县、彭阳县、海原县9个乡村振兴重点帮扶县，以及易地搬迁农村居民数量较多的兴庆区、西夏区、永宁县、中宁县的移民聚居区为重点区域，以农村脱贫人口、防止返贫监测对象和具有高额彩礼倾向的群体为重点人群。各地可根据经济社会发展水平和风俗习惯。结合实际引导村民委员会确定彩礼、礼金、婚宴倡导性标准。其中，重点区域农村彩礼一般不超过2023年当地农村居民人均可支配收入的6倍，非重点区域农村彩礼一般不超过2023年当地农村居民人均可支配收入的4倍。积极鼓励“低彩礼”，大力倡导“零彩礼”。 为加快推动高额彩礼、人情攀比、大操大办等婚俗陋习治理，自治区党委组织部、宣传部、社会工作部、政法委、民政厅、农业农村厅、妇联、团委还分别制定了党建引领行动、文化浸润行动、自治提升行动、法治保障行动、婚俗改革行动、惠农增收行动、妇女关爱行动、青年新风行动8个工作方案。 其中，《关于持续开展农村高额彩礼专项治理党建引领行动的工作方案》明确，要用好举报电话、网站等举报平台，对群众反映涉及党员干部违规操办婚庆等事宜的问题线索，从严从快查处。对未进行报备，发生“高彩礼”、人情攀比、大操大办等行为的党员干部、公职人员，视情况进行批评教育等处理。 《关于持续开展农村高额彩礼专项治理自治提升行动的工作方案》明确，根据当地2023年度农村居民人均可支配收入情况，确定农村彩礼倡导性标准，指导村“两委”自下而上按程序确定本村彩礼、礼金、婚宴倡导性标准。另外，对“零彩礼”新婚夫妇及女方直系家庭成员，在社区工作者招录中，适当放宽条件。 方案还提出，对“零彩礼”“低彩礼”的新婚夫妇，从登记结婚之日起5年内，本人及双方父母凭“零彩礼”“低彩礼”证书和身份证等有效证明，可在市域范围内免费乘坐公交车等。,1101,https://news.cctv.com/2024/05/26/ARTI9fmQqqUqz0mWZH0AeWVM240526.shtml,高价彩礼;结婚;彩礼;婚俗;婚嫁;对象
China News Service,2024/5/26,婚恋、生育和家庭关系……这场研讨会聚焦幸福家庭建设,如何提高生育率？互联网如何影响家庭结构？如何让家庭关系更和谐？5月23日，就这些备受关注的社会热点话题，一场由民进中央妇女儿童委员会、北京大学中外妇女问题研究中心主办，青爱教育基金会、北京市婚姻家庭研究会协办的幸福家庭建设研讨会在北京大学举行，来自婚姻家庭研究领域的专家、学者聚焦树立新时代的家庭观，以及建立生育友好型社会展开研讨。 民进中央副主席、北京市人大常委会副主任、民进北京市委会主委庞丽娟强调，家庭是社会最基本的细胞，家庭建设是国家建设、社会建设的基石，是社会和谐发展的稳定器。我们要深刻领会新时代家庭观的时代背景和精神内涵，深刻理解其政治意义、理论意义和实践意义。目前，国际和我国婚姻和家庭关系正在发生巨大变化，有必要对生育、婚恋、家庭关系等展开深入研究，促进家庭和睦和社会和谐建设。 北京大学党委副书记、党委统战部部长姜国华称，北京大学具有教学科研和学科人才优势，民主党派人才荟萃，北大将一如既往全力支持民进北京大学基层委员会的发展建设和品牌活动。 民进北京大学委员会副主委、北京大学社会学系教授刘爱玉，北京大学社会学系教授李建新分别就人口转型背景下中国婚姻家庭面临的挑战、新时代婚姻家庭结构变迁介绍研究情况，数据表明，在中国，结婚依然是普遍现象，不同出生世代存在不同的生育动机。中央民族大学社会学系教授杨菊华认为，互联网对家庭影响的广泛性与深刻性千年未有，家庭随技术的进步而加速变迁。 全国妇联妇女研究所原副所长姜秀花聚焦“寻找‘最美家庭’活动对新时代家庭观培育研究”。北京市婚姻家庭研究会会长蒋永萍通过对北京市顺义区水屯村的研究，挖掘出基层家庭优良家风的培育路径。北京大学人口研究所副教授张蕾以台湾地区实证研究为例，揭示家庭托育可负担能力提升能够对女性继续生育意愿产生正向且显著的影响。 北京大学中外妇女问题研究中心主任叶静漪表示，应以中国特色家庭建设助力和丰富中国式现代化，需要从社会学、经济学、历史法学乃至技术方面共同努力，给出具有实践价值的有效对策。 民进中央妇女儿童委员会主任、北京大学中外妇女问题研究中心副主任、北京大学社会学系教授佟新主持会议。(完) (《中国新闻》报 记者 张乐 报道) 【,911,https://www.chinanews.com.cn/sh/2024/05-26/10223398.shtml,婚姻;结婚;婚恋
CCTV,2024/5/27,焦点访谈：治理高额彩礼 既有法也讲理,央视网消息 （焦点访谈）：在一些农村地区，高额彩礼成了农民家庭的沉重负担，有的适龄青年就因为家里的经济条件有限，出不起高额的彩礼钱，没法结婚。还有的男女双方因为彩礼起了纠纷，闹上法庭的也大有人在。彩礼本来是一种婚俗，但是高额彩礼却成了婚嫁不可承受之重。如何对这种不合理的现象进行综合治理，为婚嫁“减负”呢？ 近日，湖南省宁乡市人民法院执行局工作人员来到被执行人家中，上门执行退还彩礼事项。在执行现场，男方当事人车某情绪激动。据他讲述，2021年他从上海到长沙旅游时和女方相识，随后成为网友，2023年，两人见面两三次就登记结婚了。其间，车某给对方陆续转账20余万元，还购买了黄金项链、手镯、钻戒和名牌包。婚后王某要求车某装修好上海的房子后，再来上海一起生活，后又反悔。两人在婚后仅见过两次，王某就提出了离婚。2023年8月，车某提起离婚诉讼，同年11月，宁乡法院依据《最高人民法院关于适用〈中华人民共和国民法典〉婚姻家庭编的解释（一）》相关规定判决王某退还车某彩礼及其他物品折价共计25万余元，但此后王某一直没有履行判决。 湖南省宁乡市人民法院法官邓璐阳：“我们今天准备把王某拘传到宁乡法院，看看后面女方对收取的这些财物钱款怎么还，她说她已经当掉了或者卖掉了，我们今天带回去查实一下这些情况。” 5月8日，王某因拒不如实报告财产被宁乡法院司法拘留15天，目前王某已退还名牌包一个，履行执行款5万余元，后续法院还将继续推进。 今年2月1日起，《最高人民法院关于审理涉彩礼纠纷案件适用法律若干问题的规定》开始实施，进一步完善了返还彩礼的相关规定，成为越来越多地方法院处理相关案件的重要标准和依据。今年4月，陕西韩城人民法院就适用新规，成功调解一起涉彩礼返还案件。 女方当事人张某：“我出社会早，早早把我嫁了，父母两个背着我爷爷奶奶把彩礼收了，没办法就得嫁。” 张某告诉记者，当时她和男方只办了酒席，没有办理结婚登记，随后由于感情基础不牢固，加上生育孩子后生活琐事多，两人经常出现争吵甚至互殴等情况，有时还会惊动双方父母和派出所，不久后便分居了。今年2月，男方赵某起诉张某和其父亲，要求退还彩礼68000元、购买三金的费用6000元，共计74000元。主审法官接到原告的诉讼请求后，考虑到原被告双方矛盾较大，见面极有可能发生刑事案件，于是决定采取当事人双方不见面的背对背形式进行诉前调解。 陕西省韩城市人民法院芝阳人民法庭庭长王春妮：“我们跟原告充分释法明理，让他知道咱们国家有新的规定，对他经过反复做工作，他也降低了自己的心理预期。被告这边认为我跟你在一起共同生活了，我也是实心想跟你过日子，但是因为没有领证，而且我还跟你共同生育了一个孩子，你现在要求我给你返还彩礼，我就不愿意返还，心里有抵抗情绪。” 调解过程中，双方争执不下，且双方长辈亲属也参与其中，导致调解工作变得更加困难。按照彩礼新规，双方未办理结婚登记但已共同生活，一方请求返还按照习俗给付的彩礼的，法院应当根据实际情况确定是否返还以及返还的具体比例。根据本案实际情况，法院应当支持赵某部分诉讼请求。对此法官多次用通俗易懂的语言向当事人释法说理，最终双方自愿达成了“张某通过分期支付的方式向赵某返款彩礼2万元”的调解协议。 近年来，彩礼相关话题不断引发关注，因彩礼产生的矛盾纠纷及各类案件也呈上升趋势。对此，长期从事农村婚恋问题研究的华中师范大学中国农村研究院教授黄振华认为，部分农村地区适婚男女比例不均衡，以及攀比和从众心理催生了包括彩礼、车房、婚宴等在内的高昂结婚经济成本，想要根除高额彩礼就要在基层治理中推动自治、法治、德治相互融合、共同发力，形成遏制高额彩礼的闭环。 华中师范大学中国农村研究院教授黄振华：“通过移风易俗的方式，发挥村庄的内生动力。比如制定一些村规民约，调动村民的积极性。有些地方成立红白理事会，由村里面的村干部、有威望的老人或者专门从事红白事务的人参与，共同参与整治高价彩礼问题，取得了很好的成效。” 5月15日，在河北省河间市兴村镇大庄村村委会，党支部书记、村委会主任石炳启和16名村民代表对村规民约中的彩礼数额调整进行讨论、表决。为抵制高额彩礼、大操大办等问题，2018年，大庄村首次将彩礼标准以具体金额的形式纳入村规民约中，规定低彩礼上限是6万元，2万元以下是“零彩礼”。这次修改，打算将上限再降低1万元。 对于下调1万元，村支书石炳启和村民代表们从本村的人均收入、执行效力、引导效果等方面，进行了分析和讨论。经过举手表决，最终全票通过。 有了标准，怎么执行是关键。大庄村通过红白理事会制度改革，村委会成员全部成为红白理事会成员，书记担任会长，以村委会+红白理事会的方式，细化分工，从男女双方谈彩礼到完婚，全程参与服务、引导。同时，村里还与当地法院结合，带来了“1+1＞2”的效果。 河北省河间市人民法院基层法官工作站负责人王树彬：“我们审查村规民约，一是合法性，要守住合法这个底线，从内容上不出现与法律精神、法律规定相冲突的表述，在制定过程上要符合民主议定程序；二是实践性，村规民约要便于操作，简便易行。” 随着移风易俗的推进，“零彩礼”、低彩礼正在被越来越多的人接纳。去年“五一”期间，河南省驻马店市西平县陈老庄村村民赵爱珍的三女儿就以“零彩礼”嫁到了本市的汝南县。 河南省西平县陈老庄村村民赵爱珍三女婿王伟：“当时我正在创业，手头也不是很宽裕，就跟亲戚朋友借了11万块钱。当时汝南县的彩礼有16.8万元的、有18.8万元的，我跟女朋友商量了一下，就拿了11万块钱过来了。” 让女婿王伟没想到的是，岳父岳母一口回绝了彩礼。其实，赵爱珍和老伴还有两个女儿，她们当年嫁人时也没要过一分钱彩礼。 河南省西平县陈老庄村村民赵爱珍大女儿高淑芳：“当时，人家也拿了4万块钱的彩礼，但是没有要，我感觉‘零彩礼’给我们家带来了幸福。后来我们村成立了‘红娘协会’，我就积极加入了‘红娘协会’，去各个农户家宣传低价彩礼的理念，让更多的人受益。” 在陈老庄村，像赵爱珍家一样“零彩礼”结婚的还有20余家，低价彩礼结婚的家庭则更多。婚嫁新风的推行得益于村里移风易俗理念的广泛宣传以及“红娘协会”青年交友平台的搭建，该协会由村妇联主席牵头组织，对即将结婚的家庭或存在高额彩礼、大操大办倾向的群众早提醒、早劝说。在婚嫁新风理念引领下，西平县还广泛开展汉服集体婚礼、骑行婚礼，不设奢华酒席、没有高额彩礼，彰显了婚事新办、仪式从简、文明节俭之风。这几年，这股“风”刮到了全国多地。 不久前，安徽阜阳当地40余家媒体共同直播了一场“零彩礼”集体婚礼，58对新人在亲人、观礼嘉宾及广大网友祝福声中，郑重许下相守一生的承诺。 近年来，全国各级各地共青团积极行动，引领青年树立良好婚恋观，鼓励各地青年降低彩礼，倡导全新婚恋活动。 共青团中央宣传部副部长刘钊：“我们在进行社会倡导，进行文明引导，在各地举办了很多集体婚礼，确实得到了基层青年比较热烈比较积极的响应。他们用更朴素更自然更贴近自己实际需求的方式方法来筹办自己的婚礼，也来回应一些高额彩礼给他们所带来的压力，我们觉得这是一种非常好的导向。” 对于高额彩礼引起的纠纷，需要法治，有法可依，双方的矛盾有了解决路径。不过彩礼毕竟属于婚俗，要治理高额彩礼，不能只靠法律，或者一纸禁令，更需要观念和环境上的改变。目前各地都在推进婚俗改革，通过彩礼限额，树立低彩礼、“零彩礼”典型，组织集体婚礼等办法，推动移风易俗。“组合拳”之下，已经初见成效。彩礼彩礼，本来是礼，而不该是利。,3089,https://news.cctv.com/2024/05/27/ARTIlrME7Z7FFMEwutXiO8et240527.shtml,结婚登记;高价彩礼;婚姻;结婚;离婚;婚恋;彩礼;婚俗;婚嫁;适婚;婚礼
CCTV,2024/5/28,3天涨粉30万！“婚恋军师”走红，制造焦虑or人间清醒？,"“王婆说媒”的热度还没过，担心恋爱、相亲拆盲盒的年轻人近期又一股脑地涌入了情感分析直播间。 这类直播间，有啥魅力？说实话，还挺“好看”的。“不说体重就是胖”“说家里有房，那房子大概率不是自己的”“身高过5减4，低5为0”……直播或视频中，自称“婚恋军师”“相亲/情感分析师”的主播将网友相亲对象的条件或感情问题一一拆解，言辞犀利地“划重点”，俨如“情感爽剧”，让观看的年轻人十分“上头”，忍不住咨询下自身的情感疑惑。 当然这些“高超”的点拨和分析可不是免费的——有的主播3天涨粉30万，并打出“个人咨询费5万元包年、徒弟一对一咨询180元每次、学习群每年99元”等商品标价。而且，为抓住流量，一些直播间“狗血与奇葩齐飞，剧本共套路一色”。 对此，专家建议，可以偶尔消遣，但应理性看待，不必盲从。江苏省消费者权益保护委员会也于近日针对此类直播间发声，建议理性消费，谨慎选择，避免添堵。 最近，婚恋军师火了。图片 每一条都是有坑的。”在他的分析中，对方没提体重，意味着一定偏胖；单位合同工、省会4套房，意味着房子一定是家人的；这种条件还未婚，则意味着性格可能有缺陷…… 而有的直播间主播分析得更“玄乎其玄”。有采访对象分享了一段她的收藏——视频中主播的白板上写着一名相亲男性的条件：“24岁，180cm，偏瘦；985毕业，大学工作；市中心有房330平,父母有车；父亲是某大学校长,母亲律师；本人不善言辞、与人打交道；可接受女方大三岁。” 看起来没什么不妥，主播甚至一上来也给出了“这个男人整体条件还不错”的评价，可下一秒就提出了一个“反转”的结论：“这个男人可能患有阿斯伯格综合症并伴有轻度抑郁”。随后，主播开始逐条分析推理：比如男性24岁就相亲过于年轻，可能是对方家庭深知儿子有身体或精神方面的问题，无法通过常规的交友途径走入婚姻；在大学工作却没有明确的教师或行政之类的职业指向，因此这份工作可能只是受其父亲安排的闲职；还有从车辆的所属情况，推测其可能出于某些原因无法取得驾照等等。 各大平台上诸如此类的情感分析直播间并不少见，在很多观众看来，此类主播剖析“优质青年”的过程，堪比看一部爽剧。 有媒体调查发现，如今， “婚恋军师”赛道打得火热，还细分出不同方向：有人分析相亲对象条件，有人解答恋爱难题，还有人提供向上破圈教学，教你如何“拿捏”优质对象。 此类主播粉丝量从几千到几万、几十万不等，有的甚至超过200万。 网友们的评价也呈两极化。在一些人看来，他们传递的是过度解读的、物化的婚恋价值观，放大焦虑；但也有人表示支持，认为这类婚恋指导是人间清醒，能帮助自己择偶避坑。 年轻女孩小钱和雨航(化名)就是“婚恋军师”的追捧者。 “过5减4，低5为0” “存款区间取最小”……这些“公式”，被小钱和室友们这群21岁的女生记得滚瓜烂熟。看直播时，她们会像课堂里熟记知识点的好学生那样会出反馈。她们也喊主播为“老师”，尽管那名主播看着年纪跟她们差不太多。小钱告诉记者，她觉得这些分析技巧，其实还挺实用的。就拿“身高公式”来说，之前朋友给她介绍过一个男生，说“身高180”结果见面后发现男生身高是176，“这不就是‘过5减4’嘛。” 23岁的雨航则戏称自己是“母单”，观看此类直播是想学习技巧，在感情上少走弯路。“吃瓜很有意思，而且能收获很多建议和鼓励。”不久前，她还花了100元和一位婚恋军师连麦，咨询如何脱单。“聊了不到10分钟，他给了我一些建议，包括怎么包装自己，怎么跟异性相处，听完感觉挺有用的，但都挺大众化，而且要想得到更符合自己的教学，需要再加微信、交钱。” 和认真记“公式”的小钱还有交费咨询的雨航她们相比，27岁的王雨琪对待“婚恋军师”的娱乐心态则更强一些：“我是拿来当推理小说的‘代餐’的。”而她也正是上文给记者分享收藏的女生。在雨琪这样的观众们眼中，主播还原结论的推理过程，有点‘剧本杀’的味道。 “有些投稿确实是‘剧本’。”一位业内人士向记者透露， 不光是相亲分析师，在情感类主播这个赛道上，有“剧本”才是常态。 无论是拿来做案例分析的观众投稿，还是直播时的连麦，都是有真有假。不过，对方表示，随着现在监管的逐渐规范，那些奇葩、狗血的剧本容易带来流量也容易被处罚，因此有些主播为了规避风险，会在使用“剧本”时标出“节目效果”。 尽管婚恋军师、相亲分析师看起来是个“新赛道”，但在业内人士看来，他们并没有脱离“情感主播”的范畴。也因此他们的变现方式也不外乎接广告、带货、视频付费以及情感咨询，“而且情感咨询肯定是大头。” 就像上文雨航所尝试的付费连麦咨询，是婚恋军师普遍选择的一类收费业务。 有的直播间明确标注“普通连线不连”。图片 一个观众数近1万的直播间中发现，如果想将排序提升至连线第一位，要花费120元。 此外，不少婚恋军师都公开了联系方式，通过提供一对一指导、付费视频、情感课程、收徒、经营朋友圈教学等形式敛金，且价格不菲。 一位粉丝量近10万的婚恋军师提供了一张价目表， 分析相亲对象收费88元，时长基本在5分钟内。 此外，咨询单个问题为118元，包月3880元。她自称是心理咨询师，但当被问及是否能提供相关证明时，她却表示：“都在家里，这个只是副业，可能有些证都没有审，过期了。” 还有某直播平台上3天涨粉30万的一位相亲分析师主播（截至25日，他的粉丝数已上升至50万），在他的置顶视频中，就有一条“他是如何收费的”。其中不少都是常见的情感咨询业务，比如他 个人的咨询费是5万元包年 ，但“没什么服务，不推荐购买”。 如果想要一对一咨询，他本人不出面，由他的“徒弟们”进行服务，180元一次 。连麦10元/10分钟。但评论区有网友提出质疑，连麦的定价明明是1999抖币/10分钟，折算下来是200元。此外还有售价199元的课程《从恋爱到结婚》，主播称“目前市面上还没有这样的课。” 而在视频中，主播强烈推荐的付费项目是99元/年的学习群。他表示群内禁止聊天，但每天会提供10条文字8张图片素材，供大家自由组合。这些素材是他全网关注了15000个博主之后总结的内容，代表了自己的认知和审美，提供给进群的粉丝“教你怎么打造展示面”。 在这位主播的评论区，也有不少网友对其刚走红便开始商业化的做法表达了反感： “你还在拼命脱单，教你脱单的人早已赚得盆满钵满。” 另据一位业内人士透露，很多情感分析类博主的直播连麦和案例分享都真真假假，包括一些狗血、反转的剧本。他们会用有感染力的话术来讨论争议性热点话题，比如彩礼怎么谈等，“这样才更有流量”。 尽管在网络上，不少年轻人喊着“不结婚不恋爱”，但 王婆说媒、相亲直播间、婚恋军师等的爆火，也折射出了年轻人婚恋态度的另一面。 中国心理卫生协会会员、国家二级心理咨询师张燕表示，婚恋军师这类新业态的爆火，证明了社会对于婚恋、情感类话题的兴趣以及对这方面知识的需求。如今，年轻人越来越注重自身成长，逐步建立起相对稳定的婚恋观，这一成长过程需要思考和指导。 在张燕看来，很多人对婚恋军师有需求，甚至愿意在直播间倾诉，是一种被看见、被关注的心理需要，也是发泄情感的简单方式，他们通常会通过提问、反思等方式继续探索，有些婚恋军师说话方式直接，反而大受欢迎，因为被骂醒的感受也是一些人自我攻击的需要。她表示，婚恋军师解决问题的方式简单粗暴。网络内容时间有限，不可能针对个体个案化解决，但因为前面的共情做得足够到位，大家很容易被影响，对于真正解决问题可能作用不大。建议大家筛选内容和主讲者， 偶尔消遣一下可以，但应理性看待，不必盲从。 知名心理学专家，中国矿业大学公共管理学院教授、博士生导师段鑫星，开设大学生恋爱课10余年，她也认为，婚恋“军师”作为一种新业态需辩证看待，“有利的点在于，一些人在恋爱中看不清自己与对方，婚恋军师可以有可能及时帮助止损。但另一方面，婚恋军师作为新潮流，缺乏职业门槛、入职规范，要避免受利益驱使，一味追求流量和收益。” 资深婚姻家庭咨询师张译文则表示，一切情感的基础是真诚。 对直播间的所谓婚恋军师、情感导师的言论要审慎。 与此同时，江苏省消费者权益保护委员会也于近日关注到“婚恋军师”相关现象，并对此发声，建议理性消费，谨慎选择，避免添堵。 江苏省消保委建议，一方面，有关部门、企业和社区可以一方面联合组织婚恋活动，创造单身人群互相了解的机会；另一方面，加强宣传引导，帮助树立健康的婚恋观，例如推出婚恋咨询辅导等高质量公益性服务，排解年轻人婚恋焦虑。 江苏省消保委提醒广大消费者，要树立正确的婚恋观和消费观。首先，婚恋不是交易，也不是剧本杀，一个人是否值得交往应当通过相处和交流来判断，无法一蹴而就。其次， 人各不同，婚恋模式也没有标准答案，“军师”们的意见无法普适大众，消费者们还应当结合自身性格、情感需求等综合考量。 最后，要审慎看待婚恋军师服务，尽量选择有心理咨询资质等专业人士进行咨询，理性消费避免踏入消费陷阱。 （海报新闻编辑 石慧 综合整理自中国新闻网、潮新闻、中国消费者报、广州日报等）",3693,https://news.cctv.com/2024/05/28/ARTIC5peGwkSBnNUa6AVI5jV240528.shtml,婚姻;结婚;婚恋;彩礼;恋爱;相亲;单身;脱单;择偶;对象
China News Service,2024/5/28,焦点访谈丨如何治理高额彩礼，为婚嫁“减负”？,在一些农村地区，高额彩礼成了农民家庭的沉重负担，有的适龄青年就因为家里的经济条件有限，出不起高额的彩礼钱，没法结婚。还有的男女双方因为彩礼起了纠纷，闹上法庭的也大有人在。彩礼本来是一种婚俗，但是高额彩礼却成了婚嫁不可承受之重。如何对这种不合理的现象进行综合治理，为婚嫁“减负”呢？ 近日，湖南省宁乡市人民法院执行局工作人员来到被执行人家中，上门执行退还彩礼事项。 在执行现场，男方当事人车某情绪激动，据他讲述，2021年他从上海到长沙旅游时和女方相识，随后成为网友。2023年，两人见面两三次，就登记结婚了。其间，车某给对方陆续转账20余万元，还购买了黄金项链、手镯、钻戒和名牌包。 婚后王某要求车某装修好上海的房子后，再来上海一起生活，后又反悔。两人在婚后仅见过两次，王某就提出了离婚。2023年8月，车某提起离婚诉讼，同年11月，宁乡法院依据《最高人民法院关于适用〈中华人民共和国民法典〉婚姻家庭编的解释(一)》相关规定判决王某退还车某彩礼及其他物品折价共计25万余元，但此后王某一直没有履行判决。 湖南省宁乡市人民法院法官 邓璐阳：我们今天准备把王某拘传到宁乡法院，看看女方对后面收取的这些财物钱款怎么还，她说她已经当掉了或者卖掉了，我们今天带回去查实一下这些情况。 5月8日，王某因拒不如实报告财产被宁乡法院司法拘留15天，目前王某已退还名牌包一个，履行执行款5万余元，后续法院还将继续推进。 今年2月1日起，《最高人民法院关于审理涉彩礼纠纷案件适用法律若干问题的规定》开始实施，进一步完善了返还彩礼的相关规定，成为越来越多地方法院处理相关案件的重要标准和依据。今年4月，陕西韩城人民法院就适用新规，成功调解一起涉彩礼返还案件。 女方当事人 张某：我出社会早，早早把我嫁了，父母两个背着我爷爷奶奶把彩礼收了，没办法就得嫁。 张某告诉记者，当时她和男方只办了酒席，没有办理结婚登记，随后由于感情基础不牢固，加上生育孩子后生活琐事多，两人经常出现争吵甚至互殴等情况，有时还会惊动双方父母和派出所，不久后便分居了。 今年2月，男方赵某起诉张某和其父亲，要求退还彩礼68000元、购买三金的费用6000元，共计74000元。主审法官接到原告的诉讼请求后，考虑到原被告双方矛盾较大，见面极有可能发生刑事案件，于是决定采取当事人双方不见面的背对背形式进行诉前调解。 陕西省韩城市人民法院芝阳人民法庭庭长 王春妮：我们跟原告充分释法明理，让他知道咱们国家有新的规定，经过反复做工作，他也降低了自己的心理预期。被告这边认为我跟你在一起共同生活了，我也是实心想跟你过日子，但是因为没有领证，而且我还跟你共同生育了一个孩子，你现在要求我给你返还彩礼，我就不愿意返还，心里有抵抗情绪。 调解过程中，双方争执不下，且双方长辈亲属也参与其中，导致调解工作变得更加困难。按照彩礼新规，双方未办理结婚登记但已共同生活，一方请求返还按照习俗给付的彩礼的，法院应当根据实际情况确定是否返还以及返还的具体比例。 根据本案实际情况，法院应当支持赵某部分诉讼请求。对此法官多次用通俗易懂的语言向当事人释法说理，最终双方自愿达成了“张某通过分期支付的方式向赵某返款彩礼2万元”的调解协议。 近年来，彩礼相关话题不断引发关注，因彩礼产生的矛盾纠纷及各类案件也呈上升趋势。对此，长期从事农村婚恋问题研究的华中师范大学中国农村研究院教授黄振华认为，部分农村地区适婚男女比例不均衡，以及攀比和从众心理催生了包括彩礼、车房、婚宴等在内的高昂结婚经济成本，想要根除高额彩礼就要在基层治理中推动自治、法治、德治相互融合、共同发力，形成遏制高额彩礼的闭环。 华中师范大学中国农村研究院教授 黄振华：通过移风易俗的方式，发挥村庄的内生动力。比如制定一些村规民约，调动村民的积极性。有些地方成立红白理事会，由村里面的村干部、有威望的老人或者专门从事红白事务的人参与，共同参与整治高价彩礼问题，取得了很好的成效。 5月15日，在河北省河间市兴村镇大庄村村委会，党支部书记、村委会主任石炳启和16名村民代表对村规民约中的彩礼数额调整进行讨论、表决。为抵制高额彩礼、大操大办等问题，2018年，大庄村首次将彩礼标准以具体金额的形式纳入村规民约中，规定低彩礼上限是6万元，2万元以下是“零彩礼”。这次修改，打算将上限再降低1万元。 对于下调1万元，村支书石炳启和村民代表们从本村的人均收入、执行效力、引导效果等方面，进行了分析和讨论。经过举手表决，最终全票通过。 有了标准，怎么执行是关键。大庄村通过红白理事会制度改革，村委会成员全部成为红白理事会成员，书记担任会长，以村委会+红白理事会的方式，细化分工，从男女双方谈彩礼到完婚，全程参与服务、引导。同时，村里还与当地法院结合，带来了1+1大于2的效果。 河北省河间市人民法院基层法官工作站负责人 王树彬：我们审查村规民约，一是合法性，要守住合法这个底线，从内容上不出现与法律精神、法律规定相冲突的表述，在制定过程上要符合民主议定程序；二是实践性，村规民约要便于操作，简便易行。 随着移风易俗的推进，“零彩礼”、低彩礼正在被越来越多的人接纳。去年“五一”期间，河南省驻马店市西平县陈老庄村村民赵爱珍的三女儿就以“零彩礼”嫁到了本市的汝南县。 河南省西平县陈老庄村村民赵爱珍三女婿 王伟：当时我正在创业，手头也不是很宽裕，就跟亲戚朋友借了11万块钱。当时汝南县的彩礼有16万8的、有18万8的，我跟女朋友商量了一下，就拿了11万块钱过来了。 让女婿王伟没想到的是，岳父岳母一口回绝了彩礼。其实，赵爱珍和老伴还有两个女儿，她们当年嫁人时也没要过一分钱彩礼。 河南省西平县陈老庄村村民赵爱珍大女儿 高淑芳：当时，人家也拿了4万块钱的彩礼，但是我们没有要，我感觉“零彩礼”给我们家带来了幸福。后来我们村成立了“红娘协会”，我就积极加入了“红娘协会”，去各个农户家宣传低价彩礼的理念，让更多的人受益。 在陈老庄村，像赵爱珍家一样“零彩礼”结婚的还有20余家，低价彩礼结婚的家庭则更多。婚嫁新风的推行得益于村里移风易俗理念的广泛宣传以及“红娘协会”青年交友平台的搭建，该协会由村妇联主席牵头组织，对即将结婚的家庭或存在高额彩礼、大操大办倾向的群众早提醒、早劝说；在婚嫁新风理念引领下，西平县还广泛开展汉服集体婚礼、骑行婚礼，不设奢华酒席、没有高额彩礼，彰显了婚事新办、仪式从简、文明节俭之风。这几年，这股“风”刮到了全国多地。 不久前，安徽阜阳当地40余家媒体共同直播了一场“零彩礼”集体婚礼，58对新人在亲人、观礼嘉宾及广大网友祝福声中，郑重许下相守一生的承诺。 近年来，全国各级各地共青团积极行动，引领青年树立良好婚恋观，鼓励各地青年降低彩礼，倡导全新婚恋活动。 共青团中央宣传部副部长 刘钊：我们在进行社会倡导，进行文明引导，在各地举办了很多集体婚礼，确实得到了基层青年比较热烈比较积极的响应。他们用更朴素更自然更贴近自己实际需求的方式方法来筹办自己的婚礼，也来回应一些高额彩礼给他们所带来的压力，我们觉得这是一种非常好的导向。 对于高额彩礼引起的纠纷，需要法治，有法可依，双方的矛盾有了解决路径。不过彩礼毕竟属于婚俗，要治理，不能只靠法律，或者一纸禁令，更需要观念和环境上的改变。目前各地都在推进婚俗改革，通过彩礼限额、树立低彩礼、“零彩礼”典型、组织集体婚礼等办法，推动移风易俗。组合拳之下，已经初见成效。彩礼彩礼，本来是礼，而不该是利。 【,3064,https://www.chinanews.com.cn/sh/2024/05-28/10224467.shtml,结婚登记;高价彩礼;婚姻;结婚;离婚;婚恋;彩礼;婚俗;婚嫁;适婚;婚礼
People.cn,2024/5/29,安徽天长：遏制高价彩礼 推动移风易俗,近年来，安徽省天长市通过倡树文明婚俗、开展法治宣讲、加强榜样引领、完善村规民约等方式，创新移风易俗方法路径，以文明婚俗见证美满幸福，以文明新风见证伟大时代。 当小满遇上“520”，美妙的爱情故事更增添了一抹甜蜜的色彩。5月20日，团天长市委联合该市民政局、司法局、妇联等部门在婚姻登记服务中心举办“抵制高额彩礼，弘扬婚俗新风”宣传活动，鼓励新人们争做新时代文明嫁娶新风的倡导者、传播者和实践者。新人们纷纷在新型青年婚恋观宣传展架前合影留念，幸福之情溢于言表。 天长市开展倡导文明婚俗宣传活动。天长市文明办供图 该市探索建立抵制高额彩礼志愿劝导队伍，成立志愿劝导队96支，摸排未婚适龄青年信息，入户宣传婚事新办理念。志愿者同辖区群众促膝交谈，讲解高额彩礼、大操大办等不良现象带来的社会危害，获得了群众的理解和支持。 天长市依托各镇村新时代文明实践所（站），联合司法部门开展“拒绝高额彩礼，‘典’亮婚嫁新风”普法宣讲等活动100多场，宣讲民法典有关内容，为群众解读了涉彩礼纠纷法律规定。 该市还充分发动以当地模范好人、百姓名嘴、文化达人为主体的“一刻钟宣讲员”队伍，深入田间地头和大街小巷，通过讲故事、拉家常、话变迁以及地方戏表演等接地气的形式，传播传递婚俗新风。近期，组织文化志愿者共举办文明婚俗“快板说”“琴书说唱”等32场次，让移风易俗入脑入心。 “高额彩礼，让‘礼’变成了‘利’，扭曲了婚姻和爱情的本质，还产生了许多社会危害。”日前，一场文明婚俗微宣讲活动正在该市郑集镇川桥村新时代文明实践站进行。讲解员通过以案释法和分发文明婚俗倡议书等方式，就村民关注的话题开展互动交流。 5月15日，天长市妇联、广陵街道妇联、税务局妇委会联合举办“好家风 伴成长”家庭文明建设活动。来自该市税务局的“全国最美家庭”李锦芳、安徽省“五好家庭”王慧敏、滁州市“最美家庭”梁晨等典型代表走进广陵街道永福社区，开展“好家风，伴成长”家庭故事分享暨家庭教育经验交流讲座。 该市充分发动全国最美家庭、安徽省文明家庭等力量，打造内容鲜活、形式新颖的各类家庭家教家风建设活动，以身边人讲身边事、以身边事教身边人。 天长市文化志愿者表演移风易俗“快板”节目。天长市文明办供图 为了进一步发挥党员干部的示范引领作用，天长市紧抓关键少数，要求党员干部以身作则，带头移风易俗，自觉抵制大操大办、高额彩礼、封建迷信等陋习，共组织开展党员干部“移风易俗我承诺”活动35场。 “我同意！”随着村民代表的举手表决，近日，天长市金集镇仓房村正式将“抵制高额彩礼”的内容纳入村规民约。除了仓房村，金集镇其他村（社区）也在今年5月中旬陆续开展村规民约学习讨论修订会，将“抵制高额彩礼”纳入村规民约，引导群众自觉抵制陈规陋习，推进人情减负，弘扬文明新风。 目前，天长市已组织各村（社区）开展村规民约学习讨论修订会80多场，对已有的村规条款进行逐条分解，结合实际自行修订，尤其是将“抵制高额彩礼”纳入村规民约，引导群众拒绝摆阔攀比、减少铺张浪费，做到崇德向善、践行新风。 遏制高价彩礼，推动移风易俗。下一步，天长市将继续广泛开展移风易俗主题宣传及群众性精神文明创建活动，持续推进乡风文明建设，推动形成勤俭节约、健康向上的文明风尚。（刘如鹏 唐雯）,1348,http://ah.people.com.cn/n2/2024/0529/c374164-40861220.html,婚姻登记;高价彩礼;婚姻;婚恋;彩礼;婚俗;婚嫁
People.cn,2024/5/29,灵璧县高楼镇：倡导移风易俗 抵制高价彩礼,为遏制高价彩礼现象蔓延，减缓居民忧婚恐婚生活压力，提高村民生活幸福指数，近日，灵璧县高楼镇在举办“拔大蒜”技能比赛的活动现场，同期开展“倡导移风易俗·抵制高价彩礼”宣传活动，让村民在发扬质朴劳动精神的同时，关注高价彩礼切身问题，改变彩礼收取观念，推动婚嫁在和谐中幸福向前。 以法释义，引导彩礼归根于“礼”。活动现场，镇司法所工作人员向村民解读了民法典、《最高人民法院关于审理涉彩礼纠纷案件适用法律若干问题的规定》等法律法规，结合离婚起诉案件，向大家阐述了高价彩礼给婚姻带来的妨碍夫妻感情、增加生活压力、造成不良社会影响等危害性。呼吁广大村民联合起来，抵制高价彩礼不良现象。镇文化站结合其他地区的做法，呼吁广大村民不以“彩礼”为衡量婚姻的标准，通过种“爱情树”、骑行结婚等更多方式见证婚姻的幸福，让彩礼回归于“礼”。 以人授课，呼吁婚姻归根于“爱”。通过“高楼好人”现场讲授亲身经历，呼吁村民践行社会主义核心价值观，告诫村民高价彩礼不仅限制了物质上的自由，更限制了感情上的自由。引导村民将婚姻的产生、延续归根于夫妻双方的敬爱、对子女的关爱、姊弟之间的友爱、对父母的顺爱。高楼镇新时代文明实践所通过对“高价彩礼”的产生、发展进行分析，引导村民要“面子”更要“里子”，要“彩礼”更要“幸福”，告诫村民彩礼不是衡量幸福婚姻的标准，高价彩礼更是破坏幸福婚姻的罪魁之一，呼吁让婚姻归根于“爱”。 以演代入，提倡生活归根于“容”。互动现场，工作人员模拟高价彩礼定亲现场和正常彩礼定亲现场，并预演婚姻中的矛盾发生过程，通过现场提问的方式让村民提出解决婚姻矛盾的解决方式。通过诙谐、生动的表现方式，让村民在参与活动中进一步了解到高价彩礼的危害性和破坏性，使村民进一步理解彩礼不是“退路”，更不是婚姻生活的保证。幸福生活要归根于宽容理解。定亲双方应该相互理解，不应让定亲成为高价彩礼的筹码场，更不应让婚姻成为高价彩礼引发的“战场”，平和过日子就是幸福的真谛，生活要归根于“容”。 下一步，高楼镇将持续在遏制高价彩礼上发力，通过更多喜闻乐见的方式宣传高价彩礼的危害性，筑牢辖内村民理性、和谐婚姻的意识，进一步推动移风易俗顺利开展。（吴兆阳）,909,http://ah.people.com.cn/n2/2024/0529/c374164-40861207.html,高价彩礼;婚姻;结婚;离婚;彩礼;婚嫁;恐婚;夫妻
China News Service,2024/5/30,年轻人婚恋更看重情感质量,常言道，婚姻是人生的头等大事。在传统观念里，结婚更是要早作打算，到了年纪就抓紧筹办的大事要事。但如今，一些年轻人的婚恋观发生了改变。 “感情不能勉强，遇到对的人，当然要珍惜，但没遇到时，着急也没用。” “家人天天催我去相亲，可是靠谱的感情不是说有就有的。” 面对婚恋问题，当代年轻人到底持有怎样的心态？对于开展一段恋爱，他们有着什么样的期待？ 自由、自主、自在的单身生活使他们不想主动跳出当前的舒适圈 “多挣多花、少挣少花，都是自己说了算，没有经济压力。想吃什么了就去吃，想玩什么了就去玩，一个人随心所欲。还能有大把的时间用来管理和提升自我，健身、研究古风……有很多有趣的事都值得我去坚持和探索。”这是北京34岁单身青年周亚玲现在的生活状态，对现在一个人的日子，她表示“不能更满意了”。 当被问及独居是否会有孤独感，周亚玲坦言，有时确实会觉得一个人“挺闷”，“没有人陪着一起说话，没有人陪着一起品尝美食，没有人陪着一起旅行……但我认真想了想，其实这些困扰在我以前谈男朋友时也是存在的，只是现在面对孤独的情况更多了一些。”周亚玲说，她并不排斥恋爱结婚，只是主动出击的动力不足。前阵子她刚养了一只宠物狗，“现在家里热闹了许多”。 她用“懒”概括自己谈恋爱的心态。抱有像周亚玲这种婚恋心态的年轻人并不是少数。“一人吃饱全家不愁”，自由、自主、自在的单身生活使他们不想主动跳出当前的舒适圈。 2021年10月8日，一项由共青团中央中国特色社会主义理论体系研究中心课题组面向18-26岁的未婚城市青年展开的青年婚恋意愿调查显示，当被问及“不想恋爱”的原因时，74.8%的受访青年都选择了“一个人很好，谈恋爱很麻烦”。 另外，在影响结婚意愿的因素上，有三成受访青年(30.5%)选择“不相信婚姻”。值得注意的是，女性这一比例高达73.4%，对婚姻的信任感显著弱于男性。 “一个人有点累了，想遇到对的人一起走，两人彼此信任，互相扶持” 山东28岁的单身青年张钰跟记者说，“现在有关婚恋的话题经常上热搜，其中不乏男性缺少家庭责任感，而女性付出了青春、心力，甚至牺牲掉事业，却没换来和谐的婚姻生活的事例。”每每看到这类话题，都让她感觉似乎大多数婚姻都是不幸福的，也让她对感情提不起信心。 “有时候我甚至觉得，女生一个人过也能很好地照顾自己，干脆一个人过下去算了，没必要冒着风险去试错。”她感觉，经常看到有关婚恋的负面消息上热搜，这对于树立青年人的恋爱信心实在不是一件好事。 在张钰的回忆里，小时候父母经常吵架，互相指责、抱怨，后来两人分开了。原生家庭中父母婚姻的不幸，曾一度让她对婚姻有着些许抵触，在择偶方面“十分小心翼翼”，导致目前已经单身多年，“现在我一个人有点累了，想遇到对的人一起走，两人彼此信任，互相扶持”。 中国青年报社社会调查中心的一项调查显示，对于开展一段恋爱的期待，58.5%的受访青年希望是互相欣赏，变得更加自信，58.1%的受访青年期待彼此包容，更轻松有安全感，其他主要是：多一份相知与陪伴(48.7%)，学习工作上相互扶持(43.8%)。 周亚玲觉得，这个时代赋予了每个个体自主选择喜爱的生活方式的权利，人生的每一个选择都可以是在自己的真实需求之下做出的，每一个人都可以为了自己的初心去努力、去奋斗。“就像现在，我享受一个人的生活，也一直在努力成为更好的、更快乐的自己。”对于未来情感伴侣的出现，她坦言自己“不急不躁，宁缺毋滥”。“我希望他能与我有一致的生活目标和三观，我们能为彼此提供正向的情绪价值。在生活中有着默契的配合，面对困难能共同面对。” 今年32岁的单身青年胡乾说，过了而立之年，他更加期待普通且平淡的感情，“‘有人与你立黄昏，有人问你粥可温’，我特别喜欢这句话。我觉得这就是感情生活最重要的内核，日久天长，没有什么比这更能打动人的了。” 他认为，两人走到一起，要彼此包容，互相理解和信任，共同呵护小家的成长。 (应受访者要求，文中周亚玲、张钰、胡乾均为化名) 中青报·中青网记者 杜园春,1653,https://www.chinanews.com.cn/life/2024/05-30/10225531.shtml,婚姻;结婚;婚恋;恋爱;相亲;单身;择偶;伴侣
People.cn,2024/5/30,是什么绊住了年轻人婚恋的脚步,《中国统计年鉴2023》显示，2022年，我国结婚登记人数共计683.5万对，较2021年减少了80.8万对。第七次全国人口普查公报显示，2020年，我国平均初婚年龄为28.67岁，比2010年平均初婚年龄（24.89岁）推迟了3.78岁。 在婚恋问题上，年轻人为何表现得不积极了？ 大学扩招和人口结构问题是影响青年不婚、晚婚的客观因素 随着大学扩招，我国本科及以上高等学历人数逐年攀高。教育部发布的《2023年全国教育事业发展统计公报》显示，2023年，我国高等教育毛入学率为60.2%，提前完成“十四五”规划目标，较10年前的34.5%提高了25.7个百分点。2013年至2023年的10年间，我国博士在校学生数从29.83万人增至61.25万人，增长了105.3%；硕士在校学生数从149.57万人增至327.05万人，增长了118.7%。年轻人在校受教育年限的延长，不可避免地会影响其步入婚姻的时间，在一定程度上影响了平均初婚年龄的推迟。 另外，适婚人群规模的收缩、性别结构失衡也在客观层面上导致了当前我国结婚人数的不断下降，且数据表明，在未来一段时间，这一趋势很可能仍将持续。 适婚年龄人群基数是结婚人数的一个重要参考指标。结合《中国统计年鉴2023》，我国人口出生率自1987年达到峰值（23.33‰）后，整体开始呈现下行趋势，2022年已降落至6.77‰。虽然这一数值在2010-2020年代受全面放开二孩、三孩等政策影响有所波动，但对近些年进入适婚年龄的年轻人规模并不造成影响。《中国人口普查年鉴2020》显示，30-34岁、25-29岁、20-24岁的人群规模依次缩小，分别为12414.52万人、9184.73万人、7494.17万人。20-34岁正是青年步入婚姻的主要年龄段。值得一提的是，与85后、90后相比，15-19岁人群规模进一步缩小，为7268.4万人。也就是说，随着95后乃至00后相继进入婚育年龄，适婚年龄青年的规模是在持续缩小的。 不可忽视的另一个影响指标，是男女比例。依据《中国人口普查年鉴2020》，查看各个年龄段的男女性别比，超过110的均集中在了0-29岁。进一步计算城市、镇、乡村中处于20-34岁的男女性别比，分别为103.37、102.54、116.19。这表明，我国乡村适婚年龄青年男女比例严重失衡。 近些年，在各类高等教育中，女生占比均超过男生（数据来源于国家统计局发布的《中国妇女发展纲要（2011-2020年）》终期统计监测报告），基于择偶梯度效应，女性择偶更希望找到比自己优秀的男性，加上高学历女性往往更愿意留在大城市发展，这些都进一步导致了性别结构失衡，不利于单身青年婚恋交友。 不同代际青年群体呈现出被动单身和主动单身的不同特点 年轻人“恋爱难”“结婚难”，不仅受制于一些长存已久的社会顽疾，背后更有许多随着社会发展出现的新问题的影响。 网络时代，婚恋问题不再是两个人或两个家庭间的私密话题，一些负面声音在互联网上时常被放大。出轨、家暴等有关婚恋的负面新闻被频频曝光，占据评论区首位的也往往是对婚姻的负面评价，年轻人在这些流量的冲击下，不知不觉逐渐消减了对幸福婚姻的期望值和对异性的信任感，有一些青年甚至渐渐认同“一个人也挺好”。更有一些撕裂性的话题，让两性对立也进一步加剧。 南京大学社会学院副教授许琪指出，网络舆论氛围对青年婚恋观影响很大。由于有关婚恋的负面内容很容易在短时间内就吸引大量人群的关注，一些“流量为王”的营销账号长期专注于此类内容的制作和传播，加上绝大多数普通人是沉默的潜水者，活跃发言的通常是极少数，对此，未婚、缺乏婚恋经验的年轻人需要自觉、理智地看待互联网上这类“小众”的声音，“不畏浮云遮望眼”，勇敢、积极地追求大多数人享有的幸福人生。 恋爱是两个人的事，而结婚是两个家庭的事。房子、彩礼、教育支出……高额的婚育成本深深地困扰着当代青年，也让他们站在婚姻这道门外望而却步。 受传统观念影响，如今，“结婚要拥有自己的住房”仍是许多年轻人的执念，买房几乎是当代青年从恋爱到结婚之路上必经的一道“关卡”。中国青年报社社会调查中心面向青年群体展开的调查显示，78.4%的受访青年感到住房压力大，且生活在一线城市青年和男性受访青年压力相对更高。 高价彩礼问题遗存多年。腾讯新闻谷雨数据在2020年发起的国人彩礼调查显示，全国彩礼礼金平均值为6.9万元，是当年全国居民人均可支配收入（3.22万元）的两倍有余。这意味着，一些人要拿出一年可支配收入的两倍以上才能够得上平均的彩礼礼金水平。 教育成本的攀升也让年轻人感慨婚后“压力山大”。由北京大学中国教育财政科学研究所、西南财经大学中国家庭金融调查与研究中心合作展开的中国教育财政家庭调查显示，全国家庭教育支出占人均可支配收入的比例为40%，其中农村为56.1%，城镇为36.2%；占家庭总支出比例为14.9%，其中农村为15.8%，城镇为14.1%。育儿、托管、接送、学业辅导等问题都让现在的年轻家长面临着财力、时间、精力等多重负担。 除此以外，还有很多因素在影响着当代年轻人的婚恋进程与心态。工作学习压力大、生活节奏快、社交圈固化等，都使许多年轻人处于被动单身的状态中。 但同时，单身青年群体中也存在着主动单身的情况。随着社会的发展，青年比以往任何时候都更加强调个体性、独立性、自主性，婚恋观发生了改变。他们更注重恋爱质量、婚姻质量和自我的获得感、幸福感，不愿在感情中将就。 2024年中央一号文件明确要求，持续推进高额彩礼等突出问题综合治理。这是自2019年中央一号文件首次点名“天价彩礼”以来，彩礼问题第5次被写进中央一号文件。整治高价彩礼已是当前全国多地推进移风易俗工作的重点方向。居住层面，完善住房保障体系，出台更多青年租房购房优惠政策。推进教育改革，加强婴幼儿托育服务供给，加大教育津贴等教育保障性支出。逐个击破青年婚恋面临的现实难题，为爱“减负”。 身处网络时代，网络内容对一个人人生观、价值观以及婚姻观的形成有着潜移默化的影响，尤其对00后及以后出生的网络“原住民”来说更是如此。规范网络空间，加强网络道德建设，构建健康积极的网络氛围十分重要，能够促进少年儿童从小树立正确婚恋观，引导青年树立恋爱信心，向往爱情。 服务青年是共青团工作的生命线。共青团在开展婚恋服务、助力青年扩大社交圈和引领青年树立文明婚恋风尚等方面都扮演着十分重要的角色。当前，全国多地各级团组织已经行动起来，为服务青年婚恋开展形式多样的活动项目，例如联合多方资源开展单身青年联谊会、邀请专家开设相关主题讲座、以社区为单位宣传健康婚恋新风。每年的五四青年节、传统七夕节等良辰吉日，全国各地不少团组织都在积极为本地青年举办具有纪念意义的集体婚礼，不仅有效推进了婚姻领域的移风易俗，还大大降低了青年婚礼的成本。 在现代化、城市化、信息化程度日益增长的社会，解决适婚青年特别是大龄适婚青年的社交、婚恋问题可谓是任重道远，这更需要我们全社会从广大青年的人生福祉出发，持续努力，久久为功，在不断成就一代代青年的美满人生过程中，筑牢我们整个社会幸福生活的根基。（杜园春）,2935,http://yn.people.com.cn/n2/2024/0530/c378440-40861856.html,结婚登记;高价彩礼;天价彩礼;婚姻;结婚;婚恋;婚育;彩礼;初婚;不婚;晚婚;适婚;恋爱;单身;择偶;婚礼;家暴
People.cn,2024/5/30,有结婚登记但未稳定共同生活 可扣除共同消费返还部分彩礼（以案说法）--社会・法治--人民网,【案情】刘先生与朱女士2020年7月确立恋爱关系，2020年9月登记结婚。刘先生于结婚当月向朱女士银行账户转账80万元并附言为“彩礼”，转账26万元并附言为“五金”。双方分别在不同省份的城市工作生活。后因筹备举办婚礼等事宜发生纠纷，双方于2020年11月协议离婚，婚姻关系存续不到三个月。婚后未生育子女，无共同财产，无共同债权债务。双方曾短暂同居，并因筹备婚宴、拍婚纱照、共同旅游、亲友相互往来等发生部分费用。离婚后，因彩礼返还问题发生争议，刘先生起诉请求朱女士返还彩礼106万元。 【说法】《最高人民法院关于审理涉彩礼纠纷案件适用法律若干问题的规定》明确，双方已办理结婚登记且共同生活，离婚时一方请求返还按照习俗给付的彩礼的，人民法院一般不予支持。但是，如果共同生活时间较短且彩礼数额过高的，人民法院可以根据彩礼实际使用及嫁妆情况，综合考虑彩礼数额、共同生活及孕育情况、双方过错等事实，结合当地习俗，确定是否返还以及返还的具体比例。 彩礼是男女双方在缔结婚姻时一方依据习俗向另一方给付的钱物。法院认为，关于案涉款项的性质，除已明确注明为彩礼的80万元款项外，备注为“五金”的26万元也符合婚礼习俗中对于彩礼的一般认知，也应当认定为彩礼。 涉彩礼返还纠纷中，不论是否办理结婚登记，在确定是否返还以及返还的具体比例时，共同生活时间均是重要的考量因素。本案中，关于共同生活的认定，法院认为，双方虽然已经办理结婚登记，但从后续拍摄婚纱照、筹备婚宴的情况看，双方仍在按照习俗举办婚礼仪式的过程中。双方当事人婚姻关系仅存续不到三个月，其间双方工作、生活在不同的城市，对于后续如何工作、居住、生活未形成一致的规划。双方虽有短暂同居经历，但尚未形成完整的家庭共同体和稳定的生活状态，不能认定为已经有稳定的共同生活。 鉴于双方已经登记结婚，而且刘先生支付彩礼后双方有共同筹备婚礼仪式、共同旅游、亲友相互往来等共同开销的情况，对该部分费用予以扣减。据此，法院酌情认定返还彩礼80万元。 （案例 服务 | 合作加盟 | 供稿服务 | 数据服务 |,863,http://society.people.com.cn/n1/2024/0530/c1008-40246423.html,结婚登记;婚姻;结婚;离婚;彩礼;恋爱;婚礼
CCTV,2024/5/31,给彩礼降价 为婚嫁减负,本文素材来自中央广播电视总台央视新闻频道《焦点访谈》 近年来，部分地区的彩礼金额不断攀升，甚至形成了所谓的“标准”，对于适龄男性而言，彩礼负担已成为婚姻大事中的沉重压力。为此，中央多次发文提及要推进高额彩礼的综合治理，许多地方也在积极探索多种方式，遏制高额彩礼现象，减轻人们的婚嫁负担。 在一些农村地区，高额彩礼已成为农民家庭的巨大负担。有些家庭因经济条件有限，无力支付高额彩礼，导致无法成婚；还有一些男女双方因彩礼问题发生纠纷，甚至诉诸法律。彩礼本是一种婚俗，但高额彩礼却成为婚嫁的巨大障碍，如何对此进行综合治理，真正为婚嫁减负，成为亟待解决的问题。 近日，湖南省宁乡市人民法院执行局工作人员来到被执行人家中，执行退还彩礼的相关事项。在执行现场，男方当事人车某情绪激动。据其讲述，2021年，他从上海到长沙旅游时与女方相识，随后成为网友。2023年，两人见面数次后登记结婚。在此期间，车某陆续向女方转账20余万元，还购买了黄金项链、手镯、钻戒和名牌包。婚后，王某要求车某装修好上海的房子后再一起生活，随后反悔。两人在婚后仅见过两次，王某便提出离婚。2023年8月，车某提起离婚诉讼。同年11月，宁乡法院判决王某退还车某彩礼及其他物品折价共计25万余元，但王某一直未履行判决。 5月8日，因王某拒不如实报告财产，被宁乡法院司法拘留15天。目前，王某已退还名牌包一个，履行执行款5万余元，法院将继续推进后续工作。今年2月1日起，《最高人民法院关于审理涉彩礼纠纷案件适用法律若干问题的规定》开始实施，进一步完善了返还彩礼的相关规定，为各地法院处理相关案件提供了重要依据。今年4月，陕西韩城人民法院成功调解了一起彩礼返还案件，适用了新规。 近年来，彩礼相关话题引发广泛关注，因彩礼问题产生的矛盾纠纷及各类案件也呈上升趋势。长期从事农村婚恋问题研究的华中师范大学中国农村研究院教授黄振华认为，部分农村地区适婚男女比例不均衡，以及攀比和从众心理催生了包括彩礼、车房、婚宴等在内的高昂结婚成本。要根除高额彩礼，需要在基层治理中推动自治、法治、德治相互融合，共同发力，形成遏制高额彩礼的有效闭环。 随着移风易俗的推进，零彩礼、低彩礼的观念正在逐渐被接受。去年五一期间，河南省驻马店市西平县陈老庄村村民赵爱珍的三女儿便以零彩礼嫁到了本市的汝南县。她的三女婿王伟当时正在创业，经济状况并不宽裕，但是依然带着11万元彩礼送到女方家。让王伟意外的是，岳父岳母一口回绝了彩礼。 在陈老庄村，像赵爱珍家一样零彩礼结婚的还有20多家，低价彩礼结婚的则更多。婚嫁新风的推行，得益于村里移风易俗理念的广泛宣传及红娘协会青年交友平台的搭建。该协会由村妇联主席组织，对即将结婚的家庭或有高额彩礼、大操大办倾向的群众，早提醒、早劝说。在婚嫁新风理念的引领下，西平县广泛开展汉服集体婚礼、骑行婚礼，不设奢华酒席，无高额彩礼，彰显了婚事新办、文明节俭之风。这股新风逐渐吹遍全国。 不久前，安徽阜阳当地40余家媒体共同直播了一场零彩礼集体婚礼，58对新人在亲人、观礼嘉宾及广大网友的祝福声中，郑重许下相守一生的承诺。 全国各级共青团积极行动，引领青年树立正确婚恋观，鼓励降低彩礼，倡导全新婚恋活动。对于因高额彩礼引起的纠纷，法律提供了解决路径，但治理高额彩礼不能仅依靠法律或禁令，更需要观念和环境的改变。目前各地推进移风易俗，通过彩礼限额、设立低彩礼、零彩礼典型、集体婚礼等措施，已初见成效。彩礼本是礼，而不应成为负担。 让婚姻始于爱，让彩礼归于理，这是对美好婚姻的祝福，也是对社会文明的守护。治理高额彩礼需要持续推动观念更新，促进文明新风落地生根。,1503,https://business.cctv.com/2024/05/31/ARTIImfXYxTKCHjXsvf6AUQk240531.shtml,婚姻;结婚;离婚;婚恋;彩礼;婚俗;婚嫁;适婚;婚礼
CCTV,2024/5/31,网络交友平台安全吗？什么人容易掉入网络交友陷阱？,近年来，网络婚恋交友平台上，诈骗、敲诈、情感欺骗等案件时有发生，网络婚恋交友安全问题备受关注。 日前，中国青年报社社会调查中心联合问卷网，对1001名单身青年进行的一项调查显示，当交友软件或婚恋网站上结识的异性找自己借钱或投资理财时，仅33.7%的受访单身青年会明确拒绝。67.0%的受访单身青年指出，抱有侥幸心理的人最容易掉入网络交友陷阱。 参与调查的单身青年中，生活在一线城市的占36.3%，二线城市的占38.2%，三四线城市的占19.7%，城镇或县城的占4.4%，乡村的占1.4%。男性占38.5%，女性占61.5%。00后占19.3%，90后占60.3%，80后占20.4%。 当异性网友提出借钱或投资理财，仅33.7%受访单身青年会明确拒绝 00后侯琳是辽宁某大学本科生。前段时间，她身边一个朋友遭遇了交友诈骗，“她遇到一个自称某公司高管的男性，两人线下见过多次，还去过男方家。一次聊天中，男方提出需要周转资金向她借钱，并说会通过其他平台把钱转回来。她没多想就转了几万元，后来虽然收到对方的转账记录截图，但钱一直没有到账，对方解释‘银行手续多有延迟’。从那之后她再也没联系上那个男生。” 侯琳表示，对于网友，不管对方用什么理由找自己借钱，自己大概率是不会借的。但也有例外，“如果对方的基本信息、家庭情况等我都了解，或者在线下有过接触、给我印象还不错的，可能就会考虑”。 在北京初入职场的苏新喆说，自己刚上大学时交过一个网友，被对方以理财投资的名义，骗了几千元。“虽然被骗金额不多，但自那以后，我在理财问题上变得非常谨慎。天上不会掉馅饼。”而且，在与网友接触时，他也会保持一定警惕性，“我的初衷就是交朋友，不想在钱财上牵扯太多。如果对方提出要和我有金钱往来，我会直接拒绝”。 当交友软件或婚恋网站上结识的异性找你借钱或投资理财，你会答应吗？调查显示，仅33.7%的受访单身青年会明确拒绝，66.3%的受访单身青年可能会答应。 哪些情况下可能会答应？34.8%的受访单身青年坦言是当对方无微不至，自己很有好感时，31.3%的受访单身青年觉得是情况紧急或理财收益可观时，27.7%的受访单身青年表示是见过面、认为知根知底时，18.7%的受访单身青年表示是涉及资金数额不高时。 厦门大学法学院教授、民商法研究所主任蒋月表示，在双方了解程度有限的情况下，对方提出借款，不管是因为现金流遇到困难、一同理财经商，还是长辈生病急需用钱等，都要谨慎对待。“要理性地看问题，如果对方真的需要周转资金，应该会从周围亲友中想办法。对一个没见过面的网友提出这种诉求，是不太恰当的。” 在杭州从事法务工作的何璇琪分析，有些人恋爱经历比较少，或者在现实生活中没有得到足够关爱，面对屏幕上的嘘寒问暖，往往招架不住。如果再心存侥幸，认为自己不会被骗，就容易在网络交友中被“攻陷”。 “一个人如果比较迫切地想走入一段亲密关系，就容易‘上钩’。”侯琳说，而且诈骗分子通常都做了十足准备、骗术高超。“不仅能塑造出一个事业有成的形象，还能给你无微不至的关怀，很容易让人心动。” 在哪些情况下，容易掉入网络交友的陷阱？67.0%的受访单身青年指出是抱有侥幸心理，认为“哪有那么多骗子”；58.5%的受访单身青年认为是“恋爱脑”，对方说啥都信；57.2%的受访单身青年觉得是过于天真，以为遇到真命天子/天女；43.5%的受访单身青年指出是警惕性弱，被糖衣炮弹攻陷。 74.1%受访单身青年期待公安工信等部门与平台联合，加强信息认证 苏新喆表示，对于目前市面很多网络婚恋交友平台，相关部门要加强监管，提高行业准入门槛。他建议，高校可以为青年交友搭建平台，“比如校方开发一款面向本校学生、毕业生的交友软件。成熟之后，高校间可以形成一个更大范围的平台。这样信息的真实性更有保障。” 何璇琪希望平台把用户实名制落实到位，加强信息审核，用户只有通过身份核验后，才能在站内发言。此外她觉得，媒体的宣传工作也很重要。“一些群体可能没看到相关的宣传报道。而且在现实中，不少人在被骗之前并不觉得自己容易上当。” 蒋月也认为，媒体在网络安全治理中发挥着重要作用。“要加强对网络交友诈骗行为及其他侵犯他人权益行为的报道，潜移默化地提高大家网络安全意识”。她还期待，加强对网络婚恋交友平台的监管，严惩网络交友中的违法犯罪行为，为想“脱单”的青年提供更多支持和保障。 营造安全健康的网络交友环境，74.1%的受访单身青年建议公安、工信等部门与平台联合，加强信息认证；61.2%的受访单身青年期待成立互联网婚恋行业自治协会，加强行业自律；56.7%的受访单身青年认为要压实平台主体责任，严格处罚违规失责情况；46.1%的受访单身青年希望鼓励专业机构和人员提供靠谱的情感咨询服务；37.5%的受访单身青年希望加大惩戒力度，提高诈骗分子的违法成本。 （包鋆丽对本文亦有贡献。应受访者要求，文中苏新喆、何璇琪、侯琳为化名）,2026,https://news.cctv.com/2024/05/31/ARTI5uvNd0RKZiq2EuOyPU5G240531.shtml,婚恋;恋爱;单身;脱单
China News Service,2024/5/31,三个农村家庭的“零彩礼”选择,56岁的陈海军最近时不时翻看手机日历，他心想着，快到端午节了，3个女儿该带着女婿回家团聚了。 陈海军一家祖祖辈辈在宁夏回族自治区吴忠市盐池县冯记沟乡陈水塘自然村务农。这里位于宁夏和甘肃两省（区）的交界处。他和妻子靠种地和养羊的收入，将3个女儿培养成人。 陈海军3次嫁女，只在2017年大女儿出嫁时象征性收了彩礼，二女儿和小女儿分别在2023年和2019年出嫁，都是“零彩礼”。 “嫁女儿不是卖女儿。”陈海军全家形成共识：没必要为难男方家凑彩礼，愿意让女儿“零彩礼”出嫁。 像陈海军这样“零彩礼”嫁女的情况，近两三年在盐池县并不少见。自2021年盐池县被民政部确定为第二批全国婚俗改革实验区以来，当地一些父母积极响应移风易俗的号召，以理性务实的态度处理子女婚嫁彩礼事宜，不少选择“零彩礼”。 在这座小县城，年轻人的婚嫁喜事，洋溢着淳厚、质朴的文明新风。 陈海军的二女儿陈雪今年26岁，毕业于宁夏大学新华学院工商管理专业，现在银川市一家保险公司工作。两年前，陈雪和同岁的老乡李龙经熟人介绍相识相恋。李龙是一名长途货运车司机，父母以种地为生，家庭经济条件一般。 2023年，为了给李龙操持婚事，李龙父母在老家翻新布置了婚房，承担了购买金首饰和办婚宴等费用。 在陈海军看来，这对于当地普通农村家庭来说，算是大额开支了。李龙父母以后养老要用钱；陈雪和李龙婚后购房、生育，都得用钱，不能再让他们一家为了彩礼把家底掏空。“如果我要了彩礼，陈雪婚后背上经济负担，会给往后的生活增加压力。” “我们不要你的结婚彩礼，我和你妈能过好日子。”陈雪出嫁前，陈海军这样对女儿说。他还为女儿准备了两万多元现金以及新衣服等生活用品作为陪嫁。2023年11月，陈雪和李龙“零彩礼”结婚。 婚后，陈雪和李龙常找机会探望父母。她对父母心存感激，“相比彩礼，爸爸更看重我的婚后生活质量，以后我们要好好孝敬父母”。 7年前大女儿结婚时，陈海军向大女婿家象征性地要了1.8万元彩礼，按当地“礼尚往来”的习俗，退还了2000元，又给大女儿赠送了与彩礼价值相当的陪嫁财物。5年前小女儿结婚时，他选择不要彩礼。“我是不希望女儿们婚后有经济负担。”陈海军坦诚地说。 陈水塘自然村有210多名村民。陈海军从2019年开始担任村民小组长。目前，村里60后和70后是重要劳动力，绝大多数人靠种地、养羊、务工获得收入，今年一季度当地农村居民人均可支配收入达5000多元。他观察到，对于村里多子女家庭来说，为子女操持婚嫁，是一项重大经济开支。 过去当地曾有家庭被彩礼“绊住脚”：为给孩子完婚，男方家庭掏空家底盖楼房、办婚宴、给女方家庭送去一摞摞人民币作彩礼。年轻夫妻新婚后去外地打工还债，滋生了不少婚姻问题。 在陈水塘村，越来越多有女儿的家长认识到，男方家庭用丰厚的彩礼来“说亲”，传扬出去，或许一时增添几分面子，但这会让孩子们为彩礼而举债，过不好“光阴”（生活，当地方言——记者注）。到了家里需要财力支出的时候，孩子们力不从心，拿不出钱，更令人着急。 “我们做家长的，不能因为彩礼问题，拖累年轻人的婚后生活。”陈海军说，现在在陈水塘村，想结亲的两家人，对儿女婚嫁的普遍做法是，本着互相体恤的态度，平衡传统婚俗礼节和现实经济情况，共同商议，把彩礼控制在6万元以内，也有不少是“零彩礼”。 由陈水塘村沿着338国道转银百高速向北70公里，就是位于宁夏、内蒙古交界处的盐池县高沙窝镇长流墩村顾记圈自然村。今年3月31日，村民顾金文的女儿顾春秀“零彩礼”出嫁了。 26岁的顾春秀毕业于银川能源学院，现在盐池县一家企业担任会计助理。婚前，她和丈夫周景有相恋4年。今年30岁的周景有，在盐池县做个体工商户，制作销售铝合金门窗，他的父母在盐池县就近打零工。 3月初，周景有父母带着攒下的6万元，到顾金文家为孩子们商量婚事。周父拿出现金，对顾金文说：“感谢你养育了一个好女儿，供养了这么多年不容易，这些彩礼算是送给你们夫妇的辛苦钱。” 顾金文婉拒了这笔钱。对于顾春秀出嫁的彩礼，他提前做好了打算。周景有2023年在盐池县城按揭了一套婚房，每平方米5000多元，每月要还3000元左右房贷。顾金文不希望周景有因为彩礼再多出一份经济负担，不愿意女儿婚后为金钱烦恼，于是决定“零彩礼”嫁女儿。 顾金文家有近16亩土地，种着谷子、糜子、荞麦，还养着70多只羊。顾春秀出嫁前，他用卖羊和卖杂粮的钱，买了一辆10多万元的新能源汽车，作为陪嫁送给女儿。在他看来，作为家长，应该从现实出发看待彩礼，给女儿和女婿更多尊重和理解。 “爸爸是爱我的，这么做都是为我考虑。”顾春秀说。 3月31日，顾春秀的出阁仪式在家里举办。这座农家小院装饰了红色喜字、红气球、红灯笼，洋溢着喜庆氛围。 婚庆公司在小院空地搭起了舞台、铺上了红毯。相熟的亲友们都赶来道喜，顾家办了近20桌婚宴招待亲友。每桌菜肴加上烟、酒、饮料、喜糖、茶水，开支不超过800元。那天，顾家特意没有对外公布彩礼情况，也没有展示陪嫁物品。 “农村是个熟人社会，但嫁女儿是自家的事。”在顾金文看来，彩礼问题应该自家拿主意。“我们两家人都很熟悉，就没邀请亲戚和媒人对彩礼提建议；不公布彩礼和陪嫁，是不希望被关注和议论。” 顾记圈自然村现有200多人。前些年，当地年轻人谈婚论嫁时，男方家会找一位两家人共同认识的“媒人”，到女方家“说媒”。“说媒”的内容之一就是协调两家人谈妥彩礼数额。其中不乏有职业媒人哄抬彩礼钱。男方家长上门提亲前，女方家长也会就彩礼事宜，向女青年的舅、姑等亲戚询问想法、作为参考意见。最终提出的彩礼条件，往往会受到旧俗陋习和攀比之风的影响。 自盐池县被民政部确定为第二批全国婚俗改革实验区以来，对于村里年轻人的婚嫁喜事，顾记圈村的村民们逐渐形成共识：不主动打听彩礼和嫁妆情况。 “村里人现在普遍很有边界感，不该问的不主动问，时间长了，也就不会在彩礼问题上花心思、互相攀比了。”顾金文说。 盐池县花马池镇沟沿村北塘新村自然村位于宁夏、陕西、内蒙古三省份交界处，今年53岁的村民杨玉民经营着一家养羊合作社，养了200多只羊。他和妻子靠养滩羊的收入，把3个女儿培养到了大学毕业。 杨玉民的大女儿杨文霞今年28岁，毕业于银川能源学院，2018年国庆节“零彩礼”结婚，丈夫赵宏伟是她的大学同学，同样来自农村家庭。婚后，赵宏伟在盐池县一家化工企业工作，杨文霞专心养育两个女儿。近两年，夫妇俩卖掉了2019年按揭的住房，加上攒的钱，在学校附近全款置换了一套学区房。 提起现在的生活，杨文霞说：“我很感激6年前结婚时，父亲作出的‘零彩礼’决定，给我们减轻了很多经济负担。” 杨文霞有两个女儿，一个5岁、一个3岁，她决定：将来女儿们长大出嫁时，也要“零彩礼”。 杨文霞的妹妹杨艳霞今年24岁，毕业于银川市一所高校护理专业，与丈夫朱文杰经人介绍相识相恋。26岁的朱文杰在盐池县一座加油站工作。他的父亲在盐池县承包了100多亩土地，种植中药材；母亲在当地打零工。去年5月1日，两个年轻人同样“零彩礼”结婚。 在西北农村地区，女方出嫁的彩礼，普遍由父母出面主导、向男方家庭提条件。作为父亲，杨玉民和陈海军、顾金文的想法一样，不希望给女儿的婚后生活增加经济负担，在杨文霞和杨艳霞两个女儿出嫁时，都选择了不要彩礼。 结婚前，杨艳霞和当地一些待嫁女青年有同样的感受，彩礼问题就像横亘在婚姻之路上的一道坎，谈拢了，皆大欢喜；谈不拢，自己夹在中间会很为难，甚至可能无法走进婚姻。她也曾担心婚嫁彩礼给男方家庭造成负担。 她身边有一些结了婚的年轻人，因为彩礼、婚纱照、婚宴、首饰、蜜月游等结婚开支，婚后经济状况捉襟见肘，生活显得有些狼狈，“结一场婚，像是被扒了一层皮”。 走进这场“零彩礼”婚姻后，杨艳霞认识到，爸爸促成的这项决定，饱含着长辈对年轻人婚姻生活的理解、体恤和祝福，让自己“轻装上阵”，有充足的物质条件和精神动力经营婚姻生活。 如今，在北塘新村自然村，像杨艳霞这样“零彩礼”结婚的案例，带动当地一些群众转变了对子女婚嫁彩礼的态度。不用高额彩礼为难男方家庭，成为村里待嫁女方家庭的共识。 “年轻人的婚姻幸福程度，并不由彩礼高低决定，要靠两个人相互扶持和共同成长。”杨艳霞说，现在，公婆的生活能自给自足，没有因为操办朱文杰的婚事出现较大经济负担。新组建的小家庭，除房贷外没有其他外债，两人一起努力，日子过得有滋有味。最近，她正在为一项职业资格考试做准备，“我相信今后的生活会越来越好”。 中青报·中青网记者 焦敏龙,3481,https://www.chinanews.com.cn/sh/2024/05-31/10226199.shtml,婚姻;结婚;彩礼;婚俗;婚嫁;夫妻
China News Service,2024/5/31,让年轻人“轻装上阵” 三个农村家庭的“零彩礼”选择,2022年8月4日，农历七夕节，宁夏回族自治区吴忠市盐池县举办第三届传统中式集体婚礼。 56岁的陈海军最近时不时翻看手机日历，他心想着，快到端午节了，3个女儿该带着女婿回家团聚了。 陈海军一家祖祖辈辈在宁夏回族自治区吴忠市盐池县冯记沟乡陈水塘自然村务农。这里位于宁夏和甘肃两省(区)的交界处。他和妻子靠种地和养羊的收入，将3个女儿培养成人。 陈海军3次嫁女，只在2017年大女儿出嫁时象征性收了彩礼，二女儿和小女儿分别在2023年和2019年出嫁，都是“零彩礼”。 “嫁女儿不是卖女儿。”陈海军全家形成共识：没必要为难男方家凑彩礼，愿意让女儿“零彩礼”出嫁。 像陈海军这样“零彩礼”嫁女的情况，近两三年在盐池县并不少见。自2021年盐池县被民政部确定为第二批全国婚俗改革实验区以来，当地一些父母积极响应移风易俗的号召，以理性务实的态度处理子女婚嫁彩礼事宜，不少选择“零彩礼”。 在这座小县城，年轻人的婚嫁喜事，洋溢着淳厚、质朴的文明新风。 陈海军的二女儿陈雪今年26岁，毕业于宁夏大学新华学院工商管理专业，现在银川市一家保险公司工作。两年前，陈雪和同岁的老乡李龙经熟人介绍相识相恋。李龙是一名长途货运车司机，父母以种地为生，家庭经济条件一般。 2023年，为了给李龙操持婚事，李龙父母在老家翻新布置了婚房，承担了购买金首饰和办婚宴等费用。 在陈海军看来，这对于当地普通农村家庭来说，算是大额开支了。李龙父母以后养老要用钱；陈雪和李龙婚后购房、生育，都得用钱，不能再让他们一家为了彩礼把家底掏空。“如果我要了彩礼，陈雪婚后背上经济负担，会给往后的生活增加压力。” “我们不要你的结婚彩礼，我和你妈能过好日子。”陈雪出嫁前，陈海军这样对女儿说。他还为女儿准备了两万多元现金以及新衣服等生活用品作为陪嫁。2023年11月，陈雪和李龙“零彩礼”结婚。 婚后，陈雪和李龙常找机会探望父母。她对父母心存感激，“相比彩礼，爸爸更看重我的婚后生活质量，以后我们要好好孝敬父母”。 7年前大女儿结婚时，陈海军向大女婿家象征性地要了1.8万元彩礼，按当地“礼尚往来”的习俗，退还了2000元，又给大女儿赠送了与彩礼价值相当的陪嫁财物。5年前小女儿结婚时，他选择不要彩礼。“我是不希望女儿们婚后有经济负担。”陈海军坦诚地说。 陈水塘自然村有210多名村民。陈海军从2019年开始担任村民小组长。目前，村里60后和70后是重要劳动力，绝大多数人靠种地、养羊、务工获得收入，今年一季度当地农村居民人均可支配收入达5000多元。他观察到，对于村里多子女家庭来说，为子女操持婚嫁，是一项重大经济开支。 过去当地曾有家庭被彩礼“绊住脚”：为给孩子完婚，男方家庭掏空家底盖楼房、办婚宴、给女方家庭送去一摞摞人民币作彩礼。年轻夫妻新婚后去外地打工还债，滋生了不少婚姻问题。 在陈水塘村，越来越多有女儿的家长认识到，男方家庭用丰厚的彩礼来“说亲”，传扬出去，或许一时增添几分面子，但这会让孩子们为彩礼而举债，过不好“光阴”(生活，当地方言——记者注)。到了家里需要财力支出的时候，孩子们力不从心，拿不出钱，更令人着急。 “我们做家长的，不能因为彩礼问题，拖累年轻人的婚后生活。”陈海军说，现在在陈水塘村，想结亲的两家人，对儿女婚嫁的普遍做法是，本着互相体恤的态度，平衡传统婚俗礼节和现实经济情况，共同商议，把彩礼控制在6万元以内，也有不少是“零彩礼”。 2022年4月12日，宁夏回族自治区吴忠市盐池县在麻黄山杏花节期间，为新婚青年举行集体婚礼。 由陈水塘村沿着338国道转银百高速向北70公里，就是位于宁夏、内蒙古交界处的盐池县高沙窝镇长流墩村顾记圈自然村。今年3月31日，村民顾金文的女儿顾春秀“零彩礼”出嫁了。 26岁的顾春秀毕业于银川能源学院，现在盐池县一家企业担任会计助理。婚前，她和丈夫周景有相恋4年。今年30岁的周景有，在盐池县做个体工商户，制作销售铝合金门窗，他的父母在盐池县就近打零工。 3月初，周景有父母带着攒下的6万元，到顾金文家为孩子们商量婚事。周父拿出现金，对顾金文说：“感谢你养育了一个好女儿，供养了这么多年不容易，这些彩礼算是送给你们夫妇的辛苦钱。” 顾金文婉拒了这笔钱。对于顾春秀出嫁的彩礼，他提前做好了打算。周景有2023年在盐池县城按揭了一套婚房，每平方米5000多元，每月要还3000元左右房贷。顾金文不希望周景有因为彩礼再多出一份经济负担，不愿意女儿婚后为金钱烦恼，于是决定“零彩礼”嫁女儿。 顾金文家有近16亩土地，种着谷子、糜子、荞麦，还养着70多只羊。顾春秀出嫁前，他用卖羊和卖杂粮的钱，买了一辆10多万元的新能源汽车，作为陪嫁送给女儿。在他看来，作为家长，应该从现实出发看待彩礼，给女儿和女婿更多尊重和理解。 “爸爸是爱我的，这么做都是为我考虑。”顾春秀说。 3月31日，顾春秀的出阁仪式在家里举办。这座农家小院装饰了红色喜字、红气球、红灯笼，洋溢着喜庆氛围。 婚庆公司在小院空地搭起了舞台、铺上了红毯。相熟的亲友们都赶来道喜，顾家办了近20桌婚宴招待亲友。每桌菜肴加上烟、酒、饮料、喜糖、茶水，开支不超过800元。那天，顾家特意没有对外公布彩礼情况，也没有展示陪嫁物品。 “农村是个熟人社会，但嫁女儿是自家的事。”在顾金文看来，彩礼问题应该自家拿主意。“我们两家人都很熟悉，就没邀请亲戚和媒人对彩礼提建议；不公布彩礼和陪嫁，是不希望被关注和议论。” 顾记圈自然村现有200多人。前些年，当地年轻人谈婚论嫁时，男方家会找一位两家人共同认识的“媒人”，到女方家“说媒”。“说媒”的内容之一就是协调两家人谈妥彩礼数额。其中不乏有职业媒人哄抬彩礼钱。男方家长上门提亲前，女方家长也会就彩礼事宜，向女青年的舅、姑等亲戚询问想法、作为参考意见。最终提出的彩礼条件，往往会受到旧俗陋习和攀比之风的影响。 自盐池县被民政部确定为第二批全国婚俗改革实验区以来，对于村里年轻人的婚嫁喜事，顾记圈村的村民们逐渐形成共识：不主动打听彩礼和嫁妆情况。 “村里人现在普遍很有边界感，不该问的不主动问，时间长了，也就不会在彩礼问题上花心思、互相攀比了。”顾金文说。 2024年5月20日，宁夏回族自治区吴忠市盐池县婚姻登记处为领取结婚证的青年举行集体颁证仪式。本文图片均由宁夏回族自治区吴忠市盐池县婚姻登记处提供 盐池县花马池镇沟沿村北塘新村自然村位于宁夏、陕西、内蒙古三省份交界处，今年53岁的村民杨玉民经营着一家养羊合作社，养了200多只羊。他和妻子靠养滩羊的收入，把3个女儿培养到了大学毕业。 杨玉民的大女儿杨文霞今年28岁，毕业于银川能源学院，2018年国庆节“零彩礼”结婚，丈夫赵宏伟是她的大学同学，同样来自农村家庭。婚后，赵宏伟在盐池县一家化工企业工作，杨文霞专心养育两个女儿。近两年，夫妇俩卖掉了2019年按揭的住房，加上攒的钱，在学校附近全款置换了一套学区房。 提起现在的生活，杨文霞说：“我很感激6年前结婚时，父亲作出的‘零彩礼’决定，给我们减轻了很多经济负担。” 杨文霞有两个女儿，一个5岁、一个3岁，她决定：将来女儿们长大出嫁时，也要“零彩礼”。 杨文霞的妹妹杨艳霞今年24岁，毕业于银川市一所高校护理专业，与丈夫朱文杰经人介绍相识相恋。26岁的朱文杰在盐池县一座加油站工作。他的父亲在盐池县承包了100多亩土地，种植中药材；母亲在当地打零工。去年5月1日，两个年轻人同样“零彩礼”结婚。 在西北农村地区，女方出嫁的彩礼，普遍由父母出面主导、向男方家庭提条件。作为父亲，杨玉民和陈海军、顾金文的想法一样，不希望给女儿的婚后生活增加经济负担，在杨文霞和杨艳霞两个女儿出嫁时，都选择了不要彩礼。 结婚前，杨艳霞和当地一些待嫁女青年有同样的感受，彩礼问题就像横亘在婚姻之路上的一道坎，谈拢了，皆大欢喜；谈不拢，自己夹在中间会很为难，甚至可能无法走进婚姻。她也曾担心婚嫁彩礼给男方家庭造成负担。 她身边有一些结了婚的年轻人，因为彩礼、婚纱照、婚宴、首饰、蜜月游等结婚开支，婚后经济状况捉襟见肘，生活显得有些狼狈，“结一场婚，像是被扒了一层皮”。 走进这场“零彩礼”婚姻后，杨艳霞认识到，爸爸促成的这项决定，饱含着长辈对年轻人婚姻生活的理解、体恤和祝福，让自己“轻装上阵”，有充足的物质条件和精神动力经营婚姻生活。 如今，在北塘新村自然村，像杨艳霞这样“零彩礼”结婚的案例，带动当地一些群众转变了对子女婚嫁彩礼的态度。不用高额彩礼为难男方家庭，成为村里待嫁女方家庭的共识。 “年轻人的婚姻幸福程度，并不由彩礼高低决定，要靠两个人相互扶持和共同成长。”杨艳霞说，现在，公婆的生活能自给自足，没有因为操办朱文杰的婚事出现较大经济负担。新组建的小家庭，除房贷外没有其他外债，两人一起努力，日子过得有滋有味。最近，她正在为一项职业资格考试做准备，“我相信今后的生活会越来越好”。 中青报·中青网记者 焦敏龙,3646,https://www.chinanews.com.cn/sh/2024/05-31/10226146.shtml,婚姻登记;婚姻;结婚;彩礼;婚俗;婚嫁;夫妻;婚礼
People.cn,2024/5/31,彩礼攀比之风，在这里为何没了市场,按照西北地区婚俗习惯，很多年轻人结婚前，家长对彩礼事宜的商定拥有主导权，特别是女方家长起着关键作用。男方家长提亲询问彩礼条件，女方家长提出彩礼诉求，双方经过商讨，最终定出具体数额。一些年轻人因为两家人谈不拢彩礼，婚事就此“卡壳”。 而在我采访的宁夏回族自治区吴忠市盐池县3个农村家庭中，3位父亲却都作出了“零彩礼嫁女儿”的决定。这不是与男方家庭“讨价还价”的结果，也不是与子女观念碰撞的妥协，而是主动作出这样的选择。 通过采访，我找到了这3位农民父亲主动“零彩礼嫁女儿”的原因。 得益于乡村振兴，他们扎根农村，怀揣理性务实的生活理念和自力更生的生活态度，以种地、养羊、打零工来维持生计，勤劳致富的底气促使其不从待嫁女儿身上要回报，不必通过嫁女儿换彩礼获得经济利益，而是以“卖女儿换钱”为耻。 他们在与男方家长商定女儿婚事时，保持尊重友善的心态，将心比心、不在经济问题上为难对方，显示出西北地区庄稼人的质朴本色。 他们对年轻人给予足够的理解和支持，体谅年轻人要面对奋斗事业、经营新家庭、育儿养老等挑战，重视年轻人的婚姻质量，主动为他们避开彩礼压力，支持其“轻装上阵”走向新生活。 陈海军“零彩礼嫁女儿”，村里没人说他不重视孩子，反而夸赞“这个老丈人有远见，为晚辈考虑得周到”。杨玉民的小女儿目前还没结婚，但他决定：最小的“掌上明珠”将来也要“零彩礼出嫁”。顾金文说：“亲情永远大于彩礼金钱。做父母的，谁不希望女儿结婚以后日子过得幸福呢？” 女儿们出嫁后，这3位父亲依旧每天务农劳作。他们不知道的是，自己“零彩礼嫁女儿”、婚事简办的做法，已为盐池县的移风易俗、抵制高额彩礼、婚俗改革工作作出了积极示范。 如今在盐池县，农村青年流行在农家小院办婚礼。经济实惠的“流水席”，让亲友宾客感受到喜庆质朴的乡村民俗氛围。年轻人通过简约的婚礼仪式，向来宾宣告“我们结婚了”，不刻意主动展示彩礼和嫁妆情况，也几乎没人主动打听这些了。彩礼攀比之风，在这里没了市场。（焦敏龙）,827,http://yn.people.com.cn/n2/2024/0531/c378440-40863277.html,婚姻;结婚;彩礼;婚俗;婚礼
People.cn,2024/5/31,枫桥式人民法庭｜跨国云调解 离婚巧化解,近日，德惠法院城区法庭利用云上法庭开庭审理了一起“跨国”离婚纠纷案，并成功调解。 刘某与孙某某于2021年2月9日经民政部门登记结婚，婚后感情不和，刘某意识到夫妻感情已经破裂，婚姻关系名存实亡，再无和好的可能，于是来到法院，向孙某某提起了离婚诉讼。 办案法官受理该案后，详细地查阅了卷宗材料，了解双方当事人的具体情况，考虑到被告远在新加坡务工，线下开庭审理该案件存在困难的实际情况，办案法官第一时间与双方当事人联系沟通，协商以线上开庭的方式开展调解工作，在详细问询该案目前存在的问题以及双方意愿后，确认双方对离婚与否、债权债务等问题达成了一致意见，法庭当即出具调解书。至此，这起跨国离婚纷争采用线上方式妥善解决。此次采取线上开庭的方式进行调解，既解决了当事人因在国外无法到庭应诉的难题，又保障了双方当事人的合法权益。 下一步，德惠法院将继续秉持“如我在诉”的为民情怀，充分利用信息化，积极推进枫桥式人民法庭工作经验，探索更多便利当事人的诉讼举措，持续为人民群众提供更有效、更便利的司法服务，切实提升人民群众的司法获得感。（李硕）,464,http://jl.people.com.cn/n2/2024/0531/c349771-40864140.html,婚姻;结婚;离婚;夫妻
People.cn,2024/5/31,青岛中院发布涉未成年子女离婚案件审判工作情况和涉未成年人典型案例,5月31日，青岛市中级人民法院举行2024年第6次新闻发布会，通报青岛法院涉未成年子女离婚案件审判工作情况，发布青岛法院近年来涉未成年人典型案例。 2021-2023年，青岛全市两级法院审结一审离婚案件25596件，其中涉未成年子女案件12087件，占离婚案件总数47.2%。离婚原因占比最多的依次为生活琐事至感情不和（占53.9%）、不履行家庭义务或离家出走（占15.3%）、家庭暴力（占12.8%）、出轨外遇（占5.8%）、赌博吸毒等恶习（占2.3%）、与他人同居（占1.9%）、刑事犯罪（占1.5%）等。 从年龄分层看，涉未成年子女离婚案件中，初中以下子女占比较大，涉诉子女处于学龄前、6-14周岁、14周岁及以上分别为3618件、7214件、1255件，比例约3:6:1；其中涉两名以上子女5161件，占42.7%。从诉讼结果看，经法院调解，近四成离婚双方可对离婚、财产和子女抚养问题达成一致；判决离婚的4000余件案件中，大部分因对财产分割或子女抚养问题无法达成一致意见，需要法院一并作出判决。 青岛中院梳理了涉未成年子女离婚案件的特点。其中，“匆促结婚”特别是生育子女后，在经济压力、家务分工、抚育投入、代际关系、志趣爱好等方面出现分歧后无法及时修复和有效应对，是导致双方离婚的重要原因。从辩诉重点看，抚养争议和财产争夺是涉未成年子女离婚案件的核心争点，除基于亲子关系的天然感情外，祖辈对孙子女照顾较多、认为对方长期缺乏关爱诚意和照顾能力、主张对方家风不正不利于子女成长、因厌恶憎恨对方而隔断其亲子关系、多子女时要求分别抚养彼此折抵抚养费等是争夺抚养权的主要原因，还有近三成案件当事人向法院申请调查令，要求查询对方收入、共同存款、理财产品、财产走向等情况。 青岛中院在发布会上特别指出，部分婚姻解体并不必然给孩子带来心理创伤，父母间的冲突、亲子间的疏离才是创伤根源。青岛中院相关负责人表示，“青岛法院坚持最有利于未成年人原则，把对涉诉未成年人及家庭的道德人文关怀贯穿到家事审判始终。” 近年来青岛中院不断提升少年司法专业审判能力，聚焦涉少家事审判领域情理与法理并重、当下与未来兼顾、人身与财产相连的特点，继续推动落实针对涉少家事纠纷的特殊审判方式、流程、制度、机制。如强化职权干预程序，加强法官释明权的运用，引导当事人形成合理诉求，就当事人之间关于涉未成年子女权益事项所达成协议进行审查，避免因父母短视偏激或谋求私利而无形中将未成年人作为双方博弈的牺牲品。适度延伸审判职能，提高少年司法传播法治理念与家风观念的精度，落实好“关爱未成年人提示”工作制度，为当事人提供普适性与针对性兼备的家庭教育指导服务。持续打造多维联动格局，继续强化与公安、检察、妇联、关工委、民政、司法行政等协调配合，增强化解矛盾和源头预防的协作力。 为充分发挥典型案例的评价、指引功能和警示、教育意义，青岛中院从近年办理的涉未成年人案件中选出6件与家庭、家教、家风密切相关的典型案例。两个刑事案例，一个是典型的家庭教育不当导致未成年子女缺乏尊重他人、敬畏法律的守法理念而走上犯罪道路的案件，一个是过早脱离家庭监护，导致误入歧途的案件。另外还有四个民事案例，涉及校外托管机构工作人员伤害学生、离婚和抚养探望纠纷，这四个案例从不同角度提示全社会应当树立关心、爱护未成年人的良好风尚，而父母对未成年人子女的抚养、教育和保护职责尤为重要。 青岛中院希望通过发布典型案例，彰显人民法院保障未成年人合法权益、维护婚姻家庭和谐稳定的鲜明态度和坚定立场，引导公众进一步了解未成年人保护工作的复杂性和重要性，合力构建有益于未成年人成长的家庭环境和社会环境。 （朱本腾 何文婕）,1520,http://sd.people.com.cn/n2/2024/0531/c396647-40864126.html,婚姻;结婚;离婚;家庭暴力
People.cn,2024/6/4,延吉：抵制高额彩礼 倡导文明婚俗在行动,近日，延吉市新时代文明实践中心联合朝阳川镇横道村开展“抵制高额彩礼，倡导文明婚俗”主题宣传暨文明实践积分兑换活动。 活动中，围绕文明婚俗，结合移风易俗相关内容进行了讲解，倡导简约适度的婚俗理念，引导村民破除盲目攀比、炫富摆阔、以彩礼论身价、以彩礼保婚姻等扭曲观念。讲解结束后，集中进行文明实践积分兑换，村民根据积分换取到手机支架、保温水杯、文创布袋等生活物资。 横道村妇女主席陈静表示，横道村将充分利用宣传栏、农村大喇叭、微信群、入户宣讲等形式宣传移风易俗相关内容，全面提升乡风文明指数，让文明之花处处绽放。（王朔）,258,http://jl.people.com.cn/n2/2024/0604/c349771-40868121.html,婚姻;彩礼;婚俗
People.cn,2024/6/4,认为同居时的转账属于“彩礼”要求返还合理吗？,恋爱同居期间，男方工资上交、大额转账。分手后，男方认为转账款项属于彩礼，主张女方返还。究竟哪些款项属于彩礼？近日，广东省深圳市龙华区人民法院审结该起婚约财产纠纷案，综合考虑男女双方共同生活的事实，以及男方给付钱款的目的、用途、数额等因素，依法认定彩礼范围，妥善适用彩礼返还规定，酌情判令女方返还部分钱款。 陈先生、许女士于2019年恋爱同居，并着手准备结婚事宜。其间，陈先生将个人收入交由许女士管理，并多次向其转账。2023年，因多年聚少离多，感情渐生嫌隙，陈先生与许女士分手。后陈先生要求许女士返还具有彩礼性质的钱款，共计108万余元。许女士则认为，多数钱款是代陈先生转账给他人的，少数用于缴纳房租和支付生活花销。此外，在同居期间，许女士因患有宫外孕终止妊娠，所涉医疗费、营养费等开销由陈先生自愿承担。因此，许女士认为，其无需返还钱款。双方意见不一致，陈先生遂诉至龙华区法院。 龙华区法院审理后认为，本案系婚约财产纠纷案，具体涉及原、被告同居期间财物返还问题。婚约财产是指一方及其家庭以成立稳定的婚姻关系为目的，赠与另一方及其家庭的财物，俗称“彩礼”。关于本案彩礼属性的认定，经查，在恋爱同居期间，陈先生多次向许女士转账，其中出于“存钱结婚”的考虑，将个人收入交由许女士管理，因此该款项具有彩礼属性，当结婚目的无法实现时，陈先生有权要求返还。但是，陈先生为增进双方感情而给付的钱款、双方共同生活期间的消费支出、陈先生借用许女士账户向案外人的转账等，均不属于彩礼范畴。 经核算，恋爱期间，陈先生共向许女士转账个人所得301938元。考虑到许女士在恋爱期间，因宫外孕接受流产手术，后被初步诊断患有多囊卵巢综合征、高泌乳素血症，故法院酌情判决许女士返还钱款20万元。宣判后，双方均未提起上诉，现判决已生效。许女士主动履行判决确定的义务，退还了相关款项。 （记者 李 倩 通讯员 王佳淑 赵曼琪）,795,http://yn.people.com.cn/n2/2024/0604/c361322-40867479.html,婚姻;结婚;彩礼;婚约;恋爱
People.cn,2024/6/4,长春市南关区人民法院、南关区委宣传部、南关区幸福乡联合开展“抵制高额彩礼 倡导文明婚俗”文明实践主题活动,为加强婚姻家事纠纷诉源治理，将治理高额彩礼、推进移风易俗工作落到实处，5月30日，南关区人民法院、南关区委宣传部、南关区幸福乡联合开展“抵制高额彩礼 倡导文明婚俗”文明实践主题活动。 宣讲活动中，南关法院桃源人民法庭法官邓翔匀以传统习俗中的“六礼”为引，讲述了彩礼的起源和本质。随后，法官以“让婚姻始于爱 让彩礼归于礼”为题，结合《中华人民共和国民法典》《最高人民法院关于审理涉彩礼纠纷案件适用法律若干问题的规定》，通过一法条一案例的方式，讲解了彩礼的范围、彩礼与恋爱期间一般赠与的区别、禁止借婚姻索取财物、彩礼返还的裁判规则等内容。 为了帮助村民加深对法律规定的理解，法官不时就案例内容向村民提问，“大壮和小美二人未登记结婚，以夫妻名义共同生活1年后，双方感情破裂，大壮起诉要求返还彩礼9万元，但小美称彩礼是由自己的母亲接收的，大壮应以谁为被告呢？”村民们踊跃发表自己的看法，法官结合法律规定进行详细解答。宣讲活动结束后，法官还现场解答村民的提问10余个，活动取得了良好的普法宣传效果。 下一步，南关法院将扎实开展各类主题法治宣传教育活动，主动融入社会治理大格局，为构建和谐、文明社会贡献法院力量。,500,http://jl.people.com.cn/n2/2024/0604/c349771-40868133.html,婚姻;结婚;彩礼;婚俗;恋爱;夫妻
People.cn,2024/6/5,宁夏积极开展妇女关爱行动推进农村高额彩礼专项治理,6月4日，记者从自治区妇联了解到，按照自治区党委办公厅、人民政府办公厅《关于持续开展农村高额彩礼专项治理建设文明乡风的实施意见》的部署，自治区妇联积极开展妇女关爱行动，制定相关工作方案。 方案指出，要组织宣讲团深入基层，通过“庭院讲堂”“田间学堂”等，引导广大家庭自觉抵制高额彩礼，讲好移风易俗优良家风故事，形成家庭文明新风尚。 方案支持妇女创业就业，优先向符合贷款条件的创业妇女发放农村妇女创业担保贷款，打造“巾帼直播间”，培训优秀巾帼电商直播带头人，优先为 “零彩礼”“低彩礼”家庭提供就业机会，联合人社部门对符合条件的新婚女性优先聘用公益性岗位，帮助青年女性增收致富。 方案争取全国妇联和自治区妇女“两癌”救助项目，为符合救助条件的患病妇女每人一次性补助一万元，减轻患病妇女经济压力。联合卫健部门为 “零彩礼”“低彩礼”新婚女性开展免费孕前优生、出生缺陷重点疾病筛查等健康检查项目，提高“零彩礼”“低彩礼”女性健康水平，预防和减少出生缺陷发生，不断抓实妇女健康支持。 方案提出要为适婚对象搭建婚恋平台，在“三八”“5·20”“七夕”等重要时间节点，开展形式多样的婚恋交友联谊会和丰富多彩的婚恋辅导活动，鼓励村妇联主席和执委做“红娘”，引导群众抵制高额彩礼。 方案还积极对接企事业单位及商户，链接社会资源，对“零彩礼”“低彩礼”家庭提供购物、餐饮、文旅等优惠折扣服务，礼遇“零彩礼”“低彩礼”家庭，让他们切实感受到实惠。同时开展高额彩礼家庭“晒、评、议”活动，对盲目攀比等陈规陋习进行讨论评议，对先进典型事迹进行展示。（记者 何耐江）,669,http://nx.people.com.cn/n2/2024/0605/c192482-40868445.html,婚恋;彩礼;适婚;对象
People.cn,2024/6/5,自贡富顺兜山镇：抵制高价彩礼 文明实践引领新风尚,“我觉得现在的年轻人要充分体谅父母劳作的艰辛、生活的不易，不要把彩礼作为婚姻的筹码，结婚不要去攀比婚车数量和档次，也不要计较婚宴规格和规模。” “对，彩礼只是婚俗的一部分，现在高额彩礼给我们老百姓带来的压力太大了。” “我支持婚事新办、喜事新办，特别是那种低俗婚闹太恼火了。”近日，一场以“抵制高价彩礼、破除陈规陋习”为主题的道德评议会，在自贡市富顺县兜山镇兜山社区新时代文明实践站进行，评议会成员和居民们相聚一起，共话乡风文明。 道德评议会上，兜山社区党支部书记、新时代文明实践站负责人余茜宣读了县文明办、团县委、县妇联、县民政局、县农业农村局联合发出的倡议，结合身边高价彩礼典型事例，向居民们讲解了高价彩礼给社会和家庭带来的危害，倡导大家从自我做起，敢于转变思想观念、破除陈规陋习，以实际行动营造积极向上、节俭文明的婚姻新风尚。随后，大家各抒己见，积极发表看法及建议。 据悉，为进一步加强文明培育、文明实践、文明创建，引导广大群众深入推进移风易俗，坚决遏制高额彩礼之风，倡树文明婚俗新理念，培育文明乡风新氛围，兜山镇围绕“抵制高额彩礼 倡导文明婚俗”主题，开展了主题宣传宣讲、道德评议会等丰富的文明实践活动。同时，通过“线上+线下”宣传相结合的方式，在全镇广泛发布《富顺县“抵制高额彩礼 倡导文明婚俗”倡议书》，依托唐国贵工作室、老杨调解室等特色志愿服务队伍，定期开展倡导婚事新办、丧事简办、反对迷信、崇尚科学等文明实践活动，引导全镇青年破除高额彩礼、铺张浪费等陈规陋习，倡导美德健康新生活。 据悉，兜山镇将进一步紧密依托新时代文明实践所、站、点，深入开展各类形式多样的宣传活动，多措并举打出移风易俗“组合拳”，推动婚事新办简办、抵制高额彩礼、减轻人情负担、倡树美德诚信健康生活等移风易俗内容在全镇蔚然成风。（邓莹、许鹏）,763,http://sc.people.com.cn/n2/2024/0605/c407319-40869259.html,高价彩礼;婚姻;结婚;彩礼;婚俗
People.cn,2024/6/6,宁夏开展惠农增收行动推进农村高额彩礼专项治理,6月3日，记者从自治区农业农村厅获悉，按照自治区党委办公厅、人民政府办公厅《关于持续开展农村高额彩礼专项治理建设文明乡风的实施意见》的部署，自治区农业农村厅积极开展惠农增收行动，制定相关工作方案。 方案按规定对符合条件的“零彩礼”“低彩礼”新婚夫妇及女方父母给予倾斜支持，围绕提升其生产生活水平，推动思想观念转变。 方案指出，各地可结合实际情况，对承包种植大棚的给予租金补助，对新改建集中连片枸杞基地进行补助，对蔬菜种苗、马铃薯原原种、食用菌等特色作物种苗进行补贴，对有意愿发展庭院经济的给予一定补贴。同时，对肉牛、肉羊补栏进行补助，对奶牛和肉牛入园托管给予补贴；饲养基础母牛的，在享受见犊补母政策基础上，进行再补助；养殖肉牛和滩羊分别达到50头、300只的，优先享受家庭农场补助政策；对收储青贮玉米进行补贴，对养殖池塘改造进行补助。 方案支持创办家庭农场，符合申报县级以上示范家庭农场的，现场考评时给予一定加分，优先享受奖补政策。完善联农带农机制，鼓励以土地入股等方式加入龙头企业获取收益；产业园区、帮扶车间等就业岗位优先录用；财政支农资金项目有联农带农条件的，给予适度倾斜；有条件的村集体给予一定激励。 方案指出，为促进消费帮扶，各地各单位优先采购农副产品；从事农产品电商销售经营的，可给予适当奖补。 方案提出培育就业岗位，重大工程、以工代赈项目优先吸纳就业；对新婚夫妇及女方直系家庭成员在社区工作者招录和公益性岗位聘用中适当放宽条件。 方案鼓励创业创新，对符合一次性创业补贴申请条件的，给予创业补贴；对符合创业担保贷款申请条件的，给予创业担保贷款政策支持。 方案对符合条件的“零彩礼”“低彩礼”新婚夫妇及女方父母，参加职业培训取得资格证书的进行补贴。有农机专业技能的，优先聘用为农机安全网格员、优先推荐为农机使用一线“土专家”。同时，强化金融扶持，对符合条件、有发展生产意愿的，提供小额贴息贷款、“富民贷”免抵押免担保信用贷款。（记者 何耐江）,825,http://nx.people.com.cn/n2/2024/0606/c192482-40870198.html,彩礼
People.cn,2024/6/7,宁夏开展青年新风行动推进农村高额彩礼专项治理,6月6日，记者从宁夏回族自治区团委获悉，按照自治区党委办公厅、政府办公厅《关于持续开展农村高额彩礼专项治理建设文明乡风的实施意见》的部署，自治区团委积极开展青年新风行动，制定相关工作方案。 方案指出，高额彩礼问题，青年群体是专项治理的执行者和获益者。自治区团委围绕“青年新风行动”提出了教育、服务、激励、约束四个方面13项举措。 方案提出，要加强政策法规教育，在各类青年干部培训、适龄团员的团课和“伙伴计划”示范项目中，加入婚俗政策法规教育，宣传自治区专项治理工作整体部署。组织婚俗新风引导，组织青年开展“抵制高额彩礼”践诺活动、组织“零彩礼”“低彩礼”新婚夫妇开展婚俗新风宣讲等，营造良好的婚俗新风氛围。 方案提出，要加强精准服务，各级共青团组织要将婚俗新风教育和交友联谊工作有效结合，当好“红娘”，帮助农村青年扩大朋友圈、提升结婚率。同时，要为践行婚俗新风的青年夫妻举办新式集体婚礼等婚庆服务，弘扬婚俗新风，降低婚庆成本。还要借助“外力”，通过购买社会组织服务、设立志愿服务项目推动社会组织参与婚恋服务工作。 方案提出，要加强正向激励，强化政治培养，在发展团员、推优入党，吸纳各类团代表、委员和政治培训对象选拔过程中，优先考虑践行婚俗新风的青年。将践行婚俗新风情况纳入各类表彰奖励的重要考察内容，强化荣誉激励。在公益性岗位招聘、创业就业扶持和各类救助帮扶中，向践行婚俗新风的青年适当倾斜，不断强化政策扶持。 方案要求，要加强反向约束，将弘扬婚俗新风纳入团员、团干部的考核，把团组织专项治理工作开展情况作为团支部“对标定级”的重要指标。要加强社会举报受理干预，通过宁夏12355青年服务台、“青年来信”等渠道，受理高额彩礼、大操大办相关投诉，依托“西部计划”志愿者组建“高额彩礼监督员”队伍，及时开展劝导干预。（记者 何耐江）,764,http://nx.people.com.cn/n2/2024/0607/c192482-40871671.html,结婚;婚恋;彩礼;婚俗;对象;夫妻;婚礼
People.cn,2024/6/11,对家暴说“不”！——四平市铁西区人民法院发出今年首份人身安全保护令,近日，四平市铁西区人民法院速裁法庭根据女方当事人的申请发出今年首份人身安全保护令，对受到暴力威胁的王某实施人身保护，切实依法保障当事人的合法权益。 2015年9月，原告与被告登记结婚，婚后生育一女孩。原告曾于2023年3月5日、2023年8月4日、2024年5月28日多次报警称，被告家暴原告。2024年5月30日被告再次殴打原告，致原告面部、颈部多处受伤，为避免再次受到伤害，原告向铁西区英雄派出所报警，并在铁西区综治中心、英雄街道拥军社区工作人员陪同下一起来到铁西法院诉讼服务中心起诉离婚同时申请人身保护令。法院根据原告提供的相关证明材料，认为符合发出人身保护令的法定条件，依法发出《人身安全保护令》：禁止被告对原告实施骚扰、跟踪、暴力侵害等行为。并向当事人及辖区派出所、社区、区妇联等单位送达了裁定书，共同为受害者筑起保护屏障。（人身安全保护令的有效期为六个月）。 《人身安全保护令》生效后，原告向法官坦言，认为夫妻感情已彻底破裂，坚决要求离婚，被告方也向法官表达了同意离婚。最终法官结合双方意见就子女抚养、抚养费、财产分割促成双方达成一致协议。本案是离婚纠纷案件审理过程中申请人身安全保护令的典型案例。离婚起诉时夫妻双方往往矛盾最激烈，受到侵害的风险增大，《人身安全保护令》对保护婚姻家庭关系中处于弱势的一方，具有重要作用。 家庭暴力是一种不可接受的行为，它会对受害者的身心健康造成极大的伤害和痛苦。无论是身体上的暴力、情感上的虐待都严重侵犯了他人的权利和尊严。反对家暴需要全社会的共同努力，自2023年2月首次发出人身安全保护令以来，铁西法院始终坚持人民至上，依法履职尽责，积极宣传《反家庭暴力法》《未成年人保护法》，加强与各部门之间联动，一同构筑反家庭暴力的“防暴网”，以营造一个安全、平等、尊重的社会环境，共同维护家庭和社会的和谐与稳定。,776,http://jl.people.com.cn/n2/2024/0611/c349771-40875153.html,婚姻;结婚;离婚;夫妻;家庭暴力;家暴
People.cn,2024/6/11,离婚后，孩子就读私立高中的高昂学费谁承担？--社会・法治--人民网,本报讯 夫妻离婚时约定孩子教育费由父亲承担，孩子在高中时选择在私立高中就读，高昂的教育费是否继续由男方一人承担？近日，江苏省南京市六合区人民法院审结一起抚养费纠纷案件，认定夫妻双方在决定孩子教育事务上均存在责任，为保障临近高考的未成年子女的切身利益，认定由夫妻双方按比例承担教育费。 2015年6月，李某与王某离婚，双方之子小李时年8岁。离婚协议约定小李随母亲王某一同生活，在小李18周岁前父亲李某每月支付生活费1400元并承担教育费，双方还对家庭共同财产进行了分割。 小李在高中之前一直就读公立学校，李某均按时支付教育费。2022年9月，小李就读某私立高中，每年学费和住宿费合计61000元。至2023年底，王某在支付小李三个学期的教育费、住宿费、校服费93260元后，向李某索要教育费，但李某以私立高中学费昂贵为由拒绝支付。 王某遂诉至六合区法院，要求李某承担上述费用。 法庭上，李某辩称，儿子本可以在公办高中就读，王某在未经其同意的情况下选择就读私立高中，其不应继续承担教育费。王某则辩称，儿子的中考成绩不理想，公办高中可选择的学校非常少，因考虑升学率和学习环境以及儿子自己的想法，最终决定让儿子就读私立学校。小李陈述，其随母亲一同生活，父亲很少关心自己学习，自己的中考成绩可以选择的公办高中升学率和学习环境不理想，本人想要更好的学习环境，努力学习来改变人生。 另查明，李某名下有3套房产及2辆机动车，财力较为殷实。小李在当前私立高中的学习成绩较为优异。 法院审理后认为，本案中，夫妻离婚时约定小李的教育费由李某承担，双方虽未对教育费具体内容作出明确约定，但该费用应以必要、合理为限，且应与小李的实际需要及李某的经济负担能力相匹配，并结合本地实际生活水平确定。小李中考分数本可以在收费较低的公办高中就读，私立高中并非唯一选择，故私立高中学费应根据父母双方责任比例确定，李某和王某对造成小李在私立高中就读的结果均存在责任。一方面，民法典规定夫妻双方平等享有对未成年子女抚养、教育和保护的权利，共同承担对未成年子女抚养、教育和保护的义务，该法定义务不以教育费的负担而免除，上述教育义务包含父母双方对子女就读学校的选择，王某未与李某协商即决定小李的就读学校，对造成本案结果存在一定责任，且王某作为与小李共同生活一方，其在参与小李学校选择方面影响更大，故责任相对更大。另一方面，为子女选择就读学校并非母亲单方责任，李某虽未与小李共同生活，但作为父亲，应对小李的学习成绩、就读学校选择范围明知并主动参与决策，并在最有利于未成年子女原则的基础上作出选择，李某并未提交证据证实其积极履行对子女教育的法定义务，对造成小李在私立高中就读也存在一定责任。综上，法院根据双方责任大小、负担能力和本地的实际生活水平，酌定由李某负担教育费的40%即37304元，王某负担教育费的60%即55956元，小李剩余教育费亦按照上述比例由李某和王某分担。 一审判决后，双方均未提起上诉。本案判决已生效。（张 凌） 近年来，我国夫妻离婚率居高不下，婚姻家庭纠纷特别是抚养权纠纷日益增长。子女的生活费、教育费、医疗费均属于抚养费范畴，该类纠纷涉及未成年人利益的实现。当前，未成年人权益保护、未成年人利益最大化正在成为社会关注的焦点。《最高人民法院关于适用〈中华人民共和国民法典〉婚姻家庭编的解释（一）》第四十九条规定，抚养费的数额，可以根据子女的实际需要、父母双方的负担能力和当地的实际生活水平确定。本案中，鉴于小李已在当前的私立高中就读一年半的时间，学习成绩较为理想，在父母离异情况下能取得这样的成绩属实不易。同时，小李明年就要面临高考，这是他人生中较为关键的时刻，为最大限度降低对小李学习和生活的影响，在当前情形下不宜让小李再变更学校就读，保障其教育利益最大化是本案裁量中的重要考量因素。 在保障小李教育利益最大化的基础上，法院根据父母双方的责任比例及实际负担能力等因素来决定教育费的负担。根据《中华人民共和国民法典》第一千零五十八条的规定，夫妻双方平等享有对未成年子女抚养、教育和保护的权利，共同承担对未成年子女抚养、教育和保护的义务，上述法定的权利义务不因父母是否与未成年子女共同生活，或是否支付教育费而免除。李某未与子女共同生活，疏于关心小李的学习，在小李中考成绩不理想和公办高中选择范围较小的情况下，没有及时了解情况并给予适当指导，对最终导致小李在私立学校就读存在一定责任，这也是本案认定李某应承担部分教育费的原因，法院在裁判该类案件中也会考量父母双方的实际负担能力。 本案承办法官提醒，离异父母对未成年子女的教育抚养事务享有平等的决策权，也需对孩子的学习和成长付出同等关心，建议父母双方对有关孩子的教育问题要多沟通交流，既要考虑子女的实际需要，又要考虑父母的实际负担能力，合理选择确定就读学校，在力所能及的范围内为孩子的健康成长创造最好的条件。,2013,http://society.people.com.cn/n1/2024/0611/c1008-40253945.html,婚姻;离婚;夫妻
People.cn,2024/6/13,让彩礼归“礼” 弘扬社会新风,随着移动互联网的发展，直播已嵌入人们的日常生活。近期，湖南省高级人民法院官方账号进行了一场特殊的直播：围绕5起相关案件，执法人员上门执行“退彩礼”，并进行实时解说普法，吸引众多网友围观。 以直播形式对涉彩礼纠纷案件进行集中执行的展示，既是一堂有针对性的普法课，让群众看到法律威严和司法公正，也有利于传递正确的婚恋观，倡导健康、节俭、文明的婚嫁之风。这场意外走红的直播活动，折射出人们对彩礼话题的持续关注。 作为我国古代婚姻风俗中的“六礼”之一，彩礼是男女双方缔结婚姻的重要象征，蕴含着双方及其家庭对婚姻的美好期盼。但一些地方出现了以高额彩礼、“天价彩礼”作为婚姻“价码”的现象，甚至引发冲突纠纷案件。这不仅背离了彩礼的初衷，也破坏公序良俗。彩礼看似是小事，实际是影响社会风气、关乎社会治理的大事。 今年2月，《最高人民法院关于审理涉彩礼纠纷案件适用法律若干问题的规定》正式施行。该规定强调禁止以彩礼为名借婚姻索取财物，并对彩礼范围、返还条件等予以规范，明确不仅要考虑双方是否办理结婚登记、共同生活，也要根据彩礼实际使用及嫁妆情况，综合考虑彩礼数额及孕育情况、双方过错等事实，并结合当地风俗，最终确定是否返还以及返还的具体比例。这些规定通过明确裁判规则，引导群众更加理性地看待彩礼问题，让彩礼回归“礼”的本质。 2021年以来，中央一号文件连续4年对高额彩礼、大操大办等移风易俗重点领域突出问题整治提出工作要求；农业农村部将移风易俗纳入全国乡村治理体系建设试点示范，推广高额彩礼治理“一张图”工作流程；全国妇联在全国确定了一批移风易俗工作试点，探索立足妇联职能优势、推进移风易俗的有效模式……一系列务实举措，引导构建和谐婚姻关系，推动婚俗走向健康文明。同时，随着婚俗改革深入推进，多地创新工作举措，弘扬“婚事简办”社会新风、倡导简约适度的婚俗礼仪，助推文明风尚深入人心。 推进移风易俗，不是要一刀切地否定传统风俗，而是旨在改变盲目攀比等不良风气，减轻群众在婚丧嫁娶中的支出负担。“礼，与其奢也，宁俭”，让彩礼回归“礼”的本质，不仅需要整治高额彩礼的“标”，更应聚焦深化婚俗改革的“本”。一方面，要为适龄男女青年提供更完善的婚姻服务，帮助年轻人减少“甜蜜的负担”。另一方面，要加强困难家庭兜底保障，注重保护女性权益，让女性在婚姻和生育中享有更多安全感。 河北河间，23对新人参加低彩礼集体婚礼，领取新婚文明家庭证书和新婚贺礼；江苏苏州，“乘着地铁去结婚”成为城市新品牌；重庆涪陵，一对新人用公交车当婚车……婚恋新风尚，日益在年轻人中流行。让婚姻始于爱，让彩礼回归合情合理，必将成就更多美好，更好守护社会文明。,1102,http://gs.people.com.cn/n2/2024/0613/c183343-40877785.html,结婚登记;天价彩礼;婚姻;结婚;婚恋;彩礼;婚俗;婚嫁;婚礼
People.cn,2024/6/13,让彩礼归“礼” 弘扬社会新风（人民时评）,随着移动互联网的发展，直播已嵌入人们的日常生活。近期，湖南省高级人民法院官方账号进行了一场特殊的直播：围绕5起相关案件，执法人员上门执行“退彩礼”，并进行实时解说普法，吸引众多网友围观。 以直播形式对涉彩礼纠纷案件进行集中执行的展示，既是一堂有针对性的普法课，让群众看到法律威严和司法公正，也有利于传递正确的婚恋观，倡导健康、节俭、文明的婚嫁之风。这场意外走红的直播活动，折射出人们对彩礼话题的持续关注。 作为我国古代婚姻风俗中的“六礼”之一，彩礼是男女双方缔结婚姻的重要象征，蕴含着双方及其家庭对婚姻的美好期盼。但一些地方出现了以高额彩礼、“天价彩礼”作为婚姻“价码”的现象，甚至引发冲突纠纷案件。这不仅背离了彩礼的初衷，也破坏公序良俗。彩礼看似是小事，实际是影响社会风气、关乎社会治理的大事。 今年2月，《最高人民法院关于审理涉彩礼纠纷案件适用法律若干问题的规定》正式施行。该规定强调禁止以彩礼为名借婚姻索取财物，并对彩礼范围、返还条件等予以规范，明确不仅要考虑双方是否办理结婚登记、共同生活，也要根据彩礼实际使用及嫁妆情况，综合考虑彩礼数额及孕育情况、双方过错等事实，并结合当地风俗，最终确定是否返还以及返还的具体比例。这些规定通过明确裁判规则，引导群众更加理性地看待彩礼问题，让彩礼回归“礼”的本质。 2021年以来，中央一号文件连续4年对高额彩礼、大操大办等移风易俗重点领域突出问题整治提出工作要求；农业农村部将移风易俗纳入全国乡村治理体系建设试点示范，推广高额彩礼治理“一张图”工作流程；全国妇联在全国确定了一批移风易俗工作试点，探索立足妇联职能优势、推进移风易俗的有效模式……一系列务实举措，引导构建和谐婚姻关系，推动婚俗走向健康文明。同时，随着婚俗改革深入推进，多地创新工作举措，弘扬“婚事简办”社会新风、倡导简约适度的婚俗礼仪，助推文明风尚深入人心。 推进移风易俗，不是要一刀切地否定传统风俗，而是旨在改变盲目攀比等不良风气，减轻群众在婚丧嫁娶中的支出负担。“礼，与其奢也，宁俭”，让彩礼回归“礼”的本质，不仅需要整治高额彩礼的“标”，更应聚焦深化婚俗改革的“本”。一方面，要为适龄男女青年提供更完善的婚姻服务，帮助年轻人减少“甜蜜的负担”。另一方面，要加强困难家庭兜底保障，注重保护女性权益，让女性在婚姻和生育中享有更多安全感。 河北河间，23对新人参加低彩礼集体婚礼，领取新婚文明家庭证书和新婚贺礼；江苏苏州，“乘着地铁去结婚”成为城市新品牌；重庆涪陵，一对新人用公交车当婚车……婚恋新风尚，日益在年轻人中流行。让婚姻始于爱，让彩礼回归合情合理，必将成就更多美好，更好守护社会文明。 《 人民日报 》（ 2024年06月13日 05 版）,1130,http://he.people.com.cn/n2/2024/0613/c192235-40877085.html,结婚登记;天价彩礼;婚姻;结婚;婚恋;彩礼;婚俗;婚嫁;婚礼
CCTV,2024/6/14,婚嫁低彩礼 宁夏银川兴庆区推出倡导农村婚俗新风“政策套餐”,央视网消息 农村“零彩礼”“低彩礼”，新婚夫妇购物享折扣、旅游有优惠，本人及双方父母5年内乘坐公交车免费……6月13日，宁夏银川市兴庆区推出农村婚俗新风礼遇嘉许措施、农村婚俗陋习抵制约束措施、礼遇嘉许门店折扣优惠等举措，为抵制高额彩礼、倡导婚俗新风“保驾护航”。 6月13日，在兴庆区掌政镇一家饭店，新婚夫妇马鹏、梁金凤从婚礼现场收到了兴庆区赠予的婚俗新风“囍包”。 兴庆区农村婚俗新风礼遇嘉许措施共有8条，包括“零彩礼”“低彩礼”新婚夫妇及女方父母家庭，当年可在申报养殖业项目、创办家庭农场、开展农产品消费帮扶、实施高素质农民培育、农业科技结对帮扶、农机安全员聘用等方面予以优先考虑。 “零彩礼”“低彩礼”农村婚嫁女性，一年内可凭“零彩礼”“低彩礼”证书在辖区协议婚庆公司、酒店、影楼、商场等分别享受一定优惠；新婚夫妇在辖区协议销售商处购车的，额外享受一定优惠。“零彩礼”“低彩礼”新婚夫妇，可优先参加兴庆区举办的集体婚礼，享受相关服务；自登记领取结婚证之日起，凭“零彩礼”“低彩礼”证书分别享受2年、1年宁夏境内国有旅游景区首道门票优惠；从登记结婚之日起5年内，本人及双方父母凭“零彩礼”“低彩礼”证书和身份证等有效证明，可在银川市域内免费乘坐公交车。符合“两癌”救助条件的“零彩礼”“低彩礼”家庭患病妇女，给予每人一次性补助1万元。对“零彩礼”“低彩礼”的女方及其父母在各类金融存贷、就业创业等服务方面予以倾斜。 兴庆区农村婚俗陋习抵制约束措施包括：党员干部、公职人员存在“高彩礼”、人情攀比、大操大办等行为的，视情况给予批评教育等处理；对高额彩礼专项治理不力，弄虚作假、高额彩礼问题频发的村党组织，降低星级并列为软弱涣散村党组织进行整顿；把抵制婚俗陋习列入村规民约，设立农村高额彩礼专项治理举报电话、信箱，对索要“高彩礼”或在婚俗新风中弄虚作假的，经查实后在所在村予以曝光；严厉打击婚托、婚恋诈骗、有组织的骗婚等违法行为，对提供线索并经查实的，给予1000元至1万元奖励。 兴庆区还推出了农村“零彩礼”“低彩礼”新婚夫妇第一批礼遇嘉许门店共53家，“零彩礼”“低彩礼”新婚夫妇持证进店消费，当年内（12个月）可分别享受8折、9折优惠。,921,https://local.cctv.com/2024/06/14/ARTIt2u7Kfh8lyahwr0J3nON240614.shtml,结婚;婚恋;彩礼;婚俗;婚嫁;骗婚;婚礼
People.cn,2024/6/14,简约婚礼受到北流年轻人推崇,“我俩去年领取结婚证后没有举办婚礼，我们商量省去耗时费钱的婚宴，把更多的时间、精力放在陪伴爱人上，计划旅行结婚。”最近，在北流市2024年第一期文明家庭故事分享会上，北流市明瑞高中教师梁瑜茵现场分享了他们相知相爱的故事和对婚礼的看法，传递了青年一代的婚恋观念和社会正能量。 为倡导文明婚恋新风、提倡婚事简办，2023年10月，北流市新时代文明实践中心举办了一场中式简约集体婚礼，集体婚礼的经济节约、新颖形式吸引了广大年轻人，有21对新人应邀参加。沙垌镇雷冲小学教师黎婷婷和丈夫也参加了这场集体婚礼，“集体婚礼简约而简单”，既符合他们节俭婚礼的理念又留下了美好的回忆，他们通过自己的行动影响了身边的朋友和更多的年轻人。 去年以来，北流市聚焦民生热点难点，提升为民服务温度，把青年人的婚恋需求放在心上，落实在行动上，为全市的单身青年搭建交友平台，组织开展了5次单身青年相亲联谊活动，举办了新颖独特、文明节俭的集体婚礼，不断加强对年轻人价值观、婚恋观和家庭观的引导，让更多青年男女留在本地就业创业，成就美满姻缘。 北流市注重“抵制高额彩礼，倡导文明婚俗”宣传引导工作。今年以来，石窝镇上珍村、平政镇石榴村、北流镇新城村等移风易俗试点村镇开展遏制高价彩礼群众大讨论活动。在对待“彩礼”的看法上，大部分年轻人都觉得应该根据经济情况量力而行，家里的老人、长辈对此也很尊重、支持。 北流市文明办与民政部门因势利导，推行“婚宴彩礼瘦身，变身小家庭启动资金”行动，得到了农村群众特别是适婚青年的积极响应。不少家庭将结婚彩礼按传统习俗走个过场，又由女方父母如数或适当增加给回新婚的小两口，作为小家庭的启动资金，也满载双方父母对新婚小家庭成家创业的期许和祝愿。 北流南部乡镇，人情厚重，讲究礼数。当地群众反映，现在去南部参加喜宴，发现很多风俗习惯改变了，主家办喜事不收贺礼，收到亲友的红包写上“厚意心领”后又原封不动退回给亲朋好友，意为心意已经收到，不必破费。这种不随礼不收礼的新风俗不止在南部，也开始在中部、北部乡镇流行起来。 去年以来，北流市大力推行移风易俗“五个统一”工作法，各镇村发挥村规民约、移风易俗理事会的作用，对彩礼、随礼、酒席规模和标准作出了具体明确约定，倡导婚事简办、喜事新办，提倡“为爱减负”，越来越多的年轻人积极践行移风易俗，不攀比彩礼，不讲究排场，以实际行动影响、带动身边人树立文明婚嫁新观念，构建共建共享的社会主义家庭文明新风尚。（李冬苏）,1022,http://gx.people.com.cn/n2/2024/0614/c390645-40879381.html,高价彩礼;结婚;婚恋;彩礼;婚俗;婚嫁;适婚;相亲;单身;婚礼
CCTV,2024/6/15,在结婚这件事上，年轻人越来越“野”了,随着“90后”“95后”“00后”陆续成为婚嫁市场的消费主力，婚礼这个古老而又传统的仪式，正在逐渐发生变化。 近日，“年轻人在结一种很实在的婚”“‘00后’开始青睐‘三无婚礼’”“‘三无婚礼’简约不简单”等话题频登微博热搜，引发广泛关注。 主打轻松、环保的“极简婚礼”逐渐流行，并成为越来越多年轻人的新选择。新人们在轻松自在的氛围和极致的性价比中，享受着全新的婚礼体验。 据半月谈在《无接亲、无伴郎伴娘、无证婚人：三无婚礼，为爱减负》一文中援引谷雨数据《结婚行业洞察白皮书》，当下年轻人办一场婚礼的平均花费为17.4万元，是新人双方月均收入的8.8倍，且有42%的新人会在实际花费中超出预算。不过与此同时，中国婚博会消费指数显示，2023年全国（代表城市）平均婚礼关联总花费和婚房家装家居平均花费，比往年下滑了约15%左右。总体而言，这届年轻人在婚礼投入上更加追求性价比，找到了不少省钱的方式。 有人大胆砍掉传统环节，通过简化流程来省钱；有人拒绝消费陷阱，自己布置场地、兼任司仪，租借低价婚纱；更有甚者，试图靠结婚“圈钱”。“把彩礼和嫁妆全部存起来，看两年后能赚多少利息。”“把结婚时买的黄金卖掉了一部分，赚了一万多。”“出婚礼闲置，能赚点是点。”打开社交软件，能看到很多类似的分享。 作为婚嫁消费类目中最刚需的珠宝首饰，消费变化也可见一斑。黄金首饰的市场份额逐年上升，从2019年的33%上涨到了2023年的66%；与之相对地，钻戒则下滑明细，往中端价位集中。可见新人在购买婚嫁首饰时更偏向务实理性，更追求保值的作用。 除了高昂的开销，复杂的流程也是年轻人“整顿”婚礼的重点。 据中国青年报今年的一次问卷调查，受访青年觉得最没有必要的婚礼内容依次是：堵门等恶搞游戏、婚闹等习俗、冗长繁琐的仪式、过度煽情的环节、给宾客敬酒、车队接亲、早起准备等。传统婚礼的繁琐让很多年轻人感觉“很累”，全套流程下来，新人更多只是走个过场，还得面对来自诸多亲友的尴尬和应酬。 当年轻人开始“整顿”婚礼，并不是拒绝人情社交，而是拒绝无效的繁文缛节和“表演式社交”，不少人表示，不想被卷入流水线式的流程，不想让自己的婚礼变成配合和表演。在这样的背景下，“三无”“四无”“五无”的极简婚礼在年轻人中日益盛行。他们按照自己的心意，大刀阔斧删减婚礼环节，无车队、无接亲、无伴郎伴娘，传统婚礼缺一不可的“四大金刚”，即摄影、摄像、主持人和化妆师，都可以省去，甚至婚宴也可以不办，没有任何固定的模式，新人和来宾的体验感和舒适度比什么都重要。 有社会学专家分析，在传统社会中，婚姻被视作终身之事，加之传统婚姻并不以感情为先，所以婚礼往往处于“仪式本位”的状态；而在现代社会，婚礼只是表达爱情的一种方式，恪守传统婚俗并无必要。极简婚礼的走俏除了经济实惠外，更是如今年轻群体精神需求的新映射：比起大排场，更愿意追求松弛感和自我认可的喜悦感。 随着年轻人逐渐掌握自己婚礼的话语权，结婚的形式也变得越来越多样化和个性化。开一场小型Live，办一场创意游园会，来一场全员Citywalk，只有想不到，没有办不到。 据后浪研究所《2023年轻人理想婚礼报告》，九成以上的年轻人更喜欢小而美的婚礼，超过半数的年轻人希望DIY一场属于自己的婚礼作品。 比如前阵子刷屏网络的“奶茶敬亲友”，婚礼上，新娘端起超大杯“珍珠奶茶”代酒敬亲朋好友，隔着屏幕都能感受到他们的快乐。有网友开玩笑：不是喜酒喝不起，而是婚礼的奶茶更有性价比。无独有偶，浙江、广东、江苏也都传出年轻人在婚礼上用奶茶敬亲友的趣闻。 再如小小走红了一把的“霸总风”土味婚庆海报，一反高端唯美路线，新郎新娘合影上是土味的文案、夸张的字体、非主流的排版，像一本古早的言情小说，出现在婚礼现场。“霸道总裁爱上我”的夸张剧情，长辈看不懂，年轻人却直乐呵。 还有碳中和婚礼、公交婚车、自行车接亲、小院婚礼、目的地婚礼……“年轻人在结一种很新的婚”“当代年轻人结婚能有多整活”频上热搜，对于这些不走寻常路的新人来说，结婚需要自己主导，可以降低预算、省略很多环节，但仍需要一个记忆点，来重新定义这件人生大事。 回顾过往，从“50年代一张床，60年代一包糖”的朴素婚俗，到“70年代红宝书”的时代烙印，到“80年代三转一响”象征的物质追求，再到“90年代星级宾馆讲排场”展现的消费升级，直至21世纪以来特色婚礼个性张扬的百花齐放，婚礼习俗的变化始终是社会变迁的一面镜子，年轻人“爆改婚礼”的背后，其实也是他们别具一格的消费观和价值观。 （部分资料,1870,https://news.cctv.com/2024/06/15/ARTIJYHB8EaNA9SqnlH13IsU240615.shtml,婚姻;结婚;彩礼;婚俗;婚嫁;婚礼
People.cn,2024/6/15,乌兰察布市：推进婚俗改革向纵深发展,近年来，内蒙古乌兰察布市以集宁区被定为全国婚俗改革实验区为契机，大力推进婚姻领域移风易俗，不断丰富婚姻登记服务内容，举办特色化主题活动，改变婚姻登记中心只提供单一的领证服务的刻板影响，形成婚事新办、喜事简办的文明风尚，积极打造传播婚姻文化阵地，弘扬优良家风，不断提升人民群众的获得感、幸福感、认同感。 一是设立主题特色婚姻颁证厅、文化展示长廊。在集宁区婚姻登记中心，专门为新人打造了文化展示长廊、喜堂、特色颁证厅，新人可以直接在婚姻登记机关内举办集现代简约、传承优秀传统婚俗、颁证仪式等一体的婚礼仪式。这样的传统婚礼仪式，吸引了来自墨西哥的小伙Juan Carlos和西安姑娘Sany。两人在加勒比举行了西式婚礼，来乌兰察布游学时了解到了中式婚礼，便在集宁区体验了这场富有中国特色的婚礼。两人表示“中式婚礼仪式的美除了它的温婉、含蓄之意，还在于独特的情怀与气质。” 乌兰察布市兴和县察尔湖生态旅游度假区一直是许多年轻游客旅游打卡地，今年5月20日，“情定察尔湖”集体婚礼在风景秀丽的兴和县察尔湖生态旅游度假区举行，参加集体婚礼的新人在察尔湖旅游度假区办理了结婚登记，在秀丽的山水现场共同许下了“钟爱一生，永结同心”的结婚誓言。 二是开设具有农村特色的“农村大礼堂”。在乌兰察布市马莲渠乡大十号村的农村大礼堂，王帅和郝晓燕的订婚宴喜气盈盈、热闹非凡。在众位宾朋的见证下，两人定下百年之约。在农村大礼堂中举办中式定婚宴，把传统习俗特有的喜庆热闹和浓浓的乡土气息融合在一起，显得既庄重又大方，许多亲朋好友纷纷拿出手机拍下了这对新人幸福的瞬间。 农村大礼堂是乌兰察布市集宁区打造的婚俗改革实践基地，除用于开展宣传教育、家庭辅导调解等各类文明创建活动，还引入公益社会组织参与，由村委会自主运行，为群众举办订婚仪式、红白宴席等免费提供场所，费用较城市酒店举办仪式降低30%左右，切实为村民减负，并有效带动周边乡村和城市居民广泛参与，截止目前在礼堂内已举办订婚仪式5场、金婚银婚纪念日活动12场，为村内老年人补拍婚纱照20余次。 一是夯实婚姻家庭辅导保障基础。坚持部门联动，全市各地民政部门联合妇联、司法局等单位，成立婚姻家庭纠纷人民调解委员会，在婚登处设立区婚姻家庭纠纷调解工作室，公开招聘专职辅导员从事调解工作。以家庭和谐为指导，为全区居民服务，负责为居民引导正确家庭观念，开展婚前辅导、免费婚检、帮助适婚人群做好进入婚姻状态的准备，努力从观念上减少家庭纠纷的产生，改善家庭关系，以促进家庭稳定为出发点，为营造和谐、美满、幸福的家庭生活，建立亲密家庭关系、和谐家庭生活，强化孝敬父母、尊敬长辈的道德观念，形成良好的社会风气和家庭氛围。2023年以来，共为3735对新人开展婚前辅导，满意率100%。举办《婚姻家庭的生命周期》《婆媳关系》《婚姻家庭财产守护》等系列讲座8场，总计为200余对新人讲解婚姻各阶段中的角色转换。制作家风家训宣传片，在全市300多块公益宣传电子屏上滚动播放，在全社会营造弘扬家风家训的浓厚氛围。 二是注重离婚前干预。充分利用离婚冷静期制度，将婚姻辅导工作前置，为离婚当事人提供情感沟通、心理调适、纠纷调解、危机干预等咨询服务，帮助当事人理性面对婚姻家庭中的矛盾，正确看待婚姻的意义、自己的角色和责任，谨慎做出离婚的决定。2023年以来，共开展离婚调解服务1927对，劝和 871对，离婚辅导成功率45%，辅导满意率100%。此外，为满足新时代社会公众对婚姻家庭工作的新需求，适应《民法典》离婚“冷静期”法规的实施，在集宁区一乡一镇八个街道办事处设立了婚姻家庭辅导调解室，将服务送至群众的家门口。通过开展社区类婚姻家庭辅导、离婚“冷静期”干预等，引导公众树立正确的婚姻家庭观，进一步维护婚姻家庭和谐、社会稳定，使家庭辅导调解得到创新发展。2023年以来，共完成家庭辅导12464人次。 开展特色集体颁证活动。近年来在婚俗改革的推动下，集体婚礼成为越来越多集宁年轻人的选择。他们不再追求奢华的婚礼场面和昂贵的彩礼，而是更注重婚姻的实质和情感的交流。这种简约而浪漫的婚礼形式，不仅减轻了经济负担，也让婚姻更加纯粹和美好。 今年5月20日，乌兰察布市各地举办形式多样的集体婚礼仪式。集宁区民政局举办第二届“520告白日”集体婚礼活动；察右后旗在乌兰察布市乌兰哈达火山举办首届“5.20万年火山见证万年爱情——抵制高价彩礼，倡导文明婚俗”集体婚礼活动；兴和县在兴和县察尔湖生态旅游度假区举行“情定察尔湖”集体婚礼。乌兰察布市民政局充分发挥各地特色优势，以当下年轻人较为热衷的综艺活动体验、视频记录等形式，逐步打造出独具乌兰察布市特色的颁证服务品牌。特邀“全国最美家庭”、老党员等作为颁证嘉宾为新人颁证，引领文明向上的婚俗新风尚。2023年以来，开展集体颁证仪式、集体婚礼共计20余场，参与的新人共计1100余对。 近年来，在婚俗改革的过程中，乌兰察布市既注重传承优秀传统婚俗文化，又积极融入现代元素和创新思维，让新人们在感受传统文化魅力的同时，也能享受到新时代的幸福与美好。以爱之名，树文明新风。随着“婚俗改革”的深入推进，风雨同舟、相濡以沫、互敬互爱的健康婚姻理念深入人心，婚事新办、仪式从简、摒弃婚礼陋习的文明风气蔚然成风，文明婚俗的新风吹出“山城”的新气象。（王浩）,2188,http://nm.people.com.cn/n2/2024/0615/c410141-40879830.html,婚姻登记;结婚登记;离婚冷静期;高价彩礼;婚姻;结婚;离婚;彩礼;婚俗;适婚;重婚;婚礼
People.cn,2024/6/15,河北青县：编创小戏抵制高价彩礼倡新风,锣鼓一响，好戏开场。6月14日晚，河北青县陈嘴乡石泗河村忙完一天农活的村民们，手提小马扎，相约到村委会广场观看最新版本的评剧小戏《特殊的彩礼》。只有17分钟左右的小戏因贴近群众生活，受到了村民们的喜爱。 6月14日，评剧小戏《特殊的彩礼》在青县陈嘴乡石泗河村演出。傅新春摄 评剧小戏《特殊的彩礼》由青县文化馆组织编创，讲述的是女大学生梅若兰、男大学生高如松，参加工作后在同一个乡镇工作，分别担任两个村的第一书记。他们自由恋爱，积极响应号召，结婚不要彩礼，也得到了父母的支持的故事。这部评剧最早完成于2022年，在全县巡回演出，受到广泛好评。随后，编创人员在广泛听取群众意见的基础上，又对剧中细节进行了改动，呈现在石泗河村村民眼前的就是最新的版本。 评剧小戏《特殊的彩礼》故事情节生动，演员表演富有感染力。傅新春摄 青县作家韩雪表示， 评剧小戏《特殊的彩礼》通过艺术的形式展示了传统婚俗中的陋习以及婚俗改革后简约、文明、健康的新风尚，激发群众践行婚俗改革的自觉性和主动性， 成为推动抵制高额彩礼，为家庭“减压”的一股重要力量。（傅新春）,467,http://he.people.com.cn/n2/2024/0615/c192235-40879946.html,高价彩礼;结婚;彩礼;婚俗;恋爱
People.cn,2024/6/17,长春汽开区法院：让婚姻始于“爱” 让彩礼归于“礼”,“彩礼”源自古代婚礼程序，又称定亲财礼、聘礼、聘财等。古代订婚仪式上，男方家庭会以订婚男子的名义送给女方一份由物品和金钱两部分构成的“彩礼”。 随着经济社会的发展，一些地区出现了攀比性质的彩礼。“万紫千红一片绿”“三斤三两”“一动不动”等新兴彩礼词汇不时出现，并由此产生了许多不必要的纠纷。 为弘扬社会主义核心价值观，推动提升高额彩礼专项治理，统一法律适用标准，根据《中华人民共和国民法典》《中华人民共和国民事诉讼法》等法律规定，最高人民法院制定《关于审理涉彩礼纠纷案件适用法律若干问题的规定》，自2024年2月1日起施行。 下面，让我们跟随长春汽开区法院法官翟晓蒙的视角，深度解读“彩礼”的由来和法律规定。,304,http://jl.people.com.cn/n2/2024/0617/c349771-40881756.html,婚姻;彩礼;婚礼
People.cn,2024/6/17,长沙妇联架“鹊桥” 单身青年相约望城铜官窑觅良缘,人民网长沙6月17日电 在密室逃脱惊险闯关中感受刺激喜悦，在双人皮划艇“惊涛骇浪”中体验协作魅力，在国风浪漫摩天轮享受唯美甜蜜……仲夏6月，开启一场爱恋之旅。6月16日下午，以“幸福联线 湘亲湘爱”为主题的“缘起铜官窑•爱在长沙城”交友联谊活动在铜官窑国风乐园景区拉开帷幕，62位青年男女在活动中相识相知。 现场，男女青年在活动精心设计的“爱之初印象糖果情缘”“背对背拥抱”“一圈到底”等互动游戏环节中迅速破冰，逐渐敞开心扉。在主持人和“红娘”巾帼雷锋志愿者的积极助攻下，青年们彼此之间从陌生到熟络，不少青年男女互相交换联系方式，现场洋溢着一片浪漫甜蜜的气息。 “平日我忙于工作，交友圈局限。今天参加了许多好玩的互动游戏，认识了许多新朋友，很开心。”“这次交友活动不同于让人感觉有点拘束的室内交友模式，在景区比较热闹的场所开展，既能让我们感受大自然的美好，还能加入轻松愉快的青年交友会，寻找一次相遇，邂逅一场浪漫。”参加活动的年轻人对活动开展十分满意。 “我们要在相互了解的基础上建立感情，用真诚和善良去对待对方，用包容和理解去化解不悦，找到与自己心灵契合的伴侣。”长沙市妇联党组书记、主席彭娟表示，希望通过类似活动积极倡导健康向上、简约文明的新型婚育文化，鼓励更多青年人手牵手幸福走进婚姻殿堂。同时，希望更多朋友能够加入巾帼雷锋志愿者队伍中来，积极参与“巾帼志愿关爱行”活动，为单身男女们当好“红娘”、为爱牵好“红绳”，共建共享美好幸福生活。 此次联谊交友活动由湖南省妇联指导，长沙市妇联主办，湖南省青少年新媒体协会、长沙市妇联网络新媒体中心、望城区民政局、共青团望城区委、望城区妇联、长沙铜官窑国风乐园联合承办。 6月12日，文旅部公布了新一批国家级旅游度假区。其中，湖南省长沙铜官窑文化旅游度假区位列其中。截至目前，长沙铜官窑国风乐园打造了8个博物馆、5个大型娱乐体验项目、5个特色文化演艺项目、18处人文景点、4座戏楼、4个亲子游乐项目、3个星级酒店、20余家民宿客栈和多条特色街巷。景区负责人张宁介绍：景区将引入“婚登＋文化＋产业”融合模式，整合景区、餐饮、汉服、住宿、文创、妆造、跟拍、度假等资源，推出更受年轻人喜爱的交友活动、中式婚礼、汉服跟拍等产品，激发婚恋旅行市场新活力。(唐丽）,949,http://hn.people.com.cn/n2/2024/0617/c356883-40881495.html,婚姻;婚恋;婚育;单身;伴侣;婚礼
China News Service,2024/6/18,别让彩礼失了“礼”：拒绝高价彩礼 青年在行动,彩礼该不该有、彩礼的本质是什么、彩礼怎么使用……最近，有关彩礼的话题多次登上热搜榜。 作为男女双方缔结婚姻过程中的一项传统礼仪，彩礼蕴含着对新人的美好祝愿。如今，在结婚过程中，彩礼依然是一个绕不开的话题。但不少新人“卡”在了彩礼这一关。在一些地方，高价彩礼让新人为难，甚至成为结婚路上的阻碍。 年轻人怎么看待彩礼这件事？他们对待高价彩礼是什么态度？在中国青年报社出品的新一期《参数》节目中，多名青年分享了他们的看法。 来自广西壮族自治区的梁海宇前不久与女友领了结婚证，在结婚前双方家庭共同讨论了彩礼问题。梁海宇觉得，彩礼在结婚过程中是比较重要的，彩礼的数额可以根据家庭条件来定，如果超出自己家庭可承受的范围太多，则是不能接受的。 大学生闭思凯同样认为彩礼在结婚过程中是重要的，“现代社会看重男女双方的感情基础，但是彩礼能体现出男方家庭对女方的重视程度”。 今年23岁的向潜，是湖南省湘西土家族苗族自治州人。在他看来，在男女双方相爱的情况下，彩礼不是很重要。他说，家乡那边的长辈也比较开明，不会太干涉彩礼，“彩礼数额一般都是图个吉利，13.88万元或18.88万元比较多，这也表示对女方的尊重”。 邹以清和赵佳音是一对大学生情侣。邹以清觉得，彩礼可以有，但不应该是高价，“彩礼作为一种婚俗，有存在的意义，承载了对新人的祝愿，但是高价彩礼会使双方有经济上的负担，是没有必要的”。 赵佳音认为，到了结婚的年龄，双方有一定的经济能力，应该是两个人为了未来共同努力，而不是完全由一方承担组建新家庭的支出。 “彩礼对我来说不是很重要。”从事影视行业的王梦雨认为，有人可能会把彩礼视为对未来生活的一个保障，但自己更在乎双方的共同付出，会考虑结婚以后建立一个家庭共同账户，解决日常开销问题。 相比于婚前的彩礼，今年33岁的张晶晶更看重男女双方的相处情况、三观是否一致和两个人对未来的规划。她觉得，彩礼数额可以根据双方的实际情况和条件而定，如果确实有困难，可以将数额定在一个合适的范围内，如果有一定的经济条件，也可以通过稍微高一点的彩礼表达自己的感情，“但彩礼只是结婚过程中的一个步骤，不要让彩礼成为双方感情的阻碍”。 王梦雨身边有因为高价彩礼没有结成婚的情况，“他们的婚房都快装修完了，但是彩礼数额没有达成共识，女方家庭可能没有安全感，需要金钱来作为保障”。 张晶晶周围同样有因为彩礼没谈妥而在婚前分手的案例，在她看来，这不仅是彩礼数额问题，更折射出了两人深层关系中的一些问题，例如是否真的看好对方，是否真的想组建一个家庭，“一段感情如果从一开始就不那么正确，或者带着其他目的，到了聊彩礼这一步就会出现很多问题，甚至谈崩”。 梁海宇觉得，无论是彩礼还是嫁妆，都是双方家庭给新人准备的礼物，重点在“礼”字。 “彩礼是男方父母拿出来给新组建的小家庭用的，而不应该是单纯补贴给女方家。”00后大学生麻秋焰说。 谈及彩礼的用途，23岁的孙雨柔认为要根据家庭的实际情况来看，如果家里需要帮衬，可以一部分给家里，一部分留给自己的小家庭。 中国青年报社社会调查中心的调查显示，近半数受访者支持女方将彩礼以陪嫁形式返还小家庭。 “我觉得彩礼最合适的用法，是作为小家庭的储备基金。”张晶晶认为，彩礼的用意之一是希望两个新人能好好生活，因为两个人刚组建家庭，可能会面临一些不确定性或不稳定性，有这样一笔资金做储蓄或应急会更好。 邹以清和赵佳音对于彩礼用途的观点较为一致，比较认同两个人建立一个共同账户，将彩礼钱存在里面，由双方商量如何使用、共同支配。 “在日常接收的信息里，会有某些地区彩礼高的认知。”王梦雨觉得，高价彩礼的观念需要潜移默化地去改变。 梁海宇分析，高价彩礼的形成与攀比心理有很强的关联，“一个地区如果长久以来都是高价彩礼，有人拿得少了，其他人会笑话，会让人感觉没有面子”。 赵佳音认为，某些地区产生高价彩礼是受当地风俗的影响，“有的地方认为女生养大了就嫁出去了，女方家庭需要一些回报”。 邹以清觉得，高价彩礼是一种陋俗，可以通过地方性政策，给彩礼金额划定上限，同时积极宣传抵制高价彩礼，转变大家的思想观念。 彝族男孩尔古克者来自四川省凉山彝族自治州，在他的家乡，高价彩礼问题曾困扰不少年轻人，一些老一辈的人会希望要较高的彩礼。“之前我的堂哥娶媳妇，彩礼金额很高，父老乡亲一起帮着堂哥凑钱。” 不过，尔古克者发现，如今家乡的年轻一代基本不太在乎彩礼，更看重男女双方互相喜欢，而且，近年来当地发布的一些条例给了像他一样的年轻人更多婚恋信心。 2022年，《凉山彝族自治州移风易俗条例》正式施行，其中对抵制高额彩礼等内容作出了明确规定。同年，凉山州民政局等多部门联合印发《凉山州治理高价彩礼深化移风易俗工作导则》，其中规定凉山州婚嫁彩礼最高不得超过10万元。 中国青年报社社会调查中心的一项调查显示，治理高价彩礼，60.5%的受访者希望全社会形成文明嫁娶的新风尚。 西安交通大学公共政策与管理学院教授靳小怡，长期从事彩礼问题研究，她表示，彩礼的习俗是长期存在的，这源于我国礼尚往来的传统，但近几年，高价彩礼在全国各地成为一个比较普遍的现象，这不利于人口与社会的可持续发展。 靳小怡认为，高价彩礼问题与人口性别结构、社会习俗、消费主义和攀比心理加重等因素有关。破解高价彩礼问题是一个比较复杂的社会系统工程，首先，要宣传倡导健康向上的婚恋观，让年轻人树立“提升个人能力”和“家业自己创”的奋斗观；其次，要进一步加大对中西部等欠发达地区的农村人口职业和就业的保障，帮助他们提高婚姻支付能力；再次，针对过高的婚姻支付负担，要因地制宜、精准施策，不能“一刀切”“一窝蜂”，要有温度地为青年婚恋“减负”。 中青报·中青网记者 徐丹阳 白杨 见习记者 吴欣宇,2359,https://www.chinanews.com.cn/sh/2024/06-18/10235679.shtml,高价彩礼;婚姻;结婚;婚恋;彩礼;婚俗;婚嫁;情侣
People.cn,2024/6/18,韩SK集团会长离婚案被判向女方分割73亿元财产 或导致其集团经营权受威胁,"6月17日，崔泰源在SK集团总部举办的二审说明会上发表讲话。 5月30日， 韩国首尔高等法院就韩国第二大企业集团SK集团会长崔泰源和美术馆“蝴蝶艺术中心”馆长卢素英的离婚财产分割案作出二审判决，判定崔泰源向卢素英分割1.3808万亿韩元（约合人民币73亿元）的财产。与2022年12月一审判决的财产分割金额665亿韩元相比，增加了逾20倍，约占崔泰源全部财产4万亿韩元的35%, 财产分割额创下韩国离婚案最高纪录。 据悉，崔泰源于1998年9月与韩国前总统卢泰愚的长女卢素英结婚，婚后育有3个子女。但在2015年崔泰源突然通过媒体公开了自己的同居女友金熙英，并表明两人育有一女。同时，崔泰源表示与卢素英的婚姻早已破裂，表达了离婚之意。根据韩国民法第810条（禁止重婚）及宪法第36条第1项，韩国属于一夫一妻制国家。因此，韩国法院指出，崔泰源于2015年公开同居女友后，在尚未解除与卢素英婚姻关系的情况下，仍然继续进行公开活动，并斥责表示，金熙英充当配偶角色，长期实施不正当行为。崔泰源不尊重宪法所维护的一夫一妻制，侵犯配偶卢素英的相关权利长达十几年。 此外，崔泰源自2019年2月起，暂停了配偶卢素英的信用卡，并于2022年一审判决后停止支付其生活费。与之相反，崔泰源却在与女友金熙英同居期间，共支出逾219亿韩元，并在韩国有名的富人区汉南洞建造住宅，让金熙英无偿居住。同时，向其提供其他经济援助。 法院表示，崔泰源与卢素英离婚财产分割金额大幅增加的主要原因是，法院以当时前总统卢泰愚与崔泰源的“政商勾结”事实为前提，将崔泰源持有的所有SK株式会社股份判定为财产分割对象。据悉，卢素英主张，在上世纪90年代，其父亲卢泰愚将约343亿韩元的秘密资金转交给了崔泰源的父亲、前SK集团会长崔钟贤，这种金钱扶持和“总统女婿”的政治背景为SK的发展做出了重要贡献。对此，崔泰源反驳称，卢泰愚的秘密资金从未流入SK集团，这在1995年对卢泰愚秘密资金的调查时已经被证实。 针对“政商勾结”的争议，韩国祖国革新党代表曹国于6月2日在社交媒体上批判表示，媒体只关注崔泰源和卢素英离婚诉讼中分割的巨额财产和赔偿，未重视法院判定两人获得的财产是通过非法资金和政商勾结犯罪行为所得。如果没有当时亲家卢泰愚的帮助，SK无法成为今天的电信巨头。大邱市长洪准杓于5月31日在社交网络上表示，SK的前身鲜京纤维能成为今天的电信巨头，关键在于卢泰愚将其选为移动通信运营商，崔泰源应该早就要做好心理准备向卢素英分割此规模的财产金额。 随着这场“天价离婚案”的落幕，韩国媒体纷纷开始关注此次的巨额财产分割将对SK集团的经营权产生怎样的影响。综合韩国KBS、SBS电视台报道，SK集团通过SK株式会社控股各家子公司，目前崔泰源共持有SK株式会社17.73%的股份（以6月12日收盘价计算，市值约为2.4万亿韩元），其与卢素英的财产分割金额相当于SK株式会社12%的股份。如果崔泰源出售该股份筹集资金，他将失去最大股东地位和SK集团的经营权。因此，韩国业界人士预测崔泰源可能会通过股票质押贷款，尽量不出售股份，以此维持其经营权。 卢素英的代理律师金基正在5月31日接受人民网书面采访时表示：“我与当事人尊重司法判决，此事件记录内容庞大，且争议焦点极其复杂，法院在审查过程中仔细地查看了所有记录和证据，做出了公平公正判决，揭露了真相。同时，坚决维护了一夫一妻制，对此我深表感谢。” 6月17日，崔泰源在SK集团总部举办的二审说明会上表示，判决书中称SK集团通过卢泰愚前总统的非法资金等实现发展，这并非事实，将提起上诉纠正这一错误。（程安康）",1499,http://korea.people.com.cn/n1/2024/0618/c407864-40259270.html,婚姻;结婚;离婚;重婚;对象;配偶
People.cn,2024/6/19,审好彩礼纠纷案件 倡导婚姻家庭新风--社会・法治--人民网,最高人民法院发布的《关于审理彩礼纠纷案件适用法律若干问题的规定》已于2024年2月1日起施行。各地法院要从倡导婚姻家庭新风出发，高度重视彩礼纠纷案件的审理工作，依法平衡各方利益，同时加强调解和宣传等工作，促进社会长治久安。 近年来，彩礼纠纷案件数量呈上升趋势。对此，最高人民法院发布《关于审理彩礼纠纷案件适用法律若干问题的规定》，该规定已于2024年2月1日起施行。各地法院要从倡导婚姻家庭新风出发，高度重视彩礼纠纷案件的审理工作，依法平衡各方利益，同时加强调解和宣传等工作，促进社会长治久安。 首先，要正确看待彩礼存在的历史原因和现实原因，不能把彩礼不分青红皂白地归于借婚姻索取财物。我国有五千年的文明史，从古至今都有订立婚约时男方向女方赠送彩礼的习俗。司马迁在《史记・礼书》中说：“缘人情而制礼，依人性而作仪。”彩礼的出现，缘于男方对与女方缔结婚姻的诚心诚意，是男方经济条件的一种宣示，也是对未来婚姻生活有经济保障的一种承诺。彩礼是一种礼仪，是一个彩头。事实上，无论如何，经济条件都是婚姻家庭存续的重要条件。从历史和现实逻辑来看，彩礼都有其存在的合理性，不能为了反对高额彩礼而对彩礼习俗一概否定，错认为这是封建糟粕，甚至错认为所有收彩礼的婚姻都是买卖婚姻。要从维护公序良俗的角度来看待彩礼，准确地适用最高人民法院相关规定的立法精神，妥善处理彩礼纠纷。 其次，要从个案情况出发，既要坚持原则又要灵活处理，以求收到良好的社会效果。彩礼纠纷虽小，但牵涉男女双方及其亲友等人的利益。退与不退，退多与退少，哪些是彩礼，哪些不属于彩礼，认定都要有章法，有理由，让人心服口服。民法典关于禁止借婚姻索取财物的这个根本原则要把握住，所有借婚姻索取的财物即使其名曰彩礼，一方当事人要求返还的，人民法院都应予支持。如何判定是彩礼还是借婚姻索取财物，要看额度，要看当地的经济社会发展状况、通常习惯、民约界定等。除此之外，最高人民法院的相关规定还界定了三种不属于彩礼的情形，主要是有特殊纪念意义且价值不大的礼物、礼金，增进感情的日常消费支出，其他价值不大的财物。最高人民法院的相关规定明确了一般不予支持退还彩礼的情形，就是双方已办理结婚登记且共同生活。对此，也作出了例外规定，如果双方共同生活时间较短且彩礼过高的，可以根据彩礼实际使用情况及嫁妆情况，综合考虑彩礼数额、共同生活及孕育情况、双方过错等事实，结合当地习俗，确定是否返还及返还的具体比例。可见，对于复杂多样的彩礼纠纷个案，最高人民法院的相关规定作出原则性规定，对于如何正确审理此类案件，则需要各地法官吃透当地社情民意，有理有据、合情合理地作出正确裁判。 第三，要发扬新时代“枫桥经验”，高度重视调解工作，加大宣传力度，努力倡导婚姻家庭文明新风。一个社会文明新风的形成，不能单单依靠人民法院单打独斗，要在党委的领导下，与其他社会力量通力协作，共同完成。婚姻家庭文明新风的形成也概莫能外。对此，各地法院要坚持“治未病”，加强对人民调解等基层组织指导，加强诉前调解工作，降低彩礼纠纷的成讼率；把调解工作贯穿于审判执行的各个环节，促使双方矛盾钝化、纠纷化解、返还到位。要立足法院工作实际，加大典型案件、裁判原则等方面的宣传力度，以群众喜闻乐见的形式宣传高彩礼的危害，大力倡导社会主义核心价值观，倡导婚恋新风尚。总之，通过综合施治，让婚姻中爱的权重日益加大，彩礼中礼的分量日益厚重，移风易俗，夯实幸福、美满婚姻的根基，最终使家庭作为社会和谐稳定的细胞并始终保持旺盛的生机和活力。 （作者单位：江苏省南京市溧水区人民法院）,1474,http://society.people.com.cn/n1/2024/0619/c1008-40259716.html,结婚登记;婚姻;结婚;婚恋;彩礼;婚约
People.cn,2024/6/19,河北武安：治理高价彩礼 推动移风易俗,日前，河北省武安市马家庄乡一对新人积极响应号召，举办了“零彩礼”婚礼，在全社会营造了节约、简便、文明的办事新风尚。这是武安市加强精神文明建设、持续推进移风易俗成果的一个缩影。 今年以来，武安市纪委监委聚焦问题导向，以社会广泛关注的“高价彩礼”问题为切入口，组织农业农村、民政等职能部门，合力推动治理农村陈规陋习。 加强统筹领导，形成共治合力。武安市成立了婚俗改革领导小组，印发了《武安市全面推行婚俗改革工作的实施方案》《婚俗改革工作量化考核细则》等文件，明确组织、宣传、社工、农业农村、民政、妇联、文广旅、教体、文联等部门和各乡镇整治责任，聚焦高价彩礼、相互攀比、大操大办、铺张浪费等重点问题开展集中治理。 广泛深入宣传，强化教育引导。武安市纪委监委督促民政、农业农村等部门，组织人员深入乡镇、农村、社区，宣传、发放抵制高价彩礼倡议书；在市婚姻登记处悬挂抵制高价彩礼宣传画；组织结婚登记的新人参加优良家风大讲堂，签订抵制高价彩礼承诺书；联合共青团、妇联、总工会，以相亲交友联谊活动为载体，开展抵制高价彩礼教育；联合文艺爱好者编排创作以遏制高价彩礼、大操大办为题材的小品、相声、快板等文艺节目，到公园、广场等场所演出，宣传移风易俗婚事新办等政策。 狠抓基层农村，健全治理机制。武安市纪委监委组织人员下沉到各乡镇加强督导，督促按照“党委主导、政府推动、村抓落实”的工作思路，成立移风易俗工作领导小组，在农村组建村内德高望重的老党员、乡贤参加的红白理事会，充分发挥村民主体作用，做好移风易俗工作。同时，修订完善《村规民约》，重点纳入“树立婚事简办新风、树立勤俭朴素新风、树立厚养薄葬新风”等内容，村两委干部带头签订《移风易俗承诺书》，抵制“高价彩礼”。（徐海峰）,728,http://he.people.com.cn/n2/2024/0619/c192235-40884089.html,婚姻登记;结婚登记;高价彩礼;婚姻;结婚;彩礼;婚俗;相亲;婚礼
People.cn,2024/6/21,宁夏盐池县扎实推进农村高额彩礼专项治理,宁夏农村高额彩礼专项治理工作开展以来，盐池县深入贯彻《关于持续开展农村高额彩礼专项治理建设文明乡风的实施意见》等文件部署要求，坚持以全国婚俗改革试点县为抓手，持续开展专项治理，明确了8个清单49项重点任务。 盐池县严格落实党员干部婚丧喜庆事宜审批报备制度，签订《文明婚俗党员干部承诺书》。各村以“积分制”为牵引，将婚恋家庭矛盾纠纷排查化解纳入积分兑换，发动老党员、乡贤能人、妇联执委等社会力量积极参与问题排查，摸排涉婚恋家庭矛盾纠纷113件，实现了问题发现“日清日结”。由各村统筹人民调解委员会、“三官一师一员”、乡贤能人、妇联执委等力量，对婚恋家庭纠纷进行化解，化解不了的，由乡镇通过基层法治周联席会议制度化解。建立基层普法、学法、用法推进机制，开展法治进乡村活动，培养“法律明白人”1096人，组织“三官一师一员”开展巡回审判、以案释法、集中宣传等法治宣教活动，形成办事依法、遇事找法、解决问题用法、化解矛盾靠法的良好氛围。 以全国婚俗改革试点县为契机，盐池县制定出台《盐池县开展婚俗改革试点工作实施方案》，成立盐池县婚俗改革工作领导小组，明确部门职责、发挥部门优势，完成婚姻家庭辅导、新时代文明婚俗礼仪等五项重点任务。同时将移风易俗纳入文明村镇、乡村振兴示范村建设等考核，建立健全长效机制。以创新开展婚姻领域优质服务为抓手，建设“一馆两厅七室”的婚姻登记大厅、四墩子民俗村田园婚礼舞台、婚姻家庭文化基地，打造了高沙窝镇移风易俗教育基地、花马池镇婚俗改革示范点、王乐井乡移风易俗示范点。制定红白事操办指导性原则、标准和措施，划定彩礼不高于8万元“红线”，进一步强化了可操作性、可执行性。充分发挥“积分超市”作用，以移风易俗等为“积分制”突破口，建立“做好事、有回报 存积分、兑奖品”的良性激励制度，不断激发群众向上向善内生动力。 据悉，盐池县还梳理制定了19项惠农增收措施，对零彩礼”“低彩礼”家庭在产业发展、务工就业等方面给予大力支持。组织农技人员深入田间地头开展技术服务，指导日光温室种植户做好病虫害防治，促进蔬菜稳产、高产和菜农增收。组织10名宁夏籍务工人员赴闽务工，通过“外送”“内输”，组织“点对点、一站式”输送，实现从“家门”“车门”到“厂门”的无缝衔接，使转移就业成为农民增收致富的“钱袋子”。支持有意愿的农户发展农业生产，优化小额贴息贷款和“富民贷”政策，2024年累计发放富民贷15户135万元，小额贴息贷款1205户8403.76万元，为农户产业发展提供了强力的金融支撑和保障。,1051,http://nx.people.com.cn/n2/2024/0621/c404869-40886810.html,婚姻登记;婚姻;婚恋;彩礼;婚俗;婚礼
People.cn,2024/6/22,婚前以个人名义申请的福利房离婚后归谁？--社会・法治--人民网,配偶一方在婚前获得限价商品房购买资格并进行备案，婚后签订购房合同并交纳了房款。那么，当他离婚时，另一方能否要求分割房产呢？近日，北京市房山区人民法院审理了这样一起案件，综合案情后，法院未支持当事人的分割主张。 2008年，景先生以个人名义申请了限价商品房，并进行了申请备案。2010年12月，景先生与刘女士登记结婚。不久后，限价商品住房配售摇号结果出炉，符合条件的景先生随即签订了房屋买卖合同，并全额交纳了47万元房款，产权登记在景先生名下。 2015年，景先生与刘女士经法院判决离婚。此后，刘女士将景先生诉至法院，要求分割该房产一半份额，折合为200万元。她认为，尽管房产由景先生出资购买，但出资行为发生在双方婚姻存续期间，因此该房屋应该为夫妻共同财产。 在诉讼过程中，经评估，案涉房屋市场价值为385万元。 法院审理后认为，案涉房屋为限价商品房，该类房屋属于福利性质的保障性住房，房产的取得主要取决于申请人所具备的资格；房屋购买价格并非房屋价值的直接体现，因此案涉房屋应为景先生个人财产。 据此，房山法院综合考虑产权归属、出资时间、双方婚姻关系存续时间、收入情况等因素，酌定景先生向刘女士支付房屋补偿款60万元。 对于该判决，法官庭后表示，夫妻共同财产，是指夫妻双方或一方在婚姻存续期间所得，除法律另有规定或夫妻双方另有约定之外，归属夫妻共同所有的财产。离婚案件中对财产的分割，仅指夫妻共同财产，夫妻的个人财产及其他财产均不在分割之列。 本案中，诉争房屋为福利性质的保障性住房，该房屋取得与景先生个人资产、学历、职业等因素密不可分，具有高度人身依附性，即人身专属性，因此法院认定案涉房屋为景先生的个人财产。 虽然案涉房屋在刘女士与景先生婚姻关系存续期间购买，但大部分房款由景先生以婚前个人财产支付，仅部分房款由夫妻共同财产支付。基于此，法院综合案情后，判决景先生需要向刘女士支付相应的房屋补偿款。 法官指出，在离婚案件中，对具有福利性质的保障性住房分割问题，法院通常结合购房资格取得时间与房屋购买时间等因素综合考量，具体情形可分为三类：一方婚前取得购房资格，并在婚前购置房屋的，为一方婚前个人财产；一方在婚前取得购房资格，但在婚后购买房屋的，为一方的个人财产，但若另一方确有出资，并主张返还出资及资金占有期间的利息，可予以支持；双方婚后取得购房资格，并共同出资购置，即使房屋登记在一方名下，也属于夫妻共同财产。（本报记者 徐伟伦 本报通讯员 何栋华）,1027,http://society.people.com.cn/n1/2024/0622/c1008-40261865.html,婚姻;结婚;离婚;夫妻;配偶
People.cn,2024/6/23,宁夏试点婚姻登记窗口高效办事,6月21日，记者从宁夏民政厅获悉，为贯彻落实国务院及自治区政府关于推进“高效办成一件事”工作部署，自治区民政厅依托全区一体化政务服务和公安、卫健等部门相关业务信息系统，优化业务流程，将婚姻登记、生育登记、婚姻状况变更、户口迁移4个事项，集成为“一件事”一次办理，有效减少申请材料、办事环节、办理流程和跑腿次数。截至目前，已完成数据联调联试，启动实施银川市三区试点工作。 宁夏按照最大限度缩短完成时限、最高质量完成每个步骤、最大程度减少提交资料的原则，依托婚姻登记系统，与公安、卫健等系统对接，延伸可办理户口迁移、婚姻状况变更、生育登记，极大缩减了办事群众的跑路及提交材料次数。（记者 姜璐）,295,http://nx.people.com.cn/n2/2024/0623/c192482-40888177.html,婚姻登记;婚姻
People.cn,2024/6/24,安图县明安社区：推动移风易俗 共筑幸福婚姻,为倡导简约适度的婚俗理念，树立文明、健康的婚嫁观念。近日，安图县瓮声街道明安社区联合县司法局在新时代文明实践中心开展“推动移风易俗 共筑幸福婚姻”普法宣讲活动。 活动中，县司法局志愿宣讲员从中华传统婚姻风俗发展历程、彩礼的由来、婚姻法及《民法典》中有关文明婚俗的规定，围绕彩礼的认定、彩礼与恋爱期间赠与的区别、彩礼返还的依据等群众关心关注的问题进行了深入浅出的讲解。结合身边的典型案例，阐释了高额彩礼对家庭和社会带来的负面影响，呼吁大家不跟风、不攀比，倡导婚嫁文明新风，让婚姻始于“爱”，让彩礼归于“礼”。 明安社区将继续整合各方力量，提高广大群众对移风易俗的知晓率、认同感，为婚嫁“减负”，为家庭“减压”，营造践行移风易俗，传播美德健康树新风的浓厚氛围。,328,http://jl.people.com.cn/n2/2024/0624/c349771-40889334.html,婚姻;彩礼;婚俗;婚嫁;恋爱
People.cn,2024/6/24,速解“闪婚闪离”纠纷 让彩礼归于“礼”,【案情】近日，新平彝族傣族自治县人民法院漠沙法庭受理了一起“闪婚闪离”产生的涉彩礼离婚纠纷案件。原告陈某系安徽人，被告丁某系新平县人。2023年12月16日，原告陈某与被告丁某通过婚介公司介绍认识后，确定了恋爱关系。随后原告向婚介公司缴纳了服务费13.2万元。 2023年12月18日，原、被告双方签订《婚前协议书》，同时被告收到原告经婚介公司另行转交的8.8万元彩礼，双方于当天办理了结婚登记手续。领证后，被告到原告家时，原告又支付亲属见面礼2700元及向被告表达爱意的转款1000元、520元。 因双方婚前缺乏了解、生活差异等原因，被告与原告生活了半月有余后便离开安徽回到云南。原告以双方未建立起夫妻感情为由提出离婚并诉讼至法院，主张被告返还彩礼92220元及赔偿因被告导致的离婚损失20000元（红娘感谢费、缔结婚姻的差旅费等）。 经法庭调解，原告陈某与被告丁某均同意离婚，但就彩礼返还的数额有较大争议。法官通过释法说理，向双方讲明给付彩礼的意义，并释明一方在节日、生日等时间节点给付的表达爱意、增进感情的款项不属于彩礼范围，另一方无须返还。 经过沟通，双方达成民事调解协议，由被告返还彩礼7万元，且被告在调解当日一次性返还原告彩礼55000元，剩余的彩礼分期返还。 【释法】根据《最高人民法院关于审理涉彩礼纠纷案件适用法律若干问题的规定》，禁止借婚姻索取财物。一方以彩礼为名借婚姻索取财物，另一方要求返还的，人民法院应予支持。人民法院在审理涉彩礼纠纷案件中，可以根据一方给付财物的目的，综合考虑双方当地习俗、给付的时间和方式、财物价值、给付人及接收人等事实，认定彩礼范围。 该规定明确，下列情形给付的财物，不属于彩礼： （一）一方在节日、生日等有特殊纪念意义时点给付的价值不大的礼物、礼金； （二）一方为表达或者增进感情的日常消费性支出； 规定明确，双方已办理结婚登记且共同生活，离婚时一方请求返还按照习俗给付的彩礼的，人民法院一般不予支持。但如果共同生活时间较短且彩礼数额过高的，人民法院可以根据彩礼实际使用及嫁妆情况，综合考虑彩礼数额、共同生活及孕育情况、双方过错等事实，结合当地习俗，确定是否返还以及返还的具体比例。 人民法院认定彩礼数额是否过高，应当综合考虑彩礼给付方所在地居民人均可支配收入、给付方家庭经济情况以及当地习俗等因素。（管继方）,979,http://yn.people.com.cn/n2/2024/0624/c361322-40888786.html,结婚登记;婚姻;结婚;离婚;彩礼;婚介;闪婚;恋爱;夫妻
CCTV,2024/6/28,包头市青山区婚姻家庭普法宣传创意浪漫,央视网消息（记者 郭爽）： 内蒙古包头市青山区婚姻文化创意产业园是该市极具特色的婚姻家庭普法宣传基地。6月27日，2024年“全国网络普法行·内蒙古站”活动一行来到产业园内感受浪漫普法。 该产业园集婚姻登记服务、婚姻家庭普法宣传、婚姻文化交流、家风家教宣传、婚庆产业发展、婚恋文创开发等为一体。 园内结合亭台、楼阁、栈道、石壁、水系的造型，以古今唯美爱情诗词命名，建设了千喜园、长情湖、灵犀桥、合欢亭、问情壁、爱情岛等美丽景观。设有结婚登记区、离婚登记区、结婚颁证区、婚俗改革宣传区、婚前教育检验区、婚姻家庭辅导区。 对于即将步入婚姻殿堂的年轻人，基地重点宣传结婚登记、夫妻共同财产等方面的法律法规；针对已婚人士，重点宣传离婚、子女抚养、财产分割等方面的法律问题。 据工作人员介绍，该基地还坚持常态化组织在线讲座、直播互动等形式的宣传活动，邀请法律专家、律师等专业人士开展法律咨询服务、婚姻家庭知识讲座，形成线上线下相结合普法宣传阵地。通过宣传婚姻家庭法律法规，引导群众树立正确的婚姻家庭观念，弘扬家庭美德，促进家庭和睦与社会和谐。,466,https://news.cctv.com/2024/06/28/ARTIoSYNucMipAKIAsKTmPOE240628.shtml,婚姻登记;结婚登记;婚姻;结婚;离婚;婚恋;婚俗;夫妻
People.cn,2024/7/1,“零彩礼”为爱情减负 新婚俗为幸福加分,新人崔帅帅、罗天和亲朋好友在婚车上合影。 新人姚振国、胡明玥选择公交车作为婚车。 （ ，车内挂着红花、中国结，车门上贴着“我们结婚啦”字样。路上行人看到公交婚车不约而同地拿起手机拍照。 婚礼的主角姚振国和胡明玥，对婚礼有着独特的想法：“我们是偶然在网上看到有人将公交车作为婚车使用，觉得这个方式很不错，不仅能让自己的婚礼更特别，而且也更经济环保，大家都能坐在一起，氛围更好。”作为相恋十几年的恋人，姚振国和胡明玥默契十足，他们认为，与其把钱花在一些形式上，还不如花在更多有意义的事情上，用自己力所能及的方式，办一场开心、幸福的婚礼。 在家人好友的陪伴下，姚振国和胡明玥身着华美婚服，在一路欢声笑语中，收获了满满的接亲仪式感。“我们没有彩礼，双方的父母都是希望我们过得开心就好。两家各自拿出一部分资金支持我们举办婚礼、买车买房，在婚礼的操办上也支持我们不要铺张浪费，这样的方式不仅能收获一场有创意的婚礼，让更多人看到我们的幸福时刻，也能为我们的父母减轻负担。”姚振国说。 当日，另一辆使用公交车婚车的新人崔帅帅、罗天也是同样的想法。当摒弃婚嫁陋俗已成为更多人的共识与行动，无论什么形式都只是幸福的载体。传统的“租豪车比排场”变成“节俭有趣有氛围”，婚庆也得以纯粹。 记者了解到，“五一”假期及“5·20”期间，宁夏各地累计举办近百场集体婚礼。这些婚礼以“抵制高额彩礼 倡导文明婚俗”为主题，以极简风格为实践，在全社会形成了婚事简办新风尚。在灵武市梧桐树乡举办的“‘囍’结良缘倡文明 移风易俗育新风”集体婚礼，见证了7对新人喜结良缘的美好时刻。当礼乐奏起，7对新人牵着红绸经过“爱情之门”登上舞台，合颂婚誓，文明新风也完成了一次传递。 新人王众、周子营说：“现在提倡移风易俗、低价彩礼，我们年轻人觉得很好，都挺支持的。”现场，“不能让高价彩礼成为婚姻的羁绊”也成为新人们的共识。 在海原县“弘扬新风尚 情定5·20”青年集体婚礼中，11对新人将自行车变“婚车”，在亲朋好友和观众们的见证下，重温父母一辈的婚礼，通过共同碰杯定情、新娘手扔手捧花、游戏互动等度过一场难忘的婚礼。现场，新人陈娟表示：“在这个喜庆的日子参加集体婚礼，我特别开心。作为新时代的青年，我真诚希望大家积极响应国家‘弘扬文明风尚 抵制高额彩礼’的号召，当好表率，为婚嫁减负。” 择善而从，新风渐起。当越来越多的地方积极推动婚俗改革，不仅让更多人在婚嫁中的支出负担减轻，也让家庭的“小气候”浸润社会的“大气候”，通过更多细节上的改变，促进“婚事简办不减爱”，让更多人为爱减负，为幸福加分。 “父母最大的心愿就是儿女幸福，彩礼就是一个象征，不想因此增加女儿女婿的负担……”2023年1月14日，吴忠市红寺堡区红寺堡镇弘德村村民马生龙“零彩礼”嫁女的事迹被村民们口耳相传，马生龙一度成为村里的“网红”。 马生龙是一名农民，夫妇俩共育有一女两儿。2022年初，大女儿经人介绍认识了现在的丈夫，一年后两家人开始商量结婚事宜。订婚时男方家长带着10万元彩礼来到马生龙家，然而马生龙却做了一个决定：以陪嫁形式将彩礼全部退回给男方，并且婚事一切从简。 “爸爸这么做都是为我考虑。”马生龙的女儿告诉记者，她对于父亲的决定感到非常高兴并且十分支持。尤其是在看到身边有一些年轻人，因为彩礼、婚纱照、婚宴、首饰、蜜月游等结婚开支，导致婚后经济状况捉襟见肘时，她更对父亲心生敬意：“‘零彩礼’不仅让我的婚姻更加平等和自由，也让丈夫的家庭没有因彩礼而陷入借债困境。” “听说了没，村书记马学明家嫁女儿一分钱的彩礼都没收呢！”近年来，石嘴山市平罗县黄渠桥镇红光村在村党支部的带领下，“低彩礼”“零彩礼”在悄然成风。 2023年农历新年，红光村村书记马学明家里挤满了人，马学明和亲家见面了。两个孩子经过三年的爱情长跑，到了谈婚论嫁的时候，双方就彩礼问题进行协商。 当马学明了解到女婿张小新自幼母亲去世，亲家张芳民既要抚养两个孩子，又要赡养一双老人，家庭非常困难的情况后，当即表示：“彩礼一分不要！” “娃娃过得幸福比什么都重要。俗话说，不攀亲是两家，攀了亲是一家，我们共同的目标是帮助两个娃娃撑起他们的小家，做他们最坚实的后盾。”马学明表示。张芳民听到亲家不要彩礼感到很意外，再三说道：“我真是攀了个好亲家，一定会好好对待儿媳，不让娃受委屈。” 有些村民不理解，问马学明：“你不要彩礼，婆家不小看了你闺女？” 马学明笑笑，“没了彩礼负担，现在两口子日子过得正红火，亲家之间关系融洽，经常也能聚一聚。” “彩礼不是婚姻的‘敲门砖’，把日子过好就是最好的彩礼。”在银川市金凤区贺兰山中路街道唐徕社区，外地媳妇鲁艳“零彩礼”出嫁在街坊邻居之间传为一段佳话。 江苏连云港的鲁艳，大学期间经人介绍，认识了丈夫马超。 “父母担心我远嫁宁夏‘水土不服’。”鲁艳笑着说，当时马超家境普通，和自己的家又相距千里。她自己也迷茫过一段时间，但五年的爱情长跑，她能感受到马超对她的爱意，马超的家人也对她很爱护，2015年，她和马超顺利结婚。 当时同龄人结婚都要彩礼，而鲁艳想法是：“自己和马超家境普通，不想因为结婚让马超家背上沉重的负担。”鲁艳的父母在对待彩礼问题上，同样表现得很开明。“他们认为只要我们能把日子过好，比收多少彩礼都强。”鲁艳说。 如今过去9年，鲁艳夫妻勤劳努力，小日子过得越来越红火。鲁艳常说：“从结婚到现在，我一直过得很幸福。” 5月19日，由宁夏妇联开展的第六届“缘来是你”联谊会在贺兰县常信乡光明渔村举办，吸引了不少年轻人参与。 近年来，宁夏妇联已连续举办公益集体婚礼和青年联谊交友活动百余场，覆盖服务单身青年近万人。此外，宁夏妇联积极延伸工作外延，尝试搭建青年婚恋观家庭观教育平台、婚恋交友平台、婚姻服务平台等，为广大单身青年提供免费婚恋服务；组织宣讲团深入基层，通过“庭院讲堂”“田间学堂”等，引导广大家庭自觉抵制高额彩礼，讲好移风易俗优良家风故事，形成家庭文明新风尚。 连日来，宁夏各地创新婚姻礼遇模式，结合地方风土人情、百姓需求，实打实地为倡树“零彩礼”“低彩礼”等婚嫁新风的家庭提供实惠，给予现金奖励、优先提供就业岗位、创业贴息贷款等正向激励，推动群众婚恋嫁娶观念明显转变。 理念在变、行动在变。当前，伴随着更多“零彩礼”“低彩礼”新人步入婚姻殿堂，让婚姻新风尚吹向了更远方。（记者 杨淑琼 见习记者 杨嘉琪 贺紫瑞）,2630,http://nx.people.com.cn/n2/2024/0701/c192482-40896941.html,高价彩礼;婚姻;结婚;婚恋;彩礼;婚俗;婚嫁;单身;夫妻;恋人;婚礼
People.cn,2024/7/2,为内蒙古婚姻登记“跨省通办”点赞！,一个来自陕西榆林，一个来自河北邯郸。近日，赵先生和余女士在鄂尔多斯市康巴什区婚姻登记处，通过婚姻登记“跨省通办”喜结连理。 让他们感到欣喜的是，他们无须回到老家，仅凭身份证以及在鄂尔多斯市的居住证等相关证明材料就可直接在当地登记结婚。 “我们在鄂尔多斯市民政局，通过婚姻登记‘跨省通办’，不到几分钟就领到了结婚证，太方便了！”领到结婚证的赵先生、余女士高兴地对工作人员说。 自2023年6月1日起，内蒙古自治区所有婚姻登记机关开始受理内地居民婚姻登记“跨省通办”事项，截至目前，全区共办理婚姻登记“跨省通办”3.25万对。 一直以来，结婚登记“两地跑”“多次跑”是群众在办理结婚登记时遇到的最大难点、堵点。如何满足群众就近就便办理婚姻登记服务需求，为广大人民群众提供更加优质、便捷的婚姻登记服务？ 内蒙古全面提升婚姻登记管理水平和服务能力，2023年，自治区民政厅印发《内蒙古自治区内地居民婚姻登记“跨省通办”试点工作实施方案》，双方均非本地户籍的婚姻登记当事人，可以凭一方居住证和双方户口簿、身份证，在居住证发放地婚姻登记机关申请办理婚姻登记，或者自行选择在一方常住户口所在地办理婚姻登记。 为提升业务办理效能，内蒙古自治区各地民政局积极打造智能化婚姻登记和“互联网+婚姻服务”模式，全面升级婚姻登记信息系统。截至目前，全区已有110个婚姻登记机关全部按照窗口数量配齐电子签批屏等智能设备，实现了智能化配置。 内蒙古自治区民政厅社会事务处处长王天俊介绍，新人们通过内蒙古自治区民政厅官网、“蒙速办”APP等方式进行婚姻登记预约，实现网上材料预约预审功能。同时，利用福彩公益金支持试点地区婚姻登记机关能力提升工作，极大提高了婚姻登记机关办事能力和服务水平。（记者 赵曦）,735,http://nm.people.com.cn/n2/2024/0702/c196667-40898357.html,婚姻登记;结婚登记;婚姻;结婚
People.cn,2024/7/5,孟州：社区“红娘”牵线促良缘 引领婚俗新风尚,“俺儿子在外地上班呢，但是想说个咱本地闺女，有合适的没有？” “俺闺女在焦作有稳定工作，尽量给俺说个也在焦作上班的男孩啊！” 近日，孟州市会昌街道梅花园社区党群服务中心内，到这里请社区“红娘”给适婚子女牵线搭桥的居民络绎不绝。 梅花园社区的“红娘”工作起初是辖区志愿者的业余爱好，后在今年3月份正式成立队伍，“红娘”志愿者也发展为社区的“专职红娘”。 “家是本地的就行？对闺女在哪上班有要求没有？”“红娘”宋大姐整理好报名登记表后，认真地对报名登记信息进行补充，“信息填得越详细，双方了解才能更深入，而且我们会保护好大家的个人隐私。”宋大姐觉得这些登记信息是双方能够进一步了解的基础。 “红娘”队伍成立后，现在已经有近200名单身青年登记在册，上面详细记录着单身青年的家庭、工作、择偶要求等基本信息。“这个小伙和那个姑娘都符合双方条件，我询问一下本人意见，合适的话让两个人建立联系，先认识了解一下。”除了家长或者当事人在信息表上看到中意的人选，“红娘”在登记册中看到双方条件匹配合适，也会立即联系当事人，搭起双方沟通的桥梁。 社区“红娘”不仅是给双方搭建桥梁的“牵线月老”，为后续当事人双方的交流、家长反馈等提供助力，还是引导青年男女树立正确的婚恋观的“婚恋师”，积极倡导文明健康的婚恋新风。 为了给辖区单身人士提供个性化的婚介服务，增加单身人士找到合适伴侣的机会，提高婚姻匹配成功率，社区经常举办线下相亲活动。 “姐，恁家闺女也是96年的？哎呀！和俺家儿子年龄正合适啊，我们到旁边？” “我们先加个联系方式，之后再慢慢了解一下吧！” 活动现场，参加活动的家长、第一次约见的单身男女、排队登记单身信息的辖区居民……活动引发了热烈反响，不仅收到了50多份“相亲简历”，还有几名家长现场互加了联系方式。 活动结束后，还有不少居民陆续过来咨询并登记信息，梅花园社区已然成为了会昌街道的特色“相亲角”。除了线下活动，社区的信息登记与牵线搭桥也在线上进行，她们成立微信群，发放电子登记表，现在单身信息登记一直处于“爆单”状态。 “现在我们各村妇联主任见面，都会以梅花园社区为信息资源库，根据单身青年基本信息和择偶意向，为条件合适的青年男女配对，增加牵手成功率。”许村妇联主任张晓丹说到。 目前，会昌街道各村居由妇联主任牵头，发动两委干部、民间热心人士、妇女代表等均组建1-2人的“红娘”队伍，为大龄青年提供婚介服务，还采取登记倾听、调解疏导、教育引导等举措，有效解决了婚姻中的“疑难杂症”，尤其是对“高价”彩礼实现了有效调节。会昌街道现已收集线下单身人士信息350余例，交友连线近300人次，让不少单身男女牵手成功，“红娘”队伍也得到了越来越多居民的认可。 会昌街道相关负责人表示，下步将完善梅花园“红娘”阵地建设，建立辖区单身适龄青年相亲基地，推动各个“红娘”志愿服务队信息互联互通，提供更可靠、更专业的婚恋服务，推广婚恋新风尚，引领移风易俗。（孟州市委宣传部供稿 作者成梦真）,1235,http://henan.people.com.cn/n2/2024/0705/c378397-40902432.html,婚姻;婚恋;彩礼;婚俗;适婚;婚介;相亲;单身;择偶;伴侣
People.cn,2024/7/5,安图县：抵制高额彩礼 倡导文明婚俗,为倡导简约适度的婚俗理念，安图县万宝镇组织开展“抵制高额彩礼 倡导文明婚俗”宣传引导工作，引导广大群众共同抵制陈规陋习，坚决遏制高额彩礼之风，培育文明乡风、良好家风、淳朴民风。 突出“育”字，筑牢思想育典型。依托万宝镇同心党员学堂、新时代文明实践所（站）、农家书屋、老年大学等基层宣传文化阵地，通过党课教育、集中宣讲、编织顺口溜传唱等方式，采取群众喜闻乐见的方式，引导群众抵制陈规陋习，大力宣传不比彩礼比人品、不讲排场讲文明的新风正气，树立正确的思想观念。 突出“创”字，打造亮点创新风。坚持“线上+线下”相结合的宣传方式，线上利用微信公众号、微信群转发移风易俗倡议书；线下成立移风易俗宣讲队伍，开展移风易俗宣讲活动。建立“美家超市”，围绕红白喜事、公益活动等，进行评比积分，村民手持积分存折兑换物品。开展“最美家庭”“干净人家”等多项评选活动，通过群众推、村里找、大家评，让身边的先进典型不断涌现，在全村形成人人学先进、个个争先进的良好社会风尚。 突出“实”字，同频发力增实效。各村成立以村书记为会长，宣传委员、妇联主席为副会长，村里德高望重、热心服务、公平公正、崇尚节俭及有一定礼仪特长的村民为成员的“红白理事会”，提倡文明生活、反对陈规陋习；进一步完善《村规民约》，将“树立婚事简办新风、树立养老敬老新风、树立求知重教新风”等内容纳入《村规民约》，由村“两委”班子成员牵头，签订《移风易俗承诺书》，发挥表率作用，大力宣扬文明新风家庭。,620,http://jl.people.com.cn/n2/2024/0705/c349771-40902857.html,彩礼;婚俗
CCTV,2024/7/7,婚姻 殡葬两个新专业9月首迎本科生,近日，教育部发布《关于同意设置民政职业大学的函》，同意以北京社会管理职业学院为基础设立民政职业大学。这是我国民政领域第一所本科层次高等院校，属于职业本科大学定位。目前，民政职业大学首批5个本科专业，即现代殡葬管理、婚姻服务与管理、智慧健康养老管理、社会工作和康复辅助器具技术，已面向26个省（自治区、直辖市）招生500人，其中，婚姻服务与管理专业是全国第一个婚姻类本科专业，现代殡葬管理专业也是全国第一个殡葬本科专业。 作为两个首次开设的本科专业，本科学什么？就业前景如何？职业本科的特点又是什么？带着这些问题，北京青年报记者来到民政职业大学，一探究竟。 北青报记者了解到，作为全国第一个婚姻类本科专业，婚姻服务与管理专业今年将首次招收70名本科生。学生们在学习四年后将获得管理学学士学位。该专业聚焦婚姻行业发展前沿，传播优秀婚姻家庭文化，推进婚俗改革，培养具有深厚文化底蕴和多元文化视野，具备专业学科知识、研究能力、掌握婚姻登记管理、婚姻家庭辅导、高端婚礼项目策划、婚介婚恋产品设计研发等技能，能够从事婚姻家庭全周期服务工作的高层次创新型人才。 “目前婚姻类的专科专业中多聚焦婚庆这一很小的板块。”民政职业大学婚礼文化与传媒艺术学院院长于晓辉介绍，在本校已有的婚姻类专科专业名称是婚庆服务管理专业，主要是围绕婚庆行业领域，培养目标是能够从事婚庆策划营销，以及具备基础性工作中的婚礼拍摄、化妆、花艺，以及婚礼主持等技术技能的一线工作专业人才。本科专业名称升级为“婚姻服务与管理专业”，专业范围扩大到了婚姻家庭全周期。“就是从组建家庭之前开始，从婚恋婚介、婚前辅导、婚姻登记、婚礼服务，再向下延伸到离婚前的辅导。”于晓辉说，该专业将培养婚姻登记机构，婚姻家庭咨询辅导机构，婚介婚恋行业，婚庆行业等四大领域所需的专业人才。 在课程设置上，北青报记者注意到，课程不仅有婚庆服务项目策划、婚礼空间设计、网络婚介产品设计、婚姻服务与新媒体传播等操作性较强的课程，也有管理学、社会学、心理学、婚姻家庭文化与家庭伦理等更深层次的理论性基础课程。 于晓辉介绍，整个四年的学习期间理论与实践并重。理论学习将占到45%左右的比重，实践技能则占到55%左右。除在日常课程教学中强调实践技能培养外，学院还将围绕四大领域对学生进行校内综合实训，以及不少于6个月的校外岗位实习。6个月的校外岗位实习也将分两个阶段进行，第一阶段要求学生到四大领域的一线岗位进行轮换实习，婚庆公司、婚恋婚介公司、婚姻登记机构以及婚姻家庭辅导机构均要进行实践体验。第二阶段实习则根据学生对未来职业发展定位，专业特长，职业喜好等有针对性地选择一个领域进行岗位实习。 此外，学生毕业也需要毕业论文与毕业设计“双合格”。“学生的毕业论文完成之后，还要同步完成毕业设计，比如选择婚庆方向的学生，毕业时，不仅需要毕业论文，还需要策划设计一场有特色、有创意并进行实际展示的婚礼秀。”于晓辉说。 故人沐浴实训室、追思礼厅实训室、遗体防腐整容实训室、智慧殡葬仿真实训室、生死体验中心、陵园规划设计专业机房……走进民政职业大学生命文化学院的现代殡葬协同创新实训中心，一个个主题鲜明的实训室便出现在眼前。今年秋季学期，这里将迎来全国首批120名现代殡葬管理专业的本科生。作为全国第一个本科层次殡葬专业，北青报记者了解到，学生经过4年学习毕业后将可获得管理学学士学位。 在课程设置上，学生将学习到生命文化教育、殡葬文化学、殡葬管理学、中国殡葬史、殡葬信息与智能技术、殡葬服务机构管理、殡葬服务项目策划与主持、殡葬视频剪辑与制作、安宁疗护与哀伤抚慰、殡葬用品设计与创新、遗体防腐整容技术、遗体火化技术、殡葬设备故障检测与维修、公墓规划设计等课程。 “我们既重视学生的技术技能的培养，就是专科学生会的内容，本科学生也必须会，又注重学生文化素质、管理能力、创新能力以及解决复杂问题能力的培养，要使学生具有更加深厚的理论基础，更加完整的知识体系，更加复合的专业能力，更加坚实的技术技能，能够适应行业转型升级对于高层次技术技能人才的需求，这是我们的一个基本考量。”对于全国首个殡葬本科将如何培养学生的问题，该校生命文化学院院长何振锋教授表示，一直以来，学校培养学生都坚持“三不变”原则，即办学方向上坚持职业教育的类型不变、在办学培养定位上坚持技术技能人才不变、在培养模式上坚持产教融合与校企合作不变。 北青报记者了解到，该学院目前与民政部一零一研究所、中国殡葬协会、各地殡葬服务机构等共建了生命文化教育基地100余家。同时，学院注重岗位实习，学生将分别在第二学年和第三学年的清明节期间进行校外实习，在第四学年进行6个月的岗位实习，强化学生的技能。殡葬专业的未来就业和深造方向又如何呢？据了解，现代殡葬管理专业毕业生可到各级民政部门、殡葬协会、各大型殡仪馆、墓园、殡仪服务公司、殡葬文化研究机构、开设殡葬专业院校等单位，从事殡葬管理、殡葬研究和教学、生命文化传播以及中高端殡葬服务和技术设备研发等工作，也可升学深造。“我们的专科专业就业率每年都在95%以上，对于本科专业的学生就业，我们也很有信心。”何振锋说。 针对备受关注的婚姻、殡葬专业是否有必要“升本”的热议，民政职业大学婚礼文化与传媒艺术学院院长于晓辉和生命文化学院院长何振锋就此进行了详解。 就婚姻类专业而言，于晓辉表示，学校设立婚姻类本科是积极回应社会需要。一方面国家更加重视幸福家庭建设，针对婚姻家庭领域出台了系列文件，其中民政部、全国妇联联合印发了《关于加强新时代婚姻家庭辅导教育工作的指导意见》。而我们对于整个婚姻辅导的专业教育是缺失的，这就需要我们通过本科教育，培养出高层次专业人才来弥补这一缺失。另一方面婚姻服务市场呈现出规模持续扩大、人才需求缺口增大、高层次人才需求旺盛的趋势。而目前婚庆、婚介婚恋市场人才从业人员学历层次相对较低，专业度相对不高。而在中高端市场上，越来越需要能提供中高端婚礼策划服务、婚介产品设计研发、对婚庆婚介企业运营以及婚姻服务产品开发的创新人才，促进婚姻服务市场的提高。 “现在殡葬行业发展很快，举办本科层次的殡葬职业教育是为殡葬行业转型升级提供高层次人才需求保障的重要举措。”何振锋院长谈道，截至目前，全国共有12所院校开设殡葬专业，其中3所中专院校、9所大专院校，每年毕业学生仅有1200人，人数特别少。同时，有数据统计，殡葬从业人员大专及以下学历的占到七成以上，整体来讲从业人员的素质、学历层次都较低。根据这些数据不难看出，殡葬专业的人才供给侧和需求侧矛盾比较凸显。本科层次的殡葬职业教育，是满足百姓逝有所安基本民生福祉需求的重大举措。同时，现在殡葬行业发展迅速，举办本科层次的殡葬职业教育是殡葬行业转型升级对高层次人才需求保障的重要举措。现在殡葬行业的新技术、新工艺、新产品发展非常迅速，殡葬行业的技术含量也有了很大的提升。 “互联网+”、信息化、智慧化正与人文殡葬、生态殡葬、公益殡葬等领域核心技术相融合，也急需培养一批复合型高层次技术技能人才。“殡葬行业的快速发展对于从业者的文化素养、管理能力、创新能力、解决复杂问题的能力都提出了迫切需求。”何振锋说。 此外，开展殡葬专业的本科教育也是促进生命文化传承，推动殡葬改革的有力保障，对国内生命认知教育具有很大的推动作用，使人们正确面对死亡，从而更加尊重生命、敬畏生命、珍惜生命。 民政职业大学的设立，让职业本科高校成为热点。北青报记者注意到与传统的专科和普通本科课程设置相比，职业本科的教学在理论与实践教学融合过程中实现新的“进阶”。 与专科相比，职业本科更注重培养学生“综合管理”能力。以智慧健康养老管理专业为例，该专业注重培养养老行业中最缺乏的康养管理师，即综合型养老管理人才。 民政职业大学老年福祉学院院长屠其雷教授介绍，该学院将从学生大学一年级开始就进行学校理论实训和康养企业实践学习的工学交替。大一年级，学生们要去康养企业认知实践，了解康养企业和养老服务；大二年级学生在康养企业跟活力老人进行互动，策划活动，让学生与老人接触，熟悉行业规范，接纳老人和养老行业；大三年级学生在企业开展比较复杂的失能失智老年照护和老年评估实践，并开始参与企业的运营管理；大四年级将前三年的实践内容进行整合，制定综合服务计划并按计划开展综合服务。“每个年级都将学校理论实训学习与企业实践进行深度融合，学生既掌握扎实的通用知识和专业知识，又能具备很强的职业综合能力。”屠其雷说。 发现、分析和解决复杂的工程问题，是国内多所职业本科院校强调的人才培养方向，因此在课程设置上，专业理论课设置更加多元。民政职业大学康复工程学院副院长蔡红波告诉北青报 实操技能方面没有问题，但如果面对更高阶复杂的工作，例如康复辅助器具相关配置服务方案设计、项目管理、产品研发等，专科层次学生的专业知识和能力还有较大提升空间。而职业本科层次的专业教育和培养将弥补这一欠缺。” 蔡红波介绍，该专业进行职业本科招生后，专业课程设置也会大幅“升级”，除继续保留原有的技能培育优势之外，重点加强多元理论知识方面的教学和培养，涵盖医学、力学、人体运动学、机电一体化技术、材料学、互联网技术，以及代表行业技术发展方向的CAD/CAM技术等各个方面。“这样培养出来的学生，职业发展的路径会更广，同时也具备了更高层次晋升的基本条件”。 在实践方面，按照教育部要求，国内职业本科院校的实践教学课时至少占总课时的50%。北青报记者了解到，职业本科学生的实践，更有针对性也更丰富。以民政职业大学的社会工作专业本科为例，在专科完成“认识实习+岗位实习”的基础上，本科专业增加了岗位技术实训内容，包括社会调查设计实施、社会工作专业写作应用、社会工作服务策划与实施、志愿者招募与管理等，同时还增加科研训练项目、科技文化艺术活动、社团活动课程、实务技能竞赛、创新创业教育、大学生志愿服务等更加丰富的选修内容。“实践环节比例达到56%左右。” 民政职业大学社会工作学院院长赵学慧介绍，本科学生的培养更加强调学生的价值观、思维与意识培养；重视辨识伦理困境并持守社会工作专业价值观与伦理守则、分析与运用社会政策分析解决问题、整合使用社会工作方法、社会服务项目策划、实施和评估能力培养；增强批判思维、创新思维、创业意识、跨文化交流能力的培养；强调学生的继续学习能力和可持续发展能力。 2019年，国务院发布《国家职业教育改革实施方案》，部署开展本科层次职业教育试点工作。 2021年，中共中央办公厅、国务院办公厅印发了《关于推动现代职业教育高质量发展的意见》，明确提出：到2025年，职业本科教育招生规模不低于高等职业教育招生规模的10%。 2021年，国务院学位委员会办公室印发《关于做好本科层次职业学校学士学位授权与授予工作意见》，要求将职业本科纳入现有学士学位工作体系，明确普通本科和职业本科的学士学位证书在就业、考研、考公等方面具有同样的效力。 2024年3月，教育部发布的数据显示，2023年，全国职业本科招生8.99万人，比上年增长17.82％，职业本科教育招生规模占高等职业教育约1.6％。 2024年5月，教育部连续发布两批拟同意设置共33所本科高等学校，其中职业本科高校达16所。,4597,https://news.cctv.com/2024/07/07/ARTIJ2kk04N3qLQRamUnSv37240707.shtml,婚姻登记;婚姻;离婚;婚恋;婚俗;婚介;婚礼
CCTV,2024/7/8,最高检：督促撤销或更正冒名、虚假婚姻登记2068件,央视网消息： 7月8日，最高人民检察院举行“行政检察与民同行 助力法治中国建设”新闻发布会，通报近年来行政检察工作取得的进展成效，特别是今年最高检部署开展的“检察护企”“检护民生”两个专项行动中行政检察工作情况，发布“检察护企”“检护民生”行政检察典型案例，并回答记者提问。 最高检副检察长张雪樵在发布会上介绍，检察机关持续落实“两高两部”《关于妥善处理以冒名顶替或者弄虚作假的方式办理婚姻登记问题的指导意见》，破解虚假婚姻撤销难题，督促撤销或更正冒名虚假婚姻登记2068件，从“离不掉”“结不成”的婚姻个案办理，到类案监督助推形成司法与行政治理合力。,276,https://news.cctv.com/2024/07/08/ARTIIIKb2iVGdCxwoTszJrdW240708.shtml,婚姻登记;婚姻
People.cn,2024/7/9,相亲没“眼缘”，婚介费能否退？--社会・法治--人民网,本报讯 满怀期待去相亲，结果没有合眼缘的对象，给付婚介公司的服务费还能收回来吗？近日，湖北省蕲春县人民法院就审结了这样一起案件。 小王与某婚介公司签订《婚姻介绍服务合同》，约定婚介公司自合同签订之日起一年内为小王介绍6名相亲对象，由双方自行沟通交往，并约定“男女双方领取结婚证、举行结婚仪式”等5种具体情形作为婚介服务成功的标准。合同签订当日，小王向婚介机构交纳服务费3990元。合同期满后，小王以婚介公司没有在合同期内向其介绍相亲对象为由，多次要求婚介公司退还服务费，未果，后诉至法院。 庭审中，婚介公司向法庭提供了微信聊天记录、婚介对象情况等证据，用以证明其在合同签订后依约向小王提供了6名相亲对象的事实。审理过程中，法官发现小王要求婚介公司退还服务费的主要原因是婚介公司介绍的对象他不满意。 法院经审理认为，婚介服务合同属于中介合同。本案中，婚介公司向小王介绍婚配对象，小王支付3990元会费的行为，系当事人双方真实意思表示，不违反法律法规强制性规定，不违背公序良俗，合同合法有效。 法院认为，婚介公司提供的是婚恋双方进一步发展的机会，至于相亲是否成功，存在多种不确定因素。考虑到婚姻介绍服务有别于一般生活消费服务，婚介公司为客户所做的婚姻介绍工作质量难以完全量化，且签订合同时，小王并未明确约定婚介对象的身高、体重、健康状况等要求。婚介公司在合同签订后，已依约向小王介绍6名相亲对象，并协助安排见面，合同义务已履行完毕。小王要求退还全部费用，无事实和法律依据。 后婚介公司基于自身经营考虑主动退还小王500元，小王向法院主动申请撤回对婚介公司的起诉，法院依法审查后，裁定予以准许。 法官表示，近年来，一些适婚男女因为社交圈子小，性格内向，专注工作、忽视情感等原因，成为父母“逼婚”对象，焦急之下，希望借助婚介机构让自己早日脱单。在此提醒广大征婚者，在选择婚介服务时，应当对婚介服务有理性认识和合理预期。在订立合同时，要注意认真审查合同条款，尽可能明确服务时间、对象标准等细节问题，选择对象时，不能单纯以貌取人。同时，婚介机构也应依法履行合同义务提升服务质量，成为服务对象可以信赖的“人间月老”。（吴慧）,905,http://society.people.com.cn/n1/2024/0709/c1008-40274124.html,婚姻;结婚;婚恋;适婚;婚介;相亲;脱单;对象
People.cn,2024/7/10,宁夏农村高额彩礼专项治理初见成效,7月9日，记者从宁夏回族自治区党委社会工作部了解到，全区农村高额彩礼专项治理初见成效。据统计，今年5月全区农村适婚人员共结婚775对，其中认定“零彩礼”88对、“低彩礼”453对。 据了解，自治区党委社工部结合实际工作和地域情况，制定农村彩礼倡导性标准认定办法，按照重点区域、非重点区域分类施策，设置农村彩礼倡导性标准，明确“高彩礼”“低彩礼”“零彩礼”认定标准，制定“零彩礼”“低彩礼”证书颁发管理规定，统一设计发放证书，并建立评议公示制度，发挥村民自治组织作用。 为提升治理效果，各地在村级红白理事会全覆盖建立的基础上，指导行政村逐步健全村民议事会、道德评议会，推选农村媒人进入红白理事会，协助开展移风易俗活动。目前，全区2204个行政村中，设立村民议事会的1995个、占90.5%，设立道德评议会的1898个、占86.1%，吸纳393名农村媒人加入红白理事会。在村民自治制度建设推行下，已有1954个村完成村规民约修订，1507个村建立奖惩机制，分别占比88.6%、68.4%。 通过正面激励和反面约束，各地细化措施积极落实“零彩礼”“低彩礼”礼遇嘉许，因地制宜推出了落实5年内在市域范围内免费乘坐公交车、新婚夫妇及女方直系家庭成员在社区工作者招录中适当放宽条件、在村干部选用上优先推荐等正向激励政策和畅通礼遇嘉许政策渠道，引导群众积极响应政策号召，自觉抵制高额彩礼、人情攀比、铺张浪费。（记者 刘惠媛）,605,http://nx.people.com.cn/n2/2024/0710/c192482-40907254.html,结婚;彩礼;适婚
China News Service,2024/7/11,马来西亚华人结婚率大降 华裔议员吁“结婚吧”,中新社 吉隆坡7月11日电 (记者 陈悦)马来西亚国会议员沈志勤11日披露，2022年，马来西亚华人每千人中仅6.6人登记结婚，这一数字较2016年的9.8人大幅下降约三分之一。 沈志勤当日在社交媒体发布通过国会质询向马来西亚妇女、家庭和社会发展部获取的数据。 数据显示，马来人2022年的结婚率比2016年上升了47%，印度裔结婚率则在同一时期下降9%。根据马来西亚统计部门今年5月发布的最新数据，马来西亚公民中，马来人占57.9%，华人占22.6%，印度裔占12.2%。 沈志勤同时指出，根据相关调查报告，选择不结婚的马来西亚男性中，有超过半数是出于经济能力考量，没有合适人选和希望专注于职业生涯发展则分别是排位第二、第三的因素。 沈志勤认为，虽然结婚与否是个人选择，但结婚率大幅下降会带来生育率下降等连锁反应。他在社交媒体上说，马来西亚华人应关注结婚率大幅下降的趋势，“我想对不分族群的民众呼吁，结婚吧。”(完) 【,411,https://www.chinanews.com.cn/gj/2024/07-11/10249917.shtml,结婚
China News Service,2024/7/12,彩礼“量力而行” 赣南小城吹起婚嫁新风,江西省赣州市全南县中寨乡玉舍村村民会在各种场合，了解到和婚俗改革有关的内容，或是在池塘边纳凉的时候，或是在小卖部里买东西的时候，讲述者常常是村党支部书记林太金。 没有硬性说教，一些“关键内容”会在家长里短中，说进村民心坎里，这是村里一位老干部教给林太金和村民的相处之道，“解释移风易俗工作，不要一上来就讲政策、搬文件，要换位思考”。 林太金是村里“低彩礼”“零彩礼”的倡导者，也是践行者，走村入户开展移风易俗工作时，他常常拿自己的婚事现身说法。 一年前，林太金和妻子在玉舍村的祠堂里办了场简单的中式婚礼，婚宴只有七八桌，没有请婚庆公司，酒席上吃的蔬菜和肉制品也是自家置办的。不仅婚事简办，在彩礼问题上，这对小夫妻也作了表率。 婚前，林太金本打算按照当地习俗备上一份彩礼。后来，他想要在宣传婚俗新理念时更有底气，就和妻子一家人商量“零彩礼”结婚“带个头”，岳父母很支持年轻人的想法，就同意了。 村支书“零彩礼”结婚的事，传遍了村子，成了村民们见面就会聊起的事。这段佳话也开始影响起“身边人”，几天后，村里一位适龄青年结婚，女方只是象征性地收了2.8万元彩礼。 “彩礼是中国的传统婚嫁习俗，原本是一件美好的事。”林太金留意到近些年身边兴起的“攀比之风”让彩礼变了味，他觉得，自己的工作其实是一种“纠偏”，让彩礼的数额回到正常的轨道。 了解到村里哪户人家要嫁女儿、娶媳妇，上门做工作时，林太金也会换位思考，根据对方经济情况，劝他们“量力而行”，适当地“降一降”彩礼。 这几年，“低彩礼”“零彩礼”这样的事在全南县逐渐多了起来，县里成立了由县乡党政正职为双组长的婚俗改革工作领导小组，构建县、乡(镇)、村(社区)三级联动机制，推动措施出台。 做好婚俗改革工作，全南县民政局副局长钟洪彩的体会是，宣传引导、优化服务、行业整治、基层自治，这些方面都要形成合力。 县里创新成立了婚俗改革宣讲团，编排移风易俗主题剧目深入乡村巡演，开设了“婚俗改革大家谈”电视访谈，希望把文明新婚俗的理念传递给更多全南人民。 在全南县民政局婚姻登记处，每对登记结婚的新人都能体验颁证服务：戴上头纱和胸针，手捧花束，在工作人员见证下宣读结婚誓词。给他们颁证的是县民政、团委、妇联的相关负责人。婚姻登记过程中，民政局的工作人员还会引导新人签订《移风易俗承诺书》，发放“零彩礼”家庭礼遇机制宣传单。 一年前，全南县在全国率先推出“零彩礼”家庭礼遇机制，研究制定包括创业贴息贷款、景区免收门票、免费健康体检等8项优待政策，用真金白银为“零彩礼”新人家庭“减负”。 县里还鼓励各乡镇对礼遇清单进行补充细化，提供更具有本地特色的优惠待遇。如金龙镇给予“零彩礼”家庭天龙山景区一日游、清风小筑民宿免费住宿等6项礼遇；中寨乡与酒店、超市、床上用品商家等协商，给予“零彩礼”家庭折扣优惠。 5月20日，在全南县若湖公园户外颁证基地举办的一场集体婚礼上，11对新人携手缓缓入场，双方对拜赠花，共同宣读婚事新办简办倡议书，现场几位“特邀嘉宾”给新人颁发结婚证书，送上新婚寄语。 早些年，全南县就开始探索“特邀嘉宾”证婚机制，除了建立特邀颁证员名录库，在“5·20”“七夕”等特殊日期为新人代表举行颁证仪式外，还将证婚制度引入集体婚礼，常态化邀请领导干部、道德模范、农村“五老”等担任特邀嘉宾，出席集体婚礼现场，送上喜事新办祝福卡，为“低彩礼”“零彩礼”新人证婚。 一些农村地区彩礼畸高，也和媒人、婚介所为提高抽成故意哄抬彩礼价钱有关。钟洪彩介绍，县里的婚介机构和媒人都签订了《自律承诺书》，提供媒介服务只收取固定的介绍费，不以彩礼高低按比例收费，避免了哄抬彩礼的情况。 全南县还对全县婚介机构及其从业人员登记造册，制定行业准则，常态化开展多部门联合执法监管，建立服务机构黑名单和异常经营名单，为婚介行业健康有序发展划定底线。 这几年，雅溪村村民陈连平留意到，长长的迎亲车队和豪华宴席越来越少，村民对待彩礼和宴席问题都更趋理性，不仅选择在村里祠堂自办酒席，彩礼也很少会超过6万元。 这得益于全南县推行的“喜事管家”服务机制。两年前，陈连平和6位村民被推选为村里的“喜事管家”，他们组织村民集思广益，牵头对雅溪村嫁娶礼金、桌数、办事天数等制定具体标准，实行清单化“限高”，纳入村规民约。 目前，全南县97个村(居)均成立了由群众推举的德高望重、热心服务、有一定礼仪特长的人士组成的“喜事管家”，帮助村民办理婚嫁事务。“‘喜事管家’既管又帮，只有做好服务，村民才会买账。”陈连平说，现在村民办喜事不再讲究排场和面子，村里节俭办婚礼的氛围愈发浓厚，喜事新办、婚事简办已成为共识。 据了解，全南县民众的结婚流程目前已由原来的13项缩减为5项，2023年，嫁娶费用平均下降两万余元，“低彩礼”“零彩礼”占比超70%。在2023年10月发布的第四批全国“文明乡风建设”17个县级典型案例名单中，全南县婚俗改革的做法作为江西省唯一案例入选。(中青报·中青网记者 陈卓琼) 【,2051,https://www.chinanews.com.cn/sh/2024/07-12/10250151.shtml,婚姻登记;婚姻;结婚;彩礼;婚俗;婚嫁;婚介;夫妻;婚礼
CCTV,2024/7/16,订婚后又取消婚约男女双方闹上法庭：哪些算彩礼？,男女双方订婚后，又因关系恶化而决定取消婚约。那么，男方在订婚时给付女方的现金、金饰以及微信转账等共计50多万元是否属于彩礼？能退回吗？ 7月15日，澎湃新闻记者从上海市第二中级人民法院获悉，近日，该院审理了一起婚约财产纠纷案件。 2023年1月，刘先生与沈女士经相亲认识后，感情迅速升温，很快便按照老家习俗商定了订婚事宜，并在当月举行了订婚宴。 订婚宴当日，刘先生及其父母给付沈女士及其父母现金43万余元，其中部分钱款标注了明确用途，如女方衣服钱3万元、肉面钱1万元等。此外，刘先生还为沈女士购买了金手镯、金手链、金戒指、金项链、金挂坠等价值共计5.1万余元的“五金”。举办订婚宴的3.5万余元费用也由刘先生支付。 此后，刘先生还曾多次向沈女士转账，金额分别为5200元、520元、1888元、1314元等，转账说明中有“消消气呀、老婆收、情人节快乐”等标注，共计2.6万余元。 然而在后续相处中，双方因琐事导致关系逐渐恶化，以致最终取消婚约。刘先生认为，他和父母先后给予沈女士的50余万元财物均属于彩礼，沈女士应当返还。但沈女士认为，50余万元财物并非都是彩礼，其中有一部分是男方为表达感情的赠与。双方未能就返还数额达成一致，因此涉诉。 一审判决：女方返还41万元并退还“五金” 一审法院经审理后认为，刘先生订婚当日给付给沈女士的43万余元现金及首饰，符合婚嫁喜事习俗，可理解为受法律规定调整的彩礼形式。现双方最终未办理结婚登记手续，沈女士方应予以返还。根据《最高人民法院关于适用〈中华人民共和国民法典〉婚姻家庭编的解释（一）》第五条规定，结合双方交往时间短暂及案件实际情况，一审法院判决由沈女士返还刘先生41万元，并退还“五金”首饰。 一审判决后，刘先生、沈女士均不服，向上海二中院提起上诉。刘先生认为，应当全额返还50余万元财物；沈女士则认为一审判决返还的比例过高，应当降低。 在双方上诉过程中，《最高人民法院关于审理涉彩礼纠纷案件适用法律若干问题的规定》（以下简称《规定》）正式施行。上海二中院合议庭认为，该案有两大争议焦点。 《规定》第三条第一款规定，可以根据一方给付财物的目的，综合考虑双方当地习俗、给付的时间和方式、财物价值、给付人及接收人等事实，认定彩礼范围。此外，《规定》第三条第二款明确了几类不属于彩礼的财物，包括：一方在节日、生日等有特殊纪念意义时点给付的价值不大的礼物、礼金；一方为表达或者增进感情的日常消费性支出；其他价值不大的财物。 本案中，刘先生转给沈女士的5200元、520元、1888元、1314元等共计2.6万余元钱款，附有转账说明 “消消气呀、老婆收、情人节快乐”等字样，属于上述规定反向排除的不属于彩礼的财物，而是双方恋爱期间的消费支出和为了增进感情的一般性赠与，不具有按照习俗给付彩礼的目的，不属于彩礼范畴。 对于刘先生订婚当日给付的43万余元现金，沈女士主张其中有标注的部分，如3万元女方衣服钱、1万元肉面钱等，因有祝福性赠与的目的及存在具体使用项目而不属于彩礼范畴。合议庭认为，刘先生虽然对该部分用途予以了标注，但均在订婚当日以现金形式给付，给付之后具体用途也由沈女士掌控，因此综合考虑给付的时间、方式，均应认定为彩礼。 对于刘先生给付的“五金”，因我国传统风俗中聘礼即有金器、首饰、珠翠等，且三金、五金、龙凤镯等符合人民群众对彩礼的一般认识，所以本案中价值5.1万余元的“五金”应属于典型的实物彩礼。 关于刘先生支付的3.5万余元订婚宴费用，由于双方当事人都确认订婚是当地习俗，且双方就举办订婚宴达成一致意见，该部分的费用是男方自愿宴请亲朋所作的花费，并未约定应由女方分担，女方也并未直接获利。因此，这部分费用与彩礼的性质并不相同，不属于彩礼的范畴。 争议焦点之二是，刘先生给付的彩礼是否应当返还，返还比例是多少。 《规定》第六条规定，双方未办理结婚登记但已共同生活，一方请求返还按照习俗给付的彩礼的，人民法院应当根据彩礼实际使用及嫁妆情况，综合考虑共同生活及孕育情况、双方过错等事实，结合当地习俗，确定是否返还以及返还的具体比例。 本案中，刘先生主张沈女士借婚姻索取、骗取财物，应当予以返还。但是事实上，刘先生与沈女士已订婚并有短期共同居住史，沈女士并非借机索取财物，收受彩礼后也未潜逃或无不正当原因悔婚，故不属于借婚姻索取财物的情形。 关于是否应当返还以及返还比例，应当综合考虑两人交往的过程、订婚对女方产生的社会影响、双方曾经共同居住的情况、未能最终缔结婚姻的原因、过错以及彩礼的金额和使用情况等确定返还的具体比例。本案中，双方因感情不合等原因未能实际缔结婚姻，不宜认定哪一方存在过错。 合议庭认为，一审法院的释法说理与《规定》精神相符，一审判决结果并无不当。 最终，上海二中院判决驳回上诉，维持原判。,1978,https://news.cctv.com/2024/07/16/ARTIaVpUwCU2DDxkV9Uwfvds240716.shtml,结婚登记;婚姻;结婚;彩礼;婚嫁;婚约;恋爱;相亲
China News Service,2024/7/16,（身边的变化）从一起彩礼案，感受司法的温度,中新网 北京7月16日电(张钰惠)小到一件婚姻家事、一场邻里纠纷，大到一起刑事案件，公平正义的力量都至关重要。 十多年来，我国司法领域改革深入人心、成效切实，真正推动了人民群众用法律武器和法治思维参与社会生活、维护自身权益，真正“让人民群众在每一个司法案件中都感受到公平正义”。 近年来，越来越多百姓家务事、身边案，正在进入法治轨道。今年2月，最高法发布的《关于审理涉彩礼纠纷案件适用法律若干问题的规定》正式施行，针对借婚姻索取财物、结婚后“闪离”等情形彩礼纠纷如何处理加以明确。 今年年初，湖北仙桃就有一对夫妻因彩礼闹上了法庭。仙桃市人民法院适用新规，判出了彩礼“第一案”。此案中，李某和张某婚后争吵不断，不足半月便开始分居。来年张某向法院起诉离婚，李某表示同意离婚，但要求张某返还彩礼。法庭多次组织双方进行调解，最终达成一致意见，张某当庭返还李某彩礼款及茶钱、红包及“三金”共计二十余万元。 “让婚姻始于爱，让彩礼归于‘礼’。”今年全国两会上，彩礼话题写入最高法工作报告。群众关心的小事，都是法治的大事。 党的十八大以来，我国立法修法工作硕果累累，司法机关及时出台司法解释回应社会最新关切，夯实公民权利法治保障。 编纂新中国第一部以法典命名的法律——民法典；修订妇女权益保障法、未成年人保护法、老年人权益保障法等；对彩礼、醉驾、人脸识别等民生领域问题作出司法解释……现行法律规定涉及的方方面面，都与人民群众切身利益有关，让公平正义可感可触可见。 调解是具有中国特色的矛盾纠纷化解方式。矛盾调解室、背篼警务、政法干部蹲点指导……“枫桥式”司法机关的一系列创新做法在基层一线落地生根，让公平正义与基层群众相随相伴。 在海南东方，就有一间间“110联片调解室”坐落在各小区中。走进调解室的业主们表示，他们曾遭受广场舞噪音的困扰，经民警安排双方谈话和调解后，双方达成一致，晚上十点后不再跳广场舞。民警们还帮助调解过高空抛物等问题，让他们的居住安全感大大提升了。除派出所外，东方市公安局还联动律师事务所、村委会、人民调解员等力量组成调解团队，帮助居民协调邻里纠纷。 近年来，我国司法机关坚持能动司法，发展新时代“枫桥经验”，将“抓前端、治未病”理念运用到法治领域，力争让矛盾在基层、在诉前调解。 矛盾纠纷源头治理工作成效显著。最高法工作报告显示，2023年全国法院通过委托人民调解、行政调解、行业专业调解组织等成功调解纠纷1199.8万件，同比增长32%，占同期诉至法院民事行政案件总量40.2%。 “正当防卫”是今年法治领域的一个热词。2024年春节档热映电影《第二十条》就涉及正当防卫题材，引发社会公众广泛关注。影片通过三起案件，展现了一名检察官从不敢适用、不愿适用到依法适用正当防卫制度维护公平正义的过程。 近年来，昆山反杀案、赵宇见义勇为案、马某正当防卫案等多起防卫案件，纷纷被“两高”点名。今年5月，最高法发布一批指导性案例，江某某正当防卫案中，初中生江某某持刀反击多名霸凌者被认定为正当防卫，不负刑事责任。“法不能向不法让步”不是口号，“第二十条”已被唤醒。 正如唤醒“第二十条”，体现司法公正的案例、举措，频频写入最高法、最高检两会工作报告。每一个司法案例、每一次司法实践，都是人民群众受益于法治保障的缩影。 明确家暴不是“家务事”、对侵害未成年人犯罪零容忍、严惩网络暴力“按键伤人”、保障劳动者“离线休息权”……司法机关通过抓好并树立一系列典型案件，彰显公平正义的法治精神，推动法治社会不断向前迈步。(完),1458,https://www.chinanews.com.cn/sh/2024/07-16/10252100.shtml,婚姻;结婚;离婚;彩礼;夫妻;家暴
People.cn,2024/7/17,从一起彩礼案，感受司法的温度,2024年07月17日16:36 、成效切实，真正推动了人民群众用法律武器和法治思维参与社会生活、维护自身权益，真正“让人民群众在每一个司法案件中都感受到公平正义”。 一对新人在婚姻登记处留下合影。刘忠俊 摄 近年来，越来越多百姓家务事、身边案，正在进入法治轨道。今年2月，最高法发布的《关于审理涉彩礼纠纷案件适用法律若干问题的规定》正式施行，针对借婚姻索取财物、结婚后“闪离”等情形彩礼纠纷如何处理加以明确。 今年年初，湖北仙桃就有一对夫妻因彩礼闹上了法庭。仙桃市人民法院适用新规，判出了彩礼“第一案”。此案中，李某和张某婚后争吵不断，不足半月便开始分居。来年张某向法院起诉离婚，李某表示同意离婚，但要求张某返还彩礼。法庭多次组织双方进行调解，最终达成一致意见，张某当庭返还李某彩礼款及茶钱、红包及“三金”共计二十余万元。 “让婚姻始于爱，让彩礼归于‘礼’。”今年全国两会上，彩礼话题写入最高法工作报告。群众关心的小事，都是法治的大事。 党的十八大以来，我国立法修法工作硕果累累，司法机关及时出台司法解释回应社会最新关切，夯实公民权利法治保障。 编纂新中国第一部以法典命名的法律――民法典；修订妇女权益保障法、未成年人保护法、老年人权益保障法等；对彩礼、醉驾、人脸识别等民生领域问题作出司法解释……现行法律规定涉及的方方面面，都与人民群众切身利益有关，让公平正义可感可触可见。 律师走进校园为学生普及民法典知识。中新社记者 韩苏原 摄 调解是具有中国特色的矛盾纠纷化解方式。矛盾调解室、背篼警务、政法干部蹲点指导……“枫桥式”司法机关的一系列创新做法在基层一线落地生根，让公平正义与基层群众相随相伴。 在海南东方，就有一间间“110联片调解室”坐落在各小区中。走进调解室的业主们表示，他们曾遭受广场舞噪音的困扰，经民警安排双方谈话和调解后，双方达成一致，晚上十点后不再跳广场舞。民警们还帮助调解过高空抛物等问题，让他们的居住安全感大大提升了。除派出所外，东方市公安局还联动律师事务所、村委会、人民调解员等力量组成调解团队，帮助居民协调邻里纠纷。 近年来，我国司法机关坚持能动司法，发展新时代“枫桥经验”，将“抓前端、治未病”理念运用到法治领域，力争让矛盾在基层、在诉前调解。 矛盾纠纷源头治理工作成效显著。最高法工作报告显示，2023年全国法院通过委托人民调解、行政调解、行业专业调解组织等成功调解纠纷1199.8万件，同比增长32%，占同期诉至法院民事行政案件总量40.2%。 “正当防卫”是今年法治领域的一个热词。2024年春节档热映电影《第二十条》就涉及正当防卫题材，引发社会公众广泛关注。影片通过三起案件，展现了一名检察官从不敢适用、不愿适用到依法适用正当防卫制度维护公平正义的过程。 近年来，昆山反杀案、赵宇见义勇为案、马某正当防卫案等多起防卫案件，纷纷被“两高”点名。今年5月，最高法发布一批指导性案例，江某某正当防卫案中，初中生江某某持刀反击多名霸凌者被认定为正当防卫，不负刑事责任。“法不能向不法让步”不是口号，“第二十条”已被唤醒。 正如唤醒“第二十条”，体现司法公正的案例、举措，频频写入最高法、最高检两会工作报告。每一个司法案例、每一次司法实践，都是人民群众受益于法治保障的缩影。 明确家暴不是“家务事”、对侵害未成年人犯罪零容忍、严惩网络暴力“按键伤人”、保障劳动者“离线休息权”……司法机关通过抓好并树立一系列典型案件，彰显公平正义的法治精神，推动法治社会不断向前迈步。,1449,http://cpc.people.com.cn/n1/2024/0717/c459156-40279842.html,婚姻登记;婚姻;结婚;离婚;彩礼;夫妻;家暴
People.cn,2024/7/18,直播间连麦相亲 年轻人的新型社交模式,河南的王婆相亲大会热度未退，年轻人又在直播间开发出了相亲新模式：赛博相亲（网络相亲）。这种新型相亲模式以超高的自由度和极尽松弛感的聊天氛围深受年轻人喜爱。相比传统红娘的角色，赛博相亲直播间标配的“赛博红娘”（网络红娘）无需依赖事先准备的话术，也不会强行凑对，她们更擅长的是掌控场面、调动气氛。通过赛博相亲，嘉宾完全掌握主动权。不过，这种新型相亲模式能否为年轻人的婚恋问题打开新局面，还有待考量。 气氛轻松表达“直白” 直播连麦式相亲备受关注 “我喜欢打‘直球’的。”直播间里，一个男生正谈论着自己的交友标准，“我不喜欢扭扭捏捏，玩欲擒故纵的小把戏，那样我会很快跟她‘拜拜’。”说罢，男生咧嘴笑了起来，直播间还有另外七个网友正听着他的发言。 这时，主持人文艺接上话头：“挺好的，我觉得成年人之间确实有的事情直说会好一点。”这番话又引得另一名男生强烈附和：“我也喜欢和这类人交朋友，很直接、爽快。” 直播间的连麦界面上，九宫格头像显示出一群年轻俊朗的面孔，大家的背景通常是带着暖色光的卧室。 他们当中有些人戴着耳机低着头，每当有新嘉宾连麦开始自我介绍时，则会抬头看向镜头，专注地听一会儿；也有人单手托腮，笑意盈盈地看着屏幕；而另一些人则稍显慵懒，好似把这场直播当成了下饭节目，他们一边听着，一边往嘴里送一口食物。 时间在轻松的漫谈中度过，接近晚上十点半，数据显示，有7659人看过该场直播。其实，这个直播间的主题是相亲，而文艺则是扮演了“赛博红娘”的角色，负责主持和组织嘉宾的连麦，让大家自我展示。 除了一些常驻嘉宾会持续在线，通常，每位新人嘉宾上场时间约为5分钟。开启视频连麦后，嘉宾首先要做一番自我介绍，包括年龄、职业、所在城市、学历、身高、兴趣爱好等，随后根据个人意愿进行才艺展示。在过往的相亲直播间中，这一环节可谓最有看点。 曾有上海交大的“低音炮”博士深情弹唱献歌《你还要我怎样》；也有外卖小哥向所有女嘉宾吟诗表白，激起全场欢呼赞叹；更有健身达人直接背对镜头一口气连秀数个引体向上。 与此同时，任何网友如果遇见感兴趣的嘉宾，都可以申请现场连麦互动、表白，或私信对方一对一交流。当然，有时文艺也会适时“push”（推动）一下，促成他们下一步的约会或交友。 就在几天前，直播间里恰好来了两个深圳同城的男女嘉宾，两人的择偶条件如出一辙，文艺便立即牵线：“你们直接私下聊聊嘛，周末也可以找个时间见面吃个饭。” 如今，在社交平台上，连麦式相亲受到越来越多人的关注。文艺的直播间吸引人的点更在于她的身份反差。这位“赛博媒婆”不再是人们刻板印象中的头戴红花能说会道的老妇人形象，相反，今年25岁的文艺目前是一名医学生，9月份即将开启自己的研究生生活，并且，她目前仍是单身。 四五个月前，文艺利用假期和课余时间做起了相亲直播间。其实，文艺相亲直播间的前身是一个普通的直播聊天室，由于一直以来，在情感和交友的话题上，大家的讨论总是格外热烈，于是她才突发奇想，干脆把直播间改成了“赛博相亲大会”。 做到现在，文艺最大的感悟就是连麦上场的每位嘉宾都展现出丰富的学识、职业素养和价值观，这些优秀的特质使她意识到自己仍需努力提升。“我觉得自己还不够优秀，嘉宾们的质量都非常高，人均硕博，我接下来的首要任务还是先提升自己吧。” 文艺收到过异性网友发来的私信，有人还曾在直播间喊话：“我很喜欢一号嘉宾（指文艺），想要追她。”不过，这些网友和文艺大多是异地，而文艺更倾向于能够线下见面接触，“很多之前对我感兴趣的人在线上聊着聊着就成了朋友。” 更多时间在倾听他人的故事 喜欢把直播间当成播客听 现如今，文艺每周固定进行三到四场相亲直播，从晚间九点持续至深夜一点左右。每场直播都能吸引几十位参与者通过连麦方式参与，而观众人数有时高达两三万。 27岁的John是文艺相亲直播间的常驻嘉宾，目前在北京一家互联网企业工作。每周的相亲直播，他会以嘉宾的身份“出席”一至两场。 不过，在视频连麦时，John更多的是在倾听他人的故事，而少有言语表达，他将这种体验类比成听播客。 事实上，尽管相亲直播的初衷是帮助更多人“脱单”，但在直播时，嘉宾个人最近的生活经历分享以及彼此间的语言互动成为了主要内容，话题也并非全然围绕相亲展开。 不久前，一名苦于工作迟迟落实不下来的毕业生连麦后，主动分享了自己的境况，他也获得了其他嘉宾的安慰和建议。 类似的互动屡见不鲜，使得文艺相亲直播间不仅仅是单身者的聚集地，更成为一个集体倾诉和共享经验的空间。 John甚至觉得这种交流给予了他一种归属感。作为北漂一族，工作一天后回到空荡的家中，John常常会被孤独感缠绕。而当他来到相亲直播间，则会发现天南地北的小伙伴们早已开启“茶话会”模式，有一种“抱团取暖”的意味。John形容那种感觉有如在故乡与老友重逢般温暖。 文艺直播间的另一名常驻嘉宾二七九今年30岁，来自重庆，是一名初中女教师。“到了这个年纪，寻找一个合适的伴侣是自然而然的愿望。”她坦言。 不过和文艺面临的问题相似，虽然有时会有异性私下联系她，表示想认识一下，但由于是异地，都被二七九委婉拒绝，“感情是一种可遇不可求的东西。” 渐渐地，二七九发现，抛开相亲这条主线任务，其实单纯交友也同样会让她愉悦。很多人也和二七九一样，虽然还没能遇见“另一半”，但却在这里先遇到了纯友谊。 文艺的相亲直播间还有一个微信群，群内有一百多人，一些群成员会毫无保留地分享自己的生活和想法。 也是在群聊中，二七九结识到了一位同城律师姐姐，她们曾经线下共进晚餐。现在，每次文艺开直播，二七九都会进直播间连麦聊一聊。她形容这种感觉就像是老朋友开了一家小店，不忙的时候她去坐坐，暖一下场；人多时，她则会自觉退出，留出空间给其他连麦的人。 异地情侣成功“牵手” 返场“520”专场直播间 “有匹配成功的嘉宾你们一定要返场来分享一下自己的经历，或者私信告诉我，让大家能够开心一下，记录一下。”相亲直播间中，这是文艺最常说的一句话。Aaron和Lina就是通过直播相亲匹配成功的，这对95后情侣，虽身处异国他乡，却因一次巧遇和心动开始了跨国恋情。Lina是在韩国攻读博士学位的学生，而Aaron则因公司外派，目前在斯里兰卡工作。4月26日晚上九点多，Aaron夜跑后打开社交媒体，点进文艺的相亲直播间。那时，北京时间已经很晚了，而Lina恰恰是最后几位连麦的嘉宾。于是，套用一句网络流行语，“命运的齿轮开始转动”。 Lina说，她去相亲直播间连麦就是想看能不能遇到一个人。而两人的成功配对很大程度上归功于Aaron的主动，Lina说，她恰恰需要的是“入室抢劫式”的爱情。这次是Lina的第二次连麦。当时，她连麦的初衷是放松心情，逃避学术写作的疲惫。当Lina说自己在韩国读大学时，Aaron突然集中了注意力。 那段时间，他刚好在自学韩语，这点巧合让他对这位女生产生了莫名的好感。在短暂的自我介绍后，Lina便“闭麦”，开始对着镜头撸猫。恰恰是这一幕温馨的画面让Aaron好感倍增，他在弹幕上留言“你的猫好可爱”。结果Lina头也不抬，仍然在自顾自地撸猫，眼看弹幕就要被挤出屏幕外，Aaron再次鼓起勇气，直接发起私信：“你的猫好好看，我们能不能认识一下，交个朋友。” 大约半个小时后，Lina才看到这条留言，后来两人顺势加上了微信。他们谈论了生活中的喜好和共同点，发现彼此在很多方面惊人的相似，比如都喜欢酸味水果而非甜食，都喜欢随心所欲地旅行而非计划行程。 随着日复一日地聊天，他们的感情迅速升温。后来，他们把确定关系这件事告诉了文艺，“520”当天，作为成功匹配的嘉宾代表，Aaron和Lina返场了文艺的相亲专场直播间，向大家撒了一波“狗粮”。 据悉，同一天，某生活方式平台曾举办一场盛大的“赛博相亲大会”。官方数据显示，当天有19位“赛博月老”亮相开播，吸引了数以万计的网友参与，线上围观人数更达70万。这场活动被细分为多个主题，包括英文相亲局、互联网圈相亲局、高校留学生相亲局，甚至宠物相亲局。 既是直播相亲存在的原因 也是线上相亲面临的阻碍 二七九曾参加过一场在重庆的“相亲角”活动，尽管相亲组织者会进行开场寒暄，但她仍觉得整个过程充满尴尬和不自在。“参加过后，我发现信息的匹配度往往很低。花费几个小时参与可能会带来失望。”她特别提到，好不容易发现一个自己感兴趣的人，却发现对方被争着要微信，竞争激烈会使她感到怯懦和不自信。此外，还可能会出现另一种情况，即明明不喜欢某位嘉宾，但因为“社交恐惧”而难以拒绝对方。 当传统相亲加入“直播”元素后，为何却能让年轻人如此喜闻乐见呢？和二七九在重庆“相亲角”的“尴尬”经历相比，直播相亲在氛围营造上已经“完胜”传统相亲。“赛博红娘”的职责仅在于主持控场，以及营造安全和舒适的氛围，使嘉宾们拥有更多的话语权和自由度。 嘉宾也可以随心选择与谁交流，再也不用绞尽脑汁地想如何拒绝别人才能把伤害值降到最低，同时也避免了面对面交流带来的社交压力和不适感。对于连麦的嘉宾，多数相亲直播间不会要求他们公开收入、房车拥有情况等物质条件，大家更倾向于发现彼此的共同兴趣和价值观上的共鸣。只有当双方彼此感兴趣时，才有可能深入了解对方的更多细节。 然而，也有部分网友对直播间相亲持强烈的反对态度，网友@不晚觉得，劝人不要在相亲直播间找对象的道理，和没有中五百万的运气就不要买彩票的道理一样。 在虚拟网络上，扩展社交圈子和范围也意味着风险和挑战。现实中，因对方使用虚假身份或网恋隐瞒真实情况导致的受骗案例也不在少数。这也是许多人即使选择在线交友，也希望对方与自己同城的原因之一。从这个意义上说，地理距离既是直播相亲形式存在的原因，同时也是线上相亲面临的阻碍。 John就曾接到一位异性的私信，对方表示有意认识，他们交换了联系方式，偶尔也进行简单的聊天。但因地理隔阂，他们至今尚未见面，双方只能将关系暂时定位为朋友。 “相亲还是看缘分吧，不抱有明确的目的，反而可能会收获惊喜。”John这番话道出了许多人的心声。通过线上相亲直播遇见“另一半”仍然还是小概率事件，以文艺的直播间为例，每场活动都有数十位嘉宾参与连麦互动，但经过半年时间，仅有6对成功牵手的情侣。 不过，与直播相亲的匹配率相比，很多人更看重的其实是从中获得情绪价值。无论是从直播间宽松的匹配机制上，还是基于趣缘性的社群交友上看，遇见“另一半”更像是参与连麦互动的一种附加福利和意外之喜。在相亲直播间里，嘉宾们虽然也会借着自我介绍和才艺表演来展示自己，但更多的时候，他们是在静待缘分的到来。,4321,http://sc.people.com.cn/n2/2024/0718/c345167-40915853.html,婚恋;相亲;单身;脱单;择偶;伴侣;对象;情侣;另一半
CCTV,2024/7/23,“女友”拉他投资被骗11万 重庆渝中警方破婚恋诈骗案全额追赃,央视网消息： “女友”介绍投资好项目，老陈为二人将来打算，先后向对方转账11万余元，不料却落得鸡飞蛋打、人财两空的结果。 近日，重庆渝中警方成功破获一起涉婚恋交友接触性诈骗案件，跨省抓获犯罪嫌疑人，并追回全部被骗钱款。7月22日，受害人陈先生专程给菜园坝派出所民警送来一面锦旗，表达感谢。 “我遇到骗子了，那女的不仅骗了感情，还骗走我多年的积蓄，害我背上不少外债，如今我是人财两空啊！”50多岁的陈先生向菜园坝派出所报警求助。 经了解，老陈中年仍是单身，一直想找个共度余生的伴侣。2023年5月，他通过网络交友平台认识了年龄相仿的女子滕某，互加了微信好友。“她在贵州遵义生活，有个孩子已经工作，生活上没啥负担，只想找个人搭伴过日子，这个想法跟我很一致。”老陈说，他俩聊得很投机，对方每天嘘寒问暖，温柔体贴，让他感受到“家”的温暖。在网上交流一段时间后，两人互发了生活照，还常常视频聊天，关系也逐步升温。 之后，急于“奔现”的老陈主动赶赴遵义与滕某见面。“当时她还带来了个弟弟，说他投资了当地一个酒厂，过得很滋润，希望我也能参股，一起赚钱。”见面后，二人很快确立了恋爱关系，彼此称呼亲昵。老陈还会时不时地给滕某发点小红包，寄点小礼物，表达爱意。 “没多久，她说要为我俩今后在一起的生活多做些打算，称我没得固定工作，应想办法多挣点钱，好养老。”老陈为对方主动规划婚后生活感到高兴。“女友”又提到她兄弟投资的酒厂生意很好，稳赚不赔，如果参股，不但每月都有工资，到了年底还能分红，她自己都投了10多万，跟弟弟说尽好话，才愿意给老陈参与投资的机会。 在“女友”一再鼓吹下，老陈经不住软磨硬泡，心动了。出于信任，他在没有实地走访了解，没收到入股相关文件，甚至连厂名、地址都不知道的情况下拿出自己多年的积蓄，还向亲友借来外债，先后分5笔向对方转账11万余元。 可是，钱打过去了，“女友”仍不断要求他追加金额，加大投资力度，收益的事却只字不提。“我一问酒厂情况，她就很生气，说我不相信她。”此时已负债累累的老陈确实拿不出更多钱了。渐渐地，对方开始不接电话，不回信息，直到2023年底“女友”彻底失联，微信也被拉黑，老陈方才发觉自己被骗，选择报警求助。 派出所民警接警后立即开展侦查工作，经多番追查，逐步掌握到犯罪嫌疑人真实身份和行踪轨迹。办案民警跨省追逃赶赴贵州遵义，将滕某成功抓获归案。 经查，滕某曾参加过传销活动，学了不少骗子话术，之后便打起坏主意，通过网恋交友拉人投资实施诈骗。所谓投资酒厂一事，纯属虚构，她和弟弟参股获利更是子虚乌有，其“弟弟”也是请人角色扮演，所有目的只为诈骗钱财。 通过民警法治教育、数月连番积极追讨，嫌疑人已将违法犯罪所得全额退还给受害人陈先生。滕某因涉嫌诈骗罪被检察院批捕，该案还在进一步办理中。（报道员 张博）,1164,https://news.cctv.com/2024/07/23/ARTIbaLaBwN3tiibZXrCgWHz240723.shtml,婚恋;恋爱;单身;伴侣
People.cn,2024/7/25,唐山市路南区：“亲家”辩婚俗 新风进万家,近日，唐山市路南区“亲家辩婚俗 新风入万家”移风易俗主题活动在小山隆义里社区新时代文明实践站创意开展。活动由路南区委宣传部（文明办）、路南区新时代文明实践中心主办，小山街道新时代文明实践所、小山隆义里社区新时代文明实践站承办。 “三媒六聘是传统”“感情不能用金钱衡量”“彩礼多给一些是给小家打基础”“彩礼丈母娘先保管着，以后有事儿再给小两口儿”……活动现场，“婆家母子”代表和“娘家母女”代表就是否应收彩礼、彩礼应收多少、彩礼留给老人还是新人等热点话题展开辩论，唇“枪”舌“辩”，“反”“正”都精彩，既有传统与现代观念的碰撞，又有家长与年轻人两代人的理性对话。经过一番机智、幽默的辩论，“亲家”双方达成一致观点，认为彩礼应该归于“礼”，在尊重新人和家庭实际情况的基础上表达心意。 现场观众纷纷踊跃发言，气氛热烈且融洽。“这样的活动让我耳目一新，现在年轻人婚恋观和我们老一辈不一样了，我们的思想也得与时俱进。”来观看辩论赛的王婶说。 活动现场还邀请到专业律师团在法律角度就“彩礼法律性质和返还问题”发表律师观点，并进行法律知识普及。律师董宁说：“中国是礼仪之邦，传统结婚习俗中有‘三书六礼’，彩礼是‘六礼’之一，是‘礼’而不是财。新人双方应当在尊重法律、尊重传统的前提下，和谐沟通、理性对话。” 唐山市路南区始终坚持在“立行”上出实招、在“管用”上下实功，持续深化移风易俗活动。此次活动通过辩论的形式，让群众变“被动接受”为“主动参与”，潜移默化地接受正确婚恋观和家庭观的宣传教育，对传播新时代文明风尚，传递科学、文明理念起到了良好助益。截至目前，该区已累计开展移风易俗主题活动142场，参与群众及志愿者达15000余人次，以新思想带动居民群众破陈规、除陋习，共同营造淳朴清朗、向上向善的社会风气。（张皓月、李雅轩）,757,http://he.people.com.cn/n2/2024/0725/c192235-40923339.html,结婚;婚恋;彩礼;婚俗
People.cn,2024/7/26,女友不着急结婚，男子诉请婚介公司退款赔偿,当代年轻人对婚姻的期待日趋多元化和个性化，而婚介公司能够根据客户需求寻找匹配对象，成为不少单身人士寻觅良缘的选择。然而，两个人从相识、相知、相爱，再到步入婚姻的殿堂，在这个过程中充满诸多不确定性，其间需要双方共同努力、充分沟通、相互体谅，不能完全依赖婚介公司来实现。近日，广东省广州市中级人民法院审结一起婚介服务纠纷案，法院认定婚介公司已按合同约定完成了相应服务，判决驳回了原告的诉讼请求。 刚过而立之年的小方期盼能找个投缘的女士组建家庭。2021年5月，小方花费10.8万元购买了某婚介公司的VIP婚介服务，并签订了为期一年的婚介服务合同。合同约定婚介公司为小方推荐候选人18位，提供约见服务12人次，并用文字加粗形式约定：婚介公司仅提供“红娘”服务，不能保证小方与约见人员可建立恋爱或婚姻关系。合同还约定，如果小方在合同期内与婚介公司介绍的人员恋爱31日以上并登记结婚，婚介公司将向小方返还70%的服务费或与服务费等额的消费券，作为结婚祝贺金。 合同签订后没几天，婚介公司就向小方推荐了数名候选人，并安排其在10天内先后约见了3位女士。经过接触，小方觉得与其中的小李最合眼缘，于是便主动要求婚介公司暂停其他推荐及约见，改为努力撮合其与小李确定恋爱关系。随后，婚介公司一方面努力撮合两人，另一方面继续向小方推荐其他候选人。2021年8月，婚介公司还安排了小方约见另外1位女士，后因小方称其不想见而取消了约见。2021年12月，婚介公司对小方进行回访，了解其需求，小方称其自2021年10月起与小李确定了恋爱关系，目前进展顺利，不需要再推荐候选人及安排约见了。 2022年1月，婚介公司再次联系小方，小方称其与小李的感情进展顺利。在征得小方的同意后，婚介公司撤掉其他约见安排，对其进行“撤档”处理，不再向其推荐候选人。2022年5月，在婚介服务合同到期前几天，小方以女友小李不着急结婚、小李非婚介公司VIP会员为由，与婚介公司协商解除合同，并要求婚介公司向其返还70%的服务费。双方协商不成，小方将婚介公司诉至法院。 小方认为，自己是以结婚为目的的找女朋友，婚介公司也声称会介绍“以结婚为目的”的VIP会员，但介绍的小李只是普通会员，且经过半年多的相处，小李称其并不着急结婚，这与他的要求不符，婚介公司存在欺诈行为，故诉至法院，要求婚介公司全额退款10.8万元，并进行三倍赔偿。 婚介公司称，婚介服务合同仅约定其提供“牵线”服务，并不保证小方与相亲对象可建立恋爱或婚姻关系，现小方与相亲对象“牵手”成功，感情稳定，小方订立合同的目的已然实现；推荐人员须同为VIP会员是小方理解有误而非合同约定，而且，小方在约见小李后表示满意并签字确认，可见小方认可并接受了该“牵线”服务；婚介公司经小方同意后“撤档”，服务合同自动终止，婚介公司已依约履行了合同义务，并不存在违约或欺诈行为，无须退款和赔偿。 广州市天河区人民法院一审判决，小方主张婚介公司退款及三倍赔偿理据均不足，依法驳回小方的全部诉讼请求。 婚介服务是一种特殊的中介服务，婚介公司作为“红娘”，为消费者介绍婚恋候选对象，并为其择偶、交友提供建议和服务。然而，爱情没有标准模式，婚恋本身具有很强的主观性，婚介公司仅能依据行业经验及当时掌握的异性资源进行个性化匹配，其服务能否最终为单身者们实现“脱单”具有不确定性，婚介公司无法确保约见必定成功。因此，单身者们在接受约见前应仔细了解约见对象的情况是否符合自身要求，约见后及时进行反馈才能增加“牵手”的成功率。 本案中，小方与某婚介公司签订婚介服务合同，该服务合同合法有效，双方均应恪守履行。根据合同约定，即便婚介公司推荐的候选人不完全符合约定标准，但小方同意并完成约见也视为婚介公司提供了约见服务，且小方一旦在合同期内与婚介公司推荐的见面人员建立稳定的恋爱关系或婚姻关系，合同目的已实现，经双方确定后，合同自动终止。根据双方提交的客户满意度调查表和微信聊天记录，可知小方已约见了3位推荐人员，并在第4次约见时主动要求暂停其他推荐及见面活动。结合小方的说辞，其与婚介公司介绍的对象恋爱至今，可见两人已明显建立了稳定的恋爱关系。因此，婚介公司已依约提供合同服务，不存在违约或欺诈行为。 婚介服务合同的合同目的是实现单身者们“脱单”，但人与人的缘分、脾性、爱好等均不相同，即便兴趣相投也不一定能成就美满。因此，在小方与婚介公司推荐人员已建立了稳定的恋爱关系的情况下，若仍支持其退款，对婚介公司明显有失公平。 法官提醒，单身者们在签订婚介服务合同时应仔细审查合同条款，特别要注意会员权益内容，确认对条款理解无误后再签订合同。若婚介公司存在口头承诺的，也应及时以书面形式予以确认。另一方面，婚介公司也应诚信经营，抱着为单身者们解决婚姻大事的经营理念，切实提升服务质量，让单身者们体验到用心的相亲服务，实现合作双赢，共创和谐有序的婚恋中介服务市场环境。（记者 谢君源 通讯员 魏碧湖 钟晓丹）,2039,http://yn.people.com.cn/n2/2024/0726/c361322-40924061.html,婚姻;结婚;婚恋;婚介;恋爱;相亲;单身;脱单;择偶;对象
China News Service,2024/7/29,我国首个婚姻类职业本科专业今年招生 设有婚礼策划等课程,记者从民政职业大学了解到，今年9月，民政职业大学婚姻服务与管理专业将开始招收本科生，这是我国第一个婚姻类职业本科。婚姻类本科都学些什么呢？ 婚姻服务与管理专业开设的课程主要有管理学、社会学、婚姻家庭文化、家庭伦理学、婚姻产业经济与管理、婚姻服务与新媒体传播等。聚焦婚姻行业发展前沿，围绕传播优秀婚姻家庭文化、推进婚俗改革，培养具备专业学科知识、研究能力，掌握婚姻登记管理、婚姻家庭辅导、高端婚礼项目策划、婚介婚恋产品设计研发等技能。 民政职业大学副校长 赵红岗：婚姻服务管理专业2024年在全国12个省份招收70名本科新生，聚焦婚姻行业，培养学生具备从事婚姻全周期服务能力的高层次创新人才。学生毕业后，将来可以在行业协会、婚介机构、婚庆服务公司、婚姻家庭咨询机构去就业。 据介绍，婚姻服务与管理专业注重培养学生在实际工作中解决婚姻领域复杂问题的能力，学生们会在婚姻登记、婚礼仪式厅等真实场景中学习相关专业。 除了传统的教学，婚姻类本科还采用行业导师和校内教师联合培养模式，学校会组织学生到婚姻登记机关实习，校内也设置了婚姻登记、婚礼举办等多个实训厅。婚姻登记的课程就是在这个模拟婚姻登记大厅的场景中完成，学生轮流进行婚姻登记员、结婚离婚登记当事人等角色扮演，了解结婚登记的全流程以及相关的法律法规要求。 婚礼策划相关的专业课会在婚礼仪式厅举行，供学生设计不同风格的婚礼。 民政职业大学婚礼文化与传媒艺术学院院长 于晓辉：婚礼类的一些核心课程比如婚礼策划、婚礼的项目运行和婚礼堂的一些设计，全部都在这个里边，我们这也是一个毕业设计的展厅，他们是分组设计一场比较有特色的婚礼。 据民政部统计，去年全国结婚登记数为768万对。婚礼是人生中重要的仪式，婚礼策划师会帮助新人策划一场有意义的婚礼，这也是本次招生的婚姻类本科专业培养的一个方向。婚礼策划师的工作有哪些呢？一起跟随来自江西吉安、有着20多年工作经历的策划师夏萍感受一下。 从新人的需求出发，不套路，是夏萍的策划原则。在她看来，从婚纱、妆容的选择到酒店婚宴现场、婚礼流程等，都要满足新人的个性化要求。 新娘 徐佳淳：现在年轻人就是想简单一点，我只要提供我的想法就可以了，婚礼策划帮你一条龙服务好，专业的事情由专业的人干。 这是不久前夏萍策划的一场集体婚礼，新人们身着盛装礼服，伴随着悠扬而古典的音乐踏上爱的红毯，每一个细节都会精心打磨，尽力让参加集体婚礼的新人们留下美好回忆。 夏萍是80后，已经从事婚庆行业25年，累计为3000多对新人策划过婚礼，婚礼形式有酒店婚礼、草坪婚礼、旅行婚礼等，在工作中夏萍也感受着每一个家庭的幸福。 婚礼策划师 夏萍：我入职的第一年的一个客户我记得很清楚，她现在已经当奶奶了，她的结婚照她的婚礼都是在我手上办的，她女儿的婚礼也是我来操办。这样的一个事业，看着他们一代一代的幸福在延续下去，很有价值感。 (总台央视记者 李玉梅 郝亮 山东台 惠民台 吉安台) 【,1221,https://www.chinanews.com.cn/edu/2024/07-29/10259375.shtml,婚姻登记;结婚登记;婚姻;结婚;离婚;婚恋;婚俗;婚介;婚礼
People.cn,2024/7/30,你买“骂醒恋爱脑”服务了吗？--科普中国--人民网,一种虚拟的情绪商品在年轻人中热销，不仅可以“骂醒恋爱脑”，还可以提供“失恋安慰”“emo陪伴”等各种“树洞”服务。 这已是闺蜜第四次纠结要不要和身边人都不看好的男朋友分手了。李凌一方面觉得劝不住，一方面自己第二天工作汇报的材料还没准备好，干脆决定就不劝了，转头去某平台下单了一个“骂醒恋爱脑”服务，然后把手机塞到了闺蜜手里。没想到，半个小时都没到，闺蜜就放下手机，第四次决定分手了。虽然不知道这次效果能持续多久，但李凌觉得，这次消费，真值。 这样不提供商品，而是提供情感价值、标注着“虚拟产品无需物流发货”的陪聊服务，其实并不是新鲜玩意儿，平台上一搜，成百上千甚至几万单的店铺比比皆是，不仅可以“骂醒恋爱脑”，还可以提供“失恋安慰”“emo陪伴”等各种“树洞”服务。 有网友说，这些服务看起来和心理咨询有一点相似。但实际上，这是和心理咨询完全不同的服务。陪聊交流的方式灵活多样，不必来到“咨询师”对面，长篇的文字、表情包或者语音会自己送到眼前，连麦语音也可以。这些服务比心理咨询便宜得多，一次下单只要几块钱，即便是收费高的店铺也远低于正规的心理咨询。最重要的是，两者的目的并不相同，陪聊服务多半只提供一时的情绪价值，按买家的要求或安慰或陪骂，希望招揽更多回头客多次下单；但心理咨询并不会一味顺着来访者，最终目的也是助人自助，让来访者学会帮助自己。 比起心理咨询，这些陪聊服务更像是“买来”了一个临时的朋友。也许有人会觉得：“买”来的怎么能算是朋友呢？但其实，包含朋友关系在内的各种社会交往，都可以看作是变相的“买卖”――这就是社会心理学领域著名的社会交换理论所持的观点。 社会交往都是互惠的交换关系，本质都是付出成本换回报酬的交换过程。当然了，这里的成本和报酬不只是钱财，而是可以指任何从交往中获得的益处，包含但不限于服务、信息、地位、爱等，俗称“人情”。比如，李凌和闺蜜在一起时，可以获得一起吃吃玩玩、逛街聊天的陪伴感，一起吐槽、分享秘密的安全感，这些都是李凌可以获得的“报酬”；与之相对的，李凌也要付出时间和精力维护这段关系，在一些即便自己没有“报酬”的时刻，像是闺蜜纠结要不要分手时，提供分析、建议或者骂醒“服务”，这些对李凌来说都是成本。 既然是互惠关系，那关系中的一方如果付出的成本远多于获得的报酬，就会感到疲惫。小孩子在交朋友时可能没那么计较，但成年人在交朋友时，由于自己也有很多工作、家庭方面的事务要处理，对一段关系中的成本可能就会更加敏感。就像李凌在疲于应付工作时，就没那么想为闺蜜付出精力了。还有很多成年人，有烦恼和心事时宁愿自己憋着，也是因为“感觉不好意思”“不想麻烦别人”，总之就是不想给别人带来太多成本。 在这样的时候，直接花钱购买情绪价值服务，虽然要付出一点金钱，但比起“人情债”，这对多数当代年轻人来说，显然成本更低，也难怪这些服务能卖出这么多单了。 其实，除了“树洞”服务，还有一类更便宜但也更“虚无”的情绪价值产品。只要一分钱，你就可以买到“好运喷雾”，下单付款就生效；加价到几毛钱，你还能买到定制版好运；除了好运，你还能买到“智商充值卡”，甚至更具体些，“爱因斯坦的脑子”，拍下“自动长到你的大脑上”……这样抽象的产品，竟然也能卖出上千单。 这像是一种微小的“迷信”，或者我们可以称之为安慰剂效应。即便接受的治疗是无效的，如果病人以为治疗有效，症状也能得到缓解，这就是安慰剂效应，其中无效的治疗就是安慰剂。 不过，和病人不同，在“好运喷雾”这件事上，买家其实也知道这东西不会有什么实际效果。但奇妙的是，研究发现，即便知道安慰剂只是安慰剂，接受安慰剂的人仍然能有所好转，这也许是因为，在接受安慰剂的过程中，人们会听到热情和饱含共情的解释，从而产生“有人和我站在一起”的感觉，而这种感觉是让人好转的关键因素之一。所以，下单“好运喷雾”的买家，也许只是知道有人和自己一样在祈求好运、知道有人聆听了自己的愿望，就能产生一天的好心情了。 虽然以上这两种产品都离谱得让我们的父辈难以理解，更别说下单了；但别急着谴责这些年轻的买家，要知道成交量高的店铺里，售价最高的产品价格可能都不够买一张彩票！花这一点小钱就可以买到一天的舒适，这性价比怎么不算高呢？精神价值也是商品价值的一部分，如果自己的消费能力允许，为生活仪式感和安慰剂付费，也无可非议，甚至可以看作自我关怀的一种方式。这意味着，我们相信我们值得。 这就是悦己又务实的年轻人。如果你给emo（网络流行语，衍生出“丧”“忧郁”“伤感”等多重含义――编者注）的年轻人推荐800元一小时的专家心理咨询，不少人会拒绝，“800元给我，我今天自己就能好”。多数年轻人对于“迷信”安慰剂的态度也很微妙，遇到左眼皮跳便是“左眼跳财”，遇到右眼皮跳便是“不搞封建迷信”，主打一个“随缘”“偶尔信但不完全信”。对他们来说，偶尔在emo、孤独时，花几块钱买一段陪聊，或者偶尔在工作汇报、开始新约会前，下单一次“好运喷雾”，可以算是平凡的日常生活中，最浪漫（又划算）的消费了。,2065,http://kpzg.people.com.cn/n1/2024/0730/c404214-40288340.html,恋爱
People.cn,2024/7/30,彩礼究竟归女方父母，还是女方自己？,彩礼返还纠纷多数发生在作为婚姻当事人的男女双方之间，但出嫁的女儿以其与父母存在关于彩礼的保管合同关系为由，要求父母返还所“保管”的彩礼，那么该怎么办？ 近日，浙江省台州市黄岩区人民法院审理了一起因彩礼引起的保管合同纠纷案，女儿起诉父母返还彩礼18万元，法院判决由被告张某、王某返还其女张小某10万元。 庭审中，原告张小某诉称，她系被告张某、王某的女儿。2020年6月，经媒人介绍，原告与案外人林某定亲，两被告收取聘金共18万元。之后原告与林某于2020年8月17日在黄岩区民政局办理结婚登记手续，并生育一女。原告与男方共同生活期间，因男方家庭条件并不宽裕，为补贴生活支出，原告称多次向被告要求返还聘金，均遭到拒绝，甚至在原告住院生产急需医疗费时，两被告也不愿返还，故提起诉讼请求返还聘金18万元。 面对张小某的起诉，被告张某、王某在庭审中答辩称：原告以返还聘礼为由起诉被告，诉讼主体不符。被告收取了聘金18万元属实。按传统习俗，聘礼是男、女结婚时男方或男方家庭支付给女方家庭，并由女方父母支配的钱物，并不是给女方个人的。被告收取的聘礼是原告丈夫的家庭赠送给被告的，并不是赠送给原告的，因此所收受的聘礼归被告所有，原、被告亦不存在保管关系。被告之所以至今未为原告举办婚宴、置办嫁妆，是因为有特殊原因，且被告认为男方定的日子不好，需要重新选定，还准备拿出几万元还礼给男方及原告，但男方后面未再与被告重新商定婚宴日期。原告在登记结婚不久即向被告讨要彩礼，还对被告进行辱骂，并损坏被告家中财物，被告曾报警处理。原告要求被告返还彩礼没有依据，请法庭驳回原告的诉讼请求。 法院查明，被告张某、王某系原告张小某的父亲及母亲。2020年6月，经媒人介绍，原告张小某与案外人林某订婚。后林某的亲属依习俗给被告张某、王某送去聘礼，两被告收取了其中18万元。之后原告与林某于2020年8月17日在黄岩区民政局办理结婚登记手续，并随同男方共同生活。在2020年8月23日前后，原告向两被告讨要收取的18万元彩礼，双方因此发生纠纷。此后，两被告陆续向原告支付了部分生活费，并在原告生育女儿后向其亲属支付了红包8800元。另，双方当事人均确认，两被告此后未为原告举办婚宴，也未为原告置办嫁妆。 法院经审理认为，本案争议的实质在于彩礼的归属之争。确定彩礼的归属，既要寻根溯源，尊重彩礼形成的历史传统脉络，也要与时俱进，吸收彩礼演进的时代合理因素。从传统习俗来看，婚约多为“父母之命，媒妁之言”，彩礼承载着男方家庭对女方家庭的尊重、感谢和补偿，体现了对女方家庭养育之恩的珍视，将彩礼视为男方家庭对女方家庭的赠与，是符合传统社会情境的。从彩礼的时代演进来看，彩礼的经济补偿功能趋于弱化，彩礼正在更多地具有祝福新人、支持新人组建家庭、奔赴美好生活的功能。子女也更加具有独立意识，不再是传统家长制下父母的附庸，其独立的经济诉求也应予以尊重。因此，结合彩礼的传统习俗因素及时代变化，将彩礼理解为男方家庭以结婚为目的对于包括出嫁女儿在内的女方家庭的赠与，父母及出嫁女儿共同对受赠财产享有利益，无疑更为合理，更能兼顾中华传统文化伦理和新时代、新社会的要求，也更易为社会公众的情感所普遍接受。 据此，在女方父母与女方本人无法对彩礼的归属、处置协商一致的情形下，黄岩区法院认定本案中两被告收取的彩礼18万元，应认为系女方父母及女方本人家庭共同所有，结合彩礼的数额、支出情况、嫁妆及婚宴的置办情况及原、被告当前的经济情况和实际生活需要等情形，参考当地习俗，酌情确定由两被告返还原告10万元。宣判后，双方当事人均未上诉，判决已发生法律效力并自动履行完毕。 彩礼的归属问题实质也是彩礼的赠与对象问题。结合彩礼这一习俗产生的历史文化传统因素和新时代新社会关于彩礼的观念嬗变及合理演进，将彩礼视为男方或男方家庭以结婚为目的的对于包括女方父母在内的女方家庭的赠与更为合理。女方及女方父母对受赠的彩礼构成共同共有关系。如女方及其父母对于彩礼的归属产生争议，本质上是要求将彩礼这一共同财产进行分割。 在进行彩礼分割时，应当遵循合情合理的原则，以提高社会可接受度。一方面，应当考虑彩礼的支出情况。按照传统习俗，父母收取彩礼后往往需要为女儿筹办婚宴和嫁妆。如父母已为女儿举办了婚宴并置办了嫁妆，除非彩礼数额巨大且不予分割对女儿造成严重不公，原则上不应再支持女儿对彩礼的分割要求。另一方面，也要考虑双方当事人的经济状况和实际生活需要。如女儿出嫁后生活陷入困境，则在分割彩礼时应适当向她倾斜；若父母年事已高且缺乏生活来源，则应为他们保留较多的份额。此外，还需要酌情考虑父母为抚育女儿所付出的辛劳等因素，以实现情、理、法的有机统一。 彩礼问题，情理和法理的纠结，一直是民事纠纷中的堵点。在处理彩礼归属的纠纷时，应秉持化解家庭矛盾、修复亲情关系的原则，加强案件调解，避免争执进一步恶化。若调解未能成功，进入裁判程序时，也应努力实现裁判效果和社会效果的有机统一。（丁毅诚）,2047,http://yn.people.com.cn/n2/2024/0730/c361322-40927756.html,结婚登记;婚姻;结婚;彩礼;婚约;对象
People.cn,2024/7/31,“七夕节”恰逢周六 结婚登记“不打烊”,人间七夕是佳期，喜见鸳鸯结荔枝。许多准新人选择在中国传统节日“七夕节”登记结婚，见“证”爱情。今年“七夕节”恰逢周六，不是工作日能否办理结婚登记呢？ 7月30日，记者从郑州市民政局获悉，该局近日已下发《关于做好“七夕节”结婚登记服务工作的通知》，请各区县（市）民政部门积极响应群众需求，安排婚姻登记处8月10日（七夕节）正常办公，并提前在民政部门官网公告、婚姻登记处张贴上班通知，明确预约登记的途径和时间。 “让新人们高兴而来、幸福而归。”为了满足新人们的美好心愿，郑州市民政部门为爱加班。《通知》还提出，各区县（市）民政部门要综合分析研判，结合自身情况，做好结婚登记高峰期应急预案，合理调配好人员，适当增加登记服务窗口，确保登记现场安全有序。要落实国家相关政策规定，合理安排工作人员调休或轮休。同时，要结合当地实际，科学统筹谋划，开展集体颁证、网红打卡、签名宣誓、集体婚礼、主题婚礼等活动，增添新人们的仪式感、幸福感，弘扬文明、简约、适度的现代婚俗新风。,428,http://henan.people.com.cn/n2/2024/0731/c351638-40929005.html,婚姻登记;结婚登记;婚姻;结婚;婚俗;婚礼
People.cn,2024/7/31,夫妻离婚后均不主张房屋所有权,近日，江苏省溧阳市人民法院审结一起权利人均不主张房屋所有权的离婚后财产纠纷案，法院在明确份额的基础上给予原、被告自行协商出售房屋的机会，让当事人有充足的时间寻求最优化处置方案。 郑某与王某原系夫妻关系，2014年8月23日，郑某、王某作为被征收人与征收部门签订房屋征收补偿协议书一份，明确了产权调换方式。此后，郑某与王某于2017年6月12日协议离婚，并对夫妻共同财产进行了分割，但未涉及前述房屋。因协商未果，郑某诉至法院主张房屋权益。案件审理过程中，原告郑某、被告王某均明确表示不要房屋只要钱。 法院审理后认为，如果在诉讼过程中直接对讼争房屋进行拍卖、变卖，一来费时较长，无法保证案件在法定期限内审结，且无法保证房屋会顺利拍卖、变卖，即便成功，也还需支付高额的评估、拍卖费用。再者，诉讼过程中，双方在此前积累的矛盾、冲突等影响下，无法对房屋如何处分作出冷静、全面、准确的判断。因此，法院在征求当事人意见后，判决郑某与王某于判决生效后六个月内自行协商出售讼争房屋，所得款项扣除相关费用后原、被告各享有50%；若出售未果，郑某、王某均可向人民法院申请拍卖、变卖，所得价款扣除相应费用后各半享有。 一审判决后，王某不服提起上诉。二审判决驳回上诉，维持原判。该判决目前已生效。 房屋作为不动产的属性决定了其无法直接进行分割。司法实践中，当事人通常需要从取得所有权和取得对应价值两个选项中作出选择。《最高人民法院关于适用〈中华人民共和国民法典〉婚姻家庭编的解释（一）》第七十六条规定，双方对夫妻共同财产中的房屋价值及归属无法达成协议时，人民法院按以下情形分别处理：（一）双方均主张房屋所有权并且同意竞价取得的，应当准许；（二）一方主张房屋所有权的，由评估机构按市场价格对房屋作出评估，取得房屋所有权的一方应当给予另一方相应的补偿；（三）双方均不主张房屋所有权的，根据当事人的申请拍卖、变卖房屋，就所得价款进行分割。从前述规定可以看出，离婚诉讼夫妻双方对房产分割无法达成一致协议时，人民法院可以采取三种处理方式：（1）双方均主张的，竞价取得；（2）一方主张一方不主张的，评估后补偿；（3）双方均不主张的，拍卖、变卖后分割价款。法院在确定份额的基础上给予双方当事人协商处置房屋的机会，与在诉讼过程中直接根据当事人申请拍卖、变卖房屋后就所得价款进行分割相比更加高效，也更有利于当事人权益实现。 首先，于当事人权益保障而言。根据民法典第一千零八十七条之规定，离婚时，夫妻的共同财产由双方协议处理。可见，人民法院在分割夫妻共同财产时坚持以双方协议为前提，这也是为了保障夫妻共同财产价值的最大化实现。不管是诉讼过程中根据当事人的申请变卖房屋，就所得价款进行分割，还是明确份额后给予当事人一定时间自行变卖并就所得价款进行分配，都做到了充分尊重当事人的意思自治。而后一种方式由于不受案件审理天数的限制，避免审理过程中着急出售房屋而使价格与当事人心理预期落差较大甚至明显低于买入价或成本价的情况发生。 其次，于审判程序推进而言。《最高人民法院关于适用〈中华人民共和国民法典〉婚姻家庭编的解释（一）》第七十六条关于争议房屋的处置方式在原有基础上增加了“变卖”这一方式，其目的也是为了克服拍卖流程相对繁琐、成本花费高的障碍，提高解决问题的效率。但是，即便是变卖也需要较长时间去寻找买方、洽谈价格、办理手续，在此情况下，一般案件所需的审理天数都较长。那么，确定当事人对房屋价值所享有的比例后，准许其在一定期限内自行协商出售房屋，能够大大压降此类案件的审理天数。 最后，于矛盾有效化解而言。由于原、被告均不主张房屋的所有权，法院判决双方当事人自行协商变卖该房屋，在自行出售不成功时任意一方可以向法院申请拍卖、变卖房屋。这样一来，当事人的实体权益得到了充分保障，也有利于其选择出售房屋的更好时机，毕竟卖房款项的高低涉及双方当事人的共同利益。司法实践中，部分当事人还会在综合考量市场行情后决定暂时不出售房屋，或商定将房屋归并给一方。总而言之，法院在法定处置方式框架下的这一探索能够打破离婚双方均无能力独自归并房屋的困境，也能够助推他们在以共同经济利益最大化为引导下找到房屋处置的最佳方式。（张桃）,1729,http://yn.people.com.cn/n2/2024/0731/c361322-40929123.html,婚姻;离婚;夫妻
People.cn,2024/7/31,恋爱期间为女友支付牙齿矫正费 算彩礼吗？要返还吗？,热恋期间，恋人往往不会对金钱和经济往来斤斤计较。可一旦感情不再，那么恋爱期间赠与的财物能不能算彩礼？分手后，另一方是否需要返还？记者昨日获悉，成都天府新区法院审理了一起类似的案件。 小王与小刘是大学同学，两人2017年确定恋爱关系。恋爱期间，小王带女朋友小刘去某口腔医院做了牙齿矫正，花费4万余元，并向小刘转账4000余元还清其所欠的美容祛痘网贷。2022年4月，小刘向小王提出分手，并根据小王“分手清算”的要求返还1.5万元。 2022年12月，小王起诉小刘，要求返还由其支付的矫正牙齿及美容祛痘的相关费用。 在法庭上，小王诉称，双方是以结婚为目的的校园恋爱，为了展示结婚的诚意和对小刘的重视，让小刘毕业后举办婚礼有完美的形象，自己为小刘支付了牙齿矫正费用。小王认为这笔钱不同于恋爱中的普通花销，应该视为彩礼。 小刘则辩称，自己与小王建立恋爱关系时，还在读大学，对于未来尚未可知。分手后，双方多次就恋爱期间各自赠与双方的财务进行了清算，确定了自己需要返还给小王的金额，小王已经收到并且认可了这个金额。 法院经审理认为，小王与小刘之间成立赠与合同关系，现有证据不能证明该赠与符合“彩礼”等法定可返还情形，判决驳回小王全部诉讼请求。 男女双方在恋爱期间为了培养感情而支出金钱的消费活动一般属于赠与性质，赠与物所有权自交付时起转移，受赠方成为赠与物的所有权人可以不予返还。这起案件中，小王主张为小刘给付的医疗消费，系以双方缔结婚姻为目的，属于彩礼性质，但根据查明的事实，上述费用发生在小刘为在校大学生且双方尚未订立婚约关系期间，且在双方分手后的财务清算过程中，小王也未要求小刘返还，故应认定小王为小刘支付的医疗消费为双方交往期间表达爱意、增进男女双方感情的无条件赠与，不属于婚礼彩礼范畴。故对于小王的诉讼请求，法院不予支持。 小王不服，上诉至成都中院，中院维持原判，该案现已生效。 彩礼与恋爱期间的一般赠与相比，虽然当事人的目的和动机相似，但是彩礼的给付一般是基于当地风俗习惯，直接目的是为了缔结婚姻关系。 而恋爱中的一般赠与的目的是为了表达爱意、增进感情，在赠与财产权利转移后，除法定撤销情形之外，不得任意撤销。 法官提醒，处于恋爱关系中的男女由于感情较好，容易在金钱往来、购买物品等事情上处理得较为随意，当感情出现问题，又会因为之前的财务问题产生纠纷，甚至对簿公堂。 出于对恋人的爱意而向对方赠送财物是正常表达爱意的方式，但是也要视情况量力而行，莫要在感情浓厚时赠送超出经济承受范围的财物，在双方感情破裂时又后悔要求追回。,1061,http://sc.people.com.cn/n2/2024/0731/c345167-40929394.html,婚姻;结婚;彩礼;婚约;恋爱;恋人;婚礼
People.cn,2024/7/31,普法小讲堂 |《民法典》之离婚冷静期,张先生与妻子王女士结婚后争吵不断。一次大吵过后，两人怒气冲冲地来到民政局登记离婚。工作人员告知两人关于离婚冷静期的相关规定，要求他们30天之后再来办手续，还不到30天，两人便怒气消散，又重归于好，没有再去办离婚手续，他们的离婚申请自动失效了。 近年来，闪离、赌气离婚等轻率离婚的现象有连续增长的趋势。对于这种情况，《民法典》设置30天的冷静期，是想给予当事人一个理性思考的机会，避免冲动离婚，维护婚姻家庭关系的稳定。 《民法典》第一千零七十七条规定：“自婚姻登记机关收到离婚登记申请之日起三十日内，任何一方不愿意离婚的，可以向婚姻登记机关撤回离婚登记申请。前款规定期限届满后三十日内，双方应当亲自到婚姻登记机关申请发给离婚证；未申请的，视为撤回离婚登记申请。” 第一个30天即“冷静期”，是指双方到婚姻登记机关申请离婚登记之日起30日，在这期间如果有一方不愿意离婚可以撤回离婚登记申请。 第二个30天是指在“冷静期”届满后，在接下来的30天内，双方应当亲自到婚姻登记机关申请发给离婚证，在此期间如有一方未申请的视为撤回离婚登记申请。 离婚冷静期届满后可以有三种处理方式，第一种是其中一方不愿意离婚的，第二种是双方都不愿意离婚的，第三种是双方仍然选择离婚的。 其中一方不愿意离婚的，离婚冷静期届满后30日不到婚姻登记机关办理离婚证，则视为撤回离婚登记申请婚姻关系继续合法有效。如果另一方坚持离婚，只能通过诉讼离婚解除婚姻关系或者双方重新协商一致在冷静期届满30日内到婚姻登记机关领取离婚证，冷静期届满后30日内未领取离婚证仍然想要离婚的，双方可以协商一致后再次向婚姻登记机关提出离婚登记申请。 夫妻双方都不愿意离婚的，在离婚冷静期届满后三十日内，双方均反悔不愿意离婚的，可以不到婚姻登记机关申请领取离婚证，婚姻登记机关会视为撤回离婚登记申请的，婚姻关系继续合法有效。 夫妻双方仍然选择离婚的，离婚冷静期届满后，夫妻双方均不反悔决意要解除婚姻关系，应当在离婚冷静期届满后的三十日内，双方亲自到婚姻登记机关申请发给离婚证，完成离婚登记，即解除婚姻关系。 离婚冷静期仅适用于向民政部门申请的协议离婚，并不适应于向法院提起的诉讼离婚。也就是说不是所有的离婚都需要30天的冷静期，向法院提起的诉讼离婚不适用离婚冷静期的规定。如果诉讼离婚中因出现出轨、家暴、赌博、吸毒等违法行为导致的婚姻破裂，法院调解无效的应当准予离婚。（王静怡 王欣婷）,1013,http://jl.people.com.cn/n2/2024/0731/c349771-40929791.html,婚姻登记;离婚冷静期;婚姻;结婚;离婚;夫妻;家暴
People.cn,2024/8/1,8家企业与13家投资机构在仙桃数据谷“相亲”,一场“相亲会”，让企业和资本“双向奔赴”！近日，“创新引领 投资未来”渝北区仙桃数据谷投融资沙龙举行，8家企业现场同台路演，与13家投资机构面对面“相亲”，以期碰撞出合作的“火花”。 据介绍，活动吸引了科兴科创基金、文创基金、中新基金、新微成渝基金等13家投资机构，重庆天本地源科技有限公司、重庆翰海睿智大数据科技股份有限公司、重庆菲利信科技有限公司等8家企业参与路演。 活动现场，一家家企业的代表依次上台路演，推介自己项目的特点和优势、商业模式、融资需求等，坐在台下的投资人针对感兴趣的项目，提出自己关心的问题，与路演者展开互动，现场气氛十分热烈。路演结束后，许多企业家与投资人进行了深入交流，交换联系方式，表达了合作意向。 “一方面，我们要为企业提供更多融资渠道，另一方面，我们也希望为金融机构寻找到优质项目，通过加强企业与资本市场的对接，优化资源配置，提升服务质量。”重庆仙桃数据谷投资管理有限公司相关负责人表示。 截至目前，仙桃数据谷投融资沙龙已成功举办五届。（新重庆-重庆日报首席记者 张亦筑 实习生 文彦之）,460,http://cq.people.com.cn/n2/2024/0801/c365402-40930423.html,相亲
People.cn,2024/8/1,孟州：“红娘帮帮团”为社区适婚青年搭起缘分“鹊桥”,“我儿子今年26岁，在上海工作，有合适的姑娘了给牵牵线……”日前，孟州市河雍街道育新社区早上大门一开，就接待了来给儿子“寻缘”的顾阿姨，这也是自5月份育新社区“红娘帮帮团”成立以来，社区每天的工作常态之一。 “社区居民来居委会办事时总喜欢拉拉家常，我们也了解到现在不少男女青年都存在交友难、婚恋难的问题，我们就想着利用居委会的优势，把这些未婚男女的信息都登记下来，为他们牵线搭桥。”育新社区党支部书记、居委会主任张新芳介绍了“红娘帮帮团”成立的初衷。自此，社区办公场地变为了“相亲驿站”，社区的6名工作人员也有了另一个身份——义务“红娘”。 育新社区的6名工作人员平均年龄37岁，大部分没有做“红娘”的经验，但靠着年轻人观念新、爱学习、勤摸索的态度，慢慢地也积累了一些经验。 “刚开始我们只是根据男女双方的学历、长相、家庭条件、工作这些外在条件来牵线，很多都是初次见面印象还可以，接触几次就没下文了。现在有人来登记的时候，我们会把他们的兴趣爱好、人生规划等信息纳入我们的登记信息中，这样能更好地帮助这些未婚男女找到‘灵魂伴侣’。”张新芳说。 “红娘帮帮团”成立两个月来，已登记社区未婚男女50余人，安排线上线下相亲见面10余对。“红娘帮帮团”的6名“红娘”也成为了社区“名人”，不少其他辖区的居民也慕名而来。 “每次听到居民们来反馈咱们撮合成功的消息就特别开心，格外有成就感。”育新社区居委会副主任姚婷高兴地说。 在牵线的同时，“红娘帮帮团”还号召辖区青年树立正确的爱情观、婚嫁观，让婚姻回归爱的本质，抵制高价彩礼，不奢侈浪费、不大操大办，营造文明婚恋新风尚。 “下一步，我们还将充分发挥社区组织优势，以服务‘小切口’办好民生‘微实事’，不断创新基层治理新方向、新模式，进一步完善社区服务功能、提升基层治理能力，持续增强群众的幸福感和获得感。”河雍街道办事处负责人表示。（ |,788,http://henan.people.com.cn/n2/2024/0801/c378397-40931281.html,高价彩礼;婚姻;婚恋;彩礼;婚嫁;适婚;相亲;伴侣
People.cn,2024/8/1,长春南关区法院：婚约财产引纠纷 悉心调解促案结,彩礼本是双方心意相合时的诚意表示，但当热情褪却，婚约不再，彩礼也变成分离时的难题，甚至为返还彩礼对簿公堂。近日，南关法院立案庭成功调解一件男方要求女方退还购房款30万元的婚约财产纠纷案。让我们一起看看是怎么回事吧。 刘某与房某都是单身，双方相识确定恋爱关系后，经过一段时间相处，刘某与房某表达了以结婚为目的要组成家庭的想法，房某也予以认可。交往恋爱期间，刘某曾多次通过银行卡、微信等向房某及其女儿转账，也多次给房某购买物品，并且花钱拍摄婚纱照以及支付女方30万元用于购买婚房，由此可见，刘某完全是以结婚为目的而支付的款项。 截至刘某起诉前，刘某共向房某转账405100元（包括刘某准备结婚买房的首付款30万元），后房某因不满刘某财务状况，不想和刘某结婚了，刘某曾多次放低姿态，甚至卑微恳求房某希望能与其缔结婚姻并携手共度余生，但是房某完全不予理睬，故刘某诉至法院，希望房某退还购房款30万元。 案件受理后，法官组织双方当事人进行调解，认真倾听双方的诉求，原告刘某认为毕竟双方恋爱一场，其他的钱刘某都愿意放弃，但是为买婚房的30万元首付，是刘某把自己母亲的房子给卖了之后转给房某的，这个钱房某必须返还。 被告刘某也表达了自己的困难之处，承办法官在了解案件基本事实的基础上，解开了双方此前的诸多误会，双方当事人由走进法庭时的冷眼相对变为心平气和。承办法官耿楠抓住调解良机，分别向双方当事人释明法律的相关规定，引导双方换位思考、互谅互让。经法官悉心调解，最终，刘某与房某达成调解协议：女方同意分两期退还给男方购房款22万元，男方也自愿放弃了为女方购买其他物品的花销及部分购房款。至此，该起闹得本不愉快的婚约财产纠纷案件尘埃落定。 在中国，彩礼是一种传统的婚姻习俗，是男女双方以缔结婚姻为目的的一种给付，但因“彩礼”引发的纠纷时有发生。在此要提醒，适婚男女青年，要树立正确婚嫁观念，多了解婚姻法律法规，理性捍卫各自的合法权益及家庭财产。 《最高人民法院关于适用 婚姻家庭编的解释（一）》 第五条 当事人请求返还按照习俗给付的彩礼的，如果查明属于以下情形，人民法院应当予以支持： （二）双方办理结婚登记手续但确未共同生活； 适用前款第二项、第三项的规定，应当以双方离婚为条件。 《最高人民法院关于审理涉彩礼纠纷案件适用法律若干问题的规定》 第二条 禁止借婚姻索取财物。一方以彩礼为名借婚姻索取财物，另一方要求返还的，人民法院应予支持。 第三条 人民法院在审理涉彩礼纠纷案件中，可以根据一方给付财物的目的，综合考虑双方当地习俗、给付的时间和方式、财物价值、给付人及接收人等事实，认定彩礼范围。 （一）一方在节日、生日等有特殊纪念意义时点给付的价值不大的礼物、礼金； （二）一方为表达或者增进感情的日常消费性支出；,1150,http://jl.people.com.cn/n2/2024/0801/c349771-40930795.html,结婚登记;婚姻;结婚;离婚;彩礼;婚嫁;适婚;婚约;恋爱;单身
China News Service,2024/8/3,冒充军官设下“杀猪盘”骗局 这些婚恋类诈骗要警惕！,爱情从天而降，他外貌俊朗、温柔体贴，直到有一天，他说“我知道稳赚不赔的投资”，“我急需一笔钱”。这就是典型的“骗感情又骗钱”的“杀猪盘”诈骗。 诈骗分子打造优秀人设，用照片和预先设计好的虚假身份骗取受害人信任后，再以各种理由骗取受害人钱财。今年6月，公安部将这类诈骗列入十大高发电信网络诈骗类型。近日，无锡的刘女士就遭遇了“杀猪盘”诈骗。 今年50多岁的刘女士，平日喜欢刷短视频，也经常上传一些自己的生活视频，没想到她的视频却被境外诈骗分子盯上了。 无锡市锡山公安分局厚桥派出所副所长 丁长江：通过这些视频，境外人员可以看出该女子的年龄情况、身体状况、资产状况、感情情况，通过这些视频上面的一个分析，可以精准研判到该女子可能是他们可以实施诈骗的一个对象。 今年6月，平时经常给刘女士的视频点赞的网友“铁骨铮铮”加她为好友。 无锡市锡山公安分局厚桥派出所副所长 丁长江：然后跟这个男的互相聊天。这个男的自称自己没有结婚，跟这个女的比较聊得来，对她嘘寒问暖，平时也会问她吃什么，做了哪些，有什么爱好，另外也会关心她的身体。 对方自称姓林，是某集团军的中校科长。在取得刘女士的信任之后，林某无意中说起，自己有投资内幕消息，但近期在外执行任务，不好操作网络投资，希望刘女士能帮忙操作，刘女士欣然应允。 无锡市锡山公安分局厚桥派出所副所长 丁长江：刘女士发现可以赚到很多钱，于是动心之后，自称自己也想做做。然后对方就说你也可以注册一个账号，仅投入4000余元，发现第二天就赚了200多块钱。然后林某就说你这之前的投资太小了，赚不到什么钱，需要大金额投入一下，这样的话可以赚的钱更多一点。 随后，刘女士加大了投资，在平台显示的高额收益面前慢慢失去了戒备。而这个平台实际上是诈骗分子自己做的假平台。 无锡市锡山公安分局厚桥派出所副所长 丁长江：上面的金额数字都是自行可以调整的，涨跟跌之类都是可以自己操控的。 诈骗分子不断变着法子让刘女士一次次加大投资，刘女士不仅照做，甚至还透露了自己的银行存款。 无锡市锡山公安分局厚桥派出所副所长 丁长江：如果说你再多投一点，今后养老钱就不愁了。说想跟这个女的进一步发展关系，到时候我们两个人一起买套房，就可以生活在一起了。 刘女士听信了这位所谓的军官林某的话，一次次想办法筹钱进行更大额的投资。此时，林某提议刘女士到银行取现金，再与他安排的取款人见面，让对方替她进一步投资。 7月13日上午，刘女士来到家附近的银行，说要立即取款20万元。 中国工商银行无锡东亭支行运营主管 徐海燕：因为我们大额现金是要预约的，她说很着急要取，那就取少点，其他大部分就转到卡上。我们就看她存单也快要到期了，因为损失利息比较大，就问她是派什么用，这么着急要取出来，她说是家里有人撞人了，要去私了，去付现金。 银行工作人员：取这个钱，你要给个家人的电话给我们，我们要打电话核实一下，要不然这个钱没办法取给你的。 银行工作人员敏锐地察觉到事情不对劲，提醒刘女士不要轻易汇款，并希望联系她的家人进一步核实情况，然而刘女士拒绝了银行的要求。 事主 刘女士：我就算吃亏也不怪你们银行，是我的钱，又不是损失你们的钱，我要取款，肯定派用场，我才拿这个钱。 事主 刘女士：我跟你说啊，我被骗了，也不会来找你们工商银行的。 银行工作人员对刘女士劝阻无果，只好选择了报警，属地派出所民警迅速赶到现场，对当事人刘女士开展反诈劝阻工作。 无锡市锡山公安分局东亭派出所副所长 浦新华：从她的语言中感觉有点反复闪烁，包括取款的理由一直不明确。然后我就马上拿她的手机开始检查，发现安装了一些用发送的链接下载的多个小众的聊天软件，从中我们基本判断她可能与诈骗分子在聊天。我们明确告知，这肯定是在遭遇到诈骗这个情况。 办案民警：是不是发给你一个链接让你下载的？那首先第一点，这就是一个诈骗的明显的方式。正常来讲所有的App都是通过正规商城下载的。 经过进一步询问，民警得知，此前刘女士已经分两次在居住的小区附近银行取款，并根据事先约定的地点与取款人见面，将已经取出的现金交给了涉案嫌疑人。 诈骗分子(此前发送的语音信息)：账户上有30万元就取30万元，如果有25万元就取25万元。这样后天一早，我们就去取钱，然后联系工作人员上门服务，然后我存钱，这样不就不影响了吗？ 警方根据线索循线追踪，于当晚7时抓获3名嫌疑人，当场查获涉案现金8万元，随后在7月14日又抓获3名在无锡、浙江等地涉诈作案的嫌疑人。据初步核查，有关涉诈嫌疑人涉案金额达280余万元。 无锡的刘女士遭遇的是冒充军官类“杀猪盘”骗局。在婚恋类电信诈骗中，还有冒充外籍人士进行诈骗的。四川遂宁的赵女士就碰上了这样的骗局，而诈骗分子是在经营了三年，确定恋爱关系后才收网，要求她转账的。 近日，四川遂宁射洪市公安局城南派出所接某银行报警称，一名女士要求向陌生人转款，疑似遭遇诈骗。接到报警后民警迅速赶到了银行，见到了正在柜台前焦急等待转账的赵女士。 射洪市公安局城南派出所民警 蒋双全：我们当时向她询问具体情况的时候，她只说这是她的男朋友，她男朋友现在需要钱，让她帮忙转账，但是她拒绝说这个男朋友是做什么工作的。 随后民警提出要查看她的手机和聊天记录，但是赵女士却一再表示自己这是她和她男朋友的聊天记录，不能给民警看。 事主 赵女士：诈骗没诈骗我知道，百分之百不是诈骗。 在民警一再追问下，赵女士表示，她与这名“男朋友”三年前结识于网络，对方名叫“杰森”，自称是美籍华人，在叙利亚的美军维和部队服役。 通过三年的交流，“杰森”向赵女士托付了真心，并表示退役后要回到中国与赵女士共度余生。杰森说自己已将退休金换成金条，邮寄给了赵女士，然而包裹在海关被扣下了，需要赵女士帮他向他人转44000元关税取得该包裹，并承诺到达中国后会加倍还给赵女士。 事主 赵女士：才几万块钱嘛，怎么那么紧张。 射洪市公安局城南派出所民警 张筱筱：这个就是现在我们常说的“杀猪盘”。他们通过了解你的个人情况，知道你现在是单身，就对你嘘寒问暖，关心你，然后想以“谈恋爱”的方式，将你一步步引入他们的圈套。 在了解事情经过后，民警再次确认赵女士遭遇了电信网络诈骗，而赵女士当下却并不相信，自己已经网恋三年的男朋友会是个骗子。 事主 赵女士：哎呀他骗了我再说嘛，这个你放心。 民警：这个就是明显的交友“杀猪盘”诈骗。 在民警的反复劝说下，赵女士终于幡然醒悟，并且当场将诈骗分子拉黑，表示自己不会再与对方联系了。民警也为赵女士的手机下载了国家反诈中心App。 冒充海外军官是婚恋类电信诈骗的惯用人设。诈骗分子会根据受害人的财力情况不断变换理由，提出转账要求。江苏盐城的高女士，也遇到了在海外执行任务的假军官，而他向高女士索要钱财的理由，是自己遭遇了变故，急需用钱。 江苏盐城的高女士在微信群里认识了一名自称正在国外执行任务的“军人”。日常聊天中，对方经常嘘寒问暖，并发来提前准备好的生活照片和“军装照”。一来二去，高女士逐渐放下心中戒备，完全相信了对方的身份，两人关系逐渐升温。 盐城市滨海县公安局陈涛派出所所长 胡俊：据我们警方了解，没过多久，对方就和当事人高某联系，称自己在训练中腿部受伤，但是国外医药费非常高，超出了他的承受能力，是他的一位“长官”帮他垫付的医药费，于是他请高某帮他把钱还给“长官”。因为高某非常同情他，也非常信任他，于是就答应了他的请求。 对方提出，让高女士添加“部队长官”的微信进行转账，高女士欣然接受。随后，高女士赶至银行，准备给这名所谓的“部队长官”转账30000元。 银行工作人员怀疑其被骗，立即拨打了110报警，派出所民警接警后，迅速赶至银行。 盐城市滨海县公安局陈涛派出所民警 戴军：我们详细询问了事情经过，并指出这是一起典型的“杀猪盘”式诈骗，但是高女士被诈骗分子深度洗脑。 事主 高女士：你说人家是骗子，人家不推销。 银行工作人员：既然不是骗子，那你给人家调查一下。 派出所民警在现场劝说无果后，将高女士带回了派出所，继续进行劝阻。 劝阻同时，民警还向属地反诈中心申请对高女士所有的银行账号进行紧急止付。经民警反复劝阻，高女士终于醒悟，同意删除与骗子的所有联系方式，避免了3万元的经济损失，并签署了反电信网络诈骗承诺书。（央视新闻客户端） 【,3389,https://www.chinanews.com.cn/sh/2024/08-03/10263028.shtml,结婚;婚恋;恋爱;单身;对象
People.cn,2024/8/3,一份检察建议撤销一段冒名婚姻--社会・法治--人民网,“在贵院大量调查核实工作的基础上，我院已向市民政局制发检察建议，市民政局已撤销涉案当事人的婚姻登记。”前不久，四川省达州市大竹县人民检察院收到一封来自千里之外湖北省仙桃市人民检察院的感谢信。 历时一个月，跨越两省三市，一起长达20年的“冒名”婚姻登记案在川鄂两地检察机关的努力下得以监督解决。 湖北仙桃的李先生前不久有件烦心事，他的离婚申请又被拒绝了。 李先生已经记不清这是第几次了，10多年来，他的个人婚姻状态经多种途径申请均无法变更。“她在小孩未满一岁时突然无征兆离家出走，至今我都不知道她去哪儿了。”杳无音信的妻子，破碎的婚姻，数次的奔波，李先生觉得身心俱疲。 2024年5月初，李先生到仙桃市民政局申请离婚，并向工作人员详述了其与“杨兰”登记结婚的过程。“我和‘杨兰’进行婚姻登记时，女方身份信息不完全真实。”当年不合程序的登记，为这段婚姻埋下了隐患。由于李先生与妻子已经失联多年，无法证明“杨兰”真实身份，且二人婚姻并非胁迫等法定撤销情形，民政局无法撤销其婚姻关系。 本以为这次又是“竹篮打水一场空”，仙桃市民政局却告知李先生虽然该局无法依职权撤销冒用或虚假方式办理的婚姻登记，但根据《关于妥善处理以冒名顶替或者弄虚作假的方式办理婚姻登记问题的指导意见》规定，他这种情况可由检察机关行使监督职能调查核实后，制发检察建议督促民政部门撤销。 事情似乎有了转机。按照仙桃市民政局的提示，李先生来到仙桃市检察院申请行政诉讼监督。提交了相关材料，李先生告诉检察官自己当年结婚的妻子应该是叫潘青青（化名），而非“杨兰”。经审查，仙桃市检察院认为这极有可能是一起“冒名”顶替婚姻。 为查清事实真相，2024年5月，仙桃市检察院发出《协助调查函》。收到线索后，大竹县检察院立刻展开调查核实。 “目前我们掌握‘杨兰’的信息比较全面，可以先从她入手。”大竹县检察院第四检察部主任蒲波认为，“杨兰”的身份证号码、户籍地均已明确，找起来应该会轻松一些。因为“杨兰”登记的户籍地是大竹县杨家镇，蒲波决定直奔杨家派出所。 “经四川省人口信息系统查询，杨兰，女，汉族，身份证号为5130291983×××，在我辖区查无此人。”结果令人大失所望，当初结婚登记时留下的身份证号非但不属于“杨兰”，甚至没有对应的人，是一个虚构的号码。 虽然身份证号码不存在，但“杨兰”这个名字会是真实存在的吗？通过查询，在杨家镇的辖区登记人口里果然出现了“杨兰”的名字。这个杨兰生于1984年，不仅和“杨兰”名字一样，甚至身份证号码都只相差年份尾数和末位这两个数字。但由于杨兰的登记住址在杨家镇一个比较偏远的村里，蒲波等人无法立即前往，只好拜托民警调取杨兰的常住人口变动轨迹信息。 令人意外的是，杨兰一直以来的人员业务轨迹信息从未离开过大竹县，且含有多次连续月的项目变更业务。出于办案经验，蒲波判断此杨兰应该非彼“杨兰”。但由于其住址偏远无法立即实地走访调查核实，“杨兰”的身份线索进展暂时中断。 根据李先生自述，由于时间太久远，他早已记不清妻子的真实姓名，但当年称呼妻子的是另一个名字――潘青青。潘青青是真实姓名的可能性很大。输入潘青青，杨家镇的常住人口里仅有两人。一个生于1999年，2004年时年仅5岁，年龄明显不符合。另一个生于1986年，同“杨兰”出生年份相近。 登记信息显示，这个潘青青的住址离派出所很近。蒲波决定即刻兵分两路，一边让同事留下来继续梳理她的常住人口变动轨迹信息，一边自己带人实地走访。但是结果也不乐观，她的行动轨迹同“杨兰”大相径庭，真实性也得到了其左邻右舍的佐证。 铩羽而归，大家再次对掌握的线索进一步分析。 “难道‘杨兰’是为了骗婚提供了假户籍信息？”“可能是杨兰的身份证丢失后被冒用？”其他检察官提出疑问。 “‘杨兰’和李先生没有钱财物的纠纷，还共同孕育了一个孩子，骗婚可能性极小，没必要虚构户籍信息。”蒲波提出相反意见，“是否身份证遗失，要进一步核对。” 李先生提过妻子是四川省达州市人，户籍信息能匹配上，而且杨家镇刚好有一个和身份证号码高度相似的杨兰，难道仅仅只是巧合？不放过一丝希望，蒲波等人决定找到杨兰本人深入了解。 按照登记户籍地址，在第三次上门时，蒲波终于见到杨兰本人。询问比对之后，确认了杨兰并非结婚登记照片上的女子，从未到过湖北，没有遗失过身份证，且婚姻关系中丈夫也并非湖北籍男子。提及潘青青，杨兰似有顾虑三缄其口。经过检察官多次提醒，杨兰承认自己表妹就叫潘青青，是她姑姑的女儿，1986年出生，第一次婚姻就是嫁到湖北。 同行检察官立即拿出结婚登记照片和杨兰确认。但杨兰称，姑姑一家很早之前就搬到成都，他们已经很久没有见面了，也不太确定照片中的人是否就是自己的表妹。不过她还留着姑姑的电话可以联系。通过这个电话号码，检察官辗转联系上了身在成都的潘青青。 经过信息比对，检察官确认同李先生结婚的“杨兰”就是杨兰的表妹潘青青。 在对潘青青及其家人询问核实时，检察官了解到潘青青初中还未毕业便只身前往湖北打工，因为当时未满16周岁，母亲就拿杨兰的户口本为其办了一张假身份证。为看起来更逼真，身份证更换了潘青青的照片，号码只修改了两个数字，其余均未改变。潘青青16岁和李先生相识，17岁发现怀孕两人便决定结婚。但因为潘青青当时未到法定结婚年龄，就用“杨兰”的假身份证进行了婚姻登记。 至此，真假“杨兰”分辨清楚，李先生的妻子究竟是谁终于水落石出。 经过查证，李先生与“杨兰”的婚姻登记确系由潘青青冒名顶替办理。基于查清的事实，大竹县检察院将调查报告和其他佐证材料一并移交至仙桃市检察院。 6月17日，仙桃市检察院向仙桃市民政局发出检察建议书，建议仙桃市民政局撤销该案婚姻登记信息。 7月3日，仙桃市民政局复函，决定撤销李先生与“杨兰”的结婚登记。李先生这起离婚引起的行政争议得到有效化解，他的婚姻登记也回到了正常状态。（杨傲多、邹双优、陈静娴）,2422,http://society.people.com.cn/n1/2024/0803/c1008-40291709.html,婚姻登记;结婚登记;婚姻;结婚;离婚;骗婚
CCTV,2024/8/4,多地明确：8月10日七夕节当天婚姻登记处上班,根据《武汉市人民政府办公厅关于全市部分公共服务窗口延长服务时间的通知》，武汉各婚姻登记处一直提供周六延时服务，延时服务期间的工作时间为9:00—16:00。 今年“七夕”恰逢周六，武汉市各婚姻登记处将如常开展周六延时服务，全力做好服务保障。 南京各区婚姻登记处，周一到周六正常上班（除法定节假日）。所以8月10日是可以办理结婚登记的。 8月10日（周六）上午，常州市各辖市区婚姻登记处都将“为爱加班”，为新人办理结婚登记。 今年七夕当天，8月10日（周六）苏州全市婚姻登记处正常上班。 据江苏省婚姻登记网上预约系统显示，目前苏州市各婚姻登记机关，8月10日七夕节当天，网上预约显示已满，不过可到现场排队取号办理。 今年七夕当天，扬州全市各婚姻登记机关正常办理婚姻登记业务。 8月10日，七夕节当天，平顶山全市10个婚姻登记处“不打烊”，加班为新人办理结婚登记并提供优质服务。 7月30日，记者从郑州市民政局获悉，该局近日已下发《关于做好“七夕节”结婚登记服务工作的通知》，请各区县（市）民政部门积极响应群众需求，安排婚姻登记处8月10日（七夕节）正常办公，并提前在民政部门官网公告、婚姻登记处张贴上班通知，明确预约登记的途径和时间。 “让新人们高兴而来、幸福而归。”为了满足新人们的美好心愿，郑州市民政部门为爱加班。 为深入践行“民政为民、民政爱民”工作理念，积极响应群众需求，洛阳市各婚姻登记处在8月10日（七夕节）正常办理结婚登记业务。您可通过办公电话向所需婚姻登记处预约办理时间、咨询相关问题。,650,https://news.cctv.com/2024/08/04/ARTIic9em963FkX8syqsziDQ240804.shtml,婚姻登记;结婚登记;婚姻;结婚
People.cn,2024/8/4,身份被冒用，遭遇“重婚”该怎么办--社会・法治--人民网,婚姻登记是严肃而神圣的，男女双方应当基于诚实守信的原则，在符合法定条件下，通过国家的婚姻登记部门办理相关登记手续。 现实生活中，有人因为年龄、身份抑或是其他原因，采取冒充他人或弄虚作假的方式来骗取合法婚姻登记，这种行为不仅会干扰正常婚姻管理秩序，还会影响他人合法权益的正常行使，更可能掩盖了拐卖妇女、骗婚、重婚等违法犯罪情形。 18年前，黎某在毫不知情的情况下，被邻居赵某冒用身份信息与他人登记结婚。多年后，黎某申请再婚登记时被拒，因为婚姻登记管理系统显示，2007年至2009年期间，黎某有两个婚姻登记事实，涉嫌重婚。 向民政部门申请撤销婚姻登记被拒后，黎某向法院提起行政诉讼，因超过法定起诉期限被裁定驳回。江苏省苏州市人民检察院通过大数据法律监督平台发现了这一线索，移交至姑苏区人民检察院。 “由于‘冒名’办理婚姻登记的情形不符合撤销婚姻登记的法定条件，民政部门无法撤销登记。”姑苏区检察院检察官李洲颜介绍，实际上黎某并不认识与其在苏州“结婚”的吴某，而是当年赵某的父亲向其父亲借用了户口本，当时未到结婚年龄的赵某冒用黎某身份办理了一张身份证，在苏州与吴某结婚，两人于2009年离婚。 为了帮助黎某走出困局，2023年12月，姑苏区检察院在调查核实后，根据相关法律规定，向民政部门制发检察建议书，建议对黎某被赵某冒用身份信息作出的婚姻登记作出处理，依法维护当事人的合法权益。2024年3月5日，民政部门回函称，已采纳检察建议。目前，黎某已如愿领到了结婚证。 无独有偶。安徽省天长市的李某在申请贷款时被告知其在系统中有两次婚姻登记记录，其中一次是与江苏金湖的王某，但李某并不认识王某，也从未去过金湖。 和黎某面临的情况一样，由于该婚姻登记已超过20年，在没有确凿证据的情况下，难以认定冒名登记情况，民政部门无法自行撤销，但若提起行政诉讼也已过起诉期限。无奈之下，李某前往金湖县人民检察院申请监督。 该案承办检察官何奕介绍，2003年，已怀孕的张某因未达到法定婚龄，在熟人的帮助下“借”来李某的户口簿，冒用了李某身份与王某登记结婚。2005年11月，李某与赵某在安徽登记结婚。2014年1月，张某与王某以真实身份再次办理婚姻登记。 金湖县检察院根据调查核实的情况，认为该婚姻登记应当予以纠正，遂向民政部门发送检察建议书，建议撤销李某与王某的婚姻登记。民政部门收到检察建议后予以采纳，目前李某已收到撤销婚姻登记决定书。 “婚姻登记绝非儿戏，冒名顶替或弄虚作假绝非长久之计，切不可为解一时之忧而误一世安宁，只有合法合规的婚姻登记才能带来美满幸福的家庭生活。”东台市人民检察院检察官朱筱艳告诉《法治日报》记者，此前该院办理的一起案件，当事人黄某某伪造了“张某兰”的身份与他人结婚，由于系虚构身份，其在参加社保、出行购票等方面困难重重。 尽管黄某某后来取得了合法身份，但申请撤销先前的婚姻登记却遇到困难，黄某某遂与家人向东台市检察院申请监督。在对黄某某相关信息以及其与丈夫王某生活情况进行调查核对后，向当地民政部门制发检察建议书，建议撤销之前的婚姻登记。民政部门采纳建议后，撤销了王某与“张某兰”的结婚登记。后黄某某以其真实身份与王某重新登记结婚。 “黄某某在中国已生活30余年，家庭幸福，现实表现良好，但弄虚作假的行为扰乱了婚姻登记管理秩序，所以我们联合民政部门对黄某某和王某进行训诫谈话。”朱筱艳说。 淮安市人民检察院检察官谢晓莉告诉记者，婚姻登记事关婚姻关系保护，事关当事人合法权益维护，事关社会主义婚姻家庭制度巩固。少数人出于种种目的，故意使用虚假身份信息或者冒用他人身份信息办理婚姻登记。近年来，随着互联网、大数据等技术的发展，这些重复登记、以非真实身份办理婚姻登记的情况陆续被核查发现。但遇到这类纠纷以什么程序处理，缺乏明确规定，且现实中受害者举证难，申请自行撤销难，处理此类纠纷面临不少困境。 在江阴市人民检察院办理的一起案件中，姐姐周丽被自己的亲妹妹周兰冒用了身份与他人结婚，直到周丽要购买学区房办理贷款时，才发现自己居然结了两次婚。“依托于我院与民政部门建立的线索移送机制，当天就将这条线索移送给我们，当天就受理。”江阴市检察院检察官陈忠宇说。 后经调查发现，周兰以周丽身份制作的假身份证仅用于找工作与结婚，且早已销毁。周兰伪造身份证件的行为已过10年追诉时效，且无涉诉涉执行案件，撤销错误婚姻登记不会对案外人的利益产生影响。据此，该院向民政部门制发检察建议书，建议依法撤销该婚姻登记。目前，该婚姻登记已被撤销。 2021年，最高人民检察院、最高人民法院、公安部、民政部联合制定并下发《关于妥善处理以冒名顶替或者弄虚作假的方式办理婚姻登记问题的指导意见》明确，人民检察院根据调查核实认定情况、监督情况，认为婚姻登记存在错误应当撤销的，有权及时向民政部门发送检察建议书。民政部门收到公安、司法等部门出具的事实认定相关证明、情况说明、司法建议书、检察建议书等证据材料，应当对相关情况进行审核，符合条件的及时撤销相关婚姻登记。 李洲颜告诉记者，冒名婚姻登记行为目前不属于可撤销婚姻或者婚姻无效情形，涉及的当事人难以通过法定程序自行撤销；又因不存在真实婚姻关系，也难以通过民事诉讼获得救济，行政诉讼往往又因已过起诉期限无法进入实体审理。“为切实维护当事人合法权益不受侵犯，检察机关应依职权主动履职，主动听取行政机关纠错存在的困难和问题，打通司法与行政的堵点。”李洲颜表示，由于超过起诉时限，法院会按照法律规定裁定驳回当事人的起诉，案件无法进入实体审理。当事人可以向检察机关申请监督，检察机关通过履行行政检察职能，向民政部门制发检察建议，促进问题实质性解决。 此外，公民要保管好个人身份证件，不要随意出借给他人，以防被他人冒用。同时，要及时维护自身合法权益，防止因超过起诉时限导致案件无法进入实体审理。（罗莎莎）,2406,http://society.people.com.cn/n1/2024/0804/c1008-40291981.html,婚姻登记;结婚登记;婚姻;结婚;离婚;再婚;婚龄;重婚;骗婚
CCTV,2024/8/5,催婚催出命案？印尼男子将邻居殴打致死,7月29日，在印度尼西亚的苏门答腊北部，一名男子称因对邻居经常问他为什么还没有结婚感到不满，用棍棒将其殴打致死。 据报道，当天晚上8点左右，受害者阿斯金刚到达西曼甘巴特市场的摊位，并停放好摩托车时，在毫无征兆的情况下，就被手持棍棒的西雷加尔袭击了。 阿斯金无法抵抗，试图逃跑，但西雷加尔依旧穷追不舍，在大街上用棍棒击中了阿斯金的头部。阿斯金摔倒昏迷后，西雷加尔也没有停止殴打行为。直到周围居民发现这一情况，才阻止了西雷加尔的行为，并叫来了救护车。 袭击发生后的1小时内，警方逮捕了西雷加尔，但阿斯金在送往医院的路途中不幸身亡。 当地警察局公共关系主管玛丽亚表示，两人为邻居关系，阿斯金的房子就在西雷加尔的旁边。受害者阿斯金是一名60岁的退休官员，西雷加尔是一名45岁的单身人士。 谈到西雷加尔的作案动机，玛丽亚总结道，受害者经常开玩笑，导致阿斯金受到了心理伤害。 通过审讯，西雷加尔告诉警方，他之所以袭击阿斯金，是因为阿斯金经常嘲笑他是一个45岁的单身汉，还不断问他什么时候结婚。他终于无法忍受，才决定用武力解决这个问题。 不过，其他邻居对此事有不同的看法，认为袭击前两人确实有冲突，但并不是由于催婚问题，而是两人都饲养家禽，鸡时不时地跑到对方的地盘上，导致双方为此发生了争执。,539,https://news.cctv.com/2024/08/05/ARTI8dqVeQ86LT6G634iIkBw240805.shtml,结婚;催婚;单身
People.cn,2024/8/5,巴中通江：多点发力 对高价彩礼说“不”,为进一步弘扬时代新风，传承中华民族传统美德，引导广大群众共同抵制高价彩礼、人情攀比等陈规陋习，巴中市通江县积极开展“抵制高价彩礼 倡导文明婚俗”宣传引导工作，让文明乡风、良好家风、淳朴民风蔚然成风。 在通江县春在镇秦家岭村，只要一提起杨涛和向琳小两口，村民们都会竖起大拇指。 事情得从3年前说起。2021年，杨涛和向琳经人介绍，相识相恋；2023年底，两人决定步入婚姻殿堂。在双方父母坐在一起商量结婚事宜时，向琳一家毅然提出“不要彩礼”。 据悉，向琳的娘家在麻石镇红梁村，父母和哥哥常年在成都等地务工，家庭收入并不高。听说岳父母不要彩礼，杨涛一开始还不太相信。不要彩礼一事，其实早在和杨涛恋爱时，向琳就跟父母商量好了。“我觉得彩礼要得越多，越会给男方家庭带来负担，甚至还会为两个家庭之间带来不必要的矛盾。我想我们婚后靠自己的双手勤劳致富，一定会经营好自己的小家。”向琳说，此后，双方父母商议，共同为他们出一部分资金，由小两口自己用来发展事业。 今年正月初六，杨涛和向琳喜结良缘，婚宴就在杨涛自家开办的餐馆举行。因为不收彩礼，他家还被评为了村里的“零彩礼倡导户”，门前红色的荣誉牌和大红喜字，格外引人注目。 随着移风易俗的理念深入人心，越来越多的群众开始摒弃大操大办、高额彩礼观念，把儿女的幸福放在了第一位。“亲家那边问我们要好多彩礼，我当时就讲‘不说彩礼的话，我们开了亲就是一家人！’”春在镇棋子顶村村民赵芳英说。 如今，在通江县，“婚礼举办要从简，村规民约记心间”“抵制大操大办、推进移风易俗”等宣传标语随处可见，文明新风尚正在形成，婚礼也逐渐回归到去繁从简的“喜庆本源”。近年来，“简约不减爱，悦爱越精彩”婚俗改革主题宣传演出活动一场接一场地在通江县多个乡镇（街道）、村（社区）举行，以群众喜闻乐见的形式倡导文明新风。 日前，一场主题为“抵制天价彩礼”的宣讲会在春在镇棋子顶村开讲。宣讲会结合鲜活事例，倡导大家不拿金钱作为衡量幸福的标准，不要让高额彩礼绑架了美好婚姻，宣讲内容生动有趣、通俗易懂，现场不时响起热烈掌声。“我们村会定期开展这样的活动，倡导大家婚事新办、简办。”棋子顶村相关负责人表示。 这是通江县推进移风易俗的一个缩影。为了做好移风易俗工作，通江县通过志愿者、社会工作者进基层、进社区，开展婚俗改革宣讲活动，将婚俗改革纳入村规民约和居民公约，将婚事操办写入红白理事会章程，定期开展文艺汇演，编排移风易俗快板、歌舞、小品等，做好群众思想工作。此外，通过抖音、微信等新媒体平台，广泛宣传家风家教、婚姻法律法规等，引导群众抵制高价彩礼，破除陈规陋习，树立健康、文明、向上的婚姻理念。 通江县民政局社会事务股股长李恒波表示，近年来，通江县积极推进婚俗改革，倡导“零彩礼”、婚事简办新办，学酒、满月酒等无事酒明显减少，大操大办风气明显减弱，群众经济负担明显减轻。 为大力推动移风易俗，近年来，通江县创新工作方法，倡树文明新风。 在婚姻登记场所悬挂“治理高价彩礼、反对大操大办、推动移风易俗”等标语。在婚姻登记时，也要求当事人填写婚嫁彩礼报备表，签订承诺书，促使当事人破除传统陋习，倡树文明新风。 对婚介机构、民间媒人进行登记造册，成立“红娘”行业协会，开展政策解读、普法教育和职业道德培训，签订从业承诺书，倡导从业人员遵守社会公德和职业道德，诚信服务，规范从业，加强行业日常监管。 同时，充分发挥群众优势，组织自管自治。367个村（居）成立了红白理事会，吸纳本村德高望重、热心公益的老党员、老干部、老教师、老模范等乡贤参与到理事会中。将彩礼限高标准以及相关惩戒措施写入村规民约、居民公约、红白理事会章程，明确婚丧事宜规定、办事程序、彩礼限高标准、人情礼金、酒宴标准，形成了“有人管事、按章理事、机制健全、服务规范”的工作机制。（李恒波、符理）,1575,http://sc.people.com.cn/n2/2024/0805/c407319-40934681.html,婚姻登记;高价彩礼;天价彩礼;婚姻;结婚;彩礼;婚俗;婚嫁;婚介;恋爱;婚礼
People.cn,2024/8/5,楚雄检方介入破解“离不掉”的婚姻,【案情】2009年2月，缅甸籍女子雷某某冒用瑞丽市户育乡“张某某”的身份信息与男子余某某在楚雄市民政局登记结婚。2020年1月，雷某某下落不明。余某某到法院起诉，多次向相关部门反映皆无果，余某某与“张某某”离不掉的婚姻严重影响其日常生活。 今年2月，余某某到楚雄市人民检察院申请撤销婚姻登记行政检察监督，检察官在审阅申请材料后，启动调查程序，向相关部门进行调查。通过调取证据材料、走访证人，检察官确认雷某某冒用瑞丽市“张某某”身份信息，与余某某在楚雄市民政局登记结婚的事实属实。 4月19日，检察院召开案件公开听证会，邀请人民监督员、市人大代表、市政协委员、婚姻登记机关负责人及申请人的委托代理人参加，充分听取听证员对检察机关向民政部门制发撤销婚姻登记检察建议的意见和建议。 经公开听证，听证员一致同意检察机关发出检察建议。随后，检察院向民政部门送达检察建议。民政部门采纳检察建议，困扰当事人多年的婚姻登记于5月底被撤销，当事人余某某、雷某某被纳入婚姻登记领域严重失信人名单，由相关部门进行联合惩戒。 【释法】最高人民法院、最高人民检察院、公安部、民政部《关于妥善处理以冒名顶替或者弄虚作假的方式办理婚姻登记问题的指导意见》第二条规定，人民检察院办理当事人冒名顶替或者弄虚作假婚姻登记类行政诉讼监督案件，应依法开展调查核实，认为人民法院生效行政裁判确有错误的，应当依法提出监督纠正意见。可以根据案件实际情况，开展行政争议实质性化解工作。发现相关个人涉嫌犯罪的，应当依法移送线索、监督立案查处。 人民检察院根据调查核实认定情况、监督情况，认为婚姻登记存在错误应当撤销的，应当及时向民政部门发送检察建议书。（闵以荣）,706,http://yn.people.com.cn/n2/2024/0805/c361322-40934023.html,婚姻登记;婚姻;结婚
China News Service,2024/8/6,40余名两岸婚姻子女在江苏参加夏令营体验中华文化之美,中新网 宿迁8月6日电 (记者 朱晓颖)“我印象最深的是宿迁市博物馆所藏的乾隆皇帝老师的书法真迹”“在项王故里，一棵古槐树和它的子代树，还有沉浸式历史舞台剧《鸿门演义》，都给我留下深刻印象。”连日来，来自江苏和台湾的40余名两岸婚姻子女在江苏省宿迁市参加江苏省首届两岸婚姻子女夏令营。 5日，夏令营在宿迁开营，为期一周的参访行程包括：参观项王故里、洪泽湖湿地，参加西楚文化课程讲座，学习京剧、太极拳，体验宿迁玻璃制作、非遗桃雕技艺，参加苏台青少年交流联谊活动等。 夏令营的营员均为小学生及初中生。营员代表杨沁颉表示，她小学的大部分时间在台湾，对大陆的一切充满好奇。希望通过这次走进江苏、行读江苏的机会，增长新知识，结交新朋友。(完),316,https://www.chinanews.com.cn/gn/2024/08-06/10264324.shtml,婚姻
People.cn,2024/8/6,央视《今日说法》《一线》栏目专题报道沿滩公安侦破的这起婚恋诈骗案,2024年6月13日，CCTV-12《一线》栏目以《“多情”的男神》为题专题报道了沿滩公安侦破的一起婚恋诈骗案。2024年8月3日，CCTV-1《今日说法》栏目又以《危险的“重逢”》再度专题报道该起案件。 案件讲述了2021年的一次重逢，嫌疑人王某将自己塑造成为中年离异的成功男性，联系上自贡市民受害人蒋女士，再度忆起往事互诉衷肠。2021年至2022年5月期间，王某向蒋女士编造自己悲惨的过往经历以博取同情，并为蒋女士“画大饼”、许诺言，使受害人陷入甜蜜的陷阱。随后，嫌疑人王某便露出真实面目，以自己做生意、接项目需要资金为由，并多次伪造自己发生各种“意外”，骗取受害人蒋女士的钱财，先后诈骗受害人66万余元。 由于王某索要钱财的理由真假参半，又无具体事件的地址和时间，编造理由的发生地多在外省，为坐实案情、固定证据，沿滩公安办案民警先后奔赴西藏、昆明等地，将嫌疑人的谎言拆破，并将嫌疑人抓获归案。 目前，王某已被依法判处10年6个月有期徒刑。（徐子媛 自贡融媒记者 王梓薇 周敏）,442,http://sc.people.com.cn/n2/2024/0806/c345167-40935530.html,婚恋
China News Service,2024/8/7,山东省各地婚姻登记机关提供七夕节延时服务,本报济南讯 今年8月10日为七夕节，恰逢星期六。记者近日从省民政厅获悉，为进一步优化婚姻登记服务，不断提升便民服务质效，弘扬优秀传统文化，今年各地婚姻登记机关响应“为爱加班不打烊”，提供七夕节延时服务，提前做好七夕当天值班安排，并提前发布预约号，满足多样化、个性化的结婚登记需求。 今年3月，省民政厅下发通知，组织16市在元旦、劳动节、七夕节(农历七月初七)、中秋节(农历八月十五)、国庆节等节假日当天，开展结婚预约登记服务。济南市槐荫区印象济南、青岛市黄岛区电影博物馆、淄博市马踏湖湿地公园及牛郎织女景区、泰安市泰山区红门景区、日照市莒县莒国古城、菏泽市东明黄河国家湿地公园等景区里的特色婚姻登记服务场所，持续提供节日服务，为新人幸福添彩，助力地方“甜蜜经济”发展。 我省各地民政部门在做好登记服务各项准备工作的同时，还紧扣节日主题，筹备集体颁证仪式、集体婚礼、婚俗文化展演、婚姻家庭辅导讲座、婚俗改革宣传服务等公益活动，倡导喜事新办、文明节俭的价值观念，传递积极健康、向上向善向爱的正能量。 【,449,https://www.chinanews.com.cn/sh/2024/08-07/10264915.shtml,婚姻登记;结婚登记;婚姻;结婚;婚俗;婚礼
People.cn,2024/8/7,普法小讲堂 | 《民法典》之配偶婚前隐瞒重大疾病，婚后可以要求撤销婚姻吗？,李某与王某新婚不久，偶然发现王某在家中服用不知名药物。李某询问王某时，王某支支吾吾，表示近期太累，是辅助睡眠的保健品。不放心的李某多次追问婆婆才得知王某患有精神分裂症，且并未痊愈，需要按时服用药物。李某认为自己受到了欺骗，以王某婚前患有重大疾病，且未如实告知为由，向法院起诉要求撤销其与王某之间的婚姻关系。 《民法典》第一千零五十三条规定：一方患有重大疾病的，应当在结婚登记前如实告知另一方；不如实告知的，另一方可以向人民法院请求撤销婚姻。 请求撤销婚姻的，应当自知道或者应当知道撤销事由之日起一年内提出。 《民法典》第一千零五十四条规定：无效的或者被撤销的婚姻自始没有法律约束力，当事人不具有夫妻的权利和义务。同居期间所得的财产，由当事人协议处理；协议不成的，由人民法院根据照顾无过错方的原则判决。对重婚导致的无效婚姻的财产处理，不得侵害合法婚姻当事人的财产权益。当事人所生的子女，适用本法关于父母子女的规定。 婚姻无效或者被撤销的，无过错方有权请求损害赔偿。 该案中，王某在办理结婚登记前知晓自身患有精神分裂症，且并未痊愈。王某患有的精神分裂症系医学上认为影响结婚的精神疾病类型，影响夫妻正常生活，为重大疾病。王某未在结婚登记前如实告知李某病情，侵犯了李某的知情权，影响了李某结婚的真实意思表示，符合可撤销婚姻的法定情形，基于此李某享有撤销婚姻的权利。李某应在知情撤销事由之日起一年内申请撤销婚姻。 婚姻当事人对缔结的婚姻关系享有信息知情权，是否患有重大疾病，属于缔结婚姻之前双方应当知晓的事项，一方患有重大疾病，应该在婚前向对方坦诚相告，让对方在知情的情况下作出是否愿意结婚的真实意思表示。《民法典》对婚前隐瞒重大疾病的情形作出了可以撤销婚姻的规定，撤销的婚姻自始没有法律约束力，当事人不具有法律效力，双方共同生活期间的关系定性为同居关系。同居期间所得财产由当事人协议处理，协议不成，由人民法院根据照顾无过错方的原则解决。同时《民法典》还赋予了无过错方主张损害赔偿的权利。但是需注意，以未告知患有重大疾病为由，请求撤销婚姻的期限是一年，从知道或应当知道对方患有重大疾病之日起计算。（王静怡 王欣婷）,902,http://jl.people.com.cn/n2/2024/0807/c349771-40936962.html,结婚登记;婚姻;结婚;重婚;夫妻;配偶
CCTV,2024/8/8,多地婚姻登记处七夕当天“为爱值守”,央视网消息： 再过两天就是中国传统节日“七夕”了，今年的“七夕”恰逢周六，为方便新人登记领证，江苏多地明确周六正常开放婚姻登记服务。截至7日，七夕当天江苏婚姻登记预约数量已达8000对。 根据规定，江苏的婚姻登记可提前2至30天进行网上预约，截止到8月7日18时，江苏各地民政部门115个婚姻登记处七夕当天预约数量已约8000对，不少婚姻登记点网上预约已经满额。为满足登记需求，部分登记点采取线上线下相结合的方式，未能在网上预约成功的准新人也可于当天前往婚姻登记处排队办理。 据了解，这个七夕节多个登记处还将推出各具特色的登记仪式与婚俗活动，发放礼包，向新人们送上美好祝福。,287,https://news.cctv.com/2024/08/08/ARTIEFOihbKJfrQLhfXYoHAS240808.shtml,婚姻登记;婚姻;婚俗
CCTV,2024/8/9,上半年结婚登记数创新低，中国人真的不结婚了？,七夕将至，多地民政局“为爱加班不打烊”，然而步入婚姻的中国人可能越来越少了。 近日，民政部发布的《2024 年 2 季度民政统计数据》显示，今年上半年，全国结婚登记 343 万对，离婚登记 127.4 万对。其中，今年上半年的结婚登记数仅为 2014 年同期 694 万对的一半左右，创下近十年新低。 通过往年的数据来看，除 2020 年受疫情因素影响，近十年来上半年结婚登记数普遍高于下半年。人口学者何亚福据此推算，预计 2024 年全年结婚登记对数约为 660 万对，这将是自 1980 年以来的最低值。 导致这种现象的一部分原因是，适婚年龄人群在逐渐减少。从 2014 年到 2022 年，20-40 岁的人口已经减少了 5509.9 万人。而在现有的适婚年龄人群中，男多女少的性别挤压情况严重——2021 年，20-40 岁适婚年龄男性比女性多 1752 万人，性别比是 108.9。 尽管有这种客观因素的影响，但年轻人的婚姻观念的确在逐渐改变：“不婚不育保平安”“单身摆烂”等种种调侃层出不穷。 一些年轻人选择给虚拟 CP 办婚礼，或者给自己和钟爱的纸片人们举办婚礼；在豆瓣不婚不育的小组里，小组成员们探讨着不婚不育后未来的养老问题。 种种现象之下，难道中国人真的不结婚了吗？ 从终身不婚率来看，不结婚的中国人仍然只是少数。 人口学计算总和生育率时，将女性生育年龄上限定为 49 周岁。因此，国内一些研究者将 50 岁及以上的未婚人口界定为终身不婚群体。从 1990 年到 2020 年，中国人的终身不婚率始终在 2%以下。 与同处于东亚文化圈的日本相比，我国的普婚特征更为明显。2020 年，中国男性的终身不婚率为 3.25%，女性的终身不婚率为 0.24%。而日本已经进入了“婚姻冰河期”——2020 年，男性终身不婚率高达 14.1%，女性终身不婚率也有 7.71%，而 20 年前的这两个数据还分别只有 4.85%、3.93%，增长相当迅猛。 此前，日本国家统计局将“50 岁未婚率”称为“终身不婚率”。若运用此数据，日本的终身不婚现象将更加明显——2020 年，日本男性 50 岁未婚率为 28.25%，女性 50 岁未婚率为 17.81%。 而像美国等国家的终身不婚率也同样远高于中国。2020 年美国人的终身不婚率为 8.92%。目前来看，中国仍是一个“普婚”国家，而非“世界单身大国”。 近 20 年来，中国男性的终身不婚率远高于女性群体。 据第七次人口普查数据，受教育程度低的男性，终身不结婚的可能性大。女性则正好相反，受教育程度越高的女性，终身不结婚的可能性才越大。 未来终身不婚的老年人群体中，城市女性占比增加的可能性较大。中国社会科学院人口与劳动经济研究所副研究员王磊在其论文中写道，这是因为东部城市地区中高学历、高收入和高职位“三高”女性的人口规模将持续增加，而城市大龄未婚女性增多将导致女性终身不婚率提高。 中国人民大学人口与发展研究中心教授翟振武研究发现，尽管中国 20-29 岁未婚人群的比例在逐年增高，但在 35 岁之后的未婚人口比例却一直保持在较低的水平。这意味着，尽管越来越多的人不会在 20-29 岁时结婚，但基本上都会选择在 35 岁之前结婚。 结婚登记数下降的背后：晚结婚、适婚人群减少 从 2013 年到 2022 年，全国多地结婚率大幅下降。安徽在近十年中结婚率降幅最大，仅有西藏的结婚率出现增长。 经济学者任泽平在《中国婚姻报告 2021》中提到，中国“深度老龄化”的省份包括安徽、四川等，这些省份受到老龄化和人口流动等因素的影响，如果长期存在人口流出，则结婚率下滑更加明显。 如果只看 2022 年各地的结婚率，河南、贵州、西藏等地的结婚率最高，而上海、福建等地的结婚率最低。 人口学者何亚福曾撰文写道，一般来说，经济越发达，结婚率越低。部分一线城市结婚率较低是受到外来人口较多和房价较高等因素影响，而像是西藏等地区保留着传统婚育文化，并且当地结婚成本较低，比如彩礼要求不高、房价较低等。 结婚率降低，除了与适婚年龄人群减少等因素有关，还受到婚姻观念转变、初婚年龄推迟等因素的影响。 2020 年，中国平均初婚年龄为 28.67 岁，比 2010 年的平均初婚年龄（24.89 岁）推迟了近四岁。翟振武曾指出，就算这批年轻人中的绝大多数最终都会结婚，但作为时期数据的结婚登记数却会因为婚龄的推迟而进一步缩小。 年轻人在校受教育年限的延长，不可避免地影响其步入婚姻的时间，在一定程度上促使平均初婚年龄推迟。随着大学扩招，我国本科及以上高等学历人数逐年攀高。教育部发布的《2023 年全国教育事业发展统计公报》显示，2023 年，我国高等教育毛入学率为 60.2%，较 10 年前的 34.5%提高了 25.7 个百分点。 随着在校受教育年限延长和适婚人群减少，未来中国是否会成为世界单身大国呢？,2027,https://news.cctv.com/2024/08/09/ARTICjJxTm92H7xJWefEnrxM240809.shtml,结婚登记;婚姻;结婚;离婚;婚育;彩礼;初婚;不婚;适婚;婚龄;单身;婚礼
China News Service,2024/8/9,七夕赠礼分手后能不能要回？ 法官：不属彩礼的可按赠与合同处理,本报讯(记者林靖)七夕将至，很多恋人互赠礼物传递爱意。赠礼特别是巨额财物，分手后能主张返还吗？就此类案件中双方产生的争议问题，北京一中院法官予以详解。 一次聚会上，张斌(化名)对晓晴(化名)一见钟情，便主动添加了对方的微信，经过一段时间的交流后，七夕当天，他约晓晴夜晚漫步湖边，将精心挑选的项链放在晓晴的手心，鼓起勇气告白。两人确立恋爱关系后，张斌还经常在节日、两人纪念日及晓晴生日等日子，向晓晴发送微信红包，并附言表达爱意。然而二人分手时，张斌还能要回恋爱期间赠送的礼物与礼金红包吗？ 我国《民法典》第657条规定，赠与合同是赠与人将自己的财产无偿给予受赠人，受赠人表示接受赠与的合同。据此，北京一中院团河法庭法官吴扬新、丁彦匀认为，一方在节日、生日等有特殊纪念意义的时点给付另一方价值不大的礼物、礼金，或是为了表达或增进感情的日常消费性支出，属于一般赠与，分手时不能主张返还。 不过，有时男士还赠送“巨额礼物”来追求心仪的女神，若恋爱不成，分道扬镳，送出的巨额礼物还能要回吗？ 《民法典》第158条规定：民事法律行为可以附条件，但是根据其性质不得附条件的除外。附生效条件的民事法律行为，自条件成就时生效。附解除条件的民事法律行为，自条件成就时失效。 法官认为，若赠与行为无附加条件，单纯为了让女神开心，或吵架后求和好，或仅为表达爱意等，那么两人分手后，这些无条件送出去的礼物是不能主张返还的。但若以结婚为目的赠送昂贵礼物，法律上视为附条件的赠与，既然两人分手，结婚的条件未成就，一方可主张对方返还。就返还的方式和数额，法院会综合考量给付时间、给付方式、财物价值等因素，依法裁判。 法官认为，根据《最高人民法院关于审理涉彩礼纠纷案件适用法律若干问题的规定》第三条，法院审理涉彩礼纠纷案，可根据一方给付财物的目的，综合考虑双方当地习俗、给付的时间和方式、财物价值、给付人及接收人等事实，认定彩礼范围。下列情形给付的财物，不属于彩礼：一方在节日、生日等有特殊纪念意义时点给付的价值不大的礼物、礼金；一方为表达或者增进感情的日常消费性支出；其他价值不大的财物。 【,880,https://www.chinanews.com.cn/sh/2024/08-09/10266218.shtml,结婚;彩礼;恋爱;恋人
China News Service,2024/8/9,辽宁省各婚姻登记机构“七夕”为爱加班,中新网 沈阳8月9日电 (李晛)2024年8月10日，是中国的传统节日“七夕”节，恰逢星期六。记者9日自辽宁省民政厅获悉，辽宁省民政部门将积极响应群众需求，所有婚姻登记机构全天不休息，全力保障新人登记需求。 自2018年开始，辽宁省婚姻登记机构就已经实行双休日办公制度，并推出全年婚姻登记网上预约服务。特别是在“2.14”“5.20”“5.21”和“七夕”等有特殊意义的时段，各级婚姻登记机构都提前制定预案，合理调配人手，实行延时服务，充分满足新人登记预约办理和现场排队办理业务的需求。 近年来，辽宁省民政系统加快打造营商环境“升级版”，持续优化居民婚姻登记服务，在全国先行试点婚姻登记“跨省通办”，全面推行婚姻登记电子证照改革，实施“省内户籍居民跨市登记免提交居住证”政策，完善婚姻登记信息系统，不断提升婚姻登记的便捷度和群众满意度。同时，牵头会同省营商局、省卫生健康委、省公安厅推行“公民婚育一件事”，群众结婚登记、生育登记、户口登记信息婚姻状况变更及符合条件夫妻投靠落户“一表申请、平台联办、限时办结”，变“三件事”分办为“一件事”联办，由群众至少“跑3次”改为“最多跑1次”。 今年“七夕”期间，辽宁省各级民政部门将举办形式多样的集体婚礼和颁证仪式，推进婚俗改革、弘扬文明婚风。 例如大连市民政局与市福彩中心联合为每对登记新人免费提供2张“喜相逢”福利彩票；联合本地企业，为新人提供“爱的仪式”影像拍摄，提供“999珍爱见面礼”。抚顺市将举办“情侣‘七夕’领证，福彩送礼送祝福”宣传推广活动。丹东市将举办首届集体颁证活动暨丹东市户外颁证基地、振兴区户外结婚登记服务站揭牌仪式，凤城市、东港市各自举办集体颁证仪式。阜新、营口等市将在市广播电台开展推广婚俗改革工作直播节目。辽阳县、铁岭县将在广场举办集体婚礼。朝阳市双塔区将邀请非遗传承人、金婚夫妇进行现场颁证等。(完) 【,789,https://www.chinanews.com.cn/sh/2024/08-09/10266077.shtml,婚姻登记;结婚登记;婚姻;结婚;婚育;婚俗;夫妻;情侣;婚礼
People.cn,2024/8/9,七夕逢周末，江苏多地结婚登记“不打烊”,“金风玉露一相逢，便胜却人间无数。”今年七夕节，在南京莫愁湖等景区登记结婚，就着山水浪漫打卡、领红本本是一种什么体验？记者8月8日上午查询发现，七夕节当天，南京莫愁湖、夫子庙等设在景区里的婚姻登记点均已约满。 七夕节是8月10日，恰逢周六，婚姻登记处会为爱加班吗？据了解，省内多地婚姻登记处七夕节“不打烊”，为新人办理结婚登记。但想在那天办理结婚登记的新人们，请务必提前在线预约结婚登记服务。 眼下，七夕节结婚登记服务，预约情况如何？ 8月8日上午，记者登录“苏服办”，预约系统显示，南京莫愁湖、夫子庙等园林婚姻登记点，七夕节当天剩余可预约对数为0。秦淮、浦口、栖霞、雨花台等区民政局婚姻登记处仅有部分时段的少数号可约。 目前最充裕的是建邺区，七夕节当天上午9点段、下午2点段均有百余个号可约。 如何预约？请登录“苏服办”App，在首页搜索“婚姻登记预约”，选择开放预约的婚姻登记机关进行预约。或江苏省婚姻登记网上预约系统、“南京民政”微信公众号、南京市婚姻公共服务平台、“我的南京”手机App等。 下载“苏服办”App或在支付宝首页搜索“苏服办”，进入小程序，在首页搜索“婚姻登记预约”，进入服务。 ①点击“预约婚姻登记”，选择需要办理的业务类型和办理人身份。 ③选择登记日期和预约时间，填写男女双方信息提交完成预约。（聂伟 惠诗琪）,568,http://js.people.com.cn/n2/2024/0809/c360303-40938617.html,婚姻登记;结婚登记;婚姻;结婚
People.cn,2024/8/9,婚姻登记部门七夕“为爱加班”,本报讯（记者 王琪鹏）明天是传统节日“七夕”。今年七夕恰逢周六，为满足新人登记需求，北京各婚登部门或将提前开门办公，或根据办理进度延长工作时间，确保预约的每一对新人都能顺利办完结婚登记。 根据延时服务的相关规定，婚姻登记处周六办公时间为上午9点到下午1点。由于今年七夕恰逢周六，预约人数较多，部分区的婚登部门已将当天工作时间调整为早8点半到下午2点。有的婚登部门由于预约火爆，除提前开门外，还将根据办理进度延长工作时间。 为应对七夕领证高峰，市区两级民政部门和婚登机关结合往年情况和“跨省通办”婚姻登记需求，对服务窗口数量、场地、人员等情况进行科学研判，决定合理延长工作时间，开放所有登记窗口，配足配齐婚姻登记员，优化登记服务流程，切实满足群众登记需求。 为营造七夕的甜蜜氛围，各区婚登机关还将充分挖掘本区特色文化资源，拓展服务内容，创新服务方式，通过举办相亲交友、集体宣誓颁证、婚俗文化非遗体验、特色打卡等活动，倡导简约适度、绿色低碳的文明婚俗礼仪。 本市还将推出婚姻登记自助服务试点。今年七夕，东城区婚登中心将试点运行婚姻登记智能自助服务终端一体机，提供人脸比对、指纹比对、智能数据采集、自助智能填单、联网预查预审、表单智能生成打印等功能。申请人只需持双方身份证，通过自助服务终端完成“人证合一核验”“表单信息补充”“表单打印”等自助操作，即可到登记窗口办理结婚证，从而进一步节省办理时间。 首批智能自助服务终端将优先开展结婚登记业务自助服务试点，后续将根据试点情况，陆续增加其他自助服务，进一步提升婚姻登记便民服务水平。,663,http://bj.people.com.cn/n2/2024/0809/c14540-40938931.html,婚姻登记;结婚登记;婚姻;结婚;婚俗;相亲
People.cn,2024/8/9,林西县：金婚老人过七夕 分享婚姻“保鲜法”,象征爱情的红玫瑰、美味的水果蛋糕、缤纷的气球彩虹门……七夕前夕，林西县兴安社区的睦邻亭一片浪漫温馨的美好氛围。社区居民一起为6对老人庆祝金婚，丰富多彩的活动，知心贴心的表白，心照不宣的眼波流转，让社区都沉浸在不离不弃、相濡以沫的甜蜜爱情之中。 “大爷再向大娘靠近点，来看镜头，笑一下，一、二、三……”老人们笑容满面，脸上是藏不在的幸福。摄影师按下相机快门，用一张张照片记录下他们的幸福时光，定格了每组家庭的甜蜜瞬间。 “我跟爱人老牛结婚40多年了，那时哪有什么结婚照，只有一张领证的照片，还是黑白的。这次社区给我们准备的节日礼物，弥补了遗憾。”刚拍完照片的王桂琴老人表示。 在社区精心营造的浪漫氛围中，6对金婚老人互赠玫瑰互道祝福，伴着欢快的乐曲，老两口再批上头纱、系上领结拍摄一张恩爱的纪念照，将幸福与喜悦的瞬间定格；品尝着水果蛋糕的甜美，大家共同分享相遇相知相爱的爱情故事，交流相濡以沫的爱情感受，互敬互爱的家庭生活点滴以及美满婚姻家庭的好家风好家训。 “我和她一路走来挺不容易，这五十年，生活中经历的大大小小的事情，有过争执，也有过快乐，特别感谢老伴儿的包容……”家住信用社家属楼小区的毛春国老人，用朴素而真挚的话语讲述着和老伴的爱情故事。 金婚夫妻的恩爱故事，让参加活动的不少青年男女很受感动，小区居民杜志伟说：“很感动，羡慕他们几十年相濡以沫、不离不弃的感情，给我们年轻一代起到了一个良好的示范作用，为爷爷奶奶们喝彩。” 社区还精心设置了多个温情小游戏，在“心有灵犀”环节，随着主持人“家里面谁当家做主？谁更爱发脾气？吵架谁先认错……”的问题抛出，欢声笑语便充斥着整个现场。随后，现场又组织老人们玩起了背向投球和你比我猜游戏。“今天很开心，和老伴浪漫地体验了一把年轻人约会的感觉。”魏桂荣老人笑着说道。 “社区开展此次七夕节主题活动，就是为了进一步挖掘传统节日内涵，大力弘扬夫妻恩爱、家庭和谐的传统美德，引导居民树立起积极向上的爱情观、婚姻观。”林西县新时代文明实践中心主任马永柱说。林西县着力打造“我们的节日·七夕”系列文化活动品牌，旨在引导广大群众进一步了解中国传统节日，弘扬中华民族尊老、爱老、敬老的优秀传统美德。（杨玉婷、吴鑫）,923,http://nm.people.com.cn/n2/2024/0809/c406500-40939487.html,婚姻;结婚;夫妻
China News Service,2024/8/10,广东七夕迎婚姻登记小高峰,中新网 广州8月10日电 (记者 蔡敏婕)芝兰千载茂，琴瑟百年合。今年的8月10日是中国传统节日七夕节，据广东省民政厅的数据，当天共结婚登记4803对，全省再次迎来婚姻登记小高峰。 活动当天，在广州客轮水上结婚登记户外颁证点——太古仓码头“南海神”游船上，一场颁证仪式在甲板上拉开序幕。珠江两岸的美景与游船的浪漫氛围交相辉映，为这场仪式增添了无限风情。新人们手牵手站在甲板上，面对着波光粼粼的江面，共同许下对未来的承诺和期许，寓意“百年修得同船渡”。 一纸婚书喜事来。七夕当天，广州市越秀区民政局开展全国首个“无人机投送婚书”活动，由无人机穿越“鹊桥”投送专属定制的婚书，祝愿新人们婚姻美满。同时，推出“婚姻登记+非遗”的文化创意体验，邀请糖画非遗传承人走进婚姻登记处，让新人们与糖画来个“零距离”的甜蜜接触，为新人们送上甜蜜祝福。 有新人特意挑选了七夕这个中国传统节日步入婚姻殿堂。他们说，这种科技与浪漫、传统与现代的活动仪式感满满，“就有一种爱从天而降的感觉，很温馨、很浪漫，也很创新”。 为响应湾区青年的社交需求，黄埔区开展“黄埔有对象融里有桃花”七夕国潮社交活动，为单身青年搭建最靠谱的交友平台，讲述湾区最美爱情故事。通过开展乞巧剪纸走秀、国潮游园会、夜光龙舞、广绣珠绣、岭南押花、古风彩绘、漆画团扇等活动，融合中华传统文化与现代国潮风尚，带领湾区青年探索浪漫与文化的双重盛宴。 为倡导和推广优秀中华婚俗礼仪，花都区举办“七夕共鉴·爱满花都”婚礼秀暨广东婚俗文化产业基地揭牌仪式，举行古韵婚礼盛宴。古典雅致的场景布置，配以悠扬的古乐与细腻的仪式流程，让每一位新人都能深刻感受到中华婚俗文化的博大精深与独特魅力，体验一场关于爱情与传承的浪漫盛宴，留下珍贵的回忆。 为推动传统文明和现代文明融合发展，广州市南沙区东涌镇结婚登记户外颁证点正式揭牌，“爱在湾区·情定东涌——2024年东涌第六届水乡集体婚礼”同步揭开序幕。 新人们“以水为媒、以舟为桥”，重现水乡接亲的情景，积极传承推广非遗南沙水乡婚俗，演绎疍家婚娶文化。同时，南沙区民政局联合相关部门，与婚庆酒店、婚庆公司共同举办七夕节集体颁证活动，当天登记的新人在活动现场可免费获得浪漫玫瑰花束、五星级酒店用餐优惠、七夕专属婚庆大礼包等。 据广州市民政局介绍，当天，广州市婚姻登记机关共举办集体婚礼、户外颁证活动、婚姻沙龙，宣传普法等各类活动22个(次)，参与的新人及亲友3400多人次；办理婚姻登记1290对，同比增加10.92%。(完),1047,https://www.chinanews.com.cn/dwq/2024/08-10/10266978.shtml,婚姻登记;结婚登记;婚姻;结婚;婚俗;单身;对象;婚礼
China News Service,2024/8/11,中国年轻人“花式”相亲交友 盼邂逅浪漫爱情,中新网 南宁8月11日电 题：中国年轻人“花式”相亲交友 盼邂逅浪漫爱情 连日来，中国民众庆祝传统“情人节”——“七夕”，处处洋溢着浪漫气息。节日期间，渴望爱情的年轻人们，积极参加各类相亲交友活动，盼望增加脱单的可能性。 10日晚，“爱在南宁”脱单音乐会在广西南宁民歌湖大舞台上演，600名单身青年徜徉在音乐海洋里开启寻爱之旅。在这场音乐大派对中，歌手及乐队现场演绎经典爱情音乐作品，单身男女青年通过互动游戏很快打成一片，氛围甜蜜且浪漫。 “音乐会现场氛围热烈、轻松愉快，让我们不再拘束，自然而然地融入其中，去结交新朋友。”“00后”小伙韦金生说。韦金生在县城工作，交友圈子较小，他积极参加联谊交友活动，希望能寻得良缘。“我认为户外的交友活动更能让人放松，也更容易让年轻人接受，除了音乐会，可以组织大家到户外去烧烤、弹唱吉他或是爬山。” 9日晚，在南宁一个露营基地，月光皎洁，晚风习习，来自南宁市各新兴领域行业的50名单身青年围坐在帐篷下，一起品尝美食，畅谈人生，开启一场联谊交友之旅。 “我们在策划活动时，首先考虑的是如何能让青年在活动中‘不尴尬’，所以我们采用了年轻人喜欢的城市微露营形式，营造轻松的氛围。”参与活动策划的林雪如是一名“00后”，她说，活动设计了“你划我猜”游戏、制作漆扇、音乐派对、主题桌游、观看电影等环节。其中桌游环节，青年可以“换桌”，扩大交际圈，结识更多朋友。 “这次露营活动，我和几个朋友互加了微信，蛮有收获的。”“00后”的农先生平时交友的主要渠道是手机游戏和摄影，吸引他来参加活动的原因是“活动形式有趣、轻松”。在农先生看来，年轻人完全可以大大方方参加相亲交友活动，既可以放松身心，还可以拓宽交友渠道。“与传统的相亲局相比，现在的交友活动更丰富有趣，在某次活动中，主办方设计了男生争夺花朵送给女生的游戏环节，很好玩。” 随着时代的发展，中国青年相亲交友方式越来越多样化。羽毛球、剧本杀、桌游、飞盘等年轻人爱玩的活动，被组织成了单身交友局。一些年轻人通过发简历寻爱，简历上写明个人基本情况和兴趣爱好，省去攀谈试探，合适再约“面试”。 还有年轻人在直播间里找对象。一些情感领域的网络主播在社交平台的直播间当“红娘”，发起连麦互动并帮助观众找到合适的伴侣，这种新型相亲模式以松弛感的聊天氛围深受年轻人喜爱。(完),970,https://www.chinanews.com.cn/sh/2024/08-11/10267387.shtml,相亲;单身;脱单;伴侣;对象
People.cn,2024/8/11,七夕当天内蒙古办理结婚登记1676对,“人间七夕是佳期，喜见鸳鸯结荔枝”。8月10日正值七夕节，不少新人选择在这一天登记结婚，当日内蒙古共办理结婚登记1676对。 为了最大程度满足新人七夕节结婚登记需求，自治区民政厅提前谋划、重点部署，提高为民办事效率。婚姻登记机关实行预约登记制和延时服务，增加婚姻登记窗口及工作人员，确保登记工作平稳有序运转。同时，开展多样婚俗活动，组织各婚姻登记机关制定七夕节专属集体婚礼、颁证仪式等活动，为新人解锁更多婚姻登记打卡新场景，助推传统文化和现代文明婚俗融合发展，树立文化自信，重塑婚俗新风。通过窗口服务宣传婚俗文化、倡导文明婚俗，开展婚姻家庭辅导服务等环节，让新人感受婚姻文化真谛，引导群众树立正确的婚恋观、家庭观，争做文明新婚俗的倡导者、践行者。 （记者 赵曦）,331,http://nm.people.com.cn/n2/2024/0811/c192247-40940332.html,婚姻登记;结婚登记;婚姻;结婚;婚恋;婚俗;婚礼
People.cn,2024/8/11,七夕新人扎堆领证 杭州“最美婚登处”见证婚俗改革--社会・法治--人民网,粉墙黛瓦、垂花门楼、婚龄游廊……浙江省杭州市上城区婚姻登记服务中心位于桃花湖公园“桃潭踏歌”处，这里由四栋仿古建筑合围构成，采用宋韵设计与中式装修，被誉为杭州“最美婚登处”。 8月10日正值中国传统节日七夕节，超200对新人来到上城区婚姻登记服务中心领证。红色的背景墙、金色的中式格栅、宋韵特色的剪影板，这些极具中式浪漫的设计见证了一对对新人的美好结合，也成为了热门打卡点。 “今天是我们在一起九周年纪念日，我们早上7点多就到了，选在上城区领证是因为这里环境特别美，有一份独属于杭州的宋韵浪漫。”上午9点整，何女士与王先生成功登记结婚。 七夕当天，在桃花湖公园，身着盛装的“桃喜仙子”正忙着向新人们派发游园指南与地图，邀请他们参加“七夕新人游园会”。大家在“红绣球牵情”“合卺酒共饮”“婚书定制”“祈福情缘”等趣味活动中深化情感，共同编织幸福记忆。 上城区婚姻登记服务中心负责人童磊介绍，由于七夕当天预约领证的新人数量激增，窗口工作人员全体“为爱加班”，并扩充了志愿者团队维护现场秩序。同时为未提前预约的新人开辟绿色通道，保障每一对新人都能顺利完成结婚登记。 作为浙江省首批婚俗改革实验试点地区，上城区婚姻登记服务中心所在的丁兰街道既传承南宋文化，又与现代文明相贯通，引领婚俗改革新风尚。 在丁兰街道皋城村的婚俗展示馆里，结婚65年的林永福、季鸾娟夫妇收到了“七夕礼物”――一束红玫瑰和白头纱，并在这一天重新拍了婚纱照。 “我们那时候结婚很简单的，没有花轿也没有自行车，几十年生活中难免有吵吵闹闹，但这些点滴都是幸福的回味。”季鸾娟回忆说。 林阿皇、施伟贞夫妇即将迎来“钻石婚”，六十年前的结婚证书已成两张微微泛黄的纸页，见证了两人近六十年的相濡以沫。七夕当天，村委会特意制作了精美的手写婚书送给他们。 在他们家中，墙上挂着四幅不同年代的全家福，记录了从五十岁到八十岁的每一个十年，爱情和婚姻在一幅幅照片里变得具象化，也给予更多新婚夫妇引领和启示。（郭其钰）,829,http://society.people.com.cn/n1/2024/0811/c1008-40296575.html,婚姻登记;结婚登记;婚姻;结婚;婚俗;婚龄
People.cn,2024/8/11,成都青羊区举行“七夕有喜·情定琴台”主题婚俗文化活动,"七夕今宵看碧霄，牵牛织女渡河桥。七夕佳节，为传承发扬中华传统优秀婚姻家庭文化，倡导文明健康的婚恋新风，由成都市民政局指导，成都市青羊区民政局主办，少城街道、长城社区、琴台路商会协办的“七夕有喜 情定琴台”主题婚俗文化活动在琴台路举行。 活动中，青羊区民政局党组书记、局长耿晓青致辞并向新人们送上美好祝福，她祝愿各位新人们幸福美满，永结同心！同时，也希望新人朋友们树立正确的爱情观、婚嫁观、价值观，积极推行喜事新办简办，争做新时代新风尚的倡导者、传播者和实践者。 伴随着厚重的鼓声、悠扬的乐声，新人们身着中式传统婚服，在亲朋好友、现场来宾的掌声中缓步登台，随后举行了同牢（同牢而食以示共同生活之开始）、合卺（合卺而饮同甘共苦比翼齐肩）、结发(结发成仪,夫妇百年)、执手礼成(执子之手,与子偕老)等仪式。 本次集体婚礼活动采用传统中式模式，将汉服文化、传统礼仪和婚恋新风巧妙融合，新人身着华裳，行合卺礼等传统婚俗礼仪，在文明新风中喜结连理，共度浪漫幸福时刻，感受中华传统文化的魅力。",439,http://sc.people.com.cn/n2/2024/0811/c379471-40940734.html,婚姻;婚恋;婚俗;婚嫁;婚礼
People.cn,2024/8/11,截至当天下午5点，合肥市1205对新人登记结婚,七夕节，合肥经开区举行汉服游园会主题活动，为新人送上美好祝福。 8月10日是我国的传统节日七夕节。截至当天下午5点，全市共有1205对新人喜结连理（含1例涉外），结婚登记数量是平时的5倍。 统计数据显示，今年上半年，全市共办理结婚登记30297对（含涉外），与去年同期相比增长7.3%。 排队等候、登记信息、提交材料……当天上午9点多，在全国首个轨道车站内的婚姻登记处——“幸福坝婚姻登记处”，许多手捧鲜花、头戴白纱的新人正在排队登记结婚。 “七夕是属于中国人的浪漫节日。选择幸福坝婚姻登记处登记结婚，是因为‘幸福坝’这个名字好听，又有美好寓意。”陈女士和郭先生领到崭新的“红本本”，携手开启人生新篇章。 七夕节，恰逢周末，合肥各婚姻登记处纷纷开启“为爱加班”模式，为新人提供独具特色的婚姻登记服务。庐阳区精心布置“幸福角”供新人留影，骆岗公园婚姻登记处邀请剪纸非遗传承人教新人剪纸恭贺新婚，合肥经开区举办汉服游园会主题活动，肥西县为新人量身定制中式礼服，举办集体中式婚礼…… 为确保七夕节婚姻登记工作安全、平稳、有序进行，合肥市各婚姻登记机关提前准备，推出系列便民利民举措。如，实行“预约审”办理，新人可提前一天或数天携带相关材料前往婚姻登记处审查存档，七夕当天可现场直接签字领证，便捷高效，极大缩短办理时间。提前预估办理量，加派人手，增加志愿者进行停车引导、秩序维持和业务协助办理等，并通过增设窗口、提前上班、延时下班等方式，确保每对新人都能够顺利领证。（记者 李后祥）,637,http://ah.people.com.cn/n2/2024/0811/c358428-40940519.html,婚姻登记;结婚登记;婚姻;结婚;婚礼
People.cn,2024/8/11,河北博野：组织开展“抵制天价彩礼”移风易俗宣传活动,为大力弘扬社会主义核心价值观，抵制陈规陋习，倡导移风易俗新风尚，近日，河北博野县民政局在博雅苑社区新时代文明实践站组织开展了“抵制天价彩礼，倡导文明婚俗”宣传活动。 活动中，婚姻登记处工作人员通过发放宣传彩页和倡议书等形式，向居民详细讲解移风易俗新风给新时代新生活带来的益处以及高额彩礼、大操大办、铺张浪费给家庭带来的沉重负担，引导广大居民摒弃陈规陋习，倡导婚嫁新风、喜事简办，推进婚俗改革为爱减负，树立正确的婚姻观念和价值观。 下一步，博野县民政局将坚持人民至上，继续联合各新时代文明实践站加大移风易俗宣传工作力度，让文明婚俗、低彩礼、零彩礼等移风易俗理念深植群众心中，使群众自觉争做新时代新风尚的倡导者、传播者和实践者，共同营造一个健康、文明、和谐的社会环境。（ 武悦 ）,338,http://he.people.com.cn/n2/2024/0811/c192235-40940781.html,婚姻登记;天价彩礼;婚姻;彩礼;婚俗;婚嫁
People.cn,2024/8/11,浪漫七夕 重庆市众多婚姻登记机构“为爱加班”,八月十日，星期六，渝中区民政局婚姻登记处工作人员“为爱加班”，照常工作。通讯员 王欢 摄\视觉重庆 8日，南岸区举办“缘起南岸 爱在七夕”集体婚礼活动。图为新人在活动现场制作漆扇。特约摄影 郭旭/视觉重庆 9日晚，荣昌第九届七夕河灯旅游文化节在万灵古镇景区开幕。图为游客在放河灯。首席记者 龙帆 摄/视觉重庆 农历七月初七是我国传统节日“七夕节”。当日虽是周末，但我市众多婚姻登记机构“为爱加班”，社工组织年轻人交友联谊，社区开展“我们的节日·七夕”主题文化活动，让有情人邂逅浪漫七夕。 记者在沙坪坝区婚姻登记处看到，一大早，新人们就排起了长龙。他们身着盛装，手捧鲜花，脸上洋溢着甜蜜的笑容。沙坪坝区民政局特别“为爱加班”，并举办集体颁证活动，让新人们留下难忘的回忆。 当日，在位于沙坪坝区磁器口的婚姻登记点，“七夕结婚不打烊”活动同步举行。这里是沙坪坝区专门为年轻人打造的婚姻登记点，“逛个古镇顺便结婚”成为众多年轻人的选择。 “往后余生全都是你，有你就是晴空万里……”10日上午，一首首浪漫、温馨的小情歌在忠州巷子悠扬回荡。 忠县民政局婚姻登记处联合忠县睿邻社会工作服务中心、毛红波音乐工作室、重庆忠州老街文化旅游发展有限公司举办“爱之声·情感沟通学习之旅”活动，邀请热爱音乐的青年相聚在此，在音乐歌会营造的氛围中发展友谊、收获爱情，现场弥漫着满满的幸福与感动。 大渡口区春晖路街道古渡社区举办七夕主题游园活动，推出“心有灵犀”“爱的魔力转圈圈”“甜蜜投喂”“七孔穿针·‘藕’遇良缘”“投壶乞巧”等系列生动有趣的活动。这些活动，进一步加深了大家对七夕节的文化认同和价值认同。（新重庆-重庆日报记者 张莎 实习生 刘源东）,712,http://cq.people.com.cn/n2/2024/0811/c367698-40940442.html,婚姻登记;婚姻;结婚;婚礼
CCTV,2024/8/12,全国首个婚姻职业本科专业招生火爆 “幸福产业人”如何培养,8月10日是中国的传统节日“七夕”，恰逢周六。全国多地民政局发布公告表示，为满足“七夕”当天的登记需求，周六仍可办理结婚登记业务。 与结婚相关的“幸福产业人”也异常忙碌，民政职业大学婚庆专业教师团队早就开始筹备“七夕”当天为北京市西城区婚姻登记处的24位新人举办一场集体婚礼；在湖南一家婚庆公司任销售总监的史冰在8月10日和11日两天则有5个婚礼订单。 结婚被视为人生的头等大事，挑个“好日子”通常是结婚的基本要素，办婚礼的名堂则更多。从3000多年前周朝的“婚聘六礼”，到现代的“接亲”“办酒”“海外旅拍”，再到当下被一些年轻人青睐的“极简婚礼”，随着新人们的需求越来越多元化、精细化，幸福产业，特别是婚庆行业的从业者面临的要求也越来越高。 今年5月，教育部批复同意以北京社会管理职业学院为基础设立民政职业大学，首批设置婚姻服务与管理职业本科专业且今年开始招生，引发高度关注。该校婚礼文化与传媒艺术学院院长于晓辉介绍，当前我国幸福产业不断壮大，相关领域人才缺口超百万。某企业信用查询平台数据显示，我国目前婚庆企业超240万家，婚姻介绍相关企业超26万家，婚姻辅导相关机构1600多家。 如何补足人才缺口？“幸福产业人”如何培养？本科、专科专业人才培养有何区别？中青报·中青网记者带着这些问题进行了采访。 民政职业大学婚姻服务与管理专业，被誉为我国第一个婚姻职业本科专业，今夏开始招生。据该校相关部门负责人介绍，今年该专业面向全国12个省份招收70人的招生名额全部招满，其中大部分省份录取最低分高出当地本科线40到80分。 黄晓强是该专业的教研室主任，负责招生咨询工作，他认为今年的招生咨询可谓“火爆”。他说，在高考结束到填报志愿的一段时间里，每天都要接二三十个电话。“其实我们有3条热线。”于晓辉说，高峰期每天大概有60到80个咨询电话。 “婚姻本科专业是全国首设，很多人都问这个专业就业会不会容易一点。”黄晓强回答最多的，就是这个专业学什么，以及能干什么工作。 此前，全国有13所职业院校设有“婚庆服务与管理”专科专业，也包括民政职业大学的前身北京社会管理职业学院。“婚姻服务与管理”本科专业一出，有人感到困惑：一字之差到底有何区别？办本科专业到底有没有必要？ 王晓玫是民政职业大学婚姻本科专业带头人，同时也是该校婚庆专科专业的带头人，在她看来，本科区别于专科的关键点在于“婚姻家庭全周期”和“强技能、厚理论”。她进一步介绍，婚庆专科关注的主要是婚姻庆典服务，婚姻本科则关注婚姻家庭全周期的服务工作，也就是“从谈到家”过程中涉及的婚恋介绍、婚姻登记、婚庆，以及婚姻家庭咨询辅导服务。 于晓辉介绍，婚姻本科理论课程包括管理学、社会学、社会心理学、咨询心理学、婚姻家庭法规政策与标准、婚姻服务与管理、婚姻产业经济等，同时配有占总学时约58%的实践、实习内容。 王晓玫告诉中青报·中青网记者，此前她带领团队对婚姻本科专业进行了论证。她认为，设立这一专业的必要性主要体现在三方面：补足行业人才缺口，满足行业转型升级的需求，以及呼应国家婚姻家庭建设政策的要求。她介绍，未来婚姻本科的毕业生就业主要有四大方向：婚介、婚恋；婚庆；婚姻家庭辅导；婚姻登记。 在王晓玫看来，要成为一名“幸福产业人”，对学生的综合能力要求既全面又具体。举例来说，本科专业的学生不但要懂得如何营销婚庆服务，还要会策划一个婚礼，掌握具体的空间设计技巧，也要能够判断诸如“后组合家庭的两个继子女是否能够结婚”这类法律问题，以及了解如何调节夫妻矛盾等婚姻咨询辅导内容。 从行业规模上看，无论在本科还是专科中，婚庆相关的培养内容都值得重点关注。中青报·中青网记者对4所设立婚庆服务与管理专业的职业院校进行采访时发现，各学校婚庆专业各有侧重，培养理念不尽相同。 民政职业大学的婚庆专科专业设立于2007年，填补了我国婚庆行业复合型、技能型高等职业专科学历教育人才培养的空白。其办学理念归结为“和合之礼、爱亲之情”8个字，目前专业分为婚礼策划与设计、婚礼主持与互联网主播两个方向。王晓玫介绍，这一专业围绕婚礼策划师、婚礼主持人职业，开设了策划、营销、手绘、婚礼平面设计、督导、化妆、花艺、主持、摄影、摄像等多种类的核心课程，目的是为婚庆行业培养各类一线基础岗位技能人员。 湖南省婚嫁协会副秘书长、长沙民政职业技术学院婚庆服务与管理专业教师张量对于该专业“边界感”的理解则有所不同。为了配合行业中越来越高的审美需求，2010年以来，张量几番调整人才培养方案，在婚礼督导、主持相关核心课程基础上，陆陆续续开设了多门与设计有关的课程。 “婚庆专业的学生学设计，和设计专业的同学有什么区别？”他认为，尽管婚庆的“职业场域”岗位多样，且受社会分工理念影响有愈发精细化的趋势，但婚庆专业的培养依然需要“聚焦”，聚焦的原则是要把所学“融合成一个东西”。如果允许做一个“感性描述”，他认为婚庆最需要培养的是“具有设计能力的策划师”。 而在郑州旅游职业学院婚庆教研室主任李文娟看来，婚庆人需是“杂家”，既要“广”，又要“深”。化妆、主持、摄影、摄像、后期、销售、策划、庆典服务、平面设计等，“什么都要懂”。她认为，这些技能托举的高行业“融入度”，正是婚庆专业毕业生的优势所在。 重庆城市管理职业学院的婚庆专业带头人贾丽彬认为，高校婚庆专业是“建立在一个尚未完全成熟和标准化的行业背景下的”；婚庆服务行业的服务内容和服务要求横跨多专业多领域；寻求和探索婚庆专业的核心竞争力才是专业立足和发展的根本。在她看来，婚庆类专业应该培养的实际上不是单一的“专技人才”，而是具有高素质交叉综合能力的复合型人才——“婚礼职业人”。 基于上述观点，贾丽彬设计课程体系的思路，并不以“岗位”为依托，而是强调“能力本位”。尤其注重营销能力、设计能力、统筹执行能力，以及多媒体运营能力的培养，同时重视培养学生知识和技能的迁移能力。她认为，学习主持课不一定要去做主持人，具备“婚礼主持服务水平鉴别能力”也很重要；学习策划也不仅是为了成为一名策划师，而是要掌握产品设计的“逻辑”。她希望，毕业生即使不在婚庆行业工作，也能够运用所学在其他相关行业和领域谋得出路。 张量观察到，各学校相关专业的人才培养理念、方向，实际上与专业带头人对教育以及行业的认知紧密相关。在他看来，“办婚庆专业是一个开放命题”，如果要找一个逻辑上的“最大公约数”，他认为或许是大家都在围绕婚庆的“职业场域”开展教学工作。 但可以确定的是，“和行业接轨”是各家职业院校的人才培养共识。 《中共中央关于进一步全面深化改革、推进中国式现代化的决定》提出“加快构建职普融通、产教融合的职业教育体系”，对此，李文娟感叹，职业教育的立身之本，实际上就是产教融合。 李文娟坦言，有一些实际操作的技巧，往往只有行业人员才能够教给学生。比如新娘妆对妆容的持久度要求颇高，行业师傅会告诉学生，要想不脱妆，在上粉底前只能涂一层清淡的乳液。 在王晓玫看来，如果涉及婚姻辅导、结婚登记、离婚登记等复杂情境，则更有必要请身经百战的从业人员来现身说法。 李文娟认为，要想让学生与行业接轨，老师必须先与行业接轨。这与张量的看法不谋而合。张量说，只有尊重行业，扎进行业里，才能够培养出行业需要的人，才能让学生们在就业市场上有竞争力。 张量和贾丽彬介绍，婚庆专业毕业生对口就业率约为60%到70%，就业岗位主要集中在婚庆服务销售、策划、主持人、摄影、摄像、花艺、化妆等岗位上。 作为婚庆专科的毕业生，00后马世齊（齐）目前在北京一家集宴会、场地布置、婚庆各项服务于一体的一站式婚礼堂工作，先后做过销售和运营。他体会，专业学习让他比其他刚入行的新人对工作内容更加熟悉。同时他也认为“行业门槛比较低”，如果想做好，就得不断实践。 张量也同意婚庆行业就业门槛低，过去的“天花板”也低。但现在，他感觉愈发复杂和精巧的行业需求，已经把“天花板”拉高了。行业对优秀人才的渴求度也越来越高。 从管理者的角度来说，据在湖南一家婚庆公司任销售总监的史冰观察，目前婚庆行业人才市场“百花齐放”。从“门槛”到“天花板”的广阔空间中，学历起着一定的筛选作用。 她坦言，如果是一般的婚礼销售、统筹或者其他一线执行岗位，招人时往往对于学历要求区别不大。如果是高级定制婚礼的设计师等岗位，招人时一般希望“至少是本科”。 王晓玫认为，婚姻服务行业本科生相比于专科生在本行业就业的优势大致集中在两点上，一是能越过更高的人才选拔门槛，二是更可能胜任管理岗位。 谈到薪资水平，受访者们表示一般婚庆相关岗位薪资采用“底薪+提成”的形式，受地域、婚礼要求、淡季旺季等影响因素波动较大。 张量介绍，在湖南，一般初入行的毕业生底薪为3000到4000元。贾丽彬说，在重庆，婚礼堂销售人员的旺季月工资可达2万元。李文娟则表示，优秀的化妆师，薪资上不封顶。 以王晓玫执教30多年的经验来看，年轻人在选择幸福产业之前，不仅需要对专业课程设置、就业前景等进行考量，还应该考虑是否喜爱这一行业，以及个人性格是否适合等因素。 张量认为，一个幸福产业人所需的情绪管理、人际关系处理等综合素养，有时并非知识积累和技能培训能够练就。他常对学生说，要干这一行，最起码得是个“懂事的人”。 中青报·中青网记者 张茜 见习记者 李瑞璇,3803,https://news.cctv.com/2024/08/12/ARTIiB1d752PKf22vs4VFew3240812.shtml,婚姻登记;结婚登记;婚姻;结婚;离婚;婚恋;婚嫁;婚介;夫妻;婚礼
People.cn,2024/8/12,鲁山县：“七夕”为爱不打烊 倡树文明婚俗新风,“今日七夕，恰逢周六，新人们想领证的愿望得到了暖心回应，这份加班服务，是我们服务理念的再升级，我们民政人愿意在传统的节日里为民众的幸福添上一份力。”鲁山县民政局行政审批股股长石亚提说。 为了满足众多新人选择在这个充满爱意的日子里登记结婚的美好需求，鲁山县民政局婚姻登记窗口工作人员放弃休息，以实际行动诠释、践行了“民政为民、民政爱民”的服务理念。 ８月10日当天，鲁山婚姻登记大厅门庭若市，到处都洋溢着喜庆的氛围，在候登区成双结对的情侣手捧鲜花、共赴浪漫婚约。为了让新人们能愉快地完成登记，婚姻登记窗口利用“鲁山民政”微信公众号提前发布了《七夕不打烊—为爱加班》的公告，制定了详细的工作方案，并通过增设服务窗口、增派工作人员、提前到岗服务前移、延长服务时间等有效措施，全力以赴做好结婚登记高峰服务保障工作。在繁忙的登记现场，婚姻登记工作人员耐心细致地指导新人填写表格、核对信息，确保每一对新人都能享受到高效、优质、温馨的服务。 此外，鲁山县民政局还积极倡导文明婚俗新风，现场向每一位新人发放了《文明婚俗倡议书》，逐一签了订婚事新办承诺书，鼓励新人树立简约适度、绿色文明的婚嫁观念，摒弃铺张浪费、恶俗婚闹等不良习俗。鲁山县民政局党组成员、副局长崔红亮为新人颁发结婚证，以别样的方式，诠释着对爱情、婚姻、家庭的祝福，让新人们在庄重的仪式中感受到婚姻的神圣与责任。同时，还开设了婚姻家庭大讲堂，邀请社工机构的心理咨询师为新人们开展婚姻情感、家庭教育等方面的专业指导。 “选择七夕来登记结婚，是因为这个日子充满了浪漫和爱情，婚姻的幸福不仅仅在于形式上的浪漫，更在于双方的理解、包容和共同努力，我们更希望能够用自己的实际行动去践行文明婚俗的理念。”一对正在等待登记的新人表示。 “爱你不止七夕，更在朝朝夕夕”。在中国传统的情人节“七夕”这个特殊的日子里，鲁山县累计办理结婚登记62对。不仅见证了新人的幸福时刻，更传递了社会对于文明婚俗的倡导与期望，引导新人们树立正确的婚姻观念和价值导向，让爱情在文明与节俭中绽放出更加绚丽的光彩。（鲁山县委宣传部供稿 作者蔡文杰 郑伟伟 石亚提）,885,http://henan.people.com.cn/n2/2024/0812/c378397-40941537.html,婚姻登记;结婚登记;婚姻;结婚;婚俗;婚嫁;婚约;情侣
China News Service,2024/8/13,首个婚姻类职业本科“招生火爆” 如何办好更关键,民政职业大学婚姻服务与管理专业，被誉为我国第一个婚姻类职业本科专业，今夏开始招生。据该校相关部门负责人介绍，今年该专业面向全国12个省份招收70人的招生名额全部招满，其中大部分省份录取最低分高出当地本科线40到80分。 据中国青年报报道，黄晓强是该专业的教研室主任，负责招生咨询工作，他认为今年的招生咨询可谓“火爆”。他说，在高考结束到填报志愿的一段时间里，每天都要接二三十个电话。“我们有3条热线。” 婚姻类职业本科专业招生“火爆”，说明这一专业颇受欢迎。但要办好这一专业，必须培养出社会所需要的高层次婚姻管理与服务人才。要通过培养高素质的婚姻职业人才，回应社会存在的“只是把专科变本科”的质疑，并形成本科职业教育类型教育的特色。 据统计，我国之前就有13所职业院校设有“婚庆服务与管理”专科专业。因此，举办婚姻服务与管理本科专业是有基础的。但是，社会也存在为何要举办婚姻类本科专业的质疑，认为培养专科层次的婚姻职业人才“足矣”，开设婚姻类职业本科，会出现“学历高消费”问题，不过是把专科学历变本科学历，以学历为卖点吸引学生报考。 毋庸置疑，首个婚姻类职业本科招生“火爆”，与其属于本科层次有一定关系，学生学成毕业可以获得本科学历、学士学位。但是，这并非主因，根本的原因还是考生、家长考虑到该专业毕业生的就业与发展前景。我国发展“幸福产业”，需要大量的高素质职业人才，举办婚姻类职业本科专业，正当其时。 总体看来，我国高等学校、专业，对学生具有两方面的吸引力。一是“学历吸引力”，即完成学业获得相应的学历，二是“发展吸引力”，即完成学业后，可以获得更好的职业与事业发展。在高等教育精英化、大众化阶段，不少学生、家长认为只要获得学历，就有好的发展机会，于是更看重高等教育的“学历吸引力”。 而进入高等教育普及化时代，大部分适龄学生都获得进大学的机会，普通高等院校的“学历吸引力”下降，学生和家长更看重“发展吸引力”。在今年的高考录取中，多地出现高考高分生放弃进名校而选择职业本科院校，就是从看重学历转换为看重就业、职业发展。 因此，办好婚姻类职业本科，不能光强调有“本科学历”，更要强化以就业为导向，通过产教融合、校企合作培养模式，形成专业特色。据报道，首个婚姻类职业本科专业的理论课程包括管理学、社会学、社会心理学、咨询心理学、婚姻家庭法规政策与标准、婚姻服务与管理、婚姻产业经济等，同时配有占总学时约58%的实践、实习内容。实践、实习内容过半，这符合职业教育的定位。 我国举办职业本科，发展本科层次的职业教育，就是要破除社会存在的“唯学历”评价体系，把职业教育办成与普通教育平等的类型教育。这要求所有职业本科院校，必须坚持职业教育定位，以就业而不是以学历为导向培养人才。 简单来说，如果婚姻类专业“升本”后，只有学制不同(比专科多一年)、学费不同、毕业证书学位证书不同，而没有师资、课程与培养模式的“升级”，学生所学内容差不多，行业对毕业生的评价并不高，那么，靠“学历吸引力”是走不远的。 培养高素质的婚姻类职业人才，与推进幸福产业高质量健康发展，应形成良性循环。优秀人才进入幸福产业，可提升产业、行业的管理与服务水平，从而吸引更多优秀人才进入这一产业、行业。这也是建设高质量职业教育体系，发展本科层次职业教育，需要坚持的底层逻辑。,1368,https://www.chinanews.com.cn/sh/2024/08-13/10268112.shtml,婚姻
People.cn,2024/8/13,人民建议|让彩礼回归合理 青海：4664个村将红白喜事规范纳入村规民约,一段时间以来，高价彩礼现象引发社会关注。彩礼源于我国古代婚姻习俗中的“六礼”，有着深厚的社会文化基础，在古代一直被认为是判定婚约关系存在的重要物证。出于对传统习俗的尊重，娶亲纳征也是人之常情，无可厚非。但是，在当下的不少地区，高价彩礼现象如同暗流涌动，悄然间侵蚀了社会的良好风尚与家庭的和睦氛围，不仅给家庭带来沉重的经济压力，还助长了攀比之气的蔓延，让婚姻的殿堂变得不那么纯粹，仿佛成了一场无声的“金钱较量”。 无论是涵养乡风文明，还是完善乡村治理，都需要积极推进对农村天价彩礼的治理，开展乡村移风易俗，让彩礼回归合情合理。 在人民网“领导留言板”上，有群众呼吁：“能否给本地区或本省的彩礼建立一个标准的档位，让村民自愿按照这个档位去给付彩礼。” 群众留言。截图自人民网“领导留言板”（点击查看留言） 青海省民政厅公开信息显示，目前全省4664个村（社区）均将红白喜事操办标准作为重点内容写入村规民约，规范婚丧活动流程，压缩丧葬活动时间，控制宴席规模，结婚彩礼普遍压减到8万元以内，治丧天数普遍控制在3天以内，宴席普遍控制在15桌以内，有效减少了群众“人情消费”和“人情负担”。 近年来，青海省治理高价彩礼落棋有声。在完善制度体系方面，青海省民政厅联合省委政法委建立专题会议推进机制，推动全省农村移风易俗突出问题专项治理。联合省委宣传部、省委社会工作部等7部门印发《关于切实解决农村移风易俗重点领域突出问题的通知》，省民政厅专门印发《民政部门开展高价彩礼、大操大办等农村移风易俗重点领域突出问题专项治理工作实施方案》，提出破除“十种陋习”、倡导“八种新风”等举措，明确“宣传引导+精准治理”工作模式，为推动移风易俗工作提供了有力制度支撑。 同时，加强宣传教育。注意从《民法典》《婚姻登记条例》等法规政策中专门梳理摘编相关条款，进行重点内容宣传。先后编印《全省优秀村规民约选编》《全省移风易俗优秀案例汇编》《全省移风易俗典型案例汇编（2024年）》，汇集全省34个优秀村规民约、64个地方移风易俗优秀案例，树起全省学习借鉴的典型样板。 此外，实施精准治理。针对农村地区仍然存在的高价彩礼、婚丧喜事大操大办、信教群众丧葬费用支出过高、村规民约执行力约束力不足等四类重点问题，指导各地制定农村移风易俗重点领域突出问题专项治理正向引导和负面约束2个清单、23项参考标准，采取村规民约明确标准、红白理事会参与监督、法院司法部门以案释法、“红黑榜”“积分超市”激励约束、党员干部带头引导、严格宗教人员管理、加强基层自治组织建设等7项具体举措，大力推行移风易俗“亮榜晒单”制度，对农村婚丧领域移风易俗工作成效经常性地“晒一晒、比一比、看一看”，实施靶向整治、精准治理。 “去年8月份以来，全省各地劝导高价彩礼3078起，新办婚事6210起，简办丧事7282起，累计为群众减轻负担5377.76万元。”青海省民政厅社会事务处处长冯军贤说。,1211,http://qh.people.com.cn/n2/2024/0813/c378418-40942551.html,婚姻登记;高价彩礼;天价彩礼;婚姻;结婚;彩礼;婚约
People.cn,2024/8/14,图们市结婚登记“一件事”服务助力新人情定“七夕”,8月10日，恰逢“七夕”，图们市政务服务中心婚姻登记窗口、户籍窗口、婚检窗口依然正常办公。 自8月5日起，图们市持续推动在更多领域更大范围实现“高效办成一件事”，由市政数局牵头，联合市民政和人社局、市公安局、市卫健和医保局等部门推出结婚登记“一件事”联办模式。办事群众只需在结婚登记服务窗口提供一次材料，即可享受结婚登记、婚前检查、户籍变更、落户投靠等“一条龙”服务，实现一次申请，同步办理。以往需要跑三个部门的4个事项，只进一门在市政务服务中心便可以一站直达，一次办理。 为更好地服务办事群众，提高结婚登记“一件事”各部门之间联动性，虽然是星期六，所涉及各部门都开启加班模式，助力新人们情定“七夕”。此项工作开展以来，已为5对新人提供了结婚登记一件事服务。 下一步，市政数局将继续加强部门联动，围绕群众办事需求，加大力度推动结婚登记“一件事”“婚姻登记省内通办”等服务优化升级，进一步提升政务服务便捷性，让群众办事流程更简、时间更短、服务更优、不断增强广大人民群众获得感、幸福感和体验感。,445,http://jl.people.com.cn/n2/2024/0814/c349771-40943872.html,婚姻登记;结婚登记;婚姻;结婚
People.cn,2024/8/14,这场百人单身青年露营派对“燃爆”了,为深入落实聚焦“服务企业、服务人才”，切实关心和解决企事业单位单身职工的婚恋交友问题，助力广大青年人才扎根桂溪，圆梦高新，新质生产力教育大学区——桂溪街道第五届稚龄节“家在桂溪.活力地平线”系列活动陆续开展，为大家搭建一个轻松的交友平台。8月9日，成都高新区桂溪街道举行七夕联谊露营派对活动。本次活动由成都高新区桂溪街道主办，成都高新区桂溪街道民生服务办公室、成都高新区灵均幼儿园、成都高新区桂溪街道社区教育学校承办，活动共吸引了100余位单身男女青年相约现场。 现场通过满满仪式感的签到方式将青年们随机分组。活动正式开始，主持人带领着现场参与活动的青年职工们分别进行了有趣的破冰游戏，男女嘉宾们在欢乐、轻松的氛围中快速打破了陌生感，积极互动。大家相对而坐，在欢声笑语中共话生活点滴，也在谈话碰杯中再次拉近了彼此的距离。随着夜幕降临，令感情升温的互动游戏持续进行，有些兴趣相投的青年们还现场计划好了下次相聚的活动。 桂溪街道将持续为辖区内青年职工们提供个人成长、兴趣培养、职业发展、交友互动等方面的平台和空间，也会不断倾听大众声音、以更加饱满的热情、更加务实的举措推动活力青年友好社区的建设，共建共享活力友好城市。（魏婷）,511,http://sc.people.com.cn/n2/2024/0814/c345167-40943700.html,婚恋;单身
CCTV,2024/8/15,不再需要户口簿、取消登记地域规定 婚姻登记条例拟修改,为了广泛听取社会公众意见，进一步提高立法质量，民政部日前就《婚姻登记条例（修订草案征求意见稿）》全文公布，征求社会各界意见。这是现行《婚姻登记条例》2003年10月1日正式施行以来的首次修改。《婚姻登记条例（修订草案征求意见稿）》共28条，分6个章节，分别是总则、结婚登记、离婚登记、婚姻登记档案和补领婚姻登记证、法律责任、附则。 修订草案相比现行《婚姻登记条例》，在婚姻登记程序上作了修改。比如：结婚登记和离婚登记都不再需要户口簿，也取消了过去对登记的地域管辖的规定。 办理结婚登记的内地居民需出示本人的居民身份证、本人无配偶以及与对方当事人没有直系血亲和三代以内旁系血亲关系的签字声明； 办理离婚登记的内地居民须出具本人的居民身份证和本人的结婚证两项。 修订草案还取消了对婚姻登记地域管辖的规定。 内地居民结婚，男女双方应当共同到婚姻登记机关办理结婚登记。 内地居民自愿离婚的，男女双方应当签订书面离婚协议，共同到婚姻登记机关申请离婚登记。 另外根据《民法典》的相关规定，草案新增了关于30天“离婚冷静期”“婚前隐瞒重大疾病可撤销婚姻”等条例，并对“离婚冷静期”进行了具体的规定，明确自婚姻登记机关收到离婚登记申请之日起三十日内，任何一方不愿意离婚的，可以向原申请离婚登记的婚姻登记机关撤回离婚登记申请，婚姻登记机关应当终止离婚登记程序。 意见反馈截止时间为2024年9月11日。,592,https://finance.cctv.com/2024/08/15/ARTIOf6PFG8yTXKj9laFgPig240815.shtml,婚姻登记;结婚登记;离婚冷静期;婚姻;结婚;离婚;配偶
CCTV,2024/8/15,婚姻登记条例修订草案征求意见：结婚、离婚都不必再拿户口簿,民政部起草的《婚姻登记条例（修订草案征求意见稿）》，正在征求社会各界意见。 其中的第八条提出，办理结婚登记的内地居民应当出具下列证件和书面材料：（一）本人的居民身份证；（二）本人无配偶以及与对方当事人没有直系血亲和三代以内旁系血亲关系的签字声明。 现行的《婚姻登记条例》第五条明确，办理结婚登记的内地居民应当出具下列证件和证明材料：（一）本人的户口簿、身份证；（二）本人无配偶以及与对方当事人没有直系血亲和三代以内旁系血亲关系的签字声明。 相较而言，《婚姻登记条例（修订草案征求意见稿）》在结婚登记环节删去了提供户口簿的要求。 此前在2023年7月，有网民留言称，现在婚姻登记必须提供户口簿不合理，这与宪法规定的“结婚自由”原则相违背，建议对此规定进行修订。 民政部社会事务司后答复称，婚姻自由主要指不违背婚姻当事人的真实意愿。提供户口簿是为了明确婚姻登记的管辖权，防止重婚等问题的出现，保护婚姻当事人的权益，与婚姻自由并不矛盾。 另有网民2023年6月在民政部网站留言称，现在婚姻登记必须提供户口簿不合理，身份证与户口簿本质上是一样的，都由公安机构颁发，具有同等效力。为什么提供了身份证还必须提供户口簿？很多年轻人往往因为父母粗暴干涉而拿不出户口簿，这与宪法规定的“结婚自由”原则相违背，建议对此规定进行修订。 对此，民政部社会事务司答复称，网民的建议我们将予以关注。 此次《婚姻登记条例（修订草案征求意见稿）》也在离婚环节作出调整。其第十五条提出，申请离婚登记的内地居民应当出具下列证件：（一）本人的居民身份证；（二）本人的结婚证。 现行的《婚姻登记条例》第十一条则载明，办理离婚登记的内地居民应当出具下列证件和证明材料：（一）本人的户口簿、身份证；（二）本人的结婚证；（三）双方当事人共同签署的离婚协议书。,756,https://news.cctv.com/2024/08/15/ARTIfylgWN3DktDcACAlwQ7W240815.shtml,婚姻登记;结婚登记;婚姻;结婚;离婚;重婚;配偶
China News Service,2024/8/15,“婚姻登记取消地域管辖限制”值得期待,8月12日，民政部公布《婚姻登记条例（修订草案征求意见稿）》，向社会公开征求意见。此次公开征求意见的草案包含结婚登记、离婚登记、婚姻登记档案和补领婚姻登记证等内容，新增了“婚姻家庭辅导服务”“离婚冷静期”等相关内容规定，取消了婚姻登记的地域管辖限制。 从内地居民婚姻登记“跨省通办”的试点工作，到全面取消婚姻登记地域管辖限制的修法动作，婚姻登记正在一步步摆脱“常住户口地”或“户籍地”的束缚，构建一种全国各地“自由办”的法定机制。这种改变赋予了婚姻自由新的内涵，无异于向婚姻登记当事人派送了一个特殊的红包。 多年以来，婚姻登记一直执行地域管辖制度。现行《婚姻登记条例》规定：内地居民结婚（或自愿离婚的），男女双方应当共同到一方当事人常住户口所在地的婚姻登记机关办理结婚登记（或离婚登记）；办理结婚登记（或离婚登记）的内地居民应当出具本人的户口簿、身份证等证件和证明材料。据此，男女双方办理婚姻登记，只有各自的常住户口所在地婚姻登记机关两个选项，如果一方或双方不在常住户口地，难免要受奔波之苦，消耗一定的时间成本和经济成本。 在内地居民婚姻登记“跨省通办”试点工作中，已经不再要求婚姻登记地只能选择一方当事人的常住户口地，而是放宽到一方当事人的居住地——对于双方均非本地户籍的婚姻登记当事人，可凭一方居住证和双方户口簿、身份证，在居住证发放地婚姻登记机关，申请办理婚姻登记。 此次拟修订的《婚姻登记条例》更进一步，未对婚姻登记机关加任何地域条件限制，也未要求婚姻登记当事人提交居住证、户口簿等证件，这意味着，如果《条例》修订通过，内地居民可以根据自己的意愿在全国范围内自由选择婚姻登记机关办理婚姻登记，婚姻登记可选方案更多，更加方便灵活，成本也会降低。在这一零地域管辖门槛的婚姻登记模式下，一些对婚姻登记地（比如相遇地、初恋地、定情地、上学地、创业地等）情有独钟的个性化婚姻登记需求也能得到满足。 在传统的婚姻登记模式中，户口簿是办理婚姻登记需提交的必要证件之一。有些婚姻登记当事人与父母在一个户口簿上，父母反对当事人结婚或离婚，攥着户口簿不放，导致当事人无法办理婚姻登记的情况也确有不少。如果婚姻登记不要户口簿，男女双方办理婚姻登记的条件就更少了，其他人干预的手段或选择也更少了，婚姻登记的自由度将进一步提升，婚姻登记将更符合当事人内心的真实意愿。 《民法典》确立了婚姻自由原则，婚姻登记取消地域管辖限制以及不要户口簿等简化婚姻登记条件的程序改革势必会赋予婚姻登记当事人更多维度、更大范围的婚姻自由，对当事人的婚姻自由提供更好的保障。这一修法方向顺应了人口加速流动的大趋势，顺应了政务服务改革升级的需要，顺应了人们对婚姻自由的更高需求，值得期待。 希望民政、公安、法院等部门加快建设完善“及时、准确、完整、安全”的全国婚姻基础信息库，打破信息壁垒，实现信息共享，为婚姻登记跳出地域管辖的小圈子夯实信息基础。 【,1205,https://www.chinanews.com.cn/sh/2024/08-15/10269080.shtml,婚姻登记;结婚登记;离婚冷静期;婚姻;结婚;离婚
China News Service,2024/8/15,民政部征求意见：内地居民结婚登记不再需要户口簿,中新社 北京8月15日电 中国民政部近日在官网公布《婚姻登记条例(修订草案征求意见稿)》(简称征求意见稿)，征求社会各界意见。根据征求意见稿，内地居民结婚登记和离婚登记不再需要户口簿。 征求意见稿提出，办理结婚登记的内地居民应当出具本人的居民身份证、本人无配偶以及与对方当事人没有直系血亲和三代以内旁系血亲关系的签字声明。 现行的《婚姻登记条例》规定，办理结婚登记的内地居民应当出具本人的户口簿、身份证、本人无配偶以及与对方当事人没有直系血亲和三代以内旁系血亲关系的签字声明。相较而言，征求意见稿在内地居民结婚登记环节删去了提供户口簿的要求。 征求意见稿在离婚环节亦作出调整，提出申请离婚登记的内地居民应当出具本人的居民身份证、结婚证。现行的《婚姻登记条例》要求，办理离婚登记的内地居民应当出具本人的户口簿、身份证、结婚证、双方当事人共同签署的离婚协议书。 征求意见稿新增规定，自婚姻登记机关收到离婚登记申请之日起三十日内，任何一方不愿意离婚的，可以向原申请离婚登记的婚姻登记机关撤回离婚登记申请，婚姻登记机关应当终止离婚登记程序。该规定期限届满后三十日内，男女双方应当持本条例第十五条规定的证件和离婚协议共同到原申请离婚登记的婚姻登记机关申请发给离婚证。 征求意见稿还提出，因胁迫结婚的，受胁迫当事人可以依法向人民法院请求撤销婚姻。一方当事人患有重大疾病的，应当在结婚登记前如实告知另一方当事人；不如实告知的，另一方当事人可以向人民法院请求撤销婚姻。(完) 【,631,https://www.chinanews.com.cn/sh/2024/08-15/10269208.shtml,婚姻登记;结婚登记;婚姻;结婚;离婚;配偶
People.cn,2024/8/15,“结婚不再需要户口簿”？婚姻登记条例修订草案征求意见--社会・法治--人民网,人民网北京8月15日电 （记者宋子节、温璐）近期，民政部起草的《婚姻登记条例（修订草案征求意见稿）》全文公布，征求社会各界意见。 根据修订草案的规定，结婚登记和离婚登记都不再需要户口簿，也取消了过去对登记的地域管辖的规定。结合民法典，草案新增了关于30天“离婚冷静期”“婚前隐瞒重大疾病可撤销婚姻”等条例，并对“离婚冷静期”进行了具体的规定。 本次公布的修订草案，也体现了民法典涉及婚姻的最新要求。 比如，修订草案对于婚姻登记中所需出具的证件进行了修改，取消了需出示户口簿的要求，以倡导婚姻自由。按照修订草案，办理结婚登记的内地居民出示的证件和书面材料只有两项――本人的居民身份证；本人无配偶以及与对方当事人没有直系血亲和三代以内旁系血亲关系的签字声明。 办理离婚登记的内地居民出具的证件也只包括本人的居民身份证和本人的结婚证两项。 如规定，因胁迫结婚的，受胁迫当事人可以依法向人民法院请求撤销婚姻；一方当事人患有重大疾病的，应当在结婚登记前如实告知另一方当事人；不如实告知的，另一方当事人可以向人民法院请求撤销婚姻。 草案还规定，当事人通过冒名顶替或者弄虚作假办理婚姻登记的，民政部门收到公安、人民法院、人民检察院等部门出具的事实认定相关证明、情况说明、司法建议书、检察建议书等证据材料，应当对相关情况进行审核，符合条件的及时撤销相关婚姻登记。 此外，修订草案还明确了不予受理离婚登记的三类情形，分别是未达成离婚协议的；属于无民事行为能力人或者限制民事行为能力人的；以及结婚登记不是在中国内地办理的。 此次修订草案对“离婚冷静期”进行了细化规定，其中明确自婚姻登记机关收到离婚登记申请之日起三十日内，任何一方不愿意离婚的，可以向原申请离婚登记的婚姻登记机关撤回离婚登记申请，婚姻登记机关应当终止离婚登记程序。期限届满后三十日内，男女双方应当持该条例规定的相关证件和离婚协议共同到原申请离婚登记的婚姻登记机关申请发给离婚证。 同时，修订草案明确离婚协议应当载明双方自愿离婚的意思表示和对子女抚养、财产以及债务处理等事项协商一致的意见；指出婚姻登记机关应当对离婚登记当事人出具的证件、书面材料进行审查并询问相关情况，对当事人确属自愿离婚，并已对子女抚养、财产、债务等问题达成一致处理意见的，应当当场予以登记，发给离婚证。 修订草案还提出，离婚的男女双方自愿恢复婚姻关系的，应当依照本条例规定到婚姻登记机关重新进行结婚登记。,1010,http://society.people.com.cn/n1/2024/0815/c1008-40299567.html,婚姻登记;结婚登记;离婚冷静期;婚姻;结婚;离婚;复婚;配偶
People.cn,2024/8/15,鹤壁市山城区：革除陋习 打造婚俗改革样板,近年来，鹤壁市山城区紧紧抓住全省婚俗改革试点契机，创新打造爱情小巷、建成新式婚姻登记大厅，通过举办相亲会、集体婚礼等群众喜闻乐见的活动，推崇新事新办，倡导仪式节俭，杜绝高价彩礼，革除婚俗陋习，让和谐、文明、有序的婚俗逐渐成为山城区主流。 强化顶层设计，为爱“保温”。山城区成立婚俗改革试点工作领导小组，出台专项工作实施方案，明确各成员单位职责，形成工作合力，层层抓好落实。 抢抓老旧小区改造契机，创新打造爱情小巷。2022年4月，山城区婚姻登记大厅在爱情小巷落成启用。这是全市首家集婚姻、婚介、婚庆、婚育服务为一体的综合性服务大厅。依托大厅打造婚俗改革游园，建设家风家训文化宣传阵地，打造家风家训宣传长廊、相思树、告白墙、时光隧道等，让“传承良好家风家训”的观念深入人心。 发挥阵地作用，为爱“升温”。特邀人大代表、政协委员、最美人物、道德模范等组建颁证师队伍。邀请多位市、区领导干部为新人颁发结婚证，分享婚姻相处之道。目前，已为800余对新人免费颁证，颁证率达到86%。引导新人到婚俗改革游园参观，学习优秀婚姻家庭文化，积极参与移风易俗。 在山城区婚姻登记大厅设置婚姻家庭辅导室，引入社会工作者、法律工作者、心理咨询师等专业社会力量，为婚姻当事人提供法律咨询、情感辅导、离婚劝和等服务。目前，已开展婚前辅导600余次，离婚调适辅导400余次，满意率100%。 弘扬婚俗新风，为爱“添彩”。连续两年举办七夕相亲大会。2023年举办山城区首届集体婚礼，喜结连理的新人面向1000余名观礼者庄严承诺，争做破除婚俗陋习、婚事新办简办的引领者。联合相关部门采取群众喜闻乐见的方式开展“颂党恩，传家风”等家风家教宣传活动，用身边人、身边事引导教育群众支持、参与移风易俗行动。 推广简约婚宴，为爱“减负”。发挥党员干部等公职人员的示范引领作用，严格规范党员领导干部婚丧喜庆事宜，做到事前报告、事后备案、违规问责。 引导各村（社区）将婚俗改革纳入村规民约、社区公约，设定酒席金额、彩礼、婚车等标准。打造农村家宴中心，推出婚宴点菜模式，有效减轻新婚家庭负担。故县社区建立乡村大酒店，制定婚宴用餐、用酒及礼金标准，营造不攀比、不浪费的良好氛围。组建村级红白理事队伍，发挥引导监督作用，推进喜事简办。目前，已实现“两约”修订、红白理事会建设100个村（社区）全覆盖。（鹤壁市山城区委宣传部供稿 作者：张莹莹）,994,http://henan.people.com.cn/n2/2024/0815/c378397-40945410.html,婚姻登记;高价彩礼;婚姻;结婚;离婚;婚育;彩礼;婚俗;婚介;相亲;婚礼
People.cn,2024/8/16,平顶山卫东区：抵制高价彩礼 倡树文明新风,8月12日，平顶山卫东区东高皇街道田选社区新时代文明实践站邀请陈运常夫妇，为即将步入婚姻殿堂的年轻人分享他们的爱情故事，讲述家庭幸福的秘诀，“晒”出婚姻保鲜的秘籍。 今年72岁的陈运常和妻子结婚49年来，一直相亲相爱、相敬如宾，是街坊邻居眼中的模范夫妻。“现在很多年轻人都因为高价彩礼、天价婚礼而为难，但幸福的婚姻最重要的是双方稳定的感情，如果一开始就因为过高的彩礼产生间隙，那不是本末倒置了吗？”陈运常说。 今年以来，卫东区致力于开展形式多样的移风易俗宣传活动，在全区共开展移风易俗宣传300余次，普及群众2万余人。该区利用大喇叭、板报等传统媒体和抖音、微信公众号等网络新媒体，让婚事新办、文明节俭的新风尚深入人心。该区各村积极响应号召，将推进移风易俗列入村规民约，并形成相应章程；邀请德高望重的老党员加入红白理事会，不断规范村民红白事操办，树立节俭新风。同时，该区深入挖掘移风易俗先进典型，发挥榜样引领作用，形成文明乡风、良好家风、淳朴民风的浓厚氛围。（平顶山卫东区委宣传部供稿 作者：朱江淼 李汉华）,453,http://henan.people.com.cn/n2/2024/0816/c378397-40946393.html,高价彩礼;婚姻;结婚;彩礼;相亲;夫妻;婚礼
People.cn,2024/8/16,民政部有关司局负责人解读《婚姻登记条例（修订草案征求意见稿）》--社会・法治--人民网,新华社北京8月16日电 题：民政部有关司局负责人解读《婚姻登记条例（修订草案征求意见稿）》 民政部日前就起草的《婚姻登记条例（修订草案征求意见稿）》公开征求社会公众意见。8月16日，民政部有关司局负责人就修订草案征求意见稿有关内容进行了解读。 修订草案征求意见稿删除了现行条例中内地居民办理婚姻登记（包括结婚登记和离婚登记）需出具居民户口簿的相关规定。 民政部有关司局负责人表示，这次修订《婚姻登记条例》取消当事人需要出具户口簿的规定，主要是从人口流动客观规律出发，推动相关公共服务随人走。 这位负责人介绍，现行条例中规定婚姻登记需到一方当事人常住户口所在地的婚姻登记机关办理，居民户口簿是其有效证明材料。但随着经济社会的快速发展，人口流动性增加，越来越多的人选择在异地工作和生活，现有规定给他们办理婚姻登记带来很多限制，回户籍地办理登记无形中也增加了额外负担，取消当事人提供户口簿的规定则解决了这个难题。 这位负责人表示，经国务院批准，从2021年6月起，实行婚姻登记“跨省通办”试点。各地在试点过程中，只要凭一方当事人身份证、居住证就可以在非户籍地办理婚姻登记，此类试点已充分说明婚姻登记制度实际上已与当事人的户籍地脱钩，也预示着户口簿已失去现行条例中的原有作用。 这位负责人还介绍，现行的婚姻登记制度下，提供户口簿主要是为了明确婚姻登记的管辖权，如果当事人无法出具居民户口簿的，当事人也可以凭公安部门或有关户籍管理机构出具的加盖印章的户籍证明办理婚姻登记。 婚姻登记中取消户口簿是否会导致重婚、骗婚等现象发生？ 这位负责人表示，目前，全国婚姻登记机关已基本实现实时在线登记、婚姻登记管理信息系统联网互通和婚姻登记数据及时汇聚，民政部婚姻信息数据库的现有数据，各地婚姻登记机关都能够做到实时查询使用。同时，为确保公民身份信息合法、有效，优化婚姻管理政务服务，2017年，民政部、公安部联合印发《关于在婚姻登记机关开展国家人口基础信息库信息共享工作的通知》，并专线联通了国家人口基础信息库。通过这种部门间信息共享，可以实现全国范围内的人口信息核验，有效防止重婚、骗婚等现象发生。 此次修订草案征求意见稿制定了“离婚冷静期”相关实施条款，备受社会关注。 民政部有关司局负责人指出，设置“离婚冷静期”，是民法典的一项重要规定，也是根据我国婚姻家庭领域出现的新形势新情况作出的一项重大制度安排，其目的是减少冲动离婚或草率离婚。 这位负责人表示，为贯彻实施民法典，切实发挥“离婚冷静期”的作用，民政部指导各地优化离婚登记服务流程，积极开展婚姻家庭辅导服务，努力减少社会上的冲动离婚、草率离婚现象，取得较好的效果。修订草案征求意见稿贯彻落实民法典关于“离婚冷静期”的相关规定，在工作实践的基础上，调整了现行《婚姻登记条例》的相关内容。 “后续，我们将指导各地继续加大普法宣传教育力度，抢抓有利时间窗口期，为离婚当事人提供情感沟通、心理疏导、关系修复等婚姻家庭辅导服务，促进幸福和谐婚姻家庭建设。”这位负责人说。 这位负责人强调，离婚冷静期制度与当事人是否享有离婚自由权利并不冲突，当事人如感情确已破裂，既可以依法申请协议离婚登记，也可以到人民法院提起诉讼离婚。当事人若在离婚期间遇到个人或家庭成员人身安全受到威胁等情况，可以及时通过相关法律救济渠道寻求帮助。 修订草案征求意见稿规定“婚姻登记机关应当提供婚姻家庭辅导服务”。 记者了解到，在家庭教育促进法和妇女权益保障法等法律中规定了婚姻登记机关应当提供家庭教育指导和婚姻家庭辅导服务，并对婚姻登记机关开展婚姻家庭辅导服务提出了明确要求。 “修订草案征求意见稿对婚姻家庭辅导服务作出规定，正是婚姻登记机关依法行政的具体体现。”民政部有关司局负责人说。 据介绍，目前，各地婚姻登记机关已普遍开展婚姻家庭辅导服务。2023年底，全国县级以上婚姻登记机关婚姻家庭辅导室覆盖率已达到90%以上。 “实践中，各地婚姻登记机关普遍通过公益创投、经费补贴、政府购买服务等方式，积极提供婚前教育、婚姻家庭关系调适、离婚干预等全链条全周期婚姻家庭辅导服务，帮助当事人全面清晰认识婚姻家庭代表的责任和义务，学习化解婚姻家庭危机的技巧，有效促进当事人婚姻家庭和谐稳定。”这位负责人说。,1752,http://society.people.com.cn/n1/2024/0816/c1008-40300421.html,婚姻登记;结婚登记;离婚冷静期;婚姻;结婚;离婚;重婚;骗婚
People.cn,2024/8/16,澳门推出“结婚一件事”“出生一件事”服务--港澳--人民网,人民网澳门8月15日电 （记者富子梅）澳门特区政府15日在“澳门公共服务一户通”（以下简称“一户通”）网站平台或手机应用程式推出“结婚一件事”和“出生一件事”服务，将原本由多个公共部门分散提供的服务整合为一项申办服务，大幅减少结婚登记人和新生儿父母亲临部门及重复递交文件，打造“一件事情，一次办结”的电子政务新体验。 据悉，澳门特区政府推出的“一件事”服务，将申请量大、关联性强、办理时间集中的跨部门服务整合，市民仅需线上申请一次，达致“减环节、减时间、减文件、减亲临”的效果。首阶段选取了市民人生历程中“结婚”和“出生”两个重要时刻，提供集成化服务，通过流程优化和资料互通，打破民事登记局与其他部门的数据壁垒，实现结婚申请、出生登记全程电子化。 同时，“一件事”服务已整合结婚津贴和出生津贴申请，免除市民提交证明文件，同时可避免忘记或逾期申请。市民通过“一件事”服务提交各项申请后，可随时在“一户通”的“我的办事”查看进度、集中接收部门通知，并取得相应的电子证明和津贴等。同时，市民还可延伸使用“一户通”各项便民服务，如“我的健康”可查看子女儿科保健预约情况、日常使用电子身份和“我的通关”等。 澳门特区政府有关部门表示，未来将继续以“服务创新、便民利民”为目标，推出更多“一件事”服务，不断提升市民办理公共服务的便捷度。,562,http://hm.people.com.cn/n1/2024/0816/c42272-40300030.html,结婚登记;结婚
CCTV,2024/8/17,婚姻登记取消户口簿会导致重婚、骗婚？民政部回应,民政部日前就起草的《婚姻登记条例（修订草案征求意见稿）》公开征求社会公众意见。 根据草案的规定， 结婚登记和离婚登记都不再需要户口簿，也取消了过去对登记的地域管辖的规定。 结合民法典，草案新增了关于30天“离婚冷静期”“婚前隐瞒重大疾病可撤销婚姻”等条例，并对“离婚冷静期”进行了具体的规定。 文件公布后，引发了广泛关注，也出现了一些争议。据新华社，8月16日，民政部有关司局负责人就修订草案征求意见稿有关内容进行了解读。 结婚登记不再需要户口簿会导致重婚？民政部回应 民政部有关司局负责人表示，这次修订《婚姻登记条例》取消当事人需要出具户口簿的规定，主要是从人口流动客观规律出发，推动相关公共服务随人走。 这位负责人介绍，现行条例中规定婚姻登记需到一方当事人常住户口所在地的婚姻登记机关办理，居民户口簿是其有效证明材料。但随着经济社会的快速发展，人口流动性增加， 越来越多的人选择在异地工作和生活，现有规定给他们办理婚姻登记带来很多限制，回户籍地办理登记无形中也增加了额外负担，取消当事人提供户口簿的规定则解决了这个难题。 这位负责人表示，经国务院批准，从2021年6月起，实行婚姻登记“跨省通办”试点。各地在试点过程中，只要凭一方当事人身份证、居住证就可以在非户籍地办理婚姻登记，此类试点已充分说明婚姻登记制度实际上已与当事人的户籍地脱钩，也预示着户口簿已失去现行条例中的原有作用。 这位负责人还介绍，现行的婚姻登记制度下，提供户口簿主要是为了明确婚姻登记的管辖权， 如果当事人无法出具居民户口簿的，当事人也可以凭公安部门或有关户籍管理机构出具的加盖印章的户籍证明办理婚姻登记。 婚姻登记中取消户口簿是否会导致重婚、骗婚等现象发生？ 这位负责人表示，目前， 全国婚姻登记机关已基本实现实时在线登记、婚姻登记管理信息系统联网互通和婚姻登记数据及时汇聚，民政部婚姻信息数据库的现有数据 ，各地婚姻登记机关都能够做到实时查询使用。同时，为确保公民身份信息合法、有效，优化婚姻管理政务服务，2017年，民政部、公安部联合印发《关于在婚姻登记机关开展国家人口基础信息库信息共享工作的通知》，并专线联通了国家人口基础信息库。 通过这种部门间信息共享，可以实现全国范围内的人口信息核验，有效防止重婚、骗婚等现象发生。 此次修订草案征求意见稿制定了“离婚冷静期”相关实施条款，备受社会关注。 民政部有关司局负责人指出，设置“离婚冷静期”，是民法典的一项重要规定，也是根据我国婚姻家庭领域出现的新形势新情况作出的一项重大制度安排，其目的是减少冲动离婚或草率离婚。 这位负责人表示，为贯彻实施民法典，切实发挥“离婚冷静期”的作用，民政部指导各地优化离婚登记服务流程，积极开展婚姻家庭辅导服务，努力减少社会上的冲动离婚、草率离婚现象，取得较好的效果。修订草案征求意见稿贯彻落实民法典关于“离婚冷静期”的相关规定，在工作实践的基础上，调整了现行《婚姻登记条例》的相关内容。 “后续，我们将指导各地继续加大普法宣传教育力度，抢抓有利时间窗口期，为离婚当事人提供情感沟通、心理疏导、关系修复等婚姻家庭辅导服务，促进幸福和谐婚姻家庭建设。”这位负责人说。 这位负责人强调， 离婚冷静期制度与当事人是否享有离婚自由权利并不冲突，当事人如感情确已破裂，既可以依法申请协议离婚登记，也可以到人民法院提起诉讼离婚。 当事人若在离婚期间遇到个人或家庭成员人身安全受到威胁等情况，可以及时通过相关法律救济渠道寻求帮助。 结婚、离婚都不必再拿户口簿！民政部公开征求意见 8月12日，《婚姻登记条例（修订草案征求意见稿）》（以下简称草案）在民政部网站全文公布并公开向社会征求意见。修订草案相比原条例，在登记程序上作了较大修改。 现行《婚姻登记条例》2003年10月1日正式施行，本次公布的草案，也体现了民法典涉及婚姻的最新要求。 比如，草案对于婚姻登记中所需出具的证件进行了修改，取消了需出示户口簿的要求，以倡导婚姻自由。按照修订草案， 办理结婚登记的内地居民出示的证件和书面材料只有两项——本人的居民身份证 ；本人无配偶以及与对方当事人没有直系血亲和三代以内旁系血亲关系的签字声明。 办理离婚登记的内地居民出具的证件也只包括本人的居民身份证和本人的结婚证两项。 目前征求意见的修订草案，则取消了对婚姻登记地域管辖的规定。按照草案规定， 内地居民结婚，男女双方应当共同到婚姻登记机关办理结婚登记。 内地居民自愿离婚的，男女双方应当签订书面离婚协议，共同到婚姻登记机关申请离婚登记。 这也就意味着，未来进行婚姻登记，将不会再有地域限制。 另外，此次婚姻登记条例修订草案对“离婚冷静期”进行了细化规定， 其中明确自婚姻登记机关收到离婚登记申请之日起三十日内，任何一方不愿意离婚的，可以向原申请离婚登记的婚姻登记机关撤回离婚登记申请，婚姻登记机关应当终止离婚登记程序。 根据规定，期限届满后三十日内，男女双方应当持本条例第十五条规定的证件和离婚协议共同到原申请离婚登记的婚姻登记机关申请发给离婚证。,2075,https://news.cctv.com/2024/08/17/ARTIHLkwbS10Aq8ayIiUXPVu240817.shtml,婚姻登记;结婚登记;离婚冷静期;婚姻;结婚;离婚;重婚;骗婚;配偶
China News Service,2024/8/17,民政部集中回应离婚冷静期、结婚无需户口簿等热点,民政部日前就《婚姻登记条例》(修订草案征求意见稿)公开征求意见，就其中的相关内容，民政部有关司局负责人进行了解读。 民政部有关司局负责人表示，家庭是社会的基本细胞，婚姻登记是组成家庭的起点。2021年1月1日，《中华人民共和国民法典》(以下简称民法典)正式实施，对婚姻登记制度进行了调整。为贯彻实施民法典，适应人民群众新期待，民政部在多次征求中央和国家有关单位、各省级民政部门和部分基层婚姻登记机关意见，深入调查研究和反复召开专家学者座谈会进行论证的基础上，认真修改完善形成了《婚姻登记条例》(修订草案征求意见稿)。 删除内地居民办理婚姻登记中需出具居民户口簿的相关规定 方便群众异地办理婚姻登记 民政部有关司局负责人表示，这次修订《婚姻登记条例》取消当事人需要出具户口簿的规定，主要是从人口流动客观规律出发，推动相关公共服务随人走。现行条例中规定婚姻登记需到一方当事人常住户口所在地的婚姻登记机关办理，居民户口簿是其有效证明材料。 但随着经济社会的快速发展，人口流动性增加，越来越多的人选择在异地工作和生活，现有规定给他们办理婚姻登记带来很多限制，回户籍地办理登记无形中也增加了额外负担，取消当事人提供户口簿的规定则解决了这个难题，为推进基本公共服务均等化、体现社会公平扎实向前迈进了一大步。 一是婚姻登记“跨省通办”试点实施为取消户口簿提供了坚实的实践基础。为落实国务院简政放权、推进政务服务“放管服”要求，经国务院批准，从2021年6月起先后在七省二市实行婚姻登记“跨省通办”试点，目前已扩大到21个省、区、市。试点效果良好，得到社会各方面认可和赞同。各地在试点过程中，只要凭一方当事人身份证、居住证就可以在非户籍地办理婚姻登记，此类试点已充分说明婚姻登记制度实际上已与当事人的户籍地脱钩，也预示着户口簿已失去现行条例中的原有作用。随着一系列减证便民政策陆续出台，居民身份证逐步实现了身份信息集成统一、多证合一。 同时，现行的婚姻登记制度下，提供户口簿主要是为了明确婚姻登记的管辖权，如果当事人无法出具居民户口簿的，当事人也可以凭公安部门或有关户籍管理机构出具的加盖印章的户籍证明办理婚姻登记。因此，将户口簿作为办理婚姻登记的必要条件，已经不再适应现代社会人口管理的发展趋势。为配套实现婚姻登记“全国通办”，取消居民户口簿的限制，允许婚姻当事人凭居民身份证办理结婚登记和离婚登记既是建立现代户籍制度的必然要求，也是最大程度实现便民利民的一种有效措施。 二是婚姻管理信息全国联网为取消户口簿提供了现实可能。目前，全国婚姻登记机关已基本实现实时在线登记、婚姻登记管理信息系统联网互通和婚姻登记数据及时汇聚，民政部婚姻信息数据库的现有数据，各地婚姻登记机关都能够做到实时查询使用。 同时，为确保公民身份信息合法、有效，优化婚姻管理政务服务，2017年，民政部、公安部联合印发《关于在婚姻登记机关开展国家人口基础信息库信息共享工作的通知》(民函〔2017〕176号)，并专线联通了国家人口基础信息库。通过这种部门间信息共享，可以实现全国范围内的人口信息核验，能保证“全国通办”的需求，有效防止重婚、骗婚等现象发生，让当事人个人提供户口簿等做法事实上已失去意义和必要性，真正实现“让数据多跑路，让群众少跑腿”。 “离婚冷静期”目的是减少冲动型离婚或草率离婚 民政部有关司局负责人表示，“离婚冷静期”是《民法典》的一项重要规定，也是根据我国婚姻家庭领域出现的新形势新情况作出的一项重大制度安排，其目的是减少冲动型离婚或草率离婚，也是借鉴其他国家和地区类似做法、应对我国近年来离婚率持续增加的一个有效措施。为贯彻实施《民法典》，切实发挥“离婚冷静期”的作用，民政部指导各地优化离婚登记服务流程，积极开展婚姻家庭辅导服务，努力减少社会上的冲动离婚、草率离婚现象，取得较好的效果。 此次，《草案》贯彻落实民法典关于“离婚冷静期”的相关要求，在工作实践的基础上，调整了现行《婚姻登记条例》的相关内容，充分体现了维护人民权益、化解矛盾纠纷、促进社会和谐稳定的立法宗旨。后续，我们将指导各地继续加大普法宣传教育力度，抢抓有利时间窗口期，为离婚当事人提供情感沟通、心理疏导、关系修复等婚姻家庭辅导服务，进一步遏制当事人的离婚冲动，促进幸福和谐婚姻家庭建设。 需要说明的是，离婚冷静期制度与当事人是否享有离婚自由权利并不冲突，当事人如感情确已破裂，既可以依法申请协议离婚登记，也可以到人民法院提起诉讼离婚。这正是我国充分保障当事人离婚自由权利的具体表现，当事人若在离婚期间遇到个人或家庭成员人身安全受到威胁等情况，可以及时通过相关法律救济渠道寻求帮助。整体来看，“离婚冷静期”达到了制度设计初衷和预期效果，不仅给当事人一个静心思考的机会，也为婚姻登记机关及时开展婚姻家庭辅导服务、做好婚姻家庭危机干预争取了时间。 全国县级以上婚姻登记机关婚姻家庭辅导室覆盖率已达到90%以上 关于此次将婚姻家庭辅导服务的内容写入《草案》，民政部有关司局负责人表示： 2021年颁布的《家庭教育促进法》第三十二条规定：“婚姻登记机关和收养登记机构应当通过现场咨询辅导、播放宣传教育片等形式，向办理婚姻登记、收养登记的当事人宣传家庭教育知识，提供家庭教育指导。” 2023年实施的《妇女权益保障法》第六十三条规定：“婚姻登记机关应当提供婚姻家庭辅导服务，引导当事人建立平等、和睦、文明的婚姻家庭关系。” 相关法律规定了婚姻登记机关应当提供家庭教育指导和婚姻家庭辅导服务，并对婚姻登记机关开展婚姻家庭辅导服务提出了明确要求。《草案》对婚姻家庭辅导服务做出规定，正是婚姻登记机关依法行政的具体体现。 目前，各地婚姻登记机关已普遍开展婚姻家庭辅导服务。2023年底，全国县级以上婚姻登记机关婚姻家庭辅导室覆盖率已达到90%以上。实践中，各地婚姻登记机关普遍通过公益创投、经费补贴、政府购买服务等方式，积极提供婚前教育、婚姻家庭关系调适、离婚干预等全链条全周期婚姻家庭辅导服务，帮助当事人全面清晰认识婚姻家庭代表的责任和义务，学习化解婚姻家庭危机的技巧，有效促进当事人婚姻家庭和谐稳定。 (总台央视记者 李玉梅） 【,2533,https://www.chinanews.com.cn/sh/2024/08-17/10270333.shtml,婚姻登记;结婚登记;离婚冷静期;婚姻;结婚;离婚;重婚;骗婚
CCTV,2024/8/18,新规引起广泛关注 民政部回应婚姻登记条例改革热点,央视网消息： 民政部日前就起草的《婚姻登记条例（修订草案征求意见稿）》公开征求社会公众意见。其中，婚姻登记取消户口簿、离婚冷静期等规定引起广泛关注。来看民政部相关负责人的最新回应。 婚姻登记取消户口簿 会不会发生重婚骗婚现象？ 与现行《婚姻登记条例》相比，修订草案征求意见稿明确，结婚和离婚登记不再需要出示户口簿，而且也不需要回到一方原籍办理，也就是两人可以自愿选择地点进行婚姻登记。 民政部相关负责人表示，当前人口流动性增大，居民身份证已逐步实现了身份信息集成统一、多证合一。全国婚姻登记机关也基本实现婚姻登记管理信息系统联网互通。同时，民政部、公安部通过部门间信息共享，可以实现全国范围内的人口信息核验，能有效防止重婚、骗婚等现象发生，让当事人个人提供户口簿等做法事实上已失去意义和必要性。 从2021年6月起民政部在多地开展试点，目前已有北京、天津等21个省份实施结婚登记和离婚登记“跨省通办”试点，为取消户口簿提供了实践基础。 《婚姻登记条例（修订草案征求意见稿）》规定：自婚姻登记机关收到离婚登记申请之日起三十日内，任何一方不愿意离婚的，可以向原申请离婚登记的婚姻登记机关撤回离婚登记申请，婚姻登记机关应当终止离婚登记程序。30日“离婚冷静期”期限届满后的三十日内，男女双方应当持本人居民身份证、结婚证等证件和离婚协议共同到原申请离婚登记的婚姻登记机关申请发给离婚证。 民政部有关负责人指出，设置“离婚冷静期”是贯彻落实民法典的相关规定，目的是减少冲动型离婚或草率离婚，与离婚自由并不冲突。 当事人如感情确已破裂，既可以依法申请协议离婚登记，也可以到人民法院提起诉讼离婚，当事人若在离婚期间遇到个人或家庭成员人身安全受到威胁等情况，可以及时通过相关法律救济渠道寻求帮助。 草案征求意见稿明确，婚姻登记机关应提供婚姻家庭辅导服务。民政部有关负责人介绍，婚姻家庭辅导服务应包括婚前教育、婚姻家庭关系调适、离婚干预等全链条全周期服务。截至2023年底，全国县级以上婚姻登记机关婚姻家庭辅导室覆盖率已达到90%以上。,859,https://news.cctv.com/2024/08/18/ARTI2ZOi7SUfaVFH66vEEIwm240818.shtml,婚姻登记;结婚登记;离婚冷静期;婚姻;结婚;离婚;重婚;骗婚
CCTV,2024/8/20,多地农村地区离婚率上升引关注，机构和学者分析原因提出对策,"农村地区的离婚率上升势头，正触发多方关注。 近期，河南一名省政协委员在提案中指出，农民工外出务工带来农村离婚率攀升、留守儿童监护缺失、“空巢”老人亟需关注等问题，需要综合发力，为更多的农民工返乡就业创业提供支持，让更多外出农民工能够返乡就地就近实现高质量充分就业创业，让广大农村家庭都能实现对美好生活的向往。 河南省人社厅近日答复称，将促进农村劳动力就地就近就业、加强农民工返乡创业培育扶持等。 在河南之外，全国多地已报告农村地区离婚率上升，一些官方研究机构和学者也就此提出多项对策。 2022年6月，贵州玉屏侗族自治县民政局在介绍有关情况时称，2019年起，当地农村离婚率呈上升趋势，从婚姻家庭矛盾纠纷调解台账统计分析，2019年下半年共调解婚姻家庭矛盾纠纷335对，一年办理离婚615对，其中农村婚姻办理离婚600对；2020年全年调解家庭矛盾纠纷885对，办理离婚576对，农村婚姻办理离婚570对；2021年调解家庭纠纷1048对，办理离婚339对，农村婚姻办理离婚330对。虽然离婚率从2019年至今逐步有所降低，但农村离婚率占该县离婚总人数的95%。 据玉屏县民政局分析，农村婚姻存在问题来源中，家庭暴力占10%，长期分居导致婚外情占50%；不履行家庭责任和义务占15%；文化低，思维局限导致不懂得如何化解各种矛盾纠纷占15%；性格不合针对性强占10%。 云南富源县民政局2021年6月介绍，富源县2020年结婚人数11768人，离婚登记人数3150人，其中农村离婚登记人数占60%，且现在的农村存在离婚人群年龄减小，婚姻存续时间较短等特征，给社会、家庭和孩子成长等方面带来很多影响。 另外，2019年，甘肃庆阳市人民政府研究室课题组在《离婚率持续上升已成为乡村振兴的隐痛——关于庆阳市农村离婚现象的调查分析》中提到，庆阳市离婚率由2012年的2.1‰上升到2018年的3.6‰，农村离婚率由2012年的2.9‰上升到2018年的3.6‰，分别高于全国、全省0.4和1.53个千分点。 该研究指出，庆阳农村离婚现象有这几个特点： 通过诉讼渠道离婚人数逐年上升。庆阳市中级人民法院数据显示，2012年到2017年，全市基层法院受理农村离婚案件29341件，其中2012年3341件，2013年3950件，2014年4214件，2015年4374件，2016年4543件，2017年4592件，离婚人数年均增加250件，年均增幅为6.6%； 离婚年龄呈逐年下降趋势。农村一些年轻夫妻社会和家庭责任感缺失，容易受外界影响。从民政部门统计数据看，男女方离婚平均年龄逐年降低1岁，降幅2.6%； 女方主动提出离婚的占主导。入户调查的151个离婚家庭中，女方先提出离婚的117个，占82.98%； 婚姻存续时间较短。入户调查的151个离婚家庭中，婚姻维持不到1年的23个，占13.88%；婚姻维持2年的6个，占3.97%；婚姻维持3年的13个，占8.61%；婚姻维持4年的24个，占15.89%； 事实婚姻大量存在。在农村还存在重形式轻登记的问题，少数没有办理结婚登记而一起生活生育孩子；一些结婚时不够法定年龄，举办了婚礼，计划到龄补办结婚登记。 从各地应对措施上看，玉屏县提出强化婚姻家庭矛盾调解队伍建设，整合部门调解资源，加大婚姻家庭调解员队伍建设，组建一支由政法、妇联、民政等具有较强的实践能力及婚姻家庭纠纷调解工作经验的调解队伍。一批由教师、律师、心理咨询师形成的志愿者队伍，兼职为有需求的当事人提供感情沟通、心理疏导、关系修复、纠纷调解等服务。还有一批由各级综治中心、妇联、民政干部组建的工作联络队伍。 富源县加大离婚案件的调解力度。在离婚案件中，坚持调解优先原则，邀请乡镇综治办、司法协理员、乡贤参与调解，婚姻登记部门严格执行“离婚冷静期”程序，做好婚姻家庭辅导工作，引导当事人多站在对方的角度看待问题，避免当事人因一时冲动而导致离婚。 庆阳市人民政府研究室课题组则在报告中建议，大力发展民营经济，引导有能力有意愿的民间资金发展实体经济，落实扶持政策，鼓励返乡青年二次创业，减少农村夫妻聚少离多、感情淡化、离婚高发的问题。 近年来，农村地区离婚率的上升也引起研究者关注。 湖南师范大学的齐薇薇2022年在《沿海发达地区农村离婚现象研究》一文中提到，珠三角农村地区经济发达，最近10年当地离婚现象呈现出快速增长趋势，年轻夫妻是离婚主体，大部分离婚案例由女性主张。调查发现，当地农村离婚现象主要与以下因素有关： 一是当地农村是全国农村的婚姻高地，外地女性大量流入，当地女性在婚姻市场进而在家庭权力结构、家庭矛盾中处于劣势地位； 二是当地农民家庭缺乏明确的共同奋斗目标，使得夫妻之间难以形成紧密的相互依赖、协商、支持的关系，夫妻关系完全维系于情感； 三是当地农村夫妻之间在经济、亲戚关系、交往圈子上相互独立，使得夫妻之间在家庭责任、义务方面去公共性，夫妻关系纽带不牢固； 四是当地宗族观念重，中老年人掌握财产权，维系着传统家庭秩序和权力格局，这与年轻女性主体性伸张形成较大张力，容易导致婆(翁)媳矛盾，进而可能引发夫妻矛盾。这样，年轻女性在家庭中无法获得应有的地位和话语权，难以实现主体意志，因而在发生家庭矛盾或失去夫妻感情之后容易提出离婚，而年轻男子则因为容易再婚亦不畏惧离婚，从而导致当地离婚、再婚、复婚现象频仍。 早前，齐薇薇曾在广东省佛山市顺德区L镇S村进行了为期25天的田野调研。S村有人口700多户，近10年有130多对夫妻离婚，离婚率约为18.6％。离婚年龄以30岁左右为主，离婚的方式主要是协议离婚，大部分夫妻离婚时有孩子。 齐薇薇认为，现代女性经济独立、自我意识觉醒，她们意欲冲破传统家庭秩序、重构新型家庭关系，但在实践中却遭遇巨大的困难。一方面，本地老人掌握家庭财产和地租经济大权，年轻人在经济上依赖于老人,同时本地宗族文化传统伦理道德依然保持，老人在家庭中拥有较大的话语权，他们极力维持传统家庭秩序。另一方面，作为人口流入地的珠三角农村是婚姻市场的高地，本地女性很难通过离婚或威胁离婚的手段改变传统家庭秩序。因此,即使经济独立、思想现代的本地年轻女性在与传统家庭秩序作斗争时也很容易成为失败者，进而要么在家庭斗争中妥协以适应传统家庭生活秩序，要么以离婚的方式对抗到底。 该文提出，政府应该通过制度建设和价值输出，向人们传递正确的婚姻家庭观念，促进社会建立健康的婚姻家庭秩序。 四川法制网2021年刊发的《关于减少农村婚姻家庭纠纷方面的建议》也提到了类似的情况——在农村父母对孩子的婚姻会过多干涉，而这种干涉甚至会出现婚恋不自由：农村的一些男女一般是经父母托人介绍认识的，父母如果对对方的家庭满意，会决定让其子女继续交往,故有些男女在不了解对方的情况下，听从父母安排，走向婚姻;农村风俗习惯中有女方家庭向男方家庭索要彩礼，父母为儿子娶媳妇，婚礼上的一切开销应该都由男方花费,导致双方父母在子女婚姻生活有了绝对指手画脚的权利，有些夫妻的感情还不错，但因为双方父母过多干涉导致婚姻无法持续下去,对于婚姻基础本来就薄弱的当事人双方来说，父母过多干涉婚姻无疑是雪上加霜。 该文还提到，在农村，大部分的离婚纠纷均是由女方提出的，多数起诉状中都会不同程度地提到有家庭暴力的现象。农村流传一句话“打是亲、骂是爱”，这给施暴者提供了冠冕堂皇的理由。而且农村也给了施暴者一定的忍耐度，大部分家庭暴力的受害者都会选择逆来顺受，委曲求全或者离家出走。有些男方多次殴打女方，女方忍受不住提出离婚，男方会在盛怒下做出极端行为。由此可见在农村家庭暴力的存在，极易导致极端事件的发生，引发其他严重的问题。 就此，该文呼吁，充分发挥巡回法庭、新闻媒介、普法手册的作用，加大力度宣传社会主义婚姻家庭观，要对农村环境下的传统婚姻家庭观念进行积极地引导，父母对子女的婚姻不要过多干涉，要帮助其子女建立自由、文明、和谐、稳定的婚姻关系。多开展一些弘扬家庭美德、良好道德的活动，倡导社会新风，创建和谐社会。 同时，建立反家暴工作机制，对疑难和“家暴”方面的纠纷进行联合调解和处理，不断提高反家暴效果；设立家庭婚姻咨询热线，为群众答疑解惑，强化相关法律知识，加大维权力度;在农村加强宣传，营造反家庭暴力的良好氛围,做好反对家庭暴力的宣传工作，广泛宣传家庭暴力的危害，使人们明白家庭暴力并不是个人和家庭私事，而是一种侵犯人权，违反社会道德的行为;提高农村妇女自身维权意识，在遭受家庭暴力时，切不可逆来顺受，委曲求全，要及时勇敢地维护自己的合法权利。",3514,https://news.cctv.com/2024/08/20/ARTItILqJJChS0uoSt0R0s8e240820.shtml,婚姻登记;结婚登记;离婚冷静期;婚姻;结婚;离婚;婚恋;彩礼;再婚;复婚;夫妻;婚礼;家庭暴力;家暴
People.cn,2024/8/21,离婚争议中的小乌龟,在武汉市东西湖法院，一对90后小夫妻的离婚纠纷引发了一场关于13只乌龟归属的争论。这些乌龟，成了他们婚姻破裂后的一个焦点。 小雷和小梅在2021年喜结连理，但幸福的时光并未长久。由于性格不合，他们的矛盾逐渐加剧，最终导致了婚姻的破裂。2024年7月，小梅向法院提起了离婚诉讼。 东西湖法院临空港人民法庭受理了此案。承办法官在翻阅卷宗后发现，这对夫妻婚后共同生活的时间不长，没有生育子女，财产也相对简单，具备较好的调解基础。通过电话联系，小雷表示同意离婚，并对婚内购买的名牌包包、手机等财物的分配没有异议，但他坚决要求小梅返还他的一批宠物龟。 原来，小雷一直经营着一家宠物店，对宠物的饲养和培育有着丰富的经验。今年初，宠物店购入了一批价值18万元的乌龟。然而，夫妻间的争执让小梅擅自将这些乌龟带回了老家。 “你们都是明事理的人，在其他财物问题上都能达成一致，希望在这批宠物龟的归属问题上也能保持互谅互让。小雷是专业的宠物饲养和销售人员，乌龟归他更有利于它们的生长和商业价值的实现。但这批乌龟也是夫妻共同财产，价值18万元不是小数目，应该给予另一方一定的经济补偿。”承办法官耐心地劝解。 最终，双方在法官的调解下达成了协议：小梅将13只乌龟返还给小雷，小雷补偿小梅8万元。临空港法庭当场制作并送达了民事调解书。 法官表示，我国现行法律中没有关于宠物“抚养权”的明确规定。在处理离婚案件中涉及宠物时，法院通常会综合考虑宠物的购买、日常照料、夫妻双方的生活环境等因素，为宠物寻找最合适的“抚养”对象。这一案例也提醒人们，在处理婚姻关系和财产分割时，应充分考虑各种因素，寻求公平合理的解决方案。（杨静）,696,http://hb.people.com.cn/n2/2024/0821/c192237-40951060.html,婚姻;离婚;对象;夫妻
People.cn,2024/8/23,姚大姐“离婚”记,“检察官，我丈夫生病了，我想办低保，结果民政部门说我有两次婚姻登记，我怎么撤也撤不掉，这可咋办？” 近日，二道区居民姚大姐来到二道区检察院求助，讲述了她凭空多了一个丈夫的离奇经历，希望检察官帮助解决。 姚大姐今年65岁，于1991年8月28日在原长春市二道河子区与迟某某登记结婚，二人共同生活至今，期间，姚大姐持有的结婚证遗失。 2024年4月，丈夫迟某某被诊断出尿毒症，家庭生活陷入了困境。为申请低保，姚大姐前往民政局补办结婚证，却发现自己有两次婚姻登记。 经查，第二次结婚登记的姓名、身份证号码虽与姚大姐一致，但登记照片、签字均不是其本人。按照正常程序，民政部门无法直接进行更正，行政诉讼也超过了法定时效。一边是丈夫高昂的医疗费用，一边却因为莫名其妙多出来的婚姻登记办不了低保，这可把姚大姐难坏了。 长春市二道区人民检察院在开展行政争议化解工作中获取到了案件线索，第一时间联系上了姚大姐。于是姚大姐抱着试试看的心态向二道区检察院申请监督。 依法受理申请后，我们发现姚大姐主要有两个诉求，一个是撤销案涉婚姻登记；另一个是申请低保。第一个诉求是实现第二个诉求的前提条件。要实现“完美解题”，能否证明案涉婚姻是冒名登记是其中的关键。为此，我们做了详实的调查工作。 一是向长春市二道区档案馆调查取证相关材料； 三是二道区院向长春市人民检察院申请进行笔迹鉴定。 在取证的同时，我们也查明，姚大姐爱人确实患有尿毒症，其女儿无工作收入，家庭开销较大，生活困难。 在做好调查核实工作的基础上，2024年7月24日，我们邀请人大代表、政协委员、法学专家、律师等参与公开听证，全力推进行政争议实质性化解进程。 公开听证会现场，二道区检察院向区民政局发出检察建议，建议其重新审查姚大姐的婚姻登记程序，并及时作出相关处理决定。我们还针对案涉婚姻登记对象李某某不配合调查取证，涉嫌冒用他人信息进行婚姻登记的违法犯罪线索，向公安机关进行了移送。 听证会后，区民政局当日即注销了姚大姐与李某某的婚姻登记，同时，区民政局为姚大姐与迟某某补发了结婚证。姚大姐终于“离婚”成功。 在此基础上，我们检察机关继续向前一步，积极协助办理低保，行政争议得到实质性化解。 此外，参加公开听证会的市人大代表在了解到相关情况后，也主动伸出了援手，给予姚大姐社会救助，帮助解决生活困难。 治标更要治本，我们进一步联合区民政局、长春市公安局二道区分局、长春市二道区人民法院等部门通过会商方式，制定了《关于妥善处理以冒名顶替或者弄虚作假方式办理婚姻登记问题的实施意见》（试行） 我们还组织开展了相关领域的检察专项监督，联合区民政局对以弄虚作假方式办理婚姻登记的当事人进行严肃训诫并纳入婚姻登记领域严重失信当事人名单，实现个案办理和综合治理相统一。 “检护民生”专项行动开展以来，我们始终坚持“高质效办好每一个司法案件”的基本价值追求，持续深耕法律监督主责主业，牢牢抓住民生所急民生所向，切实解决人民群众急难愁盼问题，充分运用法治“力度”提升民生“温度”。我们也将更加充分发挥能动履职作用，积极解决行政争议实质性化解难题。做优做实人民群众可感受、能体验、得实惠的检察为民！,1309,http://jl.people.com.cn/n2/2024/0823/c349771-40953455.html,婚姻登记;结婚登记;婚姻;结婚;离婚;对象
People.cn,2024/8/23,离婚冷静期透支丈夫信用卡高消费--社会・法治--人民网,本报讯 近日，黑龙江省大庆高新技术产业开发区人民法院审结了一起婚内夫妻财产分割纠纷案，判决邵某返还杨某信用卡透支款8.1万元，驳回杨某其他诉讼请求。 原告杨某与被告邵某是夫妻关系，因感情不和于2023年3月到民政局申请离婚。然而，在离婚冷静期内二人未能就孩子抚养及财产处理达成协议，致使协议离婚未果。同年5月，杨某诉至法院，请求判令离婚。因邵某拒不离婚，且无证据证明夫妻感情破裂，故法院作出不准予离婚的判决。宣判后不久，杨某发现邵某在离婚冷静期内透支其名下3张信用卡，共计11.1万元，遂诉至法院。 诉讼中，邵某辩称透支款均为信用卡提现，且全部用于偿还案外人周某、商某等三人18万元的夫妻共同债务。对于上述债务，杨某只认可向商某借款3万元的事实。 法院审理后认为，本案系婚内夫妻财产分割纠纷。关于邵某主张案涉3张信用卡套现行为并非恶意行为，经查，杨某虽认可婚后存有多张信用卡反复消费、偿还的情形，但其提出自申请离婚后并未授权对方透支。邵某明知要离婚，仍大额透支对方信用卡且无法作出必要性、合理性解释，故其行为属于隐藏、转移夫妻共同财产行为，严重损害夫妻共同财产权益，故杨某有权请求分割共同财产。 从透支账单看，杨某两张信用卡在某地消费7万元，并非提取现金，系个人消费支付。结合杨某认可3万元夫妻之债及一张信用卡消费4.1万元，证实邵某透支3万元用于偿还了共同债务，故该3万元不属于邵某恶意挥霍夫妻共同财产。 鉴于信用卡纠纷系银行向杨某主张权利的特殊性，且透支也并未用于家庭生活，故系个人债务，邵某应将8.1万元返还给杨某。据此，法院作出上述判决。（付建国）,678,http://society.people.com.cn/n1/2024/0823/c1008-40304548.html,离婚冷静期;离婚;夫妻
People.cn,2024/8/27,推进婚俗改革为爱赋能,记者从自治区民政厅获悉，自治区有力推进婚俗改革，强化年轻人树立正确的婚姻观、家庭观，为爱赋能。 据调查，2023年全区共办理结婚登记14.08万对，结婚率为5.86‰，较10年前降低2.88个千分点，呈现明显的下降趋势。平均初婚年龄为29.4岁，较10年前提高2.1岁，“晚婚”现象也越来越普遍。年轻人晚婚甚至不婚的最主要原因是没遇到合适的人和没有能力承担家庭责任。结婚越来越晚的背后，存在着困扰年轻人的现实挑战，比如较高的房价和生育儿女的成本。随着年轻人教育水平的提高，他们对于婚姻有更多个性化的理解，也是导致平均婚龄增大的因素之一。 在当下的社会背景下，如何解决青年男女的婚恋问题？ 近年来，自治区相关组织、部门积极建立线上婚恋交友服务平台，主动提供交友信息，为适龄青年提供便捷高效的服务；加大线上线下，多领域、多渠道的婚恋推介服务，组织开展丰富的联谊活动，营造关心青年婚恋的社会氛围。全区109个婚姻登记机关设立婚姻家庭辅导室，提供婚前辅导等专业服务；深入学校举办婚恋观主题教育；将颁证仪式引入结婚登记流程；利用妇女节、520等特殊节日，组织举办集体婚礼、慈善婚礼等现代文明婚礼，倡导健康文明的婚俗文化。 (记者 赵曦 实习生 王奕恬）,521,http://nm.people.com.cn/n2/2024/0827/c196667-40957038.html,婚姻登记;结婚登记;婚姻;结婚;婚恋;婚俗;初婚;不婚;晚婚;婚龄;婚礼
People.cn,2024/8/27,长春汽开区法院：网上交友需谨慎 “恋爱诈骗”套路多,招摇撞骗数次被抓死不悔改，三度入狱回归社会又动歪心，法网恢恢，违法犯罪岂能遁逃。近日，长春汽车经济技术开发区人民法院审结一起通过网络交友假冒人民警察，对未婚女性实施诈骗犯罪的案件。被告人王某某因犯诈骗罪，被判处有期徒刑六年，并处罚金人民币十万元。同时，责令被告人王某某向三名被害人退赔赃款。 2022年2月至2023年9月，被告人王某某通过多款手机交友软件结识多名单身女性，谎称其系长春市公安局某分局经侦大队警察，并向对方展示伪造的人民警察证照片、身着警服的工作照片，谎称出差执行任务等骗取对方信任，假意与对方恋爱，再以办事急需用钱、父母生病需钱医治、做生意需要资金周转、人情来往支付礼金等理由，诈骗各被害人钱款。王某某共计骗得刘某等三人钱款人民币35万余元，均转到吉某（王某某之妻）名下的数个银行账户。 法院经审理后认为，公诉机关指控的事实成立。关于对被告人王某某的定罪处罚一节，根据最高人民法院、最高人民检察院、公安部《关于依法惩治招摇撞骗等违法犯罪行为的指导意见》第四条规定，冒充国家机关工作人员或者军人招摇撞骗，同时构成非法吸收公众存款罪、集资诈骗罪、合同诈骗罪、组织、领导传销活动罪、诈骗罪的，依照处罚较重的规定定罪处罚。 本案中，王某某骗得钱款35万余元，属诈骗数额巨大，因其不能认定为招摇撞骗罪中的“情节严重”，故依法应以诈骗罪对其定罪处罚。又因王某某系累犯，依法应从重处罚。王某某到案后如实供述犯罪事实，认罪认罚，依法可从轻处罚。依照《中华人民共和国刑法》《中华人民共和国刑事诉讼法》的相关法律规定，遂作出上述判决。 网络是青年群体的一种重要交友途径，但因信息不对称等因素，伴有极大的交友风险。特别是打着恋爱旗号实施诈骗的违法犯罪，具有很大隐蔽性。因此要十分注意交友安全，不要被别人欺骗了感情，又被掏空了钱袋子。 《中华人民共和国刑法》第二百六十六条 规定 ：“诈骗公私财物，数额较大的，处三年以下有期徒刑、拘役或者管制，并处或者单处罚金；数额巨大或者有其他严重情节的，处三年以上十年以下有期徒刑，并处罚金；数额特别巨大或者有其他特别严重情节的，处十年以上有期徒刑或者无期徒刑，并处罚金或者没收财产。本法另有规定的，依照规定。” 《中华人民共和国刑法》第二百七十九条 规定 ：“冒充国家机关工作人员招摇撞骗的，处三年以下有期徒刑、拘役、管制或者剥夺政治权利；情节严重的，处三年以上十年以下有期徒刑。冒充人民警察招摇撞骗的，依照前款的规定从重处罚。” 《关于依法惩治招摇撞骗等违法犯罪行为的指导意见》第四条 规定 ：“冒充国家机关工作人员或者军人招摇撞骗，同时构成非法吸收公众存款罪、集资诈骗罪、合同诈骗罪、组织、领导传销活动罪、诈骗罪的，依照处罚较重的规定定罪处罚。”,1142,http://jl.people.com.cn/n2/2024/0827/c349771-40957091.html,恋爱;单身
People.cn,2024/8/28,合肥市持续推进婚俗改革 为幸福“加分”,近年来，合肥市以1个全国婚俗改革实验区、4个省级婚俗改革实验区为抓手，大力倡导新型婚育文化、培塑良好和美家风，婚俗改革取得全新进展。 加强阵地建设。优化提升婚姻登记场所，目前全市共设立17家各具特色的婚姻登记中心，包河区建成全省首家公园式婚登处“骆岗公园婚姻登记处”；肥西县打造全国首个轨道车站内的婚姻登记处“幸福坝婚姻登记处”以及新中式“派园婚姻登记处”；庐江县打造景区内婚登处“金汤湖婚姻登记处”；高新区试点涉外婚姻登记，均受市民高度认可。 开展婚姻辅导。强化婚姻家庭辅导服务，全市婚姻登记处均建有家庭辅导室，引入专业社会组织，选派专业社工师、律师、心理咨询师驻点婚姻登记处，提供心理心理援助、个案帮助、法律匡助，引导夫妻树立良好的婚姻观和家庭观。今年以来，全市共开展各类形式婚姻家庭辅导6886人次。 创新颁证模式。建立特邀颁证师信息库，聘请地方领导、人大代表、政协委员、社会名人等担任婚姻登记特邀颁证师，组织开展集体颁证、爱情公交、低碳车队骑行婚礼等活动，成为新人喜爱的新婚俗、新风尚。今年以来，全市共开展15场各具特色的颁证活动，特邀颁证师31人，共计为1961余对新人举行集体颁证。 培育文明风尚。各地将婚俗改革作为民主法治示范居（村）、文明单位、文明家庭、道德模范等评选指标重要内容。将抵制高价彩礼、大操大办纳入《红白理事会章程》《村规民约》《村民文明准则》等。常态化开展“最美家庭”“好婆婆”“好媳妇”等多项家庭类优秀典型选树活动，进一步宣传弘扬文明婚俗新风。 打造示范品牌。积极探索婚俗改革与“甜蜜经济”融合发展，催生“新经济业态”。发挥城市中央公园区位优势，依托合肥骆岗公园婚登处引流作用，将原碎片化、原子化的婚庆、餐饮、酒店等传统业态进行重组，形成优势叠加效应，催生出“文旅+服务+产业”的甜蜜经济产业服务群，目前是合肥市高热点、高人气的网红打卡地之一。其中，2024年1月“爱在合肥，情定骆岗”活动，共有徽商故里、庐州窑、钻石婚礼殿堂等29家商家参加，线上线下带动人气30万人次。 近年来，在合肥市婚俗改革的宣传推广中，越来越多的新人倡导传统与新时代的融合。各地为新人举办集体结婚颁证活动，以及新人自发组织的低碳车队骑行婚礼等多样化、小型化、轻量化的新式时尚婚礼，增强群众对简约适度婚俗礼仪的认同，同时，也受到人民网、中国社会报、安徽日报、合肥日报等多家主流媒体的关注和报道。（肥宣）,1004,http://ah.people.com.cn/n2/2024/0828/c358339-40958824.html,婚姻登记;高价彩礼;婚姻;结婚;婚育;彩礼;婚俗;夫妻;婚礼
China News Service,2024/8/29,妻子患病不能怀孕，法院驳回丈夫撤销婚姻起诉,法院认为，所患疾病不属可撤销婚姻情形中的重大疾病 本报讯 (记者庞慧敏)8月20日，广西高院披露一则案件，面对患病不能怀孕的妻子，丈夫起诉请求撤销婚姻，法院经审理，驳回其诉讼请求。 2017年，周丹(化名)被确诊为卵巢囊肿，手术后未有复发或后遗症。2021年10月，郭锐(化名)与周丹确定恋爱关系，周丹未告知郭锐其曾患有卵巢囊肿的病史。同年12月31日，二人办理结婚登记手续，双方在登记前进行了婚前医学检查，婚检结果均显示正常。2022年7月，周丹确诊患成人型双侧卵巢颗粒细胞瘤，治疗需切除子宫和双附件。郭锐认为周丹婚前刻意隐瞒严重病史，所患疾病将导致无法生育，给其带来沉重的经济负担以及精神打击。2022年10月，郭锐向法院提起了撤销婚姻事实的诉讼请求。 广西壮族自治区贵港市港南区人民法院审理认为，根据《中华人民共和国母婴保健法》规定，婚前医学检查包括的疾病类型为严重遗传性疾病、指定传染病以及有关精神病，周丹所患疾病不属于前述任何一种。对于“重大疾病”的认定除了需要医学上的标准，还应当结合案情，确定该疾病对婚姻生活带来的影响，以此来判断是否应当撤销婚姻。综合本案，周丹所患疾病不属于可撤销婚姻情形中规定的重大疾病。 关于郭锐申请撤销婚姻的诉求，法院认为，审理撤销婚姻案件应以夫妻感情是否破裂作为准予或不准予的依据。周丹虽然在婚前隐瞒了自己曾患有右侧卵巢囊肿的事实，但她在婚前已经治愈，且在婚后一段时期内属于健康状态。周丹所得成人型双侧卵巢颗粒细胞瘤，确诊后积极住院治疗，并非“一方在夫妻共同生活期间患疾病，久治不愈”的情形。对于罹患重症的妻子，郭锐应该给予多些信任、关怀、体谅和包容，共同努力经营夫妻关系，法院不应认定“双方感情确实已经破裂”，故判决驳回郭锐的诉讼请求。（工人日报） 【,747,https://www.chinanews.com.cn/sh/2024/08-29/10276504.shtml,结婚登记;婚姻;结婚;恋爱;夫妻
China News Service,2024/8/29,结婚证上能否印农历日期？建议与回应都有意义,8月28日上午，江苏省民政厅党组书记、厅长谢晓军带领相关职能部门负责人走进《政风热线·我来帮你问厅长》全媒体直播节目，现场回应群众诉求。在直播节目中，南京市民汪先生询问：结婚证上能否体现农历日期？对此，相关部门有关负责人回应称，合情合理，会向民政部反映。 结婚证是婚姻登记管理机关签发的证明婚姻关系有效成立的法律文书。在很多持证人眼里，结婚证记载着结婚纪念日等重要信息，是一份不可或缺的纪念品。为此，不少新人特意选择“520”“七夕节”领取结婚证，以借助这些特殊日子赋予婚姻更多美好的内涵。 婚姻登记是一项基本的公共服务，不仅要适应社会生活实际，也要朝着更温情、更人性化的方向发展。长期以来，无论是办理结婚登记，还是举行结婚仪式，很多新人或家长都会“看日子”。这背后所承载的，其实是双方对婚姻甜甜美美、长长久久的期许。“看日子”大多数看的是农历日期，但农历日期一般不在结婚证上显示，例如在今年七夕节登记的新人，其结婚证上的登记日期只显示2024年8月10日，这对于特意赶在七夕节这天登记的新人来说，难免感到缺憾。 对此，江苏省民政厅对这一询问现场给出了答案，一方面认为这一建议“合情合理”，即官方态度与民意相通；另一方面，由于结婚证是由民政部统一制发格式，所以会向民政部反映，这无疑让人充满期待。如果结婚证上可以印有农历日期，不仅能够更好体现中国传统文化，也给持证人带来更多获得感。 结婚证作为婚姻登记的重要凭证，其内容和形式的变化无疑会引起广泛关注。然而，不管时代如何发展，人们对于婚姻的美好期待总是相似，而根据传统文化确定的“好日子”，既寄托着持证人的希望，也能增强他们对婚姻的信心。不管是按农历日期结婚，还是按阳历日期结婚，一旦结婚证上都包括上述信息，就等于“一证在手，信息全有”，有助于提升婚姻幸福感。 此外，还有人建议在结婚证上增加盲文内容，这个诉求也应该得到重视。有关负责人认为，在结婚证上增加盲文内容，体现了人文关怀。虽然增加农历日期以及增加盲文内容的建议还需要进一步研究和论证，但这些建议对于推动婚姻登记服务优化和创新具有积极意义。当民间的这些个性化建议，被听到并获得有关部门积极回应，能进一步促进将传统文化元素融入现代公共服务的尝试，不仅满足民众对婚姻登记的需求，还能更好传承传统文化。(老鹰 北京青年报) 【,964,https://www.chinanews.com.cn/sh/2024/08-29/10276433.shtml,婚姻登记;结婚登记;婚姻;结婚
People.cn,2024/8/31,“八桂有约”明起上线运行 广西婚姻登记预约有新渠道,记者从自治区民政厅获悉，9月1日，广西“八桂有约”婚姻登记预约微信公众号将正式上线运行，广西婚姻登记预约有了新渠道。 据悉，“八桂有约”婚姻登记预约微信公众号具有婚姻登记网上预约功能，当事人可通过该公众号预约办理全区各个婚姻登记机关的结婚登记、离婚登记、补发婚姻登记证业务。此外，为方便群众办理婚姻登记业务，公众号还提供了全区婚姻登记机关机构实景图、详细地址、联系方式、交通路线以及婚姻家庭辅导等便民服务。 自治区民政厅相关负责人表示，这是广西推进“互联网+婚姻服务”，提升婚姻登记智能化、便利化水平，增强婚姻登记机关公共服务能力的便民举措。市民群众登录微信公众号后，在添加或搜索界面输入“八桂有约”添加关注即可。（记者 何明华）,315,http://gx.people.com.cn/n2/2024/0831/c179430-40962204.html,婚姻登记;结婚登记;婚姻;结婚;离婚
People.cn,2024/9/2,注销账号仍被免密扣费，婚恋平台投诉层出不穷,一提起婚恋平台，就会让人想起今年“3·15晚会”曝光的问题：部分婚恋平台为追求利润和业绩，虚构符合客户期望的理想对象，虚假宣传的同时诱导客户高价购买VIP服务。 除线下服务多被诟病外，不少婚恋平台的线上会员也存在问题。上海的林女士最近就很苦恼——她在查账时忽然发现，自己不再使用的婚恋账号却依然在免密扣费，持续了好几年。 为寻找合适的婚恋对象，林女士于十几年前注册了百合网和世纪佳缘的账号。不过，世纪佳缘的账号已在2015年注销，目前林女士正常使用的只有百合网的账号。 2020年10月，林女士第一次发现自己不再使用的世纪佳缘账号还在扣费，便联系了客服并拨打12345进行投诉，最终世纪佳缘在2020年12月和2021年1月进行退费处理，共退还2136元。 退款后不久，世纪佳缘将林女士的账户列入平台黑名单，原以为这场闹剧就到此结束，但林女士没想到，今年8月，她再次打开支付宝查账时却发现世纪佳缘账号每个月仍会产生免密扣款。“此前我曾要求停止所有账号的自动续费和红娘骚扰，那时客服答应了。后来红娘骚扰是没有了，但扣费竟还在持续，我尝试关闭自动续费，但并未看到相关的项目开通过。” 在林女士发现持续扣费后，立刻与平台客服联系，但对方表示只能退回最近的12笔费用。据林女士出具的账单截图，自2016年10月30日至2024年7月29日，世纪佳缘和百合网共扣费100多笔，累计金额4821.17元。但林女士表示，自己只购买过几次基础的会员服务，一个月39元，享受“查看其他账号信息、收发信息”等权益，并未购买其他任何服务，但多笔扣费的金额大小不一，不少产品名称还是乱码。 2017年，世纪佳缘与百合网合并更名为“百合佳缘网络集团股份有限公司”。在与公司客服协调过程中，客服列举了林女士有一个使用132开头手机号注册的账号，产生了26次续费服务。林女士表示不认可：“我在开通账号不久后就注销了，怎么会有这么多次续费？”对此，客服表示，注销账号并不代表关闭账号的续费服务，如果没有主动关闭，会一直扣款。 关于自动续费服务已有最新规定：今年7月1日起，新版《中华人民共和国消费者权益保护法实施条例》实施，其中规定网络交易经营者采取自动续费方式提供服务的，应当在自动续费日期前五日，以显著方式提请消费者注意，由消费者自主选择，还应当为消费者提供显著、简便的随时取消或者变更的选项，并不得收取不合理费用。 根据百合网7月更新的“连续订阅服务协议”，正文里也特别提醒“如果在服务期内没有明确取消自动续费服务，则将视为会员同意百合网可依据支付渠道的扣款规则在会员服务期限到期后的一定期限内进行不时地扣款尝试（即使会员账户内金额不足）”。 记者针对自动续费相关问题咨询了百合佳缘工作人员，对方表示续费服务需要在到期前取消续费，注销账号并不代表取消续费服务。消费者对于类似的续费服务细则需仔细查看，小心“无意”被扣款的情况。 在投诉平台上，各类关于婚介服务的投诉层出不穷。除了虚假宣传、诱导消费、营销骚扰等问题外，“退款难”是维权阶段最棘手的问题。 林女士为了追回自己的款项，反复联系婚恋平台，也通过12345市民服务热线向市场监督管理、民政等部门投诉过，最终得到的回复是“在处理中”。直至8月12日，林女士在某互联网投诉平台进行投诉后，才接到世纪佳缘的来电，对方同意部分退费，“要求我把扣款账单发过去”。在断断续续近四年的维权后，林女士于8月28日陆续收到婚恋平台的全部退费。虽然款项金额不大，共4000多元，但过程不易，维权成本高。林女士有时一天需沟通数次，其间，对方多次要求提供手机号、身份证号、支付宝账号等信息以及手持身份证照片。 业内人士表示，相对传统的婚恋网站，年轻人更青睐新式社交业态，更看重在线婚恋交友服务的个性化。《2024—2025年中国婚恋社交服务市场研究报告》显示，中国婚恋社交服务市场规模持续增长，用户对于婚恋平台的选择也日益挑剔。四成以上的消费者对现有婚恋平台表示担忧，主要集中在信息虚假、营销套路和隐私泄露等问题上。 在婚恋需求转型升级的当下，提供婚恋服务的服务商也应规范经营、不断升级。根据《关于加强上海市婚姻介绍服务机构监管的指导意见（试行）》等相关规定，婚介机构通过互联网渠道开展线上婚介服务的，应当在网站网页、App、小程序等醒目位置明示运营主体，公示服务项目和服务流程。对于未来的婚恋市场，林女士依然表示期待，“还是希望平台能少些套路，多点真诚，为真正需要婚恋服务的人们建立一个良好社区。”（记者 王一凡）,1861,http://sh.people.com.cn/n2/2024/0902/c176737-40964034.html,婚姻;婚恋;婚介;对象
China News Service,2024/9/3,《心动的信号7》开播 聚焦大湾区城市群青年婚恋观,中新网 北京9月3日电 9月1日，恋爱社交推理真人秀《心动的信号》第七季在京举办媒体见面会，节目嘉宾“心动丘比特”杜海涛、饶雪漫，总导演陈智雄、制片人杨卓，以及往季嘉宾赵琦君、杨凯雯、洪成成、王秋怡、曾昭颢、张巾、侯卓成、杨汝晴共赴现场，解读本季精彩看点。 从第一季到第六季，《心动的信号》许多嘉宾们在观众心中留下了深刻印象，不少CP的后续发展也引发了粉丝们的持续关注。据悉，《心动的信号》第七季推出“多城心动，为爱奔赴”概念，聚焦大湾区城市群，展现跨城生活的年轻男女的婚恋与价值观。 作为陪伴了六季的老朋友，杜海涛表示，因为《心动的信号》的出现，嘉宾和观众们有了每年相约的契机，也为每个夏天都留下了美好的回忆。第一次担任“心动丘比特”的饶雪漫说，录制节目的体验让她深深被00后直白、勇敢的爱情观所打动，她还透露，本季节目嘉宾是高颜值、高情商、高标准的“三高”人群。在饶雪漫参与编剧的电影《永不失联的爱》中饰演情侣的周彦辰与葛鑫怡也表示，被节目中嘉宾的“直球”表达深深打动，“太甜了！很想知道后续他们还会如何发展。” 不少观众看本季片段后的最大感受，便是“倍速”发展，总导演陈智雄表示，每个城市都有着不同的性格底色，本季将地点从一个城市扩展至整个大湾区，一方面是想呈现更丰富、多元的嘉宾特质，碰撞出更多看点，另一方面则通过异地嘉宾们“奔赴”的状态，为观众带来更多感动和勇气。 制片人杨卓也补充道，节目想真实展现当代爱情的样貌，从而为观众们带来更易共情与代入的视角。她表示，现在的年轻人更关注自我成长，呈现出更加勇敢、自我的性格特质，节目也通过设置“跟随卡”等道具，进一步鼓励嘉宾们大胆表达爱意。“希望观众们在节目里看到的不仅是恋爱，更能从中看到自己。” 据悉，《心动的信号》第七季已于9月2日起在腾讯视频开播，SVIP每周一周二晚19点更新正片，VIP每周二周三中午12点更新，会员抢先看一周。（完）,800,https://www.chinanews.com.cn/cul/2024/09-03/10279527.shtml,婚恋;恋爱;情侣
CCTV,2024/9/4,单身女性冻卵 是非如何裁定,近日，“全国首例单身女性冻卵案”迎来了终审判决。二审法院最终裁定：徐某上诉请求缺乏依据，依法予以驳回；同时确认一审判决认定事实清楚，适用法律准确无误，故维持原判。 该案源于2019年，徐某在北京某妇产医院进行身体检查，并要求冻卵，但该妇产医院以徐某为单身女性为由拒绝。徐某认为，该院拒绝为其提供冻卵服务侵犯了其一般人格权中的生育权，违反了妇女权益保障法、人口与计划生育法关于消除对妇女一切歧视的规定，侵犯了其正当行使生育自主决定权和生育方式选择权，医院不应该以其暂时处于单身状态为理由剥夺其生育权利。徐某起诉要求，该医院停止对其一般人格权的侵害并提供冻卵服务。 人格权是民事主体的法定权利。本案中，徐某主张侵权之诉，主张其人格权受到医院的损害，具体而言为生育权、人格尊严及身体权受到损害。 在侵权法律关系中，判断是否构成侵权，应从损害后果、行为违法性、行为违法性与损害后果之间有无因果关系、行为人主观上是否存在过错等四个方面进行考量，缺一不可。一审法院以医院拒绝为徐某提供冻卵服务这一不作为行为不具有违法性为由，认定不构成侵权。二审认为，一审法院的裁判理由具备法律依据，并无不当。 卵子冷冻属于人类辅助生殖技术范畴，是人类辅助生殖技术的重要内容之一，虽不作为一项单独的医疗服务项目进行审批，但实施亦必须符合国家人类辅助生殖技术规范、基本标准和基本原则。本案中，徐某以“将来需要生育”为目的要求某妇产医院为其进行冻卵，不符合实施人类辅助生殖技术目的、适应证与禁忌证等技术规范和伦理原则。因此，单独的冻卵并非经合法登记、许可的诊疗项目，目前开展这类医疗服务既违反了医疗临床诊疗规范以及部门规章，也违反了医疗卫生法律、行政法规。 根据现行法律规定，不论是医疗机构，还是医疗卫生人员在开展医疗活动时，均应遵循医疗法律、法规、规章、临床诊疗规范、各类操作规范和医学伦理，不得开展禁止类医疗技术临床应用。如有违反，医疗卫生人员有可能受到相应处罚。因此，根据现行医疗法律、法规、规章、诊疗规范等，医院拒绝为徐某冻卵的行为，不构成对徐某侵权。 在有明确法律、法规、规章、诊疗规范作为依据，且国家有关部门目前对于非法开展人类辅助生殖采取禁止和打击态度的情况下，徐某要求某妇产医院违规为其冻卵，并在被拒绝后提起侵权之诉，其诉讼请求于法无据，不应得到支持。 生育政策，包括人类辅助生殖等具体政策、规范的制定及修改，属于国家有关部门的职责范围。《人类辅助生殖技术管理办法》《人类辅助生殖技术规范》属于医疗卫生法律、法规规定的规章、诊疗规范、技术规范，也有医疗伦理的内容，其政策性、规范性、技术性、伦理性均较强，在目前尚未修订的情况下，医疗机构予以遵循，符合法律规定和一般认知。 随着我国生育政策的进一步调整，相关医疗卫生法律、法规、诊疗规范、医学伦理规范等也可能作出调整。待条件具备后，徐某与相关医疗机构可另行解决相应争议。 综上所述，徐某的上诉请求不能成立，应予驳回；一审判决认定事实清楚，适用法律正确，应予维持。,1246,https://jiankang.cctv.com/2024/09/04/ARTIlO9YMgPNZ6U9T8XuwKY8240904.shtml,单身
People.cn,2024/9/4,兵团着力推进婚俗改革倡树文明新风,近日，一场喜庆又简约的中式集体婚礼在四师可克达拉市举行，10对身穿传统中式结婚礼服的新人，手牵手走过红毯，在众多亲朋好友的见证下，共同许下爱的誓言。 “这样的婚礼大方、简洁又不失庄重，一点都不铺张浪费，给我们留下了珍贵的幸福记忆。”新郎赵选刚告诉记者。 近年来，中央一号文件多次对高额彩礼、大操大办等移风易俗重点领域突出问题整治提出工作要求。兵团各级持续推进婚俗改革，弘扬“婚事简办”社会新风、倡导简约适度的婚俗礼仪，通过增加婚姻登记仪式感、开设新婚辅导等方式，推动形成文明健康、简约适度的婚俗新风新貌。 据介绍，兵团民政部门不断创新优化服务，打造“三疆涌爱·石榴花开”特色系列活动品牌，鼓励提倡婚事新办简办，倡导简约适度的婚俗礼仪，指导各师市民政局建立特约颁证员制度，组建“公益红娘队伍”，大力推行集体婚礼、低碳婚礼等特色婚礼，常态化开展结婚颁证仪式服务，增强婚姻登记服务仪式感；充分发挥婚姻登记部门阵地作用，加强婚姻家庭辅导室和专业化辅导队伍建设，开展婚前辅导、婚姻家庭辅导等服务。 兵团还结合实际制定《开展婚俗改革试点工作实施方案》，将八师石河子市作为兵团婚俗改革实验区，并将试点积累的好经验好做法向各师市推广。据了解，八师石河子市相继制定多项举措推进婚姻领域移风易俗，发布《婚俗改革倡议书》，将限制高价彩礼、大操大办等婚俗陋习纳入居民公约，引导新人将文明节俭理念内化于心、外化于行；定期举办集体婚礼，鼓励婚姻登记处与妇联协同合作，邀请专业心理老师开展家庭辅导工作。 与此同时，兵团民政部门围绕“婚姻家庭”核心主题，充分利用各类媒体平台，以宣讲、演出、发放宣传手册等方式广泛开展婚俗改革宣传活动，联合社区、连队、婚庆公司、承办婚宴的酒店等单位开展“弘扬传统美德，树立文明新风，倡导勤俭节约、文明健康”为主题的宣传教育活动；鼓励支持有条件的师市利用公园等场所建设一批特色户外婚姻登记机关，打造婚姻文化展示厅、婚俗文化博物馆或婚姻家庭文化基地，推进婚俗文化与文旅产业深度融合，打造特色婚旅线路、爱情套餐等旅游产品，增加优秀婚俗文化产品和服务供给，邀请金婚老人等为新人上“婚姻第一课”，用身边人、身边事引导青年人树立正确的婚恋观、家庭观。 “治理婚俗陋习，事关职工群众切身利益，要常抓不懈、绵绵发力，让婚姻回归爱与责任的本质。”兵团民政局社会事务处副处长朱勋勀表示，为更好满足职工群众就近办理婚姻登记服务的需求，兵团还积极开展婚姻登记试点工作，目前已实现“全兵团通办”全覆盖。（刘美惠子 王梦瑶）,1048,http://xj.people.com.cn/n2/2024/0904/c186332-40966023.html,婚姻登记;高价彩礼;婚姻;结婚;婚恋;彩礼;婚俗;婚礼
People.cn,2024/9/4,孟州：社区培育“红娘”人才 街道引领婚恋新风,“来，各位姐妹，咱们一起坐下来，认真学习《孟州市文明新风二十条》，这可是咱们以后‘牵线搭桥’的行动指南哩。”日前，在孟州市会昌街道在梅花园社区举办的社区“红娘”志愿者业务培训暨经验交流会现场，社区志愿者赵艳敏手持移风易俗宣传册和宣传品，耐心地为“红娘”们详细讲解着每一条内容。 此次培训旨在深入推进移风易俗，打造社区“红娘”品牌，提高辖区各社区“红娘”志愿者们的专业素养和服务水平，引导社区“红娘”做好婚嫁移风易俗文明新风的践行者、倡导者、参与者。 在培训正式开始前，宣讲员冯延娜“趁热打铁”，以“移风易俗引领文明婚恋”为主题，用轻松诙谐的宣讲方式，从培育文明婚恋观念讲到倡导婚事新办，让“红娘”们更加深刻理解‌移风易俗对促进健康、节俭、文明的婚恋新风尚，推动社会文明进步的重要意义。 培训环节开始后，资深“红娘”宋瑞玲用生动的话语拉开了知识传授的序幕。“大家想一想，咱们社区的小李和小张那一对，他们原本互不相识，但通过咱们‘红娘’的巧妙牵线，现在过得多么幸福呀。”宋老师以社区内成功配对的案例为切入点，深入剖析婚恋心理学和沟通技巧。 同时，培训还强调了沟通技巧的重要性。“红娘”们学习了如何与单身人士及其家人进行有效的沟通，了解他们的期望和要求，同时能够给予他们适当的建议和引导。 “有一次，我给一个小伙子介绍对象，但是他特别害羞，不敢和女孩子主动交流。我就鼓励他要勇敢地迈出第一步，还教给他一些聊天的小技巧。现在呀，他和那个女孩子已经相处得非常融洽了。”一位经验丰富的“红娘”田大姐分享了自己的成功案例。 在交流环节中，“红娘”们纷纷打开了话匣，大家共同探讨解决方案，总结出了许多实用的方法和技巧。 参与培训的“红娘”李阿姨感慨地说：“沟通技巧的经验交流对我启发很大，我以前可能不太注重方式方法，导致有时候好心办坏事。现在我知道了如何巧妙地在双方之间传递信息，让他们更好地了解彼此。” 会昌街道办事处相关负责同志也在现场为“红娘”们介绍了各社区婚恋服务的相关政策和资源，并表示，街道各社区将全力支持“红娘”工作，为她们提供必要的信息和平台，帮助她们更好地开展牵线服务。 目前，会昌街道辖区各社区都有了各自特色的“红娘”组织和举措。梅花园社区建立了专门的单身人士信息库，“红娘”们可以根据信息库里的资料进行更精准的匹配；双桥社区举办公益相亲会，为适婚青少年搭建婚恋交友平台；西关社区建立“郝阿姨”红娘驿站，举办开展婚姻家庭辅导、家庭邻里关系调解等服务。 通过这次培训暨经验交流会，会昌街道的社区“红娘”们不仅提升了业务能力，也更加深了对移风易俗工作的认识。“红娘”们纷纷表示，将以更加饱满的热情和专业的态度，为社区的单身青年们寻找幸福，为打造文明、和谐的社区婚恋环境贡献自己的力量。（孟州市委宣传部供稿 作者：成梦真）,1160,http://henan.people.com.cn/n2/2024/0904/c378397-40966548.html,婚姻;婚恋;婚嫁;适婚;相亲;单身;对象
People.cn,2024/9/4,湖口婚姻登记“快办通办”--时政--人民网,婚姻登记是群众关切的民生工作。近日，记者从省政务服务办获悉，湖口县力推婚姻登记“快办通办”，高质量服务群众“人生大事”。 湖口县婚姻登记“快办通办”主要表现在三方面：一是开展“全电子证照”办理婚姻登记工作，改变了延续30多年的婚姻登记必须带实体户口本、身份证的做法，让数据多跑路，让群众少跑腿。二是推进数据互联互通，开展婚姻登记与不动产、公积金、生育登记、公安户籍等信息采集联办工作，在办理婚姻登记后数据同步推送至有关部门，实现婚姻登记、房产登记、生育登记和户籍登记等服务事项“一站式”办理。三是推进“省内通办”“跨省通办”，引导群众通过网上预约、电话预约办理“省内通办”“跨省通办”婚姻登记，根据预约时间的人流量，提前做好错峰登记、预约服务等准备工作。1至7月，该县分别办理“跨省通办”“省内通办”婚姻登记14例、69例。（全媒体记者杨碧玉 实习生阮瑶佳）,379,http://politics.people.com.cn/n1/2024/0904/c458474-40312472.html,婚姻登记;婚姻
People.cn,2024/9/5,“蝴蝶”翩翩伴“花”舞 婚恋产业再升级,星月堂项目设计灵感来源于郫都区花——杜鹃 走进位于郫都区红光街道的蝴蝶村，不少人都会被一座百合花造型的建筑吸引，这就是郫都区婚恋产业及配套建设项目的地标性建筑之一——百合亭·婚恋中心，亭内设有婚姻登记、证件办理一站式服务等。 记者昨日来到蝴蝶村看到，烈日炎炎下，百合亭不远处的星月堂·婚宴中心项目也呈现一片热火朝天的建设场景。建设者坚守一线，在做好防暑降温措施的前提下，战高温、斗酷暑，抢抓施工“黄金期”，以冲刺姿态奋力推进项目建设。 俯瞰星月堂，横向舒展的屋顶与大地相连，悠远绵长犹如花瓣张开。据悉，该中心建筑高度达19.5米，用钢量约5000吨，设计灵感来源于郫都区花——杜鹃。 这样特殊的曲面造型设计，对于施工方来说却是巨大的挑战。“屋顶特别设计为多曲面异形结构单层网壳，从而营造出不规则的曲面构造。”施工方项目经理蒋进告诉记者，团队最终选择了一种名为双曲蜂窝复合铝板的材料工艺，这种材料的好处是可以根据需要任意变换弯曲弧度，以满足屋顶不规则的曲面造型。 考虑到星月堂屋顶最低点与最高点高差为13.8米，安装高度较高，纵横向跨度较大，结构杆件数量众多、规格各异，该项目采用“原位吊装+超大型液压同步提升”安全施工技术，将屋面分为四个提升区域，各区域的网架结构在地面拼装完成后，采用分段累计提升来完成施工。 星月堂目前已完成整体施工的75%，接下来将进行玻璃幕墙安装工作，有望在2025年1月完成主体施工。项目建成后配套了5个宴会厅，能同时接待2000人用餐，并且每个厅都力求以极具设计感的空间展现，引领婚恋风尚新潮流，满足当代人对婚礼形式日益多样化的需求。 “不久的将来，这里还有皮嘟嘟·月子中心、竹博园等场景。配套婚庆策划、婚纱摄影、礼服定制、婚车租赁等项目，涵盖婚恋、婚庆、婚宴全链条服务。”郫都区乡村振兴公司工程管理部项目负责人黄敏介绍道，“从恋爱到办理结婚证，再到办婚宴、度蜜月、生宝宝、坐月子等，全套婚恋服务都可以在蝴蝶村完成。”在黄敏看来，依托优良的生态环境和锦绣的田园风光，将婚庆与文旅、景区、民宿等相融合，郫都区“婚恋+”产业将甜蜜升级。 何曼青 成都日报锦观新闻记者 赵一 郫都区供图,904,http://sc.people.com.cn/n2/2024/0905/c345167-40966816.html,婚姻登记;婚姻;结婚;婚恋;恋爱;婚礼
People.cn,2024/9/9,成都彭州：推进婚俗改革 为群众幸福“加码”,作为四川省第三批婚俗改革实验区，近年来，为满足群众对婚姻服务的多样化需求，推进婚姻领域移风易俗，成都彭州市民政局结合全市发展特点，依托百里画廊建设及四大功能片区中心工作，不断增强婚姻登记点综合服务能力，打造特色婚俗文化场景，优化婚姻管理公共服务供给，创新“婚姻+”模式，谱写全市婚姻管理服务工作的新篇章。 彭州市民政局，一方面利用湔江河谷片区的自然优势，打造集婚前辅导、婚姻登记、颁证仪式举办、心理咨询等功能和服务于一体的白鹿婚姻登记分点，实现了婚姻登记从办公程序到生态美学的转变；并在登记点设立婚姻文化展示区，逐步引导新人树立简约适度、绿色低碳的婚姻观。 另一方面，打造彭州特色“金玉良缘·彭程万里”婚俗文化品牌，丰富特色婚俗文化场景，在特殊节日里大力开展婚俗文化活动，不断丰富婚俗文化供给。截至目前，彭州市在“5.20”、七夕等节日举办4场婚俗文化活动，在白鹿婚姻登记点打造了户外固定颁证点、音缘桥同心锁、周年结婚打卡点等一系列高品质婚俗文化场景，在湔江河谷宝山旅游景区设置蔷薇之恋、熊猫运动公园运动之恋等7个爱情主题打卡点。 彭州市民政局积极探索“婚姻+”模式，一方面，以白鹿婚姻登记点为纽带，依托百里画廊特色资源优势，成立成都市首个婚俗文化协会，引入婚纱摄影、喜糖喜宴等婚庆产业，以群众需求为导向精心设计沿途婚俗文化旅游线路，形成融合婚纱摄影、餐饮娱乐、文化旅游等多维度体验的新业态；并且充分运用新质生产力，依托湔江河谷“无人机智慧谷”的无人机技术，推出送爱服务，实现婚戒、头纱、定情信物云端闪现，以及千架无人机求婚表演，助力“甜蜜经济＋低空经济”融合发展。 另一方面，为助力民生兜底保障、乡村振兴等工作，充分调动社会资源，彭州市创新“婚姻+慈善”“婚姻+五社联动”模式，在集体婚礼现场，设置慈善义卖市集，售卖非遗产品用于慈善项目，所得收益全部注入社区慈善微基金，极大促进“婚姻+慈善＋产业”有效融合。截至目前，已为白鹿场社区慈善微基金筹集资金约2万元。 为更好地推进婚俗改革，彭州市深入开展调研工作，面对高额彩礼、铺张婚宴等传统婚俗陋习，通过借助多元化宣传渠道，采取宣传教育、倡议仪式、婚俗文化活动等形式，积极倡导简约适度的婚俗新风，让文明婚俗观念深入人心。此外，探索符合彭州实际、适应本地群众需求的婚俗文化创新发展之路，针对不同结婚人群特点积极拓展婚姻服务的内容和形式，提供定制化的婚礼服务，针对城乡不同区域的婚姻状况和婚俗特点，科学引导婚俗资源合理流动，有意识地促进城乡婚俗融合发展。,1049,http://sc.people.com.cn/n2/2024/0909/c407319-40971273.html,婚姻登记;婚姻;结婚;彩礼;婚俗;婚礼
China News Service,2024/9/11,藏族青年邂逅台湾舞者：两岸婚姻，以心伴心是基本,中新社 昆明9月11日电 题：藏族青年邂逅台湾舞者：两岸婚姻，以心伴心是基本 两岸婚姻，因亲上加亲，被誉为两岸“三通”之外的“第四通”。这“第四通”有什么特别之处？经营好两岸婚姻有什么诀窍？ “没有什么特别之处，没有诀窍。以心伴心，就是基本。” 在十余年间陆续采访多个两岸婚姻家庭后，记者遇到云南香格里拉藏族青年茨主多吉和台湾桃园舞蹈团创团团长黄雅姿的两岸婚姻故事。面对记者的提问，已相伴近20年的他们给出这样的回答。 2005年，热爱舞蹈的两人在云南相遇。一个是大型原生态舞蹈集《云南映象》的演员，一个是桃园舞蹈团团长，因一番舞蹈交流后定情。 “那时我老婆已是台湾小有名气的舞蹈家，不远千里来到云南学习民族舞。我还是一个小歌舞演员，也不知怎么就互相喜欢上了。”少言的茨主多吉这样介绍他和妻子的相识。 为追随妻子，2007年，茨主多吉跨海去到台湾。那时，两岸婚姻办理结婚证还不是件便利的事情。茨主多吉和黄雅姿花了半年多时间，才成为众多两岸婚姻家庭中的一对。 留着长发、穿着民族服装的茨主多吉第一次踏上宝岛台湾，遇到了“围观”。“大家很好奇我的家乡香格里拉是个怎样的地方，我们的服饰和歌舞蕴含了什么意义，我习不习惯台湾的生活”，茨主多吉说，这份天然的关心打消了他人生地不熟的担忧。 很快，他融入妻子黄雅姿的舞团中，教大家跳云南的民族舞蹈，并担任舞团团长。后来，他们生下两个女儿：格桑曲珍、江央卓嘎。 “这是我和老婆一起回香格里拉。那会儿她还很瘦。”“这是幼儿园时期的两个女儿，小小年纪就爱跳舞。”“这是两个女儿陪我上台演出。我们都穿了藏袍。”“这是我们的台湾学生来昆明街头跳舞，大家很喜欢这种交流。”翻看手机里的照片，茨主多吉向记者分享这些美好瞬间。 而黄雅姿更能体会丈夫赴台的不易：“自幼生长在澜沧江边的多吉，最欣赏藏獒，自由自在是他的天性。但他来台湾，作出很多改变，还是个优秀的奶爸。” 2017年，他们选择回到云南，向学生传授融合了两地风格的舞蹈，目前已在昆明开了三个舞蹈培训学校。 两人也带领更多台湾学生来云南学习民族舞蹈。就在上个月，由云台两地学子组成的演出团，在昆明开展一场露天演出，吸引众多市民观看。 “舞蹈是没有界限的。亲情的交流是天然的。”茨主多吉和黄雅姿希望，未来还能举办更多交流活动，让云台两地越走越近。 一路携手走到今天，茨主多吉和黄雅姿坚持“没有秘诀，只有以心伴心”。“两岸婚姻和所有婚姻一样，都是基于爱情之上的心与心的连接，需要的都是包容、理解、扶持。”茨主多吉说，“祝福每一对两岸婚姻。” 他们的故事也被写进由云南省人民政府台湾事务办公室、中国新闻社云南分社联合出品的原创歌曲《云台谣》里。这首歌于10日亮相第六届“七彩云南·相约台湾”主题日暨2024云台中秋茶话会，并正式发布。(完),1157,https://www.chinanews.com.cn/gn/2024/09-11/10283997.shtml,婚姻;结婚
People.cn,2024/9/14,南南说法 | 从黄昏恋到金钱战，恋爱转账如何认定？,当爱情的甜蜜不再，美好的回忆往往因金钱的纷争而变得复杂起来，使当事人陷入法律与情感的双重漩涡。随着黄昏恋落下帷幕，恋爱期间的转账究竟是信任的象征，还是爱的证明？近日，长春市南关区人民法院民事审判第二庭审结了一起“特殊”的保管合同纠纷案件。 2021年3月，83岁的董大爷和58岁的李阿姨开启了甜蜜的共同生活。2022年1月，董大爷将个人存款10万元转至李阿姨的银行账户中。2023年11月，二人因感情不和分手。后双方签订《分手协议》，约定李阿姨当日一次性支付给董大爷人民币5万元，双方再无任何经济纠纷。2024年5月10日，董大爷以“李某是代自己保管10万元”为由，将李阿姨诉至法院，请求法院判令李某返还上述10万元。 法院经审理后认为，根据《中华人民共和国民法典》第八百八十八条规定：“保管合同是保管人保管寄存人交付的保管物，并返还该物的合同。”董某向李某转账的事实发生在二人同居期间，但董某提交的证据不足以证明双方之间存在保管案涉100000元的合意。另外，双方解除同居关系后亦签署了《分手协议》，该协议对同居期间的债权债务关系进行了处理且已经履行完毕。故董某的主张无法律依据，本院不予支持，判决驳回董某的诉讼请求。 恋爱期间的经济往来往往比较复杂，多数情况下缺乏证据能证明其是借贷、保管或者赠与。恋爱双方应尽量避免模糊不清的转账行为，保留相关证据以证明转账的真实意图。法院在审理此类案件时，也要考虑转账的金额、次数、用途、双方的经济状况以及转账时的具体情境等因素，根据双方的具体情况和转账时的情境综合判断转账性质。老年人恋爱期间更是要守好养老钱，以免产生经济纠纷。,685,http://jl.people.com.cn/n2/2024/0914/c349771-40977634.html,恋爱
People.cn,2024/9/15,安徽：内地居民婚姻登记全面实现“跨省通办”“省内通办”,人民网合肥9月15日电（胡雨松）全省养老机构床位达到32.1万张，社区嵌入式养老服务机构建成93家；婚姻登记服务更加便利，内地居民婚姻登记全面实现“跨省通办”“省内通办”……9月14日下午，安徽省政府新闻办召开新闻发布会，安徽省民政厅相关负责同志围绕“改革赋能‘皖’美民政 发展提升幸福成色”介绍相关情况。 近年来，安徽省各级民政部门履行兜底保障职责，在全国率先实现低保、孤儿保障、特困供养、残疾人“两项补贴”4类救助保障标准动态调整，开展低收入人口动态监测，提高临时救助、流浪乞讨人员救助主动性和精准度，探索防止返贫政策和低收入人口帮扶政策“衔接并轨”，推广“困有所扶”社会救助集成改革，打造22家集“养治教康安”功能于一体的区域型儿童福利机构，首创“救急难”互助社模式，一系列改革举措，加快推进了分层分类社会救助体系建设，有力保障了困难群众基本生活。 发布会介绍，通过改革赋能，基本养老服务在安徽更加可及。去年以来，安徽先后启动城市社区嵌入式养老机构建设、医养结合改革试点、农村养老政策体系创新实践等改革事项，有力推动安徽省养老服务实现居家社区机构、医养康、城乡、长三角4个“一体化”发展。居家社区机构服务逐步融合，全省养老机构床位达到32.1万张；社区嵌入式养老服务机构建成93家，2026年将建成不少于400家，辐射所有城市街道和部分有需求的社区；老年助餐提质增效，累计服务老年人1.1亿人次。 围绕人民群众急难愁盼，安徽省各级民政部门以改革思路和创新办法更好回应民生期待，婚姻登记服务更加便利，内地居民婚姻登记全面实现“跨省通办”“省内通办”，涉外婚姻登记权限下放至16个省辖市；殡葬服务更加惠民，会同自然资源、林业等部门，创新出台土地保障、林地备案两个公益性公墓用地突破性政策，推动公益性公墓实现市、县、乡全覆盖，惠民殡葬持续提标扩面增项；地名服务更加高效，启动“乡村著名行动”，着力解决乡村“有地无名、有名无标”问题，全省乡村地名命名更名2248条，设置地名标牌9136块，地名信息采集上图3.59万条。,859,http://ah.people.com.cn/n2/2024/0915/c227131-40979049.html,婚姻登记;婚姻
China News Service,2024/9/17,浙江狱警用心“缝补爱情” 成功挽救“高墙”里的婚姻,中新网 杭州9月17日电(王潇婧 程寅)中秋节，又名“团圆节”，意在祈求美满团圆。“感谢管教对我和我家庭的关心和帮助，让我能成功挽回和妻子的婚姻……”近日，浙江省乔司监狱第九分监狱服刑人员庄某将一封感谢信交到该监狱管教民警何睿昕的手上，并深深鞠躬致谢。 今年4月，原本是一个平常的会见日，对服刑人员庄某来说，却显得阴云密布。 自由恋爱的庄某和妻子，结婚生子后共同支撑着家庭，夫妻关系良好。 然而，随着庄某的入狱，家庭的重担全部落在其妻子肩上，来自生活和社会的种种压力压得她喘不过气来，婆媳二人长期积攒的怨气，也让彼此间的隔阂逐步加深。每当在亲情电话或会见中听到妻子和母亲互相表达不满时，庄某都感到无奈和自责。 “过不下去就不要过了，我们离婚吧，今天回去我就准备离婚材料！”在此次会见中，庄某的妻子再次因婆媳问题与其发生争吵，情绪失控之下，“离婚”二字脱口而出。 看到情绪低落的庄某，何睿昕第一时间掌握了情况，立即找他谈心谈话，询问具体情况。面对民警的询问，庄某说只是夫妻间的小矛盾，不会真的离婚。但管教经验丰富的何睿昕还是一眼看穿了庄某的故作轻松，也知道他既碍于面子，又抱有侥幸心理。 “你跟妻子一路走来不容易，你妻子一个人操持家庭更不容易，大男人不要因为所谓的面子，一时冲动让自己后悔。”何睿昕及时提醒庄某，并安排管教民警多次找他谈心。在管教民警的教育和鼓励下，庄某终于鼓起勇气给妻子拨打了亲情电话，尝试修复关系。 短短5分钟时间的亲情电话，无法让双方充分表达心中所想，加上长时间独自承受着压力，致使庄某的妻子始终没有打开心结，不久后，庄某收到了她寄来的离婚协议。在后续改造中，庄某开始变得沉默寡言，劳动无精打采，改造完全不在状态，情绪十分低落。 何睿昕一直密切关注着庄某，一上班就找他谈话开解，鼓励他不要轻言放弃。同时，何睿昕心中萌生了一个想法：在举办的亲情帮教活动时，邀请庄某的妻子和母亲一同前来，现场化解矛盾和隔阂。 “一开始进展并不顺利，两个人都不愿意一同前来，我们民警也是多次尝试未果。”何睿昕直言自己还是不想轻言放弃。他尝试和庄某的妻子、母亲继续沟通，不断向她们讲述庄某改造以来的转变、对家人的愧疚、对亲情的重视，最终用真诚打动了庄某的妻子和母亲，换来了三人“零距离”见面的机会。 帮教现场，庄某望着同时出现的妻子和母亲，瞬间湿润了眼眶。他向妻子真诚表达了自己的悔恨及歉意，并积极了解婆媳矛盾背后的原委。在庄某的调解下，婆媳二人也逐渐打开心扉，在诉说中消解着矛盾。庄某的妻子也从一开始与庄某相对而坐，到并肩而坐，最后两人在相拥中消除了隔阂。 “感谢警官，你们不仅是改造了一个人，更是挽救了一个家庭。”在近距离感受到庄某的改造转变后，妻子增强了对他的信心，母亲也感叹儿子的成长、成熟。庄某也重拾改造信心，过去那个改造表现优异、劳动擅于突破的他又回来了。 情暖高墙润人心，温馨帮扶助回归。纸短情长、春风化雨的背后，是监狱民警对服刑人员的积极引导和用心关怀，是浙江省乔司监狱“每改造好一名罪犯，就是挽救一个家庭、和谐一片社区、稳定一方百姓”的生动缩影，更是实现惩罚与教育的刑罚目的、实现国家长治久安的法治实践。(完),1312,https://www.chinanews.com.cn/sh/2024/09-17/10287648.shtml,婚姻;结婚;离婚;恋爱;夫妻
China News Service,2024/9/18,民政职业大学全国首届婚姻专业本科生“开学一课”怎么上？,中国青年报客户端讯(中青报·中青网见习记者谭思静 记者齐征)9月14日，民政职业大学婚礼文化与传媒艺术学院首批婚姻服务与管理专业本科生“开学一课”活动在京举行。 民政职业大学婚传学院院长于晓辉表示，随着社会经济快速发展，市场对专业人才的需求增加，亟须培养一批既掌握专业理论又具备实践技能的高层次创新人才。“我们希望借助婚恋行业头部企业的引导与支持，共同推进婚恋婚姻教育体系的专业化发展以及行业的高质量可持续发展。”百合佳缘集团董事长王滔向师生们讲述了国内婚恋服务产业的发展历程，并结合行业发展趋势及自身从业经验，为新生们带来一堂别开生面的“开学一课”。 现场，双方共同签署《校企合作协议》。根据《协议》，百合佳缘集团将与民政职业大学婚传学院在完善专业人才培养方案与课程标准、参与编写婚恋婚介专业教材和建设实训基地等多个方面展开积极合作。同时，婚传学院也将协助百合佳缘集团不定期举办婚恋从业人员培训提高班和资深员工再教育等活动，为行业人员专业水平和职业素养的提升提供保障。 作为“全国婚姻服务行业产教融合共同体”的牵头建设企业和职业院校，于晓辉与王滔共同举行了“基地建设”揭牌仪式。（中国青年报客户端）,500,https://www.chinanews.com.cn/edu/2024/09-18/10288028.shtml,婚姻;婚恋;婚介;婚礼
CCTV,2024/9/19,河北探索公益婚介服务：说媒不要钱 婚事简单办,新华社石家庄9月18日电 题：说媒不要钱 婚事简单办——河北探索公益婚介服务推进移风易俗 乡村振兴，乡风文明是保障。然而在农村婚俗方面，一些地方媒礼、彩礼以及操办费用等居高不下，一定程度上破坏了乡风文明。河北省邢台市巨鹿县探索建立新时代红娘服务队，免费说媒、拒收礼金，倡导婚事简办，推进了社会风尚转变。近日，这一做法在河北各地广泛推广。 巨鹿县曾是国定贫困县，过去，说媒索钱物，高额彩礼、大操大办、盲目攀比等不良婚俗现象给部分农村家庭带来沉重负担。 在当地，媒人介绍一对适婚青年见面，一般要收取200元左右的见面礼。见面后不管成不成，见面礼一分不能少。“按说一个媒人200元也不多，可媒人组团的事时有发生，介绍见面一去六七个人，都说是牵线搭桥的媒人，见一次面男方就得掏1000多元。”一位村民介绍说。 谢媒礼也是一笔不小的支出，少则几千元，多则上万元。有的媒人见婚事说成，还会变本加厉。 当地村干部表示，虽然都是奇葩个案，但由此可见之前婚介市场的不规范。一方面，是农村社交圈小，适婚青年交际难度大，对婚介服务需求突出；另一方面，是农村媒人虽以营利为目的，但注册办证少，管理起来难度比较大。 除此之外，还有高额的彩礼。据介绍，在巨鹿及周边县市，彩礼一般从10万元到20万元不等，16.8万元、18.8万元是常见的数额。订婚一般还要给6.6万元，房子等另说，结婚仪式还要选择县城饭店。 媒礼高、彩礼贵，婚礼操办大花费，这是全国不少地方的共性问题。采访中，不少适婚男青年称自己怕找对象，家里条件差，结婚只能“拉饥荒”。 2017年以来，巨鹿县探索公益红娘免费说媒，指导爱心人士孙彦群牵头成立了巨鹿县红娘协会。今年以来，又进一步规范，组建了新时代红娘服务队。他们依托新时代文明实践中心（所、站），设立公益相亲点，引导零彩礼低彩礼，推进婚事简办。 孙彦群介绍，目前，新时代红娘服务队已有成员300余人。入会成员持证上岗，要通过朋友圈等渠道承诺“说媒过程中不收取任何费用”。全县291个村，村村都有联络员，经过统一培训，给红娘提供信息，配合牵线说媒。县里还在“巨好办”综合服务网络平台上开辟了红娘服务板块，适婚青年注册后可发布单身信息，经认识的红娘审核内容属实后推送上线。 “近一年时间，我已经说成14对，都已经举办了结婚仪式，还有一些正在谈着。”金牌红娘刘彦敏说，她2017年加入免费红娘队伍，至今已经说成了100多对。 在邢台市第九医院红娘接待室一面墙上，一张张粉红色纸上写着医院单身男女的信息。“我们这不仅有来自巨鹿县红娘协会的专职银牌红娘，还有64名白衣天使进行志愿服务，一起组成了红娘志愿服务队。目前，服务队已经牵线搭桥让261对新人走进婚姻殿堂。”院长吉增良说。 据介绍，红娘实行积分评优制度，说成一对积10分，每年根据得分情况评出金牌、银牌、优秀红娘。县里每年举办红娘文化节，对优秀的红娘给予表彰，发放荣誉证书和奖杯。 新时代红娘的作用不仅是牵线搭桥免费说媒，更重要的是反对不良婚俗。县新时代文明实践中心会同协会定期组织红娘培训，让他们在说媒中引导零彩礼、低彩礼或将彩礼转化为“创业基金”用于新婚家庭干事创业。同时，红娘还要和新人签订《移风易俗承诺书》，要他们从简操办婚事，反对铺张浪费。 “结婚一锅菜，节省一万块。”东旧城一村红娘王月萍说，结婚仪式如果去饭店，一桌饭动不动就得千儿八百，在村里办酒席做一锅菜，根本花不了多少钱。现在，在这些红娘的倡导下，很多新人都响应号召婚事简办。 巨鹿县委社会工作部社会联络中心负责人夏现兴介绍，自成立到今年七夕节，红娘协会已促成2113对青年人喜结连理，有本地生活的，也有在外就业的，覆盖全国10个省份。 巨鹿县探索公益婚介的做法，逐渐在其所属的邢台市“开枝散叶”。邢台市委宣传部常务副部长薄国纯介绍，今年7月份，他们在8个县（市、区）开展了公益婚介试点探索，计划到11月底，新时代红娘服务队实现村（社区）全覆盖，其他非试点的县（市、区）新时代红娘服务队实现乡镇（街道）全覆盖并逐步向村（社区）拓展。 近日，河北省委宣传部下发通知，要求各地建立完善公益红娘服务队、义务红娘工作室，倡导文明婚俗，推进移风易俗。,1724,https://news.cctv.com/2024/09/19/ARTIK6itRc9rDHIHG6zQRal1240919.shtml,婚姻;结婚;彩礼;婚俗;适婚;婚介;相亲;单身;对象;婚礼
People.cn,2024/9/20,江西弋阳：政府牵线当“红娘” 帮单身青年脱单,日前，由江西省上饶市弋阳县委宣传部、上饶市龟峰风景名胜区管理委员会主办的“弋”生一世·情定弋阳2024江西弋阳县单身青年职工联谊交友活动，在弋阳县高新技术产业园区和龟峰景区成功举办。 100名优质单身青年职工齐聚一堂，共享这场充满欢乐与浪漫的交友联谊盛宴。本次活动形式多样，不仅有诗词对对碰，玫瑰书香阅读分享以及对弋阳当地红色文化、美食文化的普及。 活动现场，主办方还特意邀请了一对已经携手走过50年风风雨雨的金婚老人，让他们为青年嘉宾分享相处之道。 主办方表示，此次活动旨在落实江西省推进移风易俗乡风文明三年专项行动工作重要部署，进一步深化婚嫁领域移风易俗，弘扬婚育新风，引导青年人树立正确的婚恋观。活动现场共有36对嘉宾牵手成功。,317,http://jx.people.com.cn/n2/2024/0920/c186330-40984111.html,婚恋;婚育;婚嫁;单身;脱单
China News Service,2024/9/21,沈阳市举办首届结婚登记颁证大赛倡导婚俗新风 助力美满婚姻,中新网 沈阳9月21日电 (李晛)为全面提升婚姻登记服务水平，积极推动婚俗改革，9月18日-9月20日，沈阳市民政局举办全市婚姻登记业务培训暨首届结婚登记颁证大赛。 婚姻登记业务培训主要就婚姻家庭辅导、涉外婚姻登记与国内婚姻登记的双向联系、婚姻登记实务、结婚登记颁证礼仪等方面进行解读，深入剖析婚姻登记方面典型案例，探索学习婚俗改革的先进经验和创新做法。首届结婚登记颁证大赛以“倡导婚俗新风，助力美满婚姻”为主题，沈阳市13个代表队参加比赛，比赛设置了形象展示、情景模拟两个环节，从颁证程序、颁证礼仪、语言表达、颁证词、表现力等五个不同角度考察结婚登记颁证员的业务素质、礼仪规范和颁证技能。 经过激烈角逐和精彩展示，最终皇姑区民政局、沈阳市民政事务服务中心、和平区民政局代表队夺得本次比赛团体一等奖，皇姑区民政局刘冰、沈阳市民政事务服务中心李蔚、和平区民政局宋怡霏三位参赛选手获得“金牌颁证员”称号。 据悉，此次婚姻登记岗位技能比拼旨在提高婚姻登记员规范办案和应急处置能力，充分展现沈阳市结婚登记颁证员精湛的业务水平和良好的精神面貌，通过以赛促学、以赛促建，有效推动婚姻登记服务规范化、标准化建设，进一步提高全市婚姻登记服务水平，引领文明婚俗新风，更好地满足人民群众对美好生活的向往。 据悉，沈阳市各地区民政局分管领导、婚姻登记处负责人、结婚登记颁证员、婚姻登记员共200余人参加培训及比赛。(完),599,https://www.chinanews.com.cn/sh/2024/09-21/10289643.shtml,婚姻登记;结婚登记;婚姻;结婚;婚俗
People.cn,2024/9/24,江苏：大力倡导新型婚育文化 婚育新风吹拂千家万户,红色彩带、中式花灯、秀禾礼服……9月22日上午，扬州明月湖畔的会议中心，一场布置得典雅又不失浪漫，处处散发着幸福气息的集体婚礼正在进行。来自江苏各地的200余对新人，身着中式婚服，在庄重朴素的婚礼中完成仪式。在这一时刻，全国5105对新人同时参加由全国妇联等部门组织的规模盛大的中式集体婚礼，共庆新中国华诞。 “我们将身体力行倡扬新型婚育文化，以积极向上的价值追求和精神风貌向祖国母亲献礼。”参加集体婚礼江苏分会场的新人周树国和张婷婷感慨。 这场隆重热烈、朴素节约的集体婚礼让新人更加坚定践行婚育新风尚，也是江苏各地妇联大力倡扬新型婚育文化的缩影。为深入贯彻习近平总书记在同全国妇联新一届领导班子成员集体谈话时的重要讲话精神，加强新时代婚恋观、生育观、家庭观的培育、宣传和引导，江苏各地妇联创新开展形式多样、内容丰富的移风易俗主题活动，为青年人搭建文明健康的集体交友互动平台，开展婚育宣传指导服务，让文明健康的婚育新风吹拂江苏千家万户。 近年来，江苏各级妇联搭好平台，做强阵地，广泛开展新型婚育文化宣传，进一步奏响新型婚育文化“好声音”，潜移默化引导更多年轻人树立正确的婚恋观、生育观、家庭观，弘扬爱国爱家、相亲相爱、向上向善、共建共享的社会主义家庭文明新风尚。 今年夏天，江苏省妇联在全省26个县（市、区）及其所辖的78个单位开展新型婚育试点工作，加强新时代婚恋观、生育观、家庭观的培育、宣传和引导，拓展了一批新型婚育文化宣传阵地，培育一批宣讲和服务志愿队伍，打造一批婚育支持服务示范社区，有力促进了文明健康的婚育新风更加深入人心。 苏州耦园婚姻登记服务中心就是江苏新型婚育试点之一，耦园管理办公室综合服务科副科长王青说，“我们创新引入传统婚俗礼仪、举办园林婚礼，让更多新人在爱情园林中完成神圣的领证、颁证、婚礼仪式，既有仪式感，又传递了新型婚育观。从2022年设立婚姻登记点至今，已经为4950对新人完成登记颁证服务。” 面对适婚青年，江苏各地妇联积极开展形式多样的婚恋交友活动，从为年轻人搭建交流平台，到打造集体婚礼，再到家庭教育服务支持，全链条、全方位的新型婚育文化宣传氛围在江苏愈加浓厚。 盐城市举行“满‘盐’都是爱——2024青年人才集体婚礼暨联谊会活动”，参加集体婚礼的新人代表向全社会发出培育新时代婚育文化倡议；南通市海门区妇联举行“5·20浪漫之约，携手幸福起航”婚俗新风倡导暨结婚登记集体颁证仪式，引导新人强化婚姻家庭责任感和社会责任感；泰州市海陵区妇联在泰州学院开展“婚育新风润海陵”之青年辩论赛，帮助大学生树立积极美好健康的婚育观。 年轻人的婚育问题，既是家庭的大事，也是国家和社会的大事。高校年轻人集聚，江苏普通高校数位居全国前列，激发高校自觉开设婚恋课程或因地制宜的教学活动，是年轻人婚育文化引导工作的重要领域和重要内容。 “我们在调研中了解到，高校普遍认同大学生婚恋教育引导的重要性，大学婚恋课程很受大学生欢迎，但高校系统开展大学生婚恋教育普遍缺乏专业师资和精品课程。”省妇联党组书记、主席朱劲松说，在调研基础上，她向省两会提交《关于在高等学校开设婚恋课程的建议》，省妇联还在今年春天出台《江苏省“百校千场万名”大学生新型婚育文化培育行动方案（试行）》，旨在鼓励在苏高校生动活泼地开展大学生新型婚育文化培育工作，强化对年轻人婚恋观、生育观、家庭观的引导。目前，江苏已有70多所高校积极行动起来，6个设区市的高校建立联盟，共建共享推动工作。 聚焦高校大学生重点群体，江苏以新型婚育文化宣传、婚恋交友活动、婚恋课程教育引导为主要途径，开展“百校千场万名”大学生新型婚育文化培育行动。省教育厅、省妇联、省妇儿办还汇聚全省骨干师资和专业课程，组建专家团队，通过集体磨课，打造一批专业性、政治性、受众性俱佳的课程，为年轻人婚育文化引导工作提供人才支撑和专业师资。 做好婚恋指导服务，江苏各地妇联积极成立公益红娘志愿者队伍，依托婚姻登记处等阵地，开设幸福课堂，为广大家庭和适龄青年提供亲密关系辅导、婚内心理调适、婚姻家庭纠纷调解等服务，积极营造婚育友好社会氛围。扬州市妇联举办“培育新型婚育观 共建新时代好家庭”——“红娘”志愿者聘任仪式暨“红娘”志愿服务赋能提升行动，进一步凝聚“红娘”志愿者力量，助力适婚青年拥抱爱情、走进婚姻，共同缔造幸福美好的新时代家庭；无锡市新吴区妇联、南通通州区妇联陆续启动“爱成长·新婚陪跑三年计划”，将从确立正确的婚姻家庭观念、调适婚姻家庭关系、建立良好沟通方式等方面为新人提供务实指导。 发挥“联”字优势，让新型婚育文化深入人心 为大力推进移风易俗，积极培育新型婚育文化，江苏各级妇联充分发挥妇联组织“联”字优势，妇儿工委办协调各方力量，针对不同群众、不同环节举办形式多样的活动，让新型婚育文化深入人心。 针对青年人才，各级人才办举办青年人才联谊会和集体婚礼，以服务留住精英人才，为江苏新质生产力发展提供人才支撑。针对婚俗理念，联合省民政厅下发新时代婚姻家庭辅导教育工作实施意见，指导基层通过公益创投、政府购买服务等方式，引导各类社会组织和专业人才队伍进驻婚登处，将婚俗改革、反对高价彩礼等移风易俗理念融入婚姻登记“前中后”全流程服务，引导即将步入婚姻的年轻人转变理念，践行新风尚。针对婚恋交友，省总工会大力培育各类公益“工会红娘”，依托职工之家、康乃馨女职工服务站等阵地做好单身职工相亲组织工作，开发系统内外阵地，倡导各层各级开展职工交友联谊活动，切实帮助单身职工解决婚恋交友难题。 江苏各级妇联发挥女企业家协会等团体会员、女性联盟作用，做好各自联系服务年轻人的教育引导工作，并调动妇女议事、“五老”人员、家庭教育志愿者等积极性，广泛开展婚嫁娶议事协商及婚姻家庭教育讲堂活动，推动本地婚事简办写入村规民约，激发群众的积极性、主动性、创造性构建婚育新风尚。（徐睿翔）,2409,http://js.people.com.cn/n2/2024/0924/c360303-40986881.html,婚姻登记;结婚登记;高价彩礼;婚姻;结婚;婚恋;婚育;彩礼;婚俗;婚嫁;适婚;相亲;单身;婚礼
People.cn,2024/9/25,沙坪坝推“沙磁良缘”品牌 解决职工交友难题,人民网重庆9月25日电 （记者胡虹）23日，川渝媒体记者“渝工”采风行活动走进沙坪坝区，在沙坪坝区职工服务中心，一封醒目的感谢信吸引了大家的目光。 信中写道“千言万语汇成一句，非常感谢沙坪坝区总工会，你们倾心策划的互动活动为我们的相识相知奠定了深厚的基础。” 这封感谢信是职工文也、涂艳所写。2023年3月，文也与涂艳相识于沙坪坝区总工会策划的“桃花朵朵开”相亲活动，今年1月，二人已经正式步入婚姻殿堂，并在领证后的第三天，特意为总工会送去了感谢信。 “这是沙坪坝区职工服务中心聚焦单身职工困难，面向全市职工开展的婚恋交友活动，每个月固定开展1至2场。 ” 沙坪坝区职工服务中心主任王玥丁介绍。 在活动打造上，沙坪坝区职工服务中心在重庆市总工会的指导下，以“实用型+成长型+学习型”的婚恋服务为目标，将婚恋交友与城市品牌传播、非遗传承、职工人才培养、非公经济扶持、工匠精神弘扬等工作结合，形成“沙磁良缘”特色品牌。 “比如结合我们的‘职工夜校’培训活动，开展演讲、走秀、烹饪等不同主题交友活动，这样既能培养技能，也让活动内容更丰富。”王玥丁说。 据统计，目前，沙坪坝区职工服务中心已开展48场职工婚恋交友活动，服务近5000名单身职工解决交友难题，助力400余对单身职工幸福牵手，赢得广大单身青年职工的认可。,554,http://cq.people.com.cn/n2/2024/0925/c365411-40989400.html,婚姻;婚恋;相亲;单身
People.cn,2024/9/29,拿上爱的号码牌！环同济青年开启交友寻爱之旅,“第三套全国中学生广播体操——时代在召唤！” 近日，在同济大学四平路校区体育馆内，响起了经典的广播体操音乐。这不是运动会，而是一场以“韵动四平·同舟共行”为主题的“四季恋歌，爱的海Young”杨浦区单身青年职工交友活动。环同济青年们齐聚现场，用一支广播体操热身、破冰，自此踏上了浪漫爱情的探寻之旅。 本次参加活动的青年，主要来自同济大学、环同济建筑设计行业、共建部队和机关企事业单位，总数近百位。现场，大家先是换上团服，贴上“爱的号码牌”，并在“运动加油站”贴上了自己的“MBTI”专属标签——你是E人还是I人？倾心于J人还是P人？简单的四个字母，却成为了打开年轻人聊天话题的“社交密码”。 随后，一个接一个的运动小游戏让大家进一步认识了彼此。乒乓球组玩起了“请君入瓮”，小球在乒乓桌上“咚咚咚”跳动的声音，就如同男生女生们的心跳，当乒乓球跳入小格子中的那一刻，欢呼喝彩声此起彼伏；羽毛球组的“百发百中”，考验着手眼协调能力，大家互相配合、彼此加油，将羽毛球投入圆筐中，气氛愈加热烈；匹克球组的“你打我接”趣味赛，男方头顶篮筐，女方球拍击球，最是考验男女组合的默契度；还有飞盘组的“九宫格”和双人挑战赛，男孩们施展十八般武艺——旋转、跳跃、飞身、鱼跃，只为接住女孩的球…… 各分赛场的CP挑战赛也是场场爆满，不论是经典的羽毛球、乒乓球混双挑战赛，亦或是新兴的匹克球混双、飞盘双组PK，男孩女孩们都尽情挥洒汗水、释放激情，每个人都在趣味运动会的各赛场游戏中收获了运动带来的欢乐和喜悦。 游戏环节结束后，为了鼓励男方女方互相表明心意，男孩和女孩们需要在“运动加油站”互相投递“心意卡”。虽然不少人难免羞涩，但能表达出自己的心跳和情意就代表他们迈出了勇敢的一步。 记者了解到，四平路街道总工会举办青年交友活动已有10个年头。此次“四季恋歌 爱的海YOUNG”活动的举办，旨在为更多的单身男女青年创建相识的平台，促进青年之间的交流沟通，增进了解，为有缘人牵线，为有情人搭桥。 一直以来，环同济知识经济圈的发展都是杨浦创新城区建设的“金字招牌”，也是上海“设计之都”建设的动力引擎，而四平路街道正位于环同济的核心区域。人民城市理念提出五年来，四平路街道始终坚持优化营商环境，以党建引领为抓手，通过形式多样的活动来服务企业和职工青年，助推企业发展进入快车道。下一步，街道也将持续开展好环同济发展促进工作，全方位全过程为环同济高质量发展注入不竭动力。,1018,http://sh.people.com.cn/n2/2024/0929/c134768-40993983.html,单身
People.cn,2024/9/29,河北省婚姻登记机关10月1日正常办理结婚登记,人民网石家庄9月29日电 （记者祝龙超）记者从河北省民政厅了解到，为更好满足许多新人与祖国同庆、家国共喜的美好愿望，10月1日当天河北全省婚姻登记机关正常上班，办理结婚登记业务。不受理结（离）婚证补领、离婚登记、调档等其他业务，国庆假期其他时间不办理业务。 办理结婚登记需携带本人有效的居民身份证和户口簿（含户口首页）、3张2寸双人近期免冠合影照片。现役军人办理结婚登记应当提交本人的居民身份证、军人证件和部队出具的军人婚姻登记证明。 目前河北省婚姻登记已实现“跨省通办”。双方均非河北省户籍的当事人，可以凭一方持有的河北省居住证和双方户口簿、身份证，在居住证发放地婚姻登记机关申请办理结婚登记，或者自行选择在一方常住户口所在地办理结婚登记；一方或双方户籍地在河北省内的，无须提供居住证，可以在省内任一婚姻登记机关办理结婚登记。 现役军人办理结婚登记，可以在现役军人部队驻地或者入伍前常住户口所在地的婚姻登记机关，也可以在非现役军人一方常住户口所在地或经常居住地的婚姻登记机关。 各地婚姻登记机关坚持以人民为中心，尽最大努力满足人民群众结婚登记需要。同时，积极引导新人节俭办理婚事，自觉抵制高价彩礼、大操大办、低俗婚闹等陋俗，共同营造婚俗改革良好氛围。,526,http://he.people.com.cn/n2/2024/0929/c192235-40993886.html,婚姻登记;结婚登记;高价彩礼;婚姻;结婚;离婚;彩礼;婚俗
CCTV,2024/10/7,河南淮滨通报“男子接亲被加要18万彩礼”,央视网消息： 据“淮滨融媒”微信公众号消息，10月7日，河南淮滨县联合调查组发布情况说明，近日，网传“男子接亲被加要18万彩礼”的视频，引发网民和媒体关注。淮滨县委县政府高度重视，立即成立由宣传部、民政局、公安局、谷堆乡党委政府等部门组成的联合调查组，迅速开展调查处理。经查，10月1日，淮滨县谷堆乡村民黄某（新郎）与陈某（新娘）举办婚礼，在接亲过程中，因新郎将18.8万元礼金转账至新娘个人银行账户，新娘家人认为没有直接收到礼金，便阻止婚车离开。公安部门接警后立即赶赴现场处置，新娘顺利出嫁。后谷堆乡和公安部门对新娘哥哥的行为进行训诫，并组织双方调解，由新郎支付新娘家购置嫁妆费用3万元，至此涉事双方达成和解。 10月6日下午，淮滨县召开全县专项会议，强化宣传引导，推进移风易俗，坚决防止此类问题再次发生。 感谢媒体和社会各界的关注和监督，同时请大家理性对待，不信谣、不传谣。,389,https://news.cctv.com/2024/10/07/ARTIAAioBXpgBugymzGFrVF6241007.shtml,彩礼;婚礼
People.cn,2024/10/8,安徽濉溪：深化婚俗改革 持续为“爱”赋能,2023年，安徽省濉溪县入选全省第二批婚俗改革实验区以来，县委、县政府高度重视，县民政局积极发挥牵头作用，将婚俗改革作为传承中华优秀传统文化、深化乡村移风易俗的重要抓手，大胆创新、勇于探索，常抓不懈、绵绵发力，让婚俗改革成果在濉溪大地遍地开花、枝繁叶茂，让新思想、新风尚融入千家万户，更好满足人民群众对美好新生活的期盼和向往。 “改”变思想。濉溪县抓住党员干部这个“关键少数”，引导党员干部走在前列，引导各级党员干部以身作则，争当婚俗改革的践行者、引领者和传播者，打破群众观望态度，树立良好标杆，让酒席减负、新事新办、喜事简办成为共识。各镇（园区）成立婚俗改革志愿者服务队，精心编排淮北大鼓《都是彩礼惹的祸》、小品《拆墙》《账单》等节目，常态化开展婚俗改革说唱节目文艺汇演，展现天价彩礼带来的不良影响，引导群众建立科学、健康、文明的生活理念和生活方式，让社会主义核心价值观入脑入心，让文明新风尚真正走深走实。 “改”变功能。将婚姻登记服务大厅由以前的单一婚姻登记服务拓展到婚姻辅导、心理疏导、婚育体检服务等。建立“讲师+婚前教育课堂”模式，邀请县委党校青年讲师作为婚姻家庭辅导师授课，帮助即将步入婚姻生活的新人更加了解彼此的性格，更好地面对婚后的家庭生活。建立“志愿者+幸福护航”模式，邀请法律、心理学者等专业志愿者，对协议离婚人员开展心理疏导、婚姻危机干预、法律咨询等服务。安排专人驻点开展婚检工作，确保新婚夫妇身体健康，优生优育。今年上半年，开展婚姻辅导约282对，成功化解198对，婚前体检3363人。 “改”变习俗。引导新婚夫妇从“轻登记、重婚宴、讲攀比”向“重登记、强责任、崇节俭”思想观念转变。将颁证仪式引入结婚登记流程并实现颁证常态化。举办“党建引领·相伴一生 为爱守候”婚姻登记集体颁证仪式、“婚俗改革树新风 喜事新办爱满分”濉溪县户外520集体颁证仪式暨“五进”宣讲活动，提升婚姻登记的仪式感和神圣感，用庄重的颁证仪式代替大操大办。针对当前西式婚礼流行现象，举办“集体婚礼 引领移风易俗新时尚”中式集体婚礼，6对新人踊跃参与，争做移风易俗的践行者、节俭办婚的推动者、文明风尚的引领者，社会反响良好。 “改”变布局。按照国家4A级婚姻登记建设标准要求，进一步调整县婚姻登记中心整体布局，优化功能区域设置，提升登记办事服务，做精、用好室内颁证厅，在颁证厅设置“推进婚俗改革，倡树文明新风”签到墙，引导新人在签到墙上留下签名承诺。同时注重融入具有濉溪特色的传统婚姻文化元素，将婚姻登记中心打造成为弘扬中华优秀传统文化、倡导移风易俗的重要宣传窗口。利用乾隆湖公园建设恋爱角，依托开发区龙池公园建设濉溪县首个具有民俗文化气息的结婚登记户外颁证基地，让准新人在沉浸体验中接受传统婚姻文化的熏陶，留下人生美好时刻。 “改”变机制。指导各镇村出台约束性措施，明确告诉群众提倡什么、反对什么，红白喜事应该怎么操作、不该做什么。把“大总”这个关键人群吸纳进红白理事会，在推动移风易俗行动中发挥着教育引导和监督落实作用。今年5月，成功举办第三届“我是大总”评选活动，请“大总”打擂台，通过“大总”宣传推荐，交流移风易俗工作经验，传播乡风文明，成为濉溪县移风易俗工作的创新品牌。（肖干 肖天宇 李莹）,1347,http://ah.people.com.cn/n2/2024/1008/c374164-41000089.html,婚姻登记;结婚登记;天价彩礼;婚姻;结婚;离婚;婚育;彩礼;婚俗;重婚;恋爱;婚礼
People.cn,2024/10/8,江西遂川：质朴婚俗 文明新风,近年来，江西省吉安市遂川县五斗江乡建立移风易俗宣讲点，积极开展移风易俗宣传，基层党员干部和群众积极响应号召理性处理子女婚嫁彩礼，不少人选择“低彩礼”“零彩礼”操办婚事。如今，年轻人的婚嫁喜事，处处洋溢着淳厚、质朴的文明新风。 “不希望给女儿的婚后生活增加经济负担，只要女儿日子过得好，比什么彩礼都强。”米石村村民叶德福说，“都是农村人，别因为彩礼成为两家人的负担，所以就‘免礼’了”。 叶德福的女儿是一名教师，女婿在部队服役，两人自由恋爱，结下了深厚的感情。在长辈的影响下，一对小青年树立起健康的婚恋观念，自觉抵制高价彩礼、弘扬文明新风。 五斗江村村民郭先礼近日也在操办儿子的婚姻大事。办婚宴前，他还专门前往村红白理事会进行了报备：“我是一名共产党员，更应该带头遵守村里制定的村规民约，这几年村里经常宣传引导大家破除陋习，大家的观念改变了许多。” 推进移风易俗，弘扬时代新风。依托新时代文明实践站和移风易俗宣教点等阵地，乡党委政府向群众宣传移风易俗的相关政策，引导群众建立正确的婚恋观、价值观，发放倡议书倡导群众适度办婚礼、节俭过日子，摒弃搞攀比、讲排场的不良风气。此外，该乡各村的移风易俗“红黑榜”对婚事简办、零彩礼、低彩礼等移风易俗新风的好榜样进行公示。 随着移风易俗改革工作的大力推进，抵制高价彩礼、拒绝人情攀比，“零彩礼”“低彩礼”倡议被越来越多的人所认同。（肖智才、朱晓建、李书哲）,596,http://jx.people.com.cn/n2/2024/1008/c186330-41000317.html,高价彩礼;婚姻;婚恋;彩礼;婚俗;婚嫁;恋爱;婚礼
China News Service,2024/10/9,“美景+文化”“沉浸式”婚姻登记亮相上海,中新网 上海10月9日电 (记者 陈静)近90年前，近代中国第一个集体婚礼在旧上海特别市政府大楼(今为坐落于杨浦的上海体育大学办公楼——绿瓦楼)举行，开创了社会文明新风尚的先河。9日，来自全上海各行各业的18对新人在杨浦区的江浦公园举行集体婚礼，共赴美好未来。 当天，2024年“百年杨浦·百年好合”集体婚礼举行。同时，杨浦区婚姻(收养)登记中心改建启用仪式举行。改建后的杨浦区婚姻(收养)登记中心位于长阳路1111号江浦公园，蕴涵婚姻路上“一心一意、一生一世”的美好寓意。据介绍，杨浦区婚姻(收养)登记中心是集婚姻收养登记、婚姻文化展陈、婚姻家庭辅导为一体的婚姻家庭综合服务体，将为新人带来融合公园美景与文化底蕴的独特婚姻登记体验。 记者看到，杨浦区婚姻(收养)登记中心是一座全落地玻璃幕墙结构的建筑，门头选用中国传统红色系，组成半圆形鸾凤和鸣门。幕墙外侧贴有象征“喜事临门”“比翼双飞”的喜鹊与彩带。在结婚登记大厅，记者看到，候登厅既有柔软的沙发座椅，又有休闲的阶梯座椅，还有多场景的高颜值拍照背景供当事人打卡。 工作人员告诉记者，杨浦区婚姻(收养)登记中心倡导“面对面”的陪伴式服务，拉近与当事人的距离，实现婚姻登记服务模式从“程序式”向“会客式”蝶变。结婚登记大厅里，每一间结婚登记室都是圆弧拱门设计，既像“家门”，又像“洞房”，并且有自己专属的名字，比如：“天作之合”“心心相印”“永结同心”“佳偶天成”“琴瑟和鸣”；房间内还藏有表达爱意的最美古诗词，比如：“在天愿作比翼鸟，在地愿为连理枝”“愿得一心人，白头不相离”等等。 记者看到，这里有两个颁证大厅：“花开并蒂”颁证厅，以中国红为底色，嵌入上海建筑元素，设计缠枝纹与连理枝纹样造型，带有“生生不息、百年连理”的美好寓意，适合身着旗袍、汉服等传统服饰的新人拍照留念；“百年好合”颁证厅，简约大气，通透明亮，背景还能根据个人喜好自由切换，尽可能满足新人的多元化需求。 改建后的杨浦区婚姻(收养)登记中心特别设立了婚姻文化展项区，3个集“功能、体验、互动”为一体的展项，分别刻画了三个不同时期人们对于爱情和婚姻的理解。建设方通过运用多媒体数字技术，将“家庭家教家风”的精神内核融入展陈脉络中，让新人在这里分享爱情的甜蜜喜悦，感悟婚姻的“柴米油盐”。 在“寻爱之旅”展项，新人可以点亮一件件共同完成的事情，而后生成专属的甜蜜回忆录，并导出电子版留作纪念。在“缱绻情话”展项，墙面装饰配有《诗经》中“死生契阔，与子成说。执子之手，与子偕老”的誓言。新人们可以向“爱情邮筒”投递明信片，收获结婚纪念日邮戳，还可以发送电子书信，通过电子屏写下对另一半、对婚姻的承诺。第三个展项是“和美相守”，新人们可以点亮不同的家庭生活场景，体会家庭成员背后的默默付出。 婚姻文化展示区的展示柜内陈列了很多承载着爱与回忆的“宝贝”。它们都是杨浦区民政部门向社会各界征集到的婚姻文化“老物件”：有保存完好的20世纪50年代的订婚证、结婚证、老照片，还有带囍字的喜糖罐、食盒、茶叶罐等，其中大多是杨浦区“五老”幸福婚姻导师团成员忻培华的“传家宝”，是市面上稀有的家族传承物。它们跨越时空，凝结了一代代人的家庭故事，定格了不同年代婚姻家庭生活的美好时光。 尽管婚俗随着时代发展不断变化，但是人们对美好生活的向往、对家庭和睦的期待从未改变。当天，花海起誓，古树为媒，新人们在现场来宾的见证下，齐声宣读结婚宣誓词。携手62年的教授夫妇等多对钻石婚、金婚、宝石婚、银婚夫妇到场共庆喜事。退休前同为复旦大学教授的贾起民爷爷、傅丽珍奶奶说起逾60年的共同生活，都表示，互相理解、遇事有商有量是婚姻的保鲜剂。“陪伴就是最长情的告白。”贾起民爷爷表示。 杨浦区民政局党组书记、局长徐佳祝福新人们的婚姻生活能够传承前辈们的幸福和好运，福缘绵长、百年好合，共同绘制绚丽多彩的人生图景，开启幸福人生新旅程。(完),1611,https://www.chinanews.com.cn/sh/2024/10-09/10298828.shtml,婚姻登记;结婚登记;婚姻;结婚;婚俗;另一半;婚礼
People.cn,2024/10/10,宁夏党委社会工作部破解“高额彩礼”治理难题,人民网银川10月10日电 （记者阎梦婕）今年以来，宁夏回族自治区党委社会工作部立足职能定位、强化党建引领，深入推进农村高额彩礼专项治理自治提升行动，建立“自治区党委社会工作部统筹、市级党委社会工作部牵头、县（区）党委社会工作部指导、乡镇党委推进、村级党组织实施”的“五级联动”机制，实时会商研判，协同推进专项治理。 同时，制定农村彩礼倡导性标准认定办法，结合地域实际，按照重点区域、非重点区域分类施策，明确“高彩礼”“低彩礼”“零彩礼”认定标准。制定“零彩礼”“低彩礼”证书颁发管理规定，统一设计发放“零彩礼”“低彩礼”证书，作为农村居民践行文明新风、享受礼遇嘉许的依据。建立评议公示制度，发挥村民自治组织作用，通过村民代表会议评议、公示等程序，议定彩礼标准、评选先进典型，结果予以公示。建立信息统计制度，实行分级统计、实时监测，对农村彩礼认定、证书颁发、人情礼金、婚宴情况进行全过程监管。 “我结婚时，媳妇的父母没有问我家要一分彩礼，两位老人的愿望很朴实，就是希望我们两口子把生活过得幸福。”中宁县大战场镇兴业村党员刘志学说。 为做好高额彩礼专项治理工作，中卫市中宁县强化高额彩礼专项治理责任清单落实，统筹各方力量协同推进治理，亮出宣传引导“连环招”。全面摸排各村适婚青年15100余名，并建立信息台账，实行动态管理。组建由乡村干部、无职党员等组成的婚姻劝导员队伍145支，协同177名驻村干部，通过张贴横幅、入户走访等方式，开展抵制高额彩礼、弘扬婚俗新风宣传等1390余次。先后评选施玉仓、赵珍珠等“零彩礼”“低彩礼”示范户74户，并予以表彰。 “以前村民办红白事喜欢讲面子、比排场，自从村上开展移风易俗宣教工作后，崇尚厚养薄葬、喜事新办，乡里乡亲攀比之风得到有效遏制。”中宁县新堡镇南湾村党支部副书记张文侠说。 治理“高额彩礼”，宁夏各市近来接连落棋有声。“你们积极践行婚俗新风，结婚‘零彩礼’，为建设文明乡村作出了表率，特此为你们颁发光荣证。”在石嘴山市惠农区民政局婚姻登记处，石嘴山市委社会工作部、惠农区委社会工作部负责人分别为两对新婚夫妇颁发了石嘴山市首批“农村婚俗新风光荣证”。 95后陈雷和妻子张强是惠农区红果子镇马家湾村的老乡，经人介绍后自由恋爱。对待结婚彩礼这件事情两人看法一致，最后双方家庭经过协商，选择了“零彩礼”。 “我们举行‘农村婚俗新风光荣证’的颁发仪式，目的是在全市上下弘扬文明新风、倡导婚事新办。通过落实相关礼遇嘉许政策，激励更多的青年做婚俗改革的示范者和引领者。”石嘴山市委社会工作部副部长王玉平介绍，目前石嘴山市对认定的“零彩礼”“低彩礼”的新婚夫妇推出了一系列的优待政策。例如，持“农村婚俗新风光荣证”者可享受宁夏18家A级旅游景区首道门票免票优惠政策；“零彩礼”“低彩礼”家庭可优先享受特色种植（养殖）补贴、优先纳入高素质农民培育计划、优先得到创业就业和消费帮扶等。 今年以来，宁夏回族自治区党委社会工作部重点加强村级自治组织建设，在村级红白理事会全覆盖建立的基础上，指导行政村逐步健全村民议事会、道德评议会，推选农村媒婆进入红白理事会，协助开展移风易俗活动。 目前，宁夏2204个行政村中，设立村民议事会的1995个、占90.5%，设立道德评议会的1898个、占86.1%，吸纳393名农村媒婆加入红白理事会。加强村民自治制度建设，指导行政村将彩礼倡导性标准、人情礼金、婚宴标准和鼓励适婚青年婚恋等内容纳入村规民约，配套建立奖惩措施，做好红白理事会章程、村民议事会制度等相关制度完善，规范红白事办理流程、办理标准，截至6月底已有1954个村完成村规民约修订，1507个村建立奖惩机制，分别占比88.6%、68.4%。 “自治区党委社会工作部将以更明确的目标、更有力的举措，强化自治功能、加强统计调度、正面宣传引领、落实包抓责任，真正让零彩礼低彩礼价值观立起来，逐步形成全社会广泛共识，让高额彩礼由过去‘有面子’变成如今‘没面子’，续释放乡村文化的内在魅力、增强推动乡村全面振兴的内生动力。”自治区党委社会工作部一处处长杨宗鑫说。,1686,http://nx.people.com.cn/n2/2024/1010/c192493-41003015.html,婚姻登记;婚姻;结婚;婚恋;彩礼;婚俗;适婚;恋爱
China News Service,2024/10/11,宁夏：破解“高额彩礼”治理难题 打造文明婚嫁新风尚,中新网 银川10月11日电 题：宁夏：破解“高额彩礼”治理难题 打造文明婚嫁新风尚 举行一场“不要彩礼要幸福”的集体婚礼，开展“抵制高额彩礼倡导文明新风”主题宣讲，向新人发放倡议书、签订移风易俗承诺书，适龄青年代表作“拒绝高额彩礼”的承诺……近期，宁夏多地发出倡议、开展活动，抵制高额彩礼，引发广泛关注。 彩礼是中国传统风俗中的一项婚姻礼仪，在缔结和维持婚姻关系方面起到了一定作用。然而，由于种种原因，高额彩礼、大操大办、铺张浪费等风气在一些地方不同程度存在。高额彩礼看似是个人的家事、私事，实则带有很强的社会属性，影响乡风民风社风。治理高额彩礼，关乎公序良俗、社会文明，也是民众的普遍心声。 今年以来，宁夏党委社会工作部深入推进农村高额彩礼专项治理自治提升行动，建立“自治区党委社会工作部统筹、市级党委社会工作部牵头、县(区)党委社会工作部指导、乡镇党委推进、村级党组织实施”的“五级联动”机制，实时会商研判，协同推进专项治理。在此基础上，宁夏党委社会工作部牵头制定农村彩礼倡导性标准认定办法，结合地域实际，按照重点区域、非重点区域分类施策，明确“高彩礼”“低彩礼”“零彩礼”认定标准。制定“零彩礼”“低彩礼”证书颁发管理规定；议定彩礼标准；评选先进典型；对农村彩礼认定、证书颁发、人情礼金、婚宴情况进行全过程监管……一系列接地气的举措，以清风正气有效抵制歪风邪气，一步步凝聚起越来越多的共识。 “我结婚时，丈人家没有问我家要一分彩礼，两位老人的愿望很朴实，就是希望我们两口子把生活过得幸福。同时，身为共产党员，我应当好表率，带头抵制高额彩礼等婚俗陋习，倡导文明新风尚。”近日，中卫市中宁县大战场镇兴业村党员刘志学说。 “以前村民办红白事喜欢讲面子、比排场，自从村上开展移风易俗宣教工作后，崇尚厚养薄葬、喜事新办，乡里乡亲攀比之风得到有效遏制。”中宁县新堡镇南湾村党支部副书记张文侠说。 中宁县是宁夏破除高额彩礼、人情攀比、大操大办等婚俗陋习的先行地之一。为做好高额彩礼专项治理工作，中宁县全面摸排各村1.5万余名适婚青年，建立信息台账，实行动态管理。同时，中宁县组建起由乡村干部、无职党员等组成的婚姻劝导员队伍145支，协同177名驻村干部，通过张贴横幅、入户走访等方式，开展抵制高额彩礼、弘扬婚俗新风宣传等1390余次。 不只在中宁县，治理“高额彩礼”，宁夏各地接连落棋有声。 “你们积极践行婚俗新风，结婚‘零彩礼’，为建设文明乡村作出了表率，特此为你们颁发光荣证。”最近，在惠农区民政局婚姻登记处，石嘴山市委社会工作部、惠农区委社会工作部负责人分别为两对新婚夫妇颁发了石嘴山市首批“农村婚俗新风光荣证”。 “彩礼不是结婚的必选项，双方家庭没有必要因为筹备结婚彩礼造成负担。”陈雷和妻子张强是惠农区红果子镇马家湾村的村民，经人介绍后自由恋爱。对待结婚彩礼这件事情两人看法一致，最后双方家庭经过协商，选择了“零彩礼”。 “我们举行‘农村婚俗新风光荣证’的颁发仪式，目的是在全市弘扬文明新风、倡导婚事新办的新风尚，激励更多的青年做婚俗改革的示范者和引领者。”据石嘴山市委社会工作部副部长王玉平介绍，目前，石嘴山市对认定的“零彩礼”“低彩礼”的新婚夫妇推出了一系列的优待政策，持“农村婚俗新风光荣证”者可享受宁夏18家A级旅游景区首道门票免票优惠政策，“零彩礼”“低彩礼”家庭可优先享受特色种植(养殖)补贴、优先纳入高素质农民培育计划、优先得到创业就业和消费帮扶。 抵制高额彩礼、转变婚姻观念，需要坚持系统思维，标本兼治、常抓不懈，形成长效机制。今年，宁夏党委社会工作部重点加强村级自治组织建设，在村级红白理事会全覆盖建立的基础上，指导行政村逐步健全村民议事会、道德评议会，推选农村媒婆进入红白理事会，协助开展移风易俗活动。目前，宁夏2204个行政村中，设立村民议事会的占90.5%，设立道德评议会的占86.1%，已有88.6%完成村规民约修订，68.4%建立了奖惩机制。 一组数据显示，自农村高额彩礼专项治理自治提升行动开展以来，宁夏农村适婚人员共结婚1754对，其中认定“零彩礼”209对、“低彩礼”992对，平均彩礼为7.53万元，占结婚总数的68.5%。 “从抵制高额彩礼入手，加快移风易俗，人人都是受益者，人人也都是参与者。我们将以更明确的目标、更有力的举措，强化自治功能、加强统计调度、正面宣传引领、落实包抓责任，真正让零彩礼低彩礼价值观立起来，逐步形成全社会广泛共识，在铸魂塑形中持续释放乡村文化的内在魅力、增强推动乡村全面振兴的内生动力。”宁夏党委社会工作部一处处长杨宗鑫说。(完),1899,https://www.chinanews.com.cn/sh/2024/10-11/10299759.shtml,婚姻登记;婚姻;结婚;彩礼;婚俗;婚嫁;适婚;恋爱;婚礼
People.cn,2024/10/12,宁夏兴庆区扎实开展农村高额彩礼专项治理,今年以来，宁夏银川市兴庆区认真贯彻落实自治区党委关于持续开展农村高额彩礼专项治理部署要求，做深做细农村高额彩礼专项治理党建引领行动，有效遏制婚俗陋习，加快建设文明乡风。 兴庆区将开展农村高额彩礼专项治理作为学习运用“千万工程”经验、推动乡村全面振兴的重要措施，加强谋划、高位统筹，第一时间召开区委常委会研究贯彻落实意见，区委、区政府分管领导带队赴4个乡镇开展专项调研，摸清辖区彩礼现状，收集相关意见建议。8个牵头单位分别制定任务清单，出台8条农村婚俗新风礼遇嘉许措施和5条抵制约束措施，明确目标压实责任。建立联席会议、村联户、统计调度和报备、举报转办、督导通报和宣传引导等6项工作机制，区级层面定期调度工作进展，推动治理任务有效落实。 同时，兴庆区结合党纪学习教育将专项治理工作贯穿其中，组织944个基层党组织、3万余名党员干部认真学习贯彻《中国共产党纪律处分条例》和党的创新理论，引导党员干部主动对照党规党纪要求，自觉带头树立良好家风，自觉践行婚俗新风。突出抓好党员干部、公职人员“关键少数”，指导乡镇建立村干部本人及其子女婚姻事项报备制度，设立兴庆区婚俗陋习投诉举报电话，畅通群众监督渠道。掌政镇号召党员干部带头签订移风易俗承诺书120余份，争做文明新风的积极倡导者、主动传播者和自觉践行者。 此外，兴庆区充分发挥“4个乡镇党委+35个村党组织+244个网格党小组+1829名党员中心户”四级组织链条作用，对照户籍底册全覆盖摸排辖区适婚青年信息，31位县级领导51个部门包村、乡镇干部包组、村组干部包1189名适婚女青年，实现包村联户全覆盖。将年内有订婚、结婚意向的适婚青年家庭作为重点对象，“三包”责任人联合驻村干部、3乡村振兴事务专干点对点多次入户宣传引导，做到早介入早发现早劝导。健全完善党组织领导下的红白理事会建设，将威望高、经验足的老党员和老乡贤纳入红白理事会，完善红白理事会章程和村规民约，结合各村实际制定倡导性标准，充分发挥村民自治作用规范婚姻嫁娶行为。,836,http://nx.people.com.cn/n2/2024/1012/c407413-41005376.html,婚姻;结婚;彩礼;婚俗;适婚;对象
People.cn,2024/10/14,甜蜜上新，上海市婚姻登记中心迎来两处新地标,领结婚证怎能少了“氛围感”？为了让新人们留下更甜蜜的回忆，近期， 杨浦区 婚姻登记中心喜迁新址， 黄浦区 婚姻登记中心“凤祥喜事”结婚登记点、颁证厅启用。跟着市民政局的介绍一起来看看吧↓ 杨浦区婚姻登记中心 新址 位于长阳路1111号 ，是一处 “花园式” 的结婚登记点，身处大自然的怀抱。1111号的门牌象征着 “一心一意，一生一世” 。新址整体建筑为全落地玻璃幕墙结构，门头选用中国传统红色系，组成半圆形鸾凤和鸣门，幕墙外侧贴有象征 “喜事临门”“比翼双飞” 的喜鹊与彩带，连接新人的美好姻缘。独特亮眼的外观，成为了众多新人心目中的 “网红打卡地” 。 中心共有上下两层， 一楼 设有结婚登记、离婚登记、收养登记、婚姻文化展项和婚姻家庭辅导等区域， 二楼 设有2个结婚颁证厅和婚姻文化展示区域。结婚登记大厅以热烈红、纯洁白为主色调，每一个登记隔间都有圆弧拱门，并配有 “心心相印”“佳偶天成” 等专属名字，带来美好的寓意。 此外， 中心还设置了3个集“功能、体验、互动”为一体的展项 ，刻画了三个阶段对于爱情和婚姻的理解，包括 “寻爱之旅”“缱绻情话”“和美相守” ，让新人在这里分享爱情的甜蜜喜悦，感悟婚姻的 “柴米油盐” 。 作为黄浦区婚姻登记第一个分中心，“凤祥喜事”旨在将结婚登记颁证与弘扬传统文化融为一体，让新人们能获得更好的服务和体验。 凤祥楼内抬头可见灵动的凤凰变幻出520与爱心的造型，登记点与颁证厅充满了浓郁的 “喜” 文化，颁证台都精心雕刻了人生八喜的拉环，新人通过 “随申办” 婚姻登记版块，就可选择该中心作为领证地点，在双十一、双十二这些好日子来办理结婚登记，感受黄浦区民政局提供的 “12+365” 婚姻登记服务新模式。未来，黄浦区将在“凤祥喜事”登记分中心不定期开展婚俗文化展示与系列活动，也将进一步融合区内公园、景点、甜蜜产业为新人提供更时尚、更便捷的领证、颁证体验。 近年来，本市婚姻登记阵地建设持续升级，越来越多的婚姻登记机关设置在风景优美的公园、搬迁至特色文化小镇、进入历史保护建筑，调整设施布局，打造独具特色的颁证厅，并同步提升服务质量水平，实现从行政程序化到体验式会客式美学化的改变。,914,http://sh.people.com.cn/n2/2024/1014/c134768-41007593.html,婚姻登记;结婚登记;婚姻;结婚;离婚;婚俗
People.cn,2024/10/15,宁夏灵武市推动农村高额彩礼专项治理走深走实,近年来，宁夏灵武市坚持把农村高额彩礼专项治理作为推动乡村全面振兴的重要内容，以城乡精神文明建设融合发展和宁夏婚俗改革试点为抓手，坚持完善机制、宣传引导、群众自治，不断推动农村高额彩礼专项治理取得新成效、乡风文明建设焕发新气象。 近日，由灵武市东塔镇编演的小品《高价彩礼要不得》受到群众的喜爱，小品以接地气的方式，向群众宣传移风易俗的文明风尚和思想观念，把“书面语”变成“家常话”，确保大家能听得懂、听得进、记得住，引导和鼓励广大群众从自身做起，抵制铺张浪费、高额彩礼等陈规陋习，营造树新风、破旧俗的浓厚氛围，树立正确的婚恋观，弘扬文明新风。 今年以来，“抵制高额彩礼·倡导移风易俗”主题活动在灵武市各乡镇、社区开展的如火如荼，截至目前共开展入户宣讲、移风易俗主题文艺巡演、家庭家风教育等各类主题宣传宣讲活动500余场次、制作推送《父母之爱女则为之计深远》等移风易俗主题短视频17个，发放各类宣传制品8万余件，开设“推动移风易俗·树立文明乡风”专栏，加大对公交车变婚车、新人骑共享单车奔赴婚礼等婚俗新风好做法和“零彩礼”“低彩礼”典型事迹的宣传力度，多方位、多维度教育引导广大群众自觉抵制高额彩礼。 灵武市还将抵制高额彩礼等婚嫁陋俗行为纳入基层党组织评星定级和党员评星定格的负面情形管理，制定移风易俗工作任务清单和正向激励、反面约束措施清单，多部门、多渠道发布抵制高额彩礼倡议书，指导乡村两级发挥“一约四会”作用，因地制宜修订完善村规民约，在村规民约和红白理事会章程中明确婚礼彩礼、礼金和待客桌数标准，用好移风易俗“红黑榜”机制，充分发挥积分超市作用，加大正向激励和反向约束，累计兑换积分24.4万分。 此外，宁夏灵武市建立村干部婚姻事项报备制度，积极组织农村党员签订抵制高额彩礼、大操大办等婚嫁陋俗行为承诺书4700余份，推动党员干部带头承诺践诺。加强村党组织及村干部奖励支持，对专项治理成效明显村干部全额发放绩效补贴，对践行“零彩礼”“低彩礼”等发挥作用较好的党员，适当提高党内资金关怀力度，对践行“零彩礼”“低彩礼”的适婚青年优先将其纳入重点发展对象、后备干部库。,884,http://nx.people.com.cn/n2/2024/1015/c384604-41008846.html,高价彩礼;婚姻;婚恋;彩礼;婚俗;婚嫁;适婚;对象;婚礼
China News Service,2024/10/16,5个年轻人的互联网相亲简史,【特稿211】5个年轻人的互联网相亲简史 从传统的一对一、面对面，到“流水线”式互选，互联网不仅重塑了相亲的过程，也深刻影响着年轻人对亲密关系的认知。在这段通向未知的旅程中，当情感被技术和效率“加持”，青年一代经历着理性与感性的彷徨，有人身陷挫败和迷茫，也有人在反思中不断成长。 坐地铁上班时，在单位吃午饭后，晚上睡觉前——每天的这三个时段，陈脉会分别登录三个婚恋交友平台，查看“今日推荐”。目光扫过男生的年龄、学历、工作，她平均2秒做出一次判断：“无感”或“心动”。 这是陈脉“云相亲”的第三年，疲惫和期待像潮汐一样交替出现。 从主打名校交友的相亲网站，到赋予年轻用户更多选择权的社交平台，再到诞生于互联网大厂员工婚恋需求的交友软件……相较于传统相亲，互联网婚恋交友市场的规模正在持续扩大。数据显示，国内已有超过6000个线上社交APP，互联网婚恋交友用户数量已突破3000万。 这种新模式下，用户填写自我介绍和择偶偏好，平台利用大数据进行个性化匹配和推荐，相互“心动”即可开始聊天，进而走向线下交往。艾媒咨询发布的《2024-2025年中国婚恋社交服务市场研究报告》显示，超半数消费者对相亲呈积极态度，42.1%的消费者倾向于通过线上结识的方式找寻婚恋对象。在此过程中，择偶标准被拆解，个人魅力被量化，算法充当红娘，相遇变得更容易，互动也变得更高效。 当获得了空前的选择权，不少年轻人发现，爱上一个人依然不是容易的事。 5年前，从天津某高校硕士毕业的陈脉来到北京，成为一家社科类出版社的编辑。刚工作那两年，她把出租屋布置得舒适温馨，沉浸在独居的快乐中，“下班后学吉他、看电影，周末就出去探索北京。”刚走出校园的她，雀跃地拥抱新生活，对恋爱和结婚并不急切。 最先沉不住气的，是陈脉的父母。女儿高考考上211大学，又被保送到985高校读研，在学业上一直是“别人家的孩子”，唯独在恋爱方面不开窍。这几年，陈脉的表哥、表弟和堂妹相继结婚，过年催婚的话头转向了陈脉。父母觉得面子上挂不住，在一次春节聚餐后跟她郑重谈起了婚姻，提醒她“必须有紧迫感了”。此后，这样的谈话经常发生。 陈脉开始感受到压力。她觉得，自己一直在被“社会时钟”推着走，好不容易在应试中“卷”赢了，还没来得及喘口气，又要开始“卷”结婚。面对父母的催婚，她也抗拒过，但最终选择妥协，“只有先向主流交作业，才能真正做回自己”。 然而，结婚这件事的难度，超出了陈脉的想象。她的理想型是阳光开朗的理工男，跟自己形成互补。然而，上班后每天两点一线，生活轨迹固定，结交新朋友的机会也不多，很难在熟人圈子之外遇到合适的男生。 上世纪70年代以来，人们的爱情观逐步转变。新华社发布的《中国50年相亲交友变迁》总结回顾了中国人近几十年的“相亲”方式及渠道变化，从“00年代”的相亲网站和手机短信，到“10年代”的网恋奔现，再到近几年的桌游等多样方式，新世代年轻人在相亲时更为期待寻觅灵魂伴侣。 一些主打高学历的社交婚恋交友平台吸引了陈脉，她发现这种方式“认识人更容易”。注册完成后，陈脉把其中三个平台的服务号在微信聊天页面“置顶”，开始勤勤恳恳地每天登录打卡，“用对待学业的态度对待相亲”。 与陈脉不同，33岁的张煜一直对婚姻满怀憧憬。张煜成长于一个幸福的家庭，在他儿时的记忆里，父母之间总有说不完的话，母亲的声音清脆好听，父亲则总是微笑着回应——提到爱情，这样的画面就会自然而然地在张煜脑海中浮现。 从北京某高校数学系毕业后，进入职场的他更加渴望亲密关系，期待得到支持和陪伴。由于时间和精力有限，追求效率的他决定上网找对象。两年前的“光棍节”(11月11日)那天，他点开互联网相亲小程序，开始了一场“寻爱之旅”。 开始“云相亲”前，要先打造个人主页。平台会要求用户填写年龄、身高、体重、教育经历、家庭背景、兴趣爱好、爱情观等内容，以便访客查看并快速做出判断。为了展示自身最有价值的部分，每个人都要经历一番仔细斟酌和自我拆解。 在个人主页上，张煜的形象是一个“身高171cm”“硕士学历”“年薪50万元”的33岁金融男。为了提高竞争力，他没事就刷别人的主页，然后不断完善自己的简介。比如，看到别的男生写“性格温和，善于倾听”，他就会补上“虽然是山东人，但绝不大男子主义”，看到女生写“介意脱发”，他也会加一句“毛发旺盛，家中无遗传”。 每天中午12点，平台会向张煜推荐10位精选用户，每隔3个小时，还会为他匹配30位同城单身女生。起初，张煜会认真地看完每位女生的叙述，考量性格是否合适，但时间久了，他开始迷茫，“兴趣爱好那栏，很多人写着读书和旅游。而在择偶要求里，出现频率最高的是‘三观契合’‘有责任心’”。 他觉得，每个人都很相似，像是人群中面目模糊的一团。 现在，张煜的筛选变得更加高效。点进女生的主页，他的目光先锁定出生年份，如果对方比自己大，就直接滑过。然后再看身高，筛掉158cm以下的女生。年龄、身高都达标的，他会快速扫一眼照片和其他内容，如果对方颜值、学历尚可，出身城镇家庭，他就毫不犹豫地发送“心动”。 在相亲平台上，要想获得更多选择权，有两个办法，一个是在平台的社交版块频繁发布动态，以增加个人曝光，另一个则是充会员，这也是此类平台创收的重要来源之一。 作为一个i人，陈脉选择了充会员。她使用的三家平台中，以季卡为例，会员费分别是318元、499元、588元，一番比对之后，她决定从费用最低的平台试起。成为会员之前，她能够“解锁”访客和心动者的次数非常有限。而现在，陈脉可以无限次查看访客和对她“心动”的男生，还可以设定条件进行更精准的筛选，“像HR筛简历，也像皇帝翻牌子。”她笑称。 26岁的沈忱是辽宁人，在深圳某高中当老师。和陈脉一样，她也同时游走于几个平台之间。这样的弊端是，有时候会“串台”。有一次，一位在某个平台上谈崩了的男生，又在另一个平台上联系了她。上一轮聊天中，这位男生翻来覆去就是几句话：“吃饭了吗”“下班了吗”“在干嘛”，当时沈忱觉得对方木讷无趣，现在她意识到，人家可能对她兴趣有限，只是在“广撒网”。“这种流水线式相亲，在不认识之前，又能要求几分真心。”她无奈道。 双方互选成功后，平台的服务就结束了，剩下的步骤要靠用户自己推进。传统相亲模式下，有介绍人做背书，双方大多在见面前就“心中有数”。而在相亲平台上，用户的资料经过修饰和美化，呈现出的是一个更为“理想化”的自我。这就导致，见面更像“拆盲盒”。 对于线下约会，陈脉的态度有一个转变的过程。刚开始相亲时，她对见面有些畏惧，一连关注了多位情感博主，上班摸鱼时看的都是“如何快速了解相亲对象”“怎么聊天不尴尬”“第一次见面应该吃饭吗”。如今，她倒成了先提出见面的那个人，“在微信上聊个一周左右，不反感就见面，速战速决”。 每次出门之前，陈脉会登录平台，复习一遍对方的资料。她的经验之谈是，“不仅要看呈现出来的部分，更要关注没写的部分”。比如，如果对方的资料里，“家庭背景”一项草草带过，她就会委婉地问起“父母是否退休”“有没有养老金”。此外，很多细节也是她观察的重点：男生的身姿是否挺拔，点菜是否照顾她的口味，以及对待服务员的态度…… 在相亲中，男生通常会被期待更主动，张煜也倾向于掌握主动权。第一次见面，他会约在咖啡馆，要是有眼缘就一起吃个饭，要是没感觉，就到此为止。“如果每次都约饭，是一笔挺大的开销，有时对方会提出AA，但我不会让女生掏钱，因为这可能是一种考验。”如果还有第二次约会，张煜会邀请女生爬山、看展、逛公园，在轻松的氛围中，进一步加深了解。 李建中是张煜的本科室友，在海淀某互联网大厂做程序员。或许是出于职业习惯，李建中对待相亲，也有着写代码一般的严谨。 为了记录相亲进度，李建中建了一个Excel表格，里面分门别类列出了相亲对象的基本信息、互加微信的日期、约会的时间地点。第一次见面之前，他会根据对方的兴趣爱好列出几个问题，用于尴尬时救场。每次见面之后，他会在表格里附上几句总结，或是失败的原因，或是后续的打算。 沈忱则经历过不少幻灭的瞬间。有的男生资料上写着身高180cm，实际上跟172cm的沈忱差不多高。有人线上聊天时侃侃而谈，见面后却是十足的社恐，讲话都不看她的眼睛。还有一次，对方的职业特别符合沈忱的择偶标准，晚饭后，男生主动提议去公园走走，却在僻静处对她做出过分举动。 从此，沈忱不再有“职业滤镜”，也拒绝把第一次见面安排在晚上。类似的事件让人们对于互联网相亲更为谨慎。艾媒咨询的调查数据显示，超四成消费者对婚恋社交服务中的婚恋对象信息虚假、营销套路、隐私泄露等方面表示担忧。 “使用平台相亲，也要‘留个心眼儿’。”李建中渐渐总结出一些经验。比如，为保证用户资料真实可靠，一些头部平台进行“学历认证”和“工作认证”。如果对方这两项认证未通过，即便自我介绍写得再天花乱坠，李建中也不会考虑，“认证并不复杂，如果这种基础工作都不做，要么学历和工作是硬伤，要么对方的目的不是相亲”。 沈忱曾离“上岸”很近。今年年初，她在平台上匹配到一个条件很合适的男生，对方是位律师，高瘦身材，硕士毕业，父母也在体制内，算得上门当户对。两个人接触了5个月，男生对她很上心，每周都约她出来，下雨天会提醒她带伞，十分周到有礼。 但沈忱就是无法进入状态。一次午餐时，对方试探性地询问能否进一步发展，她实在给不出答案。她想，可能是男生的身材太瘦弱，也可能对方缺乏一点幽默感——总之，她忘不了大学谈恋爱时那种“小鹿乱撞”的悸动，那或许才是爱情的样子。 沈忱心里明白，走到相亲这一步，理性应该战胜感性，但又见了几次面后，她还是拒绝了对方。 对于从事科研工作的苏伟来说，上网相亲跟做实验很像，略带玄学色彩，不是努力就有结果。苏伟身高182cm，戴黑框眼镜，很符合人们对理工男的想象。他一路从本科读到博士，将学业摆在第一位，从未谈过恋爱。等他开始着急找对象时，已经过了而立之年。 为了锻炼自己的社交能力，每次单位工会组织联谊活动，苏伟都会报名。在他看来，有单位牵线，大家背景相似，更有共同语言，他还能向其他男嘉宾“偷师学艺”，在实践中进步。 为此，苏伟准备了一段风趣幽默的自我介绍，认真程度堪比考研面试：“作为一个物理学博士，必须上得厅堂下得厨房，修灯泡、通马桶全都不在话下。作为一个物理学博士，如果你是太阳光，我会努力成为三棱镜，读出你无人发现的喜乐和忧伤……” 为了增加相亲的成功率，李建中还加入了校友会的“单身俱乐部”，有空就参加活动。他们去过京郊的水库自助烧烤，也玩过剧本杀、掼蛋和飞盘。比李建中高一届的学长在一次剧本杀中脱单，“那次是一个推理本，他和药学院的小学妹‘斗智斗勇’，玩得很投机。两个人都意犹未尽，后来又单独约过几次剧本杀，顺理成章就在一起了”。 去年年底，李建中脱单了，进度表里的名字数量停留在19个。他和女朋友在平台上相识，对方在银行工作，年龄小他两岁。认识两个月之后，双方确立恋爱关系，如今已经在筹备婚礼。“爱情很难，有人愿意跟你‘双向奔赴’不容易，应该好好珍惜。”李建中说。 “云相亲”三年，陈脉的心态起伏很大。在相亲平台上，为提高效率，年轻人基本都是多线交流。陈脉经常同时跟两三个男生接触，然后不由自主地陷入权衡和比较，稍有不合意，她就产生放弃的念头：“平台上选择那么多，要不然再等等？” 学历和收入都不错的年轻人，在互联网相亲群体中占据一定比例。婚恋交友平台“陌上花开”发布的《高知婚恋行业白皮书》显示，截至2022年4月，该平台66.51%的用户最高学历为硕士。此外，男性用户和女性用户年收入在 50万元以上的占比分别为45.3%和24.09%。 每当陈脉刷到条件优于自己的男生时，又会生出一些自卑：“我要是再优秀一点就好了”，但没人会等她成长。她觉得，比起自由恋爱，相亲更像谈生意，大家待价而沽。 面对看似无尽的选择，陈脉有时会生出一种无力感，不知道自己在等待什么，也不知道这种“大海捞针”何时是终点。 陈脉大概算了一下，自己见过的相亲对象已经超过50位。她的父母将女儿的努力看在眼里，态度开始缓和。母亲知道相亲不易，为了助女儿一臂之力，她注册了某家长相亲平台的会员，连广场舞也不跳了，每天睡前一定要刷完平台推荐的36个男生。 现在，陈脉依然每天登录平台，但她尝试着放平心态，状态好就安排见面，没有能量时也不逼迫自己。她觉得，自己需要“回回血”，更需要弄明白一个问题，爱情到底是什么？ “云相亲”是一个契机，让苏伟渐渐意识到，“学会如何去爱”跟学业、事业一样重要，自己欠缺的这堂课，是时候补上了。 最近，每次跟相亲对象见面后，苏伟都会在微信上“回访”，虚心地请女生指出自己的不足。有人建议他改变一下着装风格，他便开始学习穿搭，有人觉得他有点腼腆，他便尝试着打开自己，挖掘自己做研究的趣事，主动跟相亲对象分享。 张煜发现，自己把相亲对象处成了搭子。自从开始线上相亲后，他几乎戒掉了游戏，成了公园、剧院、博物馆的常客。为了妥帖地安排相亲，他没事就刷北京游玩打卡攻略。“我有几个约会基地，中国美术馆一年的特展我都看过，奥森和朝阳公园的花期我也门儿清。” 今年5月，张煜在“二狗”平台上认识了一个广西女孩。正巧“中国美术馆”公众号给他推送了“漓江画派”的作品展，他便邀请女生一起去看。他们对美术都不算在行，但就这么边看边聊，女生给他讲家乡的风物和山水，他也分享自己去桂林旅游的经历，结束后又一起去吃了南宁老友粉，两个人都生出些不一样的情愫。 8月，张煜表白成功。他表白的女生活泼可爱，两个人能玩到一起，也很有共同话题。他不知道这算不算爱情，但他的每个周末都充盈起来，“那就先从搭子开始呗。”张煜心想。 得知沈忱一个人在深圳打拼，几位年长的同事经常邀她去家里玩，做些家常菜给她换换口味。一个周六的下午，太阳晒得暖融融的，同事两口子在厨房忙活，沈忱在客厅里跟小朋友一起搭乐高，猫咪好奇地围着她俩转圈——或许是被温馨的氛围所感染，那一刻，沈忱很想在这座城市安个家。 最近，沈忱参加了一场同学的婚礼，新郎和新娘在一次朋友组织的搭伙旅游中相识、相爱。在沈忱看来，男生在学历、家境两方面都稍逊女生一筹，可两个人对视时，眼中是盈盈的爱意。她不禁想，“如果真的相爱，是不是就没有那么多条条框框？” 为了找回“心动”的感觉，沈忱决定暂时从相亲平台抽离，换一种方式遇见爱。她报名参加了几个户外运动社团，一到周末就去登山、远足、划桨板，一方面是为了锻炼身体、认识朋友，另一方面，她喜欢高高壮壮的男生，“在这里遇见的几率或许更大”沈忱害羞地说。 许多像沈忱这样的年轻人，希望通过轻松自然的方式结交异性，以便双方更真实地了解彼此，在互联网相亲外，“恋综式旅行”悄然兴起。不同于传统旅游团，旅行机构根据报名者的兴趣爱好、年龄等相关信息组队，并组织各种主题游活动，成为年轻人寻找爱情的又一新途径。 不久前的一个周末，沈忱和团友一起去梧桐山看日出。凌晨5点半，天边渐染霞光，目之所及云雾缭绕，群峰若隐若现。没过多久，火红的圆日从云海中跃出，刹那间，天地透亮，万物生辉。 站在山顶，虽然有朋友在侧，沈忱却突然感到孤独，脑子里跳出一个念头——要是有个对象就好了。 (工人日报 记者 陈曦) 【,6206,https://www.chinanews.com.cn/sh/2024/10-16/10302217.shtml,婚姻;结婚;婚恋;催婚;恋爱;相亲;单身;脱单;择偶;伴侣;对象;婚礼
People.cn,2024/10/16,南南说法 | 婚内遭遇家暴 离婚时可主张精神损害赔偿,赵某（男）与李某（女）于2020年登记结婚，婚后无子女，赵某沉迷游戏，一切家务均由李某承担，二人经常因此发生口角，赵某仗着自己力气大，经常殴打李某，其中2022年6月的一次家暴，李某选择报警，经医学鉴定，李某为轻微伤，公安机关抓获赵某，并对赵某处以罚款五百元。2023年李某正式起诉离婚，并要求判决：①解除双方婚姻关系；②赵某给付精神损失费3万元。 本案中李某与赵某婚后感情不和，经常发生争吵，且在争吵中赵某经常性对李某实施暴力，造成双方产生隔阂，李某提出离婚，二人均同意离婚，表明双方感情确已破裂，应准予离婚。对于李某要求赵某支付精神损害赔偿金的诉讼请求，因赵某在婚姻关系存续期间确实存在家庭暴力情形，法院予以支持。为此，法院判决李某与赵某离婚，并由赵某支付李某精神损害赔偿金3万元。 为了保护婚姻当事人的合法权益，我国法律规定了离婚损害赔偿制度。家庭暴力是一种极具伤害性的恶劣行为，会让受害方承受心理和肉体的双重痛苦，在提起离婚诉讼的同时，可以主张对方赔偿物质损害和精神损害。 《民法典》第1091条：有下列情形之一，导致离婚的，无过错方有权请求损害赔偿：（一）重婚；（二）与他人同居；（三）实施家庭暴力；（四）虐待、遗弃家庭成员；（五）有其他重大过错。,529,http://jl.people.com.cn/n2/2024/1016/c349771-41009628.html,婚姻;结婚;离婚;重婚;家庭暴力;家暴
People.cn,2024/10/16,婆婆起诉儿媳要回彩礼？法院判决驳回诉讼请求！,“我不懂法律，只能用我自己的话把我想说的说出来，感谢郑法官在庭审中对我的包容。”当事人杜某将一面写有“公正扬威 弘扬正义”的锦旗送到长春净月高新技术产业开发区人民法院综合审判庭郑洪波法官手中，感谢法官在案件审理过程中坚持公正判决，让她感受到了法律的公平和正义。 原告刘某与被告杜某系婆媳关系，2002年，被告杜某与原告刘某的儿子赵某订婚，婚前约定将案涉房屋给儿媳杜某用做婚房并出具《证明材料》。2002年7月，杜某与赵某登记结婚，婚后育有一子。赵某外出打工与家人失去联系，杜某将儿子抚养成人，现婆婆刘某来起诉儿媳杜某要求撤销赠与。 净月法院经审查认为，赠与合同是赠与人将自己的财产无偿给予受赠人，受赠人表示接受赠与的合同。案件中，案涉房屋原为刘某所有，婆婆刘某将案涉房屋作为彩礼赠与儿媳杜某结婚用，并出具《证明材料》，刘某已将案涉房屋赠与杜某，杜某接受赠与，双方之间的赠与行为已经履行完毕。婆婆刘某的诉讼请求没有法律和事实依据，法院判决驳回原告诉讼请求。 原告刘某对判决不服向长春市中级人民法院提起上诉，长春市中级人民法院判决驳回上诉，维持原判。 锦旗是荣誉，也是鞭策，承载着人民群众对司法工作的期待。案件无论大小，每一件都连着民心，每一起案件办理的质量和效果都直接影响群众对司法公正的感知和评价。一面锦旗，一份信任，这不仅是对法官工作的肯定，更是对法院公正司法、为民服务的赞誉。法官也在此呼吁社会各界尊重法律，理性看待婚姻家庭中的问题，共同营造和谐稳定的社会环境。 净月法院将继续坚持以人民为中心的发展思想，不断提升司法公信力，努力让人民群众在每一个司法案件中感受到公平正义，为人民群众提供更加优质、高效的司法服务。,709,http://jl.people.com.cn/n2/2024/1016/c349771-41009564.html,婚姻;结婚;彩礼
People.cn,2024/10/16,江西永新：为甜蜜婚姻“减负” 为乡村文明添彩,近年来，江西省永新县积极推进移风易俗工作，倡导文明新风，旨在为甜蜜的婚姻“减负”，为乡村文明建设贡献力量。 永新县从宣传教化入手，创新宣传方式，丰富宣传载体。通过网络媒体曝光婚嫁娶大操大办的反面典型，让群众认识到陋习的危害。同时，创编体现移风易俗主题的文艺节目，通过村民大会将移风易俗纳入村规民约，营造全民参与的浓厚氛围。此外，还提倡党员干部、公职人员带头取消传统大操大办习俗，以实际行动引领新风尚。 近日，永新县举办“不要彩礼要幸福 为大美永新添彩”移风易俗主题宣传月活动。活动中，妇联干部们深入群众，发放倡议书，讲解婚事新办、摒弃陋习、抵制高价彩礼等相关内容。群众在“不要彩礼要幸福”承诺书上签名，承诺不以金钱衡量幸福，不让高价彩礼绑架美好婚姻。这一活动得到了群众的积极响应和支持，为移风易俗工作的深入开展奠定了坚实基础。 移风易俗工作离不开完善的机制和协同治理。永新县将移风易俗作为乡村振兴的重要内容，加强各方协同，提升治理质效。各村推选德高望重的乡贤成立移风易俗理事会，全程指导移风易俗相关工作。通过村民自我管理、自我监督的形式推动移风易俗工作的落实。同时，充分发挥党建引领作用，调动各种社会力量的作用，降低乡村社会治理成本，从源头对社会性、顽固性陈规陋习实现长期约束。 烟阁乡水尾村的红白理事会是该乡开展移风易俗工作的重要抓手。通过村民自治议事，广泛征求意见、听取群众诉求，将婚事新办、厚养薄葬、白事简办、反对铺张浪费等各项内容纳入村规民约。红白理事会的成员多为村中有威望、热心服务群众的老党员、老教师、退休干部、乡贤等，他们通过制度引导群众主动转变观念，让群众从沉重的精神和经济“枷锁”中解脱出来。这一做法得到了村民的广泛认可和支持，为移风易俗工作的深入推进提供了有力保障。 移风易俗工作需要在尊重传统的基础上不断创新。永新县既注重对中华优秀传统文化习俗的保护，又用新风代替旧俗。通过征集文明新风优秀案例、编印新风画册向各地推广，逐渐形成一村一品、一乡一策的局面，仅丰富了移风易俗工作的内涵，也提高了群众的参与度和满意度。 在文化活动方面，永新县巾帼志愿者协会围绕遏制“高价彩礼”“厚葬薄养”“大操大办”等主题，组织创作了一批群众喜闻乐见的永新小鼓、三角班等文艺作品。这些作品不仅具有地方特色，还蕴含了深刻的教育意义。同时，利用乡村流动大舞台每周开展一次巡演，利用广场上的户外电子屏每天开展节目展播，让群众在欣赏节目的同时，也能受到移风易俗的教育和熏陶。此外，结合各村建立的新时代文明实践站、“宗祠礼堂”组织开展形式多样、积极向上的文艺培训，引导村民积极参与健康的娱乐活动，摒弃陋习。 在烟阁乡水尾村，红白理事会的引导下，村民们逐渐改变了旧习。红事新办后开支节省了近8万元，白事简办后开支节省了近4万元，村民们切实感受到了移风易俗工作带来的好处。 移风易俗工作是一项长期而艰巨的任务，永新县通过多措并举、精准施策，取得了一定成效。永新县将继续深化移风易俗工作，弘扬向善向上的良好风尚，为乡村振兴注入更多文明力量。让新风正气成为乡村最美的风景线，让每一个家庭都能在简约适度、现代文明的婚俗新风中收获幸福与甜蜜。（金飞飞、谢燕勇）,1319,http://jx.people.com.cn/n2/2024/1016/c186330-41010080.html,高价彩礼;婚姻;彩礼;婚俗;婚嫁
People.cn,2024/10/16,韩媒：民调显示 韩国20至39岁人群婚育意愿大幅上升,【环球时报综合报道】韩国新闻网站“dailian”15日报道称，韩国20至39岁人群对结婚、生育和育儿的意向出现大幅反弹。 韩国低生育老龄社会委员会14日公布了今年8月31日至9月7日期间面向2592名25至49岁的韩国公民实施的《结婚、生育、育儿及低生育对策的认知调查》结果。结果显示，65.4%的受访者称“有具体的结婚计划或有朝一日会结婚”，较今年3月提高了4.4%。尤其是25至29岁的男性中，75.4%对婚姻持积极态度，较3月提高了7.1%。 此外，男女对生育的想法也比以前更积极了。全体受访者中，回答“需要子女”的占比达到68.2%，较3月增加了7.1%。尤其是以往对生育普遍持消极态度的25至29岁女性，在此次调查中有48.1%持肯定态度，增幅高达13.7%。在对低生育对策的效果预测中，方案“新婚生育、多子女家庭的住宅供应扩大”获得了最多的选择。 据韩国《中央日报》15日报道，韩国嘉泉大学社会福利学系教授刘载彦表示，他发现20至39岁的年轻人最近开始认为结婚和生育并不是件坏事，“几年前，年轻人普遍对地方政府的情侣配对举措持批判态度，但最近他们的反应变得非常友好”。 也有专家对调查结果持消极态度，首尔大学经济学部教授李哲熙认为，要想将该结果理解为有意义的变化，政府应该对过去6个月里如何改变民众想法的做法进行合理说明。 韩国官员朱亨焕表示：“今后将通过实施周期性的认知调查，与相关政策咨询团体一起观察公民对结婚、生育、育儿的认知变化，从政策需求者的立场出发，摸索体验度高的政策。”（张露丹）,654,http://korea.people.com.cn/n1/2024/1016/c407864-40340462.html,婚姻;结婚;婚育;情侣
CCTV,2024/10/17,婚礼消费新趋势调查：理性简约成潮流 新中式圈粉,刚结束不久的国庆长假，也是举办婚礼的高峰期。在传统观念里，婚礼是人生大事。近年来，随着经济快速发展和社会变迁，婚俗也发生巨大变化。不少年轻人结婚不搞大操大办，摒弃繁琐的流程和不菲的开销，注重追求个性、创意、极简，“三无”婚礼、目的地婚礼、新中式婚礼等别出心裁的婚礼形式不断涌现。传承婚俗礼仪文化，弘扬婚事新办简办新风，一系列婚礼消费的新变化、新趋势，折射出年轻一代婚恋观、消费观的与时俱进。 在凉爽的微风中，一场草坪婚礼正在进行，现场一片欢声笑语，参加婚礼的亲朋好友与新郎新娘热情互动，接受带有新人祝福的玩偶。“我们想让婚礼变得更有趣，让亲友有更多参与感，就特意增加了这个环节。”谈到在婚礼结尾增加抛撒玩偶的环节，新娘周咏怡表示，互动环节不仅让婚礼氛围变得轻松，也让仪式更有纪念意义。 婚礼，作为人生最重要的典礼之一，自古以来就备受重视。记者调查发现，随着社会发展和文化变迁，“甜蜜经济”不断升温，婚礼仪式越来越丰富，流行趋势也有不少新变化。 民政部发布的数据显示，2023年，我国依法办理结婚登记768.2万对，同比增长12.4%。其中，25岁至29岁年龄段的结婚人数最多，占比达到38%；20岁至24岁年龄段占比为13.8%。 随着“90后”“00后”成为结婚主力军，他们对婚礼的期待和要求越来越高，个性化需求持续增长。新人不再满足于传统婚礼模式，而是更倾向于选择定制化的特色服务，从婚礼主题、场地布置、婚纱设计到婚礼服务等，新人都希望能够打造独一无二的婚礼体验。 在视觉呈现上，随着社交平台、短视频的蓬勃发展，随手拍、即时上传更新成为新需求，婚礼各环节都要精致，“出片”对新人来说更加重要。 除了婚礼现场的跟拍摄影，婚纱照作为定格新人幸福时刻的重要载体，一直以来是婚礼消费的重点。如今，备婚新人可以通过网络获取更多信息和参照，对婚纱照的拍摄要求也越来越高。化上精致的妆容，穿上漂亮的婚纱，摆几个造型已经不能满足年轻人的需求，市场上主题婚纱照拍摄风格不断丰富，比如仅一个汉服类，就可以细分出唐、宋、明等不同朝代的婚服形制及仪式。 民政职业大学婚礼文化与传媒艺术学院副教授章林表示，年轻人倾向于按照喜好和需求选择婚礼方式，注重自身感受和体验。他们积极参与设计策划，通过个性化定制来展现双方的爱情故事、价值观及人生愿景。这种趋势折射出社会文化观念的开放与包容，以及对个体独特性的尊重。 “我们拍摄以市场为导向，市场有需求就会跟进开发新场景、新产品。除了比较常规的婚纱、西装之外，民国风、星空系列也很受欢迎。有些新人喜欢在家乡的老房子、土楼等具有特别意义或精心布置的场景里拍摄婚纱照。”梦马映画团队主管王彬说，他们团队有6名摄影师，擅长拍摄不同的主题风格，基本不愁客源，新人想选择自己喜欢的摄影师一般要提前半年左右预约。 无论是拍摄婚纱照，还是婚礼现场跟拍，都少不了化妆师忙碌的身影，这也是“出片”的关键。“90后”婚礼化妆师崔萍从业14年，如今在江苏省徐州市沛县开了一家婚纱造型店。崔萍说：“沛县虽然是小地方，顾客的定制化需求却不少。有的顾客会要求化欧美妆、烟熏妆等不同类型，有的顾客会对鼻子、眼睛的妆容提出具体要求。” 作为婚礼前的重要仪式，结婚登记也是新人追求个性的重要环节。对新人来说，“官宣”照片一定要美。先去专业的摄影机构拍一组结婚登记照片，领证当天还要有跟拍。“拍摄前我都会和新人沟通，约定好拍摄风格和地点。年轻人的想法有创意，拍出来的照片也有趣。”利用业余时间接单的摄影爱好者“崽儿”在社交平台拥有不少粉丝，他告诉记者，领证跟拍的风格不是千篇一律的，新人会根据喜好搭配衣服，选择在游乐园、公园、博物馆等场所记录领证的喜悦。 没有复杂的装饰和道具，整个舞台背景只有一个“囍”字，这种简约大气的婚礼现场布置在短视频平台受到不少好评，咨询价格的网友也不在少数。 不止如此，如今还兴起了无车队、无接亲、无伴郎伴娘的“三无”婚礼。这种婚礼甚至不请司仪、不摆婚宴，以简约而不失浪漫的风格，悄然在年轻群体中流行开来。简化的流程有助于减轻新人在婚礼筹备期间的经济和心理压力。 在婚纱礼服的选择上，年轻人更加注重经济实用。相较于购买一套婚纱，越来越多人选择价格较低的租赁。即便是买婚纱，年轻人也越发偏好款式简单、轻便的婚纱。原计划网购婚纱的苗苗，由于对衣服质量等方面不是很满意，最终决定租赁一套婚纱，“我租的这套婚纱更加隆重，质量和版型也好，还配套提供伴郎和伴娘的服装。如果是买的婚纱，很可能以后都在衣柜里吃灰，既占空间还浪费”。 在策划执行上，新人听从指令完成所有仪式的传统模式正逐渐被年轻人抛弃，参与并记录婚礼全流程成为他们的诉求，这就要求婚礼除了满足新人的创意之外，还要提供参与感。 与“80后”追求场面温馨、主持人把控全场流程的方式不同，如今的婚礼新人群体参与度更高，个性化更强，主题更丰富多元。 “相较而言，户外婚礼仪式没有室内婚礼那么正式，场地布置结合自然风景，看起来美观和谐，宾客全程参与感强。综合这些考量，我们选定举办户外婚礼。”看着参加婚礼的亲朋好友们十分欢乐，周咏怡此前关于婚礼仪式是否过于简单、能否被亲友接受的担心也随之消散。 此外，目的地婚礼也逐渐兴起。这是一种将婚礼庆典、婚纱摄影和蜜月度假相结合的旅行婚礼模式。相较传统婚礼，目的地婚礼能够让新人自主选择喜欢的地点，将婚礼仪式从酒店搬到风景秀丽的旅游目的地，主打“边结婚边旅行”，性价比相对较高。在云南、新疆、四川、海南等地的热门景区，目的地婚礼已发展成为较成熟的商业模式。据统计，2023年大理举办目的地婚礼4400多场，其中九成顾客来自云南省外，平均每天有超过10场婚礼在大理举办。 谈到自己的目的地婚礼，球球兴奋地告诉记者，婚礼减少了许多前期准备工作，性价比非常高，全程才2万多元，还包含拍摄婚纱照等多项服务，婚礼结束后还能带着父母一起去周边游玩，非常有纪念意义。 如今，年轻人在筹备婚礼过程中，越来越注重性价比，不再盲目追求奢华和排场。谷雨数据几年前发布的《结婚行业洞察白皮书》显示，年轻人办一场婚礼的平均花费高达17.4万元，而且有42%的新人实际花费会超出预算。而目前极简婚礼的出现满足了年轻人对性价比的追求，可以在有限的预算内举办一场既符合个人喜好又经济实惠的婚礼。 近年来，多地推进移风易俗，倡导喜事新办简办，抵制大操大办等陋习，推动婚俗新风向上向善。当下年轻人对简洁婚礼的推崇无疑是喜事新办的榜样，既传承了传统婚礼习俗，又达到了破陈规、除陋习、传文明、树新风的目的。 走进北京国家会议中心，中国婚博会夏季展现场人头攒动，婚纱礼服、婚庆公司、婚宴、婚庆用品、婚房及装修、婚车、新娘美容等婚庆行业知名品牌精心布置了展台，大大小小的展位前坐满了咨询的人。据统计，为期2天的婚博会到场人数累计超过8.8万人次，累计成交额达7.4亿元。 中国婚博会通过线下模式，汇聚婚礼行业的品牌企业，为新人提供一站式购物服务，省时省钱、简单方便。中国婚博会外联部经理龙煌达介绍，有不少婚礼项目需要新人到现场看过、试过才能决定，比如定制西装婚纱需要量完尺寸、选好款式才能做。在婚博会现场能货比三家，还有不少优惠政策，自然就吸引了很多消费者。 筹备婚礼需要的东西种类较多，年轻人一般只能利用碎片化时间去选购，通过社交平台等互联网渠道云备婚的形式越来越受欢迎，这也契合了年轻人的消费方式。结婚用品可以根据别人分享的攻略在线上自主购买，小到婚礼气球、红包对联，大到婚庆家纺、箱包，都能网购快递到家。 越来越多新婚夫妇在网上分享举办婚礼的攻略，内容包含婚礼各个环节，网友互动也很活跃。在社交平台上搜索“目的地婚礼”，有超过38万篇相关笔记；搜索“婚礼准备清单预算”词条，显示结果超过13万条。 云备婚的需求也催生了一大批商家入驻社交平台。正在选购伴手礼的陈女士婚期临近，她告诉记者，自己在网上浏览了不少伴手礼，但担心成品效果不理想，所以特意来线下店铺选一选，希望能挑到精致、实用的产品。 随着时代发展，婚礼仪式也不断变化，特别是近年来，年轻人对传统文化更加重视，新中式婚礼需求明显增加。与传统的中式婚礼不同，新中式婚礼既有古风韵味，又在礼节仪式上进行了精简，韵味十足且不繁琐，深受年轻人喜爱。 在Sunny喜铺的社交平台账号上，新中式风格的策划和现场布置受到不少好评。Sunny喜铺总经理黄金月表示，无论是青花瓷、稻田湖景、江南园林等主题风格，还是中式门头、屋檐、竹艺、藤编等现场布景，都能让婚礼展现出浓厚的中式韵味，消费者对这些风格的咨询也比较多。 陈女士到达婚博会的第一站就直奔展台，她希望为自己的中式婚礼挑选一套合身的礼服。陈女士试穿了一款“凤凰于飞”礼服，她对中式礼服颇有了解，“中式礼服从细节上就能看出来是否讲究，现在礼服也采取了一些改良，更能体现美感”。 近年来，集聚了国内、国际园林景观之美的北京园博园，将婚纱婚庆服务作为市场营销的重要内容之一，充分激活“甜蜜经济”。北京园博园运营有限公司经营服务部项目主管茅佳介绍，取景资源丰富是园博园的一大优势，随着口碑逐渐累积，园博园婚纱婚庆业务接待量从原来的每年1000余组增加至现在的每年近3000组，新人可以在江苏园、北京园等传统展园拍摄中式婚纱照，在欧洲园拍摄西式婚纱照。 秉梵摄影工作室大部分中式婚纱照的外景地都在园博园景区内，丰富集中的中式园林景观，让拍摄工作变得更简单方便。运营总监崔熒天表示，当下年轻人对传统文化的接受度越来越高，中式拍摄风格占比越来越高。拍摄服装上，除了秀禾这种传统服饰，改良后的旗袍和中山装也能体现时尚的中国元素，很受消费者欢迎。拍摄风格上，摄影师不局限于体现传统中式的稳重、优雅，而是配合园林的走廊、绿植等，抓拍一些新人嬉闹、互动的场景，画面更加新颖有趣。 小小的伴手礼，也充满了浓浓的中国风。“三个女魔头”品牌的伴手礼产品种类多达上百种，其中国风礼盒占比不小，复古竹编礼盒、传统布艺礼盒等很受欢迎。品牌创始人之一王冰洁介绍，有些新人还会结合家乡的特产和文化元素定制礼盒，比如一对山西籍的新人定制的礼盒里有特产醋、醋糕等。 在章林看来，新中式婚礼以其独特的魅力与深厚的文化底蕴赢得了广泛关注，不仅符合东方审美追求，也契合文化自信的社会氛围，唤起新人对传统文化的珍惜与认同。,4210,https://news.cctv.com/2024/10/17/ARTIA8ULIYTsr0hDsgVCvqnh241017.shtml,结婚登记;结婚;婚恋;婚俗;婚礼
People.cn,2024/10/17,韩国进入“人口紧急状态”以来 民众婚育意愿有所提高,韩国日前发布的一项调查显示，年龄在25岁至49岁的韩国单身人士中，超过65%的人有结婚意愿，这一比例比半年前同类调查有所提高。相关报告显示，这表明韩国人对婚姻和生育的看法正变得越来越积极。 据《韩国时报》15日报道，韩国老龄社会和人口政策总统委员会14日发布的调查结果显示，65.4%的25岁至49岁单身受访者表示，他们有具体的结婚计划或希望有朝一日可以结婚，而6个月前的同类调查中这一比例为61%。 值得注意的是，30多岁单身女性有结婚意愿的比例为60%，而先前调查中，这一比例为48.4%。 调查还显示，单身人士对生育子女持更加积极的态度，超过68%的受访者说他们需要孩子，高于此前调查的61.1%。其中，20多岁单身女性中希望生育孩子的比例超过48.1%，高于此前的34.4%。 在没有子女的已婚人士中也观察到类似变化。被问及是否有意愿生养孩子，50.7%的受访者给出肯定答复，高于此前的42.4%。 韩国统计厅先前数据显示，韩国2023年新生儿人数为23万人，创该国1970年开始统计以来最低水平；总和生育率，即平均每名育龄妇女生育子女数，自2016年以来连续8年下降，2023年降至创新低的0.72，远低于为确保全国人口数量稳定所需的2.1。 韩国总统尹锡悦6月19日宣布从当日起韩国进入“人口紧急状态”，强调要全力应对低生育率问题。 由于人口出生率持续低迷，韩国政府近年出台多项政策鼓励生育，例如为孕妇提供交通补贴、产后护理补贴、体检费补贴等。依照《韩国时报》说法，政府的鼓励婚育政策起到了一定作用，韩国的总和生育率今年有望升至0.74。,675,http://korea.people.com.cn/n1/2024/1017/c407864-40341206.html,婚姻;结婚;婚育;单身
People.cn,2024/10/18,消费曝光台|花两万挽回婚姻失败 揭开婚介消费“甜蜜陷阱”--健康·生活--人民网,“人民投诉”是人民网重点打造的消费者线上投诉维权服务平台。“人民投诉”开设“消费曝光台”专栏，帮助消费者洞察消费陷阱，助力消费环境建设、提升消费市场服务质量。 “人民投诉”是人民网重点打造的消费者线上投诉维权服务平台。“人民投诉”开设“消费曝光台”专栏，帮助消费者洞察消费陷阱，助力消费环境建设、提升消费市场服务质量。 “资源优质丰富、提供定制服务、不成功不收费……”当下，针对消费者的广大需求，婚恋机构推出了各式各样的婚配服务。但因为服务的完成度不易界定、服务流程缺乏统一标准，一些机构把顾客当作“猎物”挖坑设套，在收取动辄上万元费用后却不予提供等价服务，严重损害了消费者利益。 “婚恋平台以为帮我恢复破裂情感为由，先后收取了23800元费用，但却没有提供相应服务，结果也以失败告终”“历经4个小时三个业务轮番洗脑推销后签订了一份婚姻介绍服务合同，事后发现这就是一份‘霸王条款’合同”……人民网“人民投诉”平台梳理发现，近期涉及婚恋机构的投诉频繁出现，问题大多聚焦于 虚假承诺 、 “洗脑式”诱导消费 ， 实际服务与承诺不符 ， “不负责、不退费、不保证、不平等”等霸王条款 ， 推销相亲贷 ， 消费者个人信息泄露 ， 退款难 等。 网友涉及婚恋平台的相关投诉问题。（“人民投诉”用户投诉截图） 在上述问题中，由于部分婚恋平台的不规范行为，涉及到的退费问题，让不少消费者“头疼”。对于如何加强监管，营造公平、开放、友好型婚恋平台，有业内人士提出，平台要落实主体责任，强化对用户账号的认证审核，构建全面的用户身份认证体系，监测、排查虚假账户，对于提供的不真实、自相矛盾的信息，不予通过或要求用户补充完整；更要秉持诚信原则，不用虚假信息欺骗会员；还要设置关键词等过滤程序，肃清违法信息和内容，并积极配合网信、公安、工信等部门对相关违法犯罪行为依法处置和坚决打击。 同时，相关专家还提出，职能部门则应进一步完善婚介行业标准，健全监管机制，提升婚恋平台的准入门槛；同时要加强监管、严格执法，对可能存在乱象风险的婚恋平台，要禁止其上线经营，从而营造公平公正、规范有序的婚姻介绍服务环境。 对此，多地进行了探索：上海市民政、市场监管等多部门于今年联合发布《上海市婚姻介绍服务机构合规经营指引》，正式纳入“3至7天冷静期”概念，以便有效化解在部分婚介机构诱导下，征婚者进行冲动消费导致的退费问题。今年9月，深圳市发布《婚姻介绍机构服务规范》团体标准，新增了消费者权益保护专章，补充退费机制，设置了7天以上的冷静期，明确退费时限为15天内一次性退清，确保退费透明、公平。 结合多地消协和相关市场监管部门发布的相关内容，“人民投诉”提醒消费者在选择婚恋平台寻求优质交友对象时务必谨慎，切勿掉入各种“甜蜜陷阱”： 1.树立健康的婚恋观。 高收费不等于好爱情，要秉持健康、乐观、理性的婚恋观，在与婚介机构接触的过程中，保持清醒认识，避免被他人“洗脑”后产生自卑与恐惧心理。 2.要选择正规平台 ，选择有正规工商登记、证照齐全、收费透明、信誉良好的婚介机构。对于婚恋平台的广告宣传，要理智分析，不要盲目相信虚假宣传或承诺。 3.勿轻信口头承诺 ，签订书面合同，明确双方权利义务、服务价款、退款情形及违约责任等条款。不要轻信其口头承诺，要详细查看协议内容后再签字。对于婚介过程中的细节，以及婚介失败的处理方案，都应提前协商约定，并写入合同、协议中，防患于未然。对不合理的“霸王条款”，坚决予以拒绝。 4.在平台安排 约会见面前可要求对方提供相亲对象的基本信息 ，最好要对当事人的婚姻状况、个人身份状况进行核验。若平台不予提供，消费者可以“不符合择偶条件或不符合合同约定”为由拒绝约见，拒绝劣质服务。 5. 尽量避免在平台上透露过多个人隐私信息 ，如家庭地址、手机号码、银行卡号等。在缴纳费用后，消费者一定要索要正规的服务凭证，保留好缴费凭证。若平台要求贷款支付服务费，要慎重考虑自己的经济能力和需求，并计算好还款能力，以免影响个人财务稳定。 6.发现婚恋平台存在夸大宣传、虚假宣传、诱导消费等行径，及时拨打12345或者到商家所在地的消委会进行投诉， 依法维护自身合法权益 。 也欢迎入驻“人民投诉”平台回应消费者关切， · 消费曝光台|门票搭售保险、1日游变纯购物 “银发游”侵权乱象需警惕 · 消费曝光台|低价假药、货不对板 网购医药保健品需提高警惕 · 消费曝光台|吃出异物、环境脏乱 外卖乱象亟待整治 · 消费曝光台| 甲醛超标、低价陷阱、虚假房源……当心这些租房“套路”！ · 消费曝光台|速瘦、躺瘦、暴瘦 警惕减肥塑身消费陷阱 · 消费曝光台|虚假宣传、踩雷不断 二手交易平台乱象频发 · 消费曝光台| 流量扣费欺诈、携号转网设障……电信服务消费侵权乱象多 · 消费曝光台|虚假保价、不告而投……这些快递乱象值得警惕 · 消费曝光台|低价乱象、假货泛滥 直播带货套路升级如何“避雷”？ · 消费曝光台|花1万多祛斑全脸过敏！暑期医美“热”里藏风险 · 消费曝光台|空调“被生病” 警惕夏季家电维修猫腻 · 消费曝光台|易开难关套路多 APP自动续费乱象频发 · 消费曝光台|强收费、被拼车、转私单……网约车出行省心变闹心？,2155,http://health.people.com.cn/n1/2024/1018/c14739-40341880.html,婚姻;婚恋;婚介;相亲;择偶;对象
People.cn,2024/10/22,湖北天门：青年交友联谊奏出筑巢引凤“最强音”--湖北频道--人民网,近日，第三届“青春有约缘聚天门”青年交友联谊活动举行，吸引了来自该市各单位的350余名青年男女参加。时光音乐会、“幸福大作战”拓展游戏、“我是非遗传承人”文化手作体验、青春市集、“现场说媒”等活动内容轮番登场，让单身青年们通过交流互动，找到自己想认识的那个“他（她）”。 以“城”相许，以“礼”相待。近年来，天门市坚持人才强市战略，从人才招引的“最初一公里”到产业发展的“最后一公里”，向高校学子发出“英雄帖”、在外人才抛出“橄榄枝”，连续11年引进优秀大学毕业生，打造线上平台“天才码”、建成城北城东2处人才公寓、推出68项专属服务，奏出筑巢引凤“最强音”。（文/图 熊文婷）,289,http://hb.people.com.cn/n2/2024/1022/c192237-41016324.html,单身
People.cn,2024/10/22,长春汽开区法院：判决返还财产四百余万元 用“典”守护合法婚姻关系,“正义之光普照人心，法官之德锦旗以赠。”近日，长春汽车经济技术开发区人民法院审管办刘妍法官团队收到了一面来自当事人的锦旗，对法官干警公正高效的审判工作给予充分肯定。 王某和原告赵某是一对夫妻，结婚多年并育有一子，婚生子已成年。婚姻存续期间，赵某发现王某与被告李某保持了多年不正当关系。同时，赵某发现王某通过支付宝、微信、银行卡多次转账给李某。赵某认为，王某在婚姻存续期间未经其同意将夫妻共同财产赠与李某的行为严重损害了她的合法权益，故诉至汽开法院，请求法院判令李某返还财产四百余万元。 本案为赠与合同纠纷案件，时间跨度长，涉案金额大，证据梳理相对复杂。法官助理刘日中天与书记员郭婷婷为核实相关证据，先后前往十余家银行，数十次调取转账流水。刘妍法官三次组织庭审，抽丝剥茧，还原事实。经过深入的调查和严谨的审理，法官作出裁判：依据《民法典》第八条、第六百五十七条、第一千零六十二条等相关法律规定，王某在婚姻关系存续期间，未经赵某同意，擅自将夫妻共同财产赠与李某，该赠与行为侵犯了赵某对夫妻共同财产的平等处理权，且这种赠与行为违背了公序良俗，应认定为无效，判决李某返还赵某财产四百余万元。案件诉讼费及保全费由李某负担。 婚姻应建立在相互尊重和信任的基础上，维护婚姻关系的稳定和健康发展，需要夫妻双方树立正确的婚姻观和价值观。对于婚内违背忠实义务并将共同财产赠与第三者的行为，法律赋予了受侵害方充分的保护和救济途径。破坏婚姻关系的行为不仅会受到道德的谴责，更面临着“人财两空”的后果。,638,http://jl.people.com.cn/n2/2024/1022/c349771-41016336.html,婚姻;结婚;夫妻
CCTV,2024/10/23,从服饰到仪程追求个性化 年轻人把婚礼玩出新花样,“让我们一起举杯！恭祝这对新人新婚快乐！”在新人杭蕙蕙和石炎新的婚礼上，他们手中的酒杯不光被换成了更大的尺寸，里面也由传统的酒类换成了珍珠奶茶。一粒粒黑色的软糯珍珠和甜甜的奶茶不仅象征着新婚生活的甜蜜，也彰显了年轻人对于婚礼的不同态度。在“金九银十”的婚礼季，“年轻人整顿婚礼”“预制风还是吹到了婚礼圈”等话题不断冲上热搜。在无锡，年轻人将自己的婚礼玩出了什么花样？记者进行了一番走访调查。 婚礼仪程多，你愿意把预算和心思花在哪一部分？彩票、拍立得、盲盒喜糖……在杭蕙蕙的婚礼上，各种花样被玩了个遍。“传统婚礼对菜肴、酒水、仪程这些更看重些，但我们年轻人的要求就是一要出片、二要好玩，最重要的是要有自己的特色。”从事活动策划工作的杭蕙蕙对于自己的婚礼有着独特的想法。 在新人迎宾拍照的区域，相比于传统“长枪短炮”、需要后期修图、挑选照片的照相设备，杭蕙蕙选择了“立等可取”的拍立得，“咔嚓”一下，新人和亲朋好友的影像就能马上出片，不用等待；传统包装的伴手礼不能满足这对“95后”新人的个性化需求，他们一起挑选了盲盒类型的包装，每一位宾客拿到的糖果和礼物都有所不同，承载着这对新人独特的巧思；每一桌宾客的餐盘下面，还会有一位幸运儿拿到一张彩票，刮出惊喜……相对于传统婚礼在桌数、菜肴、座次、仪程方面的看重，这对“95后”新人将更多心思和预算更多放在了他们注重的地方，“与其多摆几桌酒席，不如把预算放在蜜月旅行和婚后生活上，毕竟婚礼只是一个开始，更重要的是把婚后生活过好。” “个性化定制”是采访中最常听到的词。新娘过莹烨是洛丽塔服饰的忠实爱好者。在筹备婚礼的半年中，她精心挑选了不同风格的洛丽塔服饰来做婚纱、敬酒服、迎宾服等，并在迎宾区打造了《英雄联盟》主题的场景。“我个人喜欢洛丽塔服饰，在整个婚礼中，出门时我选择了有国风特色的红色服饰，配合家里的喜庆氛围。迎宾服则选了粉嫩一点的，迎宾区的主题也是我喜欢的《英雄联盟》游戏。在正式仪式时，我选了比较华丽的巴洛克风格的婚纱。我还特意没有选捧花，用的权杖，想体现一下自己的家庭地位！”过莹烨表示，在整个婚礼筹备过程中，父母长辈也十分支持他们的想法，“我的服装和别人不一样，长辈们确实觉得很新奇，没见过别人结婚这么穿。但是审美是共通的，当天他们都夸我好看呢！” 在婚礼仪程上，年轻人也有自己的想法。在无锡从业多年的婚礼主持人熊智巍表示，在他所主持过的婚礼中，有一些年轻人会主动提出取消冗长的仪式环节，减轻自己的负担。“我印象比较深刻的是一对新人当时很坚决地告诉我一定要简化婚礼仪程。他们婚礼当天直接取消了接亲游戏，早上新郎新娘时间充裕、各自准备，以轻松的状态来迎接自己的婚礼。”熊智巍表示，这对新人在婚礼中摒弃了接亲游戏、复杂的证婚人讲话等环节，只保留了新人互相告白、交换戒指和感恩父母等几个最核心的部分，整个仪式简洁而温馨，宾客们也没有因为长时间的等待而感到疲惫，反而能更专注地感受新人之间的真挚情感。 给来登记的新人提供倡议简约婚俗礼仪的宣传册、倡议书，增设景区颁证点、网红广场颁证点、举办浪漫海洋梦幻集体证婚仪式……在无锡，更多倡导婚俗改革的举措正遍地开花。 “在国家大力倡导婚俗改革的背景下，‘年轻人整顿婚礼’是一件好事。这种变化，折射了年轻一代理性、实用的理念，他们在追求轻松舒适的同时也彰显着个性，充分展现出移风易俗的新风尚。”专注于青年研究领域的江南大学法学院副教授王沛沛表示，“年轻人整顿婚礼”的背后，一是当下的社会节奏变快，简单快捷的婚礼仪式应运而生；二是因为年轻人更注重自身能否从婚礼中获取情绪价值，而不仅仅是迎合家人或社会的传统期待。“年轻人整顿婚礼”并不全是对传统婚俗的反叛和否定。他们同样有仪式感，愿意保留必要的环节和礼俗，只是希望摒弃繁文缛节，让婚礼回归祝福新人、见证幸福的本义。“婚礼的意义在于见证爱情和承诺，而不是炫耀和攀比，让婚礼回归其本质，是一种值得肯定和鼓励的趋势。”,1625,https://style.cctv.com/2024/10/23/ARTIg9uCHxA8lnA9vGe0Szow241023.shtml,结婚;婚俗;婚礼
China News Service,2024/10/23,民政部：全国累计办理婚姻登记“跨省通办”41.6万对,中新网 北京10月23日电(记者 李京泽)中国民政部社会事务司副司长、一级巡视员朱玉军23日在北京表示，截至2024年9月底，全国累计办理婚姻登记“跨省通办”41.6万对。 当日，民政部举行“民政这五年”系列专题新闻发布会，朱玉军在会上指出，民政部稳步推进内地居民婚姻登记“跨省通办”，先后分两批部署开展试点，已有21个省份可以办理相关业务，覆盖全国总人口的78.5%。 此外，民政部印发了《关于开展婚俗改革试点工作的指导意见》，确定了32个全国婚俗改革实验区。朱玉军说，目前已有不同层次试点单位1806家，各实验单位注重发挥基层群众性自治组织作用，探索明确彩礼、随礼等倡导性标准，引导民众自觉抵制高价彩礼等婚俗陋习，“低彩礼”“零彩礼”越来越普遍。 会上，民政部社会救助司副司长许昀也就如何完善覆盖农村人口的常态化防止返贫致贫机制作出回应。他表示，民政部将以健全完善、迭代升级分层分类社会救助体系为根本，以“保基本、防风险、促发展”为目标，以改革创新为动力，加快建立农村低收入人口分层分类帮扶制度，着力构建城乡统筹、分层分类的低收入人口常态化救助帮扶体系。(完) 【,484,https://www.chinanews.com.cn/sh/2024/10-23/10306728.shtml,婚姻登记;高价彩礼;婚姻;彩礼;婚俗
China News Service,2024/10/23,民政部：截至2024年9月底 全国累计办理婚姻登记“跨省通办”41.6万对,中新网 10月23日电 民政部23日举行“民政这五年”系列专题新闻发布会，民政部社会事务司副司长、一级巡视员朱玉军在会上透露，截至2024年9月底，全国累计办理婚姻登记“跨省通办”41.6万对。 朱玉军表示，五年来，社会事务领域全面落实党中央、国务院决策部署，以群众所需所盼为突破口，锐意进取、改革创新，各项工作取得显著成效。 一是育好“甜蜜林”，婚姻管理服务更加优化。聚焦群众对美好婚姻家庭的新期待，优化婚姻登记服务，采取更多惠民生、暖民心举措，助力婚姻家庭更和谐、更美满。稳步推进内地居民婚姻登记“跨省通办”，先后分两批部署开展试点，当事人不需要回户籍地办理婚姻登记，已有21个省份可以办理相关业务，覆盖全国总人口的78.5%。截至2024年9月底，全国累计办理婚姻登记“跨省通办”41.6万对。积极发挥婚俗改革试点先行先试、示范带动作用，当前全国已创建各类婚俗改革实验单位1800多家。鼓励有条件的地区将婚姻登记机关设置在公园等有标志性意义场所，为当事人提供最优质的服务、最优美的环境。目前，全国已有各类公园式婚姻登记点270余处。全面推进婚姻家庭辅导服务，县级以上婚姻登记机关设立辅导室的已达90%以上。积极培育新型婚育文化，创新优化婚姻家庭服务，“简约而不简单、浪漫而不浪费”的新时代婚俗礼仪越来越受到年轻人追捧，文明健康婚俗风尚正在加快形成。 二是做好“解忧事”，残疾人福利多点突破。着力在健全兜底性、基础性残疾人福利制度上下功夫，持续健全残疾人关爱服务体系，残疾人福利事业取得积极进展。进一步落实完善残疾人两项补贴制度，指导各地持续提升补贴标准，扩大补贴覆盖范围，完善便民服务、精准核对、动态监管等制度举措，目前已惠及1189.4万困难残疾人和1611.4万重度残疾人。稳步实施“十四五”规划精神卫生福利设施“补空白”建设项目，各地深入开展“精康融合行动”，设立中央集中彩票公益金支持精神障碍社区康复服务部级试点项目，精神障碍社区康复服务加速推进。探索开展康复辅助器具产业国家综合创新试点和社区租赁试点，印发《中国康复辅助器具目录(2023年版)》，推动延续生产和装配伤残人员专门用品企业所得税优惠政策，加强残疾人专用设备和服务标准化工作。 三是办好“身后事”，殡葬工作取得明显进展。以殡葬行业公益属性为导向，不断建立和完善殡葬法规政策，推进和深化殡葬改革，强化殡葬服务保障。联合相关部门先后出台关于节地生态安葬、推动殡葬改革促进殡葬事业发展等政策文件，不断完善殡葬管理相关标准规范。殡葬服务设施建设不断加强，会同国家发展改革委推进“十四五”期间火葬区殡仪馆“补空白”项目，重点推进县级火葬区的233个殡仪馆“空白点”建设。全国共投入资金约178亿元，建成公益性公墓约1.68万个；投入资金约60亿元，建成公益性骨灰堂3350个。指导各地大力推进惠民殡葬政策，目前全国31个省份均建立了覆盖城乡困难群众的惠民殡葬政策。 四是撑起“安全伞”，救助管理能力全面提升。紧紧围绕兜底线、织密网、建机制、救急难的工作要求，不断加强和改进工作体制机制，全面提升救助管理服务水平和质量。五年来，累计救助各类临时遇困人员435万人次，帮助7万余名受助人员成功寻亲，有效助力了社会和谐、家庭团圆。民政部充分发挥救助管理工作部际联席会议机制作用，制定和完善工作规则，协同相关部门，形成工作合力。每年开展“寒冬送温暖”“夏季送清凉”专项救助行动，做好极端天气下临时遇困人员救助服务，避免发生极端事件。指导各地不断优化提升站内照料服务水平，除了做好日常工作，还针对服务对象需求，开展就业指导、法律援助、心理咨询等多元化的服务。每年开展救助管理机构“开放日”活动，组织所有救助管理机构向社会开放，接受社会各界参观指导和监督，推动形成全社会关心救助管理工作、关爱流浪乞讨人员的良好氛围。 【,1588,https://www.chinanews.com.cn/gn/2024/10-23/10306343.shtml,婚姻登记;婚姻;婚育;婚俗;对象
People.cn,2024/10/23,“脱单”有机会！南宁两大公园拟改造增设婚恋角,10月22日，南宁市自然资源局发布南宁市公园增设婚恋角项目批前公示，拟对南宁市人民公园原婚恋角进行提升改造，以及在南宁市花卉公园月季园内新增一处婚恋角。 南宁市公园增设婚恋角项目为南宁市民生项目，根据项目牵头部门南宁市人民公园的申请及相关要求，为帮助市民群众满足婚恋交友需求，提升婚恋交友活动服务品质，经南宁市市政园林局同意，南宁市人民公园拟对原婚恋角进行提升改造，以及在南宁市花卉公园月季园内新增一处婚恋角。 南宁市公园增设婚恋角项目建设选点分别位于兴宁区新民路44号南宁市人民公园、西乡塘区安阳路7号南宁市花卉公园，地类（用途）为公园绿地。 南宁市人民公园主要调整内容：在公园西大门白龙塘边原婚恋角处新增一座休闲亭廊，休闲亭廊占地面积52.75平方米；新增13根花岗岩姻缘柱，柱间设悬挂绳，用于悬挂相亲资料；新增3座祈愿架，用于悬挂姻缘牌；新增1座宣传栏，用于张贴相关婚恋信息；新增条石凳8个、休闲石凳1组，用于市民群众休憩。 总平调整后，南宁市人民公园游憩建筑用地面积由12673.66平方米调整为12726.41平方米；园路及铺装广场用地面积由121883.45平方米调整为121830.7平方米，其余指标不变。 南宁市花卉公园主要调整内容：在公园北大门月季园场地范围内新建设两座白色钢结构休闲亭廊，每座休闲亭廊占地面积各27.07平方米。 总平调整后，南宁市花卉公园绿化用地面积由377570.4平方米调整为377239.36平方米；建筑占地面积由9886.09平方米调整为9940.23平方米；园路及铺装广场用地面积由94562平方米调整为94838.9平方米（包括新建两座休闲亭廊及新增园路），其余指标不变。（记者 黎兆齐）,719,http://gx.people.com.cn/n2/2024/1023/c179430-41017113.html,婚恋;相亲;脱单
CCTV,2024/10/24,【8点见】民政部：鼓励有条件地区将婚姻登记机关设置在公园等场所,央视网消息： 每天8点，央视网为您梳理24小时内发生在咱们身边的大小事儿。 ·外交部：大众公司高管因吸毒被拘留后遣送出境。 ·民政部：将完善覆盖农村人口的常态化防止返贫致贫机制。 ·民政部：鼓励有条件地区将婚姻登记机关设置在公园等场所。 ·商务部拟于11月举办中国国际消费中心城市精品消费月。 ·我国增值电信业务扩大对外开放试点工作正式启动。 ·我国7万余家行业协会商会完成脱钩改革。 ·中央政府将于2024年10月30日在澳门发行50亿元人民币国债。 ·自2024年10月23日24时起，国内汽、柴油价格每吨分别上涨90元和85元。 ·10月24日是2025年国考报名最后一天。截至23日晚，本次国考报名人数超266万，有热门岗位吸引上万人报考。 ·以总理住宅遭袭后首度公开照片，真主党放狠话誓言继续袭击。 ·以军：过去48小时内打死3名黎巴嫩真主党指挥官。 ·土耳其航空航天工业公司一座工厂遭恐袭，造成5人死亡、22人受伤，其中2人伤势严重。另有一男一女两名恐怖分子被击毙。 ·英德两国在伦敦签署军事合作协议，这是英德两国之间首个国防方面的协议。 ·美媒：比尔·盖茨私下已捐款5000万美元支持哈里斯。 ·外媒：印度班加罗尔一大楼倒塌，已致5死5伤。 ·美国华盛顿州一名15岁男孩涉嫌枪杀5位家人。 ·热带风暴“潭美”致菲律宾超38万人受灾。 ·北京教育考试院声明：未来两年高考语文范围不变。 ·南京地铁回应老人拉拽孕妇要求让座：“老弱病残孕专座”不存在哪类人群优先。 ·一名初三女生在山西阳泉失踪7日，父亲：失踪时没带手机身份证，身无分文。 ·湖南株洲光明学校自带饭学生只能蹲教室外吃，学校回应：怕交叉感染，目前已安排进教室。 ·山西太原通报“待产孕妇生产双胞胎时一胎死于宫内”调查情况。 ·江西抚州男子张某某拒服兵役被联合惩戒。 ·四川自贡警方发布河中无名尸体认领进展：尸源已确定，排除刑案可能。 ·广东揭阳一男子室外就餐被天降大王椰子树叶砸骨折，获赔2.2万元。 “职业闭店人”如果大行其道，会造成市场竞争中“劣币驱逐良币”现象，不仅破坏市场公平，还会挤压守法经营者的生存空间。 ——人民热评：打击“职业闭店人”，促消费惠民生 广西龙胜各族自治县龙脊梯田一片金黄，吸引大批游客前来游览观光。 山东日照，海上旭日东升，朝霞漫天，海滨城区沐浴晨光。 近日，湖北大冶，00后新警王子矜入警还未满一个月，就收到群众送来的特制锦旗，他忍不住一路小跑向所长和同事们“嘚瑟”。据悉，锦旗是王子矜破获的3起盗窃案当事人送来的。,1060,https://news.cctv.com/2024/10/24/ARTIr7li7QYiJTSpCmNqivxc241024.shtml,婚姻登记;婚姻
People.cn,2024/10/24,全国已累计办理婚姻登记“跨省通办”41.6万对,今天，民政部举行“民政这五年”系列专题第二场新闻发布会。民政部社会事务司副司长、一级巡视员朱玉军介绍说，截至2024年9月底，全国已累计办理婚姻登记“跨省通办”41.6万对，积极发挥婚俗改革试点先行先试、示范带动作用，全国已创建各类婚俗改革实验单位1800多家。 朱玉军表示，民政部稳步推进内地居民婚姻登记“跨省通办”，先后分两批部署开展试点，当事人不需要回户籍地办理婚姻登记，已有21个省份可以办理相关业务，覆盖全国总人口的78.5%。 同时，民政部鼓励有条件的地区将婚姻登记机关设置在公园等有标志性意义场所，为当事人提供最优质的服务、最优美的环境，全国已有各类公园式婚姻登记点270余处；积极培育新型婚育文化，创新优化婚姻家庭服务，“简约而不简单、浪漫而不浪费”的新时代婚俗礼仪越来越受到年轻人追捧，文明健康婚俗风尚正在加快形成。 朱玉军介绍，为在全社会倡导健康向上的婚姻家庭价值取向，有效遏制婚俗领域不正之风，民政部印发了《关于开展婚俗改革试点工作的指导意见》，确定了32个全国婚俗改革实验区。各级民政部门也因地制宜创建了一大批不同层次的实验单位，目前已有不同层次试点单位1806家，试点单位数量仍在持续增加。 此外，民政部支持各地通过公益创投、政府购买服务等方式，为当事人提供全周期全链条的婚姻家庭辅导服务，帮助他们提升化解婚姻危机、减少婚姻家庭纠纷的技巧。截至目前，县级以上婚姻登记机关婚姻家庭辅导室覆盖率已超过90%，鼓励有条件的地区将婚姻登记机关设置在公园等有标志性意义场所，积极举办集体婚礼、结婚颁证、婚恋交友等特色活动，邀请当事人亲朋好友共同到场见证，不断增强婚姻登记的仪式感、神圣感，越来越多的年轻人选择文明简约婚俗礼仪。（记者 韩飏）,728,http://yn.people.com.cn/n2/2024/1024/c378440-41018187.html,婚姻登记;婚姻;结婚;婚恋;婚育;婚俗;婚礼
China News Service,2024/10/25,倡树新时代婚恋新风 江苏出台婚恋教育指导大纲,中新网 南京10月25日电(记者 徐珊珊)为加强和改进婚恋家庭辅导教育，提高民众营造幸福婚姻、建设美满家庭的能力，近日，江苏省民政厅、省法院、省文明办、省教育厅等7部门联合印发《江苏省婚恋教育指导大纲》(以下简称《大纲》)。 《大纲》把以人为本作为婚恋教育的前提和基础，尊重公众在婚恋教育中的主体地位和情感需求，旨在通过全面、系统、科学的婚恋教育，回应时代关切，传递正面婚恋观念，弘扬家庭美德，培养具备健康婚恋观、良好情感素质与家庭责任感的现代公民。 《大纲》分为适用范围、核心理念等四个部分。内容基于婚姻学、心理学、社会学等相关学科的最新研究成果，以建立积极恋爱观、健康婚姻观、科学生育观、和谐家庭观为核心理念，从恋爱交友到结婚生育，再到婚姻维护与家庭成长，涵盖了婚恋教育的主要方面，重点突出观念塑造、知识传授、能力培养等要点指导，形成较为完整的教育体系，对于加强和改进婚恋辅导教育工作、提高婚恋教育的科学性和针对性具有重要意义。 为推动江苏婚恋教育指导工作高质量发展，《大纲》提出，各地各部门推动各类婚姻家庭辅导机构、社会组织、高校以及科研机构加强婚恋教育理论研究，组织研发婚恋教育指导手册、视频课件等服务产品，加强对婚恋服务类、家庭服务类社会组织的培育和孵化，强化对婚姻家庭辅导机构的监督和管理；积极拓展资金来源渠道，健全多渠道投入机制，形成政府主导、社会力量补充的婚恋教育指导资金保障机制；创新活动平台，探索建立婚恋教育指导服务站、工作室，开展婚恋教育指导、心理疏导、社会融入和家庭教育等专业服务。(完) 【,658,https://www.chinanews.com.cn/sh/2024/10-25/10307767.shtml,婚姻;结婚;婚恋;恋爱
People.cn,2024/10/27,重庆丰都探索婚姻家庭教育新模式--健康·生活--人民网,在重庆市丰都县，新人步入婚姻殿堂的“门槛”多了一个——他们要在登记领证前参加一场“特殊考试”。 这场“考试”其实是一场婚姻家庭教育前置辅导，想法来源于重庆市丰都县民政、妇联等部门近3年来对县域内1000余对新婚夫妻家庭状况的持续调研。丰都县地处重庆地理中心、三峡库区腹心，总人口超85万人。本次调研选取的都是在丰都登记结婚的夫妻，其中90后夫妻600余对、00后夫妻400余对。参与调研的新婚家庭中，80.02%的夫妻提出了对亲密关系、亲子关系等方面的婚姻家庭教育指导需求。 丰都县民政局婚姻登记中心主任陈琢向中青报·中青网记者介绍，调研团队发现，在婚姻家庭教育方面，由于对婚姻家庭认识不足、婚后生活准备不足，一些新婚夫妻难以担负成家养家、养子教子的责任，造成新婚家庭基础不稳定。而且，调研还发现年轻夫妻遇到一些普遍性困境，比如部分年轻夫妻“闪婚闪离”造成了单亲儿童、“只生不养”等现象；一些处于生儿育女阶段的家庭，也在亲子关系中出现“小时惯、大了管”，“家法”严惩等现象…… 另外，年轻夫妻对孩子的教育观念快速转变，家庭教育呈现“方式多元化、需求专业化”等趋势，但实际情况中，针对家庭教育的指导力度不大、资源不足、服务不多。陈琢说，现阶段，民政、妇联等部门提供的婚姻家庭辅导，主要针对家庭出现矛盾后的“事后服务”，大部分新人缺少婚前辅导尤其是婚姻家庭教育指导。 对此，在组建家庭的起步节点——结婚登记环节，丰都县推出了婚姻家庭教育前置辅导——在登记领证前组织一场“特殊考试”。丰都县教委、县民政局和县家庭教育研究院牵头组建了智库团队研发题库，团队成员包括家庭教育专家、心理健康指导师、资深律师。 结合调研发现的实际问题，围绕家庭、家教、家风建设相关论述摘编及有关法律法规，智库团队共设置了500道题目，分成家庭道德、家风家教、家庭教育、婚恋心理、婚姻法律5个板块，题型主要以选择题（单选和多选）、判断题形式呈现，每次从题库中随机生成10道题的百分制“考卷”。 考点设立在婚姻登记中心，前来领证的新人分别抽题答题、相互评卷赋分。按照考前预习10分钟、现场答题10分钟、评卷交流10分钟，考试将婚后家庭生活、亲子教育等场景带进婚前学习交流现场，引导结婚夫妻相互尊重、学会沟通交流。丰都县家庭教育研究院副院长孙应霞说，通过现场测试互评，新人们加深了对家庭教育相关知识的理解，既有趣味性又有体验感。 曾参加过“考试”的张先生说，他们夫妻在婚前对育儿问题存在焦虑，对孩子将来的成长、教育比较担忧，担心双方不能保持平和的心态、把孩子变成“鸡娃”，通过在婚姻登记中心学习、测试、交流，家庭教育观有了较为正确的转变。 参加登记的新人通过“考试”后，丰都县民政局会为他们提供新婚登记“四书一谈”服务：现场发放《共担家庭责任告知书》、现场签订《共创家庭新风承诺书》、现场诵读《共建家庭幸福誓言书》、现场为将来的孩子共写一封亲子共勉家书，并由婚姻登记服务中心负责人或家庭教育专家开展一次现场谈话。 在颁证仪式上，丰都县民政局会邀请“钻石婚”或“金婚”家庭、“最美家庭”以及模范夫妻、优秀家长等作为颁证员，为新人颁发结婚证并分享家庭故事。 丰都县民政局局长毛先权表示，新婚夫妻通过婚前学习、测试、交流以及婚后生活场景的沉浸式体验，进一步明确了婚姻双方的责任和义务，切实巩固了婚姻家庭关系的基础。 据介绍，2023年以来，丰都县年轻夫妻在婚姻登记3个月内、1年内申请离婚的比例同比分别下降22.3%、24.2%，有效缓解了家庭焦虑、教育焦虑，一定程度上遏制了“闪婚闪离”现象。（记者 耿学清）,1484,http://health.people.com.cn/n1/2024/1027/c14739-40347976.html,婚姻登记;结婚登记;婚姻;结婚;离婚;婚恋;闪婚;夫妻
People.cn,2024/10/28,城市相亲角越来越多 年轻人“脱单”顺利吗？,南宁市人民公园相亲角吸引众多市民关注征婚信息。 不少家长来为孩子寻觅良缘。遇到合心意的，还用手机拍下征婚信息表。 社交圈固定是当前年轻人“脱单”的主要难点之一。近段时间，全国多地新设、升级公园相亲角，积极为单身青年牵线搭桥。南宁市也计划在人民公园、花卉公园改造或新增相亲角。近日，记者实地探访人民公园、新秀公园、亭子码头等地多个相亲角发现，在五花八门的征婚信息中，身高、工作、学历成为大多数人的择偶条件，有无房、车的要求则呈逐渐弱化趋势。不少年轻人表示，他们更注重三观、兴趣爱好方面的契合，这也是两人能不能一起创造幸福生活的根本逻辑。 10月26日上午，在南宁市人民公园九曲桥凉亭广场高山榕下的相亲角，数百份单身男女的征婚信息表用夹子固定在红绳上绕树挂着。为便于观看，男士的征婚信息表底色为蓝色，女士的为粉色。上百名市民正在仔细观看征婚信息，但鲜有相亲当事人到场，大多是家长来帮儿女寻觅良缘。 “今年多大？”“在哪里工作？”“什么学历？”……在相亲角，这几乎成了统一的开场白。 “你是来给女儿相亲的吗？可以了解一下我儿子。”人群中，李先生的母亲主动向一名正观看男士征婚信息的阿姨推介自己的儿子，并熟练地报出儿子的资料：1990年出生，身高1.71米，重点大学本科毕业，国企单位，在南宁市区有房……简单攀谈后，两名母亲互相加了微信。李母告诉 女儿偷偷来到人民公园相亲角为其征婚。她说，女儿本科毕业，今年31岁了，谈过恋爱，也相亲过几场，但一直没有找到合适的对象，现在一家人都为女儿的终身大事操心。 在现场，刘阿姨仔细查阅征婚男士相亲资料的同时，也积极向其他人推介自家女儿。“女儿不急，但我们着急。因为现在大龄女青年越来越多，我们还真担心她‘剩’下了。”刘阿姨说，女儿条件不错，工作稳定，性格也比较温柔，就是不知道为何没有异性缘。 记者观察发现，身高、年龄、工作和学历是相亲角最为普遍的征婚条件，往往自身条件高的人对另一半的要求也会比较高。单身女士通常要求男方年龄相当、有稳定工作收入、身高一般1.7米以上；单身男士则普遍要求女方年龄要比自己小、贤惠善良、有孝心、无婚史。 “国内本科海归硕士，在央企工作。”一位母亲看到某女士的征婚信息后对学历表示很满意。采访中，家长们对征婚者的学历都比较关心。有的家长甚至表示对有本科或研究生学历的男方优先考虑，其他方面可降低要求。 除了家长们，相亲角也出现一些年轻人的身影，他们没有挂出个人信息，主要查阅他人的征婚信息。阿军（化名）今年34岁，由于工作繁忙，加上接触女性的机会少，不知不觉就在同龄人中被“剩”了下来。对于被迫单身的现状，他也很焦虑。 4年来，阿军相亲过的次数已经数不清，有女生来加他微信的，也有女生父母先来替女儿“考察”的。不论对方是谁，聊天开始他都会遇到两个绕不开的问题：“你有房吗？工资多少？”在阿军看来，正是这两个问题让他与对方的聊天早早收场，因为目前他还没买房，收入也不算高。 “相亲也不能找条件不好的吧？女生如果要嫁人，肯定也需要有地方住，都是人之常情。”阿军说，他对女方的要求表示理解，目前只能努力改善自身条件，“不过对我来说，人品和三观（即人生观、世界观、价值观）才是最重要的。” “高富帅，身高1.73米，1993年出生，本科，私营企业主，年薪100万元，开奔驰E，在广州有一套房，目前定居南宁，寻找开朗大方的女孩。”在新秀公园相亲角，一名男士的征婚信息吸引了几名家长注意。“这么优秀的男士也来相亲？”有家长表示不解。 记者走访亭子码头相亲角等市区多个相亲角发现，以往对于收入、房、车等“硬件”征婚要求已呈现逐渐弱化趋势，有共同兴趣爱好、人品好、正能量、有话题谈得拢成为不少征婚信息上的高频词句。 “会弹钢琴，愿意为你下厨，蹲一个阳光开朗宝藏男孩”“本人男，喜欢自驾露营旅游”“不炒股，秃头的不予考虑！”……在五花八门的征婚信息中，各种个性化语句频现，这样的措辞多了几分“搭伙过日子吧”的松弛感。 “我觉得房子不是最重要的，主要是合眼缘。”今年29岁的阿莉（化名）性格比较孩子气，希望能寻到一个“爹系男友”，可以给予她人生路上的引领和日常生活的情绪价值。“不光是完成婚姻指标，还希望寻到一个灵魂契合的‘快乐搭子’。”阿莉说，如今年轻人对伴侣的要求更加抽象化，但是抽象的往往也是最难的。因为精神上是否契合不能靠三言两语确定，而是需要长期的相处。 “反正我不着急，也不会随便找个人就把自己交付出去。”尽管在相亲角“挂了号”，但阿莉也表示一切随缘，目前还是专注自己的生活，认为婚姻大事不必急于求成。 对于城市里越来越多的相亲角，国家二级心理咨询师陈一表示，现在的年轻人生活节奏快、工作压力大、交友机遇不多，相亲角能提供一个交流渠道，帮助扩大交友圈，增加找到合适伴侣的机会。政府部门还将一些相亲活动交由民间机构或公益组织举办，使得相亲角有社会效益、有亲和力，所以不少年轻人愿意选择在相亲角交友。 相亲角有什么优势？陈一说，一方面，相亲角能增加社交机会，可让单身男女有更多线下互相认识和交流平台，拒绝了一些欺骗性的网络社交平台。另一方面，相亲角自主权比较大，单身男女可以根据线下了解的情况，更能直接主观性、自主性地来判断。 当然，相亲角的不足之处也较明显。一是征婚男女比例不太均衡，有的地方男性多，有的地方女性多，这样可能找不到适龄匹配的对象。二是相亲角的准入机制不够完善，一些征婚信息的真实性可能需要验证，比如有些征婚人士是否再婚等需要进一步佐证。三是征婚后续服务也很重要，例如挂出的征婚信息有没有人联系、效果如何、有没有评估等。另外，婚恋辅导或心理辅导的跟进也不能缺少。 那么，单身男女该如何提高相亲成功率？陈一认为，单身男女来相亲，首先要抱着一个真诚心态，不要眼高手低。无论线上线下相亲，都要注意三观契合，这样才比较容易匹配，找到合适的伴侣。另外，从长期婚姻个案咨询来看，原生家庭支持也很重要，比如父母身体健康程度、对子女婚姻提供支持度等，这些因素也很关键。（记者黎兆齐 文/图）,2471,http://gx.people.com.cn/n2/2024/1028/c179430-41022172.html,婚姻;婚恋;再婚;恋爱;相亲;单身;脱单;择偶;伴侣;对象;另一半
People.cn,2024/10/28,宁夏隆德推动高额彩礼专项治理取得实效,今年以来，宁夏隆德县坚持把抵制高额彩礼作为推动移风易俗、培育文明乡风的重要抓手，不断推动高额彩礼专项治理工作取得新成效、乡风文明建设焕发新气象。 隆德县充分发挥县委农村工作领导小组统筹协调作用，持续压实治理责任，形成专项治理的强大合力。通过细化具体工作措施，紧盯治理重点、摸清治理底数、建立治理台账，从婚介、订婚、登记等环节进行宣传引导和前置干预，确保推动治理工作有效落实。 通过举办“梨园读书会”“相约520，爱在隆德·幸福启航 ”“驻村干部讲乡村振兴的故事”等系列活动100余场次，开展“推动移风易俗 整治高额彩礼 助推乡村振兴”等主题宣讲150余场次，并通过表彰选树一批“零彩礼”“低彩礼”典型事迹，教育引导广大群众自觉抵制高额彩礼。同时，依托隆德县融媒体中心宣传平台，开设“移风易俗”“整治高价彩礼 助力文明乡风”等专题专栏、“移风易俗大家谈”栏目，全面展现高额彩礼专项治理成果和文明新风魅力。 隆德县按照村民（居民）自治、民主管理的原则，发挥红白理事会、村民议事会等基层组织作用，将彩礼倡导性标准、人情礼金、婚宴标准等内容纳入村规民约，修订完善村规民约和居民公约，规范红白事办理流程、办理标准，引导群众主动报备、自觉遵守、相互监督。此外，党员干部以身作则、带头示范，严格执行红白喜事承诺、公示、报备制度，教育和劝阻家庭成员及亲属自觉抵制高额彩礼，切实以“关键少数”引领“千家万户”。 在治理过程中，隆德县还以“八五”普法和“法律进乡村”普法宣传教育为契机，结合4·15国家安全教育日、民法典宣传月等节点，采取线上线下相结合的方式，针对性开展《民法典》《婚姻登记条例》等相关法律法规宣传活动通过以案释法、以案说法，真正把普法融入日常生活、融入基层依法治理；并持续举办“法律明白人”培训活动，培养能正确宣传法律政策、及时化解矛盾纠纷的“法律明白人”队伍，积极争做文明新风的宣传员、排头兵、实践者。同时，依托“塞上枫桥”基层法治工作机制和党建引领基层社会治理“1+1+3”工作机制，深入推进“三官一律一员”法治力量下沉基层，常态化开展矛盾纠纷调处、法治宣传教育、法律援助服务，推进移风易俗入脑入心，让婚俗新风吹到“婚恋角”，让婚姻始于“爱”、彩礼归于“礼”。,931,http://nx.people.com.cn/n2/2024/1028/c408701-41022223.html,婚姻登记;高价彩礼;婚姻;婚恋;彩礼;婚俗;婚介
People.cn,2024/10/29,丈夫婚前隐瞒艾滋病史被诉求撤销婚姻,女子婚后半年得知丈夫婚前确诊艾滋病，要求撤销这场婚姻，她的诉请能否得到法院支持？近日，四川省雅安市雨城区人民法院审结了该起撤销婚姻纠纷案，依法支持了女子的诉求，判决撤销原、被告双方的婚姻关系。 2020年8月，小月和小杰经家中长辈介绍相识，不久便确定了恋爱关系。2023年2月14日，两人登记结婚，携手步入了婚姻的殿堂。因当时两人正处恩爱之际，小月自认为双方“知根知底”，所以二人均未进行婚前检查。同年11月，小月意外翻找出小杰随身携带的包中放有疑似抗艾滋病的药品。 在小月的再三追问下，小杰终于承认自己在2021年8月确诊为艾滋病，因当时两人感情稳定，且自己一直积极治疗、长期服药，应该不具有传染性，便将此事隐瞒下来直至两人缔结婚姻。后经紧急检查，小月虽并未感染艾滋病，但小杰隐瞒病情的行为让她无法接受。随后，小月以小杰恶意隐瞒自身重大疾病使自己作出错误的结婚意思表示、婚姻无法继续为由向法院提起诉讼，请求撤销二人的婚姻。 法院审理后认为，虽然艾滋病不属于直接导致婚姻无效的疾病，但我国民法典明确规定，婚姻关系一方对于患有可能对婚姻生活有重大影响的重大疾病，负有婚前告知义务，不被告知的无过错方可要求撤销婚姻。庭审中，小杰也承认了自己隐瞒患病的事实。因此，法院认定小杰未履行婚前如实告知重大疾病的义务，故支持小月的诉请，判决撤销小月与小杰的婚姻。宣判后，双方当事人均未上诉。 撤销婚姻关系不同于离婚，是两种不同的法律程序。撤销婚姻后的婚姻状态为未婚，而离婚后的婚姻状态为离异。 我国民法典明确规定，可撤销婚姻的情形主要有两种：一种是一方患有重大疾病未如实告知另一方；另一种是因胁迫结婚。本案中涉及的艾滋病属于《中华人民共和国传染病防治法》中规定的传染病之一，一定程度上会影响生育，即使小杰称其经过治疗已无传染性，但仍无法改变目前艾滋病尚无法治愈、死亡率较高、遗传性较高等现状，因此，该病应被认定为普通群众眼中的重大疾病。 婚姻关系是基于男女双方真实、自愿、完整的意思表示而成立的。在缔结婚姻关系的过程中，双方应当坦诚相待，一方患有重大疾病的，应当在婚姻登记前如实告知对方。如确系结婚后才知情，无过错方应在知晓撤销事由之日起一年内提出，若超过限期仍未起诉要求撤销婚姻，将被视为对婚姻关系的认可，婚姻关系有效。（记者 姜郑勇 通讯员 方钥 陈健平）,973,http://yn.people.com.cn/n2/2024/1029/c361322-41023426.html,婚姻登记;婚姻;结婚;离婚;恋爱
People.cn,2024/10/29,婚恋平台“实名认证”了啥？,在婚恋交友平台寻觅意中人，成为一些深感“脱单难”年轻人的新选择，但平台交友对象的信息是否真实、可信，让不少用户备感困扰。 此前，多部门曾联合发文，推动婚恋交友平台严格执行实名认证和实名注册，严厉打击婚托、婚骗。然而，记者近日调查发现，很多婚恋交友平台仅凭手机号和验证码即可注册使用，实名认证并非强制性要求，个人信息真实性无从验证。 记者下载了世纪佳缘、百合网、珍爱、伊对、心遇、牵手、他趣7个婚恋交友类App，发现只有一家平台注册时强制要求提交照片审核并进行身份证实名认证，否则无法完成注册，其他几家平台均无强制性实名审核。 随后，记者使用非本人的手机号码全部注册成功，性别、年龄、婚姻状况、工作收入、资产情况自主填写，真人头像也可有可无。 记者发现，在注册成功的几款App中也都有认证体系，其中通过身份证号、人脸识别完成实名认证是各家平台都有的项目，对头像、性别、学历、工作、收入的认证则不尽相同，这些情况均为自愿认证，并非强制要求。平台会提示通过认证可增加信誉值和曝光度，有利于交友，未经实名认证在使用部分功能时会受到限制。 只需通过实名认证，用户页面就会获得“已认证”标签。婚恋平台在注册协议中要求用户必须是单身状态，但对此并无强制审核要求。 记者发现，只有两家平台可自愿进行婚姻认证，平台会根据用户姓名及身份证号向第三方验证平台验证。但记者在该平台随机搜索了几十名实名认证用户，均未显示婚姻认证。 作为已婚人士，记者完成注册，在未婚、离异、丧偶三个选项任选其一后，就收到不少人主动发来的信息，可随意与用户在线聊天。未进行实名认证也不影响使用发消息等基础功能，并且只有两家平台会在陌生人最初聊天时进行防骗提示。 在不少“杀猪盘”电诈骗局中，骗子会潜伏在婚恋交友网站寻找下手目标。那么，一旦遭遇虚假交友对象，平台方有没有责任？ 记者发现，对于用户信息真实性的责任问题，平台早已“撇清”关系。在注册协议中，大都会声明无法保证用户上传的照片、资料、证件及填写的个人信息的真实性、合法性及可靠性，提醒用户谨慎交友，自行承担可能产生的不利后果和相关责任。 在北京市两高律师事务所副主任张荆律师看来，目前婚恋交友平台的认证体系做不到真正的信息核验，也无法避免交友诈骗的发生。“实名认证顶多是对身份证件、是否本人进行核对，但不法人员不通过实名认证也能注册使用，甚至通过非法渠道还能购买到认证账户，实名认证也难将骗子挡在平台之外。” 此外，在婚恋交友中最基本的婚姻情况，因涉及个人隐私，平台无法从婚姻登记机关获得核验。如果用户上传伪造证明，平台难以核查。 “婚恋交友平台属于经营性企业，如果平台能获准收集核查用户个人隐私信息，会带来巨大安全风险。”张荆认为，从信息核验和安全性来说，民政部门主管的婚姻家庭建设协会等社团法人比商业性平台更适合从事婚恋推介工作。“这类协会受行政部门的管理，有条件在获得用户授权许可的情况下，通过官方途径核查婚姻状况等个人信息真实性。” 张荆表示，现阶段应该加大婚恋交友平台的信用风险责任。比如，对于有欺诈投诉的用户，平台应尽到对他人的谨慎提示义务。对于认证内容、认证流程等情况，平台也应及时释明，让其他用户能更清楚地辨别。即便存在“ 法和不良信息举报电话：010-65363263 举报邮箱： jubao@people.cn,1372,http://sc.people.com.cn/n2/2024/1029/c345459-41023693.html,婚姻登记;婚姻;婚恋;单身;脱单;对象
People.cn,2024/10/29,闽侯县检察院：检护民生解绑“离不掉的婚” 化解婚姻登记行政纠纷,今年以来，福州市闽侯县人民检察院与民政部门强化协作，细化工作举措，共移送婚姻登记行政争议线索10条，实质性化解婚姻登记行政争议案件3件，正在核查7件，切实帮助当事人解绑“离不掉的婚”，解决人民群众急难愁盼问题。 据介绍，过去，由于身份信息没有联网，相关部门核验手段有限，当事人法律意识不强，导致留下了大量婚姻登记历史遗留问题。随着婚姻登记信息逐步实现全国联网以及婚姻登记机关对当事人身份甄别能力提升，近年来一些冒名顶替和弄虚作假办理婚姻登记的情况陆续被发现。此前，“两高两部”出台了《关于妥善处理以冒名顶替或者弄虚作假的方式办理婚姻登记问题的指导意见》，但在推进过程中还是发现存在一定困难，如受害人举证难、调查核实难度大、涉及行政环节多、线索移送渠道不畅等。 为做好案件办理“后半篇文章”，有效化解“存量”、预防“增量”，闽侯县检察院坚持“三个聚焦”，持续加强对涉冒名顶替、弄虚作假婚姻登记的检察监督。 闽侯县检察院开展虚假婚姻登记专项监督，强化调查核实，查明错误婚姻登记案件的具体情形和成因，将清理冒名顶替或者弄虚作假婚姻登记案件作为专项工作整治推进，积极主动与辖区内民政部门、司法行政部门加强对接，摸排2014年以来冒名顶替或者弄虚作假进行婚姻登记的案件线索，经初步核查、精准梳理，对符合监督条件的案件立案受理，以案件化办理的形式开展监督工作。 闽侯县检察院在监督中强化调查核实，深入分析冒名顶替或者弄虚作假错误婚姻登记的成因，发现有的案件中存在当事人一方或者双方通过伪造、变造身份信息，获取婚姻登记；有的案件在他人知情或者不知情的情况下使用他人身份信息办理结婚登记；有的案件则因婚姻登记系统不健全，结婚信息未及时录入，导致当事人存在多条婚姻登记。 针对错误婚姻登记案件的成因、错误婚姻登记纠正的困境，闽侯县检察院聚焦标本兼治、多措并举，提升监督质效，推动错误婚姻登记问题纠正问题的有效解决。 针对此类案件出现的关键问题和症结，找准监督点，加强与民政部门的沟通联系，发挥各自优势，形成互补互促的工作合力，以多部门联动的方式开展重点清理和监督工作。同时加大惩戒力度，发现骗婚涉嫌违法犯罪，依法移送线索，监督立案查处，推动有罪判决2件2人。 针对身份信息错误等瑕疵结婚登记，综合考虑程序违法的程度和对关系人的信赖保护，对当事人出生日期或姓名不合的情况等情况，通过派出所、村（居）委会出具证明、收集证人证言等方式，按照当事人现在的身份证的准确信息，督促民政部门补正瑕疵。对法院以超过起诉期限为由不予立案或者驳回起诉，当事人通过诉讼途径未能实现诉求的婚姻登记案件，围绕涉案婚姻是否存在冒名登记、是否应当撤销的情况，充分核实案情，推动民政部门及时整改，实质性化解案件，切实做好、做实清理工作。 在实质性化解婚姻登记行政争议中，闽侯县检察院坚持双赢多赢共赢，加强与人民法院、行政机关沟通联系和协作配合。 依托法检联动机制，与福州仓山区法院、闽侯县司法局、县民政局召开联席会议3场次。通过公开听证、众享法庭等多元解纷方式，推动撤销婚姻登记2件。 围绕“两高两部”的指导意见，闽侯县检察院与民政部门就冒名顶替、弄虚作假骗取婚姻登记问题进行了深入交流，达成一致意见：民政部门及时将有关线索转交检察机关，检察机关根据调查核实认定情况、监督情况，认为婚姻登记存在错误应当撤销的，及时向民政部门发送检察建议书，民政部门经审核，符合条件的及时撤销或更正相关婚姻登记。 冒名作假结婚影响了正常的婚姻登记秩序，给自己或他人的生活带来极大不便，对当事人的生活、生产经营及子女上学等方面均造成严重影响。闽侯县检察院依法能动履职，将行政争议实质性化解贯穿办案始终，既解决当事人合理诉求，消除“存量”，又推动行政机关规范婚姻登记秩序，避免出现“增量”，以高质效检察履职护航民生民利。 闽侯县检察院表示，将会同公安、民政联合会签文件，进一步完善线索移送、信息通报、监督保障机制，形成多方合力，共同推动婚姻登记类行政案件的妥善处理，切实解决群众身边的操心事、烦心事、揪心事。（刘昌群 郭倩）,1676,http://fj.people.com.cn/n2/2024/1029/c181466-41024048.html,婚姻登记;结婚登记;婚姻;结婚;骗婚
CCTV,2024/10/31,接待人数明显增多！开在公园的婚姻登记点为何吸引年轻人？,央视网消息 （记者/杜安琪）：办理结婚登记手续当天，刘佳与丈夫特意准备了墨镜、头纱、手捧花和“喜”字等道具，预约了专业跟拍摄影师，化了精致的妆容，提前做好了领证攻略，拍出了一组满意的领证照片。“领证对于我们来说是很重要的一件事。”刘佳向央视网《新闻+》记者表示，“这一天，我们都是用庄重而认真的态度对待，不管外在还是内心。” 如今，“氛围感”拉满的领证过程在社交媒体上流行起来。越来越多新人开始在这一天设计特殊的仪式和创意环节，为彼此留下一段美好而难忘的回忆。 领证这天，刘佳和丈夫不仅在宣誓厅和办证处拍了照，还来到了民政局附近的燃灯塔。这座高56米、始建于北周年间的八角形古塔，是北京通州区的最美地标之一，“红墙绿树，很适合拍照”。室外拍摄的领证照片更加真实灵动，也更受刘佳的喜爱。 在摄影师的指导下，刘佳与丈夫手牵手摆出各种创意造型。照片里两人分别戴着墨镜和头纱，手持结婚证和花束，笑容十分灿烂。背景中的千年古塔沉静而沧桑，在红墙青瓦中、湛蓝的天空下见证着两人的幸福。 收到照片后，刘佳迫不及待地发了朋友圈，向家人朋友分享这份喜悦。“这一天都是开心的。”刘佳表示，“我认为生活中任何特别的时刻都值得记录。某天回头看曾经的文字或照片，见证自己一路走来的不同阶段和经历，是一件很幸福的事情。” 如今，新人拍领证照的服装也越来越有创意。办理结婚证这天，江芸把自己和丈夫打扮成了汉堡和薯条，他们穿着夸张的cos服、拿着菠萝制成的花束来到了登记点。“我超级喜欢吃薯条，在网上也刷到有网友这样穿，觉得这样拍照会很出片。”按手印的时候，工作人员十分配合地说“你们现在蘸点番茄酱啦”。这组照片被江芸发到了社交媒体上，收到很多条“好可爱”的评价。 “现在的新人确实越来越重视办理结婚登记过程中的‘仪式感’了。”武汉市武昌区民政局婚姻登记处刘治主任向央视网《新闻+》记者表示，“很多年轻人穿着有特色的服装来办理手续，比如今年流行的马面裙。越来越多新人带着专业的化妆师和拍摄团队，手持专业的摄像机、灯光设备、拍摄道具来拍摄留念。还有一些新人会带着自己的爸爸妈妈、爷爷奶奶到这里来，共同见证幸福时刻。” 西南财经大学社会发展研究院副教授陈晶环认为，现在一些有“仪式感”的新型婚姻登记形式，其实是年轻人对婚姻和人生态度的一种表达。“长期以来，从领证到结婚的仪式都有一些非常标准化的流程。但现在，很多年轻人认为结婚是‘我’的人生大事，更关注‘我’的诉求、感受和体验，有了更多个性化、多元化的需求，更关注结婚登记的仪式性和象征意义，而不是去满足社会的一些传统标准。” 陈晶环教授告诉央视网《新闻+》记者，仪式感也反映出年轻人对于婚姻的一种尊重和认真的态度。当代年轻人选择结婚，其实是经历了非常理性的思考和慎重的考虑，不像以前的人们可能很少思考结婚的意义。仪式感，其实就是认真对待婚姻的一种结果。而且仪式性表达与简约不冲突，不一定要有烦琐的准备和流程。浪漫性、趣味性和务实性是年轻人更认可的观念。 为了满足年轻人领证的新需求，近年来很多婚姻登记点开设在公园、商场、博物馆等有标志性意义的场所，让领证的新人体验到最优质的服务和最优美的登记环境。据民政部消息，目前全国已有各类公园式婚姻登记点270余处。 武昌区民政局婚姻登记处于今年1月搬迁到紫阳公园，是武汉市“网红”婚姻登记点之一。刘治主任向央视网《新闻+》记者介绍，紫阳公园是武昌古城有“生态之眼”之称的地标性公园。登记处在紫阳公园设置了两处户外颁证点，其中一个就在美丽的紫阳湖畔。“天气好的日子，我们会邀请新人到户外举行颁发结婚证书的法定仪式。” 刘治主任还记得，登记处刚搬来新址不久，武汉下了一场大雪，雪中的紫阳湖公园特别漂亮。有一对新人，准新娘穿着红色的秀禾服、戴着新中式的头饰来办理手续。红色的着装在白色的雪地中，在水墨风园林的背景下，“充分体现出了中式浪漫的美感”。 “原来办结婚证就是盖章、办证，整个工作氛围是比较刻板的。现在搬到公园之后，有85%以上的新人都会带跟拍。不仅新人觉得很开心、很幸福，工作人员看到也会心情很好。”刘治主任介绍，今年登记处搬迁到公园后，许多新人选择跨区来这里登记结婚。每到周末或者特殊日期就会出现领证小高峰。“以前我们正常的接待量是一天30到50对新人。现在到了周末，特别是天气好的时候会接待100对左右。遇到大家喜欢的日子，可能会有三四百对的流量。” 刘治主任表示，登记处搬到公园是为了响应国家移风易俗的婚俗改革政策。“我们提倡在户外颁证点举办简约的婚礼，也邀请过很多新人参加集体婚礼和集体颁证典礼。很多新人会穿戴简约的文化衫和头纱，参加低碳绿色婚礼，既时尚又很美，也很浪漫。”刘治主任向央视网《新闻+》记者表示，“希望越来越多的年轻人接受简约不简单的婚礼形式，通过新式婚礼倡导婚俗改革的重要理念。” 不仅可以让新人领证、拍照，紫阳公园还被打造成了一个婚俗文化公园。“公园内建设了‘六馆一廊一中心’的婚俗文化体验馆。比如契约博物馆，其中展示了古代的婚书和婚姻家庭的契约，游客还能体验到拓印婚书的非遗活动。”刘治主任介绍，“我们将婚俗改革和地方文化相结合，在公园场地中融入了传统文化理念，比如喜文化、家文化、契约文化。现在有越来越多的年轻人慕名而来。” 大理海舌半岛登记点被网友称为“最浪漫的婚姻登记点”。云南省大理市民政局婚姻登记处主任杨岳雷介绍，海舌公园背靠苍山，面朝洱海，将整个洱海的美景尽收眼底，里面婚恋主题艺术设施也非常完善。自2023年12月登记点成立以来，许多新人在海舌公园拍摄了领证照片。有一对在大理相识的情侣，甚至不远千里驾车十多个小时来到海舌公园，让苍山洱海见证了他们不渝的爱情。 “将婚姻登记点设置在公园里，从过去封闭的、严肃的办公大楼搬进了一种开放的、自然的环境当中，当事人的体验是非常好的，也是贴近了年轻人对于个性化和多元化的需求。”陈晶环教授表示，从2019年中央一号文件到2024年中央一号文件，国家一直在提倡婚俗改革，比如培育新型婚育文化等。婚姻登记点在环境和设施方面的创新举措，其实也为了树立一种健康的婚姻观，让“简约而不简单、浪漫而不浪费”的新时代婚俗礼仪被越来越多的年轻人认可。 非本地户籍可以到当地的公园式登记点领证吗？云南省大理市民政局婚姻登记处主任杨岳雷向央视网《新闻+》记者介绍，以前大多数婚姻登记点需要双方至少一方有本市的常住户口。2023年8月以来，云南省实施婚姻登记“全省通办”试点方案，只要双方或一方当事人常住户口在云南省内，就可在省内任意一个县级婚姻登记机关办理手续。此外，近年来多地已开始试点实施婚姻登记“跨省通办”，为长期在外工作、生活的群众办理相关手续提供了方便。武昌区民政局婚姻登记处主任刘治也表示：“武汉市所有城区已实现婚姻登记跨省通办，双方均非湖北省户籍的，可以凭一方武汉市居住证和双方户口簿、身份证来办理。” （应受访者要求，文中刘佳、江芸皆为化名）,2842,https://news.cctv.com/2024/10/31/ARTI2cjcg8xPJkPJFaDuny7b241031.shtml,婚姻登记;结婚登记;婚姻;结婚;婚恋;婚育;婚俗;情侣;婚礼
China News Service,2024/10/31,上海：相声、喜剧带青年们在欢笑中思考婚恋话题,中新网 上海10月31日电(记者 陈静)吃饭、逛街、看电影是恋爱中的男女的约会方式。记者31日获悉，一场相声、音乐、魔术相结合的爆笑盛宴30日晚间上演，让恋人们在欢笑中思考“婚姻”话题。 在沉浸式海派相声——品欢甜爱专场演出中，《阿里巴巴》以弹唱的方式，戏说了青年男女从相识到相恋的整个过程；在《新郎的致辞》中，新郎的发言令人哭笑不得，引人思考。 据悉，这是虹口区民政局打造的甜蜜产业系列活动之一。取材于时下流行元素的节目令观众一面捧腹大笑，一面内省反思。 相声演员徐强告诉记者，《阿里巴巴》在二十世纪七十年代就开始演出，通过演员的说唱表演讲述了相亲、婚恋中令人啼笑皆非的故事，进而引发人们对于正确的世界观、恋爱观、婚姻观的深思。找对象要找哪里人，有地域的限制吗？在婚恋中，忘年恋可行吗？年龄到底是不是问题？网恋就是真正的恋爱吗？徐强说，对每个人来说，婚姻是一辈子的大事，希望通过说、学、唱的表演，让观众们在开心中有所收获。 据介绍，随着时代不断发展，《阿里巴巴》演出脚本也融入了新的流行元素，比如歌曲的更换等。 吴春梦是《新郎致辞》的表演者。这个节目取材自婚礼仪式上新郎发言环节。在表演中，他汇集了众多婚礼上的素材，完成了一份新郎的发言。观看表演，人们发现，在仪式上感谢一堆亲人、朋友等很多情节就发生在日常，令人心生感慨。吴春梦说，婚礼是否需要很强的仪式感？《新郎致辞》节目希望带观众思考这个问题。 现实生活中，很多年轻人都吐槽婚礼环节繁琐，不办怕父母不高兴，而办婚礼，现场新人就像演员，一直在表演。更有甚者，新郎新娘还要提前练好才艺，比如唱歌、跳交谊舞等。 前来观看演出的丁小姐结婚至今16年。她说，现实生活中，虽说结婚是两人的事情，但是婚礼这事儿还是要尊重两边的父母。面对夫家的亲朋好友，婚礼上丁小姐其实特别紧张，生怕说错话，当时的焦虑令她至今记忆犹新。 她坦言，对于新人来说，最重要的是过好两人的生活，携手共进，而后将幸福、美满的快乐辐射给双方父母，之后才是更多的亲朋好友。她认为，婚礼其实不需要繁琐的环节，轻松愉快就好了。 虹口区民政局邀请了多位金婚老人前来观看演出。应阿姨结婚至今已有50多年。她和老伴儿是在共同劳动中相识、相恋，携手至今。说到相处之道，应阿姨说，互相包容与谦让、凡事有度、吵架“见好就收”。说起儿女的婚姻，她说，当年女儿谈朋友的时候，她看女婿，“本分”最重要。女儿女婿结婚时，就是亲朋好友一起吃个饭，婚礼很简单。这位老人十分开明，她认为，结婚是夫妻两人最开心的时刻，办不办仪式，应该听孩子们的，而不是以老人的想法为主。 演出结束，笑声余音绕梁，走出演出空间，一对小情侣说，结婚的时候就搞个自助餐Party，亲朋好友们吃吃喝喝，开心就好。虹口区民政局方面表示，希望通过喜剧表演等轻松愉快的形式，增强甜蜜文化的传播力，让年轻人在欢乐中，思考人生大事，梳理健康的恋爱观、家庭观。(完),1204,https://www.chinanews.com.cn/cul/2024/10-31/10311127.shtml,婚姻;结婚;婚恋;恋爱;相亲;对象;夫妻;情侣;恋人;婚礼
People.cn,2024/11/4,贵州青年卡“青春爱情数”大数据智能婚恋交友平台发布,11月1日，“青春爱情数”大数据智能婚恋交友服务平台发布会暨青年联谊活动在贵阳市多彩贵州城举行，现场吸引了来自企事业单位、群团组织、高校等400余名单身青年参加。 据悉，该平台由共青团贵州省委、贵州省民政厅、贵州省总工会、贵州省妇女联合会联合指导建设，旨在应用大数据赋能青年人精准交友，通过实名认证、高效信息匹配、大数据算法模型等技术手段，实现个性化精准匹配，助力解决青年在婚恋交友方面的困扰。目前，平台已上线“找他”“找她”“找儿媳”“广场话题”“交友圈子”等功能板块。 贵州省2020年在全国率先提出建设“青年友好型成长型省份”，致力于“贵州对青年更友好、青年在贵州更有为、青年在贵州更好成长”，真情实意服务青年更好成长、更快发展。今年8月，“全力推进青年友好型成长型省份建设”首次写入省委全会《意见》，将促进青年发展、提升青年生活质量和优化青年成长环境纳入全省工作战略考量。 2022年11月以来，在共青团贵州省委、共青团贵阳市委的指导下，“贵州青年卡”综合服务平台依托全省政务服务移动端“多彩宝”APP建成上线，为青年群体提供“青年政策、青年服务、青年福利、青年有为、青年组织”等五大核心服务。为满足数字化时代青年对婚恋交友更加全面多元化的需求，响应全省数字化发展新要求，共青团贵州省委等单位指导多彩宝团队通过“大数据+”手段，全新打造了贵州青年卡——“青春爱情数”大数据智能交友服务平台，创新青年服务模式，解决当代青年婚恋“烦心事”。 活动现场，主办单位还联合发起“文明婚恋 为爱‘黔’行”正确婚恋观倡议，号召青年以真实、真诚、真心的态度，成为文明婚恋的引领者、实践者和推动者，宣传倡导健康、积极、可信的婚恋交友观。（江枫）,717,http://gz.people.com.cn/n2/2024/1104/c194849-41029883.html,婚恋;单身
China News Service,2024/11/5,抑郁和婚姻状况有何关系？最新研究称未婚出现症状概率高近80%,中新网 北京11月5日电 (记者 孙自法)抑郁和婚姻状况有关吗？有什么关系？施普林格·自然旗下专业学术期刊《自然—人类行为》最新发表一篇精神健康研究论文称，研究人员通过对来自7个国家的逾10万人开展研究分析发现，未婚人士出现抑郁症状的概率或比已婚人士高近80%。 该研究还发现，男性和受教育程度更高的未婚人士其抑郁风险更高。这一研究结果或有助人们发现有高抑郁风险的人群。 据研究论文介绍，抑郁是一个重要的公共卫生问题，全球约有5%的成年人有严重的抑郁症。虽然以往的研究显示，婚姻或许能降低抑郁风险，但这些研究常关注单一国家(常为西方国家)。此外，这些研究的结果往往因国家而异，而且婚姻状况与其他因素间的相互影响并不清楚，这些因素包括社会经济状况、年龄和教育程度的差异。 基于此，在本项研究中，论文共同通讯作者、澳门理工大学应用科学学院李克峰副教授及同事和美国哈佛大学公共卫生学院合作伙伴等一起，分析了来自美国、英国、墨西哥、爱尔兰、韩国、中国和印度尼西亚7个国家的106556名受试者的个体层面数据，并对其中20865人随访了4年至18年，以研究已婚个人和未婚个人的抑郁症状风险。 他们发现，与已婚者相比，未婚状态与抑郁症状风险的相关性高79%；离婚或分居个体比已婚个体的抑郁风险高99%；丧偶个体比已婚个体的风险高64%。西方国家(包括美国、英国和爱尔兰)的未婚受试者的抑郁风险，高于东方国家(包括韩国、中国和印度尼西亚)的未婚受试者。 同时，对于出现抑郁症状的风险，未婚男性个体高于未婚女性个体，受教育程度高的个体高于受教育程度低的个体。 论文作者总结认为，已婚夫妇的抑郁程度更低可能是因为夫妻之间可以交换社会支持，有更好的经济资源，以及对双方的幸福感有正面影响。 不过，他们也提醒指出，本项研究的局限在于数据来自自我报告的问卷，而不是抑郁症的临床诊断，并且该研究中分析的所有夫妻都为异性恋。(完),801,https://www.chinanews.com.cn/jk/2024/11-05/10313623.shtml,婚姻;离婚;夫妻
People.cn,2024/11/5,湖南中方县：推进移风易俗 打造婚俗文化小游园,结婚证、爱心、宣传墙……走进位于湖南省中方县舞水湿地公园沿河带的婚俗文化小游园，步道上绿植掩映，处处可见婚恋元素。该小游园以红色为主基调，走进其中，各种倡导婚事简办、文明婚礼的宣传标语随处可见，加上温馨别致的室外景观打造，让简约适度、现代文明的婚俗新风深入人心。 为进一步推动婚俗改革走深走实，拓展婚俗改革形式、丰富婚俗改革内涵，中方县民政局在原有传统宣传方式的基础上，因地制宜修建婚俗文化小游园，简易的设计贴合时代的主题，倡导优良家风。 “这个婚俗文化小游园里面的多个模块，既表达了对新人的祝福，同时也向市民宣传健康文明向上的婚姻文化理念，营造和谐的家庭氛围。”中方县民政局负责人介绍道。 除了新人来打卡，周边小区的居民也喜爱到这里游玩。一对老夫妻俩带着孙子在这里散步，携手同行的两人，就是对“相伴一生”最生动的诠释，成为小游园里一道别样的风景。婚俗文化小游园让居民休闲娱乐的同时，既可驻足打卡，又能潜移默化地接受低碳环保、文明简约婚俗文化的熏陶，让群众沐浴婚俗改革的春风。 近年来，中方县民政局将移风易俗工作作为日常性工作来抓，通过党员带动、干部引领、多方位宣传等多种方式推进移风易俗工作入村、入户更入人心，让群众自觉行动起来，抵制高价彩礼、低俗婚闹，推进婚姻领域移风易俗，让群众更快接受新风尚适应新时代，让婚俗简办成为越来越多群众的自觉行动。（杨丽群）,579,http://hn.people.com.cn/n2/2024/1105/c356887-41032130.html,高价彩礼;婚姻;结婚;婚恋;彩礼;婚俗;夫妻;婚礼
People.cn,2024/11/6,深耕婚姻家庭纠纷调解 创地方特色新格局,2024年是新中国成立75周年，也是实现“十四五”规划目标任务的关键一年。为宣传广西律师行业优秀工作成果、树立广西律师良好社会形象，广西律师协会将持续推出广西各市律师协会、区直各律师执业机构先进典型案例，全面展现广西律师在创建党建品牌、参与社会公益、服务广西经济社会高质量发展等方面的工作亮点及成效。 2024年是新中国成立75周年，也是实现“十四五”规划目标任务的关键一年。为宣传广西律师行业优秀工作成果、树立广西律师良好社会形象，广西律师协会将持续推出广西各市律师协会、区直各律师执业机构先进典型案例，全面展现广西律师在创建党建品牌、参与社会公益、服务广西经济社会高质量发展等方面的工作亮点及成效。 许陆妹，系广西广合律师事务所专职律师（以下简称广合律所）、广西律师协会婚姻家事法专业律师、广合律所婚姻家事部部长，同时也是广西壮族自治区妇联婚姻家庭纠纷调解专家库专家成员，南宁市妇联婚姻家庭纠纷调解专家库专家成员，广西律师协会未保委委员、法援及公益委委员，隆安县婚调委驻委律师。 2018年11月2日，隆安县婚姻家庭纠纷人民调解委员会（以下简称隆安县婚调委）由县妇联牵头成立。许陆妹从那时起开始担任该县婚调委的驻委律师，参与县内求助妇女婚姻家庭纠纷调解工作。经过5年多的摸索，该县婚姻家庭纠纷调解工作越来越成熟，形成了具有地方特色的调解新格局。 成立之初的隆安县婚调委的调解室由于楼层高、位置偏等原因，到访的群众较少，调解室比较冷清。为此，县妇联与县民政局经商讨，决定将婚调委的调解室迁到隆安县婚姻登记处家庭辅导室，与家庭辅导室、惜缘工作室合并办公。 调解室配置了舒适的沙发、保护隐私的隔断，将办公区与调解区分开，从空间上打造温馨舒适的调解环境。通过将调解工作前置，成功地打通了婚姻家庭纠纷调解服务群众“最后一米”，从源头化解家事纠纷，促进社会和谐稳定。 成立之初的隆安县婚调委除了县妇联的专职干部开展工作外，驻委的人员只有许陆妹律师。 经过2年的实践，许陆妹发现单凭自己和妇联专职干部的力量，很难满足日常的婚姻家庭纠纷调解需求，于是经过严格筛选，隆安县婚调委的调解队伍从“专职干部+执业律师”的人员模式调整成“专职干部+执业律师+退休干部+社工+巾帼志愿者”的人员模式，参与调解工作的人员均具备相应资质和工作经验，能运用专业知识妥善化解婚姻家庭纠纷。 5年多来，许陆妹律师根据服务需求在调解人员配备上还做出了如下三类岗位安排：第一类是驻县妇联调解室的调解员，负责在县妇联办公室接待妇女群众来电来访并开展调解工作；第二类是驻委律师和退休干部、社工，负责在婚姻登记处的婚姻家庭纠纷调解室、家庭辅导室、惜缘工作室开展调解工作；第三类是社工和巾帼志愿者调解员，主要驻隆安县仁爱护家社会工作服务中心开展调解工作。人员值班采用相对固定的模式，保证每个工作日至少均有1名调解员驻点开展工作。 许陆妹团队通过初步谈话+确定需求、心理疏导+婚姻诊断、法律咨询+离婚指导、化解矛盾、调解结案等调解方式方法，让调解满意度更高，努力激发人民调解的最大活力。 2018年以来，隆安县婚调委（惜缘工作室）共接待群众来访来电502例（次），咨询服务832人次，成功调解婚姻家庭矛盾423例，调解成功率达80%以上，均能做到事事有答复，件件有落实，有效化解了家事矛盾，有力维护了妇女合法权益，极大地促进了社会和谐稳定。 许陆妹参与录制的婚姻家庭纠纷调解视频，在婚姻登记大厅电子屏滚动播放，方便到场办理婚姻登记的群众随时了解婚调工作。 此外，县婚调委还定期或不定期开展婚姻家庭普法宣传活动和妇女维权知识讲座，成立以来共举办了50多场，受益群众6500多人次。 5年多来，许陆妹律师坚持深耕婚姻家庭纠纷调解，其工作得到了社会认可，先后荣获2022年获评南宁市维护妇女儿童权益优秀志愿者、2021-2023自治区维护妇女儿童权益优秀志愿者。（广西律师协会）,1612,http://gx.people.com.cn/n2/2024/1106/c347802-41033233.html,婚姻登记;婚姻;离婚
China News Service,2024/11/7,被盗图造谣“十万彩礼选女友”后，她们决定起诉,中新网 北京11月7日电(张钰惠)当被一个拥有30多万粉丝的网络博主盗图造谣，变成用十万彩礼可以随意挑选的结婚对象时，你会怎么做？有这样一群女孩，决定找出藏在网络背后的始作俑者，与那个看不见的造谣者在法庭上对峙，只为证明“造谣不是删掉就行”。 针对网络博主卢某盗图造谣“十万彩礼选女友”一案，今年9月，广州互联网法院认定侵权人侵害了当事人的肖像权和名誉权，判决侵权人赔偿1.2万元(含律师费5000元)和进行书面道歉，同时判决侵权人承担案件受理费500元。 长达近一年的维权得到了司法审判后，面对造谣者的不作为，她们还在继续维权的路上。 2023年9月，许诗婷和她的五个室友终于实现了2018年就约定好的毕业旅行。在广西柳州龙潭公园，六个女孩穿着精心搭配的衣裙，用镜头定格了这个美好瞬间。旅行结束后，喜欢用社交媒体记录生活的许诗婷将这张来之不易的合照发在了她的社交媒体账号上。 这篇帖子下方出现了一些奇怪的评论：“6个人我看上5个人，该怎么办”“戴眼镜的妹妹有没有男朋友？求介绍”“左三的联系方式交出来”……对于这些评论，许诗婷虽感到不舒服，但选择忽略。直到一个月后，一位网友私信告知她，有人盗用了她们的照片发在了另一个平台上。 许诗婷找过去，看到盗图者将六人的照片配文“彩礼都是10万，你会选哪一个做女朋友”，发布了一条视频，还将照片用作粉丝群头像。盗图者是一个名为“商业大佬”的短视频博主，拥有33.1万粉丝。许诗婷点进他的主页，发现还有很多女孩的照片被配上了类似的文案，成了以彩礼定价的结婚对象。 这条视频很快有了1.1万点赞、2.6万评论和1500次转发。评论区不堪入目，“六十万全部打包”“必须选眼镜”，盗图者回复称，“她们都是认真找男朋友”“她是做老师的”。被盗用的照片不断地在其他平台蔓延，评论区同样不堪入目，女孩们被随意地评判、挑选。 还有身边的人刷到之后问她们：“你要10万彩礼，这么多？我朋友想结婚”“你是不是在网上征婚，就这么着急把自己嫁出去吗”……对此，她们只能一遍遍解释——那不是我发的。 一开始，许诗婷在视频评论区留言，让盗图者不要再发布造谣信息，当时她以为这种搬运号被提醒后就会删掉。几天之后，她发现盗图者变本加厉，不仅没有删除，还由于收割了高流量，连续发布了4条用她们的照片做成的视频。 许诗婷和室友们私信了盗图者，进入了他的粉丝群，说了几句话后就被拉黑、踢出。她们又向平台投诉，但平台反馈称，“无法判定被投诉内容涉嫌侵权或你是合格的权利人”。许诗婷判断，由于照片在另一个平台首发，因此无法在该平台识别为盗图行为。她们又上传了原贴的链接和自己的身份信息，举报通过了，平台通知盗图者处理，但他仍然无动于衷。 许诗婷终于忍不住报警了，警察告诉她，盗图者侵犯了她们的肖像权，建议她们去法院起诉。她们私信警告盗图者已报警处理，他这才删除了视频。这时，盗图者对她们说：“作品已删除，请不要打扰我。”许诗婷被激怒了。 “他还是继续发布其他女孩的造谣内容，也可能会再发我们的。他用我们赚了流量，伤害了我们，对他却没有什么影响。我们想要个公道，不仅要让他付出代价，还要让大家知道，不是躲在键盘后面就可以乱发东西去伤害别人。”想到这里，许诗婷决定起诉。 “我在网上查资料，发现很多网友发生这种事情，起诉的时间精力成本太大，很多人就放弃了。”那时，她对起诉具体需要的时间、精力和金钱一无所知，但这个念头在她心里扎根。 代理这起案件的是广东智洋凯成律师事务所律师王梦婷。在王梦婷的建议下，许诗婷和室友们开始搜集证据，包括侵权账号已删除的视频截图、账号录屏、造谣影响、证明首发图片的账号是本人等。 王梦婷提到了取证过程中的一个难点，即网络信息传播迅捷，侵权人在一个平台发布的侵权内容，经过发酵之后，全网都会对此展开讨论，影响非常广泛，因此需要对侵权内容的传播广度、对当事人的负面影响进行全面取证，工作量非常大。幸运的是，女孩们遇到了许多热心的网友，他们提供了在各个平台搜集到的造谣信息二次传播的证据，这让取证的难度大大降低了。 维权的过程中，女孩们有过团结的时刻，也有过分歧。 六个女孩中有四个参与了起诉。其中一个室友了解到，就算官司打赢了也很难拿到赔偿；还有一个室友正处于失业中，难以承担律师费。此外，诉讼过程中需要三次集体签字，每次都要配合所有人的时间聚在一次，也是一笔花销。不仅如此，起诉的过程也在消磨她们的耐心。造谣者一直没有回应诉讼，法院无法联系到他，就要公告送达，大大增加了诉讼时间，因为等太久，有人不想再继续了。 许诗婷和室友们还有过争吵，有人指责她不应该把照片发到网上，说以后都不想和她出去玩了，就算出去玩也不要跟她一起拍照。她们甚至开始自我怀疑。“一开始我们也是一团糟，但冷静下来想想，我们并没有做错什么，只是一开始因为很混乱，就会争吵和自责。” 在网友的帮助和舆论的支持下，女孩们还是坚持了下来。2023年11月，平台封禁了造谣者的账号。 造谣者的账号被封后，许诗婷和室友们继续坚持起诉。王梦婷告诉 中新网 ，案件的难点在于确定侵权人以及获取其身份信息，“需要先起诉平台，获取侵权账号的信息，再起诉侵权人，总共提起两次诉讼”。 她们先在北京互联网法院起诉侵权账户所在的平台，要求平台依法披露对方身份信息和侵权帖子的详细信息。2023年12月，她们收到了平台的告知函。告知函显示，造谣视频播放量高达700万，点赞、评论、收藏、转发量均超过百万。 今年3月，案件在广州互联网法院立案，6月开庭。9月，法院认定被告卢某侵害了原告的肖像权和名誉权，判决被告赔偿1.2万元(含律师费5000元)和进行书面道歉，同时判决被告承担案件受理费500元。 王梦婷介绍，本案侵权人侵犯了当事人的肖像权和名誉权。我国民法对于名誉权、肖像权侵权都规定了明确的构成要件。名誉权侵权的构成要件其中一点，就是行为人主观上有过错。本案中，侵权人仅仅通过许诗婷分享的一张旅游照片虚构六位女性的虚假信息，引导网友对许诗婷等人与“十万彩礼”等价评价，致使其遭受了大量负面评论，社会评价显著降低，负面影响系侵权人的行为直接导致的，完全符合名誉权侵权的构成要件。 造谣者始终没有出庭，至今也尚未赔偿道歉。 “对方被封了就行了，如果不是想搏出名，没必要再去搞对方了”“为了红真是不择手段”……起诉过程中，这些来自网友的恶意并没有动摇许诗婷的决心。面对造谣者的不作为，她将申请强制执行，为了自己和其他女孩们。(应采访对象要求，文中许诗婷为化名)(完),2666,https://www.chinanews.com.cn/sh/2024/11-07/10314843.shtml,结婚;彩礼;对象
People.cn,2024/11/7,巴南推出“重拾美好”离婚冷静期辅导 社工助力缓解家庭矛盾,自2021年《民法典》实施以来，“离婚冷静期”受到社会大众的关注。“离婚冷静期”的实施目的是为了“保障离婚自由，防止冲动离婚”。如何发挥冷静期作用，探索婚姻家庭社会工作介入“离婚冷静期”服务，重庆市巴南区民政局积极推出“重拾美好”三类型离婚冷静期服务，既从“别离”的角度劝和前来离婚的婚姻家庭当事人防止冲动离婚，又从“离别”的角度帮助坚决离婚的婚姻家庭当事人梳理离婚最优方案，减少对家庭的伤害。 服务开展一年以来，通过专业婚姻家庭辅导的多角度介入，巴南区民政局婚姻登记处对1216对当事人进行离婚冷静期介入，使当事人在冷静期由“激烈”到“降温”，由“冲动”到“理性”，期间暂缓和主动撤回离婚申请488对，挽救了尚未破裂的婚姻关系，更好地实现了“离婚冷静期”所承载的法律功能。 巴南区民政局婚姻登记处引进重庆民悦社会工作服务中心，将冷静期辅导放入离婚登记办理的标准化流程中。在离婚登记前端引导前来申请离婚的婚姻家庭当事人在审核资料后到“小别离”冷静期咨询台处，由专业社工使用“冷静期咨询辅导表”进行初步评估和分流，引导离婚意愿不强、有劝和可能性的当事人或要求辅导的当事人进入“家和”婚姻家庭辅导室，进行深度服务；对要求离婚不愿接受辅导的当事人提供办证指引、法律咨询和冷静期政策告知等服务，并引导其进入离婚室办理离婚申请，有效避免了群众因不知晓政策而导致的家庭矛盾。 重庆民悦社会工作服务中心总结离婚辅导经验，将离婚人群划分为三种类型，并在“30天冷静期”内对离婚当事人开展具有针对性的服务：一是赌气冲动离婚型，以情感急救辅导为主，为离婚双方建立沟通平台，促进有效沟通和问题解决，鼓励学习婚姻家庭经营知识；二是情感危机离婚型，以情感重建辅导为主，通过评估婚姻质量和进行亲密关系学习，引导离婚双方分析离婚本质因果关系，重回亲密关系正轨，提升婚姻经营能力；三是感情破裂离婚型，以情感冷静辅导为主，通过纾解家庭矛盾纠纷和进行离婚心理调适，减少离异对家庭和子女的负面影响，减轻离婚后遗症，引导作出有益于个人、家庭和子女的选择。 社工还针对受到婚姻伤害的当事人，通过情感疗愈重修“婚姻幸福课”，提升离婚当事人点个人成长、心理期待和社会支持，重新找到生活的平衡和快乐。10月18日，一对申请了离婚的夫妻就参加了离婚冷静期的婚姻家庭辅导课，在1个多小时的学习中深受启发。参与课程的林女士坦言“上个月因收入矛盾申请了离婚，经过社工的劝解，情绪也稳定了，但矛盾还是有，现在参加了亲密关系课程学习让我有了新的婚姻感触。之前来离婚发现有冷静期还觉得多此一举，现在发现还是有用，让我对自己的决定有了反省的机会，还重修了婚姻课，很感谢民政局”。 离婚冷静期不是放任期，而是干预关怀期。申请离婚的夫妻多有求助需求，开展离婚冷静期辅导，就是为了避免冲动离婚和家庭纠纷，起到保护儿童、促进夫妻双方成长和自我反省的作用，筑牢婚姻家庭“防护墙”，让“离别”不仅仅是“别离”。（邓洁）,1221,http://cq.people.com.cn/n2/2024/1107/c365411-41034454.html,婚姻登记;离婚冷静期;婚姻;离婚;夫妻
People.cn,2024/11/8,安徽怀远：抵制高价彩礼 树立文明新风,没有高额彩礼，没有迎亲车队，没有大摆宴席，11月6日，怀远县万福镇刘楼村一对新人举办了一场简朴的婚礼，开启了人生的幸福旅程。在万福镇，人们的婚恋观正在发生改变，轻视彩礼，重视生产和生活发展质量已成越来越多青年人追逐的价值取向。这是万福镇持续开展“抵制高价彩礼，树立文明新风”工作取得的可喜成果。 今年以来，万福镇党委、政府着力提升社会治理能力建设，在社会主义精神文明建设中，采取一系列行之有效的措施，引导群众破除陈规陋习，抵制高价彩礼，构筑美满婚姻，促进家庭和谐。该镇出台了专项治理高价彩礼工作实施方案，先后召开了动员会、部署会、阶段性工作分析会、推进会。利用广播、微信、抖音、公共场所液晶显示屏等传媒开展宣传活动，形成抵制高价彩礼的舆论声势。在镇新时代文明实践广场举行“抵制高价彩礼，构筑幸福婚姻”签名活动，许多青年男女签下了自己的名字，承诺向高价彩礼说“不”。利用文艺演出等形式，用小故事启示大道理。制定村规民约，将抵制高价彩礼列为一项重要内容，用道德的力量规范和约束高价彩礼的索取行为。 充分发挥党员干部的模范带头作用。镇党委、政府在党员干部的教育管理中，特别强调要从我做起，从子女做起，发挥在治理高价彩礼中的引领作用，为群众作出表率。今年以来，党员干部中没有出现索要高价彩礼的现象。 治理高价彩礼需要全社会的共同参与。镇党委、政府发挥群团组织的作用，指导村级红白理事会、村民议事会等村民自治组织参与高价彩礼的治理行动。他们通过进村入户宣传教育、说服引导等方式，面对面沟通，把思想工作做到位，改变人们的婚姻观念。刘楼等有条件的村还为群众办理婚事提供场所服务，但前提是要把宴席的规模和消费水平控制在村规民约的范围之内。 今年以来，万福镇抵制和治理高价彩礼工作取得明显成效，婚姻中的青年男女更加注重结婚后的幸福生活，他们把资金用在发展生产上，追求勤劳、富裕、美好的新生活。（王春娟 王蕊 文/图）,799,http://ah.people.com.cn/n2/2024/1108/c374164-41035425.html,高价彩礼;婚姻;结婚;婚恋;彩礼;婚礼
China News Service,2024/11/9,两岸婚姻群体福建宁德叙乡情：姻缘一线牵，两岸情相连,中新网 宁德11月9日电 (林榕生)9日，福建省宁德市两岸婚姻群体交流座谈会在该市东侨经济技术开发区举行，旨在持续深化两岸婚姻家庭服务工作，增进两岸同胞文化认同与心灵契合。 宁德市台办负责人表示，两岸婚姻群体已成为宁德市的一大特色，希望通过加强联络联谊，宣传大陆的人文风光以及各式各样的美食美景，吸引更多的台胞来宁德走走看看、投资兴业，共同推动两岸经济文化的融合发展。 两岸婚姻家庭是联系两岸同胞的重要纽带。台湾中华两岸婚姻协调促进会南部分会会长周池春说，两岸婚姻家庭因感情而结缘、以亲情为纽带，是“两岸一家亲”和“两岸命运共同体”最直接、最生动的体现。 祖籍宁德市蕉城区的周池春，嫁到台湾已有20多年。“将以台湾中华两岸婚姻协调促进会南部分会为媒介，多带领姐妹们回家乡看看，讲好家乡的故事。”周池春说，也将向台胞们宣介宁德的惠台政策、文化生活等，推动他们来大陆学习生活、就业创业。 座谈会上，与会人员从不同角度、不同层面出发，就如何更好地服务两岸婚姻家庭、如何加强宁(德)台(湾)两地经济文化交流合作等进行交流探讨。 第二次来到宁德市的“川妹子”岳艳霞嫁到台湾20年。“大陆的每一片土地都是我的家乡。”谈及回大陆的感受，岳艳霞说，宁德市不仅有美景还有美食，可以通过商品互通互惠的方式加强交流与合作，让闽台同胞分别感受两地的特色特产。 宁德自然资源丰富、生态环境优美。宁德市商务局副局长李少玉表示，希望通过大家可以把宁德宣传出去、推介出去，吸引更多的台胞来宁投资兴业、投资创业，实现互利共赢。 宁德历史悠久、文脉绵长。宁德市文旅局副局长杨运红建议，通过“非遗”传承人线上教学等方式，让非物质文化遗产更具文化价值、艺术价值、观赏价值，吸引更多台胞来宁。(完),728,https://www.chinanews.com.cn/sh/2024/11-09/10316410.shtml,婚姻
China News Service,2024/11/9,安徽宿州警方侦破特大跨省组织婚姻诈骗案,中新网 合肥11月9日电 (赵强 赵宇初)近日，安徽省宿州市公安局埇桥分局成功侦破一起特大跨省组织婚姻诈骗案，已采取刑事强制措施74人，涉案金额超千万元。 “我家人通过宿州市红线团婚恋中心给我介绍了一个云南的女孩相亲，相中之后，女孩到我们家生活几天之后，就说要回云南老家看看，然后就再也联系不上了。”受害人王先生告诉民警，他签了一份《跨省婚姻介绍服务合同》和《婚后承诺书》，交了共计28万元的服务费和彩礼钱。 2024年5月初，宿州市公安局埇桥分局东关、道东、城东、解集、灰古等派出所连续接到数名受害人报警，均称被婚骗了。 和王先生一样有相同经历的人还有不少，且都损失巨大。面对众多受害人报警，公安机关随即介入调查，将其中两名涉嫌婚骗的女子熊某某、代某某传唤至公安机关。据二人供述，她们是通过云南当地的媒人介绍，来到宿州市红线团婚恋中心，并与该中心指定的男性客户进行相亲。在与男方共同生活一段时间，得到部分报酬后，就借故返回云南老家，之后便拒绝和男方再联系见面。 通过进一步调查发现，此案涉及受害人众多，包含多名本省外市和毗邻省的受害人，每名受害人的损失金额均在30万元左右，涉案总金额超千万，在本地产生了较大的影响。 为进一步挖掘犯罪事实、及时查明真相、尽可能为受害人追赃挽损，埇桥公安分局随即指令由刑警大队牵头成立专案组，从派出所抽调精干警力，对宿州红线团婚恋中心开展深入调查。今年8月份，专案组在掌握部分涉案人员的重要线索后，立即赴云南开展工作，先后抓获犯罪嫌疑人32名。随着案件调查的深入，这起由宿州市红线团婚恋中心组织的跨省婚姻诈骗案背后的真相也浮出水面。 2020年，段某某、魏某在宿州市开设红线团婚恋中心。在其经营期间，段某某利用当地大龄男青年难以成婚的现实情况，向外宣传可以介绍外省的年轻女子来安徽相亲并嫁到安徽，但需要男方支付30万元左右的彩礼钱，用《跨省婚姻介绍服务合同》打消受害人的顾虑。同时，段某通过云南的婚介和媒人寻找当地的年轻女子，宣称只要愿意来安徽相亲，再到男方家象征性的短暂生活一段时间后就可以获得几万元不等的报酬，之后如果不想在安徽生活就可以借故离开。 在女方迟迟不回安徽，受害人意识到被骗后，便会找段某某退钱，段某某就会重新安排新的女子和受害人见面，有时还会再次收取受害人的彩礼钱。如果受害人扬言要报警，段某某为了息事宁人，不把事情闹大，便会退一小部分钱给受害人或者以各种理由推脱。 今年9月至10月，为了将该犯罪团伙一网打尽，专案组先后三次再赴云南开展集中抓捕工作。在云南警方的大力支持下，成功从昆明、玉溪、普洱等地抓获犯罪嫌疑人31名。10月初，魏某等一批犯罪嫌疑人在宿州等地被抓获；11月初，案发后一直在外潜逃的主要犯罪嫌疑人段某某迫于警方压力主动投案。至此，宿州市红线团婚恋中心涉嫌诈骗一案成功告破，主要犯罪嫌疑人均已落网，采取刑事强制措施共计74人。 目前，埇桥分局正在积极推进追赃挽损工作，尽最大努力为受害人挽回经济损失。(完),1238,https://www.chinanews.com.cn/sh/2024/11-09/10316397.shtml,婚姻;婚恋;彩礼;婚介;相亲
People.cn,2024/11/9,宁夏海原县推进农村高额彩礼专项治理取得实效,近来年，宁夏海原县聚焦农村高额彩礼专项治理“八项行动”，不断提升乡村治理水平，持续培育文明乡风。以基层党组织“聚合力”，建立县级领导包村、乡镇干部和村“两委”成员包户工作机制，为高额彩礼专项治理工作落地见效提供坚强保障。加强重点村重点人摸排整治，综合分析全县农村彩礼情况，确定39个重点村（社区）、2.98万重点人，因地制宜制定“一村一案”，建立重点村整改整治工作进展台账，精准靶向施策，定期跟踪进展情况，进一步增强以点带面、示范带动的辐射带动效果。结合村级后备力量培育储备工作，把大操大办红白喜事、不带头开展移风易俗等内容纳入《海原县村党组织书记后备力量人选负面清单》，亮明“底线”、划出“红线”，坚决把好农村干部队伍“选人关”“入口关”。 充分发挥全媒体矩阵优势，文化浸润“转观念”。海原县转载推送移风易俗相关稿件260余篇，制作发布微视频《乡俗》《月亮山下的树苗》《让爱“轻装上阵”》等微视频4部，用“小题材”反映“大主题”，全县群众反响良好。结合“送戏下乡” “戏曲进乡村”等活动，开展文艺巡演265场次，让群众在欢声笑语中接受文明新风的熏陶。举办“礼约鹊桥·情满南华”第三届移风易俗青年集体婚礼、“引领新风尚·欢跃新时代”广场舞大赛、“礼赞新时代奋进新征程”百姓大舞台广场文艺汇演等活动，让百姓走上舞台，当上主角，不断丰富群众文化生活，切实提升老百姓的获得感、幸福感、安全感。统筹各类文明实践资源，把乡村大集作为新时代文明实践“微阵地”，开展文明实践“赶大集”活动10场，发放移风易俗宣传彩页4500余份，大力倡导移风易俗，弘扬时代新风。 按照农村地区居民可支配收入情况，海原县明确“高彩礼”界定标准，设立“彩礼”上限，做到农村婚嫁彩礼倡导性标准8万元全覆盖。指导全县17个乡（镇）148个行政村修订完善村规民约，设立彩礼、礼金、婚宴倡导性标准全覆盖，建立健全村规民约奖惩机制。设立村民议事会、道德评议会，优化村级红白理事会，发挥村级组织优势，积极开展议事协商、道德评议等活动，不断强化村民德治和自治，引导群众自觉践行文明新风。按照“家庭自愿申领—村民代表会议议定—公示—乡（镇）审核”的程序，认定“零彩礼”1对、“低彩礼”30对，组织各级领导颁发《农村婚俗新风光荣证》，不断树立正面激励导向。 以“民法典宣传月”为契机，结合“宁夏巾帼普法乡村行”示范活动，海原县组织普法讲师团、“法律明白人”和普法志愿者队伍，通过集中宣传、专题讲座、以案说法等形式，开展《中华人民共和国民法典》《婚姻登记条例》等宣传活动100余场次，将抵制高额彩礼的知识送至村民身边，共同为爱“减负”，为幸福“加码”。以县综治中心规范化建设为契机，统筹职能部门，建立红、黄、蓝、绿“四色”分类分级预警处置工作机制及每日婚姻信息反馈制度，进一步加强矛盾纠纷信息互通共享，提升部门稳控化解重大矛盾纠纷联动联防成效，对婚姻家庭矛盾纠纷实行分类分级预警处置。截至目前，共研判分流推送婚姻家庭矛盾纠纷322件，其中红色高风险矛盾纠纷5件，黄色中风险矛盾纠纷13件，蓝色低风险矛盾纠纷28件，绿色一般矛盾纠纷276件。 同时，严把婚姻登记关，加强婚姻登记规范化、智能化建设。海原县完善婚姻登记大厅功能区布设，并设立婚姻家庭辅导室，结婚登记率达到100%，发放《移风易俗倡议书》1300余份，开展婚前辅导、情感沟通等服务300余人次。建立《海原县民政局婚姻登记信息日反馈制度》，每天将结婚、离婚劝返、登记等情况分别及时反馈至各有关单位（乡镇），做到矛盾纠纷早介入、早宣传、早引导、干预。组织全县165余名“媒婆”开展“抵制高额彩礼·推进婚俗改革”专题培训3期，进一步规范民间婚介行为，提升“媒婆”队伍法律素养和专业能力。在“5·20”“七夕”等重要时间节点，为20对新人举行集体颁证活动，引导新人拒绝高额彩礼，倡导简约婚礼，成为文明婚俗的践行者和传播者。 海原县还制定了《海原县农村高额彩礼专项治理惠民增收行动任务清单》《海原县开展农村高额彩礼专项治理“明白卡”》等一系列政策文件，对惠农增收行动补助资金进行测算，根据海原实际精准制定奖补政策，支持“零彩礼”“低彩礼”新婚夫妇及女方父母发展种植养殖业。优先聘用“低彩礼”女方父母为乡村公岗，岗位补贴分别为1297.2元/月、800元/月。积极探索金融保险惠农增收方式，为6对“低彩礼”新婚夫妇及女方父母提供小额信贷40万元并贴息9997元。 另外，海原县充分发挥妇联桥梁纽带作用，组建一支由妇联主席、执委兼任婚姻劝导员等180人组成的宣讲劝导队伍，形成县、乡、村三级妇联齐抓共管、全链条参与推进专项治理工作的强大合力，对20-35岁重点适婚女青年开展文明新风宣传及婚嫁劝导工作，引导广大群众及家庭树立正确的爱情观、婚嫁观，自觉抵制高额彩礼。依托“巾帼心向党”宣讲品牌，组织推荐区级“最美巾帼奋斗者”1名、“最美爱心妈妈”2名，市级“最美家庭”15户，积极深入基层及新时代文明实践所（站），开展“抵制高额彩礼·拒绝人情攀比——扬家风、传家训”等主题宣讲795场次，唤醒广大家庭道德自觉，以好家风促进好民风，推动形成社会文明新风尚。 通过发挥共青团媒体矩阵作用，海原县发布“零彩礼”“低彩礼”的倡议书等原创文章19篇，转发文章14篇，组织拍摄“抵制高额彩礼”相关视频5期，引导广大青年群体自觉抵制高额彩礼。建立农村高额彩礼专项治理青年新风行动工作清单，开展团员婚恋情况摸底适龄未婚女生团员3625人，男生团员3277人。依托基层团干部、“西部计划”志愿者等力量组建“高额彩礼监督员”队伍18支，协助乡村干部开展政策宣传、干预劝导等活动。组织开展“抵制高额彩礼 倡树青年新风”主题团日活动98次、“抵制高额彩礼”宣传宣讲活动452次、适婚青年交流座谈会144次，举办“‘小镇遇见你’草坪音乐派对青年联谊活动”“弘扬新风尚 情定5·20”等活动，引导广大青年自觉抵制高额彩礼、倡树婚嫁新风、树立正确婚姻观。,2457,http://nx.people.com.cn/n2/2024/1109/c408323-41036360.html,婚姻登记;结婚登记;婚姻;结婚;离婚;婚恋;彩礼;婚俗;婚嫁;适婚;婚介;婚礼
People.cn,2024/11/11,宿州警方侦破特大跨省组织婚姻诈骗案,近日，安徽省宿州市公安局埇桥分局成功侦破一起特大跨省组织婚姻诈骗案，已采取刑事强制措施74人，涉案金额超千万。 据悉，今年5月初，宿州市公安局埇桥分局多个派出所陆续接到数名受害人的婚骗报警。 随后，经公安调查发现，其中两名涉嫌婚骗的女子供述，她们是通过云南当地的媒人介绍，来到宿州市红线团婚恋中心，并与该中心指定的男性客户进行相亲。在与男方共同生活一段时间，得到部分报酬后，就借故返回云南老家，之后便拒绝和男方再联系见面。 据悉，警方调查发现，该案涉及受害人众多，包含多名本省外市和毗邻省的受害人，涉案总金额超千万。 为进一步挖掘犯罪事实、及时查明真相、尽可能为受害人追赃挽损，宿州当地警方成立专案组，从派出所抽调精干警力，对宿州红线团婚恋中心开展深入调查。今年8月份，专案组在掌握部分涉案人员的重要线索后，立即赴云南开展工作，先后抓获犯罪嫌疑人32名。 据悉，今年9月至10月，专案组先后三次再赴云南开展集中抓捕工作。在云南警方的大力支持下，成功从昆明、玉溪、普洱等地抓获犯罪嫌疑人31名。10月初，魏某等一批犯罪嫌疑人在宿州等地被抓获；11月初，案发后一直在外潜逃的主要犯罪嫌疑人段某某迫于警方压力主动投案。至此，宿州市红线团婚恋中心涉嫌诈骗一案成功告破，主要犯罪嫌疑人均已落网，采取刑事强制措施共计74人。 目前，宿州警方正在积极推进追赃挽损工作，尽最大努力为受害人挽回经济损失。（陶伟 赵宇初）,601,http://ah.people.com.cn/n2/2024/1111/c227131-41038269.html,婚姻;婚恋;相亲
People.cn,2024/11/11,璧山：户外烧烤露营 打开青年交友新方式,11月10日，由璧山区总工会、共青团璧山区委、璧山区妇联、国网璧山供电公司联合主办的“小城故事·璧玉佳缘”之“璧影映秋波·山风与君和”青年交友活动在大兴镇早安花园农场举行，来自各行各业的64名单身青年参与活动。 本次活动以“诗意、拾趣、爱情”为主线，通过一系列精心设计的游戏环节，如“心动破译”“心心相印”“爱情袋鼠”等，搭建起单身青年间情感交流的桥梁，让他们在轻松愉悦的氛围中增进了解。其中，才艺展示环节让现场气氛达到了高潮，青年们勇敢地站上舞台演唱歌曲，赢得阵阵喝彩。 活动接近尾声，24名青年牵手结缘，表达了进一步了解的意愿和对未来生活的憧憬与期待。随着夜幕降临，一场别开生面的“烧烤晚会”让这份甜蜜与温馨得以延续，参与者们根据游戏积分兑换所需食材，亲手制作美食，在享受劳动成果的同时，也加深了彼此间的情谊。 本次活动旨在推进青年发展型城市建设，通过搭建平台帮助青年拓宽社交圈，增进情感交流。下一步，璧山区总工会、共青团璧山区委、璧山区妇联将继续发挥优势，持续强化服务意识，切实帮助单身青年解决“交友难”问题，进一步增强璧山青年的幸福感、获得感和归属感。,480,http://cq.people.com.cn/n2/2024/1111/c365411-41038366.html,单身
CCTV,2024/11/12,“西施故里 爱在‘浙’里”集体婚礼践行婚俗改革新风,央视网消息 11月8日，浙江省第三批婚俗改革暨第二届“福彩暖万家·十佳婚姻登记机关”选树活动启动仪式，在绍兴诸暨浣纱江畔举行。活动由浙江省民政厅主办，浙江省福利彩票管理中心、绍兴市民政局、诸暨市人民政府承办。 2020年以来，浙江省按照民政部有关部署，先后开展了3批次婚俗改革试点。截至目前，全省共有1个国家级、58个省级、48个地（市）级、240个县（区）级婚俗改革实验区。今年7月份，又确定4个设区市全域推进婚俗改革、17个县（市、区）开展文明简约“甜蜜经济”试点，不断提升群众的获得感和幸福感。 婚俗改革为爱情“减负”，为人情“减压”，为文明“加分，为幸福“加码。 在倒数声中，浙江省第三批婚俗改革试点正式启动，标志着浙江省持续深化婚俗改革又迈出新一步。 在浣纱江畔，30对新人举行了“西施故里 爱在‘浙’里”集体婚礼。搭乘着新娘们的“爱情巴士”缓缓驶来，新郎手捧象征爱情的“福彩花”迎接新娘。新人在婚事简办倡议书上签名，倡导环保、节俭婚俗新风尚。嘉宾和民政部门负责人共同见证了这一温馨时刻。 新人王初蕾与宣铁锋分享了他们的浪漫故事：两人在朋友的婚礼上相遇便互生爱慕。两个月后，在浣纱江畔，男生终于鼓起了勇气向女生表白，在经历一番“猜毛衣小球”游戏后，两人最终确定了恋爱关系，这里也成为了他们的定情之地。 道德模范陈可英女士为新人们致证婚词，祝愿他们共同传承优良家风。新人们通过宣读结婚誓言，行夫妻交拜礼、合卺礼等传统仪式，感受婚姻的庄重感和神圣感，体验中华传统文化之美。 民政部社会事务司婚姻管理处处长曹洪峰表示：“30对新人积极响应号召，参加集体婚礼活动，是婚事新办简办、弘扬文明新风的表率。希望全省青年朋友用实际行动倡导正确的爱情观、婚姻观、家庭观，争做中华家庭美德的传承者、新型婚育文化的引领者、社会主义家庭文明新风尚的践行者、爱国爱家的模范者。” 近年来，浙江省全面推进婚俗改革，推广婚事新办、喜事小办，引导全社会重视家庭 家教家风 建设。全省 各地积极 行动，各地婚姻登记机关面貌焕然一新，并建成户外结婚登记颁证基地 181个，为新人们提供了温馨优 美 的颁证场所。 为推广更多环境优美、富 涵 文化、服务优质的婚姻登记机关，活动现场，浙江省第二届 “福彩暖万家·十佳婚姻登记机关”及浙江省首批户外结婚登记颁证场所选树活动也正式启动。 活动现场，还布置了浙江省婚俗改革成果展，设置了“福韵”集市，新人和嘉宾们在这里品尝美食、欣赏文化、了解福彩公益，感受诸暨的独特魅力。福彩公益文化IP展示区让更多的人了解了福彩的公益属性，感受了福彩带来的正能量。 下一步，浙江省将持续创新婚俗改革，将福彩公益与婚俗文化相结合，以贴近人心的方式传递公益精神和正确的婚恋观，让文明婚俗在社会蔚然成风，为浙江的社会和谐与家庭幸福构筑美好愿景。（总台记者 焉然 王杰）,1181,https://city.news.cctv.com/2024/11/12/ARTIjuZCciovsSTKiY0uYcmL241112.shtml,婚姻登记;结婚登记;婚姻;结婚;婚恋;婚育;婚俗;恋爱;夫妻;婚礼
China News Service,2024/11/12,最新调查：韩近半民众认为结婚非必选项,中新网 11月12日电 据韩联社报道，韩国统计厅当地时间12日发布的一份调查报告显示，近半韩国民众认为不结婚也无所谓，不结婚的最主要原因是“结婚资金不足”。 据报道，在韩国统计厅进行的上述调查中，认为“应当结婚”的受访者占比52.5%，较两年前增加2.5个百分点。认为“结不结婚无所谓”的受访者占比41.5%，认为“不应该结婚”的占比3.3%，两者之和为44.8%。这意味着近一半民众认为结婚并非必然选项。 报道称，对于不结婚的理由，“结婚资金不足”占比最高，为31.3%。之后分别是“生产和育儿有负担”(15.4%)、“工作不稳定”(12.9%)等。 报道还称，认同“未婚同居”的受访者占比高达67.4%，较两年前增加2.2个百分点，且近年来呈现持续增加趋势。认为“未婚生子”的受访者占比37.2%，较两年前上升2.5个百分点。 【,367,https://www.chinanews.com.cn/gj/2024/11-12/10317752.shtml,结婚
People.cn,2024/11/13,北海市首个新型“婚育文化主题园”落成,为倡导良好家教家风，培育新型婚育文化，11月8日，由海城区卫生健康局承建，海城区民政局、北海市妇幼保健院协办的北海市首个新型“婚育文化主题园”在海城区婚姻登记处落成。 当天一早，来到北海市海城区婚姻登记处的新人们惊喜地发现，登记处门口小广场新增了许多漂亮的打卡装置。一张巨大的结婚证，见证每对领证新人的幸福。走过一条甜蜜的爱情路一步一步通向“爱的礼物”。还有情书打卡墙、婚恋文化系列打卡造型和爱情椅等吸引众多新人拍照打卡。这里还设置了婚育宣传栏，针对北海市妇幼健康服务惠民政策进行重点宣传，让群众对免费婚前医学检查、免费孕前优生健康检查和免费增补叶酸预防神经管缺陷项目等惠民政策有进一步的了解。 海城区通过在毗邻北部湾广场的人员流动密集的婚姻登记处打造新型“婚育文化主题园”大力倡导适龄婚育、优生优育，夫妻共担育儿责任，尊重生育的社会价值，引导广大青年树立积极的婚恋观、家庭观、生育观，营造生育友好的社会环境。（陈密斯 陈文宝）,414,http://gx.people.com.cn/n2/2024/1113/c384335-41041073.html,婚姻登记;婚姻;结婚;婚恋;婚育;夫妻
People.cn,2024/11/14,首份人身保护令 向家暴说“不”,家暴绝非“家务事”，而是严重的社会问题，更是违法行为。近日，永修县人民法院依法发出首份人身安全保护令，在施暴者和受害者之间筑起防护“隔离墙”，为受到殴打、威胁的女性撑起法律“保护伞”。 丈夫吴某与妻子李某在多年婚姻生活中，经常因家庭琐事发生口角，吴某有时会对李某实施暴力行为。今年8月，吴某无故到李某上班场所吵架，后暴力殴打李某，致其多处骨折。李某感到生命安全受到严重威胁，遂报警处理，并向永修县人民法院申请离婚。离婚诉讼期间，吴某一直言语骚扰李某，使得李某生活处于巨大不安中，感到人身安全受到威胁，特向法院申请人身保护令。 永修县人民法院承办法官及时调查核实相关情况，结合当事人提供的公安机关接警记录、医院诊断记录、公安机关调解协议书等，认定被申请人吴某在离婚诉讼期间继续纠缠、骚扰申请人，申请人李某的人身安全面临现实危险，申请人的申请符合人身安全保护令的法定条件，遂根据《中华人民共和国反家庭暴力法》第二十九条之规定，发出人身安全保护令：禁止被申请人吴某对申请人李某实施家庭暴力；禁止被申请人吴某以电话、短信、即时通信工具、电子邮件等方式威胁骚扰申请人李某。 裁定作出后，永修县人民法院将人身安全保护令送达双方居住地公安机关、妇联、村委会等，并督促被申请人遵守人身安全保护令，全方位保护受害者的人身安全。（饶贤广 彭 蜜）,563,http://jx.people.com.cn/n2/2024/1114/c186330-41041650.html,婚姻;离婚;家庭暴力;家暴
CCTV,2024/11/18,让婚育新风吹进千家万户,在浙江省宁波市江北区，有一群“企鹅爸爸”，他们在单位是骨干，回家能带娃，运用自己的经验多形式、多途径开展新型婚育文化宣传活动。“企鹅爸爸”这一称号缘于一部纪录帝企鹅爸妈分工协作，从产蛋开始轮流照看小宝宝的纪录片。这种相互信任、互相扶持的行为，契合人们普遍的期待。 构建新型婚育文化是生育支持政策体系的重要组成部分。近日，国务院办公厅印发《关于加快完善生育支持政策体系推动建设生育友好型社会的若干措施》，立足“观念友好”，提出积极构建新型婚育文化，提倡适龄婚育、优生优育，鼓励夫妻共担育儿责任，大力倡导积极的婚恋观、生育观、家庭观。 随着经济社会的发展，我国家庭结构发生深刻变化，人们对家庭功能、价值的认识和理解也发生变化，婚育观念趋于多元化，晚婚晚育、不婚不育现象增加，社会平均婚育年龄推迟。与此同时，部分地区存在高价彩礼、大操大办等陋习，造成了消极的社会影响。构建与人口长期均衡发展战略相适应的新型婚育文化具有重要的现实意义。 婚育文化既是社会文化的重要组成部分，也是家庭文化的基本内容。建设新型婚育文化，要加强对年轻人婚恋观、生育观、家庭观的引导：既要讲清楚积极婚育蕴含的促进中华民族永续发展的“大道理”，也要阐明积极婚育能促进家庭幸福、孝老爱亲的“小道理”；要讲好新时代美好爱情、幸福婚姻、和谐家庭的中国故事；要鼓励适龄婚育，尊重生育的社会价值，倡导夫妻共担育儿责任。 建设新型婚育文化，要发挥家庭的作用，加强家庭家教家风建设。家庭是社会的基本细胞，也是人类繁衍的基本单位。倡导良好的家庭家教家风，就是要紧密结合培育和弘扬社会主义核心价值观，发扬光大中华民族传统美德，促进家庭和美和睦、家人相亲相爱，使千千万万个家庭成为推动国家发展、民族进步、社会和谐的重要基点和力量。 生育观念的转变具有复杂性和长期性，开展新型婚育文化宣传工作，并非一朝一夕的事，也绝不是搞几场简单的活动、贴几句标语。要贴近现实，注重方式方法，接地气、有声势，理解年轻人，站在年轻人的角度谈婚育。应系统谋划，细水长流地进行教育引导。《若干措施》提出将相关内容融入中小学、本专科教育等具体举措。除此之外，社区、单位、个人也都可以积极探索好方式、好办法，让婚育新风吹进千家万户。,925,https://jiankang.cctv.com/2024/11/18/ARTIBILwuXoTbNACxXaKlUmr241118.shtml,高价彩礼;婚姻;婚恋;婚育;彩礼;不婚;晚婚;相亲;夫妻
People.cn,2024/11/18,香山乡多种形式引导群众抵制高额彩礼,11月14日，中卫市沙坡头区香山乡举办了一场趣味横生的“抵制高额彩礼·弘扬文明新风”文艺演出和农民趣味运动会，吸引全乡村民的热情参与。今年以来，香山乡举办30余场形式多样的移风易俗活动，在丰富群众文化生活的同时，积极推动文明新风尚在乡村落地生根，使越来越多的村民主动参与抵制高额彩礼、倡导文明婚俗的行动中，婚俗改革取得显著成效。 香山乡通过文艺汇演传播新理念。在舞蹈《花儿与少年》中，舞者们翩翩起舞，传递一条朴素的爱情观：婚姻不应被金钱所衡量，真心相爱才是幸福的基础。而小品《老杠头的幸福生活》则通过一对农村青年男女的爱情故事，巧妙地揭示了高额彩礼带来的种种问题。小品以幽默风趣的语言和生动的表演赢得了观众的笑声与掌声，同时也让大家在轻松的氛围中深思婚俗问题。 整场文艺演出中，群众自发排练的节目成为亮点。农民们展示了自己的歌舞才艺，演出内容不仅丰富多彩，更贴近生活，赢得观众连连喝彩。现场气氛欢愉热烈，文明新风贯穿始终。“今天的节目很热闹也很精彩，让我感触很深，彩礼确实让不少家庭陷入矛盾和负担。现在全乡倡导抵制高额彩礼，我觉得特别好。这样的活动让我们明白，幸福的生活靠的是两个人的真心与互相扶持，而不是彩礼的多少。”现场村民王淑琴说。 活动现场，还设置了政策宣传、爱心义诊、特色农产品展销等多个服务区，村民们不仅在比赛中大显身手，还在家门口享受到贴心服务。主办方共发放宣传资料800余份，涵盖移风易俗、禁毒、反诈等内容，进一步提升了村民的法律意识与文明素养。 当日，香山乡还表彰了10名“好婆婆”、“好媳妇”、“低彩礼”先进个人。通过这些榜样的示范，使当地群众愈加深刻认识到，文明婚嫁的内涵已经不再局限于物质条件，而是以家庭和谐、孝老敬亲为核心的道德风尚。“被评为‘好媳妇’，我感到非常光荣！”被表彰的顾丽娜激动地分享了自己的感受，“这是乡亲们对我孝敬老人、邻里关系融洽的肯定，更是对我的鼓舞。今后我会继续发扬孝道，传递正能量。” （记者 王文革）,826,http://nx.people.com.cn/n2/2024/1118/c192482-41045477.html,婚姻;彩礼;婚俗;婚嫁
People.cn,2024/11/19,红花岗推出“婚姻电子驾照”,为有效防范化解矛盾纠纷，今年以来，遵义市红花岗区民政局“婚姻电子驾照”。 以婚姻登记窗口为载体，红花岗区民政局工作人员引导新人在办理结婚登记前扫描二维码进入“婚姻驾照”答题系统，通过答题学习树立良好家风家教、平等和睦的婚姻关系等相关知识，引导新人树立正确的婚恋观、家庭观，取得80分以上均可获得“婚姻电子驾照”。 通过“幸福家”婚姻家庭辅导服务示范点阵地作用，党员干部带头开展法律法规的知识宣传，积极引导广大群众提高自身维权能力和法律素质，通过合理合法途径解决婚恋矛盾。 另外，红花岗区民政局还通过申请离婚、办理离婚全面开展婚恋矛盾纠纷排查、一旦发现苗头和线索，预见可能引发矛盾纠纷及命案风险的人和事进行研判，建立相关台账信息并及时将信息推送区综治中心，加强宣传、化解，及时把矛盾纠纷消除在萌芽状态。 由婚姻登记工作人员、党员志愿者等担任家庭辅导员，为婚姻当事人进行家庭辅导服务，以申请协议离婚的当事人为主要服务对象，从情感上真心关心当事人，通过有效的矛盾调处来减少非理性、冲动型离婚现象发生，从而促进婚姻家庭和谐。（文/图 红花岗区民政局）,471,http://gz.people.com.cn/n2/2024/1119/c361324-41047332.html,婚姻登记;结婚登记;婚姻;结婚;离婚;婚恋;对象
China News Service,2024/11/20,民政部：全国已累计办理婚姻登记“跨省通办”43.4万对,中新网 11月20日电 民政部20日举行2024年第四季度例行新闻发布会，民政部新闻发言人、办公厅(国际合作司)副主任李婉丽在会上透露，稳步推进21个省份内地居民婚姻登记“跨省通办”试点，截至目前，全国已累计办理43.4万对。 李婉丽介绍，社会事务管理方面，民政部推进修订《婚姻登记条例》。稳步推进21个省份内地居民婚姻登记“跨省通办”试点，截至目前，全国已累计办理43.4万对。指导各地有序推进婚俗改革实验区建设。加大殡葬设施建设力度，完善设施设备和配套服务。指导各地落实残疾人两项补贴标准动态调整机制，截至目前，两项补贴已分别惠及1190万困难残疾人和1615.7万重度残疾人，平均保障标准分别为161.9元/人·月、129.1元/人·月。制定重度残疾人托养照护服务政策，持续推进“精康融合行动”，实施精神障碍社区康复服务试点项目。开展“夏季送清凉”专项救助行动共救助流浪乞讨等临时遇困人员21万人次。,403,https://www.chinanews.com.cn/sh/2024/11-20/10322681.shtml,婚姻登记;婚姻;婚俗
China News Service,2024/11/24,浙江临安乡村“相亲”记 七年乡村运营踏出共富路,中新网 杭州11月24日电(曹丹)“乡村运营商与村委会的合作如同‘相亲’，彼此中意才能领‘结婚证’。”近日，浙江省旅游协会乡村文旅振兴分会会长、杭州市临安区文化和广电旅游体育局四级调研员陈伟洪在采访时介绍道。 走进临安，翠绿山川映入眼帘，溪水潺潺绕村流，一步一景，如画中游。面对这片绿水青山，如何将它们转化为金山银山，既展现自然美景又带动当地经济发展？ 2017年，临安启动村落景区的市场化运营，并开始招募乡村运营师。在这场“相亲”大会中，乡村运营师章小云与临安区清凉峰镇杨溪村成功牵手，并“携手”走过了稳健运营的7年时光。 双方携手将杨溪村一座拥有千年历史的孝子祠，打造成为热门研学点，每年吸引超1.5万名学生前来体验忠孝文化，为村集体带来每年30万元以上的增收。这无疑是一个绿水青山成功转化为金山银山的生动例证。 “临安乡村运营是双向选择的过程。”作为浙江乡村运营观念的首创者，回顾过去7年，陈伟洪表示，乡村与运营商的“结合”，不是“拉郎配”，而是“自由恋爱”，并且是自由自愿地从“相亲”到“结亲”的过程。 在临安选拔运营商的“相亲”过程中，要成为一名临安的乡村运营师，并不容易。 基于临安在乡村运营中曾遇到的挑战——一些运营商只关注单体项目的盈利，忽略了村庄的整体效益，导致运营商与当地村民矛盾频发，临安制定了一系列严格的运营标准。 在正式运营之前，运营商需要与乡村相关部门及村民进行座谈，形成初步的运营和策划方案。这一方案还需经过专家组的审核，以评估运营商的运营能力。 一旦签约，运营商需与村委会共同组建运营公司。其中，村委会通常以资源入股的方式占股20%。日常的运营费用由运营商承担。这意味着，运营商在初入乡村时，需要“自带干粮”，依靠团队的智慧来激活村里的资源，并创造盈利点。 此外，临安还规定，签约后的两个月内将进行试运营考核。考核内容包括运营单位应对村落资源进行详细的调查、至少走访50户村民并形成内容翔实的资源调查报告等7个方面。考核不合格的运营商将被淘汰…… “‘相亲’条件虽严苛，但选择留下来、能够留下来的一定是有情怀、有能力的乡村运营者。”陈伟洪介绍了章小云团队整村运营的故事。 2017年，临安招募乡村运营师时，章小云正经营着一家旅行社，积极寻找新的发展机遇。在实地走访了临安的多个村落后，她凭借十多年深耕旅游行业的敏锐洞察力，一眼便看中了杨溪村的发展潜力。 “相对而言，将‘祠堂变学堂’，吸引学生家长来此体验‘忠孝’课程，是容易的。但我们的初衷是通过整村运营，培育村民自己的业态，为村子创造更多收益。”章小云说。 利用团队的商业运营经验和人脉资源，章小云成功召集了更多专业人士加入杨溪村的建设。通过资源调查与精心策划，团队围绕“忠孝文化、红色文化、国学文化”，开发出“开笔礼”和“拜师礼”等文创产品，策划了制作麻酥糖、编草鞋、书写一封家书、农耕运动会等体验活动，增设了小火车、土灶头、户外拓展等体验项目，并推出了“春田囍事”“稻田趣事”“年俗节”等主题节庆活动，成功将“半日游”升级为“多日游”乃至“多次游”。 如今，杨溪村已成为周边研学游的首选之地，村集体收入也呈现翻倍增长。 2021年，临安还出台中国首部村落景区市场化运营地方标准——临安《村庄经营(乡村运营)导则》。这既是一份对乡村运营的考核试卷，更像一份指导乡村运营的实用指南。 运营团队出智慧、村集体出资源、村民们出力，三方资源的调动激发了村庄的内生动力。如今，临安20多个村庄都引入了乡村运营师模式，每个村根据自身的资源和运营团队的特长，选择了不同的发展方向。 从初次“相亲”到成功“牵手”，陈伟洪表示，在政府部门的引导下，培养的乡村运营师已成为连接外部商业资源与内部村委会的桥梁，构建起产业共创、市场共赢、经济共富的共生体系。这也正是临安探索的乡村振兴新模式和有效路径。(完),1585,https://www.chinanews.com.cn/cj/2024/11-24/10324891.shtml,结婚;恋爱;相亲
CCTV,2024/11/25,消失的新娘 起底“闪婚闪离”背后灰色产业链,男方红娘负责从四五线小城镇输送大龄未婚男青年，客服通过交友软件物色潜在女性客户，女方红娘则游说离异、负债女性。分工协作，全程紧逼、快速配对、资源共享、高额分成，一条跨省闪婚的产业链就这样完成闭环。 “60万的彩礼，红娘抽成了20万。”“每个月一个人的业绩不会低于100万。”“结婚三个月挣了三十多万，离了回来接着相亲。”在贵阳的婚介圈里，流传着这样的“暴利”故事。 故事的另一面则是不断变更名字、地址和法人的婚介公司，频发的涉高额婚介费的报案，以及人财两空的闪婚家庭。 “闪婚闪离”背后的“灰色”产业链究竟是怎样的？日前，成都商报-红星新闻记者前往跨省婚介集中地贵阳进行了调查。 婚后的60多天里，女方大部分时间找各种理由待在贵州老家。警方介入调查后发现，其已有五个孩子。 两个月后，40岁的廖先生第二次来到贵阳，发现收了自己16多万元服务费的婚介公司已经“不见了”。玻璃门上贴着当地派出所的封条。 这家婚介公司曾占据贵阳地标花果园双子塔第17层一整层的面积。该公司号称自己是贵阳市乃至全国最大的相亲公司平台。 今年5月9日，廖先生自老家湖北鄂州赶到这里，两天后领证闪婚。女方是贵州毕节人，彩礼11.8万元。婚后的60多天里，女方大部分时间找各种理由待在贵州老家，在湖北的不到半个月的日子里，因为买车买房的要求得不到满足，女方与廖先生不断争吵，并多次报警，当地派出所介入调查后，发现女方隐瞒了自己“有五个孩子”的事实。 女方离开后，廖先生到婚介公司所在的花果园派出所报警，同时发现该婚介公司已经被警方查封。 记者搜索发现，该公司3月12日的乔迁视频里，一名高管模样的年轻男性介绍公司新的办公区域面积有3800平方米，包括两个男嘉宾候客区、可以现场求婚的互动区、签约区，以及隔断的多个男女嘉宾交流室，前来参加者全部包餐。 一名熟悉该公司人士透露，查封是在6月20日左右，“当时被带走了二三十人。”公开资料显示，随后，当地警方在花果园地区开展了专项整治攻坚行动。 天眼查显示，这家婚介公司成立于2022年，总部位于遵义，后迁至贵阳花果园。该公司的一名管理人员曾对外宣称，公司下辖有20多家分公司，数百名员工，2023年跨省闪婚成交了上千对。 11月11日上午，记者来到该公司，只剩一间办公室门上“xxx速婚网全国运营中心董事长”的铭牌，和被遗落在洗手池下面的“江苏xx婚介服务公司（驻贵州办公室）”的方形招牌。 一名附近送外卖的小哥告诉记者，四五月份的时候，这家婚介公司还很热闹，“每天都有求婚仪式”。 花果园所属的贵阳市南明区人民法院微信公众号，在今年9月发文称，婚恋合同纠纷是近年来花果园的新型案件，2023年3月至今，花果园派出所收到了180余件涉高额婚介费的报案，贵阳市12345政务服务平台收到了若干花果园相关婚介投诉，花果园人民法庭陆续收到50余件涉高额婚介费纠纷的立案申请。 婚介公司换了位置，法定代表人也换了，女方的出租屋退租，家里人也搬走了。“一个人都找不到。” 花果园有50万常住人口，200多栋35层以上的高楼，其中有各种类型的小公司。以花果园双子塔为圆心，在手机地图上搜索“婚姻介绍”，方圆五公里的范围就有60多家婚介公司。 为了要回7.2万元的中介费和12.8万元的彩礼，35岁的吴都在这里待了整整半年。闪婚花光了积蓄，他找了一个小吃店做兼职，一小时12元。 婚介公司换了位置，法定代表人也换了，女方的出租屋退租，家里人也搬走了。“一个人都找不到。” 他发现老家红娘有自己的下线，介绍一个人会给500元到2000元的提成。获取男方的线索后，红娘会做家访，了解男方的要求以及能拿出多少彩礼。 “女方二婚的，要20万到30万，女方未婚要30万到40万。”红娘收了报名费才会介绍女方，5000到20000元不等。“他们会根据你的经济状况开口。收这个钱不多，但是为了锁住你、套住你。” 今年2月19日晚上来到贵阳，第二天去婚恋公司。一个贵阳当地的离异女性说“相”上了他，服务费和彩礼从26万元谈到20万元，2月22日女方回复同意签了合同，2月23日就去南明区民政局领了证。 见面是在一个大的婚介公司，办公室有三层，很气派，最后签的合同却是小公司，他连位置都不知道。 一名曾在多家婚介公司从事过行政人事工作的贵阳当地女孩告诉记者，在贵阳当地，有很多婚介公司只有一间办公室，往往会借助一些大的公司来进行闪婚相亲，甚至会以大的婚介公司名义签合同，收取服务费。“甚至有好几家公司背后都是同一个投资人。” 很快，吴都发现一切都不对了。领证的时候发现女方是1981年出生的，大自己足足8岁。红娘就劝他和同去的父亲，“年纪大了不会跑，会过日子”，女方也承诺会跟他一起再要个孩子。结果回到老家，看了女方的体检报告，才发现她“上了节育环”。 吴都后来才意识到，全程陪同的女方红娘一直在不断给他们洗脑。“不停说这个女的很强，有能力，可以自己养活自己。”还说，他们已经介绍了很多对，都没有跑，“如果跑了你找我，钱保证给你们要回来。” 吴都说，自己当时连婚介所的合同都没认真看过。“双方红娘都跟我说，合同只是一个形式。爸爸是一个农民，也没有经历过。” 除去其回贵阳“处理事情”的时间，女方在江西只待了不到十天就不辞而别，微信电话都拉黑了。 公司或者红娘会找一些条件比较困难的、离过婚带小孩的女性发展成为闪婚女方，“欠债这种成交率会高一些”。 吴都最初相亲的婚介公司，也是贵阳当地姑娘笑颜（网名）服务过的四家婚介公司之一。 半年多的时间里，27岁的她曾先后在“四家”婚介公司上过班，包括上述“贵阳最大的婚介公司”，这四家公司的背后其实是“同一个老板”。 另有熟悉贵阳婚介市场的人士告诉记者，暴利之下，一些大的婚介往往有多个关联公司，为了“规避风险”，这些公司往往法人不同，甚至在多地注册，业务上“也不会有合同往来”。 笑颜在婚介公司的工作是负责招聘“客服”，客服主要工作是在交友App或社交媒体上，用备注为男性的ID和女性聊天，“网站会自动给你匹配女生。”对方通过后，客服会表明自己的女性身份，如果对方有婚恋需求，会给她们发一些“条件好的男生”或者是“符合她们预期的男生”，对方有期待了，然后再邀约发展成为闪婚女方。 笑颜透露，客服的流动性比较大，后期很多公司会把客服拉过去相亲，凑人数，无法接受的人就会辞职。 笑颜每个月的工资只有三千多元，在她看来，如果欠了十几万元的外债，没有其他的途径可以一次性拿到十几万元，“就会抓住这种心理去说服她们。” 她介绍，公司或者红娘会找一些条件比较困难的、离过婚带小孩的女性发展成为闪婚女方，“欠债这种成交率会高一些”。 笑颜表示，婚介公司通过红娘提前问女方想要的彩礼，如果谈不下来，就按照男方出的最高价告诉女方。男方到了贵阳以后，红娘会把男方资料发给女方，如果女方有相中的，公司会帮女生买车票或机票，“过来以后，包吃包住”。 笑颜介绍，所有的婚恋公司基本上都相互合作，男嘉宾也都是共享的，只需要找女嘉宾。“哪家找到女嘉宾，这单就是哪家的。” “中介公司的利润太高了。一小间办公室，里面是二十多个客服，一个月给公司带来的利润是100万。” 笑颜是在得知上述婚介公司被查封后，离开这个行业的。 “之前我招的一个客服，在了解到闪婚的模式后，就跟经理提出不做客服，要参加闪婚相亲。” 她记得一个女生去年12月领证，称男方家暴提离婚，十六万八的彩礼不返还，男方婚后给她买的车还有共同财产都带了回来。“三个月挣了30多万，回来接着相亲。这个事情传得很广。” 在笑颜看来，公司所有签的协议都是在规避最后的纠纷。“他们不会让你抓到把柄把钱要回去，会想尽办法让男方出错，就可以不返还彩礼或少返还。” “中介公司的利润太高了。一小间办公室，里面是二十多个客服，一个月给公司带来的利润是100万。”笑颜说，公司招的客服最多的时候有50多名，每天的工资每天算。 而红娘没有底薪，有一定资源的红娘和公司不是雇佣关系，成交一个客户，有一万到三万元的提成。“我在的公司，最好的红娘一个月就成交了15个。给客户谈的服务费高，提成就比较高。” “女嘉宾拿得越少，你拿得越多。” 记者通过一名婚庆公司创始人获得的一份通话录音显示，上述婚介公司负责人曾向其介绍公司的“业务模式”。 “他（闪婚男方）带着二十几万来，你能赚个五六万，六七万。”该负责人介绍说，男女嘉宾看中了之后，先做婚检，拉征信报告，女方有负债也没关系，自己用彩礼还，或者男嘉宾帮她还。“搞定第二天就领证，把钱给到女方，马上你这个钱也拿到了。” 据介绍，经过贵阳当地的严打后，一些婚介公司已经开始转移到昆明和南宁。 在贵阳半年之后，吴都去了深圳，因为要随时到贵阳来“要钱”，他不能找固定的工作，只能租住一晚20元的床位，靠打零工生活。 11月20日，他打赢了和女方的离婚官司，贵阳市南明区人民法院一审判决要求女方退还实际收到的87900元彩礼中的79110元。他不知道女方是否会上诉，是否会成为老赖。红娘拿走的2万元，虽然有欠条，他在贵阳要了半年也没要回。,3704,https://news.cctv.com/2024/11/25/ARTIbwTwl9Q7fGie8CJYsMlt241125.shtml,婚姻;结婚;离婚;婚恋;彩礼;婚介;闪婚;相亲;家暴
People.cn,2024/11/25,内蒙古“数字民政”婚姻登记管理系统上线运行,为进一步落实《国务院办公厅关于印发进一步深化“互联网+政务服务”推进政务服务“一网、一门、一次”改革实施方案的通知》和“数字民政”建设有关要求，加快推进婚姻管理与互联网深度融合，实现新时代婚姻管理工作一体化、智能化创新发展。2024年3月，内蒙古自治区民政厅积极筹备建设新版婚姻登记管理系统，2024年11月25日“数字民政”全区婚姻登记管理系统上线运行。 新版婚姻登记管理系统在办理结（离）婚登记基本业务、婚姻登记全国联网审查、人证合一核验、跨省通办、电子档案管理和电子证照签发等功能的基础上，拓展延伸婚姻家庭辅导管理、婚姻活动宣传、婚介机构信息管理等个性化、智能化功能。群众可通过内蒙古自治区民政厅官网、内蒙古自治区政务服务网、“蒙速办”APP全方位了解各地婚姻登记机关发布的集体婚礼、集体颁证、交友联谊等活动。 此次提档升级全区婚姻登记管理系统，全方位打造了便民、利民、惠民政务服务网络平台，为广大人民群众提供更加便捷的服务渠道，推进全区婚姻登记全面进入“互联网+”时代。（王婕）,443,http://nm.people.com.cn/n2/2024/1125/c410141-41053697.html,婚姻登记;婚姻;婚介;婚礼
People.cn,2024/11/25,面对家庭暴力，除了大胆说不，还有人身安全保护令,为深入贯彻落实党的二十届三中全会关于“健全保障妇女儿童合法权益制度”的重要部署要求，进一步推动反家庭暴力法有效实施，在11月25日国际反家暴日到来之际，本报特别邀请到上海市高级人民法院未成年人与家事案件综合审判庭庭长王戎、江西省南昌市青云谱区人民法院民庭庭长胡件平、南开大学法学院副教授隗佳、中国应用法学研究所副所长雷鸿，与本报记者盖峰一起就人民法院反家暴工作进行交流探讨。 上海市高级人民法院未成年人与家事案件综合审判庭庭长 王戎 江西省南昌市青云谱区人民法院民庭庭长 胡件平 王戎：家庭暴力主要表现形式有通过殴打、捆绑、残害等直接对家庭成员身体造成伤害的身体暴力行为，通过恐吓、谩骂、侮辱、诽谤等方式对家庭成员的精神造成侵害的精神暴力行为以及强行限制家庭成员的人身自由行为，或实施极端化行为排斥、干预家庭成员正常生产、生活等侵害行为，比如跟踪、短信骚扰等。 最高人民法院2022年发布的《关于办理人身安全保护令案件适用法律若干问题的规定》扩充列举了家庭暴力行为。在司法实践中，我们还将夫妻离婚或者分居期间，抢夺、藏匿未成年子女的行为也参照家庭暴力处理，可以依法签发人身安全保护令。 使法院对家庭暴力案件事实认定难度增大，对此，您有哪些建议？ 王戎：家庭暴力主要发生于家庭内部，囿于法律认知和社会传统心理等因素，当事人通常不愿诉诸公权力解决。受害者作为相对弱势一方，既无力反抗，维权难度也很大，其身体和心理健康往往都会严重受损。 因此，一旦遭遇家暴，我们建议受害者：一是及时报警，主动求助。既可以在遭受家庭暴力时寻找机会及时报警，申请公安机关出具家暴告诫书，也可以在事后及时向妇联、村（居）委会等有关组织或单位求助并保留记录。二是保留证据，就诊验伤。在法答网涉及家暴的近千个提问中，绝大多数都是围绕证据及认定展开。因此，受害者一定要保留受伤图片、视听资料、诊疗记录，以及施暴者曾经出具的保证书、威胁短信、双方就事件处理的书面协议书等文件，这些都是十分重要的证据。 、年龄等因素对家庭暴力的认定和处理有影响吗？ 王戎：就性别而言，在家庭暴力案件中，男性受害者的遭遇可能因社会认知偏差或羞于承认而难以被及时发现。就年龄而言，老年人和儿童因表达能力有限，遭受家暴时，也往往面临取证难的问题。对此，我们会根据个案情形，依职权加大调取证据的力度。 但总的来说，家庭暴力的认定和处理，并不受行为人和受害人性别、年龄等因素的影响。无论男女老少，法院会根据具体案件事实和证据，依法公正保护每一位受害者的合法权益。比如，我记得在2016年（反家庭暴力法实施当年），上海法院就审理了一起老年男性因受妻子长期谩骂、殴打致伤的申请，并依法签发了人身安全保护令。 离婚，遇到这种情况，法院通常会怎么处理？ 王戎：我国民法典第一千零七十九条规定，当事人“实施家庭暴力或者虐待、遗弃家庭成员”的行为，法院应当判决准予离婚。我们在审理离婚案件判断双方感情是否确已破裂时，如果一方存在实施家庭暴力的行为，这就是判决离婚的法定事由之一。 而且，在判定存在家暴情节的离婚案件中，法官进行离婚财产分割可以照顾无过错方为原则，对施暴方少分或不分财产，对于无过错方精神损害赔偿的请求也会予以支持。 父母之间无论哪方存在家暴行为，势必会对孩子成长产生不利影响。因此，法院在判决抚养权归属时，会将家暴行为作为重要因素予以考量，确保孩子能在健康稳定的环境中成长。 受害人的心理创伤，您认为法院能做些什么？ 王戎：是的，家暴受害者心理创伤的愈合是一个长期过程。在办案过程中，我们可以加强部门协作，形成保护合力，为受害者提供心理辅导与干预、开展家庭教育指导、及时进行司法救助与法律援助等等。目前，上海多家法院已建立专门的心理疏导室，引入专业心理咨询机构，实现心理疏导嵌入家事审判全流程。据统计，上海法院已有365名干警取得国家心理咨询师资质。 入库案例中，我们看到了江西省南昌市青云谱区人民法院审理的李某申请人身安全保护令一案。胡庭长，作为该案承办法官，请您先简单介绍一下基本案情。 胡件平：李某（女）与龚某两人于2000年登记结婚，共生育两个儿子。2022年，龚某曾经向法院起诉离婚，后又撤回。2023年，龚某再次起诉到法院要求与李某离婚。 诉讼过程中，李某自述曾多次遭到龚某的暴力殴打，最为严重的一次是被龚某用刀威胁。但由于其本人并不想离婚，也没有收集其他的证据，能够提交的证据仅为一些身体受伤的照片和拨打报警电话的记录。 基于什么考虑，为李某发出了人身安全保护令？ 胡件平：虽然李某提供的照片和拨打报警电话的记录并不能直接证明其是遭受了龚某的家庭暴力，但考虑到人身安全保护令制度创设的目的在于预防和制止将来发生的家庭暴力行为，发出人身安全保护令的证明标准应当低于一般的民事诉讼程序的证明标准。 并且，结合本案情形，我们认为李某具有遭受家庭暴力或者面临家庭暴力现实危险的较大可能性，为了保障妇女的合法权益，预防和制止李某未来遭受家庭暴力的现实危险，我们便当即以“存在较大可能性”的证明标准，为李某作出人身安全保护令民事裁定书。 作出人身安全保护令，应当具备下列条件：（一）有明确的被申请人；（二）有具体的请求；（三）有遭受家庭暴力或者面临家庭暴力现实危险的情形。根据以上法律规定，只要符合以上条件的，申请人便可以成功申请到人身安全保护令。 们的确会碰到这种特殊情形。对此，反家庭暴力法明确规定，学校、幼儿园、医疗机构、居民委员会、村民委员会、社会工作服务机构、救助管理机构、福利机构及其工作人员在工作中发现无民事行为能力人、限制民事行为能力人遭受或者疑似遭受家庭暴力的，应当及时向公安机关报案。 除了无民事行为能力人、限制民事行为能力人之外，当事人因受到强制、威吓等原因无法申请人身安全保护令的，其近亲属、公安机关、妇女联合会、居民委员会、村民委员会、救助管理机构也可以代为申请人身安全保护令。 件平：人身安全保护令制度创设的目的在于预防和制止将来发生的家庭暴力行为。虽然客观上看，法院作出的人身安全保护令最长仅有六个月期限，但是在人身安全保护令失效之前，被申请人还有家暴倾向的，当事人还可以再向法院申请延长。 更为重要的是，针对当事人的家暴行为，法院不是在“单打独斗”。例如，我院就联合本地公安、妇联、民政、司法等多部门设立了反家暴联动中心，与相关职能部门信息共享、形成工作合力，通过加强调解、心理干预、法律知识普及等方式共同化解家暴纠纷，帮助提升民众反家暴的能力和意识，对施暴者形成强有力的震慑。 庭暴力法第三十四条规定，被申请人违反人身安全保护令，构成犯罪的，依法追究刑事责任；尚不构成犯罪的，人民法院应当给予训诫，可以根据情节轻重处以一千元以下罚款、十五日以下拘留。 司法实践中，如果被申请人拒不履行人身安全保护令裁定，正如我刚刚说的，法院会通过与其他单位部门的联动，加强对于违反禁令人员的惩戒举措。比如，我院曾针对一起不履行人身安全保护令裁定的人员依法作出司法拘留措施，被申请人一看法院是会“动真格的”，之后就再也没有实施家暴行为。 开拓创新，进一步转变家庭暴力治理理念和模式 制定与实施，司法机关处理家暴案件无法可依的情况得到改善。隗老师，您认为目前我国家庭暴力的法律治理还存在哪些问题？ 隗佳：正常情况下，家庭绝大部分内部事务处于自治范围，外界不应过多介入，才能保证家庭关系的和谐稳定。但家庭暴力对家庭成员的人身安全等合法权益伤害极大，已非单纯的内部矛盾，难以通过家庭自治得到有效解决，此时就需要外部力量的救济。目前看来，我国针对家庭暴力的处理呈现出相对保守迟滞的特点。 举例来说，我国刑法中侵害人身权利的相关罪名主要规制那些已经对生命权、身体健康权造成严重实质侵害的暴力行为，尚未涵盖语言暴力、精神暴力、轻微伤害等多种形式。实际上，尚未发生严重结果的家庭暴力本身亦蕴含导致受害人生命或者身体健康遭受重大侵害的极大可能性，正是这种潜在的暴力升级危险，需要司法及时介入并加以制止。 路。以人身安全保护令制度为例，如果出现严重程度尚未达到我国刑法规定的犯罪标准的家庭暴力行为，受害人能够向法院申请人身安全保护令，当被申请人违反该保护令时，申请人即可寻求刑事救济，即通过严厉的刑罚手段保障人身安全保护令的有效执行。依托这一规定，刑法得以与反家庭暴力法等民事法律相衔接，并形成针对家庭暴力的公私合作治理模式。 公私合作治理模式有利于全面发挥刑法对于家庭暴力的威慑功能，以刑罚实现对加害人的特殊预防、对被害人的特殊保护，并且缓解了家暴案件中存在的最难以解决的暴力行为的证明问题。因为在公私合作治理模式中，由于人身安全保护令属于民事裁定，此时申请人主张对方有家暴行为申请保护令时，所需证据的证明标准达到高度盖然性即可，远低于直接启动刑事追诉程序所需的证明标准。如果被申请人继续施暴，则以其违反民事裁定的行为追究其刑事责任，一定程度上减轻了受害人对于家暴行为的证明负担。 理模式，以人身安全保护令为基础构建的公私合作治理模式可以将以往被忽视的尚未引发严重实害结果的家暴行为纳入刑法视野，在理论上确实可以扩大刑法对于家庭暴力的打击面，但囿于种种因素，目前公私合作治理模式尚未完全达到预期效果。 例如，反家庭暴力法仅明确列举了禁止施暴、禁止骚扰跟踪、责令迁出住所三项禁止令，对家暴受害人的保护并不周全，需增加、细化具体执行内容。 另外，我认为家庭暴力的治理理念还应由“损害救济”转为“风险救济”，并以积极刑法观为指导，在严重实害结果出现之前探求有效的法律介入途径，以充分保障家暴受害者的合法权益。 加强反家暴问题研究，为审判实践提供理论支撑 学研究所制定了第一份反家庭暴力司法审判参考性指导文件《涉及家庭暴力婚姻案件审理指南》，第一次将人身安全保护令制度引入我国。雷副所长，您能介绍下后续发展情况吗？ 雷鸿：随着该审理指南试点工作的推开和反家庭暴力的法治宣传加大，各地区也陆续出台了预防和制止家庭暴力的地方性文件。2016年反家庭暴力法实施之后，最高人民法院围绕人身安全保护令制定了一系列司法解释，尤其是2022年出台的《关于办理人身安全保护令案件适用法律若干问题的规定》，明确了人身安全保护令案件中的几个重点问题，如“不以提起离婚等民事诉讼为条件”“家庭暴力范围”“共同生活的人”“相关证据”等，对司法实践起到了较好的指导作用。 各级人民法院共签发人身安全保护令1.5万余份，签发率由2016年的52.0%提升至2022年的77.6%。 2023年，全国法院共签发人身安全保护令5695份，相较于2022年同比增长41.5%，增长幅度创近五年来新高。可见，人身安全保护令越来越为公众所知、所用。对于家暴受害者来说，它就是保护自身权益的司法防护盾。 17年以来，最高人民法院陆续发布了多批涉及家庭暴力的典型案例。这些案例一直都是应用法学研究的重点。其中，既有夫妻、父母子女等家庭成员之间的暴力，也有同居等非家庭成员的暴力；既包括殴打等身体暴力，也包括侮辱、谩骂、恐吓等精神暴力；既有对以管教子女为名实施家暴行为的认定，也有对不堪忍受家庭暴力杀死施暴人行为的认定；既有对受到殴打等身体暴力的受害人的保护，也明确将目睹家庭暴力的未成年子女确定为家庭暴力受害人；既有全流程在线申请人身安全保护令，也有对人身安全保护令实行回访和督促执行的做法，等等。 这些案例对于法治宣传和指导审判实践，均发挥了重要作用，下一步还需要进一步深化研究。 映强烈的违法犯罪活动”。从应用法学研究角度看，预防和纠治家庭暴力，您认为应重点关注哪些方面？ 雷鸿：一是要坚持将习近平新时代中国特色社会主义思想的世界观、方法论和贯穿其中的立场观点方法自觉融入研究全过程各方面，以习近平法治思想为指引，进一步深化推进对反家暴相关重点难点问题研究。 二是要聚焦审判执行中心任务，确保研究取得实际成效。紧扣当前反家暴司法实践中出现的家庭暴力行为举证难、人身安全保护令执行难，冷暴力等行为能否纳入家庭暴力范围，强制报告制度的主体、范围、时间及责任如何进一步明确，告诫书制度如何完善等问题开展深入研究，着力缩小审判理论供给上的差距，为审判实践提供有力的理论支撑。 三是坚持凝聚多方力量，增进共识形成合力。对于反家暴领域存在的问题，学术界和实务界一定程度上存在各自为战、资源分散、研究成果针对性实用性不强的现状。为此，中国应用法学研究所建立了对内联络、对外联络、会商研讨“三个机制”，积极发挥研究基地的司法智库平台作用，通过组织反家暴相关法律问题专题研讨等方式，推进理论与实务的深度融合。 为，下一步的发力点有哪些？ 雷鸿：只有厚植反家庭暴力的法治土壤与社会土壤，让越来越多的人敢于伸出援助之手，对受害者的支持才会更加有力，实现消除家庭暴力的目标才会更近。 一是进一步做好反家庭暴力的法治宣传，推动形成对家庭暴力零容忍的社会氛围，让受害者更容易打破沉默、勇敢发声。 二是统一人身安全保护令案件的证明标准，对于人身安全保护令可以按照程序性事项的“较大可能性”标准掌握，进一步提高签发率。同时，对一些基层法院采用的线上申请人身安全保护令等做法进行推广，为家庭暴力受害人提供更加可及、更为便捷的绿色通道。 三是进一步推动形成反家暴案件的执行联动机制，细化反家庭暴力法规定的“协助执行”主体的范围、程序、职责及不依法履职的后果。同时，积极配合地方党委、政府将预防和制止家庭暴力纳入网格化管理、精细化服务、信息化支撑的基层治理平台。 另外，我们在研究工作中了解到，家庭暴力案件中经常存在被申请人性格暴躁、双方冲突激烈的情况，被申请人往往有威胁、恐吓法官的行为，对于涉家暴案件办案法官的保护也值得重视。为此，法研所就法官在长期司法实践中接触到各种负面情绪、悲惨事件和犯罪行为带来的司法职业替代性心理创伤问题曾进行专门研究，得到了最高人民法院的高度重视。今后我们对此将进一步深入研究，最终目的是让法官能更好地审理涉家暴案件，切实筑牢反家暴的司法防线。（记者 盖峰）,5724,http://yn.people.com.cn/n2/2024/1125/c361322-41053055.html,婚姻;结婚;离婚;夫妻;家庭暴力;家暴
China News Service,2024/11/26,四十余年的三段关系，究竟哪一段能够形成婚姻的法理之链？,中国商报(记者 李海洋)近日，一场由中国政法大学、北京大学法学院、中国人民公安大学等多位法学界知名教授参与的“同居与事实婚姻法律关系研讨会”在北京隆重举行。此次研讨会针对一宗具有典型意义的案例进行了深入研究和探讨，为法律界提供了宝贵的论证意见。 据了解，这起案件的卷宗材料颇为丰富，主要包括海南省第二中级人民法院刑事裁定书【(2021)琼97刑终164号】、海南省高级人民法院民事判决书【(2023)琼民终339号】以及海南省东方市人民法院的民事判决书【(2022)琼9007民初131号】，此外还有四份申诉通知书。这些法律文书背后，是一段错综复杂的情感与法律纠葛。 案件回顾显示，1978年，陈某艺经人介绍与苏某某喜结良缘，按照东方市的习俗摆下喜酒，并从1982年开始先后育有五个子女。然而，二人未领取结婚证，因此并未在法律上正式结为夫妻。1990年，陈某艺全家迁至三亚，开始建房。期间，陈某艺长期在外地居住，并于1993年初与苏某某感情生变。尽管如此，陈某艺仍承担起抚养五个子女的责任。 转年夏日，陈某艺与同村的林某某相识相恋，共同居住在东方市并育有一女一子。林某某不仅在生活上对陈某艺照顾有加，还一同参与创业，共同成立海南XX食品有限公司。在此期间，林某某亦视陈某艺与苏某某所生的子女为己出，给予他们关爱与照顾。而后，陈某艺与林某某一同赴海口建厂，但因性格不合常起争执，最终于2016年感情破裂。 2019年12月17日，陈某艺在东方市民政局与苟某某登记结婚。然而，这一行为却引发了苏某某的不满，其于2020年3月向海南省东方市人民法院提起刑事自诉，指控陈某艺与苟某某犯下重婚罪。经过审理，法院判决陈某艺犯重婚罪但免予刑事处罚，而苟某某则无罪。陈某艺不服判决提起上诉后，二审法院维持原判。在此期间，苏某某又提起离婚诉讼，法院裁定中止审理，先刑事后民事处理。 海南省第二中级人民法院在2023年的民事判决中认定，陈某艺与苏某某自1978年开始已构成事实婚姻关系。随后，陈某艺上诉至海南省高级人民法院，但终审裁定驳回上诉、维持原判。此外，海南省东方市人民法院也作出最终裁定，宣告陈某艺与苟某某的婚姻无效。 然而，这起案件的复杂性远不止于此。关于陈某艺的婚姻状况存在诸多法律疑点和争议点。例如：陈某艺与苏某某的事实婚姻是否在1993年已经解除？若事实婚姻未解除，其效力会持续到何时？再如，若事实婚姻在1993年已终止，那么此后陈某艺的财产应如何分割？而1994年后，陈某艺与苏某某之间是否还存在事实婚姻关系？以及陈某艺与苟某某的登记结婚是否真的构成重婚罪？ 针对这些疑问，参与研讨会的专家根据现有证据和材料，经过认真分析和深入讨论认为，从一审判决、二审裁定来看，陈某艺与苏某某从1978年按照东方市当地风俗习惯摆喜酒后共同生活，生下五个子女，至1993年初分手，双方构成事实婚关系。对此，法院判决、裁定予以认定，双方也没有争议。但目前法律对事实婚姻的解除存在空白，没有明确标准。在本案中，陈某艺在主观上，于1993年之后不再愿意和苏某某一起共同生活，更不愿意维持其夫妻关系，还存在和苏某某分割财产的行为，放弃了夫妻共同生活的意图，其他诸多证言也证明周围群众已不再认可其双方是夫妻关系，事实婚姻应当已经终止。通过对陈某艺身边亲友、第二段事实婚姻的伴侣、陈某艺公司股东等人即相关资料的多组证据显示，专家组认为，陈某艺与苏某某之间的事实婚姻在1993年已经解除。 专家分析认为，陈某艺与苏某某的关系在1993年发生变化，随后陈某艺与林某某之间又共同生活、生儿育女。多份企业资料、出生证明、照片、证人证言表明，陈某艺与苏某某在1993年已经分手，并且之后与林某某共同生活、共同创业，林某某对陈某艺个人资产的增加做出了巨大贡献，那么根据公平原则和法律规定，对于1993年之后陈某艺的财产，苏某某无权要求分割。在离婚诉讼中，苏某某对陈某艺1993年之后的财产提出分割要求是不合理的，侵犯了陈某艺和案外人林某某的合法财产权益。 至于陈某艺是否构成重婚罪，法律专家认为，陈某艺与苏某某仅构成事实婚姻，陈某艺与苟某某则是合法登记结婚。陈某艺与苏某某在1993年之前的事实婚姻不足以作为陈某艺重婚罪成立的基础。陈某艺对于自身行为是否违法的认知存在模糊之处，这导致难以断定他在与苟某某进行结婚登记时具有重婚的犯罪意图。1993年，陈某艺与苏某某之间的事实婚姻关系已经结束，此后至2016年，陈某艺与林某某以夫妻的名义共同生活。2019年他又与苟某某办理了结婚登记。所以，陈某艺主观上以为自己处于未婚状态。 最终，专家分析认为，陈某艺和苏某某的事实婚姻在1993年已经解除，该段婚姻的效力并未持续到2019年，1993年之后的财产应绝大部分归陈某艺所有。1994年2月1日之后，陈某艺和苏某某之间的事实婚姻既无法“认定”，更得不到婚姻法上的“承认”。2019年陈某艺和苟某某登记结婚，不构成重婚罪。 【,2039,https://www.chinanews.com.cn/sh/2024/11-26/10325550.shtml,结婚登记;婚姻;结婚;离婚;重婚;伴侣;夫妻
People.cn,2024/11/26,最高法：鼓励受害者用法律武器对家庭暴力说“不”,"人民网北京11月25日电 （高清扬、薄晨棣）11月25日是国际消除对妇女暴力日，也被称为国际消除家庭暴力日。最高人民法院与中华全国妇女联合会联合发布5件反家庭暴力犯罪典型案例。 最高法表示，惩处家庭暴力犯罪，应当坚持宽严相济刑事政策，既不能因为此类案件发生在家庭内部而简单从宽，也不宜一律从严，而应做到该宽则宽、当严则严、宽严相济、罚当其罪。 一方面，对于实施家庭暴力手段残忍或者造成严重后果，因酗酒、吸毒、赌博等恶习而实施家庭暴力等情节恶劣的犯罪分子，坚决依法从严惩处。 如此次发布的被告人谢某宇故意杀人案中，被告人谢某宇与被害人文某某（女，殁年31岁）登记结婚后，谢某宇常年沉迷赌博，双方家庭通过变卖房产等方式为其偿还巨额赌债。谢某宇还多次无故殴打、辱骂文某某，甚至持剪刀捅扎文某某，致文某某多次受伤。后文某某提出离婚，并向法院提起离婚诉讼，谢某宇不愿离婚，多次扬言杀害文某某。在威胁文某某撤诉未果后，谢某宇持刀捅刺文某某数下，致其当场死亡。 法院生效裁判认为，被告人谢某宇故意非法剥夺他人生命，其行为已构成故意杀人罪。谢某宇常年沉迷赌博并多次对妻子实施家暴，因不满妻子起诉离婚，经预谋后将其杀害，作案动机卑劣，犯罪情节恶劣，罪行极其严重。据此，对谢某宇以故意杀人罪判处死刑，剥夺政治权利终身。经最高人民法院核准，谢某宇已被依法执行死刑。 另一方面，对因长期遭受家庭暴力，身心严重受损，不堪忍受愤而伤害、杀害施暴者的，综合考虑案件起因、行为性质、被害人过错等因素，依法从宽处理。 如此次发布的被告人赵某梅故意杀人案中，被告人赵某梅与被害人刘某某（男，殁年39岁）结婚十余年。近年来，刘某某经常酒后无故对赵某梅进行谩骂、殴打，致赵某梅常年浑身带伤并多次卧床不起，刘某某还以赵某梅家人生命相威胁不许赵某梅提出离婚。刘某某亦谩骂、殴打自己的父母、子女。 某日，刘某某酒后又无端用拳脚殴打赵某梅,致赵某梅面部肿胀、耳部流血，殴打持续近两个小时。次日，赵某梅趁刘某某熟睡，持家中一把尖刀捅刺刘某某胸部，发现刘某某死亡后，拨打报警电话投案，到案后如实供述犯罪。经鉴定，刘某某系急性失血性休克死亡，赵某梅面部外伤评定为轻伤二级。刘某某的父母、子女均对赵某梅表示谅解。 法院生效裁判认为，被告人赵某梅故意非法剥夺他人生命，其行为已构成故意杀人罪。被害人刘某某在婚姻生活中长期对赵某梅实施家庭暴力，案发当晚又无故殴打赵某梅长达近两个小时，作为长期施暴人在案件起因上具有明显过错。赵某梅因不堪忍受刘某某的长期家庭暴力，在激愤、恐惧状态下，为了摆脱家暴而采取极端手段将刘某某杀害，且仅捅刺一刀，未继续实施加害，犯罪情节并非特别恶劣，可认定为刑法第二百三十二条规定的故意杀人“情节较轻”。 结合赵某梅作案后主动投案，如实供述全部犯罪事实，系自首，并认罪认罚，取得被害人亲属的谅解等情节，依法从轻处罚。据此，对赵某梅以故意杀人罪判处有期徒刑五年。 最高法表示，对因家庭暴力引发的杀害、伤害施暴人犯罪从宽处罚，绝不是鼓励家庭暴力受害者“以暴制暴”。家庭暴力受害者一定要通过法律途径维护自己的合法权益，避免新的悲剧发生，使自己身陷囹圄，决不能以犯罪来制止犯罪。 法院提醒，一旦遭受家庭暴力，受害者可以向公安机关报案，或通过向人民法院申请人身安全保护令和提起离婚诉讼等方式维护自身权益；也可以向妇联、居民委员会、村民委员会等单位投诉、反映，及时寻求帮助，通过法律武器更好保障自己的人身安全和合法权益。",1436,http://yn.people.com.cn/n2/2024/1126/c361322-41054468.html,婚姻;结婚;离婚;家庭暴力;家暴
China News Service,2024/11/27,“明明有结婚证，还要开婚姻关系证明”？基层为何还在为开证明犯难？,近年来，各地大力为基层减负、规范村(社区)组织工作事务，由基层开具的证明大幅减少，但不合理开具证明的情形仍在一定程度存在。半月谈记者走访发现，一些企业和单位依然要求居民到村、社区开具“亲属关系证明”“政审证明”“贷款证明”“家庭困难证明”等。这让村、社区犯了难——开，没有政策依据，有些证明甚至还有法律、责任风险；不开，群众无法办事有意见，可能引发干群矛盾。 针对村、社区被迫开具五花八门证明的问题，近年来中央和地方出台相关政策文件，有效规范基层证明事项，明确提出，凡缺乏依据的证明事项，党政群机构一律不得要求村级组织出具。 2023年，重庆市相关部门印发涉村(社区)事项“四清单一目录”，明确规定“农村土地承包经营权办理变更事项证明”“婚姻登记档案丢失的婚姻状况证明”等5项证明为村(社区)依法出具证明事项清单，包括亲属关系证明、无犯罪记录证明、死亡证明、健在证明等32项证明不应由村(社区)出具。 重庆市永川区萱花路社区党委书记伍景红表示，过去基层要开具的各种证明太多，平均一天要开十几张，一年下来用章登记册是厚厚的一本，如今一个月开的证明少则几张、多则十几张，大大减轻了基层负担。 尽管开证明少了，但半月谈记者走访了解到，部分保险公司、银行要求居民开具的证明，让村(社区)干部犯难。“去年一位居民因办理保险业务来开婚姻关系证明，明明有结婚证，但保险公司就是要社区开证明。当时我挺生气，但居民要办事，还是开了。”西部某地一位社区党支部书记说。 重庆相关政策明确规定，居民办事涉及亲属关系证明的，可通过公安、民政等部门核对信息或提供户口簿、结婚证、出生医学证明等予以证明，不由村、社区开具。 重庆两江新区梧桐路社区党委书记袁逢娇说，一些保险公司在办理保险理赔时，要求居民到社区盖章证明投保人和受益人是什么关系，甚至是怎么受伤的。“我多次跟保险公司人员沟通，社区开不了这类证明，但对方说公司就是这样要求的。” 因亲属去世，部分居民需要到银行取出亲属账户内的存款。多位受访村(社区)干部说，不少银行依然要求居民到村(社区)证明“我爸是我爸”“我妈是我妈”。“有的银行不认户口本，只认社区盖章的证明。”西部某县一位社区党支部书记说，“我们社区接近1万人，只能安排人上门核查，否则我也无法确认。” 此外，一些单位和高校在员工入职、学生入党时，要求到村(社区)开具政审证明，也让基层头疼。“政审证明在我们开具的证明中占比较大，比如前段时间一个部门录取了一名公务员，要求他到社区开具政审证明，证明是否有违法记录、日常行为表现如何，社区哪有能力证明。”一位社区干部说。 这些“难开的证明”让基层陷入两难：相关规范性文件明确规定基层哪些证明能开、哪些不能开，对许多事情基层也无力佐证；但不开，就会影响群众办事，甚至引发矛盾。 “有次一位大学生因为入党来社区开政审证明，我们拿出文件说现在社区不开这种证明。她跟学校打电话，对方说必须开，她就在办事大厅哭了起来，最后还是给她开了。”一位社区党委书记说，在不违反原则的情况下，能开的证明还是尽量给居民开。 但有些证明开了之后，可能给基层带来法律和责任风险。上述社区党委书记说，以前有个社区因为给居民开具亲属关系证明，取走去世父亲银行里的存款，结果其兄弟就到社区闹，质问社区为何不征求其他家属意见就开了。“现在凡是这种证明，我们都要求所有子女对长辈遗产达成一致处置意见并签字画押后才开。” 有基层干部反映，一些居民在办理银行贷款时，银行要求村(社区)出具收入证明以证明其有还款能力。“我们无法真实了解村民经济状况，根据相关政策也不由我们开。同时，如果村民还不了贷款，银行找我们怎么办？所以这种证明我们不开。”某县一位村党支部书记说，“一位村民为此到处投诉，说我们不作为。” 为方便群众办事，对于一些不应开的证明，村(社区)只好模糊处理证明内容。半月谈记者了解到，一些学校、医疗机构、司法机关对于家庭困难群众有一定的帮扶或费用减免政策，但需要居民提供贫困证明。多位受访村(社区)干部表示，脱贫户各种保障救助政策是很全的，开贫困证明就意味着基层工作没干好，不开群众又有意见，村(社区)只能在证明上写“家庭收入不高、希望给予帮助支持”之类的话。 在规范村(社区)开具证明事项后，为何还存在这些不应而非要社区开具的证明？受访基层干部介绍，这些规范性文件主要在党政系统内下发，党政部门要求开具的证明大幅减少，但不少企事业单位依然把相关证明作为办事的前置条件。 “我跟一些单位说，现在上级文件规定基层很多证明不开了，但对方说他们不知道，按照办事流程需要社区开具证明。”一位社区党委书记说。 受访基层组织部门干部认为，群众办事涉及面广，未在规范清单内的证明事项，群众确实有需要的，村(社区)可对能够核实的事项出具相关证明。但目前基层仍经常被要求开具无法核实的证明，一定程度上说明有的单位和部门工作作风不实，把本该自己承担的工作和责任推给基层。 有村(社区)干部表示，作为基层群众性自治组织，村(社区)的章不是“万能章”，希望相关单位系统梳理、优化群众办事流程，减少基层不应开、无法开的证明，进一步推进“减证便民”。 小小证明关系群众利益，折射出工作机制和作风问题。重庆市委党校教授侯晋雄建议，一方面要完善部门间信息共享机制，加快各类证件的电子化，让数据多“跑路”、群众少“跑腿”，凡可网络查询的，不再要求群众到村(社区)开具证明；另一方面相关单位和部门要梳理分析开具证明事项，按照相关政策该取消的要坚决取消，该自己核实的要自己核实，不要“甩锅”基层。 原标题：《基层为何还在为开证明犯难？开，有风险；不开，有意见》,2314,https://www.chinanews.com.cn/sh/2024/11-27/10326333.shtml,婚姻登记;婚姻;结婚
People.cn,2024/11/27,绍兴百名单身青年人才浪漫邂逅,为积极培育新型婚育文化，全面推进绍兴市全周期婚育指导服务体系建设，助推青年人才在绍兴安家落户，11月23日下午，绍兴市妇联联合市交投集团等单位共同举办以“浪漫金秋 篝火燃情”为主题的“越地女儿·家缘”单身青年人才篝火联谊活动。来自全市各企事业单位的近100名单身青年人才齐聚柯桥区稽东镇会稽山研学国际营地，共同点燃心中对爱与缘分的热情向往，留下浪漫回忆。 活动现场。绍兴市妇女儿童家庭服务中心供图 在温馨的秋日午后，一场别开生面的联谊活动悄然开启。男女嘉宾们围坐一堂动手制作藤编杯垫，手工制作的破冰环节巧妙拉近了彼此的距离，让初识的尴尬与疏离在指尖的穿梭与交织中渐渐消散。 随着藤编环节结束，众人移步户外，进行一场新颖有趣的“丘比特之箭”活动。在教练的组织引导下，大家男女搭配，组队竞技，箭矢飞舞间，既有紧张刺激的对抗，又不乏默契合拍的互动。 活动现场。绍兴市妇女儿童家庭服务中心供图 晚饭后夜幕低垂，篝火晚会也拉开序幕。明亮跃动的火焰在众人的注视下腾空而起，瞬间点燃沉寂的黑夜与嘉宾们的热情。主持人带领大家进行热身游戏与围火圈舞，火光映照下的脸庞洋溢着幸福与欢乐。大家的合唱更是将联谊活动推向了高潮，歌声与火光交织，留在这个难忘的夜晚。 在篝火映照下，大家打开心扉互诉衷肠，展示歌喉与其他才艺，观者们挥动星星应援灯以表支持鼓励。最后男嘉宾们鼓起勇气，将手中的玫瑰花献给心仪的女嘉宾。现场26对配对成功的嘉宾们携手点燃“仙女棒”，绚烂的光芒映照在他们幸福的笑脸上，为这场联谊活动画上了完美的句号。,648,http://zj.people.com.cn/n2/2024/1127/c186327-41055664.html,婚育;单身
People.cn,2024/11/27,给力的反家暴制度让受害者有底气说“不”,11月25日是国际消除对妇女暴力日，也被称为国际消除家庭暴力日。为进一步提高全社会对反家庭暴力的关注和重视，切实维护妇女、儿童等家庭暴力受害者的合法权益，对施暴者、潜在施暴者形成有力震慑，最高人民法院与中华全国妇女联合会联合发布了5件反家庭暴力犯罪典型案例。 此次发布的5件案例，有的涉及施暴者因不满对方起诉离婚预谋杀人，有的聚焦因不堪忍受长期严重家庭暴力而杀死施暴人的情况，有的展示了受害者勇于向家庭暴力说“不”的正向示范，充分反映了这类案件的复杂面向。 由于案件起因、作案动机、具体情境的不同，家庭暴力案件的确具有较强的复杂性和多样性，相关处理也不可一概而论。但越是复杂，越有必要分门别类地进行深入解析，厘清施暴者的法律责任和相应惩处力度，为受害者提供更加全面、充分、及时的保障。这些典型案例的发布，既彰显了对家庭暴力零容忍的鲜明态度，也为后续司法实践提供了指导意义。 梳理这些案例的基本案情和裁判结果，可以清晰感受到宽严相济的司法理念贯穿其中。在案例一中，被告人谢某宇不仅时常殴打、辱骂妻子，还因不满妻子起诉离婚而预谋报复杀人，性质极其恶劣，后果特别严重。据此，法院明确其行为已构成故意杀人罪，对其判处死刑。而在案例二中，被告人赵某梅的行为虽构成故意杀人罪，但考虑到其长期遭受家庭暴力，身心严重受损，不堪忍受愤而伤害、杀害施暴者等因素，法院也依法认定其故意杀人“情节较轻”，予以从宽处罚。宽严相济、罚当其罪的原则，避免了简单“一刀切”造成的不当误判，使相关判决更加合理、有度。 此次发布的典型案例，还有针对性地回应了社会常见的认知误区和受害者顾虑。例如，一些施暴者误以为酒后施暴可以被从轻处理，并借此为自己的违法行为开脱。相关案例的法院生效裁判明确，案发时是否处于醉酒状态不影响其行为性质的认定，亦不是从轻处罚的考量因素，有力堵上了逃脱责任的“后门”。 现实中，还有不少受害者因“家丑不可外扬”等陈旧观念，在遭受家暴时羞于向外界寻求帮助，只是自己默默隐忍；因担心孩子成长受到负面影响，在切断“有毒”的婚姻关系时仍有所犹疑；因害怕向外求助后不被重视，被施暴者发现后遭到报复而失去勇气；或因缺乏稳定的经济来源，对离婚后的生活充满未知而难以抉择。 此次最高法联合全国妇联发布的反家暴典型案例，不仅在法律层面上具有鲜明的指导意义，也在社会观念和支持系统的完善层面提供了不少借鉴和启示。比如在案例三中，被害人丁某（女）因遭到家暴决意离婚，并向当地妇联寻求帮助。当地妇联工作人员在了解到家庭变故导致丁某之子产生自卑、厌学情绪甚至轻生念头后，帮助联系心理咨询师为其提供心理辅导。经数次辅导后，其情绪得到缓解，与母亲的关系也得以改善。 这也说明，孩子不该成为家暴受害者放弃依法维权、默默忍受伤害的“软肋”，只要处理得当，引导孩子真正意识到家庭关系中的问题，看到受害者的现实痛苦，就能帮助其解开心结，学会尊重家长的理性选择。这一案例中，丁某勇敢站出来为自己发声，向妇联求助、向法院申请人身安全保护令和提起离婚诉讼等“教科书式”做法，也为其他受害者积极运用法律武器反抗家暴提供了正确示范。 我国反家庭暴力法明确指出：“反家庭暴力是国家、社会和每个家庭的共同责任”。上述典型案例再次说明，只有当反家暴的法律制度有效发力，社会各环节的支持体系更加“给力”，才能真正消除家庭暴力的生存土壤，让受害者有底气、有能力向家暴说“不”。(任冠青 ),1410,http://yn.people.com.cn/n2/2024/1127/c361322-41055692.html,婚姻;离婚;家庭暴力;家暴
People.cn,2024/11/28,乌鲁木齐移民事务服务中心办理首例涉外婚姻登记业务,25日上午，34岁的中国女子杨茗蛟与38岁的韩国男子金峻范在乌鲁木齐移民事务服务中心（海外人才服务中心）顺利完成婚姻登记并领取了结婚证。“我们结婚啦！”新人的幸福宣誓让现场弥漫着甜蜜的气息，新郎还深情地用韩语高呼：“我爱你！” 这是乌鲁木齐涉外婚姻登记业务权限下放后的首例涉外婚姻登记业务，也是乌鲁木齐移民事务服务中心（海外人才服务中心）成立以来的首例涉外婚姻登记业务。 杨茗蛟和金峻范都在上海工作，11月23日晚特意回到女方的家乡乌鲁木齐办理结婚登记。“办理之前，我们先通过电话了解了流程与所需材料，工作人员态度热情且专业。”杨茗蛟说，整个办理过程的顺畅程度远超他们的预期，使得他们在当天下午便能搭乘飞机返回上海工作，“到了现场才知晓我们是在此办理涉外婚姻登记业务的首对新人，能够见证新疆的开放与发展，我深感荣幸。” “此前，本地户籍居民的涉外婚姻登记业务仅能在乌鲁木齐市民政局办理，如今权限下放后，一方常住户口在乌鲁木齐市的居民办理涉外婚姻登记时，既可选择市级婚姻登记机关，也可选择乌鲁木齐高新技术产业开发区（新市区）婚姻登记机关。”高新区（新市区）民政局相关负责人贺扬介绍，“我们专门设置了一个涉外婚姻登记窗口，有相关办理需求的市民，可先拨打0991-6657987咨询，通过电话完成材料预审，工作人员会详细告知当事人所需资料及办理须知等。” 乌鲁木齐移民事务服务中心（海外人才服务中心）是新疆首个移民事务服务中心，“一站式”业务办理专区能够办理外籍人员签证、旅行证、边境通行证等9项出入境业务的证件发放工作，还在全疆率先推出外籍人员来华工作许可与来华居留许可“一窗通办、两证联办”的涉外审批新模式，将证件办理时间从35个工作日压缩至15个工作日，并可以办理外籍人员社保、公积金以及境外驾照转换等业务。此外，还能为外籍人员提供子女入学、入境体检、看病就医等业务的咨询以及帮办代办领办服务。 “自10月21日揭牌起至今，乌鲁木齐移民事务服务中心（海外人才服务中心）已办理各类涉外服务事项1200余人次。”高新区（新市区）委常委、管委会副主任（副区长）孙笑宇说，“服务中心将聚焦外国人来乌工作、生活、医疗、教育、社会融入等多方面需求，为外籍人员打造‘一站式’服务体系，构建全方位、综合性涉外服务平台，立志打造全疆为外国人来华、来乌提供便利服务的标杆典范，发挥示范引领作用并逐步在全疆推广普及。”（郭倩）,1002,http://xj.people.com.cn/n2/2024/1128/c186332-41057818.html,婚姻登记;结婚登记;婚姻;结婚
People.cn,2024/11/28,以案释法 | 夫妻财产属共有 公序良俗要遵守,夫妻共同财产是指夫妻在婚姻关系存续期间所得的由《中华人民共和国民法典》所规定的财产。夫妻对共同财产享有平等的处理权。 在夫妻一方去世后，另一方能否追回其未征得同意向第三者单独处分的夫妻共同财产呢？ 小丽与老王结婚多年，双方婚姻关系存续期间，老王谎称单身，与小美交往并同居。期间，老王多次向小美单独处分夫妻共同财产，通过微信转账合计22万余元。 某日，老王因病去世，小美随即报警。经公安查询，老王的婚姻状态为已婚，故通知小丽来认领。 小丽得知二人有不正当男女关系后，查阅了老王生前聊天记录，发现上述转账行为，遂起诉至法院要求小美返还财产。 法院认为，通过微信转账数额及聊天记录可以证明老王与小美长期保持婚外情关系，明显违反公序良俗。故老王的赠与行为无效，应予撤销，小美因该行为取得的财产应当予以返还。 案件审理过程中，双方当事人自愿达成了调解协议，小美向小丽返还款项共计15万元。 法律是维护社会公序良俗的坚实防线。良好的社会风尚需要公民自觉地遵守法律法规，恪守基本道德准则。日常生活中，公民要积极学法、用法，依照法定程序、运用法律手段维护自身合法权益。 第八条 民事主体从事民事活动，不得违反法律，不得违背公序良俗。 第一百五十七条 民事法律行为无效、被撤销或者确定不发生效力后，行为人因该行为取得的财产，应当予以返还；不能返还或者没有必要返还的，应当折价补偿。有过错的一方应当赔偿对方由此所受到的损失；各方都有过错的，应当各自承担相应的责任。法律另有规定的，依照其规定。,636,http://jl.people.com.cn/n2/2024/1128/c349771-41057991.html,婚姻;结婚;单身;夫妻
People.cn,2024/11/29,宁夏吴忠市团委“三项行动”加强农村高额彩礼治理,今年以来，共青团吴忠市委员会持续开展农村高额彩礼专项治理青年新风行动，制定重点任务清单，将4个方面工作部署细化为13项重点措施19个具体任务，多措并举引导青年树立正确婚恋观。 吴忠团市委以深耕青年需求、精准服务青年为主线，搭建青年交友平台。举办“青春有约”主题青年交友联谊活动15场次，累计参与1000余人次。举办新式集体婚礼9场，覆盖新婚夫妇88对。签订“零彩礼”“低彩礼”承诺书1870份，发放抵制高额彩礼倡议书4000余份。吴忠市利通区开展“青春有约·cp出圈计划”系列活动。吴忠市青铜峡市举办“520”集体颁证活动。吴忠市盐池县举办“推进移风易俗 弘扬时代新风”青年短视频创作大赛。吴忠市同心县与14家婚礼策划、婚纱摄影、婚宴服务等礼遇门店签约，为“零彩礼”“低彩礼”家庭提供优惠服务。 此外，坚持“政策扶持+正向激励+监督约束”共同发力，引导青年树立正确的价值观、婚恋观。对家庭困难的“零彩礼”“低彩礼”新婚夫妇和家庭成员优先给予“圆梦行动”“希望小屋”“大病救助”“点亮微心愿”等公益项目帮扶，惠及家庭困难青少年35户。 “我们在‘12355’青少年综合服务台和‘青年来信’开通婚俗陋习投诉渠道，及时受理和转办高额彩礼、人情攀比、大操大办等举报投诉。依托240余名‘西部计划’志愿者组建‘高额彩礼监督员’队伍，及时了解掌握农村适婚青年婚姻动态，不断提升专项治理成效。”吴忠团市委副书记孙世瑞说。,603,http://nx.people.com.cn/n2/2024/1129/c407413-41059501.html,婚姻;婚恋;彩礼;婚俗;适婚;婚礼
People.cn,2024/12/1,人民热评：胖东来“彩礼事件”，不妨把答案交给时间--观点--人民网,11月20日，于东来在个人社交平台发文表示，从明年起，“胖东来人结婚不允许要彩礼或付彩礼；婚礼不能铺张浪费，婚礼酒席只能邀请亲朋，酒席不能超过五桌”。此言一出，立刻引起舆论极大关注。此后，于东来就此作了解释：“我的心愿是好的，的确我表达的方式和方法是不对的，这说明大家对公众及个体权利有更强的意识，开心的是大家的愿望都是一致的！” 作为一家明星企业，胖东来及于东来本人一直备受舆论关注。从某种角度来看，胖东来的成功不是偶然的，首先源于价值观的成功，于东来因此成为很多人心目中的“理想老板”。今年初，于东来表示，胖东来新增10天“不开心假”，由此收获了一片掌声。从“不开心假”到“胖东来人结婚不允许要彩礼或付彩礼”，虽然外界舆论有赞有弹，但于东来传递的信号始终是明确的：企业在追求经济效益的同时，始终重视员工的心理感受。企业文化不仅是企业内部文化，也是社会主流文化、大众文化的一部分。说到底，企业不仅要在商言商，还要注重社会责任。 “天价彩礼”饱受诟病，不仅给年轻人婚恋带来巨大压力，而且制造了一系列社会问题。胖东来涉及彩礼的要求，本意在倡导文明嫁娶新风尚，也呼应了移风易俗上的一些痛点，其导向意义值得关注，在具体方法上可以商榷。企业文化和价值观，对员工的工作积极性和归属感有着重要的影响。鞋合不合适，只有脚知道。企业和员工之间，本身就是一个双向选择的过程。同时，企业通过塑造积极向上的文化氛围，也可以吸引认同企业价值观的员工。 一直以来，胖东来及于东来在社交媒体上拥有良好的口碑。这一方面得益于胖东来树立的积极向上的价值观，另一方面得益于胖东来物美价廉的极致性价比。11月27日，于东来在社交媒体晒出公司2024年的经营情况。数据显示，截至11月26日，胖东来集团今年累计销售额146.38亿元。有如此业绩做支撑的于东来，面对舆论关切还是做了诚恳的解释，事情也似乎告一段落。 作为“网红企业家”，于东来们的一言一行都格外引人关注。在此过程中，没必要“捧杀”，也不应该“棒杀”，与其上纲上线，不如将答案交给时间。,855,http://opinion.people.com.cn/n1/2024/1201/c436867-40372829.html,天价彩礼;结婚;婚恋;彩礼;婚礼
People.cn,2024/12/2,没标准、难量化，婚介服务有点乱（百姓关注）,“百忙之中来领个对象吧”“咱们这边优质男士很多，给您牵线优质伴侣”……近年来，婚姻中介服务成为许多单身人士寻找配偶的途径之一。然而，应为人们搭建幸福桥梁的婚介机构，却屡屡出现诱导消费、虚假宣传、合同埋雷等问题，损害了消费者权益，更造成了大众对婚姻中介服务的信任危机。 “因为我日常生活中交友接触面比较窄，所以就和婚介机构联系了，想去试试，结果发现都是套路。”北京市的李先生接连体验了3家婚介机构，效果都不尽如人意。“最开始，他们会了解你的个人信息、情感经历和个人需求，然后展示他们准备好的嘉宾照片和资料。如果你对其中几个嘉宾表示认可，他们就开始推销付费套餐。一般几名销售人员轮番上阵，以深入了解用户为名估算收入情况和预算，一旦发现你购买意愿不高或购买力不强，就会翻脸不认人。” 李先生的遭遇并非个例。许多读者反映一些婚介机构功利心太重，营销手段粗糙，甚至涉嫌欺诈。对于有付费意向的客户，一些婚介机构不惜夸大事实，甚至捏造虚假的客户信息。 来自上海的郭女士在一家知名婚介机构前后支付了17万元的服务费，机构承诺会为她介绍优质对象。然而实际介绍的几位对象远不符合她的要求，甚至有的“年龄、工作单位信息都存在出入”。这一现象不仅让消费者感到不满，更暴露出婚介机构对会员资料审核不严等问题，甚至存在“婚托”之嫌。“介绍的人电话不对，联系不上；或者加了微信，对方爱搭不理，回应冷淡。怀疑所谓对象其实是在婚介机构兼职，并非真的想找对象。”甘肃庆阳市读者焦先生说。 在签订合同后，部分婚介机构还会通过模糊的收费标准和混乱的服务项目误导消费者，甚至制定“霸王条款”。动辄3个月会费过万元，一年收费5万元，而提供的服务往往只有与相亲对象见面，然后加私人联系方式。还有所谓“高端服务”也只是几次简短电话沟通。安徽合肥市的张女士支付了4万余元的婚介服务费并签订了电子合同。回看合同时，才发现作为甲方的消费者，权利与义务一栏只有义务没有权利，而公司的注册信息显示为“平面设计”。 当然，婚姻中介服务本身有其规范难点。一名业内人士表示，婚介机构的产品无法量化，服务质量也难以标准化。且无论多么高端、多么昂贵的婚姻中介服务，都不可能百分之百确保为会员找到理想的另一半。换句话说，无论最后结果如何，消费者都不能让婚介机构负全责。这导致不少婚姻中介并不在意用户能否找到合适的对象，只想利用消费者急于脱单的心理，设计好聊天、签约、收费的固定套路，赚取不菲的“服务费”。 一旦消费者意识到服务质量不佳或要求解约，婚介机构则会以各种理由拒绝退款。浙江杭州市李女士在人民网“领导留言板”上反映，自己在婚介机构现场签约3.5万元。付款后发现该机构信誉不佳，她决定在未接受任何服务的前提下终止合同，却被告知“需扣除违约金30%，也就是1万多元”。“这家婚介机构存在大量合同纠纷和消费者投诉，其套路如出一辙。但合同明确发生纠纷或争议时由指定仲裁机构仲裁。”她表示，这种不合理条款往往使得消费者在面对婚介机构时处于不利地位，让顾客明明知道权益受损也很难维权。 婚介机构乱象频发的根源在于行业监管缺失与法律执行不到位。“一方面，婚恋中介服务无法通过量化标准来评价，由此很难对中介机构的服务是否尽责予以判断。另一方面，即使有消费者通过法律途径维权，由于取证难度大、法律程序复杂、执行周期长，往往难以获得应有的补偿。这种法律和监管的真空，使得部分婚介机构在灰色地带持续侵害消费者权益。”中国政法大学民商经济法学院副教授范世乾说。 针对这类问题，有关部门已经注意到并出台措施严厉打击婚托、婚骗等行为。上海部署婚介机构专项整治行动，3至7天“消费冷静期”退费制度纳入《上海市婚姻介绍服务机构合规经营指引》。今年8月，深圳市质量协会发布实施《婚姻介绍机构服务规范》团体标准，对婚姻中介服务中的“服务过程、服务合同、消费者权益保护”等方面进行全面规范。 “面对婚介机构的种种乱象，亟须采取有效整治措施。”范世乾表示，市场监管部门除了一般性监管以外，还应加强对婚介商业广告的审查和监管。对违法的婚介机构要严格执法，可以建立婚介行业信用黑名单和红名单制度，提醒消费者慎重选择婚介机构。此外，强化消费者协会和行业协会的自律监管，优化投诉和举报平台，加大对消费者维权的宣传。“行业应当建立统一的服务标准和收费规范，明确婚介机构的服务内容、服务质量和收费标准。”范世乾说。 读者表示，应加强对现有法律法规的执行力度，确保消费者的合法权益得到有效保护。“同时，消费者在选择婚介服务时，也应保持警惕，在签订合同时，消费者应仔细阅读合同条款，不轻易相信婚介机构的虚假宣传和高额承诺，避免掉入合同陷阱。”山东郓城县读者赵考壮说。 《 人民日报 》（ 2024年12月02日 606514 版）,1956,http://hb.people.com.cn/n2/2024/1202/c194063-41061230.html,婚姻;婚恋;婚介;相亲;单身;脱单;伴侣;对象;配偶;另一半
People.cn,2024/12/2,没标准、难量化，婚介服务有点乱（百姓关注） --社会·法治--人民网,“百忙之中来领个对象吧”“咱们这边优质男士很多，给您牵线优质伴侣”……近年来，婚姻中介服务成为许多单身人士寻找配偶的途径之一。然而，应为人们搭建幸福桥梁的婚介机构，却屡屡出现诱导消费、虚假宣传、合同埋雷等问题，损害了消费者权益，更造成了大众对婚姻中介服务的信任危机。 “因为我日常生活中交友接触面比较窄，所以就和婚介机构联系了，想去试试，结果发现都是套路。”北京市的李先生接连体验了3家婚介机构，效果都不尽如人意。“最开始，他们会了解你的个人信息、情感经历和个人需求，然后展示他们准备好的嘉宾照片和资料。如果你对其中几个嘉宾表示认可，他们就开始推销付费套餐。一般几名销售人员轮番上阵，以深入了解用户为名估算收入情况和预算，一旦发现你购买意愿不高或购买力不强，就会翻脸不认人。” 李先生的遭遇并非个例。许多读者反映一些婚介机构功利心太重，营销手段粗糙，甚至涉嫌欺诈。对于有付费意向的客户，一些婚介机构不惜夸大事实，甚至捏造虚假的客户信息。 来自上海的郭女士在一家知名婚介机构前后支付了17万元的服务费，机构承诺会为她介绍优质对象。然而实际介绍的几位对象远不符合她的要求，甚至有的“年龄、工作单位信息都存在出入”。这一现象不仅让消费者感到不满，更暴露出婚介机构对会员资料审核不严等问题，甚至存在“婚托”之嫌。“介绍的人电话不对，联系不上；或者加了微信，对方爱搭不理，回应冷淡。怀疑所谓对象其实是在婚介机构兼职，并非真的想找对象。”甘肃庆阳市读者焦先生说。 在签订合同后，部分婚介机构还会通过模糊的收费标准和混乱的服务项目误导消费者，甚至制定“霸王条款”。动辄3个月会费过万元，一年收费5万元，而提供的服务往往只有与相亲对象见面，然后加私人联系方式。还有所谓“高端服务”也只是几次简短电话沟通。安徽合肥市的张女士支付了4万余元的婚介服务费并签订了电子合同。回看合同时，才发现作为甲方的消费者，权利与义务一栏只有义务没有权利，而公司的注册信息显示为“平面设计”。 当然，婚姻中介服务本身有其规范难点。一名业内人士表示，婚介机构的产品无法量化，服务质量也难以标准化。且无论多么高端、多么昂贵的婚姻中介服务，都不可能百分之百确保为会员找到理想的另一半。换句话说，无论最后结果如何，消费者都不能让婚介机构负全责。这导致不少婚姻中介并不在意用户能否找到合适的对象，只想利用消费者急于脱单的心理，设计好聊天、签约、收费的固定套路，赚取不菲的“服务费”。 一旦消费者意识到服务质量不佳或要求解约，婚介机构则会以各种理由拒绝退款。浙江杭州市李女士在人民网“领导留言板”上反映，自己在婚介机构现场签约3.5万元。付款后发现该机构信誉不佳，她决定在未接受任何服务的前提下终止合同，却被告知“需扣除违约金30%，也就是1万多元”。“这家婚介机构存在大量合同纠纷和消费者投诉，其套路如出一辙。但合同明确发生纠纷或争议时由指定仲裁机构仲裁。”她表示，这种不合理条款往往使得消费者在面对婚介机构时处于不利地位，让顾客明明知道权益受损也很难维权。 婚介机构乱象频发的根源在于行业监管缺失与法律执行不到位。“一方面，婚恋中介服务无法通过量化标准来评价，由此很难对中介机构的服务是否尽责予以判断。另一方面，即使有消费者通过法律途径维权，由于取证难度大、法律程序复杂、执行周期长，往往难以获得应有的补偿。这种法律和监管的真空，使得部分婚介机构在灰色地带持续侵害消费者权益。”中国政法大学民商经济法学院副教授范世乾说。 针对这类问题，有关部门已经注意到并出台措施严厉打击婚托、婚骗等行为。上海部署婚介机构专项整治行动，3至7天“消费冷静期”退费制度纳入《上海市婚姻介绍服务机构合规经营指引》。今年8月，深圳市质量协会发布实施《婚姻介绍机构服务规范》团体标准，对婚姻中介服务中的“服务过程、服务合同、消费者权益保护”等方面进行全面规范。 “面对婚介机构的种种乱象，亟须采取有效整治措施。”范世乾表示，市场监管部门除了一般性监管以外，还应加强对婚介商业广告的审查和监管。对违法的婚介机构要严格执法，可以建立婚介行业信用黑名单和红名单制度，提醒消费者慎重选择婚介机构。此外，强化消费者协会和行业协会的自律监管，优化投诉和举报平台，加大对消费者维权的宣传。“行业应当建立统一的服务标准和收费规范，明确婚介机构的服务内容、服务质量和收费标准。”范世乾说。 读者表示，应加强对现有法律法规的执行力度，确保消费者的合法权益得到有效保护。“同时，消费者在选择婚介服务时，也应保持警惕，在签订合同时，消费者应仔细阅读合同条款，不轻易相信婚介机构的虚假宣传和高额承诺，避免掉入合同陷阱。”山东郓城县读者赵考壮说。 《人民日报》（2024年12月02日 第 07 版）,1951,http://society.people.com.cn/n1/2024/1202/c1008-40372941.html,婚姻;婚恋;婚介;相亲;单身;脱单;伴侣;对象;配偶;另一半
People.cn,2024/12/4,3地被列为全国婚俗改革实验区典型,记者从自治区民政厅获悉，近日，包头市青山区、乌兰察布市集宁区、赤峰市红山区3个试点地区被民政部列为全国婚俗改革实验区典型。 包头市青山区明确“喜事新办、倡导简约绿色婚礼，喜宴简办、杜绝铺张浪费行为，随礼有度、抵制非正常人际关系”3项婚俗改革新规，聚焦婚礼酒店、婚纱摄影、婚庆策划等，在消费环节遏制大操大办、铺张浪费等婚俗陋习；制定党员干部操办婚丧嫁娶等事宜的相关规定，3万余名党员以身作则签名承诺带头移风易俗，争做婚俗改革的排头兵；充分发挥红白理事会、村民议事会、村级议事协商会作用，全面推动移风易俗，积极树立文明乡风；创新推出“婚礼主题公交巴士”，已有50多对新人使用，帮助群众节省花费50余万元，深受当地群众好评。 乌兰察布市集宁区聘用社会工作者、心理咨询师等专业人员开展婚姻家庭辅导，通过面对面、集中培训或授课等方式，为3500多名当事人提供辅导服务；采取政府购买项目方式，引入当地社会组织参与，实施婚姻家庭服务类项目，针对性开展婚姻家庭矛盾调处和关系修复；将辅导服务送至群众家门口，依托街道办事处设立婚姻家庭调解室，把调解作为化解婚姻家庭纠纷的前置程序，努力让矛盾纠纷化于未发、止于未诉。试点工作以来，集宁区已开展线上线下辅导9000多人次，离婚疏导6000多人次，年调解成功率达35%左右。 赤峰市红山区将占地460余亩，总投资1.4亿元的乌兰哈达公园打造为集消遣娱乐、婚姻登记、文化品鉴等功能为一体的综合性爱情主题婚俗文化园，园内建有红山区婚姻登记中心、红山区婚俗文化展馆、1314诗词长廊等，吸引不少年轻群体日常休闲打卡；举办“龙行龘龘”集体婚礼、“种植爱情树 共建同心林”公益植树、“邂逅春天 共赴乌兰哈达”交友说媒、“大美红山、传艺承美”婚俗文化艺术节等活动近30场次，在吸引群众参与的同时带动经济消费；推动婚庆产业与旅游、乡村振兴融合发展，通过“政府搭台、企业唱戏”，促进婚俗与文旅、餐饮、住宿、商业、文创、非遗等跨界融合，探索成立婚姻家庭协会，吸纳婚庆类企业13家、个体会员40余家、各类社会组织30余家，主动参与服务婚俗改革大局。（记者 赵曦）,884,http://nm.people.com.cn/n2/2024/1204/c196667-41063726.html,婚姻登记;婚姻;离婚;婚俗;婚礼
CCTV,2024/12/6,湖南两地遏制高价彩礼：彩礼均值低于5万元，15%没有彩礼,据湖南省教育厅网站近日公布的消息，省教育厅在答复关于《引导高校青年学生树立健康婚育观的建议》时介绍，湖南两个全国妇联移风易俗工作试点县市的彩礼平均值已低于5万元。 消息称，湖南充分发挥课堂主渠道作用，加强思政理论课教师队伍建设，增强思政理论课教学实效，帮助大学生树立正确的价值观、恋爱观、婚姻观。湖南省大学生心理健康教育必修课示范教材中专章设立了恋爱心理课程内容，教育引导青年大学生树立文明、健康、理性的恋爱和婚育观。在营造良好婚育风气上，省妇联支持指导全国妇联移风易俗试点汨罗市、澧县创新开展工作，形成“五个一”模式，即一个移风易俗约定、一支巾帼志愿者队伍、一份移风易俗承诺书、一个妇女议事会和一项激励制度，取得良好成效。第三方调查评估显示：试点县市经过一年多的努力，15.66%没有彩礼，32.28%彩礼在5万元以下，彩礼平均值低于5万元，低彩礼、零彩礼得到积极响应，有效遏制了高价彩礼等陈规陋习的蔓延，引导降低结婚成本。 早前，经地方申报、省级妇联推荐、工作审核等程序，全国妇联办公厅将64个县（市、区）确认为全国妇联移风易俗工作试点。湖南两个县（市、区）汨罗和澧县获此殊荣。 据岳阳网2023年报道，近年来，汨罗坚持把深化移风易俗融入全市各项工作。汨罗市妇联充分发挥基层妇联组织、妇联执委和巾帼志愿者作用，广大妇女同胞积极参与“一约四会一队”（村规民约、道德评议会、红白理事会、村民议事会、禁赌禁毒会、社会风气监督队）工作。全市成立了15个镇新时代文明实践志愿服务大队、11个志愿服务分队，志愿者人数超10万人，其中70%为女性，并建立“志愿汨罗”信息平台，推行“互联网+志愿服务”时长记录机制。 另外，汨罗通过举办集体婚礼，发放宣传资料，悬挂家规家训，常态化开展“文明家庭、最美家庭、好媳妇、好婆婆”等评选和好家风故事宣讲活动，唱响主旋律，传递正能量。各镇各村（社区）分别采取镇干部包村、村（社区）干部包片、组长包组，党员、巾帼志愿者主动参与宣传文明祭祀、文明餐桌、婚葬改革，推动志愿服务进社区、入万家。同时定期开展暗访督查，严格实行每月通报情况、每季计分排位，评分排位情况将纳入市委市政府年度综合绩效考评，并作为文明单位（村镇、家庭、校园）创建的主要依据。 澎湃新闻注意到，今年7月，汨罗市召开了移风易俗工作推进会。市委书记朱平波强调，要推行“三主”工作法。基层组织主推。充分发挥基层党组织政治功能和组织优势，将移风易俗工作与乡村治理、“一月一课一片一实践”活动结合起来，引导党员心中立标尺、以身作则，带头纠正攀比心理和“面子”观念，减轻群众负担，树立文明乡风，带动乡村发展。人民群众主动。汨罗基层治理要始终坚持群众主体，坚守群众立场，坚定群众自治，以“大家议、大家定、大家认、大家守、大家评”为原则，每个组召开户主会，每个村、社区成立红白理事会，抓好“礼生、都官”等关键少数，建强自治组织，用好积分奖励，创新宣传载体，激发乡贤活力。村规民约主导。村规民约，内核是文化底蕴，必须充分挖掘；作用是移风易俗，必须长期坚持；基础是群众参与，必须广泛动员。要不断完善升级村规民约，做到通俗易懂“记得住”、富有底蕴“站得稳”、群众认可“用得好”、加强监督“落得地”。 另据澧县融媒2023年消息，澧县作为全国首批、全省唯一国家级婚俗改革实验区，深入推进“全国婚俗改革实验区”试点建设。出台《澧县婚俗改革试点工作实施方案》，县妇联、县民政局开展了集体颁证、集体婚礼等系列活动，先后有300多对新婚夫妇参与活动，鼓励婚嫁双方降低彩礼数额，少要或不要彩礼。投入300多万元打造国家3A级婚姻登记处，实行婚前全过程辅导，3300多对新人享受到此项服务，开展多种形式的教育引导，将《民法典》婚姻家庭编相关条文单独成册，宣传婚姻家庭权利和义务，引导新人共同维护婚姻家庭，近两年来全县离婚率下降52%。 澧县妇联还组建了20多支巾帼志愿服务团队，通过召开屋场会、入户走访等多种形式，开展移风易俗志愿服务活动，将移风易俗作为主要内容纳入各村（社区）妇女议事会议题，加强对各村（社区）移风易俗工作的宣传教育和监督管理。,1701,https://news.cctv.com/2024/12/06/ARTI79ayoSVhv0vqAPJ7gWIV241206.shtml,婚姻登记;高价彩礼;婚姻;结婚;离婚;婚育;彩礼;婚俗;婚嫁;恋爱;婚礼
People.cn,2024/12/6,提示：明年元旦、五一、十一、中秋可登记结婚,上海市民政局介绍，根据《国务院办公厅关于2025年部分节假日安排的通知》（国办发明电〔2024〕12号）文件精神，现将本市婚姻登记机关 2025年元旦、春节、清明节、劳动节、端午节、国庆节、中秋节放假调休日期 的具体安排如下，详见↓ 二、春节 ：1月28日（农历除夕、周二）至2月4日（农历正月初七、周二）放假调休。1月26日（周日）、2月8日（周六）上班。 三、清明节 ：4月4日（周五）至6日（周日）放假。 四、劳动节 ：5月2日（周五）至5日（周一）放假调休。4月27日（周日）、5月1日（周四）上班。 五、端午节 ：5月31日（周六）至6月2日（周一）放假。 六、国庆节、中秋节 ：10月2日（周四）至5日（周日），10月7日（周二）至8日（周三）放假调休。9月28日（周日）、10月1日（周三）、10月6日（农历中秋节，周一）、10月11日（周六）上班。 七、关于延长服务时间 ：除国家法定节假日外，婚姻登记机关一般应将周六作为延长服务时间。根据有关规定，2025年1月25日（周六）、4月26日（周六）、9月27日（周六）的延长服务时间分别调整为2025年1月26日（周日）、4月27日（周日）、9月28日（周日）。其它周六作为婚姻登记机关的延长服务时间不变。,536,http://sh.people.com.cn/n2/2024/1206/c134768-41067760.html,婚姻登记;婚姻;结婚
People.cn,2024/12/6,说法丨父母离婚，法院怎么判最有利于未成年人？ --社会·法治--人民网,王某与赵某婚姻中生了两个儿子——王大和王小（化名）。后双方离婚，约定两个儿子均归母亲赵某抚养。父亲王某享有探望孩子的权利。 某日，父亲王某把王大接走探望后，一直没送回母亲身边。半年后，父亲以王大不愿和母亲生活为由，将赵某诉至法院，请求法院变更抚养关系，由王某抚养王大。 对此，法院征询了王大的意见，他表示，自己更愿意跟随父亲共同生活。因为，父亲不要求他参加课外辅导班，也不要求他按时完成作业；而母亲在学习方面要求相对严格，还不让他多吃零食、喝饮料。 那么，法院是否应该依据时年10岁的王大的意愿，变更抚养关系？在这类问题上，法理情该如何相容？本期“说法”栏目，让我们来关注这样一起案例。（金歆）,297,http://society.people.com.cn/n1/2024/1206/c1008-40376515.html,婚姻;离婚
People.cn,2024/12/9,吉林：推进婚俗改革实验区建设 发展“甜蜜经济”,人民网长春12月9日电 （记者李洋） 今日，吉林省新闻办举行贯彻落实吉林省委十二届五次全会精神系列主题新闻发布会。吉林省民政厅副厅长杨春霆表示，吉林省民政部门将持续推动婚俗改革。 婚姻管理服务是民政部门的传统工作，关系每个家庭，关系社会稳定。近年来，吉林省民政厅以深入推进婚俗改革为抓手，大力推进移风易俗，采取了一系列惠民生、暖民心的举措，有效减轻了群众婚嫁负担，文明健康婚俗新风逐步形成。 据悉，吉林省目前已经建立了11个省级婚俗改革实验区。杨春霆表示，将在此基础上继续深化拓展，探索不同地区、不同民族婚姻领域移风易俗的路子、方法，传承和守护好祖先留下来的优秀传统文化，抵制攀比铺张等不良习俗，减轻群众结婚负担，进一步提升群众精神风貌和社会文明程度。 此外，吉林省还持续推进婚姻家庭教育辅导，帮助群众树立正确、理性的婚恋观，提高结婚率、降低离婚率，维护婚姻家庭和谐稳定。 “发展甜蜜经济。这也是经济发展的一个新‘蓝海’。”杨春霆说，下一步，将继续深挖婚恋产业富矿，探索“婚登+”产业融合新模式，积极发展文旅融合产品，推动婚姻登记处进商圈、进影院，打造一批以婚姻登记、婚俗文化、场景体验、婚纱摄影为一体的多元化服务平台，拉动温暖、情感消费的甜蜜经济，开创幸福事业，发展甜蜜经济。,539,http://jl.people.com.cn/n2/2024/1209/c349771-41069827.html,婚姻登记;婚姻;结婚;离婚;婚恋;婚俗;婚嫁
China News Service,2024/12/10,告别传统相亲！当代年轻人更青睐在旅途中找到同频的Ta,与其在咖啡馆里尴尬对坐，不如在青山绿水间，自在了解彼此的心意和步伐。 在传统相亲模式屡屡“碰壁”的当下，越来越多的都市青年开始选择一种新的交友方式——徒步相亲。 从交友软件到父母撮合，年轻人对真诚交流的渴望都无法得到满足。于是，他们把目光投向大自然的怀抱，借助徒步这一低成本、高社交的户外活动，寻求与异性相遇的契机。 然而，相识易，相爱难。虽然一些人通过徒步相亲步入了婚姻殿堂，但更多人仍然在寻寻觅觅，渴望在下一段旅途中找到那个与自己同频的Ta。 对于那次徒步相亲，组织者杨健印象深刻。他回忆道，当时正爬一段小土坡，不巧，队伍中的一个女生崴了脚，走得很慢。一名男生便主动停下来，将登山杖递给女生，又陪着她走了好长一段路。后来，两人吃饭时也坐在一起，谈笑风生，男生体贴入微，女生也逐渐敞开心扉。 “第一次见面，两个人陌生得不能再陌生。不能指望他们立刻就明确关系，但能像这样有初步的好感和意向，就很不错了。”杨健说。 似乎，路途中的一些“意外”，能够促使交友双方互生微妙的心意。 杨健还记得在一次徒步返程时，一对男女嘉宾突然牵起了手，开心地走在队伍的最前面，他们的手臂轻轻晃动，显得格外甜蜜。杨健至今纳闷，两人在徒步中的互动并不算紧密，究竟是哪个环节让他们瞬间就心意相通了呢？ 也许，就是哪一刻不经意的心照不宣，点燃了彼此的火花。 近年来，伴随citywalk热潮的兴起，徒步相亲这一新兴的交友形式也逐渐走红。 许多厌倦了传统相亲的年轻人试图解锁更多与异性“邂逅”的场景，在自由又广阔的户外进行“有效社交”。 那么，一场典型的徒步相亲活动是怎样进行的呢？ 一般来说，活动的主办方会提前发布活动预告，内容涵盖集合地点、时间、餐食安排、装备要求等信息。 由于活动的主要目的是促进交友，领队通常会在去程的车上安排自我介绍环节，除了年龄、职业等基本情况，领队还会建议大家主动分享网名，以便群聊中“对得上号 ”。 男女参与者通常会通过抽签或自愿结对的方式分组。途中，领队还会安排一些互动游戏环节，方便大家进一步加深了解。 在北京生活的85后御言已经参加了至少8次徒步相亲活动，他已经把“国王与天使”“传声筒”等游戏玩得相当熟了，“因为几乎每次活动都会玩这些”。 在御言看来，徒步相亲除了可以充盈自己的社交生活，还有些像旅行团的变种，可以让他出行不必再费心做攻略，“性价比”也更高，“整个过程都挺有意义的，团员间会带着‘目的性’迅速熟悉，这比参与普通的旅行团更容易社交。” 不过，御言并没指望能在活动中迅速找到“另一半”。他的心态很平和，“如果有聊得来的，就多聊聊，如果没有，就享受活动本身。”御言觉得，相比于传统的相亲模式，徒步相亲会有一种“进退自如”的意味。 前不久，在北京工作的32岁的樊七安也参加了一场红螺寺徒步相亲活动。 最初吸引他报名的是活动方发布的文案：“认识更多的同龄人、拓展交际圈，还能遇到志同道合的摄影爱好者。” 樊七安表示，自己的朋友不多，又不喜欢那种平均年龄偏大的旅游团，因此，这种专门为年轻人设计的活动刚好契合他的需求，“徒步相亲团的组织效率很高，大家也都配合默契，不但拍照方便，最重要的是，有机会结识同龄人。” 像樊七安和御言一样，对许多年轻人来说，徒步相亲无疑更具吸引力和新鲜感。 在山野间相遇，与传统相亲形式相比，徒步相亲更具开放性和原生态的氛围。很多参与者都愿意相信，在这种“不设防”的状态下，人与人之间的真实联系更容易建立。 在徒步过程中，通常男生会表现得更为主动。御言就觉得，自己体力尚可，对徒步的基本常识也熟悉。因此，每当他看到团里有女生需要帮助，总会主动伸出援手——比如帮忙拿东西，或在女生拍照时主动为她们提供摄影服务。 他说：“如果是在其他场合，和初次见面的异性接触，有时需要费些脑筋去打开话匣，但在徒步中，例如兴趣爱好等话题自然就有了，交流也会更轻松。” 在御言看来，徒步中的每个细节都可以反映出一个人更真实的一面——比如有的人在疲惫时容易情绪波动，有的人会忍不住抱怨天气不好、鞋子不合脚、路况艰难等。而这些真实的反应，往往是传统相亲场合难以看到的。 樊七安也认同这种观点。他觉得徒步相亲的优势在于，如果遇到有兴趣的异性，可以直接邀请对方组队，顺其自然地在共同体验中拉近彼此距离，“这种方式更灵活，也更具互动性”。 而信君作为一位有着7年户外活动组织经验的资深人士，也看到了在大自然中开展交友活动的独特魅力。 实际上，在徒步相亲中，组织者为了促成“couple”也是颇费周章的。 在徒步相亲刚兴起时，信君统计过参与者的人数，最多的时候能达到每场50人；现在，每场徒步相亲活动的参与者也能稳定在10到20个人左右。 尽管大家参与活动的热情高涨，信君却观察到，现场常会出现一些矛盾的情况：有的人虽然有些心动，却因羞怯或过于矜持，难以主动接近心仪的对象。 “有时候大家会因为不好意思，陷入一种尴尬的局面。所以，我就想或许我可以帮忙‘推一把’。”信君说，为了增加活动中组队男女的匹配率，他还引入了AI软件。 具体操作方式是，通过收集参与者的个人信息和对情感问题的回答，结合每个人的自我认知及对异性的要求，来提高配对成功的概率。 作为户外交友活动的业余组织者，杨健在成都做徒步相亲已经有三年，和其他社群组织活动不太一样，杨健始终坚持一个原则：活动以自驾形式为主。 “每次活动大约有20多人，通常是5到6辆车，每辆车4个人左右。这样既能灵活调整安排，也有助于大家更自然地互动。”杨健说道。 在有限的车厢空间里，参与者往往能利用长时间的车程迅速拉近彼此的距离。杨健表示：“有时候，车程的时间甚至比徒步的时间还长。所以常常会出现，刚到达目的地，车上的人已经都是‘熟人’了。” 为了进一步增加互动，杨健还会设计一些带有肢体接触的小游戏，帮助男女之间“破冰”。 在杨健组织的徒步相亲团中，存在着一些被贴上“脱单困难户”标签的成员，其中不乏综合条件出类拔萃的人士。曾经，他们的择偶标准可能过于“严苛”，犹如构筑了一座难以逾越的高墙。 然而，时光流转，历经了岁月的磨砺和自身的成长蜕变之后，不少人的择偶观念已然发生了积极且显著的转变。他们不再执着于只寻求外在条件的契合，而是逐渐将目光转向内心深处，变得越发渴望能获取精神层面的有力支持与深度共鸣。 杨健觉得，单身男女在相亲时，有些可能过度关注年龄、相貌和收入等外在条件。其实这些外在因素不应成为判断爱情的主要标准。年龄只是一个数字，相貌会随着时间改变，收入虽重要但非唯一考量。 “真爱不是条件的匹配，也不是一味攀高枝。而是应该放宽眼界，去发现彼此内在的闪光点，寻找真正的灵魂伴侣。”杨健说。 在杨健的视角里，除去硬件条件外，参与徒步相亲的年轻男女，普遍有着较为丰富的人生履历和独特的个人魅力。 这些参与者的年龄多集中在20至40岁之间，不乏来自各个领域的精英人士。例如，有一位毕业于哥伦比亚大学的男士，如今担任艺术总监一职，但他最迷人的地方是有丰富的知识储备，能随时随地给大家分享地理、历史、文化知识；还有一位清华大学的女博士，她在和大家相处时十分低调，但会主动分享校园里的趣闻轶事，为周围人营造愉快的徒步氛围。 有趣的是，杨健通过多次组织户外徒步相亲活动观察到，在这类活动里，性格内向的人占比较高，“可能传统的室内相亲方式会让他们更加拘谨。” 但即便勇敢地来到了氛围更轻松、自由的徒步相亲活动现场，在大庭广众之下，性格内向的参与者依然面临诸多困扰。 比如，自我介绍环节，对于大多数人而言，这可能是一个简单展示自我、吸引他人的机会。然而，对于性格内向的人来说，仅仅是站出来进行自我介绍，就足以让他们浑身不自在。甚至有人向杨健提出过，能否在这一环节跳过自己。 “内向与矜持，或许正是他们‘脱单’路上的绊脚石。”杨健说。对于内向的单身男女来说，杨健往往会建议他们不要因为自己的性格内向而过度紧张或自卑，要相信自己独特的内在品质同样具有吸引力，试着慢慢打开心扉去接纳对方，从而也让对方有机会走进自己的世界。 “相识容易，相爱难” 1400多人成功牵手46对 无论是本地参与者少，还是内向的人在活动中有不适等情况，似乎都暗示着徒步相亲活动可能面临一些挑战，但从实际情况看，徒步相亲这种形式在促成姻缘方面还是有着一定积极的成果。 身为活动组织者的杨健，就见证过不少参与者之间擦出火花的瞬间。 每次活动结束后，杨健团队都会进行反馈收集。据不完全统计，在目前参与徒步相亲的1400多人里，已有46对牵手成功，其中有10多对已经领证结婚，步入了婚姻殿堂。 “基本上每举办2.5次徒步相亲活动，必成一对。”杨健满怀自信地表示。 他还曾受邀参加过其中一对新人的婚礼，女生是教师，男生是工程师，两人各方面条件都十分登对(般配)。原来是两年前的一次徒步相亲活动之后，男生主动加女生微信，之后他们开始聊天，逐渐增进了了解。几次约会之后，双方互生好感，最终走到了一起。 “徒步时，他俩还真没怎么互动，甚至还是跟其他人组队，刚得知他们走到一起时，我真有点诧异。”杨健半开玩笑地说。“能亲手促成一段姻缘，我感觉还挺骄傲的。”杨健说。 尽管通过徒步相亲成功结识伴侣的例子并不少见，但对于另外一些人来说，这依然是一条充满等待和探索的路。 譬如杨健自己，作为参与者，他在徒步活动中遇到过心仪的女生，两人一度发展到谈婚论嫁的地步，但这段感情因为某些原因未能走到最后。 后来，他也尝试过跟其他心仪的女性交流，但却遭遇多次婉拒。之后，他对寻到真爱的执念渐渐消减，现在反而更趋向于随缘，“毕竟相识容易，相爱难。” 御言和樊七安也还在寻找自己另一半的途中。御言曾在几次相亲活动中与不少异性有过较长时间的接触，包括约会和日常聊天，也与某些异性差点发展成男女朋友关系。但大多情况是，起初双方互有好感，可随着交往的深入，却发觉彼此并非完全契合，便没有再继续发展。 对御言来讲，这样的经历表明，尽管双方建立起了联系，可感情的火花始终未能在他们之间彻底点燃。 樊七安的状况大抵相同，不过他对每次活动依旧抱有期望。他打趣道：“希望能结识一些有眼缘的女生，毕竟很多时候，眼缘就能决定是否合适。” 重庆市北碚区青联委员、重庆市乐悠青年职工活动服务中心负责人、国家二级心理咨询师古海龙，每年都会为政企事业单位精心策划组织100多场相亲联谊活动。近年来，他推出过诸多深受年轻人喜爱的相亲活动形式，例如桌游、剧本杀、K歌交友以及自驾游约会等。 他认为，最近兴起的徒步相亲展现出了独特的优势。徒步相亲提供了一个相对开放、自由的场景，让单身男女们能够自由组队。在过程中，他们可以自由地与自己感兴趣的人聊天，这其中便蕴含了更多发展感情的可能性，也更有助于调动参与者的主观能动性，使得相亲不再是一种被动的、生硬的社交体验。 古海龙经过多年的深入观察与总结发现，如今部分年轻人难以进入婚恋，背后的原因除了经济压力以及社会结构方面的因素外，还在于多数人在相亲过程中过于关注自我，大家往往会期待对方能够给予自己充分的情绪价值，这种心态在一定程度上影响了相亲的成功率。 另外，在古海龙看来，部分年轻人心中仍然怀揣着浪漫的期待，渴望那种不期而遇式的爱情，满心期待一见钟情的美妙邂逅。所以，那种被人为刻意安排见面的传统相亲模式，正逐渐遭到年轻人的排斥。 文/记者 王婧懿 实习生 张光玉 统筹/林艳 张彬 【,4637,https://www.chinanews.com.cn/sh/2024/12-10/10333639.shtml,婚姻;结婚;婚恋;相亲;单身;脱单;择偶;伴侣;对象;另一半;婚礼
People.cn,2024/12/10,人民热评：一线干警落实家暴告诫制度有据可依了--观点--人民网,近日，公安部、中央政法委、最高人民法院等9个部门联合印发《关于加强家庭暴力告诫制度贯彻实施的意见》（以下简称《意见》）。《意见》旨在进一步发挥家庭暴力告诫制度的作用，积极干预和化解家庭及婚恋矛盾，有效预防和制止家庭暴力，维护平等、和睦、文明的家庭关系，促进家庭和谐和社会稳定。 从基层公安干警的角度来看，这是一份非常实用且操作性强的文件。自2016年《中华人民共和国反家庭暴力法》规定“由公安机关对加害人给予批评教育或者出具告诫书”以来，许多基层公安执法人员一直对如何具体落实家暴告诫制度感到困惑。例如，什么是认定家庭暴力事实的基本证据条件？可以作为辅助证据的类型有哪些？在什么情况下可以出具告诫书？告诫书的内容和实施流程应该如何细化？这些问题如果不解决，基层执法人员在实际工作中就会面临困难，无法有效执行相关法律法规。 为此，《意见》对告诫制度的实体和程序规范、告诫制度与相关制度的衔接、告诫制度的具体实施等方面进行了详细的规定。例如，《意见》明确规定，对于家庭暴力情节较轻、依法不给予治安管理处罚的情况，公安机关可以对加害人给予批评教育或者出具告诫书，等等。在处理家庭暴力案件时，公安机关有了更加清晰的依据和流程，从而能够更加有效地预防和制止家庭暴力，保护受害者的合法权益。 需要明确指出的是，这是一份由九部门联合发布的通知。这意味着，家庭暴力告诫制度不仅仅涉及公安机关，而是需要多个部门联合配合，共同应对的社会难题。近年来，许多家庭暴力案件的处理工作最终都落在了公安机关身上，让许多基层公安干警感到压力倍增。这份《意见》显然注意到了这一问题，因此明确提出要建立一个各部门协同的反家暴工作体系。特别是，《意见》明确了党委政法委、法院、教育、民政、司法、卫生健康、妇联、妇儿工委等八个相关部门的职责任务和工作衔接机制，从而解决了以往各部门各自为政、难以形成合力的问题。通过这种多部门协作的方式，可以更有效地预防和制止家庭暴力，减轻基层公安干警的负担，提高工作效率。同时，也有助于形成全社会共同关注和抵制家庭暴力的良好氛围，进一步促进家庭和谐和社会稳定。 总之，《意见》的发布，标志着我国在预防和制止家庭暴力方面又迈出了重要一步。随着这一制度的逐步完善和深入实施，必将为广大人民群众创造一个更加安全、和谐的生活环境。,958,http://opinion.people.com.cn/n1/2024/1210/c436867-40379376.html,婚恋;家庭暴力;家暴
People.cn,2024/12/10,公安部等九部门联合印发《关于加强家庭暴力告诫制度贯彻实施的意见》--社会·法治--人民网,人民网北京12月10日电 （记者梁秋坪、郝萍）记者从公安部获悉，近日，公安部、中央政法委、最高人民法院、教育部、民政部、司法部、国家卫生健康委、全国妇联、国务院妇儿工委办联合印发《关于加强家庭暴力告诫制度贯彻实施的意见》（以下简称《意见》），旨在进一步发挥家庭暴力告诫制度作用，积极干预化解家庭、婚恋矛盾纠纷，有效预防和制止家庭暴力，维护平等、和睦、文明的家庭关系，促进家庭和谐、社会稳定。 《意见》共24条，采取条款式结构，对告诫制度的实体和程序规范、告诫制度与相关制度的衔接、告诫制度的具体实施等分别作出了明确规定。 针对社会关注度较高的家庭暴力证据标准等问题，《意见》明确，公安机关认定家庭暴力事实的基本证据条件包括：加害人对实施家庭暴力无异议的，需要加害人陈述、受害人陈述或者证人证言；加害人否认实施家庭暴力的，需要受害人陈述或者证人证言以及另外一种辅证。同时，明确了公安机关认定家庭暴力事实可以适用的辅证类型，包括记录家庭暴力发生过程的视听资料，家庭暴力相关电话录音、短信、即时通讯信息、电子邮件等电子数据，亲友、邻居等证人的证言，当事人未成年子女所作的与其年龄、智力相适应的证言，加害人曾出具的悔过书或者保证书，伤情鉴定意见，医疗机构的诊疗记录，相关部门单位收到的家庭暴力投诉、反映或者求助记录等8类证据。 聚焦落实严格规范公正文明执法要求，《意见》在明确出具告诫书情形、告诫书内容以及细化告诫实施流程等方面作出规范。如明确规定家庭暴力情节较轻、依法不给予治安管理处罚的，公安机关可以对加害人给予批评教育或者出具告诫书；家庭暴力事实已经查证属实、情节较轻且具有因实施家庭暴力曾被公安机关给予批评教育等多种情形之一的，一般应当出具告诫书；家庭暴力情节显著轻微或者家庭暴力情节较轻且取得受害人谅解的，公安机关可以对加害人给予批评教育等。《意见》还对家庭暴力告诫书的样式、内容作出规范，并将有关法律条款摘录附注。 为切实推动健全各部门协同的反家暴工作体系，《意见》明确了党委政法委、法院、教育、民政、司法、卫健、妇联、妇儿工委等八个有关部门的职责任务及工作衔接机制，如规定教育、卫健、民政等部门应当加强反家庭暴力业务培训，督促指导学校、幼儿园、医疗机构、居民委员会、村民委员会、社会工作服务机构、救助管理机构、福利机构、未成年人救助保护机构及其工作人员落实强制报告制度，在工作中发现无民事行为能力、限制民事行为能力人遭受或者疑似遭受家庭暴力的，及时向公安机关报案等。公安机关应当将告诫情况及时通知当地居民委员会、村民委员会、妇女联合会和乡镇（街道）综治中心，居民委员会、村民委员会应当配合公安派出所共同查访，或者单独进行查访，基层妇女联合会应当协助和配合做好相关工作，合力做实家庭矛盾纠纷化解工作。 近年来，公安机关将反家庭暴力工作作为实施主动警务、预防警务的一项重要工作，认真做好家暴警情处置、协同开展家庭矛盾纠纷排查化解工作，着力推动综合施策、源头治理。仅2023年，根据《反家庭暴力法》有关规定，全国公安机关出具告诫书9.8万份，有效发挥了告诫制度预防制止家庭暴力的“警示器”“缓冲阀”作用。,1302,http://society.people.com.cn/n1/2024/1210/c1008-40378969.html,婚恋;家庭暴力;家暴
People.cn,2024/12/13,中信银行南宁分行智破“彩礼取现”洗钱骗局,近日，中信银行南宁分行成功揭露并堵截一起以“彩礼取现”为幌子，实为涉嫌交易洗钱的犯罪活动，协助公安机关抓获犯罪嫌疑人，用实际行动守护百姓钱袋子、维护群众财产安全。 日前，一名客户前往中信银行南宁分行的营业网点要求大额取现用于购买家具，网点工作人员询问发现，其声称的资金用途与其在app上预约填报的用途不符。面对工作人员质疑，该客户改口称为筹备彩礼，并主动出示婚纱照。当工作人员深入询问细节时，客户言辞闪烁，以各种理由拒绝提供相应证明材料，引起工作人员警觉。后经进一步核查其交易记录，工作人员发现其账户内的资金于当日上午由他人转入，且转入方账户为昨日我行新开账户，客户辩称是向远房亲戚筹借的彩礼钱，其说辞与实际情况存在明显出入。 基于重重疑点，中信银行南宁分行即刻联系反诈中心，经警方进一步调查确认，客户实际已婚多年，且该客户涉嫌参与虚拟货币交易洗钱活动，资金用途与所称“彩礼”用途大相径庭，最终警方迅速出警，成功将犯罪嫌疑人缉拿归案。 此次智破“彩礼”洗钱骗局，不仅彰显了中信银行在反洗钱、防诈骗工作中的敏锐洞察力和高效执行力，更体现了其积极响应国家号召，坚决打击电信网络诈骗，守护民众金融安全的决心与担当。未来，中信银行南宁分行将继续深化反诈斗争，筑牢金融安全防线，为构建和谐社会贡献力量。（中信银行南宁分行）,556,http://gx.people.com.cn/n2/2024/1213/c179469-41075313.html,彩礼
People.cn,2024/12/16,黄昏恋引发的百万彩礼之争--社会·法治--人民网,2024年10月11日，民政部、全国老龄办发布《2023年度国家老龄事业发展公报》，其中载明截至2023年末，全国60周岁及以上老年人口已达29697万人，占总人口的21.1%。情感需求是老人晚年幸福生活的重要内容，伴随社会发展，老年群体对幸福生活的需求持续提升，越来越多的单身老人希望找到合适的伴侣共度晚年，然而，由此引发的婚恋纠纷值得关注。近日，重庆市大渡口区人民法院判决了一起涉及老年人的彩礼纠纷案，该案的判决明确了老年人为了缔结婚姻而给付财物的性质，尊重了老年人恋爱表达、彩礼给予的特殊方式，认定男方为缔结婚姻赠送给女方的钱款系彩礼，女方应当返还。案件的判决建立了老年婚恋纠纷裁判规则，实现了一审即服判息诉、案结事了，裁判结果对于老年群体婚恋行为具有很强的引导价值，体现了人民法院服务保障老年人合法权益的担当作为，同时弘扬了社会主义核心价值观。 家住上海市黄浦区的徐大爷是土生土长的上海人，他家距离黄浦江很近。徐大爷年轻时因为各种原因一直单身，面对亲友的关心他始终表示一个人自由潇洒惯了，但是随着年龄的增长身体也逐渐出现了各种状况，长期独居让其产生很强的孤独感。为了有人能够照顾自己，徐大爷索性就长期呆在24小时营业的棋牌室里。 2021年初，徐大爷在棋牌室里碰到了自己的“真命天女”金阿姨。时年50岁的金阿姨家在重庆，离婚之后就一直在上海生活。金阿姨和徐大爷觉得彼此有缘分，再加上其他牌友的撮合，两人很快就确立了恋爱关系。相处一段时间后，两人将结婚提上了议事日程。 徐大爷和金阿姨在恋爱期间发生过多次争吵，分分合合也有好几次。徐大爷的想法就是老年人结婚就是找个人陪伴照顾自己，女方要能尽心尽力照顾自己的饮食起居。金阿姨虽然不太认同徐大爷的婚姻观，但是始终没有与徐大爷彻底分手。2022年6月，徐大爷名下的一套房子拆迁，得到了270余万元的拆迁补偿款。为了和金阿姨婚后生活更有保障，徐大爷与金阿姨商量决定在重庆购房定居并登记结婚。 2023年春节前夕，两人来到重庆中心城区，暂住在金阿姨的女儿家。重庆中心城区被长江和嘉陵江环绕，金阿姨的老家大渡口区就在长江之滨。刚到不久，为了表达诚意，徐大爷就给金阿姨的账户转了141万余元。金阿姨用其中的47万余元购买房屋一套并登记在两人名下。徐大爷还给金阿姨及其母亲、女儿、姨妈等亲人购买了项链等首饰。 转账后没过几天，徐大爷为了进一步表达诚意，与金阿姨就141万余元中的70万元签了一份《赠与协议》，协议主要载明徐大爷和金阿姨系恋爱关系，已经相处多年，徐大爷深感金阿姨生活不易，为了金阿姨晚年生活更有保障，特无条件赠与70万元。协议签完之后，时值2023年的春节，原本相约在节后正式登记结婚的两人，却在节日期间闹起了矛盾。徐大爷认为金阿姨及其家人不尊重他，金阿姨对其生活的照顾不够细致，做菜时不考虑自己不吃辣的饮食习惯，经常对别人说自己不讲卫生，金阿姨一家人都嫌弃他，吃饭时让他一个人用公筷，家里来了客人就冷落他，自己成了边缘人。金阿姨则认为徐大爷脾气不好，对自己家人甩脸色、发脾气，与其他女性搞暧昧关系，并且还有暴力倾向。即便这样，自己和家人都包容他，想方设法让他开心，让他感受到家庭的温暖。 幸福的开端竟迎来了冷漠的结局，原本要携手度过余生而且婚房都置办好了的两人，经过一个春节缘分就彻底走到了尽头。2023年2月底，两人大吵一架后，徐大爷独自返回了上海。 金阿姨回到上海后，主动归还了徐大爷10万元。徐大爷多次电话联系金阿姨要求归还剩余财物，但是金阿姨拒绝再返还其他财物。2024年3月，徐大爷向金阿姨户口所在地的重庆市大渡口区人民法院提起诉讼，以返还彩礼为由要求金阿姨返还购买房屋后剩余的94万余元以及将两人名下价值约47万余元房子的所有权人变更为自己独立持有。另外，徐大爷还要求金阿姨返还首饰款8万余元。 法庭上，金阿姨认为徐大爷违背了恋爱期间的爱情誓言，没有做到一直对自己好，徐大爷则表示金阿姨没有贴心地照顾自己。金阿姨对徐大爷转账的金额表示认可，但她认为，两人分手之后，她主动给徐大爷转了10万元；转账余额中有70万元是签了赠与协议的，不应该返还；47万余元买的房子，愿意配合过户；14万余元已经用于两人的日常消费。徐大爷也从未说过转账的141万余元属于彩礼，也没有搞过送彩礼的仪式，所以请求法院驳回徐大爷的全部诉讼请求。 最终，法院审理后认定，徐大爷转账的141万余元属于彩礼而非赠与，扣除购买房屋的47万余元和金阿姨返还的10万元后，剩余的83万余元，根据两人的恋爱经历、共同生活的情况等因素判决金阿姨返还徐大爷75万元，并判决金阿姨协助将购置的婚房变更为徐大爷个人所有，驳回徐大爷的其他诉讼请求。判决之后，双方均服判息诉，未提起上诉。 这起案件的特殊之处在于老年人之间以缔结婚姻为目的而给付财物的行为性质不明确，需要结合案情综合判定。本案中，双方的争议焦点在于：徐大爷的转账行为是彩礼还是赠与？金阿姨如果要返还，具体金额是多少？赠送的首饰等礼品是否应该返还？对此，大渡口区法院认为，应从给付财物的目的、给付时间及给付方式、财物价值、财物使用情况等多方面予以考量。 一是要明确当事人给付财物的目的。彩礼是指缔结婚姻一方以结婚为目的、依据习俗给付另一方的财物，认定中需结合给付财物时的前因后果、基本逻辑等来判断。本案中，2023年初，徐大爷与金阿姨到重庆准备办理结婚事宜。徐大爷向金阿姨转款141万余元后，金阿姨就使用了部分款项购买了婚房。由此可知，徐大爷向金阿姨转的款是为了双方结婚而使用。徐大爷虽出具《赠与协议》，表明赠与70万元给金阿姨，但《赠与协议》中亦明确赠与的目的是让女方“晚年生活更有保障”，也符合恋人之间为使对方对婚姻更有信心、婚后生活更有保障而给予彩礼的婚俗习惯，其中亦隐含着与女方共度晚年的美好期盼。 二是要结合给付财物的时间和方式予以评判。年轻人结婚时，通常会有男女双方家庭商谈结婚时间、拍结婚照、支付彩礼等习俗，从青年男女的交往历程、仪式活动中认定彩礼较为简便。但大部分老年人对于爱情的表达通常比较含蓄，在对缔结婚姻的表达上会要求能照顾彼此的生活起居，并不大注重年轻人关于订婚送彩礼的流程仪式，碍于传统的保守观念通常也不会采取年轻人之间给付彩礼的方式。本案中，徐大爷年近七旬，此前未结过婚，多次向女方表达结婚的主要目的就是要找人照顾自己。徐大爷的前述言行比较符合目前老年人婚恋的普遍性需求和行为习惯。 三是要从给付财物的价值来分析。据徐大爷的陈述，案涉141万余元转款为房屋拆迁补偿款的一部分，金额巨大，并非日常性的礼物或消费支出。法庭经过调查确认，两人在恋爱期间存在分手情况，并无证据证明双方长期共同生活，双方到重庆共同生活时间亦不超过2个月，从徐大爷与金阿姨的交往过程及感情看，徐大爷没有无偿赠与金阿姨70万元的情感基础及现实需要。综上所述，徐大爷以缔结婚姻为目的转账给金阿姨的141万余元应属于彩礼。 四是返还范围要考虑消费性支出等因素。《最高人民法院关于审理涉彩礼纠纷案件适用法律若干问题的规定》第三条规定，一方为表达或者增进感情的日常消费性支出不属于彩礼。对于徐大爷要求返还的首饰款，法院认为这是表达或者增进感情的日常消费性支出，属于赠与，不应返还。大渡口区法院最终判决返还的75万元是根据款项的实际使用情况，综合考虑双方共同生活消费支出、双方过错等因素，结合当地习俗而确定，既确保了公平公正，又充分考虑了当事人的情感因素，实现了法律效果和社会效果的高度统一。 中国政法大学教授、博士研究生导师 冯晓青 党的二十届三中全会指出要积极应对人口老龄化，完善发展养老事业，而保障好老年人的合法权益则是贯彻该项改革要求的应有之义，该案就是依法保障老年人婚恋中合法权益的典型案例，涉及精神和物质两个层面。帮助老年人在选择“黄昏恋”时防范好法律风险是全社会的责任，具体来说应防范好以下三点风险： 一是要防范好婚前的大额彩礼纠纷。老年人要树立正确的婚恋观，摒弃借婚姻索取财物、高额彩礼等不良风俗。对于对方索要高额彩礼的请求，老年人应该多向身边亲友咨询，避免盲目转账。如果要向对方支付彩礼，应当通过书面协议、见证人见证、保留聊天记录、转账备注等方式明确转账是支付彩礼，例如本案中被告就认定转账141万余元是赠与不是彩礼，主要问题就是彩礼的性质没有通过任何形式予以明确。另外，为了增进彼此的感情，赠送对方及亲友的各种礼品、日常消费支出通常不属于彩礼，发生纠纷之后，法院通常不会判决返还，老年人要做到心中有数、量力而行。 二是要防范好恋爱期间的小额经济纠纷。老年人之间情感表达方式通常有别于年轻人，最常见的就是直接给钱来表达爱慕之情。给出金钱的一方不一定知晓其中的法律风险，而且不少金钱往来是以借款为名义，但是又缺乏有效的证据证明某笔资金往来属于借款，一旦双方恋爱期间感情破裂，这些笔数众多、金额不等的资金往来就会成为矛盾最集中的方面，很难查清是赠与还是借款。老年人在恋爱期间，对于大额金钱往来要做到及时留痕，保存好转账记录、微信聊天记录等证据，区分好借款和为增进感情的赠与。恋爱期间，老年人如果遇到对方频繁的金钱索求，务必要提高警惕，既要防范经济纠纷，更要预防婚恋诈骗。 三是要防范好家庭财产分配纠纷。老年人结婚显著不同于年轻人的特征还包括双方可能都各自有子女，虽然说老年人拥有婚姻自由，子女不得干涉，但是老年人的“黄昏恋”最好能获得双方家人的支持和理解，否则“黄昏恋”可能会陷入复杂的纷争。根据民法典中关于夫妻共同财产的规定，如果老年人结婚，各自子女就可能担心以后获得遗产的份额减少。老年人在正式登记结婚之前，务必要处理好彼此家庭财产的分配问题。老年人应该与家庭成员协商一致，妥善分配家庭共有财产，为避免纷争可以选择订立分家协议、遗嘱，尽量采用书面形式，格式规范、内容明确具体，最好再补充上录音录像，邀请共同认可的见证人见证，必要时还可以邀请律师等专业人士协助。最后，双方老人尽可能共同办理婚前财产公证，把所有潜在的财产纷争风险消灭在结婚之前。（本报记者 刘洋 本报通讯员 刘勋 曾继川）,4135,http://society.people.com.cn/n1/2024/1216/c1008-40382780.html,婚姻;结婚;离婚;婚恋;彩礼;婚俗;恋爱;单身;伴侣;夫妻;恋人
People.cn,2024/12/17,安徽天长多措并举谱写婚俗文明新风尚,近年来，天长市开展“抵制高额彩礼，倡导文明婚俗”普法宣传，打好制度、治理、创新、示范“四张牌”，创新移风易俗方法路径，以文明婚俗见证美满幸福，以时代新风塑造时代新人。 该市以当地模范好人、百姓名嘴、文化达人为主体，组成宣讲队伍，深入田间地头和大街小巷，通过讲故事、拉家常、表演地方戏等形式传播文明婚俗新风尚；依托各镇村新时代文明实践所（站），联合司法部门开展普法宣传等活动，引导群众拒绝摆阔攀比、抵制高价彩礼；组织党员干部开展“移风易俗我承诺”活动，发挥示范引领作用，彰显“人性化”，共谱“和谐曲”。 天长市将“抵制高额彩礼”纳入村规民约，推动婚事从简、婚俗从新。目前，全市175个村（社区）均建立“一会一队一约”，即：红白理事会、移风易俗志愿服务小分队、红白喜事公约；实施红事“三明确”工作标尺，即：明确红事随礼不超过300元，明确婚宴正餐一餐办、每桌不超过600元，明确单方宴席控制在15桌内、1天内办结。175个村（社区）划分成1231个移风易俗工作网格，配备移风易俗“专管员”，组建志愿服务小分队，联系到户，为群众提供互帮互助服务。 天长市开展中秋“月圆人团圆，共制幸福饼”活动。天长市委社会工作部供图 在“520”“七夕”“中秋”等特殊节点，天长市相关部门开展形式多样、富有内涵的活动，引导适婚青年树立正确的婚恋观、家庭观，摒弃陈规陋习。“520”时，团市委联合婚姻登记处开展文明新婚俗宣传活动，在婚姻登记处门前精心布置温馨浪漫的宣传墙，新人们纷纷留下了自己的名字和祝福。七夕节，婚姻登记处与民政福彩联合推出“七夕天长情，福彩添喜意”主题活动，传递出“公益、慈善、健康、快乐、创新”的理念。中秋佳节，妇联、社区等举办“月圆人团圆，共制幸福饼”活动，吸引众多新婚夫妇和情侣参与，共同感受中华传统文化的魅力。 司法、妇联等多部门建立紧密合作关系，形成婚姻家庭纠纷多元化解工作格局。在婚姻登记处设立婚姻家庭辅导室，积极开展婚前教育、婚姻家庭关系调解、幸福婚姻家庭经营技巧辅导等工作；与人民调解中心联动，无缝对接专职调解员队伍，为离婚当事人提供专业的法律援助和调解服务；与社区携手，深入社区为居民普及婚姻法律知识和家庭和谐理念，及时发现并化解潜在的家庭矛盾。（汪骏 徐宏义 汪启湖）,942,http://ah.people.com.cn/n2/2024/1217/c374164-41078513.html,婚姻登记;高价彩礼;婚姻;离婚;婚恋;彩礼;婚俗;适婚;情侣
People.cn,2024/12/17,离婚后户口未迁出的妇女能否分得征地补偿款？,女子离婚后户口未迁出，原村民小组获得征地补偿款时，能否获得征地补偿款？近日，湖南省衡阳市珠晖区人民法院审理了这样一起侵害集体经济组织成员权益纠纷案，法院判决被告某村民小组给付原告李某征地补偿款1.6万元。 李某（女）于2005年与某村村民王某结婚，并将户口迁入王某所在的村民小组。2017年李某与王某离婚，但离婚后李某的户口并未迁出该村。后王某与周某结婚，周某也将户口迁入该村民小组。2022年，某单位与该村民小组签订了《征地补偿协议》，根据相关标准，该村民小组获得征地补偿费用。然而，在分配补偿款时，王某的现任妻子周某因户口迁入时间晚于征地分配方案确定时间，未获得征地补偿款。而李某因与王某离婚，也未获得该征地补偿款。面对这样的结果，李某将该村民小组诉至法院。被告某村民小组则认为，原告李某已经离婚，且前夫王某又再婚，李某不再享受分配征地补偿款。 法院审理后认为，李某因结婚将户口迁入该村民小组，与王某在离婚前长期在该村居住生活，并在村组分配了土地，依赖农村集体土地作为生活保障。因此，李某已经具有该村集体经济组织成员资格。根据《中华人民共和国农村土地承包法》第三十一条的规定：承包期内，妇女结婚，在新居住地未取得承包地的，发包方不得收回其原承包地；妇女离婚或者丧偶，仍在原居住地生活或者不在原居住地生活但在新居住地未取得承包地的，发包方不得收回其原承包地。同时，《中华人民共和国妇女权益保障法》规定，妇女在集体经济组织收益分配上享有与男子平等的权利，任何组织和个人不得以妇女未婚、结婚、离婚、丧偶、户无男性等为由，侵害妇女在农村集体经济组织中的各项权益。基于以上法律规定，法院认为，李某与王某离婚后，并不因离婚而失去该村的集体经济组织成员资格。故法院作出前述判决。 妇女离婚或丧偶后，无论选择继续在原居住地生活，还是迁移至新居住地，未取得新的承包地的情况下，原发包方均无权收回其原有的承包地。这一规定，是对妇女在农村土地承包经营中平等地位的明确肯定，也是对她们生活稳定性的有力支撑。妇女在农村集体经济组织收益分配、土地征收或征用补偿费的使用，以及宅基地使用权等方面，享有与男性成员完全平等的权利。这意味着，妇女的婚姻状态——无论是未婚、已婚、离婚还是丧偶，都不应成为剥夺或限制她们在集体经济组织中各项权益的理由。 本案中，周某因迁入时间晚于征地补偿方案确定之时，故未获得补偿款分配。但李某在征地补偿方案形成之时，其户籍性质未变，且未退出原有的承包地，因此，她的集体经济组织成员资格依然有效。在此基础上，村民小组不得以李某已离婚为由，排除其平等获取集体收益的权利，应依法分配给李某应得的征地补偿款。（陶琛 谭紫璇）,1108,http://yn.people.com.cn/n2/2024/1217/c361322-41077883.html,婚姻;结婚;离婚;再婚
China News Service,2024/12/19,黑龙江法院：探索婚姻家庭领域多元解纷路径 保障妇女儿童权益,中新网 哈尔滨12月19日电 (记者 刘璐)19日，黑龙江省高级人民法院联合黑龙江省妇联召开新闻发布会，通报妇女儿童权益保护工作情况，发布《黑龙江省高级人民法院家事审判白皮书》(以下简称《白皮书》)及十大典型案例。 《白皮书》显示，2020年1月至2024年11月，黑龙江省三级法院紧紧围绕“公正与效率”工作主题，充分发挥审判职能，依法维护妇女在婚姻家庭、财产继承与分配上的平等权，妥善维护儿童在抚养、继承、教育和人身权等方面的合法权益，依法快审、快结、快执因家庭暴力、虐待等原因导致感情确已破裂的离婚案件，共审结家事案件282435件，其中调解撤诉案件213860件，调撤率75.71%，一审服判息诉率97.27%。 据悉，为高效化解家事纠纷，黑龙江法院积极推进家事审判改革，通过优化符合家事审判特点的硬件设施、制定家事案件审判指南、打造全省专业化家事审判团队等方式，不断创新家事审判工作方法。同时，建立家事纠纷化解联动机制，加强多部门协作，探索构建具有黑龙江特色、符合司法规律、体现时代特征的家事审判多元解纷体系。 发布会上，公布的十大典型案例聚焦了尊重妇女、关爱儿童，促进男女平等话题，有针对性地回应了家务补偿、家暴离婚纠纷、失独老人扶助、未成年人抚养等热点问题，充分展现了近年来黑龙江省妇女儿童权益保障工作成果。(完),563,https://www.chinanews.com.cn/sh/2024/12-19/10339348.shtml,婚姻;离婚;家庭暴力;家暴
People.cn,2024/12/19,倡导正确婚恋观 河北青县举办“婚俗文化展”,日前，在河北省青县市民文化活动中心，青县新时代文明实践中心、青县县委社会工作部等部门联合举办婚俗文化展，引导广大青年树立文明、健康、理性的婚恋观。 婚俗文化展通过展牌集中展示了我国不同时期婚姻制度、婚姻习俗的变迁，并设置了许愿阁、婚俗新风签名墙等。青年志愿者们在现场向参观者发放移风易俗倡议书，倡导大家反对高价彩礼、铺张浪费等不良习俗，养成勤俭节约、文明健康的生活方式。观展群众纷纷表示将用实际行动支持移风易俗工作。“通过参观婚俗文化展，我了解了婚俗文化的变迁，对新时代的婚恋观有了更深的体会，我会积极响应。”居民张丽娜观展后在“对高价彩礼说不”签名墙上，郑重地签下自己的名字。 青县新时代文明实践中心相关负责人表示，举办此次活动，旨在提高群众对移风易俗工作的知晓率、认同感，引导广大青年树立正确的婚恋观，自觉抵制陈规陋习、高价彩礼和铺张浪费等行为。下一步，青县将持续推进移风易俗工作，多措并举创新方式方法，以群众喜闻乐见的形式广泛开展移风易俗宣传，推动移风易俗入脑入心，不断培育文明乡风、良好家风、淳朴民风。（邢程）,459,http://he.people.com.cn/n2/2024/1219/c192235-41081115.html,高价彩礼;婚姻;婚恋;彩礼;婚俗
People.cn,2024/12/24,湖南澧县金罗镇：三步工作法化解婚恋家庭矛盾,为充分发挥基层婚恋矛盾纠纷调解服务机制作用，近期，湖南澧县金罗镇成立婚恋家庭矛盾调解小组，深入开展婚姻家庭矛盾纠纷排查、普法及调处工作，充分发挥维护社会稳定“第一道防线”的作用，推动婚姻家庭矛盾纠纷化解走深走实。 开展地毯追踪，定期深入排查。调解小组挨家挨户走访，耐心倾听群众心声，收集到潜在婚恋纠纷线索4条，做到纠纷早发现。针对复杂纠纷，研究纠纷的缘由、当事人诉求、性格特征、社会关系及社会表现，再去粗取精、去伪存真，找准症结，“一户一策”定制调解方案。 区分风险等级，及时精准预警。金罗镇推行婚恋家庭矛盾风险评估“三色”预警工作机制，对排查出的婚恋家庭纠纷线索，按照类型及风险高低划分为红色（高）、黄色（中）、绿色（低）三个预警等次。对红色重点防控化解对象、黄色重点关注对象、绿色时常回访对象分情况开展上门疏导、化解、稳控等相关工作，实现“小事不出村、大事不出镇”。 形成部门合力，耐心化解矛盾。近期，金罗镇婚恋家庭矛盾调解小组联合镇派出所、综治办对一对感情失和的夫妻进行了多次“面对面”入户调解，耐心倾听当事人的牢骚抱怨、了解当事人的诉求后，运用身边人、事释法明理，使双方解开心结，消除积怨，积极面对婚姻关系。 今后，金罗镇婚恋家庭矛盾调解小组将强化整体谋划、深化协同联动、延伸履职触角，积极引导群众合理表达诉求，共建和谐家庭社会。（丁雅芯）,574,http://hn.people.com.cn/n2/2024/1224/c356887-41085528.html,婚姻;婚恋;对象;夫妻
People.cn,2024/12/27,贵州德江：创新婚恋家庭纠纷“1314”闭环解纷工作法,近年来，贵州省德江县民政局婚姻登记中心坚持和发展新时代“枫桥经验”，探索构建纵横联动、上下互动、专群齐动的“1314婚姻家庭辅导服务”机制（即：建强1个阵地、落实3项婚前教育辅导、组建1支婚姻家庭矛盾纠纷化解志愿队、关爱4类重点婚姻家庭），针对性解决婚姻服务低效化、婚姻维系低质化、婚恋纠纷“发现难和调处难”、问题家庭“回归难”等问题，结合实际，从“事前预防、事中跟进、末端治理”着手。 共建1个阵地强引领，解决婚姻服务“低效化”问题 依托婚姻登记中心原有功能，撬动县委平安办，联合妇联、团委、法院、司法等多方力量，多措并举推进婚姻服务提质增效。 优化阵地设置。拓宽原婚姻登记中心，建设120平方米的幸福婚姻“同心站”，增设婚前普法室、婚姻家庭辅导室、跟踪回访室，选派多部门人员实行“一站式”服务新婚夫妇和离异等问题夫妇。规划建设60亩“同心林”，在“七夕”等特殊时间节点组织新婚夫妇共植“同心树”、共育“同心林”、共写“同心语”、共绘“同心墙”等系列活动，进一步增进新婚夫妻的社会责任感和家庭归属感、生活幸福感。 健全婚姻服务管理制度。紧扣婚姻登记服务管理，健全登记办事、一次性告知、婚前辅导等机制，全力优化婚姻登记服务；紧扣婚内家庭服务，健全随访、走访、家庭辅导和跟进服务机制，有力促进家庭和谐；紧扣离婚登记服务，健全心理疏导、跟进回访、警示教育等机制，切实降低离婚后滋生风险隐患。 建优智能化服务平台。开通线上预约、婚恋咨询热线，开设线上婚姻学习专栏，拓宽婚姻登记和婚姻辅导渠道，进一步丰富婚姻登记服务方式、提升普法宣传精度。同时，充分运用大数据平台建好智慧引导系统，及时推送相关部门跟进服务，提升办事服务质效。 优化3项服务强引导，解决婚姻维系“低质化”问题 充分运用婚前法治宣教室，深入开展婚前教育辅导，促进夫妻和谐、家庭和顺。 观看一部“婚姻家庭法规”动漫视频宣传片。对登记结婚夫妇线下组织观看《和和美美一家人》婚姻法治动漫视频宣传片。线上将《和和美美一家人》宣传片连同婚姻登记办事指南、移风易俗倡议书等植入民政微信公众号，引导前来办理婚姻登记新人扫码关注。 答好一张“婚姻驾照技能”趣味测试卷。在办理婚姻登记前，针对男女在家庭中扮演的不同角色，进行“婚姻驾照技能”测试，帮助双方正确认识婚姻家庭关系，理性对待婚后家庭矛盾，有效预防新婚夫妇在未来家庭生活中可能出现的不恰当行为和观念。 接受一次“平安幸福家”情感辅导。通过为婚姻登记当事人提供一次移风易俗、家风家教等辅导服务，帮助夫妻增进婚姻幸福、化解婚姻危机等技巧，正确对待婚姻幸福“期望值”，做到“三好”夫妇，努力营造平安幸福家庭的良好氛围。2023年以来，先后对2510对新婚人员进行法律法规辅导并组织参加趣味测试答题，710对关系紧张家庭接受婚姻辅导，评选“好婆婆”“好媳妇”“好爸爸”120余人。 建优1支队伍强服务，解决婚姻纠纷“排处难”问题 组建1支以法官、律师、巾帼志愿者等为主体的志愿服务队伍，引导群团组织、专业人才、网格联户自治组织积极参与婚姻家庭辅导、婚恋纠纷调解及困难帮扶。 精准指引排查化解“清源头”。以民政婚姻登记中心为情报信息感知点，通过“六线合一”线索汇聚机制每日将离婚咨询、登记和现场离婚有纠纷矛盾的信息线上推送至县综治中心，为综治中心将婚恋家庭纠纷信息进行比对查重分析，筛查发现具有极端行为倾向人员和潜在风险信息提供支撑，让隐蔽风险“化隐为显”。 三关共守精准普法“防反复”。坚持家庭法治宣传教育与家庭美德建设、良好家风家教一体推进，把紧婚姻登记普法“入口关”、紧盯跟进干预“引导关”、严控婚姻冷静期及离婚后“出口关”，通过“入户宣法、以案说法、以案释法”等方式对相关人员进行精准法治引导2万余人次。 重点家庭科学回访“止纷争”。会同群团组织，组织志愿服务队伍和网格员对显现婚恋纠纷问题家庭进行跟进回访，针对性开展心理疏导、情感调解和普法教育。2023年以来，成功创建“平安家庭”1500户，培育国家级“最美家庭”1户。 紧盯4个关爱助和谐，解决特殊家庭“回归难”问题 关爱新婚隐患群体，关爱离异问题群体，关爱婚内特殊群体，关爱离异困难家庭群体。建立关爱帮扶机制，采取创业（资金）帮扶、社会救助、技能培训等方式，着力帮助提升生活质量。对申请离婚、登记离婚的逐一登记台账管理，并适时推送到县级综治中心，为基层网格精准走访提供服务。2023年以来，开展心理疏导、协助当事人解决困难诉求260余件。充分发挥婚姻家庭辅导室中“暖心大姐”志愿服务队作用，采取“一帮一、多帮一”等服务措施，助力构建和谐家庭。通过“家社联管、家校联育、家企联扶”方式加强对单亲家庭、未成年子女等困难家庭兜底帮扶，从源头上减少问题家庭风险源。（文/图 德江县民政局）,1966,http://gz.people.com.cn/n2/2024/1227/c361324-41089652.html,婚姻登记;婚姻;结婚;离婚;婚恋;夫妻
China News Service,2024/12/30,21个省份可办 全国累计办理“跨省通办”婚姻登记45万对,记者从2025年全国民政工作会议上了解到，目前，全国已有21个省(区、市)全面推行婚姻登记“跨省通办”，截至11月底，累计办理“跨省通办”登记45万对。全国县级以上婚姻登记机关婚姻家庭辅导室设置基本实现全覆盖，建设各类公园式婚姻登记点319处、户外颁证基地474处。 2025年，民政部将推动修订和实施《婚姻登记条例》，做好婚姻登记“全国通办”，修订《婚姻登记工作规范》，加强婚姻登记信息化建设，深化婚俗改革，优化婚姻家庭辅导服务，助力人口高质量发展。 (总台央视记者 李玉梅） 【,241,https://www.chinanews.com.cn/gn/2024/12-30/10344879.shtml,婚姻登记;婚姻;婚俗