media,date,title,text,matched_keywords,object_class,object_decision
China News Service,2021-01-02,让社区矫正对象“出得去”“管得住”,"安徽：强化监督促社区矫正管理人性化规范化
本报讯(记者吴贻伙)“要不是你们协调区司法局批准我出去跑业务，还鼓励我放下思想包袱、安心经营，我们公司恐怕闯不过这个难关。”日前，安徽省芜湖市湾沚区一家高新技术企业的实际控制人倪某真诚地对前来回访的芜湖市湾沚区检察院检察官说。
社区矫正对象倪某的高新技术企业集科研、设计、生产和销售为一体，2019年下半年，该企业订单减少处于半停产状态，芜湖市湾沚区检察院了解到情况后，立即与区司法局等相关部门进行协调，批准其赴内蒙古、陕西等地洽谈业务。倪某利用外出机会，与有关企业签订意向协议达500余万元，签订正式产品订购合同金额100余万元，有效帮助了该企业复工复产。
2019年11月，沪苏浙皖四省市检察、司法行政机关共同签署了《沪苏浙皖社区服刑人员外出管理办法(试行)》。一年来，安徽省检察机关认真贯彻执行该项工作制度，积极探索解决规范社区矫正对象监管和服务保障经济社会发展的矛盾，以张弛有度的监管让社区矫正对象“出得去”“管得住”，有力促进了企业生产经营和复工复产。
在安徽省合肥市，一年来社区矫正对象外出请假同比增加了200多人次，其中批准民营企业家外出10余人次。合肥市庐江县社区矫正对象朱某，从事种植业生产需经常外出销售，为保障其正常生产经营，庐江县检察院建议县社区矫正机构批准其多次外出，朱某还带动了周边多名农民因发展种植业而脱贫，获得村民们的好评。
为全面摸清社区矫正对象生产经营和复工复产中的实际需求，宿州市砀山县检察院会同该县司法局开展专项调查，建立起处于社区矫正期的涉民营企业家和企业人员基础信息台账，同时借助微信申请、网上办理等信息化手段促进审批的快速办理。社区矫正对象汪某某，系砀山县一家新能源公司的法定代表人，2020年因业务洽谈和参与诉讼等原因多次外出，通过事前报批、网上提交证明材料等方式，为其快速办理了请假审批手续。
放开社区矫正对象外出管理，不等于放松管理。安徽省检察机关以强有力的监督来保障该项工作法治化、规范化开展。2020年8月，安徽省检察院组成四个社区矫正巡回检察组，对该省有关地方的社区矫正及其监督工作进行巡回检察，共发现问题51个。巡回检察后，安徽省检察院针对社区矫正对象外出请假不规范等问题，向该省司法厅发出检察建议，并督促整改工作落实到位。合肥市两级检察机关还协同司法行政部门探索建立起同城托管制度，采取由执行地与托管地社区矫正机构“一月一通报”方式，每月共享动态管控信息，并及时向检察机关通报管控情况。截至目前，合肥市检察机关共对20多名社区矫正对象实行同城异地监管。",对象,ambiguous,remove
China News Service,2021-01-02,民法典及相关司法解释正式施行 婚姻法、继承法、合同法等废止,"央广网北京1月2日消息(记者孙莹)据中央广播电视总台中国之声《新闻纵横》报道，2021年1月1日起，《中华人民共和国民法典》正式施行，中国进入了“民法典时代”。与此同时，民法通则、婚姻法、继承法、收养法、担保法、合同法、物权法、侵权责任法以及民法总则废止。
为切实推动民法典实施，更好保障人民权益，最高人民法院在2020年12月30日发布了与民法典配套的第一批7件司法解释，与民法典同步施行。关于离婚后孩子跟谁、网名是否受保护、老人遗产怎样分割等一些列被热议的民事法律问题，民法典和司法解释都是如何规定的呢？
最高法近日发布的民法典婚姻家庭编的解释(一)，注重引导树立良好的家教、家风，弘扬家庭美德，促进家庭文明建设。民法典中明确，禁止家庭暴力，禁止家庭成员间的虐待和遗弃。如何认定“虐待”？司法解释予以明确，最高法副院长贺小荣说：“在反家庭暴力法中明确规定，在家庭暴力的基础上，将持续性、经常性的家庭暴力认定为虐待，体现了对家庭暴力坚决说‘不’的鲜明价值导向。”
中国政法大学传播法研究中心副主任朱巍分析：“诉讼离婚时，如果有家暴行为，法院应该判决离婚。可以在要求离婚的同时要求损害赔偿，这无疑让被害人得到更高的赔偿。所以这些可以说是反家暴在婚姻家庭层面的重要抓手。”
司法解释注重保护妇女、未成年人、老年人和残疾人的合法权益。贺小荣举例说：“比如进一步细化了在法定情形下变更无民事行为能力人的监护人，并由新的监护人代理其提起离婚诉讼的规定，依法保护无民事行为能力人的合法权益。”
在离婚诉讼中，未成年子女抚养权和财产分割是最主要的争议焦点，对已满两周岁的未成年子女，父母均要求直接抚养，可予以优先考虑的情形包括：已做绝育手术或丧失生育能力；子女随其生活时间较长，改变生活环境对子女健康成长明显不利；无其他子女，而另一方有其他子女等。另外，也要尊重孩子的意愿。贺小荣说：“在未成年子女抚养权纠纷中，贯彻最有利于未成年子女的原则，尊重8周岁以上子女的真实意愿，将表达真实意愿的年龄由10周岁下调至8周岁。”
依据司法解释，子女单独随祖父母或者外祖父母共同生活多年，且老人要求并且有能力帮助照顾孩子的，可以作为父或母直接抚养子女的优先条件予以考虑。法院支持父母双方协议轮流直接抚养子女。朱巍说：“在有利于保护子女利益的前提下，父母双方可以协议轮流直接抚养子女，比如今年跟你，明年跟我，或者假期跟你玩，平时跟我，这把探视权和抚养权融合了，这个做法还是有利于孩子成长的。”
近年来，孩子是否为亲生影响离婚诉讼判决结果的案件时有发生。依据司法解释，父或者母向人民法院起诉请求否认或者确认亲子关系，并已提供必要证据予以证明，另一方没有相反证据又拒绝做亲子鉴定的，人民法院可以认定否认或者确认亲子关系一方的主张成立。
对于擅自将孩子的姓氏改为继父或继母姓氏引发的纠纷，司法解释也作出了回应，“即便变了名字，也不能不付抚养费，但是同时，作为平衡，法院是可以责令恢复原来姓氏的。”朱巍说。
生活中有人离婚心切，协议离婚时声称不在乎财产，之后就分割问题再打官司，朱巍提示说：“民法典司法解释其实也说了，就离婚分割财产后悔的，人民法院可以受理。但是如果没有发现订立协议的时候存在欺诈、胁迫情形的，即便不公平，法院也应当依法驳回当事人的诉讼请求。”
随着人民群众生活水平的不断提高，个人和家庭拥有的财产日益增多，因继承引发的纠纷也越来越多。贺小荣介绍，此次修改继承编司法解释注重弘扬社会主义核心价值观，“明确遗产无人继承又无人受遗赠的情况下，如果有继承人以外对被继承人扶养较多或者依靠被继承人扶养的，应当分给适当遗产，引导全社会形成尊老爱幼、互帮互扶的良好风尚。”他说。
司法解释切实尊重遗嘱人的真实意愿。贺小荣举例说：“比如，实践中经常有通过公证方式设立遗嘱后，遗嘱人因为重病或者其他原因无法再次设立公证遗嘱的情况，为保障遗嘱人处分自己财产的真实意愿，此次民法典继承编删除了继承法关于公证遗嘱效力优先的规定。我们在修改清理中也将‘有公证遗嘱的，以最后所立公证遗嘱为准’的条文予以废止。”
为确保遗产顺利分割，此次民法典继承编新增加了遗产管理人制度。贺小荣分析说：“为使该制度能够有效地对接实践，在司法解释相关条文中增加规定了继承人放弃继承，可以书面形式向遗产管理人表示，以保障遗产管理人制度的顺利运转。”
民法典最大的亮点，是人格权独立成编，一些以前法律没有明确规定的权利，出现在民法典里。现实生活中，因为有了互联网、微信等即时聊天工具，人们不仅有自己真实的姓名、乳名、笔名、艺名，还有网名、微信昵称等，随着民商事活动的日益多样性，社会主体应该受到法律保护的权利越来越多。最高法对人身损害赔偿等有关人格权纠纷的司法解释修改增加了一些案由，以及赔偿范围。贺小荣介绍说：“增加声音保护、个人信息保护、申请人格权侵害禁令等民事案件案由；完善了人身损害的内涵和赔偿范围，即生命、身体和健康等物质性人格权遭受侵害，赔偿范围包括物质损害和精神损害；增加规定死亡自然人的近亲属有权主张精神损害赔偿；将精神损害赔偿的保护对象调整为‘人身权益’或者‘具有人身意义的特定物’。” 【编辑:白嘉懿】",婚姻|对象,ambiguous,keep
China News Service,2021-01-05,婚恋网站扮演着“红娘”角色 但也成为诈骗“沃土”,"婚恋网站扮演着“红娘”角色，但也沦为不法分子实施诈骗的“沃土”
“我希望他关在里面一辈子，永远都不要出来害人！”这是丁红(化名)生前对案件承办检察官说的最后一句话。2020年10月，因债务压力、心灵创伤被确诊为抑郁症的丁红，结束了自己年轻的生命。
让丁红感到伤心的男人正是她的前夫朱文(化名)。在相识仅5个月后，两人就闪婚。这段婚姻只维持了不到两个月，2020年7月21日，两人办理离婚登记。
这场看似普通的闪婚暗藏玄机，朱文已向丁红借款50余万元。其中，大部分借款则是由丁红贷款筹集。据了解，在两年时间内，朱文先后通过伪装身份，从12名被害人处诈骗350余万元。2020年11月9日，江苏省苏州市吴江区人民法院以诈骗罪对朱文判处有期徒刑14年，并处罚金14万元。
2020年初，丁红通过婚恋平台结识了“公安民警”朱文，朱文晒出各种工作生活的“警官照”。丁红接受检察官问询时表示，这个帅气的小伙子给她安全感。
初次见面后，两人开始频繁联系。朱文时常身穿警服接丁红下班，并带她到家里作客，随后两人确立恋爱关系。
没过多长时间，这段“甜蜜爱情”就变味了。朱文开始用各种理由向丁红借钱：工作调动需要打点关系、欠款催账资金周转不灵……朱文借款的数额越来越大、次数也越加频繁。
2020年5月，朱文带着丁红到安徽“旅游”，并展示他正在经营的纺织厂。朱文告诉丁红，纺织厂近期效益不佳，资金周转不灵。倘若因为资金纠纷被单位知道，他的工作就保不住了。朱文再次向丁红借钱。
“你为什么不向父母借钱呢？”丁红将信将疑。此前，在朱文描述中，他的家庭条件殷实。
朱文说，他是寄养家庭的孩子，跟亲生父母和养父母都不亲。从小到大，朱文只能独自打拼。丁红瞬间产生同情，想到朱文也会不定期归还部分借款，丁红觉得他并不是骗子，反而是个靠谱的男人。
短短几个月，丁红共借给朱文50多万元。其间，丁红多次催要无果。为了安抚丁红，朱文提出与丁红领证结婚。两人领证后，朱文早出晚归，甚至以加班、应酬等各种理由不回家。
丁红对朱文感到伤心和失望，每次打电话争吵时，朱文都会主动提出离婚。经过数次争吵后，丁红同意离婚。她本以为拿回借款就可以开始崭新生活，但这件事还远远没有结束。
离婚第二天，丁红接到一名陌生女子电话。对方声称自己为朱文的未婚妻。两人认识一年多了，即将领证结婚，并已怀有身孕8个多月。
回想到朱文三番五次借钱，丁红越想越觉得不对劲，丁红选择报警。
7月29日，吴江警方立案侦查，于次日将朱文抓获，并在朱文家中搜查到各类假冒职业服装与伪造的不动产权证书。
经过审讯、调查取证，警方发现，那名怀有身孕的女子刘芳(化名)也是本案受害者之一。
与丁红离婚第二天，朱文就与刘芳来到民政局，准备登记结婚。民政局工作人员核对完两人证件，突然认出了朱文，“你不是昨天才来离婚吗？”朱文一脸尴尬，刘芳当场拂袖而去。回家后，刘芳与朱文大吵一架。
在朱文的死缠烂打下，刘芳考虑到即将出生的孩子，再次选择相信他。直到警方带着被抓获的朱文到刘芳家指认现场时，刘芳才彻底发现真相。作为某家企业负责人，刘芳也曾对朱文的“律师”身份产生怀疑。
事实上，自称“家庭条件优渥”的朱文初中辍学，见过大城市的繁华后，朱文感到依靠打工的收入远远达不到期望的消费层次，贪图享乐的他开始“走捷径”。
从2000年开始，20年间，朱文先后7次因诈骗罪被刑拘或入狱。每次行骗，朱文都会伪装成出生于高级知识分子家庭并有一定社会地位的成功人士。此外，他还会“包装”朋友圈内容，发布相应的工作场景或状态。
进行充分准备后，他开始在各大婚恋网站上挑选以个体老板等经济条件较好的大龄独立女性为主体的“猎物”。
锁定目标后，朱文会主动联系对方。在相处过程中，朱文也会主动示好，利用花言巧语博取对方好感，并在短期内确定关系。甚至，他还会在逢年过节登门拜访女方父母，让对方感受到真心和温暖。
在受害女性掉入温柔陷阱后，朱文就开始想方设法骗钱。一旦对方有所怀疑或者追讨欠款，他便主动拿出多张产权证书，向女方展示“财力”。为使受害者放松警惕，朱文还虚构了拥有教师身份的“母亲”，由这位“母亲”向受害者承诺替“儿子”的债务“兜底”。
据吴江区人民检察院办案检察官介绍，朱文的制服都是在网上购买，不动产权证书也是伪造的。房子、车子均为租借。
北京市炜衡律师事务所律师周浩分析，本案嫌疑人的行为已触犯《刑法》规定的招摇撞骗罪。《刑法》明确规定，冒充国家机关工作人员招摇撞骗的，处三年以下有期徒刑、拘役、管制或者剥夺政治权利；情节严重的，处三年以上十年以下有期徒刑。冒充人民警察招摇撞骗的，依照前款的规定应从重处罚。
吴江区人民检察院第一检察部检察官薛丽娟介绍，本案中，女性被害者共有12人。在精心编织的谎言下，这些被害人被迫卖房、失去工作并背上了沉重的债务负担。此外，刘芳还面临着独立抚养孩子的生活困难。最令人遗憾的是，还有受害者为此失去生命。
薛丽娟表示，此类婚恋诈骗往往不单只针对一个对象。犯罪分子大多会锁定多个目标，同时诈骗多名受害人。“犯罪嫌疑人极度自私，丝毫不会考虑被害人的钱从何而来，受骗后会对其生活产生怎样的影响。”
吴江区人民检察院第一检察部副主任姚界承表示，如今，网络交友越来越普及，但在无法掌握对方底细的情况下，平台用户应保持必要的警惕性，在对方提出不合理要求的时候，一定要理性拒绝，防止被甜言蜜语蛊惑，造成不必要的损失及伤害。
姚界承分析，在网络交友中，婚恋网站扮演着“红娘”角色，但也沦为不法分子实施诈骗的“沃土”。经过多年发展，婚恋网站虽已逐渐摆脱粗放无序的发展模式，但随着犯罪手段升级和社会法治需求的不断提升，婚恋网站亟需承担起相应的主体责任，严格执行实名认证和实名注册，做好用户基本信息的核实、审查，为用户提供更真实、安全、规范的服务。
姚界承强调，相关平台、部门也应有效识别涉嫌违法犯罪行为账户的异动信息，完善举报投诉机制，及时采取屏蔽、关闭账户、黑名单公示等措施。相关监管部门也要加大查处和打击力度，逐步健全对网络婚恋市场的审批和监管。
姚界承建议，破除此类骗局还需加强公安、网信、市场监管等部门协同联动，加大对警服等制式服装售卖行为的打击，全面排查公职人员制服生产企业和服装市场，严防非法制造、贩卖，清理网上非法销售信息，依法约谈处罚违规商家和平台，切实维护公职人员制服的专用性和严肃性。
黄姗 左智越 中青报·中青网记者 李超 来源：中国青年报 【编辑:田博群】",婚姻|婚恋|对象|恋爱|结婚,ambiguous,keep
China News Service,2021-01-13,谈恋爱花了七八万 男子起诉前女友不当得利被驳回,"谈恋爱花了七八万，分手后想讨回 男子起诉前女友不当得利被驳回
武汉晚报讯（记者耿珊珊 通讯员余震 实习生胡慧旻）钱花了七八万，最后无果而终。男子想要回这笔钱，以“不当得利”为由起诉前女友。1月12日，记者获悉，法院并未认定女方不当得利，驳回了男子的请求。
2015年初，男子王某与女子刘某认识，发展成为情侣。交往期间，王某分多次给刘某转账，共计75000元。
两年后，双方矛盾不断，感情破裂。2020年6月，因为金钱纠葛，两人前往派出所，签订了一份情况说明，刘某承认王某向其转账75000元，但双方对金钱的用途说法不一。
王某称，给刘某转账是为了给她投资开店以及让她帮忙理财，但刘某认为这笔钱是同居期间的生活开支，并非借款。双方无法达成共识，王某多次催要未果，便将刘某以“不当得利”为由告上法庭。
不当得利是指没有合法依据，有损于他人而取得利益。承办法官介绍，根据法律规定，构成不当得利需要以下四个构成要件，即一方获得利益；他方受到损失；受损与获利之间有因果关系以及获得利益无合法根据。在诉讼中，这四个构成要件均为案件的证明对象，必须由当事人加以证明，才能成立不当得利。
本案中，原告被告均对恋爱关系认可，原告主张被告返还不当得利款项，应举证证明被告取得款项没有法律依据。但是，根据现有证据，只能认定75000元系王某转账给刘某这一给付行为，无法证实款项的性质，不能认定为不当得利。
法院经两审审理认为，王某提供的证据只能证明自己曾转账给刘某75000元的行为，但是无法证明刘某获得此款无合法依据，故无法推定不当得利。庭审中，刘某当场表示，自愿退还给王某一半款项。最终，法院最终判决刘某在10天以内退还给王某37500元。 【编辑:陈海峰】",对象|恋爱,ambiguous,keep
China News Service,2021-01-17,中国考古学家解读印尼野猪岩画：史前居民狩猎和崇拜对象,"中新社 北京1月17日电 (记者 孙自法)国际学术期刊近日发表印度尼西亚苏拉威西发现一幅已知世界上最古老的、创作于4.55万年前的野猪题材岩画颇受关注。
中国社会科学院考古研究所王仁湘研究员20多年前曾前往苏拉威西现场考察，他17日接受 中新社 记者采访解读称，野猪剽悍凶猛，是苏拉威西岛冰河时期岩石艺术中最常被描绘的动物，既是岛上史前居民狩猎的对象，也是崇拜的对象。
王仁湘研究员长期致力于史前刻画符号、岩画、各类出土遗存上纹饰图案研究，并担任中国考古学会公共考古指导委员会主任。20多年前联合国教科文组织在印尼举办一次世界岩画考察与研究培训班，他受聘为教员向学员讲述中国西部发现的牦牛岩画，并赴苏拉威西，现场考察了岛上几座洞穴中的岩画。
王仁湘介绍说，在印尼苏拉威西岛南部马洛斯附近的7座石灰岩洞穴里，考古学家自20世纪50年代起就发现岩画，画面上除了包括野猪在内的大型动物图像，也有大量的人手图形。苏拉威西岩画绘在高大的洞穴中，大幅的画面、奇特的动物造型、重叠的手印、赭红的颜色具有很强的穿透力。
这些岩画作画时间之前推定在距今3.5万年到4万年间，此次最新研究发现的野猪岩画认定的年代更早，是根据画上方形成的方解石矿床的年代测定有4.55万年的历史，表明该画至少绘制于这个年代之前。
他认为，这幅野猪岩画测年数据非常重要，是印尼发现已知世界最古老洞穴岩画的新证据，也许会更正以往发现的那些岩画的年代。此外，苏拉威西岛上发现的岩画扩大了最早岩石艺术家的地理分布范围，这也颠覆了岩画艺术最早出现在欧洲的传统认知。
野猪形象为何频繁出现在苏拉威西史前岩画上？王仁湘分析指出，野猪是苏拉威西岛冰河时期岩石艺术中最常被描绘的动物，它们无疑是岛上史前居民狩猎的对象。同时，野猪剽悍凶猛，自然也会成为崇拜的对象。
这种野猪被认定为疣猪，独居或成群穴居，以青草、苔草及块茎植物等为食，生存能力很强，适应高温和干旱环境，可连续数月不饮水；繁殖力很强，好斗，也会给人类造成威胁，而凶猛的动物更容易进入人类的崇拜范围，给人类以精神慰藉。
动物崇拜，有时就这样表现为力量的崇拜。与人类生活发生过频繁交集的动物们，尤其是那些打动人类情感，传递给人类力量的动物，最有机会进入人类的崇拜领域，也最有机会成为史前画师描绘的对象。“野猪，不正是如此吗？”王仁湘说。
王仁湘特别指出，值得注意的是，苏拉威西岛一座洞穴岩画的内容是狩猎图，绘制出8个半人半兽的猎人形象，有的长有鸟嘴，有的长有尾巴，正用长矛和绳索猎杀2头野猪和4头矮水牛。
有学者认为，这些神奇的兽人形象是智人采用艺术形式传达抽象思维的第一个例证。格利菲斯大学布拉姆博士说，岩画上的兽人形象算是一个最早的证据，证明人类创造自然界不存在的事物的能力。
“我倒觉得不一定是如此。”王仁湘表示，半人半兽猎人画面更可能是狩猎情景的再现，表现的是猎人模仿动物的扮相，这是猎人们为迷惑动物设计的伪装。“我们还可以进而推测早期半人半兽神像的出现，应当也与这些猎人的扮相有关，人类借动物迷惑动物的时候，也迷惑着自己”。(完) 【编辑:房家梁】",对象,ambiguous,remove
China News Service,2021-01-28,“诚信而不幸”的企业家为何成浙江法院依法帮助对象？,"中新网 杭州1月28日电(记者 张斌)28日，浙江省高级人民法院院长李占国在浙江省第十三届人民代表大会第五次会议上作浙江省高级人民法院工作报告时介绍，去年，该省法院总结温州、台州、丽水等地试点经验，发布个人债务集中清理(类个人破产)工作指引，依法帮助“诚信而不幸”的企业家东山再起、重新创业。
对浙江缺乏了解的人们或许难以理解——企业家为何成为浙江法院依法帮助的对象？
浙江省统计局的一组数据揭示了原因：去年，民营经济创造了浙江全省66.3%的生产总值、73.9%的税收、82.1%的外贸出口、87.5%的就业岗位和拥有92.3%的企业。可以说，民营经济一直是浙江经济的最大特色、最大资源和最大优势。
作为市场经济法律体系的一项基础性制度，破产制度对助力民营经济、释放市场活力起到重要作用。
李占国介绍，2020年，浙江注重发挥破产审判化解风险、服务高质量发展作用，审结破产案件2828件，化解金融不良债权900亿元，盘活土地资源7万亩、厂房804万平方米。
企业经营不善、资不抵债，可以向法院申请破产。个人负债累累无法偿还，却不能以同样的方式解决困难。而相比一般民众，在市场竞争中，企业家往往承担更重的债务风险。
目前，中国尚无针对个人的破产制度。这意味着企业家一旦失败，就无法实现从市场的退出和重生。
2020年12月2日，浙江省法院发布《浙江法院个人债务集中清理(类个人破产)工作指引(试行)》(下称《指引》)，在浙江省域层面率先开展个人债务集中清理工作。
也就是说，在现有法律框架内，法院参照破产和解、执行和解、参与分配等制度，依债务人申请，通过财产申报、调查、核实和清理、债权人一致同意表决等程序，形成个人债务公平清偿方案，创新执行退出机制——从而对“诚实而不幸”的个人债务人给予有条件的债务豁免，推动形成鼓励创业、宽容失败的社会导向。
这一举措，正是为给“诚实而不幸”的企业家等债务人一个相对宽容的制度出路。
早在2018年，浙江温州、台州等地法院便开展个人债务集中清理工作的试点，在具有个人破产实质功能的个人债务集中清理案件办理方面进行有益探索。
如在全国首例个人债务清理案——温州平阳法院办结的蔡某个人债务集中清理案件中，蔡某作为一家破产企业的股东，因无力偿还承担连带责任的214万元债务，经法院裁定可适用执行的特殊程序，对其个人债务集中清理，一次性清偿3.2万余元。
需要厘清的是，推进破产审判并非对老赖的纵容。
此前，浙江省法院有关人士此前曾介绍，《指引》基本建立了一整套流程，旨在将债务人区分为两种，一种是“有履行能力而拒不履行生效法律文书确定义务的”债务人，即“老赖”；一种是“诚实而不幸”的债务人，确实不具备履行能力。
国家发改委发布的《中国营商环境报告2020》显示，杭州、衢州营商环境名列全国前十，其中法院牵头的保护中小投资者、执行合同、办理破产3个指标均获评全国标杆指标。
“要以打造一流法治化营商环境为重点，为争创社会主义现代化先行省提供有力保障。”李占国说。(完) 【编辑:苏亦瑜】",对象,ambiguous,remove
China News Service,2021-02-05,青岛城阳区回应“困难户家中摆高档酒”：不是低保对象,"中新网 2月5日电 青岛市城阳区人民政府新闻办公室官方微博5日发布《关于城阳区棘洪滩街道开展春节送温暖走访慰问工作的调查情况》(以下简称《调查情况》)。《调查情况》指出，社区居民杜某某不是建档立卡贫困户，不是低保对象，不是特困供养人员，是棘洪滩街道确定的春节送温暖临时走访慰问对象。关于网友质疑问题，经调查，网上图片系两位老人大女儿家，房屋建筑面积93平方米；茅台和五粮液是于某某从亲戚家宴会上带回的空瓶；冻顶乌龙茶叶手提袋，系其亲戚到家中探望时携带，现内装闲置杂物。
《调查情况》指出，2月3日，青岛市城阳区棘洪滩街道微信公众号发布题为《春节走访困难户浓浓温情暖人心》的文章，文中配图引发部分网民质疑。城阳区委、区政府对此高度重视，区纪委监委和区民政局组成调查组，迅即开展调查工作。调查组与当地社区“两委”工作人员、社区居民、当事人及亲属等多方了解取证，并查阅有关资料，对网友质疑问题也进行了核实。对有关情况通报如下：
《调查情况》明确，城阳区没有建档立卡贫困户。城阳区现有低保对象2261户、3500人，保障标准为每人每月821元；现有特困供养人员372户、387人，基本生活补助标准为每人每月1232元。以上对象已经按国家有关政策，及时足额发放低保、特困供养等救助金。棘洪滩街道北万社区居民杜某某不是建档立卡贫困户，不是低保对象，不是特困供养人员，是棘洪滩街道确定的春节送温暖临时走访慰问对象。
本次棘洪滩街道开展的春节送温暖活动，对因病长期卧床、因残疾或精神障碍影响正常生活、因突发变故导致生活困难的居民，纳入走访慰问范围，由街道和社区为每户送去统一公开采购的价值500元的米、油、干果等生活用品，不发放慰问金。根据社区居民生活状况，每年春节前确定的走访慰问对象，需经所在社区“两委”研究，经居民代表会议通过并公示。走访慰问物品为一次性发放。
杜某某，81岁，2011年至今瘫痪在床9年；其妻于某某，78岁，患有糖尿病。夫妻两人每月糖尿病、抗血栓等药品开销1500元左右；收入来源主要为两人每月共约1770元的养老保险。因社区旧村改造，两位老人没有固定住处，目前暂住大女儿家。2020年12月11日经所在社区“两委”研究，12月12日经居民代表会议通过并公示，12月31日经棘洪滩街道党政联席会议研究，确定杜某某为春节送温暖走访慰问对象，一次性发放走访慰问物品，为价值500元的米、油、干果等生活用品。
《调查情况》指出，关于网友质疑问题，经调查，网上图片系两位老人大女儿家，房屋建筑面积93平方米；茅台和五粮液是于某某从亲戚家宴会上带回的空瓶；冻顶乌龙茶叶手提袋，系其亲戚到家中探望时携带，现内装闲置杂物；电视为海信牌47寸普通电视；疑似的跑步机是儿童手推车；疑似海参实际是发黑的山楂干；疑似葛根粉实际是三七粉；钟表为康巴丝石英表；兰花为从集市上购买的普通墨兰。
城阳区将认真落实疫情防控期间困难群众兜底保障各项政策措施，特别是对老年人、残疾人、儿童等特殊群体，加强走访探视、摸底排查、妥善照顾，扎实开展春节走访慰问活动，确保困难群众安心过年、温暖过冬。
《调查情况》表示，欢迎社会各界对有关工作进行监督，及时反映问题，不断改进工作，切实把好事办好。
同时公布了城阳区纪委监委信访举报电话：0532—87866570",对象,ambiguous,remove
China News Service,2021-02-08,在线相亲平台对缘协助警方破获电信诈骗案,"中新网 2月8日电 日前，映客旗下在线相亲平台——对缘APP“反诈团队”依托先进的科技手段，协助河北省张家口市蔚县公安局，破获两起涉“对缘”用户数额数百万的电信诈骗案，端掉两个诈骗窝点，有力震摄了地下黑产。
2020年5月，王某某、余某某等人在海南省两小区内搭建窝点，着手实施电信网络诈骗犯罪活动。王某某负责提供诈骗后台服务、联系技术支持、购买诈骗手机及日常生活开销，余某某负责招募、拉拢诈骗成员，其他人员负责联系客户、具体聊天，物色受害对象。该团伙成员以谈婚论嫁为名，通过平台结识受害人，待双方感情升温后，在平台下获取联系方式。之后，假借投资理财、给予资助等名义，将受害方步步套牢并诱使对方进行远程非接触式打款，链接至“金钻娱乐城”等APP，最终实施诈骗。
2020年12月，映客集团“反诈团队”接到河北蔚县公安局协助调查通知后，进一步梳理情况后又发现一起类似诈骗案件。随后，集团积极成立专项小组，利用大数据、AI及溯源技术，准确定位犯罪嫌疑人，配合公安机关将嫌疑人全部抓获归案。
对缘负责人介绍，作为视频相亲赛道的TOP品牌，虽然本案犯罪嫌疑人仅仅是通过“对缘”结识了被害人，并未在平台内实施具体的诈骗犯罪行为，但平台深知应履行的企业责任。维护网络清朗生态，每一个互联网企业义不容辞！春节期间，对缘将继续开展“清朗生态”专项行动，依托映客集团大数据和技术优势，加大防诈反诈力度。首先，在平台顶部设置强滚动防诈提示，邀请用户结合产品特点录制防诈宣传视频。其次，全用户推送反诈宣传与预警私信，对高发涉诈骗案件类型进行全员预警提示。此外，还会进行相关的疑似排查。
据了解，映客集团专门成立了“反诈”团队，实时监控平台上涉恐、涉黄、涉赌、涉诈等各类违法信息。通过产品、运营、技术、审核、法务、客服、政府事务等多部门联动，定期分析研判，跟踪“黑灰产”变化发展态势，积极主动向监管部门或公安机关移送案件线索，实施精准打击。比如，在风控技术层面，实时更新模型：针对犯罪分子的话术变化，利用算法不断提高针对性；对涉诈骗类关键词过滤拦截，对聊天中涉及到的金融信息、第三方平台等高风险词汇自动拦截过滤，并提示用户风险。
映客集团负责人表示，此次警企合作的成功实施，是映客集团积累的又一次宝贵经验。筑牢内部“反诈防线”，构建行业反诈联盟，依托强力机关的职能优势，形成高压震慑态势，决不给犯罪分子可乘之机，才能更好的为用户提供安全、高效、真实的交友环境，保护人民群众的财产安全和个人隐私，践行集团一直以来的使命和追求。打击网络黑产，映客在行动。 【编辑:吉翔】",对象|相亲,ambiguous,remove
China News Service,2021-02-10,关于全国脱贫攻坚先进个人先进集体拟表彰对象的公示,"党中央决定，以党中央、国务院名义表彰一批在打赢脱贫攻坚战中作出突出贡献的个人和集体。根据评选表彰工作部署，在各地区各部门充分酝酿、集体研究的基础上，经综合评审、统筹考虑，确定康柏利等1982人为全国脱贫攻坚先进个人拟表彰对象(含追授61人)、北京首农供应链管理有限公司等1501个集体为全国脱贫攻坚先进集体拟表彰对象。
为充分发扬民主、广泛听取意见、接受社会监督，现就拟表彰对象进行全国公示，公示期为2021年2月10日至2月14日。对拟表彰对象有异议的，请于公示期内向全国脱贫攻坚总结表彰工作领导小组办公室反映。反映形式为电话、信函、电子邮件，信函以到达日邮戳为准。以单位名义反映情况的材料需加盖单位公章，以个人名义反映情况的材料应署实名，并提供联系电话。
电子邮箱： 12317@cpad.gov.cn
收件单位：全国脱贫攻坚总结表彰工作领导小组办公室
康柏利 北京市延庆区第一职业学校汽车工程系副主任
刘长安 北京凯达恒业农业技术开发有限公司董事长兼总经理
任 轶 西藏自治区拉萨市人民医院党委副书记、院长(挂职)，北京积水潭医院原办公室主任
吴进宝 北京银行股份有限公司乌鲁木齐分行驻新疆和田市吉亚乡阿孜乃巴扎村第一书记、工作队队长
孙金成 西藏自治区拉萨市发展改革委副主任(挂职)，北京市扶贫协作和支援合作工作领导小组西藏拉萨指挥部项目部部长
邓鹏翔 新疆维吾尔自治区和田地区发展改革委党组成员、副主任(挂职)，北京市扶贫协作和支援合作工作领导小组新疆和田指挥部规划财务部部长
马 晨(回族)青海省玉树藏族自治州委组织部副部长(挂职)，北京市扶贫协作和支援合作工作领导小组青海玉树指挥部党委委员、综合办公室主任、宣传和人力资源部部长
闫新疆 内蒙古自治区赤峰市扶贫开发办公室综合科副科长(挂职)，北京北广传媒移动电视有限公司办公室主任
刘金波 河北省张家口市怀安县委常委、副县长(挂职)，北京市怀柔区九渡河镇人民政府副处职
张 杰 北京经济技术开发区经济发展局协同合作处处长
张 嵩 北京市东城区对外联络服务办公室综合科科长
张 钧 东北师范大学附属中学朝阳学校副校长
安钟岩(女)北京丰顺工贸集团董事长兼总经理
贺迎潮(女)北京市石景山区接受捐赠事务管理中心主任，北京市石景山区慈善协会秘书长
管浩明 北京市门头沟区人力资源社会保障局一级主任科员
许 静(女)北京市顺义区政府投资项目资金运行服务中心主任
雷 剑(土家族)中国中医科学院广安门医院南区医生，北京市大兴区麻醉质量控制中心副主任
魏学东 拉萨北京实验中学教师，北京市怀柔区第一中学教师
李 磊 内蒙古自治区赤峰市巴林右旗扶贫办副主任(挂职)，北京市密云区应急管理局执法监察大队队长
池凤英(女)北京市延庆区卫生健康委一级主任科员
高燕梅(女)甘肃省甘南藏族自治州卫生健康委原副主任，天津市河东区体育局党组书记、局长
程 维 滴滴出行科技有限公司董事长兼首席执行官
班立桐 天津农学院农学与资源环境学院教授
李景龙 天津津垦牧业集团有限公司党委书记、董事长
芦玉香(女)天津市第九批援疆专业技术人才，天津市西青区精武镇社区卫生服务中心副主任医师
赵 宏 天津市第九批援疆专业技术人才，天津交通职业学院汽车工程学院本科教研室主任
杨 晖 云账户(天津)共享经济信息咨询有限公司董事长
陈中红(女)宜垦(天津)集团有限公司董事长
王 斌 西藏自治区昌都市委组织部原副部长，天津市河西区科学技术协会党组书记、主席
赵树明 青海省黄南藏族自治州自然资源局原副局长，天津市城市规划设计研究总院有限公司副总规划师
魏 丰 天津市宁河区工业和信息化局离休干部
于学艳(女)天津市蓟州区于学艳爱心志愿者服务协会党支部书记、会长
杨春武 河北省承德市委常委、副市长(挂职)，天津市和平区副区长
马步云 天津三鹰农副产品加工有限公司执行董事兼法人代表、总经理
陈洪顺 天津市第九批援藏专业技术人才，天津市宁河区宁河镇中学德育主任
石振华(女，蒙古族)天津市第八批援藏专业技术人才，天津市河西区中医医院副主任医师
周明陶 天津市宁河区板桥镇盆罐庄村驻村帮扶组组长兼第一书记，天津海关所属宁河海关二级高级主办
于一民 天津市第九批援疆专业技术人才，天津中德应用技术大学智能制造学院教师
罗思维 甘肃省甘南藏族自治州迭部县原县委常委、副县长，天津市河东区春华街道办事处党工委副书记、三级调研员
戴建良 天津市蓟州区出头岭食用菌产销协会党支部书记、会长
崔雪琴(女)赞皇县雪芹棉产品开发有限公司董事长
苏建辉 行唐县上方乡西城仔村驻村工作队队长兼第一书记，国家税务总局石家庄市税务局税收经济分析科副科长
赵永利 石家庄市扶贫开发办公室党组书记、主任
吴清海(满族)承德市委常委、统战部部长，市人民政府党组副书记
张志民(满族)承德市扶贫开发办公室党组书记、主任
孙志强(满族)丰宁满族自治县南关蒙古族乡党委书记
张国军(满族)围场满族蒙古族自治县黄土坎乡党委书记
康海坡(满族)围场满族蒙古族自治县扶贫开发办公室党组副书记、主任
刘 福(满族)隆化县扶贫开发办公室党组书记、主任
鲁文学 平泉市扶贫开发办公室党组书记、主任
张学松(满族)滦平县扶贫开发办公室党组书记、主任
李学申 兴隆县扶贫开发办公室党组书记、主任
徐景升(蒙古族)丰宁满族自治县波罗诺镇官梁村驻村工作队第一书记，国网冀北电力有限公司丰宁县供电分公司副经理
张瑞峰 张家口市委、市政府副秘书长，市扶贫开发办公室党组书记、主任
孙国亮 阳原县辛堡乡四十亩滩村驻村工作队队长兼第一书记，河北公安警察职业学院党委委员、副院长
韩惟灏 怀安县西沙城乡北庄堡村驻村工作队队长兼第一书记，国务院办公厅行政司三级主任科员
郝国胜 阳原县扶贫开发办公室党组书记、主任
郑淑春(女)张家口市第五医院党委委员、副院长
洪海霞(女，满族)张家口市崇礼区扶贫开发办公室副主任
孙喜玲(女)沽源县长梁乡大石砬村党支部书记、村委会主任
刘守礼 青龙满族自治县三星口乡龙头村驻村工作队队长兼第一书记，秦皇岛市审计局办公室主任
何启东 青龙满族自治县安子岭乡吉利峪村驻村工作队队长兼第一书记，秦皇岛市旅游和文化广电局文化市场综合行政执法局一级主任科员
李占民 唐山市扶贫开发办公室业务指导处处长
刘彦林 大城县民政局党组书记、局长，扶贫办主任
张 昇 保定市扶贫开发办公室党组书记、主任
孙建设 河北农业大学园艺学院教授(退休)
段春亭 涞水县三坡镇南峪村党支部书记、村委会主任
段朝阳 涞源县东团堡乡东团堡村驻村工作队队员，河北省发展和改革委员会重点建设领导小组办公室二级主任科员
邓 斌 保定市发展和改革委员会二级主任科员
孙 轶 涞源县人大常委会党组成员、副主任，涞源县扶贫开发办公室党组书记、主任
孙国臣 南皮县扶贫开发办公室党组书记、主任
陈景昭 海兴县扶贫开发办公室党组书记、主任
韩光辉(回族)南皮县大浪淀乡肖九拨村驻村工作队第一书记，沧州市公安局留置看护支队支队长
李双星 衡水市扶贫开发办公室党组副书记、副主任
张建强 武强县扶贫开发办公室党组书记、主任
吴振江 邢台市人力资源和社会保障局就业服务局副局长
张晓锋 巨鹿县扶贫开发办公室党组书记、主任
王庆勇 广宗县广宗镇盐场村党支部书记、村委会主任
孙立岭 新河县西流乡南马庄村党支部书记、村委会主任
杨连海 邯郸市扶贫开发办公室党组书记、主任
陈瑞学 魏县扶贫开发办公室党组书记、主任
张胜利 大名县扶贫开发办公室党组书记、主任
刘 霜(女)大名县北峰乡前现城村驻村工作队队长兼第一书记，邯郸市市场监督管理局信用监督管理处处长
石运甫 河北雄安新区管理委员会公共服务局民政组副组长
耿士雄 定州市扶贫开发和脱贫工作领导小组办公室副主任
李志刚 河北省扶贫开发办公室党组书记、主任
葛 涛 河北省民政厅社会救助处一级主任科员
李金宝(满族)河北省人力资源和社会保障厅农民工工作处副处长
王改革 河北省水利厅农村供水总站专技干部
通占元 河北省农业农村厅农业特色产业技术指导总站站长
李国华 河北省医疗保障局待遇保障处三级主任科员
康志刚 河北省林业和草原局基金站综合科科长
尤变清(女)阳曲县黄寨镇南留南村第一书记，太原市交通运输局交通运输综合行政执法队科员
尤同义 娄烦县润和美种植专业合作社负责人
王 春 灵丘县红石塄乡下车河村党支部书记兼村委会主任
牛 雁 山西东方物华农业科技有限责任公司董事长
李 成 大同市云州区瓜园乡瓜园村党支部书记
郭占君 大同市云冈区口泉乡杨家窑村党总支书记兼村委会主任
王国斌 右玉县丁家窑乡前鹰卧山村第一书记，朔州市纪委监委电教化中心副主任
范武胜 静乐县扶贫开发办公室党组书记、主任
王 丹(女)五台县东雷乡北文西村第一书记，忻州市定襄县融媒体中心原记者
张喜伟 忻州伟业奶牛养殖有限公司董事长兼总经理
王卫兵 偏关县光伏扶贫开发办公室主任，县扶贫开发办公室党组书记、主任
沙万里 繁峙县第三建筑安装工程公司党支部书记、经理
陈林强 吕梁市扶贫开发办公室党组书记、主任
曹建平 中阳县扶贫开发办公室党组书记、主任
冯海虎 方山县麻地会乡后则沟村党支部书记
李翠叶(女)兴县蔚汾镇南通村第一书记，吕梁市政务服务中心业务科科长
薛 波 临县曲峪镇前曲峪村驻村工作队队长，山西省吕梁实验中学教务处主任
郑云平 石楼县灵泉镇胡家峪村党支部书记兼村委会主任
白世斌 山西地厚建安集团有限公司董事长兼总经理
辛学龙 盂县梁家寨乡赵家岔村第一书记，阳泉市委组织部干部二科科长
李乃珠 阳泉市郊区平坦镇桃林沟村党支部书记
段志岗 长治市扶贫开发办公室党组书记、主任
郭子涵(女)陵川县附城镇台北村第一书记，陵川县人力资源和社会保障局工伤保险所科员
常国平 生前为大宁县曲峨镇黑城村第一书记，临汾职业技术学院教师
丁玉萍(女)山西玉和泰煤业有限公司原董事长
邢医救 垣曲县扶贫开发办公室党组书记、主任
杨良杰 山西中农乐农业科技股份有限公司董事长
雷茂端 运城市盐湖区三路里镇沟东村党支部书记
张卫泽 万荣县汉薛镇柳林岭村驻村工作队队长兼第一书记，万荣县人力资源和社会保障局党组成员、万荣县失业保险服务中心主任
郝能吉 夏县裴介镇裴介村村民，昌鑫葡萄种植专业合作社理事长
赵士权 山西乐村淘网络科技有限公司董事长
俞贺楠 天镇县赵家沟乡薛牛坊村第一书记，中国劳动和社会保障科学研究院社会保障基金管理和经办服务研究室副研究员
韩剑锋 石楼县龙交乡兴东垣村第一书记，国家税务总局山西省税务局四级调研员
姚会林 生前为闻喜县阳隅乡屯元村驻村工作队队长兼第一书记，中国银行保险监督管理委员会运城监管分局临猗监管组组长
郭宏伟 左权县麻田镇包村工作队队长，山西省人民政府办公厅人事处处长、一级调研员
张国田 武乡县故县乡五村驻村工作队队长兼第一书记，山西省委党刊社《映像》杂志社总编辑
周向烽 临县碛口镇陈家垣村驻村工作队队长兼第一书记，山西省价格认定中心复核科副科长
张 鹏 神池县太平庄乡小磨沟村驻村工作队队长，山西省公安厅政治部群众工作指导处一级主任科员
董 鹏 代县上馆镇橙草沟村第一书记，山西省地方政府债务监测评估中心二级主任科员
权 威 五台县东雷乡包村工作队队长，山西省事业单位绩效考核指导服务中心副主任
孟保奎 山西省蚕业科学研究院果树花卉研究所所长
赵洪胜 左权县芹泉镇包村工作队副队长，山西省审计专业技术服务中心副科长
刘志杰 山西省扶贫开发办公室原党组书记、主任，山西省农业农村厅党组书记、厅长
张宏才 武乡县石北乡西黄岩村驻村工作队队长，山西省供销社财务处二级调研员
姜瑞鹏 右玉县元堡子镇驻村工作队队长兼第一书记，山西医科大学后勤保障处副处长
贺 信 永和县芝河镇包村工作队队长，山西省国新能源发展集团永和综合开发有限公司党支部书记、董事长
云 鹏(蒙古族)和林格尔县盛乐经济园区台格斗村党支部书记、驻村第一书记，和林格尔县盛乐经济园区管委会事务服务中心副主任
巴雅尔(蒙古族)土默特左旗善岱镇北淖村驻村工作队队长兼第一书记，土默特左旗政务服务中心主任
郭彭飞 土默特右旗将军尧镇武大城尧村驻村工作队队长兼第一书记，包头市林业和草原局办公室主任
马艾飞 鄂伦春自治旗扶贫开发办公室党组书记、主任
玲 丽(女，达斡尔族)鄂温克族自治旗巴彦托海镇团结嘎查驻村工作队队长兼第一书记，鄂温克族自治旗巴彦托海镇党委委员、组织委员
陈延成 兴安盟扶贫开发办公室原党组书记、主任，二级巡视员
王树庆 阿尔山市明水河镇西口村驻村工作队队长，阿尔山市明水河镇党委副书记、统战委员
齐晓景(女，蒙古族)科尔沁右翼前旗科尔沁镇乡土人才孵化中心负责人
朱晓明(蒙古族)库伦旗扶贫开发办公室党组成员、副主任
于艳春(女，蒙古族)通辽市科尔沁区庆和镇党委书记
何胜君(满族)扎鲁特旗大军粮食种植专业合作社理事长
冯树鑫 赤峰市扶贫开发办公室党组书记、主任
宋占国 赤峰市派驻喀喇沁旗脱贫攻坚推进组联络员，赤峰市中级人民法院法警支队副支队长
萨仁图亚(女，蒙古族)巴林右旗巴彦塔拉苏木老道板嘎查驻村第一书记，巴林右旗宝日勿苏镇党委委员、组织委员
刘占林 林西县十二吐乡西山根村党总支书记
松布尔(蒙古族)苏尼特左旗扶贫开发办公室党组成员、副主任
高凯杰 多伦县多伦诺尔镇北菜园村党支部书记
乌云其其格(女，蒙古族)苏尼特右旗阿其图乌拉苏木额尔敦宝拉格嘎查驻村工作队副队长，锡林郭勒盟妇女联合会组宣部部长
史 芳(女)乌兰察布市委组织部副部长，乌兰察布市扶贫开发办公室党组书记、主任
董 裴(蒙古族)商都县小海子镇麻尼卜村党支部书记、驻村第一书记，商都县委办公室科长
贺 龙 兴和县店子镇朱家营村党支部书记，驻村工作队队长兼第一书记，兴和县委办公室干部
丁瑞锋(女)卓资县易地扶贫搬迁服务中心副主任
徐创军 巴彦淖尔市临河区扶贫开发办公室主任
党占富 乌拉特中旗扶贫开发办公室党组成员、副主任
杨明轩 乌海市海勃湾区千里山镇团结新村驻村第一书记，乌海市海勃湾区城市管理综合执法局一级科员
齐特格斯(蒙古族)阿拉善左旗银根苏木达兰图如嘎查村委会主任
布仁其其格(女，蒙古族)腾格里经济技术开发区嘉尔嘎勒赛汉镇科森嘎查驻村工作队队长兼第一书记，开发区公安分局党委委员、副局长
么永波 内蒙古自治区扶贫开发办公室党组书记、主任
张忠兵 内蒙古自治区派驻巴林左旗脱贫攻坚工作总队副总队长，内蒙古自治区综合疾病预防控制中心传染病预防控制研究一所所长
王汉文 扎赉特旗巴彦乌兰苏木吉日嘎岱嘎查驻村工作队队员，中国银行股份有限公司内蒙古自治区分行工作人员
于智宝 乌兰浩特市斯力很现代农业园区朝阳村驻村工作队队员，国网内蒙古东部电力有限公司兴安供电公司综合服务中心离退休管理
赵志强 扎赉特旗阿尔本格勒镇哈日楚鲁嘎查驻村工作队队员，中国移动通信集团内蒙古有限公司综合技术室经理
杨宝峰 内蒙古自治区住房和城乡建设厅村镇建设处处长
郭 俊 内蒙古自治区审计厅农业农村审计处处长
魏 欢 康平县农业服务与行政执法中心扶贫服务事务部副部长
曹 巍(满族)岫岩满族自治县洋河镇原党委书记，岫岩满族自治县市场监督管理局党组书记、局长兼岫岩满族自治县知识产权局局长
刘永娟(女，满族)清原满族自治县英额门镇扶贫开发办公室主任
田金龙 桓仁满族自治县黑沟乡六道沟村党总支书记
王海艳(女)丹东市凤城市农业农村局副局长
张洪莲(女，满族)锦州市北镇市农业农村局副局长兼扶贫办主任
张 东 营口市大石桥市黄土岭镇党委副书记
张庆年 阜新蒙古族自治县于寺镇官营子村党支部书记、村委会主任
刘庆成 铁岭市扶贫开发领导小组办公室党组书记、主任
赵忠良 昌图县老城镇安家村第一书记，辽宁省纪委监委第八纪检监察室一级主任科员
朱庆贵 葫芦岛市兴城市扶贫开发领导小组办公室主任
王靖文(满族)葫芦岛市南票区黄土坎乡上松树沟村工作队队长、第一书记，辽宁省公安厅一级警长
王忠生 葫芦岛市连山区寺儿堡镇老边村党支部书记
朱长悦(蒙古族)辽宁省扶贫开发领导小组办公室处长
陈浩南 建昌县老大杖子乡杏花村第一书记，沈阳航空航天大学党政办公室机要员
刘恩娇(女)黑山县英城子乡大豆屯村第一书记，辽宁省人民医院院长办公室干事
杨如军 吉林省人力资源和社会保障厅办公室主任
刘启芳(女)长春市净月高新区精诚社工服务中心理事长
韩大春 长春市双阳区齐家镇广生村党总支书记
高 兵 吉林九台农村商业银行股份有限公司党委书记、董事长
徐世博 桦甸市红石砬子镇老岭村第一书记，吉林市委组织部干部队伍建设规划办公室副主任
曾丽圆(女)蛟河市漂河镇青背村第一书记，吉林市环境应急管理中心工程师，吉林省驻村第一书记协会会长
李红达 梨树县孤家子镇张家街村第一书记，四平市职业技术教育中心招生就业处主任
于春艳(女)辽源市东丰县发展和改革局扶贫部门负责人
杨立山 柳河县安口镇长安村第一书记，通化市科学技术情报研究所科员
刘正明(满族)生前为辉南县朝阳镇长青村第一书记、辉南县朝阳镇高集岗中学副校长
刘贵军 靖宇县扶贫开发领导小组办公室主任
王 林 长白朝鲜族自治县卫生健康局党组书记、局长
赵玉明 长岭县大兴镇永胜村第一书记，吉林省能源投资集团有限责任公司辽源矿业集团总工会生活部部长
郭明亮 生前为松原市宁江区大洼镇东六家子村党支部书记、松原市宁江区纪委监察委信息中心科员
连百庆 大安市月亮泡镇先进村党支部书记、村委会主任
李浩然 镇赉县嘎什根乡立新村第一书记，白城市人民政府办公室机关党委专职副书记
张 林(朝鲜族)生前为汪清县复兴镇兴华村工作队队长，汪清县复兴镇党委委员、组织委员
崔金虎 通榆县边昭镇人民政府副镇长(挂职)，吉林大学植物科学学院教授，吉林大学科技扶贫小分队队长
杜心雨(女，满族)吉林省水利厅农村水利水电处三级主任科员
乔福军 齐齐哈尔市泰来县平洋镇平洋村扶贫车间主任
王玉伟 齐齐哈尔市拜泉县鑫鑫菌业有限公司董事长
胡春城(满族)齐齐哈尔市依安县春城马铃薯专业合作社理事长
徐 阳 齐齐哈尔市富裕县扶贫开发服务中心主任
董春香(女)齐齐哈尔市龙江县黑岗乡人民政府扶贫专干
吴金龙 齐齐哈尔市克东县昌盛乡东兴村党支部书记、村委会主任
杨 明 绥化市海伦市向荣镇向前村工作队队长兼第一书记，绥化市海伦市水产总站办公室主任
梁文辉 绥化市明水县脱贫攻坚指挥部办公室副主任
刘 峰 绥化市绥棱县克音河乡向荣村党总支书记、村委会主任
聂 影(女)佳木斯市扶贫开发工作办公室主任
马 英 佳木斯市汤原县香兰镇新建村党支部书记、村委会主任
蒋 胜 哈尔滨市卫生健康委驻木兰县新民镇新华村工作队原队长兼第一书记，哈尔滨市急救中心党委书记
张远春 哈尔滨五常市安家镇兴业村党支部书记
张淑芬(女)哈尔滨市巴彦县洼兴镇党委书记
高春艳(女)牡丹江市穆棱市农业技术推广中心主任
郭 宇(蒙古族)大庆市杜尔伯特蒙古族自治县克尔台乡党委副书记、乡长
徐钦坤 鸡东县下亮子乡正乡村工作队队长兼第一书记，鸡西市高速公路收费中心副主任
钟宏伟 勃利县永恒乡东辉村工作队队长兼第一书记，七台河市市场监督管理局稽查专员
安铁军 漠河市大河西村工作队队长兼第一书记，大兴安岭地区市场监管局科长
刘加卓(达斡尔族)黑龙江省卫生健康管理服务评价中心副科长
李 季(满族)黑龙江省教育厅财审处副处长
陈 华 绥棱县靠山乡靠山村工作队原队长兼第一书记，黑龙江省机关事务管理局副巡视员
姜学涛 海伦市海北镇南众村工作队队员，黑龙江省发展和改革委员会价格认证中心科员
田玉龙 龙建路桥股份有限公司党委书记、董事长
罗晓平 上海市人民政府驻昆明办事处主任、上海援滇干部联络组组长
赵 坚 生前为日喀则市人民医院、上海市儿童医院心内科主治医师
侯 坤 上海市浦东新区光明中医医院副主任医师
朱 彬 上海交通大学医学院附属瑞金医院卢湾分院人事科副科长
张 玮 上海普陀区长风街道白玉社区卫生服务中心主任
郑思馨 上海市虹口区卫生健康委员会医政医管与药政管理科科长
周 灵 上海市杨浦区五角场街道副书记、办事处主任
韦秀勇(壮族)云南省迪庆藏族自治州维西县扶贫办副主任(挂职)，上海市宝山区高境镇人民政府办公室主任
胡志宏 上海市闵行区发展和改革委员会党组书记、主任
赵兴洲(满族)青海省果洛藏族自治州久治县民族寄宿制中学教师，上海市嘉定区杨柳初级中学教师
翁永刚 云南省普洱市镇沅县农科局技术人才(挂职)，上海市金山区动物疫病预防控制中心兽医师
王德伟 西藏自治区日喀则市上海实验学校教师(挂职)，东华大学附属实验学校团委书记
顾慧玲(女)上海市青浦区徐泾第二小学课程教学部副主任
潘艳红(女)上海市奉贤区就业促进中心会计师
罗震光 新疆维吾尔自治区喀什地委宣传部副部长(挂职)，新民晚报社主任记者
邬钦灏 上海上勤餐饮管理有限公司副总经理
傅 欣 上海市学生事务中心党总支书记、主任
周凤林 新疆维吾尔自治区喀什第六中学教师(退休)
狄建忠 上海市第六人民医院院长办公室主任
贺天临 上海中医药大学附属岳阳中西医结合医院门急诊办公室副主任
顾正斌 上海蔬菜(集团)有限公司党委副书记、副总裁
刘 军 上海市人民政府合作交流办公室扶贫协作处处长
孙金峤 青海省果洛藏族自治州人民医院院长(挂职)，复旦大学附属儿科医院主任医师
李国文 贵州省遵义市正安县委常委、副县长(挂职)，上海杨浦科技创新(集团)有限公司副总经理
陈 凯 贵州省遵义市凤冈县委常委、副县长(挂职)，上海市奉贤区四团镇党委委员、副镇长
王松松 陕西省宝鸡市果业蔬菜发展中心副主任(挂职)，徐州市农业农村局机关党委副书记
王辉辉 青海省海南藏族自治州共和县中医院副院长(挂职)，常州市妇幼保健院产科秘书、副主任医师
王 斌 灌云县政府扶贫工作办公室扶贫开发科科长
王稳喜 泰州市姜堰区农业干部学校校长、区农业农村局扶贫开发科科长
仇圣富 苏州市发展和改革委员会支援合作处处长
孔毅远 陕西省商洛市商州区委常委、副区长(挂职)，南京市栖霞区副区长
卢攀峰 淮安市淮安区车桥镇丰年村党总支书记
刘树军 东海县农业农村局党委书记、县政府扶贫工作办公室主任
阮祥忠 陕西省渭南市蒲城县农业技术推广中心副主任(挂职)，句容市农业农村局种植一科科员
孙国君 江苏省委驻涟水县帮扶工作队原队长，江苏省人民政府办公厅文印服务中心主任
严清华 常州市金坛区朱林镇黄金村党总支第一书记
李求超 西藏自治区拉萨市墨竹工卡县农业农村局副局长，南京市高淳区砖墙镇畜牧兽医站站长
李玲莉(女)淮安市淮阴区农业农村局党委副书记、副局长，区政府扶贫工作办公室主任
李维维 陕西省汉中市发展和改革委员会苏陕协作办公室副主任，南通市青少年活动中心副主任
杨海玲(女)江苏省委驻泗洪县帮扶工作队队员，中国人民财产保险股份有限公司泗洪支公司主管
沈海斌 江苏省对口支援西藏拉萨市前方指挥部总指挥、党委书记，西藏自治区拉萨市委副书记、常务副市长(挂职)，江苏省宿迁市委常委
张 皋 贵州省铜仁市扶贫开发办公室综合科副科长(挂职)，苏州市相城区人民政府办公室副主任
陆年春 西藏自治区拉萨江苏实验中学副校长(挂职)，扬州翠岗中学副校长
周铭敏(女)沭阳县农业农村局党委书记、县政府扶贫工作办公室主任
周善红 江苏万顺机电集团有限公司党委书记、董事长
倪欣欣(女)青海省海东市第二人民医院主治医师(挂职)，无锡市惠山区人民医院主治医师
徐丙奇 西藏自治区拉萨市扶贫开发办公室原副主任(挂职)，江苏省政府扶贫工作办公室综合处处长
徐 进 陕西省咸阳市旬邑县委常委、副县长(挂职)， 泰兴市人民医院党委书记
郭建军 陕西省铜川市耀州区人民医院院长(挂职)，盐城市第一人民医院医务处处长
曹炳泰 江苏省委驻响水县帮扶工作队原队长，江苏省人力资源和社会保障厅工伤保险处处长
程枫叶 陕西省汉中市人民政府办公室政办科副科长(挂职)，南通市农业综合行政执法支队副支队长
程 智 泗洪县程老四水产养殖专业合作社理事长
路 璐(女)伊犁哈萨克自治州察布查尔锡伯自治县高级中学语文教研组组长(挂职)，盐城景山中学语文教师
臧 豹 新疆生产建设兵团第七师医院副院长(挂职)，江苏省南京医科大学附属淮安第一医院胸外科教学主任
颜忠元 伊犁哈萨克自治州霍城县江苏中学副校长(挂职)，江苏省江阴高级中学教务副主任
薛 强 江苏对口帮扶青海省工作队副领队，青海省扶贫开发局党组成员(挂职)，江苏省市场监督管理局质量发展处正处级干部
吴联峰 浙江省农业农村厅发展规划处(扶贫开发处)副处长
汪四花(女)浙江大学医学院附属第二医院党委委员、工会主席
杨曙方 浙江蓝美技术股份有限公司董事长兼总裁
沈 翔 贵州省黔东南州委常委、副州长(挂职)，浙江省杭州市帮扶黔东南州工作队领队
吴 斌 湖北省巴东县扶贫办副主任(挂职)，浙江省杭州市下城区教育局正科级干部
周 君(女)杭州联华华商集团有限公司总经理助理
盛春霞(女)贵州省榕江县委常委、副县长(挂职)，浙江省桐庐县委常委
王晓桢(女)浙江安厨大数据技术有限公司董事长
何国强 宁波市对口支援和区域合作局党组书记、局长
曹敏杰 吉林省汪清县委常委、副县长(挂职)，浙江省宁波市北仑区人民政府办公室党组成员、副主任
袁永君 安龙万洋众创城开发有限公司总经理
黄百央(女)慈溪市教育局职成教教研室副主任
徐育雄 湖州市人民政府区域合作交流办公室党组副书记、副主任，湖州市对口工作领导小组办公室副主任
张开荣 四川省广安市广安区农业农村局龙安柚产业发展办公室原副主任(挂职)，浙江省湖州市南浔区善琏镇公共事业服务中心主任
王全华 四川省若尔盖县人民政府办公室副主任兼若尔盖县达扎寺镇第一书记(挂职)，浙江省嘉兴市南湖区综合行政执法局正科长级干部
肖志明 桐乡市农业农村局副局长、党委委员
黄 森 永康市扶贫办干部、永康市农业农村局农村经济改革发展科负责人
叶德刚 衢州市柯城区人民政府经济技术协作中心党组成员
余雄富 开化县大溪边乡上安村党支部书记、村委会主任
钟佩玲(女)舟山市普陀区六横镇人民政府科长
杨 松(土家族)四川省达州市人民政府副秘书长(挂职)，浙江省嵊泗县委副书记
张新建 台州市机关事务管理局三级调研员，仙居县埠头镇振兴村农村指导员
柴芝红(女)台州市立医院妇科副主任、妇儿党支部书记
林 雷 四川省平昌县人民政府办公室副主任(挂职)，浙江省青田县高湖镇党委委员、副镇长
李春萌(女)缙云县五羊湾果蔬专业合作社理事长
赵 慧(女，回族)安徽省教育厅财务处一级主任科员
陈学刚 安徽省省直离休干部医疗补助经费审核办公室主任
卢立新 安徽省住房和城乡建设厅村镇建设处处长
郇继淮 颍上县垂岗乡墩黄村驻村第一书记、扶贫工作队队长，安徽省水利水电基本建设管理局安全监督处处长
夏云胜 生前为皖维集团公司驻金寨县白纸棚村驻村第一书记、扶贫工作队队长，安徽皖维高新材料股份有限公司营销中心副主任
熊化平 中国农业发展银行六安市分行行长、党委书记
张志平 长丰县扶贫开发工作办公室党组书记、主任，一级主任科员
董瑞宜 庐江县金牛镇山南村驻村第一书记、扶贫工作队队长，国家税务总局合肥市庐阳区税务局第一税务分局局长
董增燕(女)肥西县卫生健康委党组成员、副主任，三级主任科员
陈昭敏(回族)亳州市扶贫开发局局长，一级调研员
邵米娜(女)涡阳县高炉镇代集村党总支书记、村委会主任
卢 毅(女)蒙城县许疃镇土桥村驻村第一书记、扶贫工作队队长，蒙城县数据资源管理局工作人员
张年亮 砀山县砀城镇林屯村驻村第一书记、扶贫工作队队长，国家药品监督管理局药品审评中心工作人员
曾翙翔 生前为宿州市埇桥区支河乡路湖村扶贫专干、宿州市第一人民医院团委副书记
邓素英(女)泗县扶贫开发局党组书记、局长
张 磊(回族)灵璧县渔沟镇郑楼村驻村第一书记、扶贫工作队队长，安徽省委网信办网络应急管理处四级调研员
施建宾 蚌埠市扶贫开发工作办公室二级调研员
童俊杰 固镇县石湖乡陡沟村驻村第一书记、扶贫工作队队长，蚌埠市水利局规划计划科科长
李春泉 界首市扶贫开发局党组书记、局长，四级调研员
杨坤山 阜阳市颍州区三合镇三星村党委书记
吕 彬 安徽瓦大现代农业科技有限公司党支部书记、董事长
谢 皓 阜阳市颍泉区水利局党组成员、水利规划设计室主任
张 伟 阜南县人民医院院长助理、医共体办公室主任
张乐春 颍上县发展和改革委员会行政审批股股长，三级主任科员
谢文婷(女)阜阳市社会救助管理服务中心主任
贾 俊 淮南市委副秘书长，市扶贫办党组书记、主任
汪诗明 淮南市潘集区扶贫开发领导小组副组长，潘集区人大常委会财经城建工委主任
李善增 定远县扶贫开发局党组副书记、局长
孙安静 来安县人民政府办公室党组成员、县扶贫开发工作办公室负责人， 三级主任科员
鲍铁柱 明光市潘村镇中淮村驻村扶贫工作队副队长、党总支书记，明光市信访局矛盾纠纷调处中心负责人
胡 浩 霍邱县扶贫开发局党组书记、局长，一级主任科员
余 静(女)金寨县花石乡大湾村驻村第一书记、扶贫工作队队长，金寨县花石乡农业农村管理服务中心主任
王 健 金寨县油坊店乡东莲村驻村第一书记、扶贫工作队队长，安徽省人民政府办公厅省政务公开办副主任
贠守宝 舒城县生态环境分局党组成员、总工程师
万汉亿 六安市叶集区扶贫开发局党组书记、局长
张彦飞 马鞍山郑蒲港新区现代产业园区管委会市场监督管理局副局长、扶贫开发领导小组办公室负责人
裴善权 含山县环峰镇三龙村党总支书记、村委会主任
曹 静(女)无为市扶贫开发工作办公室主任
刘作胜 南陵县残疾人联合会党组书记、理事长
李 夏 生前为绩溪县荆州乡党委委员、纪委书记，县监委派出荆州乡监察专员
章建军 生前为绩溪县板桥头乡下溪村驻村第一书记、扶贫工作队队长，绩溪县教育体育局体育教练员
吴昔康 池州市扶贫开发局原副局长，池州市人民政府副秘书长
张 路 石台县洪墩村扶贫工作队扶贫专干，国家税务总局安徽省池州市税务局机关党委副书记
陈爱军(女)安庆市委副书记、市委党校校长
朱鸣节 岳西县菖蒲镇岩河村驻村第一书记、扶贫工作队队长，安徽省委机要局通信报务处副处长
陆 刚 潜山市官庄镇坛畈村驻村第一书记、扶贫工作队副队长，中华全国供销合作总社经济发展与改革部现代流通处四级调研员
沈 冬 申洲针织(安徽)有限公司党委书记、副总经理
雷 澍 桐城市扶贫开发工作办公室党组成员、副主任，二级主任科员
张国文 安庆市宜秀区罗岭镇黄梅村党总支书记、村委会主任
吴 飞 黄山市黄山区扶贫开发局产业指导股股长，三级主任科员
胡虹卉(女)黟县碧阳镇丰梧村驻村第一书记、扶贫工作队队长，黟县碧阳财政分局一级科员
何志强 祁门县祁山镇芳村村驻村扶贫工作队副队长，祁门县人大常委会社会建设工委副主任
程晓阳 休宁县榆村乡藏溪村党支部副书记、扶贫工作队副队长，黄山市市场监督管理局综合行政执法支队市场规范科科长
林占熺 福建农林大学国家菌草工程技术研究中心首席科学家
王绍据 宁德市委宣传部原副部长，闽东日报社原总编辑
王命瑞 福州市人力资源和社会保障局党组书记、局长
陈江场 临夏回族自治州人民政府办公室副主任，临夏市委常委、副市长(挂职)，厦门市公安局机关党委副书记
刘 斯(女)西藏自治区昌都市卡若区第二初级中学教科室副主任，厦门市信息学校教师
许仲岚 诏安县农业农村局局长、扶贫开发领导小组办公室主任
李振生 泉州市南安市梅山镇蓉中村党委书记
郑开红 清流县聚宏农林科技发展有限公司总经理
卢远由 泰宁县朱口镇王坑村党支部书记、村委会主任
洪 杰 三棵树涂料股份有限公司董事长兼总裁
李 晔 仙芝科技(福建)股份有限公司董事长
魏 静(女)政和县星溪乡念山村第一书记，政和县住建局乡建股股长
高允旺 顺昌县大历镇乡村振兴发展中心科技特派员
饶燕英(女)武平县城厢镇人民政府乡村振兴服务中心主任
钟杭星(畲族)上杭县官庄畲族乡人民政府二级主任科员
李丹舟(女)周宁县纯池镇党委副书记、镇长
潘良镇 福建省农业农村厅扶贫综合协调处处长
林 敏(女)福建省财政厅农业农村处三级主任科员
廖竹生 宁都县梅江镇章坤设计工作室法定代表人
潘昌荷 寻乌县项山乡福中村卫生计生服务室乡村医生
黄小勇 江西省铭鸿达生态农业开发有限公司董事长
张武华 于都县扶贫办公室原党组书记、主任，于都县人民政府党组成员、县人民政府办公室党组书记、主任
陈胜昌 会昌县交通运输局党组书记、局长、四级调研员
袁守根 信丰县人大常委会原副主任(退休)
钟勇晖 龙南市程龙镇五一村党支部书记、村委会主任
朱 薇(女)大余县新城镇副镇长、扶贫工作站副站长
刘恒荣 全南县南迳镇马古塘村驻村第一书记，全南县委办公室科员
张 霖 赣州市章贡区民政局党组书记、局长、四级调研员
王 佐 永新县教育体育局党工委书记、局长
方敏军 遂川县雩田镇村口村驻村第一书记，吉安市公安局交警支队宣教科副科长
邓兰云 江西省富晶果业开发有限公司总经理
王 银 吉水县盘谷生态农业发展有限公司董事长
李桂芳(女)生前为横峰县姚家乡兰子畲族村驻村第一书记，横峰县人民政府办公室党组成员、副主任
王登云 江西省鲜禾生态农业发展有限公司总经理
李 俊(女)玉山县四股桥乡山塘村原驻村第一书记，玉山县委统战部副部长、县工商联党组书记
李 强 上饶市广丰区扶贫办公室党组书记、主任
欧建平 铅山县葛仙山乡巨龙双畈葡萄种植专业合作社理事长
陈东海 鄱阳县谢家滩镇三潼村党总支书记、村委会主任
韩少波 余干县波锋种养殖专业合作社法定代表人
吴应谱、樊贞子夫妇吴应谱，生前为修水县复原乡雅洋村驻村第一书记、修水县人民政府办公室干部；樊贞子(女)，生前为修水县大椿乡人民政府干部、结对帮扶干部
程扶摇 生前为修水县杭口镇扶贫专干、修水县杭口镇杨坊村村委会主任助理
兰念瑛(女，畲族)资溪县乌石镇新月畲族村党支部第一书记
谢远泰 丰登农业科技有限公司食用菌研究所所长
邓国凌 乐安县金竹畲族乡严杭村党支部书记、村委会主任
李维正 上栗县长平人民教育奖励基金会终身名誉理事长，上栗县长平乡中心小学退休教师
支月英(女)奉新县澡下学校白洋教学点负责人
应文伟 南昌县南新乡九联村驻村第一书记，南昌县农业农村局畜牧兽医局副局长
危有文 鹰潭市余江区马荃镇党委副书记、镇长
罗晓敏(女)乐平市鸬鹚乡龙口村驻村第一书记，景德镇市人民检察院正科级检察员
鲍莉芸(女)弋阳县葛溪乡雷兰村驻村工作队队长兼第一书记，江西省妇联办公室副主任
刘旸瑒(女)吉水县八都镇东坊村驻村工作队队长兼第一书记，江西省教育厅督导办四级调研员
方建新 鹰潭市余江区锦江镇范家村驻村工作队队长兼第一书记，江西省纪委省监委第六监督检查室副主任
叶维祝 井冈山市东上乡曲江村驻村工作队队长兼第一书记，江铜集团德兴铜矿地方工作部副部长
李洪文 济南市南部山区西营街道叶家坡村第一书记，历城区供销合作社联合社一级主任科员
窦宗君 青岛市扶贫协作工作办公室党组书记、主任
刘昌法 淄博市淄川区太河镇东东峪村第一书记，市扶贫开发领导小组办公室副主任
王 慧(女)枣庄市扶贫开发领导小组办公室项目管理科科长
王风华(女)龙口市芦头镇农村经济管理服务中心主任
牛伟国 潍坊市峡山区王家庄街道大圈村第一书记，市重大项目服务中心政研科科长
李学海 山东学海农林集团有限公司党委书记、董事长
孙建涛 泗水县微公益协会党支部书记、会长
苏庆亮 生前为泰安市岱岳区扶贫开发领导小组办公室副主任
蒋虹君(女)威海市文登区米山镇文化体育旅游服务中心主任
滕兆敏 日照市扶贫志愿者协会党支部书记、会长
刘建光 生前为沂水县四十里铺镇洪沟村第一书记，临沂矿业集团有限责任公司扶贫办副主任
王传喜 兰陵县卞庄街道代村党委书记、村委会主任
张佃虎 莒南县委书记，临沂临港经济开发区党工委书记
张贵州 费县薛庄镇中心小学党总支书记、校长
马太廷 临邑县扶贫开发领导小组办公室党组书记、主任
王同章 聊城市委副秘书长，市扶贫开发办公室党组书记、主任
张丙煜 滨州市委副秘书长，市扶贫开发领导小组办公室主任
刘艳敏(女)菏泽市牡丹区妇女联合会党组书记、主席
吴 彬 菏泽市定陶区扶贫开发领导小组办公室主任
朱文莉(女)单县残疾人联合会党组书记、理事长
邓文博 菏泽市经济开发区岳程街道党工委书记
金 栋 费县马庄镇核桃峪村原第一书记，山东省委宣传部国有文化企业综合管理处一级主任科员
于 倩(女)山东省学生资助管理中心副科长
李道伟 山东省住房城乡建设厅村镇建设处一级主任科员
肖 翔 山东省水利厅农村水利处一级主任科员
包 成 山东省扶贫开发办政策调研组二级主任科员
高 杨 菏泽市牡丹区黄堽镇邓庙村党支部书记，山东省审计厅法规处(审理处)一级主任科员
王新杰 生前为单县黄岗镇柴庄村第一书记，山东省工商局主任科员
范其鹏 山东省医保局待遇保障处二级调研员
王恒冰 华鲁集团派驻鄄城县大埝镇扶贫督导员，中科华鲁土壤修复工程有限公司副总经理
刘卫东 国网山东省电力公司市场营销部(农电工作部)副主任
耿建国 中国农业银行股份有限公司阳信县支行个贷中心客户经理
孙启法 东平县大羊镇王庄村第一书记，中央储备粮泰安直属库有限公司综合人事科科长
陈学森 山东农业大学园艺科学与工程学院教授
安显伟 通许县孙营乡南李佐村第一书记、工作队队长，开封市残疾人联合会职员
杨志峰 开封市禹王台区东惠社区自由职业者
王淑霞(女)洛阳市人民政府副秘书长，洛阳市扶贫开发办公室党组书记、主任
李 彬 洛阳市人力资源和社会保障局农民工工作科科长
曾红林 伊川县鸦岭镇高沟村第一书记，洛阳市纪委监委第十四审查调查室副主任
童红涛 洛宁县东宋镇郭村第一书记，洛阳市委统战部港澳科科长
王长征 汝州市委组织部副部长，汝州市扶贫开发办公室党组书记、主任
孙丕基 平顶山市住房和城乡建设局村镇建设科科长
陈京玉 鲁山县四棵树乡黄沟村第一书记，平顶山市教育体育局电教馆馆长
王世杰 河南康龙实业集团股份有限公司董事长
朱宗娟(女)安阳市人民政府副秘书长，安阳市扶贫开发办公室党组书记、主任
段振兴 安阳县扶贫开发办公室党组书记、主任
杜文波 汤阴县五陵镇南小章村第一书记，汤阴县扶贫开发办公室职员
郭 欢 安阳市殷都区都里镇东郊口村第一书记，安阳市纪委监委第九审查调查室副主任
孙炳良 河南省炳良电子商务有限公司董事长
李园丰(女，回族)获嘉县扶贫开发服务中心党支部书记、主任
王 磊 新乡市人力资源和社会保障局创业贷款担保中心职员
贺翠霞(女)焦作市扶贫开发办公室综合科科长
杨延军 温县招贤乡中辛村第一书记，焦作市纪委监委第四监督检查室副主任
王存勇 濮阳县郎中乡芦里村第一书记，濮阳县文化广电旅游体育局二级主任科员
赵战秒 南乐县联富果蔬种植专业合作社理事长，南乐县张果屯镇烟之东村党支部书记、村委会主任
冀亚伟 襄城县扶贫开发办公室党组书记、主任
胡义志 淅川县西簧乡党委副书记(挂职)，许昌市财政局财政监督科科长
黄海霞(女)漯河市召陵区扶贫开发办公室党组书记、主任
张士兴 舞阳县辛安镇刘庄村党支部书记、村委会主任
王清华 三门峡市政协党组成员、副主席，卢氏县委书记
王跃文 三门峡市委组织部一级调研员，三门峡市扶贫开发办公室党组书记、主任
周大鹏 南阳市扶贫开发办公室党组书记、主任
张 伟 社旗县扶贫开发办公室党组书记、主任
张义胜 桐柏县扶贫开发办公室党组书记、主任
黄 玉 镇平县扶贫开发办公室党组书记、主任
李 征(女)邓州市扶贫开发办公室党组书记、主任
周保全 淅川县扶贫开发办公室党组书记、主任
刘彦华 商丘市扶贫开发办公室党组书记、主任
孙桂元 夏邑县扶贫开发办公室党组书记、主任
孙晓锋 商丘市睢阳区冯桥镇曹庄村第一书记，区财政局政府采购办副主任
梁英才 商丘市城乡一体化示范区周集乡党委书记
熊维政 河南羚锐制药股份有限公司高级顾问
赵社会 商水县扶贫开发办公室党组书记、主任
陈新胜 西华县大王庄乡陈庄村党支部书记、村委会主任
韩宇南 太康县马厂镇前何村第一书记，国家税务总局周口市税务局社会保障和非税收入科副科长
邵奉公 驻马店市扶贫开发办公室党组书记、主任
张全收 上蔡县朱里镇拐子杨村党支部书记、村委会主任
原玉荣(女)新蔡县李桥回族镇狮子口村第一书记，李桥回族镇副镇长
代红艳(女)西平县海蓝牧业有限责任公司总经理
成富营 济源产城融合示范区农业农村局党组成员，扶贫开发办公室副主任
李汝江 新乡市平原示范区韩董庄镇杨厂村第一书记，河南省委办公厅总值班室副主任
李佩阳(女)上蔡县邵店镇高李村第一书记，河南省委宣传部农村精神文明建设处副处长
赵晓红(女)巩义市小关镇南岭新村第一书记，河南省委编办综合处副处长
王继锋 商水县城关乡瓦房庄村第一书记，河南省人民检察院政治部副主任
王萌利 沈丘县白集镇尹庄村第一书记，河南省公安厅维稳协调指导总队副总队长
佘婧菁(女，回族)河南省民政厅社会救助处二级主任科员
史秉锐 河南省扶贫开发办公室原党组书记、主任；河南省济源产城融合示范区党工委书记，济源市委书记
施保清 河南省扶贫开发办公室开发指导处处长
宋 瑞(女)息县路口乡弯柳树村第一书记，国家统计局河南调查总队机关党委办公室二级巡视员
王新奇 生前为商水县平店乡刘大庄村第一书记、国网河南省电力公司商水县供电公司发展建设部主管
刘志耀 武汉市江夏区舒安街八秀村驻村工作队队长兼第一书记，舒安街党工委副书记(挂职)，武汉市民政局专职扶贫干部
杜 凡 武汉市黄陂区王家河街青云村驻村工作队队长兼第一书记，武汉市公安局水上分局二级高级警官
卢必富 南漳县肖堰镇斑竹坪村党支部书记、村委会主任
闵洪艳 谷城县五山镇堰河村党委书记、村委会主任
柯圣洲 保康县黄堡镇寨湾村驻村工作队队员，襄阳市建设职工学校校长
刘发英(女，土家族)长阳土家族自治县龙舟坪镇花坪小学副校长
龚万祥 秭归县九畹丝绵茶业有限公司总经理
余丙华 生前为宜昌市夷陵区樟村坪镇董家河村党支部书记、村委会主任
肖曙光 五峰土家族自治县湾潭镇红旗坪村驻村工作队队长兼第一书记，宜昌市税务局一级主任科员
高建平 远安县住房和城乡建设局党组书记、局长
李万新 宜昌市民政局党组成员、三级调研员
胡三木 阳新县枫林镇湖田村驻村工作队队长兼第一书记，黄石市有色第一中学党总支书记
成青山 阳新县人民政府扶贫开发办公室党组书记、主任
金 梅(女)竹山县柳林乡公祖村驻村工作队队员，汉江师范学院副教授
谢 霞(女)丹江口市蒿坪镇党委副书记、镇长
魏远征(女)十堰市茅箭区卫生健康局党组书记、局长
田桦南 十堰市张湾区柏林镇白马山村驻村工作队队长兼第一书记，湖北省检察官学院十堰分院副院长
邓太明 竹溪县精准扶贫作战指挥部办公室副主任，竹溪县人力资源和社会保障局党组副书记
刘廷洲 郧西县涧池乡下营村党支部书记、村委会主任
耿吉奎 房县土城镇土城村党支部书记、村委会主任
邹 俐(女)荆州市人民政府扶贫开发办公室开发指导科科长
夏海波 江陵县秦市乡刘家剅村驻村工作组组长，江陵县血吸虫病预防控制所主治医师
唐晓锋 钟祥市人民政府扶贫开发办公室党组书记、主任
黄祥珍(女)鄂州市鄂城区碧石渡镇扶贫办副主任
张志敏 孝感市脱贫攻坚指挥部副指挥长兼办公室主任，孝感市副市长
唐建锋 孝感市人民政府扶贫开发办公室老区建设科科长
朱 隽 安陆市洑水镇殷棚村驻村工作队队长兼第一书记，孝感市公安局二级高级警长
彭 哲 英山县人民政府扶贫开发办公室党组书记、主任
鲍 斌 麻城市人民政府扶贫开发办公室党组书记、主任
胡兴华 英山县杨柳湾镇锣响坳村驻村工作队队长兼第一书记，黄冈市纪委监委四级调研员
张志强 罗田县农村公路管理局党支部书记、局长
康 慨 中国农业发展银行黄冈市分行党委书记、行长
姚 峰 红安县瑞沣种养殖专业合作社理事长，红安县杏花乡龙潭寺村党支部书记、村委会主任
高锡文 蕲春县漕河镇飞跃村党支部书记、村委会主任
杨行江 团风县回龙山镇沈家大湾村党支部书记、村委会主任
徐东红 通城县人民政府扶贫开发办公室党组书记
黄 晖 瀛通通讯股份有限公司董事长、总经理
胡明乾 随县人民政府扶贫开发办公室党组书记、主任
郝旭东 广水市长岭镇泉水村驻村工作队第一书记兼村党支部书记，广水市农村财政管理局副局长
张代明(土家族)恩施土家族苗族自治州发展和改革委员会地区经济科科长
向 辉(土家族)恩施土家族苗族自治州医疗保障局办公室主任
龙 慧(女，侗族)恩施市芭蕉侗族乡党委书记
游 亮 利川市人民政府扶贫开发办公室党组成员、副主任
张 华(女，土家族)建始县脱贫攻坚指挥部副指挥长，建始县政协党组成员、副主席
雷玉龙(土家族)巴东县脱贫攻坚指挥部副指挥长，巴东县人民政府党组成员、副县长
姚元翔(侗族)宣恩县椒园镇黄坪村党支部书记、村委会主任
谢 睿(土家族)生前为咸丰县清坪镇党委委员、纪委书记
向 辉(女，土家族)来凤县农园果蔬专业合作社理事长
刘迪航(土家族)鹤峰县邬阳乡三园村驻村工作队队长兼第一书记，鹤峰县委组织部四级主任科员
欧阳学祥 仙桃市剅河镇新洲村驻村工作队第一书记，仙桃市科学技术局工会主席
张平安 湖北红日子农业科技有限公司董事长
张书义 潜江市竹根滩镇沙街村党支部书记、村委会主任
卢 琳(女)神农架林区人民政府扶贫开发办公室党组成员、副主任
胡长学 通山县大畈镇板桥村驻村工作队队长，咸宁市委副秘书长(挂职)，湖北省纪委监委党风政风监督室一级调研员
骆效斌 麻城市龟山镇鲍家墩村驻村工作队队长兼第一书记，麻城市副市长(挂职)，湖北省应急管理厅应急救援中心高级工程师
谭江洪 五峰土家族自治县渔洋关镇南河村驻村工作队队员，湖北省财政厅人事教育处一级主任科员
高 筠(女)黄梅县五祖镇花山村驻村工作队原队长，湖北省妇女联合会妇女发展部副部长
何 翔 湖北省农业农村厅发展规划处一级主任科员
钟彩虹(女)中国科学院武汉植物园猕猴桃资源与育种学科组组长
周 鹏 英山县方家咀乡葫芦盆村驻村工作队原队长，英山县原副县长(挂职)，湖北省高级人民法院信访工作处处长
傅廷栋 华中农业大学原教授(退休)，国家油菜工程技术研究中心主任，全国农业技术推广协会油料作物专业委员会主任
谢华涛 保康县歇马镇合作村驻村工作队第一书记，湖北文理学院八级职员
刘 鹏 东风汽车集团有限公司扶贫办副主任
夏文杰 枣阳市鹿头镇刘庄村驻村工作队队长兼第一书记，湖北银行党群工作部部长助理
王 强 杭州市帮扶恩施土家族苗族自治州工作队队员，恩施土家族苗族自治州人民政府办公室秘书五科副科长(挂职)，杭州第一技师学院培训处处长、团委书记
王仁子 耒阳市长坪乡潭湖村党总支书记、村委会主任
彭双娣(女)祁东县凤歧坪乡党委副书记、乡长
朱超波 衡南县硫市镇新华村驻村工作队队长兼第一书记，衡阳市人民检察院政治部副主任
黄诗燕 生前为株洲市政协副主席(兼)、炎陵县委书记
唐华容(女)攸县渌田镇存养村驻村工作队队长兼第一书记，攸县中医院客服部主任
殷 绘 渌口区扶贫开发办公室党组成员、副主任
邓述东 湘潭县射埠镇农业综合服务中心技术人员
赵建成 湘乡市中沙镇和谐村驻村工作队队长兼第一书记，湘乡市委“两新”工委专职副书记
王跃龙 雨湖区扶贫开发工作领导小组办公室主任，雨湖区农业农村局党组书记、局长
曹权文 邵阳市发展和改革委员会社会发展科副科长
肖 阳 洞口县月溪镇管竹村驻村工作队队员，湖南省财政厅财政监督检查局一级主任科员
潘文彬(瑶族)洞口县大屋瑶族乡高峰村党支部书记
石忠柏(侗族)绥宁县红岩镇石家村党支部书记
杨淑亭(女，苗族)湖南七七科技股份有限公司总经理
肖 欣(女)武冈市扶贫开发办公室党组成员、副主任
宋刘斌 新宁县水庙镇枧杆山村驻村工作队队长兼第一书记，长沙理工大学科学研究部副部长
张雄军 邵阳县塘渡口镇蔡山团村党总支书记
邓胜利 邵阳县住房和城乡建设局党组书记、局长
胡建龙 湘阴县扶贫开发办公室党组书记、主任
邵明艳 华容县章华镇话岗村驻村工作队队员，华容县市场监督管理局办公室副主任
陈素辉 汨罗市川山坪镇玉池山村党总支书记、村委会主任
唐海平 津市市扶贫开发办公室党组书记、主任
陈志刚 安乡县大湖口镇安福村驻村工作队队长兼第一书记，常德市交通运输综合行政执法支队一级主任科员
王新法 生前为石门县南北镇薛家村名誉村长
王 婷(女)石门薛家共富有机茶叶有限公司董事长
唐 乾(土家族)生前为慈利县通津铺镇泗虎坪村驻村工作队队长兼第一书记，慈利县审计局正科级干部
胡 辉(土家族)桑植县洪家关白族乡党委书记
王传殊(土家族)张家界市扶贫开发办公室规划和督查科科长
陈灿平 安化县委原常委、县人民政府原副县长(挂职)，西南民族大学经济学院院长
李远胜 安化县委组织部副部长、县驻村办主任
郭正强 益阳市资阳区扶贫开发办公室党组书记、主任
胡 鑫 安化县江南镇金田村驻村工作队队长兼第一书记，益阳市委办公室调研科科长
肖 冰 宜章县黄沙镇新坌村驻村工作队原队长兼第一书记，湖南中烟工业有限责任公司郴州卷烟厂党委书记
陈志东(女)桂东县扶贫开发办公室主任，湖南八面山国家级自然保护区管理局局长
何恒平(瑶族)汝城县文明瑶族乡大源瑶族村驻村工作队队长兼第一书记，郴州市人民政府办公室工作人员
唐华东 郴州市委组织部组织指导科科长、市驻村办原副主任
邓庭云 郴州市纪委市监委党风政风监督室副主任
欧爱国 临武县南强镇两广村党支部书记、村委会主任
雷政林 蓝山县犁头瑶族乡犁头村驻村工作队队长兼第一书记，蓝山县教育局工作人员
唐渊明 祁阳县肖家镇黄石村驻村工作队队长兼第一书记，永州市公共资源交易中心国有产权及无形资产交易部部长
陈 彬 祁阳县扶贫开发办公室党组书记、主任
蒋军星 道县梅花镇修义村驻村工作队队长兼第一书记，永州市委组织部组织指导科科长
周军华 新田县陶岭镇周家村党支部书记、村委会主任
罗 刚 双牌县委组织部副部长、县委“两新”党工委书记
成 正 永州市人力资源和社会保障局就业科(扶贫办)科长
段贵建 永州市扶贫开发办公室党组书记、主任
蒙 汉(侗族)生前为怀化市人大常委会副主任、溆浦县委书记
周秀芳(女)宁波市李惠利小学原教师(退休)
胡明发 沅陵县凉水井镇小枫溪村驻村工作队队长兼第一书记，沅陵县财政事务中心三级主任科员
谭泽勇(苗族)麻阳苗族自治县谭家寨乡楠木桥村党总支书记
张秀乾 新晃侗族自治县波洲镇长塘坪村党支部书记
李小红(女)湖南佳惠百货有限责任公司董事长
潘文钊(侗族)鹤城区黄岩旅游度假区大坪村驻村工作队队长兼第一书记，共青团怀化市委青年发展部部长
李双凤(女)洪江市沅河镇党委副书记、镇长
周志强 通道侗族自治县双江镇罗武村驻村工作队队长兼第一书记，湖南省统计局能源处处长
龙秋香(女，侗族)会同县马鞍镇政务(便民)服务中心主任、扶贫工作站站长
谌孙武 怀化市扶贫开发办公室党组书记、主任
陈梦林(女)新化县维山乡水口村党总支书记
谭朝延 双峰县青树坪镇光辉村驻村工作队队长兼第一书记，双峰县商务粮食局市场建设管理办公室工作人员
李雄武 娄底万乐福农业科技有限公司总经理
王安全(土家族)凤凰县廖家桥镇菖蒲塘村片区党支部书记
张向阳(苗族)龙山县里耶镇云顶村驻村工作队队长兼第一书记，湘西土家族苗族自治州烟草公司多元化办公室主任
邓和平(女，苗族)吉首市乾州街道关侯村驻村工作队队长兼第一书记，吉首市档案馆副科级干部
向 纹 生前为花垣县补抽乡米沟村驻村工作队队长兼第一书记，湘西土家族苗族自治州强制隔离戒毒所党委委员、纪委书记
龙清泉(苗族)花垣五龙农业开发有限公司董事长
李玉芳(女，土家族)永顺县人民政府党组成员、副县长
龙 俊(土家族)生前为保靖县毛沟镇阳坪村驻村工作队队长兼第一书记、中国农业银行保靖县支行综合管理部助理经济师
梁 健 广东省委农村工作办公室、省扶贫开发办公室专职副主任
杨 裕 大埔县大麻镇小麻村驻村第一书记兼扶贫工作队队长，广东省人民政府港澳事务办公室社会事业交流合作处二级调研员
钟奕苑 丰顺县汤西镇大罗村驻村扶贫工作队队员，广东省自然资源厅国土空间用途管制处四级调研员
林 雄 汕头市潮阳区金灶镇桥陈村党建指导员，汕头市农业科学研究所纪委书记
钟雅哲(女)云南省昭通市鲁甸县委常委(挂职)，东莞滨海湾新区党工委委员
杨海泉 广西壮族自治区崇左市龙州县委常委(挂职)，鹤山市副市长
张世雄 广西壮族自治区来宾市金秀瑶族自治县委常委、副县长(挂职)，茂名市茂南区委常委、宣传部部长
胡红军 新丰县马头镇桐木山村驻村第一书记兼扶贫工作队队长，广东省建筑工程集团有限公司党群工作部副部长
陈长发(苗族)化州市中垌镇公居村驻村第一书记兼扶贫工作队队长，中国铁路广州局集团有限公司三茂铁路股份有限公司副总经理
王永标 乐昌市长来镇和村村驻村扶贫工作队原队员，广东省人民政府机关事务管理局人事教育处一级主任科员
黄文学(土家族)罗定市加益镇合江村驻村第一书记兼扶贫工作队队长，广东省公安厅政治部机关工会办公室主任
韩浩霖 广东省民政厅政务服务中心综合科科长
岑宇铿 五华县棉洋镇竹坑村驻村第一书记兼扶贫工作队队长，广州交通投资集团广州交投实业有限公司服务区筹备组组长
陈少洪 新疆维吾尔自治区喀什市公安局副局长(挂职)，深圳市公安局罗湖分局正科级警官
赖国明 茂名市高新区七迳镇张屋村驻村第一书记兼扶贫工作队队长，珠海市市场监督管理局二级主任科员
杨龙年(女)翁源县扶贫办扶贫开发规划指导股负责人，翁源县乡村振兴服务中心主任
彭松柏 始兴县司前镇黄沙村驻村第一书记兼扶贫工作队队长，东莞市沙田镇投资促进中心副主任
黄陈强 河源市扶贫工作局扶贫开发指导科科长
罗文干 和平县长塘镇秀河村驻村第一书记兼扶贫工作队队长，河源市住房和城乡建设局村镇建设科副科长
林健华 龙门县委农村工作办公室、龙门县扶贫开发领导小组办公室专职副主任
张立业 海丰县赤坑镇大化村驻村第一书记兼扶贫工作队队长，广东电网有限责任公司汕尾城区供电局总经理
陈永利 阳西县农业农村局扶贫开发股原负责人，阳江市阳西总医院党委办副主任
许保文 雷州市白沙镇符处村驻村第一书记兼扶贫工作队队长，湛江市财政局资产管理科科长
汤旭希 吴川市黄坡镇稳村村驻村第一书记兼扶贫工作队队长，湛江市纪律检查委员会政策法规研究室副主任
张伟华 茂名市滨海新区电城镇架炮村驻村第一书记兼扶贫工作队队长，珠海市公安局拱北口岸分局特警大队行政综合中队三级警长
刘晓林 德庆县凤村镇新生、棠下、禄村驻村工作队队长，肇庆市妇女联合会家庭和儿童工作部部长
黄智勇 连州市瑶安乡大营村驻村第一书记兼扶贫工作队队长，清远市公安局交警支队高速七大队教导员
徐自由 英德市石灰铺镇人民政府农业农村办副主任、扶贫办主任
黄燕生 饶平县委农办、县扶贫办常务副主任
罗永辉 揭阳市揭东区龙尾镇新丰村驻村第一书记兼扶贫工作队队长，东莞市第三人民法院四级主任科员
邓水强 云浮市云安区六都镇庆丰村原驻村第一书记、都杨镇降面村原扶贫队队长，国家税务总局云浮市税务局督察内审科副科长
应若素(女)贵州省毕节市第三人民医院原副院长兼艾滋病科主任(挂职)，广州市第八人民医院感染病中心隔离病区负责人
王甘露 西藏自治区林芝市察隅县人民医院院长(挂职)，深圳市宝安区人民医院党办主任兼普外二区副主任
潘健章 粤桂两省(区)贫困村创业致富带头人培训基地主任
许应裘 广州凯源房地产实业有限公司董事长
陈佩唐 陆河县河田镇布金村党支部书记、村委会主任
林德全 广宁县北市镇国光村驻村扶贫工作队队员，中山市坦洲镇城管住建和农业农村局政府雇员
李统伟 潮州市潮安区归湖镇狮峰村党支部书记、村委会主任
陈楚卿(女)惠来县葵潭镇人民政府经济发展服务中心主任
吴朝晖 南宁市人大常委会副主任、党组成员，隆安县委书记
刘宗晓 南宁市扶贫开发办公室党组书记、主任，南宁市人民政府副秘书长(兼)
毛 鑫(女，瑶族)马山县加方乡龙开村驻村第一书记，广西南宁五象新区规划建设管理委员会协调指导局副局长
黄 谦(壮族)南宁市武鸣区太平镇庆乐村党总支书记、村委会主任
赖运升(壮族)南宁市邕宁区远升食用菌种植农民专业合作社董事长兼会长
韦忠勇 上林县白圩镇光华农民种养专业合作社理事长
蓝标河(瑶族)生前为融安县委常委、副县长(挂职)，广西外资扶贫项目管理中心监测统计处处长
杨 宁(女，苗族)融水苗族自治县安陲乡江门村党总支部书记、村委会主任
龙秀昌(侗族)三江侗族自治县同乐苗族乡归东村党总支部书记、村委会主任
赖园园(女，壮族)广西融安桔乡里农业有限公司总经理
荣 城(侗族)融水苗族自治县大浪镇大新村驻村第一书记，柳州市委党的建设工作领导小组办公室常务副主任
莫丽萍(女)桂林市临桂区五通镇党委委员、副镇长
赵进忠(瑶族)恭城瑶族自治县莲花镇崇岭村党支部书记
唐 莉(女)平乐县张家镇老埠村驻村第一书记，平乐县农业农村局农业综合执法大队三中队队长
周亚仙(女)梧州神冠蛋白肠衣有限公司董事长、总经理
黄美芳(女，壮族)藤县象棋镇甘村村驻村第一书记，藤县红十字会四级主任科员
祝雪兰(女，瑶族)苍梧县六堡镇山坪村党支部书记
陈 亮 广西盛隆冶金有限公司董事、常务副总经理
罗旺彬 灵山县陆屋镇申安村驻村第一书记，国家税务总局灵山县税务局信息中心干部
邓智勇 浦北县脱贫攻坚指挥部办公室副主任(兼)，浦北县手工业联社主任
黄玉娟(女)贵港市扶贫和水库移民管理局党组书记、局长，贵港市委副秘书长(兼)
郑崇杰 桂平市南木镇龙门村驻村第一书记，桂平西山风景名胜区管理处(广西桂平国家地质公园管理委员会)项目办副主任
韦武浩(壮族)贵港市港南区新塘镇党委书记
黄健文(壮族)贵港市覃塘区扶贫和水库移民管理局党组书记、局长
刘入源 广西博白县桂源农牧有限公司总经理
朱新文 生前为博白县顿谷镇党委宣传委员、副镇长
陈绍平 玉林市福绵区沙田镇六龙村党支部书记助理
邱文源 玉林市财政预算绩效考评中心办公室副主任
黄郅钧 陆川县平乐镇石村村驻村第一书记，陆川县委组织部四级主任科员
罗加攀(壮族)百色市司法局党组书记，百色市水库和扶贫易地安置管理局局长
莫文珍(壮族)百色市田阳区那坡镇尚兴村村民
齐书亚 百色市右江区泮水乡驮安村驻村第一书记，百色市右江区林业局总工程师
刘德磊(壮族)田东县扶贫开发办公室党组书记、主任
罗志梅(女，壮族)百色市扶贫开发办公室党组成员、副主任
黄超种(壮族)百色市田阳区那满镇党委书记
张 华 生前为靖西市安宁乡汤亮村驻村第一书记、广西壮族自治区党委政法委执法监督室副调研员
许艺兰(女，壮族)那坡县龙合镇定业村驻村第一书记，那坡县林业局党组书记
杨 洋(女)凌云县泗城镇上蒙村驻村第一书记，广西壮族自治区党委组织部人才工作处一级主任科员
江 见 田林县高龙乡新寨村驻村第一书记，广西壮族自治区党委巡视工作办公室三级主任科员
王应德 隆林各族自治县天生桥镇岩场村党支部书记
杨光照(壮族)西林县西林中学党总支部书记、校长
廖其智 钟山县公安镇廖屋村党总支部书记、村委会主任
邱 晨 昭平县昭平镇福登村驻村第一书记，昭平县委办公室综合二股股长
左俊杰 华润电力(贺州)有限公司原党委书记、总经理，华润电力东北大区党委委员、副总经理(主持工作)
陈家坛 贺州市八步区桂岭镇党委副书记、镇长
胡 革(女，壮族)河池市扶贫开发办公室党组书记、主任，河池市人民政府副秘书长(兼)
黄景教(壮族)生前为都安瑶族自治县拉烈镇地平村驻村第一书记、都安瑶族自治县供销合作社联合社监事会副主任
陆 政(壮族)大化瑶族自治县板升乡弄纳村原驻村第一书记，大化瑶族自治县水利局党组成员、水利站站长
卢炳胜(壮族)河池市宜州区福龙瑶族乡党委书记
韦体忠(壮族)凤山县发展和改革局党组副书记、副局长，凤山县水库和扶贫易地安置中心主任
莫新庄(壮族)环江毛南族自治县农业农村局党组书记、局长
郭孟德(壮族)天峨县岜暮乡板么村驻村第一书记，天峨县公安局政工室副主任
韦木调(壮族)河池市金城江区东江镇里仁村党支部书记
吴德勤(壮族)罗城仫佬族自治县乔善乡乔本村村民
周南方 广西南丹南方金属有限公司董事长兼总经理
汪云贵(女，瑶族)广西金秀六段瑶寨文化旅游开发有限公司董事长
莫秋明(苗族)金秀瑶族自治县六巷乡大岭村驻村第一书记，来宾市文化广电和旅游局文物科科长
韦贵康(壮族)合山市桂盛养兔专业合作社理事长
石支宇(壮族)忻城县古蓬镇古蓬社区居委会主任
李远强 凭祥市上石镇板旺村驻村第一书记，崇左市委政法委维稳指导科科长
黎明华(壮族)宁明县峙浪乡党委副书记、乡长
黄耀旋(壮族)龙州县下冻镇峡岗村原党总支副书记、村委会副主任，峡岗村村民
潘 孟(壮族)大新县扶贫开发办公室党组书记、主任
言志军(壮族)广西新振锰业集团有限公司总经理
陈立彩(女，壮族)崇左市江州区江州镇板备村岜牟屯党支部书记
蒋家柏 广西壮族自治区扶贫开发办公室党组书记、主任，广西壮族自治区人民政府办公厅党组书记、主任
吴桂彬(回族)忻城县红渡镇六纳村驻村第一书记，广西高等学校毕业生就业创业指导中心干部
韦春梅(女，壮族)广西壮族自治区水利厅农村水利水电处一级主任科员
林良胜(壮族)百色市田阳区五村镇巴某村驻村第一书记，广西壮族自治区党委办公厅值班处副处长
廖雪芳(女)柳州市发展和改革委员会农村经济科一级主任科员
韦 克(瑶族)都安瑶族自治县东庙乡安宁村党支部书记
吴 优 海口市扶贫工作办公室党组书记、主任
杨小锋 三亚市育才生态区工作委员会那受村党支部书记、第一书记，三亚市南繁科学技术研究院副院长
杜卫红 儋州市木棠镇薛宅村第一书记，国家税务总局儋州市税务局第一税务分局四级高级主办
李寒丁 琼海市长坡镇礼昌村第一书记兼驻村工作队队长，琼海市政法委执法监督协调室主任
林 鹏 海南传味文昌鸡产业股份有限公司党委书记、董事长
黄业平(黎族)万宁市长丰镇边肚村党支部书记、主任
符乃贤 东方市扶贫工作办公室党组书记、主任
罗新增 五指山市委常委、副市长(挂职)，中海石油气电集团有限责任公司干部
张国辉(黎族)乐东黎族自治县万冲镇党委书记
王 姑(女)澄迈县扶贫工作办公室党组书记、主任
王赵未 临高县扶贫工作办公室党组书记、主任
王颂娇(女)临高县波莲镇党委副书记、镇长
吴万祯 生前为屯昌县农业农村局党组书记、局长
陈启贞(黎族)昌江黎族自治县教育局学生资助管理中心主任
黄照儒(黎族)保亭黎族苗族自治县南林乡党委书记
石雄孙(黎族)生前为保亭黎族苗族自治县毛感乡南春村党支部副书记
王华宁(黎族)琼中黎族苗族自治县黎母山镇党委副书记、政法委员
邱瑞麟(黎族)白沙黎族自治县阜龙乡人民政府扶贫专干
易伟鹏 海南省农业生态与资源保护总站农艺师
刘小俊 海南省人力资源开发局就业指导处处长
余兰海 海南省学校后勤与学生资助管理办公室学生资助管理科科长
苏 乾 海南省住房和城乡建设厅房地产市场监管处副处长
吴祥跃 海南省水务厅农村水利水电处副处长
吴 俊 海南省扶贫工作办公室督查考核处一级主任科员
罗显清(女)万州区郭村镇集庆玩具服装制衣厂厂长
刘 昶 黔江区金溪镇山坳村驻村第一书记，重庆医科大学附属第二医院治安主管
杨云刚 北碚区印光蜜蜂养殖专业合作社负责人
谢向红 长寿区江南街道农业服务中心副主任
孟 玲(女) 江津区西湖镇扶贫开发中心负责人，镇团委书记
陈国强 綦江区石壕镇扶贫办主任，镇农业服务中心主任
马庆海 大足区宝顶镇铁马村驻村第一书记，重庆市人民检察院第一分院三级高级书记员
薛奉军 开州区大进镇驻镇工作队副队长兼联络员，重庆市委组织部干部一处处长
杨 懿 武隆区后坪乡白石村驻村第一书记，重庆市司法局机关党委专职副书记
张永红 重庆市武隆区传宏土特产品有限公司董事长
张瑞月(女) 城口县北屏乡财政办工作人员
夏 强 生前为垫江县裴兴镇高石村驻村工作队队长兼第一书记，垫江县总工会党组成员，县职工服务(帮扶)中心主任
杨 骅 生前为忠县金鸡镇傅坝村驻村工作队队长兼第一书记、原忠县安监局办公室副主任
张 波 云阳县交通局党委委员，县交通运行监测与应急调度中心主任
唐 华 奉节县平安乡驻乡工作队队员，太极集团有限公司太极天驴公司质管部副经理
向城钢 奉节县扶贫开发办公室主任，奉节县委办公室副主任
刘吉振 巫溪县红池坝镇渔沙村驻村第一书记，重庆市农业科学院蔬菜花卉研究所科研人员
谭治康 巫溪县水利局农村水利水电科负责人
谭雪峰(土家族)石柱土家族自治县委常委，石柱土家族自治县中益乡党委书记
白天树(土家族)秀山土家族苗族自治县川河盖蜜蜂养殖专业合作社理事长
田茂友(土家族)酉阳土家族苗族自治县可大乡客寨村村民
王祖勋 彭水苗族土家族自治县三义乡驻乡工作队常务副队长，重庆市能源局副局长
邵红二(苗族)彭水苗族土家族自治县润溪乡莲花寺村党支部书记
周冬勤(女) 万盛经开区万东镇五和村党总支书记、村委会主任
熊 亮 重庆市扶贫开发办公室考核评估处处长
廖和平(女) 西南大学精准扶贫与区域发展评估研究中心主任
魏宗平 新疆宏博房地产集团有限公司董事长，共青团重庆市委驻新疆工作委员会书记
袁 莉(女) 石渠县人民医院副院长(挂职)，成都市金牛区中医医院手术室护士长
蒋青淞 简阳市石钟镇火烧庙村第一书记，简阳市纪委监委第二纪检监察室副主任
曾道群(女) 自贡市沿滩区联络镇高滩村党支部书记、村委会主任
姜 萌(女) 攀枝花市扶贫开发局扶贫开发服务中心主任
毛文华 德阳市委副秘书长，德阳市扶贫开发局党组书记、局长
李光辉(羌族)北川羌族自治县委常委、统战部部长
赵海伶(女) 青川海伶山珍商贸有限责任公司董事长兼总经理
的莫鸽鸽(女，彝族)乐山市金口河区司法局四级调研员
乔进双梅(女，彝族)马边花间刺绣专业合作社负责人
陈建清(女) 蓬安县兴旺镇三青沟村党支部书记
何 为 仪陇县新政镇安溪潮农村社区驻村工作队队员，南充市委办公室秘书科副科长
马家斌 南充市人民政府副秘书长，南充市扶贫开发局党组书记、局长
杨 勇 珙县人民政府党组成员，珙县扶贫开发局局长
文兴培 屏山县人民政府党组成员，屏山县扶贫开发局局长
张 闻 理塘县木拉镇党委副书记(挂职)，四川省宜宾五粮液集团有限公司党群工作部文秘、扶贫主管
汤庭兰(女) 筠连县人大常委会人事代表工委副主任
文 龙 广安市扶贫开发局党组成员、总工程师
李金松 广安市前锋区观塘镇三台村第一书记，前锋区矛盾纠纷多元化解协调中心管理九级职员
吴荣华 渠县定远镇团寨村第一书记，达州市委组织部党员教育宣传中心副主任
李美文 万源市大沙镇桂花村驻村工作队队员，达州市人民政府办公室离退休人员管理科科长
屈德胜 宣汉县龙泉土家族乡鸡坪村(原大坪村)第一书记，宣汉县畜禽繁育改良站副站长
王 伟 巴中市人民政府副秘书长，巴中市扶贫开发局党组书记、局长
陈 坤 巴中市恩阳区下八庙镇马鞍山村第一书记，巴中市恩阳区政务服务和公共资源交易服务中心工作人员
吴 娉(女) 雅安市石棉县蟹螺藏族乡大湾村第一书记，雅安市石棉县蟹螺藏族乡副乡长
毛 波 安岳县李家镇瓦窑村第一书记，安岳县医疗保障事务中心副主任
陈望慧(女，藏族)小金县达维镇冒水村党支部书记，小金县夹金山清多香野生资源开发有限责任公司董事长
刘 坪 阿坝藏族羌族自治州委书记，阿坝藏族羌族自治州脱贫攻坚领导小组组长
措斯基(女，藏族)阿坝县洛尔达乡学尔沟村原帮扶干部，阿坝县委机关委员会书记
殷启雄(羌族)松潘县税务局机关党委副书记
张 飞 小金县甘家沟村第一书记，小金县美兴镇委宣传委员
徐 俊 金川县独松乡嘎伍岭村第一书记，四川青神经济开发区管委会主任
何有信(羌族)阿坝藏族羌族自治州茂县六月红花椒专业合作社理事长
赵煜民 壤塘县交通运输局原副局长、吾依乡原党委副书记、吾依村原党支部副书记(挂职)，交通运输部综合规划司水运规划处干部
郭 蕾(女，满族)甘孜藏族自治州人民医院妇产科援助专家，广东省第二人民医院副主任医师
肖友才(藏族)甘孜藏族自治州委副书记、州长
王 潇 石渠县德荣马乡党委副书记兼扎马村驻村队员，成都市金牛区市场监督管理局综合执法大队综合科副科长
李 丹(女，藏族)稻城县扶贫开发局副局长
叶建明(藏族)甘孜藏族自治州九龙县三垭镇副镇长
徐道明 甘孜藏族自治州交通运输局综合规划科科长
其麦仁真(藏族)白玉县赠科乡八垭村集体经济组织负责人
耿福能 四川好医生攀西药业有限责任公司董事长
张 伟 凉山彝族自治州委副书记，州直机关工委书记
卓文宪 雷波县委副书记(挂职)，四川省纪委监委驻四川省科技厅纪检监察组综合处处长
徐 航 昭觉县委常委、副县长(挂职)，佛山市禅城区委常委、二级调研员
王小兵(彝族)喜德县光明镇阿吼村第一书记，喜德县供电公司党建部副主任
杨卓玛(女，藏族)美姑县瓦古乡瓦以村第一书记，合江县石龙镇顺江小学教师
曹 宇(女) 布拖县人民医院妇产科副主任，内江市第一人民医院妇产科主治医师
左 凯 越西县申普乡果吉村综合帮扶队队员，蒲江县农业农村局朝阳湖畜牧站站长
贾巴伍各(彝族)生前为凉山彝族自治州布拖县公安局党委委员、政工室主任
王 正(女) 四川省以工代赈办公室综合处处长
杨登全 四川省自然资源厅扶贫办专职副主任
胡厚池 四川省交通运输厅公路局党委委员、副局长
朱允慎 越西县副县长(挂职)，四川省商务厅国际合作产业推进处副处长
降 初(藏族)四川省人民政府副秘书长，四川省扶贫开发局党组书记、局长
程 举 中国人民银行成都分行资本项目管理处副处长
田睿明 凉山彝族自治州脱贫攻坚领导小组办公室副主任，凉山彝族自治州委组织部副部长(挂职)，四川省委组织部组织二处副处长
王 俊 喜德县农业农村局副局长(挂职)，四川省水产局技术推广总站副站长
马 庚 乐山市金口河区曙光村驻村工作队队员，四川川投能源股份有限公司中层副职
杨 强 昭觉县副县长，东方电气集团东方电机有限公司采购中心党总支书记兼副主任
杨锡勇 开阳县农业农村局党委委员、县扶贫开发中心主任
雷鹏飞 清镇市流长乡油菜村第一书记，贵阳市委政法委关爱中心后勤部部长
刘 强 遵义市委副秘书长，市扶贫开发办公室党组书记、主任
王廷科 赤水市两河口镇黎明村党支部书记、村委会主任
李 昕 习水县委办副主任，县扶贫开发办公室主任(县生态移民局局长)
李 卓 凤冈县永和镇党湾村第一书记，遵义市发展改革委员会项目服务中心主任
夏昌国 遵义市播州区尚嵇镇乌江村党支部书记
申春雨(仡佬族)务川仡佬族苗族自治县委办副主任、县扶贫开发办公室主任
冉 楷(土家族)遵义市汇川区委办副主任，区扶贫开发办公室主任
杨 畅 盘州市鸡场坪镇唐子边村第一书记，六盘水市人民医院团委书记
杨 波(苗族)六盘水市钟山区大湾镇海嘎村第一书记，区民宗局党组书记
王 静(女)六盘水市水城区新桥街道新业社区党支部书记、居委会主任
高安勤(彝族)六盘水市水城区陡箐镇石头寨村第一书记，六盘水市农业农村局种植业发展中心副主任
聂德友 盘州市盘江天富种植农民专业合作社理事长，盘州市盘关镇天富刺梨园区联村党委书记
王金涛 贵州二表哥生态农业有限公司董事长
岳其勇 六盘水市钟山区青林乡扶贫工作站负责人
左文学 安顺市平坝区乐平镇塘约村党总支书记
王泽勇(苗族)普定县化处镇水井村第一书记，航空工业贵州新安航空机械有限责任公司摩擦材料厂副厂长
肖正强(苗族)安顺市平坝区白云镇平元村党总支书记、村委会主任
朱高学 安顺市平坝区天龙镇高田村党总支书记
张兴燚(女)关岭布依族苗族自治县沙营镇纸厂村村委会副主任
张厚学 紫云苗族布依族自治县大营镇大营村第一书记，安顺市人民政府办公厅人事科科长
吴秀实(苗族)贵州高速公路集团有限公司营运事业部凯里中心职工
李仁兵 威宁彝族回族苗族自治县迤那镇五星社区党支部书记、迆那镇党委副书记
郭 锋 毕节市人民政府副秘书长、织金县委副书记(挂职)，中华全国工商业联合会扶贫与社会服务部扶贫工作处处长
杨 益(苗族)织金县自强苗族乡大冲村党支部书记，乡政府一级科员
詹 雯(女)毕节市纳雍天河实验学校校长，广州市天河区车陂小学校长
文永松(彝族)赫章县委办副主任、县扶贫开发办公室主任
张继丹(女，仡佬族)纳雍县百兴镇科技文化服务中心主任、扶贫特岗人员
胡钧溥 威宁彝族回族苗族自治县石门乡团结村党支部书记，乡政府一级科员
肖明军 赫章县结构乡沙坝村第一书记，毕节市委组织部人事科科长
李大奎 威宁彝族回族苗族自治县新发乡松发村第一书记，毕节市人民政府总值班室主任
张龙敏(女，苗族)织金县熊家场镇白马村党支部书记
孙 磊 毕节市七星关区鸭池镇核桃村党支部书记、村委会主任
杨天啸(侗族)大方县凤山彝族蒙古族乡党委委员、副乡长，银川村党总支书记
曹顺友(彝族)威宁彝族回族苗族自治县新发布依族乡龙滩村党支部书记
查颖冬 铜仁市委常委、副市长(挂职)，苏州市政府党组成员
王明礼(苗族)思南县东升森林种养家庭农场场长
文伟红(土家族)生前为沿河土家族自治县中寨镇大坪村第一书记、县经济开发区管委会企业服务中心工作人员
王昭权(苗族)印江土家族苗族自治县沙子坡镇四坳村村民
张鲁黔(土家族)沿河土家族自治县中界镇高峰村第一书记，铜仁市生态移民局督查专员
冷朝刚(苗族)思南县塘头镇青杠坝村党支部书记
石丽平(女，苗族)贵州省松桃梵净山苗族文化旅游产品开发有限公司总经理
陈根毅(侗族)铜仁市碧江区和平乡党委书记
罗焕楠(苗族)铜仁市万山区丹都街道旺家社区党总支书记
陈立群 台江县民族中学终身名誉校长、原校长
罗 强(苗族)黔东南苗族侗族自治州委副书记、州长
龙开泉(侗族)黔东南苗族侗族自治州扶贫开发办公室主任
姚水长(侗族)凯里市旁海镇水寨村第一书记，市公安局交警大队中队长
文 霞(女，布依族)麻江县卫生健康局局长
孙兴红(侗族)施秉县甘溪乡高碑村党支部书记
陆永江(女，侗族)黎平县彦婷手工刺绣坊总经理
殷学安(侗族)从江县审计局农业环保和社会保障审计股原股长(退休)
吴格娥(女，苗族)黔东南民族职业技术学院生物与环境工程系主任
杨承辉(水族)三都水族自治县中和镇党委书记，县中和果蔬产业园区党工委书记
王华银 福泉市银富种养殖农民专业合作社负责人
罗应和(苗族)惠水县明田街道新民社区党支部书记、居委会主任
王文杰 贵定县盘江镇长江村第一书记，黔南布依族苗族自治州委党校(黔南行政学院)讲师
王长武(布依族)平塘县甲茶镇团结村党支部副书记、村委会主任
梁玉林 黔南布依族苗族自治州扶贫开发办公室主任
黄红缨(女)贵州黄红缨茶业有限公司董事长、贵州瓮安鑫产园茶业有限公司董事长
李 建(布依族)独山县麻尾镇党委副书记、镇长
宋勇亮 罗甸县原县委常委、副县长(挂职)，国投交通控股有限公司高级业务经理
田锦华(苗族)兴仁市屯脚镇鲤鱼村党支部副书记、村委会主任
刘恭利(女，土家族)望谟县乐旺镇坡头村第一书记，县扶贫开发办公室副主任
雷 海(苗族)黔西南布依族苗族自治州公安局治安警察支队副支队长(主持工作)
王 瑜(布依族)黔西南布依族苗族自治州农业农村局技术推广中心助理农艺师
罗 立(布依族)普安县盘水街道大榜村第一书记，黔西南布依族苗族自治州民政局救助科科长
令狐克渊黔西南布依族苗族自治州生态移民局移民发展服务中心副主任
李桂莲(女)贵州省农业科学院研究员、原名誉院长(退休)
易小波 贵州省委办公厅秘书三处三级主任科员
张 勇(土家族)望谟县乐旺镇猫寨村第一书记，贵州省发展和改革委员会农村经济处一级主任科员
龙朝阳(苗族)纳雍县委副书记(挂职)，贵州省人民政府督查一室主任、一级调研员
伏效平 正安县委常委、副县长(挂职)，贵州省委网络安全和信息化委员会办公室规划财务处处长
左国辉 普安县南湖街道大湾村第一书记，贵州日报报刊社视觉设计部主任
袁 博(女)威宁彝族回族苗族自治县板底乡雄鹰村第一书记，贵州省人民医院党委办公室机要科科长
田维荣(布依族)纳雍县勺窝镇五一社区第一书记，贵州省草地技术试验推广站质量检测科科长
韦 零(壮族)贵州省水利厅烟水配套工程处副处长
余 伟 罗甸县木引镇木引村第一书记，贵州省高级人民法院二级调研员
张再杰 贵州财经大学绿色发展战略研究院院长
蒲朝新 剑河县柳川镇柳堡村驻村干部，贵州轻工职业技术学院轻工化工系学生管理科科长
陈 秋 贵州医科大学医学检验学院学生管理科科长
张恒飞 紫云苗族布依族自治县猴场镇小湾村第一书记，贵州航空职业技术学院机电分院副院长
陈 铭 普定县猴场乡仙马村第一书记，中国航发贵阳发动设计研究所后勤保障部副部长
周洪宁 石阡县坪山乡佛顶山村第一书记，中国银行贵州省分行风险管理部督导
罗明元(侗族)天柱县高酿镇上花村第一书记，中国邮政储蓄银行股份有限公司台江县支行营业主管
张家相(白族)六盘水市钟山区保华镇海螺村第一书记，首钢水城钢铁(集团)有限责任公司水钢制造管理部中心理化室主管师
孙 健 台江县方召镇交汪村第一书记，贵州旅游投资控股(集团)有限责任公司职工
娄贵锋 赫章县罗州镇高山村第一书记，赫章康兴扶贫开发有限公司副总经理
王应刚 禄劝彝族苗族自治县则黑乡党委书记
朱石祥 寻甸回族彝族自治县扶贫开发办公室党组书记、主任
吴国良 生前为昆明市东川区汤丹镇扶贫办公室常务副主任、汤丹镇中河村党支部书记
张进松 昆明市社会扶贫开发服务中心副主任
王秋婷(女)生前为大关县纪律检查委员会大关县监察委员会工作人员
吴长碧(女)云南电网有限责任公司昭通彝良供电局党支部副书记
范 雪 昭通市昭阳区扶贫开发办公室党组书记、主任
胡发吕 巧家县马树镇小河塘村委员会副主任
韩 琪(女，回族)永善县国有林场副场长、马楠乡党委副书记(挂职)
谭德才 永善县永兴中药材种植专业合作社法定代表人
熊 梅(女，苗族)盐津县盐井镇文兴社区居委会党总支书记、主任
邓 冬 宣威市双河乡党委副书记(挂职)、驻村工作队大队长兼梨树坪村第一书记，云南电网有限责任公司曲靖宣威供电局职工
许云华 曲靖市扶贫开发办公室党组书记、主任
李治润 罗平县扶贫开发办公室党组书记、主任
杨增山 生前为曲靖市马龙区月望乡沙坡笼村党总支书记
林 盛 会泽县古城街道经济发展办公室主任
王瑞清(女)元江哈尼族彝族傣族自治县扶贫开发办公室副主任
苏正华 玉溪市扶贫开发办公室规划和行业扶贫科科长
张银春 保山市扶贫开发办公室党组成员、副主任
段定华 生前为施甸县何元乡莽王村党总支书记
郭彩廷 生前为腾冲市猴桥镇经济发展办公室业务负责人
李文芝(女，彝族)生前为武定县公安局经侦大队教导员
罗文慧(彝族)楚雄彝族自治州扶贫开发办公室党组书记、主任
耿荣贵(彝族)大姚县铁锁乡党委委员、纪委书记
王然玄(彝族)元阳县新街镇党委副书记(挂职)，共青团元阳县委副书记
李 涛(哈尼族)绿春县公安局禁毒大队副大队长，平河镇大头村拉祜寨临时党支部组织委员
李兴也(壮族)屏边苗族自治县湾塘乡党委书记
陈红武 泸西县农业农村和科学技术局党组书记、局长
黄 振(哈尼族)红河哈尼族彝族自治州扶贫开发办公室政策法规科科长
王敦伟(壮族)马关县雅登博服饰有限公司总经理
卢安魁(壮族)砚山县阿猛镇阿基村委会阿基大寨村小组村民
李太学(壮族)砚山县蚌峨乡六掌村党总支书记
李华明 西畴县西洒镇龙泉村委会岩头村小组党支部书记、村小组长
蒙仕珍(女，瑶族)麻栗坡县天保镇小寨村党总支书记、村委会主任
刘 松(傣族)宁洱哈尼族彝族自治县磨黑镇团结村党总支书记
李德顺(彝族)墨江哈尼族自治县泗南江镇干坝村驻村第一书记，云南省普洱供电局党建部副主任
张艳兰(女)孟连傣族拉祜族佤族自治县扶贫开发办公室副主任
周亚玲(女，傣族)景谷康鸿西番莲种植户专业合作社理事长
罗永才(哈尼族)勐腊县勐腊镇补蚌村党总支书记、村委会主任
罗志华(拉祜族)勐海县畜牧兽医站高级兽医师
刘 平 生前为祥云县普淜镇杨家屋村党总支书记、村委会主任
李德琦(白族)大理白族自治州扶贫开发办公室党组书记、主任
杨吉昆(白族)洱源县牛街乡福和村党总支书记、村委会主任
赵神贵(白族)云龙县人民政府办公室二级主任科员
杨善斌 芒市副市长，芒市扶贫开发办公室主任
梁昌才(阿昌族)梁河县九保阿昌族乡党委书记
谢良忠(傈僳族)玉龙纳西族自治县黎明乡美乐村党总支书记
魏高明 永胜县委副书记(挂职)，财政部社会保障司办公室主任、处长
王世荣(独龙族)贡山独龙族怒族自治县独龙江乡巴坡村党总支书记
和银光(傈僳族)兰坪白族普米族自治县中排乡大宗村第一书记
扎史尼玛(藏族)生前为维西傈僳族自治县维登乡新华村驻村工作队队员，迪庆藏族自治州民族歌舞团职工
毕起美(女，彝族)双江拉祜族佤族布朗族傣族自治县忙糯乡邦界村原第一书记、驻村扶贫工作队队长，临沧市临翔区人民检察院副检察长
李本菊(女)临沧市扶贫开发办公室副主任、三级调研员
李忠玉(女)临沧市临翔区凤翔街道中山村第一书记、驻村扶贫工作队队长，临翔区人民医院党委副书记、纪委书记
杨志厅 沧源佤族自治县委书记、二级巡视员
罗宇鹏(白族)生前为大兴乡党委副书记、乡长
王思泽 云南省扶贫开发办公室党组成员、副主任
夭可婕(女，彝族)云南省民政厅一级主任科员
龙建平(独龙族)怒江公路局贡山分局独龙江公路管理所党支部书记、所长
宁德鲁 云南省林业和草原技术推广总站站长
尼章光(白族)云南省农业科学院热带亚热带经济作物研究所四级研究员
孙富文 云南省人民政府投资项目评审中心(云南省工程咨询中心)主任
杜 敏(女，白族)九三学社云南省委员会办公室一级主任科员
李 寿(白族)永平县杉阳镇松坡村第一书记、驻村工作队队长，云南省人力资源和社会保障厅政策法规处一级主任科员
李定海(白族)云南民族文化旅游产业有限公司云漫智慧公司副总经理
李闻纹(傈僳族)云南银保监局城市银行监管处科长
杨子生(白族)云南财经大学精准扶贫与发展研究院院长、国土资源与持续发展研究所所长
杨正海(哈尼族)中国邮政储蓄银行普洱市分行会计员
吴本林 云南省国有资产监督管理委员会改革和规划发展处二级调研员
沈建华(女)国家统计局云南调查总队住户监测处处长
张玉芸(女)云南省医疗保障局待遇保障处一级主任科员
张建国 云南出入境边防检查总站临沧边境管理支队勐捧边境派出所副所长
和晓宏(傈僳族)生前为中国电信怒江分公司扶贫办副主任
郑 重 昆明海关所属昆明长水机场海关二级主办
娄 煜 云南省住房和城乡建设厅名城处四级主任科员
姚葳蕤 云南中烟工业有限责任公司团委副书记
都 吉(藏族)德钦县羊拉乡甲功村第一书记、驻村工作队队长，中国铜业云南迪庆矿业开发有限公司安全环保健康部副经理
夏 敏(女)中国民主建国会云南省委员会组织部一级主任科员
徐以民 云南省纪委省监委国际合作室副主任
蒋仕祥 国家税务总局昭通市税务局一级行政执法员
程 坤 云南省发展和改革委员会易地扶贫搬迁处处长
达娃桑珠(藏族)生前为西藏自治区扶贫开发办公室党组成员、副主任
尼玛扎西(藏族)生前为西藏自治区农牧科学院党组副书记、院长
李有平 日喀则市政协副主席，昂仁县委书记
卓 嘎(女，藏族)尼玛县甲谷乡驻村工作队总领队兼东隆村工作队队长，西藏自治区人大常委会办公厅办公室副主任
何 珍(女)西藏自治区扶贫开发办公室计划财务处处长
旺 玖(藏族)西藏自治区农业农村厅计划财务处二级调研员
尼玛旺久(藏族)西藏自治区财政厅农业农村处一级调研员
罗桑次仁(藏族)西藏自治区住房和城乡建设厅村镇建设处处长
刘 忠 西藏自治区卫生健康委员会基层卫生健康处处长
张 鑫 西藏自治区林业和草原局规划财务审计处副处长
徐伍达(彝族)西藏自治区社科院农村经济研究所副所长
次仁顿珠(藏族)西藏自治区党委办公厅督查室驻那曲市申扎县塔尔玛乡杂日村工作队队长兼第一书记
王宛东 西藏自治区党委巡视工作领导小组办公室一级主任科员
陈晓燕(女)西藏自治区扶贫开发办公室综合处秘书科科长
罗 杨 国家统计局西藏调查总队信息技术应用处驻日喀则市拉孜县柳乡西嘎村第一书记
饶文斌 西藏自治区政府办公厅法规处三级主任科员
强巴次仁(门巴族)西藏自治区总工会劳动人民文化宫保卫科副科长
谭曲坚才(藏族)西藏自治区经济和信息化厅原材料工业处四级主任科员
罗布顿珠(藏族)那曲市聂荣县聂荣镇8村原驻村工作队副队长兼第一书记，中国人寿保险股份有限公司西藏自治区分公司经办
扎 塔(藏族)西藏金塔建设集团有限公司董事长
白玛玉珍(女，藏族)拉萨市民政局党组副书记、局长
德 吉(女，藏族)拉萨市尼木县自然资源局派驻尼木吞弥现代农业产业园区车厘子种植负责人
阿旺次仁(藏族)拉萨市文创园区同心苑社区党支部书记
索朗加措(藏族)拉萨市墨竹工卡直孔噶瑕农畜产品工贸有限公司董事长
拉巴次仁(藏族)萨迦县雄玛乡德布热惠民藏鸡养殖有限公司董事长
扎桑罗布(藏族)日喀则市聂拉木县琐作乡查益村原第一书记，聂拉木县口岸人民医院副院长
石 旺(藏族)仲巴县帕羊镇聂康村党支部书记、村委会主任
南木珍(女，藏族)仁布县康雄乡亚德细褐羊毛织品农民专业合作社负责人
旦增称来(藏族)江孜县年堆乡尼玛藏式卡垫加工农民专业合作社理事长
吾金旦增(藏族)洛扎县扎日乡卫生院副院长
布琼啦(藏族)山南市曲松县曲松镇措堆村驻村工作队队长兼第一书记，曲松镇人民政府文化服务中心主任
巴 珠(藏族)山南市永创发展建设有限公司董事长
巴 桑(藏族)山南市民族藏帖尔手工业残疾人福利有限公司总经理
卫士春 生前为山南市扶贫开发办公室技师工
张晋宇 林芝市人民政府副秘书长，林芝市脱贫攻坚指挥部督导考核组组长
李云海 林芝市脱贫攻坚指挥部产业脱贫组成员，林芝市旅游发展局三级主任科员
尼 玛(藏族)米林县米林镇红太阳科技示范家庭农场场长
拉 姆(女，藏族)林芝市工布江达县拉姆残障缝纫友谊合作社理事长
云登加措(藏族)工布江达县朱拉松茸加工农民专业合作社理事长
赤列旺堆(藏族)昌都市八宿县林卡乡冷宜村第一书记，八宿县脱贫攻坚指挥部易地搬迁组副组长
加央措成(藏族)昌都市类乌齐县达多阳光建筑商贸有限责任公司负责人
廖俊龙 昌都市委组织部组织编制史志编纂办主任
仁增贡布(藏族)芒康县扶贫开发办公室主任
赤来塔吉(藏族)那曲市色尼区委副书记、区长，色尼区脱贫攻坚指挥部指挥长
吕中原 那曲市脱贫攻坚指挥部教育脱贫组成员，市教育局高级教师
扎西央金(女，藏族)那曲市住房和城乡建设局村镇科副科长
巴桑次仁(藏族)嘉黎县人大副主任，嘉黎县麦地卡乡党委书记
达娃平措(藏族)阿里地区扶贫开发办公室党组书记
群 培(藏族)阿里地区农业农村局技术推广站副站长
米 普(女，藏族)普兰县巴嘎乡人民政府扶贫专干
平措旺堆(藏族)改则县麻米乡茶措村党支部书记
扎西多布杰(藏族)札达县托林镇托林居民委员会党支部书记
张友社 西安市委副秘书长，西安市扶贫开发办公室党组书记、主任
常 淳 西安市鄠邑区蒋村街道办事处柳泉口村驻村第一书记、西安市法学会学术研究部主任
张伟峰 西安市长安区引镇街道办事处扶贫开发办公室负责人
崔省强 宝鸡市扶贫开发办公室党组书记、主任
刘砚昭 扶风县扶贫开发办公室党组书记、主任
李瑞宁(女)岐山县蔡家坡镇五丈原村驻村第一书记兼工作队队长，岐山县住建局蔡家坡房地产管理所副所长
侯 军 凤县平木镇西山村驻村第一书记、凤县人民政府办公室后勤服务中心主任
柴智强 宝鸡市金台区硖石镇高家湾村驻村第一书记，宝鸡市委政策研究室工会主席
刘建华 宝鸡市渭滨区神农镇邵家山村党支部书记兼村委会主任
姜西武 长武县洪家镇姜曹村村民、村级电子商务负责人
许超莹(女)乾县城关街道办事处党工委书记
雷乾县 礼泉县骏马镇东风村党支部书记、天丰种植养殖专业合作社理事长
赵湖北 陕西三原星火养羊专业合作社理事长
朱 伟 宜君县脱贫攻坚指挥部常务副指挥长，宜君县常务副县长
任 帅 铜川市耀州区脱贫攻坚领导小组办公室副主任、耀州区扶贫开发局局长
路 程 铜川市印台区陈炉镇脱贫攻坚领导小组组长、陈炉镇党委书记
郭智强 渭南市扶贫开发办公室正县级督查专员
秦 智 渭南市卫生健康委员会规划发展和财务管理科科长
李诗颖(女)渭南市农业农村局种植业管理科科长
马军辉 富平县齐村镇桥西村驻村第一书记兼工作队队长、渭南市民政局福利院膳食科副科长
刚 涛 渭南市住房和城乡建设局城建科科长
王宝印 陕西红星美羚乳业股份有限公司董事长兼总经理
成云浪 澄城县冯原镇马村党委书记兼村委会主任
翟荔学 大荔县扶贫开发办公室党组书记、主任
崔院强 甘泉县石门镇魏家沟村驻村第一书记，甘泉县水政水资源管理办公室干部
付凡平(女)宜川县蒙恩农产品经销有限责任公司董事长
王 军 府谷县赵五家湾便民服务中心党委书记
苏 丽(女)佳县乌镇刘家峁村驻村工作队队员，榆林市公安局正科级侦察员
高晨翔 子洲县周家硷镇董家圪崂村驻村第一书记，榆林市政府会议管理中心干部
康虎生 汉中市扶贫开发办公室党组书记、主任
马维钦 镇巴县扶贫开发办公室党组书记、主任
高 波 佛坪县副县长(挂职)，中央网信办财务局审计处处长
余 剑 生前为佛坪县岳坝镇草林村驻村第一书记、佛坪县总工会常务副主席
张顺喜 洋县扶贫开发办公室党组书记、主任
武轩羽 西乡县子午镇七星坝村驻村工作队队员，汉中市烟草公司西乡县分公司科员
崔 涛 勉县移民(脱贫)搬迁工作办公室副主任
田 辉 镇坪县脱贫攻坚领导小组办公室主任、镇坪县人大常委会副主任
刘堂余 安康市汉滨区流水镇良田村党支部书记兼村委会主任
郑玉龙 宁陕县广货街镇和平村驻村第一书记，西安咸阳国际机场股份有限公司安检护卫部护卫大队党支部书记
哈红黎(回族)紫阳县脱贫攻坚领导小组办公室常务副主任
王青山 平利县长安镇金沙河村驻村工作队队员，平利县水利局干部
覃 涛 镇坪县牛头店镇白珠村驻村工作队队长，镇坪县公安局交通管理大队教导员
向 飞 旬阳县脱贫攻坚领导小组办公室主任、吕河镇镇长
廖安渝 安康市创业就业服务中心创业就业服务科科长
张轩颐(女)安康市财政局农业农村科副科长
李 强 商洛市自然资源局(市移民办)副主任
王金良 商洛市商州区扶贫开发局党组书记、局长
郭有锋 山阳县扶贫开发局信息监测中心主任
张英锋 商洛市卫生健康委员会流动办主任兼健康扶贫办主任
任燕顺 甘肃省扶贫开发办公室党组书记、主任
汪爱文 甘肃省人民政府办公厅保卫处处长、帮扶办主任
王 刚 庆城县委副书记(挂职)，甘肃省人社厅社会保险基金监督处处长
马聪慧(回族)天水市麦积区五龙镇大窑村驻村帮扶工作队队长兼第一书记，甘肃省人大常委会办公厅老干部处副处长
朱森平 秦安县五营镇蔡河村驻村帮扶工作队队长兼第一书记，甘肃省文物局三级调研员
韩 鑫 甘肃省委组织部信息化管理处一级主任科员
杨志强 环县车道镇苦水掌村驻村帮扶工作队队长兼第一书记，甘肃煤田地质局综合普查队陇原公司天水物探测量处副经理
杨立群 生前为甘肃省通信产业工程监理有限公司项目管理部主任
史 隆 中国铁路兰州局集团有限公司扶贫办主任
李 平 金川集团股份有限公司社会帮扶办公室主任
王文全 陇南市扶贫开发办公室党组书记、主任
杨 勤 礼县扶贫开发办公室党组书记、主任
杨江林 宕昌县扶贫开发办公室党组书记、主任
刘玉红(女)陇南市祥宇油橄榄开发有限责任公司董事长
赵廷林(东乡族)临夏回族自治州州委常委，广河县委书记
张 卓 临夏回族自治州扶贫开发办公室党组书记、主任
马秀兰(女，回族)临夏回族自治州州委常委，东乡族自治县委书记
段学魁 临夏市扶贫开发办公室党组书记、主任
鲁鸿宙 临夏百益现代农业科技有限责任公司董事长
马永忠(东乡族)广河县扶贫开发办公室党组书记、主任
马占山(回族)积石山保安族东乡族撒拉族自治县扶贫开发办公室党组书记、主任
杨小兰(女)和政县新庄乡将台村党支部书记、村委会主任
郭小玲(女)康乐县扶贫开发综合服务中心主任
张昌波 甘肃省以工代赈易地搬迁办公室二级主任科员
纳卓东珠(藏族)卓尼县阿子滩镇原党委书记，卓尼县财政局党组书记、局长
李刚加西(藏族)迭部县洛大镇黑扎村党支部书记、村委会主任
斗格才让(藏族)碌曲县西仓镇贡去乎村党支部书记、村委会主任
郝广平 临潭县洮滨镇上川村驻村帮扶工作队队长兼第一书记，国网甘肃省电力公司甘南供电公司党委党建部四级职员
姚明东 定西市人民政府副秘书长，定西市扶贫开发办公室党组书记、主任
李幸泽 甘肃蓝天马铃薯产业发展有限公司董事长
常海增 通渭常家河福兴德农牧林专业合作社理事长
朱恒昌 陇西县扶贫开发办公室党组书记、主任
龚志荣 临洮县太石镇三益村党支部书记、村委会主任
刘胜安 渭源县委副书记(挂职)，国务院扶贫办规划财务司专项处处长
李晓梅(女)甘肃田地农业科技有限公司董事长
包永全 岷县方正草业开发有限责任公司董事长
邵海云(女)天水市麦积区民政局党组书记、局长
马筱宁(回族)张家川回族自治县委副书记、县长
李 毅(回族)张家川回族自治县住房和城乡建设局党组书记、局长
柴永生 天水市秦州区医疗保障局党组书记、局长
董西成 武山县扶贫开发办公室党组书记、主任
冯小明(女)清水县土门镇梁山村党支部书记
杨双六 天水市医学会医疗事故技术鉴定工作办公室主任
张 华 甘肃中盛农牧集团有限公司董事局主席
刘小兵 环县曲子镇西沟村党支部书记、村委会主任
白兴时 环县扶贫开发办公室党组书记、主任
肖正川 庆城县金诚果业农民专业合作社理事长
程 强 泾川县旭康食品有限责任公司董事长
姚军福 灵台县上良镇北张村党支部书记、村委会主任
卜鹏洲 中国石油西北销售分公司精准扶贫办公室主任
岳彩霞(女)华亭市河西镇仿真花加工扶贫车间负责人
崔江鸿 静宁县扶贫开发办公室党组书记、主任
王有泉 永登县扶贫开发办公室党组书记、主任
王国福 榆中县扶贫开发办公室党组书记、主任
闫志雄 白银市扶贫开发办公室党组书记、主任
符 浩 白银市城乡居民最低生活保障办公室副主任
吴志明 白银市白银区财政局党组书记、局长
胡丛斌 古浪县黄花滩绿洲生态移民产业专业合作社党委书记
刘羽桐(女)甘肃远达投资集团有限公司董事长
杨 斌 武威市凉州区黄羊镇上庄村党支部书记、村委会主任
马志祥 甘肃前进牧业科技有限责任公司董事长
赵寿鹏 永昌县农业农村局副局长，永昌县扶贫开发办公室副主任
王晓莉(女)青海省交通运输厅综合规划处处长
胡秦洁(女)青海省财政厅农业农村处一级主任科员
柏章荣 青海省农业农村厅农牧业区划遥感中心干部
王晓娟(女)青海省总工会经济技术部一级主任科员
尹 君 乌兰县农牧和扶贫开发局党组书记、局长
柴春林 德令哈市农牧和扶贫开发局党组书记、局长
陈 敏(女)河南蒙古族自治县扶贫开发局副局长
多 巴(藏族)循化撒拉族自治县尕楞乡党委书记
尼玛扎西(藏族)杂多县萨呼腾镇党委副书记
华格加 共和县倒淌河镇拉乙亥麻村党支部书记
苏晓莉(女，回族)青海素隆姑文化旅游产业开发有限公司董事长
刘文慧 湟源县巴燕乡下胡丹村第一书记，湟源县巴燕乡党委副书记
宋朝辉 湟源县大华镇巴汉村驻村工作队队员，青海省财政厅投资评审中心综合部部长
杨建民 湟中区田家寨镇拉尕村驻村工作队队员，西宁市委网信办职员
李玉兰(女)民和回族土族自治县隆治乡桥头村第一书记，民和县农业农村和科技局原管理七级职员(退休)
马锁安(藏族)互助土族自治县台子乡哇麻村原第一书记，青海省委组织部干部教育处处长、一级调研员
王斌云 民和回族土族自治县大庄乡台集村第一书记，海东市广播电视台新闻部副主任
祁之鹏 都兰县香日德镇幸福村第一书记，海西蒙古族藏族自治州农牧局综合行政执法监督局副局长
呼晓齐(蒙古族)乌兰县柯柯镇东沙沟村驻村工作队队员，共青团海西蒙古族藏族自治州委三级主任科员
项 秀(藏族)贵南县茫曲镇那然村第一书记，贵南县委党校副校长
郭延照 兴海县曲什安镇大米滩村第一书记，兴海县新农村建设服务中心主任
程 伟 贵德县尕让乡阿言麦村驻村工作队队员，海南藏族自治州农业和草原局林业站高级工程师
张晓君(回族)门源回族自治县西滩乡簸箕湾村驻村工作队队员，门源回族自治县委党校助理讲师
弋肖锋(藏族)生前为玉树市下拉秀镇苏鲁村第一书记、玉树市人民法院副院长
安万扎美(藏族)囊谦县香达镇大桥村党支部书记
玉 成(藏族)治多县索加乡莫曲村第一书记，青海省长江源园区管委会治多管理处生态环境和自然资源管理局局长
多杰才旦(藏族)久治县门堂乡门堂村第一书记，中国移动通信集团青海有限公司果洛分公司综合部职员
官 却(藏族)玛沁县拉加镇赞根村党支部书记
扎西闹吾(藏族)玛沁县下大武乡年扎村第一书记，中国邮政储蓄银行果洛藏族自治州班玛县支行行长
俄 多(藏族)泽库县宁秀镇拉格日村党支部书记
尕玛德青(藏族)同仁市双朋西乡环主村第一书记，黄南藏族自治州发展和改革委员会办公室主任
姜继琴(女)银川市扶贫开发办公室党组书记、主任
陈立新 贺兰县扶贫和农业综合开发服务中心主任
张小莉(女)西夏区贺兰山西路街道办事处党工委副书记、主任
任月英(女)石嘴山市农业农村局扶贫开发科科长
倪 萍(女)大武口区星海镇新民社区党委书记、居委会主任
蒋文军 吴忠市扶贫开发办公室党组书记、主任
杨 锋 盐池县惠安堡镇狼布掌村党支部书记
郭 状 盐池县扶贫开发办公室村级发展互助资金管理中心干部
丁建华(回族)同心县河西镇旱天岭村党总支书记
吕振中 红寺堡区扶贫开发办公室党组书记、主任
白占玉(回族)红寺堡区红寺堡镇党委副书记、镇长
金晓萍(女，回族)利通区扶贫开发办公室副主任(挂职)，利通区民政局党组成员、副局长
赵忠宏 青铜峡市青铜峡镇同进村驻村工作队队长，青铜峡市青铜峡镇党委委员、武装部部长
赵晓东 固原市委常委、纪委书记、监委代主任
陈宇青 固原市扶贫开发办公室党组书记、主任
马红元 原州区扶贫开发办公室党组成员、副主任
撒凤虎(回族)生前为西吉县扶贫开发办公室项目股副股长
秦振邦(回族)西吉县偏城乡涵江村驻村第一书记
褚月霞(女)泾源县香水镇党委副书记、镇长
陈宗惠 彭阳县扶贫开发办公室党组书记、主任
袁相鼎 宁夏固原农村商业银行股份有限公司部门经理
张冠华 中卫市扶贫开发办公室党组书记、主任
叶廷文 中宁县扶贫开发服务中心党支部书记、主任，中宁县农业农村局副局长
洪兴志(回族)海原县西安镇党委副书记、镇长
李 伟(回族)宁夏回族自治区人民政府办公厅秘书三处副处长
李 庆 宁夏回族自治区医疗保障经办服务中心一级主任科员
丁海燕(女，回族)同心县预旺镇贺塬村驻村第一书记，吴忠市水务局工会主席
王元明 西吉县硝河乡新庄村驻村第一书记，固原市供销合作社联合社理事会副主任
王 铁 海原县贾塘乡后塘村驻村第一书记，中卫市自然资源局自然资源调查确权登记科科长
杨 桦(女)和田地区行署副秘书长，地区扶贫开发办公室党组书记、副主任
乌布力艾散·乌布力喀斯木(维吾尔族)和田霸丽穆商贸有限责任公司董事长
訾桂信 皮山县方圆绿色农业科技开发有限公司总经理
马志军 政协和田地区工委副主任，于田县委书记
地力夏提·库尔班(维吾尔族)洛浦县委副书记、县长
李江辉 和田市委副书记、市扶贫开发办公室第一书记
阿卜力提普·塔西(维吾尔族)墨玉县喀尔赛镇党委副书记、镇长
尤卫彬 皮山县扶贫开发办公室党组副书记、主任
唐明生 于田县扶贫开发办公室党组书记、主任
李州州 洛浦县扶贫开发办公室党组副书记、主任
麦麦提艾力·伊敏(维吾尔族)和田县拉依喀乡央阿克其勒克村党支部书记
崔远鹏(满族)民丰县亚瓦通古孜乡兰城村第一书记、“访惠聚”驻村工作队队长，中国电力建设集团有限公司中水十五局第四分公司工程师
赵彦龙 和田市吉亚乡巴什吐格曼村第一书记、“访惠聚”驻村工作队队长，国家税务总局和田地区税务局企业所得税科科长
郑根昌 喀什地区行署副秘书长，地区扶贫开发办公室党组书记、副主任
李俊华 疏勒县罕南力克镇塔坎村第一书记，新疆农科院哈密瓜研究中心推广研究室主任
热合曼·吾买尔(维吾尔族)疏附县委副书记、县长
梁拥军 叶城县委副书记(扶贫专职)、县政协党组书记
张 峰 生前为塔什库尔干塔吉克自治县塔吉克阿巴提镇瑙阿巴提村第一书记、新疆维吾尔自治区党委编办事业单位登记管理局局长
高守迎 莎车县扶贫开发办公室党组书记、副主任
塔吉姑丽·沙比尔(女，维吾尔族)伽师县江巴孜乡艾格铁热克村党支部书记
李淑芳(女)疏勒县扶贫开发办公室党组副书记、主任
李长青 伽师县扶贫开发办公室党组书记、主任
陈东方 泽普县扶贫开发办公室党组副书记、主任
单丽丽(女)岳普湖县阿其克乡玛江库木村“访惠聚”驻村工作队原队员、扶贫工作站原站长，岳普湖县应急管理局三级主任科员
彭章茂 巴楚县色力布亚镇喀拉艾肯博依村“访惠聚”工作队副队长、扶贫工作站站长，巴楚县司法局四级主任科员
张 文(回族)喀什新投鸽业有限责任公司党支部副书记、总经理
麦麦提伊敏·赛麦尔(维吾尔族)泽普县金牛养殖农民专业合作社党支部书记、理事长
吾吉·图尔荪(维吾尔族)英吉沙县恭祥木艺加工农民专业合作社理事长
艾海买提·肉孜(维吾尔族)麦盖提县艾海买提肉孜农民专业合作社负责人兼央塔克乡玉奇于孜莫村党支部副书记
萨吉代姆·吾普尔(女，维吾尔族)英吉沙县乔勒潘乡巴依艾日克村“访惠聚”驻村工作队队长，英吉沙县委宣传部一级主任科员
刘卫民 克州党委副秘书长，州扶贫开发办公室党组书记、主任
对先·巧开西(柯尔克孜族)阿合奇县猎鹰之乡养殖农民专业合作社负责人
塔依尔·卡吾里(塔吉克族)阿克陶县塔尔塔吉克民族乡库祖村村民
李劲松 阿克苏地区行署副秘书长，地区扶贫开发办公室党组书记
吐尔洪·阿不拉(维吾尔族)乌什县委副书记、县长
居麦克·依明(维吾尔族)阿瓦提县沙柳工匠农民专业合作社负责人
吴洪涛 新疆天玉种业有限责任公司董事长、总经理
居玛别克·巴扎尔别克(哈萨克族)尼勒克县喀拉苏乡大喀拉苏村村委会副主任
谭振莲(女)察布查尔锡伯自治县喜利妈妈社会服务中心主任
玉 芳(女，锡伯族)察布查尔锡伯自治县阔洪奇乡副乡长
文化敏(女)吉木乃县教育局资助管理中心主任
吴秋琼(女)托里县多拉特乡加玛特村第一书记、“访惠聚”驻村工作队队长，托里县委宣传部副部长、文明办主任
叶尔杰甫·哈哈尔满(哈萨克族)巴里坤哈萨克自治县黄土场开发区管委会干部
阿力木·依明江(维吾尔族)和硕县阿力木养殖农民专业合作社理事长
图尔迪·拜科日(维吾尔族)且末县苏塘惠农农产品运输专业合作社经理
赛开尔·胡山(女，哈萨克族)木垒哈萨克自治县哈依娜尔民族手工艺品制造有限责任公司总经理
曹 歌 托克逊县能源重化工工业园区管委会党工委委员，县扶贫开发办公室副主任
李学雄 民丰县人民医院党支部副书记、院长，乌鲁木齐市第一人民医院(乌鲁木齐儿童医院)医务科主任
曹志文 新疆维吾尔自治区扶贫开发办公室党组书记、主任
李 忠 新疆维吾尔自治区纪委监委第四监督检查室副主任
郑新宝 新疆畜牧科学院畜牧研究所研究室主任
于 蓝(女)温宿县克孜勒镇喀拉萨村“访惠聚”驻村工作队原队员，新疆维吾尔自治区信访局一级主任科员
祝 芳(女)新疆维吾尔自治区社会科学界联合会一级主任科员
吴卫东 新疆维吾尔自治区疾病预防控制中心寄生虫及布病防治所科室副主任
徐 麟 新疆农科院农作物品种资源研究所所长
田 辉 国家统计局新疆调查总队三级主任科员
杨富强 新疆社会科学院社会学研究所副研究员
王孝先 中国国民党革命委员会新疆维吾尔自治区委员会二级主任科员
王 锋 新疆新能源(集团)有限责任公司党委办公室主任
张 昱 新疆国际经济合作(集团)有限责任公司总经理助理
岳 敏 生前为新疆生产建设兵团第十四师皮山农场9连党支部书记、连队管理委员会指导员
陈俊业 新疆生产建设兵团第一师4团3连党支部书记、连队管理委员会指导员
龙 慧(女)新疆生产建设兵团第三师51团9连“访惠聚”驻村工作队原队长、连党支部原第一书记，新疆生产建设兵团人民检察院检务督察部主任
邱成国 新疆生产建设兵团第二师铁门关市华山中学党委副书记、校长
甘尚权 新疆农垦科学院畜牧兽医研究所研究员
张小宾 疏勒县巴合齐乡喀克其村“访惠聚”驻村工作队队长，石河子大学后勤管理处党委副书记、处长
钱 斌 新疆生产建设兵团第三师扶贫开发办公室四级主任科员
王晓东 新疆生产建设兵团第十二师47团5连党支部负责人，昆玉市天河养殖专业合作社法定代表人
罗权勇 新疆生产建设兵团第四师64团12连党支部书记、连队管理委员会指导员
陈守维 新疆生产建设兵团第三师44团6连党支部书记
李 磊 新疆生产建设兵团第九师163团3连党支部书记、连队管理委员会指导员
鲍立民 河北省保定市涞源县委常委、副县长(挂职)，中国航天科技集团有限公司中国乐凯集团有限公司处长
甄 智 中国航天科工集团有限公司党群工作部三级专务
包斯日古楞(蒙古族)中国兵器工业集团有限公司社会责任部专务
曾翠红(女)云南省红河哈尼族彝族自治州泸西县金马镇太平村驻村第一书记、扶贫工作队队长，中国兵器装备集团有限公司云南西仪工业股份有限公司总经理助理
梁楠郁 西藏自治区那曲市委副秘书长、双湖县委副书记(挂职)，中国石油天然气集团有限公司高级审计经理
钱 有 甘肃省临夏回族自治州东乡族自治县脱贫攻坚领导小组副组长(挂职)，中国石油化工集团有限公司中国石化销售股份有限公司北京石油分公司中层正职干部
黄丹松 湖北省宜昌市长阳土家族自治县龙舟坪镇合子坳村驻村第一书记，国家电网有限公司工会生产生活部(女工部)三级职员
王荣刚 重庆市巫山县副县长(挂职)，中国长江三峡集团有限公司长江三峡水电工程有限公司办公室主任
胡小明 四川省凉山彝族自治州布拖县觉撒乡博作村原驻村第一书记，国家能源投资集团有限责任公司四川发电有限公司(国能四川能源有限公司)物资管理中心物资综合管理主管
段玉平 西藏自治区阿里地区行署原副秘书长，改则县原县委常委、副县长(挂职)，中国移动通信集团有限公司江苏盐城分公司党委书记、总经理
方 明 陕西省商洛市镇安县副县长(挂职)，中国电子信息产业集团有限公司审计部专理
郭康安 湖北省黄石市阳新县委常委(挂职)，中国铝业集团有限公司中国长城铝业有限公司总经理办公室副经理
徐 步 西藏自治区昌都市原副秘书长(挂职)，中国远洋海运集团有限公司法务与风险管理本部室高级专员
熊劲松 湖南省邵阳市新宁县安山乡大塘村驻村第一书记，中国南方航空集团有限公司湖南分公司扶贫工作队队长
李国伟 西藏自治区山南市洛扎县委副书记(挂职)，中粮集团有限公司办公室行政服务中心副总经理
艾拜都拉·乃吉米丁(维吾尔族)新疆维吾尔自治区喀什地区伽师县克孜勒博依镇曲如其村驻村第一书记、“访惠聚”驻村工作队队长，中国储备粮管理集团有限公司中央储备粮巴音郭楞直属库有限公司副总经理
章 杨(女，回族)中国节能环保集团有限公司党群工作部高级经理
宋大鹏 河南省洛阳市宜阳县副县长(挂职)，中国诚通控股集团有限公司诚通人力资源有限公司党群工作部高级项目经理
马 杰 贵州省铜仁市印江土家族苗族自治县木黄镇木盆村驻村第一书记，中国中煤能源集团有限公司中煤盘江重工有限公司副总经理
张 磊 山西省长治市武乡县蟠龙镇栗家沟村驻村第一书记，中国煤炭科工集团有限公司山西天地王坡煤业有限公司党群工作部副部长
田 丰 河南省信阳市新县副县长(挂职)，机械科学研究总院集团有限公司武汉材料保护研究所有限公司经营部副部长
赵文骥 河北省石家庄市平山县副县长(挂职)，中国化工集团有限公司中国昊华化工集团股份有限公司党委巡察办高级副主任
邱 军 生前为甘肃省庆阳市华池县副县长(挂职)，中国化学工程集团有限公司东华工程科技股份有限公司项目管理部党支部书记、副主任
赵 健 宁夏回族自治区固原市泾源县大湾乡杨岭村驻村第一书记，中国建材集团有限公司四川华构建筑科技有限公司纪委书记
李建峰 云南省德宏傣族景颇族自治州梁河县河西乡丝光坪村驻村第一书记，中国有色矿业集团有限公司党群工作部统战处高级主管
朴永超(满族)河南省驻马店市平舆县双庙乡前张村驻村第一书记，矿冶科技集团有限公司选矿研究设计所团支部书记
陈 路 云南省楚雄彝族自治州大姚县副县长(挂职)，中国国际技术智力合作集团有限公司上海经济技术合作有限公司软件中心干部
张大勇 山西省忻州市偏关县水泉镇水泉村驻村第一书记，中国建筑科学研究院有限公司职能后勤部物业管理高级技工
曾华杰 河南省南阳市社旗县副县长(挂职)，中国铁路通信信号集团有限公司(郑州)电气化局有限公司河南省郑州市四环线及大河路快速化工程涉铁项目建设指挥部指挥长
刘小营 山西省忻州市保德县韩家川乡猯窝村驻村第一书记，中国铁路工程集团有限公司中铁三局集团第六工程有限公司团委书记、经营开发部副部长
刘印洲 青海省果洛藏族自治州甘德县江千乡协隆村驻村第一书记，中国铁道建筑集团有限公司中铁十七局集团第一工程有限公司项目党工委书记
杨柯磊(回族)青海省果洛藏族自治州达日县吉迈镇龙才村驻村第一书记，中国普天信息产业集团有限公司党建人力部主管
刘世伟 吉林省白山市靖宇县靖宇镇靖安村驻村第一书记，中国医药集团有限公司党委组织部业务主管
梁子龙 云南省昭通市鲁甸县委常委、副县长(挂职)，中国保利集团有限公司中国工艺集团有限公司党群工作办公室高级经理
丁 潍 甘肃省定西市陇西县副县长(挂职)，中国建设科技有限公司亚太建设科技信息研究院有限公司党委工作部主任
韩 莽 云南省大理白族自治州漾濞彝族自治县顺濞镇顺濞村和富恒乡长寿村原驻村第一书记、扶贫工作队队长，中国冶金地质总局三局党建工作部干部
王勤旺 甘肃省天水市张家川回族自治县张家川镇堡山村原驻村第一书记、帮扶工作队队长，中国煤炭地质总局纪委驻中能化发展建设集团有限公司纪检组副组长
王宝龙(回族)山西省忻州市神池县原县委常委、副县长(挂职)，中国民航信息集团有限公司中国民航信息网络股份有限公司华东研发中心筹建负责人
明智安 宁夏回族自治区吴忠市盐池县委常委、副县长(挂职)，中国航空油料集团有限公司华北公司第二航空加油站副经理
李峻峰 陕西省汉中市镇巴县泾洋街道办事处蒿坪子村驻村第一书记，中国能源建设集团有限公司西北电力建设工程有限公司战略与法律事务部副主任
王晓东 贵州省黔西南布依族苗族自治州贞丰县珉谷街道纳尧村驻村第一书记，中国黄金集团有限公司党群工作部(党委宣传部)业务主任
叶兴斌 贵州省黔东南苗族侗族自治州原州委常委、副州长(挂职)，华侨城集团有限公司康佳集团股份有限公司党委副书记
陈 登 甘肃省临夏回族自治州临夏县掌子沟乡白土窑村原驻村第一书记，南光(集团)有限公司［中国南光集团有限公司］南光航空燃料服务有限公司副经理
孟鹏飞 湖北省孝感市孝昌县花园镇松林岗村驻村第一书记，中国铁路物资集团有限公司哈尔滨物流有限公司综合管理部部长
李学森 湖北省恩施土家族苗族自治州利川市副市长(挂职)，中国国新控股有限责任公司北京新华印刷厂、彩印厂、器材厂党委书记、厂长
彭加森(土家族)湖南省湘西土家族苗族自治州保靖县清水坪镇中溪村驻村第一书记，中国铁塔股份有限公司湘西州分公司区域经理
崔 波 西藏军区政治工作部群工联络处处长
吕金利 联勤保障部队第九八八医院普通外科副主任医师
王淑海 中央军委联合参谋部某所助理工程师
许传文 中央军委后勤保障部政治工作局宣传处干事
王 旭 东部战区政治工作部群工联络局原干事，解放军94326部队副政治委员
宋 勇 新疆军区政治工作部群工联络处原干事，广东省军区广州第一退休干部休养所干部
刘 林(满族)解放军65379部队88分队政治教导员
卜瑞鑫 山西陆军预备役步兵第八十三师教导队队长
李晓宁 陆军政治工作部群工联络局群众工作处干事
田 阔 解放军31667部队25分队干事
刘 尧 空军政治工作部群工联络局群工信访处干事
俞细文 解放军96812部队49分队技师(四级军士长)
吴设玲 广西南宁市邕宁区人民武装部政治委员
艾山江·阿不都拉(维吾尔族)武警新疆总队南疆指挥部政治工作部保卫科干事
东主才朗(藏族)武警西藏总队林芝支队政治工作处宣传保卫股干事
王 猛 武警部队政治工作部办公室群众工作处副处长
陈劲松 四川省乐山市马边彝族自治县委副书记、副县长(挂职)，中央纪委国家监委驻科技部纪检监察组办公室主任
胡 达 陕西省安康市宁陕县筒车湾镇海棠园村原第一书记，中央办公厅四级调研员
王小权 生前为贵州省黔东南苗族侗族自治州台江县老屯乡党委副书记、长滩村第一书记，中央组织部干部三局二处副处长
吕 凯 中央宣传部机关扶贫办主任、机关工会主席
杨万强 河北省石家庄市行唐县委常委、副县长(挂职)，中央对外联络部办公厅秘书二处一级调研员
王平堂 吉林省延边朝鲜族自治州安图县明月镇龙泉村原第一书记，中央政研室机关服务中心主任
李 冬 陕西省汉中市佛坪县西岔河镇银厂沟村原第一书记，中央网信办国际合作局综合处三级主任科员
赵 亚 重庆市彭水苗族土家族自治县副县长(挂职)，中央外办秘书行政局参赞兼处长
王 华 内蒙古自治区乌兰察布市化德县白音特拉乡白音特拉村第一书记兼驻村工作队队长，中央编办机关服务中心综合处处长
王羽霄 河北省张家口市阳原县委副书记(挂职)，中央和国家机关党校行政管理处处长
赵广周 云南省普洱市墨江哈尼族自治县雅邑镇坝利村第一书记兼驻村工作队队长，中央党校(国家行政学院)进修一部一级巡视员
刘宏宇 河北省保定市唐县原副县长(挂职)，中央党史和文献研究院离退休干部局服务一处二级调研员
时圣宇 河南省商丘市虞城县利民镇西关村第一书记，人民日报社政治文化部党建新闻室编辑、记者
夏成方 山西省晋中市和顺县原县委常委、副县长(挂职)、长治市壶关县五龙山乡水池村原第一书记，全国总工会北戴河疗养院院长
连李生 山西省吕梁市石楼县罗村镇泊河村第一书记，共青团中央宣传部新闻处处长
郭冬生 甘肃省定西市漳县原县委常委、副县长(挂职)，中华女子学院(全国妇联干部培训学院)儿童发展与教育学院副院长
曹 俊 甘肃省陇南市武都区鱼龙镇上尹家村第一书记，中国文联国际联络部美大国际组织处处长
陈 涛 甘肃省甘南藏族自治州临潭县冶力关镇池沟村原第一书记，中国作协中国作家网总编辑
杨 波 内蒙古自治区锡林郭勒盟太仆寺旗骆驼山镇骆驼山村、帐房山村原第一书记，全国人大常委会办公厅机关事务管理局办公室副主任
赵立军 安徽省六安市舒城县杭埠镇朱流圩村原第一书记，全国政协经济委员会办公室副处长
薛 炜 云南省文山壮族苗族自治州麻栗坡县委常委、副县长(挂职)，外交部一局一等秘书、一级调研员
郑慧涛 河北省石家庄市灵寿县马家庄村第一书记，国家发展改革委农村经济司综合处一级主任科员
李雪明 青海省玉树藏族自治州治多县原县委常委、副县长，州教育局原副局长(援青)；教育部巡视工作办公室巡视工作一处处长
胡熳华(女)中国农村技术开发中心科技扶贫与创业服务处处长
陆瑞阳 四川省南充市嘉陵区世阳镇党委副书记、谢家庙村第一书记，工业和信息化部机关党委巡视工作处二级调研员
刘媛媛(女，苗族)中央民族歌舞团一级演员
李金东 国家移民局驻广西壮族自治区柳州市三江侗族自治县扶贫工作组组长，中华人民共和国柳州出入境边防检查站党委书记、站长
刘喜堂 民政部扶贫办主任、低收入家庭认定指导中心主任
柯晓山 民政部社会组织管理局(社会组织执法监督局)社会组织管理四处处长
李宗波 河北省衡水市阜城县建桥乡建阳村第一书记，司法部中央依法治国办秘书局协调处二级主任科员
刘斌樑 湖南省岳阳市平江县加义镇泊头村第一书记，财政部行政政法司副处长
汪圣军 甘肃省临夏回族自治州人力资源社会保障局副局长(挂职)，人力资源和社会保障部农村社会保险司二级巡视员
李兆宜 江西省赣州市赣县区五云镇夏潭村原第一书记，自然资源部自然资源所有者权益司评价考核处副处长
马 飞 河北省承德市围场满族蒙古族自治县克勒沟镇元宝洼村第一书记，生态环境部核电安全监管司核电三处四级调研员
王虹航 青海省西宁市大通回族土族自治县副县长(挂职)，中国建设报社理事会专职副理事长
关笑楠(女，锡伯族)陕西省咸阳市淳化县原县长助理(挂职)，交通运输部运输服务司道路客运管理处处长
汪 忠 交通运输部综合规划司投资计划处(扶贫处)三级调研员
胡 孟 水利部农村水利水电司农村供水处处长
金达芾 四川省广安市广安区龙安乡革新村第一书记，商务部对外贸易司战略发展处一级主任科员
李 克(女)文化和旅游部离退休人员服务中心一级演员(已退休)
谢留强 山西省大同市阳高县委常委、副县长(挂职)，应急管理部机关服务中心交通处正处级干部
谷 啸 陕西省铜川市宜君县委原副书记(挂职)、彭镇武家塬村原第一书记，中国人民银行内审司综合处一级调研员
郭春伟 河北省保定市顺平县蒲上镇西南蒲村原第一书记，审计署驻郑州特派员办事处农业审计处副处长
包明凯 国务院国资委机关服务管理局改革指导处处长
丁 喆(回族)河北省邯郸市魏县原县委常委、副县长(挂职)，国务院国资委企业领导人员管理一局综合处处长
房 季 河南省商丘市民权县委常委、副县长(挂职)，海关总署机关党委办公室一级调研员
鲍金虎 四川省甘孜藏族自治州德格县委常委、副县长(挂职)，广电总局政策法规司综合处处长
聂 伟 山西省忻州市代县县委常委、副县长(挂职)，北京体育大学宣传部常务副部长
申孟宜 内蒙古自治区锡林郭勒盟正镶白旗星耀镇查干宝恩本村原第一书记，新疆生产建设兵团统计局工业和固定资产投资统计处副处长(援疆)，国家统计局服务业司副处长
杨文军 吉林省延边朝鲜族自治州龙井市委常委、副市长(挂职)，国务院参事室参事业务一司参事业务三处处长
赵振兴 河北省保定市阜平县龙泉关镇平石头村第一书记，国管局服务司服务三处三级调研员
王 涛 河南省南阳市淅川县毛堂乡银杏树沟村第一书记，国务院研究室秘书司处长
侯雪静(女)新华社国内新闻编辑部中央新闻采访中心经济采访室记者
曾馥平 广西壮族自治区河池市环江毛南族自治县委常委、副县长(挂职)，中国科学院亚热带农业生态研究所研究员、环江喀斯特生态试验站副站长
朱有勇 中国工程院院士，云南省科协党组副书记、主席，云南农业大学名誉校长
吴 平 河北省邯郸市大名县委常委、副县长(挂职)，国务院发展研究中心资源与环境政策研究所气候政策研究室主任
鞠 萍(女)中央广电总台体育青少节目中心统筹规划部主持人组组长
侯 俊(苗族)内蒙古自治区兴安盟突泉县太平乡五三村第一书记，中国气象局办公室机关事务处七级职员
邓怿帅 内蒙古自治区乌兰察布市兴和县副县长(挂职)，全国社保基金会养老金会计部会计处处长
贾永强 河北省沧州市海兴县委常委、副县长(挂职)，国家信访局国家投诉受理办公室投诉三处五级职员
吉志雄 江西省赣州市寻乌县晨光镇高布村第一书记兼驻村扶贫工作队队长，全国供销合作总社直属机关党委办公室二级调研员
张君华(女)光明日报社扶贫办常务副主任、机关党委组织处处长
张 彬 江西省赣州市会昌县委常委、副县长(挂职)，中国日报社财务部企业处副处长
尚红伟 河北省张家口市赤城县副县长(挂职)，经济日报社新闻发展中心广告处副处长
李鑫鑫 重庆市开州区紫水乡党委委员、雄鹰村第一书记，中国法学会《中国法律年鉴》社(中国法学会网络中心)技术处处长
徐赐明 山西省吕梁市兴县原县委副书记(挂职)兼蔡家崖乡党委第一书记，全国友协机关党委(人事工作部)人事处处长
戎昌海 甘肃省陇南市文县县委常委、副县长(挂职)，中国记协国际部主任
周 宁 甘肃省兰州市榆中县新营镇寨子村第一书记兼驻村帮扶工作队队长，全国台联机关党委办公室一级主任科员
刘伟男 贵州省黔东南苗族侗族自治州从江县谷坪乡高武村第一书记，中国贸促会办公室督查室三级主任科员
刘 诚 河北省沧州市南皮县原副县长(挂职)，中国残联教育就业部就业扶贫处一级调研员
张 灏 湖北省黄冈市英山县原县委常委、副县长(挂职)，中国红十字会总会办公室综合处处长
李洪安 宁夏回族自治区固原市彭阳县城阳乡沟圈村第一书记，宋庆龄故居管理中心办公室主任
韩树青 中国国家铁路集团有限公司发展和改革部专员
杜晓光 甘肃省平凉市静宁县副县长(挂职)，中国银河证券股份有限公司兰州东岗西路证券营业部副总经理
肖 鸣 重庆市黔江区沙坝镇木良村第一书记兼驻村工作队队长，中信银行股份有限公司重庆分行高级业务经理
梁 军 中国邮政集团有限公司陕西省分公司扶贫办主任
周玉文(女)四川省凉山彝族自治州喜德县委常委(挂职)，国家档案局档案资料保管部政法文教档案保管处处长
孙元辛 甘肃省定西市通渭县原副县长(挂职)，国家能源局综合司督办处三级调研员
王晓荣 陕西省汉中市略阳县金家河镇黄家沟村第一书记，国家国防科工局核技术支持中心监督二处副处长
徐 帅 贵州省黔东南苗族侗族自治州榕江县忠诚镇高扒村第一书记，国家铁路局综合司秘书处二级主任科员
彭 诚 中国民航新疆管理局驻新疆维吾尔自治区和田地区策勒县达玛沟乡 “访惠聚”工作队总领队、古勒铁日干村工作队队长，中国民航新疆管理局党委常委、副局长
邓治国 国家邮政局机关党委(扶贫办)办公室三级调研员
贺 鹏 河南省周口市淮阳县城关镇北关村、白楼镇大李村原第一书记，国家文物局党组巡视工作领导小组办公室巡视工作处处长
董云龙 山西省忻州市五寨县副县长(挂职)，国家中医药局医政司(中西医结合与民族医药司)基层服务管理处处长
时 鹏 湖南省张家界市桑植县陈家河镇仓关峪村第一书记，国家知识产权局专利局光电部计量三处副处长
徐 鑫 甘肃省临夏回族自治州永靖县副县长(挂职)，中国地震局人事教育司机构工资处副处长
杨 亮(回族)内蒙古自治区通辽市奈曼旗委组织部副部长、大沁他拉镇哈沙图村第一书记兼驻村工作队队长，国家自然科学基金委机关党委纪委办公室助理研究员
高泽生 贵州省铜仁市江口县太平镇党委副书记、岑忙村第一书记，中国浦东干部学院办公厅院务办公室(联络接待办公室)二级主任科员
王金阳 四川省凉山彝族自治州越西县副县长(挂职)，中国延安干部学院办公厅秘书处四级调研员
范国盛 江西省上饶市鄱阳县游城乡花桥村原第一书记，中国井冈山干部学院教务部教学管理处副处长
赵 汐 山西省吕梁市方山县副县长(挂职)，北京理工大学党委组织部副处级干部
方 原 广西壮族自治区柳州市融水苗族自治县安太乡江竹村第一书记，西北工业大学学生处业务主管
李 峰 广西壮族自治区来宾市金秀瑶族自治县桐木镇三友村原第一书记，哈尔滨工业大学校医院党委书记
王月震 贵州省毕节市纳雍县副县长(挂职)，民革中央办公厅主席办公室三级调研员
张红全 河北省邢台市广宗县葫芦乡伏城村第一书记，民盟中央社会服务部办公室主任
李晓林 中华思源工程扶贫基金会副理事长兼秘书长
杨振敏(女，蒙古族)贵州省黔西南布依族苗族自治州安龙县原副县长(挂职)，民进中央参政议政部综合处副处长
汪庆发 重庆市酉阳土家族苗族自治县副县长(挂职)，致公党中央参政议政部调研处处长
张红喜 四川省广元市旺苍县副县长(挂职)，九三学社中央社会服务部经济处处长
刘晓英(女)台盟中央社会服务部扶贫工作处一级调研员
宋 彪 云南省怒江傈僳族自治州兰坪白族普米族自治县副县长(挂职)，中国人民大学学校办公室副主任
张 琦 北京师范大学中国扶贫研究院院长、经济与资源管理研究院党总支书记
李小云 中国农业大学文科讲席教授、国际发展与全球农业学院名誉院长
李 萌 甘肃省天水市秦安县西川镇小寨村第一书记，北京科技大学扶贫办副主任、党委组织部副处级组织员
徐泽敏 内蒙古自治区通辽市科尔沁左翼中旗人民政府党组成员(挂职)，北京化工大学国内合作交流处副处长
张 磊 青海省海东市化隆回族自治县扎巴镇知海买村第一书记，中国地质大学(北京)科技处助理研究员
张 骅 内蒙古自治区兴安盟科尔沁右翼前旗科尔沁镇远新村第一书记，北京林业大学团委副书记
张顺尧 甘肃省定西市临洮县委常委、副县长(挂职)，中国银保监会统计信息与风险监测部监管科技处一级调研员
杨志海 河南省开封市兰考县原副县长(挂职)，中国证监会办公厅扶贫办副主任
赵棣华 河北省邢台市巨鹿县副县长(挂职)，国家外汇局综合司保密档案处副处长
李学征 四川省泸州市古蔺县原副县长(挂职)、永乐镇麻柳滩村原第一书记，国家开发银行规划部区域发展规划二处副处长
李桂林 重庆市云阳县云安镇铜鼓村原第一书记，中国进出口银行内控合规部内控管理和案件防控处副处长
姜列友 甘肃省张掖市原市委常委、副市长(挂职)，中国农业发展银行扶贫综合业务部副总经理
付志强 河北省衡水市武强县周窝镇李封庄村第一书记，中国农业银行国际金融部综合管理处副处长
赵文彬 安徽省六安市裕安区委常委、副区长(挂职)，太平财产保险有限公司江苏分公司党委委员、副总经理
范 琛 安徽省六安市霍邱县宋店乡南北四村原第一书记兼扶贫工作队队长，中国出口信用保险公司广东分公司汕头营业部总经理助理
方思国 四川省达州市宣汉县峰城镇仁义村第一书记兼驻村工作队队长，中国华融资产管理股份有限公司四川省分公司综合管理部经理
刘兴焕 陕西省宝鸡市陇县原副县长(挂职)，中国长城资产管理股份有限公司法律合规部合同管理处高级经理
徐东平 新疆维吾尔自治区喀什地区巴楚县琼库尔恰克乡且克且克村第一书记，中华联合财产保险股份有限公司哈密分公司党委委员、纪委书记、副总经理
吴德胜 青海省海东市乐都区副区长(挂职)，中国信达资产管理股份有限公司青海省分公司业务处高级副经理
曹雪森 中国民生银行总行办公室社会责任管理处处长
北京市西城区服务联络和扶贫协作办公室扶贫协作科
北京市延庆区扶贫协作和支援合作工作领导小组办公室
天津市人民政府研究室驻津南区北闸口镇前进村工作组
石家庄市工商业联合会驻平山县下槐镇南文都村工作队
河北省广播电视局驻围场满族蒙古族自治县城子镇八顷村工作队
国家税务总局承德市税务局驻隆化县茅荆坝乡团瓢村工作队
国家电投集团河北电力有限公司驻丰宁满族自治县波罗诺镇老庙营村工作队
河北省财政厅驻康保县李家地镇李家地村工作队
河北省纪律检查委员会、河北省监察委员会驻沽源县丰源店乡兴顺店村工作队
河北省农业农村厅驻阳原县揣骨疃镇曲长城村工作队
河北省水利厅驻尚义县南壕堑镇西平山村工作队
河北省人大常委会办公厅驻阜平县砂窝乡上堡村工作队
中共河北省委组织部驻涞源县金家井乡北黄土岭村工作队
国网沧州供电公司驻吴桥县东宋门乡老贾村精准脱贫工作队
河北省卫生健康委健康河北指导处(委扶贫办)
河北建设投资集团有限责任公司扶贫工作领导小组办公室
国网山西省电力公司扶贫工作领导小组办公室
山西省住房和城乡建设厅驻河曲县驻村工作队
中共扎赉特旗音德尔镇阿拉坦花嘎查支部委员会
中共正镶白旗宝力根陶海苏木森金宝拉格嘎查支部委员会
内蒙古电力(集团)有限责任公司鄂尔多斯电业局扶贫办
内蒙古自治区派驻四子王旗脱贫攻坚工作总队
内蒙古电力(集团)有限责任公司锡林郭勒电业局扶贫办公室
内蒙古自治区农村信用社联合社脱贫攻坚金融服务工作小组
中国太平洋财产保险股份有限公司内蒙古分公司脱贫攻坚工作小组
辽宁农业职业技术学院驻盖州市万福镇苇塘村工作队
盘锦北方沥青股份有限公司驻建昌县新开岭乡青山村工作队
中国第一汽车集团有限公司扶贫工作领导小组办公室
长春市九台区土们岭街道马鞍山村村民委员会
中国铁路哈尔滨局集团有限公司驻绥棱县泥尔河乡卫星村扶贫工作队
黑龙江省人社厅驻汤原县香兰镇新建村扶贫工作队
上海市静安区白领驿家“两新”组织促进中心
上海市普陀区人民政府长寿路街道办事处社区发展办公室
上海市金山区人力资源和社会保障局就业培训科
上海市商务委员会市场运行调控处(上海市副食品管理办公室)
上海市人力资源和社会保障局就业促进处(失业保险处)
江苏省对口帮扶贵州省铜仁市工作队碧江区工作组
南京市对口支援西藏拉萨市墨竹工卡县工作组
连云港市对口支援新疆霍尔果斯口岸前方工作组
盐城市对口支援新疆察布查尔锡伯自治县工作组
中共张家港经济技术开发区(杨舍镇)善港村委员会
阜宁县农业农村局(县政府扶贫工作办公室)
国网江苏省电力有限公司营销部农电处(扶贫处)
宁波市东西部扶贫协作黔西南布依族苗族自治州帮扶工作队
长兴县低收入农户高水平全面小康工作领导小组办公室
安徽省人力资源和社会保障厅就业促进和失业保险处
青阳县人大常委会驻酉华镇宋冲村扶贫工作队
安徽省国资委驻望江县高士镇黄河村扶贫工作队
中共景德镇市纪委景德镇市监委党风政风监督室
中国农业银行股份有限公司江西省分行扶贫开发金融部
国网江西省电力有限公司供用电部(扶贫办)
临沂市关心下一代工作委员会孤贫儿童心理辅导志愿者服务团
山东省发展和改革委员会选派蒙阴县第一书记工作队
山东高速股份有限公司选派菏泽市牡丹区第一书记工作队
中国移动通信集团山东有限公司计划部(扶贫办公室)
河南省委组织部驻商水县汤庄乡西赵桥村工作队
河南省委统战部驻洛宁县城郊乡在礼村工作队
河南省委政法委驻确山县新安店镇郭庄村工作队
河南省人民政府办公厅驻栾川县庙子镇河南村工作队
河南省残疾人联合会驻商水县练集镇中杨庄村工作队
河南省自然资源厅驻固始县陈淋子镇红花村工作队
河南省住房和城乡建设厅驻商城县河凤桥乡田湾村工作队
河南省交通运输厅驻上蔡县邵店镇后杨村工作队
河南省农业农村厅驻滑县慈周寨镇北李庄村工作队
河南省文化和旅游厅驻嵩县车村镇天桥沟村工作队
河南省卫生健康委员会驻上蔡县卢岗街道文楼村工作队
河南省广播电视局驻上蔡县邵店镇刘庄村工作队
河南省机关事务管理局驻罗山县楠杆镇田堰村工作队
中国铁路郑州局集团有限公司驻虞城县刘店乡丁河楼村工作队
中原出版传媒投资控股集团有限公司驻光山县文殊乡东岳村工作队
洛阳师范学院驻栾川县庙子镇杨树底村工作队
中共武汉市委组织部、武汉市农业科学院驻武汉市新洲区凤凰镇毛家冲村帮扶工作队
十堰市张湾区发展和改革局(十堰市张湾区易地扶贫搬迁工作领导小组办公室)
恩施土家族苗族自治州人民政府扶贫开发办公室
中国工商银行湖北省分行、来凤县委办公室驻来凤县翔凤镇檀木湾村帮扶工作队
湖北省人民代表大会农业与农村委员会办公室
交通运输部长江航务管理局驻建始县茅田乡雪岩顶村帮扶工作队
湖南省人民检察院脱贫攻坚常态化联点督查组
湖南建工集团易地扶贫搬迁工作领导小组办公室
长沙市雨花区对口帮扶桑植县、龙山县石牌镇精准扶贫工作小组
国网湖南省电力有限公司驻新邵县坪上镇小河村帮扶工作队
邵阳市人民政府办公室驻邵阳县黄亭市镇油斯村帮扶工作队
中共张家界市武陵源区索溪峪街道工作委员会
中共湖南省委统战部驻安化县江南镇茅坪村帮扶工作队
湖南省高级人民法院驻汝城县长洞瑶族村帮扶工作队
湖南省民政厅驻江永县兰溪瑶族乡勾蓝瑶村帮扶工作队
辰溪县文化旅游广电体育局驻修溪镇椒坪溪村帮扶工作队
中共芷江侗族自治县三道坑镇五郎溪村总支部委员会
怀化市委统一战线工作部驻通道侗族自治县大高坪苗族乡黄柏村帮扶工作队
长沙市对口帮扶湘西土家族苗族自治州龙山县帮扶工作队
湘西土家族苗族自治州人力资源和社会保障局
湖南湘投控股集团有限公司驻永顺县芙蓉镇科皮村帮扶工作队
江门市农业农村局(江门市扶贫开发办公室)扶贫规划开发科
广东省珠海市对口云南省怒江傈僳族自治州扶贫协作工作组
广东(佛山)对口凉山彝族自治州扶贫协作工作组
中共广东省纪委广东省监委驻南雄市珠玑镇灵潭村扶贫工作队
中共广东省委办公厅驻英德市九龙镇河头村扶贫工作队
审计署驻广州特派员办事处驻雷州市覃斗镇流沙村扶贫工作队
国家税务总局广东省税务局驻茂名市电白区小良镇龙山村扶贫工作队
肇庆市鼎湖区驻贺州市昭平县扶贫协作工作组
中共潮州市委办公室驻潮州市饶平县浮滨镇黄正村扶贫工作队
广东省交通集团有限公司驻揭阳市揭西县金和镇山湖村扶贫工作队
广东省广物控股集团有限公司党群工作部(扶贫办公室)
中国南方电网有限责任公司战略规划部扶贫处
中国电信股份有限公司广东分公司扶贫开发工作办公室
华南理工大学驻揭阳市惠来县隆江镇孔美村扶贫工作队
中国人寿保险股份有限公司崇左分公司健康保险部
广西壮族自治区卫生健康委员会基层卫生健康处
广西壮族自治区住房和城乡建设厅村镇建设处
广西壮族自治区水库和扶贫易地安置中心扶贫移民安置部
中共广西壮族自治区委员会宣传部新闻处(广西突发公共事件应急新闻中心办公室)
广西投资集团有限公司“十三五”扶贫攻坚办公室
中共广西壮族自治区纪律检查委员会广西壮族自治区监察委员会党风政风监督室
中共五指山市毛道乡委员会毛道村驻村工作队
海南省委办公厅扶贫工作协调领导小组办公室
海南广播电视总台《脱贫致富电视夜校》栏目
海南省农垦投资控股集团有限公司农场事务部
秀山土家族苗族自治县电子商务产业发展领导小组办公室
彭水苗族土家族自治县大垭乡大垭村村民委员会
彭水苗族土家族自治县万足镇民政和社会事务办公室
中共重庆市委办公厅扶贫集团驻石柱土家族自治县中益乡工作队
重庆市文化旅游委扶贫集团驻酉阳土家族苗族自治县车田乡清明村工作队
浙江省赴四川省东西部扶贫协作乐山片区帮扶工作组
浙江省驻四川省阿坝片区扶贫协作帮扶工作组
凉山彝族自治州卫生健康委员会健康扶贫办公室
遵义市新蒲新区扶贫开发办公室(生态移民局)
中共六盘水市水城区营盘苗族彝族白族乡委员会
贵州省烟草专卖局(公司)结对帮扶六盘水市水城区工作队
贵州百里杜鹃管理区鹏程街道大水社区党支部
浙江省杭州市帮扶黔东南苗族侗族自治州工作队
榕江县扶贫开发办公室(榕江县脱贫攻坚指挥部办公室)
黔西南布依族苗族自治州脱贫攻坚指挥部(州扶贫开发办公室、州东西协作办公室)
黔西南布依族苗族自治州义龙新区扶贫开发办公室
贵州省纪委省监委扶贫与民生监督检查室(重大责任事故调查办公室)
贵州大学绿色农药与有害生物绿色防控创新团队
禄劝彝族苗族自治县人民政府扶贫开发办公室
巍山彝族回族自治县人民政府扶贫开发办公室
南方电网公司派驻维西县特色农业扶贫开发有限公司运营团队
云南省人民代表大会常务委员会机关扶贫工作领导小组办公室
中国国民党革命委员会云南省委员会社会服务处
云南日报报业集团“挂包帮”“转走访”工作领导小组办公室
云南省建设投资控股集团有限公司党委“挂包帮”“转走访”工作领导小组办公室
云南省能源投资集团有限公司扶贫工作领导小组办公室
云南省烟草专卖局脱贫帮扶工作领导小组办公室
云南电网有限责任公司规划发展部(扶贫办)
西藏自治区政协办公厅政工人事处(机关党委)
中共西藏自治区委网络安全和信息化委员会办公室扶贫办(干部处)
西藏自治区人力资源和社会保障厅农民工工作处
西藏自治区发展和改革委员会地区经济振兴处
西藏高原特色农牧资源研发协同创新中心—藏猪方向
西藏自治区“双学双比”“巾帼建功”活动领导小组办公室
西藏自治区“四讲四爱”群众教育实践活动领导小组办公室
拉萨市曲水县达嘎镇拉萨河畔三有村村民委员会
拉萨市和美布达拉文化创意产业发展有限公司
昌都市人力资源和社会保障局劳动就业服务中心
西安城市基础设施建设投资集团有限公司派驻蓝田县九间房镇扶贫工作队
陕西省纪委监委机关派驻咸阳市旬邑县张洪镇西头村扶贫工作队
汉中市审计局派驻西乡县沙河镇洋溪村工作队
中国铁路西安局集团有限公司派驻汉中市勉县扶贫工作组
陕煤集团派驻安康市汉阴县助力脱贫攻坚工作组
商洛市住房和城乡建设局危房改造脱贫办公室
酒泉钢铁(集团)有限责任公司党委帮扶工作办公室
积石山保安族东乡族撒拉族自治县住房和城乡建设局
定西市纪委监委、临洮县纪委监委驻临洮县太石镇后地湾村帮扶工作队
青海省纪委监委扶贫领域腐败和作风问题专项治理办公室
青海省住房和城乡建设厅住房安全保障扶贫工作办公室
青海省人力资源和社会保障厅转移就业扶贫工作办公室
新疆维吾尔自治区财政厅驻洛浦县洛浦镇多外特村“访惠聚”工作队
新疆维吾尔自治区应急管理厅驻和田市伊力其乡肖拉克村“访惠聚”工作队
泽普县波斯喀木乡尤库日喀勒格热克村党支部
新疆维吾尔自治区纪委监委驻阿克陶县皮拉勒乡依也勒干村“访惠聚”工作队
新疆维吾尔自治区党委组织部、老干部局驻乌什县前进镇库尔干村 “访惠聚”工作队
中共和布克赛尔蒙古自治县铁布肯乌散乡委员会
中国石油天然气股份有限公司塔里木油田分公司
乌鲁木齐经济技术开发区(头屯河区)第二人民医院
新疆维吾尔自治区人力资源和社会保障厅农民工工作处
新疆维吾尔自治区发展和改革委员会地区经济处
新疆维吾尔自治区住房和城乡建设厅村镇建设处
新疆维吾尔自治区交通运输厅脱贫攻坚办公室
新疆生产建设兵团司法局驻第十四师皮山农场9连“访惠聚”工作队
中国核工业集团有限公司中国铀业公司核工业二一六大队“访惠聚”驻村工作队
中国航空工业集团有限公司扶贫开发领导小组办公室
中国船舶集团有限公司中船重工物资贸易集团(勐腊)有限公司
中国兵器装备集团有限公司扶贫开发领导小组办公室
中国电子科技集团公司第十研究所脱贫攻坚工作组
中国石油定点扶贫与对口支援工作领导小组办公室
中国石油化工集团有限公司对口支援及扶贫工作领导小组办公室
中国海洋石油集团有限公司扶贫与对口支援工作领导小组办公室
中国华能集团有限公司华能新疆能源开发有限公司驻新疆维吾尔自治区阿合奇县别迭里村“访惠聚”工作队
中国华电集团有限公司扶贫工作领导小组办公室
中国长江三峡集团有限公司帮扶滇川两省少数民族脱贫攻坚工作队
国家能源投资集团有限责任公司扶贫办扶贫工作处
中国联合网络通信集团有限公司扶贫攻坚与对口援藏工作领导小组办公室
中国机械工业集团有限公司淮滨苏美达服装科技发展有限公司
中国宝武钢铁集团有限公司扶贫工作领导小组办公室
中国航空集团有限公司扶贫工作领导小组办公室
中粮集团有限公司中粮贸易有限公司扶贫工作办公室
中国通用技术(集团)控股有限责任公司党群工作部(扶贫办)
华润(集团)有限公司剑河华润希望小镇项目组
中国旅游集团有限公司［香港中旅(集团)有限公司］中旅风景(北京)旅游管理有限公司
中国交通建设集团有限公司中交怒江产业扶贫开发有限公司
中国电力建设集团有限公司扶贫开发工作领导小组办公室
中国广核集团有限公司广西防城港核电有限公司
海军机关扶贫工作队(海军政治工作部群工联络局)
联勤保障部队军需能源质量监督总站北京质量监督站
武警江苏省总队徐州支队执勤二大队新沂中队
中央网信办信息化发展局(网络扶贫行动部际协调工作组办公室)
中央和国家机关工委扶贫工作领导小组办公室
中央党校(国家行政学院)扶贫工作领导小组办公室
国家卫生健康委扶贫开发与对口支援工作领导小组办公室
国务院国资委科技创新和社会责任局社会责任处
税务总局定点扶贫和对口支援工作领导小组办公室
市场监管总局定点扶贫(对口支援)工作领导小组办公室
国家精准扶贫工作成效第三方评估中国科学院地理科学与资源研究所团队
中国国家铁路集团有限公司扶贫开发领导小组办公室
国家药监局定点扶贫和对口支援工作领导小组办公室
中国工程物理研究院定点扶贫领导小组办公室富平县工作组
北京邮电大学计算机学院(国家示范性软件学院)
中国人民财产保险股份有限公司农业保险部/保险扶贫部保险扶贫处
中国人寿保险(集团)公司扶贫办公室扶贫处 【编辑:于晓】",对象,ambiguous,remove
China News Service,2021-02-10,福建遴选青年拔尖人才 给予每位培养对象200万元支持,"中新网 福州2月10日电 (郑江洛)记者10日从福建省人力资源和社会保障厅获悉，为了加强青年高层次人才培养工作，战略性选拔支持一批青年拔尖人才成为国家级人才，福建省于2020年开始实施“雏鹰计划”青年拔尖人才遴选和支持计划。
据介绍，该计划从2020年至2024年，每年选拔50名左右的青年拔尖人才给予重点培养支持，每批次培养周期为5年。通过重点扶持和跟踪培养，打造一支学历层次高、专业潜力强、创新活力足、成长空间大的青年高层次人才队伍，并获得国家级人才(科技)项目支持。培养期内，在享受高层次人才相应待遇基础上，另给予每位青年拔尖人才培养对象200万元资金支持。
2020年12月14日，福建省已遴选出第一批“雏鹰计划”青年拔尖人才47人。2021年2月9日，福建省人社厅印发通知，启动实施第二批“雏鹰计划”青年拔尖人才遴选工作。根据通知要求，各级各部门各单位要重点围绕福建省产业发展和高层次创业创新人才选拔培养工作需要，面向各类企事业单位和其他社会经济组织，选拔推荐学术技术水平较高、创业创新能力强、发展潜力大的青年拔尖人才，并于2月23日前将申报材料报送省人社厅。(完) 【编辑:房家梁】",对象,ambiguous,remove
China News Service,2021-03-13,塔罗牌算命，帮找对象还是骗金钱流量？,"中新网 客户端北京3月13日电 (记者 谢艺观)这次考试能否顺利通过？事业上遇到“瓶颈期”怎么办？什么时候才能遇到对的那个他(她)？
当心里没底的时候，迷信地求助神佛成了不少人所谓的解决办法，但相较于父母辈找大师算命，这届年轻人更偏爱洋玩意，塔罗牌即是其中一种。
“下面有四组卡牌，请凭第一感觉选择一组跟你最有感应的牌，选好了吗？接下来揭晓答案……”
这是塔罗牌占卜的一套流程。资料显示，塔罗牌作为西方古老的占卜工具，中世纪起流行于欧洲。塔罗共78张牌，其中大阿尔卡那牌22张，小阿尔卡那牌56张，可分别使用进行占卜，也可将78张混合共同使用进行占卜。
在国内，随着社交媒体的流行，这种古老的西方占卜术也聚拢了不少爱好者。
在B站上，“你的正缘什么时候出现？”“你的对象颜值多少分？”“你会和谁结婚？”“有人暗恋你吗？这个人对你而言是烂桃花吗？”各类塔罗牌占卜视频层出不穷。
从B站塔罗牌解读视频看，分析结果多较为笼统，可套用到很多人身上。比如，“你会遇到一个长得帅又有钱还温柔的男朋友。”“你在感情里会想得很多。”再如，“他性格内敛、做事稳重，或许你的正缘已出现在你身边。”
“这实际上是在利用心理学上的‘巴纳姆效应’。”有业内人士表示，巴纳姆效应(Barnum effect)是指人很容易相信一个笼统的一般性的人格描述，并认为它特别适合自己并准确地揭示了自己的人格特点，即使内容空洞。
这一点也得到了北京市青少年法律与心理咨询服务中心主任宗春山的认同。“它的原理其实就是心理投射，所谓心理投射就是你怎么想，然后你会投入在这个事情上，它给你一个很宽泛的很模糊的回答，然后你有了一种心理上很好的暗示。”
记者注意到，目前B站部分塔罗牌占卜视频点击量已高达几十万甚至上百万。一批头部塔罗牌博主，拥有几万至几十万不等的粉丝。
不只是B站，在微博平台上，关于“塔罗牌占卜”的话题，阅读量达到28.8亿，讨论量达到397.8万；在微信上，有很多公众号、小程序提供塔罗牌占卜服务；抖音、小红书等视频社交平台上，塔罗牌占卜的点赞量也很多。其中，关于感情方面的解答更易受到欢迎。
随着粉丝量的增加，一些占卜博主会在社交平台上标注自己的微信号等，提供个人付费咨询服务。
中新网 记者添加一位博主的微信号后，其向记者发来了收费单。收费单显示，除了塔罗牌，其还提供手相、面相、测字、测星盘、双人合八字、取名字、看风水服务。其中，详解手相、面相和八字收费最贵，一个半小时需要1399元；短解手相、面相、塔罗、星盘，可问一方面或提问一个问题，提供两分钟语音点评，需要199元。
还有一些博主会标注淘宝账号，将粉丝引流到淘宝等平台上。在其中一位博主的淘宝店铺内，可以看到占卜一次需要500元，时长45分钟，通过QQ语音通话或语音信息方式联系。
这些“出圈”的博主在占卜市场上，算收费偏贵的一档。淘宝的一些塔罗牌占卜店铺，占卜一次，收费甚至不到10元。部分店主称自己是CTA、COA认证塔罗师，甚至还有人称自己为亚洲塔罗协会会长的店铺商家，收费要相对高一些。
但记者查询有关网站，并没有出现所谓的相关职业资格认证。“塔罗占卜根本没有国家认证这一说法，CTA、COA和B站上的亚洲塔罗协会都是一些私人机构，你得参加付费培训，具有一定能力才可以拿到，是一个塔罗小白觉得很牛，其实社会上并没有什么用的‘证书’。”有自称塔罗牌占卜师的网友在社交平台上表示。
这些占卜博主的变现途径除了一对一算命外，还会售卖转运商品。在一位博主的淘宝店铺中， 中新网 记者注意到，商家会卖些铜贴、转运项链、文昌塔之类的东西，价格几十元至上百元不等。同时还会有不同功用的御守，比如旺财、旺事业、防小三等，价格在两百元以上。
值得一提的是，当测算结果不好时，一些占卜师会提供额外的点蜡烛等服务。“几句话就没了，想让占卜师再多说点，就直接要338元点蜡烛，不带这么坑的。”在一家塔罗牌占卜店铺评论区，有消费者吐槽。在这背后可能存在诈骗。
2月21日，深圳龙岗警方就根据举报线索查处了一家以塔罗牌占卜为名实施迷信诈骗的店铺。据查，该店铺自2018年开始提供“占卜算命”“沟通阴阳”服务，以帮助“偿还阴债”等为由诱导客户购买“水晶”“朱砂”等货品，收取高达上万元的费用。
另据媒体报道，2020年12月底，广西南宁市市场监督管理局公平交易稽查局接到群众举报称，一名为“命运塔罗”旗舰店的商店涉嫌封建迷信宣传。从店铺近两个月的销售记录中发现，营业额超过13万元。
至于这些售价高昂的产品有何神奇功效？该店铺的法定代表人在回答执法人员时表示：“没有什么功效”。她以一款名为“冲花凉”(音译)的项目为例，虽然价格高达3800元/次，但实际就是“拿些花给他(顾客)洗个冷水澡”，“主要就是个仪式”。
关于塔罗牌的定性，一直以来都争论不休。这种来自西方的占卜术，是否为迷信活动？售卖转运商品、举行转运仪式又是否违法？
对此，北京云通律师事务所主任闫兵告诉记者，“塔罗牌是一种西方古老的占卜方法。如果将之视为一种文化分享或者哲学层面的研究解读，无可厚非，但有偿从事塔罗牌的经营，那么则应分情况讨论。”
“若只是从事塔罗牌理论或者占卜方法的传播，那么尚可归结于文化层面。”闫兵指出，但如果强调其占卜属性，有偿从事的是塔罗牌的算命，那这个应当可以被定性为“迷信”的范畴。
“如果商家售卖相关转运商品、举行转运仪式，就可能构成虚假宣传。”闫兵说。
你进行过塔罗牌占卜吗？敢相信吗？ (完)",对象|结婚,ambiguous,remove
China News Service,2021-03-15,官方：脱贫人口小额信贷不能用于结婚建房等非生产性支出,"中新社 北京3月15日电 (记者 王恩博)中国银保监会、财政部、中国人民银行、国家乡村振兴局15日公布《关于深入扎实做好过渡期脱贫人口小额信贷工作的通知》，为脱贫人口小额信贷的使用范围划下红线。
所谓脱贫人口小额信贷，是指支持对象是建档立卡脱贫户，贷款金额原则上5万元人民币(含)以下，贷款期限3年期(含)以内，实施免担保免抵押，财政资金适当贴息，鼓励以贷款市场报价利率(LPR)放款，现有风险补偿机制保持基本稳定。边缘易致贫户可按照执行。
《通知》指出，脱贫人口小额信贷坚持户借、户用、户还，精准用于贷款户发展生产和开展经营，不能用于结婚、建房、理财、购置家庭用品等非生产性支出，也不能以入股分红、转贷、指标交换等方式交由企业或其他组织使用。
《通知》强调，要切实满足脱贫人口信贷需求。银行机构要在符合政策、风险可控的前提下，准确开展评级授信，合理确定贷款额度和期限，努力满足脱贫人口贷款需求。要加强脱贫人口小额信贷续贷和展期管理，合理追加贷款，不断创新信贷服务方式。
《通知》还指出，要有效防控信贷风险。完善银行机构信贷管理机制，不过度强调获贷率，切实规范信贷资金发放和使用。稳妥处置逾期贷款，健全风险补偿和分担机制。(完) 【编辑:周驰】",对象|结婚,ambiguous,remove
CCTV,2021-03-19,央视网评｜7万硕士送外卖？别因“伪焦虑”而瞎焦虑,"男人有“发际线焦虑”“中年焦虑” ，女人有“身材焦虑”“颜值焦虑”；生娃的有“教育焦虑”，单身的有“催婚焦虑”；赚钱的有“中产焦虑”，没出校门的有“就业焦虑”；学霸们有“内卷焦虑”，普通人有“学历焦虑”……
最近一波“焦虑”就是由学历引发，不过这次，学历成了被“嘲笑”的对象。
在一篇名为《7万硕士送外卖：中国正在催生一批高学历穷人》的自媒体文章中，作者就利用“职业歧视＋读书无用论＋制造焦虑”的流量密码，炮制出一大碗毒鸡汤“投喂”受众，一度还引发了不少“共鸣”。
有心媒体点破真相，所谓“7万硕士”的数据根本经不起任何推敲，它最初来源于“饿了么”一份名为《2019大学生外卖骑手群体洞察》的报告，其中有一项数据为：2019年暑期共计有9896名全国各地大学生新加入饿了么蜂鸟即配成为兼职骑手，在年级分布上，有1％是研究生及以上。
事实上，报告仅针对2019年暑期，许多大学生会选择暑期做兼职，开学后兼职即结束。而且，1％的研究生比例不是从全部骑手中统计出来的，仅是大学生兼职骑手中的研究生比例。但个别自媒体就根据网络流传的“全国共有700万外卖小哥”的数据，简单以这个毫不具有代表性的1％进行换算，得出了7万硕士做外卖员的荒谬结论。
就是如此一篇漏洞百出、毫无根据的口水文章，居然让不少人莫名紧张甚至“心有戚戚焉”，这实质上是一种“伪焦虑”。
何为“伪焦虑”？其实就是为一些与己无关、对自己也没什么影响的事情而焦虑。这种人往往不清楚自己工作、生活的目标，只是常常处于一种对未来不确定的状态中，缺乏安全感，又有很强的从众心理，是焦虑贩卖者的“天然猎物”。
这是一种“病”，得治！对症才能下药，首先要问清自己一个关键问题——
到底哪些是真正的“需要”，哪些是跟风的“想要”？譬如“身材焦虑”，是真的出于健康管理的需求，还是因为受减肥之风的影响？又如“学历焦虑”，某种学历对你真的有用或者你真想提高自己，还是仅仅因为身边人有而你没有？
工作也好，生活也罢，我们要有目标、有定力，不能随随便便就被几篇粗制滥造的“爆款文”干扰。中国有句老话叫“丰俭由人”，这四个字里有无穷的智慧，既不是躺平认命的颓丧，也没有逞强斗勇的鸡血。仔细想想，如果踏踏实实走好每一步，认认真真过好每一天，又有什么好焦虑的呢？
万事万物，结果会在过程中定型，明日是无数个今日的积累，一口吃不成个胖子，三天不吃也饿不死骆驼，何必把焦虑的线头拽出来放大加黑？
其实，在任何一个发展稳健、蓬勃向上的社会，快节奏和高压力都不可避免。适当的焦虑，不但不会影响生活，还能鼓励竞争、增加活力。只要摆正了位置，它就像手机里的闹钟、赛道上紧追着自己的对手，带给人些许紧张，同时伴随着刺激与兴奋，甚至是小小的幸福。
生活很多时候的确是温水，但我们未必就是那只被焖死的青蛙，也可以是五彩斑斓的热带鱼，在自己的一方小天地欢快游弋、肆意生长。（文／鹿鸣）",催婚|单身|对象,ambiguous,keep
China News Service,2021-03-30,中国常驻日内瓦代表团发言人：人权与跨国公司问题工作组企图抹黑中国，是找错了对象,"中国常驻日内瓦代表团发言人：人权与跨国公司问题工作组企图抹黑中国，是找错了对象
中新社 柏林3月29日电 日内瓦消息：当地时间3月29日，人权理事会人权与跨国公司问题工作组等特别机制专家出于对中国偏见和政治目的，恶意歪曲事实，散布所谓“强迫劳动”谬论。中国常驻日内瓦代表团发言人刘玉印当天对此发表谈话称，中方坚决反对，完全拒绝。
刘玉印表示，中国是社会主义国家，56个民族像石榴籽一样紧紧抱在一起，都是中华民族大家庭的平等一员。中国政府坚持以人民为中心的执政理念，到2020年已消除绝对贫困。中国中央政府对少数民族地区发展更是倾注大量心力。2012年至2018年，中央财政对新疆补助达1.61万亿元人民币，新疆70%以上的财政支出用于改善民生，就业、教育、医疗、住房等方面惠民工程持续推进，新疆城乡居民人均可支配收入自1978年以来增长了上百倍。包括维吾尔族在内的各族人民完全具有自主择业、平等就业的权利和自由，他们正用自己的双手创造美好幸福生活。在保障少数民族权利、保障人民劳动就业权利方面，中国绝对是世界上的“优等生”。“人权与跨国公司问题工作组企图抹黑中国，是找错了对象。”
刘玉印指出，中国制造业正在向中高端迈进，该工作组提到的农业、纺织业、服装业、汽车制造业等行业的自动化程度不断提高。举例而言，2020年新疆棉花机械采摘率已达70%，昌吉溢达纺织有限公司自动化率超过90%。中国很多行业正在向数字化、智能化发展，在世界上率先进入“互联网＋”时代。中国每个村庄都有4G网络，5G网络也在飞速发展，包括新疆在内的各地农民通过互联网销售农产品早已成为潮流。我们不禁要问，在数字经济和智能化产业时代，怎么可能存在“强迫劳动”？该工作组成员自诩为“专家”，实际是坐井观天，对中国科技进步和相关行业发展一无所知，却散布在逻辑上根本站不住脚的谎言，只会成为世人的笑柄。
刘玉印续指，个别西方国家和反华势力出于抹黑中国形象、破坏中国稳定、遏制中国发展的政治图谋，编造关于中国新疆所谓“强迫劳动”、“大规模监禁”等谎言，遭到包括新疆各族人民在内的全体中国人民一致谴责和唾弃。人权与跨国公司问题工作组积极配合反华势力，甘当“传声筒”、“放大器”，对中国政府多次向其提供的权威信息置之不理，在公开表态中只字不提，充当“装睡的人”，其政治倾向性昭然若揭，这严重违反人权理事会公正、客观、非选择性等原则。该工作组打着人权旗号，肆意对中国企业进行污名化，损害他们的名誉和形象，也严重损害维吾尔族劳动者的生计和人权。我们不禁要问，人权理事会设立特别机制是为了促进和保护人权，还是为了让他们侵犯人权？
“我们欢迎公正、客观的各国朋友访问中国，访问新疆，不欢迎抱有偏见的人来中国搞所谓‘有罪推定式的调查’。”刘玉印表示，我们希望该工作组认真反省错误，纠正对中国的偏见，在履职过程中做好家庭作业，提高专业素养，摒弃出于政治考虑而无视基本事实和会员国权威信息、动辄公开发表错误言论等作法。(完) 【编辑:孟湘君】",对象,ambiguous,remove
China News Service,2021-04-07,AZ疫苗扩大施打对象 高雄医护有人想再等等,"中国台湾网4月7日讯 据台湾《联合报》报道，阿斯利康(AZ)疫苗在台开打至今约2周，高雄市统计至4月4日共有3085人次接种，并在6日起接种对象扩大为所有医院相关人员，调查有7000多人有接种意愿，只占三分之一，部分医护人员依旧对施打疫苗持观望态度。
据报道，疫苗扩大施打对象，高雄符合对象的医护人员有2.2万多人，目前调查有7000多人有施打意愿，约占三分之一，预计4月9日开始注射.
高雄市诊所协会理事长杨宜璋表示，部分医护人员对施打疫苗持观望态度，一方面是觉得打疫苗迫切性不大，另一方面是忧心疫苗副作用，希望等安全性较高的疫苗问市后再来打。
高雄县医师公会理事长王宏育表示，倾向不打阿斯利康(AZ)疫苗，打定主意要等莫德纳疫苗，他也鼓励身旁亲友、病患依据当局规划的防疫节奏，循序渐进接种疫苗。(中国台湾网 张玲） 【编辑:王诗尧】",对象,ambiguous,remove
China News Service,2021-04-10,云南瑞丽11日起开展第三轮全员核酸检测 检测对象包括城区和农村居民,"云南省瑞丽市疫情防控工作指挥部办公室4月10日发布通告，根据疫情防控需要，瑞丽市决定自4月11日起开展第三轮全员核酸检测。
据悉，此次核酸检测的对象为瑞丽市全体居民。采样时间为4月11日至12日。城区居民到各网格单位设置的采样点采样，农村居民到所属乡(镇)、农场、村(社区)规定采样点采样。通告要求广大居民积极参与，服从管理，有序排队，避免聚集，认真做好个人防护，确保不漏一户，不漏一人；在前往采样点途中，居民一律直接前往采样点配合工作，杜绝一切不必要的出行和聚集活动，采样结束后继续执行居家隔离令；采样前提前填写“德宏抗疫情”小程序，携带手机、身份证、胞波卡等有效证件；排队等候须保持1米以上距离，不相互交谈。(总台央视记者 李健飞 李腾飞 陶世飞 李劲松)",对象,ambiguous,remove
China News Service,2021-04-13,台湾台中市推“银发族媒人养成班”以期提高结婚率和生育率,"中新社 台北4月13日电 台湾台中市日前推出“银发族媒人养成班”，以期提高结婚率和生育率。
综合中时新闻网、联合新闻网等台媒报道，台当局有关部门公布数据显示，台湾结婚对数自2015年起不断下降，由15.4万对下降至2020年的12.1万对，2021年前三个月仅2.8万对新人结婚。此情况下，台湾新增人口自2017年起逐年下降，2020年更出现负增长。
台湾各县市纷纷通过补助结婚、生育等措施，以期提高结婚率和生育率。台中市日前推出“银发族媒人养成班”，培养退休人员成为媒人；目前主要课程包括成功经验分享、两性关系、交往与约会、感情发展、沟通艺术、家庭问题处理等。
数据显示，台中市2020年有1.5万对新人登记结婚、不足2万人出生，创下新低。台中市议员吴敏济指，台湾人口负增长趋势如不改变，不久将出现人力不足，消费市场萎缩等问题。此次培训班主要面向银发族，是因为他们人生阅历丰富，非常适合扮演媒人角色。
台北市社会局局长彭怀真认为，现代男女并非不恋爱，只是不愿成家，提高结婚率是抢救出生率的关键。目前社会上仍存在女方要配合男方等观念，女性地位较低，致使很多女性恐婚，破除这些观念才能牵成红线。
第一轮培训班一经推出名额就被抢空，主办方还增加名额以满足需求。报名者多为期盼晚辈结婚的银发族，也有人希望通过课程认识其他媒人替晚辈牵红线。
有学员称，亲友间有很多适婚年轻人缺乏对象，希望通过学习，帮助亲友解决问题。(完) 【编辑:李玉素】",对象|恋爱|恐婚|结婚,ambiguous,keep
China News Service,2021-04-15,上海建成城管执法对象的综合数据库 “智慧城管”建设提升监管水平,"中新网 上海4月15日电(陈静 徐程炜)上海市城管执法局15日披露，该局依托内部自建和外部共享两种方式，建成涵盖21类城管执法对象的综合数据库，为分类分级执法监管新模式提供了有力支撑。
该局运用数据过滤、修正、封装等技术，开展执法对象数据标准化治理，确保沿街商户的数据全面、准确、及时。
在城市数字化转型中，该局在提升“智慧城管”建设和应用，改革创新勤务管理机制同时，充分运用城管执法对象监管系统的数据资源，探索推进街面环境分级分类执法管控。
在推行分级分类等级管理过程中，上海市城管执法局综合沿街商户业态、商户依法经营情况等情况，对沿街经营商户进行风险等级初始设定，设置“红、黄、绿”三色情况，分别对应不同执法检查频次：显示为“红色”的商户、每两日辖区中队执法队员至少检查1次；“黄色”商户，每周至少检查1次；“绿色”商户、每月至少检查1次。结合辖区城管执法中队队员开展日常检查、执法办案以及市民投诉、媒体曝光、实效督察等情况，上海市城管执法局会动态对沿街商户风险(颜色)等级作升降级调整。
据介绍，3月中旬，申城城管执法系统组织专项行动，对20余万家沿街商户开展了分级分类执法管控工作。截至目前，红色(高风险)商户为66780家，较上一检查周期减少了4964家；黄色(中风险)商户为103058家，较上一检查周期减少了3936家；绿色(低风险)商户为37469家，较上一检查周期增加了6079家。
采访中，记者了解到，在浦东，城管部门已初步构建由1个局综合信息平台、35个城管中队微平台、1800余个城管队员手机APP执法终端组成的“三位一体”智能体系，做到了“人车撒点找得到”“视频接入看得见”“通讯对讲叫得应”的新型勤务指挥模式；优化四级闭环执法流程，极大提升了城管执法的智能化、专业化、科学化执法指挥监管水平。
在沿街商户风险(颜色)等级先行先试中，通过“数字城管”的应用，浦东城管主动发现问题、解决问题能力与执法实效得到明显提升。针对跨门营业、乱设摊和占道洗车等街面环境秩序突出问题，浦东城管开发多维度智能场景算法模型，实现对街面违法行为的智能识别、自动采集、精准聚焦。
上海市城管执法局方面透露，今年，该局将以浦东先行先试的经验为基础，以城市数字化转型为契机，在全市城管执法系统推行街面环境分级分类执法管控新模式，实现对城市管理中的违法违规行为“精准研判、及时发现、高效处置、长效管控”，推动对沿街商户管理服务和执法管控方式的创新转变。
同时，该局将进一步加大科技赋能的力度，聚焦高频急难问题，针对民众投诉集中、容易出现回潮的违法乱象打造一批具有标杆示范意义的应用场景，为上海乃至全国城市治理数字化转型创造经验、提供样板。(完) 【编辑:张楷欣】",对象,ambiguous,remove
China News Service,2021-04-18,江苏将颁发“光荣在党50年”纪念章等 并向有关慰问对象发放补助金,"中新网 南京4月18日电 (记者 朱晓颖)中共江苏省委组织部副部长、省委“两新”工委书记周为号18日在南京介绍，江苏将颁发“光荣在党50年”纪念章等，并向有关慰问对象发放一次性生活补助金。
当日，中共江苏省委新闻发布会在南京举行。周为号在发布会上作出上述介绍。
周为号表示，今年，党中央部署开展“七一”表彰，主要包括颁授“七一勋章”、评选“两优一先”。按照中央要求，3月，江苏省委向党中央推荐了“七一勋章”初步建议人选和20名全国优秀共产党员、16名优秀党务工作者、26个先进基层党组织推荐对象。
除中央表彰外，今年中共江苏省委也将在“七一”前表彰省优秀共产党员、优秀党务工作者和先进基层党组织各100个，这是近20年来中共江苏省委“两优一先”表彰数量最多的一次。
周为号表示，对于“光荣在党50年”纪念章，党中央设立纪念章的目的，是从政治上激励、精神上鼓舞广大党员，进一步增强党员的荣誉感、归属感、使命感。据统计，江苏符合条件的共有50.2万名。今后，纪念章一般每年“七一”集中颁发一次。今年5月底前，江苏将把纪念章发送至县(市、区)委组织部和相关单位，确保每名符合条件的老党员在7月1日前收到。
周为号表示，中共江苏省委组织部将配合江苏省委开展走访慰问活动，对获得党内功勋荣誉表彰的党员、生活困难党员、老党员、老干部和烈士遗属、因公殉职党员干部家属进行慰问，经初步统计，慰问对象有10.1万名。同时，江苏还将向新中国成立前入党的农村老党员、未享受离退休待遇的城镇老党员，发放一次性生活补助金。(完) 【编辑:孙静波】",对象,ambiguous,remove
China News Service,2021-05-14,日首相召开新冠对策会 紧急事态宣言对象新增3个道县,"中新网 5月14日电 据日本共同社报道，当地时间14日傍晚，日本首相菅义伟在官邸召开新冠病毒感染症对策总部会议，就基于修改后的新冠特别措施法发布的紧急事态宣言对象，宣布新增北海道、冈山、广岛3个道县，时间为本月16日至31日。
据报道，日本政府最初计划将群马、石川、冈山、广岛、熊本5县，追加列为防止蔓延等重点措施的对象，但在上午的基本应对方针小组会会议上，专家要求采取强有力的应对措施，因而紧急改变了决定。群马、石川、熊本3县按计划列为防止蔓延措施的对象，时间为5月16日至6月13日。
由此，基于特措法的宣言对象为新增的3个道县以及东京、爱知、京都、大阪、兵库、福冈，共9个都道府县。防止蔓延措施的对象为埼玉、千叶、神奈川、岐阜、三重、爱媛、冲绳加上此次新增3县，共10个县。
报道指出，日本政府采取了要求提供酒类的餐饮店停业，以及加强对印度变异毒株的口岸防控等措施，但疫情向地方蔓延的势头显然仍在持续。
经济再生担当相西村康稔就暂不追加宣言对象的方针，14日向小组会征询了意见。但专家表达了对变异毒株导致疫情蔓延以及病床吃紧的担忧，同时也有意见认为，从敦促国民转变行动的观点出发，应当发布宣言。因此，政府转变方针在宣言对象中新增3个道县。",对象,ambiguous,remove
China News Service,2021-05-14,福建宁德警方去年抓获8名“猎狐”对象,"中新网 宁德5月14日电 (吴允杰)在14日举行的福建省宁德市公安局打击和防范经济犯罪工作新闻发布会上，警方透露，2020年先后从肯尼亚、缅甸、马来西亚、柬埔寨、南非等国家以及台湾地区抓获8名“猎狐”对象。
据介绍，“猎狐”对象张某平2015年7月因涉嫌非法吸收公众存款罪潜逃偷渡到缅甸，宁德市霞浦县公安局通过研判，获取了张某平及其丈夫连某朋落脚点为与云南省西双版纳傣族自治州勐海县打洛镇比邻的缅甸国第四特区勐拉。
经福建省公安厅经侦总队协调云南省西双版纳傣族自治州公安局，2020年6月22日，缅甸国第四特区勐拉警察局将“猎狐”对象张某平抓获；同年6月24日，缅甸国第四特区勐拉警察将“猎狐”对象张某平移交给中国警方。
宁德市公安局党委委员、副局长颜细斌表示，2020年全市公安机关组织开展了“猎狐2020”、打击非法集资、“昆仑2020”等专项行动，共破获各类经济犯罪案件258起，抓获犯罪嫌疑人468名，移送起诉402名。
其中，警方不断加大对非法集资案件的侦办力度，共破非法集资案110起，移送起诉犯罪嫌疑人130名；共破地下钱庄类案件13起。(完) 【编辑:张燕玲】",对象,ambiguous,remove
CCTV,2021-05-19,结婚人数连年降，这届年轻人为啥不结婚？,"新华社北京5月19日电 题：结婚人数连年降，这届年轻人为啥不结婚？
新华社“新华视点”记者马晓媛、李紫薇、高剑飞
“执子之手，与子偕老”，曾代表人们对爱情和美好人生的向往。然而，在高速运转的现代社会，传统的婚姻观正面临挑战。
民政部前不久公布的一项数据显示，2020年全国结婚登记仅813.1万对，连续第七年下降。
“新华视点”记者调查发现，与父母辈相比，越来越多“80后”“90后”把单身视为一种正常选择。“30多岁了还没结婚”“20多岁了还母胎SOLO”等现象在年轻人中见怪不怪。
“如果成家了，绝不会像现在这么自由。”34岁的丁浩（化名）在北京一所高校读博，住在宿舍，吃在食堂，忙的时候做科研昏天黑地，闲下来了就叫上“驴友”四处走走。如果不是家人偶尔催婚，他觉得这样的生活也挺惬意的。
读博以前，丁浩在家乡沈阳一家电视台做技术员，看到身边的同学纷纷结婚生子，他也曾十分焦虑，积极相亲，但几段恋爱都无果而终。辞职读博后，他的想法慢慢变了。“婚姻是为了让自己生活得更舒服，而不是一个必须完成的任务。”他说，“现在时间和收入完全由自己支配，不需要迁就任何人，我很喜欢这种状态。”
27岁的白领张佳（化名）和男友已经恋爱7年，并放弃了结婚计划。“每次一谈到结婚，就跟着很多麻烦和问题，比如融合两个家庭、买婚房、生孩子，双方家庭分歧都很大。”张佳说，后来她和男友达成默契，只恋爱不结婚。“结婚与爱情无关，它只是给双方关系套上了道德和法律的枷锁。”
眼下，越来越多适龄青年选择不结婚，过着“一人吃饱，全家不饿”的生活。
社会学家李银河说，在上世纪80年代做家庭调查时，随机抽样中独居人口只占2%左右；而在2007年做家庭调查时，独居人口已经上升至12%。
国家统计局《中国统计年鉴》发布的抽样调查数据显示，从2015年起，我国一人户占比逐年增加，已经从2015年的13.15%增加至2019年的18.45%，我国家庭正呈现单身化趋势。
对一些年轻人来说，不结婚是一种主动选择。在一项“哪些原因让你不想结婚？”的网络投票中，获票最多的选项是“有自己的生活方式，享受单身生活”。对另一些年轻人来说，不结婚则是被动接受。一位受访者坦言：“每天‘996’，哪来时间恋爱结婚？”
社交媒体上，“年轻人不结婚”话题引发广泛讨论。网友纷纷表示：“单着不好吗？为何要去尝爱情的苦”“每天都有恐婚新理由”“结婚才需要理由，单身不需要理由”“找不到合适的绝对不将就”……
随着单身青年渐多，“单身经济”悄然兴起，单身生活也变得越来越舒适和便利。面向年轻人的饭店推出“一人份”套餐，单身公寓市场火爆，迷你小家电和小型厨具持续畅销，甚至出现了“个人定制旅行”“一个人的婚纱照”。
专家认为，单身文化的兴起并不是偶然的，背后有着深刻的经济、社会背景。
——社会转型使家庭功能发生变化，婚姻成为“选择题”。
李银河认为，单身群体的增加，与当前中国社会的城市化、现代化进程相关。在传统乡土社会，家庭不仅是消费单位，也是生产单位，组建家庭是刚性需求；但在现代社会，完全可以一个人挣钱，一个人花，结婚变得可有可无，成为人生的一个选项。
“特别对于女性来说，过去男主外、女主内，女性如果不结婚就没有生活来源；但是现在不一样了，女性完全可以养活自己，不需要依附男性，结婚意愿较过去大大降低。”李银河说。
——社会教育水平大大提升，使结婚年龄不断推迟。
“现在硕士毕业已经二十五六岁，博士毕业一般就快三十了，如果工作几年就更晚。”山西省社科院研究员谭克俭说，随着受教育水平的提升，年轻人更加注重自我价值的实现，结婚在人生重要性上的排序降低。
根据国家统计局公布的数据，从1990年至2017年，我国育龄妇女平均初婚年龄推迟4岁多，从21.4岁提高到25.7岁，并有继续走高趋势。
多位受访者指出，与过去“男大当婚，女大当嫁”、不婚者被视为异类相比，现在对婚姻的观念正变得更加开放，晚婚、不婚、同居越来越常见，婚姻早已不是人生的必选项，社会对不同选择也更加包容。
上海白领葛书怡自称“母胎SOLO”，即便一直单身，她也觉得舒服自在。“即便一个人出去吃饭，也不会有异样的眼光，甚至有的饭店还给你在对面放个娃娃。”葛书怡说，“即便是父母和亲戚，好像也在慢慢接受自己想一个人生活的想法。”
39岁的山西泽州县南村镇人司小东（化名）感叹，攒钱的速度永远都赶不上彩礼上涨的速度。当地现在的标配是近20万元彩礼、在市里买房买车，加起来要六七十万元，对于普通家庭来说负担很重。“总是需要再攒攒钱，拖着拖着，就快40岁了。每个村子都有我这样的光棍，人数很多。”
一位受访者语带苦涩地说：“爷爷娶奶奶只用了‘半斗米’，爸爸娶妈妈只用了‘半头猪’，我结婚却要用掉爸妈的‘半条命’。”
多位受访专家表示，对年轻人的家庭生活，应尊重多元化、多样化的个人选择，对独居人群给予更多的包容和理解。
与此同时，结婚人数降低带来的负面效应也应引起足够重视。结婚和生育密切相关，结婚率降低会影响人口出生率，进而影响经济社会发展。
“结婚是家事也是国事，我们的社会应该为年轻人创造更好的婚育条件。”南开大学人口与发展研究所教授原新建议，要加大对适龄青年的婚育辅导力度，保障他们在孕期、产假、哺乳期期间享有的法定权益。
在完善社会政策的同时，社会还应对年轻人加以引导，帮助他们树立积极的恋爱观、婚姻观和家庭观。专家指出，一些年轻人受自身家庭因素或成长环境影响，对婚姻提不起兴趣，甚至心怀恐惧；对此学校、媒体等应当加强教育引导，帮助他们去除偏见，抵制负面的婚恋观念，形成积极健康的舆论导向。
对那些苦于找不到对象的年轻人，社会各方要努力为他们创造渠道，接触更多适龄青年。专家建议，充分发挥工会、共青团、妇联等群团组织和社会组织的作用，组织单身青年参加文体娱乐、兴趣培养、技能提升、社会服务等健康向上的集体活动，丰富青年交友择偶的机会。
“对于因彩礼等结婚成本高而结不了婚的人群，各方也要有所作为。”中华女子学院党委书记李明舜说，“社会要在传统礼俗和陈规陋习之间划出一条线，旗帜鲜明反对天价彩礼，反对铺张浪费，积极推动移风易俗，树立文明乡风。”",不婚|催婚|单身|婚姻|婚恋|对象|彩礼|恋爱|恐婚|晚婚|相亲|结婚,ambiguous,keep
CCTV,2021-05-20,“虚拟恋人”甜如蜜，“氪金”陷阱等着你,"只需几十元，就能和素未谋面的“虚拟恋人”谈一场恋爱，陪自己聊天、打游戏、看电影……目前，这种借助网络的有偿式情感服务，成为不少年轻人寻求情感慰藉和解压的方式。
“新华视点”记者调查发现，“虚拟恋人”在制造“甜蜜”的同时，也暗藏各种陷阱。有人为“虚拟恋人”花费重金，最后却落得“情财两空”。
从未谈过恋爱的小陈最近陷入一段“热恋”。每天，她都在微信上和“男友”聊天，但两人的相处模式仅限于网聊。
小陈在北京一家互联网公司工作。巨大的工作压力让她喘不过气，却无处倾诉。一次偶然的机会，她得知网上可以找到“虚拟恋人”。
好奇心驱使下，她在网上下单了一小时的“虚拟恋人”服务，开始聊天。她将烦心事向“虚拟男友”倾诉，对方不仅耐心倾听，还不时安慰、鼓励她，让她倍感轻松。
一小时的聊天很快结束，小陈感到意犹未尽。此后，她几乎每天都下单续费，找“虚拟男友”聊天。“他声音好听，会安慰人。我知道这不是真的恋爱，但他的陪伴让我很‘上头’。”小陈说，她已经有点离不开“虚拟男友”。
在某电商平台，记者尝试搜索“虚拟恋人”，并未发现相关商品，而将关键词换为“小哥哥”“小姐姐”“聊天”后，便出现了1500多件商品。从搜索结果看，很多店铺的开店时间不超过半年，商品的月销量却在千次以上，最高可达近万次。
记者联系一家店铺的客服后，收到一张菜单，上面详细陈列服务种类，包括陪聊天、陪打游戏、哄睡、叫醒、陪写作业等，通过连麦和语音等方式提供陪伴，费用根据聊天时长、从业者等级、服务内容等计价，每小时几十元至几百元不等，包月最高可达1.8万元。
一名商家告诉记者，很多消费者面对巨大的生活压力，选择“虚拟恋人”作为情感宣泄方式，“向陌生人倾诉自己的心事，反而更能畅所欲言。”
据他介绍，“虚拟恋人”的从业者大多是大学生。他的店铺共有80多名店员，其中大学生占九成。22岁的小白是大学生店员之一，他做这份兼职不到半年。“能做个‘树洞’（听人倾诉）、帮别人排解不良情绪的同时，还能赚点零花钱，一举两得。”小白说。
记者采访调研发现，“虚拟恋人”在为不少年轻人提供陪伴和精神慰藉的同时，暗藏重重风险。
最近，小付因“男友”越来越冷淡的言语和不断延迟的回复，结束了一段持续近两个月的“恋情”。在为“虚拟男友”前后花费数万元后，她意识到，“男友”爱的不是自己，而是钱。
小付说，刚认识时，“男友”会用各种甜言蜜语哄她。每次快到时间，他都劝说小付续单。“他说和我投缘，想多聊点。”
在“男友”的“甜蜜轰炸”下，小付不断续费、打赏，为“男友”“氪金”。时间长了，小付发现，“男友”只在冲业绩时对自己殷勤，平时都不闻不问。小付也想过报警，但得知续费、打赏属于个人消费行为后，她只得作罢。
“虚拟恋人”潜在的犯罪问题已引起警方关注。兰州市反电信网络诈骗中心主任丁浩说，部分不良商家抓住消费者的情感痛点后，会不断扩充服务项目，引诱消费者无止境续费。更有消费者遭遇“杀猪盘”，最后“情财两空”。
在豆瓣、知乎等社交平台上，很多网友分享找“虚拟恋人”的体验，其中不乏像小付这样的“伪失恋”案例，原因大同小异。
众多网友陷入“甜蜜陷阱”的经历被记者的亲历式采访证实。记者在某电商网站下单“虚拟恋人”，短短半小时的聊天，充斥着对方的各种“土味情话”。问及是否有固定话术，对方坦言，入职前会提供培训和情话套路，为消费者营造人为的“甜蜜氛围”。
“每次接到客人，都有基本的话术，有的话我自己念出来都觉得尴尬。”一名受访从业者说。
通过进一步采访，记者了解到，部分商家还打着“虚拟恋人”的旗号，表面上提供情感咨询服务，暗地向有需求的顾客提供“裸聊”“文爱”（即通过语言描述进行性挑逗）等软色情服务。
在某视频网站上，记者搜索“虚拟恋人”发现，和“虚拟恋人”语音对话的直播视频层出不穷，不少视频标题以“开车”“污”等为关键词，对话内容充斥着低俗、软色情意味明显的话语。
在一条《揭秘“虚拟恋人”行业内幕》的短视频中，视频上传者陈述自己从事“虚拟恋人”近7年，对行业乱象表示担忧。“每年，这个行业都会因为部分商家暗中提供软色情服务被整改。”他介绍，这也是众多电商平台屏蔽“虚拟恋人”“陪聊”等关键词的原因。
在相关视频中，一名网友在留言中分享自己应聘“虚拟恋人”的经历，在入职培训中，商家让他们练习各种涉黄段子，并学习“文爱”技巧。
这名网友还爆料，不少“虚拟恋人”商家还招聘未成年人做兼职。在豆瓣、小红书等软件上，记者搜索到不少“虚拟恋人”的招聘帖。虽然招聘要求中规定求职者须为18岁以上成人，但记者假装应聘时，商家并未要求提供年龄证明。
兰州大学经济学院教授杨肃昌说，当前，不少年轻人面对长辈催婚的婚恋压力，往往无处遁形。在一段虚拟恋爱中，年轻人可以凭借自己的喜好设定角色，而从业者也会根据消费者的需求营造“人设”。
“这种沉浸式的恋爱体验很容易让人沉迷，面对一个近乎完美的虚拟对象，年轻人会附着很多情感。一不小心‘陪伴’就变成了‘赔绊’。”杨肃昌说。
曾沉迷于此的小付现在有些后怕。“偶尔聊天、倾诉情感，‘虚拟恋人’是个不错的选择。如果过于沉迷，或遇上不良商家，可能会付出沉重代价。”小付说，她希望有关部门能加强监管，对“虚拟恋人”服务模式和内容进行规范化管理，防止更多消费者像她一样落入陷阱，维权困难。
杨肃昌呼吁，相关部门应进一步规范互联网平台提供陪伴服务的行为。互联网平台应对相关服务进行严格审核，保障消费者的权益。不少受访商家也表示，应加强行业规范，让陪伴服务发挥更多正面激励作用。
多位受访人士建议，家庭、学校、媒体和各类社会团体应引导年轻人树立理性、健康的价值观、情感观、家庭观，帮助青年解除思想压力和心理困惑，拓展青年社会交往的广度和深度，避免过度沉迷“网恋”。",催婚|婚恋|对象|恋爱,ambiguous,keep
China News Service,2021-05-20,“嗑CP”为啥比自己谈恋爱还快乐 背后动机决定“境界”,"人类社会属性的核心部分，正是对亲密关系的需要。作为一种社会性动物，人类渴望获得亲密关系。而“嗑CP”低风险、低成本，人们不用亲自参与就能体验到恋爱的感觉，从而获得满足。
前段时间，随着网剧《司藤》热播，在该剧中扮演男女主角的演员张彬彬和景甜也跟着火了起来，他们近期在多档综艺节目中亲密互动，让粉丝们直呼“太甜了”。不少观众，甚至希望他俩能从戏里“甜”到戏外、假戏成真，而粉丝的这一行为也被称为“嗑CP”。
在这里，CP是英文Couple的缩写，特指存在恋爱关系的情侣。而“嗑CP”则是指粉丝非常喜爱影视剧或小说中的情侣，甚至有点像嗑药一样，沉迷其中、难以自拔。
那么，“嗑CP”的潮流从何而起？这与普通的追星有何异同？年轻人又为何热衷于此？
在分析“嗑CP”现象前，我们先聊聊它的“近亲”——偶像崇拜。偶像崇拜是指个体对自己所仰慕对象产生的一种钦佩心理，并由此引发出一系列的学习和模仿行为。在人类社会早期就存在偶像崇拜现象，比如崇拜大自然等，人们通过相信世上有某种“伟大的存在”，从而获得一种安全感。
此外，偶像崇拜也是个体成长的必经之路。美国心理学家班杜拉认为：人的行为，特别是那些复杂行为，主要经由观察与模仿而产生。而父母就是孩子最初的榜样、崇拜的偶像，孩子通过观察并模仿父母的言行举止，从而迈出了社会化的第一步。当孩子发展到一定年龄阶段后，就开始认同父母之外的其他榜样，如老师、同学、小说或电影里的主人公或聚光灯下的明星。通过捕捉并认同理想榜样的某些特征(如才华、美貌、智慧等)，人们得以从外界获取构建人格的“砖块”，以此来完善自我结构，最终成为一个区别于父母的、独一无二的个体。
在笔者看来，“嗑CP”是偶像崇拜行为的一种衍化，只不过人们推崇的不再是某个对象，而是一段理想化的恋爱关系。“嗑CP”的同时，年轻的粉丝们或许也在观察并捕捉这段理想关系的特征，从而为自己日后经营亲密关系做好准备。
美国社会心理学家罗兰·米勒指出：人类社会属性的核心部分，正是对亲密关系的需要。作为一种社会性动物，人类渴望获得亲密关系。而“嗑CP”低风险、低成本，人们不用亲自参与就能体验到恋爱的感觉，从而获得满足。
在现实中，当人们坠入爱河时，大脑会分泌包括苯基乙胺、多巴胺、去甲肾上激素在内的“爱情激素”。这些神经兴奋剂，使热恋中的两人感到精神抖擞、不知疲惫。而有趣的是，很多疯狂“嗑CP”的粉丝也表示，当他们脑补心中CP在一起的画面时，他们自己也会感到非常开心，就像自己在谈恋爱一样。在这种愉悦感的驱使下，他们能彻夜刷CP的微博动态，兴奋到根本停不下来。
那么，为何脑补别人恋爱，自己也能高兴到起飞？
究其原因，这是因为人和动物的一大区别就是——动物只能用原始方式来满足自己的本能冲动，而人类则拥有名为“想象力”的高级认知机能。借助认知、情绪与生理反应间的交互作用，当某种需要得不到实际满足时，人类可以利用想象的方式，来使需要得到间接满足。
“望梅止渴”的故事就是一个典型的例子，将士们想象酸梅子，他们的嘴里就能分泌唾液，想象力激活了人类的生理反应，这一点也适用于“嗑CP”。
荧幕上或小说里的爱情多是“甜”的，而现实生活中的亲密关系却是五味俱全。因此，很多人，包括不少粉丝也认为，“嗑CP”这种行为是对真实亲密关系的一种逃避。究竟，这种观点有无道理呢？
通常人们会把原本没有任何因果关系的事，解释成似乎存在因果关系，个体心理学创始人阿德勒称这种现象为“外部因果律”。“嗑CP”这个行为本身并无不可，而且在笔者看来，能用间接且符合社会规范的方式来满足本能欲望，这本身也是个体心智发展良好的标志。
诚然，有些人在感情中碰壁后，就此对现实中的爱情万念俱灰，大骂“童话都是骗人的”，从此蜷缩在幻想世界之中，将“嗑CP”作为仅有的、满足亲密需要的方式。对这部分人来说，“嗑CP”或许是他们逃避现实亲密关系的借口。
不过，对多数粉丝而言，他们能在“嗑CP”和维系真实亲密关系中找到平衡。有了这个小兴趣，反而让粉丝们追起剧来更加津津有味，在社交中也有了更丰富的谈资，或许由此能结交到志趣相投的朋友。更有个别出众的粉丝，能将对CP的爱慕之情化为动力，创作后续的文学作品、谱写相关的主题歌曲。对他们来说，“嗑CP”并非是一种阻碍，而是让生活丰富多彩的“调味料”。
因此，“嗑CP”本身无罪，能否发挥“嗑CP”的正面作用，就要看当事人到底是把它当作一种情感逃避，还是将其视为一种成长动力。
(作者 祝杰 系国家三级心理咨询师) 【编辑:李季】",对象|恋爱,ambiguous,keep
China News Service,2021-05-20,结婚人数连续第七年下降，年轻人为啥不结婚？,"“执子之手，与子偕老”，曾代表人们对爱情和美好人生的向往。然而，在高速运转的现代社会，传统的婚姻观正面临挑战。
民政部前不久公布的一项数据显示，2020年全国结婚登记仅813.1万对，连续第七年下降。
“新华视点”记者调查发现，与父母辈相比，越来越多“80后”“90后”把单身视为一种正常选择。“30多岁了还没结婚”“20多岁了还母胎SOLO”等现象在年轻人中见怪不怪。
“如果成家了，绝不会像现在这么自由。”34岁的丁浩(化名)在北京一所高校读博，住在宿舍，吃在食堂，忙的时候做科研昏天黑地，闲下来了就叫上“驴友”四处走走。如果不是家人偶尔催婚，他觉得这样的生活也挺惬意的。
读博以前，丁浩在家乡沈阳一家电视台做技术员，看到身边的同学纷纷结婚生子，他也曾十分焦虑，积极相亲，但几段恋爱都无果而终。辞职读博后，他的想法慢慢变了。“婚姻是为了让自己生活得更舒服，而不是一个必须完成的任务。”他说，“现在时间和收入完全由自己支配，不需要迁就任何人，我很喜欢这种状态。”
27岁的白领张佳(化名)和男友已经恋爱7年，并放弃了结婚计划。“每次一谈到结婚，就跟着很多麻烦和问题，比如融合两个家庭、买婚房、生孩子，双方家庭分歧都很大。”张佳说，后来她和男友达成默契，只恋爱不结婚。“结婚与爱情无关，它只是给双方关系套上了道德和法律的枷锁。”
眼下，越来越多适龄青年选择不结婚，过着“一人吃饱，全家不饿”的生活。
社会学家李银河说，在上世纪80年代做家庭调查时，随机抽样中独居人口只占2%左右；而在2007年做家庭调查时，独居人口已经上升至12%。
国家统计局《中国统计年鉴》发布的抽样调查数据显示，从2015年起，我国一人户占比逐年增加，已经从2015年的13.15%增加至2019年的18.45%，我国家庭正呈现单身化趋势。
对一些年轻人来说，不结婚是一种主动选择。在一项“哪些原因让你不想结婚？”的网络投票中，获票最多的选项是“有自己的生活方式，享受单身生活”。对另一些年轻人来说，不结婚则是被动接受。一位受访者坦言：“每天‘996’，哪来时间恋爱结婚？”
社交媒体上，“年轻人不结婚”话题引发广泛讨论。网友纷纷表示：“单着不好吗？为何要去尝爱情的苦”“每天都有恐婚新理由”“结婚才需要理由，单身不需要理由”“找不到合适的绝对不将就”……
随着单身青年渐多，“单身经济”悄然兴起，单身生活也变得越来越舒适和便利。面向年轻人的饭店推出“一人份”套餐，单身公寓市场火爆，迷你小家电和小型厨具持续畅销，甚至出现了“个人定制旅行”“一个人的婚纱照”。
专家认为，单身文化的兴起并不是偶然的，背后有着深刻的经济、社会背景。
——社会转型使家庭功能发生变化，婚姻成为“选择题”。
李银河认为，单身群体的增加，与当前中国社会的城市化、现代化进程相关。在传统乡土社会，家庭不仅是消费单位，也是生产单位，组建家庭是刚性需求；但在现代社会，完全可以一个人挣钱，一个人花，结婚变得可有可无，成为人生的一个选项。
“特别对于女性来说，过去男主外、女主内，女性如果不结婚就没有生活来源；但是现在不一样了，女性完全可以养活自己，不需要依附男性，结婚意愿较过去大大降低。”李银河说。
——社会教育水平大大提升，使结婚年龄不断推迟。
“现在硕士毕业已经二十五六岁，博士毕业一般就快三十了，如果工作几年就更晚。”山西省社科院研究员谭克俭说，随着受教育水平的提升，年轻人更加注重自我价值的实现，结婚在人生重要性上的排序降低。
根据国家统计局公布的数据，从1990年至2017年，我国育龄妇女平均初婚年龄推迟4岁多，从21.4岁提高到25.7岁，并有继续走高趋势。
多位受访者指出，与过去“男大当婚，女大当嫁”、不婚者被视为异类相比，现在对婚姻的观念正变得更加开放，晚婚、不婚、同居越来越常见，婚姻早已不是人生的必选项，社会对不同选择也更加包容。
上海白领葛书怡自称“母胎SOLO”，即便一直单身，她也觉得舒服自在。“即便一个人出去吃饭，也不会有异样的眼光，甚至有的饭店还给你在对面放个娃娃。”葛书怡说，“即便是父母和亲戚，好像也在慢慢接受自己想一个人生活的想法。”
39岁的山西泽州县南村镇人司小东(化名)感叹，攒钱的速度永远都赶不上彩礼上涨的速度。当地现在的标配是近20万元彩礼、在市里买房买车，加起来要六七十万元，对于普通家庭来说负担很重。“总是需要再攒攒钱，拖着拖着，就快40岁了。每个村子都有我这样的光棍，人数很多。”
一位受访者语带苦涩地说：“爷爷娶奶奶只用了‘半斗米’，爸爸娶妈妈只用了‘半头猪’，我结婚却要用掉爸妈的‘半条命’。”
多位受访专家表示，对年轻人的家庭生活，应尊重多元化、多样化的个人选择，对独居人群给予更多的包容和理解。
与此同时，结婚人数降低带来的负面效应也应引起足够重视。结婚和生育密切相关，结婚率降低会影响人口出生率，进而影响经济社会发展。
“结婚是家事也是国事，我们的社会应该为年轻人创造更好的婚育条件。”南开大学人口与发展研究所教授原新建议，要加大对适龄青年的婚育辅导力度，保障他们在孕期、产假、哺乳期期间享有的法定权益。
在完善社会政策的同时，社会还应对年轻人加以引导，帮助他们树立积极的恋爱观、婚姻观和家庭观。专家指出，一些年轻人受自身家庭因素或成长环境影响，对婚姻提不起兴趣，甚至心怀恐惧；对此学校、媒体等应当加强教育引导，帮助他们去除偏见，抵制负面的婚恋观念，形成积极健康的舆论导向。
对那些苦于找不到对象的年轻人，社会各方要努力为他们创造渠道，接触更多适龄青年。专家建议，充分发挥工会、共青团、妇联等群团组织和社会组织的作用，组织单身青年参加文体娱乐、兴趣培养、技能提升、社会服务等健康向上的集体活动，丰富青年交友择偶的机会。
“对于因彩礼等结婚成本高而结不了婚的人群，各方也要有所作为。”中华女子学院党委书记李明舜说，“社会要在传统礼俗和陈规陋习之间划出一条线，旗帜鲜明反对天价彩礼，反对铺张浪费，积极推动移风易俗，树立文明乡风。”(记者马晓媛、李紫薇、高剑飞)
新华社北京5月19日电 【编辑:张楷欣】",不婚|催婚|单身|婚姻|婚恋|对象|彩礼|恋爱|恐婚|晚婚|相亲|结婚,ambiguous,keep
CCTV,2021-05-25,假网恋、真约会，见面就是买买买……除了“酒托茶托饭托”，武汉又冒出“衣托”,"假网恋、真约会，见面就是买买买……与“酒托”“茶托”和“饭托”骗局类似，多起发生在武汉，以打感情牌、搞消费诈骗的“衣托”新骗局令不少受害者痛心疾首。
犯罪嫌疑人在相亲网站专找有消费能力的目标男子，假装与其谈恋爱。待“感情”稳定后，诈骗团伙派出“衣托女”与目标男子“奔现”（从线上网恋转为线下真实恋爱），使用套路让受害人到指定服装店花高价购物。事后，“衣托女”再以各种理由与受害人分手。
令受害人难以想象的是，与自己在网上“谈情说爱”的犯罪嫌疑人竟不是见面的“衣托女”，而是陌生男性。
“我回家后连续4天都没联系上她，这才意识到自己被骗了。”湖北省十堰市王先生曾与网恋女友“奔现”，没想到短时间内就被套路走2万余元。
回忆起这段经历，王先生说：“都是爱情冲昏了头，没想到我竟落入了别人挖好的陷阱。”
30岁的王先生在某相亲网站发布征婚信息，随后结识一位名叫“小雪”的女子。刚开始，两人交流不多，直到2019年6月才逐渐熟络。闲聊中，该女子自称是湖北孝感人，与朋友在武汉市江汉区某商场运营一家美甲店。
在此后的网聊中，该女子向王先生讲述了更多关于自己和家庭的“具体信息”，两人“感情”随之建立起来。
王先生长期在外出差，社交范围窄，又到了适婚年龄，常被家人催婚，见“小雪”向自己吐露心声，感动不已。
2019年12月，从云南出差回来的王先生与“小雪”约定在武汉见面。
12月6日，两人在“小雪”工作的商场“奔现”。一见面，两人相谈甚欢，互相表露好感。不料，骗局从此拉开帷幕。
简单吃完快餐后，“小雪”拉着王先生的手一同逛街，最终散步到一家服装店。进店后，“小雪”先后看中两件外套、两款包包、一只手表，并不时对王先生开玩笑说：“你看，我穿这个外套好不好看？见你父母合不合适？”
为讨“小雪”欢心，王先生没有多虑，满口答应，支付16650元为“小雪”买下商品。作为回礼，“小雪”在店里购买一条600元的项链，亲手为王先生戴在脖子上。
离开服装店后，两人到附近喝奶茶。“小雪”对王先生委屈地说：“我皮肤不是很好，我怕以后见到你父母，他们会嫌弃。我看中了一套化妆品，希望你能送给我……”说着，她便给王先生发来一套价值4600元的化妆品购买链接。王先生一心疼爱“小雪”，便买了下来。为表谢意，当晚“小雪”主动请王先生吃饭。
12月8日，王先生返回十堰，之后连续多日都未联系上“女友”，这才醒悟自己被骗。
“键盘手”与受害人的聊天记录，其中不少是“专业话术”。受访者供图
江苏的舒先生到武汉市江岸区与一名在相亲网站认识的自称为“晓蕾”的女子约会。见面后，“晓蕾”便邀请舒先生吃饭、看电影。随后，舒先生为“晓蕾”购物花掉1.5万余元。两人分开后，舒先生多次联系“晓蕾”，但她每次都以“工作忙”为由推脱。感觉被骗的舒先生到江岸区派出所报案。
多起案件，套路雷同。民警从“晓蕾”“颖颖”等多个微信号入手调查，发现这些账号的真实使用者均是男性。民警分析，这是一起团伙作案、以婚恋为名的诈骗犯罪活动：犯罪嫌疑人在多个相亲网站冒充女性与目标男子网恋，通过在指定服装店购物、索要红包、借款等方式骗取受害人金钱。
经过调查研判，江岸区警方集中警力，分别到江岸区、江汉区等多个涉案窝点现场展开收网行动，共抓获团伙成员45人，查获涉案电脑19台、手机73部。
据介绍，该诈骗团伙内部分工明确，分别扮演“键盘手”“传号手”和“衣托女”等角色。“键盘手”以男性为主，在实施犯罪行为前期负责冒充年轻女性在相亲网站寻找有消费能力的单身男子，通过聊天建立感情，再以婚恋为名约受害人“奔现”。
一旦有受害人上钩，“键盘手”会将男子信息、约会时间、地点以及历史聊天记录发给“传号手”。“传号手”负责将“键盘手”传回的消息告知老板，同时分配给“衣托女”。“衣托女”根据传回的信息，扮演成网聊对象和目标男子约会，并将受害人带至指定服装店消费，之后再将所购衣物送回，完成诈骗。
为防止受害人事后醒悟报警，该团伙诈骗得手后并不立即“拉黑”或删除受害人，而是以多种借口不再与受害人聊天，表达两人不适合谈恋爱。
办案民警介绍，该团伙自2019年7月“开业”，靠诈骗赚得“盆满钵满”，作案1500余起，涉案金额500余万元。
“键盘手”刘某供述，指定服装店平时正常运营，按吊牌价打折出售商品，而对“衣托女”带来的顾客，售价则高出数倍。该团伙每次得手后，参与诈骗的“键盘手”可按诈骗金额提成40%，“衣托女”提成20%。
刘某入伙一个多月，谈成十几名男网友，通过“衣托女”线下约会，套路受害人消费4万余元，从中获利1.6万余元。
2020年7月，该诈骗团伙13人涉嫌诈骗罪被移送至武汉市江汉区检察院审查起诉。据检察官胡继宗介绍，涉案人员以“90后”和“00后”为主，文化程度多为初、高中学历，以婚骗作为职业。
为扩大诈骗规模，该团伙把在武汉多地租用的住所打造成办公地，安置多台电脑供“键盘手”使用。
“键盘手”杨某供述，事前他们会在网上搜集美女图片，虚构女性姓名，再到一些婚介网注册账号，找同城、附近和省内的男性聊天。
为达到见面、消费的目的，他们一般会为自己虚构的女性角色塑造良好形象，并主动与目标男子谈缘分、聊结婚，借机“约会”。
胡继宗说，为防止露出破绽，该团伙还提供专业培训，制定一整套专业话术供“键盘手”参考使用。如怎样假扮女性和目标男子聊天，如何在聊天过程中套取对方工作、爱好、家庭情况、择偶标准等资料，如何与目标男子建立“感情”，并将其约到指定地点见面等。
如果目标男子有饮酒、吸烟的爱好，为巩固两人“感情”，“键盘手”在日常聊天中还会偶尔“关心”受害人不要过度饮酒、吸烟。
对于一些消费能力强的目标男子，该诈骗团伙会“格外关注”。“受害人王先生开始陷入骗局的时候就被‘键盘手’做了备注，称‘这个人有钱，一定要想办法留住’。”胡继宗说。
2020年9月，江汉区检察院将本案起诉至江汉区法院。近日，法院判决下达，该团伙头目廖某被判处有期徒刑3年4个月，其余12名团伙成员分别被判处有期徒刑1年至2年9个月不等。（记者田中全）",催婚|单身|婚恋|对象|恋爱|相亲|结婚,ambiguous,remove
China News Service,2021-06-10,诈骗对象多为海外华人 江西警方打掉一电信诈骗犯罪团伙,"中新网 南昌6月10日电 (记者 李韵涵)记者10日从江西省南昌市经开公安分局获悉，近日该局成功打掉一个以网络招嫖方式实施诈骗的犯罪团伙，诈骗对象多为海外华人。
6月6日，民警在对部分案件线索深入调查中发现，辖区一居民小区出租房内可能藏匿诈骗窝点。经过缜密调查、精心部署，刑侦大队组织民警进入该窝点，成功抓获鄢某、张某某和何某某等三名诈骗犯罪嫌疑人，现场缴获用于作案的手机20余部，并在手机内发现大量的招嫖和淫秽信息。
经调查：2020年10月以来，鄢某(男，25岁，江西赣州人)、张某某(女，20岁，江西赣州人)和何某某(女，18岁，江西赣州人)三人通过探探、微信等聊天工具，以海外华人为作案目标，假借提供性服务为由骗取钱财。目前，已有20余名华人被骗，涉案金额数万元。
据鄢某供述，其通过网上购买探探号和微信号，自己修改手机位置信息，谎称身在英国伦敦、曼彻斯特、爱丁堡等大城市。随后，通过探探号、微信号寻找目标，在验证信息中询问对方是否需要性服务。待对方添加好友后，发送事先准备好比较裸露的年轻女子照片，引诱对方约定见面地点。在见面前，借口担心小姐人身安全，要求对方先交一笔消费金，一般为100-200英镑。对方交钱之后，就以各种理由推迟见面。当对方要求退钱时，直接在网上叫第三方打电话，威胁将告诉他们家人或向英国警方报警遣送，要求他们继续交钱。部分受害人受到威胁后会按照指示，通过微信转账或购买谷歌商店礼品卡等方式，将钱转给鄢某。
目前，在国内相关互联网公司的协助下，警方已联系上一批受害人，案件正在进一步侦办中。(完)",对象,ambiguous,remove
China News Service,2021-06-30,坚定理想信念 汲取前进动力——“七一勋章”获得者和全国“两优一先”表彰对象先进事迹激励党员群众在各自岗位上奋勇拼搏,"新华社北京6月30日电 题：坚定理想信念 汲取前进动力——“七一勋章”获得者和全国“两优一先”表彰对象先进事迹激励党员群众在各自岗位上奋勇拼搏
“用人生浇灌着理想，用岁月描绘着信仰。他们不平凡的人生，是千千万万党员的缩影。”“基层党员是什么样，党在群众心中就是什么样。”……
“七一勋章”获得者和全国“两优一先”表彰对象的先进事迹引发社会广泛关注和强烈反响。大家表示，要从他们身上汲取前进动力，坚定信念、践行宗旨、拼搏奉献、廉洁奉公，在各自岗位上奋勇拼搏，不断把为崇高理想奋斗的实践推向前进。
具有坚忍执着的理想信念，这是“七一勋章”获得者和全国“两优一先”表彰对象鲜明的标识。
34岁的吴光香是沂蒙山根据地景区解说员，当她通过电视直播看到马毛姐坐在轮椅上获颁授勋章时，眼眶湿润了。
“‘七一勋章’获得者和全国‘两优一先’表彰对象用人生浇灌着理想，用岁月描绘着信仰。他们不平凡的人生，是千千万万党员的缩影。”吴光香说，他们的事迹鼓舞着自己，继续做好红色解说员这份砥砺精神、传承信仰的事业，把感人的红色故事讲给更多人听，让红色基因代代相传。
作为一名“00后”党员，浙江农林大学本科生何卓京说，“七一勋章”获得者和全国“两优一先”表彰对象无不秉持赤诚的信仰坚定前行，是新时代青年党员学习的楷模。
何卓京说，红色基因代代相传，在党员教师的带领下，同学们经常利用寒暑假深入基层开展服务“三农”实践。“我相信，一次次农村调研中积累的知识能更好助力我们青年大学生未来发展。我更坚信，有了崇高而坚定的理想信念作支撑，莘莘学子的青春答卷必将在祖国广袤的大地上铺展。”
心中装着人民、工作为了人民，这是“七一勋章”获得者和全国“两优一先”表彰对象共同的追求和境界。
6月29日上午，在“七一勋章”获得者黄文秀生前战斗过的广西百色市乐业县新化镇百坭村，50岁的村民班统茂身着民族服装，来到新的村部办公楼，和乡亲们一起收看了“七一勋章”颁授仪式。
从贫困户到村里的致富带头人，班统茂觉得自己的好日子是文秀书记带来的。不久前，班统茂向组织递交了入党申请书。“我也想像文秀书记一样，为村里的发展尽自己的力量。”
在“七一勋章”获得者和全国“两优一先”表彰对象中，不乏扎根基层的党员干部。他们数十年坚守在基层一线，急群众之所急，解群众之所难，一心一意为百姓造福。
得知自己的同行们获得了如此高规格的表彰，新疆师范大学驻新疆莎车县达木斯乡依其拜勒提村第一书记助理、已驻村两年的赵士城非常激动：“我将以他们为榜样，扎根基层，把工作做进群众心坎里。”
赵士城所在的村子位于昆仑山深处，曾是深度贫困村，去年整村脱贫。“基层党员是什么样，党在群众心中就是什么样。”34岁的赵士城说。
忠诚履职尽责，这是“七一勋章”获得者和全国“两优一先”表彰对象的共同特质。
在35岁的陕西省佳县人民医院儿科主治医生魏涛薇眼里，此次获得表彰的全国优秀共产党员、自己所在医院的原副院长路生梅是她人生道路和职业生涯上的一面旗帜。
“路医生数十年如一日站在患者角度考虑问题是我最感佩的。”魏涛薇表示，“她用行动诠释了什么是忠诚履职、什么叫医者仁心。”
对成都职业技术学院2019级学生唐杰而言，他的榜样是“七一勋章”获得者、湖南华菱湘潭钢铁有限公司焊接顾问艾爱国。“他在焊工岗位奉献50多年，集丰厚的理论素养和操作技能于一身，多次参与我国重大项目焊接技术攻关，攻克数百个焊接技术难关，是当之无愧的‘大国工匠’。”
唐杰刚刚代表四川省参加了2021年全国职业院校技能大赛，他和团队成员一起努力，获得全国一等奖。“我要秉持艾师傅‘做事情要做到极致、做工人要做到最好’的职业信念，以技报国，为推动我国制造业高质量发展贡献自己的力量。”唐杰说。
“他们的事迹可学可做，他们的精神可追可及。”47岁的制药领域科研人员、上海市优秀共产党员左亚军说，“我们要从‘七一勋章’获得者和全国‘两优一先’表彰对象身上汲取前进动力，埋头苦干、攻坚克难，努力创造无愧于党、无愧于人民、无愧于时代的业绩。” 【编辑:陈海峰】",对象,ambiguous,remove
China News Service,2021-08-18,上海新增1例本地确诊病例 已排查的7347名筛查对象核酸检测结果均为阴性,"8月18日，上海举行疫情防控新闻发布会。会上通报了新增确诊病例的密接人员排查情况。
截至8月18日18时，上海市已排查到新增确诊病例的密切接触者10人，均在上海，已全部落实集中隔离措施，首次核酸检测结果均为阴性。
已排查到密接的密接66人，全部落实集中隔离措施，核酸检测结果均为阴性。
已排查到7347名筛查对象，并完成核酸采样，核酸检测结果均为阴性。
目前已对病例相关场所的物品、环境等进行采样，已检测272份样本，结果均为阴性。(总台记者 梁志玮 王殿甲 孙慧升 郭恩友) 【编辑:田博群】",对象,ambiguous,remove
China News Service,2021-09-03,“恋爱脑”过时了？这届年轻人喜欢势均力敌的爱情,"“恋爱脑”过时了？ 这届年轻人喜欢势均力敌的爱情
痴迷型依恋的人，内心对自己的看法是消极的，伴侣在他们心中的形象是非常积极的，所以他们才像丢了魂一样，希望这个好伴侣不要抛弃“差劲”的自己。
《你是我的荣耀》大结局了，航天设计师于途和女明星乔晶晶的爱情甜倒了一众网友。两人不仅甜，还都热爱工作，于途科研忙碌，加班是常态，回家还要写论文。乔晶晶的敬业人设也屹立不倒，坚持用作品说话。
有人评论道：“这才是美好爱情呀，小时候我喜欢的那些爱情剧都是啥奇葩？”
回想一下今年热播的情感剧，主角似乎都是爱情事业两手抓，彼此专一又甜蜜。《你是我的城池营垒》讲的是特警队长和神经外科医生的故事，两个人因为工作相识，还曾联手对付劫匪；《御赐小仵作》讲的是王爷和女仵作的故事，两人相知相爱是因为一起办案，全程双双智商在线。
这届观众是不是不再吃“恋爱脑”甜剧，也不喜欢“恋爱脑”了呢？
以前的电视剧总喜欢演“恋爱脑”：富家公子为了出身贫寒的女主，和家中决裂，放弃学业和事业，只想和她在一起……比如经典偶像剧《流星花园》，出身平凡的姑娘杉菜被富家公子道明寺一心爱慕，F4中的其他人也对她有特殊的情感；《一起来看流星雨》中，出身平凡的楚雨荨被霸道总裁慕容云海钟爱，还被端木磊默默守护……这些剧，曾让无数女孩希望自己也能成为女主。
生活中也有“恋爱脑”的人，无时无刻不想缠着男友，一分开就打电话，发微信要求男朋友秒回，加班是不可能的，因为要回家给男朋友做饭，即便分手了，也会继续追赶和纠缠……
旁人看了不禁好奇：这些过度“恋爱脑”的人是怎么想的？心理学家说，他们可能是痴迷型依恋的人。
在亲密关系中，人们的表现各不相同，有人回避亲密，想多获得一些独立的时空；有人担忧被抛弃，想多听伴侣表达爱意。根据回避亲密、担忧被弃这两个维度上的不同表现，成年人的依恋类型大致可以分为以下四种：
安全型依恋：无论是和伴侣亲近还是独处，都能很舒适；
疏离型依恋：非常回避亲密，觉得自己不怎么需要亲密关系；
恐惧型依恋：既回避亲密，又担心自己不被喜欢，十分纠结；
痴迷型依恋：过度依赖，也就是“恋爱脑”的表现啦！
究其根本，痴迷型依恋的人，内心对自己的看法是消极的，伴侣在他们心中的形象是非常积极的，所以他们才像丢了魂一样，希望这个好伴侣不要抛弃“差劲”的自己。
势均力敌搞事业的CP，才是这届年轻人想嗑的
因为在痴迷型依恋的人心中，自己和伴侣的形象有着天壤之别，所以两人心理上并不平等，相处起来也总是充满了“拯救”和“被拯救”的戏码。需要说明的是，这种不平等与现实中金钱、社会地位的不平等并不完全一致，痴迷型依恋的“王子”可能需要“灰姑娘”的救赎，痴迷型依恋的姑娘也可能把跟自己差不多的男友视为现实世界里唯一的光。
我们越来越多地更喜欢在心理上势均力敌的CP，这样才更符合现实，做出的事情也更“智商在线”，让人们感受到明确的真实感。
进入21世纪后，关于婚姻中夫妻决策权的心理学研究往往发现，相比上世纪，伴侣两人更多地共同进行决策，更平等了。
并且，越是平等相处的伴侣就越幸福，平时越少争吵，这种样貌也越来越多地成为现在年轻人心中美好爱情的模样。
在《你是我的荣耀》中，乔晶晶对于途从来不摆明星架子，于途被同学嘲讽时，乔晶晶巧妙地借酒给他解围，并且话术巧妙，不让于途觉得为难。于途也从来不觉得乔晶晶笨，在前女友面前维护晶晶。虽然有时候调侃她“需要多吃淀粉”，但从来不把她当傻子糊弄。最重要的是，两个人尊重彼此的意愿，喜欢对方真实的模样。于途的前女友曾因为他追逐航天梦想而提分手，但乔晶晶一直都支持他做科研；乔晶晶的前男友曾让她放弃事业，相夫教子，但于途会陪她读剧本，让她不必考虑自己的感受而避开亲密戏。
嗑CP，表面看起来嗑的是CP两人，其实嗑的都是我们真实生活中情感的投射。我们羡慕强者，也欣赏权力平等、相处甜蜜的爱情，所以在书籍、影视剧中嗑又甜又强的CP，就成了我们寄托美好期望的方式。
甜甜的恋爱轮到我时，该怎么保持智商在线？
即便我们对恋爱有诸多见解，但当甜甜的恋爱轮到自己时，也会有点手足无措：该怎么搞事业和搞爱情两不误呢？
其实，当痴迷型依恋的人陷入“恋爱脑”时，他们想要黏着的对象，并不一定是当下的伴侣，而可能是小时候没能满足自己、回应自己的那个照顾者。痴迷型依恋的人，小时候可能有一个对自己不稳定的照顾者，有时候能亲亲抱抱举高高，但有时候又非常冷漠，所以他们喜欢黏人，希望得到更多的亲密，免得不知什么时候别人又会变成冷漠的样子。
所以，当发现自己“恋爱脑”上头、特别需要不顾一切黏着伴侣时，先不要着急，暂停一下，通过几次深而长的呼吸，或者通过默念身边有什么东西，来打断“自动化”的焦虑，回到现实、回到当下，看到现在这位伴侣是稳定的，而不是想象中时而有回应、时而不搭理的模样。
更根本的方法，是从心里相信自己的价值，提升自己在心中的地位。可以写一段关于自己积极方面的文字：我有哪些优点，擅长做什么，有哪些重要的品质和能力，有哪些事情可以证明我还不错，也可以让伴侣来夸夸自己……这样既能感受到他的回应，让他在自己心中的形象更稳定，又能提升自己的价值感，对自己的认知更积极，一举两得。
祝你也遇到真正欣赏你的人，拥有势均力敌的亲密关系。
殷锦绣 来源：中国青年报 【编辑:房家梁】",伴侣|婚姻|对象|恋爱,ambiguous,keep
China News Service,2021-09-17,日本拟大范围进行放宽行动限制试验 疫情严重地区或为主要对象,"中新网 9月17日电 当地时间16日，据日本共同社报道，随着新冠疫苗接种取得进展，日本政府拟放宽行动限制，并计划10月大范围开展实证试验。试验场所拟以发布紧急事态宣言的19个都道府县和防止蔓延等重点措施的8个县为中心。
报道称，11月预计放宽行动限制正式开始，在此之前，日本政府开始研究如何兼顾抑制新冠疫情和经济活动。
13日，日本政府开始征集参加试验的都道府县，首都圈1都3县和大阪府、福冈县等已发布紧急事态宣言和防止蔓延等重点措施的地区成为试验候选地。试验场所设想包括数百家餐饮店和10个左右的小型音乐厅。征集于17日截止。目前，作为紧急事态宣言对象的埼玉县、大阪府和福冈县已表明参加意向。
据称，日本政府拟利用“疫苗和检测均可”机制，即放宽行动限制时，只要有接种过2次新冠疫苗或检测阴性证明即可成为放宽对象。
试验中也采用这一机制。将经第三方认证，充分采取了防疫对策的餐饮店作为试验场所，允许延长营业时间和提供酒类，场所内将检验工作人员能否在店内切实检查顾客的检测证明等。
另一方面，音乐厅内将提高规定人数的容纳率，试验将检查入口处确认检测证明的状况。餐饮店和音乐厅等各会场的试验期间为1周左右，具体放宽到何种程度将由参与的日本地方政府和中央政府协商后决定。
此外，日本政府还考虑进行接纳数万名观众的体育比赛等大型活动的试验。
据报道，当地经济受到新冠疫情沉重打击的地方政府高度关注此事。日本政府认为，有可能在超过10个都道府县开展试验。但仍有专家对仓促放宽限制表示担忧。
日本新冠感染症对策小组会会长尾身茂16日在国会强调称，“紧急事态下不应该那样做”。
日前，日本政府决定，在希望接种者完成接种的11月前后放宽行动限制。除了允许餐饮店提供酒类之外，即使在紧急事态宣言期间，也允许跨都道府县的旅行及举办大型活动。",对象,ambiguous,remove
China News Service,2021-09-23,新加坡华社自助理事会将增加个案管理援助对象,"中新网 9月23日电 据新加坡《联合早报》报道，新冠疫情期间求助者增加，新加坡华社自助理事会(华助会)以个案管理方式提供援助的对象从疫情前的每年700户家庭增加至去年的900户，今年预计会进一步增至1000多户。
当地时间9月19日，新加坡华助会在大巴窑公园举办了“幸福一家植树乐”活动。活动由华助会与新加坡国家公园局合办，除了让受惠于华助会援助计划的家庭增进家庭凝聚力，也让他们有机会为公园局的“百万树木运动“献出一份力。
因为疫情缘故，植树活动分三天展开。三天活动预计会有45户家庭参与，在大巴窑、马西岭和乌鲁班丹公园种下约120棵树。
新加坡交通部高级政务部长、华助会董事会成员徐芳达19日参与了植树活动。徐芳达接受媒体访问时说，华助会为弱势家庭提供的帮助如同照顾树木，需要长时间以不同的方式协助他们克服种种挑战与困难，慢慢改善他们的生活。
为了提供更针对性的援助，华助会以个案管理的方式，根据不同家庭的需要量身定制他们的援助配套。徐芳达表示：“这包括孩子上学的费用，疫情期间一些家长的工作也受影响，我们就与全国职工总会就业与培训中心合作提供培训，让他们在换工作时能更加顺利。”
徐芳达也说，疫情期间求助者增加，今年接受个案管理援助的对象预计会增加至1000多户家庭。“能不能帮助更多家庭，也要看我们有没有足够的资源，如果有的话我们当然很乐意扩大对弱势群体的帮助。”(李思敏) 【编辑:王琴】",对象,ambiguous,remove
China News Service,2021-10-02,澳门红黄码区人士及重点对象核酸检测结果皆阴性,"中新社 澳门10月2日电 (记者 龙土有)澳门新型冠状病毒感染应变协调中心2日表示，澳门对红、黄码区人士及重点防控对象采取每天检验核酸的措施，截至10月1日，全部结果皆为阴性。
澳门仁伯爵综合医院医务主任戴华浩介绍，卫生局公共卫生临床中心目前有1例外地输入确诊者及6例输入相关确诊者，7位患者均病情稳定、无发烧、无呼吸道症状，恢复情况良好。截至10月2日，澳门连续4天没有新增确诊病例，累计确诊病例71例，至今没有出现小区传播，无死亡病例。
自10月4日起，澳门非高等教育学校恢复上课，而高等院校则容许恢复面授教学。教育及青年发展局副局长龚志明表示，政府与教育界商讨并发出复课指引，内容包括非高等教育复课首周，家长可自行决定是否让学生回校；居于红、黄码区的师生不可以进入校园；暂停一切体育活动及余暇活动，避免开展运动、歌唱、表演等不佩戴口罩的活动等。
龚志明称，由10月25日起，高等院校教职员工和大学生、非高等教育学校的教职员进入校园，须出示至少已接种第一剂疫苗的证明，或出示核酸检测7天阴性的证明，而持有卫生局发出“不适合接种新型冠状病毒疫苗医生评估证明书”的师生，可豁免有关核酸检测费用。
就粤澳口岸最新通关安排，澳门警察总局警务联络及公共关系处处长张健欣表示，会继续与珠海和广东有关部门保持沟通，若有最新消息会尽快公布。他呼吁欲经珠澳口岸通关人士，出行前须留意最新通关措施，不要在口岸聚集。(完) 【编辑:孟湘君】",对象,ambiguous,remove
China News Service,2021-10-22,日本把海参、鲍鱼和鳗苗流通列入管制对象以防偷捕,"中新网 10月22日电 据日本共同社报道，日本水产厅日前决定，为打击偷捕，关于向水产品分配编号管理商家之间交易的新管制对象，决定列入海参、鲍鱼、日本鳗的“鳗苗”这3类水产品。此举意在使从捕捞到卖给消费者的流通过程透明化，从而减少违法捕捞及由此导致的水产资源减少。
海参和鲍鱼在规定新管制对象的《水产品流通规范化法》实施的2022年12月起成为对象，但考虑对鳗苗设置过渡期，从2025年12月起适用新规。水产厅将公开征集意见后正式决定。
该法2020年12月成立。水产厅最初设想的对象是海参和鲍鱼，但该厅讨论会议今年8月认为偷捕次数和捕捞量下降很大，以及单价高昂的问题十分严重，因此提出方针把鳗苗也列入其中。
据日本水产厅称，偷捕的年查获次数(2009至2018年平均)为海参31起、鲍鱼139起、鳗苗55起。平均一公斤单价(2010至2019年平均)为海参2490日元、鲍鱼7328日元，而鳗苗则高达170.7万日元。
新管制措施规定，捕捞出售上述3种水产品的渔业商家和加工流通业者，必须向农林水产省提交申请。渔民在每次交易时需把农水省分配的包括编号在内的16位“捕捞编号”告知出货对象。在各流通阶段，除告知编号外，还必须制作交易记录并保存，在发现违法捕捞产品时，可以进行追溯调查。
鳗苗进入养殖地的量远多于在许可地区捕捞的报告量，被怀疑偷捕和非法销售的现象肆虐，但渔商等对新管制措施感到负担较重。水产厅表示，修改渔业法后将从2023年起关注加强偷捕处罚力度的效果，因此决定对适用设置过渡期。",对象,ambiguous,remove
People.cn,2021-11-08,奋力前行建设民族团结进步示范区,"5年一瞬，云岭巨变。在以习近平同志为核心的党中央坚强领导下，省委认真学习贯彻习近平新时代中国特色社会主义思想和习近平总书记考察云南重要讲话精神，增强“四个意识”、坚定“四个自信”、做到“两个维护”，统筹推进“五位一体”总体布局、协调推进“四个全面”战略布局，团结带领全省各族干部群众努力建设民族团结进步示范区、生态文明建设排头兵、面向南亚东南亚辐射中心；克难攻坚、砥砺奋进，历史性地解决了绝对贫困问题，全面建成小康社会，与全国人民一道实现了第一个百年奋斗目标。
在省第十一次党代会即将召开之际，本报从即日起开设“在习近平新时代中国特色社会主义思想指引下 以优异成绩喜迎省第十一次党代会召开”专栏，全面回顾5年来云南经济社会发展取得的巨大成就、发生的历史性变化，生动展现全省各族干部群众牢记习近平总书记殷殷嘱托，建设好美丽家园、维护好民族团结、守护好神圣国土的奋斗故事。
“脱贫是迈向幸福生活的重要一步，要继续抓好乡村振兴、兴边富民，促进各族群众共同富裕，促进边疆繁荣稳定。”今年8月，习近平总书记给沧源县边境村的老支书们回信，勉励他们继续发挥模范带头作用，引领乡亲们建设好美丽家园，维护好民族团结，守护好神圣国土。云南各族群众，始终是总书记的深情牵挂。2015年、2020年，习近平总书记两次考察云南都深入民族村寨看望各族群众，并要求云南努力建设成为我国民族团结进步示范区。
牢记总书记的嘱托，省委、省政府认真贯彻落实习近平总书记关于加强和改进民族工作的重要思想和考察云南重要讲话精神，以铸牢中华民族共同体意识为主线，把民族团结进步示范区建设作为全省经济社会发展的重大定位，集全省之智、举全省之力扎实推进。过去5年，全省民族自治地方生产总值年均增长8.4%，经济社会发展主要指标年均增幅均高于全省平均水平，少数民族和民族地区实现跨越式发展，各族群众民生福祉大幅提升，边疆民族地区治理能力显著提升，各民族交往交流交融、相知相亲相惜，像石榴籽一样紧紧抱在一起，中华民族共同体意识不断增强。近年来，民族团结进步示范区建设不断取得一项项新进展，积累下一个个好经验。
党对民族工作的领导更加坚强有力。5年来，云南省坚持把习近平新时代中国特色社会主义思想和习近平总书记考察云南重要讲话精神作为抓好民族工作的根本遵循，建立健全“党委领导、政府负责、有关部门协同配合、全社会通力合作”的工作格局，在经济、民生、文化、生态等方面促进各民族交往交流交融，形成了各族人民“感党恩、听党话、跟党走”的共识，中华民族共同体意识不断增强。
少数民族和民族地区实现跨越式发展。5年来，云南省始终把发展作为解决民族地区各种问题的总钥匙，目前，已实施了3轮民族团结进步“十县百乡千村万户”示范引领建设工程，助推各族群众全部脱贫、11个“直过民族”和人口较少民族整族脱贫。近年来，民族地区基础设施全面改善：机场、高铁、高速公路逐步连通了那些曾经“峰际连天，飞鸟不通”的山乡，一批大中型水库陆续建成，所有行政村实现4G网络、宽带全覆盖，“无电人口”通电问题全部解决。民族团结进步示范乡镇和示范村基本形成了“一村一品、一乡一业”的特色产业发展模式。
少数民族群众民生福祉大幅提升。民族地区所有义务教育学校“20条底线”全部达标，职业教育、高等教育及少数民族高层次人才培养成效明显。对民族地区贫困群众全部给予技能培训、提供岗位推荐等就业服务，2020年全省全年新增转移就业165.53万人，其中“直过民族”15.62万人。加大民族地区卫生健康事业发展保障力度，民族地区贫困群众已全部参加基本医疗保险和大病保险。“直过民族”聚居区完成32.6万人易地搬迁任务，民族地区4类重点对象农村危房改造全部“清零”。加大了农村低保资金和临时救助资金等保障力度，“十三五”期间民族地区平均每年有206.71万名困难群众享受最低生活保障待遇，累计实施临时救助194.09万人次。
中华民族共有精神家园逐步形成。5年来，云南省推出一系列增强文化认同、推动传承保护、促进创新发展、加强交流互鉴之举，积极构筑各民族共有精神家园。各民族交往交流交融更加频繁。通过持续开展民族团结进步创建，云南省已营造出各地各部门互观互鉴、比学赶超，“民族工作大家做，民族团结一家亲”的浓厚氛围。同时，还与多省（区、市）联动，加强和改进少数民族流动人口服务管理，建立互嵌式社会结构和社区环境，进一步凝聚各民族共建共享美好家园的共识。
边疆民族地区治理能力显著增强。现已实施两轮“兴边富民工程改善沿边群众生产生活条件三年行动计划”，并大力推进现代化边境小康村建设。坚持用法治保障民族团结、协调民族关系，制定施行《云南省民族团结进步示范区建设条例》及《实施细则》等，从法制和政策层面立起了边疆民族地区治理的“四梁八柱”。（唐薇 李正雄 张潇予）",对象|相亲,ambiguous,remove
People.cn,2021-11-09,为幸福护航 促家庭和睦,"在观山湖区政府政务大厅二楼的婚姻登记处，有两间专门设置的房间，这就是观山湖区妇联着力打造的全省首批、贵阳市第一家专业化“婚姻家庭辅导室”。这个婚辅室，从今年4月到10月，通过辅导师、律师等专业人士的干预化解，已经调解了155个家庭纠纷，成功辅导92对夫妻矛盾和解，社会效益初显。
近年来，随着经济社会不断发展变化，人们的思想观念正在发生着深刻变化，对婚姻的理解、对家庭关系的维护也提出了新的课题。开展婚姻家庭辅导成为社会治理工作中不可或缺的部分。
2020年11月，贵州省妇联印发了《关于开展婚姻家庭辅导室项目建设的通知》，通知中，将在全省4个县（区）开展专业化“婚姻家庭辅导室”项目，观山湖区成为其中之一。
在省、市妇联的积极帮助、指导下，观山湖区妇联按照有办公场所、有专人负责、有职责制度、有登记台账“四有”标准，首批建设了“婚姻家庭辅导室”。
在项目建设前期，观山湖区调拨了专项经费保障婚辅室各项工作。
2021年3月，“观山湖区婚姻家庭辅导室”建设完成，4月投入使用。
“观山湖区婚姻家庭辅导室”着力于婚姻家庭矛盾纠纷排查化解工作，认真探讨解决问题的有效方法和措施。
“在‘婚辅室’，我们招募了省心理咨询师协会有资质、有经验的心理咨询师、婚姻家庭指导师开展辅导。同时，我们还招募了专业的公益律师志愿者，一起开展咨询服务。”区妇联负责人说，“婚辅室”有专人负责，建立了职责制度，认真执行台账登记，并及时进行分析总结，自成立以来，得到来访者的认可。
“到我们‘婚辅室’的来访者，有文化差异、经济压力、生育问题、婆媳关系等各种原因致使婚姻状况不好甚至危急的夫妻，我们通过交流沟通，力争找到来访者双方矛盾存在的根源，并给出合理化的建议和调整方向。”国家二级心理咨询师、社会工作师、“婚辅室”辅导老师吕静艳说，在对当事人的辅导中，老师们首先是认真倾听，随后根据交流情况进行案例分析并找出矛盾根源，同时引导双方换位思考。“每个家庭的矛盾不尽相同，我们尽量从婚姻家庭经营的根源上找到问题，找出解决方案，同时疏导来访者的负面情绪，帮助调适他们的心态，引导家庭成员正确合理宣泄情绪或者通过法律的途径正确解决问题，最大限度地减少当事人的心理创伤和矛盾，协助夫妻学会化解婚姻危机，避免矛盾升级。”吕静艳说，在工作中，辅导老师也在不断总结、梳理各类案例，以进一步找到更好的解决方案。
“‘婚辅室’运行半年多来，有办理离婚窗口的工作人员介绍过来的辅导对象，有从各种渠道得知‘婚辅室’并主动前来咨询的夫妇，有些来访者，在咨询师辅导后，又针对婚姻随时出现的问题，再次来访。”区妇联负责人说，“婚辅室”的心理辅导师、律师等，以不同形式，发挥专业所长和各自优势，坚持从婚姻家庭经营的根源上入手，帮助夫妻双方学会处理婚姻情感问题，有效筑牢了婚姻家庭调解“第一道防线”，在促进婚姻家庭和谐及社会稳定中发挥了积极作用。
据统计，截至10月底，“婚辅室”共接待155个家庭、291人次，调解家庭矛盾类型包括夫妻关系、亲子关系、婆媳关系、妯娌关系等，成功调解率达到95%。其中，结合今年实施的《民法典》离婚冷静期的有关规定，成功劝解92对夫妻（年龄最大73岁、年龄最小23岁）放弃或暂缓离婚的想法。
“一个家庭，从成立之初，就是一个持续成长的历程。”区妇联负责人说，区妇联将根据实际情况和对“婚辅室”运行过程的不断总结，随时调整、完善服务的内容和形式。
谈到下一步工作打算，区妇联负责人说，一是计划将工作关口前移，将矛盾纠纷化解在萌芽之中，充分发挥心理咨询师、婚姻家庭咨询师的专业优势开展婚前辅导，对申请婚姻登记的双方进行婚前培训，向他们宣传《民法典（婚姻家庭编）》《妇女权益保障法》等法律教育，帮助新人做好进入婚姻的准备。二是提供婚内心理调适服务，帮助夫妻学会化解婚姻危机技巧，并结合婚姻问题，进一步探索专业化法律咨询服务。三是广泛开展“家庭、家教、家风”的教育宣传活动，宣传普及家庭教育知识，推进家庭教育服务体系建设，引导家庭成员，培育积极健康的家庭文化，树立和传承优良家风，弘扬中华民族家庭美德。
人民日报社概况 | 关于人民网 | 报社招聘 | 招聘英才 | 广告服务 | 合作加盟 | 供稿服务 | 数据服务 | 网站声明 | 网站律师 | 信息保护 | 联系我们
服务邮箱： kf@people.cn 违法和不良信息举报电话：010-65363263 举报邮箱： jubao@people.cn
互联网新闻信息服务许可证10120170001 | 增值电信业务经营许可证B1-20060139 | 广播电视节目制作经营许可证（广媒）字第172号
信息网络传播视听节目许可证0104065 | 网络文化经营许可证 京网文[2020]5494-1075号 | 网络出版服务许可证（京）字121号 | 京ICP证000006号 | 京公网安备11000002000008号
人 民 网 版 权 所 有 ，未 经 书 面 授 权 禁 止 使 用 Copyright © 1997-2021 by www.people.com.cn. all rights reserved",婚姻|婚姻登记|对象|离婚冷静期,ambiguous,keep
People.cn,2021-11-09,超九成受访大学生认为匿名社交存在风险,"回忆起最初下载匿名社交App时的场景，张乐年仍印象深刻。夜晚，刚刚步入大学校园的她百无聊赖地翻看着应用商店里提供的软件。当手指在屏幕上驻留，一款从图标到名字都颇具设计感的匿名社交App，让热衷于接受新鲜事物的她眼前一亮。抱着极大的好奇心，她下载了这款软件，期待着能在其中探索到一个从未了解的世界。
曾通过匿名社交软件结识过不少好友的肖泽认为，在匿名社交的环境里，每个人都更容易表现出自己最真实的一面，交到真正和自己契合的朋友。在使用匿名社交App的4年时间里，肖泽和毕业多年的同专业学长聊过对未来的规划，曾帮助刚到中国的马来西亚留学生适应生活，与远在2000公里外、同为高考而焦虑的同龄人互诉烦恼。
网友“枣枣”将匿名社交软件比喻为“生活的2.5次元”，“意思是由我自己构建的、介乎于漫画与现实的‘表达乌托邦’。”然而，匿名下的社交圈并不能完全成为理想中的桃花源，“匿名社交软件中不怀好意的人很多，加上很多软件策划人喜欢拿‘找灵魂伴侣’这一点来营销，导致交友功能被忽略。”
随着匿名社交的蓬勃发展，各大匿名社交软件迅速完成用户积累，某匿名社交App所属公司发布的《2020年新世代社交趋势洞察》报告中透露，95后、00后等是其用户主力。为探知青年对匿名社交软件的看法，中国青年报・中青校媒面向全国大学生展开问卷调查，共回收来自175所高校的3620份有效问卷。调查显示，35.52%受访大学生表示自己曾使用过匿名社交应用，90.69%受访者认为匿名社交存在一定风险。
在某社交软件搭建的“匿名社区”里，一则名为“失眠的时候，你在想什么”的话题讨论帖引起了肖泽的注意，备受考前焦虑困扰的他缓缓敲下一行文字：“我的艺考和高考成绩一定不能辜负我的家人。”令他没想到的是，很快他便收到了许多来自陌生网友的回复。一条条写着“加油，晚安”“加油，你是最棒的”“努力下去就好，心理压力别太大”的留言出现在自己的帖子下，不断闪烁的屏幕照亮了那个失眠的夜。如今，已在福建某高校就读播音与主持艺术专业的他再次回忆起这段经历，表示自己非常感谢这些陌生人的鼓励。
内向的肖泽表示，自己有些“社恐”，更愿意通过匿名社交排解情绪。在匿名的“保护”下，自己可以卸下现实社会中的各种压力和包袱，经常性地更新动态。“我可以畅所欲言地聊生活感悟、发趣味段子、秀新学的声线。”肖泽还把自己从180斤到110斤的减肥心路历程和网络上的匿名陌生人分享，经常获得不少评论、点赞，有几次还获得了App首页推荐。很快，肖泽就融入“看似温柔”的匿名社区中。
回归社交需求，徐云蕾直言自己进行匿名社交的目的非常明确――“就是为了谈恋爱”。年初，闺蜜曾向她分享了自己在某匿名社交软件上成功“脱单”的经历，推荐她也试试看。心痒的徐云蕾便在犹豫之下开始了这场“寻觅之旅”。“现实中，我的交友圈比较窄，接触的男生也不多，而在网络社交中能够认识更多男生，选择的机会也更多。”徐云蕾说，“匿名社交不像实名制的软件，需要考虑到现实因素，可以更直接地了解对方最真实的状态，我认为这对接下来的交往很重要。”除了聊天外，徐云蕾也常常将不愿发布在朋友圈里的吐槽、焦虑等小情绪通过匿名社交软件“宣泄”出来。
就读于安徽某高校的张乐年表示，自己在大一时通过匿名社交软件结识了一位同年级的朋友。“我们断断续续地聊天。开心的事情就分享，不开心的事情就吐槽。”虽然她也会和身边的朋友分享交流，但对于张乐年来说，这位陌生世界的匿名好友，让她更放松，“匿名的环境让我们更自由，交流也没有负担”。甚至平日里绝口不提的家中私事，张乐年也会偶尔在匿名世界里倾诉。
匿名社交产品最早可以追溯到2011年。彼时，某社交网站创始人在家周围的区域散发明信片，居民将写上秘密的明信片寄回后，由创始人挑选并登在网站上。2011年9月，他顺应移动大潮，在应用商店上线了一款同名应用，一时大火。该应用的试水敲开了匿名社交的大门，自此之后，国内外类似的匿名社交软件层出不穷。
匿名社交为何备受年轻人青睐？中国矿业大学公共管理学院教授、博士生导师段鑫星根据以往和大学生的访谈经历介绍，在不少大学生看来，网络匿名可以更好地释放情绪、表达自我，甚至可以发泄负面情绪。在匿名的世界里更放松、更自由，实现去个人化、去中心化。
回想起下载匿名App的初衷，肖泽直言自己是出于好奇：“究竟是什么魅力让这么多人都被吸引？”在猎奇心理的驱使下，他尝试着下载了一款匿名社交软件，结果没想到自己一下子就玩得不亦乐乎。在他看来，在匿名社区里，有人分享兴趣爱好，有人发布对现实生活的吐槽，“感觉匿名好像一块‘遮羞布’，很多在现实空间中不方便表达的情绪都在这里释放出来”。
据肖泽介绍，在某匿名社交软件中，系统会根据用户特征匹配对应的连麦对象。“当你聊了5分钟后，就可以选择是否向对方展示个人主页，是否还要继续聊下去。”肖泽表示，自己的家人常年忙于工作，好不容易等到父母在家时和他们说说话，得到的回应却常常是简单的“嗯”“哦”，深入沟通的机会少之又少。于是，虚拟社交里的连麦功能成了最吸引肖泽的设计。“这里有很多人陪我聊天。每当深夜情绪低落又无处释放的时候，我都会在这里分享情绪。”
段鑫星表示，大学生使用匿名社交软件主要用于与外界联系，其次是交友与玩附带游戏。通过传递信息、交流情感，在线下社交未被满足的情况下，把目光转至线上。在段鑫星看来，大学生处在人生成长的关键时期，正确引导大学生社交至关重要。“‘人字’的结构是相互支撑，人是社会性动物，应当走出网络，走进现实的人际关系。有研究发现，与正常大学生相比，痴迷网络世界的大学生对现实人际关系较为冷漠，更不擅长现实的人际交往。”
张乐年把这种从未有过的匿名社交体验，定义为“净土”。不同于线下社交体验，线上匿名社交“更方便吐槽”的优点让当时的张乐年非常心动。在她看来，现实生活中遇到想吐槽的人和事，总有朋友圈的交叉，没法痛快吐槽，总有心理负担，“但是匿名社交的吐槽安全度更高，和朋友圈产生交叉的可能性基本为0，没什么心理负担。”
中青校媒调查结果显示，73.84%受访大学生认为，年轻人下载匿名社交软件是因为性格内向，现实生活中朋友少，愿意通过这种渠道交朋友；63.65%认为匿名环境有助于压力释放；49.53%认为原因在于可以放心地说秘密、吐槽；43.01%表示下载此类软件是为了追求匿名的快乐和刺激；39.64%则认为以兴趣划分的匿名环境可以实现群体认同，找到与自己爱好相似的人；35.80%赞同这是拓展社交圈的一种方式。
段鑫星介绍，正确引导大学生进行交往，一是培养其积极乐观、理性平和的心态，关注大学生网络心理健康，通过开展讲座、团体辅导等；二是通过大学生朋辈辅导，开展小型讨论，“比如大学生参与净化网络环境，探讨我在其中可以做什么。00后是‘电子宝贝’，是数字生活原住民，关注他们的网络心理健康非常必要。”
“匿名在给用户创造交往的‘乌托邦’，但是良好的空间依赖每个用户的自律和他律。”徐云蕾对匿名社交的态度比较积极，认为它可以帮助人们拓展自己的朋友圈，也有不少爱好电影、爱好音乐的朋友，“但是大家在敞开心扉的同时也要注意甄别，保护好自己的合法权益。”
年轻人的2.5次元，是“乌托邦”还是“修罗场”
“糖皮包裹下，也许是毒药。”在肖泽看来，匿名社交环境存在一定风险，稍不注意便会对用户造成伤害。“最大的问题就是隐私的泄露，个人信息是否能得到安全保障让人担忧。”肖泽表示，有时随手分享的一张照片都可能被人推测出具体的活动区域，不经意间就从“匿名状态”滑向了“实名状态”。
“如果你不来，我就给你买1000个‘电话轰炸’！”元宵节前夕，徐云蕾遭到了自己在匿名社交平台上结识的网友的“威胁”。在反复的明确拒绝后，虽然对方没再继续纠缠。但被“威胁”的场景依旧让她后怕。她认为，如果对对方没有足够的信任，不要贸然交换联系方式，也不要过多透露自己的隐私信息。徐云蕾介绍，部分匿名社交平台会在聊天页面的显著位置提醒用户保护个人隐私信息，“但是匿名环境仍容易给游走在法律边缘的人提供可乘之机。”如果在聊天中遇到陌生人问“约吗”，徐云蕾会直接举报投诉对方。
作为一个曾使用过匿名社交App的“过来人”，张乐年对此类软件保持中立的态度。“匿名环境存在潜在风险，新闻中也有报道。情感诈骗、钱财诈骗、个人隐私泄露……甚至是危及人身安全都可能发生，所以使用还是需要慎重。”在她看来，大学生要以理智的态度对待“陌生人社交”，时刻保有冷静的判断力。“在做好自我防护的同时，不要在法律边缘试探。”
中青校媒调查显示，66.46%受访大学生认为匿名环境有利于不实及不当言论的传播，64.17%表示匿名环境对诈骗等行为难以追责，54.17%认为在匿名环境中容易遇到坏人、造成财产损失。同时，信息安全难以保障（61.77%），充斥着暴力、色情等不良信息（54.17%）、导致负面情绪的蔓延（48.59%）、加剧网络暴力（45.72%）亦是受访大学生认为匿名环境中存在的主要风险。
事实上，各类如雨后春笋般涌现的匿名社交软件大都难逃昙花一现的命运。推出后仅3个月，第一款匿名社交应用便因充斥诽谤、暴力、色情等不良信息而迅速下线；而后衍生的一些匿名社交App，也在短期的用户增长后因内容监管、信息安全等问题被强制下线，惨淡收场。
面对飞速发展的信息技术，以及多元化的社交手段，段鑫星认为，监管方要切实履行职责，净化网络风气。平台方有责任做好自己，绝对不能为了吸引流量而放任；大学生也要保持自律。“有效遏制网络的负面效应是高校、网络监管者、社会舆论、大学生合力共治的结果，各方各司其职，才能共同为大学生创造一个良好的网络环境。”
大一下半学期后，张乐年加入了3个学生社团，不断增加的课业压力与丰富的社团活动填满了她的生活，那款曾让她眼前一亮的匿名社交App也被她卸载了。“现实生活中交到的朋友，已经足够撑起我的社交圈了。”张乐年坦言，自己的倾诉欲和交友需求在现实生活中得到了满足。如今，相比于线上匿名社交，她更喜欢线下真实的接触和相处。
在讨论“匿名社交”的话题帖中，有网友将实名社交软件比作“精修版自己”的展览版，将匿名社交App看成与他人分享真实生活的共享屏，“从实名跑向匿名，享受的是没有包袱的‘半熟’氛围，可以更好地记录生活，释放自我。但是刚开启的秘密花园，仍然荆棘丛生。”有网友坦言：“匿名环境终究和现实有差别，心里的问题解决后，就和它say goodbye吧。”
（应被采访者要求，文中受访学生均为化名）
中青报・中青网见习记者 罗希 程思 实习生 王军利 来源：中国青年报
人民日报社概况 | 关于人民网 | 报社招聘 | 招聘英才 | 广告服务 | 合作加盟 | 供稿服务 | 数据服务 | 网站声明 | 网站律师 | 信息保护 | 联系我们
服务邮箱： kf@people.cn 违法和不良信息举报电话：010-65363263 举报邮箱： jubao@people.cn
互联网新闻信息服务许可证10120170001 | 增值电信业务经营许可证B1-20060139 | 广播电视节目制作经营许可证（广媒）字第172号
信息网络传播视听节目许可证0104065 | 网络文化经营许可证 京网文[2020]5494-1075号 | 网络出版服务许可证（京）字121号 | 京ICP证000006号 | 京公网安备11000002000008号
人 民 网 版 权 所 有 ，未 经 书 面 授 权 禁 止 使 用 Copyright © 1997-2021 by www.people.com.cn. all rights reserved",伴侣|对象|恋爱,ambiguous,remove
People.cn,2021-11-09,澄迈为特困供养对象购买住院护理险,"11月8日，澄迈县民政局与中国人民财产保险股份有限公司澄迈支公司签署澄迈县特困供养对象住院护理保险合作协议。自此，澄迈县特困供养对象在住院期间的照料护理将得到有效保障，有助于破解特困供养对象住院医疗期间照料护理难题，进一步提升特困人员供养保障水平。
根据协议，澄迈住院护理险参保对象生病住院期间，将由保险公司请专业护工给予专业的照料护理，确保参保对象能享受到及时、专业的护理服务，进一步增强困难群众的获得感、幸福感和安全感。
据了解，澄迈县探索建立“政府+保险+医护机构”的特困照护服务新模式，能有效破解特困供养人员因住院陪护价格较高、陪护人员到岗不及时、陪护质量无人监管的困境，还会大大减轻乡镇政府和特困供养对象的负担。
人民日报社概况 | 关于人民网 | 报社招聘 | 招聘英才 | 广告服务 | 合作加盟 | 供稿服务 | 数据服务 | 网站声明 | 网站律师 | 信息保护 | 联系我们
服务邮箱： kf@people.cn 违法和不良信息举报电话：010-65363263 举报邮箱： jubao@people.cn
互联网新闻信息服务许可证10120170001 | 增值电信业务经营许可证B1-20060139 | 广播电视节目制作经营许可证（广媒）字第172号
信息网络传播视听节目许可证0104065 | 网络文化经营许可证 京网文[2020]5494-1075号 | 网络出版服务许可证（京）字121号 | 京ICP证000006号 | 京公网安备11000002000008号
人 民 网 版 权 所 有 ，未 经 书 面 授 权 禁 止 使 用 Copyright © 1997-2021 by www.people.com.cn. all rights reserved",对象,ambiguous,remove
People.cn,2021-11-09,超九成受访大学生认为匿名社交存在风险,"回忆起最初下载匿名社交App时的场景，张乐年仍印象深刻。夜晚，刚刚步入大学校园的她百无聊赖地翻看着应用商店里提供的软件。当手指在屏幕上驻留，一款从图标到名字都颇具设计感的匿名社交App，让热衷于接受新鲜事物的她眼前一亮。抱着极大的好奇心，她下载了这款软件，期待着能在其中探索到一个从未了解的世界。
曾通过匿名社交软件结识过不少好友的肖泽认为，在匿名社交的环境里，每个人都更容易表现出自己最真实的一面，交到真正和自己契合的朋友。在使用匿名社交App的4年时间里，肖泽和毕业多年的同专业学长聊过对未来的规划，曾帮助刚到中国的马来西亚留学生适应生活，与远在2000公里外、同为高考而焦虑的同龄人互诉烦恼。
网友“枣枣”将匿名社交软件比喻为“生活的2.5次元”，“意思是由我自己构建的、介乎于漫画与现实的‘表达乌托邦’。”然而，匿名下的社交圈并不能完全成为理想中的桃花源，“匿名社交软件中不怀好意的人很多，加上很多软件策划人喜欢拿‘找灵魂伴侣’这一点来营销，导致交友功能被忽略。”
随着匿名社交的蓬勃发展，各大匿名社交软件迅速完成用户积累，某匿名社交App所属公司发布的《2020年新世代社交趋势洞察》报告中透露，95后、00后等是其用户主力。为探知青年对匿名社交软件的看法，中国青年报・中青校媒面向全国大学生展开问卷调查，共回收来自175所高校的3620份有效问卷。调查显示，35.52%受访大学生表示自己曾使用过匿名社交应用，90.69%受访者认为匿名社交存在一定风险。
在某社交软件搭建的“匿名社区”里，一则名为“失眠的时候，你在想什么”的话题讨论帖引起了肖泽的注意，备受考前焦虑困扰的他缓缓敲下一行文字：“我的艺考和高考成绩一定不能辜负我的家人。”令他没想到的是，很快他便收到了许多来自陌生网友的回复。一条条写着“加油，晚安”“加油，你是最棒的”“努力下去就好，心理压力别太大”的留言出现在自己的帖子下，不断闪烁的屏幕照亮了那个失眠的夜。如今，已在福建某高校就读播音与主持艺术专业的他再次回忆起这段经历，表示自己非常感谢这些陌生人的鼓励。
内向的肖泽表示，自己有些“社恐”，更愿意通过匿名社交排解情绪。在匿名的“保护”下，自己可以卸下现实社会中的各种压力和包袱，经常性地更新动态。“我可以畅所欲言地聊生活感悟、发趣味段子、秀新学的声线。”肖泽还把自己从180斤到110斤的减肥心路历程和网络上的匿名陌生人分享，经常获得不少评论、点赞，有几次还获得了App首页推荐。很快，肖泽就融入“看似温柔”的匿名社区中。
回归社交需求，徐云蕾直言自己进行匿名社交的目的非常明确――“就是为了谈恋爱”。年初，闺蜜曾向她分享了自己在某匿名社交软件上成功“脱单”的经历，推荐她也试试看。心痒的徐云蕾便在犹豫之下开始了这场“寻觅之旅”。“现实中，我的交友圈比较窄，接触的男生也不多，而在网络社交中能够认识更多男生，选择的机会也更多。”徐云蕾说，“匿名社交不像实名制的软件，需要考虑到现实因素，可以更直接地了解对方最真实的状态，我认为这对接下来的交往很重要。”除了聊天外，徐云蕾也常常将不愿发布在朋友圈里的吐槽、焦虑等小情绪通过匿名社交软件“宣泄”出来。
就读于安徽某高校的张乐年表示，自己在大一时通过匿名社交软件结识了一位同年级的朋友。“我们断断续续地聊天。开心的事情就分享，不开心的事情就吐槽。”虽然她也会和身边的朋友分享交流，但对于张乐年来说，这位陌生世界的匿名好友，让她更放松，“匿名的环境让我们更自由，交流也没有负担”。甚至平日里绝口不提的家中私事，张乐年也会偶尔在匿名世界里倾诉。
匿名社交产品最早可以追溯到2011年。彼时，某社交网站创始人在家周围的区域散发明信片，居民将写上秘密的明信片寄回后，由创始人挑选并登在网站上。2011年9月，他顺应移动大潮，在应用商店上线了一款同名应用，一时大火。该应用的试水敲开了匿名社交的大门，自此之后，国内外类似的匿名社交软件层出不穷。
匿名社交为何备受年轻人青睐？中国矿业大学公共管理学院教授、博士生导师段鑫星根据以往和大学生的访谈经历介绍，在不少大学生看来，网络匿名可以更好地释放情绪、表达自我，甚至可以发泄负面情绪。在匿名的世界里更放松、更自由，实现去个人化、去中心化。
回想起下载匿名App的初衷，肖泽直言自己是出于好奇：“究竟是什么魅力让这么多人都被吸引？”在猎奇心理的驱使下，他尝试着下载了一款匿名社交软件，结果没想到自己一下子就玩得不亦乐乎。在他看来，在匿名社区里，有人分享兴趣爱好，有人发布对现实生活的吐槽，“感觉匿名好像一块‘遮羞布’，很多在现实空间中不方便表达的情绪都在这里释放出来”。
据肖泽介绍，在某匿名社交软件中，系统会根据用户特征匹配对应的连麦对象。“当你聊了5分钟后，就可以选择是否向对方展示个人主页，是否还要继续聊下去。”肖泽表示，自己的家人常年忙于工作，好不容易等到父母在家时和他们说说话，得到的回应却常常是简单的“嗯”“哦”，深入沟通的机会少之又少。于是，虚拟社交里的连麦功能成了最吸引肖泽的设计。“这里有很多人陪我聊天。每当深夜情绪低落又无处释放的时候，我都会在这里分享情绪。”
段鑫星表示，大学生使用匿名社交软件主要用于与外界联系，其次是交友与玩附带游戏。通过传递信息、交流情感，在线下社交未被满足的情况下，把目光转至线上。在段鑫星看来，大学生处在人生成长的关键时期，正确引导大学生社交至关重要。“‘人字’的结构是相互支撑，人是社会性动物，应当走出网络，走进现实的人际关系。有研究发现，与正常大学生相比，痴迷网络世界的大学生对现实人际关系较为冷漠，更不擅长现实的人际交往。”
张乐年把这种从未有过的匿名社交体验，定义为“净土”。不同于线下社交体验，线上匿名社交“更方便吐槽”的优点让当时的张乐年非常心动。在她看来，现实生活中遇到想吐槽的人和事，总有朋友圈的交叉，没法痛快吐槽，总有心理负担，“但是匿名社交的吐槽安全度更高，和朋友圈产生交叉的可能性基本为0，没什么心理负担。”
中青校媒调查结果显示，73.84%受访大学生认为，年轻人下载匿名社交软件是因为性格内向，现实生活中朋友少，愿意通过这种渠道交朋友；63.65%认为匿名环境有助于压力释放；49.53%认为原因在于可以放心地说秘密、吐槽；43.01%表示下载此类软件是为了追求匿名的快乐和刺激；39.64%则认为以兴趣划分的匿名环境可以实现群体认同，找到与自己爱好相似的人；35.80%赞同这是拓展社交圈的一种方式。
段鑫星介绍，正确引导大学生进行交往，一是培养其积极乐观、理性平和的心态，关注大学生网络心理健康，通过开展讲座、团体辅导等；二是通过大学生朋辈辅导，开展小型讨论，“比如大学生参与净化网络环境，探讨我在其中可以做什么。00后是‘电子宝贝’，是数字生活原住民，关注他们的网络心理健康非常必要。”
“匿名在给用户创造交往的‘乌托邦’，但是良好的空间依赖每个用户的自律和他律。”徐云蕾对匿名社交的态度比较积极，认为它可以帮助人们拓展自己的朋友圈，也有不少爱好电影、爱好音乐的朋友，“但是大家在敞开心扉的同时也要注意甄别，保护好自己的合法权益。”
年轻人的2.5次元，是“乌托邦”还是“修罗场”
“糖皮包裹下，也许是毒药。”在肖泽看来，匿名社交环境存在一定风险，稍不注意便会对用户造成伤害。“最大的问题就是隐私的泄露，个人信息是否能得到安全保障让人担忧。”肖泽表示，有时随手分享的一张照片都可能被人推测出具体的活动区域，不经意间就从“匿名状态”滑向了“实名状态”。
“如果你不来，我就给你买1000个‘电话轰炸’！”元宵节前夕，徐云蕾遭到了自己在匿名社交平台上结识的网友的“威胁”。在反复的明确拒绝后，虽然对方没再继续纠缠。但被“威胁”的场景依旧让她后怕。她认为，如果对对方没有足够的信任，不要贸然交换联系方式，也不要过多透露自己的隐私信息。徐云蕾介绍，部分匿名社交平台会在聊天页面的显著位置提醒用户保护个人隐私信息，“但是匿名环境仍容易给游走在法律边缘的人提供可乘之机。”如果在聊天中遇到陌生人问“约吗”，徐云蕾会直接举报投诉对方。
作为一个曾使用过匿名社交App的“过来人”，张乐年对此类软件保持中立的态度。“匿名环境存在潜在风险，新闻中也有报道。情感诈骗、钱财诈骗、个人隐私泄露……甚至是危及人身安全都可能发生，所以使用还是需要慎重。”在她看来，大学生要以理智的态度对待“陌生人社交”，时刻保有冷静的判断力。“在做好自我防护的同时，不要在法律边缘试探。”
中青校媒调查显示，66.46%受访大学生认为匿名环境有利于不实及不当言论的传播，64.17%表示匿名环境对诈骗等行为难以追责，54.17%认为在匿名环境中容易遇到坏人、造成财产损失。同时，信息安全难以保障（61.77%），充斥着暴力、色情等不良信息（54.17%）、导致负面情绪的蔓延（48.59%）、加剧网络暴力（45.72%）亦是受访大学生认为匿名环境中存在的主要风险。
事实上，各类如雨后春笋般涌现的匿名社交软件大都难逃昙花一现的命运。推出后仅3个月，第一款匿名社交应用便因充斥诽谤、暴力、色情等不良信息而迅速下线；而后衍生的一些匿名社交App，也在短期的用户增长后因内容监管、信息安全等问题被强制下线，惨淡收场。
面对飞速发展的信息技术，以及多元化的社交手段，段鑫星认为，监管方要切实履行职责，净化网络风气。平台方有责任做好自己，绝对不能为了吸引流量而放任；大学生也要保持自律。“有效遏制网络的负面效应是高校、网络监管者、社会舆论、大学生合力共治的结果，各方各司其职，才能共同为大学生创造一个良好的网络环境。”
大一下半学期后，张乐年加入了3个学生社团，不断增加的课业压力与丰富的社团活动填满了她的生活，那款曾让她眼前一亮的匿名社交App也被她卸载了。“现实生活中交到的朋友，已经足够撑起我的社交圈了。”张乐年坦言，自己的倾诉欲和交友需求在现实生活中得到了满足。如今，相比于线上匿名社交，她更喜欢线下真实的接触和相处。
在讨论“匿名社交”的话题帖中，有网友将实名社交软件比作“精修版自己”的展览版，将匿名社交App看成与他人分享真实生活的共享屏，“从实名跑向匿名，享受的是没有包袱的‘半熟’氛围，可以更好地记录生活，释放自我。但是刚开启的秘密花园，仍然荆棘丛生。”有网友坦言：“匿名环境终究和现实有差别，心里的问题解决后，就和它say goodbye吧。”
（应被采访者要求，文中受访学生均为化名）
人民日报社概况 | 关于人民网 | 报社招聘 | 招聘英才 | 广告服务 | 合作加盟 | 供稿服务 | 数据服务 | 网站声明 | 网站律师 | 信息保护 | 联系我们
服务邮箱： kf@people.cn 违法和不良信息举报电话：010-65363263 举报邮箱： jubao@people.cn
互联网新闻信息服务许可证10120170001 | 增值电信业务经营许可证B1-20060139 | 广播电视节目制作经营许可证（广媒）字第172号
信息网络传播视听节目许可证0104065 | 网络文化经营许可证 京网文[2020]5494-1075号 | 网络出版服务许可证（京）字121号 | 京ICP证000006号 | 京公网安备11000002000008号
人 民 网 版 权 所 有 ，未 经 书 面 授 权 禁 止 使 用 Copyright © 1997-2021 by www.people.com.cn. all rights reserved",伴侣|对象|恋爱,ambiguous,remove
People.cn,2021-11-09,明年起，山西将对特困人员等执行参保分类资助,"人民网太原11月9日电（麻潞）今日，从山西省政府新闻办举行的新闻发布会上获悉，山西省医保局联合相关部门印发《关于巩固拓展医疗保障脱贫攻坚成果有效衔接乡村振兴战略的实施方案》，明确现在执行的“三保险三救助”医疗保障帮扶政策执行到2021年底。从明年1月1日起，将对特困人员、低保对象和乡村振兴部门认定的返贫致贫人口等困难群众执行参保分类资助、基本医保普惠、大病保险倾斜和医疗救助托底保障政策。
稳定脱贫人口不再享受资助参保政策；易返贫致贫人口、返贫致贫人口、低保对象实行分类定额资助；特困人员给予全额资助。资助参保所需资金由医疗救助基金负担。
自2022年1月1日起，停止执行原建档立卡贫困人口住院医保目录内费用“136自付封顶”，执行各统筹区统一的城乡居民基本医疗保险政策。 特困人员、低保对象、返贫致贫人口城乡居民大病保险起付线降低50％，报销比例提高5个百分点，自2022年1月1日起取消封顶线。
执行山西省统一的医疗救助待遇政策。特困人员目录内个人自付住院医疗费用由医疗救助给予保障；返贫致贫人口目录内个人自付住院医疗费用，按70%的比例救助，省内住院单次目录内费用综合支付比例达不到90%的，救助到90%；低保对象目录内个人自付住院医疗费用，按70%比例的救助，年度最高救助限额6万元。经三重制度支付后，特困人员、低保对象、返贫致贫人口政策范围内个人负担仍然较重的，给予倾斜救助。
加大门诊医疗救助力度，门诊和住院救助共用年度救助限额。纳入门诊慢性病和门诊特药保障范围的特困人员、低保对象和返贫致贫人口，门诊政策范围内费用经基本医保、大病保险报销后，剩余部分给予一定比例的医疗救助。
同时，自2022年1月1日起，山西将停止执行原建档立卡贫困人口补充医疗保险报销政策。继续执行定点医疗机构目录外控费比例的规定，特困人员、低保对象、返贫致贫人口在省内一类、省市级二类、县级二类及三类收费标准定点医疗机构住院目录外费用分别不得超过总费用的30%、20%、15%，凡超过控制比例的费用均由医疗机构承担。过渡期内，返贫致贫人口省内住院目录外控制比例范围内的住院医疗费用由医疗救助基金按85%的比例救助。
人民日报社概况 | 关于人民网 | 报社招聘 | 招聘英才 | 广告服务 | 合作加盟 | 供稿服务 | 数据服务 | 网站声明 | 网站律师 | 信息保护 | 联系我们
服务邮箱： kf@people.cn 违法和不良信息举报电话：010-65363263 举报邮箱： jubao@people.cn
互联网新闻信息服务许可证10120170001 | 增值电信业务经营许可证B1-20060139 | 广播电视节目制作经营许可证（广媒）字第172号
信息网络传播视听节目许可证0104065 | 网络文化经营许可证 京网文[2020]5494-1075号 | 网络出版服务许可证（京）字121号 | 京ICP证000006号 | 京公网安备11000002000008号
人 民 网 版 权 所 有 ，未 经 书 面 授 权 禁 止 使 用 Copyright © 1997-2021 by www.people.com.cn. all rights reserved",对象,ambiguous,remove
People.cn,2021-11-09,从“四”到“六” 山西扩展住房安全重点保障对象,"人民网太原11月9日电（麻潞）“我们在原四类重点对象的基础上扩展至六类农村低收入群体，包括农村易返贫致贫户、低保户、分散供养特困人员、因病因灾等导致的生活严重困难户，以及未享受过农村住房安全保障政策、且依靠自身力量无法解决住房安全问题的其他脱贫户和农村低保边缘家庭。” 今日，在山西省政府新闻办举行的新闻发布会上，山西省住建厅一级巡视员翟顺河介绍该省在 巩固拓展住房安全保障成果方面的相关工作。
今年以来，山西省住建厅在全面实现脱贫攻坚住房安全保障的基础上，将工作目标及时转变为巩固拓展保障成果与推动乡村振兴相衔接，保障范围由四类重点对象扩大到六类农村低收入群体，工作重点扩展为农村住房安全和住房质量品质并重。该 省今年下达农村危房改造任务3725户，目前已竣工3645户，竣工率98%；此次因灾受损农房中，符合保障政策的六类低收入群体20187户，全部纳入改造范围。
山西省住建厅年初再次组织开展全面摸底，将新增的住房存在危险的3725户农村低收入群体，以及居住在7度及以上设防区且住房不满足抗震设防要求的1320户农户，全部列入年度“动态保障”任务进行改造，实现“动态清零”。
同时，对本次因灾受损农房进行了全面摸底和鉴定，截至10月底，山西共排查出隐患农房17.82万户，经鉴定技术研判实际受损13.81万户，其中无安全住房、符合保障政策的8.14万户，全部纳入改造任务，目前已改造2276户，春节前将全面完成重建修缮工作。
人民日报社概况 | 关于人民网 | 报社招聘 | 招聘英才 | 广告服务 | 合作加盟 | 供稿服务 | 数据服务 | 网站声明 | 网站律师 | 信息保护 | 联系我们
服务邮箱： kf@people.cn 违法和不良信息举报电话：010-65363263 举报邮箱： jubao@people.cn
互联网新闻信息服务许可证10120170001 | 增值电信业务经营许可证B1-20060139 | 广播电视节目制作经营许可证（广媒）字第172号
信息网络传播视听节目许可证0104065 | 网络文化经营许可证 京网文[2020]5494-1075号 | 网络出版服务许可证（京）字121号 | 京ICP证000006号 | 京公网安备11000002000008号
人 民 网 版 权 所 有 ，未 经 书 面 授 权 禁 止 使 用 Copyright © 1997-2021 by www.people.com.cn. all rights reserved",对象,ambiguous,remove
People.cn,2021-11-09,超九成受访大学生认为匿名社交存在风险,"回忆起最初下载匿名社交App时的场景，张乐年仍印象深刻。夜晚，刚刚步入大学校园的她百无聊赖地翻看着应用商店里提供的软件。当手指在屏幕上驻留，一款从图标到名字都颇具设计感的匿名社交App，让热衷于接受新鲜事物的她眼前一亮。抱着极大的好奇心，她下载了这款软件，期待着能在其中探索到一个从未了解的世界。
曾通过匿名社交软件结识过不少好友的肖泽认为，在匿名社交的环境里，每个人都更容易表现出自己最真实的一面，交到真正和自己契合的朋友。在使用匿名社交App的4年时间里，肖泽和毕业多年的同专业学长聊过对未来的规划，曾帮助刚到中国的马来西亚留学生适应生活，与远在2000公里外、同为高考而焦虑的同龄人互诉烦恼。
网友“枣枣”将匿名社交软件比喻为“生活的2.5次元”，“意思是由我自己构建的、介乎于漫画与现实的‘表达乌托邦’。”然而，匿名下的社交圈并不能完全成为理想中的桃花源，“匿名社交软件中不怀好意的人很多，加上很多软件策划人喜欢拿‘找灵魂伴侣’这一点来营销，导致交友功能被忽略。”
随着匿名社交的蓬勃发展，各大匿名社交软件迅速完成用户积累，某匿名社交App所属公司发布的《2020年新世代社交趋势洞察》报告中透露，95后、00后等是其用户主力。为探知青年对匿名社交软件的看法，中国青年报・中青校媒面向全国大学生展开问卷调查，共回收来自175所高校的3620份有效问卷。调查显示，35.52%受访大学生表示自己曾使用过匿名社交应用，90.69%受访者认为匿名社交存在一定风险。
在某社交软件搭建的“匿名社区”里，一则名为“失眠的时候，你在想什么”的话题讨论帖引起了肖泽的注意，备受考前焦虑困扰的他缓缓敲下一行文字：“我的艺考和高考成绩一定不能辜负我的家人。”令他没想到的是，很快他便收到了许多来自陌生网友的回复。一条条写着“加油，晚安”“加油，你是最棒的”“努力下去就好，心理压力别太大”的留言出现在自己的帖子下，不断闪烁的屏幕照亮了那个失眠的夜。如今，已在福建某高校就读播音与主持艺术专业的他再次回忆起这段经历，表示自己非常感谢这些陌生人的鼓励。
内向的肖泽表示，自己有些“社恐”，更愿意通过匿名社交排解情绪。在匿名的“保护”下，自己可以卸下现实社会中的各种压力和包袱，经常性地更新动态。“我可以畅所欲言地聊生活感悟、发趣味段子、秀新学的声线。”肖泽还把自己从180斤到110斤的减肥心路历程和网络上的匿名陌生人分享，经常获得不少评论、点赞，有几次还获得了App首页推荐。很快，肖泽就融入“看似温柔”的匿名社区中。
回归社交需求，徐云蕾直言自己进行匿名社交的目的非常明确――“就是为了谈恋爱”。年初，闺蜜曾向她分享了自己在某匿名社交软件上成功“脱单”的经历，推荐她也试试看。心痒的徐云蕾便在犹豫之下开始了这场“寻觅之旅”。“现实中，我的交友圈比较窄，接触的男生也不多，而在网络社交中能够认识更多男生，选择的机会也更多。”徐云蕾说，“匿名社交不像实名制的软件，需要考虑到现实因素，可以更直接地了解对方最真实的状态，我认为这对接下来的交往很重要。”除了聊天外，徐云蕾也常常将不愿发布在朋友圈里的吐槽、焦虑等小情绪通过匿名社交软件“宣泄”出来。
就读于安徽某高校的张乐年表示，自己在大一时通过匿名社交软件结识了一位同年级的朋友。“我们断断续续地聊天。开心的事情就分享，不开心的事情就吐槽。”虽然她也会和身边的朋友分享交流，但对于张乐年来说，这位陌生世界的匿名好友，让她更放松，“匿名的环境让我们更自由，交流也没有负担”。甚至平日里绝口不提的家中私事，张乐年也会偶尔在匿名世界里倾诉。
匿名社交产品最早可以追溯到2011年。彼时，某社交网站创始人在家周围的区域散发明信片，居民将写上秘密的明信片寄回后，由创始人挑选并登在网站上。2011年9月，他顺应移动大潮，在应用商店上线了一款同名应用，一时大火。该应用的试水敲开了匿名社交的大门，自此之后，国内外类似的匿名社交软件层出不穷。
匿名社交为何备受年轻人青睐？中国矿业大学公共管理学院教授、博士生导师段鑫星根据以往和大学生的访谈经历介绍，在不少大学生看来，网络匿名可以更好地释放情绪、表达自我，甚至可以发泄负面情绪。在匿名的世界里更放松、更自由，实现去个人化、去中心化。
回想起下载匿名App的初衷，肖泽直言自己是出于好奇：“究竟是什么魅力让这么多人都被吸引？”在猎奇心理的驱使下，他尝试着下载了一款匿名社交软件，结果没想到自己一下子就玩得不亦乐乎。在他看来，在匿名社区里，有人分享兴趣爱好，有人发布对现实生活的吐槽，“感觉匿名好像一块‘遮羞布’，很多在现实空间中不方便表达的情绪都在这里释放出来”。
据肖泽介绍，在某匿名社交软件中，系统会根据用户特征匹配对应的连麦对象。“当你聊了5分钟后，就可以选择是否向对方展示个人主页，是否还要继续聊下去。”肖泽表示，自己的家人常年忙于工作，好不容易等到父母在家时和他们说说话，得到的回应却常常是简单的“嗯”“哦”，深入沟通的机会少之又少。于是，虚拟社交里的连麦功能成了最吸引肖泽的设计。“这里有很多人陪我聊天。每当深夜情绪低落又无处释放的时候，我都会在这里分享情绪。”
段鑫星表示，大学生使用匿名社交软件主要用于与外界联系，其次是交友与玩附带游戏。通过传递信息、交流情感，在线下社交未被满足的情况下，把目光转至线上。在段鑫星看来，大学生处在人生成长的关键时期，正确引导大学生社交至关重要。“‘人字’的结构是相互支撑，人是社会性动物，应当走出网络，走进现实的人际关系。有研究发现，与正常大学生相比，痴迷网络世界的大学生对现实人际关系较为冷漠，更不擅长现实的人际交往。”
张乐年把这种从未有过的匿名社交体验，定义为“净土”。不同于线下社交体验，线上匿名社交“更方便吐槽”的优点让当时的张乐年非常心动。在她看来，现实生活中遇到想吐槽的人和事，总有朋友圈的交叉，没法痛快吐槽，总有心理负担，“但是匿名社交的吐槽安全度更高，和朋友圈产生交叉的可能性基本为0，没什么心理负担。”
中青校媒调查结果显示，73.84%受访大学生认为，年轻人下载匿名社交软件是因为性格内向，现实生活中朋友少，愿意通过这种渠道交朋友；63.65%认为匿名环境有助于压力释放；49.53%认为原因在于可以放心地说秘密、吐槽；43.01%表示下载此类软件是为了追求匿名的快乐和刺激；39.64%则认为以兴趣划分的匿名环境可以实现群体认同，找到与自己爱好相似的人；35.80%赞同这是拓展社交圈的一种方式。
段鑫星介绍，正确引导大学生进行交往，一是培养其积极乐观、理性平和的心态，关注大学生网络心理健康，通过开展讲座、团体辅导等；二是通过大学生朋辈辅导，开展小型讨论，“比如大学生参与净化网络环境，探讨我在其中可以做什么。00后是‘电子宝贝’，是数字生活原住民，关注他们的网络心理健康非常必要。”
“匿名在给用户创造交往的‘乌托邦’，但是良好的空间依赖每个用户的自律和他律。”徐云蕾对匿名社交的态度比较积极，认为它可以帮助人们拓展自己的朋友圈，也有不少爱好电影、爱好音乐的朋友，“但是大家在敞开心扉的同时也要注意甄别，保护好自己的合法权益。”
年轻人的2.5次元，是“乌托邦”还是“修罗场”
“糖皮包裹下，也许是毒药。”在肖泽看来，匿名社交环境存在一定风险，稍不注意便会对用户造成伤害。“最大的问题就是隐私的泄露，个人信息是否能得到安全保障让人担忧。”肖泽表示，有时随手分享的一张照片都可能被人推测出具体的活动区域，不经意间就从“匿名状态”滑向了“实名状态”。
“如果你不来，我就给你买1000个‘电话轰炸’！”元宵节前夕，徐云蕾遭到了自己在匿名社交平台上结识的网友的“威胁”。在反复的明确拒绝后，虽然对方没再继续纠缠。但被“威胁”的场景依旧让她后怕。她认为，如果对对方没有足够的信任，不要贸然交换联系方式，也不要过多透露自己的隐私信息。徐云蕾介绍，部分匿名社交平台会在聊天页面的显著位置提醒用户保护个人隐私信息，“但是匿名环境仍容易给游走在法律边缘的人提供可乘之机。”如果在聊天中遇到陌生人问“约吗”，徐云蕾会直接举报投诉对方。
作为一个曾使用过匿名社交App的“过来人”，张乐年对此类软件保持中立的态度。“匿名环境存在潜在风险，新闻中也有报道。情感诈骗、钱财诈骗、个人隐私泄露……甚至是危及人身安全都可能发生，所以使用还是需要慎重。”在她看来，大学生要以理智的态度对待“陌生人社交”，时刻保有冷静的判断力。“在做好自我防护的同时，不要在法律边缘试探。”
中青校媒调查显示，66.46%受访大学生认为匿名环境有利于不实及不当言论的传播，64.17%表示匿名环境对诈骗等行为难以追责，54.17%认为在匿名环境中容易遇到坏人、造成财产损失。同时，信息安全难以保障（61.77%），充斥着暴力、色情等不良信息（54.17%）、导致负面情绪的蔓延（48.59%）、加剧网络暴力（45.72%）亦是受访大学生认为匿名环境中存在的主要风险。
事实上，各类如雨后春笋般涌现的匿名社交软件大都难逃昙花一现的命运。推出后仅3个月，第一款匿名社交应用便因充斥诽谤、暴力、色情等不良信息而迅速下线；而后衍生的一些匿名社交App，也在短期的用户增长后因内容监管、信息安全等问题被强制下线，惨淡收场。
面对飞速发展的信息技术，以及多元化的社交手段，段鑫星认为，监管方要切实履行职责，净化网络风气。平台方有责任做好自己，绝对不能为了吸引流量而放任；大学生也要保持自律。“有效遏制网络的负面效应是高校、网络监管者、社会舆论、大学生合力共治的结果，各方各司其职，才能共同为大学生创造一个良好的网络环境。”
大一下半学期后，张乐年加入了3个学生社团，不断增加的课业压力与丰富的社团活动填满了她的生活，那款曾让她眼前一亮的匿名社交App也被她卸载了。“现实生活中交到的朋友，已经足够撑起我的社交圈了。”张乐年坦言，自己的倾诉欲和交友需求在现实生活中得到了满足。如今，相比于线上匿名社交，她更喜欢线下真实的接触和相处。
在讨论“匿名社交”的话题帖中，有网友将实名社交软件比作“精修版自己”的展览版，将匿名社交App看成与他人分享真实生活的共享屏，“从实名跑向匿名，享受的是没有包袱的‘半熟’氛围，可以更好地记录生活，释放自我。但是刚开启的秘密花园，仍然荆棘丛生。”有网友坦言：“匿名环境终究和现实有差别，心里的问题解决后，就和它say goodbye吧。” （罗希 程思 王军利 应被采访者要求，文中受访学生均为化名）",伴侣|对象|恋爱,ambiguous,remove
People.cn,2021-11-10,云南大理：中华民族一家亲 医患共谱和谐曲,"一大早，在云南省大理州人民医院消化科，卓玛搀扶着父亲从病房走出来，他们四下张望，似乎在寻找什么。
经过一个星期的住院治疗，卓玛父亲的胃溃疡已好转。这天是出院的日子，临走前，父女俩决定要找到主治医生马伊丹好好感谢一番。
没有全民健康，就没有全面小康。近年来，大理州各级医疗机构凝聚医者大爱，把各族群众的生命安全和身体健康放在首位，通过提升诊疗水平、服务质量，改善民族地区群众就医感受，搭建铸牢中华民族共同体意识的“连心桥”。
卓玛家在西藏芒康，前段时间，父亲因胃溃疡出血，在当地医院治疗不见好转后，从老乡那得知大理州人民医院治疗水平不错。
坐在前往大理的大巴车上，卓玛犯起嘀咕：“父亲不会说普通话也不识字，自己普通话也讲不好，能不能顺利入院？芒康和大理相隔很远，去了能不能适应……”
“其实，我的担心都是多余的。”卓玛说，对因语言沟通不畅的患者，医院有专门的志愿者帮带着挂号、就医；中华民族一家亲，大理州人民医院的医生更不会因为患者来自外地就区别对待。
到医院后，导诊志愿者主动上前帮忙，带他们到服务窗口、做检查、办理住院手续。而且，主治医生马伊丹很耐心，说了一遍卓玛没听明白，她就再讲一遍，还没听懂，就继续讲，直到听懂为止。
慢慢地，卓玛父亲的病情好转，从刚入院时的吃不下东西变成能吃、能走，还能进行一些简单的运动。更重要的是，气色好了，眉头也跟着舒展了几分。
出院这天，父女俩好不容易找到马伊丹，献上洁白的哈达。
“不用谢！这是我们应该做的，出院后记得按时吃药，两个月后再来复查。”主治医生指了指卓玛手上的药盒示意。
这样体现和谐医患关系的案例，在大理州各级医疗机构内每天都在发生。该州各级医疗机构以服务百姓为己任，为患者提供安全、有效、方便的医疗服务，凝聚医者大爱，改善民族地区群众就医感受。
在大理州医疗系统，宾川县中医医院年接诊量靠前――作为一所集中医医疗、预防保健和康复为一体的二级甲等中医医院，每年有30多万门诊人次，每天门诊量1000人次左右。
宾川县是个多民族聚居地区，去宾川县中医医院看病的患者包含各族群众。怎么方便各族群众看病？该院党总支书记张华燕举了个例子：“以前患者到窗口取药，动辄排两三个小时才能轮到自己，前几年医院实施‘智慧医院’建设，通过分流，药房工作人员把药直接送到煎药室，煎好后患者直接就能用。”她说，通过这项改革，这几年排队取药的现象没有了，患者看病更方便了。
方便的还有：不用现场排队挂号缴费了，手机上就能操作；外地患者不用到医院取药了，医院直接快递……“不用来回跑，现在看病确实比以前方便多了。”一名患者说。
义诊搭建“连心桥” 促进各民族交往交流交融
相比在医院内诊治患者，在医院外，医生们服务各族群众的热情丝毫不减。
宾川县中医医院每年会组织医疗队到全县各乡镇义诊。“很多病都是小病拖成大病”“身体不舒服的话，一定要去医院看啊！”……每次外出义诊，医生总会这样说。
张华燕说，一方面他们通过义诊，给不愿前往、不能前往医院的患者就诊，提升这些患者的就医意识；一方面进行健康普及，让各族群众都能享受到优质的医疗资源。
2018年2月，医疗队到离县城50多公里外的平川镇朱苦拉村义诊，得知一名叫杞中妹的60多岁老人，因病卧床8年，曾去镇卫生院治疗没治好，便放弃治疗了。
医疗队检查后发现，杞中妹的病可以治，便动员她住院治疗。家人将信将疑，带她前往宾川县中医医院。医生制定了中西医结合治疗方案，没过多久，杞中妹能下地活动，慢慢康复出院。
后来，医疗队到杞中妹家随访，虽然她干不了重活，但扫地、做饭、喂猪……做些力所能及的活儿没问题。“起码不用人专门伺候她了。”她的儿子说。
更让杞中妹高兴的是，以前卧床不起，儿子也老大不小，媒人说了好几个对象，本来处得好好的，知道自己的病情后，怕结婚后负担重，就没继续处。自己的病好后，儿子现在已结婚，新房也盖起来了。
可以说，义诊搭建了各族群众铸牢中华民族共同体意识的“连心桥”，大家过日子的信心更足了。“2014年以来，我们先后义诊各族群众达6万多人次。”张华燕说。
义诊也是大理州人民医院服务各族群众的主要方式之一。该院党委书记刘琼芬介绍，医院每年都会组织专家团队到怒江、迪庆、四川甘孜、西藏芒康等地开展义诊，并与所到地方的卫生健康部门签订医保服务协议及双向转诊协议，为各族患者转诊提供方便快捷服务。
具体操作时，大理州人民医院为民族地区医院开通急、危、重症患者转诊绿色通道，优先解决入院床位。刘琼芬说，截至目前，医院已相继与州内外33家医疗机构签订双向转诊协议和参保群众双向转诊协议。
通过院内院外齐发力，大理州各级医疗机构不断改善着民族地区群众的就医感受，促进着医务人员与民族地区群众间的交往交流交融。“中华民族一家亲，我们会继续服务好各族群众，把铸牢中华民族共同体意识的‘连心桥’守好护好，在云岭大地上结出更多的医患和谐相处之果。”刘琼芬说。",对象|结婚,ambiguous,remove
People.cn,2021-11-11,北京市总工会为新就业形态劳动者牵“红线”,"“轻轻敲醒沉睡的心灵，慢慢张开你的眼睛……”在交友活动的直播间里，响起了优美的音乐声。近日，三场“燕缘际会 金秋遇见你”单身职工线上系列交友活动圆满结束，一曲《明天会更好》让不少单身职工跟着一起唱起来。据了解，此次活动是北京市总工会专门为新就业形态劳动者举办的线上交友活动，共29家单位的413名单身职工报名参加。
在北京市总工会女职工委员会的指导下，北京职工婚姻家庭建设协会、市政法卫生文化工会联合举办了此次线上交友联谊会，为新业态单身职工搭建相识、相知、相爱的交流平台，促进职工“缔结美好姻缘，建设幸福家庭”。
在开启线上直播前，参加交友活动的单身职工们都已参与了5天的微信互动活动。近400人的微信群内，职工们每天“隔空传情”。5天的互动中，主办方精心设置了不同的话题，“良缘小助手”每天也会带动群内职工就某个话题展开观点的发表和讨论，让单身职工们在一个个互动活动中拉近彼此的距离。
陶笛独奏、个人独唱、原创朗诵、多人合唱……在网络空间里，职工尽情展现自己，时刻准备着邂逅浪漫的爱情。据工作人员介绍：“本次活动线上直播阶段分为三个时间段分别进行，职工可以根据自己的情况报名相应场次。有的职工通过前期的线上沟通已经有心仪对象，还特意私下与我们联系，申请与心仪对象参加同一场活动，有的职工则申请参与三场活动，决心要多多展示自己，尽早找到心仪的另一半。”
活动还特别为新就业形态劳动者定制了“旁听席位”服务。旁听席位一经发出，瞬间抢满。参与旁听的职工表示，虽然没能出镜，但希望可以播出自己的信息卡，通过工会搭建的交友平台，让更多人认识自己。
此外，主办方还专门邀请到通过“燕缘际会”系列活动成功脱单的职工参与活动，这些成功脱单的职工专门录制了视频，线上传授“恋爱秘籍”。
据了解，此次线上活动结束时，已有几十对新业态单身职工成功牵手，还有不少人表示已有心仪对象，但还需再进一步了解。活动举办方相关负责人表示，本次活动是线上直播参加人数最多的一次，同时，活动流程也进行了创新，从微信互动中的话题设置，到直播活动中的旁听席位等，为新业态单身职工提供了全方位的贴心服务。作为工会“红娘”，希望帮助更多的单身职工早日步入婚姻的殿堂，今后将会继续关注新就业形态劳动者，关注单身职工，为他们提供更多安全可靠的交友平台。
人民日报社概况 | 关于人民网 | 报社招聘 | 招聘英才 | 广告服务 | 合作加盟 | 供稿服务 | 数据服务 | 网站声明 | 网站律师 | 信息保护 | 联系我们
人民日报违法和不良信息举报电话：010-65363263 举报邮箱： jubao@people.cn
人民网服务邮箱： kf@people.cn 违法和不良信息举报电话：010-65363636 举报邮箱： rmwjubao@people.cn
互联网新闻信息服务许可证10120170001 | 增值电信业务经营许可证B1-20060139 | 广播电视节目制作经营许可证（广媒）字第172号
信息网络传播视听节目许可证0104065 | 网络文化经营许可证 京网文[2020]5494-1075号 | 网络出版服务许可证（京）字121号 | 京ICP证000006号 | 京公网安备11000002000008号
人 民 网 版 权 所 有 ，未 经 书 面 授 权 禁 止 使 用 Copyright © 1997-2022 by www.people.com.cn. all rights reserved",单身|婚姻|对象|恋爱,ambiguous,keep
China News Service,2021-11-15,受新冠疫情影响 日本新婚夫妇近6成不办结婚典礼,"中新网 11月15日电 据日本共同社报道，当地时间15日，日本明治安田生命保险表示，受新冠疫情影响，2019年10月后结婚的日本新婚夫妇中，近6成没有举办结婚典礼。另外，有调查显示，2020年度，日本全国每对新人婚礼及婚宴平均总费用，降至有调查以来的新低。
据报道，11月22日，是日本的“好夫妻日”。由此，日本明治安田生命保险在10月12日至15日，以20多岁至70多岁年龄层为对象，共计1620人进行了网上调查。
调查显示，受新冠疫情影响，2019年10月后结婚的新婚夫妇中，没有举办结婚典礼的占比58.8%。这一数字是非新婚夫妇的3倍。
此外，由于新冠防疫措施给新婚旅行带来一定影响，有68.8%的人回答“没有进行新婚旅行”。
另一方面，出版日本结婚杂志《皆喜》(ZEXY)的瑞可利公司，日前发布的结婚趋势调查显示，2020年度，日本全国每对新人婚礼及婚宴平均总费用较2019年度减少70万日元，为292.3万日元(约合人民币16万元)，创下自2005年度开始进行全国调查以来的新低。
报道称，因新冠疫情及防疫措施影响，日本许多新人较原计划缩小了婚礼规模。平均宾客数也达到创新低的42.8人，较2019年度减少23.5人。",对象|结婚,ambiguous,keep
People.cn,2021-11-15,阜阳颍上：深化监测帮扶 巩固脱贫成果,"今年以来，阜阳颍上县把防止规模性返贫作为巩固拓展脱贫成果和有效衔接乡村振兴的首要任务，紧盯脱贫不稳定户、边缘易致贫户、突发严重困难户等三类重点人群，不断健全和完善防返贫动态监测和帮扶机制，扎实做好防返贫监测预警和动态帮扶，形成了立体化、精准化、高效化防返贫监测帮扶体系，有做到信息采集准确、程序落实到位、监测对象精准、风险消除稳定，坚决守住了不发生规模性返贫的底线。
从 2018年开始，颍上县就利用信息化手段开展了信息共享与部门联动数据比对工作，根据各部门数据比对，常态化筛查监测人群因学、因病、因疫情、因自然灾害、意外事件等影响，可能导致的返贫风险，确保第一时间发现和掌握预警对象。为进一步为做好防止返贫工作，2020年3月研究制定了《颍上县关于防止返贫致贫加强监测预警和动态帮扶的实施方案》；2021年6月出台了《中共颍上县委农村工作领导小组关于健全防止返贫动态监测和帮扶机制的实施方案》，进一步明确了防止返贫动态监测对象和监测范围等。截至目前，全县上下形成了立体化、精准化、高效化防返贫监测帮扶体系，以更加健全完善的工作机制和制度，排查风险、化解风险、消除风险，有力有效防止脱贫人口返贫和边缘人口致贫。
当地通过基层干部排查，充分整合村干部、老党员、村嫂等力量，每人包保40至80户村民，加强日常跟踪走访，实时掌握农户情况，对符合条件的农户及时纳入监测对象开展帮扶，做到应纳尽纳、应帮尽帮。通过户申请、村评议、大数据比对、村公示、镇审核、县公告的程序，符合标准的农户成为监测对象。县乡村振兴局牵头，采取部门预警监测，以安徽省防止返贫监测大数据管理平台为基础，会同教育、医保、水利、住建、民政、人社、公安、市监等部门，加强数据共享和对接，充分利用先进技术手段，及时将预警信息分类分级反馈基层核实。今年以来，全县开展数据预警监测6次，反馈预警信息2509条，经入户核查，把符合条件的113户420人全部纳入监测对象，制定并落实帮扶措施 245 条，切实做到早发现、早干预、早帮扶，切实消除致贫、返风险隐患。
颍上县坚持精准施测，根据监测对象的返贫致贫风险、发展需求等开展针对性帮扶；对风险单一的，实施单项措施，防止陷入福利陷阱；对风险复杂多样的，落实综合性帮扶措施；对有劳动能力的，坚持开发式帮扶方针，通过产业就业创业促进稳定增收。在强化政策帮扶的同时，县乡村振兴局坚持扩大社会扶持的影响力，依托颍上县添爱慈善基金会通过动员全社会力量参与慈善事业和扶贫事业，树立了“人人皆愿为”的社会风气。多年来，添爱慈善基先后金会捐资 2000 多万元用于帮扶贫困群众。同时，继续发挥各级单位定点帮扶、驻村帮扶、县域结对帮扶、“ 百企兴百村 ”等制度优势，创新工作举措，对监测对象持续开展帮扶。
“加强防止返贫动态监测和帮扶，是守住不发生规模性返贫底线的关键抓手，是我们的首要政治任务。”颍上县乡村振兴局负责人表示，下一步，全县上下将提高政治站位，深化思想认识，扛起主体责任，下足绣花功夫，做好监测识别工作，做到精准识别，精准帮扶，健全完善巩固拓展脱贫成果长效机制，牢牢守住不发生规模性返贫的底线，确保交出合格答卷。（沈云鹏 吴军）
人民日报社概况 | 关于人民网 | 报社招聘 | 招聘英才 | 广告服务 | 合作加盟 | 供稿服务 | 数据服务 | 网站声明 | 网站律师 | 信息保护 | 联系我们
服务邮箱： kf@people.cn 违法和不良信息举报电话：010-65363263 举报邮箱： jubao@people.cn
互联网新闻信息服务许可证10120170001 | 增值电信业务经营许可证B1-20060139 | 广播电视节目制作经营许可证（广媒）字第172号
信息网络传播视听节目许可证0104065 | 网络文化经营许可证 京网文[2020]5494-1075号 | 网络出版服务许可证（京）字121号 | 京ICP证000006号 | 京公网安备11000002000008号
人 民 网 版 权 所 有 ，未 经 书 面 授 权 禁 止 使 用 Copyright © 1997-2021 by www.people.com.cn. all rights reserved",对象,ambiguous,remove
People.cn,2021-11-15,贵州率先在全国建立农村低收入人口动态监测和常态化帮扶机制,"陈某某是威宁自治县东风镇拱桥村村民，由于肢体残疾,基本丧失劳动能力，两个小孩都在上小学，家庭出现困难。通过低收入人口动态监测信息平台，民政部门在了解到他们家的情况后，第一时间纳入农村低保，现在全家一年能够领到低保金16800元，基本生活有了坚实保障，陈某某感动地说：“正是党的关心和帮助，让我们家看到了希望！”
如何更好地精准识别、精准纳入、精准退出、精准救助，让困难群众生活“不再困难”，一直都是民政部门花大力气推进的。近年来，贵州民政抢抓大数据发展战略机遇，充分运用“互联网+”，依托全省数据共享交换平台，搭建了“省统筹、市县督、乡镇核”的低收入人口动态监测信息平台，率先在全国建立了低收入人口动态监测和常态化帮扶机制，实现了省市县乡四级全覆盖，有效保障了全省270.6万城乡困难群众基本生活，有力巩固拓展了脱贫攻坚兜底保障成果同乡村振兴有效衔接。
强化“防漏”监测预警，确保新增对象精准纳入。建立具有异常预警、对象查询、数据分析、对象画像、预警核实等功能的低收入人口“防漏”监测预警系统，对脱贫不稳定人口、边缘易致贫人口、重残人员、重病患者、重灾群众、失业人员等易返贫致贫低收入人口，实施动态监测预警，做到线上预警和线下核处高效衔接，变“人找政策”为“政策找人”，及时将新增符合条件的低收入人口纳入救助范围。自今年5月系统上线运行以来，共监测数据信息24万余条，发出预警信息6万余条，及时将新增符合救助条件的0.16万急难群众纳入兜底保障范围。
强化“防错”监测预警，确保不符人口精准退出。建立跨层级、跨地域、跨系统、跨部门、跨业务的低收入人口“防错”监测预警系统，适时对社会救助申请对象和在保对象的车辆、房产等30余类数据进行快速比对，及时将不再符合条件的对象退保，有效防止违规“死亡保”“政策保”等“错保”问题。自今年5月系统上线运行以来，通过各地线下逐户逐人核查，及时将0.14万不再符合救助条件的对象退出低保，并在系统中标注不纳入救助的政策原因。
强化“闭环”管理机制，确保帮助资金精准发放。完善预算管理和绩效考核制度，将省对市绩效评价综合结果作为资金分配的重要因素。健全民政、财政、代理金融机构相互制衡、相互监督机制，规范资金运行流程，提升资金使用效益。对困难群众救助资金开展制度化常态化监管，加强信息公开，保障人民群众的知情权、参与权和监督权，确保救助资金安全使用、精准发放。
人民日报社概况 | 关于人民网 | 报社招聘 | 招聘英才 | 广告服务 | 合作加盟 | 供稿服务 | 数据服务 | 网站声明 | 网站律师 | 信息保护 | 联系我们
服务邮箱： kf@people.cn 违法和不良信息举报电话：010-65363263 举报邮箱： jubao@people.cn
互联网新闻信息服务许可证10120170001 | 增值电信业务经营许可证B1-20060139 | 广播电视节目制作经营许可证（广媒）字第172号
信息网络传播视听节目许可证0104065 | 网络文化经营许可证 京网文[2020]5494-1075号 | 网络出版服务许可证（京）字121号 | 京ICP证000006号 | 京公网安备11000002000008号
人 民 网 版 权 所 有 ，未 经 书 面 授 权 禁 止 使 用 Copyright © 1997-2021 by www.people.com.cn. all rights reserved",对象,ambiguous,remove
People.cn,2021-11-15,贵州率先建立农村低收入人口动态监测和常态化帮扶机制,"人民网贵阳11月15日电（陈晶晶） 11月15日，记者从贵州省民政厅获悉，近年来，贵州民政搭建了“省统筹、市县督、乡镇核”的低收入人口动态监测信息平台，率先在全国建立了低收入人口动态监测和常态化帮扶机制，实现了省、市、县乡四级全覆盖，有效保障了全省270.6万城乡困难群众基本生活，有力巩固拓展了脱贫攻坚兜底保障成果同乡村振兴有效衔接。
强化“防漏”监测预警，确保新增对象精准纳入
建立具有异常预警、对象查询、数据分析、对象画像、预警核实等功能的低收入人口“防漏”监测预警系统，对脱贫不稳定人口、边缘易致贫人口、重残人员、重病患者、重灾群众、失业人员等易返贫致贫低收入人口，实施动态监测预警，做到线上预警和线下核处高效衔接，变“人找政策”为“政策找人”，及时将新增符合条件的低收入人口纳入救助范围。自今年5月系统上线运行以来，共监测数据信息24万余条，发出预警信息6万余条，及时将新增符合救助条件的0.16万急难群众纳入兜底保障范围。
强化“防错”监测预警，确保不符人口精准退出
建立跨层级、跨地域、跨系统、跨部门、跨业务的低收入人口“防错”监测预警系统，适时对社会救助申请对象和在保对象的车辆、房产等30余类数据进行快速比对，及时将不再符合条件的对象退保，有效防止违规“死亡保”“政策保”等“错保”问题。自今年5月系统上线运行以来，通过各地线下逐户逐人核查，及时将0.14万不再符合救助条件的对象退出低保，并在系统中标注不纳入救助的政策原因。
强化“闭环”管理机制，确保帮助资金精准发放
完善预算管理和绩效考核制度，将省对市绩效评价综合结果作为资金分配的重要因素。健全民政、财政、代理金融机构相互制衡、相互监督机制，规范资金运行流程，提升资金使用效益。对困难群众救助资金开展制度化常态化监管，加强信息公开，保障人民群众的知情权、参与权和监督权，确保救助资金安全使用、精准发放。
人民日报社概况 | 关于人民网 | 报社招聘 | 招聘英才 | 广告服务 | 合作加盟 | 供稿服务 | 数据服务 | 网站声明 | 网站律师 | 信息保护 | 联系我们
服务邮箱： kf@people.cn 违法和不良信息举报电话：010-65363263 举报邮箱： jubao@people.cn
互联网新闻信息服务许可证10120170001 | 增值电信业务经营许可证B1-20060139 | 广播电视节目制作经营许可证（广媒）字第172号
信息网络传播视听节目许可证0104065 | 网络文化经营许可证 京网文[2020]5494-1075号 | 网络出版服务许可证（京）字121号 | 京ICP证000006号 | 京公网安备11000002000008号
人 民 网 版 权 所 有 ，未 经 书 面 授 权 禁 止 使 用 Copyright © 1997-2021 by www.people.com.cn. all rights reserved",对象,ambiguous,remove
People.cn,2021-11-16,受新冠疫情影响 日本新婚夫妇近6成不办结婚典礼,"中新网11月15日电 据日本共同社报道，当地时间15日，日本明治安田生命保险表示，受新冠疫情影响，2019年10月后结婚的日本新婚夫妇中，近6成没有举办结婚典礼。另外，有调查显示，2020年度，日本全国每对新人婚礼及婚宴平均总费用，降至有调查以来的新低。
据报道，11月22日，是日本的“好夫妻日”。由此，日本明治安田生命保险在10月12日至15日，以20多岁至70多岁年龄层为对象，共计1620人进行了网上调查。
调查显示，受新冠疫情影响，2019年10月后结婚的新婚夫妇中，没有举办结婚典礼的占比58.8%。这一数字是非新婚夫妇的3倍。
此外，由于新冠防疫措施给新婚旅行带来一定影响，有68.8%的人回答“没有进行新婚旅行”。
另一方面，出版日本结婚杂志《皆喜》(ZEXY)的瑞可利公司，日前发布的结婚趋势调查显示，2020年度，日本全国每对新人婚礼及婚宴平均总费用较2019年度减少70万日元，为292.3万日元(约合人民币16万元)，创下自2005年度开始进行全国调查以来的新低。
日本全国每对新人婚礼平均花费总额及招待人数。图片来源：日本共同社报道截图。
报道称，因新冠疫情及防疫措施影响，日本许多新人较原计划缩小了婚礼规模。平均宾客数也达到创新低的42.8人，较2019年度减少23.5人。",对象|结婚,ambiguous,keep
People.cn,2021-11-16,确保救助帮扶资金精准发放,"2021年11月16日08:19 来源： 人民网－人民日报
本报贵阳11月15日电 （记者苏滨）记者从贵州省民政厅获悉：贵州建立低收入人口动态监测和常态化帮扶机制，实现“省、市、县、乡”四级全覆盖，保障全省270.6万城乡困难群众基本生活，巩固拓展脱贫攻坚兜底保障成果同乡村振兴有效衔接。
开展“防漏”监测预警，确保新增对象精准纳入。贵州建立具有异常预警、对象查询、数据分析、预警核实等功能的低收入人口“防漏”监测预警系统，对脱贫不稳定人口、边缘易致贫人口等实施动态监测预警，做到线上预警和线下核查处置高效衔接，变“人找政策”为“政策找人”，及时将新增符合条件的低收入人口纳入救助范围。自今年5月系统上线运行以来，共监测数据信息24万余条，发出预警信息6万余条，及时将新增符合救助条件的0.16万急难群众纳入兜底保障范围。
开展“防错”监测预警，确保不符人口精准退出。贵州建立跨层级、跨地域、跨系统、跨部门、跨业务的低收入人口“防错”监测预警系统，适时对社会救助申请对象和在保对象的车辆、房产等30余类数据进行快速比对，及时将不再符合条件的对象退保。自今年5月系统上线运行以来，通过各地线下逐户逐人核查，及时将0.14万不再符合救助条件的对象退出低保，并在系统中标注不纳入救助的政策原因。
强化“闭环”管理机制，确保救助帮扶资金精准发放。贵州完善预算管理和绩效考核制度，将省对市绩效评价综合结果作为资金分配的重要因素。健全民政、财政、代理金融机构相互制衡、相互监督机制，规范资金运行流程，提升资金使用效益。对困难群众救助资金开展制度化常态化监管，加强信息公开，确保救助资金安全使用、精准发放。
《 人民日报 》（ 2021年11月16日 04 版）",对象,ambiguous,remove
People.cn,2021-11-16,确保救助帮扶资金精准发放--经济・科技--人民网,"本报贵阳11月15日电 （记者苏滨）记者从贵州省民政厅获悉：贵州建立低收入人口动态监测和常态化帮扶机制，实现“省、市、县、乡”四级全覆盖，保障全省270.6万城乡困难群众基本生活，巩固拓展脱贫攻坚兜底保障成果同乡村振兴有效衔接。
开展“防漏”监测预警，确保新增对象精准纳入。贵州建立具有异常预警、对象查询、数据分析、预警核实等功能的低收入人口“防漏”监测预警系统，对脱贫不稳定人口、边缘易致贫人口等实施动态监测预警，做到线上预警和线下核查处置高效衔接，变“人找政策”为“政策找人”，及时将新增符合条件的低收入人口纳入救助范围。自今年5月系统上线运行以来，共监测数据信息24万余条，发出预警信息6万余条，及时将新增符合救助条件的0.16万急难群众纳入兜底保障范围。
开展“防错”监测预警，确保不符人口精准退出。贵州建立跨层级、跨地域、跨系统、跨部门、跨业务的低收入人口“防错”监测预警系统，适时对社会救助申请对象和在保对象的车辆、房产等30余类数据进行快速比对，及时将不再符合条件的对象退保。自今年5月系统上线运行以来，通过各地线下逐户逐人核查，及时将0.14万不再符合救助条件的对象退出低保，并在系统中标注不纳入救助的政策原因。
强化“闭环”管理机制，确保救助帮扶资金精准发放。贵州完善预算管理和绩效考核制度，将省对市绩效评价综合结果作为资金分配的重要因素。健全民政、财政、代理金融机构相互制衡、相互监督机制，规范资金运行流程，提升资金使用效益。对困难群众救助资金开展制度化常态化监管，加强信息公开，确保救助资金安全使用、精准发放。
人民日报社概况 | 关于人民网 | 报社招聘 | 招聘英才 | 广告服务 | 合作加盟 | 供稿服务 | 数据服务 | 网站声明 | 网站律师 | 信息保护 | 联系我们
服务邮箱： kf@people.cn 违法和不良信息举报电话：010-65363263 举报邮箱： jubao@people.cn
互联网新闻信息服务许可证10120170001 | 增值电信业务经营许可证B1-20060139 | 广播电视节目制作经营许可证（广媒）字第172号
信息网络传播视听节目许可证0104065 | 网络文化经营许可证 京网文[2020]5494-1075号 | 网络出版服务许可证（京）字121号 | 京ICP证000006号 | 京公网安备11000002000008号
人 民 网 版 权 所 有 ，未 经 书 面 授 权 禁 止 使 用 Copyright © 1997-2021 by www.people.com.cn. all rights reserved",对象,ambiguous,remove
People.cn,2021-11-16,确保救助帮扶资金精准发放,"本报贵阳11月15日电 （记者苏滨）记者从贵州省民政厅获悉：贵州建立低收入人口动态监测和常态化帮扶机制，实现“省、市、县、乡”四级全覆盖，保障全省270.6万城乡困难群众基本生活，巩固拓展脱贫攻坚兜底保障成果同乡村振兴有效衔接。
开展“防漏”监测预警，确保新增对象精准纳入。贵州建立具有异常预警、对象查询、数据分析、预警核实等功能的低收入人口“防漏”监测预警系统，对脱贫不稳定人口、边缘易致贫人口等实施动态监测预警，做到线上预警和线下核查处置高效衔接，变“人找政策”为“政策找人”，及时将新增符合条件的低收入人口纳入救助范围。自今年5月系统上线运行以来，共监测数据信息24万余条，发出预警信息6万余条，及时将新增符合救助条件的0.16万急难群众纳入兜底保障范围。
开展“防错”监测预警，确保不符人口精准退出。贵州建立跨层级、跨地域、跨系统、跨部门、跨业务的低收入人口“防错”监测预警系统，适时对社会救助申请对象和在保对象的车辆、房产等30余类数据进行快速比对，及时将不再符合条件的对象退保。自今年5月系统上线运行以来，通过各地线下逐户逐人核查，及时将0.14万不再符合救助条件的对象退出低保，并在系统中标注不纳入救助的政策原因。
强化“闭环”管理机制，确保救助帮扶资金精准发放。贵州完善预算管理和绩效考核制度，将省对市绩效评价综合结果作为资金分配的重要因素。健全民政、财政、代理金融机构相互制衡、相互监督机制，规范资金运行流程，提升资金使用效益。对困难群众救助资金开展制度化常态化监管，加强信息公开，确保救助资金安全使用、精准发放。
原刊于《 人民日报 》（ 2021年11月16日 第 04 版）
人民日报社概况 | 关于人民网 | 报社招聘 | 招聘英才 | 广告服务 | 合作加盟 | 供稿服务 | 数据服务 | 网站声明 | 网站律师 | 信息保护 | 联系我们
服务邮箱： kf@people.cn 违法和不良信息举报电话：010-65363263 举报邮箱： jubao@people.cn
互联网新闻信息服务许可证10120170001 | 增值电信业务经营许可证B1-20060139 | 广播电视节目制作经营许可证（广媒）字第172号
信息网络传播视听节目许可证0104065 | 网络文化经营许可证 京网文[2020]5494-1075号 | 网络出版服务许可证（京）字121号 | 京ICP证000006号 | 京公网安备11000002000008号
人 民 网 版 权 所 有 ，未 经 书 面 授 权 禁 止 使 用 Copyright © 1997-2021 by www.people.com.cn. all rights reserved",对象,ambiguous,remove
People.cn,2021-11-16,确保救助帮扶资金精准发放,"本报贵阳11月15日电 （记者苏滨）记者从贵州省民政厅获悉：贵州建立低收入人口动态监测和常态化帮扶机制，实现“省、市、县、乡”四级全覆盖，保障全省270.6万城乡困难群众基本生活，巩固拓展脱贫攻坚兜底保障成果同乡村振兴有效衔接。
开展“防漏”监测预警，确保新增对象精准纳入。贵州建立具有异常预警、对象查询、数据分析、预警核实等功能的低收入人口“防漏”监测预警系统，对脱贫不稳定人口、边缘易致贫人口等实施动态监测预警，做到线上预警和线下核查处置高效衔接，变“人找政策”为“政策找人”，及时将新增符合条件的低收入人口纳入救助范围。自今年5月系统上线运行以来，共监测数据信息24万余条，发出预警信息6万余条，及时将新增符合救助条件的0.16万急难群众纳入兜底保障范围。
开展“防错”监测预警，确保不符人口精准退出。贵州建立跨层级、跨地域、跨系统、跨部门、跨业务的低收入人口“防错”监测预警系统，适时对社会救助申请对象和在保对象的车辆、房产等30余类数据进行快速比对，及时将不再符合条件的对象退保。自今年5月系统上线运行以来，通过各地线下逐户逐人核查，及时将0.14万不再符合救助条件的对象退出低保，并在系统中标注不纳入救助的政策原因。
强化“闭环”管理机制，确保救助帮扶资金精准发放。贵州完善预算管理和绩效考核制度，将省对市绩效评价综合结果作为资金分配的重要因素。健全民政、财政、代理金融机构相互制衡、相互监督机制，规范资金运行流程，提升资金使用效益。对困难群众救助资金开展制度化常态化监管，加强信息公开，确保救助资金安全使用、精准发放。
人民日报社概况 | 关于人民网 | 报社招聘 | 招聘英才 | 广告服务 | 合作加盟 | 供稿服务 | 数据服务 | 网站声明 | 网站律师 | 信息保护 | 联系我们
服务邮箱： kf@people.cn 违法和不良信息举报电话：010-65363263 举报邮箱： jubao@people.cn
互联网新闻信息服务许可证10120170001 | 增值电信业务经营许可证B1-20060139 | 广播电视节目制作经营许可证（广媒）字第172号
信息网络传播视听节目许可证0104065 | 网络文化经营许可证 京网文[2020]5494-1075号 | 网络出版服务许可证（京）字121号 | 京ICP证000006号 | 京公网安备11000002000008号
人 民 网 版 权 所 有 ，未 经 书 面 授 权 禁 止 使 用 Copyright © 1997-2021 by www.people.com.cn. all rights reserved",对象,ambiguous,remove
People.cn,2021-11-16,石家庄今年确定15家企业为信用约束对象,"“目前，我们已投入300余万元对生产车间进行改造升级，相信产品质量一定会有大的提升。”近日，石家庄市某冷饮食品公司负责人说，今年，该公司因基础设施老化、产品多次出现不合格，被石家庄市市场监管局列为信用约束对象，食品安全风险等级被调高，他们深受触动，及时采取了有力整改措施。
结合2021年度食品安全风险分级信息，今年以来，石家庄市市场监管局先后确定15家食品生产企业为信用约束对象。以“监管八个做到+服务一个跟上”对这15家企业进行监管和服务，即及时调整企业食品安全风险等级；增加年度抽样1次；对企业法人代表和质量受权人开展1次责任约谈；至少组织1次针对性培训；列入2021年度飞行检查名单；将企业名单推送石家庄市行政审批局，作为重点关注对象；企业开展风险自查并报告；企业主动进行食品安全公开承诺。同时，帮助企业找问题原因，提出整改或提升建议，落实监管部门监管责任。
为稳步推进食品生产企业主体责任落实工作见实效，切实履行监管责任，石家庄市市场监管局相继出台《2021年石家庄市食品生产企业落实主体责任和属地监管部门落实主体责任工作要点》等文件，并利用大数据分析等手段，探索建立食品生产企业安全风险分级和信用风险分类管理相结合相统一的专业模型，以信用为基础赋能食品安全全链条精准监管，取得一定成效。（记者马彦铭）",对象,ambiguous,remove
People.cn,2021-11-16,受新冠疫情影响 日本新婚夫妇近6成不办结婚典礼,"中新网11月15日电 据日本共同社报道，当地时间15日，日本明治安田生命保险表示，受新冠疫情影响，2019年10月后结婚的日本新婚夫妇中，近6成没有举办结婚典礼。另外，有调查显示，2020年度，日本全国每对新人婚礼及婚宴平均总费用，降至有调查以来的新低。
据报道，11月22日，是日本的“好夫妻日”。由此，日本明治安田生命保险在10月12日至15日，以20多岁至70多岁年龄层为对象，共计1620人进行了网上调查。
调查显示，受新冠疫情影响，2019年10月后结婚的新婚夫妇中，没有举办结婚典礼的占比58.8%。这一数字是非新婚夫妇的3倍。
此外，由于新冠防疫措施给新婚旅行带来一定影响，有68.8%的人回答“没有进行新婚旅行”。
另一方面，出版日本结婚杂志《皆喜》(ZEXY)的瑞可利公司，日前发布的结婚趋势调查显示，2020年度，日本全国每对新人婚礼及婚宴平均总费用较2019年度减少70万日元，为292.3万日元(约合人民币16万元)，创下自2005年度开始进行全国调查以来的新低。
日本全国每对新人婚礼平均花费总额及招待人数。图片来源：日本共同社报道截图。
报道称，因新冠疫情及防疫措施影响，日本许多新人较原计划缩小了婚礼规模。平均宾客数也达到创新低的42.8人，较2019年度减少23.5人。",对象|结婚,ambiguous,keep
People.cn,2021-11-16,2022年度医保参保登记即日起受理,"上海市2022年度城乡居民医保参保登记缴费昨起开始受理，至2021年12月25日结束。参保人员按照年度缴费，享受2022年度（1月1日至12月31日）城乡居民医保待遇。
2022年本市将持续加大政府财政投入力度，继续对每个参保居民给予普惠性补贴。具体标准为：70岁以上参保居民个人缴费标准520元、财政补贴标准6110元、总筹资标准6630元；60—69岁参保居民个人缴费标准690元、财政补贴标准5940元、总筹资标准6630元；19—59岁参保居民个人缴费标准860元、财政补贴标准2750元、总筹资标准3610元；少儿学生个人缴费标准220元、财政补贴标准1660元、总筹资标准1880元；大学生个人缴费标准220元、财政补贴标准390元、总筹资标准610元。
对低保对象和低收入老人、重残人员以及高龄老人等，政府相关部门继续对个人缴费部分给予减免。各区政府及村集体经济继续对农村居民个人缴费给予补贴。（见习记者 周程祎）
人民日报社概况 | 关于人民网 | 报社招聘 | 招聘英才 | 广告服务 | 合作加盟 | 供稿服务 | 数据服务 | 网站声明 | 网站律师 | 信息保护 | 联系我们
服务邮箱： kf@people.cn 违法和不良信息举报电话：010-65363263 举报邮箱： jubao@people.cn
互联网新闻信息服务许可证10120170001 | 增值电信业务经营许可证B1-20060139 | 广播电视节目制作经营许可证（广媒）字第172号
信息网络传播视听节目许可证0104065 | 网络文化经营许可证 京网文[2020]5494-1075号 | 网络出版服务许可证（京）字121号 | 京ICP证000006号 | 京公网安备11000002000008号
人 民 网 版 权 所 有 ，未 经 书 面 授 权 禁 止 使 用 Copyright © 1997-2021 by www.people.com.cn. all rights reserved",对象,ambiguous,remove
People.cn,2021-11-16,《甄嬛传》10年后，流潋紫返身记录日常小欢喜,"这次没有宫斗、不是架空，仿佛洗净铅华，她把视线投向了当下的生活。
距离《甄嬛传》首播已过去了整整10年，流潋紫被人介绍时，最著名的还是《甄嬛传》原著小说作者兼编剧。最近，她的首部散文小说集《久悦记》由作家出版社出版。这次没有宫斗、不是架空，仿佛洗净铅华，她把视线投向了当下的生活。写糖炒栗子、写新年穿什么，写失眠、写孤独，倒是其中的几个爱情故事依旧犀利，各种关系的男女情感牵绊，热闹又荒凉。
在接受中青报·中青网记者专访时，流潋紫说：“可能十年、二十年后，等我的孩子长大了，他回头看到这一本《久悦记》会知道，‘哦，以前我们的人生、我们的生活是这样的’。我想这就是写作最大的意义。”
中青报·中青网：新书为什么没有延续以前读者熟悉的主题？
流潋紫：其实我一直蛮喜欢写宫廷题材的小说，也一直在创作。萌发创作《久悦记》的念头比较突然。新冠肺炎疫情期间，生活突然有了改变，心境也会有着难以言说的变化，我想用文字记录下这一特殊时间里的种种变化，也夹杂着忧愁的心情。但即使在忧愁里，每个人的生活还要继续，还会有点点滴滴的小欢喜、小快乐。我坚信这些快乐会长久地继续下去，所以就有了《久悦记》。
我写《久悦记》，家人是不知道的，就好像我写《甄嬛传》是在大学寒假勤工俭学时，白天在超市里打工，晚上写，妈妈还以为我在网上玩。
回到《久悦记》，书里更多是对我童年、少年时代的一些怀想，现在我自己也为人母，看着孩子的童年，就好像看着自己的童年又重新过了一遍，会有家人间特别的亲情味道。
中青报·中青网：《久悦记》小说篇里的爱情与婚姻并不完满，为什么选择写这种类型？
流潋紫：《甄嬛传》也好，《如懿传》也好，都是婚姻和爱情的不完满。《甄嬛传》中说，这么多年的痴情都错付了，只换得一句“菀菀类卿”。《如懿传》就更悲伤，而且是更无解的难题：你曾经念念不忘的深情的少年郎，怎么会变成现在这个模样？所以如懿死去的时候很平静，她那句“花开花落自有时”，表明放下了对爱情的执着。
《久悦记》是把古代的爱情故事放到了现代的环境来说。现代的爱情故事怎么样呢？支离破碎的爱情，无以为继的婚姻，比比皆是。很多时候，别人会因为我写过爱情小说，就把我当作一个倾诉对象。其实我就是一个凡人，也会在婚姻和爱情中遇到各种各样的难题。所以，我写不出这难题的良药，只能写写它们的苦涩和痛苦，写各种光怪陆离的婚姻和爱情的状态。
《久悦记》中让我感触比较深的是《小姨太》。我想表达的是，希望这个世界的女人活得越来越潇洒，不再被束缚，找到真正的爱情和快乐。
中青报·中青网：架空历史和把故事放到一段历史中，你更喜欢哪种创作方式？
流潋紫：这两种创作方式我都是尝试过的。《甄嬛传》的小说是架空历史；《如懿传》的小说是有历史背景，设置在乾隆时期，讲的是乾隆和他的继后乌拉那拉氏的感情。
我更喜欢架空历史的创作，写起来更加天马行空、行云流水，加入很多大胆的想象和创意，不需要被朝代背景、服装和人物的真实命运所束缚。
中青报·中青网：你会根据读者的喜好去创作吗？
流潋紫：很多时候，读者觉得我写的小说都是悲剧，说我是个“后妈”。我在创作之初就设定好了人物结局，并不会因为读者特别喜欢某个人物，比如眉庄、玄清，去改变他们的命运，给他们美好的结局。
于我而言，这样做恰恰是不真实的、虚幻的，所以我一般不会受读者的影响去创作，影响我更多的是身边的一些好朋友。
我走出自己熟悉的小说题材，第一次尝试散文写作，就是受到朋友的鼓励。我平时会写一些随笔记录生活，有时拿给朋友们看，她们说读来很有意思，建议我试试写散文，就这样越写越多，想不到最终集结成册。
中青报·中青网：创作长篇和中短篇小说，对你来说最大的不同是什么？
流潋紫：创作长篇像一场马拉松比赛，坚持到最后拼的是毅力；中短篇，尤其是短篇，可以信手拈来。
创作《久悦记》的时候，朋友鼓励我每天都写一些，每周写一两个短篇，不让自己的手停下来。我慢慢写，不拘长短，就有了《久悦记》。我同时也写一些中篇小说，在较短的篇幅里抒发对婚姻和爱情的看法，写起来比较痛快。
中青报·中青网：你因为小说为人熟知，但一直把教师视为本职？
流潋紫：我学的是师范专业，从学生时代起，目标就很明确，未来要当老师。人一辈子能够实现自己的愿望，从事喜欢的职业，是一件非常非常幸福的事情。所以，尽管我后来从事写作、编剧等工作，都没有动摇过我当老师的信念，本职工作一直是教师。
我喜欢跟学生在一起，陪着孩子们成长、学习，感受孩子们带来的无数惊喜，让我觉得生活美好，充满动力，而且教书育人让我感受到沉甸甸的责任，我非常珍惜现在的工作，更珍视教师的身份。
中青报·中青网：现在你的写作状态是怎样的？
流潋紫：我是一名老师、一个孩子的母亲，每天的生活就是围着孩子们转，有空的时候写作。虽然我写得比较慢，但是一直坚持在写，这是我不会放弃的梦想。
写作对我而言是一种兴趣爱好，用来记录时间里发生的种种有趣的故事。随着年龄的增长和社会阅历的丰富，想法越来越多，也很矛盾，落笔的冲动反而少了，更多的是思考。
中青报·中青网：成为母亲后，家庭生活对你的创作产生什么影响？
流潋紫：家庭生活的参与会让我在写现代小说时更加得心应手。我知道一个主妇的生活是什么样子，怎样一边工作一边带孩子，再把这些生活的琐碎融入小说里，让小说充满浓重的生活气息。
我生孩子没有请月嫂和保姆，一直自己带孩子。这样确实非常辛苦，占用了我绝大部分的时间。但陪伴孩子长大的过程中，我也收获良多，这种成就感和获得感是任何奖项都无法比拟的。我平时不太专门写育儿日记，但是在《久悦记》的几篇散文里，我还是情不自禁地写了一些和孩子相处的生活。
之前考虑过专门为孩子创作作品，尤其是我孩子的同学，他们知道我是作家，提出希望我为他们写一部童话，我自己也蛮有兴趣的。但作为一个一直陪伴孩子阅读的母亲，我深知儿童文学的门槛其实很高。所以尽管我非常愿意尝试，但不会轻易示人，写好后我会先给儿子读，也会给他的同学看，如果孩子们非常喜欢，我才会考虑出版。",婚姻|对象,ambiguous,keep
People.cn,2021-11-17,贵州关岭：巩固拓展脱贫成果 推进乡村全面振兴,"人民网贵阳11月17日电（王秀芳） 11月17日，记者从安顺市关岭县获悉，今年以来，关岭县按照“四个不摘”要求，不断完善政策设计、工作措施和体制机制，抢抓关岭作为“国家乡村振兴重点帮扶县”和贵州省“乡村振兴基础夯实县”重大机遇，持续巩固拓展脱贫成果，奋力推进乡村全面振兴。
为进一步巩固脱贫成果，关岭县制定出台了《关岭自治县健全防止返贫动态监测和帮扶机制的实施方案》，将监测对象、范围、程序、标准具体化，确保因户施策精准及时，有效遏制返贫致贫现象发生。今年以来，共核查防贫预警信息5564条，经研判11户有返贫致贫风险的对象已纳入监测。
用好过渡期政策，持续巩固“3+1”保障成果。结合“十四五”规划制定《关于实现巩固拓展脱贫攻坚成果同乡村振兴有效衔接的实施方案》，确保5年过渡期内帮扶政策总体稳定，“3+1”保障成果得到持续巩固。
投入2824万元实施特殊学校教学综合楼建设项目，做细做实“送教上门”，全力保障残疾儿童少年平等受教育权利，实现脱贫户、边缘户义务教育阶段适龄儿童少年控辍保学“动态清零”。按照医疗卫生机构“三建成”、医疗技术人员“三合格”、医疗服务“三达标”要求，不断完善硬件设施、建强医疗卫生队伍，深入推进公立医院“市县医共体”和“县乡医联体”建设，推动优质优势资源向基层延伸。健全农村房屋建设管理长效机制，以农户全覆盖常态化排查为抓手，做到农村住房安全隐患排查整治“发现一户、鉴定一户、整治一户、保障一户”。投入200万元扶贫资金，实施10个农村饮水安全补短板工程，累计覆盖6个乡镇16个村民组673户2927人，着力破解工程性缺水、季节性缺水难题。
加强“五个体系”建设，做好易地搬迁后半篇文章。围绕“搬得出、稳得住、有发展、可致富”目标，持续加强易地扶贫搬迁“五个体系”建设，搬迁群众获得感、幸福感、安全感显著增强。
在每个安置区明确1至2人专门负责就业服务，组织开展培训，推荐就业岗位，为搬迁劳动力家庭4464户劳动力11130人，实现就业创业10237人。按照“因需设岗、定岗不定人、定岗不定酬”方式，开发保洁员、保安、护林员、护路员、护河员等公益性岗位，安置保洁、保安等乡村公岗768人。利用“关岭智慧就业云平台”动态管理外出劳动力就业，结合省外务工人员集中情况，率先在江苏、广东等省设立劳务协作站，精准掌握务工人员就业稳定情况，动态更新就业信息。在安置区经常性开展“文化进万家”、组织评选“文明家庭”创建等活动，在大力弘扬社会主义核心价值观的同时，进一步丰富群众文化。
围绕产业高质高效、乡村宜居宜业目标，关岭县精心谋划精品水果、优质蔬菜、关岭牛等农特产品项目，在项目储备推介上下功夫，奠定产业振兴坚实基础。
加强与四川农业大学、省农科院等科研院所合作，打造“科研院校+土专家、田秀才+农户”的技术服务团队，组建13个县级技术服务指导组，实行技术指导包保责任制，做到一个产业、一个核心技术团队、一条科学发展路径、一套技术支撑方案，实现坝区、合作社技术团队全覆盖，着力解决农业科技含量不高、产品质量不好、精深加工不够等问题。充分发挥家庭农场引领示范带动作用，提高农户组织化水平，推广“龙头企业+合作社+基地+家庭农场+农户”等组织方式，以精深加工为突破口，推进一二三产业融合发展，延长农业产业链，提高农业创新力、竞争力和全要素生产率。
建好三农人才储备库，推进人才建设。省、市、县、乡选派276名驻村干部，组成92个乡村振兴驻村工作队，实现已出列贫困村、搬迁安置社区、乡村振兴示范村、党组织软弱涣散村、美丽村庄建设试点村驻村工作队全覆盖。建立村干部报酬正常增长机制和村级组织运转经费保障制度，参照事业管理人员工资构成实施“岗位工资+薪级工资”改革，推动村干部基本报酬随工作成绩和年限增长，进一步稳定村干部队伍。
激扬精神力量培育文明乡风，推进乡村文化。突出群众主体地位，聚焦群众思想道德水准和文化素养提升，以新风尚带动新发展，以移风易俗为抓手，狠抓农村精神文明建设，孕育农村社会好风尚,为乡村全面振兴“塑型、铸魂”。聚焦爱国守法、孝老爱亲、邻里和睦、节俭持家、保护环境、保障权益修订完善村规民约，整治高价彩礼、滥办酒席等不良陋习。构建群众相互监督、共同遵守村规民约的良好风尚，着力提升村民自治水平，建立健全“德治法治自治”三治融合、“共建共治共享”发展成果的长效机制。
持续推进乡村建设，创建美丽宜居乡村。立足资源禀赋，突出示范点示范带动，按“2:5:3”将行政村分为引领示范村、重点推进村、夯实基础村，先易后难由点及面、试点示范重点突破推进乡村建设，乡村两级同步规划实施，积极申报4个村6个自然寨为“特色田园乡村?乡村振兴集成示范点”，集中力量打造一批示范典型。
关岭县相关负责人表示，下步工作中，关岭县将紧扣农业高质高效、乡村宜居宜业、农民富裕富足目标，通过全力推进农业现代化、建强“三农”工作队伍、扎实推进乡村建设等举措，持续巩固拓展脱贫成果，全力推进乡村振兴。
人民日报社概况 | 关于人民网 | 报社招聘 | 招聘英才 | 广告服务 | 合作加盟 | 供稿服务 | 数据服务 | 网站声明 | 网站律师 | 信息保护 | 联系我们
服务邮箱： kf@people.cn 违法和不良信息举报电话：010-65363263 举报邮箱： jubao@people.cn
互联网新闻信息服务许可证10120170001 | 增值电信业务经营许可证B1-20060139 | 广播电视节目制作经营许可证（广媒）字第172号
信息网络传播视听节目许可证0104065 | 网络文化经营许可证 京网文[2020]5494-1075号 | 网络出版服务许可证（京）字121号 | 京ICP证000006号 | 京公网安备11000002000008号
人 民 网 版 权 所 有 ，未 经 书 面 授 权 禁 止 使 用 Copyright © 1997-2021 by www.people.com.cn. all rights reserved",对象|彩礼,ambiguous,remove
People.cn,2021-11-17,助力乡村振兴 自贡富顺增强困难群众医疗保障,"为确保防止因病致贫、因病返贫现象发生，自贡市富顺县在坚持医保制度普惠性保障功能的同时，合理确定农村居民医疗保障待遇水平，增强对困难群众的基础性、兜底性保障。
该县从今年11月1日起，对特困人员、低保对象、防止返贫监测对象，经基本医保、大病保险、医疗救助三重制度保障后，对政策范围内个人自付医疗费用仍超过防止返贫监测范围的部分，给予倾斜救助，救助比例为50%，救助限额为5000元/年。对低保对象、防止返贫监测对象（在过渡5年期内）按75%给予居民医保缴费定额资助；对稳定脱贫人口执行资助参保渐退政策，对其参加2022年、2023年、2024年居民医保费用，按照缴费标准的75%、50%、25%进行资助，2025年按标准退出，不再享受参保资助政策。特困、低保、监测对象参加居民医保，不设置待遇等待期，即参即享。
在服务农村群众工作上，该县加大“放管服”改革力度，利用医保资源下沉，建立县乡村三级医保服务网点。一是建立乡镇（街道）和村级医保便民标准化窗口，实行“打造一个窗口、落实一个专人、联通一条专线、配备一套设备（电脑、打印机、读卡器等）”机制，实现农村群众医保参保登记（缴费）、权益查询、关系转移、异地就医备案等业务“就近办”。二是将高血压、糖尿病（“两病”）门诊用药保障资格认定权限下放乡镇卫生院，实行即诊断即认定、即备案即享受的工作措施；开通村卫生室“两病”门诊联网结算功能，实现农村基层群众基本医疗待遇“及时办”。三是推行“互联网+”医保服务，全面推广应用医保电子凭证，基本实现农村基层群众异地就医备案线上办理，稳步推进门诊跨省直接结算，实现参保人员挂号、买药、住院备案、报销等医保服务“网上办”。（朱敏 许鹏）
人民日报社概况 | 关于人民网 | 报社招聘 | 招聘英才 | 广告服务 | 合作加盟 | 供稿服务 | 数据服务 | 网站声明 | 网站律师 | 信息保护 | 联系我们
服务邮箱： kf@people.cn 违法和不良信息举报电话：010-65363263 举报邮箱： jubao@people.cn
互联网新闻信息服务许可证10120170001 | 增值电信业务经营许可证B1-20060139 | 广播电视节目制作经营许可证（广媒）字第172号
信息网络传播视听节目许可证0104065 | 网络文化经营许可证 京网文[2020]5494-1075号 | 网络出版服务许可证（京）字121号 | 京ICP证000006号 | 京公网安备11000002000008号
人 民 网 版 权 所 有 ，未 经 书 面 授 权 禁 止 使 用 Copyright © 1997-2021 by www.people.com.cn. all rights reserved",对象,ambiguous,remove
People.cn,2021-11-18,融水人民法院依托人民法庭筑牢留守儿童维权之家,"近年来，融水苗族自治县人民法院根据融水县域农村人口占比高、留守儿童数量多的特点，发挥人民法庭贴近群众、贴近基层的优势，加大对农村留守儿童的法律保护，形成了“人民法庭+专业机构+专项工作”的农村留守儿童关爱保护工作局面。
2018年以来，该法院共妥善处理涉及农村留守儿童各类案件495件，920名农村留守儿童得到长期关怀，获全区平安建设先进集体、全国法院人民法庭工作先进集体、全国农村留守儿童关爱保护和困境儿童保障工作先进集体。
坚持“一案一本成长档案”，精准关爱保护农村留守儿童。2018年9月，融水人民法院将家事审判向人民法庭延伸，率先在人民法庭成立启用集中管辖家事少年案件的审判庭，并逐步向其他边远山区的人民法庭推进。目前，全县人民法庭均已建立起场所温馨、团队专业、审判柔性的规范化家事（少审）法庭。为贯彻家事少年审判“未成年人利益最大化”原则，切实保障留守儿童权益，该院人民法庭建立“涉案留守儿童成长档案”，记录涉案留守儿童的相关情况，以便案件的妥善处理和后续服务。
在刑事案件中，对无人看管教育而走上歧途的少年建立成长档案，从受理案件起就加大社会调查力度，分析留守未成年人犯罪的深层次原因，有针对性地实施感化教育、定期回访并做好记录，帮助其认识错误、正视问题、回归家庭、回归校园、回归社会，走上人生正轨；在家事案件尤其是离婚、抚养纠纷中，调查核实涉案留守儿童的生活环境、家庭关系、性格习惯，听取其意见，做好情感疏导，从最有利于其成长的角度出发，进行调解、判决，最大限度减少案件审理造成的负面影响，帮助孩子与父母之间继续维系情感，案后采取定期或不定期的回访方式，及时掌握涉案留守儿童的成长近况，并督促监护人履行义务。
自家事（少审）法庭建设以来，全县四个人民法庭建档处理的涉农村留守儿童刑事案件45件、民事案件450件，开展心理疏导285次，坚持案后回访479次。
依靠“一岗一站一会”，支撑起农村留守儿童权益的保护伞。融水苗族自治县人民法院与县妇联从2011年起先后在四个人民法庭设立了“妇女儿童维权岗”，并分别于2017年、2020年在融水人民法庭增设了融水苗族自治县“家事纠纷及未成年人案件联动调处工作站”和“婚姻家庭纠纷人民调解委员会”，形成了“家事（少审）法庭”为主导，“一岗一站一会”相辅相成的维权大格局，为农村留守儿童健康成长筑起坚实的堡垒。
青少年维权岗组织开展关爱留守儿童活动。融水人民法院供图
“妇女儿童维权岗”以权益保护为目标，发挥法院女性干警在维权工作中的优势，针对涉案留守儿童的抚养、照顾、教育、医疗等现实问题进行跟踪处理，防止其权益受损；建立与妇联的定期交流、情况通报、信息反馈、妇联审判监督员等工作机制，共同化解群众反映的留守儿童问题并提供相关法律咨询，为辖区内留守儿童的权益保驾护航。2018年以来，维权岗共处理涉留守儿童纠纷案件216件，接受问题咨询求助173次，开展联合跟踪帮扶69次。
融水“家事纠纷及未成年人案件联动调处工作站”及“婚姻家庭纠纷人民调解委员会”则是在“妇女儿童维权岗”成功基础上的“升级版”，以诉源治理为目标，与全县7个联动单位共同发布《融水苗族自治县关爱未成年人联合工作实施细则》，将农村留守儿童列为重点关爱保护对象，促成人民法庭与公安、司法、民政、妇联、教育、社区、村委等单位和团体组织的长效合作，建立工作站、委员会成员间共同开展纠纷联调、委托调查、心理干预的工作规程，对各部门在工作中发现的留守儿童问题进行妥善处理，避免纠纷升级进入诉讼，保证农村留守儿童在父母外出时有人照顾、在父母离异时有人抚养、在迷茫失落时有人开导、在遭遇欺凌时有渠道维权。工作站和委员会成立以来共联动调解了涉留守儿童探视权、抚养权纠纷等153起案件，成功化解纠纷150件，为117件离婚案件当事人子女顺利办理了户口搬迁手续，解决离婚后当事人子女入学等系列问题。
在青少年法制教育基地开展模拟法庭活动。融水人民法院供图
巧借民俗，联手共建，做好三个专项，织牢织密留守儿童关爱工作网络。融水人民法院以四个人民法庭为支点，以辖区各乡镇、村屯为面，以“控辍保学”“帮扶救助”“法制宣传”三个专项工作为抓手，充分发挥本地民俗习惯中的积极因素，有效整合各方资源力量，织牢织密全县20个乡镇208个村屯（社区）的留守儿童关爱工作网络。
2018年以来，人民法庭联合各村屯开展专项工作，与村屯的族老、寨老建立合作关系，发挥其人脉、威望和信息资源，通过“火塘办案”“油茶谈话”的方式，完成“控辍保学”查找、劝导、警示以及“帮扶救助”走访、调查、核实等工作，让25名农村留守辍学儿童得以返校读书，对受理案件中的31名留守、困境儿童开展精准帮扶、资助。
同时利用少数民族节日、坡会的时机向群众讲解未成年人权益保护相关法律知识，将维权常识融入当地苗族山歌中，深受群众好评。该院人民法庭还参与建立8所青少年法制教育基地，挂点辖区乡镇中小学法治副校长，与学校、社区开展爱心结对共建活动，每年开展法治进校园、爱心进社区等活动均在10场以上，受众均超过5000人。（贾贞妮）
人民日报社概况 | 关于人民网 | 报社招聘 | 招聘英才 | 广告服务 | 合作加盟 | 供稿服务 | 数据服务 | 网站声明 | 网站律师 | 信息保护 | 联系我们
服务邮箱： kf@people.cn 违法和不良信息举报电话：010-65363263 举报邮箱： jubao@people.cn
互联网新闻信息服务许可证10120170001 | 增值电信业务经营许可证B1-20060139 | 广播电视节目制作经营许可证（广媒）字第172号
信息网络传播视听节目许可证0104065 | 网络文化经营许可证 京网文[2020]5494-1075号 | 网络出版服务许可证（京）字121号 | 京ICP证000006号 | 京公网安备11000002000008号
人 民 网 版 权 所 有 ，未 经 书 面 授 权 禁 止 使 用 Copyright © 1997-2021 by www.people.com.cn. all rights reserved",婚姻|对象,ambiguous,remove
People.cn,2021-11-19,全州县枧塘镇：提高党员发展质量 锻造乡村振兴“生力军”,"今年来，广西全州县枧塘镇持续推进抓党建促乡村振兴工作，以发展党员为抓手，通过拓宽发展源头、强化教育培训、注重实践锻炼等举措，从严把好党员发展质量关，发挥党员先锋模范作用，为乡村振兴工作提供坚强队伍保证。
拓源头、严把关，为乡村振兴注入健康“新鲜血液”
建设新农村，关键看党员。枧塘镇坚持把优秀人才吸收到党员队伍作为促进乡村发展、迸发乡村活力的有效举措。一是拓宽“入口关”。教育引导全镇各行业、各类型一线先进分子积极向党组织靠拢，加大从外出经商人员、退役军人和农村致富带头人中发展党员力度，注重在乡村风貌提升、农村人居环境综合整治、产业发展等工作一线上发现、培养和吸收入党积极分子，培养一批讲奉献、爱农业、懂技术、善经营的优秀党员队伍。
二是严把“考察关”。实行“一主体四联审”，基层党支部为选拔审查主体，镇党委联合镇纪委、派出所、计生站、综治办等部门进行联审，并通过谈心谈话、查阅资料、征求意见等形式，考准考实发展对象的入党动机、政治觉悟、思想动态、道德品质等情况，坚决把审查不合格的人员挡在门外，防止“带病入党”，确保党员队伍“水清质优”。
三是严把“民主关”。坚持按规定召开支委会议集体研究，召开党员大会讨论表决，并形成详细的会议记录，严格执行发展党员公示制度，各阶段决定、批复都及时公示、通报和向上级党委报告，发展党员全程透明、公正。
精培育、强素质，练就乡村振兴“看家本领”
枧塘镇以做好教育培训作为提升发展党员对象的有力抓手。一是抓实理论学习，提素质。通过举办入党积极分子、发展对象、预备党员等集中学习培训班，以党章党规为主要内容，举办理论学习培训班3期，共计126人次参与。
二是开展体验教学，悟初心。组织开展“学党史・感党恩・跟党走”系列主题活动，组织各村入党积极分子、发展对象、预备党员到全州红军长征湘江战役纪念园以及灌阳、兴安等纪念设施开展线下情景体验教学3次，共242人次，通过现场体验、故事讲解、感悟分享等方式，引导他们在学习中感悟初心，推动其思想和行动“同步入党”。
三是注重技能培训，强本领。结合辖区入党积极分子、发展对象、预备党员的技术需求和产业发展需求，邀请县委党校教师、县农业农村局、林业局等专业技术人员等，对其进行分类教学，采用流动党校、现场教学、直播教学等形式，开展实用技术培训，不断提升培训的针对性和覆盖面，增强吸引力和感染力，力促入党积极分子、发展对象、预备党员成为“土专家”“田秀才”和带领群众致富的“领头羊”。今年以来，全镇组织入党对象线上线下技能培训共3场，参训党员达260余人次。
重实践、明职责，激发乡村振兴“干事热潮”
想学习有平台，想干事有舞台。枧塘镇在发展党员过程中积极搭建实践平台，让党员在为民服务中增强党性修养。一是强帮带，提高服务水平。通过采取志愿服务、结对帮扶等多种形式，采取定人帮带、定岗帮带的做法，由各村支部委员做指导，安排能岗相适地锻炼岗位，给入党积极分子、发展对象交任务、压担子，让他们在疫情防控、疫苗接种、产业发展、调解纠纷等工作中接受锻炼，践行“我为群众办实事”实践活动，并将点滴成长记入个人成长档案。目前，全镇已建立入党积极分子志愿服务队12个，成长档案47份。
二是建机制，突出模范作用。建立“乡村振兴日”机制，将每周五定为“乡村振兴日”，定期组织党员干部和各村入党积极分子、发展对象、预备党员，带头清理房前屋后乱丢乱放，清理沟渠、“三微”建设等。活动开展以来，共组织开展村屯环境综合整治60多次，投工投劳800余人，村容村貌得到极大提升。
三是搭平台，提高责任意识。在各村广泛开展“亮身份、树形象”的活动，各村党组织列出乡村风貌改造责任清单，按照分片到人原则，党员带头组织入党积极分子、发展对象、预备党员参与“三清三拆”、立面改造动员工作，对“三清三拆”工作中的遇到的重点难点问题，采取“点对点”的原则，走进村庄，深入农户，面对面做农户疏导工作，现场确定方案，并列出每天工作清单，完成一项，销号一项，确保乡村风貌提升和农村人居环境改善工作顺利推进。现在，枧塘镇已如期完成了泉南高速沿线8个任务村518栋农房改造，拆除建筑物257栋，清理乱堆乱放630处，完成“三微”建设59处。顺利迎接自治区乡村风貌改造提升两高沿线第一批任务村的验收，获全区第五名的好成绩。（李艳玲）
人民日报社概况 | 关于人民网 | 报社招聘 | 招聘英才 | 广告服务 | 合作加盟 | 供稿服务 | 数据服务 | 网站声明 | 网站律师 | 信息保护 | 联系我们
服务邮箱： kf@people.cn 违法和不良信息举报电话：010-65363263 举报邮箱： jubao@people.cn
互联网新闻信息服务许可证10120170001 | 增值电信业务经营许可证B1-20060139 | 广播电视节目制作经营许可证（广媒）字第172号
信息网络传播视听节目许可证0104065 | 网络文化经营许可证 京网文[2020]5494-1075号 | 网络出版服务许可证（京）字121号 | 京ICP证000006号 | 京公网安备11000002000008号
人 民 网 版 权 所 有 ，未 经 书 面 授 权 禁 止 使 用 Copyright © 1997-2021 by www.people.com.cn. all rights reserved",对象,ambiguous,remove
People.cn,2021-11-19,瑞康医院举办2021年入党积极分子和发展对象培训班,"11月10日上午，瑞康医院在B座10楼学术报告厅举办2021年入党积极分子和发展对象培训班开班仪式。全院2021年入党积极分子、发展对象共120人参加开班仪式。
开班仪式上，医院党委书记高宏君作动员讲话，他向全体参训学员讲述了新时期对党员的新要求，新准则，并从举办培训班的意义、树立正确入党动机、端正学习态度等方面对培训班提出了明确的目标和纪律，他对学员们提出了几点要求：一是要充分认识培训教育的重要意义，严把“入口”关，确保新党员发展的质量；二是要明确学习目标，学员要树立正确的入党动机，做到从思想上入党、从行动上入党；三是要严格要求，学以致用，要端正学习态度、严肃学习纪律，结合工作实际，融入所在党支部实现常态化学习。他希望参训学员能够做到学有所获、学有所成，向党组织交上自己满意的答卷，争取早日成为一名合格且光荣的共产党员。
开班式结束后，高宏君以《光辉的历程―党史》为题进行授课。他从历史角度出发，以鲜活的例子，讲述了中国共产党百年辉煌历史，系统讲解中国共产党的光辉历程和基本经验，鼓舞入党积极分子端正入党动机，坚定理想信念。
据悉，此次培训班持续三天，培训将以专题讲座、观看红色电影、撰写心得等形式开展，旨在通过系统学习党的最新理论成果，引导学员们提高思想觉悟，端正入党动机，筑牢思想根基。（李佳慧）
人民日报社概况 | 关于人民网 | 报社招聘 | 招聘英才 | 广告服务 | 合作加盟 | 供稿服务 | 数据服务 | 网站声明 | 网站律师 | 信息保护 | 联系我们
服务邮箱： kf@people.cn 违法和不良信息举报电话：010-65363263 举报邮箱： jubao@people.cn
互联网新闻信息服务许可证10120170001 | 增值电信业务经营许可证B1-20060139 | 广播电视节目制作经营许可证（广媒）字第172号
信息网络传播视听节目许可证0104065 | 网络文化经营许可证 京网文[2020]5494-1075号 | 网络出版服务许可证（京）字121号 | 京ICP证000006号 | 京公网安备11000002000008号
人 民 网 版 权 所 有 ，未 经 书 面 授 权 禁 止 使 用 Copyright © 1997-2021 by www.people.com.cn. all rights reserved",对象,ambiguous,remove
People.cn,2021-11-19,始终把人民满意作为工作出发点落脚点,"贵阳市花溪区司法局孟关司法所作为司法行政的最前沿阵地，承担着人民调解、社区矫正、安置帮教、法治宣传等诸多司法行政业务工作，该所始终把人民满意作为开展工作的出发点和落脚点。
多年来，针对孟关乡地处城郊接合部、驻乡企业多、产业布局密集、社会治安综合工作面广量大的实际情况，孟关司法所坚持实行定期排查、集中排查、随时排查制度，及时对全乡范围内的矛盾纠纷进行分析，了解掌握矛盾纠纷动态，解决苗头性、倾向性、群体性问题。
在工作中，面对邻居吵架、夫妻闹离婚、老人无人赡养等看似鸡毛蒜皮的矛盾纠纷，孟关司法所工作人员不怕“清官难断家务事”，都会以“跑断腿、磨破嘴”的精神进行耐心调解，及时予以妥当处理。面对久调未果的纠纷，孟关司法所也会告知当事人可通过诉讼途径解决，并义务为当事人代写法律文书，通过合法合理的方式化解社会矛盾、群众纠纷。
“孟关司法所的工作人员都很热心，我和身边的朋友、邻居遇到问题第一时间都会去找司法所，一般情况下经过他们的调解，矛盾纠纷都可以化解。”孟关村村民唐明先说。由于孟关司法所调解的结果公平公正，得到了广大群众的信任，群众遇到各种“烦心事”都会找到司法所工作人员倾诉求助。
孟关司法所以调解例会、法治培训等为契机，每年对全乡9名专职调解员至少开展业务培训4次，加强调解员的相关业务知识培训，使调解员队伍的整体素质得到了明显提升，调解能力和调解质量明显提高。
2018年以来，孟关司法所参与和指导各村居人民调解组织共调解各类民间纠纷304件，其中疑难复杂的民间纠纷96件，调解成功率达98%；为当事人义务代书法律文书16件；办理法律援助案件7件。
近年来，多个省市重点项目落地孟关，随着征地拆迁、项目建设动工，流动人员大量涌入，导致矛盾纠纷多发。化解各类民间纠纷，避免因民间纠纷引发群体性事件成为孟关司法所工作中的头等大事。
针对具体情况，孟关司法所积极配合上级相关部门加强村居综治和人民调解组织建设，深入村寨大力开展法治宣传教育工作，狠抓综治工作站、法律援助联络点工作，为全乡发展营造良好的法治环境。
2020年新冠肺炎疫情防控期间，孟关司法所的工作人员白天进村入户开展疫情排查，做好疫情防控宣传，晚上及时整理上报排查资料。同时，为防止社区矫正人员发生脱管、漏管现象，孟关司法所开启“5+2”“白+黑”“线上+线下”的工作模式，使用微信视频、电话走访等方式对社区矫正对象进行教育管理150余次，没有发生一例脱管、漏管现象。
2021年10月，孟关司法所被评为“全国模范司法所”。
“下一步，孟关司法所将继续扎实做好服务工作，让更多群众得到便捷、高效、优质的法律服务。”孟关司法所所长杨光琼说。
人民日报社概况 | 关于人民网 | 报社招聘 | 招聘英才 | 广告服务 | 合作加盟 | 供稿服务 | 数据服务 | 网站声明 | 网站律师 | 信息保护 | 联系我们
服务邮箱： kf@people.cn 违法和不良信息举报电话：010-65363263 举报邮箱： jubao@people.cn
互联网新闻信息服务许可证10120170001 | 增值电信业务经营许可证B1-20060139 | 广播电视节目制作经营许可证（广媒）字第172号
信息网络传播视听节目许可证0104065 | 网络文化经营许可证 京网文[2020]5494-1075号 | 网络出版服务许可证（京）字121号 | 京ICP证000006号 | 京公网安备11000002000008号
人 民 网 版 权 所 有 ，未 经 书 面 授 权 禁 止 使 用 Copyright © 1997-2021 by www.people.com.cn. all rights reserved",对象,ambiguous,remove
People.cn,2021-11-19,人民来论：偷拍他人恶搞牟利，良心不会痛吗？--观点--人民网,"据媒体报道，浙江的史先生某日过马路，被黄某偷拍发到网上，后者还配文称史先生准备和网友见面。史先生的妻子偶然看到这条视频，大发雷霆，提出离婚。被冤枉、更被弄得“丈二和尚摸不着头脑”的史先生只好报警。
经查，偷拍者黄某与史先生根本不认识，制作该视频就是为了博人眼球。黄某的行为已构成诽谤，被警方处以罚款500元的行政处罚，并向史先生一家赔礼道歉。
显然，偷拍者是典型的“无中生有”，是彻头彻尾的“糟改”路人。
不得不说，随着短视频的兴起，像史先生这样被入镜、被愚弄、被诽谤的情况并不少见。以“街头搞怪”“搭讪路人”为关键词，可以在短视频平台上搜出大量相关内容。干这种勾当的偷拍者绝不是“吃饱撑的”，而是将看似“真实拍摄”、实际胡编乱造的东西当噱头，用来吸睛、吸粉、引流，作为其账号的“生财之道”。如此损人利己，实在可恶。
为了增加迷惑性，一些短视频还打上了“街拍正能量”“科普测试”等旗号。比如，在路上放一袋垃圾或有一定价值的物品，躲在旁边拍摄路人的反应；再如，假称自己的手机和钱包都丢了，向路人借钱；更有甚者，故意抢走路过姑娘的包，吓得对方“花容失色”……凡此种种，偷拍者不是道貌岸然地进行“道德点评”，就是假惺惺地给予“善意提醒”。无论玩什么花样，其都是以耍弄他人为乐。
对于被偷拍、被愚弄的路人来说，不仅遭到“镜头侵犯”，而且面临“键盘伤害”。更糟糕的是，不少被偷拍者对被偷拍浑然不知，自身权益受到侵害无法及时察觉。不明真相的看客们则在嬉笑、猎奇、被蒙蔽中，沦为偷拍者和诽谤者的“变现工具”。
偷拍侵权不仅令人愤懑，而且带来隐忧――今天是别人遭偷拍和诽谤，指不定哪天就可能轮到自己。谁也不希望成为他人恶搞的对象，无法接受被扣上莫须有的“帽子”，更不能容忍被异样的目光围观、被搬弄是非的长舌讥讽。所以，社会对此必须有所作为。
偷拍并诽谤他人至少涉嫌几宗“罪”――侵犯他人的肖像权、隐私权、名誉权和人格尊严。必须指出，公民的相关权益不可侵犯，这在法律中写得明明白白，不容任何人挑衅。对未经许可偷拍他人、还往他人身上“泼脏水”、并在网络上扩散的恶行，执法部门必须“亮剑”。对犯罪情节恶劣的，更当依法追究刑事责任。
对短视频平台而言，不能为了流量而对不良内容“视而不见”，必须担起平台主体责任，“守土有责，守土尽责”，下架偷拍视频，关闭不轨账号，及时向有关部门反映问题线索。努力剔除犄角旮旯的糟粕，共同营造风清气正的网络氛围。
被偷拍侵权者更要积极拿起法律武器，坚决捍卫自身合法权益，不能怕麻烦而忽视了对自己肖像权等的保护。
智能手机普及，人们很容易在公共场所录制上传短视频。然而，一些尺度和界限必须遵守。法律人士提醒，如果展示公共环境时，不可避免拍摄到路人，不能把路人肖像作为画面主体，应对路人的面部“模糊处理”，更要避免暴露路人的隐私。简言之，不侵犯他人的隐私权和生活安宁权，我们自身的相关权益才会得到保障。这正是“己所不欲，勿施于人”。
人民日报社概况 | 关于人民网 | 报社招聘 | 招聘英才 | 广告服务 | 合作加盟 | 供稿服务 | 数据服务 | 网站声明 | 网站律师 | 信息保护 | 联系我们
服务邮箱： kf@people.cn 违法和不良信息举报电话：010-65363263 举报邮箱： jubao@people.cn
互联网新闻信息服务许可证10120170001 | 增值电信业务经营许可证B1-20060139 | 广播电视节目制作经营许可证（广媒）字第172号
信息网络传播视听节目许可证0104065 | 网络文化经营许可证 京网文[2020]5494-1075号 | 网络出版服务许可证（京）字121号 | 京ICP证000006号 | 京公网安备11000002000008号
人 民 网 版 权 所 有 ，未 经 书 面 授 权 禁 止 使 用 Copyright © 1997-2021 by www.people.com.cn. all rights reserved",对象,ambiguous,remove
People.cn,2021-11-19,四川5个先进集体、5名先进个人！平安中国建设先进集体和先进个人初审对象公示,"11月18日，四川省平安中国建设先进集体和先进个人评选推荐工作领导小组办公室对外公示了平安中国建设先进集体和先进个人初审对象，四川省5个先进集体、5名先进个人经平安中国建设先进集体和先进个人评选表彰工作领导小组初审通过，进入公示名单，公示日期为2021年11月18日―11月24日。
公示期间，如对拟表彰对象有不同意见，可通过电话、电子邮件等形式向省评选领导小组办公室反映情况。反映情况要客观真实，以单位名义反映情况的材料需加盖单位公章，以个人名义反映情况的材料应提供联系方式。省评选领导小组办公室联系电话：028-86603705、86601764；电子邮箱：sczzb08@163.com。
宜宾市委政法委认真落实全国政法队伍教育整顿试点工作任务，总结提炼经验做法90项，将教育整顿成效固化为制度机制133个，受到陈一新秘书长肯定，以“六点启示”给予宜宾试点工作高度评价。深入推进市域社会治理现代化试点，先后在全国市域社会治理贵阳片会、全省市域社会治理推进会等8个省级以上会议作经验交流。率先倡议并高规格筹办川渝政法联席会议暨长江上游成渝地区生态保护法治联盟成立大会，建立联席会议等机制，做法被学习强国、中央政法委专刊刊发。扫黑除恶专项斗争期间，统筹推进的饶拾元等人涉黑案获公安部贺电表扬，被中央扫黑除恶第10督导组点评为“教科书式侦查典范”，在全国扫黑办新闻发布会上作经验交流。
成都市人力资源和社会保障局劳动关系和调解仲裁处
牵头建立成都市多元化解领导小组、中级人民法院、人社局、司法局、总工会共同参与的劳动纠纷多元联动处置机制。建立劳动纠纷“一站式”多元化解联动处置机制，建立1个市级、23个区（市）县并不断向街道、乡镇、社区延伸的劳动纠纷一站式多元化解联动处置体系，全市劳动纠纷案件全部通过联处中心“一窗式”办理、“一站式”管理、“一条龙”处理。搭建融合人民调解、劳动监察、劳动仲裁、法律援助和司法确认的劳动纠纷“一站式”多元化解信息管理系统，形成全市劳动纠纷“闭环式”处理工作机制，通过大数据分析研判，提高劳动纠纷处置和防控能力，受到人力资源社会保障部高度肯定，在全国进行经验交流，被省委改革办选入2021年度四川改革典型案例。
2017年，试行“离婚冷静期”制度，发出全省首份“离婚冷静期”通知书，被中央电视台、《中国妇女报》等50余家国家级媒体专题报道，全力挽救冲动型离婚，成功率近80%。2020年，“离婚冷静期”制度被《民法典》吸收，中央电视台《今日说法》栏目再次进行专题采访报道，“离婚冷静期”制度历经4年实践再获认可。搭建“线上+线下”纠纷化解体系，成功将3000余件矛盾纠纷化解在诉前。精心打造“与法同行”普法活动法治宣传品牌，向全县69个乡镇发出《司法需求调查问卷》18000余份，以“订单+定做”的方式实现法治宣传的精准化、专业化、多元化。该品牌活动自2018年推出以来，共计开展法治宣传300余期，发放诉讼指南等法律宣传资料5000余份，受众达15万人次。
近年来，该所探索建立1名民警、2名辅警、若干网格员以及“甜城义警”的“1+2+N+X”社区警务服务新模式，创新完善群众参与平安建设的群众工作机制，全力开展辖区治安防控、法治宣传、便民服务等工作，形成了具有鲜明本地特色的防控体系。建立“警企联调义警工作站”11个，主动跟进辖区企业厂区的发展状况，定期发布社会治安动态和预警防范提示，有效了解决企业厂区的劳资争议、工伤赔偿、产品质量、消费者权益等矛盾，建立了24小时“门不关、灯不灭、人不空”全日制警务机制。该所办理各类违法犯罪案件278件，打击处理各类违法犯人员354人，调解各类矛盾纠纷1789件，调解成功率达到99.7%，群众满意度指数达到96.4%，被命名为四川省首批“枫桥式公安派出所”。
2017年，自贡市探索医疗责任保险区域统保与第三方医疗纠纷人民调解相结合工作机制，成立自贡市医疗纠纷人民调解委员会，作为全市调解医疗纠纷的专业性人民调解组织。医调委汇总医患纠纷建立大数据库，精准分析问题症结和原因，通过提示函倒逼卫健部门和医疗机构提高医技能力，规范诊疗服务。同时，创设重特大手术“术前告知调解见证”机制，开展医院重特大手术术前告知见证工作，已进行92场次见证，经过第三方调解见证的重特大手术，没有出现一例医疗纠纷。市医调委与市中级法院和市信访局分别建立了“诉调对接”和“访调对接”工作机制，实现诉和调快速有效对接，有效减少了司法资源的浪费。4年来成功调解各类医患纠纷559件，结案率达到92.3%。
万萍组织“雪亮工程”和公共安全视频监控资源共享平台建设中，推动研发名山智慧“追影”系统，2021年“追影”系统获全国政法系统智慧警务十大创新案例奖。探索“茶源义警”群防群治工作模式，整合各类基层社会治理力量，组建104支“茶源义警”群防群治队伍共计1325人，建立“支部吹号、义警报到”的响应机制。“茶源义警”工作模式被“学习强国”推送，被《法治日报》等多级媒体宣传报道。推动组建1支区级心理危机干预队伍，1支教育系统心理健康辅导团队，4支心理服务志愿者队伍，为全区心理服务工作持续开展奠定基础。以个案辅导为载体，推动建设区心理服务中心，免费向公众开放，及时化解因心理问题引发的社会矛盾。
邓启贵（绵阳市涪城区司法局城厢司法所所长）
邓启贵长期扎根基层，默默奉献，担任人民调解员20余年，指导并参与成功调解各类矛盾纠纷1500余件。2017年5月，邓启贵组建“邓启贵人民调解专家团队”，化解有重大影响的纠纷450余件。担任司法所长10余年，创办“社区法治论坛”，每年举办各类法治培训、讲座10余次，接受群众法律等咨询3000余人次，被群众亲切地称为“和谐使者”“金牌调解员”“身边的法律专家”。先后编写《人民调解的方法和技巧》《城市拆迁纠纷的调解与处置》《怎样做好人民调解工作》等培训资料，先后获得“全国模范人民调解员”“四川省我最喜爱的政法干警”“四川省优秀政法干警”“全国最受欢迎人民调解员”等荣誉。
陈亚东（广安市广安区人民检察院党组书记、代理检察长）
陈亚东在市县检察院工作期间，主办各类刑事案件300余件，无一涉检信访发生，实现案结事了人和。在办理最高检、省检察院交办的系列重大职务犯罪、涉众犯罪、打击“非访”和扫黑除恶专项斗争过程中，靠前指挥、一线参战，实现全案精准打击。积极汇报争取前锋区成立了以区委常委、政法委书记任组长的未成年人保护领导小组，联合17家单位形成保护未成年人保护合力。带头担任法治副校长，近三年开展送法进校园宣讲6场次，受众师生3000余人次。带动全体检察干警主动作为，实现辖区“法治进校园”全覆盖。主持重大疑难案件公开听证7场次，示范带动检察官开展公开听证80余场次，有效化解当事人积怨，其案件办理及队伍建设工作成效获《检察日报》专题报道。
王敬舜转业进入公安队伍以来，十九年如一日。2012年，担任凉山州护路办副主任，不顾七级伤残和重度高血压病情，常年奔波在凉山州境内378公里铁道线上，妥善处置多元化解涉铁涉路矛盾纠纷20余起，受到了路地和群众的一致好评。2020年，他在组织领导暴雨洪水、泥石流灾害抢险救灾中指挥有方、措施有力、身先士卒、吃苦耐劳，在抢救人民群众生命财产中奋不顾身、冲锋在前、舍己为人，被四川省铁路护路领导小组评为防汛抗灾先进个人。10年间，所负责辖区累计1260个村评为省级“九无”平安铁路示范村；27所学校评为省级“铁路爱路护路宣传教育示范学校”；318名中小学生评为省级“铁道小卫士”，五县一市被评为“省级平安铁道线”。
孟坤均担任党委书记以来，全面提升平安建设科学化、社会化、法治化、智能化水平。他积极成立专门的综治服务中心，建立了“六位一体”的基层工作联动网络，确保有人干事，有阵地保障。创新了“五项”教育、“五类”调解（诉调对接、访调对接、公调对接、村居调解、乡贤调解）、“五道”防控（派出所专业警防、网格员巡防、村居治保联防、邻里守望自防、“雪亮”“慧眼”智防）的“三五”机制；实施了“诉源”治理，“案源”治理和“访源”治理的 “三源”治理机制。全镇开展各类法治教育培训20多次，受教育群众1万余人。调解矛盾纠纷近200件，调解率100%，没有发生一起大的行政争议案件和“民转刑”案件，形成了良好的社会风尚和社会秩序。
（四川新闻网记者 何佳欣 图片由四川省委政法委提供）
人民日报社概况 | 关于人民网 | 报社招聘 | 招聘英才 | 广告服务 | 合作加盟 | 供稿服务 | 数据服务 | 网站声明 | 网站律师 | 信息保护 | 联系我们
服务邮箱： kf@people.cn 违法和不良信息举报电话：010-65363263 举报邮箱： jubao@people.cn
互联网新闻信息服务许可证10120170001 | 增值电信业务经营许可证B1-20060139 | 广播电视节目制作经营许可证（广媒）字第172号
信息网络传播视听节目许可证0104065 | 网络文化经营许可证 京网文[2020]5494-1075号 | 网络出版服务许可证（京）字121号 | 京ICP证000006号 | 京公网安备11000002000008号
人 民 网 版 权 所 有 ，未 经 书 面 授 权 禁 止 使 用 Copyright © 1997-2021 by www.people.com.cn. all rights reserved",对象|离婚冷静期,ambiguous,remove
People.cn,2021-11-19,《拉萨市城镇低保边缘家庭救助办法》本月起实施,"近日，记者从拉萨市民政局获悉，为践行以人民为中心的发展理念，建立健全多层次社会救助体系，保障困难家庭基本生活，促进社会公平，提高人民群众获得感、幸福感、安全感，11月1日起，由中共拉萨市委办公室、拉萨市人民政府办公室印发的《拉萨市城镇低保边缘家庭救助办法》（以下简称《办法》）正式发布实施。
据悉，《办法》称城镇低保边缘家庭是指家庭人均收入高于当年城镇低保标准，低于城镇低保标准1.5倍，且财产状况符合相关规定的低保边缘家庭。那么拉萨市符合条件的低保边缘家庭该如何申请救助，提交哪些材料呢？
据拉萨市民政局负责人介绍，城镇低保边缘家庭认定以家庭为单位向户籍所在地乡镇人民政府（街道办事处）提出申请，填写《西藏自治区申请救助居民家庭收入及财产查询授权书》《低保边缘家庭申请审批表》等，同时提供户口簿和共同生活家庭成员居民身份证原件；由户籍所在地乡镇人民政府（街道办事处），户籍所在地单位出具共同生活家庭成员收入证明； 离异人员须提供《离婚证》或离婚判决书；残疾人须提供《中华人民共和国残疾人证》；丧失劳动能力人员，须出具三甲医院诊断证明。申请材料不齐全需要补齐的，乡镇人民政府（街道办事处）和单位应当一次性告知需要补齐的全部材料。
另外，对于自愿有偿退出宅基地使用权、土地承包经营权后长期在城镇生活的农牧民，也可以申请城镇低保边缘家庭救助，其享受的农村集体收益计入家庭收入。
据悉，《办法》共5章22条，其中有7条创新举措：拉萨市城镇低保边缘家庭享受100元/人/月的生活补贴；启动物价联动补贴时按城镇低保对象物价联动补贴标准的80%给予物价联动补贴，以上所需资金市、县（区）按比例分级承担。
《办法》中规定，拉萨市城镇低保边缘家庭享受参保缴费定额资助，由医疗救助资金代缴；在市、县（区）级定点医院就诊住院实行“先诊疗、后结算”的服务模式，免交押金；由市、县（区）定点医疗机构与市、县（区）医保经办机构之间进行结算，开通生命“绿色通道”；对城镇低收入家庭患有宫颈癌或乳腺癌的妇女，每位患者可获得一次性救助金1万元，以上所需资金由各级财政承担。
另外，拉萨市城镇低保边缘家庭享受对全日制普通高校在校大学生的学费、住宿费、书本费等每学年按高校实际收取费用的80%给予资助，并补助生活费2400元；每学年报销一次在校大中专学生就读期间往返学校的交通费（乘坐交通工具按照火车硬座或客车标准执行）的教育救助保障。拉萨市城镇低保边缘家庭还可享受求职补贴、社保补贴、培训就业奖励、服务机构补贴等就业救助保障。城镇低保边缘家庭中有意愿且符合条件的残疾人享受残疾人机构托养和康养服务；落实好按比例安置残疾人就业政策，全面加大城镇低保边缘家庭残疾人就业培训、就业推荐、自主创业扶持力度。记者 张雪芳 实习记者 范泽西
人民日报社概况 | 关于人民网 | 报社招聘 | 招聘英才 | 广告服务 | 合作加盟 | 供稿服务 | 数据服务 | 网站声明 | 网站律师 | 信息保护 | 联系我们
服务邮箱： kf@people.cn 违法和不良信息举报电话：010-65363263 举报邮箱： jubao@people.cn
互联网新闻信息服务许可证10120170001 | 增值电信业务经营许可证B1-20060139 | 广播电视节目制作经营许可证（广媒）字第172号
信息网络传播视听节目许可证0104065 | 网络文化经营许可证 京网文[2020]5494-1075号 | 网络出版服务许可证（京）字121号 | 京ICP证000006号 | 京公网安备11000002000008号
人 民 网 版 权 所 有 ，未 经 书 面 授 权 禁 止 使 用 Copyright © 1997-2021 by www.people.com.cn. all rights reserved",对象,ambiguous,remove
People.cn,2021-11-20,农发行武城县支行：能文能武 众志成城,"农发行武城县支行以红色党建为统领，以提升素质为抓手，以人文关怀为重心，以同心筑梦为目标，着力打造“能文能武 众志成城”主题品牌，深化职工之家内涵建设，在强化硬件、优化环境的同时，着力提升职工综合能力，助力青年成长成才，有效增强职工之家的凝聚力和吸引力，全行上下文修武备、个个争先，呈现出众志成城、团结一心的良好局面。该行连续2年被省、市分行评为“先进基层党组织”，荣获德州市金融系统“十佳营业网点”荣誉称号。
学习有平台。建设职工文化长廊，各楼层和楼道布置党建及企业文化展板，利用智慧党建、农发行e学院等载体，强化党建知识学习，保证学习时间，提升学习效率，引导党员干部锤炼初心，体悟使命，坚定政治立场，全面提高政治理论水平。全员积极参与“学习强国”学习，多名职工学习强国积分在30000分以上。
锻炼有场地。完善职工之家相关设施，配备跑步机、健身器材、乒乓球桌和台球桌等，增强身体素质，保持健康体魄。
就餐有质量。花大力气改善食堂设备，更新饭桌、丰富菜品，解决职工就餐难题。
阅读有品味。精心打造阅览室，购置不同种类图书，组织青年员工开展读书征文展评，让书香陪伴成长。
居住有条件。对职工宿舍进行重新布局，根据本行实际，用心创造条件，将支行附属楼改造成职工宿舍，让单身职工住得舒心、工作顺心。
红色活动入心入脑。认真组织开展红色主题活动，先后举办“百年党史青年说暨庆祝五四运动102周年”党史讲述活动、庆七一“坚守初心 履职敬业”主题座谈交流活动等；结合党史学习教育，组织全行职工参观台儿庄大战历史纪念馆、铁道游击队纪念馆等革命教育基地，参观廉政教育基地等；组织开展以“高扬合规之帆 伴农发行远航”为主题的青年员工演讲比赛。
各色比赛彰显活力。认真组织开展各类文体活动，丰富业余文化生活，陶冶广大职工情操。先后组织开展“迎五一 健步行”全民健身活动、三八妇女节“‘诗’情‘花’艺”献礼百年华诞、“巧手秀厨艺”等活动。联合中储粮武城分公司、武城县粮食安全保障中心、德州市第五粮油储备库有限公司开展“学党史 跟党走”旱地冰壶比赛。活动丰富多彩，收获累累硕果，既展现了良好风貌，又锻炼了干部队伍，鼓舞了团队士气。先后荣获市分行“党建强初心 合规助发展”主题知识竞赛团体二等奖、武城县庆祝建党百年华诞合唱比赛二等奖，其中，1名职工在市分行“听党话 跟党走”主题演讲比赛和“青春扬帆 合规护航”演讲比赛中分获一等奖和三等奖。
该行时刻把职工的冷暖放在心上，冬递温暖、夏送清凉，当好职工贴心人。
关爱职工健康。坚持每年组织职工进行健康查体，使职工全面了解自身的健康状况，提高保健意识。
温暖惠及心田。春节、中秋节对职工发放米、面、油等慰问品；对全体在职和退休职工及时发放生日蛋糕，用足用好政策，使工会经费真正惠及职工，使职工切实感受到组织的关爱。积极为老干部、困难职工排忧解难，重大节日走访慰问退休老同志，向老同志征求对本行工作的意见和建议。
践行社会责任。开展疫情献爱心捐款活动3次，为抗击疫情贡献团队力量。开展“主动参与‘疫’线值守 当好居民‘服务员’”志愿活动、“帮扶送温暖”活动，到定点帮扶村后曹店村与村干部对接座谈，实地走访帮扶困难对象。充分发挥金融帮扶作用，引导企业向武城县爱心读书小屋捐款2.4万元。组织开展“心系学子 助力高考”爱心志愿、慈心一日捐、创城义务劳动等公益活动。
农发行武城县支行将始终秉承“能文能武、众志成城”之精神，开拓创新、勇于探索，努力打造“同心筑梦”职工之家，让组织的关爱之情温暖职工心田、浸润逐梦时光。（李伟）",单身|对象,ambiguous,remove
People.cn,2021-11-21,海南调整中职教育特困生免住宿费对象,"根据国家和海南省有关文件要求，省教育厅、省人社厅、省财政厅近日对中职教育特困生免住宿费对象和义务教育非寄宿生生活补助对象进行了调整。
省教育厅、省人社厅、省财政厅强调，各级教育、人社、财政部门和学校要切实加强资助资金管理，确保资金及时发放、专款专用。各有关部门要加强对资金使用情况的监督检查，防止挤占挪用、弄虚作假套取资助资金、重复发放等行为的发生。
将《海南省中等职业学校国家助学金及免除学费住宿费教材费管理实施细则》规定的“对公办中等职业学校全日制学历教育正式学籍非涉农专业一、二年级建档立卡贫困户、低保家庭、特困供养等家庭经济特困学生免除住宿费”中的“建档立卡贫困户”调整为乡村振兴部门认定的“脱贫不稳定家庭学生、突发严重困难家庭学生、边缘易致贫家庭学生、相对稳定脱贫家庭学生”。
调整了义务教育家庭经济困难学生非寄宿生生活补助对象：
将义务教育阶段非寄宿生补助对象由原来的“建档立卡学生、家庭经济困难残疾学生、农村低保家庭学生、农村特困救助供养学生”调整为“脱贫户学生、监测户学生、城乡低保家庭学生、城乡特困救助供养学生、孤儿、事实无人抚养儿童、城乡低收入家庭学生、烈士子女、因公牺牲军人子女、病故军人子女、享受国家优抚抚恤的一至六级伤残军人子女、困难职工家庭子女、家庭经济困难残疾学生及残疾人子女”。其中“脱贫户学生、监测户学生”又包括“脱贫家庭学生（原建档立卡学生）、脱贫不稳定家庭学生、边缘易致贫家庭学生、突发严重困难家庭学生”。
人民日报社概况 | 关于人民网 | 报社招聘 | 招聘英才 | 广告服务 | 合作加盟 | 供稿服务 | 数据服务 | 网站声明 | 网站律师 | 信息保护 | 联系我们
服务邮箱： kf@people.cn 违法和不良信息举报电话：010-65363263 举报邮箱： jubao@people.cn
互联网新闻信息服务许可证10120170001 | 增值电信业务经营许可证B1-20060139 | 广播电视节目制作经营许可证（广媒）字第172号
信息网络传播视听节目许可证0104065 | 网络文化经营许可证 京网文[2020]5494-1075号 | 网络出版服务许可证（京）字121号 | 京ICP证000006号 | 京公网安备11000002000008号
人 民 网 版 权 所 有 ，未 经 书 面 授 权 禁 止 使 用 Copyright © 1997-2021 by www.people.com.cn. all rights reserved",对象,ambiguous,remove
People.cn,2021-11-22,“一张网”精准兜牢民生底线,"“每年都能领到一万多元低保金，我们家的柴米油盐不用愁了。”陈维奎是威宁自治县东风镇拱桥村村民，由于肢体残疾基本丧失劳动能力，两个小孩都在上小学，家庭出现困难。通过贵州低收入人口动态监测信息平台，民政部门在了解到他家情况后，第一时间将其纳入农村低保，现在他家一年能够领到低保金16800元，基本生活有了保障。
为实现对困难群众的精准识别、精准纳入、精准退出、精准救助，贵州民政抢抓大数据发展战略机遇，充分运用“互联网+”，依托全省数据共享交换平台，搭建了“省统筹、市县督、乡镇核”的低收入人口动态监测信息平台，率先在全国建立了低收入人口动态监测和常态化帮扶机制，实现了省市县乡四级全覆盖，有效保障了全省270.6万城乡困难群众基本生活，兜牢民生底线，做好巩固拓展脱贫攻坚成果同乡村振兴有效衔接。
“防漏”，确保新增对象精准纳入——信息平台具有异常预警、对象查询、数据分析、对象画像、预警核实等功能，对脱贫不稳定人口、边缘易致贫人口、重残人员、重病患者、重灾群众、失业人员等易返贫致贫低收入人口，实施动态监测预警，做到线上预警和线下核处高效衔接，变“人找政策”为“政策找人”，及时将新增符合条件的低收入人口纳入救助范围。自今年5月系统上线运行以来，共监测数据信息24万余条，发出预警信息6万余条，及时将新增符合救助条件的0.16万群众纳入兜底保障范围。
“防错”，确保不符人口精准退出——信息平台建立了跨层级、跨地域、跨系统、跨部门、跨业务互通机制，适时对社会救助申请对象和在保对象的车辆、房产等30余类数据进行快速比对，及时将不再符合条件的对象退保，有效防止违规“死亡保”“政策保”等“错保”问题。自今年5月系统上线运行以来，通过各地线下逐户逐人核查，及时将0.14万不再符合救助条件的对象退出低保，并在系统中标注不纳入救助的政策原因。
“闭环”，确保帮助资金精准发放——完善预算管理和绩效考核制度，将省对市绩效评价综合结果作为资金分配的重要因素。健全民政、财政、代理金融机构相互制衡、相互监督机制，规范资金运行流程，提升资金使用效益。对困难群众救助资金开展制度化常态化监管，加强信息公开，保障人民群众的知情权、参与权和监督权，确保救助资金安全使用、精准发放。
按照规划，“十四五”时期，贵州基本民生保障将更加完善，社会救助更加成熟、更加定型，分层分类、城乡统筹的社会救助体系更加健全，将全力推进精准救助、高效救助、温暖救助、智慧救助，不断增强困难群众的获得感、幸福感、安全感，为推进共同富裕提供更加坚实的兜底保障。（贵州日报天眼新闻记者 席忞禾）
人民日报社概况 | 关于人民网 | 报社招聘 | 招聘英才 | 广告服务 | 合作加盟 | 供稿服务 | 数据服务 | 网站声明 | 网站律师 | 信息保护 | 联系我们
服务邮箱： kf@people.cn 违法和不良信息举报电话：010-65363263 举报邮箱： jubao@people.cn
互联网新闻信息服务许可证10120170001 | 增值电信业务经营许可证B1-20060139 | 广播电视节目制作经营许可证（广媒）字第172号
信息网络传播视听节目许可证0104065 | 网络文化经营许可证 京网文[2020]5494-1075号 | 网络出版服务许可证（京）字121号 | 京ICP证000006号 | 京公网安备11000002000008号
人 民 网 版 权 所 有 ，未 经 书 面 授 权 禁 止 使 用 Copyright © 1997-2021 by www.people.com.cn. all rights reserved",对象,ambiguous,remove
People.cn,2021-11-23,全国首个涉诉未成年人家庭教育指导工作站在泸州成立,"●家庭教育指导工作站将主要针对怠于履行、不当履行监管义务以及暴力侵害未成年人权益的监护人或者其他与未成年人共同生活的家庭成员进行教导
●当公检法机关在办案过程中发现、社区排查发现有前述情况的以及监护人自己申请的，家庭教育指导工作站均可以启动教育指导。除了自己申请外，其余情况均属于强制性的教育指导
“我们在发出全省首份《责令接受家庭教育指导令》后，还有一些实施细则需要完善……”11月19日10时30分许，在泸州市叙永县人民法院的涉诉未成年人家庭教育指导工作站，未成年人案件审判庭庭长王凤莲正在和同事讨论首个案件的指导教育情况，为工作站下一步工作做准备。
11月6日，《中华人民共和国家庭教育促进法》颁布后，全国首个由法院、民政局、团委、妇联、关工委等多单位联合挂牌的涉诉未成年人家庭教育指导工作站在泸州市叙永县人民法院成立。“有了这个家庭教育指导工作站，我们就可以为‘问题父母’提供固定的接受指导的场所以及定制化的强制指导。”王凤莲说。
为什么要设立涉诉未成年人家庭教育指导工作站？如何运行？有哪些可以完善的地方？对此，记者进行了走访。
虽然我国法律有规定，公安机关、人民检察院、人民法院在办理案件过程中发现未成年人的父母或者其他监护人存在不依法履行监护职责或者侵犯未成年人合法权益的情况下，可以责令其父母或者其他监护人接受家庭教育指导。但具体到个案中，教育指导的具体内容、方式、场所、指导师的确定等都没有成熟的规范指引。
王凤莲介绍，此前，法院和妇联、关工委等机构虽有协作但是没有具体的操作规程，也没有形成联动机制。家庭教育指导工作站的成立，把民政、关工委、学校、司法等各方力量拧成一股绳，可以在一个地点进行家庭教育指导。
四川大学法学院教授王建平告诉记者，叙永县法院设立家庭教育指导工作站是一个很好的探索。“工作站成立后，就形成了一个具体的责任承担主体，让家庭教育指导制度形成一个完整的闭合链条。”
王建平的看法也得到四川瀛领禾石律师事务所管委会主任曾文忠的认同。曾文忠介绍，由多单位联合挂牌成立的教育指导工作站，意味着可以实现多部门联动，将家庭保护、学校保护、社会保护、政府保护和司法保护的规定落到实处。
如何运行？ 为“问题父母”提供定制化强制指导
王凤莲告诉记者，首次聘请的12名公益家庭教育指导师分别是具有家事和未成年人案件审判经验的法官、学校的心理咨询老师、专业的社工以及民政、妇联和关工委等部门的工作人员。法院和他们所属的单位签订合作协议，一旦需要家庭教育指导的时候可以进行联动。
在实际运行中，家庭教育指导工作站将主要针对怠于履行、不当履行监管义务以及暴力侵害未成年人权益的监护人或者其他与未成年人共同生活的家庭成员进行教导。当公检法机关在办案过程中发现、社区排查发现有前述情况的以及监护人自己申请的，家庭教育指导工作站均可以启动教育指导。除了自己申请外，其余情况均属于强制性的教育指导。
在课程设置上，家庭教育指导师将根据不同的情况制定定制化的指导方案，待方案通过法院和妇联的联合审查后才能进入实施环节。在后续跟踪方面，家庭教育指导工作站还将根据监护人的接受程度进行后期的回访，并形成相关评估报告。
“这就形成一个定制化指导和巩固的机制。”曾文忠说，与一般的“家庭教育指导进社区、进校园”活动和“家庭教育课堂”相比，家庭教育指导工作站最大的优势是常设机构，可持续进行回访，有效地巩固成果。
目前家庭教育指导工作站运行的基本费用由法院办案经费负担。“家庭教育指导师进行指导，目前属于公益性的行为。”王凤莲介绍，如果将来的培训涉及相关费用的话，法院准备与相关机构进行商讨，尝试实现资金来源多元化。
为此，王建平建议，可以尝试引入政府和社会资本合作模式。一方面，由财政方面的资金进行兜底；另一方面，可以尝试通过社会资本引入专业基金会，通过两方的资金拓展家庭教育指导工作站的资金来源，从而提升教育指导水平。
“另外，还应该尽快探索出台教育指导工作站中各个单位的合作细则，以更好地履行职责。”曾文忠建议，家庭教育指导工作站还要注意建立后续的评估机制，形成刚性的考核，从而增强教育指导工作的约束力。
“通过教育我们已经认识到给未成年人办娃娃亲的行为是违法的，以后肯定不会了……”11月19日，当记者联系到全省首份《责令接受家庭教育指导令》接受对象泸州市叙永县村民雷某某时，他对10多天前的家庭教育指导仍然记忆犹新。
今年10月28日，叙永县法院向一彩礼纠纷案件当事人雷某某发出责令接受家庭教育指导令，责令当事人限期接受家庭教育指导。这是《家庭教育促进法》颁布后，全省首份《责令接受家庭教育指导令》。
去年10月，村民刘某听说雷某某、邱某某的女儿邱某甲初中毕业后闲留家中，于是就请托同村村民柯某到雷某某家为儿子张某说媒。2021年1月12日，雷某某收取张某彩礼金8万元后，按照当地风俗为张某与邱某甲订立婚约。
2021年7月初，张某与邱某甲决定分手。经法院主持调解，原、被告双方达成一致意见。被告邱某甲、雷某某、邱某某自愿退还原告部分彩礼。
该案的承办法官对邱某某、雷某某进行了训诫，并向其发出《责令接受家庭教育指导令》，要求其到法院接受强制家庭教育指导。
“他们是10月29日来法院接受强制家庭教育指导的。”叙永县法院未成年人案件审判庭庭长王凤莲告诉记者，从法律的角度来说，为未成年人订立婚约，属于严重侵犯未成年人身心健康的行为。“当天，我们和妇联的同志对他们进行了普法教育，告知他们违反法律的后果，并准备寻找合适的机构对孩子进行职业培训。”（四川日报全媒体记者 张庭铭）
人民日报社概况 | 关于人民网 | 报社招聘 | 招聘英才 | 广告服务 | 合作加盟 | 供稿服务 | 数据服务 | 网站声明 | 网站律师 | 信息保护 | 联系我们
服务邮箱： kf@people.cn 违法和不良信息举报电话：010-65363263 举报邮箱： jubao@people.cn
互联网新闻信息服务许可证10120170001 | 增值电信业务经营许可证B1-20060139 | 广播电视节目制作经营许可证（广媒）字第172号
信息网络传播视听节目许可证0104065 | 网络文化经营许可证 京网文[2020]5494-1075号 | 网络出版服务许可证（京）字121号 | 京ICP证000006号 | 京公网安备11000002000008号
人 民 网 版 权 所 有 ，未 经 书 面 授 权 禁 止 使 用 Copyright © 1997-2021 by www.people.com.cn. all rights reserved",对象|彩礼,ambiguous,keep
People.cn,2021-11-23,盗图编故事博流量现象为何屡禁不止,"近日，网友“_Niki君_”的合照被他人造谣“老夫少妻”引发关注。目前，当事人已取证开展维权，造谣者的账号已被封禁。
从杭州女子取快递遭偷拍被造谣“出轨快递小哥”，到病逝女子被造谣“卖卵子”、再到北京女大学生被造谣“海王中的女霸王”，一些网友为了博眼球赚流量，盗用别人的照片造谣、编故事、卖惨，挑动公众的同情或愤怒的情绪。对此，律师表示，盗用他人照片编故事致人名誉受损或侵犯名誉权。有社会学专家表示，平台应加大对这类行为的惩罚力度，各方应降低受害人的维权成本。
对于这种新型编情感同质化故事卖惨，头条号平台在“同质化博流量内容”专项治理中，近期已封禁了10个相关账号。平台表示，以同质化文案编造虚假故事，以卖惨文案传播不良价值观，一经发现平台将予以严惩。
近日，网友“_Niki君_”发帖称，她发现自己此前发布的与外公的合照被头条号用户“飞哥在东莞”造谣为“73岁东莞清溪镇企业家豪娶29岁广西大美女”。对此，11月21日，当事女子发帖澄清并表示已私信造谣者删除造谣内容。
“_Niki君_”表示，拍摄被造谣的照片时她在上海工作，外公从老家来看她，当时，她到摄影棚合作拍写真，拍完想起外公跟外婆没拍过影楼照，就选了一组比较帅气的风格拍摄了。“当时我还单身，工作人员看照片觉得有外公看孙女出嫁的感觉，完全没想过所谓的‘老夫少妻’。”
“_Niki君_”称，得知和外公被造谣老夫少妻，她非常崩溃，造谣内容被扩散后，她丈夫的朋友、她母亲的朋友及她自己的朋友都陆续来告知她此事，相关内容甚至被传到微信群内讨论。目前，她已联系律师取证，目的首先是想让造谣内容全平台下架，减少对自己的名誉损害及对家人的伤害，至于追究造谣者的责任，有法律途径可以维权。
21日，造谣者发布造谣信息的头条平台也回应称，平台收到用户举报称，头条号@飞哥在东莞，现已改名为@东莞故事会，将一位女生和自己外公游玩上海时拍的一组照片写成了“老夫少妻”的故事。经核查，该账号系编造谣言误导用户，挑拨公众情绪，平台已对该账号予以封禁处理。
同一张躺在病床上的女子照片，被多家自媒体平台用在了种种不同内容的文章或视频里，有的文章称该女子因吃麻辣烫患上肠癌，有的文章称该女子花掉男友80万元后提出分手，还有的文章称该女子在大学宿舍未婚产子。看到这些内容，有网友被激起或惋惜或愤怒的情绪，在一则配文称“女子为一名广西外卖小哥的女友，为了给患病的女友看病，外卖小哥负债80万元，每天连续工作16个小时，但女友病好后却提出了分手”的视频评论区，有人谴责该女子忘恩负义，甚至还有更难听的咒骂。
北京青年报记者检索发现，该女子的照片还被多个自媒体利用于数个离奇事件或医疗故事中，在一个发布家居装修主题文章的自媒体账号上，和该女子照片搭配的新闻为“一个年仅26岁的女士，在刚装修好的婚房里住了4个月以后，甲醛中毒抢救无效死亡”。在另一个主打育儿主题的自媒体账号上，该女子却又变成21岁，“明明没有怀孕，却每天分泌母乳”。
北青报记者调查发现，涉事照片拍摄于2013年，照片中的女子王艺（化名）曾为供弟弟读书辍学打工，后不幸患上白血病住院，因父母双亡缺钱治病曾获得不少热心群众的同情和捐助。
王艺的弟弟王先生称，其姐姐已在2018年因病去世，临终前还曾尝试捐献遗体。他表示，姐姐生前未婚更没有生过孩子，其他的事情更是没有发生过。“这些自媒体盗用了姐姐的照片，他们的做法让我非常悲痛，希望他们主动撤下我姐姐的照片和这些文章。”
除了上述典型案例，还发生了杭州女子取快递遭偷拍被造谣出轨快递小哥，大四女学生被造谣“海王中的女霸王”。网友为了博眼球赚流量，盗用别人的照片造谣、编故事、卖惨的事件屡见不鲜，尤其是今年以来，已有多起类似事件引发热议。
北青报记者发现，这些被编造出来的虚假故事中，相同的是，这些故事不是很惨就是极富戏剧性，例如，病逝女子被造谣的故事中，其外卖小哥男友为给其治病花光了80万，女友病好了却果断提出分手，故事中的外卖小哥男友“人财两空”；而女子和外公被造谣老夫少妻事件中，两人的年龄差极大，而造谣者为冠以“豪娶”之名，捏造73岁企业家用88万礼金、一套80万的二房公寓和一台豪车娶29岁美女的情节，为了增加可信度，造谣者甚至编造了丰富的细节，包括企业家的年龄是73岁，来自东莞清溪镇，而美女是广西人。
这种离奇的故事容易满足公众的猎奇心理，也容易引发共情，煽动大家或同情或愤怒的情绪，让人忍不住在评论区发出谴责或者留下感慨，甚至有想将这些故事传播给身边亲朋好友看的冲动。
而在这些事件中，被造谣的受害者往往后知后觉，因为她们被盗用的照片可能是很久前发的。他们也无法对被造谣的信息进行实时监控，往往是传播开后，身边的亲朋好友发现了才告知当事人，随后当事人面临着被诽谤、被误解，甚至被“社会性死亡”，影响正常生活，而维权却往往需要漫长的过程。
除了受害人本身，这些被编造出来的故事往往传递出不良价值观，还带来了不良社会影响。在杭州女子被造谣出轨案中，审理法院也表示，二被告人的犯罪行为已并非仅仅对被害人谷女士造成影响，其对象选择的随机性，造成不特定公众恐慌和社会安全感、秩序感下降；诽谤信息在网络上大范围流传，引发大量淫秽、低俗评论，虽经公安机关辟谣，仍对网络公共秩序造成很大冲击，严重危害社会秩序。
对于上述这类盗用他人照片或视频编造虚假故事的情况，北京京都律师事务所常莎律师表示，如果网友的照片在未经其本人同意情况下，被使用在其他人视频中，属于侵犯该网友的肖像权。同时，如果该视频内容与该网友无关，使得普通浏览者产生误解，造成该网友名誉受损，属于侵犯该网友名誉权。常莎说，即使造谣者事后清空账号、删除造谣内容，侵害行为已停止，但被侵权的网友仍可要求对方消除影响、恢复名誉、赔礼道歉，同时可以向还在转发相关不实内容的相关发行平台、网络平台举报，并要求立即删除相关文章、视频。
对此，社会学专家表示，目前一些自媒体账号盲目追逐流量的收益，忽视了核实的程序，这需要平台加大惩罚的力度，同时也需要各方降低受害人的维权门槛，实现一个更加清朗的网络环境。
在回应“女子和外公被造谣老夫少妻”事件的同时，头条号平台管理员表示，提醒广大创作者，以同质化文案编造虚假故事，以卖惨文案传播不良价值观，一经发现平台将予以严惩。
人民日报社概况 | 关于人民网 | 报社招聘 | 招聘英才 | 广告服务 | 合作加盟 | 供稿服务 | 数据服务 | 网站声明 | 网站律师 | 信息保护 | 联系我们
服务邮箱： kf@people.cn 违法和不良信息举报电话：010-65363263 举报邮箱： jubao@people.cn
互联网新闻信息服务许可证10120170001 | 增值电信业务经营许可证B1-20060139 | 广播电视节目制作经营许可证（广媒）字第172号
信息网络传播视听节目许可证0104065 | 网络文化经营许可证 京网文[2020]5494-1075号 | 网络出版服务许可证（京）字121号 | 京ICP证000006号 | 京公网安备11000002000008号
人 民 网 版 权 所 有 ，未 经 书 面 授 权 禁 止 使 用 Copyright © 1997-2021 by www.people.com.cn. all rights reserved",单身|对象,ambiguous,remove
People.cn,2021-11-24,虚拟技术正在改变演艺行业生态--文旅・体育--人民网,"几年前，业界还在怀疑虚拟偶像仅是个表演噱头，现在真实偶像艺人已经开始学习如何与虚拟偶像同框合作和竞争；几年前，受众还“嘲讽”虚拟偶像的粗糙和呆板，对于“粉个假人”存在心理障碍，如今它给我们带来了难以分辨虚实的追星体验。有市场调查机构的数据显示，2020年中国虚拟偶像核心产业规模已达34.6亿元，同比增长70.3%，预计2021年将达到62.2亿元。而虚拟偶像周边市场规模在2020年为645.6亿元，2021年约为1074.9亿元。调研对象中有48.9%的网民表示为虚拟偶像和现实偶像的花费基本相同，有37.6%的网民表示为虚拟偶像花费更多。虚拟歌姬、虚拟博主、虚拟模特……虚拟偶像已遍布我们的数字化生活场景，正在与其他数字虚拟产品一起建构起平行于现实世界的“元宇宙”。然而，从“纸片人”到全息影像，它们给予受众的是否只是一种“虚假的完美”？由此引发的技术伦理是什么？它对于青少年将产生什么样的价值影响，这些问题亟须探讨。
虚拟偶像是基于语音合成、虚拟现实、增强现实、人工智能、全息投影、实时传输等数字技术设计制作出的仿真式偶像明星，它在技术和运营团队的操控下，像真实艺人一样既能在线上和线下场景中进行多种才艺表演活动，也在现实社会中成长和生活，与粉丝互动。尽管大量虚拟偶像脱胎于动漫或网游角色，但它们不仅存在于虚构故事中，更是一个活在真实世界里的“公众人物”。相较于与围棋高手进行智商大战的“阿尔法狗”，虚拟偶像靠的是艺能和形象魅力，且人格化和社会化程度更高、粉丝号召力更强大，因此滥觞于二次元的“纸片人”迅速冲破次元壁。随着虚拟现实技术对文化行业的渗透应用，各大资本和平台纷纷进场“造星”，加入这个“2.5次元”新赛道的竞争中。
聚焦演艺界，虚拟偶像已活跃在综艺晚会、选秀节目、个人演唱会、音乐厂牌等演艺平台上。从“洛天依”“乐正绫”登陆央视春晚及地方卫视晚会，到“翎Ling”“RiCH BOOM”参加选秀节目与真实艺人同场竞技，再到叶修、“无限王者团”、AYAYI在网文、音乐、电竞、直播带货等领域不断解锁技能，在社交媒体上日常分享，大量圈粉――虚拟现实技术正在迅猛改变着演艺行业生态。
如同二次元与现实世界既互斥又同步，虚拟偶像瞄准真人偶像的劣势而生，成为受众对理想艺人、理想自我的镜像投射。首先，以技术完美主义打造的虚拟偶像虽然丧失了真实艺人的“颗粒感”，但是它唱歌不走音、跳舞不抢拍、容颜不会老、情绪不失控、人设不塌房。对文娱企业方来说，虚拟偶像具有更好的产品可控性，成为治愈行业“偶像失格”焦虑的新流量配方。对粉丝来说，虚拟偶像成了偶像崇拜的“理想国”。在这里，虚拟偶像组合的成员不仅精通各类音乐才艺，而且个性鲜明，甚至还加入了动物、机器人，成为跨物种的全能型乐队。虚拟歌姬经历“电子合成音”到“人声AI混音处理”的技术迭代，声线更具专业性和亲和力。随着3D全息投影技术的飞速发展，它们炫目、空灵的演出场景正在建构独有的超现实沉浸式视听美学。
除了可控性，虚拟偶像在身体造型、技术支持和版权授予三个方面又具有强大的可供性――粗略、开源的出厂设定让它成为各路设计达人和玩家理想的“元素材”和“创意池”，正好契合青少年受众“脑补”“二次创作”等消费诉求。音乐人为它写歌、录歌，网友们把海量插画、舞蹈、翻唱、服装、美妆统统注入到这个躯壳中，按照自己的想象捏造补全它。像粉丝说的，“亲手将我的一部分灵魂给予了它们”，由此建立了“邂逅、告白、相处、打造、维系”的偶像养成之路。受众调查显示，“专属”和“陪伴”是虚拟偶像的价值热词。这样看来，虽然真人偶像也与粉丝进行日常互动，但是虚拟偶像多了一层身份中介和假定情景，反而增强了星粉互动的轻松感和选择性。正如粉丝总结道：“我喜欢它，正因为它的不真实。”
在人工智能和万物互联越发常态化的当下，受众清楚自己所追捧的形象不过是“机械姬”，为何仍乐此不疲？其深层原因在于虚拟偶像将自身媒介化、平台化了。通过IP化经营，虚拟偶像可以在音乐、游戏、文旅、教育、气象、广告等多种行业场景中胜任表演者、主持人、讲解员和代言人。可以设想，当业内摸索出适合的故事情节和叙事模式，虚拟偶像或将以真实歌手、演员或“网红”的身份进军（重返）影视剧。说到底，虚拟偶像行业追求的不是“真实”，而是获得一个加入超现实美学滤镜的安稳寄托、一个创意皮囊和社交载体。
采撷了现实的甜果，又剪除了现实的腐叶，虚拟的“偶像+伴侣”就这样崛起了。当仿真实升级为超真实，就不得不重视和反思虚拟偶像对受众的影响。当价值观来敲门，我们发现技术给予虚拟偶像的不仅是天赋，也有原罪。
从受众一方讲，虚拟偶像延伸了个体视觉、听觉、触觉等综合感官体验，更易强化个体的心理沉浸和生理触动，非理性的情感唤醒机制被加强。所以，当模仿者一步步僭越为替代者，会让缺乏真实社会体验的受众尤其是未成年人加剧“谁是真实的”“什么感觉是真实的”这些根本生存困惑，而沉湎于“虚拟即人生”之中，对于社会真相出现“信任衰退”，甚至走向极端地坚信一切或怀疑一切。并且，未成年人在供养和支配虚拟偶像过程中获得了权力控制感，使他们步入真实社会之时可能会产生心态落差和人格错位，诱发社会孤独感和虚无悲观主义。再者，除了创意分享之外，虚拟偶像的社交性还诉诸心理传播和情绪传染，所以也会像真人偶像那样容易引发非理性的网络打投和对战。由于这种“拟社会互动”被置于技术假定情景中，星粉之间会变得百无禁忌，“放飞自我”，低俗、超尺度的对话、造型和“福利”会多于真实偶像的饭圈，一些虚拟偶像正登陆赌博和色情的直播间。此外还要注意真实艺人把过火、博眼球的互动表演偷换到自己的虚拟分身上，防范劣迹艺人转移到虚拟阵地上复出。
从虚拟偶像的厂家及操控者一方来讲，“技术中立”不能成为避风港，“这是假的”不是免罪牌。事实上，虚拟偶像后台的真人演员（即“中之人”）还有算法逻辑，都是抱着非常真实的流量目的去经营的。“绝对零度”的技术加上功利化的资本，不仅让虚拟偶像极容易变成没有任何道德伦理束缚的玩偶，还会成为“蹭热点”、传播不良价值观又能规避法律监管的意见领袖。此外，一些虚拟偶像的广告代言都不能基于真实的产品使用经验，可能涉及误导和欺骗消费者问题。所以，虚拟偶像的厂家不能在粉丝“氪金”时营造它的真实亲切感，而涉及社会责任时又鼓吹它的虚幻无害性。
曾经，虚拟偶像只是二次元的空中花园，如今它成为融合多元文化的新平台，它映射了“Z世代”人群偶像消费的媒介使用偏好，因此需要抓住机遇，让虚拟偶像成为引领先进青年文化的代言人。例如，年轻人对虚拟偶像的态度除了高颜值，更希望看到它“整活”（做事业）。为了给“事业型”虚拟偶像做内容、补人设，网友持续不断地与虚拟偶像共同创作和产出，形成一个个创意社群，触发了青年群体的创新创业基因和热情。同时我们也看到，越来越多的主流文化阵地涌现出体现年轻人审美趣味的虚拟偶像，从亮相央视五四青年节特别节目的虚拟主持人“晓央”，到漫步清华园的虚拟学生“华智冰”；从演绎中华优秀传统文化的“翎Ling”，到与我国航天英雄一起征战太空、展示航天科技的数字女航天员“小诤”。虚拟偶像在推动泛文娱产业跨界升级之外，也在文化遗产传承、科技兴国、知识服务及城市形象打造等诸多方面有效地融合了主流文化与亚文化，对建构兼容并蓄、交流互鉴的社会共同体发挥了桥梁作用。当前，我国的虚拟偶像产业经过海外引进和本土化之后，进入到细分化的阶段，对于它的内容、版权以及媒介伦理都需要尽早出台相应的监管政策。文艺从业者对虚拟偶像的价值引领和使命赋予更具有不可推卸的责任。
（作者：徐海龙，系首都师范大学文学院副教授）
人民日报社概况 | 关于人民网 | 报社招聘 | 招聘英才 | 广告服务 | 合作加盟 | 供稿服务 | 数据服务 | 网站声明 | 网站律师 | 信息保护 | 联系我们
服务邮箱： kf@people.cn 违法和不良信息举报电话：010-65363263 举报邮箱： jubao@people.cn
互联网新闻信息服务许可证10120170001 | 增值电信业务经营许可证B1-20060139 | 广播电视节目制作经营许可证（广媒）字第172号
信息网络传播视听节目许可证0104065 | 网络文化经营许可证 京网文[2020]5494-1075号 | 网络出版服务许可证（京）字121号 | 京ICP证000006号 | 京公网安备11000002000008号
人 民 网 版 权 所 有 ，未 经 书 面 授 权 禁 止 使 用 Copyright © 1997-2021 by www.people.com.cn. all rights reserved",伴侣|对象,ambiguous,remove
People.cn,2021-11-24,浏阳永安：上好三堂课 抓实社矫管理,"人民网长沙11 月24日电 为强化对社区矫正对象的帮教管理，帮助社区矫正对象顺利回归社区，浏阳市永安镇力争上好审前、宣告、公益三堂课，不断强化管控、帮教和扶持，着力夯实社会治理根基。
“你对自己这个事还是要有清醒的思想认识，然后保持平和的心态在家等待最终的结果。”在心源村罗某家，永安司法所工作人员、心源村社矫专干、驻村辅警、村民代表以及罗某家属围坐一起，正在对罗某上一节特殊的思想政治课。
罗某因涉嫌危险驾驶罪被检察院立案调查，目前被取保候审在家。为了加强其入矫后的监督管理和教育帮扶，永安司法所提前组建社区矫正小组，通过实地走访、调查询问等方式，对罗某的居所情况、家庭和社会关系、一贯表现、犯罪行为的后果及影响等进行全方位调查。并组织相关人员召开座谈会，告知社区矫正刑事执行制度的重要意义和目的要求，要求罗某及其亲属表态，正确认识在社区矫正中应承担的责任与义务。
2021年以来，永安镇依法完成社区矫正审前社会调查评估16件，无一人因不符合条件要求而建议适用社区矫正，确保了刑事执行的严肃性。并保证了经过审前调查程序的人员，在适用社区矫正期间无一人存在违规行为。
入矫宣告仪式是社区矫正工作的第一道关，对于没有经过审前调查程序，且未接触过社区矫正的人员来说，帮助其顺利入矫，增强服刑意识，自觉遵守社区矫正各项规定等具有重要意义。
20出头的彭某因犯盗窃罪直接被判缓刑八个月，初来乍到，他并没有意识到社区矫正是怎么回事，以为没有失去人身自由就可以肆意妄为，刚入矫就出现了苗头。
为了拧紧彭某的思想弦，帮助他顺利渡过缓刑考验期，永安司法所对彭某举行了入矫宣告仪式，告知彭某在社会矫正期间应当遵守的监督规定、依法享有的权利、被禁止的事项以及违反规定会给予训诫、警告的法律后果，用满满的仪式感，让彭某摆正自身位置，更好的接受教育改造。
永安镇还在社区矫正对象所在的村明确一名村干部为社区矫正小组负责人，将亲属、亲友列入矫正小组成员，坚持“一对一”帮扶，定期走访，深入了解社区矫正对象的问题和需求，发挥地缘近、信息灵、处置及时的优势，协助了解本辖区内社区矫正对象思想动态、活动范围、社会交往等情况。
在参加完永安司法所组织的公益劳动后，来自水山村的罗某希望工作人员可以推荐他加入志愿者协会。他按要求积极参加村级组织的公益活动，如交通劝导、环境整治。“以前参加村上的活动纯粹是为了完成积分任务，现在则是在活动中找到了奋斗的方向。希望在志愿服务中帮到别人的同时，更帮助自己早日回归社会。”积极参加村级活动的罗某充满憧憬地说。
为了帮助社区矫正对象顺利回归社会，永安镇改变了以往的教育管理模式，将社区矫正对象从单纯的完成学习、劳动任务中抽离出来，通过每个月参加司法所组织的上街入户普法、爱心慰问活动以及自发到村参加的公益活动，进一步提高他们的知法、守法水平，使他们的心灵得到洗礼和净化，切实增强了他们回归社会的信心和勇气。（彭恋）
人民日报社概况 | 关于人民网 | 报社招聘 | 招聘英才 | 广告服务 | 合作加盟 | 供稿服务 | 数据服务 | 网站声明 | 网站律师 | 信息保护 | 联系我们
服务邮箱： kf@people.cn 违法和不良信息举报电话：010-65363263 举报邮箱： jubao@people.cn
互联网新闻信息服务许可证10120170001 | 增值电信业务经营许可证B1-20060139 | 广播电视节目制作经营许可证（广媒）字第172号
信息网络传播视听节目许可证0104065 | 网络文化经营许可证 京网文[2020]5494-1075号 | 网络出版服务许可证（京）字121号 | 京ICP证000006号 | 京公网安备11000002000008号
人 民 网 版 权 所 有 ，未 经 书 面 授 权 禁 止 使 用 Copyright © 1997-2021 by www.people.com.cn. all rights reserved",对象,ambiguous,remove
Workers' Daily / Workercn,2021-11-24,,"原标题：“双减”后警惕这五种家庭育儿法 “双减”政策实施后，中小学生放学后不补课或者少补课，居家时间多了，家庭教育的重要性凸显出来。然而，有的家长管孩子十分严苛，把不断挑错和贬低当作激励方式；有的家长过于溺爱孩子，将所有的问题都归咎于别人；还有的家长干脆当起了“甩手掌柜”，只要不打扰自己，孩子做什么都行……针对这些家庭教育的误区，本报邀请资深教育人士为家长们指点迷津。 第1种 “丧偶式”育儿 表现：家庭教育中，父亲或母亲一方作用显著缺失。 家庭教育失衡易导致孩子性格缺陷 北京小学首席班主任 马兰 “双减”政策实施后，在学校有老师加强对孩子学习和生活的管理，但放学后，学生不补课或减少了补课，这段“空”出来的时间则呼唤家庭教育的补足。作为一个长期在班主任工作岗位上工作的教师，我最不忍看到的就是“丧偶式育儿”方式。 造成这种育儿方式的原因很多。有的是因为父母一方因工作或地域的原因不能陪在孩子身边；有的是因为家庭变故，只能一方陪伴孩子成长；还有的是因为父母一方在养育子女过程中过于强势，使得另一方无法介入，久而久之，家庭教育长期缺乏父亲或母亲一方的作用，使得家庭教育的天平失衡。 童年是灿烂的，是最宝贵的，人们常说幸福的童年治愈一生，而不幸的童年用一生治愈。“丧偶式育儿”对于孩子成长的危害是不可逆的。“子不教，父之过”，长期缺乏父亲陪伴的孩子与健康家庭孩子相比，会表现出自信不足、胆小或僭越规则等特征。“父爱如山”，没有父亲高大身影的陪伴，会造成孩子意志力薄弱，尤其是男孩子更需要父亲的榜样引领，父亲的担当、勇敢、乐观等优秀品质会深刻地影响他们。“母爱如水”，长期缺少母亲陪伴的孩子性格缺陷较为严重。我曾教过一个学生，母亲在外地工作，很少与孩子见面。因为幼年时就缺少母亲的陪伴，孩子的自理能力很强，但是性格暴躁，办事鲁莽，容易冲动，常常因为一件小事和同学大打出手。长期缺少母爱的浸润，他的心是“硬”的，性格的缺陷造成他在班里人际关系紧张。 在家庭教育中，父母双方的教育对孩子的成长都至关重要，父母的爱就像鸟儿起飞的两个翅膀一样，都是孩子健康成长的必要条件。“双减”背景下，给足了家庭教育的时间、空间，让童年在父母陪伴下绽放光彩。父母双方的陪伴才是最好的教育。父母付出多少，孩子就会反馈多少，就像诗中所说：“你以为我没看见的时候，我看到你喂一只流浪的猫，于是我想对动物仁慈点是很好的善行；你以为我没看见的时候，我看见你为我做爱吃的蛋糕，于是我知道小事也很重要……”最好的教育不是拥有高分数，而是刻进骨子里的教养。而在这一个又一个细节里，何尝不是父母修养的体现。教育家陶行知说：“父母给予孩子正确思维阵地，就等于给了他面对世界的依仗。”最美妙的教育是有心无痕的，父母用自己的行动来表达自己的担当，比一万句说教更管用。 随着“双减”政策的落地，《中华人民共和国家庭教育促进法》也即将施行，不论从国家层面还是家庭层面，都要强化“家长是孩子的第一任老师”。“双减”减的是过重的课业负担和课外培训的负担，对于父母而言，陪伴和责任不能减，更不能“躺平”，而是要更加认真地思考如何在“双减”这盘大棋中落子孩子的教育规划。家庭教育要对“丧偶式育儿”坚决说“不”，家长用心、学生专心、家校共育才是最好的教育。愿用心的家长在陪伴中找到适合自己孩子的教育方式，让教育向美而生，让童年温暖灿烂，不留遗憾。 第2种 “诈尸式”育儿 表现：父亲日常不带娃不管教，偶尔还跳出来妨碍管教，指责孩子和妈妈。 父母理念冲突影响孩子建立自信 朝阳师范学校附属小学校长 齐振军 家庭教育是孩子健康成长的基石，这已经成为人们的共识。家庭教育的样态是多种多样的，有人对家庭教育的错误样态进行了分类，其中的“诈尸式育儿”让很多家庭产生了共鸣。 归结起来，“诈尸式育儿”的形成主要有三个原因：一是家庭传统分工的影响。传统的家庭分工中，男主外，女主内，教育孩子当然是家庭内部的事情，自然也就都落在了妈妈的身上，爸爸只是偶尔问问、管管。二是男性性格特征的影响。孩子的教育过程是个复杂而漫长的过程，是一个不断反复的过程，需要耐心的陪伴与静静的等待，一般情况下，爸爸缺少这样的耐性与耐心。三是成长评价理念的影响。对于孩子成长的评价有很多标准，如果将孩子的过去和现在对比，看有没有发展，是一种增值评价；将孩子应该完成的内容和他（她）的现实情况对比，看有没有掌握，是一种标准评价；将别人家的孩子和自己的孩子对比，看是不是比别人好，是一种比较评价。显然，增值评价更有利于提升孩子发展的兴趣，建立孩子的自信心，应该经常运用。“诈尸式育儿”方式中的爸爸没有陪伴的过程，自然就无法进行增值评价，所以很难看到孩子的进步与妈妈的付出。 “双减”减轻了学生的课业负担，减轻了家长的校外培训负担，增加了孩子自主全面发展的时间和空间，虽然学校和社会最大限度地提供着孩子全面发展的课程，但家庭教育仍然是实现孩子自主全面发展不可或缺的一部分。在这样的背景下，“诈尸式育儿”方式的弊端就会更加凸显。 首先，会影响家庭关系的和谐。家庭教育中很重要的一个因素是家庭成员之间的关系，这种关系对孩子的成长会产生直接影响。由于看待孩子成长的标准和角度不同，家长之间、家长与孩子之间难免会产生分歧甚至发生矛盾。孩子在一个充满矛盾冲突的家庭中成长，会产生很多的心理和身体问题。 其次，会影响教育方式的一致性。不同的孩子需要不同的教育方式，家庭中，父母需要结合实际制定出一套适合孩子成长的一致教育方法，而“诈尸式育儿”中的父母由于关注角度、评判标准的不一致，很难形成一致的教育方法，甚至会出现南辕北辙的现象。 最后，会影响孩子自信心的建立。孩子的成长过程是一个自己不断付出努力、不断收获的过程，但如果经常得不到肯定，看不到发展，就会逐步产生自卑的心理，自卑心理将会影响孩子一生的发展，自卑心理一旦产生想要改变是一件极其困难的事情。 随着时代的发展，尤其是“双减”政策落地之后，教育格局发生了相应的变化，建设一个有利于孩子健康发展的家庭教育新样态是家长们的新课题。 第3种 “黑粉式”育儿 表现：家长从不满意，永远在挑孩子的错，然后不断地打击，以此达到所谓激励的目的。 过于严苛管束会令孩子产生挫败感 大兴区兴华中学特级教师 刘秀华 “黑粉式育儿”的问题在于，家长过于严苛教育的背后，是对孩子的高期待和低信任。 在孩子幼年的时候，自我评价能力还很低，往往把重要他人对自己的评价和要求作为自我评价。孩子一旦内化了父母对他的贬低和苛责，他就会认为自己就是父母评价那样的不好、不努力、不懂事、拖延，这样的孩子会谨小慎微，缺乏安全感，产生低自尊、低价值感。因为觉得自己不够好，也不太敢跟人交往，在人群中显得退缩、孤僻。更不敢和别人提出自己的需求和愿望，因为觉得自己不值得、配不上。 到了青春期，有些孩子可能还会习惯地认同父母对他贬低的评价，更加认为自己不够好，体验更多的挫败感、无助感和无望感。还有一些孩子自我有一定的发展，会有心理、语言和行为上的反抗，发生消极怠工、敷衍、吵架，甚至肢体冲撞。还有一种更为严重的反抗，就是自我攻击，孩子没有办法把对父母的不满、抱怨以及不被认可的委屈、痛苦表达出来，就只有向自己发泄，于是自残、抑郁、身体的各种不舒服就会表现出来，埋下一些心理问题的隐患。 这样的案例在现实中屡见不鲜。比如一个不想上学的学生曾经来找我，他说不论自己做什么事，都总是达不到父母的要求，感觉自己一无是处，干啥都不行，就是一个给父母增加烦恼和负担的人，简直就是家庭的累赘。一个缺乏价值感和安全感、内在荒芜的孩子，哪有力量发展更好的自己呢？ 还有一个经常请假的学生向我诉苦，她说父母根本就不爱她，父母对她的好都是有条件的，只有成绩好才能够得到父母的爱。在小学为了得到父母的重视，她付出了很多努力，压抑了很多自己内心的想法和欲望，用成绩换得了父母的认可。但是到高中后她发现同学强手如云，再怎么努力自己也无法保持优秀，更无法达到父母的要求，来自父母的反而是更多的指责、贬低甚至辱骂。她说自己累了，对自己和父母都不抱希望了，于是放任自己，破罐破摔。 父母希望子女成才，对其进行适当的指导和督促，无可厚非。但什么事都要有个度，“过犹不及”。过度的严苛承载的是家长过高的焦虑，无形中成为了孩子的心理负担、精神枷锁甚至内在伤害。 美国心理学家威廉·詹姆斯指出：在人类的天性中，最深层的本质是渴望得到别人的重视。无论一个人有多少不足，他们都需要得到尊重和理解。自尊心是一个人成长的精神支柱、向善的基石，也是自我发展的内在动力。家长用欣赏的眼光看待孩子，发现他们的优势并予以鼓励和肯定，提高孩子的自尊、自信和自我效能感，是家长对孩子最有力的心灵支撑和唤醒，是最真挚、温暖和智慧的爱。 第4种 “毒唯式”育儿 表现：家长认为自家孩子永远比别家孩子好，即使自己孩子犯了错，起因也在于别人。 对孩子不理智的爱无异于“捧杀” 垂杨柳中心小学党总支书记 郑丹娜 家庭教育中存在的“毒唯式育儿”父母，他们独捧自家孩子，认为除了自己的孩子，其他都是渣渣，即便自己孩子犯了错误也认为一定是别人的错。渐渐地，这种心态甚至衍生到了二胎或三胎家庭，有些父母甚至只看好自己孩子中的某一个。 举个例子。放学后，一个六年级的小姑娘没有跟家长打招呼便到另外一个小姑娘家去玩，家长迟迟接不到孩子很着急，得知原因后，这位家长居然要求老师去批评那个邀请自己孩子去串门的同学，说是如果没有那个孩子的邀请自己的孩子是不可能去的。家长的话让老师很为难。 再举个例子。二年级学生思思先天感统失调又智商偏弱，老师为了照顾思思，排队时让他站在了队伍的最前边，同学洪波觉得思思挡住了自己的视线，想把思思拉到自己后面去，思思一回身，手碰到洪波的脸。洪波的家长知道后很不高兴，要求学校给思思调班，说不想让自己的孩子跟智商不足还多动的孩子在一个班。 上面两个例子有一个共同的特征，那就是：家长认为自己孩子是无辜的，问题都在于别人。其实，这两位家长没有意识到，“我的孩子好！好！好！”“独我的宝贝第一”的“毒唯式育儿”至少有两种不良后果：第一，孩子会丧失独立思考的能力。“只要我孩子觉得对的事，我就认为是对的”，长此以往，孩子就会我行我素，失去对自身行为对错的基本判断能力。第二，孩子会变得心理扭曲。“我的孩子才是最好的，有了问题也是受了别人的影响……”长期这种外归因的极端思考方式，会导致孩子唯我独尊的扭曲心理。面对弱势的群体缺少同情心，不会换位思考，难以形成符合社会准则的价值观。 在一定程度上，家长的做法无异于“捧杀”。只靠父母的呵护和被闭塞的赞美浸泡的孩子无法成长，孩子的欲望一旦被撑开后，随着年龄的增长，这种没有同理心的贪婪也会随之疯长，这种孩子最终也很难善待自己的父母，这样的例子并不少见。 高尔基说过，爱护自己的孩子，这是母鸡都会做的，但教育好孩子却是一门艺术。孩子的生命属于他自己，最终他要独立走向社会，独立与人交往。在此，我建议家长们对孩子的爱要客观理智，可以送给孩子两个与人交往的工具：一是一把向外看的“放大镜”，引导孩子留意身边人的优点，学会赞美和吸纳；二是一把向内看的“显微镜”，遇到不愉快的事情时，学会反思，在自己的行为中找找问题，增长和谐交往的经验。 第5种 “懒政式”育儿 表现：家长教育方法简单粗暴，或者是干脆放任自流，只要不打扰自己，孩子怎么做都行。 “大撒把”不利于孩子形成正确人生观 对外经济贸易大学附属中学校长 刘国雄 “懒政式育儿”的出现有多种原因，既有客观的，也有主观的。 客观方面，一些家长工作繁忙、工作压力大，无法兼顾自我发展和孩子成长，很少有时间陪伴孩子。即使回到家里，有的还得想着工作上的事，无暇顾及孩子，于是会“大撒把”，选择简单化或是放任自流的方法“对付”孩子。 主观方面，很多家长对孩子的身心发展规律缺乏了解、缺少研究，不懂得孩子的需求，遇到棘手问题缺乏科学有效的办法。而孩子处于发育成长期，有心理、习惯、性格、学习等诸多问题，家长与孩子沟通不畅，屡教无效，便会失去教育耐心。当然，也有少数家长为了自己的“潇洒”，过分依赖学校、依赖父辈，甚至把责任推给学校、推给老师、推给孩子，不履行监护人的法律责任。 我认为，这种育儿方式直接影响孩子的健康成长，严重的可能造成不可挽回的后果。 第一，《中华人民共和国未成年人保护法》和《中华人民共和国家庭教育促进法》，对未成年人成长教育提出了明确的法律规定，明确了父母或者其他监护人应承担对未成年人实施家庭教育的主体责任。父母对孩子未尽到教育的法律责任，一旦产生严重后果，则可能触犯法律。 第二，家庭是情感教育的主阵地，是孩子心灵的港湾。处于未成年时期的孩子，身体发育时可能会出现强烈的生理反应，需要及时跟父母交流，假如失去帮助和指导，可能产生心理恐慌、焦虑；学校是社会的雏形，校园的人际交往是孩子生活的重要部分，特别是在未成年人的交友过程中，会遇到很多问题甚至有高风险隐患，需要家长及时发现并正确引导；面对学习压力与竞争，学生会遇到挫折和失败，可能导致更深层次心理问题，也需要家长引导他们学会接纳、坦然面对。 第三，良好的生活、学习习惯在很大程度上靠家庭的培养。家长如果不能根据孩子的年龄特点进行生活习惯培养，将错失习惯培养的最佳时期。就拿上网习惯来说，如果家长偷懒，让手机陪伴孩子，就会让孩子养成手机依赖、网络成瘾的坏习惯，进而伤害身心。随着“双减”政策的落地，家庭应担负起更多的责任，帮助孩子养成良好的学习习惯，否则，孩子缺少自我效能感，家庭教育可能陷入失败的危机。 第四，未成年人的思维处于感性和理性的交织期，其识别能力、判断能力有限。家长若不闻不问，孩子可能被错误信息所误导，偏离正确的世界观、人生观、价值观，成为“空心儿”“娘炮儿”。家长要在孩子遇到困惑时给予正确引导。 第五，由于缺少家庭温暖，孩子在交友中遇到问题没有倾诉对象，会导致恶劣行为发生甚至是犯罪。家长要以朋友身份跟孩子多沟通，及时发现问题、解决问题。 所以，“双减”政策下，家庭教育水平急需提高。家长们要不断学习，提高对家庭教育重要性的认识，掌握家庭教育的科学方法，切实履行家庭教育的主体责任，让孩子们成为德智体美劳全面发展的社会主义建设者和接班人。
“双减”政策实施后，中小学生放学后不补课或者少补课，居家时间多了，家庭教育的重要性凸显出来。然而，有的家长管孩子十分严苛，把不断挑错和贬低当作激励方式；有的家长过于溺爱孩子，将所有的问题都归咎于别人；还有的家长干脆当起了“甩手掌柜”，只要不打扰自己，孩子做什么都行……针对这些家庭教育的误区，本报邀请资深教育人士为家长们指点迷津。
表现：家庭教育中，父亲或母亲一方作用显著缺失。
“双减”政策实施后，在学校有老师加强对孩子学习和生活的管理，但放学后，学生不补课或减少了补课，这段“空”出来的时间则呼唤家庭教育的补足。作为一个长期在班主任工作岗位上工作的教师，我最不忍看到的就是“丧偶式育儿”方式。
造成这种育儿方式的原因很多。有的是因为父母一方因工作或地域的原因不能陪在孩子身边；有的是因为家庭变故，只能一方陪伴孩子成长；还有的是因为父母一方在养育子女过程中过于强势，使得另一方无法介入，久而久之，家庭教育长期缺乏父亲或母亲一方的作用，使得家庭教育的天平失衡。
童年是灿烂的，是最宝贵的，人们常说幸福的童年治愈一生，而不幸的童年用一生治愈。“丧偶式育儿”对于孩子成长的危害是不可逆的。“子不教，父之过”，长期缺乏父亲陪伴的孩子与健康家庭孩子相比，会表现出自信不足、胆小或僭越规则等特征。“父爱如山”，没有父亲高大身影的陪伴，会造成孩子意志力薄弱，尤其是男孩子更需要父亲的榜样引领，父亲的担当、勇敢、乐观等优秀品质会深刻地影响他们。“母爱如水”，长期缺少母亲陪伴的孩子性格缺陷较为严重。我曾教过一个学生，母亲在外地工作，很少与孩子见面。因为幼年时就缺少母亲的陪伴，孩子的自理能力很强，但是性格暴躁，办事鲁莽，容易冲动，常常因为一件小事和同学大打出手。长期缺少母爱的浸润，他的心是“硬”的，性格的缺陷造成他在班里人际关系紧张。
在家庭教育中，父母双方的教育对孩子的成长都至关重要，父母的爱就像鸟儿起飞的两个翅膀一样，都是孩子健康成长的必要条件。“双减”背景下，给足了家庭教育的时间、空间，让童年在父母陪伴下绽放光彩。父母双方的陪伴才是最好的教育。父母付出多少，孩子就会反馈多少，就像诗中所说：“你以为我没看见的时候，我看到你喂一只流浪的猫，于是我想对动物仁慈点是很好的善行；你以为我没看见的时候，我看见你为我做爱吃的蛋糕，于是我知道小事也很重要……”最好的教育不是拥有高分数，而是刻进骨子里的教养。而在这一个又一个细节里，何尝不是父母修养的体现。教育家陶行知说：“父母给予孩子正确思维阵地，就等于给了他面对世界的依仗。”最美妙的教育是有心无痕的，父母用自己的行动来表达自己的担当，比一万句说教更管用。
随着“双减”政策的落地，《中华人民共和国家庭教育促进法》也即将施行，不论从国家层面还是家庭层面，都要强化“家长是孩子的第一任老师”。“双减”减的是过重的课业负担和课外培训的负担，对于父母而言，陪伴和责任不能减，更不能“躺平”，而是要更加认真地思考如何在“双减”这盘大棋中落子孩子的教育规划。家庭教育要对“丧偶式育儿”坚决说“不”，家长用心、学生专心、家校共育才是最好的教育。愿用心的家长在陪伴中找到适合自己孩子的教育方式，让教育向美而生，让童年温暖灿烂，不留遗憾。
表现：父亲日常不带娃不管教，偶尔还跳出来妨碍管教，指责孩子和妈妈。
家庭教育是孩子健康成长的基石，这已经成为人们的共识。家庭教育的样态是多种多样的，有人对家庭教育的错误样态进行了分类，其中的“诈尸式育儿”让很多家庭产生了共鸣。
归结起来，“诈尸式育儿”的形成主要有三个原因：一是家庭传统分工的影响。传统的家庭分工中，男主外，女主内，教育孩子当然是家庭内部的事情，自然也就都落在了妈妈的身上，爸爸只是偶尔问问、管管。二是男性性格特征的影响。孩子的教育过程是个复杂而漫长的过程，是一个不断反复的过程，需要耐心的陪伴与静静的等待，一般情况下，爸爸缺少这样的耐性与耐心。三是成长评价理念的影响。对于孩子成长的评价有很多标准，如果将孩子的过去和现在对比，看有没有发展，是一种增值评价；将孩子应该完成的内容和他（她）的现实情况对比，看有没有掌握，是一种标准评价；将别人家的孩子和自己的孩子对比，看是不是比别人好，是一种比较评价。显然，增值评价更有利于提升孩子发展的兴趣，建立孩子的自信心，应该经常运用。“诈尸式育儿”方式中的爸爸没有陪伴的过程，自然就无法进行增值评价，所以很难看到孩子的进步与妈妈的付出。
“双减”减轻了学生的课业负担，减轻了家长的校外培训负担，增加了孩子自主全面发展的时间和空间，虽然学校和社会最大限度地提供着孩子全面发展的课程，但家庭教育仍然是实现孩子自主全面发展不可或缺的一部分。在这样的背景下，“诈尸式育儿”方式的弊端就会更加凸显。
首先，会影响家庭关系的和谐。家庭教育中很重要的一个因素是家庭成员之间的关系，这种关系对孩子的成长会产生直接影响。由于看待孩子成长的标准和角度不同，家长之间、家长与孩子之间难免会产生分歧甚至发生矛盾。孩子在一个充满矛盾冲突的家庭中成长，会产生很多的心理和身体问题。
其次，会影响教育方式的一致性。不同的孩子需要不同的教育方式，家庭中，父母需要结合实际制定出一套适合孩子成长的一致教育方法，而“诈尸式育儿”中的父母由于关注角度、评判标准的不一致，很难形成一致的教育方法，甚至会出现南辕北辙的现象。
最后，会影响孩子自信心的建立。孩子的成长过程是一个自己不断付出努力、不断收获的过程，但如果经常得不到肯定，看不到发展，就会逐步产生自卑的心理，自卑心理将会影响孩子一生的发展，自卑心理一旦产生想要改变是一件极其困难的事情。
随着时代的发展，尤其是“双减”政策落地之后，教育格局发生了相应的变化，建设一个有利于孩子健康发展的家庭教育新样态是家长们的新课题。
表现：家长从不满意，永远在挑孩子的错，然后不断地打击，以此达到所谓激励的目的。
“黑粉式育儿”的问题在于，家长过于严苛教育的背后，是对孩子的高期待和低信任。
在孩子幼年的时候，自我评价能力还很低，往往把重要他人对自己的评价和要求作为自我评价。孩子一旦内化了父母对他的贬低和苛责，他就会认为自己就是父母评价那样的不好、不努力、不懂事、拖延，这样的孩子会谨小慎微，缺乏安全感，产生低自尊、低价值感。因为觉得自己不够好，也不太敢跟人交往，在人群中显得退缩、孤僻。更不敢和别人提出自己的需求和愿望，因为觉得自己不值得、配不上。
到了青春期，有些孩子可能还会习惯地认同父母对他贬低的评价，更加认为自己不够好，体验更多的挫败感、无助感和无望感。还有一些孩子自我有一定的发展，会有心理、语言和行为上的反抗，发生消极怠工、敷衍、吵架，甚至肢体冲撞。还有一种更为严重的反抗，就是自我攻击，孩子没有办法把对父母的不满、抱怨以及不被认可的委屈、痛苦表达出来，就只有向自己发泄，于是自残、抑郁、身体的各种不舒服就会表现出来，埋下一些心理问题的隐患。
这样的案例在现实中屡见不鲜。比如一个不想上学的学生曾经来找我，他说不论自己做什么事，都总是达不到父母的要求，感觉自己一无是处，干啥都不行，就是一个给父母增加烦恼和负担的人，简直就是家庭的累赘。一个缺乏价值感和安全感、内在荒芜的孩子，哪有力量发展更好的自己呢？
还有一个经常请假的学生向我诉苦，她说父母根本就不爱她，父母对她的好都是有条件的，只有成绩好才能够得到父母的爱。在小学为了得到父母的重视，她付出了很多努力，压抑了很多自己内心的想法和欲望，用成绩换得了父母的认可。但是到高中后她发现同学强手如云，再怎么努力自己也无法保持优秀，更无法达到父母的要求，来自父母的反而是更多的指责、贬低甚至辱骂。她说自己累了，对自己和父母都不抱希望了，于是放任自己，破罐破摔。
父母希望子女成才，对其进行适当的指导和督促，无可厚非。但什么事都要有个度，“过犹不及”。过度的严苛承载的是家长过高的焦虑，无形中成为了孩子的心理负担、精神枷锁甚至内在伤害。
美国心理学家威廉·詹姆斯指出：在人类的天性中，最深层的本质是渴望得到别人的重视。无论一个人有多少不足，他们都需要得到尊重和理解。自尊心是一个人成长的精神支柱、向善的基石，也是自我发展的内在动力。家长用欣赏的眼光看待孩子，发现他们的优势并予以鼓励和肯定，提高孩子的自尊、自信和自我效能感，是家长对孩子最有力的心灵支撑和唤醒，是最真挚、温暖和智慧的爱。
表现：家长认为自家孩子永远比别家孩子好，即使自己孩子犯了错，起因也在于别人。
家庭教育中存在的“毒唯式育儿”父母，他们独捧自家孩子，认为除了自己的孩子，其他都是渣渣，即便自己孩子犯了错误也认为一定是别人的错。渐渐地，这种心态甚至衍生到了二胎或三胎家庭，有些父母甚至只看好自己孩子中的某一个。
举个例子。放学后，一个六年级的小姑娘没有跟家长打招呼便到另外一个小姑娘家去玩，家长迟迟接不到孩子很着急，得知原因后，这位家长居然要求老师去批评那个邀请自己孩子去串门的同学，说是如果没有那个孩子的邀请自己的孩子是不可能去的。家长的话让老师很为难。
再举个例子。二年级学生思思先天感统失调又智商偏弱，老师为了照顾思思，排队时让他站在了队伍的最前边，同学洪波觉得思思挡住了自己的视线，想把思思拉到自己后面去，思思一回身，手碰到洪波的脸。洪波的家长知道后很不高兴，要求学校给思思调班，说不想让自己的孩子跟智商不足还多动的孩子在一个班。
上面两个例子有一个共同的特征，那就是：家长认为自己孩子是无辜的，问题都在于别人。其实，这两位家长没有意识到，“我的孩子好！好！好！”“独我的宝贝第一”的“毒唯式育儿”至少有两种不良后果：第一，孩子会丧失独立思考的能力。“只要我孩子觉得对的事，我就认为是对的”，长此以往，孩子就会我行我素，失去对自身行为对错的基本判断能力。第二，孩子会变得心理扭曲。“我的孩子才是最好的，有了问题也是受了别人的影响……”长期这种外归因的极端思考方式，会导致孩子唯我独尊的扭曲心理。面对弱势的群体缺少同情心，不会换位思考，难以形成符合社会准则的价值观。
在一定程度上，家长的做法无异于“捧杀”。只靠父母的呵护和被闭塞的赞美浸泡的孩子无法成长，孩子的欲望一旦被撑开后，随着年龄的增长，这种没有同理心的贪婪也会随之疯长，这种孩子最终也很难善待自己的父母，这样的例子并不少见。
高尔基说过，爱护自己的孩子，这是母鸡都会做的，但教育好孩子却是一门艺术。孩子的生命属于他自己，最终他要独立走向社会，独立与人交往。在此，我建议家长们对孩子的爱要客观理智，可以送给孩子两个与人交往的工具：一是一把向外看的“放大镜”，引导孩子留意身边人的优点，学会赞美和吸纳；二是一把向内看的“显微镜”，遇到不愉快的事情时，学会反思，在自己的行为中找找问题，增长和谐交往的经验。
表现：家长教育方法简单粗暴，或者是干脆放任自流，只要不打扰自己，孩子怎么做都行。
“懒政式育儿”的出现有多种原因，既有客观的，也有主观的。
客观方面，一些家长工作繁忙、工作压力大，无法兼顾自我发展和孩子成长，很少有时间陪伴孩子。即使回到家里，有的还得想着工作上的事，无暇顾及孩子，于是会“大撒把”，选择简单化或是放任自流的方法“对付”孩子。
主观方面，很多家长对孩子的身心发展规律缺乏了解、缺少研究，不懂得孩子的需求，遇到棘手问题缺乏科学有效的办法。而孩子处于发育成长期，有心理、习惯、性格、学习等诸多问题，家长与孩子沟通不畅，屡教无效，便会失去教育耐心。当然，也有少数家长为了自己的“潇洒”，过分依赖学校、依赖父辈，甚至把责任推给学校、推给老师、推给孩子，不履行监护人的法律责任。
我认为，这种育儿方式直接影响孩子的健康成长，严重的可能造成不可挽回的后果。
第一，《中华人民共和国未成年人保护法》和《中华人民共和国家庭教育促进法》，对未成年人成长教育提出了明确的法律规定，明确了父母或者其他监护人应承担对未成年人实施家庭教育的主体责任。父母对孩子未尽到教育的法律责任，一旦产生严重后果，则可能触犯法律。
第二，家庭是情感教育的主阵地，是孩子心灵的港湾。处于未成年时期的孩子，身体发育时可能会出现强烈的生理反应，需要及时跟父母交流，假如失去帮助和指导，可能产生心理恐慌、焦虑；学校是社会的雏形，校园的人际交往是孩子生活的重要部分，特别是在未成年人的交友过程中，会遇到很多问题甚至有高风险隐患，需要家长及时发现并正确引导；面对学习压力与竞争，学生会遇到挫折和失败，可能导致更深层次心理问题，也需要家长引导他们学会接纳、坦然面对。
第三，良好的生活、学习习惯在很大程度上靠家庭的培养。家长如果不能根据孩子的年龄特点进行生活习惯培养，将错失习惯培养的最佳时期。就拿上网习惯来说，如果家长偷懒，让手机陪伴孩子，就会让孩子养成手机依赖、网络成瘾的坏习惯，进而伤害身心。随着“双减”政策的落地，家庭应担负起更多的责任，帮助孩子养成良好的学习习惯，否则，孩子缺少自我效能感，家庭教育可能陷入失败的危机。
第四，未成年人的思维处于感性和理性的交织期，其识别能力、判断能力有限。家长若不闻不问，孩子可能被错误信息所误导，偏离正确的世界观、人生观、价值观，成为“空心儿”“娘炮儿”。家长要在孩子遇到困惑时给予正确引导。
第五，由于缺少家庭温暖，孩子在交友中遇到问题没有倾诉对象，会导致恶劣行为发生甚至是犯罪。家长要以朋友身份跟孩子多沟通，及时发现问题、解决问题。
所以，“双减”政策下，家庭教育水平急需提高。家长们要不断学习，提高对家庭教育重要性的认识，掌握家庭教育的科学方法，切实履行家庭教育的主体责任，让孩子们成为德智体美劳全面发展的社会主义建设者和接班人。
关于中工网 | 版权声明 | 违法和不良信息举报电话：010-84151598 | 网络敲诈和有偿删帖举报电话：010-84151598 Copyright © 2008-2026 by www.workercn.cn. all rights reserved",三胎|二胎|家庭|对象|育儿,ambiguous,keep
China News Service,2021-11-26,上海逾5万名筛查对象核酸检测阴性,"(抗击新冠肺炎)上海逾5万名筛查对象核酸检测阴性
中新社 上海11月26日电 (记者 陈静)上海25日新增三例本土新冠肺炎确诊患者。26日，上海市疫情防控工作领导小组办公室发布消息称，至11月26日8时，累计排查11月25日上海确诊的3例本土病例在沪密切接触者182人，均已落实集中隔离，首次核酸检测结果均为阴性。
据悉，疾控部门累计排查到在沪密接的密接337人，均已落实集中隔离，首次核酸检测结果均为阴性；累计排查在沪筛查人员54759人，核酸检测结果均为阴性。累计采集环境样本1260份，其中29份样本(均为一病例临时居住地环境样本)核酸检测结果为阳性，其余均为阴性。
25日，上海多家医院均告门急诊暂停服务。医院实施闭环管理。“闭环”意味着人员限制流动。一些特殊患者受到了医护人员的特别关照。
据介绍，5天前，因为新生儿溶血，小圆圆(化名)被送进了瑞金医院儿科接受蓝光治疗，没想到要经历医院的闭环管理。像小圆圆这样的小婴儿，得到了医生叔叔、阿姨的“VIP”照顾——“临时爸妈”争相上岗了。
妈妈小卢(化名)25日因为宫缩住进瑞金医院，因实行闭环管理，小卢的先生无法陪在妻子身边。产科医护立刻联合病房护士、手术室人员开展协调，分配专人照顾小卢生活起居。剖宫产手术十分顺利，新生命在冬日暖阳中诞生，6斤的女宝宝和29岁的妈妈均平安无虞。(完) 【编辑:梁静】",对象,ambiguous,remove
People.cn,2021-11-29,争分夺秒！直击杨浦人的“不眠夜”,"11月25日， 上海新增3例本土新冠肺炎病例。 疫情再次发生， 有一群人便始终绷紧神经， 奋战在疫情防控第一线， 度过了一个“不眠夜”。
病例出现后，区卫健委靠前指挥，疾控中心迅速组成了联合流调专家队伍，全面开展流行病学调查，排查追踪相关人员。同时密接组、运输组、消毒指导组、核酸检测组全员轮动，迅速开展相关工作。区疾控中心疫情防控队伍共出动120余人次。
11月26日下午，在接到流调任务后，疾控工作人员立刻再次出发。记者跟随一组工作人员来到一家餐饮店和一家手机店开展轨迹排查。
在餐饮店，工作人员调取了店内监控画面，开始一帧一帧寻找目标。但根据对方提供的时间节点，找了好久都没有找到排查对象的身影。
“因为人的记忆有时会出现偏差，这在我们工作中是很常见的。”工作人员并不气馁，而是拿出手机继续与排查对象耐心沟通，帮助对方回忆每一个细节。“你当时用什么方式支付的，有没有付款记录？有没有使用优惠券，总金额是多少？”......
经过一番周折，最终工作人员根据排查对象的支付时间和支付金额，锁定了排查对象的具体就餐时间和就餐位置。“我们会把此次排查结果通知到相关人员所在的社区，由社区进行后续管理。”杨浦区疾病预防控制中心消毒与病媒防治科负责人陆晓燕说道。此时时间已经过去了近2个小时。
“今天还算挺顺利的。”陆晓燕回忆道，曾有一次，自己和队员们为了排查一个点位的轨迹，花了一整夜。“因为那是一个游泳馆，很多地方都没有监控，我们只能抽丝剥茧一点一点排除。”
排查完餐饮店，将信息上报后，工作人员又马不停蹄地往下一个点赶去……
不仅杨浦疾控人在行动， 复旦大学江湾校区进行封闭管理后， 学校师生积极配合 流调排查和采样检测工作， 校内工作生活秩序井然。 市东医院迅速集结了 一支由30人组成的应急分队 执行临时核酸采样任务。 直至当晚21:30， 完成生活园区近四千份， 校区一千余份核酸采样。
杨浦区中心医院的医护人员 增援复旦大学江湾校区开展核酸采样， 11月26日下午， 在校区内设6个检测点位， 开展第二轮全员核酸检测。
人民日报社概况 | 关于人民网 | 报社招聘 | 招聘英才 | 广告服务 | 合作加盟 | 供稿服务 | 数据服务 | 网站声明 | 网站律师 | 信息保护 | 联系我们
服务邮箱： kf@people.cn 违法和不良信息举报电话：010-65363263 举报邮箱： jubao@people.cn
互联网新闻信息服务许可证10120170001 | 增值电信业务经营许可证B1-20060139 | 广播电视节目制作经营许可证（广媒）字第172号
信息网络传播视听节目许可证0104065 | 网络文化经营许可证 京网文[2020]5494-1075号 | 网络出版服务许可证（京）字121号 | 京ICP证000006号 | 京公网安备11000002000008号
人 民 网 版 权 所 有 ，未 经 书 面 授 权 禁 止 使 用 Copyright © 1997-2021 by www.people.com.cn. all rights reserved",对象,ambiguous,remove
People.cn,2021-11-29,点赞！宝山这2户家庭获评2021全国“最美家庭”,"11月28日上午，中央宣传部、中央文明办、全国妇联召开加强家庭家教家风建设工作推进会，现场揭晓了2021年全国“最美家庭”。其中，宝山区沈骁伟家庭、沈曙家庭成功获评“全国最美家庭”。今天，就让我们一起走进这些优秀家庭，去看一看他们的故事~
沈骁伟家庭:舍小家为大家，抗疫伉俪同心行
沈骁伟，宝山公安分局盛桥派出所责任区警长。他的妻子严艳是盛桥地段医院预防保健科护士。2020年随着疫情的尘嚣日上，年初三，严艳便取消节假休息，上岗报到。而沈骁伟在大年初二便在所内开展值班备勤工作，整个春节假期，沈骁伟和妻子在家仅休息了2天，他们把3岁的孩子托付给了老人，就义无反顾双双“逆行”，分别坚守在防疫一线。
在日常工作中，沈骁伟除了负责派出所案件侦办工作外，还轮流去村居出入口开展值守工作。每次，他都会提前15分钟上岗，和志愿者们聊聊，听听社区里的“新鲜事”，他总说：“没有战胜不了的疫情！相信只要大家携手同心，就一定能打赢这场防疫攻坚战！”
妻子严艳每天8点急匆匆出门，上门告知来沪人员隔离要求，并叮嘱他们逐一签订《居家隔离承诺书》，定时对居家隔离对象测量体温，把最基层、最基础的工作做细做实。
虽然两人都在盛桥辖区上班，但因为沈骁伟经常值班备勤的缘故，夫妻俩也难得见上一面。有时沈骁伟和妻子会“忙里偷闲”开一会微信视频聊天，“记得戴口罩！”“记得勤洗手！”是他们之间最多的叮嘱。
1月27日，盛桥派出所辖区地段医院通报，一名居民在居家期间不配合医护人员上门测量体温。沈骁伟到达现场时意外发现，现场的护士竟是自己的妻子，经过两人的耐心劝说，居家隔离的居民终于开门接受了体温测量。他意识到配合检测才是真正不给大家添乱，并连声向这两位耐心、负责的医护人员和民警致谢。
测量结束后，沈骁伟与严艳互相叮嘱一声“注意安全”后，又急匆匆奔往各自的“战场”。
在抗击新冠肺炎疫情这场战役中，沈骁伟和严艳，他们既是相濡以沫的伴侣，又是相互支持的战友，他们凭着相同的信念，共同的责任，默默相守在战役最前沿，演绎着“小情大爱”的故事，以实际行动践行着人民警察的职责，诠释着医者仁心的担当。
若不是一封来自山西省左权县麻田镇东安村的表扬信，宝钢九村的居民都还不知道，社区里的沈曙一家还有这样感人的事迹。
上世纪九十年代，地处太行深山的东安村在贫困线上挣扎，农民的年均收入只有三四百元。百年不遇的特大洪涝灾害让三十多年的教舍成为摇摇欲坠的危房，当地政府部门向发达地区寄出了不少求援信以建设希望小学，为四十多名无学可上的儿童请求帮助。其中的一封王晓霞的求助信就交到了沈曙的大女儿沈艳手中，经过全家人讨论，一致决定，不仅要资助王晓霞小学毕业，还要资助她直到大学毕业。
1996年，沈艳给王晓霞写了第一封信，对她进行了殷切的鼓励，字里行间流露出关怀。除了书信，学杂费、衣服、糖果、学习用品等也源源不断地寄到王晓霞手中。24年从未间断过的一封封书信，搭起了大上海、太行山区，宝钢和东安村两个远隔万水千山，却情意相牵的家庭交往的桥梁。2010年，大女儿沈艳移民澳洲，这个接力棒传到了二老的手里。再后来，大学毕业后工作的二女儿沈芸也接过了担子，并表态“这一善举是全家人的事”。近几年，沈家还帮助王晓霞的母亲治疗乳腺癌......就在今年，即将步入婚姻殿堂的王晓霞将沈曙和妻子陆银娣请到了东安村作为自己的证婚人，她热泪盈眶地对在场的来宾介绍道“这是我的姥爷和姥姥……”
24年的坚持，令人动容，可贵的是沈曙一家对此事只字不提，连老夫妻单位的很多同事和邻里之间都不知道。过古稀之年的沈曙精神矍铄，他反复强调，自己做得事情实在微不足道，“我们不帮谁帮，我只是做了一名共产党员该做的小事”。
除了扶贫助困，沈曙还担任宝山区首批“家好月圆”结婚登记特邀颁证员，见证新人的幸福时刻，传递最美家庭正能量。
沈曙一家也是文化之家。一家子几乎每人都会一样乐器，每年的迎新联欢会、纳凉晚会、重阳节等重要活动上，沈曙都会表演一两个拿手节目助兴。楼道里挂着的气宇轩昂的书法作品出自沈曙女婿，为楼宇建设增添了浓厚的文化氛围。
在老夫妻两的培养下，一双女儿自学生时代就学习优秀、品德高尚，成年后又留学深造、为国增光。孙辈同样继承了良好的家训，将传统美德发扬光大，勤勉刻苦，现皆是就读于名校的“学霸”。
人民日报社概况 | 关于人民网 | 报社招聘 | 招聘英才 | 广告服务 | 合作加盟 | 供稿服务 | 数据服务 | 网站声明 | 网站律师 | 信息保护 | 联系我们
服务邮箱： kf@people.cn 违法和不良信息举报电话：010-65363263 举报邮箱： jubao@people.cn
互联网新闻信息服务许可证10120170001 | 增值电信业务经营许可证B1-20060139 | 广播电视节目制作经营许可证（广媒）字第172号
信息网络传播视听节目许可证0104065 | 网络文化经营许可证 京网文[2020]5494-1075号 | 网络出版服务许可证（京）字121号 | 京ICP证000006号 | 京公网安备11000002000008号
人 民 网 版 权 所 有 ，未 经 书 面 授 权 禁 止 使 用 Copyright © 1997-2021 by www.people.com.cn. all rights reserved",伴侣|婚姻|对象|结婚,ambiguous,keep
China News Service,2021-11-30,韩国扩大新冠疫苗加强针施打对象 18岁以上皆可,"中新网 11月30日电 据韩媒报道，当地时间29日，韩国政府表示，18至49周岁完成新冠全程接种的人群，也将在接种5个月之后施打加强针，防疫通行证(接种证明、核酸检测阴性证明)有效期为6个月。
据报道，韩国政府决定，18至49周岁完成全程新冠疫苗接种的人群也可接种加强针。这也意味着，接种对象由原先的50岁以上扩大至18岁以上。
报道指出，18到49周岁人群在完成第一和第二针接种并经过5个月后，可接种第三针。若存在特殊情况，或需根据集体接种计划进行接种时，施打加强针的间隔可缩短至4个月。
报道指出，韩国总统文在寅表示，今后要转变观念，即第三次接种不是加强免疫，而是全程接种的基本步骤之一，打完第三针才算完成全程接种。
另一方面，政府还宣布，向完成基本接种人员发放的防疫通行证有效期为6个月。为维持通行证效力，持有者需要在有效期内施打加强针。
报道称，政府争取从12月20日开始实施防疫通行证有效期制度。
此外，为防止疫情以首都圈为中心继续扩散，政府正在考虑私人聚会限员等措施。但是，考虑到其对经济和民众日常生活的影响，政府将会听取各方意见后再做决定。
11月1日起，韩国开始实施“分阶段恢复日常”防疫措施。根据过去4周的新冠疫情评估结果，全国范围内风险度为最高级别的“很高”。文在寅在主持特别防控会议时表示，暂缓转入第二阶段“恢复日常生活”防疫模式，今后4周将实行特别防疫措施。",对象,ambiguous,remove
China News Service,2021-11-30,各地脱贫攻坚成果进一步巩固 76%监测对象消除返贫风险,"央视网消息：防止发生规模性返贫是全面推进乡村振兴的底线任务。今年以来，各地各部门聚焦重点地区、重点群体，建立健全防止返贫动态监测和帮扶机制，加强产业帮扶、就业帮扶、重点县帮扶，脱贫攻坚的成果进一步巩固。
今年以来，脱贫地区特色种养业提升行动启动实施。中央财政安排衔接推进乡村振兴补助资金1561亿元，50%左右用于产业发展，累计入库产业项目20多万个。新发放小额信贷400多亿元，支持超过120万脱贫户发展产业。
在四川广元市朝天区，依托当地食用菌、高山蔬菜等种植优势，东西部协作项目将帮扶资金重点用于打造特色产业基地上。
今年以来，防止返贫动态监测帮扶机制不断健全。全国纳入监测对象约500万人，目前，76%已经消除了返贫风险。国家还确定160个国家乡村振兴重点帮扶县，制定了14项倾斜支持政策。 【编辑:陈文韬】",对象,ambiguous,remove
People.cn,2021-11-30,揭秘缅北“杀猪盘”：诈骗集团把业务员当货物一样卖--经济・科技--人民网,"近期，电信诈骗集团年轻化趋势明显，越来越多青少年深陷其中。近日，记者采访了多名陷入缅甸诈骗团队的“淘金客”。
对于在缅甸勐波洪门大厦工作了一年的“业务员”李福（化名）来说，印象最深的就是“放鞭炮”。
每当单笔“收入”超过50万元时，“公司”就会为参与其中的“业务员”放鞭炮庆祝。2020年9月的一天，1987年出生的李福看到了漫天飞舞的鞭炮纸，他“成功”诈骗了144万元。
被李福诈骗的是江苏省江阴市的市民王兰（化名）。1970年出生的王兰在医院工作。2020年9月27日，她向当地公安报案时，依然没有怀疑网上认识的“男朋友”李福的身份，她坚称：“我的男朋友也被骗了。”
经过侦查，当地警方锁定了缅甸勐波的一个跨国电信诈骗集团。据警方透露，该集团组织结构复杂、人员众多。王兰所谓的男朋友李福就是该诈骗集团的“业务员”。
2020年9月10日，王兰在网络社交平台结识了李福。他自称是苏州人，经营一家建筑公司，只比王兰小两岁。有过一段失败婚姻的王兰十分欣赏这个优秀的中年男士。
添加微信后，看着李福的朋友圈内帅气的照片，王兰心动了。在微信中，李福嘘寒问暖。没过多长时间，两个人就确定了恋爱关系。
认识仅5天后，李福就向王兰说出了自己的“生财之道”。李福表示，他靠着在国外博彩网站“买大小”“猜单双”挣了几十万元。经不住软磨硬泡的王兰在李福的建议下投资了1万多元“试试水”。
让王兰没想到的是，一下子就挣了1000多元。提现后的王兰十分兴奋。两天后，李福说，他已摸清了这家网站的博彩规律。“今天买小一定赚钱。”在李福的建议下，王兰又花费了5万元进入“贵宾区”。
这一次，王兰又挣了3.5万元。成功提现后，王兰对李福崇拜得五体投地。
后来，王兰又充了十几次钱，最多的时候金额高达50万元。10月25日，王兰发现她一共充值了28笔共144万元，却再也不能提现了，才发现被骗了。
近日，记者在江阴市公安局见到了李福。李福告诉记者，他对王兰说的话都是“假话”，是按照之前已经写好的剧本“演的”。
现实生活中的李福是福建仙游人。大专毕业后，他外出打工，生活过得十分辛苦。2020年4月，疫情刚过，李福听闻同村老乡在缅甸做“淘宝客服”，一个月轻松拿几万元。
于是，李福跟着老乡偷渡到缅甸。进入洪门大厦后，李福参加了公司组织的培训。“培训内容都是在告诉我怎么搞对象、怎么获得别人的信任。”这时，李福才知道自己进入了诈骗集团。
心思细腻的李福学得很快，很快成为业务员。“我一般都会说自己是搞建筑的。”李福告诉中青报・中青网记者，建筑公司老板的人设可以让女网友感到对方“又有钱、又有闲”。工作之余，他也会经常搜索和建筑行业有关的内容，以免聊天时“露馅”。
对于王兰那一单，李福记得很清楚，自己光分红就拿了40多万元。“当地物价很贵，什么都需要花钱。”李福表示，回国前，钱基本都被花光了。他说起当地的一句顺口溜：“缅北挣钱缅北花，一分别想带回家。”
福建莆田90后小伙子张勇和李福一样是“业务员”。2019年年底，张勇认识了阿飞（化名）。很多朋友说，阿飞在缅甸做大生意，是大老板，很有钱。游手好闲的张勇也十分希望挣“快钱”。
按照阿飞的指示，张勇动身前往缅北“淘金”。他先是前往厦门乘坐飞机到昆明，之后，他马不停蹄赶往西双版纳。
“你先在这里住五六天酒店，到时候等边境能过了，会有人通知你。”阿飞的电话让张勇悬着的心放下了。他心里明白，这次的旅途其实就是偷渡。
大约一周后，张勇就被当地的“蛇头”带上车。车上一共有20多人，他们都是“偷渡客”。在一处山脚下，所有人都被赶下车。
张勇回忆，司机一直在警告不能出声，往前走就会有人接应。大约在山路里走了1个多小时，张勇终于见到了接应的人。对方告诉他：“这里已经是缅北了。”
张勇此行的终点是缅甸勐波的洪门大厦。阿飞说，这是公司所在地。“那栋楼大约有十七八层的样子，公司在11层。”张勇说，一进大门，他就感觉到“气氛有点儿不对劲儿”。
他看到，门口警卫腰上别着电棍，有的人还拿着“AK枪”。进入公司后，张勇看到许许多多“小隔间”。透过玻璃，他发现每个隔间里大约有七八个人，满地都是手机和电脑。
当晚，张勇就被安排进入“部门”接受培训。张勇告诉中青报・中青网记者，给他培训的是公司的一名“总监”。对方告诉他，新人要从“业务员”干起，工作内容就是在网络上陪女性聊天，并获得她们信任。
他们每天中午12点开始上班，一直要工作到晚上11点。在张勇看来，这样简单的工作“纪律严明”。每天进入工作状态后，个人手机就要上交给总监。他使用的是总监发给他的另一部手机。手机上有各种社交软件的账号，张勇被要求只能引导中年女性添加手机上的微信账号。
“其实很不好操作，我每天都会加100多人，但没几个人会信。”过了一段时间，张勇渐渐老练起来。他成功获得了一名女网友的信任。张勇在成功添加其微信后，就把手机交给总监。
几天后，总监就在例会上宣布，张勇为公司赚了5000元，按规定可以分走其中的15%。张勇发现，阿飞是公司里的“小老板”。在阿飞的推荐下，张勇很快被提升为总监。
据张勇介绍，公司内部大约分为大老板、小老板、总监、组长、业务员等几个层级。“升级为总监后，我手下有六七个人。”张勇表示，如果手下的“员工”挣了钱，他也会拿到相应提成。
“对方给了5万块钱，就把我卖掉了！”1994年出生的福建莆田小伙王伟（化名）每每提起这笔交易，都显得害怕又无奈。在江苏省江阴市公安局内，中青报・中青网记者见到了在缅北某诈骗集团“打工”9个月的王伟。
初中毕业后，王伟在父母的帮助下盘了一家理发店，靠着手艺谋生。可好景不长，王伟沾染上了赌博恶习。他还因此欠了10万元赌债。债主三天两头上门讨债，让他不堪其扰。他索性变卖店铺，跟随朋友来到缅北。
“那里的日子很不好过。”一个月下来，他只接到一单生意。让王伟没有想到的是，公司不仅没有发给他薪水。相反，他还拖欠了公司1万多元。
原来，每天使用的手机、社交账号都是要花钱租的。租用手机一个月3000元、社交账号300元到500元不等……感到被欺骗的王伟立马提出离职。但他被告知，除非交齐欠款，否则不能离开公司。
没有办法，王伟只能在那里干下去。2020年9月，王伟被总监告知，他已经“被卖到”另一家公司，继续当业务员。
王伟表示拒绝后，总监就威胁他：“你在这里，我们把你杀掉，谁也不知道，你自己看着办。”
新公司依旧是在搞“杀猪盘”诈骗。“整个大楼都是搞这个的，每个公司都有上百人。”王伟说。
进入新公司后，王伟变得更郁郁寡欢。每个月，他几乎都没有“业绩”，拖欠公司的“赎身费”也变得越来越多。
每晚开会，新公司总监都会对他进行“人格侮辱”，甚至打骂。“你是猪吗？怎么一点儿业绩都没有？”诸如此类的话，成为家常便饭。
王伟一直想逃跑，但一直没有机会。今年3月，当地税务部门来大厦内检查，发现公司账目不清，公司被迫搬家，王伟感觉机会来了。
搬家时，他十分卖力，来来回回上下好几趟。公司的总监、小组长都表扬他“吃苦肯干”。最后一趟电梯，几乎满员，只留下了王伟和另一个莆田老乡等待下一班电梯。
“趁乱跑！”王伟迅速按开另一边电梯。到达一楼后，门卫看见楼上并没有阻拦二人，选择放行。王伟一口气逃出洪门大厦。他一路跑到边境，在边境公安的帮助下，顺利回到国内。他说：“我愿意认罪认罚，只要别让我回去就好。”
江苏江阴市人民检察院第一检察部副主任盛艳表示，近期，电信诈骗案件激增。犯罪集团分工明确、组织严密，严重危害人民群众的财产安全。值得注意的是，诈骗集团年轻化趋势明显，越来越多青少年深陷其中。
“君子爱财，取之有道。”盛艳强调，偷渡、诈骗、组织犯罪集团都是严重的犯罪行为，希望广大青少年擦亮眼睛，不要沦为诈骗犯罪的“工具”，要遵纪守法、脚踏实地。
此外，她建议，网络交友需谨慎，广大网友要尽可能做到“不轻信、不转账”，以此规避风险。学校、政府、社会组织等要加强防诈、反诈宣传。公安机关也应加大打击力度，让违法犯罪无处遁形。（记者 李超 实习生 尤强）
人民日报社概况 | 关于人民网 | 报社招聘 | 招聘英才 | 广告服务 | 合作加盟 | 供稿服务 | 数据服务 | 网站声明 | 网站律师 | 信息保护 | 联系我们
服务邮箱： kf@people.cn 违法和不良信息举报电话：010-65363263 举报邮箱： jubao@people.cn
互联网新闻信息服务许可证10120170001 | 增值电信业务经营许可证B1-20060139 | 广播电视节目制作经营许可证（广媒）字第172号
信息网络传播视听节目许可证0104065 | 网络文化经营许可证 京网文[2020]5494-1075号 | 网络出版服务许可证（京）字121号 | 京ICP证000006号 | 京公网安备11000002000008号
人 民 网 版 权 所 有 ，未 经 书 面 授 权 禁 止 使 用 Copyright © 1997-2021 by www.people.com.cn. all rights reserved",婚姻|对象|恋爱,ambiguous,remove
People.cn,2021-11-30,以案说法|社交平台“盗图”冒充他人人设，违法吗？,"近日，北京互联网法院发布了这样一起“盗图”冒充他人的案件：微博用户敏敏发现同学小李频繁盗用其微博图片及微信朋友圈的生活照片，并通过另一微博账号发布，使他人误以为此为敏敏本人账号。小李使用该高仿账号在与他人私信聊天中发布色情图片，导致不明真相的网友误以为敏敏从事违法交易，损害了敏敏的社会声誉。敏敏认为小李的行为构成对其名誉权的侵害，故向北京互联网法院提起诉讼。法院一审判决，小李在媒体刊登致歉声明，向敏敏公开赔礼道歉，并赔偿其精神损害抚慰金10000元及律师费5000元。目前，该案判决已生效。
法院为何作出上述判决？侵害他人名誉权要承担何种责任？人民网对相关问题进行了整理。
冒充敏敏人设发布模糊面部的 色情图片侵犯其名誉权吗？
本案中，小李与敏敏为同学关系，并互为微信好友，因此小李有机会接触到敏敏的朋友圈。小李复制敏敏发布在朋友圈、微博的图片及文字，并发布在仿冒微博账户中，营造仿冒账户为敏敏使用的假象，持续时间长达两年多。小李利用仿冒微博账户给其他用户私信发送无法辨认、面部模糊的女性暴露照片，让其他用户误以为色情图片的主角为敏敏，或认为敏敏使用该微博账号从事违法交易。从社会一般人的角度进行客观判断，该行为致使他人对敏敏的社会评价降低，故小李的行为侵害了敏敏的名誉权。
法官说法： 此类以影射方式贬损他人，侵犯他人名誉权的案件不在少数，就如何判断网络信息针对的对象就是原告的问题，法院提出要从信息接受者的角度判断，即“并不要求毁损性陈述指名道姓，只要原告证明在特定情况下，具有特定知识背景的人有理由相信该陈述针对的对象是原告即可”。本案中敏敏提供了小李与其他用户的私信内容截图。从其他用户的角度来看，小李私信中发布的色情图片虽然模糊了面部，但是按照一般公众的理解力，足以将发送色情图片的账号或色情图片本身与敏敏对应。
敏敏通过确认微博平台披露的侵权微博账号的注册时间、注册邮箱、验证手机号和验证时间等信息，将侵权微博的使用者身份指向了小李。然而小李称，早已注销了前述邮箱，微博注册的手机号当时也并不是自己在使用。
法官说法： 敏敏提供的涉案账户绑定的邮箱和手机号等证据，可以初步证明涉案账户为小李使用。小李抗辩其已经注销了邮箱，但是并未提交注销的相应证据，故对于该项抗辩意见，法院不予支持。虽然小李抗辩实际手机号的使用时间晚于涉案微博账号注册时间，但根据案件调查结果显示，侵权微博账号注册时，手机号的用户名是小李。结合微博平台提供的涉案账户验证时间，在验证时小李已经实际使用此手机号，且验证后涉案微博账户也曾发布涉嫌侵权的内容。综合现有的证据，确认侵权微博账号的使用者确为小李。
根据法律规定，名誉权受到侵害时，被侵权人有权请求侵权人承担侵权责任，承担侵权责任的方式主要有停止侵害、赔礼道歉、消除影响、恢复名誉、赔偿损失等，可以单独适用，也可以合并适用。侵害自然人人身权益造成严重精神损害的，被侵权人有权请求精神损害赔偿。
法官说法： 本案中，敏敏的名誉权受到侵害，有权请求侵权人小李承担侵权责任。敏敏要求小李赔礼道歉的诉讼请求，于法有据，但具体方式应与侵权的具体方式和所造成的影响范围相当。敏敏因小李的行为，遭受了不明真相的网络用户对其及其亲友的诋毁，受到了严重的精神损害，要求小李赔偿精神损害抚慰金的诉讼请求于法有据。法院综合考虑小李在涉案账号中所发布涉案内容的影响范围、持续时间、小李的过错程度等案件情况，对敏敏的诉讼请求予以支持，依法确定了实际赔偿数额。
民法典规定：自然人享有生命权、身体权、健康权、姓名权、肖像权、名誉权、荣誉权、隐私权、婚姻自主权等权利。法人、非法人组织享有名称权、名誉权和荣誉权。
民事主体享有名誉权。任何组织或者个人不得以侮辱、诽谤等方式侵害他人的名誉权。名誉是对民事主体的品德、声望、才能、信用等的社会评价。
人民日报社概况 | 关于人民网 | 报社招聘 | 招聘英才 | 广告服务 | 合作加盟 | 供稿服务 | 数据服务 | 网站声明 | 网站律师 | 信息保护 | 联系我们
服务邮箱： kf@people.cn 违法和不良信息举报电话：010-65363263 举报邮箱： jubao@people.cn
互联网新闻信息服务许可证10120170001 | 增值电信业务经营许可证B1-20060139 | 广播电视节目制作经营许可证（广媒）字第172号
信息网络传播视听节目许可证0104065 | 网络文化经营许可证 京网文[2020]5494-1075号 | 网络出版服务许可证（京）字121号 | 京ICP证000006号 | 京公网安备11000002000008号
人 民 网 版 权 所 有 ，未 经 书 面 授 权 禁 止 使 用 Copyright © 1997-2021 by www.people.com.cn. all rights reserved",婚姻|对象,ambiguous,remove
People.cn,2021-11-30,揭秘缅北“杀猪盘”：把“业务员”当货一样卖,"近期，电信诈骗集团年轻化趋势明显，越来越多青少年深陷其中。近日，记者采访了多名陷入缅甸诈骗团队的“淘金客”。
对于在缅甸勐波洪门大厦工作了一年的“业务员”李福（化名）来说，印象最深的就是“放鞭炮”。
每当单笔“收入”超过50万元时，“公司”就会为参与其中的“业务员”放鞭炮庆祝。2020年9月的一天，1987年出生的李福看到了漫天飞舞的鞭炮纸，他“成功”诈骗了144万元。
被李福诈骗的是江苏省江阴市的市民王兰（化名）。1970年出生的王兰在医院工作。2020年9月27日，她向当地公安报案时，依然没有怀疑网上认识的“男朋友”李福的身份，她坚称：“我的男朋友也被骗了。”
经过侦查，当地警方锁定了缅甸勐波的一个跨国电信诈骗集团。据警方透露，该集团组织结构复杂、人员众多。王兰所谓的男朋友李福就是该诈骗集团的“业务员”。
2020年9月10日，王兰在网络社交平台结识了李福。他自称是苏州人，经营一家建筑公司，只比王兰小两岁。有过一段失败婚姻的王兰十分欣赏这个优秀的中年男士。
添加微信后，看着李福的朋友圈内帅气的照片，王兰心动了。在微信中，李福嘘寒问暖。没过多长时间，两个人就确定了恋爱关系。
认识仅5天后，李福就向王兰说出了自己的“生财之道”。李福表示，他靠着在国外博彩网站“买大小”“猜单双”挣了几十万元。经不住软磨硬泡的王兰在李福的建议下投资了1万多元“试试水”。
让王兰没想到的是，一下子就挣了1000多元。提现后的王兰十分兴奋。两天后，李福说，他已摸清了这家网站的博彩规律。“今天买小一定赚钱。”在李福的建议下，王兰又花费了5万元进入“贵宾区”。
这一次，王兰又挣了3.5万元。成功提现后，王兰对李福崇拜得五体投地。
后来，王兰又充了十几次钱，最多的时候金额高达50万元。10月25日，王兰发现她一共充值了28笔共144万元，却再也不能提现了，才发现被骗了。
近日，中青报・中青网记者在江阴市公安局见到了李福。李福告诉记者，他对王兰说的话都是“假话”，是按照之前已经写好的剧本“演的”。
现实生活中的李福是福建仙游人。大专毕业后，他外出打工，生活过得十分辛苦。2020年4月，疫情刚过，李福听闻同村老乡在缅甸做“淘宝客服”，一个月轻松拿几万元。
于是，李福跟着老乡偷渡到缅甸。进入洪门大厦后，李福参加了公司组织的培训。“培训内容都是在告诉我怎么搞对象、怎么获得别人的信任。”这时，李福才知道自己进入了诈骗集团。
心思细腻的李福学得很快，很快成为业务员。“我一般都会说自己是搞建筑的。”李福告诉中青报・中青网记者，建筑公司老板的人设可以让女网友感到对方“又有钱、又有闲”。工作之余，他也会经常搜索和建筑行业有关的内容，以免聊天时“露馅”。
对于王兰那一单，李福记得很清楚，自己光分红就拿了40多万元。“当地物价很贵，什么都需要花钱。”李福表示，回国前，钱基本都被花光了。他说起当地的一句顺口溜：“缅北挣钱缅北花，一分别想带回家。”
福建莆田90后小伙子张勇和李福一样是“业务员”。2019年年底，张勇认识了阿飞（化名）。很多朋友说，阿飞在缅甸做大生意，是大老板，很有钱。游手好闲的张勇也十分希望挣“快钱”。
按照阿飞的指示，张勇动身前往缅北“淘金”。他先是前往厦门乘坐飞机到昆明，之后，他马不停蹄赶往西双版纳。
“你先在这里住五六天酒店，到时候等边境能过了，会有人通知你。”阿飞的电话让张勇悬着的心放下了。他心里明白，这次的旅途其实就是偷渡。
大约一周后，张勇就被当地的“蛇头”带上车。车上一共有20多人，他们都是“偷渡客”。在一处山脚下，所有人都被赶下车。
张勇回忆，司机一直在警告不能出声，往前走就会有人接应。大约在山路里走了1个多小时，张勇终于见到了接应的人。对方告诉他：“这里已经是缅北了。”
张勇此行的终点是缅甸勐波的洪门大厦。阿飞说，这是公司所在地。“那栋楼大约有十七八层的样子，公司在11层。”张勇说，一进大门，他就感觉到“气氛有点儿不对劲儿”。
他看到，门口警卫腰上别着电棍，有的人还拿着“AK枪”。进入公司后，张勇看到许许多多“小隔间”。透过玻璃，他发现每个隔间里大约有七八个人，满地都是手机和电脑。
当晚，张勇就被安排进入“部门”接受培训。张勇告诉中青报・中青网记者，给他培训的是公司的一名“总监”。对方告诉他，新人要从“业务员”干起，工作内容就是在网络上陪女性聊天，并获得她们信任。
他们每天中午12点开始上班，一直要工作到晚上11点。在张勇看来，这样简单的工作“纪律严明”。每天进入工作状态后，个人手机就要上交给总监。他使用的是总监发给他的另一部手机。手机上有各种社交软件的账号，张勇被要求只能引导中年女性添加手机上的微信账号。
“其实很不好操作，我每天都会加100多人，但没几个人会信。”过了一段时间，张勇渐渐老练起来。他成功获得了一名女网友的信任。张勇在成功添加其微信后，就把手机交给总监。
几天后，总监就在例会上宣布，张勇为公司赚了5000元，按规定可以分走其中的15%。张勇发现，阿飞是公司里的“小老板”。在阿飞的推荐下，张勇很快被提升为总监。
据张勇介绍，公司内部大约分为大老板、小老板、总监、组长、业务员等几个层级。“升级为总监后，我手下有六七个人。”张勇表示，如果手下的“员工”挣了钱，他也会拿到相应提成。
“对方给了5万块钱，就把我卖掉了！”1994年出生的福建莆田小伙王伟（化名）每每提起这笔交易，都显得害怕又无奈。在江苏省江阴市公安局内，中青报・中青网记者见到了在缅北某诈骗集团“打工”9个月的王伟。
初中毕业后，王伟在父母的帮助下盘了一家理发店，靠着手艺谋生。可好景不长，王伟沾染上了赌博恶习。他还因此欠了10万元赌债。债主三天两头上门讨债，让他不堪其扰。他索性变卖店铺，跟随朋友来到缅北。
“那里的日子很不好过。”一个月下来，他只接到一单生意。让王伟没有想到的是，公司不仅没有发给他薪水。相反，他还拖欠了公司1万多元。
原来，每天使用的手机、社交账号都是要花钱租的。租用手机一个月3000元、社交账号300元到500元不等……感到被欺骗的王伟立马提出离职。但他被告知，除非交齐欠款，否则不能离开公司。
没有办法，王伟只能在那里干下去。2020年9月，王伟被总监告知，他已经“被卖到”另一家公司，继续当业务员。
王伟表示拒绝后，总监就威胁他：“你在这里，我们把你杀掉，谁也不知道，你自己看着办。”
新公司依旧是在搞“杀猪盘”诈骗。“整个大楼都是搞这个的，每个公司都有上百人。”王伟说。
进入新公司后，王伟变得更郁郁寡欢。每个月，他几乎都没有“业绩”，拖欠公司的“赎身费”也变得越来越多。
每晚开会，新公司总监都会对他进行“人格侮辱”，甚至打骂。“你是猪吗？怎么一点儿业绩都没有？”诸如此类的话，成为家常便饭。
王伟一直想逃跑，但一直没有机会。今年3月，当地税务部门来大厦内检查，发现公司账目不清，公司被迫搬家，王伟感觉机会来了。
搬家时，他十分卖力，来来回回上下好几趟。公司的总监、小组长都表扬他“吃苦肯干”。最后一趟电梯，几乎满员，只留下了王伟和另一个莆田老乡等待下一班电梯。
“趁乱跑！”王伟迅速按开另一边电梯。到达一楼后，门卫看见楼上并没有阻拦二人，选择放行。王伟一口气逃出洪门大厦。他一路跑到边境，在边境公安的帮助下，顺利回到国内。他说：“我愿意认罪认罚，只要别让我回去就好。”
江苏江阴市人民检察院第一检察部副主任盛艳表示，近期，电信诈骗案件激增。犯罪集团分工明确、组织严密，严重危害人民群众的财产安全。值得注意的是，诈骗集团年轻化趋势明显，越来越多青少年深陷其中。
“君子爱财，取之有道。”盛艳强调，偷渡、诈骗、组织犯罪集团都是严重的犯罪行为，希望广大青少年擦亮眼睛，不要沦为诈骗犯罪的“工具”，要遵纪守法、脚踏实地。
此外，她建议，网络交友需谨慎，广大网友要尽可能做到“不轻信、不转账”，以此规避风险。学校、政府、社会组织等要加强防诈、反诈宣传。公安机关也应加大打击力度，让违法犯罪无处遁形。
人民日报社概况 | 关于人民网 | 报社招聘 | 招聘英才 | 广告服务 | 合作加盟 | 供稿服务 | 数据服务 | 网站声明 | 网站律师 | 信息保护 | 联系我们
服务邮箱： kf@people.cn 违法和不良信息举报电话：010-65363263 举报邮箱： jubao@people.cn
互联网新闻信息服务许可证10120170001 | 增值电信业务经营许可证B1-20060139 | 广播电视节目制作经营许可证（广媒）字第172号
信息网络传播视听节目许可证0104065 | 网络文化经营许可证 京网文[2020]5494-1075号 | 网络出版服务许可证（京）字121号 | 京ICP证000006号 | 京公网安备11000002000008号
人 民 网 版 权 所 有 ，未 经 书 面 授 权 禁 止 使 用 Copyright © 1997-2021 by www.people.com.cn. all rights reserved",婚姻|对象|恋爱,ambiguous,remove
People.cn,2021-11-30,揭秘缅北“杀猪盘”：诈骗集团把业务员当货物一样卖--社会・法治--人民网,"近期，电信诈骗集团年轻化趋势明显，越来越多青少年深陷其中。近日，本报记者采访了多名陷入缅甸诈骗团队的“淘金客”。
对于在缅甸勐波洪门大厦工作了一年的“业务员”李福（化名）来说，印象最深的就是“放鞭炮”。
每当单笔“收入”超过50万元时，“公司”就会为参与其中的“业务员”放鞭炮庆祝。2020年9月的一天，1987年出生的李福看到了漫天飞舞的鞭炮纸，他“成功”诈骗了144万元。
被李福诈骗的是江苏省江阴市的市民王兰（化名）。1970年出生的王兰在医院工作。2020年9月27日，她向当地公安报案时，依然没有怀疑网上认识的“男朋友”李福的身份，她坚称：“我的男朋友也被骗了。”
经过侦查，当地警方锁定了缅甸勐波的一个跨国电信诈骗集团。据警方透露，该集团组织结构复杂、人员众多。王兰所谓的男朋友李福就是该诈骗集团的“业务员”。
2020年9月10日，王兰在网络社交平台结识了李福。他自称是苏州人，经营一家建筑公司，只比王兰小两岁。有过一段失败婚姻的王兰十分欣赏这个优秀的中年男士。
添加微信后，看着李福的朋友圈内帅气的照片，王兰心动了。在微信中，李福嘘寒问暖。没过多长时间，两个人就确定了恋爱关系。
认识仅5天后，李福就向王兰说出了自己的“生财之道”。李福表示，他靠着在国外博彩网站“买大小”“猜单双”挣了几十万元。经不住软磨硬泡的王兰在李福的建议下投资了1万多元“试试水”。
让王兰没想到的是，一下子就挣了1000多元。提现后的王兰十分兴奋。两天后，李福说，他已摸清了这家网站的博彩规律。“今天买小一定赚钱。”在李福的建议下，王兰又花费了5万元进入“贵宾区”。
这一次，王兰又挣了3.5万元。成功提现后，王兰对李福崇拜得五体投地。
后来，王兰又充了十几次钱，最多的时候金额高达50万元。10月25日，王兰发现她一共充值了28笔共144万元，却再也不能提现了，才发现被骗了。
近日，中青报・中青网记者在江阴市公安局见到了李福。李福告诉记者，他对王兰说的话都是“假话”，是按照之前已经写好的剧本“演的”。
现实生活中的李福是福建仙游人。大专毕业后，他外出打工，生活过得十分辛苦。2020年4月，疫情刚过，李福听闻同村老乡在缅甸做“淘宝客服”，一个月轻松拿几万元。
于是，李福跟着老乡偷渡到缅甸。进入洪门大厦后，李福参加了公司组织的培训。“培训内容都是在告诉我怎么搞对象、怎么获得别人的信任。”这时，李福才知道自己进入了诈骗集团。
心思细腻的李福学得很快，很快成为业务员。“我一般都会说自己是搞建筑的。”李福告诉中青报・中青网记者，建筑公司老板的人设可以让女网友感到对方“又有钱、又有闲”。工作之余，他也会经常搜索和建筑行业有关的内容，以免聊天时“露馅”。
对于王兰那一单，李福记得很清楚，自己光分红就拿了40多万元。“当地物价很贵，什么都需要花钱。”李福表示，回国前，钱基本都被花光了。他说起当地的一句顺口溜：“缅北挣钱缅北花，一分别想带回家。”
福建莆田90后小伙子张勇和李福一样是“业务员”。2019年年底，张勇认识了阿飞（化名）。很多朋友说，阿飞在缅甸做大生意，是大老板，很有钱。游手好闲的张勇也十分希望挣“快钱”。
按照阿飞的指示，张勇动身前往缅北“淘金”。他先是前往厦门乘坐飞机到昆明，之后，他马不停蹄赶往西双版纳。
“你先在这里住五六天酒店，到时候等边境能过了，会有人通知你。”阿飞的电话让张勇悬着的心放下了。他心里明白，这次的旅途其实就是偷渡。
大约一周后，张勇就被当地的“蛇头”带上车。车上一共有20多人，他们都是“偷渡客”。在一处山脚下，所有人都被赶下车。
张勇回忆，司机一直在警告不能出声，往前走就会有人接应。大约在山路里走了1个多小时，张勇终于见到了接应的人。对方告诉他：“这里已经是缅北了。”
张勇此行的终点是缅甸勐波的洪门大厦。阿飞说，这是公司所在地。“那栋楼大约有十七八层的样子，公司在11层。”张勇说，一进大门，他就感觉到“气氛有点儿不对劲儿”。
他看到，门口警卫腰上别着电棍，有的人还拿着“AK枪”。进入公司后，张勇看到许许多多“小隔间”。透过玻璃，他发现每个隔间里大约有七八个人，满地都是手机和电脑。
当晚，张勇就被安排进入“部门”接受培训。张勇告诉中青报・中青网记者，给他培训的是公司的一名“总监”。对方告诉他，新人要从“业务员”干起，工作内容就是在网络上陪女性聊天，并获得她们信任。
他们每天中午12点开始上班，一直要工作到晚上11点。在张勇看来，这样简单的工作“纪律严明”。每天进入工作状态后，个人手机就要上交给总监。他使用的是总监发给他的另一部手机。手机上有各种社交软件的账号，张勇被要求只能引导中年女性添加手机上的微信账号。
“其实很不好操作，我每天都会加100多人，但没几个人会信。”过了一段时间，张勇渐渐老练起来。他成功获得了一名女网友的信任。张勇在成功添加其微信后，就把手机交给总监。
几天后，总监就在例会上宣布，张勇为公司赚了5000元，按规定可以分走其中的15%。张勇发现，阿飞是公司里的“小老板”。在阿飞的推荐下，张勇很快被提升为总监。
据张勇介绍，公司内部大约分为大老板、小老板、总监、组长、业务员等几个层级。“升级为总监后，我手下有六七个人。”张勇表示，如果手下的“员工”挣了钱，他也会拿到相应提成。
“对方给了5万块钱，就把我卖掉了！”1994年出生的福建莆田小伙王伟（化名）每每提起这笔交易，都显得害怕又无奈。在江苏省江阴市公安局内，中青报・中青网记者见到了在缅北某诈骗集团“打工”9个月的王伟。
初中毕业后，王伟在父母的帮助下盘了一家理发店，靠着手艺谋生。可好景不长，王伟沾染上了赌博恶习。他还因此欠了10万元赌债。债主三天两头上门讨债，让他不堪其扰。他索性变卖店铺，跟随朋友来到缅北。
“那里的日子很不好过。”一个月下来，他只接到一单生意。让王伟没有想到的是，公司不仅没有发给他薪水。相反，他还拖欠了公司1万多元。
原来，每天使用的手机、社交账号都是要花钱租的。租用手机一个月3000元、社交账号300元到500元不等……感到被欺骗的王伟立马提出离职。但他被告知，除非交齐欠款，否则不能离开公司。
没有办法，王伟只能在那里干下去。2020年9月，王伟被总监告知，他已经“被卖到”另一家公司，继续当业务员。
王伟表示拒绝后，总监就威胁他：“你在这里，我们把你杀掉，谁也不知道，你自己看着办。”
新公司依旧是在搞“杀猪盘”诈骗。“整个大楼都是搞这个的，每个公司都有上百人。”王伟说。
进入新公司后，王伟变得更郁郁寡欢。每个月，他几乎都没有“业绩”，拖欠公司的“赎身费”也变得越来越多。
每晚开会，新公司总监都会对他进行“人格侮辱”，甚至打骂。“你是猪吗？怎么一点儿业绩都没有？”诸如此类的话，成为家常便饭。
王伟一直想逃跑，但一直没有机会。今年3月，当地税务部门来大厦内检查，发现公司账目不清，公司被迫搬家，王伟感觉机会来了。
搬家时，他十分卖力，来来回回上下好几趟。公司的总监、小组长都表扬他“吃苦肯干”。最后一趟电梯，几乎满员，只留下了王伟和另一个莆田老乡等待下一班电梯。
“趁乱跑！”王伟迅速按开另一边电梯。到达一楼后，门卫看见楼上并没有阻拦二人，选择放行。王伟一口气逃出洪门大厦。他一路跑到边境，在边境公安的帮助下，顺利回到国内。他说：“我愿意认罪认罚，只要别让我回去就好。”
江苏江阴市人民检察院第一检察部副主任盛艳表示，近期，电信诈骗案件激增。犯罪集团分工明确、组织严密，严重危害人民群众的财产安全。值得注意的是，诈骗集团年轻化趋势明显，越来越多青少年深陷其中。
“君子爱财，取之有道。”盛艳强调，偷渡、诈骗、组织犯罪集团都是严重的犯罪行为，希望广大青少年擦亮眼睛，不要沦为诈骗犯罪的“工具”，要遵纪守法、脚踏实地。
此外，她建议，网络交友需谨慎，广大网友要尽可能做到“不轻信、不转账”，以此规避风险。学校、政府、社会组织等要加强防诈、反诈宣传。公安机关也应加大打击力度，让违法犯罪无处遁形。
人民日报社概况 | 关于人民网 | 报社招聘 | 招聘英才 | 广告服务 | 合作加盟 | 供稿服务 | 数据服务 | 网站声明 | 网站律师 | 信息保护 | 联系我们
服务邮箱： kf@people.cn 违法和不良信息举报电话：010-65363263 举报邮箱： jubao@people.cn
互联网新闻信息服务许可证10120170001 | 增值电信业务经营许可证B1-20060139 | 广播电视节目制作经营许可证（广媒）字第172号
信息网络传播视听节目许可证0104065 | 网络文化经营许可证 京网文[2020]5494-1075号 | 网络出版服务许可证（京）字121号 | 京ICP证000006号 | 京公网安备11000002000008号
人 民 网 版 权 所 有 ，未 经 书 面 授 权 禁 止 使 用 Copyright © 1997-2021 by www.people.com.cn. all rights reserved",婚姻|对象|恋爱,ambiguous,remove
People.cn,2021-11-30,以案说法|社交平台“盗图”冒充他人人设，违法吗？--社会・法治--人民网,"近日，北京互联网法院发布了这样一起“盗图”冒充他人的案件：微博用户敏敏发现同学小李频繁盗用其微博图片及微信朋友圈的生活照片，并通过另一微博账号发布，使他人误以为此为敏敏本人账号。小李使用该高仿账号在与他人私信聊天中发布色情图片，导致不明真相的网友误以为敏敏从事违法交易，损害了敏敏的社会声誉。敏敏认为小李的行为构成对其名誉权的侵害，故向北京互联网法院提起诉讼。法院一审判决，小李在媒体刊登致歉声明，向敏敏公开赔礼道歉，并赔偿其精神损害抚慰金10000元及律师费5000元。目前，该案判决已生效。
法院为何作出上述判决？侵害他人名誉权 要承担何种责任？人民网对相关问题进行了整理。
冒充敏敏人设发布模糊面部的 色情图片侵犯其名誉权吗？
本案中，小李与敏敏为同学关系，并互为微信好友，因此小李有机会接触到敏敏的朋友圈。小李复制敏敏发布在朋友圈、微博的图片及文字，并发布在仿冒微博账户中，营造仿冒账户为敏敏使用的假象，持续时间长达两年多。小李利用仿冒微博账户给其他用户私信发送无法辨认、面部模糊的女性暴露照片，让其他用户误以为色情图片的主角为敏敏，或认为敏敏使用该微博账号从事违法交易。从社会一般人的角度进行客观判断，该行为致使他人对敏敏的社会评价降低，故小李的行为侵害了敏敏的名誉权。
法官说法： 此类以影射方式贬损他人，侵犯他人名誉权的案件不在少数，就如何判断网络信息针对的对象就是原告的问题，法院提出要从信息接受者的角度判断，即“并不要求毁损性陈述指名道姓，只要原告证明在特定情况下，具有特定知识背景的人有理由相信该陈述针对的对象是原告即可”。本案中敏敏提供了小李与其他用户的私信内容截图。从其他用户的角度来看，小李私信中发布的色情图片虽然模糊了面部，但是按照一般公众的理解力，足以将发送色情图片的账号或色情图片本身与敏敏对应。
敏敏通过确认微博平台披露的侵权微博账号的注册时间、注册邮箱、验证手机号和验证时间等信息，将侵权微博的使用者身份指向了小李。然而小李称，早已注销了前述邮箱，微博注册的手机号当时也并不是自己在使用。
法官说法： 敏敏提供的涉案账户绑定的邮箱和手机号等证据，可以初步证明涉案账户为小李使用。小李抗辩其已经注销了邮箱，但是并未提交注销的相应证据，故对于该项抗辩意见，法院不予支持。虽然小李抗辩实际手机号的使用时间晚于涉案微博账号注册时间，但根据案件调查结果显示，侵权微博账号注册时，手机号的用户名是小李。结合微博平台提供的涉案账户验证时间，在验证时小李已经实际使用此手机号，且验证后涉案微博账户也曾发布涉嫌侵权的内容。综合现有的证据，确认侵权微博账号的使用者确为小李。
根据法律规定，名誉权受到侵害时，被侵权人有权请求侵权人承担侵权责任，承担侵权责任的方式主要有停止侵害、赔礼道歉、消除影响、恢复名誉、赔偿损失等，可以单独适用，也可以合并适用。侵害自然人人身权益造成严重精神损害的，被侵权人有权请求精神损害赔偿。
法官说法： 本案中，敏敏的名誉权受到侵害，有权请求侵权人小李承担侵权责任。敏敏要求小李赔礼道歉的诉讼请求，于法有据，但具体方式应与侵权的具体方式和所造成的影响范围相当。敏敏因小李的行为，遭受了不明真相的网络用户对其及其亲友的诋毁，受到了严重的精神损害，要求小李赔偿精神损害抚慰金的诉讼请求于法有据。法院综合考虑小李在涉案账号中所发布涉案内容的影响范围、持续时间、小李的过错程度等案件情况，对敏敏的诉讼请求予以支持，依法确定了实际赔偿数额。
民法典规定：自然人享有生命权、身体权、健康权、姓名权、肖像权、名誉权、荣誉权、隐私权、婚姻自主权等权利。 法人、非法人组织享有名称权、名誉权和荣誉权。
民事主体享有名誉权。任何组织或者个人不得以侮辱、诽谤等方式侵害他人的名誉权。 名誉是对民事主体的品德、声望、才能、信用等的社会评价。
人民日报社概况 | 关于人民网 | 报社招聘 | 招聘英才 | 广告服务 | 合作加盟 | 供稿服务 | 数据服务 | 网站声明 | 网站律师 | 信息保护 | 联系我们
服务邮箱： kf@people.cn 违法和不良信息举报电话：010-65363263 举报邮箱： jubao@people.cn
互联网新闻信息服务许可证10120170001 | 增值电信业务经营许可证B1-20060139 | 广播电视节目制作经营许可证（广媒）字第172号
信息网络传播视听节目许可证0104065 | 网络文化经营许可证 京网文[2020]5494-1075号 | 网络出版服务许可证（京）字121号 | 京ICP证000006号 | 京公网安备11000002000008号
人 民 网 版 权 所 有 ，未 经 书 面 授 权 禁 止 使 用 Copyright © 1997-2021 by www.people.com.cn. all rights reserved",婚姻|对象,ambiguous,remove
People.cn,2021-11-30,揭秘缅北“杀猪盘”：诈骗集团把业务员当货物一样卖,"近期，电信诈骗集团年轻化趋势明显，越来越多青少年深陷其中。近日，本报记者采访了多名陷入缅甸诈骗团队的“淘金客”。
对于在缅甸勐波洪门大厦工作了一年的“业务员”李福(化名)来说，印象最深的就是“放鞭炮”。
每当单笔“收入”超过50万元时，“公司”就会为参与其中的“业务员”放鞭炮庆祝。2020年9月的一天，1987年出生的李福看到了漫天飞舞的鞭炮纸，他“成功”诈骗了144万元。
被李福诈骗的是江苏省江阴市的市民王兰(化名)。1970年出生的王兰在医院工作。2020年9月27日，她向当地公安报案时，依然没有怀疑网上认识的“男朋友”李福的身份，她坚称：“我的男朋友也被骗了。”
经过侦查，当地警方锁定了缅甸勐波的一个跨国电信诈骗集团。据警方透露，该集团组织结构复杂、人员众多。王兰所谓的男朋友李福就是该诈骗集团的“业务员”。
2020年9月10日，王兰在网络社交平台结识了李福。他自称是苏州人，经营一家建筑公司，只比王兰小两岁。有过一段失败婚姻的王兰十分欣赏这个优秀的中年男士。
添加微信后，看着李福的朋友圈内帅气的照片，王兰心动了。在微信中，李福嘘寒问暖。没过多长时间，两个人就确定了恋爱关系。
认识仅5天后，李福就向王兰说出了自己的“生财之道”。李福表示，他靠着在国外博彩网站“买大小”“猜单双”挣了几十万元。经不住软磨硬泡的王兰在李福的建议下投资了1万多元“试试水”。
让王兰没想到的是，一下子就挣了1000多元。提现后的王兰十分兴奋。两天后，李福说，他已摸清了这家网站的博彩规律。“今天买小一定赚钱。”在李福的建议下，王兰又花费了5万元进入“贵宾区”。
这一次，王兰又挣了3.5万元。成功提现后，王兰对李福崇拜得五体投地。
后来，王兰又充了十几次钱，最多的时候金额高达50万元。10月25日，王兰发现她一共充值了28笔共144万元，却再也不能提现了，才发现被骗了。
近日，中青报・中青网记者在江阴市公安局见到了李福。李福告诉记者，他对王兰说的话都是“假话”，是按照之前已经写好的剧本“演的”。
现实生活中的李福是福建仙游人。大专毕业后，他外出打工，生活过得十分辛苦。2020年4月，疫情刚过，李福听闻同村老乡在缅甸做“淘宝客服”，一个月轻松拿几万元。
于是，李福跟着老乡偷渡到缅甸。进入洪门大厦后，李福参加了公司组织的培训。“培训内容都是在告诉我怎么搞对象、怎么获得别人的信任。”这时，李福才知道自己进入了诈骗集团。
心思细腻的李福学得很快，很快成为业务员。“我一般都会说自己是搞建筑的。”李福告诉中青报・中青网记者，建筑公司老板的人设可以让女网友感到对方“又有钱、又有闲”。工作之余，他也会经常搜索和建筑行业有关的内容，以免聊天时“露馅”。
对于王兰那一单，李福记得很清楚，自己光分红就拿了40多万元。“当地物价很贵，什么都需要花钱。”李福表示，回国前，钱基本都被花光了。他说起当地的一句顺口溜：“缅北挣钱缅北花，一分别想带回家。”
福建莆田90后小伙子张勇和李福一样是“业务员”。2019年年底，张勇认识了阿飞(化名)。很多朋友说，阿飞在缅甸做大生意，是大老板，很有钱。游手好闲的张勇也十分希望挣“快钱”。
按照阿飞的指示，张勇动身前往缅北“淘金”。他先是前往厦门乘坐飞机到昆明，之后，他马不停蹄赶往西双版纳。
“你先在这里住五六天酒店，到时候等边境能过了，会有人通知你。”阿飞的电话让张勇悬着的心放下了。他心里明白，这次的旅途其实就是偷渡。
大约一周后，张勇就被当地的“蛇头”带上车。车上一共有20多人，他们都是“偷渡客”。在一处山脚下，所有人都被赶下车。
张勇回忆，司机一直在警告不能出声，往前走就会有人接应。大约在山路里走了1个多小时，张勇终于见到了接应的人。对方告诉他：“这里已经是缅北了。”
张勇此行的终点是缅甸勐波的洪门大厦。阿飞说，这是公司所在地。“那栋楼大约有十七八层的样子，公司在11层。”张勇说，一进大门，他就感觉到“气氛有点儿不对劲儿”。
他看到，门口警卫腰上别着电棍，有的人还拿着“AK枪”。进入公司后，张勇看到许许多多“小隔间”。透过玻璃，他发现每个隔间里大约有七八个人，满地都是手机和电脑。
当晚，张勇就被安排进入“部门”接受培训。张勇告诉中青报・中青网记者，给他培训的是公司的一名“总监”。对方告诉他，新人要从“业务员”干起，工作内容就是在网络上陪女性聊天，并获得她们信任。
他们每天中午12点开始上班，一直要工作到晚上11点。在张勇看来，这样简单的工作“纪律严明”。每天进入工作状态后，个人手机就要上交给总监。他使用的是总监发给他的另一部手机。手机上有各种社交软件的账号，张勇被要求只能引导中年女性添加手机上的微信账号。
“其实很不好操作，我每天都会加100多人，但没几个人会信。”过了一段时间，张勇渐渐老练起来。他成功获得了一名女网友的信任。张勇在成功添加其微信后，就把手机交给总监。
几天后，总监就在例会上宣布，张勇为公司赚了5000元，按规定可以分走其中的15%。张勇发现，阿飞是公司里的“小老板”。在阿飞的推荐下，张勇很快被提升为总监。
据张勇介绍，公司内部大约分为大老板、小老板、总监、组长、业务员等几个层级。“升级为总监后，我手下有六七个人。”张勇表示，如果手下的“员工”挣了钱，他也会拿到相应提成。
“对方给了5万块钱，就把我卖掉了！”1994年出生的福建莆田小伙王伟(化名)每每提起这笔交易，都显得害怕又无奈。在江苏省江阴市公安局内，中青报・中青网记者见到了在缅北某诈骗集团“打工”9个月的王伟。
初中毕业后，王伟在父母的帮助下盘了一家理发店，靠着手艺谋生。可好景不长，王伟沾染上了赌博恶习。他还因此欠了10万元赌债。债主三天两头上门讨债，让他不堪其扰。他索性变卖店铺，跟随朋友来到缅北。
“那里的日子很不好过。”一个月下来，他只接到一单生意。让王伟没有想到的是，公司不仅没有发给他薪水。相反，他还拖欠了公司1万多元。
原来，每天使用的手机、社交账号都是要花钱租的。租用手机一个月3000元、社交账号300元到500元不等……感到被欺骗的王伟立马提出离职。但他被告知，除非交齐欠款，否则不能离开公司。
没有办法，王伟只能在那里干下去。2020年9月，王伟被总监告知，他已经“被卖到”另一家公司，继续当业务员。
王伟表示拒绝后，总监就威胁他：“你在这里，我们把你杀掉，谁也不知道，你自己看着办。”
新公司依旧是在搞“杀猪盘”诈骗。“整个大楼都是搞这个的，每个公司都有上百人。”王伟说。
进入新公司后，王伟变得更郁郁寡欢。每个月，他几乎都没有“业绩”，拖欠公司的“赎身费”也变得越来越多。
每晚开会，新公司总监都会对他进行“人格侮辱”，甚至打骂。“你是猪吗？怎么一点儿业绩都没有？”诸如此类的话，成为家常便饭。
王伟一直想逃跑，但一直没有机会。今年3月，当地税务部门来大厦内检查，发现公司账目不清，公司被迫搬家，王伟感觉机会来了。
搬家时，他十分卖力，来来回回上下好几趟。公司的总监、小组长都表扬他“吃苦肯干”。最后一趟电梯，几乎满员，只留下了王伟和另一个莆田老乡等待下一班电梯。
“趁乱跑！”王伟迅速按开另一边电梯。到达一楼后，门卫看见楼上并没有阻拦二人，选择放行。王伟一口气逃出洪门大厦。他一路跑到边境，在边境公安的帮助下，顺利回到国内。他说：“我愿意认罪认罚，只要别让我回去就好。”
江苏江阴市人民检察院第一检察部副主任盛艳表示，近期，电信诈骗案件激增。犯罪集团分工明确、组织严密，严重危害人民群众的财产安全。值得注意的是，诈骗集团年轻化趋势明显，越来越多青少年深陷其中。
“君子爱财，取之有道。”盛艳强调，偷渡、诈骗、组织犯罪集团都是严重的犯罪行为，希望广大青少年擦亮眼睛，不要沦为诈骗犯罪的“工具”，要遵纪守法、脚踏实地。
此外，她建议，网络交友需谨慎，广大网友要尽可能做到“不轻信、不转账”，以此规避风险。学校、政府、社会组织等要加强防诈、反诈宣传。公安机关也应加大打击力度，让违法犯罪无处遁形。（李超）",婚姻|对象|恋爱,ambiguous,remove
People.cn,2021-12-01,大数据起底“杀猪盘” 别让追爱之旅变成噩梦,"所谓“杀猪盘”，就是诈骗分子通过婚恋网站、社交App，精心选择有经济实力的人，以谈恋爱的手段获取信任，前期通过甜言蜜语培养感情，伺机将对方拉入网赌、网贷等骗局，直至骗光积蓄。在这类犯罪中，诈骗分子把诈骗对象称为“猪”，把网络交友网站称为“猪圈”，甜言蜜语是“猪饲料”，被骗人不仅遭受情感伤害，还要承担巨大的财产损失。据介绍，“杀猪盘”相较于其他案件，被骗人自杀、死亡的几率比其他案件更高。不久前，警方公布了发生在某市的一组“杀猪盘”数据分析。11月30日，沈阳晚报、沈报全媒体记者采访了沈阳市反诈中心相关民警。
据被抓获的“杀猪盘”诈骗犯罪嫌疑人交代，“杀猪盘”之所以能够成为电信诈骗“最高级”形态，是因为其公司化运作的独特模式以及近似于传销的严密组织，创造出一个规模庞大的黑色产业链。
“杀猪盘”诈骗团伙一般采取“总公司”“分公司”的组织架构。“总公司”下设前台和后台，提供统一办公场地和食宿，租用和维护诈骗平台，负责财务和洗钱，制定严格管理制度并监督实施。“分公司”实行“业务”承包责任制，设置很多代理，再下设组长、小组长和组员，租用车辆统一上下班，通过老乡熟人之间的引荐和在网站发布信息广泛招募推广人员，即“键盘手”，直接实施诈骗。
警方介绍，如今“杀猪盘”已开始与敲诈勒索等其他犯罪手段相融合。针对男性当事人，诈骗分子将“杀猪盘”和裸聊敲诈勒索结合起来，建立所谓“恋爱”关系后提出裸聊要求，并录制当事人不雅视频，以曝光相关视频给其亲友为要挟，实施敲诈勒索。此类“杀猪盘”诈骗，每起诈骗金额往往只有几千元，相比于动辄十几万、几十万的传统“杀猪盘”要小很多，但不需要长时间培养感情，得手率更高，而且当事人往往不会报警，成为当前“杀猪盘”诈骗集团新的作案手法。此外，“杀猪盘”诈骗分子在与女性受害人聊天时，也会刻意挑逗对方说一些私密的话，发一些暴露的照片。除了刻意实施裸聊诈骗，也可以成为牵制受害人报警的底牌，不少受害人慑于有不雅照片或聊天记录在对方手上而选择破财消灾。
警方提示，爱情本意美好，可别因为骗子而演变成噩梦。我们唯一能做的就是警惕，如果有一天你在社交软件上遇见了一个完美的单身人士，动情之前请先想一想，这是他们的真实面貌吗？这背后是不是另有剧本呢？别让渴望许久的爱情变成一场可怕的骗局。
在“杀猪盘”诈骗手法中，融合了婚恋、刷单、博彩、投资等多种骗局的精华，针对诸如爱情、贪婪、善良、轻信、盲从等多种人性弱点，欺骗性与诱惑性极强，属于最难防范的诈骗类型之一。其次，“杀猪盘”的诈骗金额较高，受害人人均损失金额高达26万元，属于伤害性最大的诈骗类型之一。从受害人的性别看，男女比例达到1:4。其中，男性受害人平均损失19万元，女性受害人平均损失28万元。
排除性别基数误差，女性受害人也远多于男性。从受害人年龄结构看，“杀猪盘”受害人的主要年龄在“50后”至“00后”之间，且呈现正态分布趋势。其中，“70后”“80后”“90后”占了94%。
另一个现象是，从“00后”至“60后”，受害人平均受损金额递增。由于“杀猪盘”属于清空所有积蓄的诈骗类型，这与实际社会中个人财富随着年龄增长而累积的情况相吻合。值得注意的是：“00后”与“50后”的平均损失为3.3万元和6.2万元，远低于其他年龄段的损失，分析认为这与“杀猪盘”中存在的婚恋意愿成反比。“50后”与“00后”都不在最佳适婚年龄，因此受害人数较少。
从“杀猪盘”受害人的职业来看，以公司职员即白领居多，警方分析认为原因可能有如下几个：
一是公司职员普遍优越感较强，选择婚姻伴侣时较为挑剔，以致于错过最佳适婚年龄，在遇到骗子描绘的完美爱情时，难以抗拒诱惑。
二是公司职员的交际圈大小与工作压力成反比。很多公司存在工作压力较大的情况，经常需要加班加点，有的人错过了爱情。
三是公司职员普遍学历较高，这也是他们的软肋。高学历更容易产生盲目自信，甚至自负，绝不相信自己会被骗。这种心理成为骗子最理想的狩猎目标。
数据显示，“杀猪盘”受害人中初中学历的最多，这与某些城市外来务工人口结构倒挂有关，并不代表这个学历层次的受害人更易被骗。但是，受害人损失金额多少却与学历有关。受害人为硕士的平均损失高达68.3万元，是初中学历13.8万元的近5倍，这也是学历不同产生的财富差异。
人民日报社概况 | 关于人民网 | 报社招聘 | 招聘英才 | 广告服务 | 合作加盟 | 供稿服务 | 数据服务 | 网站声明 | 网站律师 | 信息保护 | 联系我们
服务邮箱： kf@people.cn 违法和不良信息举报电话：010-65363263 举报邮箱： jubao@people.cn
互联网新闻信息服务许可证10120170001 | 增值电信业务经营许可证B1-20060139 | 广播电视节目制作经营许可证（广媒）字第172号
信息网络传播视听节目许可证0104065 | 网络文化经营许可证 京网文[2020]5494-1075号 | 网络出版服务许可证（京）字121号 | 京ICP证000006号 | 京公网安备11000002000008号
人 民 网 版 权 所 有 ，未 经 书 面 授 权 禁 止 使 用 Copyright © 1997-2021 by www.people.com.cn. all rights reserved",伴侣|单身|婚姻|婚恋|对象|恋爱,ambiguous,keep
People.cn,2021-12-01,民政部等三部门联合印发意见积极推进养老机构“双随机、一公开”监管--社会・法治--人民网,"人民网北京12月1日电 （记者温璐）近日，民政部、住房和城乡建设部、市场监管总局联合印发《关于推进养老机构“双随机、一公开”监管的指导意见》(以下简称《指导意见》)，明确到2023年底，民政、住房和城乡建设、市场监管部门完成养老机构监管跨部门“双随机、一公开”抽查全流程整合，实现“双随机、一公开”监管全覆盖、法治化、规范化、常态化;到“十四五”末，推动养老机构综合监管领域相关部门“双随机、一公开”监管全覆盖，各级政府相关部门在养老机构监管领域联合实施“双随机、一公开”监管常态化，养老服务综合监管、智慧监管、效能监管水平显著提升。
《指导意见》要求，要坚持“双随机、一公开”监管与重点监管相结合，对涉及养老机构食品安全的监督检查，继续按照现有方式实行最严格监管。对通过投诉举报、转办交办、数据监测等发现的违法违规个案线索，要及时进行检查处置。要坚持跨部门协同推进，充分发挥行业管理部门和综合监管部门的作用，对养老机构开展联合抽查检查的，统筹制定抽查计划和检查事项清单，共同确定抽查对象、共同一次性完成对养老机构的抽查检查，实现“进一次门、查多项事”。要坚持实施信用风险分类管理，根据信用风险分类结果采取差异化监管措施，合理确定、动态调整抽查比例、抽查频次和检查对象被抽查概率。
《指导意见》明确，要统一编制随机抽查事项清单，对养老机构服务安全和质量，要保证每年不少于一次的现场检查。要统一建立检查对象名录库和执法检查人员名录库，省级民政部门根据社会组织登记管理机关、市场部署监管部门、事业单位登记管理部门登记的养老机构信息，依托“金民工程”建立检查对象名录库，实现动态更新，做到“底数清”。要统一制定随机抽查工作规范，细化检查标准和整改要求，明确抽查类别、检查对象、检查方式、检查主体和检查依据。要制订年度抽查计划，以自然年为单位，可根据工作实际进行调整，并及时向社会公示。要强化抽查检查结果公示，按照“谁检查、谁录入、谁公开”的原则，在抽查检查结果形成之日起20个工作日内，向社会公示抽查检查结果，接受社会监督。要依法处置抽查检查发现的问题，对抽查检查中发现的各类问题，按照“谁审批谁监管，谁主管谁监管”的原则做好后续监管的衔接;对抽查检查中发现的共性问题和重大安全隐患，要联合相关部门进行研判，提出改进措施，必要的可进行专项督导检查。
人民日报社概况 | 关于人民网 | 报社招聘 | 招聘英才 | 广告服务 | 合作加盟 | 供稿服务 | 数据服务 | 网站声明 | 网站律师 | 信息保护 | 联系我们
服务邮箱： kf@people.cn 违法和不良信息举报电话：010-65363263 举报邮箱： jubao@people.cn
互联网新闻信息服务许可证10120170001 | 增值电信业务经营许可证B1-20060139 | 广播电视节目制作经营许可证（广媒）字第172号
信息网络传播视听节目许可证0104065 | 网络文化经营许可证 京网文[2020]5494-1075号 | 网络出版服务许可证（京）字121号 | 京ICP证000006号 | 京公网安备11000002000008号
人 民 网 版 权 所 有 ，未 经 书 面 授 权 禁 止 使 用 Copyright © 1997-2021 by www.people.com.cn. all rights reserved",对象,ambiguous,remove
People.cn,2021-12-01,以案说法|社交平台“盗图”冒充他人人设，违法吗？,"近日，北京互联网法院发布了这样一起“盗图”冒充他人的案件：微博用户敏敏发现同学小李频繁盗用其微博图片及微信朋友圈的生活照片，并通过另一微博账号发布，使他人误以为此为敏敏本人账号。小李使用该高仿账号在与他人私信聊天中发布色情图片，导致不明真相的网友误以为敏敏从事违法交易，损害了敏敏的社会声誉。敏敏认为小李的行为构成对其名誉权的侵害，故向北京互联网法院提起诉讼。法院一审判决，小李在媒体刊登致歉声明，向敏敏公开赔礼道歉，并赔偿其精神损害抚慰金10000元及律师费5000元。目前，该案判决已生效。
法院为何作出上述判决？侵害他人名誉权要承担何种责任？人民网对相关问题进行了整理。
冒充敏敏人设发布模糊面部的 色情图片侵犯其名誉权吗？
本案中，小李与敏敏为同学关系，并互为微信好友，因此小李有机会接触到敏敏的朋友圈。小李复制敏敏发布在朋友圈、微博的图片及文字，并发布在仿冒微博账户中，营造仿冒账户为敏敏使用的假象，持续时间长达两年多。小李利用仿冒微博账户给其他用户私信发送无法辨认、面部模糊的女性暴露照片，让其他用户误以为色情图片的主角为敏敏，或认为敏敏使用该微博账号从事违法交易。从社会一般人的角度进行客观判断，该行为致使他人对敏敏的社会评价降低，故小李的行为侵害了敏敏的名誉权。
法官说法： 此类以影射方式贬损他人，侵犯他人名誉权的案件不在少数，就如何判断网络信息针对的对象就是原告的问题，法院提出要从信息接受者的角度判断，即“并不要求毁损性陈述指名道姓，只要原告证明在特定情况下，具有特定知识背景的人有理由相信该陈述针对的对象是原告即可”。本案中敏敏提供了小李与其他用户的私信内容截图。从其他用户的角度来看，小李私信中发布的色情图片虽然模糊了面部，但是按照一般公众的理解力，足以将发送色情图片的账号或色情图片本身与敏敏对应。
敏敏通过确认微博平台披露的侵权微博账号的注册时间、注册邮箱、验证手机号和验证时间等信息，将侵权微博的使用者身份指向了小李。然而小李称，早已注销了前述邮箱，微博注册的手机号当时也并不是自己在使用。
法官说法： 敏敏提供的涉案账户绑定的邮箱和手机号等证据，可以初步证明涉案账户为小李使用。小李抗辩其已经注销了邮箱，但是并未提交注销的相应证据，故对于该项抗辩意见，法院不予支持。虽然小李抗辩实际手机号的使用时间晚于涉案微博账号注册时间，但根据案件调查结果显示，侵权微博账号注册时，手机号的用户名是小李。结合微博平台提供的涉案账户验证时间，在验证时小李已经实际使用此手机号，且验证后涉案微博账户也曾发布涉嫌侵权的内容。综合现有的证据，确认侵权微博账号的使用者确为小李。
根据法律规定，名誉权受到侵害时，被侵权人有权请求侵权人承担侵权责任，承担侵权责任的方式主要有停止侵害、赔礼道歉、消除影响、恢复名誉、赔偿损失等，可以单独适用，也可以合并适用。侵害自然人人身权益造成严重精神损害的，被侵权人有权请求精神损害赔偿。
法官说法： 本案中，敏敏的名誉权受到侵害，有权请求侵权人小李承担侵权责任。敏敏要求小李赔礼道歉的诉讼请求，于法有据，但具体方式应与侵权的具体方式和所造成的影响范围相当。敏敏因小李的行为，遭受了不明真相的网络用户对其及其亲友的诋毁，受到了严重的精神损害，要求小李赔偿精神损害抚慰金的诉讼请求于法有据。法院综合考虑小李在涉案账号中所发布涉案内容的影响范围、持续时间、小李的过错程度等案件情况，对敏敏的诉讼请求予以支持，依法确定了实际赔偿数额。
民法典规定：自然人享有生命权、身体权、健康权、姓名权、肖像权、名誉权、荣誉权、隐私权、婚姻自主权等权利。法人、非法人组织享有名称权、名誉权和荣誉权。
民事主体享有名誉权。任何组织或者个人不得以侮辱、诽谤等方式侵害他人的名誉权。名誉是对民事主体的品德、声望、才能、信用等的社会评价。",婚姻|对象,ambiguous,remove
People.cn,2021-12-02,漳州检察构建“四位一体”社区矫正监督模式 助力平安漳州建设,"平安，是人民群众的共同期盼。守护平安，是检察机关基本的职责。社区矫正检察工作是刑事执行检察工作的一个主要组成部分，做好这项工作不仅能帮助矫正对象矫正犯罪心理和行为恶性，促进其顺利回归社区，也有益于维护社会的安定稳定，有助于提升人民群众的安全感和幸福感。
“检察监督纠正脱管、漏管工作是检察机关参与平安建设（综治工作）考核评价的重要内容。漳州市检察机关主动扛起参与平安建设（综治工作）的政治自觉、法治自觉和检察自觉，充分发挥检察监督职能，加强日常检察监督，防范社区矫正对象脱管漏管和重新违法犯罪。”近日，漳州市人民检察院二级高级检察官沈延辉就核查纠正脱漏管工作带队深入各基层检察院开展检查督导时强调。
近年来，漳州市检察机关以社区矫正监督工作为抓手，不断完善“四位一体”的社区矫正监督模式，即“检察官室+巡回检察+信息核查+社会治理”，实现预防社区矫正对象脱管、漏管常态化核查监督，助推市域治理和平安漳州建设。
搭建“一”平台：全面设立社区矫正检察官室
为延伸法律监督触角，在司法局社区矫正中心搭建平台――社区矫正检察官室，并率先在福建省实现社区矫正检察官室全覆盖。制定《社区矫正检察官工作细则》，明确检察官室职责，规定社区矫正检察官每周有一天到社区矫正中心驻点办公，开展日常监督。
探索“一”机制：试点社区矫正巡回检察工作
参照监狱巡回检察工作机制，结合社区矫正工作实际，试行“基层检察院常规巡回+市级院交叉巡回”的社区矫正巡回检察工作机制。根据日常驻点中发现问题，基层检察院每月选择一个司法所实地巡回检察，掌握基础工作情况。市检察院将每月收集汇总的月工作动态进行分析研判评估、适时组织全市刑事执行检察人员对县（区）社区矫正工作开展交叉巡回检察。将驻点与巡回相结合，以点带线，从线到面监督，有效促进社区矫正工作全面提升。
在日常驻点检察工作中，立足检察机关统一业务系统的业务数据，通过联网福建省社区矫正监管指挥平台，采取数据比对的方式，对每月新增、减少、异地交付社区矫正罪犯情况实施动态掌握。巡回检察时，注重与公安、司法行政单位等联动，通过数据信息互通，及时发现社区矫正对象脱管、漏管等问题，提高了法律监督的公开性、及时性和有效性。如南靖、漳浦县检察院开展巡回检察时，联合司法局向派出所发出商请协查社区矫正对象在矫期间到外地入住宾馆等动态记录的委托函，结合在司法所调阅的工作记录，逐一核查比对，发现个别社矫对象存在“不假外出”的情况，并通报司法行政机关予以纠正。
践行“治本安全观”的新理念，创新教育管理帮扶工作，提高教育矫正质量，促进社区矫正对象更好地融入社会。立足长治长效，对于一些苗头性、一段时间普遍性的问题，加强调查研究，及时向司法行政机关发出类案检察建议，推动其建立健全行之有效的制度机制来治本，确保问题不反弹、整治有长效。围绕向社会输送守法公民的“合格产品”“放心产品”，长泰区检察院联合社区矫正管理局在10家企业成立社区矫正帮扶基地，帮助社区矫正对象解决就业问题解决生活困难，促进社矫对象改过自新、融入社会。
人民日报社概况 | 关于人民网 | 报社招聘 | 招聘英才 | 广告服务 | 合作加盟 | 供稿服务 | 数据服务 | 网站声明 | 网站律师 | 信息保护 | 联系我们
服务邮箱： kf@people.cn 违法和不良信息举报电话：010-65363263 举报邮箱： jubao@people.cn
互联网新闻信息服务许可证10120170001 | 增值电信业务经营许可证B1-20060139 | 广播电视节目制作经营许可证（广媒）字第172号
信息网络传播视听节目许可证0104065 | 网络文化经营许可证 京网文[2020]5494-1075号 | 网络出版服务许可证（京）字121号 | 京ICP证000006号 | 京公网安备11000002000008号
人 民 网 版 权 所 有 ，未 经 书 面 授 权 禁 止 使 用 Copyright © 1997-2021 by www.people.com.cn. all rights reserved",对象,ambiguous,remove
China News Service,2021-12-03,上海两例确诊本土病例排查：逾3.58万名筛查对象核酸检测均为阴性,"(抗击新冠肺炎)上海两例确诊本土病例排查：逾3.58万名筛查对象核酸检测均为阴性
中新社 上海12月3日电 (记者 陈静)上海市疫情防控工作领导小组办公室3日发布消息：至12月3日8时，累计排查12月2日上海确诊的2例本土病例在沪密切接触者185人，均已落实集中隔离，核酸检测结果均为阴性。相关部门对病例曾活动过的场所已进行终末消毒。
至3日，上海累计排查在沪密接的密接464人，均已落实集中隔离，核酸检测结果均为阴性；累计排查在沪筛查人员35207人，核酸检测结果均为阴性；累计采集环境样本1616份，其中7份样本(系病例家庭环境样本)核酸检测结果为阳性，其余均为阴性。
据悉，浦东新区花木街道牡丹路186弄小区被列为中风险地区。此前，浦东新区有两个小区已实行封闭管理。
上海市卫健委3日通报，2021年12月2日0—24时，通过口岸联防联控机制，报告6例新增境外输入性新冠肺炎确诊病例；6例境外输入性确诊病例已转至定点医疗机构救治，已追踪同航班密切接触者152人，均已落实集中隔离观察。上海新增治愈出院境外确诊病例7例。(完) 【编辑:朱延静】",对象,ambiguous,remove
People.cn,2021-12-03,广安区民政局开展“我为群众办实事”实践活动,"今年以来，广安区民政局深入开展“我为群众办实事”实践活动，紧紧围绕基层群众自治、城乡社区治理、养老育幼三大课题，深入乡镇（街道）、村（社区）和养老机构开展全面调研，全方位了解基层群众困难问题和运行短板问题。
广安区民政局结合现有资源，突出要素引领着力解决居民需求问题。开展柑子园社区、白塔社区等6个社区省级城乡社区治理试点，开展“甘心情愿・助子成长”“红色联姻・微笑助老”等65个社区服务项目，惠及居民20000余人。
组织党员、干部走访慰问低保对象、特困人员、孤困儿童等特殊困难群众，积极开展“解忧暖心传党恩”行动。全面落实低保政策，将符合条件的对象全部纳入社会救助兜底保障范围，实现应保尽保、应救尽救，新增纳入低保对象31人。通过实地走访调查摸排，对遭遇突发事件、意外伤害、重大疾病或其他特殊原因导致基本生活陷入困境，开展临时救助行动。对其他社会救助制度暂时无法覆盖或救助之后基本生活暂时仍有严重困难的家庭或个人给予应急性、过渡性救助。截至目前已开展临时救助8人次。开展儿童关爱行动，新增纳入事实无人抚养儿童28人、孤儿7人。通过“福彩圆梦・孤儿助学工程”，助力3人继续深造完成大学学业。
推动开展办实事活动服务民生，为50名留守儿童、空巢老人和困难群众进行入户慰问，送去慰问品、慰问金共1万元；为乡镇（街道）的280名独居老人免费安装了热水器，让群众深切感受到党的关怀和温暖。在“520”婚姻登记高峰日增派人手，全面检查各项软硬件设施，提供延时服务，确保群众顺利办理结婚登记，当日共为225对新人完成婚姻登记。（广安区民政局供稿）",婚姻|婚姻登记|对象|结婚,ambiguous,keep
People.cn,2021-12-03,广西金秀：守望相助 共绘新时代民族团结壮美画卷--广西频道--人民网,"人民网金秀12月3日电 在祖国西南连绵的大瑶山脉之间，青山绿水环绕着一座小城，奔腾的金秀河水穿城而过，这是一个多民族聚居的美丽小城，这里，是“世界瑶都”金秀瑶族自治县。金秀瑶族自治县成立于1952年5月28日，是全国最早成立的瑶族自治县。全县辖3镇7乡77个村民委4个社区，有瑶族、苗族、侗族、壮族、汉族等多个民族，其中瑶族人口占总人口数的39%。这里，全县15.61万各民族群众心手相连、血脉相融，用青山绿水的底色和高质量发展的亮色，绘就了欣欣向荣的民族团结进步壮美画卷。
近年来，金秀瑶族自治县坚持以铸牢中华民族共同体意识为主线，紧紧围绕民族“共同团结奋斗、共同繁荣发展”主题和“三个离不开”的思想，充分发挥民族文化和民俗优势，承旧启新，开拓进取，长抓不懈做好民族团结教育工作，不断书写金秀经济健康发展、民族团结进步、社会和谐稳定的精彩华章。
党的十八大以来，金秀始终坚持把民族团结进步创建作为一项基础性、战略性和长期性的任务来抓，推动创建工作向纵深开展。尤其是2017年成功创建区级民族团结进步示范县以来，该县从2018年就提出了争创全国民族团结进步示范县工作目标，制定民族团结进步创建工作方案，将创建工作作为“一把手”工程来推进，推动各级党组织和广大党员结合落实理论中心组学习、“三会一课”等制度，多形式、广泛开展民族团结宣传教育活动，进一步加强了党对创建工作的领导。构建起“县委统一领导，党政齐抓共管、每年召开专题会议研究民族团结工作，成立创建活动领导小组，由县党委、政府主要领导担任组长，领导小组下设办公室，由民宗部门综合协调、其他部门各司其职、社会群众广泛参与”的创建工作格局。
近年来，金秀瑶族自治县长垌乡派出所创新发扬新时代枫桥经验，开展“瑶老同”调解队调解模式，让平安和谐之花在瑶乡绽放。金秀瑶族自治县融媒体中心供图
通过不断创新方式，抓载体建设，多措并举，该县把民族团结“六进”作为开展民族团结进步创建活动的主阵地、主渠道开展民族团结进步创建活动，先后重点在桐木中心校、县民族小学、罗香中心校、广西金秀松源林产有限公司、大樟中心校、县人民法院、桐木镇古池村等学校、企业、机关单位开展民族团结进步创建活动。2020年，全县机关单位开展创建活动达到100%，企业达到20%、 农村（行政村）和社区达到20%、乡镇(街道）达到100%、学校（公办中小学）达到100%，宗教活动场所达到50%，促进各族群众和睦相处、和衷共济、和谐发展。2017年金秀县获命名为自治区级第二批“民族团结进步创建活动示范县”。截至目前，该县被命名为国家级民族团结进步模范集体2个，模范个人2人，省部级示范单位2个，先进集体11个，先进个人9人，市级示范单位16个，先进集体1个，先进个人1人，极大地鼓舞和推动了创建工作热潮，推动了全县民族团结工作不断向前发展。
“十三五”以来，金秀县委、县政府牢记党中央“全面建成小康社会，一个民族不能少”的殷殷嘱托，将促进民族团结进步与重点工作有机结合，始终把经济建设放在中心位置抓紧抓好，坚持用发展的办法加强民族地区建设，出台一系列专项计划，全力促进经济社会高质量发展，不断增进各族群众民生福祉。
绿水青山环绕的金秀瑶族自治县罗香乡罗运村横村屯。金秀瑶族自治县融媒体中心供图
2016年以来，金秀累计投入财政专项扶贫资金12.53亿元，用于全县精准扶贫工作，全县脱贫攻坚战取得决定性胜利，累计实现现行标准下农村贫困人口41170人脱贫，40个贫困村出列，贫困发生率从23.97%降至零，绝对贫困问题得到历史性解决。2019年4月，金秀县获得自治区人民政府批复，实现整县脱贫摘帽，成为广西率先实现整县脱贫的少数民族自治县之一。
近年来，该县切实提高站位，充分利用区位优势，突出地方特色，致力打造金秀品牌，努力提高金秀形象，先后出版《金秀大瑶山瑶族史》等五本瑶族文化丛书；建成了我国第一个瑶族博物馆；在全县干部职工中推行着瑶族服装上班制度；现已有《黄泥鼓舞》列入第二批国家级非物质文化遗产名录、《瑶族石牌习俗》获公示为第五批国家级非物质文化遗产名录；《瑶族过山音》《瑶族服饰制作技艺》等18个项目被列入区级非物质文化遗产名录。县内的盘振松被认定为国家级第四批公布的非物质文化遗产项目代表性传承人；蓝桂英、赵衷民等18位瑶族民间艺人认定为区级非物质文化遗产项目代表性传承人。
金秀瑶族自治县“独秀班”的同学们参观广西师范大学出版社社史馆。李显杨摄
通过对少数民族聚居地区精准发力、加快发展，确保了其如期全面建成小康社会，形成了发展促进民族团结，民族团结助力地区发展的良好局面。“十三五”期间，金秀民族教育学前三年毛入园率、小学适龄儿童入学率、初中适龄少年入学率、九年义务教育巩固率、高中阶段教育毛入学率达99.65%、99.9%、98.5%、99.78%、99.69%；新增城镇就业人数3699人；发放社会救助资金1.42亿元、救助各类对象共计70.29万人。获评“2017―2018年广西平安建设先进县”“2019―2020年来宾市平安建设先进县”。人民群众的获得感、幸福感和安全感不断提升。
树高千尺有根，水流万里有源。文化是一个民族的魂魄，文化认同是民族团结的根脉。
长期以来，金秀坚持文化认同是最根本的认同，持续增强各民族对中华文化的认同，建设各民族共有精神家园，培育中华民族共同体意识。把党的民族政策在各所学校中广泛开展，把民族优秀传统文化教育纳入了全县中小学等国民教育各级各类学校课堂，专门设立了县民族小学、民族中学、民族高中3所学校。在各中小学校中构建了传承与发展民族民间文化的课程体系，在教育科研引领和推动下，系统性地研究并指导学校开发了民族艺术欣赏课、民族文化艺术课等课程，基础教育领域开展了丰富多彩的民族文化传承教育研究工作，推进了民族优秀文化课程建设，优秀传统文化教育滋养学生心灵。民族传统文化的在学校潜移默化的教育让学生乐在其中，促进了各民族学生之间相互勾通、交流学习、共同进步，传统文化教特色育成效显著，已经形成了金秀民族团结教育的一道亮丽风景线。
金秀瑶族自治县积极组织非遗传承人为群众开展技艺培训，推动优秀传统文化的保护与传承。梁惠婷摄
为推动民族文化传承发展，该县还结合中华民族传统节日和重大民族节庆活动，利用瑶族“盘王节”、杜鹃花文化旅游节等活动开展多样化的联谊、交流活动及群众性文化活动，增进各民族间情感交流，凝聚社会价值共识，促进民族文化事业和文化产业协调发展，提升文化保护传承水平，促进民族文化的创新发展和创造性转化。
今年11月，“世界瑶都――中国金秀2021年瑶族盘王节”民族团结暨非物质文化遗产“瑶族舞香龙”展示活动在金秀瑶族自治县车田村举行。金秀瑶族自治县融媒体中心供图
梦想凝聚力量，团结开创未来。如今，金秀民族团结氛围更加浓厚，各民族交往交流交融更加深入，民族事务治理能力显著提升，全县民族团结进步事业繁荣发展……手足相亲、守望相助理念正深深融入大瑶山各族儿女的血液和灵魂，不断成为谱写金秀发展新篇章的强大力量。（廖晨言 吴明江）
人民日报社概况 | 关于人民网 | 报社招聘 | 招聘英才 | 广告服务 | 合作加盟 | 供稿服务 | 数据服务 | 网站声明 | 网站律师 | 信息保护 | 联系我们
服务邮箱： kf@people.cn 违法和不良信息举报电话：010-65363263 举报邮箱： jubao@people.cn
互联网新闻信息服务许可证10120170001 | 增值电信业务经营许可证B1-20060139 | 广播电视节目制作经营许可证（广媒）字第172号
信息网络传播视听节目许可证0104065 | 网络文化经营许可证 京网文[2020]5494-1075号 | 网络出版服务许可证（京）字121号 | 京ICP证000006号 | 京公网安备11000002000008号
人 民 网 版 权 所 有 ，未 经 书 面 授 权 禁 止 使 用 Copyright © 1997-2021 by www.people.com.cn. all rights reserved",对象|相亲,ambiguous,remove
People.cn,2021-12-03,告别苦瘠 再启新程――中国最后九个脱贫县巩固振兴周年观察,"一年前，随着贵州紫云、纳雍、威宁、赫章、沿河、榕江、从江、晴隆、望谟等九个贫困县脱贫出列，我国832个贫困县全部实现摘帽“清零”，波澜壮阔的脱贫攻坚战取得全面胜利。
作为全国最后一批脱贫县，它们曾是扶贫攻坚的“硬骨头”和“最短板”。告别苦瘠、再启新程，一年来，这些曾经的深度贫困县干部群众“出列再入列”，一手扎扎实实高质量巩固脱贫攻坚成果，一手风风火火加速度开创乡村振兴新局面，在黔山秀水中描摹充满希望的新画卷。
贵州省威宁县村民在草海镇放养的牛（7月7日摄）。新华社记者 陶亮 摄
地跨雷公山、月亮山的榕江县，沟壑纵横，少数民族占总人口80%以上。在县委1号会议室，就巩固拓展脱贫攻坚成果同乡村振兴有效衔接工作举行的调度电视电话会议，一年间已接近30次。
“每月至少一个大调度，及时研判存在的问题。”榕江县乡村振兴局副局长石仕玺说，全国脱贫攻坚总结表彰大会召开次日，县委书记、县长任双组长的脱贫攻坚领导小组就改成了乡村振兴指挥部，下设10个专项工作组，摘帽不摘责任、摘帽不摘政策、摘帽不摘帮扶、摘帽不摘监管。
榕江县定威水族乡曾是贵州20个极贫乡镇之一。“按照‘四个不摘’要求，我们发现脱贫不稳定户45户214人，边缘易致贫户39户177人，经过动态监测帮扶，已全部消除风险。”对守住不发生规模性返贫的底线，乡长潘之泽很有信心。
各地都像打脱贫攻坚战一样抓巩固拓展脱贫攻坚成果。在乌蒙山腹地的威宁彝族回族苗族自治县，去年开始，由政府出资为动态监测到的人均年收入低于5000元的脱贫户和低收入边缘户统一购买保险，用理赔金对“收入掉线”的农户进行救助。
家住观风海镇七里半社区的赵兰曾是建档立卡贫困户。丈夫患尿毒症常年要在医院做透析，三个孩子又在读职校和高中。脱贫后，赵兰却患肺囊肿住进医院，手术费5万多元，合作医疗报销后仍需自费支出1.9万元。因被纳入防返贫预警监测，政府帮她买的“防贫保”发挥作用，理赔1.92万元。
位于云贵高原边缘地带的望谟县97%以上国土面积是山地。“在公司上班太阳晒不到、雨淋不到，多赚点钱以后生活才更好！”从大山搬进城的易地扶贫搬迁户杨秀妹在一家做皮具手袋的扶贫车间务工。县乡村振兴局局长田龙言说，当地做好产业、机制、政策等多方面衔接，确保脱贫人口不掉队。
“扶上马送一程”，贵州严格落实“四个不摘”，健全易返贫致贫人口快速发现和响应机制，依托“贵州乡村振兴云”开发防贫监测信息平台和“贵州防贫申报”小程序，截至10月底，全省共识别监测对象10.69万户42.32万人，已消除返贫致贫风险10.57万户41.89万人，占比98.92%。
贵州省威宁县村民在仙水窝光伏电站采摘红菜苔（8月24日摄）。新华社记者 陶亮 摄
山坳里薄雾笼罩，冬日的纳雍县董地苗族彝族乡依然一片产业兴旺的画面。来到朴德村一家注塑厂，机器轰鸣，一个个用来盛放食用菌的塑料筐在传送带上排队前行。“这条路真走对了！”工厂负责人龙钢说，去年仅县内就需要3400万个。
99.09平方公里土地上居然没有一处超过50亩的平地，这样的地理条件一度让董地乡产业发展举步维艰。“得换个思路，不能钻牛角尖，产业不一定就是农业。”董地乡裕农合作社理事长刘吕一席话点醒了不少人，一产不行可以搞二产，整个毕节市还没有这一类制造企业，市场有空白就会有需求。
立足资源禀赋，因地制宜壮大产业，让群众实现多元增收是脱贫摘帽县的共同选择。
从江县贯洞镇腊水村38岁的脱贫户梁林福是一片100亩食用菌基地的管理员。“山还是那片山，但林子值钱了！”这份工作不仅让梁林福每月有约3000元的劳务收入以及季度分红，还学到了种植技术。强化绿色导向，健全产业链，从江县提出到2025年全县发展林下经济利用森林面积达到80万亩。
除了传统产业，数字经济新业态延伸也创造了灵活就业机会。“送外卖第一个月就赚了8000多元！”28岁的晴隆县青山村脱贫户郑金鹏没想到，自己务工多年拿到的最高月收入，竟在家门口。
去年，美团与晴隆县签订战略合作协议，一方面帮当地服务业商家数字化发展，另一方面加大骑手招聘和培训让贫困劳动力就地就业。
依托气候条件和市场需求，贵州着力发展茶叶、食用菌、蔬菜等12个农业特色优势产业。同时，持续加大脱贫劳动力有组织劳务输出力度，实现“多元化”增收。
这是贵州省威宁县五里岗街道朝阳新城易地扶贫搬迁安置小区（11月28日摄）。新华社记者 杨文斌 摄
“十三五”期间，贵州实施易地扶贫搬迁192万人。大规模山区群众进城生活，如何做好安置点的社会治理面临考验。
在赫章县金银山街道，刚搬来时，个别群众大白天喝醉了倒头就睡在草坪上；有些住户为了省事，一铲子就把垃圾向窗外抛去；政府组织就业招聘，也没几个群众主动报名……
为激发搬迁群众内生动力，当地探索“党建+积分”管理模式，围绕文明卫生、遵纪守法、家风家教、培训就业等进行积分“加减”和后续奖惩，显著提升了群众参与社区治理的积极性。
脱贫了，乡风文明要提升。今年以来，沿河土家族自治县切实规范办酒行为，同时排查农村建房、烟花爆竹燃放、高价彩礼、随礼攀比等增加农民负担情况。
沿河县思渠镇将移风易俗纳入党风廉政建设、精神文明建设等工作考核，指导28个村（社区）成立红白理事会，引导群众婚事节办、丧事简办。
生态宜居是乡村振兴的内在要求。紫云苗族布依族自治县板当镇硐口村近日开展了一场“宜居乡村创建示范户”大评比。走进村内巷道，家家户户门前修葺的木栅栏内有“小花坛”“小菜园”，一幅百姓富、生态美的山水画卷正在脱贫山乡绘就。
“我们通过评比常态化，让村民形成互学互比的氛围。”硐口村驻村第一书记王印说，全村共对160户“宜居乡村创建示范户”进行挂牌，对5起乱堆乱放、房前屋后脏乱差等不文明行为进行处罚，对3户整治效果较差的农户进行曝光，文明逐渐成为村民行动的标尺。
脚踏实地、久久为功，脱贫之后，贵州又选派3.2万多名第一书记和驻村干部奔赴基层，组建乡村振兴驻村工作队1万多支，向着新生活新征程迈开脚步。（新华社记者王丽、向定杰）
这是贵州省威宁县五里岗街道朝阳新城和阳光新城易地扶贫搬迁安置小区（11月28日摄，无人机照片）。新华社记者 杨文斌 摄
在贵州省威宁县五里岗街道朝阳新城易地扶贫搬迁安置小区，搬迁户在就业扶贫手工车间整理缝制完毕的民族服饰（11月28日摄）。新华社记者 杨文斌 摄
在贵州省威宁县五里岗街道朝阳新城易地扶贫搬迁安置小区，搬迁户在就业扶贫手工车间可以一边就业，一边带孩子（11月28日摄）。新华社记者 杨文斌 摄
在贵州省威宁县五里岗街道朝阳新城易地扶贫搬迁安置小区，搬迁户在就业扶贫手工车间可以一边就业，一边带孩子（11月28日摄）。新华社记者 杨文斌 摄
在贵州省威宁县五里岗街道朝阳新城易地扶贫搬迁安置小区，小朋友在家人工作的就业扶贫手工车间（11月28日摄）。新华社记者 杨文斌 摄
在贵州省威宁县五里岗街道朝阳新城易地扶贫搬迁安置小区，搬迁户在就业扶贫手工车间整理缝制完毕的民族服饰（11月28日摄）。新华社记者 杨文斌 摄
工人在位于贵州威宁经济开发区一家生物科技有限公司生产车间包装金针菇（11月28日摄）。新华社记者 杨文斌 摄
这是贵州省威宁县五里岗街道朝阳新城易地扶贫搬迁安置小区（11月28日摄，无人机照片）。新华社记者 杨文斌 摄
在贵州省威宁县五里岗街道朝阳新城易地扶贫搬迁安置小区，搬迁户在就业扶贫手工车间缝制民族服饰（11月28日摄）。新华社记者 杨文斌 摄
人民日报社概况 | 关于人民网 | 报社招聘 | 招聘英才 | 广告服务 | 合作加盟 | 供稿服务 | 数据服务 | 网站声明 | 网站律师 | 信息保护 | 联系我们
服务邮箱： kf@people.cn 违法和不良信息举报电话：010-65363263 举报邮箱： jubao@people.cn
互联网新闻信息服务许可证10120170001 | 增值电信业务经营许可证B1-20060139 | 广播电视节目制作经营许可证（广媒）字第172号
信息网络传播视听节目许可证0104065 | 网络文化经营许可证 京网文[2020]5494-1075号 | 网络出版服务许可证（京）字121号 | 京ICP证000006号 | 京公网安备11000002000008号
人 民 网 版 权 所 有 ，未 经 书 面 授 权 禁 止 使 用 Copyright © 1997-2021 by www.people.com.cn. all rights reserved",对象|彩礼,ambiguous,keep
People.cn,2021-12-03,税务稽查对象是如何被选中的？,"重在宣传稽查对象是如何通过“双随机，一公开”机制进行抽选确定的，让广大纳税人充分了解自己如何被确定为稽查对象抽查的相关流程。
人民日报社概况 | 关于人民网 | 报社招聘 | 招聘英才 | 广告服务 | 合作加盟 | 供稿服务 | 数据服务 | 网站声明 | 网站律师 | 信息保护 | 联系我们
服务邮箱： kf@people.cn 违法和不良信息举报电话：010-65363263 举报邮箱： jubao@people.cn
互联网新闻信息服务许可证10120170001 | 增值电信业务经营许可证B1-20060139 | 广播电视节目制作经营许可证（广媒）字第172号
信息网络传播视听节目许可证0104065 | 网络文化经营许可证 京网文[2020]5494-1075号 | 网络出版服务许可证（京）字121号 | 京ICP证000006号 | 京公网安备11000002000008号
人 民 网 版 权 所 有 ，未 经 书 面 授 权 禁 止 使 用 Copyright © 1997-2021 by www.people.com.cn. all rights reserved",对象,ambiguous,remove
People.cn,2021-12-03,告别苦瘠 再启新程――中国最后九个脱贫县巩固振兴周年观察,"一年前，随着贵州紫云、纳雍、威宁、赫章、沿河、榕江、从江、晴隆、望谟等九个贫困县脱贫出列，我国832个贫困县全部实现摘帽“清零”，波澜壮阔的脱贫攻坚战取得全面胜利。
作为全国最后一批脱贫县，它们曾是扶贫攻坚的“硬骨头”和“最短板”。告别苦瘠、再启新程，一年来，这些曾经的深度贫困县干部群众“出列再入列”，一手扎扎实实高质量巩固脱贫攻坚成果，一手风风火火加速度开创乡村振兴新局面，在黔山秀水中描摹充满希望的新画卷。
贵州省威宁县村民在草海镇放养的牛（7月7日摄）。新华社记者 陶亮 摄
地跨雷公山、月亮山的榕江县，沟壑纵横，少数民族占总人口80%以上。在县委1号会议室，就巩固拓展脱贫攻坚成果同乡村振兴有效衔接工作举行的调度电视电话会议，一年间已接近30次。
“每月至少一个大调度，及时研判存在的问题。”榕江县乡村振兴局副局长石仕玺说，全国脱贫攻坚总结表彰大会召开次日，县委书记、县长任双组长的脱贫攻坚领导小组就改成了乡村振兴指挥部，下设10个专项工作组，摘帽不摘责任、摘帽不摘政策、摘帽不摘帮扶、摘帽不摘监管。
榕江县定威水族乡曾是贵州20个极贫乡镇之一。“按照‘四个不摘’要求，我们发现脱贫不稳定户45户214人，边缘易致贫户39户177人，经过动态监测帮扶，已全部消除风险。”对守住不发生规模性返贫的底线，乡长潘之泽很有信心。
各地都像打脱贫攻坚战一样抓巩固拓展脱贫攻坚成果。在乌蒙山腹地的威宁彝族回族苗族自治县，去年开始，由政府出资为动态监测到的人均年收入低于5000元的脱贫户和低收入边缘户统一购买保险，用理赔金对“收入掉线”的农户进行救助。
家住观风海镇七里半社区的赵兰曾是建档立卡贫困户。丈夫患尿毒症常年要在医院做透析，三个孩子又在读职校和高中。脱贫后，赵兰却患肺囊肿住进医院，手术费5万多元，合作医疗报销后仍需自费支出1.9万元。因被纳入防返贫预警监测，政府帮她买的“防贫保”发挥作用，理赔1.92万元。
位于云贵高原边缘地带的望谟县97%以上国土面积是山地。“在公司上班太阳晒不到、雨淋不到，多赚点钱以后生活才更好！”从大山搬进城的易地扶贫搬迁户杨秀妹在一家做皮具手袋的扶贫车间务工。县乡村振兴局局长田龙言说，当地做好产业、机制、政策等多方面衔接，确保脱贫人口不掉队。
“扶上马送一程”，贵州严格落实“四个不摘”，健全易返贫致贫人口快速发现和响应机制，依托“贵州乡村振兴云”开发防贫监测信息平台和“贵州防贫申报”小程序，截至10月底，全省共识别监测对象10.69万户42.32万人，已消除返贫致贫风险10.57万户41.89万人，占比98.92%。
贵州省威宁县村民在仙水窝光伏电站采摘红菜苔（8月24日摄）。新华社记者 陶亮 摄
山坳里薄雾笼罩，冬日的纳雍县董地苗族彝族乡依然一片产业兴旺的画面。来到朴德村一家注塑厂，机器轰鸣，一个个用来盛放食用菌的塑料筐在传送带上排队前行。“这条路真走对了！”工厂负责人龙钢说，去年仅县内就需要3400万个。
99.09平方公里土地上居然没有一处超过50亩的平地，这样的地理条件一度让董地乡产业发展举步维艰。“得换个思路，不能钻牛角尖，产业不一定就是农业。”董地乡裕农合作社理事长刘吕一席话点醒了不少人，一产不行可以搞二产，整个毕节市还没有这一类制造企业，市场有空白就会有需求。
立足资源禀赋，因地制宜壮大产业，让群众实现多元增收是脱贫摘帽县的共同选择。
从江县贯洞镇腊水村38岁的脱贫户梁林福是一片100亩食用菌基地的管理员。“山还是那片山，但林子值钱了！”这份工作不仅让梁林福每月有约3000元的劳务收入以及季度分红，还学到了种植技术。强化绿色导向，健全产业链，从江县提出到2025年全县发展林下经济利用森林面积达到80万亩。
除了传统产业，数字经济新业态延伸也创造了灵活就业机会。“送外卖第一个月就赚了8000多元！”28岁的晴隆县青山村脱贫户郑金鹏没想到，自己务工多年拿到的最高月收入，竟在家门口。
去年，美团与晴隆县签订战略合作协议，一方面帮当地服务业商家数字化发展，另一方面加大骑手招聘和培训让贫困劳动力就地就业。
依托气候条件和市场需求，贵州着力发展茶叶、食用菌、蔬菜等12个农业特色优势产业。同时，持续加大脱贫劳动力有组织劳务输出力度，实现“多元化”增收。
这是贵州省威宁县五里岗街道朝阳新城易地扶贫搬迁安置小区（11月28日摄）。新华社记者 杨文斌 摄
“十三五”期间，贵州实施易地扶贫搬迁192万人。大规模山区群众进城生活，如何做好安置点的社会治理面临考验。
在赫章县金银山街道，刚搬来时，个别群众大白天喝醉了倒头就睡在草坪上；有些住户为了省事，一铲子就把垃圾向窗外抛去；政府组织就业招聘，也没几个群众主动报名……
为激发搬迁群众内生动力，当地探索“党建+积分”管理模式，围绕文明卫生、遵纪守法、家风家教、培训就业等进行积分“加减”和后续奖惩，显著提升了群众参与社区治理的积极性。
脱贫了，乡风文明要提升。今年以来，沿河土家族自治县切实规范办酒行为，同时排查农村建房、烟花爆竹燃放、高价彩礼、随礼攀比等增加农民负担情况。
沿河县思渠镇将移风易俗纳入党风廉政建设、精神文明建设等工作考核，指导28个村（社区）成立红白理事会，引导群众婚事节办、丧事简办。
生态宜居是乡村振兴的内在要求。紫云苗族布依族自治县板当镇硐口村近日开展了一场“宜居乡村创建示范户”大评比。走进村内巷道，家家户户门前修葺的木栅栏内有“小花坛”“小菜园”，一幅百姓富、生态美的山水画卷正在脱贫山乡绘就。
“我们通过评比常态化，让村民形成互学互比的氛围。”硐口村驻村第一书记王印说，全村共对160户“宜居乡村创建示范户”进行挂牌，对5起乱堆乱放、房前屋后脏乱差等不文明行为进行处罚，对3户整治效果较差的农户进行曝光，文明逐渐成为村民行动的标尺。
脚踏实地、久久为功，脱贫之后，贵州又选派3.2万多名第一书记和驻村干部奔赴基层，组建乡村振兴驻村工作队1万多支，向着新生活新征程迈开脚步。（新华社记者王丽、向定杰）
这是贵州省威宁县五里岗街道朝阳新城和阳光新城易地扶贫搬迁安置小区（11月28日摄，无人机照片）。新华社记者 杨文斌 摄
在贵州省威宁县五里岗街道朝阳新城易地扶贫搬迁安置小区，搬迁户在就业扶贫手工车间整理缝制完毕的民族服饰（11月28日摄）。新华社记者 杨文斌 摄
在贵州省威宁县五里岗街道朝阳新城易地扶贫搬迁安置小区，搬迁户在就业扶贫手工车间可以一边就业，一边带孩子（11月28日摄）。新华社记者 杨文斌 摄
在贵州省威宁县五里岗街道朝阳新城易地扶贫搬迁安置小区，搬迁户在就业扶贫手工车间可以一边就业，一边带孩子（11月28日摄）。新华社记者 杨文斌 摄
在贵州省威宁县五里岗街道朝阳新城易地扶贫搬迁安置小区，小朋友在家人工作的就业扶贫手工车间（11月28日摄）。新华社记者 杨文斌 摄
在贵州省威宁县五里岗街道朝阳新城易地扶贫搬迁安置小区，搬迁户在就业扶贫手工车间整理缝制完毕的民族服饰（11月28日摄）。新华社记者 杨文斌 摄
工人在位于贵州威宁经济开发区一家生物科技有限公司生产车间包装金针菇（11月28日摄）。新华社记者 杨文斌 摄
这是贵州省威宁县五里岗街道朝阳新城易地扶贫搬迁安置小区（11月28日摄，无人机照片）。新华社记者 杨文斌 摄
在贵州省威宁县五里岗街道朝阳新城易地扶贫搬迁安置小区，搬迁户在就业扶贫手工车间缝制民族服饰（11月28日摄）。新华社记者 杨文斌 摄",对象|彩礼,ambiguous,keep
People.cn,2021-12-03,社区青少年成长中心有着孩子们的“心灵树洞”,"精心设计的训练活动以及朋辈心理支持，让问题孩子逐步回到正轨
社区青少年成长中心有孩子们的“心灵树洞”
李晓峰很欣慰，在经历大半年低迷期和一次转学后，儿子小俊的笑脸又回来了。在孩子状态最低迷的时候，他曾一度想过带小俊去看心理医生。在位于杨浦区延吉四村的一家名为“舒屋”的社区青少年成长中心里，他和孩子都收获了一次重要转变。
“舒屋”是“树屋”的谐音，而这里也是孩子们的“心灵树洞”。10月30日，一场名为“挑战不可能”的特殊活动在舒屋举行，来自复旦大学的大学生和孩子们一起探索学习生活中的“不可能”，寻找解决路径。这是舒屋最新启动的为期两个月的成长训练营项目。“挑战不可能”针对青少年厌学问题，通过一系列具有心理暗示的活动，激发孩子们对学习的兴趣，重燃对生活的热情。
目前，舒屋在积极策划寒假活动，计划针对提升青少年心理韧性等方面创设一批心理成长类活动，更好地满足青少年多元化需求。
舒屋是一个“过渡空间”，提供一个让学生在走出家门以后、走进社会以前，在家庭和学校之间的“第三个中立空间”
延吉四村睦邻中心是杨浦区第一个睦邻中心。今年6月，中心一楼区域被改造成一个“树屋”——原木地板上散落着沙发和软垫，书架覆盖整面墙壁，小楼梯、榻榻米等提供了多样的休憩空间。这里是全国首家专注于朋辈心理支持和关怀青春期成长的社区青少年成长中心。
今年7月1日试运营以后，舒屋举办了第一次夏令营，并在暑假期间从周一至周六全天开放。孩子们可以来这里参加读书、绘画、音乐、芳香、创作及拓展性的放松训练，可以和比他们年长的大学生聊天，也可以什么都不做，只是发呆和放松，享受独处时间。
每到星期六，舒屋会举办一次成长训练营的集体活动。11月6日，舒屋迎来“挑战不可能”的第二期活动，之前，李晓茹忙着和学生们策划活动内容，细化每一个流程。她是复旦大学心理学系副教授，舒屋由她带领的心理学系大学生团队来运营。
此前，李晓茹曾做过多年的临床心理咨询工作，然而这份工作让她日渐感到苦闷和“枯竭”。“在接了很多青少年个案以后，我发现心理咨询其实是杯水车薪。孩子的心理问题不是瞬间爆发的，而是长期积累，需要在成长过程中不断给予支持。”
成长是孤独的旅程。青少年心理问题不仅来源于学校功课，背后还隐藏着与父母、朋友之间的矛盾。“上学是离开父母自己去开拓的过程，有的孩子能在学校找到朋友，但不是每个孩子都擅长与人交往，而学校虽然有心理老师，但仍带着教育者的身份。对于某些孩子来说，遇到的心理创伤，在学校和家里都找不到倾诉对象。”
舒屋是一个“过渡空间”，提供一个让学生在走出家门以后、走进社会以前，在家庭和学校之间的“第三个中立空间”。
“无限空间”“无忧岛”“18号树屋”“棒棒堂”，舒屋的这些分区，光从名字无法分辨其功能。“我们对舒屋的所有空间都不做界定，孩子们需要自己去寻求。”大学生志愿者在这里都改成了相似的名字，他们的名牌上写着：舒心、舒真、舒曼、舒肤佳……
“孩子们在学校必须学习，在家里必须和父母相处，在少年宫必须上兴趣班，在图书馆必须看书……但在这里，没有必须完成的任务。”李晓茹说。小区花园里有一间“18号树屋”，这是平时最受孩子们喜欢的户外“秘密基地”。“18”预示着18岁，舒屋将陪伴他们一同长大成人。
每个人都有自己的故事，也有受挫的经历。舒屋夏令营“朋辈”之间榜样的力量，比老师或专家去说教的效果更好
李晓峰的儿子小俊从小成绩好，性格开朗。“我自己本身从事教育工作，对孩子要求很高，寄希望很大。”小俊初三毕业后，李晓峰给他选择了一所寄宿重点高中。“男孩子嘛，想让他锻炼一下。刚开始一个月还行，没想到突然有一天发现，孩子变得不快乐了……”
不懂得处理和同学之间的关系，让孩子对上学感到消极。班主任告诉李晓峰，小俊上课睡觉，经常迟到，下课去倒个水很长时间都不回来。孩子每天给他打四五个电话：“爸爸，我起床上早操了。”“爸爸，我吃完早饭去上课了……”虽然都只是简单的“汇报行踪”，但李晓峰能听出来，孩子很无助、很孤独。
“我问他为什么不跟同学聊天？他说聊不到一起。我说你不要给我打电话了，把精力放在学习上，他说好的。但过了几天，我又担心如果连我这个‘口子’都给堵死了，他没了倾诉对象怎么办？孩子初中以前都活跃得很，原来很好的孩子，怎么突然就像哪根筋搭错了一样？”最差的时候，李晓峰想过带孩子去看心理医生。
第一天，小俊的防御意识很强，谨慎地观察着每个人。当天活动结束后，李晓峰去接孩子：“怎么样？”“还行。”第二天，李晓峰问他：“今天还去吗？”“也行啊。”就这样不知不觉过了3周，他们坚持把8次活动从头到尾参加了下来。后来有一天，孩子突然跟他说：“老爸，我想去舒屋。”
原来，经过一段时间相处，小俊和舒屋里的哥哥姐姐成了好朋友。每次活动回来，小俊都会主动跟爸爸讲自己的所见所闻，那个哥哥原来什么学校的，选班干部的时候，他和同学关系也处理得不好，后来又怎么样了……“每个人都有自己的故事，也有受挫的经历，这些故事对孩子们触动很大。”李晓峰认为，这种“朋辈”之间榜样的力量，比老师或专家去说教的效果更好。
舒屋也并非纯粹讲故事。志愿者用心理学的方法，结合自己的故事来引导孩子，通过聊天的方式，让问题孩子回到正轨上。同时，这区别于心理咨询或看病，不会给孩子贴上“标签”。
有一个瞬间，李晓峰至今说起来都会觉得很心酸。“以前我周日下午送他回学校，下车的时候他总是缓缓地拿着皮箱，在车门关上那一刻，依依不舍地看我一眼，有气无力地说一声再见，当时我真的很伤心……”
今年9月开学后，小俊换到了走读学校。现在每天送孩子上学，小俊下了车愉快地说一句“老爸再见！”然后背着书包头也不回地往学校走去。看到当初那个神采奕奕的孩子又回来了，李晓峰觉得这比什么都重要。
感情问题、相貌焦虑、亲子矛盾等，是青少年共性的心理问题。如果没有得到干预，这些心理焦虑会伴随他们到成年以后
今年7月16日，舒屋的第一期“青少年成长夏令营”开营，包括小俊在内的8个孩子成为第一批营员。李晓茹回忆，“每个人来的时候都带着微笑，很有礼貌。但志愿者们交往下来，发现每个孩子都有让人心酸的经历。”
有个女孩子过去非常优秀，参加钢琴、绘画、英语等各种比赛都是佼佼者，但半年前突然有一段时间状态很差，只能休学在家，其中原因她至今都没对父母说过。在和舒屋的大学生交流中，她提起自己当时是遇到了感情问题，至今“一个人的时候仍想哭”。“孩子有可能心里藏着一件事是没办法跟任何人分享的。回到学校上学，只是因为不想辜负父母的期待，但并不足以修复她的心理创伤。”
在青春期，恋爱是必经阶段。“大多数家长都认为应该充分尊重，但当事情发生在自己孩子身上时，大多数家庭仍会反对。”李晓茹说，除了青春期感情问题以外，大多数女孩子都会有相貌焦虑和身材焦虑，女生患有抑郁症和焦虑症的概率是男生的2倍，如果没有得到干预，这些心理焦虑会伴随她们到成年以后。
小雯的父母一直在外地工作，从一岁开始，小雯的世界里就只有奶奶。女孩今年上初一了，她不再像小时候那么开朗，总是躲在奶奶身后，害怕与人交往，成绩一落千丈，经常与手机网络游戏为伴。为了提高成绩，奶奶给孙女报了各种补习班，“我觉得如果她能学习好，我就算尽责了。我只希望她能懂事一点，我身体也不好，未来谁来照顾她呢……”
在舒屋，志愿者发现小雯并非是个“冷漠”的孩子。“她不是不努力，但相比起同龄人，她因为从小没有父母在身边而感到自卑，也不敢和朋友分享自己的事情。成绩不好，因无法达到奶奶的期望而愧疚，她只能沉浸在网络里……”刚开始来夏令营，小雯总是下课了也不愿走，不想回到家里。“孙女和奶奶都爱着对方，但总是会争吵冲突，互相伤害。”志愿者说。
夏令营结束那天，小雯的奶奶站在门口哭得很厉害。“我从孙女嘴里听到了之前从未说过的‘我爱你’这三个字。”
营里还有一个孩子被诊断出有儿童多动症，他没有办法安静地听完别人讲话，总要插嘴破坏纪律。志愿者给他安排了一只小鸡玩偶，当他有冲动想打断别人说话的时候，就揉一下小鸡，转移注意力。在不破坏气氛的情况下，志愿者又会鼓励他举手发言，适时地表达自己的想法。一个暑期下来，孩子学会了什么时候该揉小鸡，什么时候该举手。“多动症是先天的，我们要教会孩子学习接纳它，不让它干扰到正常的生活。”
“感情问题、亲子矛盾等，是青少年共性的心理问题。大多数孩子都知道父母是爱他们的，但面对生活、学习中的苦闷大多会向父母归因，手机和游戏管不住也是常事。”李晓茹提到，现在有不少家长在家安装摄像头，“孩子整天处在被监控下，抱着书发呆，书变成了他们最好的遮挡。”这种极端的监督方法并不适用于教导孩子。
“还有一种刻板印象，看似品学兼优的孩子，就真的过得特别如意吗？”李晓茹说，她遇到过很多中途辍学的孩子，往往都是成绩很好的学生。“家长往往会归因为最近一次考试没考好，或者数学课上有一个问题回答不出来等单独的一件事，但从专业看，这是一个长期积累的过程，只是最后一根稻草落下来，让孩子承受不住了。”
训练营中有一个理念，要赋予孩子认同的意义，才能让他们每天都动力十足地过好自己每天的生活，这对家长来说也很重要
最近，舒屋二期经历了一次重新装修。延吉新村街道充分利用睦邻中心的活动室、家长学校和实践室等场地，腾出更多共享空间。改造后的舒屋没有座椅，孩子们都坐在地板上看书、交流，这样的方式更加“接地气”。截至目前，舒屋已累计吸引150余名青少年及家长参与活动。
舒屋是在“双减”政策的背景下，由上海市、区文明办经过资源统筹而建。但并非减压就完事了，教育孩子活在当下才是舒屋的主要目的。“我们尝试用各种方式帮助孩子学习，培养他们用更多元的视角看待事物，提升个人能力。”李晓茹说，对于孩子来说，当下的任务就是学习，但学习的阶段很短，人生很长，要教会他们未来如何悦纳自己，让人生过得更精彩。
舒屋采用公益运营，不对营员收费。李晓峰说，社会上一些机构的心理咨询费很高，而舒屋不一样，孩子到舒屋聊一下，说不定某一句话就能影响孩子的一生。
舒屋还是杨浦区文明办与复旦大学社会发展与公共政策学院合作共建应用心理专业学位研究生专业实践基地、本科生教学实习实训基地，通过大学生志愿实践、校外兼职导师带教等为舒屋提供智力支持。
“大学生不仅是志愿者，也是学习者和体验者。”李晓茹说，每个大学生其实都经历过自己的伤痛，他们不是走入心理学系这些心理问题就解决了。在交流过程中，他们回忆起当年的自己，站在更成熟的角度去看问题，可以解开很多心结。
对于李晓茹团队来说，青少年的心理问题一直在发展。“以前的孩子不会为梦想和人生意义而困惑，但现在的孩子会追问生活的意义。”训练营中有一个理念，要赋予孩子认同的意义，才能让他们每天都动力十足地过好自己每天的生活。
“大多数孩子都知道，父母用心教育我，很爱我，我也愿意满足他们的期待，但却想不明白，现在拼尽全力，就是为了像父母一样考大学、找工作赚钱、然后生一个像我这样的孩子吗？”李晓茹认为，孩子的有些道理是无法说服的。
“世界上的人最眷恋自己的父母，因为他们是无条件付出，带给他们安全感。舒屋也希望创造这种无条件倾听的感受。”李晓茹说。
“走出舒屋，对家长来说也是一次转变。”李晓峰说，现在只想孩子每天都快乐一点，每个人都应该活在当下。（来源：解放日报）
人民日报社概况 | 关于人民网 | 报社招聘 | 招聘英才 | 广告服务 | 合作加盟 | 供稿服务 | 数据服务 | 网站声明 | 网站律师 | 信息保护 | 联系我们
服务邮箱： kf@people.cn 违法和不良信息举报电话：010-65363263 举报邮箱： jubao@people.cn
互联网新闻信息服务许可证10120170001 | 增值电信业务经营许可证B1-20060139 | 广播电视节目制作经营许可证（广媒）字第172号
信息网络传播视听节目许可证0104065 | 网络文化经营许可证 京网文[2020]5494-1075号 | 网络出版服务许可证（京）字121号 | 京ICP证000006号 | 京公网安备11000002000008号
人 民 网 版 权 所 有 ，未 经 书 面 授 权 禁 止 使 用 Copyright © 1997-2021 by www.people.com.cn. all rights reserved",对象|恋爱,ambiguous,keep
People.cn,2021-12-04,让宪法精神根植高原大地,"“我宣誓，坚决忠于宪法法律，维护法律尊严，依法行使权利，忠于履行义务……”12月2日，黄南藏族自治州“12・4”国家宪法日暨宪法宣传周活动启动仪式现场，刚刚接受完授旗的同仁红旗法治宣讲队的才项闹日代表黄南州15支法治宣讲队宣誓。
向法治宣讲队授旗，为普法志愿者代表配发服装、颁发志愿证，向群众代表赠送宪法、民法典等法治书籍……当天的宪法宣传活动将青海省“宪法宣传周”宣传推向高潮。
12月4日是第八个国家宪法日，伴随着第四个“宪法宣传周”，连日来，全省各地各部门围绕“以习近平法治思想为指引 坚定不移走中国特色社会主义法治道路”这一主题，创新形式，开展丰富多样的宪法宣传系列活动，普及宪法知识、弘扬宪法精神，让民众学习宪法、感悟宪法，把宪法精神浸润社会生活的方方面面，掀起了尊崇宪法、学习宪法、遵守宪法、维护宪法、运用宪法的热潮。
“在我国，具体负责刑事赔偿争议的是？受委托实施行政处罚的组织必须符合哪些条件？”11月29日至12月3日，2021年度全省国家工作人员网络普法考试如期举行。在国家宪法日及“宪法宣传周”期间举办网络学法用法考试已成为全省国家工作人员每年的“必修课”。
天下之事，不难于立法，而难于法之必行。宪法的生命在于实施，宪法的权威也在于实施。长期以来，青海省高度重视宪法宣传教育和全面贯彻实施，把宪法宣传摆在全面依法治省的突出位置，高位推动，不断深化和加强全社会对宪法的政治认同、法治认同、思想认同、情感认同和事实认同。
省委、省人大、省政府、省政协率先垂范，中心组学宪法制度全面落实。省人大及时修改《青海省实行国家工作人员宪法宣誓制度办法》。“12・4”国家宪法日暨宪法宣传周活动及国家工作人员、青少年、宗教教职人员、社会群众学宪法常态化开展，宪法学习宣传实现制度化常态化。
今年“宪法宣传周”期间，青海省各地各部门更是统筹使用各种传播手段，把习近平法治思想学习宣传与宪法学习宣传结合起来，推动习近平法治思想深入人心、落地生根。
12月3日，省人民检察院组织宪法宣誓仪式，省检察院各部门负责人、新提拔任用人员、职级晋升人员、新进人员参加宣誓。省检察院相关负责人领诵誓词，和全体宣誓干警作出了忠于宪法、忠于祖国、忠于人民的庄严承诺，表达了公正司法、恪尽职守、廉洁奉公的坚强决心。
在西宁，国家税务总局西宁市税务局组织2021年新录用公务员举行宪法宣誓仪式，16名新录用公务员面对国旗，进行庄严而又神圣的宣誓，增强了新录用干部宪法观念，增强税务干部履行职务的使命感和责任感。
在海东，市司法局开展“宪法宣传周”赠书活动，向市委各部门、市直各单位赠送《宪法》《习近平法治思想概论》共计四千余本。
西宁开通全省首条“宪法宣传公交专线”，格尔木打造首个环形法治宣传大屏，独创微信朋友圈“宪法宣传广告”，创新打造“法治花儿”，以最接地气的形式演法唱法，弘扬宪法精神……多年来，在宪法宣传中，青海省注重普法实效，不断创新普法形式，形成了如法治大篷车、马背法治宣讲团、摩托车法治宣讲团、法德大舞台、感恩宣讲团等一些特色普法品牌，受到群众欢迎。
针对青海多民族聚居的特点，青海省着力开展国家通用语言和少数民族语言“双语”普法，持续巩固和提升普法宣传的实际效果。为让宪法宣传接地气、入心入脑，青海省各有关部门还通过地方曲艺形式，制作推出法治宣传作品，通过网络平台、工作微信群向基层单位和群众推送。
为做好新冠肺炎疫情防控，今年青海省“宪法宣传周”主要采取以线上宣传活动为主。为此，全省各地各单位根据实际，充分运用新媒体手段进行宪法宣传，推出向全省手机用户推送公益普法短信，播放宪法、民法典公益宣传片，在微信朋友圈发布宪法、民法典置顶公益广告、开展全民普法答题等五项活动，确保宣传活动启动有声势、组织有力度、开展有亮点，引导全社会积极响应并取得显著成效。
“‘蒙、藏、汉’三种语言同步发声，朗读宪法、学习宪法，传递最强法治声音。‘你当宪法达人 我送手机话费’，学宪法、答题目、赢奖品，优秀如你，小伙伴们快来挑战自我吧……”这几天，海西蒙古族藏族自治州普法公众号新颖的宪法宣传活动吸引了不少群众关注、参与，海西州委全面依法治州委员会守法普法协调小组、州司法局组织策划海西州“宪法宣传周”线上宣传系列活动，以“听看读答秀”相结合的形式普及宪法知识，增强了宪法宣传的吸引力和感染力。
在西宁市城北区，大堡子司法所采取的丰富多彩的线上宪法宣传活动受到“追捧”。大堡子司法所为弘扬宪法精神，让宪法精神走近群众生活，运营网络指尖推送、线上竞答、广播普法等形式，掀起了宪法学习宣传热潮，进一步增强了广大群众办事依法、遇事找法、解决问题用法、化解矛盾靠法的意识。
“你了解宪法吗？宪法是一张写着人民权利的纸，从出生到年老，从婚姻到职场，身为中国公民的我们，这一生都有宪法的保护。”
“这本宪法单行本可以帮你更好地学习运用宪法，还有这本民法典可帮你守护你的生命安全、财产权利、人身权利……”这是12月3日在省委办公厅组织开展的“宪法宣传周”宣传活动现场，省委办公厅机关干部在向群众发放宣传资料、普及宪法、民法典等法律时的场景。
宪法的根基在于人民发自内心的拥护，宪法的伟力在于人民群众真诚的信仰。如何才能让人民群众既感受到宪法权威和宪法尊严，又感受到宪法温暖和宪法魅力，这是各部门在宪法宣传中特别思索与探索的问题。
在推进宪法实施学习宣传中，青海省抓住重点人群和关键环节，在突出抓好领导干部这个“关键少数”的基础上，将青少年学生、宗教教职人员和信教群众、企事业职工、农民工等群体作为宪法学习宣传的重点对象，在抓好“规定动作”的同时，各地各部门大力抓好“自选动作”“创新动作”，以点带面，带动全体公民尊法学法守法用法，推动宪法精神内化于心、外化于行。
省司法厅相关负责人告诉记者，“七五”普法期间，青海省抓紧抓实关键少数和重点对象学法用法工作，大力加强以宪法为核心的法律法规学习宣传，着力强化民法典学习宣传教育，深入推进基层普法与依法治理，推动培育全社会法治信仰，为全面推进依法治省营造了良好法治环境。据司法部统计，我省群众对“七五”普法工作满意率名列西北第1位、全国第12位。经第三方评估，全省普法成效群众满意度较“六五”普法末增长5.75个百分点，达到90.75分。
记者了解到，今年全省“宪法宣传周”宣传活动采用“主场活动+专题活动+主题日”方式进行，并设立宪法进农村、进社区、进校园、进机关、进企业、进军营、进网络、进宗教活动场所8个主题日活动。活动中，全省各地各部门按照青海省2021年“宪法宣传周”活动方案要求，同向发力、同频共振，结合工作实际开展了丰富多彩、形式多样的宪法学习宣传活动。
11月30日，在武警青海总队训练基地，广大官兵通过举办法律知识大讲堂、观看法治警示教育片、开设专题电子橱窗、进行法律知识竞赛等，开展宪法学习宣传活动，大力宣传以宪法为核心的中国特色社会主义法律体系，弘扬宪法精神。
12月2日，果洛藏族自治州甘德县下藏科乡组织开展宪法进牧区活动，司法调解员为广大牧民群众重点介绍了《宪法》的重要意义和具体内容，并对公民享有的权利和义务作讲解，进一步形成尊崇宪法、学习宪法、运用宪法的良好氛围。
守法者顺，奉法者强。一项项强有力的宪法宣传举措，推动宪法学习宣传教育向基层延伸、“沉”下去，使宪法精神走进日常生活、走进人民群众、走进千家万户，在百姓心中落地生根。
人民日报社概况 | 关于人民网 | 报社招聘 | 招聘英才 | 广告服务 | 合作加盟 | 供稿服务 | 数据服务 | 网站声明 | 网站律师 | 信息保护 | 联系我们
服务邮箱： kf@people.cn 违法和不良信息举报电话：010-65363263 举报邮箱： jubao@people.cn
互联网新闻信息服务许可证10120170001 | 增值电信业务经营许可证B1-20060139 | 广播电视节目制作经营许可证（广媒）字第172号
信息网络传播视听节目许可证0104065 | 网络文化经营许可证 京网文[2020]5494-1075号 | 网络出版服务许可证（京）字121号 | 京ICP证000006号 | 京公网安备11000002000008号
人 民 网 版 权 所 有 ，未 经 书 面 授 权 禁 止 使 用 Copyright © 1997-2021 by www.people.com.cn. all rights reserved",婚姻|对象,ambiguous,remove
People.cn,2021-12-06,北流举办“姻缘相会铜州”单身青年交友联谊活动,"人民网北流12月6日电 遇见美好，邂逅幸福。 12月5日， 由北流市新时代文明实践中心、共青团北流市委、北流市妇联、北流市教育局等多家单位主办的“姻缘相会铜州，我们帮你淘个宝”单身青年交友联谊活动在北流国际大酒店举行 。来自该市党政机关、企事业单位的1000余名单身青年欢聚一堂，在愉快的氛围中开启一场浪漫邂逅。
活动现场以星河为主题设计，融入神秘梦幻的造型灯光，营造出甜蜜温馨的氛围。 在交友互动环节，单身青年纷纷登台走秀，展示个人形象与风采，进行“丘比特传爱”“土味情话”等游戏。大家在游戏中相互认识、交流，向心仪对象献上玫瑰花，勇敢迈出爱情路上的第一步。当天， 知名歌手李丹凤现场献唱《喜欢你》《问情浓》等歌曲，将活动气氛推向高潮。
此次活动是在北流市有关部门倡导下积极落实的一大惠民举措，目的是让更多的单身青年放下手机，摒弃“宅家”思想，主动走出家门寻觅另一半。据了解，共有1077人参加本次交友联谊活动，其中103对青年成功牵手。 （ 郭福春 ）
人民日报社概况 | 关于人民网 | 报社招聘 | 招聘英才 | 广告服务 | 合作加盟 | 供稿服务 | 数据服务 | 网站声明 | 网站律师 | 信息保护 | 联系我们
服务邮箱： kf@people.cn 违法和不良信息举报电话：010-65363263 举报邮箱： jubao@people.cn
互联网新闻信息服务许可证10120170001 | 增值电信业务经营许可证B1-20060139 | 广播电视节目制作经营许可证（广媒）字第172号
信息网络传播视听节目许可证0104065 | 网络文化经营许可证 京网文[2020]5494-1075号 | 网络出版服务许可证（京）字121号 | 京ICP证000006号 | 京公网安备11000002000008号
人 民 网 版 权 所 有 ，未 经 书 面 授 权 禁 止 使 用 Copyright © 1997-2021 by www.people.com.cn. all rights reserved",单身|对象,ambiguous,keep
People.cn,2021-12-07,为民服务“六大员” 善治乡村促振兴,"近年来，社区在不断发展变化，规模越来越大，人口越来越多，面临着工作人员少、经费投入少、治理难度大等难题。为进一步完善社区治理制度，提升乡村治理水平，西林县坚持党建引领，统筹整合各方力量，探索“一网六员+N”（一网：网格化管理；六员：党员、警务助理员、村“两委”成员、网格员、乡贤员、调解员；N：一员多能，一员多岗，即网格员当好疫情防控“守护员”、基础信息“采集员”、矛盾纠纷“调解员”、政策法律“宣传员”、基层民生“服务员”和治安安全“巡查员”六大员。）的创新治理模式，推动辖区持续稳定，为乡村振兴保驾护航，第三季度，该县群众安全感达到99.25%，在广西区内排第12名，连续15年荣获“广西平安县”称号。
“我们镇有17个村（社区），为解决群众急难愁盼的各类民生问题，我们采取了网格化治理模式，一名网格员身兼多职，合力维护辖区和谐稳定，为乡村振兴添砖加瓦。”八达镇政法委员朱晓锋说。
西林县下辖8个乡镇，98个村（社区），共有16.4万人，治理难度大、任务重。为推动平安西林、法治西林建设，该县在八达镇城西、城中等4个社区率先采取“一网六员+N”模式推动社会治理工作，后在全县范围内推广实行，组织全县1106名网格员到群众“家门口”服务，深入村屯开展矛盾纠纷排查化解及命案防控、人居环境整治、疫情防控、防范电信网络诈骗宣传、法治宣传、惠民政策宣传等工作。
2021年以来，该县组织各级网格员深入机关、单位、企业、校园、农村、社区使用苗、瑶、彝、壮4个少数民族语言开展法治宣传活动105场次，发放宣传资料约15000份，覆盖约16000人次，有效增强群众法治意识；组织各乡镇乡贤、政法各单位百名干警返乡助力6个帮扶联系村开展“三清三拆”整治活动，美化乡村风貌，助推乡村振兴；调处因重大项目产生的征地、拆迁、劳资等纠纷81起，涉及金额3000多万元，依法打击处理无理取闹阻碍施工的案件20起，处罚违法人员32人；组织开展13场全县财务人员防范电信网络诈骗宣传培训，覆盖720人等，有效守护群众生命财产安全，群众获得感、幸福感、安全感显著提升。
“今年来，我们镇通过网格化管理，组织各村网格员排查出了35起矛盾纠纷，并成功将所有矛盾化解在源头，营造出了安全宜居的人居环境。”古障镇综治中心网格员韦源说。
为防范个人极端案事件发生，西林县将“一网六员+N”治理模式充分运用到矛盾纠纷排查化解工作中，定期组织各级网格员通过“三到三见三早”方式，对婚恋、邻里和经济纠纷等进行精准排查，今年以来，该县共排查出矛盾纠纷244起，调处成功220起，剩余24起均在管控范围内，真正做到“小事不出村、大事不出乡（镇）、矛盾不上交”。此外，该县将“一网六员+N”治理模式延伸至云南、贵州等接边地区，把党支部建在“网格”上，建立矛盾纠纷联防、联控、联调机制，今年来，共组织网格员联合开展矛盾纠纷排查18次，查处案件30起，成功化解接边矛盾纠纷15起，有效维护桂、滇、黔接边地区和谐稳定，助力接边地区全面推进乡村振兴。
为保持社会长期稳定，西林县重点关注特殊人群。按照“属地管理、分级负责”和“谁主管、谁负责”原则，由各级网格员将特殊人员信息录入县级综治信息平台，并定期开展走访排查，对其进行法治教育，矫正其犯罪心理和不良行为习惯，帮助解决实际困难，防止脱管、漏管或重新犯罪。
据了解，该县辖区内在册社区矫正对象197人均严格落实管控和帮教服务；精神障碍患者713人，其中三级及以上的40名严重精神障碍患者，均已按要求录入全国重性精神病信息系统进行管控，并落实以奖代补政策；依托西林县青少年法制教育中心、法治教育实践基地和法治教育室，深入开展“法治进校园”活动，加强青少年法治教育，共教育转化“问题学生”236人，帮助问题学生走上正轨，目前西林县域内未有重点人员肇事肇祸的现象发生，为乡村振兴营造良好的法治环境。（韦素雪、李高盛、农小念）
人民日报社概况 | 关于人民网 | 报社招聘 | 招聘英才 | 广告服务 | 合作加盟 | 供稿服务 | 数据服务 | 网站声明 | 网站律师 | 信息保护 | 联系我们
服务邮箱： kf@people.cn 违法和不良信息举报电话：010-65363263 举报邮箱： jubao@people.cn
互联网新闻信息服务许可证10120170001 | 增值电信业务经营许可证B1-20060139 | 广播电视节目制作经营许可证（广媒）字第172号
信息网络传播视听节目许可证0104065 | 网络文化经营许可证 京网文[2020]5494-1075号 | 网络出版服务许可证（京）字121号 | 京ICP证000006号 | 京公网安备11000002000008号
人 民 网 版 权 所 有 ，未 经 书 面 授 权 禁 止 使 用 Copyright © 1997-2021 by www.people.com.cn. all rights reserved",婚恋|对象,ambiguous,remove
People.cn,2021-12-07,湖北枣阳分众化对象化多层次宣讲六中全会精神,"“党的十九届六中全会提到‘促进共同富裕’，作为一名乡镇基层干部，在巩固拓展脱贫攻坚与乡村振兴有效衔接工作中，我们就是要发挥产业优势，盘活闲置资产，通过农业龙头企业带动，专业合作社推动，致富带头人互动，做大农业‘底盘’，大幅增加农民收入，实现农业强、农村美、农民富的目标。”12月6日，湖北省枣阳市太平镇党委书记张一峰在听完市委理论宣讲团所做的党的十九届六中全会精神宣讲后，立即组织专班人员研究产业发展新举措。
枣阳要求全市各级党组织把学习贯彻党的十九届六中全会精神作为当前和今后一个时期的重要政治任务，领导干部要带头学，要结合党史学习教育，把全会精神转化为深入推进党史学习教育“我为群众办实事”活动、解决好群众急难愁盼问题的强大动力。全市“四大家”领导分别深入分管领域、联系乡镇和村（社区）、企业开展宣讲。枣阳市委书记孟艳清在吴店镇徐楼村老支部书记李开成家的院子里，与基层党员干部群众围坐一起，面对面交流，深入阐述党的十九届六中全会的重大意义、主要精神、丰富内涵，与大家谈感受、说体会、话愿景。
全市以“两团多队”(理论宣讲团、青年宣讲团，行业部门和基层等多样化宣讲队)为主体，通过分众化、对象化、多层次的宣讲，深入开展“十讲十进”大宣讲活动，让六中全会精神“飞入寻常百姓家”。
“全国最美农技员”枣阳市农业科技工作者陈斌利用冬闲为群众培训桃子种植技术的间隙，在田间地头讲授六中全会精神。陈斌说，做为一名农业工作者，我将用己所长、尽己所能，继续做服务农民的“孺子牛”、科技兴农的“拓荒牛”、扎根基层的“老黄牛”，永远听党话、跟党走，为乡村振兴、人民幸福再立新功。
为让宣讲更接地气，让老百姓听得进、记得牢，通俗易懂，枣阳市委宣传部创新宣讲形式，以“宣讲+文艺”“宣讲+故事”“宣讲+视频”“宣讲+非遗”“宣讲+书画”等方式，深入开展十九届六中全会精神宣讲进社区活动。枣阳市文联组织20多名书画家，开展“文化惠民书画进社区”活动，宣传十九届六中全会精神，用笔书写党的百年丰功伟绩，抒发老百姓对党的感恩之情；枣阳市图书馆开展“阅百年历程 传精神力量”优秀图书推介活动，选择有关中共党史、红色教育、中华优秀传统文化等内容的图书送到群众手中；枣阳市文化旅游局围绕六中全会精神组织非遗文化传人制作200多幅枣阳剪纸、双钩书法等非遗作品进行展示；枣阳市新华书店积极发挥宣传主阵地作用，将十九届六中全会的辅导读本3000余套下发基层；枣阳市融媒体中心着力打造一批内容鲜活、形式新颖、传播力强的微视频、动图、H5、VR等融媒体产品，在网上唱响学习贯彻六中全会精神的“大合唱”。
“群众的热情，给予我极大的动力。作为一名百姓宣讲员，我将用身边的人讲身边的理，用百姓的话说百姓的事，用小故事阐释大主题，让宣讲变得生动活泼，有滋有味，把党的十九届六中全会精神深入人心。”百姓宣讲员宋晓梅在北城办事处北园社区宣讲衙动情地说。
枣阳市残联办公室主任施晓麟在学习笔记中写道：“党的十九届六中全会全面总结了党的百年奋斗光辉历程，总结出‘十个坚持’的宝贵历史经验。作为一名基层残疾人工作者，更加深刻地领会到全会精神对推动残疾人事业发展的重大意义。我们更要积极担当作为，结合残疾人工作实际，以全会精神推动残疾人康复、就业等各项惠残工作，切实让党的好政策落实到‘最后一米’，让残疾人朋友得到实惠的同时，感受到党的温暖。”（李晓军、杨子雯）",对象,ambiguous,remove
People.cn,2021-12-07,人民来论：中老年相亲节目为啥火爆“出圈”？--观点--人民网,"“不是我的菜，我就这么坦率！”“不靠谱的大爷不比不靠谱的小伙少”“你必须伺候我”……这些话不是出自网络段子或搞笑语录，而是来源于中老年相亲节目里的大爷大妈。几个月以来，一批中老年相亲节目火爆全网，有些甚至成了年轻网友热议的话题。
夕阳无限好，人间重晚晴。渴望获得情感依偎、寻找另一半共度余生是人之常情，单身的中老年人同样拥有追求幸福的权利。大爷大妈们在相亲节目中耿直不忸怩、言语坦率犀利，使许多观众印象深刻，也为人们提供了另一个认知老龄化社会的视角。
第七次全国人口普查结果显示，我国60岁及以上人口已超过2.64亿。另据有关机构估算，我国有婚恋需求的中老年人在5000万人以上。电视台纷纷推出中老年相亲节目，无疑是迎合这一庞大需求。网络视频加速扩散传播，更使相关节目火爆“出圈”。
大爷大妈“硬核相亲”应运而生，并非偶然。中老年人物质生活稳定，渴望获得心灵慰藉。社会对中老年人再婚也非常包容，一些成年子女主动为老人再婚牵线搭桥。毫不夸张地说，种种变化是社会人文进步的细节体现，也侧面反映了中老年人权益得到更好的保障。
因此，中老年人在相亲时的“爆点”，也应被理性看待。经历岁月风霜的洗礼，中老年人很清楚怎样的伴侣适合自己，他们需要的往往不是甜言蜜语、海誓山盟，而是现实的柴米油盐、相互扶持。所以，中老年人在相亲节目中直言不讳，并非是博人眼球。相对于年轻人，中老年人婚恋没有太多容错和试错的空间。尽管他们大方地登上相亲的舞台，但他们持慎重严肃的态度，这并不奇怪。
反观一些段子手，对征婚的中老年人的话语故意断章取义，将所谓的“猛料”剪辑汇总放到网上吸睛引流，难免引发网友误读误解。这不仅是对中老年人婚恋的不当消费，而且使一些当事人面临本不该有的舆论压力，甚至对生活都造成了困扰。这种情况必须引起警觉。
对电视台而言，不仅要考虑相亲节目的收视率，更要立足于服务好中老年征婚群体，要体察他们的个性需求，进行真诚沟通，努力搭建鹊桥。中老年相亲节目“出圈”，制作方更要确保节目传递正确的价值观，谨防内容哗众取宠，不能让中老年人婚恋节目沦为搞笑视频，更不能让本已孤独的后者成为被恶搞的对象。扮演好红娘角色，不辜负长者们的信任，这是媒体应有的社会责任担当。
一旦发现不妥视频，或是接到相关投诉，视频平台应迅速处理。防止涉嫌侵犯他人合法权益的视频传播，不给不良账号和博主以可乘之机，是平台应当秉承的底线。
莫道桑榆晚，为霞尚满天。对于中老年人包括婚姻在内的正当诉求，社会要积极正视并给予支持。真正为中老年人好，就应尊重他们的意愿，以他们愿意接受的形式，提供相关服务，破解潜在羁绊，清除后顾之忧。
“夕阳红”应该是美好而温馨的，谁都无权冷嘲热讽。在某种程度上，今天的中老年人能否安享余生，也昭示着现在的年轻人的明天。
人民日报社概况 | 关于人民网 | 报社招聘 | 招聘英才 | 广告服务 | 合作加盟 | 供稿服务 | 数据服务 | 网站声明 | 网站律师 | 信息保护 | 联系我们
服务邮箱： kf@people.cn 违法和不良信息举报电话：010-65363263 举报邮箱： jubao@people.cn
互联网新闻信息服务许可证10120170001 | 增值电信业务经营许可证B1-20060139 | 广播电视节目制作经营许可证（广媒）字第172号
信息网络传播视听节目许可证0104065 | 网络文化经营许可证 京网文[2020]5494-1075号 | 网络出版服务许可证（京）字121号 | 京ICP证000006号 | 京公网安备11000002000008号
人 民 网 版 权 所 有 ，未 经 书 面 授 权 禁 止 使 用 Copyright © 1997-2021 by www.people.com.cn. all rights reserved",伴侣|单身|婚姻|婚恋|对象|相亲,ambiguous,keep
People.cn,2021-12-08,甘肃省全力保障困难群众温暖过冬,"为确保群众温暖过冬，甘肃省多措并举扎实开展摸底排查，及时将符合条件人员纳入保障范围，确保困难群众应保尽保、应兜尽兜，有效保障困难群众基本生活。
省民政厅扎实开展摸底排查，及时将符合条件人员纳入保障范围，指导各级民政部门扎实开展“解忧暖心传党恩”、巩固社会救助兜底脱贫成果“回头看”、农村低保专项治理巩固提升三项行动。截至目前，全省共保障农村低保对象142.5万人、城市低保对象35.6万人、城乡特困供养对象9.5万人。同时,省民政厅下发《关于切实做好疫情防控期间困难群众基本生活救助工作的通知》，指导各地认真落实疫情防控期间各项社会救助政策，坚决防止因疫致贫、返贫。同时，要求各级民政部门扎实做好寒潮雨雪天气应对工作，加大对困难群众特别是低保对象、特困人员、低保边缘家庭等群体摸底排查力度，了解掌握基本生活状况，将符合条件的对象及时纳入救助帮扶范围。
全省各地民政部门加大政策落实力度，采取及时足额发放各类救助资金、采购发放过冬物资、发放取暖补贴等多项举措，确保困难群众安全温暖过冬。截至目前，各地共支出各类保障困难群众安全过冬资金3亿元。按照“缺什么补什么”原则，为分散供养特困对象集中采购发放煤炭5万余吨，煤炉、棉衣、棉被、棉鞋等过冬御寒物资近27万件（套、双），及时解决实际困难，为困难群众安全过冬提供了坚实的物资保障。
甘肃省及时拨付救助资金，有效保障困难群众基本生活。今年共下达中央及省级财政困难群众救助补助资金123.8亿元，为保障困难群众基本生活提供了有力的资金保障。
据了解，全省各地将进一步加强对低保对象、分散供养特困人员、低保边缘家庭等特殊困难群体的走访探视，排查各类问题和隐患，建立工作台账，逐人逐户对账销号。严格执行困难群众救助补助资金管理规定，加强与财政部门、金融代发机构的沟通协调，加快资金拨付进度，及时足额发放各类救助资金，保障困难群众过冬期间基本生活不出问题。切实加强分散供养特困人员照料护理工作，进一步靠实监护人监护责任，对落实监护、保障和服务责任不到位的，及时更换监护人，确保监护责任落实到位。加大临时救助政策落实力度，按照“分级审批”和“先行救助”有关规定，对困难群众出现的急难问题及时给予临时救助，对遇到特殊困难的可通过“一事一议”适当提高救助标准，及时解决家庭基本生活困难。
人民日报社概况 | 关于人民网 | 报社招聘 | 招聘英才 | 广告服务 | 合作加盟 | 供稿服务 | 数据服务 | 网站声明 | 网站律师 | 信息保护 | 联系我们
服务邮箱： kf@people.cn 违法和不良信息举报电话：010-65363263 举报邮箱： jubao@people.cn
互联网新闻信息服务许可证10120170001 | 增值电信业务经营许可证B1-20060139 | 广播电视节目制作经营许可证（广媒）字第172号
信息网络传播视听节目许可证0104065 | 网络文化经营许可证 京网文[2020]5494-1075号 | 网络出版服务许可证（京）字121号 | 京ICP证000006号 | 京公网安备11000002000008号
人 民 网 版 权 所 有 ，未 经 书 面 授 权 禁 止 使 用 Copyright © 1997-2021 by www.people.com.cn. all rights reserved",对象,ambiguous,remove
People.cn,2021-12-08,郑伟：乡村振兴警务赋能,"十九大报告指出，农业农村农民问题是关系国计民生的根本性问题，必须始终把解决好“三农”问题作为全党工作的重中之重，实施乡村振兴战略。公安机关是乡村振兴的重要保障，是不可或缺的重要力量。翁牛特旗公安局积极融入翁牛特旗经济社会发展大局，努力探索形成与乡村振兴战略相适应的基层警务运行机制，护航乡村经济社会发展，努力为建设富裕民主、文明和谐、宜居美丽的翁牛特旗贡献公安力量。
（一）推动调整优化，进一步调优基层布局。为了更好构建“职能科学、事权清晰、指挥顺畅、运行高效”的警务管理体制，旗公安局在公安机构改革过程中，按照“做精机关、做强基层、做实基础”的原则精简机关内设机构，对公安局内设机构进行重新设置，设置执法勤务机构11个、综合管理机构2个，撤并整合了机关内设机构14个。按照“一苏木乡镇一派出所”的要求，设置户籍派出所19个、治安派出所2个。同时，进一步强化了基础设施建设，主动请示旗政府、协调相关部门，积极推动无独立办公用房派出所营房建设工作。
（二）推动警力下沉，进一步做强基层警务。一是扎实开展“机关民警下基层上一线”活动。为进一步做强基层派出所，旗局安排35岁以下且派出所工作未满三年的民警到派出所工作，确保人员到岗到位、履职尽责，今年以来累计下基层派出所22人。二是重要节点启动夜巡工作机制。在重要节日、敏感时间节点同步启动机关夜巡工作，机关民警辅警4人一组，全部投入城区重要部位、人口密集区域开展巡逻；苏木乡镇派出所集结率领治安巡防队员和治安积极分子开展集中夜巡，民警的管事率、老百姓的见警率都显著提升。今年以来，累计投入200余人次投入夜巡工作。
（三）推动数据清理，进一步更新基础数据。各派出所紧密结合“一标三实”基础信息采集工作，深入嘎查、村组、住户逐户编制、采集标准户籍地址，历经编制、采集、系统变更、复核确认，今年以来完成全旗2万余户7万余人的户籍地址描述变更工作。
（四）推动科技赋能，进一步夯实平安根基。一是织密打击犯罪监控网。全面推进视频监控智能化升级改造、北疆云・智慧公安建设、雪亮工程（视频监控村村通）信息化防控系统等项目，完成了乌丹城区视频监控全域覆盖建设和全旗治安卡口建设工作，借用“广播电视村村通工程”建设中网络铺设到村到组的优势，建设了覆盖全旗农村牧区的视频监控专网，已建成并投入运行农村牧区高清视频监控356个，全面实现了全旗所有行政村和较大自然村视频监控“村村通、时时通”。构建以“环全旗出入口、环乌丹外环、环乌丹城区”为“三环”，以政府机构、广场商圈、案件高发部位等重点区域为“一点”的立体化智能感知网，并将所有智能感知数据整合到基础信息平台，深化开展数据智能分析和挖掘，实现精准管控。二是深化矛盾纠纷排查化解。召开了翁牛特旗“大调解”联合党委“两所三共”工作推进会议，印发了《关于加强基层公安派出所和司法所共防共建共治协作机制建设、创新基层社会治理的工作实施方案》，充分发挥乡级调委会“3+X”联调联处制度和村级调解员集体办公日制度优势，不断推动基层治理向“良法善治”方向发展。建立了矛盾纠纷调处日制度、建设了旗局警调对接中心和分中心，聘请了律师、退休法官、心理咨询专家加入到调解员队伍中。三是科技助力守护群众“钱袋子”。积极探索可行性的反诈新思路，按照市局要求，认真开展反诈宣传“五进活动”（进社区、进家庭、进学校、进单位、进企业）共走访宣传对象单位3000余个；协调各苏木乡镇政府、各嘎查村组全面实施反诈APP推广注册工作，目前已注册15000余人；通过开展反诈宣传“五进活动”防范普通诈骗案件共80余起，防范电信网络诈骗案件共100余起。充分利用技术手段侦破电信网络诈骗案件，高效开展高效开展犯罪打击工作。目前共破获电信网络诈骗案件314起，同比上升173%；抓获涉及电网诈犯罪嫌疑人42人，同比上升215%；紧急止付涉案资金2240万余元，冻结涉案资金328万余元，教育惩戒“两卡”人员52人。特别是3起涉案值100万元以上部督电信诈骗案全部告破，打掉了涉案价值上亿元洗钱团伙1个、架设GOIP电信诈骗窝点1个。
乡村振兴警务工作的短板弱项及下一步努力方向
对照上级关于乡村振兴警务工作要求，公安工作中还存在着明显的短板弱项。上级公安机关关于推进乡村振兴警务的系列部署，为促进公安工作发展指明了方向，注入了强大动力，我们要抓住机遇，借势发力，奋力推进乡村振兴和公安工作融合发展。通过推进乡村振兴警务，积极争取党委政府支持和相关部门配合，可以有效助推我们在辅警队伍配备、科技信息化建设、维护稳定机制建设、派出所基础建设等方面发展，逐步补齐公安工作现代化水平不高的短板。我们要重点抓好以下几项工作。
（一）突出重心下移，夯实基层基础。一要打造一批示范派出所。通过三到五年不懈努力，推动派出所工作体制机制优化完善，实现警力配置优化、执法执勤规范、工作方式智能、警务保障有力、队伍建设过硬，符合新时代要求的派出所警务运行机制基本完善，与乡村振兴相适应的新型社区警务机制基本健全，公安基层治理水平全面提升。二要强化社区警务。要按照“一社区一警两辅警一警务室”和“一村一辅警（警务助理）一警务站”的要求，规范设置社区警务室，尽快配齐民警、辅警和驻村辅警。要加快推进社区民警进基层组织，落实社区民警占派出所警力40%以上的要求，社区民警、辅警和驻村辅警要将工作重心下沉到嘎查村、社区，扎实开展基础信息采集、人口管理、情报信息收集等基础工作。三要组织群防群治力量。协调苏木乡镇政府全面整合网格服务管理员、人民调解员、治安志愿者、小区物业、治保会、信息员、保安员等群防群治力量，在社区民警组织下开展实有人口登记管理、矛盾纠纷调解、社情民意收集等辅助性工作；组建治安志愿者巡防队伍，开展治安巡逻、邻里守望活动，提高社区安全防范工作能力。四要打造平安共同体。协调苏木乡镇政府加大对平安类社会组织的培育引导力度，广泛组织开展基层平安细胞创建活动，动员组织群众和社会各方面力量参与平安创建活动，建立健全警企、警校、警医、警银等一系列平安共建机制，建设更加广泛的警务共同体，构建共建共治共享格局。
（二）突出科技支撑，筑牢防控根基。一要密织巡防网络。旗局要以环旗省、环乌丹卡点为依托，完善市域公安检查站和卡点布局，科学布建“智慧公安检查站”和“智慧电子卡口”,提升对跨区域人员、车辆、物品的动态管控能力；要以街面快反点为依托，加快推进街面警务站建设，分级分类配齐警力和装备、设施、接入公安网、数字无线通信、4G /5G无线图传、视频监控等警务系统，实现社会面防控全覆盖。二要做实要素管控。依托“一标三实”基础信息采集工作，全面采集“人、地、物、网”等基本治安要素；大力推动智慧行业场所监管，全面推行行业场所规范化、信息化管理，落实重点行业实名制管理；大力整合社会各行各业实名制信息汇入公安大数据平台，力争把“吃、住、行、消”等日常活动轨迹摸清搞准。三要强化感知体系建设。全面推动天网、智慧交通、“雪亮”工程、卡口等感知源前端建设，推动公共安全视频监控建设联网应用，实现对“人、车、物、事”的综合感知。全面推进平安智慧小区建设，将平安智慧小区建设分类纳入民生实事工程、老旧小区改造等一并推动。
（三）突出打击整治，提升业务水平。一要严打违法犯罪。持续开展扫黑除恶、严打整治，立足本辖区发案，加大“现案”“小案”侦办力度，提升辖区内现案破案率；对“黄赌毒”等治安问题要保持零容忍态度，采取关停、整顿、查处、打击等多种手段坚决整治，防止形成气候；对群众关注的“盗抢骗”等侵财类案件加大打击力度，开展源头防范、打击整治等专项工作，力争破获一批案件。二要整治治安乱点。实行“什么问题突出就解决什么问题、哪里治安复杂就整治哪里”，以群众反映突出的矛盾纠纷、社会治安问题和高发案件区域等问题为重点，加大对重点行业领域的检查、清查力度，力争整治一批治安热点、难点问题，消除一批安全隐患。三要强化风险管控。牢固树立“管住人才能管住治安”的理念，建立完善重点人员管理机制，依托信息化平台和大数据资源，实时碰撞比对、跟进核查，全面提升重点高危群体动态管控率，切实做到异常情况发现得了、关联信息串并得了、动态轨迹掌控得了。要积极会同有关部门和基层组织，围绕退役涉访、非法集资、征地拆迁、医患纠纷等影响平安稳定的重点领域，常态化滚动排查各类矛盾纠纷和风险隐患，开展风险评估，落实稳控。要关注因婚恋、邻里等重点矛盾纠纷当事人，有效预防减少民转刑案件、激化升级引发群体性事件和个人极端暴力犯罪。
（四）突出建章立制，保证治理长效。一要固化经验形成长效机制。要将安保维稳、重点人员管控、扫黑除恶、严打整治、基础信息采集、服务群众等公安工作各个层面、各个环节中形成的经验做法和特色亮点加以固化，建立长效机制。二要争取支持形成协作机制。要积极对接其它行业部门，用好网格员等社会力量，争取公安机关考核权、话语权，形成协作机制，形成问题联治、工作联动、平安联创的工作机制，有效调动广大群众和社会组织参与基层治理。三要借势借力形成共治机制。要依托综治中心，形成对社会治理问题从发现上报、联动处置、到核查回访的闭环流程，通过建立分流机制、联动机制、督办机制、倒查机制，推动各级、各部门自觉参与各类治安隐患和突出治安问题解决，形成共治共享机制，推动乡村振兴、平安翁旗建设向更高质量发展。
人民日报社概况 | 关于人民网 | 报社招聘 | 招聘英才 | 广告服务 | 合作加盟 | 供稿服务 | 数据服务 | 网站声明 | 网站律师 | 信息保护 | 联系我们
服务邮箱： kf@people.cn 违法和不良信息举报电话：010-65363263 举报邮箱： jubao@people.cn
互联网新闻信息服务许可证10120170001 | 增值电信业务经营许可证B1-20060139 | 广播电视节目制作经营许可证（广媒）字第172号
信息网络传播视听节目许可证0104065 | 网络文化经营许可证 京网文[2020]5494-1075号 | 网络出版服务许可证（京）字121号 | 京ICP证000006号 | 京公网安备11000002000008号
人 民 网 版 权 所 有 ，未 经 书 面 授 权 禁 止 使 用 Copyright © 1997-2021 by www.people.com.cn. all rights reserved",婚恋|对象,ambiguous,remove
People.cn,2021-12-08,全国文化和旅游系统评选表彰对象揭晓，雨城一人喜获表彰！,"全国文化和旅游系统评选表彰对象正式揭晓，全国文化和旅游系统231个单位、496名个人受到表彰，四川11个单位、25名个人成功入选，受表彰的先进集体、先进个人(先进工作者和劳动模范)数位居全国第一。
雨城区文化体育和旅游局旅游执法大队队长曹康荣获全国旅游和文化系统先进工作者！
担任旅游执法大队长以来，曹康认真钻研旅游执法业务知识，率领雨城区旅游执法大队定期不定期开展安全大检查和旅游市场整治，针对假日旅游安全工作，牵头健全完善假日旅游安全监管和应急工作机制。
联合相关部门强化景区、旅行社、星级宾馆、旅游购物点等游客聚集区的安全生产和旅游市场秩序整治工作，组织辖区景区景点、星级宾馆、旅行社和农家乐、民宿负责人召开安全生产工作会30余次，强化经营业主安全责任；组织开展涉旅经营户业务培训5000余人次，不断提升旅游从业人员的服务水平。
近3年受理并处理旅游投诉140起，处理率和满意率达100%。每逢节假日，总会带队赴景区景点现场指导、督促节假日旅游工作，确保假日旅游市场安全、稳定、有序，近年来雨城区未发生一起旅游安全责任事故和重大旅游投诉。
在工作中，曹康主动承担当，分管旅游工作，认真专研究旅游业务，并加班加点全心投入工作，先后参与了中国雅鱼村、九龙山农场、八步蓝莓酒庄、上里万森康养、合江丝路茶源小镇等一批新兴乡村旅游景点提升打造工作，白马村、黄龙村被评为四川省乡村旅游扶贫示范区。牵头制定《雨城区民宿发展扶持奖励办法（试行）》，指导推进碧峰峡、多营、合江三大精品民宿集群建设，促进了雨城乡村旅游提档升级。
在他分管期间，加大了雨城旅游品牌的创建力度，雨城区旅游知名度不断提高，新兴业态不断增加，周公山度假区成功创建为雅安市首个省级旅游度假区，中里新村、雅安茶厂创建国家3A级旅游景区，碧峰峡成功创建国家为5A级旅游景区，上里古镇创建为四川省首批文旅特色小镇。
雨城区启动“天府旅游名县”创建工作后，在旅游工作任务重、人手少、时间紧的情况下，积极协调组织召开天府旅游名县创建动员会、协调会、推进会等40余次联席会议，积极参与和推动景区景点提升打造，参与提升打造特色街区，整治和提升雅上线旅游廊道，指导提升汽车营地、公路服务区等10处迎检查点位，带领创建办加班加点全力做好迎检工作，2020年9月雨城区成功创成第二批天府旅游名县，2021年1月，雨城区成功创成省级全域旅游示范区。（雨城区文化体育和旅游局）
人民日报社概况 | 关于人民网 | 报社招聘 | 招聘英才 | 广告服务 | 合作加盟 | 供稿服务 | 数据服务 | 网站声明 | 网站律师 | 信息保护 | 联系我们
服务邮箱： kf@people.cn 违法和不良信息举报电话：010-65363263 举报邮箱： jubao@people.cn
互联网新闻信息服务许可证10120170001 | 增值电信业务经营许可证B1-20060139 | 广播电视节目制作经营许可证（广媒）字第172号
信息网络传播视听节目许可证0104065 | 网络文化经营许可证 京网文[2020]5494-1075号 | 网络出版服务许可证（京）字121号 | 京ICP证000006号 | 京公网安备11000002000008号
人 民 网 版 权 所 有 ，未 经 书 面 授 权 禁 止 使 用 Copyright © 1997-2021 by www.people.com.cn. all rights reserved",对象,ambiguous,remove
People.cn,2021-12-09,安徽凤阳：从严治党重拳抓“一把手”监督谈话,"“谈话指出问题一针见血、直截了当，包含了我在三方面存在的问题，不仅有巡视巡察发现问题和环保督察指出问题，还涉及到经济高质量发展和长三角一体化发展方面的工作不足。”一位乡镇党委书记如是说。
今年以来，凤阳县委召开全面从严治党专题常委会，切实履行管党治党主体责任，在10月中旬至11月集中对21名县处级干部、27名乡科级干部开展党内政治监督谈话，推动上级“一把手”抓好下级“一把手”，深化同级监督，着力破解对“一把手”监督和同级监督难题。
通过点面结合的方式，确保政治监督谈话对象不遗漏。县委常委、县政府党组成员、乡镇党委书记做到全覆盖被谈话；关注重点对象，选择社会关注高、群众反映多的重点职能部门负责人开展谈话。谈话人采用真诚的话语和诚恳的态度推心置腹，区别情况，因人施措，根据不同岗位不同性格的领导干部有针对性地开展谈话，真正以理服人、以情动人。
“要谈到点子上，说到要害处，让谈话对象心服口服。”这是县委有关负责同志对谈话提纲提出的要求。问题导向是撰写谈话提纲时的重要原则。正式谈话前，县纪委监委提前梳理汇总信访举报、综合考核、选人用人、意识形态、防范化解重大风险、经济社会发展等方面材料，结合日常监督检查、审查调查、巡视巡察时掌握的情况，对各乡镇各单位政治生态状况和领导干部个人情况进行综合分析研判，用大数据为谈话对象精准“画像”，形成初步谈话提纲，经县纪委常委会集中讨论研究后，报谈话领导审定，确保谈话提纲“量身定制”，能够达到红脸出汗、警醒警示的效果。
近年来，凤阳县大力发展硅基材料等产业，势头强劲，今年前三季度，全县实现地区生产总值352.1亿元，同比增长11.8%，总量排名滁州市第2位，提升至安徽省第11位。在去年6月政治监督谈话中，县委主要负责同志指出营商环境方面存在不足，谈话结束后，谈话对象引以为戒，立行立改，着力构建亲清政商关系。有关部门深入各类企业开展“政商关系和营商环境”调查，打造“亭满意・凤如意”营商环境凤阳品牌。凤阳县纪委对2019年以来涉企问题线索进行全面排查起底，逐一甄别核实，立案审查2件，经企业网络问卷调查满意率达100%。督促做好谈话“后半篇文章”，要求谈话对象制定问题、举措、时限“三清单”，抓好问题整改，形成政治监督谈话闭环。（熊浩）
人民日报社概况 | 关于人民网 | 报社招聘 | 招聘英才 | 广告服务 | 合作加盟 | 供稿服务 | 数据服务 | 网站声明 | 网站律师 | 信息保护 | 联系我们
服务邮箱： kf@people.cn 违法和不良信息举报电话：010-65363263 举报邮箱： jubao@people.cn
互联网新闻信息服务许可证10120170001 | 增值电信业务经营许可证B1-20060139 | 广播电视节目制作经营许可证（广媒）字第172号
信息网络传播视听节目许可证0104065 | 网络文化经营许可证 京网文[2020]5494-1075号 | 网络出版服务许可证（京）字121号 | 京ICP证000006号 | 京公网安备11000002000008号
人 民 网 版 权 所 有 ，未 经 书 面 授 权 禁 止 使 用 Copyright © 1997-2021 by www.people.com.cn. all rights reserved",对象,ambiguous,remove
People.cn,2021-12-09,南非共产党总司库：奥运会不应成为政治化的对象--国际--人民网,"人民网约翰内斯堡12月8日电 （记者闫韫明）“西方一些国家正在破坏体育精神中友谊、团结等核心价值。体育应当是将世界人民凝聚在一起的纽带，不应成为政治化的对象。”南非共产党总司库乔伊斯・莫洛帕在接受人民网记者采访时表示。
针对日前出现的“外交抵制”北京冬奥会等论调，莫洛帕认为，这些西方政客是在将体育政治化，向本应积极、健康的奥运会中添加负面的不和谐因素。“奥运会是各国运动健儿经过多年的辛苦训练才能站上的竞技场，我们期待一场成功的盛会，而不愿看到健儿们被这些负面因素裹挟。”莫洛帕说。
莫洛帕认为，作为本届冬奥会的主办方，中国进行了长期、有序的筹备工作，取得了卓越的筹办成果，包括国际奥委会在内的国际社会各界对此纷纷表示肯定。“我们了解中国，信任中国，尊重中国为筹办冬奥会做出的努力、投入的资源。在距离北京冬奥会开幕仅剩两个月的此时，我们更应该支持中国。”莫洛帕说，应该反对那些孤立中国、否定北京冬奥会、分裂奥运大家庭的力量，希望持有这些理念的人能尽快转变错误想法。
最后，莫洛帕表示，“相信北京冬奥会筹备工作将一切顺利，期待北京冬奥会取得圆满成功，祝愿奥运健儿们在公平竞技的赛场上取得好成绩！”
人民日报社概况 | 关于人民网 | 报社招聘 | 招聘英才 | 广告服务 | 合作加盟 | 供稿服务 | 数据服务 | 网站声明 | 网站律师 | 信息保护 | 联系我们
服务邮箱： kf@people.cn 违法和不良信息举报电话：010-65363263 举报邮箱： jubao@people.cn
互联网新闻信息服务许可证10120170001 | 增值电信业务经营许可证B1-20060139 | 广播电视节目制作经营许可证（广媒）字第172号
信息网络传播视听节目许可证0104065 | 网络文化经营许可证 京网文[2020]5494-1075号 | 网络出版服务许可证（京）字121号 | 京ICP证000006号 | 京公网安备11000002000008号
人 民 网 版 权 所 有 ，未 经 书 面 授 权 禁 止 使 用 Copyright © 1997-2021 by www.people.com.cn. all rights reserved",对象,ambiguous,remove
People.cn,2021-12-10,江苏省消保委约谈百合佳缘、我主良缘、珍爱网,"交汇点讯 网站会员无信息审核、实体门店信息审核形同虚设、网站成为引流工具导致消费者受推销困扰……近年来，婚恋交友平台侵犯消费者合法权益的问题引发社会广泛关注。
今年9月，江苏省消保委发布《婚恋交友平台服务状况消费调查报告》，引发社会关注。调查发现所涉平台世纪佳缘、百合网（两家已合并为“百合佳缘”）、珍爱网、我主良缘等5家存在包括但不限于退费规则不明确、宣传承诺不兑现、会员信息审核形同虚设等问题，严重侵犯了消费者合法权益。12月10日，省消保委对百合佳缘、我主良缘、珍爱网等平台进行线上“云约谈”。
面对约谈，各家平台纷纷表态，部分整改已在落实，将按照要求继续推动深入整改。
省消保委调查显示，体验员在网站注册时，世纪佳缘、珍爱网、我主良缘、百合网、网易花田等5个平台均未对会员的身份证明、财产状况等主要信息进行强制性认证审核。
对此，珍爱网相关负责人在约谈现场表示，针对会员信息审核，将严格依照法律法规收集用户信息，在法律允许的范围内，对用户进行包括人脸认证在内的实名认证。百合佳缘表示，将采用线上人脸识别、线下身份认证等方式加强信息审核，加强员工审核业务能力培训，探索引入第三方信息查询平台审查会员信息。我主良缘表示，针对线上产品，用户信息采用阶梯式认证，强制实名，聊天对话框以置顶方式安全提示用户实名情况；线下服务方面，用户需提供资料认证材料，由公司法务部门形式审查，对于异样材料，用户需配合查验、佐证，否则无法开启服务。
据了解，婚恋交友实体门店会员费用普遍较高。如：珍爱网会员2.6万元，服务期5个月，无见面次数限制；我主良缘23980元的套餐服务6个月，只匹配5位对象。如因为效果不明显想要解除合同，消费者还会遭遇退款难。
对此，我主良缘表示，线上用户提出退费申请，将优先了解退费理由、做好解释说明，若坚持退费，则视情况安排退费。线下用户提出退费申请，在公司无过错情况下，会员单方解除合同需扣除已产生的服务成本，除少数情况较复杂的退费诉求，与用户就解除合同事宜从达成一致到退款到账的整个流程缩短到7个工作日内。珍爱网表示，将针对线上会员退费，用户有理由申请退费，会酌情在核实相关资料信息后予以退费处理。百合佳缘表示，针对退费退款，设立投诉裁决部门，坚持接诉即办，24小时内联系用户，48小时内形成处理方案，优化投诉处理流程及效率。
约谈会上，省消保委副秘书长居上就信息保护及财产安全提出三大针对性问题：
1、用户信息或注册会员信息是否会提供给第三方？
我主良缘、珍爱网、百合佳缘均表示不会与第三方共享会员信息。
2、用户完成婚恋交友服务或者退出服务后，各平台是否会继续保有用户的资料信息？
我主良缘、珍爱网、百合佳缘均表示：会提醒用户更改当前情感状态，且用户注销账号即销毁该用户平台上个人相关资料信息；若未注销，则会采用技术手段对信息进行隔离，确保相关个人信息无法被检索。
3、平台上有无对婚恋交友双方的金钱交易进行提醒限制？
珍爱网表示：平台上严禁转账等金钱交易，会采用宣传、提示等方式加强对用户的引导，保障财产和人身安全。
我主良缘表示：采用技术匹配方式，聊天中涉及金钱交易、钱财往来等关联关键词会进行高频提醒。
百合佳缘表示：对于涉及金钱交易的敏感字眼，会采用技术抓取，必要时会将嫌疑用户拉黑或加入黑名单，同时会对检测到的潜在被骗用户发警示短信予以提醒。
“各婚恋交友平台存在资料审核不过、消费者未享受服务却被扣除费用，会员信息审核被动、存在漏洞，线下直营店和加盟店退款服务不一致等问题。”省消保委相关负责人表示，对于仍然存在的问题，各平台需积极沟通、抓紧整改，并将会视情况对各平台开展“回头看”体验调查。",婚恋|对象,ambiguous,keep
China News Service,2021-12-12,野猪或从“三有”名录删除 专家：依然是保护对象,"野猪从“三有”名录删除后可任意捕杀？专家：依然是保护对象
野猪或将失去“三有”陆生野生动物这道“护身符”，但这并不意味着民间可以任意捕杀？专家认为，只能是计划性捕猎，实际上野猪依然是保护对象，无论是民间捕猎还是食用野猪肉都不会被允许。
12月12日，澎湃新闻（www.thepaper.cn）从国家林业和草原局获悉，近日，国家林业和草原局近日发布《有重要生态、科学、社会价值的陆生野生动物名录（征求意见稿）》，意见稿中，曾于2000年被列入《国家保护的有益的或者有重要经济、科学研究价值的陆生野生动物名录》的野猪已被删除。
意见稿称，本次名录调整，以科学评估陆生野生动物物种生态、科学、社会价值为核心，充分考虑种群变化动态、面临威胁、社会关注等多方面因素，提出了名录调整基本原则：一是坚持生态优先；二是维护科研需要；三是有利于社会发展。
2000年，野猪被列入“三有”保护名录之后，许多地方老百姓即使遇到野猪破坏庄稼，甚至伤人的恶性事件也只能选择驱赶，不能随意捕杀。
这样的的尴尬局面是否会因这次拟将野猪剔出“三有”名录而打破？
近期，全国许多地方野猪泛滥成灾，地方组织民间捕猎队计划性捕杀野猪的消息不断登上热搜，人（野）猪冲突问题受到空前关注。
据媒体报道，江苏的野猪不仅走近了景区，还闯入了校园，贵州野猪上街进了服装店。在四川，野猪不仅损毁大量的庄稼，不时还有野猪伤人，甚至致人死亡的消息传出。野猪已成为国内致害范围最广、造成损失最严重的野生动物。
据澎湃新闻此前报道，造成野猪泛滥主要两大原因，首先是1996年，我国《枪支管理法》实施以后，规定公民不得非法持有枪支弹药，依法收缴了社会上的猎枪，非法猎杀野猪的情况极少发生。其次是野猪繁殖速度较快，一年一般产两窝，一窝5只到10只仔，再加上大型肉食动物数量不多，野猪的天敌少，野猪的种群数量比其他野生动物恢复得快。目前，靠自然平衡来控制野猪的种群数量已做不到，所以野猪在局部地区就泛滥成灾了。
野猪被排除在“三有”野生动物保护名录意见稿发布之前，国家林草局已在山西、四川、福建、江西、河北、广东、陕西、湖南、湖北、辽宁、黑龙江、浙江、安徽、宁夏等14个省(区)启动防控野猪危害综合试点。并将野猪等野生动物危害防控纳入林长制考核范围，并将纳入“平安中国”考核范围。四川通江、江油等地成立了民间捕猎队，开始对野猪有计划地进行捕猎。
这次国家林草局的“三有”陆生野生动物名录征求意见稿删除了野猪，成都律师郭刚认为，这是对将来持续性的野猪种群数量调控扫清法律障碍。世界动物保护协会科学家孙全辉博士告诉澎湃新闻，他也认为，随着近些年生态环境的改善，很多野生动物数量种群实现自然恢复之后，类似这样的调控还会有。
孙全辉说，这是一个很好的迹象，说明生态环境保护的确是有了很好的成效，野猪只是恢复最快的物种之一。他说，1949年的时候，全国野猪大概在200多万头，但当时没有野生动物保护法，一直到1989年，我国第一部野生动物保护法出台。这个过程中野猪数量锐减，同时，人类对野生动物栖息地的开发和利用也一直没有停止，不少地方的野猪实际上已经局部灭绝。
孙全辉说，现在看似一些地方人和野猪的冲突比较明显，但是中国这么大，各个地方情况不不一样，可能有的地方泛滥，有的地方还没有到很严重的地步，不能“一刀切”。他说，如果把时间尺度拉长到50年、甚至100年之前，可能现在的野猪数量并不算多。现在看似它们经常进入人类领地，实际上，这些地方可能本来就是它们以前生活的地方，人去了，数量减少了，现在种群数量恢复了之后又回来了。
他说，一个野生动物种群，不是多了就一定要捕杀，主要是看它的种群数量是否超过了环境的承载力，如果超过载量，可能导致病菌蔓延、生态环境被严重破坏，这种情况下，人工干预本身就是一种保护。
但这种干预要建立在科学基础上，首先要看它野外的性比、繁殖率、死亡率等等，有了这些基础信息才能制定最有效的管理措施。从生态系统作用来看，让自然界发挥调节作用是最好的，只是这个过程非常缓慢。
孙全辉说，即使将野猪从“三有”名录中删除，民间也不会被允许自由捕猎野猪的。特别是非法盗猎还存在的情况下，如果允许合法狩猎，野生物保护的挑战会更加严峻。可能在未来几十年、上百年后，我们的野生动物种群足够大了才会开放。
其他一些国家虽然可以狩猎，但国情不一样。比如美国，他们国土面积和中国差不多，人口密度却很小。因此一些保护区每年可以有一部分狩猎经济收益，这些收益也是用于野生动物保护。而且，也是在经过多年的野生动物种群监测，每年自然增长多少，死亡多少，收获多少不会影响野生动物的自然增长基础上，计划性捕猎。
目前，“三有”陆生野生保护动物名录是将野猪删除还只是一个意见稿，还未最终确定。 即使最终通过也还会涉及到一些相关配套措施出台。比如：如果对野猪种群计划性捕猎，那么谁来执行，如何执行，捕杀之后的野猪如何处理都需要更明确的规定。
孙全辉认为，猎杀之后的野生动物应该禁止食用。目前，科学界公认的野生动物携带了大量人类未知的病菌、病毒、微生，75%的新发传染病都来自动物，包括野生动物家养牲畜，野生动物和人类，但是从生态系统上来看都有一个保护机制，正常情况下，它们的病毒不会跨界传播给人。因为它们有自己的栖息地、活动空间。
他说，过去几十年、上百来看，动物传染人的病菌越来越多，很大程度上也是人打破了这种边界。比如：抓捕、食用、利用、运输野生动物的过程中，造成了跨界传播，最后在人类社会中扩散蔓延，这样的趋势和风险是不断加大的。不过，这也并不意味着去吃一次蝙蝠、果子狸、野猪就会发生这样跨界传播，通常需要一个载体，通过一个物种之后再经过变异再传播给人类，病毒比人类古老，它们的生存策略就是不断变异，找到新的宿主。因此，人类野生动物就是保护自己，它们的生存环境就是我们的生存环境。
四川农业大学朱砺说，在西南地区大山里长大的人，1970年代之前出生的应该都吃过野猪肉，但是味道的确不怎么样，进食的风险还很高。他说，家养的，对其环境进行了控制，品质相对有保证，比如：寄生虫、病菌、瘟疫的感染机会肯定更低，而野外长大的野猪不敢保证。现在已经明确，野猪可以传播非洲猪瘟。他说，上次就是西班牙的野猪将非洲猪瘟传到了周边几个国家。因此，他认为，还应该根除一些人认为野味就是好东西的习惯。
澎湃新闻记者 胥辉 实习生 林雅璇 【编辑:张楷欣】",对象,ambiguous,remove
People.cn,2021-12-12,点赞！宝山这个集体入选“全国市场监管卫士”公示名单,"近日， “全国市场监管卫士”评选表彰 工作领导小组办公室公示 “全国市场监管卫士”集体和个人拟表彰对象。
其中， 上海市宝山区市场监督管理局 特种设备安全监察科 入选“全国市场监管卫士”集体名单
根据《市场监管总局关于开展“全国市场监管卫士”评选表彰活动的通知》（国市监质监发〔2021〕57号），经全国各级市场监管部门逐级推荐评选，“全国市场监管卫士”评选表彰工作领导小组审核研究，拟表彰“全国市场监管卫士”集体98个（附件1）、“全国市场监管卫士”个人197名（附件2），现予以公示。
为充分发扬民主、广泛听取意见、接受社会监督，现就拟表彰对象进行全国公示，公示期为2021年12月10日至12月16日。
公示期内，如对公示的拟表彰对象有异议，可以通过电话、传真、电子邮件、信函等形式向“全国市场监管卫士”评选表彰工作领导小组办公室反映情况（信函以到达日邮戳为准）。反映情况须客观真实，以单位名义反映情况的材料需加盖单位公章，以个人名义反映情况的材料应署实名，并提供有效联系方式。
“全国市场监管卫士”评选表彰工作领导小组办公室联系方式：
电 话：010-82260061、82260423
电子邮箱：liuchao@samr.gov.cn
1.“全国市场监管卫士”集体名单（98个）
2.“全国市场监管卫士”个人名单（197名）
人民日报社概况 | 关于人民网 | 报社招聘 | 招聘英才 | 广告服务 | 合作加盟 | 供稿服务 | 数据服务 | 网站声明 | 网站律师 | 信息保护 | 联系我们
服务邮箱： kf@people.cn 违法和不良信息举报电话：010-65363263 举报邮箱： jubao@people.cn
互联网新闻信息服务许可证10120170001 | 增值电信业务经营许可证B1-20060139 | 广播电视节目制作经营许可证（广媒）字第172号
信息网络传播视听节目许可证0104065 | 网络文化经营许可证 京网文[2020]5494-1075号 | 网络出版服务许可证（京）字121号 | 京ICP证000006号 | 京公网安备11000002000008号
人 民 网 版 权 所 有 ，未 经 书 面 授 权 禁 止 使 用 Copyright © 1997-2021 by www.people.com.cn. all rights reserved",对象,ambiguous,remove
People.cn,2021-12-13,平顶山市新华区：三举措助力“双随机一公开”监管高实效,"为落实“放管服”改革要求，全面加强事中事后监管、推行“双随机一公开”（随机抽取检查对象，随机选派执法检查人员，向社会公开检查结果）监管，平顶山市新华区财政局多措并举，推进跨部门联合监管和“互联网＋监管”，做好“双随机一公开”监管与社会信用体系的衔接，不断提高财政执法监管能力和依法行政的水平。
加强组织领导。该局成立以局主要领导为组长，班子成员为副组长，机关各科室和局属各单位负责人为成员的“双随机一公开”监管工作领导小组，负责日常的对外联络、对内督促工作，并协调解决“双随机一公开”监管工作中的重大问题，切实加强财政局“双随机一公开”监管工作的组织领导。
狠抓工作落实。结合新华区工作实际，制定《新华区财政局“双随机一公开”监管工作方案》，明确检查责任，编制年度随机抽查计划，建立检查对象和执法检查人员名录库，做好宣传培训，推广应用统一监管平台；依据《新华区财政局“双随机一公开”工作细则》，严格规范随机抽查行为，制定抽查规则，合理确定随机抽查比例和频次，制定随机抽查事项清单，开展跨部门联合抽查，推行随机抽查与信用监管联，依法公开并运用随机抽查结果；建立健全“双随机一公开”监管工作机制，建立任务台账，组织开展好日常对检查对象涉及财政支出、会计、政府采购、财政票据等事项实施财政执法检查，确保人员到位、措施得力、成效明显；树立服务理念，推行服务型行政执法，规范执法行为，对执法活动的全过程进行记录保存。
加强宣传培训。新华区财政局组织辖区37家代理记账公司召开座谈会，广泛宣传“双随机一公开”监管工作，加强对抽查结果的宣传，弘扬守法、诚信品格，曝光违法、失信行为，营造公平竞争的市场氛围，同时对财政部新修改的《代理记账管理办法》《会计基础工作规范》和《全国代理记账机构管理系统》进行培训，并发放操作手册，同与会人员沟通交流，认真听取意见和建议；做好执法检查人员的业务培训，转变执法理念，不断提高财政执法监管能力和依法行政的水平，进一步提升财政监管的公平性、规范性和有效性，减轻检查对象负担，着力营造公平竞争的市场环境和法治化、便利化的营商环境。（新华区委宣传部供稿 毛玺玺 梁晓卓供稿）
人民日报社概况 | 关于人民网 | 报社招聘 | 招聘英才 | 广告服务 | 合作加盟 | 供稿服务 | 数据服务 | 网站声明 | 网站律师 | 信息保护 | 联系我们
服务邮箱： kf@people.cn 违法和不良信息举报电话：010-65363263 举报邮箱： jubao@people.cn
互联网新闻信息服务许可证10120170001 | 增值电信业务经营许可证B1-20060139 | 广播电视节目制作经营许可证（广媒）字第172号
信息网络传播视听节目许可证0104065 | 网络文化经营许可证 京网文[2020]5494-1075号 | 网络出版服务许可证（京）字121号 | 京ICP证000006号 | 京公网安备11000002000008号
人 民 网 版 权 所 有 ，未 经 书 面 授 权 禁 止 使 用 Copyright © 1997-2021 by www.people.com.cn. all rights reserved",对象,ambiguous,remove
People.cn,2021-12-13,韩国调查报告：住房条件影响生育意愿,"人民网讯 近来，韩国结婚人口及新生儿数量减少，以及严重的低出生率问题备受关注。相关调查显示，恶劣的住房条件会降低人们的生育意愿。尤其是，与有子女家庭相比，无子女家庭的住房条件对生育意愿影响更大。
韩媒《东亚日报》报道称，首尔研究院发表了题为《住房条件对首尔市已婚女性生育意愿的影响》的论文。该论文展示了以4.6万名已婚女性为对象的调查分析结果。
结果显示，住房位置影响人们的生育意愿，但是对有子女家庭和无子女家庭的影响正好相反。居住在市中心的无子女家庭已婚女性的生育意愿最低。其中越是高收入人群，越会推迟生育第一胎的时间，而且住宅价格越高的地区新婚夫妇的生育概率越低。相反，居住在城市中心地区的有子女家庭的多子女生育意向较高。也就是说，对于有子女的家庭来说，住房位置越接近教育文化设施，今后继续生育的概率就会越高。
住房类型对无子女家庭的影响最大。住房类型按自有住房、全租房、月租房来划分，与月租房相比，居住在全租房或自住房的家庭生育意愿更强。公寓、独户住宅、联排住宅等房屋类型也会对生育意愿产生影响。据了解，无子女家庭住在单独住宅或低层、单间公寓更不愿意生孩子。居住最低标准对无子女家庭与有子女家庭均产生影响。即房屋条件未达到居住最低标准的话，人们就不愿意生孩子。这是因为他们担心地下室、半地下室、阁楼等恶劣的住房条件会对养育子女带来负面影响。（编译：申玉环 实习生张栩、李嘉欣 审校：吴三叶）",对象|结婚,ambiguous,keep
People.cn,2021-12-13,中卫防贫保险救助金筑牢返贫防线,"前段时间，中卫市沙坡头区常乐镇康乐村村民周军干活时，不小心摔伤，造成右胳膊粉碎性骨折。几日前，他收到了保险公司的2690.06元家庭意外伤害赔付金。截至目前，中卫市共投资1847.36万元，为146865人脱贫户和边缘户购买了家庭意外伤害、大病补充医疗、种植养殖业保险，进一步稳固了脱贫基础。
中卫市制定印发了《中卫市关于健全防止返贫动态监测和帮扶机制实施方案》，并举办县乡村防止返贫动态监测培训班，对该项工作进行周密部署。今年以来，共组织县乡村三级干部4860余人，对27.5万户农村人口开展了全面细致的排查，共纳入“三类监测对象”919户3614人，并录入全国防返贫监测信息系统。对摸排出的“三类监测对象”分别制定“一户一策”精准帮扶措施，常态化开展“四查四补”，实现动态监测、动态帮扶、动态清零，年度消除致贫返贫风险328户1301人。
为巩固拓展脱贫攻坚成果，持续探索和创新保险服务方式，进一步推进乡村救助保险保障层次，主动控制贫困增量，在推行“防贫保”的同时，中卫市深入推进乡村救助保险工作。据了解，“防贫保”的实施对象为已脱贫人口、边缘易致贫人口。今年继续实施的“防贫保”优化为家庭意外伤害保险和优势特色产业保险。“‘乡村救助保’保险范围则有所扩大，以农户家庭年人均可支配收入低于7000元为防贫界线，主要救助因病、因学、因灾、事故导致困难的家庭。”中卫市乡村振兴局相关人员介绍，因病致贫的，目前最高可以赔付到10万元，大大减轻了群众的生活负担。
目前，家庭意外伤害理赔236人86.94万元，养殖保险理赔3343头（只）1682.28万元，种植业保险理赔4273亩280.97万元；发放乡村救助金69户61.69万元，有力助推了防返贫工作。 （记者 房名名）",对象,ambiguous,remove
People.cn,2021-12-14,为做好基层信访工作贡献自己的力量,"“党代会报告主题鲜明，思路清晰，是实事求是、催人奋进的好报告。作为一名基层信访工作者，倍感鼓舞、充满信心。”市第十四次党代会代表、七里河区信访局副局长王华说，将会把这次党代会精神在基层宣传好，在实际工作中身体力行贯彻好，一心一意解决好每一件信访者诉求，为做好基层信访工作贡献自己的力量。
信访工作是党与人民保持密切联系的重要纽带，也是了解民情、解决群众实际问题的渠道。作为七里河区信访局的“首席接待员”，王华每天面对的是投诉电话、人民来信等。她利用业余时间走访信访对象3200多人次，了解信访对象迫切需要解决的问题，以心换心，以情换情，千方百计解决实际问题，得到了信访对象的高度赞赏和真心拥护。
“报告中提到要切实保障发展成果，更多更公平惠及全市人民。结合报告精神，我将会用心用情做好信访工作，认真接待群众的每一次来信和来访，让群众信心而来满意而归。”王华说，新形势下，群众的来信来访工作呈现出多样性和复杂性，信访部门每天要面对各种各样的来访群众，处理解决形形色色的信访诉求，这也对信访工作者的政策水平、知识水平和接谈艺术提出了更高要求。今后的工作中将会紧盯网上信访“四率一占比”提升服务质量，扎实推进集中治理重复信访积案化解专项工作，切实解决群众反映强烈的热点难点问题，为建设和谐稳定的社会环境贡献自己的力量。
人民日报社概况 | 关于人民网 | 报社招聘 | 招聘英才 | 广告服务 | 合作加盟 | 供稿服务 | 数据服务 | 网站声明 | 网站律师 | 信息保护 | 联系我们
服务邮箱： kf@people.cn 违法和不良信息举报电话：010-65363263 举报邮箱： jubao@people.cn
互联网新闻信息服务许可证10120170001 | 增值电信业务经营许可证B1-20060139 | 广播电视节目制作经营许可证（广媒）字第172号
信息网络传播视听节目许可证0104065 | 网络文化经营许可证 京网文[2020]5494-1075号 | 网络出版服务许可证（京）字121号 | 京ICP证000006号 | 京公网安备11000002000008号
人 民 网 版 权 所 有 ，未 经 书 面 授 权 禁 止 使 用 Copyright © 1997-2021 by www.people.com.cn. all rights reserved",对象,ambiguous,remove
People.cn,2021-12-14,防城港开展乡村振兴暨走访“返贫监测对象”调研活动,"11月3日，防城港市社科联联合市委统战部到上思县那琴乡那琵村开展走访“返贫监测对象”调研活动。调研组分为两组，由防城港市社科联党组成员、副主席苏世成，市委统战部部务委员裴春忠分别带队到“返贫监测对象”户进行调研。
当天共调研走访那琶屯、那造屯等8个屯12户返贫监测对象户。经走访，那琶村在监测对象方面暂时没有发现重大风险点，但也存在个别户帮扶不到位等问题。为贯彻落实中央关于健全防止返贫动态监测和帮扶机制的决策部署，做好过渡监测对象和脱贫户的帮扶联系工作，有效巩固拓展脱贫攻坚成果，调研组建议第一书记和驻村工作队员再次遍访，熟知巩固脱贫成果后评估考核指标及乡村振兴考核指标，摸实那琶村监测户和拟纳入监测户的基本情况，同时还要捋清那琶村发展思路和方向，并提出具体帮扶计划或措施供领导决策参考。（李梦云）
人民日报社概况 | 关于人民网 | 报社招聘 | 招聘英才 | 广告服务 | 合作加盟 | 供稿服务 | 数据服务 | 网站声明 | 网站律师 | 信息保护 | 联系我们
服务邮箱： kf@people.cn 违法和不良信息举报电话：010-65363263 举报邮箱： jubao@people.cn
互联网新闻信息服务许可证10120170001 | 增值电信业务经营许可证B1-20060139 | 广播电视节目制作经营许可证（广媒）字第172号
信息网络传播视听节目许可证0104065 | 网络文化经营许可证 京网文[2020]5494-1075号 | 网络出版服务许可证（京）字121号 | 京ICP证000006号 | 京公网安备11000002000008号
人 民 网 版 权 所 有 ，未 经 书 面 授 权 禁 止 使 用 Copyright © 1997-2021 by www.people.com.cn. all rights reserved",对象,ambiguous,remove
People.cn,2021-12-15,“走进乡村看小康”东方站之上红兴村：“德”字当头 乡风文明润民心,"航拍东方市八所镇上红兴村。人民网 符武平摄
人民网东方12月15日电（毛雷、李学山、符武平）在这里，厚葬薄养、大操大办等陈规陋习是“人人喊打的过街老鼠”，“星级文明卫生户”“五星文明户”是家家争抢的目标……12月15日，由东方市委宣传部、东方市乡村振兴局主办，人民网海南频道组织的“走进乡村看小康”东方站活动走进八所镇上红兴村，来自各地的网络大V和媒体记者看到了一个与众不同的美丽乡村。
上红兴村是一个地理位置和资源禀赋都非常普通的传统村落，然而得益于基层党建工作的扎实开展，该村以党建引领，立家规传家训树家风、打造感恩尚德文化、构建共建共治共享治理模式，逐步形成了“爱国爱村、邻里和睦、团结奋进”的村风和“崇德重教、勤劳乐业、朴实友善”的民风，让这个普通村庄焕发出了全面振兴发展的强大内生动力。
村民家中整洁干净的庭院。人民网 符武平摄
“过去每逢高考录取季节，村里的升学宴一家接一家，去了负担重，不去面子上过不去，现在大家都守规矩就好多了。”上红兴村党支部书记、村委会主任张元兴说，近年来，他们和驻村乡村振兴工作队通过对本村传统文化的挖掘和整理，以“德”字为核心打造上红兴村的“尚德”文化；制定了“十要十不要”的村规民约，开展“立家风传家训”工作，广泛开展“卫生红黑榜”和各色文体活动，打造“俭以养德、明德惟馨、同心同德、厚德载物”的“尚德”文化，使得村民形成了向上向善的文化自觉。
据介绍，上红兴村“十要十不要”的村规民约，对“红白事”大操大办、厚葬薄养等陈规陋习进行规范治理，对升学宴、婚宴等限制酒桌席数，杜绝铺张浪费和人情攀比。比如规定村民家中如有儿子，其儿子只有一次举办酒席的机会，即如果在考大学时举办了升学酒，那结婚时就不能再摆结婚酒。又如在举办丧事期间，本村人不在其家吃饭，只有外地来的亲人才能接待用餐等。
张元兴说，刚开始也有一些村民不太理解，但随着工作的持续开展，大家慢慢能够接受，后来发现这样一来确实能够减少不必要的浪费，建立良好的人际关系，周边的村庄也开始学习和推广这一经验和做法。
开展人居环境整治以来，上红兴村每月开展“卫生红黑榜”评比活动，进入红榜和黑榜的农户名单，不仅会张贴在村内，还会发到村民的大微信群中，红榜前五名每名奖励100元生活购物券，黑榜后十名全村通报，并作为重点整治对象，推动农户纷纷自觉负责好自家房前屋后的卫生。
但即使如此，还有一些村民不够自觉主动咋办？上红兴村建立的“巷长”制度自有办法。
去年开始，上红兴村党支部委员张子燕又多了一个新头衔，该村温泉五巷的“巷长”，负责这条巷子里约20户人家人居环境、乡风文明等工作，监督农户做好门前屋后三包和庭院卫生工作。也就是说，如果她的辖区里出现了散养家禽、乱搭乱建的现象，作为第一责任人，她要尽快采取上门劝导等措施消除影响，否则就要在每周的例会上做检讨。
张元兴说，在开展党员联系群众活动中，他们推行两委干部路、巷长制，共设立10名路、巷长，建立起了联系群众的工作机制，进一步增强了党组织和党员在群众中的影响力、号召力和凝聚力。
村庄环境变了，村民的心态也变了，大家自觉成为环境整治的参与者，村民在村两委班子的号召下，在道路两旁、房前屋后、闲置空地种树栽花，营造了美丽宜居的乡村环境。每个人也都成为人居环境整治的受益者。
上红兴村外出人员众多，走出了很多学界政界商界的人才，其思想观念开放，既接受了现代文化的熏陶，又对村内实际情况比较了解，在向村民推广普及先进文化上拥有巨大优势。为此，上红兴村成立了由100多人组成的“乡贤助力团”，每年春节期间召开大型座谈会，听取乡贤们对村庄发展的意见建议，并组建了一个由乡贤和外出学子、村两委干部等组成的微信群，及时把新知识、新文化、新理念导入这个传统村落。
穿行在上红兴村，你会发现这里的道路皆是围绕村风、家风命名，如“崇德路、立德路、和美路”；而家家户户门口也都挂着一块小小的木牌，这是上红兴村独有的家风家训牌，“百善孝为先、常存仁善心”、“以德为先，自强不息”等语句常常引人驻足寻思。
据张元兴说，上红兴村历来有重视教育、勤劳节约的优良传统，为此该村在村民群众中深入开展“立家风传家训”工作，进一步弘扬各家的优良传统，目前全村400多户已经每户都挂上了家风家训的木牌。在这项工作中，上红兴村的两委干部深入各个村民家中走访，帮助村民选出自己中意的家风家训，并统一制作木牌供村民挂在家中显目位置，同时组织广泛的宣传活动，邀请海南大学大学生暑期社会实践团队入户讲解“立家风传家训”的重要意义，让家风家训更加深入人心，并引导村民积极践行家风家训，培育向上向善、孝老爱亲、重义守信、勤俭持家的文化自觉。
与此同时，上红兴村大力提倡村民“勤俭持家、节约为美”，开展“星级文明卫生户”“五星文明户”“最好媳妇户”“最孝敬老人户”“最讲诚信户”等评选活动，加强“德”的内涵建设，期间评比产生了“星级文明卫生户”20余户，起到了良好的带动作用。
海南大学派驻上红兴村乡村振兴工作队首任队长杨元广说，近年来，上红兴村坚持以党建引领，将振兴产业、提升环境和培育乡风，作为贯彻乡村振兴战略的有力抓手，大力倡导移风易俗、培育良好村风民风，增强村庄文化底蕴，进一步提升乡风文明水平，焕发乡风文明新气象，为乡村振兴注入了新动力。他坚信在驻村工作队的不懈努力和强有力的党组织的带动下，上红兴村必将凝聚起强大的发展动力，成为产业兴旺、生态宜居、乡风文明、治理有效、生活富裕的美丽乡村。
人民日报社概况 | 关于人民网 | 报社招聘 | 招聘英才 | 广告服务 | 合作加盟 | 供稿服务 | 数据服务 | 网站声明 | 网站律师 | 信息保护 | 联系我们
服务邮箱： kf@people.cn 违法和不良信息举报电话：010-65363263 举报邮箱： jubao@people.cn
互联网新闻信息服务许可证10120170001 | 增值电信业务经营许可证B1-20060139 | 广播电视节目制作经营许可证（广媒）字第172号
信息网络传播视听节目许可证0104065 | 网络文化经营许可证 京网文[2020]5494-1075号 | 网络出版服务许可证（京）字121号 | 京ICP证000006号 | 京公网安备11000002000008号
人 民 网 版 权 所 有 ，未 经 书 面 授 权 禁 止 使 用 Copyright © 1997-2021 by www.people.com.cn. all rights reserved",对象|结婚,ambiguous,keep
People.cn,2021-12-15,文山州近千名干部出省培训提升素质能力,"今年以来，文山州坚持疫情防控与干部教育培训两手抓、两不误，比选浙江大学、中山大学、上海交通大学等高校优质资源，全年完成15期出省培训任务，培训各级各类干部人才994人，首次实现全州104个乡镇（街道）党政正职年度出省培训全覆盖。
培训班聚焦营商环境优化、重大项目建设、经济金融知识、数字经济发展、国有企业发展、城乡规划建设、农业农村工作、社会治理能力提升、干部履职能力提升等中心工作，邀请全国实践经验丰富的名师大家授课，收到了转变观念、教会方法、提升能力、解决问题的效果，为赋能“文山之干”提供了干部教育培训保障。
每期培训班均安排至少两天的现场教学，让参训学员在一线开阔视野、增长见识。每期培训结束后，均要求参训学员撰写心得体会。培训对象是单位主要领导的，要在本单位党委（党组）会上谈体会、谈认识，并结合实际提出工作对策思路；培训对象是单位其他班子成员的，要在本单位党委（党组）会上分享参训体会，并结合实际提出工作建议；培训对象是其他干部职工的，要在本单位干部职工会上分享参训体会，并结合实际抓好工作落实，促进学习成果转化运用，达到“一人培训、大家受益、共同提高、促进工作”的目的。学员们紧密结合自身工作实际，积极思考、提出工作意见建议，激发了“干在实处、走在前列”的工作热情，15期培训班学员共提出意见建议近200条。
培训也为文山州招才引智搭建了桥梁。农业农村现代化建设专题班有学员表示，将邀请四川农大教授、蜜蜂养殖专家张社梅，四川农大农学院副院长杨峰到广南县实地调研指导，争取建立长期指导辅导机制，助推地方乡村振兴。（张文峰）",对象,ambiguous,remove
People.cn,2021-12-16,铜仁松桃：暖心回访让“掉队干部”担当作为,"为加强对受处分人员的教育管理，防止“一处了之”“一问了事”。近日，铜仁市松桃苗族自治县纪委监委开展对受处分人员开展集中回访，主动做好受处分人员的思想教育工作。截至目前，共回访受处分人员96人次。
今年来，该县纪委监委持因势利导、分类施策，从回访对象“德、能、勤、绩、廉”等方面表现情况入手，通过走访受处分人员家属、单位领导及同事等方式，深入了解回访对象对其所受处分的态度和认识。针对轻微违纪的侧重于开展廉洁自律教育，筑牢廉洁从政的思想防线;对违反作风纪律的侧重于加强宗旨意识教育，帮助其正确认识，认真履职;对失职失责类侧重于心理引导，督促正确对待纪律处分，激发干事创业激情。
“真没想到这个同志变化如此之大，不仅放下包袱，还引导党员干部积极发展产业，干劲十足，助推乡村振兴。”这是松桃苗族自治县纪委监委在开展回访教育中，听到干部群众对该县孟溪镇油蓬村党支部书记姚某某工作的评价。
此前，姚某某却因工作作风不实受到党内警告处分，曾一度消沉，通过县纪委监委的回访，对其进行思想教育，姚某某不仅能正确认识自己的错误，还团结带动周边群众干事创业，发展红心柚、黄金李等特色产业致富。
“我们要的就是这种团结多多、反对少少的效果。”松桃县纪委监委有关负责人表示，人心是最大的政治，开展回访教育必须把握好“量变”与“质变”的辩证关系，通过改造一个人的这个“量变”，来影响一群人、团结更多的人，起到“质变”效果。
在具体实践中，松桃自治县纪委监委强化对回访教育成果的综合运用，将回访教育与严管厚爱相结合，建立“纪检监察机关+组织人事部门+党委(党组)”综合分析研判机制，对受访干部现实表现情况综合研判、梳理汇总，将回访后个人评价纳入干部考核及任用的重要依据，在开展廉政审核时，作出客观公正的评价，树立一批知错悔错、积极担当作为的典型。
同时，坚持将回访教育与做好“后半篇文章”相结合，发挥“以案促改”警示教育作用，通过在案发单位开展警示教育会、民主生活会等方式，将回访对象态度转变的心路历程展现给单位党员领导干部，在体现组织关心关爱、激励担当作为良苦用心的同时，强化党员干部对纪律规矩的敬畏，压紧压实管党治党政治责任，带动整个单位政治生态的好转。(铜仁市纪委监委)
人民日报社概况 | 关于人民网 | 报社招聘 | 招聘英才 | 广告服务 | 合作加盟 | 供稿服务 | 数据服务 | 网站声明 | 网站律师 | 信息保护 | 联系我们
服务邮箱： kf@people.cn 违法和不良信息举报电话：010-65363263 举报邮箱： jubao@people.cn
互联网新闻信息服务许可证10120170001 | 增值电信业务经营许可证B1-20060139 | 广播电视节目制作经营许可证（广媒）字第172号
信息网络传播视听节目许可证0104065 | 网络文化经营许可证 京网文[2020]5494-1075号 | 网络出版服务许可证（京）字121号 | 京ICP证000006号 | 京公网安备11000002000008号
人 民 网 版 权 所 有 ，未 经 书 面 授 权 禁 止 使 用 Copyright © 1997-2021 by www.people.com.cn. all rights reserved",对象,ambiguous,remove
People.cn,2021-12-18,打好“组合拳” 脱贫成色底气足（弘扬脱贫攻坚精神 巩固拓展脱贫成果）,"12月17日，屋外寒风呼啸，鲁山县瓦屋镇土桥村脱贫户李建双在屋内火炉旁悠闲地剥着花生。
“多亏了党的好政策，尽管遭受灾情，但我们家不仅没返贫，还实现了增收。”李建双感激地说，“你看这面‘暖心墙’，我们享受的优待政策都在上面呢。”
在走访脱贫户中，瓦屋镇帮扶干部及时把他家识别为脱贫不稳定户，并建立监测对象“暖心墙”，农业保险理赔、慢性病用药报销、香菇生产企业务工等情况一目了然。仅务工一项，李建双每月就增收5000元。
李建双家是鲁山县开展防止返贫动态监测帮扶工作的一个缩影。在巩固脱贫攻坚成果中，平顶山市创新开展防返贫动态监测帮扶“五个一”做法：建立一套制度，健全排查识别、监测帮扶、风险消除三项机制；发布一个公告，保证广大村民对“三类人群”监测对象的知情权、监督权；建立一本村帮扶台账，全面记录“三类人群”精准监测帮扶工作开展情况；整理一份户档案资料，全面展示监测帮扶成效；张贴一面“暖心墙”，让监测对象对帮扶情况说得清、说得准、能认可。
“‘五个一’机制的推行，做实做细了防返贫动态监测帮扶工作，更让我们对监测对象了如指掌。”平顶山市乡村振兴局二级调研员周卫东介绍，截至12月13日，新识别纳入“三类人群”7582户21458人，累计达到16358户49641人。风险消除6184户20133人，消除人数占比40.6%。
走进舞钢市庙街乡人头山村的玲珑山白茶种植基地，多名脱贫户正在茶园进行田间管理，这也是一处经营性扶贫资产产业基地。2019年以来，舞钢市探索建立扶贫资产后续管理“六权同确”模式，实现了扶贫项目资产后续管理有效、受益长效、群众满意，并在全省获得推广。
在“六权同确”的基础上，平顶山又建立资产管护“三级巡查”、管护经费列支预留、经营性扶贫资产运营预警、村级经营性扶贫资产收益分配监督等四项机制，强化过程监管、经费保障、管理创新和收益规范。这一系列举措，切实解决了“谁来管”“如何管”“管护好”“可持续”的问题，大大提升了扶贫资产经营效益。目前，全市已累计确权登记扶贫资产11596处，涉及投资63.06亿元。
在做好监测帮扶和扶贫资产后续管理的同时，平顶山持续抓好乡村产业发展。今年以来，该市在持续推进“一村一品、一乡一业”的同时，重点实施“一县一园”产业提升工程，既对产业扶贫延续拓展，又为乡村振兴奠定坚实基础。
脱贫摘帽不是终点，而是新生活、新奋斗的起点。平顶山市乡村振兴局局长王献春表示，只有不断打好政策“组合拳”，培育壮大特色产业，巩固拓展脱贫成果才有支撑，才能真正实现与乡村振兴的有效衔接。
人民日报社概况 | 关于人民网 | 报社招聘 | 招聘英才 | 广告服务 | 合作加盟 | 供稿服务 | 数据服务 | 网站声明 | 网站律师 | 信息保护 | 联系我们
服务邮箱： kf@people.cn 违法和不良信息举报电话：010-65363263 举报邮箱： jubao@people.cn
互联网新闻信息服务许可证10120170001 | 增值电信业务经营许可证B1-20060139 | 广播电视节目制作经营许可证（广媒）字第172号
信息网络传播视听节目许可证0104065 | 网络文化经营许可证 京网文[2020]5494-1075号 | 网络出版服务许可证（京）字121号 | 京ICP证000006号 | 京公网安备11000002000008号
人 民 网 版 权 所 有 ，未 经 书 面 授 权 禁 止 使 用 Copyright © 1997-2021 by www.people.com.cn. all rights reserved",对象,ambiguous,remove
People.cn,2021-12-19,人报甘头条|平凉灵台：百姓宣讲团讲活全会精神,"12月15日，党的十九届六中全会精神灵台县集中宣讲活动启动仪式在什字镇草脉村文化广场举行。县委常委、宣传部部长王芸出席仪式并讲话。
启动仪式上，宣布了《全县党的十九届六中全会精神集中宣讲工作方案》，向百姓宣讲团成员颁发了聘书，县委宣讲团、百姓宣讲团和文艺宣讲小分队3名成员分别作了发言。
王芸在致辞中强调，深入学习、广泛宣传、全面贯彻党的十九届六中全会精神，是全县上下当前和今后一个时期的重要政治任务。全县各级党组织要以高度的思想自觉、政治自觉和行动自觉，精心谋划、周密部署，扎实做好全会精神宣讲工作，推动党的十九届六中全会精神深入基层、深入群众、深入人心。各宣讲团成员要精准把握“七个讲清楚讲透彻”的宣讲重点和要求，确保宣讲通俗易懂、生动鲜活，让广大党员干部群众听得懂、能领会、可落实。要针对不同领域、不同行业、不同群体特点，结合实际，扎实开展分众化、对象化、互动化宣讲，切实让全会精神“飞入寻常百姓家”。各乡镇、各部门要充分发挥新时代文明实践中心（所、站）、“基层宣讲面对面”示范点、乡村大喇叭微宣讲等阵地作用，开展形式多样的宣讲活动，确保宣讲全覆盖、无死角。全县各级党组织要把学习宣传贯彻全会精神与全面贯彻落实市县党代会各项决策部署结合起来，坚持学以致用、学用结合，进一步优化发展思路，抢抓发展机遇，创新发展举措，以起步就是冲刺、开局就是决战的奋斗姿态，奋发进取、真抓实干，全力推动“1464”战略思路落地见效，奋力谱写全县经济社会高质量发展的崭新篇章，以优异成绩迎接党的二十大胜利召开。
什字镇党委及县直有关部门负责人；各乡镇党委副书记、城市社区党工委副书记；县委宣讲团、百姓宣讲团、文艺宣讲小分队全体人员；什字镇新时代实践文明所志愿服务队及什字镇镇村干部、群众代表参加了启动仪式。
启动仪式结束后在场人员观看了文艺宣讲小分队现场宣讲活动，随后县委宣讲团在什字镇政府会议室开展了宣讲活动，百姓宣讲团在什字镇赵家沟村开展了宣讲活动。
12月15日下午2点，平凉市灵台县什字镇赵家沟村的文化广场聚集了上百名群众，翘首以盼党的十九届六中全会精神宣讲团成员们的到来。这一次，来村上进行宣讲的是灵台县百姓宣讲团的成员们。
“乡亲们，日子过得还好吗？”在一阵掌声中，宣讲团成员王云霞第一个向大伙问好。
“现在日子过得美实得很，走路不沾土，住着小康屋，养老有保障，日子过得比蜜还甜！”群众的回答很响亮。
“能有今天的好日子，是党领导的结果，是党培养出的好干部带领大家奋斗出来的。10月份，我县中台镇发生山体滑坡，危急时刻，党员干部第一时间组织群众紧急撤离，保护大家的生命免受威胁……”
王云霞用一个个真实事例、一个个先进人物的事迹，润物细无声般讲述着共产党员的初心使命，这样的宣讲方式让群众愿意听，也听得明白。
“有幸受邀参加此次宣讲活动，深感责任重大，我要继续发挥余热，让党的理论光芒，照亮每一个人的心灵。”王云霞是兰州日报社的一名退休干部，祖籍灵台县西屯镇，早年有过在灵台县某村小任教的经历，2011年高考前夕，她还专门回乡为高三学子作励志报告。
和王云霞一起受聘为百姓宣讲团成员的还有全国脱贫攻坚先进个人姚军福、全国乡村治理示范村白草坡村党支书书记任银珠、全县果业技术专家张大林、中共灵台工委纪念馆党史讲解员卢姣、县委党校专职理论教员郑雪艳，他们将利用一个半月的时间，奔赴一线，走进群众，集中开展党的十九届六中全会精神宣讲活动。
第二个为大家宣讲的是任银珠。“你们知道我村里嫁女子的彩礼为什么不高于10万元吗？想听的举个手。”
“你说这话不是吹牛哩嘛！”大伙齐刷刷举起手来，你一言我一句说。
任银珠娓娓道来：白草坡村通过开展自治教育，让大家的事商量着办，逐渐凝聚起了村两委的组织力和号召力；通过开展德治教育，让大家做一个有文明的人，使村风、民风得到好转；通过开展法治教育，让村民做遵纪守法、听党话、感党恩、跟党走的人。
“遏制天价彩礼，我们首先要求党员干部带头，接着村里成立了红白理事会，倡导丧事简办、喜事新办。拿彩礼这件事来说，谁家的彩礼要高了，红白理事会成员就出面做思想工作，渐渐彩礼都降了下来，大家对高价彩礼都开始说不。”
听到这里，在场的群众向任银珠投去了敬佩的目光。村民曹营学笑着说：“希望多培养像任支书这样的好干部，一个村就不愁不进步！”
姚军福讲他带领村民发展红牛产业实现脱贫致富的“秘笈”，卢姣讲灵台县本土抗日英雄高永祥的先进事迹，张大林讲目前苹果产业的发展前景和技术要领，郑雪艳严格按照党的十九届六中全会精神“七个讲清楚的要求”，引导干部群众从党的百年奋斗历程中汲取智慧力量。
整个宣讲活动持续了近两个小时，虽然天气寒冷，但大伙都听得津津有味，纷纷称赞道，这是他们听过最接地气，最实用、实惠、实心的一场宣讲。
据悉，即日起到明年1月下旬，灵台县还将从市委宣讲团专题宣讲辅导、县级领导宣讲、县委宣讲团宣讲、百姓宣讲团宣讲、文艺宣讲小分队宣讲和网上宣讲等6个方面，同步开展党的十九届六中全会精神宣讲，切实让党的十九届六中全会精神在灵台大地落地生根。
人民日报社概况 | 关于人民网 | 报社招聘 | 招聘英才 | 广告服务 | 合作加盟 | 供稿服务 | 数据服务 | 网站声明 | 网站律师 | 信息保护 | 联系我们
服务邮箱： kf@people.cn 违法和不良信息举报电话：010-65363263 举报邮箱： jubao@people.cn
互联网新闻信息服务许可证10120170001 | 增值电信业务经营许可证B1-20060139 | 广播电视节目制作经营许可证（广媒）字第172号
信息网络传播视听节目许可证0104065 | 网络文化经营许可证 京网文[2020]5494-1075号 | 网络出版服务许可证（京）字121号 | 京ICP证000006号 | 京公网安备11000002000008号
人 民 网 版 权 所 有 ，未 经 书 面 授 权 禁 止 使 用 Copyright © 1997-2021 by www.people.com.cn. all rights reserved",对象|彩礼,ambiguous,keep
People.cn,2021-12-19,温州苍南开展万名党员干部“进网入格・同心防疫”行动,"近期，疫情形势严峻复杂，人员流动带来的输入性、集聚性疫情风险持续增加，为了充分发挥党组织和党员在疫情防控中的战斗堡垒和先锋模范作用，强化网格党建工作，温州市苍南县委组织部全面部署开展万名党员干部“进网入格・同心防疫”五大行动，通过风险人员摸排筛查、疫情防控宣传教育、重点区域严管严控、村（居）民暖心服务、防疫应急处置准备，持续深化党建引领网格化疫情防控工作，筑牢疫情防控安全防线。
“大家都散了，特殊时期不要集聚，老王要戴好口罩呀……”苍南县桥墩镇松山社区党委书记、社区主任曾云艺一边敲开居民房门，一边遣散正在聚集晒太阳的老人。松山社区作为拥有6223户居民，8902名常住人口，上千家商铺的中心社区，人员流动大，疫情防控形势严峻。他严格落实上级工作部署，以“包栋、包户、包人”原则，将整个片区划分为5个大网格，53个微网格，带领片区干部、村社干部、党员志愿者开启“白+黑”战斗模式，设置防疫服务点、入户排查、蹲点值守、应急演练.....每天2万步打底的运动步数，是他一天工作的见证。
12月14日晚，苍南县望里镇北茶寮村网格员蔡克湖刚回到家，就接到紧急电话，得知所属网格卡点排查时发现了一个从厦门返乡、途径绍兴的村民。“你们先吃，不用等我。”话音未落，他已经冲出了家门，奔赴卡口确认排查，详细询问并登记对象的返乡时间、途经路线、接触人群以及回乡后的行动路线。经过望里镇疫情防控办确认，该名对象需要送往隔离点，但由于医疗资源紧张，救护车要在凌晨以后才能抵达。他主动请缨，对该名对象进行联防盯控，在等待3个多小时后，终于把对象顺利交接给医护人员。虽然知道自己面对的是未知的风险，但是他还是冲在了最前面。“我不是不怕，我只是懂得他们跟我一样渴望回家。”蔡克湖说。
“您好，我们是党员志愿者，请问有人在家吗？”“大哥，您家里有多少人？您有使用过温州防疫码吗？”接连几天，苍南县莒溪镇社会政务服务中心主任李敏方作为网格员下沉到街道逐户进行重点人员排查登记，并向村民发放准备好的“十个一律”疫情防控措施的通告和责任人联系卡，引导村民使用温州防疫码。自新一轮疫情防控工作开始，他白天要进行扫楼工作部署、疫苗接种宣传、防疫宣传、统计数据，还要统筹服务中心窗口工作。晚上，作为莒溪镇疫情防控专班班长，他需要核对苍南县防控办下发的回苍人员数据，有时凌晨12点都有紧急数据需要排查，在岗位上连续坚守了8个日夜。“我扛得住，不打紧，群众睡得好就行。”李敏方说。
已经过了晚饭的时间，苍南县党代表、苍南县宜山镇宜一社区党委副书记欧玉领与其他党员干部还守在宜一社区卡点处，对来往的人员和车辆进行排查。社区里叫他去吃饭，他让其他人先吃：“我是网格长，我留下。”他把防控工作当做全部，做起事来总是冲在最前面。“有事我不带头，怎么能动员党员干部和老百姓？为大家守住这道防线，是我的责任。”欧玉领说。
苍南县委组织部第一时间下发了《关于在疫情防控中充分发挥基层党组织和党员作用的通知》，并倡议各级党代表，机关、两新等领域的各级党组织和党员干部主动亮身份、当先锋、做表率，出台了激励关爱疫情防控一线党员干部“十条举措”，开展即时表扬表彰，通过制定党员干部参与网格化工作专项积分管理办法，在疫情防控最基本的单元、最前沿的“战场”上汇聚起磅礴的红色力量。
人民日报社概况 | 关于人民网 | 报社招聘 | 招聘英才 | 广告服务 | 合作加盟 | 供稿服务 | 数据服务 | 网站声明 | 网站律师 | 信息保护 | 联系我们
服务邮箱： kf@people.cn 违法和不良信息举报电话：010-65363263 举报邮箱： jubao@people.cn
互联网新闻信息服务许可证10120170001 | 增值电信业务经营许可证B1-20060139 | 广播电视节目制作经营许可证（广媒）字第172号
信息网络传播视听节目许可证0104065 | 网络文化经营许可证 京网文[2020]5494-1075号 | 网络出版服务许可证（京）字121号 | 京ICP证000006号 | 京公网安备11000002000008号
人 民 网 版 权 所 有 ，未 经 书 面 授 权 禁 止 使 用 Copyright © 1997-2021 by www.people.com.cn. all rights reserved",对象,ambiguous,remove
People.cn,2021-12-20,第二轮第五批中央生态环境保护督察已问责党政领导干部89人--经济·科技--人民网,"人民网北京12月20日电 （王仁宏）经党中央、国务院批准，第二轮第五批4个中央生态环境保护督察组于2021年12月3日至5日陆续进驻黑龙江、贵州、陕西、宁夏四个省（区）开展督察。截至目前，各督察组全面进入下沉工作阶段。
数据显示，截至12月18日晚20:00，各督察组共收到群众来电、来信举报5963件，受理有效举报4424件，经梳理合并重复举报，累计向被督察对象转办3844件；被督察对象已办结或阶段办结766件，其中立案处罚148家；立案侦查16件，拘留7人；约谈党政领导干部135人，问责党政领导干部89人。
第二轮第五批中央生态环境保护督察边督边改情况汇总表。来源：生态环境部
据悉，在下沉工作阶段，各督察组根据前一阶段督察掌握的情况和聚焦的问题线索，深入基层、深入一线、深入现场，采取暗查暗访和蹲点调查等方式开展工作，督察地市级党委政府生态环境保护工作推进落实情况。各督察组查实了一批突出生态环境问题，核实了一批不作为、慢作为，不担当、不碰硬，甚至敷衍应对、弄虚作假等形式主义、官僚主义问题，目前已公开曝光4个典型案例。
各督察组统筹做好经济平稳运行、民生保障、常态化疫情防控和生态环境保护，坚持以人民为中心，将督察与党史学习教育有机融合，把紧盯群众举报问题整改作为“我为群众办实事”的具体实践，继续推动解决群众反映突出的生态环境问题，及时转办督办，加强抽查核实，开展实地回访并面对面听取人民群众意见。督促被督察对象精准科学依法推进边督边改，以解决具体生态环境问题来回应社会关切，以整改实际成效来取信于民，不断增强人民群众的获得感幸福感安全感。
有关省（区）高度重视督察配合和督察整改工作，积极推进边督边改、立行立改。主要领导同志通过提出明确要求、现场调研督办、召开专题会议推进等方式，大力推动督察配合和整改工作。经过督察双方共同努力，一批群众身边的生态环境问题得到有效解决，一批生态环境违法行为得到及时纠正。
人民日报社概况 | 关于人民网 | 报社招聘 | 招聘英才 | 广告服务 | 合作加盟 | 供稿服务 | 数据服务 | 网站声明 | 网站律师 | 信息保护 | 联系我们
服务邮箱： kf@people.cn 违法和不良信息举报电话：010-65363263 举报邮箱： jubao@people.cn
互联网新闻信息服务许可证10120170001 | 增值电信业务经营许可证B1-20060139 | 广播电视节目制作经营许可证（广媒）字第172号
信息网络传播视听节目许可证0104065 | 网络文化经营许可证 京网文[2020]5494-1075号 | 网络出版服务许可证（京）字121号 | 京ICP证000006号 | 京公网安备11000002000008号
人 民 网 版 权 所 有 ，未 经 书 面 授 权 禁 止 使 用 Copyright © 1997-2021 by www.people.com.cn. all rights reserved",对象,ambiguous,remove
People.cn,2021-12-20,连江检察：突出重点找准焦点延伸触角 积极融入基层社会治理,"检察机关参与基层社会治理最直接、最根本的途径就是抓好办案。福州市连江县检察院找准打击重点，确保社会安定有序。今年以来，起诉强奸、聚众斗殴、寻衅滋事等暴力犯罪75人。积极融入反腐败大局，受理县监委移送职务犯罪案件3件3人。严惩利用民间会道非法吸收公众存款等涉众型经济犯罪12人，涉案16360万元。批准逮捕侵犯未成年人权益犯罪15件19人，起诉26件67人，通过严厉打击刑事犯罪增强群众安全感。
同时，连江县检察院还进行常态化扫黑除恶，推动社会综合治理。今年以来，办理涉黑案件2件42人，提前介入引导侦查提出具体意见，细化审查起诉工作，依法认定涉黑罪名。针对办案中发现的社会治理问题，发出《检察建议书》4份。同时，向县纪委监委移送相关涉黑恶问题保护伞线索，纪委监委已作出相应处置。
此外，连江县检察院精准推进“断卡”行动，保障群众利益。行动以来共批准逮捕114人，起诉141人。通过召开检察官会议、公检法联席会议，统一量刑和证据标准；并通过调查核实、数据提取等方式开展自行补充侦查，细化继续侦查提纲并引导公安机关强化证据收集，确保证据充分、指控精准。
为进一步助推基层社会治理，连江县检察院结合办案做实、做细、做深各项社会服务工作，体现检察担当。
连江县检察院持续优化食品安全案件不起诉工作。带案下乡前往因销售河豚涉嫌销售不符合安全标准的食品罪多发的乡镇，聚焦12起类案中发现的食品安全问题，召开拟不起诉公开听证会，广泛征求各方意见。探索“食品安全宣传志愿服务机制”，由未造成危害后果且认罪悔罪的6名犯罪嫌疑人开展食品安全宣传志愿活动，根据考察情况，对6人作出不起诉决定。在集中宣布不起诉结果的同时，进行教育谈话和训诫，深入分析被不起诉人行为的刑事违法性和社会危害性，拓展案外工作成效。
同时，以公开听证促行政争议实质性化解。就“非法占用林地”行政裁定未执行到位的行政非诉执行监督案召开公开听证会,听取听证员意见及有关“两违”治理建议。经听证，形成两周内由被执行人自行拆除建筑物的统一意见，被执行人积极表示将主动担责、履行义务，实现将“强制拆除”转化为“自行拆除”。
此外，持续加强未成年人教育改造。就3起未成年人违法犯罪案件拟作附条件不起诉召开听证会，邀请县人大代表、政协委员作为听证员，侦查人员、司法社工、值班律师、涉案未成年人及其监护人等参加听证会。涉案未成年人作出深刻检讨，监护人就加强未成年子女监护作表态发言。针对涉案未成年人分别开展思想教育，劝诫珍惜机会，改过自新。经听证，与会人员认为一致同意作附条件不起诉处理，并持续跟踪问效落实好后续附条件不起诉未成年人的成长教育工作。
为进一步提升基层社会治理效能，连江县检察院积极探索，延伸法律监督触角，构建起具有连江特色的社矫共治体系。
连江县检察院强化社区矫正法律监督，成立社区矫正巡回检察活动小组，今年以来定期深入22个乡镇司法所，实地查看台账和档案400余份，确保及时发现并纠正社区矫正中的监管漏洞。针对未及时送达相关法律文书存在脱漏管隐患问题，督促相关部门整改，另建议和督促撤销社区矫正收监执行。
连江县检察院还联合县社区矫正管理局在全市率先探索建立社区矫正心理矫治机制，与福建省启航社会服务中心签订社区矫正心理矫治购买服务合同，聘请专职心理咨询师社工1名，为179名社区矫正对象建立心理矫治档案，对心理评估发现问题的矫正对象进行个案矫正，并将在后续为新入矫的未成年社区矫正对象全面提供心理咨询服务，切实提升社区矫正对象教育帮扶水平，降低重新犯罪率。
此外，连江县检察院还优化特殊群体社矫工作，联合县司法局、县法院召开座谈会，并共同签署出台《关于规范在矫渔民外出、经常性跨市县活动的工作意见》，规范在矫渔民外出从事海上作业相关活动，明确适用时间、情形、程序和证明材料，进一步简化审批程序、优化监管方式，进一步优化连江沿海60余名以海上作业维生社矫对象的社区矫正工作，避免因矫返贫。
人民日报社概况 | 关于人民网 | 报社招聘 | 招聘英才 | 广告服务 | 合作加盟 | 供稿服务 | 数据服务 | 网站声明 | 网站律师 | 信息保护 | 联系我们
服务邮箱： kf@people.cn 违法和不良信息举报电话：010-65363263 举报邮箱： jubao@people.cn
互联网新闻信息服务许可证10120170001 | 增值电信业务经营许可证B1-20060139 | 广播电视节目制作经营许可证（广媒）字第172号
信息网络传播视听节目许可证0104065 | 网络文化经营许可证 京网文[2020]5494-1075号 | 网络出版服务许可证（京）字121号 | 京ICP证000006号 | 京公网安备11000002000008号
人 民 网 版 权 所 有 ，未 经 书 面 授 权 禁 止 使 用 Copyright © 1997-2021 by www.people.com.cn. all rights reserved",对象,ambiguous,remove
People.cn,2021-12-21,安徽今年脱贫人口人均纯收入13590元 比2020年增长16.57%,"人民网合肥12月21日电（韩震震）产业帮扶、稳岗就业、网格化监测、易地搬迁后续扶持、驻村帮扶等超过2020年水平，脱贫人口人均纯收入13590元，比2020年增长16.57%……12月21日上午，安徽省第十三届人民代表大会常务委员会第三十一次会议听取了关于全省巩固拓展脱贫攻坚成果同乡村振兴有效衔接情况的报告。
报告称，今年以来，安徽全省上下全力推进巩固拓展脱贫攻坚成果同乡村振兴有效衔接，各项工作取得显著成效、实现良好开局。脱贫人口小额信贷、消费帮扶、人均帮扶举措、监测对象风险消除、资金项目、光伏帮扶、万企兴万村等工作走在全国前列，产业帮扶、稳岗就业、网格化监测、易地搬迁后续扶持、驻村帮扶等超过2020年水平。
为全力筑牢返贫防线，安徽突出抓好动态监测帮扶，推行网格化监测，建立县乡村组“四级网络”，做到实时跟踪、常态监测、快速响应、及时帮扶。今年以来，全省设立基层网格40.94万个，遴选网格员44.96万人，实现农村人口常态化监测全覆盖。
安排针对性措施，坚持应纳尽纳、应帮尽帮原则，对符合条件的农户及时履行监测程序，纳入监测对象并落实“一户一方案、一人一措施”，做到早发现、早干预、早帮扶。今年以来，全省新识别监测对象3234户10590人，监测对象总数81678户220194人，共安排帮扶措施33万余条，户均4条，超出全国平均水平1.5条；脱贫人口人均纯收入13590元，比2020年增长16.57%。
今年，安徽全省安排财政衔接推进乡村振兴补助资金165.6亿元，比2020年增长2.14%，实现稳中有增。制定出台实施意见，重点抓好产业、就业和后续配套设施建设提升完善，安置区及周边配套建成就业帮扶车间137个，8.5万易地搬迁群众中有4.27万人实现稳定就业。
根据不同地区发展现状、区位条件、资源禀赋、产业基础等，安徽将全省104个县（市、区）分为先行示范区、正常推进区、持续攻坚区，分类分区、梯度推进乡村振兴，将20个原国家级贫困县确定为乡村振兴重点帮扶县，给予集中支持。
此外，安徽还大力拓宽农民增收渠道，不断优化农民收入结构。今年前三季度，全省农村居民人均可支配收入13988元，同比增长11.7%。继续深入实施扶持壮大村级集体经济“百千万”工程，集体经济强村达到889个，3000个出列村村均集体收入41.99万元，比2020年增长24.2%。
人民日报社概况 | 关于人民网 | 报社招聘 | 招聘英才 | 广告服务 | 合作加盟 | 供稿服务 | 数据服务 | 网站声明 | 网站律师 | 信息保护 | 联系我们
服务邮箱： kf@people.cn 违法和不良信息举报电话：010-65363263 举报邮箱： jubao@people.cn
互联网新闻信息服务许可证10120170001 | 增值电信业务经营许可证B1-20060139 | 广播电视节目制作经营许可证（广媒）字第172号
信息网络传播视听节目许可证0104065 | 网络文化经营许可证 京网文[2020]5494-1075号 | 网络出版服务许可证（京）字121号 | 京ICP证000006号 | 京公网安备11000002000008号
人 民 网 版 权 所 有 ，未 经 书 面 授 权 禁 止 使 用 Copyright © 1997-2021 by www.people.com.cn. all rights reserved",对象,ambiguous,remove
People.cn,2021-12-21,妇女权益保障法迎来“大修”！涉及招生就业性别歧视、农村妇女分不到征地补偿款等社会热点,"新华社北京12月20日电 题：妇女权益保障法迎来“大修”！涉及招生就业性别歧视、农村妇女分不到征地补偿款等社会热点
新华社“新华视点”记者白阳、任沁沁、齐琪
妇女权益保障法修订草案首次提请20日举行的十三届全国人大常委会第三十二次会议审议，这是妇女权益保障法施行近30年后又一次进行重大调整。从消除招生就业领域性别歧视到保障农村妇女土地及相关权益，修订草案对诸多热点作出回应，多个看点值得关注。
与现行法律相比，修订草案进一步阐释了“歧视妇女”的含义，规定：国家采取必要措施，逐步完善保障妇女权益的各项制度，消除对妇女一切形式的歧视，禁止基于性别排斥、限制妇女依法享有和行使各项权益。
中央党校（国家行政学院）政法部国家治理室教授王静表示，修订草案对“歧视妇女”的含义予以明确，是在部门法的层面将宪法中“国家保护妇女的权利和利益”的原则规定进一步细化，使其更具可操作性。
修订草案还明确，建立政府主导、各方协同、社会参与的维护妇女权益工作机制；加强法律政策性别平等评估机制，完善性别统计监测指标体系等。
“虽然我国妇女地位正在不断提高，但仍有一些隐性歧视行为。在政策出台前做好性别平等评估，有助于从源头防范歧视妇女现象；加强对妇女权益保护的实时监测和跟踪，能够更有针对性地保障妇女合法权益。”重庆市律师协会监事长、重庆静昇律师事务所创始合伙人彭静说。
看点二：除特殊专业外，招生不得拒绝女性或提高女生录取分数
随着我国女性接受高等教育的比例不断提升，一些院校为平衡男女比例，限制女生报考部分专业或人为提高女生录取分数。
修订草案明确，学校在录取学生时，除国家规定的特殊专业外，不得以性别为由拒绝录取女性或者提高对女性的录取标准。各级人民政府应当采取措施，保障女性平等享有接受中高等教育的权利和机会。
“草案在‘特殊专业’前增加‘国家规定’的限制，就是要把专业的性别限制决定权放在国家层面，避免法律条文被滥用。”中国法学会婚姻家庭法学研究会副会长、中华女子学院教授李明舜说。
看点三：用工单位要尊重女性工作权与生育权
投简历被卡“性别关”、面试时被问“生子计划”、生子后被挤压升职空间……近年来，不少职场女性面临这样的难题。
对此，修订草案明确，除国家另有规定的外，用人单位不得限定男性或者规定男性优先、调查女性求职者的婚育情况以及意愿、将限制婚姻生育等作为录用条件等。
厦门大学法学院教授蒋月说，修订草案列举了就业性别歧视的具体情形，有助于加强个人维权意识，为用人单位加强内部管理提供了明确指引，也为司法实践提供了更精准的法律依据。
修订草案还要求加强对女职工经期、孕期、产期、哺乳期等时期的特殊劳动保护。李明舜表示，这回应了广大妇女对更加有尊严的劳动和更加美好的幸福生活的新期待、新需求，体现了立法者对于“尊重生育的社会价值”的价值引导。
现实中，一些地方在征地拆迁时“默认”不给妇女分补偿款，甚至在村规民约中设置不平等规定损害妇女合法权益，由此出现许多矛盾纠纷。
修订草案作出回应：村民自治章程、村规民约，村民会议、村民代表会议的决定以及其他涉及村民利益事项的决定，不得以妇女未婚、结婚、离婚、丧偶、户无男性等为由，侵害妇女在农村集体经济组织中的各项权益。
修订草案还将侵害妇女享有的农村土地承包和集体收益、土地征收征用补偿分配权益和宅基地使用权益纳入检察机关公益诉讼的范围。
长期从事基层妇女工作的云南省普洱市墨江哈尼族自治县妇联主席李晓颖认为，修订草案针对农村妇女权益保护的“老大难”问题拿出切实的解决方案，体现了国家对农村妇女权益保障问题的高度重视。
看点五：加强对女性人身安全和人格权益保护
近年来，多地发生因婚恋纠纷侵犯妇女人身权利的案件，引发舆论担忧。
修订草案规定，禁止以恋爱、交友为由或者在结束同居、离婚之后，纠缠、骚扰妇女，泄露、传播妇女个人隐私。妇女遭受上述暴力侵害或者面临上述暴力侵害现实危险的，参照反家庭暴力法的相关规定，向人民法院申请人身安全保护令。
蒋月表示，反家庭暴力法中人身安全保护令的对象限于家庭成员及共同生活的人；妇女权益保障法修订草案将曾经有过亲密关系但已分开且未共同生活的人也纳入适用范围，让受害人有了更有力的维权武器。
值得注意的是，修订草案将现行法律中“国家保障妇女享有与男子平等的人身权利”修改为“国家保障妇女享有与男子平等的人格权益”，并在原有禁止虐待、遗弃、残害等侵害妇女生命健康权行为的基础上，增加“其他一切侵害妇女生命健康权益的行为”。
“从‘人身权利’到‘人格权益’，体现了法律对妇女主体地位的尊重和对人格尊严的保护。”李明舜说，除了暴力手段，洗脑驯化、操控女性精神等行为也严重侵犯妇女生命健康权益。修订草案禁止“其他一切侵害妇女生命健康权益的行为”，目的在于遏制以非暴力化手段残害妇女身心健康的行为，提升广大妇女的安全感。
此外，修订草案还加强了妇女在婚姻家庭中的权益保障，明确夫妻双方应当共同承担家庭义务。女方因抚育子女、照料老人、协助男方工作等承担较多义务的，有权在离婚时要求男方予以补偿。补偿办法由双方协议，协议不成的，可向人民法院提起诉讼。
“事后救济并不能改变已造成的伤害。保护妇女合法权益，除了提升妇女自身的法律意识，也要加强全社会的普法宣传。”王静说。
人民日报社概况 | 关于人民网 | 报社招聘 | 招聘英才 | 广告服务 | 合作加盟 | 供稿服务 | 数据服务 | 网站声明 | 网站律师 | 信息保护 | 联系我们
服务邮箱： kf@people.cn 违法和不良信息举报电话：010-65363263 举报邮箱： jubao@people.cn
互联网新闻信息服务许可证10120170001 | 增值电信业务经营许可证B1-20060139 | 广播电视节目制作经营许可证（广媒）字第172号
信息网络传播视听节目许可证0104065 | 网络文化经营许可证 京网文[2020]5494-1075号 | 网络出版服务许可证（京）字121号 | 京ICP证000006号 | 京公网安备11000002000008号
人 民 网 版 权 所 有 ，未 经 书 面 授 权 禁 止 使 用 Copyright © 1997-2021 by www.people.com.cn. all rights reserved",婚姻|婚恋|对象|恋爱|结婚,ambiguous,keep
People.cn,2021-12-21,《深圳经济特区不动产登记条例》征求意见,"深圳市规划和自然资源局日前在官网发布《深圳经济特区不动产登记条例》（征求意见稿），明确土地房屋林地海域均纳入不动产登记，完善继承、遗嘱、遗赠不动产登记和居住权等，冀望体系性解决登记历史遗留问题，并向社会征求意见。
《深圳经济特区不动产登记条例》于2017年列入深圳立法预备类项目，历时4年修改，形成征求意见稿。
新《条例》共七章122条，主要涉及不动产登记目的、概念、登记对象、登记权利类型、登记程序、登记资料管理与利用、法律责任等多方面的内容。
在制度创新性方面，新条例主要体现在六个方面：
第一，统一不动产登记依据及不动产登记机构。海域使用权、海岛使用权、林地使用权及森林林木所有权，均予以规定，从根本上确认了海域、林权等不动产的物权地位。确认具有土地、房屋、林地、海域等各类不动产登记的登记主体资格、法律地位。
第二，细化完善继承、遗嘱、遗赠不动产登记规定。将法定继承与遗嘱继承分开规定，明确两类继承转移登记的申请材料；增加了“不少于三个月”时间的公告程序；引入第三方审查机构、《民法典》遗嘱管理人制度；探索建立告知承诺制，避免当事人骗取房产后即刻转让。
第三，详细规定居住权登记。明确居住权登记申请材料及办理流程，保障弱者住有所居，也保证抵押权人优先受偿权益。
第四，创新预告登记规定。取消楼花抵押，将预售商品房抵押权预告登记与预售商品房备案衔接，规定购房人可以单方申请预售商品房抵押权预告登记。
衔接《深圳经济特区城市更新条例》，细化搬迁补偿协议预告登记制度。预告登记有效期内，已签订搬迁补偿协议城市更新项目，避免一房二卖；明确除更新外，土地整备、旧住宅区改造等项目签订的搬迁补偿协议也可以办理预告登记。
第五，信息化助力便民利民。简化申请材料，加强信息共享，细化信息查询，严格限制“以人查房”，压缩登记办理时限，优化营商环境。
第六，体系性解决登记历史遗留问题。城市更新作为深圳破解发展空间不足的主要路径，新立法给予重点关注，配套衔接登记历史遗留专门规定，加快推动城市治理体系和治理能力现代化。明确因历史原因，土地权属来源证明材料不齐全、无法补办竣工验收证明文件的处理程序；在历史遗留房屋登记内容方面，明确可以缺省登记非必要事项；在未办理建设用地及房屋所有权首次登记的情况下，明确补办首次登记等交叉办证处理原则。
据介绍，制定《深圳经济特区不动产登记条例》，既对《民法典》《优化营商环境条例》等法律法规政策进行衔接，也将构建地方不动产统一登记制度框架，有力支撑深圳“双区”建设。（记者 秦绮蔚）
人民日报社概况 | 关于人民网 | 报社招聘 | 招聘英才 | 广告服务 | 合作加盟 | 供稿服务 | 数据服务 | 网站声明 | 网站律师 | 信息保护 | 联系我们
服务邮箱： kf@people.cn 违法和不良信息举报电话：010-65363263 举报邮箱： jubao@people.cn
互联网新闻信息服务许可证10120170001 | 增值电信业务经营许可证B1-20060139 | 广播电视节目制作经营许可证（广媒）字第172号
信息网络传播视听节目许可证0104065 | 网络文化经营许可证 京网文[2020]5494-1075号 | 网络出版服务许可证（京）字121号 | 京ICP证000006号 | 京公网安备11000002000008号
人 民 网 版 权 所 有 ，未 经 书 面 授 权 禁 止 使 用 Copyright © 1997-2021 by www.people.com.cn. all rights reserved",对象,ambiguous,remove
People.cn,2021-12-22,长护险 为更多家庭减负担（这一年，我们获得感满满）,"2021年12月22日08:20 来源： 人民网－人民日报
自从参保了长期护理保险，福建晋江的蔡锡荣老人轻松不少――今年73岁的她，孤身照顾瘫痪在床的老伴已有10余年。如今，每周两次的护理员上门服务，帮蔡锡荣卸下重担：“老伴笑容多了，我也非常满意。”
让老两口获益的，正是福建省晋江市于2020年7月在全省率先启动的“长期护理保险”试点工作。“长期护理保险”，是指以互助共济方式筹集资金，为长期失能人员的基本生活照料和与之密切相关的医疗护理提供服务或资金保障的社会保险。在这次的试点中，晋江参保拓面有序推进，待遇水平和服务能力不断提升，提升了人民群众的获得感和幸福感。
在晋江市梅岭街道蔡厝社区里，邻鹿养老机构的护理员林银花到达蔡裕俊老人家中，进行长期护理保险服务项目：洗浴、理发、肌肉按摩……林银花动作麻利熟练。蔡裕俊一脸笑意，老伴蔡锡荣老人心里也热乎乎的。“小林护理得很好，就像我们自己的亲人一样。”蔡锡荣说。
2021年1月，经过第三方机构专业评估，蔡裕俊被定为重度失能，参保长护险后可享受每月10次的居家护理服务。然而一开始，蔡锡荣却不想让护理员上门服务――原来，之前的护理员缺乏系统培训，专业技能不过关，态度还不认真。这次听到又有护理员要上门，蔡锡荣连连拒绝。
“阿姨，我们这些护理员都是经过专业培训的。让我试一下，如果不行，你再拒绝。”在林银花的坚持下，蔡锡荣让她进了门，这一试，蔡锡荣转变了看法：“小林既专业又认真，我非常满意！”此后，林银花每三天到蔡裕俊家为他做一个半小时以上的居家护理服务。
去年7月，晋江市正式启动长期护理保险试点工作，林银花报名参加了晋江市中医院免费开办的失能护理技能培训班，成为第一期接受正式培训和考核的长护险护理员。在晋江市中医院的骨干护士与福建省中医药大学心理教师的指导下，林银花学习了擦浴、床椅转移训练、鼻饲、关节护理、心理健康的理论知识和技能。
泉州市医疗保障局晋江分局局长黄长沙说，晋江市已经有13家护理、评估、辅具租赁的专业服务机构和近100个专职护理人员。同时，针对机构护理、社区护理和居家护理这三种长护险护理服务形式，晋江市开展了以政府委托、机构承办为特色的护理培训，要求护理员对长护险护理项目逐一学习过关才能上岗，同时安排第三方机构定期对护理员工作进行实地监督考核。
护理省心，开支更省钱――蔡锡荣家里的账本算得明白：“现在买纸尿裤，长护险能报销八成，一个月能省下224块钱。”蔡锡荣说。
据了解，晋江市按一定标准分层次向失能对象提供护理床、轮椅、制氧机等辅具和护理垫、纸尿裤等耗材共37种品规的租购补助，失能对象最高可以申请每年3600元的辅助器具补助和每月300元的耗材补助。实际补助费用中，除了由长护险资金补助报销60%外，晋江市慈善总会再补助报销20%。同时，全额减免失能人员中的低保特困群体个人负担的20%，减免部分由晋江市慈善基金一并承担。
看到晋江市首批长护险试点的成效后，安海镇后林村成为今年第一个申报试点的村。
安海镇后林村党支部书记许金铗说：“村里产业不错，慈善款余额也丰盈，何不村里统一出资参保？”由村慈善基金捐助，村集体代缴费用，就这样，村民们都保上了长护险。眼下，后林村里13位失能人员都得到了免费定期居家护理服务和辅具补助报销资金。为解决现阶段个人自愿参保积极性低的难题，在试点实践中，城乡居民创新探索出了多种筹资模式，有的由村集体财产富余部分集体代缴，有的发动慈善机构、乡贤企业捐助。“这种‘多方筹资、互助共济’的方式解决了试点初期缴费难、筹资难的问题。”黄长沙说。
参与护理工作一年多，林银花对护理对象最常说的一句话是：“慢慢来不要急，以后恢复得好了，我们还能下楼走走。”这句鼓励不只是说说而已，“我们3天才去一次，更多还是要靠自身的保养恢复。”林银花表示，自己平时也会向家属和护理对象传授日常护理知识。
璞缘养老机构的护理员陈瑞真对此也颇有心得。她负责护理的许阿婆因为中风腿脚不便，陈瑞真刚去时，许阿婆还需要2个人扶着才能挪两步。之后每次去护理，陈瑞真一边给许阿婆的双腿按摩，一边念叨着教她平时自己进行腿部按摩的方法。“现在只需要我一个人就能牵着许阿婆慢慢走了。”陈瑞真说。
据介绍，晋江长护险从护理对象的需要出发，开发出了“47个标准项目+个性化护理计划”的护理服务产品，既有规范的项目标准，又能根据每个参保人自身需求，量身订制个人护理方案。此外，目前已初步形成了“3+1+1”的待遇服务体系，即机构护理、社区护理和居家护理这3种主要护理服务形式，辅助器具服务项目这一辅助服务形式和预防失能干预项目这一补充服务形式。
《 人民日报 》（ 2021年12月22日 13 版）",对象,ambiguous,remove
People.cn,2021-12-22,长护险 为更多家庭减负担（这一年，我们获得感满满）,"自从参保了长期护理保险，福建晋江的蔡锡荣老人轻松不少――今年73岁的她，孤身照顾瘫痪在床的老伴已有10余年。如今，每周两次的护理员上门服务，帮蔡锡荣卸下重担：“老伴笑容多了，我也非常满意。”
让老两口获益的，正是福建省晋江市于2020年7月在全省率先启动的“长期护理保险”试点工作。“长期护理保险”，是指以互助共济方式筹集资金，为长期失能人员的基本生活照料和与之密切相关的医疗护理提供服务或资金保障的社会保险。在这次的试点中，晋江参保拓面有序推进，待遇水平和服务能力不断提升，提升了人民群众的获得感和幸福感。
在晋江市梅岭街道蔡厝社区里，邻鹿养老机构的护理员林银花到达蔡裕俊老人家中，进行长期护理保险服务项目：洗浴、理发、肌肉按摩……林银花动作麻利熟练。蔡裕俊一脸笑意，老伴蔡锡荣老人心里也热乎乎的。“小林护理得很好，就像我们自己的亲人一样。”蔡锡荣说。
2021年1月，经过第三方机构专业评估，蔡裕俊被定为重度失能，参保长护险后可享受每月10次的居家护理服务。然而一开始，蔡锡荣却不想让护理员上门服务――原来，之前的护理员缺乏系统培训，专业技能不过关，态度还不认真。这次听到又有护理员要上门，蔡锡荣连连拒绝。
“阿姨，我们这些护理员都是经过专业培训的。让我试一下，如果不行，你再拒绝。”在林银花的坚持下，蔡锡荣让她进了门，这一试，蔡锡荣转变了看法：“小林既专业又认真，我非常满意！”此后，林银花每三天到蔡裕俊家为他做一个半小时以上的居家护理服务。
去年7月，晋江市正式启动长期护理保险试点工作，林银花报名参加了晋江市中医院免费开办的失能护理技能培训班，成为第一期接受正式培训和考核的长护险护理员。在晋江市中医院的骨干护士与福建省中医药大学心理教师的指导下，林银花学习了擦浴、床椅转移训练、鼻饲、关节护理、心理健康的理论知识和技能。
泉州市医疗保障局晋江分局局长黄长沙说，晋江市已经有13家护理、评估、辅具租赁的专业服务机构和近100个专职护理人员。同时，针对机构护理、社区护理和居家护理这三种长护险护理服务形式，晋江市开展了以政府委托、机构承办为特色的护理培训，要求护理员对长护险护理项目逐一学习过关才能上岗，同时安排第三方机构定期对护理员工作进行实地监督考核。
护理省心，开支更省钱――蔡锡荣家里的账本算得明白：“现在买纸尿裤，长护险能报销八成，一个月能省下224块钱。”蔡锡荣说。
据了解，晋江市按一定标准分层次向失能对象提供护理床、轮椅、制氧机等辅具和护理垫、纸尿裤等耗材共37种品规的租购补助，失能对象最高可以申请每年3600元的辅助器具补助和每月300元的耗材补助。实际补助费用中，除了由长护险资金补助报销60%外，晋江市慈善总会再补助报销20%。同时，全额减免失能人员中的低保特困群体个人负担的20%，减免部分由晋江市慈善基金一并承担。
看到晋江市首批长护险试点的成效后，安海镇后林村成为今年第一个申报试点的村。
安海镇后林村党支部书记许金铗说：“村里产业不错，慈善款余额也丰盈，何不村里统一出资参保？”由村慈善基金捐助，村集体代缴费用，就这样，村民们都保上了长护险。眼下，后林村里13位失能人员都得到了免费定期居家护理服务和辅具补助报销资金。为解决现阶段个人自愿参保积极性低的难题，在试点实践中，城乡居民创新探索出了多种筹资模式，有的由村集体财产富余部分集体代缴，有的发动慈善机构、乡贤企业捐助。“这种‘多方筹资、互助共济’的方式解决了试点初期缴费难、筹资难的问题。”黄长沙说。
参与护理工作一年多，林银花对护理对象最常说的一句话是：“慢慢来不要急，以后恢复得好了，我们还能下楼走走。”这句鼓励不只是说说而已，“我们3天才去一次，更多还是要靠自身的保养恢复。”林银花表示，自己平时也会向家属和护理对象传授日常护理知识。
璞缘养老机构的护理员陈瑞真对此也颇有心得。她负责护理的许阿婆因为中风腿脚不便，陈瑞真刚去时，许阿婆还需要2个人扶着才能挪两步。之后每次去护理，陈瑞真一边给许阿婆的双腿按摩，一边念叨着教她平时自己进行腿部按摩的方法。“现在只需要我一个人就能牵着许阿婆慢慢走了。”陈瑞真说。
据介绍，晋江长护险从护理对象的需要出发，开发出了“47个标准项目+个性化护理计划”的护理服务产品，既有规范的项目标准，又能根据每个参保人自身需求，量身订制个人护理方案。此外，目前已初步形成了“3+1+1”的待遇服务体系，即机构护理、社区护理和居家护理这3种主要护理服务形式，辅助器具服务项目这一辅助服务形式和预防失能干预项目这一补充服务形式。
《人民日报》（ 2021年12月22日 第 13 版）
人民日报社概况 | 关于人民网 | 报社招聘 | 招聘英才 | 广告服务 | 合作加盟 | 供稿服务 | 数据服务 | 网站声明 | 网站律师 | 信息保护 | 联系我们
服务邮箱： kf@people.cn 违法和不良信息举报电话：010-65363263 举报邮箱： jubao@people.cn
互联网新闻信息服务许可证10120170001 | 增值电信业务经营许可证B1-20060139 | 广播电视节目制作经营许可证（广媒）字第172号
信息网络传播视听节目许可证0104065 | 网络文化经营许可证 京网文[2020]5494-1075号 | 网络出版服务许可证（京）字121号 | 京ICP证000006号 | 京公网安备11000002000008号
人 民 网 版 权 所 有 ，未 经 书 面 授 权 禁 止 使 用 Copyright © 1997-2021 by www.people.com.cn. all rights reserved",对象,ambiguous,remove
People.cn,2021-12-22,藤县：“民生账单”暧民心,"“我家有个12岁小孩得慢性关节炎，每月都要住院治疗，自己就在家附近打零工收入不稳定。家里8口人，从2016年9月至今，每年享受低保250元/人的补助金，去年还获得了临时救助金3400元。”藤县塘步镇汗池村的李先生说。
民生无小事，枝叶总关情。一张张笑脸的背后，是一页页逐年加厚的“民生账单”。今年该县着力稳就业、强保障、惠民生，持续完善多层次社会保障体系，织密织牢社会保障安全网，持续增进民生福祉，截止11月底，全县累计发放各类民政救助补贴资金共3.4786亿元，交出了一份暖心的“民生账单”。
低保覆盖率双达标。全县现有农村低保对象22800户72994人，农村低保覆盖率为7.67%，城市低保对象1111户2700人，城市低保覆盖率为2.27%，两项指标提前达标。
城乡低保金双保障。目前，该县城市低保平均补助水平为402元/人・月，农村低保平均补助水平为238元/人・月。2021年城乡特困人员救助供养基本生活标准月人均不低于2020年度当地城乡低保标准1.3倍，城市特困补助水平为990元/人・月，农村特困补助水平为580元/人・月，均已达标。
筑牢兜底保障防线。纳入低保、特困人员救助供养范围的脱贫人口，稳定实现吃穿“两不愁”，不断提高困难群众的获得感、幸福感、安全感。到今年11月底止，全县农村低保对象72994人，全县脱贫人口（127669人）中享受低保的有34302人，其中监测对象7120人；农村特困11164人，其中脱贫人口2816人、监测对象有344人。
社会救助细化到人。2021年11月底，城市低保对象1111户2700人，累计发放31094人次1251.063万元；农村低保对象22800户72994人，累计发放796992人次18929.922万元。临时物资救助11744人次198.855万元。累计发放六十年代精减退职老职工救济金518人21.238万元，发放标准为410元/人・月。
硬件建设日臻完善。目前，该县儿童福利院与藤州镇农村养老服务中心联建工程，已完成框架结构9层，总投资750万元，现正在验收阶段。
藤县社会福利院养老中心，总投资2500万元，完成地下1层、地上13层主体建筑，累计支付1968万元，工程形象进度已完成80%，目前正抢抓工期，有望在年底完工。
藤县流浪未成年人救助保护中心，总投资约550万元，已竣工验收。配套设施包括门楼、场地硬化、消防水池及喷淋报警系统等，正在加快建设进度。
藤县残疾儿童康复中心与藤县救助管理站联建工程，总投资1033.85万元，目前已完成主体土建部分地上二层楼面捣制。（黄麟）
人民日报社概况 | 关于人民网 | 报社招聘 | 招聘英才 | 广告服务 | 合作加盟 | 供稿服务 | 数据服务 | 网站声明 | 网站律师 | 信息保护 | 联系我们
服务邮箱： kf@people.cn 违法和不良信息举报电话：010-65363263 举报邮箱： jubao@people.cn
互联网新闻信息服务许可证10120170001 | 增值电信业务经营许可证B1-20060139 | 广播电视节目制作经营许可证（广媒）字第172号
信息网络传播视听节目许可证0104065 | 网络文化经营许可证 京网文[2020]5494-1075号 | 网络出版服务许可证（京）字121号 | 京ICP证000006号 | 京公网安备11000002000008号
人 民 网 版 权 所 有 ，未 经 书 面 授 权 禁 止 使 用 Copyright © 1997-2021 by www.people.com.cn. all rights reserved",对象,ambiguous,remove
People.cn,2021-12-22,《2021工银企业家财富健康指数报告》解读,"12月22日，中国工商银行以“家企欣荣，财富向善”为主题，成功举办《2021工银企业家财富健康指数报告》云发布仪式。
充满活力的企业和企业家群体是当前中国构建新发展格局的关键要素。面对民营企业升级转型与代际传承的双重挑战，中国企业家的“家业、企业”财富是否健康，能否进行有效管理和平稳传承，不仅关系到企业家自身，更是关乎中国经济增长、全社会就业状况，以及构建三次分配基础性制度安排的重要问题，是大国和小家在中国经济发展新阶段下迈向共同富裕的关键点。
本次工银私人银行联合上海交通大学上海高级金融学院，共同发布《2021工银企业家财富健康指数报告》，旨在全面检视企业家群体的财富健康状况，并提出切实可行的建议，助力企业家通过财富健康管理体系，有效管理好家业、企业的同时，实现财富与精神的稳健传承。同时，也希望指数报告能为监管机构的政策制定提供数据支撑和市场反馈，不断完善财富管理政策法规、家族信托制度等，促进居民财富向友善型社会资本转化，促进财富管理行业健康发展。
三大特色：发布机构权威，数据来源广泛，模型建构科学
“工银企业家财富健康指数”由工商银行私人银行部与上海交通大学上海高级金融学院联合推出。报告访谈历时4个月，受访者包括1223名企业家身份的私人银行客户，其中39%的企业家来自制造业，12%来自房地产业，10%来自批发零售业，七成客户资产5000万以上，40-59岁之间的客户占比65%，地域覆盖30个省级行政区及下属地级市。
报告借鉴国外先进模型，将大量理论研究化繁为简，把中国民营企业家财富管理体系划分为四个维度，并通过权重调整模拟出企业家财富管理的实际情况，得出一套可量化的评估体系，帮助企业家通过财富健康管理体系，有效管理好其企业、金融和家族资产，让资产得到专业管理和稳健传承。
四维象限：量化评分模型客观展现企业家财富健康状况
报告指出，2021年工银企业家财富健康总指数得分为75分，体现出新时代背景下中国企业家整体财富健康的良好状况。具体由以下四个子项构成：
家企发展信心得分在四个子项中得分中最高，表明在我国经济转型升级的双循环新格局下，中国企业家展现出对国家经济和家族长远发展的充分信心。本报告进一步发现，财富信心与教育程度、城市等级正相关；受访企业家普遍对风险防范、内部沟通、代际关系和价值观方面较为有信心。
家族企业健康得分在四个子项中得分最低，表明民营企业转型升级及传承安排面临较大挑战。84%的家族企业管理权仍集中于一代企业家；四成受访企业家存在家企混同的现象，家企隔离方面仍有待提升，企业升级转型和税务筹划也成为企业家普遍关注的方向；仅有不到1%的受访企业家将企业交由职业经理人管理。
金融资产健康得分77分，表明企业家家业财富状况较企业财富更为健康。企业家家庭资产配置类型较为多元，最受企业家青睐的前三类资产分别是银行存款和理财（96%）、投资性房产（83%）、股票和基金（50%）；企业家对投资组合的年化收益期望集中在5-10%，较为理性；企业家的风险承受能力和期望收益之间有着较好的匹配程度，有较好的风险控制意识；企业家能有效运用专业机构获得投资信息，但更倾向于独立决策。
家族治理健康得分68分，表明企业家家族内部治理方面仍有较多提升空间。89%的受访企业家认为家族传承安排与规划是他们最关心的问题，但仅有29%进行了财富传承安排，尚有60%的企业家完全未将财产进行代际转移；虽然企业家普遍对于下一代婚姻问题有极大的关注，但是下一代结婚前，通过婚前协议、家族信托等方式进行传承安排的仅占4%；企业家使用的传承工具大多集中在保险、家族信托和赠与工具；93%的企业家规划家族传承时，选择机构的最主要标准是品牌度、信誉度和专营牌照。
报告在传统调查研究的基础上，结合量化数据进行了深入分析，得出企业家财富健康相关的六大发现：
一是稳中有进：稳健是受访企业家的主要特征，稳中有进成为优势，主要体现在企业控制权“稳”，超过75%的创始人牢牢掌握家族企业的所有权；运营“稳”，95%的受访企业家低负债或者无负债地经营企业；投资“稳”，在金融资产的配置上，企业家偏好风险等级较低的金融产品；企业家持家“稳”，在家族治理方面，企业家普遍关注风险管理工具、注重服务机构的品牌和经验；
二是转型升级：家族企业健康成为企业家财富健康的核心挑战。在经济增速放缓、产业结构转型升级的宏观背景下，与中国经济共同发展起来的民营企业同样面临新的机遇与挑战，超50%受访企业家认为企业存在转型升级的需求。
三是重视传承：60岁是企业传承的分水岭，然而受访企业家真正开始传承计划的比例不足30%。目前企业家年龄集中在50-59岁，知易行难，实际需求和行为存在较大反差，“时间紧，任务重”，将是未来十年民营企业传承的重要特征；
四是积极乐观：企业家对于宏观环境和自身发展较为乐观，超过三分之二的企业家认为家族拥有共同的价值观，62%的企业家家族成员愿意为共同利益牺牲个人利益；
五是需求多元：关注点不局限在企业和金融财富在代际间的传递或转移，人文精神财富、家族治理的传承也愈发受到关注，法律、税务、二代培养等课题也越发受到重视;
六是财富向善：受访企业家的捐赠领域不断拓宽，捐赠对象从教育、扶贫、医疗等民生基础领域，不断拓宽至基础研究、技术创新、人才培养、高端人才引进等有利于国家发展和提升人类福祉的领域；企业家参与慈善公益意愿不断增强。
今年是国家“十四五”规划开局之年，中国企业家财富健康状况的整体提升，必将通过企业和金融体系反哺实体经济高质量发展，为实现共同富裕与和谐社会作出贡献。未来，工银私人银行将继续携手专业机构持续做好指数体系的更新和迭代，动态跟踪中国企业家家业、企业的发展变化，帮助企业家更好地了解和防范风险，助力企业家做大蛋糕、分好蛋糕，弘扬企业家精神，持续打造面向企业家客户的公私一体化综合服务平台，并让财富成为增强人民获得感、幸福感、安全感的有力助推。（工行贵州省分行供稿供图）
人民日报社概况 | 关于人民网 | 报社招聘 | 招聘英才 | 广告服务 | 合作加盟 | 供稿服务 | 数据服务 | 网站声明 | 网站律师 | 信息保护 | 联系我们
服务邮箱： kf@people.cn 违法和不良信息举报电话：010-65363263 举报邮箱： jubao@people.cn
互联网新闻信息服务许可证10120170001 | 增值电信业务经营许可证B1-20060139 | 广播电视节目制作经营许可证（广媒）字第172号
信息网络传播视听节目许可证0104065 | 网络文化经营许可证 京网文[2020]5494-1075号 | 网络出版服务许可证（京）字121号 | 京ICP证000006号 | 京公网安备11000002000008号
人 民 网 版 权 所 有 ，未 经 书 面 授 权 禁 止 使 用 Copyright © 1997-2021 by www.people.com.cn. all rights reserved",婚姻|对象|结婚,ambiguous,remove
People.cn,2021-12-22,长护险 为更多家庭减负担（这一年，我们获得感满满）,"自从参保了长期护理保险，福建晋江的蔡锡荣老人轻松不少――今年73岁的她，孤身照顾瘫痪在床的老伴已有10余年。如今，每周两次的护理员上门服务，帮蔡锡荣卸下重担：“老伴笑容多了，我也非常满意。”
让老两口获益的，正是福建省晋江市于2020年7月在全省率先启动的“长期护理保险”试点工作。“长期护理保险”，是指以互助共济方式筹集资金，为长期失能人员的基本生活照料和与之密切相关的医疗护理提供服务或资金保障的社会保险。在这次的试点中，晋江参保拓面有序推进，待遇水平和服务能力不断提升，提升了人民群众的获得感和幸福感。
在晋江市梅岭街道蔡厝社区里，邻鹿养老机构的护理员林银花到达蔡裕俊老人家中，进行长期护理保险服务项目：洗浴、理发、肌肉按摩……林银花动作麻利熟练。蔡裕俊一脸笑意，老伴蔡锡荣老人心里也热乎乎的。“小林护理得很好，就像我们自己的亲人一样。”蔡锡荣说。
2021年1月，经过第三方机构专业评估，蔡裕俊被定为重度失能，参保长护险后可享受每月10次的居家护理服务。然而一开始，蔡锡荣却不想让护理员上门服务――原来，之前的护理员缺乏系统培训，专业技能不过关，态度还不认真。这次听到又有护理员要上门，蔡锡荣连连拒绝。
“阿姨，我们这些护理员都是经过专业培训的。让我试一下，如果不行，你再拒绝。”在林银花的坚持下，蔡锡荣让她进了门，这一试，蔡锡荣转变了看法：“小林既专业又认真，我非常满意！”此后，林银花每三天到蔡裕俊家为他做一个半小时以上的居家护理服务。
去年7月，晋江市正式启动长期护理保险试点工作，林银花报名参加了晋江市中医院免费开办的失能护理技能培训班，成为第一期接受正式培训和考核的长护险护理员。在晋江市中医院的骨干护士与福建省中医药大学心理教师的指导下，林银花学习了擦浴、床椅转移训练、鼻饲、关节护理、心理健康的理论知识和技能。
泉州市医疗保障局晋江分局局长黄长沙说，晋江市已经有13家护理、评估、辅具租赁的专业服务机构和近100个专职护理人员。同时，针对机构护理、社区护理和居家护理这三种长护险护理服务形式，晋江市开展了以政府委托、机构承办为特色的护理培训，要求护理员对长护险护理项目逐一学习过关才能上岗，同时安排第三方机构定期对护理员工作进行实地监督考核。
护理省心，开支更省钱――蔡锡荣家里的账本算得明白：“现在买纸尿裤，长护险能报销八成，一个月能省下224块钱。”蔡锡荣说。
据了解，晋江市按一定标准分层次向失能对象提供护理床、轮椅、制氧机等辅具和护理垫、纸尿裤等耗材共37种品规的租购补助，失能对象最高可以申请每年3600元的辅助器具补助和每月300元的耗材补助。实际补助费用中，除了由长护险资金补助报销60%外，晋江市慈善总会再补助报销20%。同时，全额减免失能人员中的低保特困群体个人负担的20%，减免部分由晋江市慈善基金一并承担。
看到晋江市首批长护险试点的成效后，安海镇后林村成为今年第一个申报试点的村。
安海镇后林村党支部书记许金铗说：“村里产业不错，慈善款余额也丰盈，何不村里统一出资参保？”由村慈善基金捐助，村集体代缴费用，就这样，村民们都保上了长护险。眼下，后林村里13位失能人员都得到了免费定期居家护理服务和辅具补助报销资金。为解决现阶段个人自愿参保积极性低的难题，在试点实践中，城乡居民创新探索出了多种筹资模式，有的由村集体财产富余部分集体代缴，有的发动慈善机构、乡贤企业捐助。“这种‘多方筹资、互助共济’的方式解决了试点初期缴费难、筹资难的问题。”黄长沙说。
参与护理工作一年多，林银花对护理对象最常说的一句话是：“慢慢来不要急，以后恢复得好了，我们还能下楼走走。”这句鼓励不只是说说而已，“我们3天才去一次，更多还是要靠自身的保养恢复。”林银花表示，自己平时也会向家属和护理对象传授日常护理知识。
璞缘养老机构的护理员陈瑞真对此也颇有心得。她负责护理的许阿婆因为中风腿脚不便，陈瑞真刚去时，许阿婆还需要2个人扶着才能挪两步。之后每次去护理，陈瑞真一边给许阿婆的双腿按摩，一边念叨着教她平时自己进行腿部按摩的方法。“现在只需要我一个人就能牵着许阿婆慢慢走了。”陈瑞真说。
据介绍，晋江长护险从护理对象的需要出发，开发出了“47个标准项目+个性化护理计划”的护理服务产品，既有规范的项目标准，又能根据每个参保人自身需求，量身订制个人护理方案。此外，目前已初步形成了“3+1+1”的待遇服务体系，即机构护理、社区护理和居家护理这3种主要护理服务形式，辅助器具服务项目这一辅助服务形式和预防失能干预项目这一补充服务形式。",对象,ambiguous,remove
People.cn,2021-12-22,长护险 为更多家庭减负担（这一年，我们获得感满满）--健康・生活--人民网,"自从参保了长期护理保险，福建晋江的蔡锡荣老人轻松不少――今年73岁的她，孤身照顾瘫痪在床的老伴已有10余年。如今，每周两次的护理员上门服务，帮蔡锡荣卸下重担：“老伴笑容多了，我也非常满意。”
让老两口获益的，正是福建省晋江市于2020年7月在全省率先启动的“长期护理保险”试点工作。“长期护理保险”，是指以互助共济方式筹集资金，为长期失能人员的基本生活照料和与之密切相关的医疗护理提供服务或资金保障的社会保险。在这次的试点中，晋江参保拓面有序推进，待遇水平和服务能力不断提升，提升了人民群众的获得感和幸福感。
在晋江市梅岭街道蔡厝社区里，邻鹿养老机构的护理员林银花到达蔡裕俊老人家中，进行长期护理保险服务项目：洗浴、理发、肌肉按摩……林银花动作麻利熟练。蔡裕俊一脸笑意，老伴蔡锡荣老人心里也热乎乎的。“小林护理得很好，就像我们自己的亲人一样。”蔡锡荣说。
2021年1月，经过第三方机构专业评估，蔡裕俊被定为重度失能，参保长护险后可享受每月10次的居家护理服务。然而一开始，蔡锡荣却不想让护理员上门服务――原来，之前的护理员缺乏系统培训，专业技能不过关，态度还不认真。这次听到又有护理员要上门，蔡锡荣连连拒绝。
“阿姨，我们这些护理员都是经过专业培训的。让我试一下，如果不行，你再拒绝。”在林银花的坚持下，蔡锡荣让她进了门，这一试，蔡锡荣转变了看法：“小林既专业又认真，我非常满意！”此后，林银花每三天到蔡裕俊家为他做一个半小时以上的居家护理服务。
去年7月，晋江市正式启动长期护理保险试点工作，林银花报名参加了晋江市中医院免费开办的失能护理技能培训班，成为第一期接受正式培训和考核的长护险护理员。在晋江市中医院的骨干护士与福建省中医药大学心理教师的指导下，林银花学习了擦浴、床椅转移训练、鼻饲、关节护理、心理健康的理论知识和技能。
泉州市医疗保障局晋江分局局长黄长沙说，晋江市已经有13家护理、评估、辅具租赁的专业服务机构和近100个专职护理人员。同时，针对机构护理、社区护理和居家护理这三种长护险护理服务形式，晋江市开展了以政府委托、机构承办为特色的护理培训，要求护理员对长护险护理项目逐一学习过关才能上岗，同时安排第三方机构定期对护理员工作进行实地监督考核。
护理省心，开支更省钱――蔡锡荣家里的账本算得明白：“现在买纸尿裤，长护险能报销八成，一个月能省下224块钱。”蔡锡荣说。
据了解，晋江市按一定标准分层次向失能对象提供护理床、轮椅、制氧机等辅具和护理垫、纸尿裤等耗材共37种品规的租购补助，失能对象最高可以申请每年3600元的辅助器具补助和每月300元的耗材补助。实际补助费用中，除了由长护险资金补助报销60%外，晋江市慈善总会再补助报销20%。同时，全额减免失能人员中的低保特困群体个人负担的20%，减免部分由晋江市慈善基金一并承担。
看到晋江市首批长护险试点的成效后，安海镇后林村成为今年第一个申报试点的村。
安海镇后林村党支部书记许金铗说：“村里产业不错，慈善款余额也丰盈，何不村里统一出资参保？”由村慈善基金捐助，村集体代缴费用，就这样，村民们都保上了长护险。眼下，后林村里13位失能人员都得到了免费定期居家护理服务和辅具补助报销资金。为解决现阶段个人自愿参保积极性低的难题，在试点实践中，城乡居民创新探索出了多种筹资模式，有的由村集体财产富余部分集体代缴，有的发动慈善机构、乡贤企业捐助。“这种‘多方筹资、互助共济’的方式解决了试点初期缴费难、筹资难的问题。”黄长沙说。
参与护理工作一年多，林银花对护理对象最常说的一句话是：“慢慢来不要急，以后恢复得好了，我们还能下楼走走。”这句鼓励不只是说说而已，“我们3天才去一次，更多还是要靠自身的保养恢复。”林银花表示，自己平时也会向家属和护理对象传授日常护理知识。
璞缘养老机构的护理员陈瑞真对此也颇有心得。她负责护理的许阿婆因为中风腿脚不便，陈瑞真刚去时，许阿婆还需要2个人扶着才能挪两步。之后每次去护理，陈瑞真一边给许阿婆的双腿按摩，一边念叨着教她平时自己进行腿部按摩的方法。“现在只需要我一个人就能牵着许阿婆慢慢走了。”陈瑞真说。
据介绍，晋江长护险从护理对象的需要出发，开发出了“47个标准项目+个性化护理计划”的护理服务产品，既有规范的项目标准，又能根据每个参保人自身需求，量身订制个人护理方案。此外，目前已初步形成了“3+1+1”的待遇服务体系，即机构护理、社区护理和居家护理这3种主要护理服务形式，辅助器具服务项目这一辅助服务形式和预防失能干预项目这一补充服务形式。
《 人民日报 》（ 2021年12月22日 13 版）
人民日报社概况 | 关于人民网 | 报社招聘 | 招聘英才 | 广告服务 | 合作加盟 | 供稿服务 | 网站声明 | 网站律师 | 信息保护 | 联系我们 | ENGLISH
服务邮箱： kf@people.cn 违法和不良信息举报电话：010-65363263 举报邮箱： jubao@people.cn
互联网新闻信息服务许可证10120170001 | 增值电信业务经营许可证B1-20060139 | 广播电视节目制作经营许可证（广媒）字第172号
信息网络传播视听节目许可证0104065 | 网络文化经营许可证 京网文[2020]5494-1075号 | 网络出版服务许可证（京）字121号 | 京ICP证000006号 | 京公网安备11000002000008号
人 民 网 版 权 所 有 ，未 经 书 面 授 权 禁 止 使 用 Copyright © 1997-2021 by www.people.com.cn. all rights reserved",对象,ambiguous,remove
People.cn,2021-12-22,乡风文明润民心 东方“四聚焦”引领乡村文化振兴,"人民网东方12月22日电 （李学山、符武平） 乡村文化振兴是乡村振兴战略的重要内容，近年来，东方市把大力推动乡村文化振兴作为实施乡村振兴战略的重要内容，与决胜全面小康、决战脱贫攻坚相结合，繁荣发展乡村文化事业和文化产业，不断提高乡村社会文明程度，以聚焦乡风文明，深化精神文明建设、聚焦阵地建设，繁荣发展乡村文化、聚焦保护利用，抓实民族文化传承、聚焦服务群众，开展文化惠民活动等举措持续引领乡村文化振兴，取得了显著成效。
东方市八所镇上红兴村是一个地理位置和资源禀赋都非常普通的传统村落，然而得益于基层党建工作的扎实开展，该村以党建引领，立家规传家训树家风、打造感恩尚德文化、构建共建共治共享治理模式，逐步形成了“爱国爱村、邻里和睦、团结奋进”的村风和“崇德重教、勤劳乐业、朴实友善”的民风，让这个普通村庄焕发出了全面振兴发展的强大内生动力。
在这里，厚葬薄养、大操大办等陈规陋习是“人人喊打的过街老鼠”，“星级文明卫生户”“五星文明户”是家家争抢的目标……12月15日，由东方市委宣传部、东方市乡村振兴局主办，人民网海南频道组织的“走进乡村看小康”东方站活动走进八所镇上红兴村，来自各地的网络大V和媒体记者看到了一个与众不同的美丽乡村。
“过去每逢高考录取时节，村里的升学宴一家接一家，去了负担重，不去面子上过不去，现在大家都守规矩就好多了。”上红兴村党支部书记、村委会主任张元兴说，近年来，他们和驻村乡村振兴工作队通过对本村传统文化的挖掘和整理，以“德”字为核心打造上红兴村的“尚德”文化；制定了“十要十不要”的村规民约，开展“立家风传家训”工作，广泛开展“卫生红黑榜”和各色文体活动，打造“俭以养德、明德惟馨、同心同德、厚德载物”的“尚德”文化，使得村民形成了向上向善的文化自觉。
航拍东方市八所镇上红兴村。人民网 符武平摄
据介绍，上红兴村“十要十不要”的村规民约，对“红白事”大操大办、厚葬薄养等陈规陋习进行规范治理，对升学宴、婚宴等限制酒桌席数，杜绝铺张浪费和人情攀比。比如规定村民家中如有儿子，其儿子只有一次举办酒席的机会，即如果在考大学时举办了升学酒，那结婚时就不能再摆结婚酒。又如在举办丧事期间，本村人不在其家吃饭，只有外地来的亲人才能接待用餐等；再比如对升学宴、婚宴等进行规模限制，酒席桌数不能超过20桌，杜绝铺张浪费和人情攀比，减轻了农民的经济负担，净化了陋习风气。张元兴说，刚开始也有一些村民不太理解，但随着工作的持续开展，大家慢慢能够接受，后来发现这样一来确实让大家都轻松了不少，同时也建立了良好的人际关系，周边的村庄也开始学习和推广这一经验和做法。
告别陈规陋习只是上红兴村移风易俗的亮点之一。开展人居环境整治以来，上红兴村每月开展“卫生红黑榜”评比活动，进入红榜和黑榜的农户名单，不仅会张贴在村内，还会发到村民的大微信群中，红榜前五名每名奖励100元生活购物券，黑榜后十名全村通报，并作为重点整治对象，推动农户纷纷自觉负责好自家房前屋后的卫生。
张元兴告诉记者，近年来上红兴村党支部以“1+3”工作法持续推进移风易俗工作，即“以党建引领，立家规传家训树家风、打造感恩尚德文化、构建共建共治共享治理模式”，全面推进乡风文明工作，助力乡村振兴。2020年以来获评“海南省三星级美丽乡村”“海南省文明村镇”“海南省卫生村”“海南省科普示范点”“海南省文明生态村”“东方市乡村振兴工作示范村”和“东方市先进基层党组织建设示范点”等荣誉。
在东方，像上红兴村这样的村庄比比皆是。东方的决策者深知，乡村振兴关键是要提振、激发农民的信心和力量。只有加强乡村文化的振兴，才能帮助农民树立发展信心、振奋精神、生发激情，为乡村振兴注入强大的精神动力。东方市乡村振兴局有关负责人说，近年来东方市通过大力创新举措、移风易俗、塑造典型，进一步提升了乡风文明水平，焕发了乡风文明新气象，为乡村振兴铸魂助力。
如果说乡村文化是深埋在农村的底蕴，那热带风情精品小镇就是东方挖掘乡村文化结出的硕果。
白查村就是其中的典型代表。这个位于东方市江边乡的黎族村庄，保存着完整的海南黎族传统民居――黎族船型屋。2013年7月，白查船型屋村落被命名为“中国传统古村落”。经过整村搬迁后，如今白查村成了旅游景点，村中的黎族船型屋吸引着全国各地的游客前来参观游玩，在带动当地及周边旅游业发展的同时，也成为外界了解黎族传统文化的重要窗口。
航拍白查村，81座船型屋错落有致。人民网 符武平摄
近年来，东方市以白查村黎族船型屋、“中国少数民族特色村寨”报白村为代表的特色村，以及滨海渔村、文化名村、好景名村、特产名村等自然人文资源优势突出的村庄，充分挖掘和保护古村落、古民居、古建筑等农村物质文化遗产，做好文旅结合文章，让乡村振兴后劲十足。
2019年出台的《东方市乡村振兴战略规划(2018-2022年)》提出，坚持“不砍树、不占田、不拆房，就地城镇化”原则，以“一镇一产业、一镇一风情、一镇一特色”为格局，围绕“宜居、宜游、宜业”的总要求，通过产业提升、旅游拓展、环境整治、乡村文化挖掘、农民创业就业和城镇化推进等具体措施，促进农村三产融合发展；扎实推进东河黎锦小镇、新龙果果小镇、板桥花卉小镇、大田乡村休闲游小镇、八所盐谷小镇等热带风情精品小镇建设。
在美丽乡村建设中，东方市挖掘利用自然生态、地域文化、历史文化等优势资源，打造东方特色的美丽乡村旅游格局，挖掘乡村旅游文化内涵，把每个美丽乡村打造成旅游景点，把农户建筑作为一个文化小品来改造建设，形成“一村一品、一村一景、一村一韵”的乡村旅游景观。
到2020年，全市已建成110个美丽乡村示范村，多个宜居、宜游、宜业的美丽乡村示范点、一批乡村旅游特色民宿示范村和美丽乡村休闲旅游度假景区吸引了大批游客观光打卡。
乡村振兴离不开文化振兴，没有乡村文化的繁荣兴盛，就难以实现乡村振兴的伟大使命。
据东方市乡村振兴局有关负责人介绍，东方市近年来把大力推动乡村文化振兴作为实施乡村振兴战略的重要内容，与决胜全面小康、决战脱贫攻坚相结合，繁荣发展乡村文化事业和文化产业，不断提高乡村社会文明程度，以聚焦乡风文明，深化精神文明建设、聚焦阵地建设，繁荣发展乡村文化、聚焦保护利用，抓实民族文化传承、聚焦服务群众，开展文化惠民活动等举措持续引领乡村文化振兴，取得了显著成效。
东方以乡风建设为抓手，全面深化农村精神文明建设，激发贫困群众脱贫奔小康的内生动力。广泛开展日常化、具体化、形象化、生活化的宣传教育，推动社会主义核心价值观转化为人民群众的思想自觉和行为习惯。通过织开展文化科技卫生“三下乡”等活动，倡导科学健康的生活方式，引导群众摒弃落后习俗，移风易俗、敦风化俗。坚持自治、法治、德治相结合，整治封建迷信等突出问题，涵养文明乡风，营造守望相助、崇德向善的文明风尚。
同时，持续加强对农村公共文化服务设备的检查督促，保证设施发挥作用，用科学、健康、向上的思想文化占领基层文化阵地。注重培养农村文化人才，经常开展活动，加强正面引导。
海南省东方市东河镇玉龙村的黎族“织娘”。人民网 毛雷摄
在挖掘民族文化传承方面，东方以黎锦等传统工艺项目为切入点和龙头，培育非遗特色产业。积极推进文化传承建章立制工作，稳步推进非遗展示、保护传承基地建设。依托国家级、省级历史文化名镇、名村、传统村落建设非遗项目传习点。
此外，多举措扎实推进“深入生活、扎根人民”主题实践活动，积极组织引导广大文艺工作者围绕全面小康、脱贫攻坚、乡村振兴、文化强国、抗击疫情等题材，深入基层一线采风，建立基层联系点，开展定点深入生活、“结对子、种文化”等帮扶基层工作，坚持“创造性转化、创新性发展”，将传统文化融入艺术创作之中，潜心创作推出一大批思想性与艺术性相统一，人民群众喜闻乐见的优秀艺术作品走进群众视野，不断丰富人民群众的精神文化生活，弘扬了主旋律、传播了正能量，为乡村振兴注入了强大的文化力量。
“乡村振兴关键是要提振、激发农民的信心和力量。只有加强乡村文化的振兴，才能帮助农民树立发展信心、振奋精神、生发激情，为乡村振兴注入强大的精神动力。”东方市相关负责人表示，下一步东方将继续发挥文化凝聚人心、坚定信心、引导村民的作用，提振精气神，激发广大农民投身乡村振兴的积极性和主动性，助力乡村振兴在东方蓬勃展开。
人民日报社概况 | 关于人民网 | 报社招聘 | 招聘英才 | 广告服务 | 合作加盟 | 供稿服务 | 数据服务 | 网站声明 | 网站律师 | 信息保护 | 联系我们
服务邮箱： kf@people.cn 违法和不良信息举报电话：010-65363263 举报邮箱： jubao@people.cn
互联网新闻信息服务许可证10120170001 | 增值电信业务经营许可证B1-20060139 | 广播电视节目制作经营许可证（广媒）字第172号
信息网络传播视听节目许可证0104065 | 网络文化经营许可证 京网文[2020]5494-1075号 | 网络出版服务许可证（京）字121号 | 京ICP证000006号 | 京公网安备11000002000008号
人 民 网 版 权 所 有 ，未 经 书 面 授 权 禁 止 使 用 Copyright © 1997-2021 by www.people.com.cn. all rights reserved",对象|结婚,ambiguous,remove
People.cn,2021-12-22,长护险 为更多家庭减负担（这一年，我们获得感满满）--领导留言板--人民网,"自从参保了长期护理保险，福建晋江的蔡锡荣老人轻松不少――今年73岁的她，孤身照顾瘫痪在床的老伴已有10余年。如今，每周两次的护理员上门服务，帮蔡锡荣卸下重担：“老伴笑容多了，我也非常满意。”
让老两口获益的，正是福建省晋江市于2020年7月在全省率先启动的“长期护理保险”试点工作。“长期护理保险”，是指以互助共济方式筹集资金，为长期失能人员的基本生活照料和与之密切相关的医疗护理提供服务或资金保障的社会保险。在这次的试点中，晋江参保拓面有序推进，待遇水平和服务能力不断提升，提升了人民群众的获得感和幸福感。
在晋江市梅岭街道蔡厝社区里，邻鹿养老机构的护理员林银花到达蔡裕俊老人家中，进行长期护理保险服务项目：洗浴、理发、肌肉按摩……林银花动作麻利熟练。蔡裕俊一脸笑意，老伴蔡锡荣老人心里也热乎乎的。“小林护理得很好，就像我们自己的亲人一样。”蔡锡荣说。
2021年1月，经过第三方机构专业评估，蔡裕俊被定为重度失能，参保长护险后可享受每月10次的居家护理服务。然而一开始，蔡锡荣却不想让护理员上门服务――原来，之前的护理员缺乏系统培训，专业技能不过关，态度还不认真。这次听到又有护理员要上门，蔡锡荣连连拒绝。
“阿姨，我们这些护理员都是经过专业培训的。让我试一下，如果不行，你再拒绝。”在林银花的坚持下，蔡锡荣让她进了门，这一试，蔡锡荣转变了看法：“小林既专业又认真，我非常满意！”此后，林银花每三天到蔡裕俊家为他做一个半小时以上的居家护理服务。
去年7月，晋江市正式启动长期护理保险试点工作，林银花报名参加了晋江市中医院免费开办的失能护理技能培训班，成为第一期接受正式培训和考核的长护险护理员。在晋江市中医院的骨干护士与福建省中医药大学心理教师的指导下，林银花学习了擦浴、床椅转移训练、鼻饲、关节护理、心理健康的理论知识和技能。
泉州市医疗保障局晋江分局局长黄长沙说，晋江市已经有13家护理、评估、辅具租赁的专业服务机构和近100个专职护理人员。同时，针对机构护理、社区护理和居家护理这三种长护险护理服务形式，晋江市开展了以政府委托、机构承办为特色的护理培训，要求护理员对长护险护理项目逐一学习过关才能上岗，同时安排第三方机构定期对护理员工作进行实地监督考核。
护理省心，开支更省钱――蔡锡荣家里的账本算得明白：“现在买纸尿裤，长护险能报销八成，一个月能省下224块钱。”蔡锡荣说。
据了解，晋江市按一定标准分层次向失能对象提供护理床、轮椅、制氧机等辅具和护理垫、纸尿裤等耗材共37种品规的租购补助，失能对象最高可以申请每年3600元的辅助器具补助和每月300元的耗材补助。实际补助费用中，除了由长护险资金补助报销60%外，晋江市慈善总会再补助报销20%。同时，全额减免失能人员中的低保特困群体个人负担的20%，减免部分由晋江市慈善基金一并承担。
看到晋江市首批长护险试点的成效后，安海镇后林村成为今年第一个申报试点的村。
安海镇后林村党支部书记许金铗说：“村里产业不错，慈善款余额也丰盈，何不村里统一出资参保？”由村慈善基金捐助，村集体代缴费用，就这样，村民们都保上了长护险。眼下，后林村里13位失能人员都得到了免费定期居家护理服务和辅具补助报销资金。为解决现阶段个人自愿参保积极性低的难题，在试点实践中，城乡居民创新探索出了多种筹资模式，有的由村集体财产富余部分集体代缴，有的发动慈善机构、乡贤企业捐助。“这种‘多方筹资、互助共济’的方式解决了试点初期缴费难、筹资难的问题。”黄长沙说。
参与护理工作一年多，林银花对护理对象最常说的一句话是：“慢慢来不要急，以后恢复得好了，我们还能下楼走走。”这句鼓励不只是说说而已，“我们3天才去一次，更多还是要靠自身的保养恢复。”林银花表示，自己平时也会向家属和护理对象传授日常护理知识。
璞缘养老机构的护理员陈瑞真对此也颇有心得。她负责护理的许阿婆因为中风腿脚不便，陈瑞真刚去时，许阿婆还需要2个人扶着才能挪两步。之后每次去护理，陈瑞真一边给许阿婆的双腿按摩，一边念叨着教她平时自己进行腿部按摩的方法。“现在只需要我一个人就能牵着许阿婆慢慢走了。”陈瑞真说。
据介绍，晋江长护险从护理对象的需要出发，开发出了“47个标准项目+个性化护理计划”的护理服务产品，既有规范的项目标准，又能根据每个参保人自身需求，量身订制个人护理方案。此外，目前已初步形成了“3+1+1”的待遇服务体系，即机构护理、社区护理和居家护理这3种主要护理服务形式，辅助器具服务项目这一辅助服务形式和预防失能干预项目这一补充服务形式。
《 人民日报 》（ 2021年12月22日 13 版）
人民日报社概况 | 关于人民网 | 报社招聘 | 招聘英才 | 广告服务 | 合作加盟 | 供稿服务 | 数据服务 | 网站声明 | 网站律师 | 信息保护 | 联系我们
服务邮箱： kf@people.cn 违法和不良信息举报电话：010-65363263 举报邮箱： jubao@people.cn
互联网新闻信息服务许可证10120170001 | 增值电信业务经营许可证B1-20060139 | 广播电视节目制作经营许可证（广媒）字第172号
信息网络传播视听节目许可证0104065 | 网络文化经营许可证 京网文[2020]5494-1075号 | 网络出版服务许可证（京）字121号 | 京ICP证000006号 | 京公网安备11000002000008号
人 民 网 版 权 所 有 ，未 经 书 面 授 权 禁 止 使 用 Copyright © 1997-2021 by www.people.com.cn. all rights reserved",对象,ambiguous,remove
People.cn,2021-12-22,长护险 为更多家庭减负担（这一年，我们获得感满满）--时政--人民网,"自从参保了长期护理保险，福建晋江的蔡锡荣老人轻松不少――今年73岁的她，孤身照顾瘫痪在床的老伴已有10余年。如今，每周两次的护理员上门服务，帮蔡锡荣卸下重担：“老伴笑容多了，我也非常满意。”
让老两口获益的，正是福建省晋江市于2020年7月在全省率先启动的“长期护理保险”试点工作。“长期护理保险”，是指以互助共济方式筹集资金，为长期失能人员的基本生活照料和与之密切相关的医疗护理提供服务或资金保障的社会保险。在这次的试点中，晋江参保拓面有序推进，待遇水平和服务能力不断提升，提升了人民群众的获得感和幸福感。
在晋江市梅岭街道蔡厝社区里，邻鹿养老机构的护理员林银花到达蔡裕俊老人家中，进行长期护理保险服务项目：洗浴、理发、肌肉按摩……林银花动作麻利熟练。蔡裕俊一脸笑意，老伴蔡锡荣老人心里也热乎乎的。“小林护理得很好，就像我们自己的亲人一样。”蔡锡荣说。
2021年1月，经过第三方机构专业评估，蔡裕俊被定为重度失能，参保长护险后可享受每月10次的居家护理服务。然而一开始，蔡锡荣却不想让护理员上门服务――原来，之前的护理员缺乏系统培训，专业技能不过关，态度还不认真。这次听到又有护理员要上门，蔡锡荣连连拒绝。
“阿姨，我们这些护理员都是经过专业培训的。让我试一下，如果不行，你再拒绝。”在林银花的坚持下，蔡锡荣让她进了门，这一试，蔡锡荣转变了看法：“小林既专业又认真，我非常满意！”此后，林银花每三天到蔡裕俊家为他做一个半小时以上的居家护理服务。
去年7月，晋江市正式启动长期护理保险试点工作，林银花报名参加了晋江市中医院免费开办的失能护理技能培训班，成为第一期接受正式培训和考核的长护险护理员。在晋江市中医院的骨干护士与福建省中医药大学心理教师的指导下，林银花学习了擦浴、床椅转移训练、鼻饲、关节护理、心理健康的理论知识和技能。
泉州市医疗保障局晋江分局局长黄长沙说，晋江市已经有13家护理、评估、辅具租赁的专业服务机构和近100个专职护理人员。同时，针对机构护理、社区护理和居家护理这三种长护险护理服务形式，晋江市开展了以政府委托、机构承办为特色的护理培训，要求护理员对长护险护理项目逐一学习过关才能上岗，同时安排第三方机构定期对护理员工作进行实地监督考核。
护理省心，开支更省钱――蔡锡荣家里的账本算得明白：“现在买纸尿裤，长护险能报销八成，一个月能省下224块钱。”蔡锡荣说。
据了解，晋江市按一定标准分层次向失能对象提供护理床、轮椅、制氧机等辅具和护理垫、纸尿裤等耗材共37种品规的租购补助，失能对象最高可以申请每年3600元的辅助器具补助和每月300元的耗材补助。实际补助费用中，除了由长护险资金补助报销60%外，晋江市慈善总会再补助报销20%。同时，全额减免失能人员中的低保特困群体个人负担的20%，减免部分由晋江市慈善基金一并承担。
看到晋江市首批长护险试点的成效后，安海镇后林村成为今年第一个申报试点的村。
安海镇后林村党支部书记许金铗说：“村里产业不错，慈善款余额也丰盈，何不村里统一出资参保？”由村慈善基金捐助，村集体代缴费用，就这样，村民们都保上了长护险。眼下，后林村里13位失能人员都得到了免费定期居家护理服务和辅具补助报销资金。为解决现阶段个人自愿参保积极性低的难题，在试点实践中，城乡居民创新探索出了多种筹资模式，有的由村集体财产富余部分集体代缴，有的发动慈善机构、乡贤企业捐助。“这种‘多方筹资、互助共济’的方式解决了试点初期缴费难、筹资难的问题。”黄长沙说。
参与护理工作一年多，林银花对护理对象最常说的一句话是：“慢慢来不要急，以后恢复得好了，我们还能下楼走走。”这句鼓励不只是说说而已，“我们3天才去一次，更多还是要靠自身的保养恢复。”林银花表示，自己平时也会向家属和护理对象传授日常护理知识。
璞缘养老机构的护理员陈瑞真对此也颇有心得。她负责护理的许阿婆因为中风腿脚不便，陈瑞真刚去时，许阿婆还需要2个人扶着才能挪两步。之后每次去护理，陈瑞真一边给许阿婆的双腿按摩，一边念叨着教她平时自己进行腿部按摩的方法。“现在只需要我一个人就能牵着许阿婆慢慢走了。”陈瑞真说。
据介绍，晋江长护险从护理对象的需要出发，开发出了“47个标准项目+个性化护理计划”的护理服务产品，既有规范的项目标准，又能根据每个参保人自身需求，量身订制个人护理方案。此外，目前已初步形成了“3+1+1”的待遇服务体系，即机构护理、社区护理和居家护理这3种主要护理服务形式，辅助器具服务项目这一辅助服务形式和预防失能干预项目这一补充服务形式。
人民日报社概况 | 关于人民网 | 报社招聘 | 招聘英才 | 广告服务 | 合作加盟 | 供稿服务 | 数据服务 | 网站声明 | 网站律师 | 信息保护 | 联系我们
服务邮箱： kf@people.cn 违法和不良信息举报电话：010-65363263 举报邮箱： jubao@people.cn
互联网新闻信息服务许可证10120170001 | 增值电信业务经营许可证B1-20060139 | 广播电视节目制作经营许可证（广媒）字第172号
信息网络传播视听节目许可证0104065 | 网络文化经营许可证 京网文[2020]5494-1075号 | 网络出版服务许可证（京）字121号 | 京ICP证000006号 | 京公网安备11000002000008号
人 民 网 版 权 所 有 ，未 经 书 面 授 权 禁 止 使 用 Copyright © 1997-2021 by www.people.com.cn. all rights reserved",对象,ambiguous,remove
People.cn,2021-12-23,河南保研女生的笔记真惊艳，成全班同学的“重点借用对象”,"还记得，你上学记的笔记有多少吗？这两日，河南一位大学生的课堂笔记火了，她用过的笔记本重达40多公斤，全部摞起来有1.5米高。
她就是河南理工大学文法学院中文系大四女生陈鸿远，同学们还给她取了一个霸气的昵称：“笔记狂魔”，如今，她以第一名的身份推免暨南大学研究生。想知道“笔记狂魔”的诀窍，一起来看看吧。
陈鸿远今年21岁，是专业里妥妥的一名学霸。
大河报·豫视频记者注意到，她的笔记字迹工整，用各种颜色的笔标注出了重点，还用箭头标注了不同知识点之间的关联，在重要的知识点旁，还贴有便笺纸，附上自己的所思所想。从单一的手写笔记到结合电子产品，从一字一句“搬运”课本到搭配自己的随想与总结，从课本笔记到课外感想，她的笔记成为全班同学的“重点借用对象”。
而她用过的笔记本加起来有40多公斤重，摞起来有1.5米高，同学们为此送了她一个“笔记狂魔”的昵称。
“记笔记的过程也是一种学习的过程，我乐在其中。”陈鸿远说。她相信好记性不如烂笔头，所以，特别热衷作笔记。尤其是老师教学PPT上的内容，她会边记边思考。
她的努力也有了回报：目前，陈鸿远已被暨南大学中文系研究生学院比较文学与世界文学专业录取，全国仅录取两名推免生，她是以第一名的身份被录取。
记者了解到，生活中，陈鸿远最爱的是看书，这个习惯她从小保持到现在。在她的心中，“有书的地方就是天堂”。
大二时，她便锁定了名校中文系这个目标。为此，她坚持读经典书，老师提供的书单，她一个不落地全部读过，其中很多人“读不进”的书，她却不止一遍地读了又读。在陈鸿远备考书单中可以看到，她所读的西方文学、中国文学、学术类相关书籍足有731本之多。
而谈及成功秘诀，她觉得，考研拼的是思考和自律。她每天6点起床，一天中，除了吃饭、睡觉和锻炼，其他时间，都被她用在了看书、记笔记和思考上，陈鸿远说：“读书的同时，一定要有自己的思考，研究生考试的答题要体现出思想性，这样在考研中才有可能拿高分。”
虽然已经保研成功，但她的作息并未改变。她要为未来继续努力，“我想继续攻读博士学位，希望将来能到大学工作，进行写作和学术研究。”
人民日报社概况 | 关于人民网 | 报社招聘 | 招聘英才 | 广告服务 | 合作加盟 | 供稿服务 | 数据服务 | 网站声明 | 网站律师 | 信息保护 | 联系我们
服务邮箱： kf@people.cn 违法和不良信息举报电话：010-65363263 举报邮箱： jubao@people.cn
互联网新闻信息服务许可证10120170001 | 增值电信业务经营许可证B1-20060139 | 广播电视节目制作经营许可证（广媒）字第172号
信息网络传播视听节目许可证0104065 | 网络文化经营许可证 京网文[2020]5494-1075号 | 网络出版服务许可证（京）字121号 | 京ICP证000006号 | 京公网安备11000002000008号
人 民 网 版 权 所 有 ，未 经 书 面 授 权 禁 止 使 用 Copyright © 1997-2021 by www.people.com.cn. all rights reserved",对象,ambiguous,remove
People.cn,2021-12-23,家企欣荣 财富向善,"2021年12月22日，中国工商银行以“家企欣荣，财富向善”为主题，成功举办“工银企业家财富健康指数报告”云发布仪式。
充满活力的企业和企业家群体是当前中国构建新发展格局的关键要素。面对民营企业升级转型与代际传承的双重挑战，中国企业家的“家业、企业”财富是否健康，能否进行有效管理和平稳传承，不仅关系到企业家自身，更是关乎中国经济增长、全社会就业状况，以及构建三次分配基础性制度安排的重要问题，是大国和小家在中国经济发展新阶段下迈向共同富裕的关键点。
本次工银私人银行联合上海交通大学上海高级金融学院，共同发布《2021工银企业家财富健康指数报告》，旨在全面检视企业家群体的财富健康状况，并提出切实可行的建议，助力企业家通过财富健康管理体系，有效管理好家业、企业的同时，实现财富与精神的稳健传承。同时，也希望指数报告能为监管机构的政策制定提供数据支撑和市场反馈，不断完善财富管理政策法规、家族信托制度等，促进居民财富向友善型社会资本转化，促进财富管理行业健康发展。
三大特色：发布机构权威，数据来源广泛，模型建构科学
“工银企业家财富健康指数”由工商银行私人银行部与上海交通大学上海高级金融学院联合推出。报告访谈历时4个月，受访者包括1223名企业家身份的私人银行客户，其中39%的企业家来自制造业，12%来自房地产业，10%来自批发零售业，七成客户资产5000万以上，40-59岁之间的客户占比65%，地域覆盖30个省级行政区及下属地级市。
报告借鉴国外先进模型，将大量理论研究化繁为简，把中国民营企业家财富管理体系划分为四个维度，并通过权重调整模拟出企业家财富管理的实际情况，得出一套可量化的评估体系，帮助企业家通过财富健康管理体系，有效管理好其企业、金融和家族资产，让资产得到专业管理和稳健传承。
四维象限：量化评分模型客观展现企业家财富健康状况
报告指出，2021年工银企业家财富健康总指数得分为75分，体现出新时代背景下中国企业家整体财富健康的良好状况。具体由以下四个子项构成：
家企发展信心得分在四个子项中得分中最高，表明在我国经济转型升级的双循环新格局下，中国企业家展现出对国家经济和家族长远发展的充分信心。本报告进一步发现，财富信心与教育程度、城市等级正相关；受访企业家普遍对风险防范、内部沟通、代际关系和价值观方面较为有信心。
家族企业健康得分在四个子项中得分最低，表明民营企业转型升级及传承安排面临较大挑战。84%的家族企业管理权仍集中于一代企业家；四成受访企业家存在家企混同的现象，家企隔离方面仍有待提升，企业升级转型和税务筹划也成为企业家普遍关注的方向；仅有不到1%的受访企业家将企业交由职业经理人管理。
金融资产健康得分77分，表明企业家家业财富状况较企业财富更为健康。企业家家庭资产配置类型较为多元，最受企业家青睐的前三类资产分别是银行存款和理财（96%）、投资性房产（83%）、股票和基金（50%）；企业家对投资组合的年化收益期望集中在5-10%，较为理性；企业家的风险承受能力和期望收益之间有着较好的匹配程度，有较好的风险控制意识；企业家能有效运用专业机构获得投资信息，但更倾向于独立决策。
家族治理健康得分68分，表明企业家家族内部治理方面仍有较多提升空间。89%的受访企业家认为家族传承安排与规划是他们最关心的问题，但仅有29%进行了财富传承安排，尚有60%的企业家完全未将财产进行代际转移；虽然企业家普遍对于下一代婚姻问题有极大的关注，但是下一代结婚前，通过婚前协议、家族信托等方式进行传承安排的仅占4%；企业家使用的传承工具大多集中在保险、家族信托和赠与工具；93%的企业家规划家族传承时，选择机构的最主要标准是品牌度、信誉度和专营牌照。
报告在传统调查研究的基础上，结合量化数据进行了深入分析，得出企业家财富健康相关的六大发现：
一是稳中有进：稳健是受访企业家的主要特征，稳中有进成为优势，主要体现在企业控制权“稳”，超过75%的创始人牢牢掌握家族企业的所有权；运营“稳”，95%的受访企业家低负债或者无负债地经营企业；投资“稳”，在金融资产的配置上，企业家偏好风险等级较低的金融产品；企业家持家“稳”，在家族治理方面，企业家普遍关注风险管理工具、注重服务机构的品牌和经验；
二是转型升级：家族企业健康成为企业家财富健康的核心挑战。在经济增速放缓、产业结构转型升级的宏观背景下，与中国经济共同发展起来的民营企业同样面临新的机遇与挑战，超50%受访企业家认为企业存在转型升级的需求。
三是重视传承：60岁是企业传承的分水岭，然而受访企业家真正开始传承计划的比例不足30%。目前企业家年龄集中在50-59岁，知易行难，实际需求和行为存在较大反差，“时间紧，任务重”，将是未来十年民营企业传承的重要特征；
四是积极乐观：企业家对于宏观环境和自身发展较为乐观，超过三分之二的企业家认为家族拥有共同的价值观，62%的企业家家族成员愿意为共同利益牺牲个人利益；
五是需求多元：关注点不局限在企业和金融财富在代际间的传递或转移，人文精神财富、家族治理的传承也愈发受到关注，法律、税务、二代培养等课题也越发受到重视;
六是财富向善：受访企业家的捐赠领域不断拓宽，捐赠对象从教育、扶贫、医疗等民生基础领域，不断拓宽至基础研究、技术创新、人才培养、高端人才引进等有利于国家发展和提升人类福祉的领域；企业家参与慈善公益意愿不断增强。
今年是国家“十四五”规划开局之年，中国企业家财富健康状况的整体提升，必将通过企业和金融体系反哺实体经济高质量发展，为实现共同富裕与和谐社会作出贡献。未来，工银私人银行将继续携手专业机构持续做好指数体系的更新和迭代，动态跟踪中国企业家家业、企业的发展变化，帮助企业家更好地了解和防范风险，助力企业家做大蛋糕、分好蛋糕，弘扬企业家精神，持续打造面向企业家客户的公私一体化综合服务平台，并让财富成为增强人民获得感、幸福感、安全感的有力助推。工行上海分行也将致力于做好企业家的属地服务工作，成为长三角乃至全国的优秀企业家们的共享金融中心，当好“服务实体主力军”和“改革创新领头羊”。
人民日报社概况 | 关于人民网 | 报社招聘 | 招聘英才 | 广告服务 | 合作加盟 | 供稿服务 | 数据服务 | 网站声明 | 网站律师 | 信息保护 | 联系我们
服务邮箱： kf@people.cn 违法和不良信息举报电话：010-65363263 举报邮箱： jubao@people.cn
互联网新闻信息服务许可证10120170001 | 增值电信业务经营许可证B1-20060139 | 广播电视节目制作经营许可证（广媒）字第172号
信息网络传播视听节目许可证0104065 | 网络文化经营许可证 京网文[2020]5494-1075号 | 网络出版服务许可证（京）字121号 | 京ICP证000006号 | 京公网安备11000002000008号
人 民 网 版 权 所 有 ，未 经 书 面 授 权 禁 止 使 用 Copyright © 1997-2021 by www.people.com.cn. all rights reserved",婚姻|对象|结婚,ambiguous,remove
People.cn,2021-12-24,柳州市司法局坚持“四强化”举措推动扫黑除恶常态化,"扫黑除恶斗争进入常态化以来，柳州市司法局立足职责，主动作为，积极发挥司法行政机关刑事执行、法律保障、公共法律服务和法治宣传教育的职能作用，坚持“四强化”工作举措，努力推动全系统扫黑除恶斗争常态化发展，取得良好的社会成效和法治成果。
2020年12月，柳州市司法局党组会审议通过了局扫黑除恶领导小组机构常态化运作议题，保留局扫黑除恶领导小组及其办公室，局长任组长，办公室成员从各有关科室抽调，专人负责日常工作。进一步完善了常态化运行机制，实现机构常设、人员常在、工作常抓，坚持每季度召开一次全系统扫黑除恶工作会议，2021年结合教育整顿和社区矫正执法检查到各县区和司法所开展扫黑除恶督导检查10余次，确保了全系统扫黑除恶工作方向明、思路清、靶向准、工作实，每一项责任都落实到位。
全面建立了社区矫正对象监管和刑满释放人员安全风险隐患排查和安全风险研判分析机制，通过加强重点时段摸排、加强重点对象摸排、加强日常走访摸排，保障特殊人群领域持续安全稳定。涉黑“三类”和涉恶“九类”罪名社区矫正对象全部列为重点监控对象，坚持每月排查走访，采取定人、定位、定方案的“三定”措施和信息化定位监管，落实实时动态管控。
继续加强对社区矫正对象的教育管控，全面排查工作中存在的安全隐患，对重点人员开展一对一、点对点政治攻坚，做到“挖干挖净”。继续做好刑满释放人员衔接工作，严格落实刑满释放重点帮教对象必接必送机制。进一步强化对社区矫正对象、安置帮教人员的思想教育和心理疏导，加大奖励保密措施，积极鼓励检举身边的黑恶势力。
着力加强对律师参与涉黑涉恶案件代理工作的指导。强化“政治”教育，引导广大律师准确把握中央和自治区、市关于开展扫黑除恶斗争的通知精神和工作部署要求，始终做到旗帜鲜明、头脑清醒，依法执业、规范执业。强化“业务”培训，组织开展律师办理黑恶势力犯罪案件专题培训，提升律师刑事辩护代理业务水平及办理涉黑涉恶案件业务能力。强化“机制”建设，健全律师办理涉黑涉恶案件情况的请示报告制度，严格监管重点案件办理进程。督促律师办理涉黑涉恶案件严格执行报告备案制度，同时发放涉黑涉恶案件代理辩护告知书，开展重点案件提醒谈话，对作无罪辩护和罪轻辩护的案件，要求律师所根据事实和证据集体讨论决定辩护方案，严格办案纪律，指导监督律师依法辩护、代理。2021年市司法局收到律师代理涉黑涉恶案件报告备案13件，收到法院通知参加庭审监督律师辩护4件。强化“沟通”协调，加强与公安局、检察院、法院的沟通协调，形成合力，共同推进扫黑除恶工作及时有序推进，同时依法保障律师各项诉讼权利。
细化举措，实现宣传覆盖。将扫黑除恶普法宣传纳入全市法治宣传教育工作大局谋划，积极推动落实普法责任制，督促、配合相关单位抓好扫黑除恶相关法治宣传教育。利用局新媒体普法平台配合主管部门积极开展扫黑除恶普法宣传。2021年，柳州法治微信公众号共发布扫黑除恶相关信息25条、网站21条、头条号79条，浏览量达9万余次。积极开展《民法典》宣讲，遏制“民转刑”案件发生。组建成立由80多名专业律师组成的《民法典》律师宣讲团，划分机关、企业、学校、社区、乡村、军营六个小组开展宣讲普法。已开展线上线下近350场宣讲活动，受众超万人。
凝心聚力，推动长效治理。自扫黑除恶斗争进入常态化以来，柳州市司法局认真总结经验做法，完善常态化扫黑除恶机制建设。健全完善基层矛盾化解机制，对可能涉黑涉恶引发的案件第一时间排查及时防范矛盾激化，努力把问题解决在萌芽状态。仅仅今年前3季度全市调解各类民间纠纷12860件，调解成功12322件，调解成功率96%，排查纠纷30178次，预防纠纷5779件，未发现涉黑涉恶线索，未发生影响社会稳定重大矛盾纠纷案件。开发“柳州网上枫桥人民调解”系统，远程调解纠纷235件，调解成功224件。医患纠纷调解成绩突出，走出专业调解柳州经验，近年来全市患者满意度维持在90％以上，医务人员对医疗秩序满意度维持在95％以上，全市未发生影响恶劣的涉医事件和涉医事业恶意炒作事件，未发生重大涉医违法犯罪案件。
聚焦村“两委”换届工作，夯实扫黑除恶基层基础。强化乡村治理重点领域监管，切实加强基层组织建设，铲除黑恶势力滋生土壤，坚决阻止“村霸”、涉黑涉恶等不符合条件的人员进入村“两委”班子。村（社区）“两委”换届工作期间，全市司法行政部门配合组织、民政等部门严格审查村“两委”成员、“一肩挑”和村务“监委”干部及候选人60762人次，第一时间反馈审查结果，净化换届环境。
结合“一村（社区）一法律顾问”工作，组织引导驻村（社区）律师积极参与扫黑除恶斗争。利用律师专业优势，通过举办法律讲座、参与矛盾纠纷化解等方式，增强群众法治意识和参与扫黑除恶斗争的积极性。
持续开展“民主法治示范村”创建、“法律进乡村”活动，实施农村“法律明白人”培养工程，建立自治、法治、德治相融合的基层社会治理新机制，让黑恶势力无处容身。围绕新型黑恶犯罪形态和农村地区等薄弱环节，通过“以案释法”、法律宣讲等形式，提升法治宣传效果和针对性，营造了浓厚法治氛围，全力推动扫黑除恶工作法治化、制度化、常态化。（傅永新 杜秦）
人民日报社概况 | 关于人民网 | 报社招聘 | 招聘英才 | 广告服务 | 合作加盟 | 供稿服务 | 数据服务 | 网站声明 | 网站律师 | 信息保护 | 联系我们
服务邮箱： kf@people.cn 违法和不良信息举报电话：010-65363263 举报邮箱： jubao@people.cn
互联网新闻信息服务许可证10120170001 | 增值电信业务经营许可证B1-20060139 | 广播电视节目制作经营许可证（广媒）字第172号
信息网络传播视听节目许可证0104065 | 网络文化经营许可证 京网文[2020]5494-1075号 | 网络出版服务许可证（京）字121号 | 京ICP证000006号 | 京公网安备11000002000008号
人 民 网 版 权 所 有 ，未 经 书 面 授 权 禁 止 使 用 Copyright © 1997-2021 by www.people.com.cn. all rights reserved",对象,ambiguous,remove
People.cn,2021-12-24,最高法发布《法官惩戒工作程序规定（试行）》 明确法官惩戒对象--社会・法治--人民网,"人民网北京12月24日电 （薄晨棣、李楠楠）记者从最高人民法院获悉，日前，最高法印发《法官惩戒工作程序规定（试行）》（以下简称《程序规定》）。《程序规定》规范了法官惩戒委员会组成，明确了惩戒对象、违法审判线索受理、调查核实、提请审议、作出惩戒决定及当事法官申诉复核等相关工作的办理程序，为人民法院依法依规追究法官违法审判责任提供了制度保障。
《程序规定》要求，最高法和省、自治区、直辖市设立法官惩戒委员会。法官惩戒委员会从政治素质高、专业能力强、职业操守好的人大代表、政协委员、法学专家、法官、检察官和律师等专业人员中选任。其中，法官委员不少于半数。
《程序规定》明确了法官惩戒的对象限于实行法官员额制后进入员额的法官，司法辅助人员不属于法官惩戒的对象。院庭长因监督管理责任造成裁判错误的，也不适用法官惩戒程序。
《程序规定》规定，法官惩戒工作由人民法院与法官惩戒委员会分工负责。人民法院按照干部管理权限对法官涉嫌违反审判职责的行为进行调查核实，根据法官惩戒委员会的审查意见，依照有关规定作出是否予以惩戒的决定，并给予停职、延期晋升、调离审判执行岗位、退出员额、免职、责令辞职等组织处理，以及按照有关法律规定给予处分。
法官惩戒委员会根据人民法院调查的情况，从专业角度审查认定法官是否存在违反审判职责的行为，并提出构成故意违反职责、存在重大过失、存在一般过失或者没有违反职责等审查意见。
《程序规定》还明确了当事法官在法官惩戒程序中享有的权利。人民法院对法官涉嫌违反审判职责行为进行调查的过程中，当事法官享有知情、申请回避、陈述、举证和辩解的权利。惩戒委员会审议惩戒事项时，当事法官有权出席听证，并进行陈述、举证、辩解。当事法官对审查意见有异议的，可以以书面形式通过承担督察工作的部门向法官惩戒委员会提出，法官惩戒委员会应当对异议及其理由进行审议，并作出书面决定。当事法官对惩戒决定不服的，可以向作出决定的人民法院申请复核，并有权向上一级人民法院提出申诉。当事法官不因申请复核、提出申诉而被加重处罚。
人民日报社概况 | 关于人民网 | 报社招聘 | 招聘英才 | 广告服务 | 合作加盟 | 供稿服务 | 数据服务 | 网站声明 | 网站律师 | 信息保护 | 联系我们
服务邮箱： kf@people.cn 违法和不良信息举报电话：010-65363263 举报邮箱： jubao@people.cn
互联网新闻信息服务许可证10120170001 | 增值电信业务经营许可证B1-20060139 | 广播电视节目制作经营许可证（广媒）字第172号
信息网络传播视听节目许可证0104065 | 网络文化经营许可证 京网文[2020]5494-1075号 | 网络出版服务许可证（京）字121号 | 京ICP证000006号 | 京公网安备11000002000008号
人 民 网 版 权 所 有 ，未 经 书 面 授 权 禁 止 使 用 Copyright © 1997-2021 by www.people.com.cn. all rights reserved",对象,ambiguous,remove
People.cn,2021-12-25,最高法发布《法官惩戒工作程序规定（试行）》 明确法官惩戒对象,"记者从最高人民法院获悉，日前，最高法印发《法官惩戒工作程序规定（试行）》（以下简称《程序规定》）。《程序规定》规范了法官惩戒委员会组成，明确了惩戒对象、违法审判线索受理、调查核实、提请审议、作出惩戒决定及当事法官申诉复核等相关工作的办理程序，为人民法院依法依规追究法官违法审判责任提供了制度保障。
《程序规定》要求，最高法和省、自治区、直辖市设立法官惩戒委员会。法官惩戒委员会从政治素质高、专业能力强、职业操守好的人大代表、政协委员、法学专家、法官、检察官和律师等专业人员中选任。其中，法官委员不少于半数。
《程序规定》明确了法官惩戒的对象限于实行法官员额制后进入员额的法官，司法辅助人员不属于法官惩戒的对象。院庭长因监督管理责任造成裁判错误的，也不适用法官惩戒程序。
《程序规定》规定，法官惩戒工作由人民法院与法官惩戒委员会分工负责。人民法院按照干部管理权限对法官涉嫌违反审判职责的行为进行调查核实，根据法官惩戒委员会的审查意见，依照有关规定作出是否予以惩戒的决定，并给予停职、延期晋升、调离审判执行岗位、退出员额、免职、责令辞职等组织处理，以及按照有关法律规定给予处分。
法官惩戒委员会根据人民法院调查的情况，从专业角度审查认定法官是否存在违反审判职责的行为，并提出构成故意违反职责、存在重大过失、存在一般过失或者没有违反职责等审查意见。
《程序规定》还明确了当事法官在法官惩戒程序中享有的权利。人民法院对法官涉嫌违反审判职责行为进行调查的过程中，当事法官享有知情、申请回避、陈述、举证和辩解的权利。惩戒委员会审议惩戒事项时，当事法官有权出席听证，并进行陈述、举证、辩解。当事法官对审查意见有异议的，可以以书面形式通过承担督察工作的部门向法官惩戒委员会提出，法官惩戒委员会应当对异议及其理由进行审议，并作出书面决定。当事法官对惩戒决定不服的，可以向作出决定的人民法院申请复核，并有权向上一级人民法院提出申诉。当事法官不因申请复核、提出申诉而被加重处罚。
人民日报社概况 | 关于人民网 | 报社招聘 | 招聘英才 | 广告服务 | 合作加盟 | 供稿服务 | 数据服务 | 网站声明 | 网站律师 | 信息保护 | 联系我们
服务邮箱： kf@people.cn 违法和不良信息举报电话：010-65363263 举报邮箱： jubao@people.cn
互联网新闻信息服务许可证10120170001 | 增值电信业务经营许可证B1-20060139 | 广播电视节目制作经营许可证（广媒）字第172号
信息网络传播视听节目许可证0104065 | 网络文化经营许可证 京网文[2020]5494-1075号 | 网络出版服务许可证（京）字121号 | 京ICP证000006号 | 京公网安备11000002000008号
人 民 网 版 权 所 有 ，未 经 书 面 授 权 禁 止 使 用 Copyright © 1997-2021 by www.people.com.cn. all rights reserved",对象,ambiguous,remove
People.cn,2021-12-25,湖北省建立健全防范因病返贫致贫长效机制,"湖北日报讯 （记者龙华、通讯员黄姗）近日，经省政府同意，省医保局、省民政厅、省财政厅、省卫生健康委、省乡村振兴局、省税务局和湖北银保监局七部门印发了《关于巩固拓展医疗保障脱贫攻坚成果有效衔接乡村振兴战略的实施意见》（以下简称《意见》），提出对低收入人口参加城乡居民医保的个人缴费部分给予资助。《意见》从2022年1月1日开始实施。
《意见》细化了资助参保人员范围和标准，完善了城乡居民医保参保缴费资助政策。按照困难程度、身份类别给予分类资助。特困人员给予全额资助；低保对象2022年度按照320元/人/年给予全额资助，过渡期内逐步转为不低于个人缴费标准的90%定额资助；返贫致贫人口过渡期内给予50%定额资助。纳入相关部门监测范围的脱贫不稳定人口、边缘易致贫人口等困难人口享受定额资助政策，定额资助时限和资助标准由各市（州）人民政府根据本地实际确定。未纳入农村低收入人口监测范围的稳定脱贫人口执行资助参保渐退政策，2022年、2023年、2024年分别按不低于当地2021年个人缴费资助标准的80%、50%、30%给予资助，2025年不再享受资助参保政策。
在全面落实城乡居民大病保险普惠待遇政策基础上，《意见》规定，对特困人员、低保对象、返贫致贫人口实施起付线降低50%、报销比例提高5个百分点、取消封顶线的倾斜保障政策。完善统一规范的医疗救助制度，做好分类救助，住院政策范围内个人自付费用救助比例特困人员为100%，低保对象和返贫致贫人口不低于70%。其他农村低收入人口救助比例略低于低保对象。统筹加大门诊慢特病救助力度，门诊和住院救助共用年度救助限额。
我省还将建立高额医疗费用患者负担监测预警机制，按当地上年度农村居民人均可支配收入50%和100%作为因病返贫、致贫监测标准，及时预警、提前介入，跟进落实精准帮扶措施。对高额医疗费用负担患者依申请按规定给予医疗救助，防范化解稳定脱贫人口和其他普通参保居民因病返贫致贫风险。
同时，建立信息共享、数据共建机制，确保全省纳入参保资助范围且核准身份信息的农村低收入人口动态纳入基本医疗保障覆盖范围。巩固居民医保住院待遇保障水平，确保县域内政策范围内住院费用支付比例总体稳定在70%左右。优化城乡居民医保高血压、糖尿病门诊用药保障机制，确保“两病”患者用药保障和健康管理全覆盖。",对象,ambiguous,remove
People.cn,2021-12-26,在法官见证下，姐姐带着弟弟走进婚礼殿堂,"清晨，东方的天空飘着红紫红紫的彩云，太阳慢慢露出笑脸，把三合堡村的大地铺上了金光，农户徐家大院里鞭炮声声、礼花绽放。天，虽然寒冷，但长长的彩色帐篷里却很热闹，一对新人正在举行婚礼。
“今天，欢歌笑语，天降吉祥。佳明带着弟弟找到了幸福的归宿，我代表法院的同事们向喜结良缘的新人送上美好的祝愿，祝你们幸福美满、百年好合，也祝你们的弟弟健康成长！”四平市中级人民法院法官助理、驻三合堡村第一书记张浩正在发表热情洋溢的婚礼贺词。
扶贫工作队和村委会将这个特殊家庭列为精准扶贫对象，一方面千方百计帮助女孩就医，联系学校和社会爱心组织帮助解决弟弟上学费用，又安排母亲到扶贫项目食用菌种植基地务工，既能在家门口打工挣钱，又能照顾姐姐和弟弟。
一家有难大家帮，众人拾柴火焰高。法院干警听说佳明一家的困境后，纷纷为这个不幸的家庭捐款、捐物。逢年过节，法院干警们都惦记着她们，嘘寒问暖，给他们送去慰问金和生活用品，很多干警还给弟弟送去学习用品和书籍衣物等。2019年，三合堡村实现了整村脱贫，佳明一家高兴地领到了扶贫项目分红。
正当佳明能下地行走、日子渐有起色的时候，2021年2月3日，农历小年头一天，法院干警突然接到佳明哭着打来的电话“叔叔，我妈妈去世啦！”法院领导闻讯后，立即派干警前去慰问。机关党委的同志们来了，第三党支部来了，第二党支部、第五党支部的志愿者们也来了，大家以各种方式接力式帮助这个不幸的家庭，对两个孤儿更加关爱。很多干警和姐弟俩有了不解之缘，他们与姐姐佳明建立联系，鼓励她坚强起来，抚养好弟弟。
志愿者给佳明买来直播设备，教会她制作短视频，支持她网上卖货。周末，志愿者们领着孩子，带着米面油、青菜和肉馅，给姐弟俩包饺子。端午节，他们来给姐弟俩包粽子、过端午。秋天，佳明家的玉米丰收了，院机关党委组织志愿者赶来帮助秋收。一切都渐渐好了起来，姐弟俩对未来充满了希望。
近日，村里传来喜讯：“佳明快结婚了，准备带着弟弟一起出嫁！”听到这一喜讯，法院干警们十分高兴，纷纷要去祝贺。由于疫情防控的原因，大家不便到场，就精心挑选了礼物。12月19日，在法官的见证下，姐姐带着弟弟，走进了婚礼的殿堂。
婚礼上，佳明忽闪着大眼睛激动地说：“感谢法院的领导、哥哥姐姐和所有的好心人们，你们帮助我们一家度过最困难日子，你们不是亲人胜似亲人，恩情难忘，我和丈夫一定把弟弟抚养成人！”（来源：四平市中级人民法院）
人民日报社概况 | 关于人民网 | 报社招聘 | 招聘英才 | 广告服务 | 合作加盟 | 供稿服务 | 数据服务 | 网站声明 | 网站律师 | 信息保护 | 联系我们
服务邮箱： kf@people.cn 违法和不良信息举报电话：010-65363263 举报邮箱： jubao@people.cn
互联网新闻信息服务许可证10120170001 | 增值电信业务经营许可证B1-20060139 | 广播电视节目制作经营许可证（广媒）字第172号
信息网络传播视听节目许可证0104065 | 网络文化经营许可证 京网文[2020]5494-1075号 | 网络出版服务许可证（京）字121号 | 京ICP证000006号 | 京公网安备11000002000008号
人 民 网 版 权 所 有 ，未 经 书 面 授 权 禁 止 使 用 Copyright © 1997-2021 by www.people.com.cn. all rights reserved",对象|结婚,ambiguous,keep
People.cn,2021-12-26,像石榴籽那样紧紧抱在一起,"乌苏市九间楼乡詹家村有一张摇床，曾在27个民族的家庭间传借，30个孩童曾在这张摇床里酣眠。村民海拉提・托依百克和周连龙都睡过这张摇床，他俩不仅是邻居，还是好兄弟。“多年来，村里人在生活中互相扶持、互相照应，亲如一家。”周连龙说。
詹家村这张摇床的故事，是新疆各族人民守望相助的生动缩影。近年来，新疆各族人民在党的领导下，以铸牢中华民族共同体意识为主线，密切交往、相互依存、休戚与共，共同建设美丽新疆，共同维护边疆稳定、国家统一和民族团结。
今年5月，和田断臂男孩获得成功救治的故事传遍大江南北，牵动着无数人的心。跨越1400多公里的陆空接力，惊心动魄的极限救援，是新疆各族人民亲如一家、团结友爱的真实写照，更是新疆民族团结坚如磐石的鲜活例证。
我国是统一的多民族国家，民族团结是各族人民的生命线。新疆全面贯彻党的民族政策，不断推动各民族共同团结奋斗、共同繁荣发展。各族干部群众像石榴籽那样紧紧抱在一起，在祖国大家庭里心连心、同呼吸、共命运。
在桂林市象山区南门街道竹林社区，有一家热合曼美食城，各种新疆特色美食备受当地群众和游客喜爱。“这些年，如果没有桂林市各族群众帮助，我在这里是干不成事的。”店主约曼尔・热合曼说。
2001年，约曼尔带着妻儿从疏勒县罕南力克镇玉奇喀拉村来到桂林。“初来乍到时，人生地不熟，当地的热心人纷纷伸出援手，帮我们渡过难关，我永远铭记在心。”约曼尔感慨道。
过上好日子的约曼尔积极参加各类公益活动，在社区的组织下，他多次举办“各族群众美食交流会”，让美食城成为党的民族政策宣传阵地、民族团结的窗口。疫情防控期间，他协助相关部门做好防疫宣传工作，并向桂林市和喀什市捐款捐物。
“维吾尔族谚语说得好：指甲和肉分不开。不管走到哪里，中华民族永远一家亲。”约曼尔说。
在书法课上，孩子们聚精会神地听老师讲解书写要领，屏息凝神、专注下笔；在舞蹈社团，孩子们跟着老师练习走步、抬手，一招一式有模有样；在足球场上，孩子们或慢跑或拉伸，认真做着热身运动……12月1日，走进疏附县第三中学，丰富多彩的社团活动给人留下深刻印象。
“我们有戏曲社、合唱团、中华武术社等18个社团。”疏附县第三中学副校长米丽古・艾拜说。
新疆各族干部群众以铸牢中华民族共同体意识为主线，不断巩固各民族大团结，一颗颗“石榴籽”汇入建设美丽新疆的大潮中。
塔城市新城街道哈尔墩社区居民沙勒克江・依明，12年坚持在自家小院升国旗。在中国共产党成立100周年之际，他光荣地加入中国共产党，决心带领更多群众感党恩、听党话、跟党走。
在帕米尔高原，红其拉甫边防连护边员拉齐尼・巴依卡一家祖孙接力守边近70年，爱党爱国、善良正直的家风代代传承。今年1月4日，拉齐尼・巴依卡为救一名落水儿童，不幸牺牲。
“回到红其拉甫，守护我们的家，守护我们的祖国！”“我一定会好好学习，考上大学，长大当兵，退伍后当一名优秀的护边员。”9月1日，“时代楷模”拉齐尼・巴依卡的一双儿女走上央视《开学第一课》，表示要以父亲为榜样，长大后成为父亲那样的人。
如今，中华民族共同体意识在新疆各族人民心中深深扎根，各族群众的智慧和力量进一步凝聚，激发出同心共筑中国梦的强大力量。
“好久没见面了，我好想你。”12月16日，温宿县托乎拉乡尤喀克库尔巴格村村民邱格尔・麦斯迪克紧紧拉着结亲干部的手说。
连日来，自治区地方志编纂委员会的干部职工带着大包小包走进村子，与结对亲戚同吃同住同劳动，一起拉家常、话团结、谋发展，帮助各族群众解决困难诉求，把党的好政策送到群众心里。
如今满载真情的“民族团结一家亲”列车在南北疆往来穿行，各族群众在手足相亲、守望相助中成为不分你我的一家人。
今年9月11日，一份“石榴花计划”结对认亲招募令在微信朋友圈广泛转发，疏勒县洋大曼乡阿亚克其盖图克村幼儿园、小学的孩子们，向全国各地招募结对认亲对象。仅1周多时间，近40名孩子就与全国13个省区市30多个城市的一些个人、家庭和团队结成36对“石榴花”亲戚。
9月30日，在广东和新疆两地多部门接力下，几近失明的喀什男孩阿卜杜艾尼・马木提在广州市完成右眼眼角膜移植手术。
热心的人们纷纷向阿卜杜艾尼致以关心和问候。回广东休假的援疆医生熊柯专程去探望，他说，我一直牵挂着你的眼睛；广州市民胡书洋和他的朋友王法帅送来课外书籍；在广州读书的几名新疆籍学生来跟阿卜杜艾尼聊天……
同心合力是最伟大的力量。无论偏远乡村，还是繁华都市，处处都有民族团结的动人故事：“90后”麦吾兰江・图尔荪和宋恺一起做美食直播，携手讲述新疆故事；哈密市伊州区丽园社区11个民族的居民门对门、户对户，谁家有难都会帮一把；还有新冠肺炎疫情发生时第一时间奔赴湖北支援的新疆医护人员，以及参与河南、山西防汛救灾的新疆“儿子娃娃”，他们与各族同胞一起共担风雨，汇聚起建设美丽新疆、共圆祖国梦想的澎湃力量。（米日古力・吾）
人民日报社概况 | 关于人民网 | 报社招聘 | 招聘英才 | 广告服务 | 合作加盟 | 供稿服务 | 数据服务 | 网站声明 | 网站律师 | 信息保护 | 联系我们
服务邮箱： kf@people.cn 违法和不良信息举报电话：010-65363263 举报邮箱： jubao@people.cn
互联网新闻信息服务许可证10120170001 | 增值电信业务经营许可证B1-20060139 | 广播电视节目制作经营许可证（广媒）字第172号
信息网络传播视听节目许可证0104065 | 网络文化经营许可证 京网文[2020]5494-1075号 | 网络出版服务许可证（京）字121号 | 京ICP证000006号 | 京公网安备11000002000008号
人 民 网 版 权 所 有 ，未 经 书 面 授 权 禁 止 使 用 Copyright © 1997-2021 by www.people.com.cn. all rights reserved",对象|相亲,ambiguous,remove
People.cn,2021-12-28,玉州区司法局开展2021年社区矫正执法检查活动,"为进一步推动玉林市玉州区社区矫正执法规范化建设，促进社区矫正整体工作水平提高，12月13日上午玉州区司法局局长钟永安在党组扩大会上部署开展全区社区矫正执法检查工作。12月14日至12月17日，玉州区司法局副局长李芝福一行四人组成的社区矫正执法检查组对全区各司法所的社区矫正工作进行为期四天执法工作检查。
检查组围绕社区矫正对象入矫接收、报到、走访、外出审批、教育学习、社区服务、个别教育、信息化核查、考核奖惩、解矫宣告等对各镇街的社区矫正工作开展情况、文书档案规范和工作台帐进行评查，并对社区矫正对象集中点验、个别谈话、集中训诫。
通过此次执法检查进一步提高了广西社区矫正执行效果，强化社区矫正日常管理，确保实现对社矫对象“接得了、管得住、矫得正”，有力保障社会和谐稳定。
人民日报社概况 | 关于人民网 | 报社招聘 | 招聘英才 | 广告服务 | 合作加盟 | 供稿服务 | 数据服务 | 网站声明 | 网站律师 | 信息保护 | 联系我们
服务邮箱： kf@people.cn 违法和不良信息举报电话：010-65363263 举报邮箱： jubao@people.cn
互联网新闻信息服务许可证10120170001 | 增值电信业务经营许可证B1-20060139 | 广播电视节目制作经营许可证（广媒）字第172号
信息网络传播视听节目许可证0104065 | 网络文化经营许可证 京网文[2020]5494-1075号 | 网络出版服务许可证（京）字121号 | 京ICP证000006号 | 京公网安备11000002000008号
人 民 网 版 权 所 有 ，未 经 书 面 授 权 禁 止 使 用 Copyright © 1997-2021 by www.people.com.cn. all rights reserved",对象,ambiguous,remove
People.cn,2021-12-28,集团公司领导到乡村振兴联系点调研,"11月20日， 集团公司党委委员、工会主席黄耀锋率办公室、人力部、党群部等有关人员到乡村振兴联系点――靖西市禄峒镇大金村进行调研，协助开展巩固脱贫成果后评估迎检工作。
黄耀锋要求，驻村工作队要创新产业发展模式，增加村集体经济收入；要跟踪了解帮扶联系对象情况，协助解决遇到的困难和问题；要及时提供过渡期监测对象和脱贫户分类管理情况，以便做好集团公司领导干部结对帮扶的衔接；同时就集团公司第一党支部与大金村如何开展新时代文明实践共建活动提出意见。期间，黄耀锋一行实地参观百香果种植和产品加工项目建设情况，鼓励驻村队员立足实际，拓宽思路，确保脱贫攻坚和乡村振兴取得成效，不断提升群众的获得感和幸福感。
人民日报社概况 | 关于人民网 | 报社招聘 | 招聘英才 | 广告服务 | 合作加盟 | 供稿服务 | 数据服务 | 网站声明 | 网站律师 | 信息保护 | 联系我们
服务邮箱： kf@people.cn 违法和不良信息举报电话：010-65363263 举报邮箱： jubao@people.cn
互联网新闻信息服务许可证10120170001 | 增值电信业务经营许可证B1-20060139 | 广播电视节目制作经营许可证（广媒）字第172号
信息网络传播视听节目许可证0104065 | 网络文化经营许可证 京网文[2020]5494-1075号 | 网络出版服务许可证（京）字121号 | 京ICP证000006号 | 京公网安备11000002000008号
人 民 网 版 权 所 有 ，未 经 书 面 授 权 禁 止 使 用 Copyright © 1997-2022 by www.people.com.cn. all rights reserved",对象,ambiguous,remove
People.cn,2021-12-28,从一座“铁塔”搬家说起……,"民生无小事，枝叶总关情。“我为群众办实事”实践活动是开展党史学习教育的重要内容、必然要求，也是政协委员践行初心使命的“磨刀石”和“试金石”。
今年以来，观山湖区政协把党史学习教育贯穿履职工作全过程，聚焦群众“急难愁盼”事，以实绩实效体现学习效果，深入推进“我为群众办实事”实践活动走深走实。
时值寒冬，在观山湖区外国语实验中学南校区食堂里，就读于该校的初二学生赵诗语正和同学一起享用当日的午餐，“学校终于有了食堂，这里菜品丰富、供应充足，我们也能吃上热腾腾的饭菜，实在太好了……”赵诗语感叹道。而在今年年初，该校食堂还一直未能建成投用，导致该问题的症结是什么呢？
在今年3月，观山湖区政协委员在走访调研中了解到，正是该校校园内矗立的一座“铁塔”影响了食堂的建设。这座“铁塔”用途是给观山湖区汽车主导产业集群的核心企业――吉利汽车贵阳生产基地输电，架设起的高压电线正巧从该校食堂、宿舍建设地块上穿过，导致学生食堂、宿舍的修建工作停滞。
没有食堂和宿舍，数百名学生只能走读，家长学生起早贪黑叫苦不迭，在校师生用餐只能靠送餐公司统一加工、配送解决。“夏冬季节食物保质难度较高，夏天易坏、冬天易冷，食品安全很难保障。”该校教师为此焦虑不已，头顶的“铁塔”成了一块压在师生和家长心里的大石头。
如何解决该校师生用餐、住宿问题，又不影响企业正常生产经营，这一难题摆在了观山湖区政协的眼前。“群众的困难一定要解决！”观山湖区政协党组书记、主席刘光祥第一时间了解到这一问题后，立刻召集项目方、教育部门、街道等相关职能部门，现场协商解决方案，邀请督办督查局及新闻媒体介入，探索协商式监督模式。期间，通过多次安排部署、调度相关工作，组织各相关部门及政协委员共同开展专题调研、专题协商、专题视察工作，及时对项目建设各阶段遇到的难题进行协商解决，最终，“铁塔”终于“搬家”了。
从发现问题、了解问题到解决问题，短短三个月时间，校园内的“铁塔”顺利完成迁移，目前，该校宿舍、食堂已正式投入使用三月有余，悬在师生、家长心里的大石头终于落了下来。
“作为一名政协委员、一名党员，为群众办实事是我们的职责，群众的问题得到解决，他们开心，我们也高兴，看到他们的笑脸，再多付出也值得！”能够帮助学校解决实际困难，作为学校所在街道的负责人，观山湖区政协委员、宾阳街道党工委书记黄毅说道。
“铁塔”的成功迁移是观山湖区政协探索协商式监督的生动体现，也是推进“我为群众办实事”实践活动的具体举措。在圆满解决了观山湖区外国语实验中学南校区学生的食宿问题后，区政协还在教育、民生等方面为群众解决了一系列操心事、烦心事和揪心事。
今年10月12日，观山湖区政协主席会议视察付晓娟委员工作室“呵护心灵 筑梦成长”心理健康中心建设情况。在视察中，政协委员付晓娟介绍道：“健全的身心对孩子的成长至关重要，然而现实生活中，身体健康问题易察觉，心理健康问题却容易被忽略。”
在该工作室打造过程中，区政协充分利用资源优势，链接辖区政协委员、教师、社会组织等资源，与学校机构、社会组织达成共同协作关系，为中小学生和家长提供丰富的心理、法律等服务；同时还邀请了心理咨询、戏曲等方面的专家为孩子们开展形式多样、精彩纷呈的主题活动。截至目前，已为观山湖区外国语实验中学南校区小学、初中2000余名学生家长开展家长课堂培训8期。“作为一名政协委员，我充分地感受到了政协组织的温暖以及政协对民生的关切，我也会以此为动力，在自己力所能及的领域做出最大的贡献。”付晓娟说。
区政协在将基层协商民主延伸到学校的同时，还不断拓宽协商领域、提高协商成效，把触角延伸至镇、街道、社区和企业，真正让政协的民主协商跨出大院、走出会堂、深入基层。
在观山湖区社区矫正中心，有一间“委员驿站”显得格外醒目。它是由公安、检察院、律师、心理咨询等行业部门政协委员牵头成立的，是贵州省第一个社区矫正政协委员驿站。
“我们希望通过政协委员驿站这个平台，让更多的社会组织参与到社区矫正对象的心理矫治、普法教育、就业培训和就业安置中来，让矫正人员真正回归社会，回归正常人生活。”观山湖区政协副主席王玉碧说道。
据悉，为更快让矫正人员回归正常生活，区政协以行业委员（公检法司）为主体，引进社会各方力量，结合司法局社区矫正中心打造“委员驿站”。通过对矫正对象进行普法教育，开展心理辅导、职业培训等，帮助解决矫正对象就业问题，为矫正对象更好回归社会“架桥”和“奠基”。截至目前，通过委员驿站搭台已为40余名矫正对象解决就业问题，帮助190余名矫正对象解除缓刑，200余名矫正对象成功回归社会。
今年以来，观山湖区政协以“我为群众办实事”为载体，组织党员干部深入基层帮助解决实际问题，把“我为群众办实事”实践活动与政协履职紧密结合起来，以协商式监督为抓手，进一步引导政协委员积极参与，为群众办实事、办好事、解难事献计出力，以办事成效检验党史学习教育成效，推动党史学习教育走深走实。“接下来，观山湖区政协将继续把‘我为群众办实事’实践活动抓紧抓实，切实为推动观山湖区‘我为群众办实事’任务清单落实见效贡献政协智慧和力量。”刘光祥表示。（王明元、叶舒）
人民日报社概况 | 关于人民网 | 报社招聘 | 招聘英才 | 广告服务 | 合作加盟 | 供稿服务 | 数据服务 | 网站声明 | 网站律师 | 信息保护 | 联系我们
服务邮箱： kf@people.cn 违法和不良信息举报电话：010-65363263 举报邮箱： jubao@people.cn
互联网新闻信息服务许可证10120170001 | 增值电信业务经营许可证B1-20060139 | 广播电视节目制作经营许可证（广媒）字第172号
信息网络传播视听节目许可证0104065 | 网络文化经营许可证 京网文[2020]5494-1075号 | 网络出版服务许可证（京）字121号 | 京ICP证000006号 | 京公网安备11000002000008号
人 民 网 版 权 所 有 ，未 经 书 面 授 权 禁 止 使 用 Copyright © 1997-2021 by www.people.com.cn. all rights reserved",对象,ambiguous,remove
People.cn,2021-12-28,一些青年为啥愿意为“线上练肉”掏钱--健康・生活--人民网,"穿上一双运动鞋，配上一身紧身衣裤，戴上一副颇为拉风的红色运动耳机，一边听音乐，一边开始跳绳。大约50分钟跳5000个左右，是跳绳达人“我有好吃的”的日常。从2020年7月的第一次跳绳只有200多个开始，她把自己从一个“哪儿哪儿都透着一股大妈味儿”的普通女孩，变成了一个每天给数万正在健身的网友带去鼓励的、拥有比“网红”更好身材的“博主”。
记者注意到，在疫情常态化防控下，“线上练肉”成为这届青年的健身首选。一大批线上健身课程、健身达人在各大平台上涌现。他们的出现，正颠覆传统线下健身行业的“办卡潜规则”，受到越来越多青年的喜爱。
吴岳骏是运动健身平台Keep上的一个达人“Derek大骏”，他拥有约250万粉丝，他在平台上推荐的一些课程，约有上千万人“跟练”。他原本是一名田径运动员，后来做过模特，现在还在经营自己的连锁健身门店。
“门店里的会员，肯定跟线上的粉丝数量不能比。”他告诉记者，自己的健身门店业务现在分为两块，一块是由合伙人负责运营线下门店，另一块则是由他本人负责运营的线上健身课程，“一开始，线上挣不到钱，有时为了与粉丝互动，可能还要倒贴很多装备。后来线上渐渐起来了，现在可以达到与线下营利平分秋色的水平。”他判断，未来线上的营收会越来越多，直到超越线下开店的收入。
从小就擅长跑步的吴岳骏，初中、高中都在体校上学，属于上海市田径队梯队培养对象。但高二那年，因为受伤，他彻底丧失了成为专业田径运动员的希望，后来考上了东华大学。在大学里，因为身材及外形出众，他当起了模特，经常为一些运动品牌出镜。
但大学毕业后，他决定转型。“当时健身房很流行，我就想开一个自己的健身房。模特虽然来钱快，但毕竟吃青春饭，不长久。”吴岳骏2016年时用做模特时挣来的“第一桶金”开办了健身房，当时他只有24岁，刚刚大学毕业。
有一次，Keep邀请他拍摄宣传照，他才发现，原来有人把自己健身的视频发到社交平台上了。“这种与粉丝的互动打动了我，因为其实健身房也是一个道理，就是教练鼓励学员自己努力。”吴岳骏此后尝试注册了一个自己的账户，开始在线上分享自己的健身经验。
2019年年底，一场突如起来的新冠肺炎疫情，打乱了他“开设健身房连锁店”的计划。受疫情影响，他旗下的几家健身房连续数月没有进账、没有客流，最终不得不关停一家节省成本。但与此同时，他惊讶地发现，线上的流量一下子起来了，粉丝增长到百万级别，视频阅读量也噌噌上涨。其中，有不少视频是他在自己家里铺个瑜伽垫的简易指导课。他随手拿两个装满水的矿泉水瓶、一根跳绳上的训练课，也能吸粉无数。
“我发现，网友也是在家里随心一练，装备越简单越好。”吴岳骏现在在网上开设的课程，与线下私教课动辄一次数百元的价格相比，简直便宜得连他自己都不敢相信，“一个课程39.9元，包含28节课。”在他开设的数十个系列课程中，收费课程目前只有6个，但每个课程都有约万人付费。
最近两周，上海某知名连锁健身房会员小罗放弃了自己花1万多元买的两年卡，转投线上跳操跟练。“健身房本来去得就不多，每周一两次，但每次都被拉着推销，很烦人。”小罗每次去健身房，都会有女私教来找他这个“生面孔”搭讪，推荐私教课。几次下来，他不胜其烦，“我就想静静地在跑步机上跑一会儿，出点儿汗”。
中青报・中青网记者注意到，健身房预付卡消费投诉，近年来在投诉“黑名单”上位列首位，相关投诉数量远超“美容美发行业”。来自上海市单用途预付卡协同监管平台的数据显示，上海2020年二季度“12345”市民服务热线涉单用途预付卡（以下简称“单用途卡”）投诉共19601件，同比增长104.45%。其中，投诉超过200件的经营者前10名中，有6家涉体育健身行业经营者，2家涉美容美发行业经营者。
2018年，上海市消保委、市健身健美协会会提醒公众，健身办卡、提高警惕。2019年，苏州市消保委发布健身房消费调查报告，提醒公众防范健身房五大套路。2020年，上海推出《上海市体育健身行业会员服务合同示范文本（征求意见稿）》，健身办卡拟设7天退费冷静期，但该示范合同并不强制所有健身房使用。2021年，上海市消保委又再次提醒公众警惕健身房收钱后玩失踪。
此前，新华社报道健身房套路称，健身教练被要求“像谈恋爱一样”维护学员。一些健身房还会向教练收取“保证金”，没完成业绩就要没收。还有健身房规定，完不成业绩的要罚吃辣椒、芥末、柠檬，甚至遭受辱骂、剃头等羞辱。
仅今年三季度，上海市消保委系统就受理了健身投诉2193件。主要问题包括健身机构随意变更教练、课程难以预约等引发退款纠纷；个别健身机构未开业即预售会员卡、口头承诺“按期开业”“免费开放游泳池”等，事后无法兑现；消费者提出退款申请，经营者设置较长的退款周期拖延退款；健身营销又出新套路，对老会员“杀熟”，以“会员权益被侵占”等为由诱导消费者到门店叠加购卡。
一边是“套路”不断的健身行业现状，另一边是高速增长的健身需求。全球咨询公司麦肯锡发布的《2020年中国消费者调查报告》显示，即使中国人的可支配收入增长在放缓，但中国人健身消费支出正增加。这份针对中国44座城市5400名消费者的访谈分析称，72%的城市消费者增加了健身相关的支出。在“双11”销售报告中，线下健身房储值、课包也在增长，跑步机购买量增长超155%，瑜伽垫购买量超5400万个。
跳绳达人“我有好吃的”社交账号下，众多网友每天与其保持互动交流。有人给她上传自己每天打卡跳绳的情况，有人与她互动跳绳穿什么鞋子、用什么绳子，甚至询问其听什么音乐，她都会一一作答并回复鼓励。
“相比在健身房被教练强行忽悠办卡、买课，我更愿意自己在线上挑挑拣拣，想上什么课就买什么课，几十块钱，也吃不了亏。”小罗说，自己现在和一些爱运动的邻居组了一个群，每天都在群里分享各种操课和健康饮食策略，“健身主要靠坚持、靠互动、靠鼓励，我觉得这些在线上比在健身房更容易实现”。
“今天，你帕梅拉了吗？”帕梅拉如今已经成为中国线上健身领域的一个特殊符号。健身内容创作者@帕梅拉_PamelaReif凭借其标准身材、专业能力、人形AI的标签在中国“火”了起来。截至2021年12月，她在Keep平台的月跟练人次已超过810万。
以Keep平台为例，近两年该平台内容观看数保持快速增长。相比2019年全年，2020年其内容观看数增长700%；相比2020年全年，2021年前11个月的Keep内容观看数增长63%。
来自第一财经CBN Deta的数据显示，44%的用户观看运动健身类短视频/直播内容的原因是“学习科学运动健身方法”，占比最高。
除了像“Derek大骏”这样的运动员外，还有很多素人加入健身达人的创作队伍中。
“语姐姐”就是其中之一，她在线上推出的“躺瘦”系列课程，精准地抓住了许多年轻人“又懒又想瘦”的“痛点”，吸引了约2000万人次跟练。“宝宝们，再坚持一下，坚持下来，以后来天津姐姐请吃煎饼果子。”这个天津女孩常常顶着一身腱子肉和精致的妆容、造型，拿自带搞笑气质的“天津话”来逗乐观众，颇受好评。
很多人不知道的是，在网上乐观有趣的“语姐姐”，其实曾是互联网大厂的打工人，每天早上7点出门、晚上10点到家，“那是2018年，每天开不完的会、走不完的流程、赶不完的报告、做不完的PPT。”她告诉记者，自己曾一度被诊断为患有抑郁症，不得不每天吃药控制病情。
“语姐姐”介绍，后来她在朋友推荐下，体验了健身房的私教课。每次大汗淋漓之后，心情愉悦、浑身通透，“是运动带我走出阴霾、赶走焦虑。我也想当一个运动达人。”
2018年年底，她在社交网站上注册了自己的账号，从拿年薪的互联网大厂辞职，当起了一名专职健身博主。每天在平台上分享自己的健身动态。
一开始并没有什么粉丝。直到有一天，她在社交平台上分享了自己的一个跑步动态，配发了一张马甲线照片。“第二天起床一看，一夜之间涨粉好几千。”这种正向反馈给了她继续分享的勇气，此后，她考了ACE健身教练证、瑜伽教练证，自学了运动营养学，还开发了《超超超强燃脂七分钟》躺练爆款课程。
“语姐姐”在课程中总是会叮嘱学员如何正确发力、避免受伤，她的课程以“温暖”著称，“我们的课程其实是跟用户交流的一个媒介，有我们的感情在里头。用户能体会到你想改变他、帮助他的心情，而不是单纯只想卖课给他，卖完最好不再约课。”
人民日报社概况 | 关于人民网 | 报社招聘 | 招聘英才 | 广告服务 | 合作加盟 | 供稿服务 | 网站声明 | 网站律师 | 信息保护 | 联系我们 | ENGLISH
服务邮箱： kf@people.cn 违法和不良信息举报电话：010-65363263 举报邮箱： jubao@people.cn
互联网新闻信息服务许可证10120170001 | 增值电信业务经营许可证B1-20060139 | 广播电视节目制作经营许可证（广媒）字第172号
信息网络传播视听节目许可证0104065 | 网络文化经营许可证 京网文[2020]5494-1075号 | 网络出版服务许可证（京）字121号 | 京ICP证000006号 | 京公网安备11000002000008号
人 民 网 版 权 所 有 ，未 经 书 面 授 权 禁 止 使 用 Copyright © 1997-2021 by www.people.com.cn. all rights reserved",对象|恋爱,ambiguous,keep
People.cn,2021-12-28,河南识别监测对象21.6万户 守住不发生规模性返贫底线,"人民网郑州12月28日电（杨晓娜） 12月27日，本网从河南省委宣传部召开的“奋进新征程 中原更出彩”主题系列新闻发布会“乡村振兴战略”专场上获悉，截至12月22日，河南省识别认定监测对象21.6万户68.2万人， 做到应纳尽纳， 开展“一对一”帮扶， 每户监测对象明确一名干部为帮扶责任人， 在大灾之年守住不发生规模性返贫底线。
今年受灾情、疫情影响，河南省巩固脱贫攻坚成果任务非常重。在巩固拓展脱贫攻坚成果方面主要做了哪些工作？目前效果如何？ 发布会上，河南省乡村振兴局党组成员、副局长方国根表示，今年以来，河南扎实做好巩固拓展脱贫攻坚成果、有效衔接乡村振兴，脱贫人口和监测对象“两不愁三保障”成果有效巩固，在大灾之年守住了不发生规模性返贫的底线。
如何加强监测帮扶？今年以来，河南不断加强防返贫动态监测和帮扶，实行“1357”精准识别工作法，对易返贫致贫人口发现一户、纳入监测一户、精准帮扶一户。截至12月22日，全省识别认定监测对象21.6万户68.2万人、居全国第3位，其中7月份以来新增11.2万户35.5万人，做到了应纳尽纳。强化精准帮扶，做到每户监测对象明确一名干部为帮扶责任人，开展“一对一”帮扶。
据介绍，河南继续把脱贫县作为支持重点，确定原4个省级深度贫困县为省乡村振兴重点帮扶县予以集中支持。各级领导干部联系帮扶、定点帮扶、市县结对帮扶、校地结对帮扶、“万企兴万村”等继续实行。今年省市县驻村工作队全部完成轮换，现有驻村工作队1.3万个，驻村干部4.62万人，第一书记1.33万人。同时，分级分类培训乡村振兴领域干部51万人次。
截至11月底，全省脱贫人口、农村低收入人口外出务工227.1万人，较去年底增加21.7万人；全省实施产业项目5842个，惠及脱贫人口和监测对象146万户。通过产业就业帮扶，群众收入稳定增长，按收入年度算账，初步统计全年全省脱贫户年人均纯收入达到14379元，较上年增长10.2%。
此外，河南省委省政府出台《防止因灾返贫致贫巩固拓展脱贫攻坚成果若干政策措施》，统筹安排资金13.6亿元，支持受灾脱贫地区重点实施基础设施和产业项目，27名省级领导和27个厅局对口帮扶27个重灾县。目前，灾区生产生活秩序基本恢复正常，受灾脱贫群众“两不愁三保障”问题得到有效解决，因灾需要恢复重建的5311个扶贫项目竣工率85.4%。
目前，中央省市县四级共投入财政衔接推进乡村振兴补助资金198.85亿元，超过去年规模。截至12月22日，按照新的政策要求，53个脱贫县统筹整合财政涉农资金197.89亿元。三季度末，全省精准帮扶贷款余额2025.69亿元，较去年底增加78.53亿元。全年全省交易宅基地复垦券1.42万亩，为脱贫县筹集资金26.74亿元。
人民日报社概况 | 关于人民网 | 报社招聘 | 招聘英才 | 广告服务 | 合作加盟 | 供稿服务 | 数据服务 | 网站声明 | 网站律师 | 信息保护 | 联系我们
服务邮箱： kf@people.cn 违法和不良信息举报电话：010-65363263 举报邮箱： jubao@people.cn
互联网新闻信息服务许可证10120170001 | 增值电信业务经营许可证B1-20060139 | 广播电视节目制作经营许可证（广媒）字第172号
信息网络传播视听节目许可证0104065 | 网络文化经营许可证 京网文[2020]5494-1075号 | 网络出版服务许可证（京）字121号 | 京ICP证000006号 | 京公网安备11000002000008号
人 民 网 版 权 所 有 ，未 经 书 面 授 权 禁 止 使 用 Copyright © 1997-2021 by www.people.com.cn. all rights reserved",对象,ambiguous,remove
People.cn,2021-12-28,巩固拓展社会保险扶贫成果,"资助特殊群体参保缴费、推进社会保险法定人员全覆盖、提高社会保险待遇水平……记者近日获悉，省人社厅等六部门日前联合出台13条政策举措，进一步巩固拓展社会保险扶贫成果，持续做好脱贫人口、困难群体社会保险帮扶，有效防止参保人员因年老、工伤、失业返贫致贫。
落实困难群体参保政策，符合参加城乡居民养老保险的低保对象、特困人员、脱贫户和防止返贫监测对象、重度残疾人等缴费困难群体，由地方人民政府按100元为基数为其缴纳养老保险费。“十四五”时期，我省将继续为符合条件的年满60周岁的困难群体按月发放城乡居民基本养老保险待遇并支付终身。支持和鼓励集体经济、其他经济组织、公益慈善组织、个人资助被征地农民、退捕渔民等特殊群体缴纳基本养老保险的非政府补助部分。
我省提出，要提升城乡居民养老保险领取待遇水平，落实城乡居民基本养老保险待遇确定和基础养老金调整机制，适时提高城乡居民基础养老金标准，将提升城乡居民养老保险领取待遇水平纳入乡村振兴工作内容，建立资金保障与考核机制。乡村振兴先行示范县要探索建立具有带头作用的城乡居民养老保险待遇提升机制，整体推进县和省级乡村振兴重点帮扶县要扎实落实待遇确定和基础养老金调整机制。同时，适时调整城乡居民养老保险缴费档次，提高相应缴费补贴。（殷琪惠 记者郑荣林）
人民日报社概况 | 关于人民网 | 报社招聘 | 招聘英才 | 广告服务 | 合作加盟 | 供稿服务 | 数据服务 | 网站声明 | 网站律师 | 信息保护 | 联系我们
服务邮箱： kf@people.cn 违法和不良信息举报电话：010-65363263 举报邮箱： jubao@people.cn
互联网新闻信息服务许可证10120170001 | 增值电信业务经营许可证B1-20060139 | 广播电视节目制作经营许可证（广媒）字第172号
信息网络传播视听节目许可证0104065 | 网络文化经营许可证 京网文[2020]5494-1075号 | 网络出版服务许可证（京）字121号 | 京ICP证000006号 | 京公网安备11000002000008号
人 民 网 版 权 所 有 ，未 经 书 面 授 权 禁 止 使 用 Copyright © 1997-2021 by www.people.com.cn. all rights reserved",对象,ambiguous,remove
People.cn,2021-12-28,日喀则市仁布县各族群众交往交流交融的故事,"见到李忠军时，他和妻子曲珍正在地里打理蔬菜，大棚里绿油油的青菜长势喜人。这一季的上海青收成不错，他和妻子准备给左邻右舍送一些。
李忠军是四川甘孜人，2009年与妻子曲珍认识并义无反顾来到妻子的家乡仁布县帕当乡萨达村定居。
在仁布县，像李忠军这样的民族通婚家庭还有很多。多年来，仁布县全面动员和组织开展形式多样、内容丰富的民族团结进步创建活动，生活在这里的藏族、汉族、回族、门巴族、珞巴族、土族、满族、蒙古族、白族、布依族、彝族等各民族群众像石榴籽一样紧紧抱在一起，涌现出了一批批感人的民族团结故事。
“等老了干不动了，他想去哪儿我就跟着去哪儿。”央珍朴实的话语透露着她对丈夫徐文军的爱。
四川小伙徐文军在亚东打工时认识了藏族姑娘央珍，央珍被徐文军踏实、本分的品质吸引，两人于2002年结婚。
“刚开始因为语言不通，我们通过比划手势来交流，后来他教我说汉语，我教他说藏语，现在我们可以在藏语和汉语之间任意切换。”央珍得意地说。
2007年，徐文军开始盘算着承包几座大棚教央珍种菜，这样他就能外出务工，夫妻俩一个主外一个主内，也能增加一份家庭收入。从温度控制到浇水、施肥、松土，徐文军都手把手耐心地教，央珍很快便掌握了种植技术，成为了乡中有名的种植能手，每年仅卖菜就可以挣两万多元。
在徐文军的带动下，普纳村里越来越多的村民也开始种植蔬菜大棚。只要遇到技术上的困难，徐文军总是毫不吝啬地教授和帮助。如今，夫妻相濡以沫挺过了无数艰难的日子，迎来了安稳富足的美好生活。
朋琼吉巴和王贤伟夫妇是从仁布县查巴乡到普纳村做生意的商户。1999年，来自河南的王贤伟认识了朋琼吉巴，两人很快相恋结为夫妻，并在318国道旁的普纳村开了家“小王菜店”，夫妻二人的日子过得红红火火。
说起妻子，王贤伟总是笑得合不拢嘴：“她里里外外都是一把好手，逢年过节总惦记着给我爸妈打些钱，回家总是抢着做饭洗碗，比我这个做儿子的都孝顺。”
“孩子放在河南老家，父母照顾得很好，也解决了我们的后顾之忧，可以放心干事业，他对我又体贴关心，我自然得更加孝顺父母。”朋琼吉巴说道。
一起生活这么多年，王贤伟也早已把这里当成了家，并把户口从河南老家迁到了仁布县，从此他便是一名地地道道的仁布人。
民族通婚是切娃乡一大特点，全乡8个行政村中有7个行政村有民族通婚家庭37户，这些家庭夫妻恩爱、家庭和睦。2019年，仁布县切娃乡被国务院授予“全国民族团结进步模范集体”荣誉称号，仁布县委、县政府荣获自治区级“民族团结进步模范集体”荣誉称号。
普纳村是切娃乡最年轻的行政村，新村位于拉日铁路和318国道沿线。2006年，仁布县8乡1镇的36户贫困家庭搬迁到这里。一家一户独立藏式小院，家具家电应有尽有，全部由政府投资建成。
老百姓原来生活比较贫困，思想也很保守，甚至没有外出打工的意识。搬到新村后，特殊的地理位置使得前来这里经商的个体户越来越多。大家看到在公路沿线开商铺做生意可以赚钱，思想逐渐开始转变。现在，村里藏餐馆、茶馆、蔬菜水果商铺等应有尽有，大部分是村里的老百姓开的。
回族大叔马彬林常被村里的年轻人亲切地叫一声“阿爸”。
2006年,马彬林想借着318国道的交通便利在这里开间修车铺，由于资金短缺，马彬林便抱着试试看的想法向邻居们借钱，没想到村民们不但帮他垫资还帮他找场地、买工具、拉生意，慢慢地，马彬林的修车铺生意越来越好。
马彬林时时刻刻记着乡亲们的恩情，在生活逐渐好转了之后，拿出一部分资金帮助生活困难的村民，琼珍一家就是马彬林经常关心的对象。琼珍是一位残疾人且家里没有劳动力，马彬林便经常送去衣物和吃的，抽出时间帮她干一些体力活。
马彬林还组织村里的商户为困难大学生捐款，村民谁家有困难，他总是带头捐款捐物。2021年，村民罗布次仁一家三口遭遇车祸，马彬林积极联系10多家商户捐款，经过多方努力，共筹集到资金5万多元，帮助罗布次仁一家渡过了难关。
马彬林告诉记者：“我们相处得就像一家人。逢年过节村里会组织留下来的商户和村民一起过年，每人做一道自己家乡的特色菜供大家品尝。村民和留下来的人还自觉帮助回家乡过年的商户照看好商铺，很幸运能在这里遇见这些可爱的人。”
在仁布县，有一支这样的队伍默默奉献着：他们舍下家乡氧气充足的环境，舍下年迈的父母和需要照顾的妻儿，主动投身到高原开展工作，他们就是黑龙江省第七批援藏工作队。
2019年至2021年，援藏工作队心系当地老百姓，共谋划实施援藏项目32个，涉及基础建设、民生改善、经济发展、公共服务能力建设等多个领域，极大地改善了仁布县基础设施条件，提高了当地群众的生产生活水平，促进了各民族交往交流交融。
在切娃乡、帕当乡和康雄乡，援藏工作队落实560亩鲜食玉米种植基地，工作队队员走进田间地头耐心地指导农牧民育秧、铺膜、滴灌。
玉米播种机在西藏没有售后服务站，并不专业的工作队队员们带着村民反复摸索调试，烈日下，风雨里，终于让机械正常运行，把节水滴灌带铺满田间，将过去百来人半个月才能种完的田地，仅用两天就全部耕种完成，老百姓满意地竖起了大拇指。
在康雄乡阿村，援藏工作队投入30万元资金，开垦玉米种植示范地113亩，并赠送收割机、粉碎机等设备，示范基地预计年收入22万元左右，饲草约45万斤，拓宽了农牧民增收致富的渠道，拉近了工作队与群众的心。
仁布县以多种方式和不同载体积极推进民族团结工作，谱写出了一首首民族团结、和谐幸福的赞歌。
（记者 董秀丽 胡荣国 扎巴旺青 李洲 张斌 谢筱纯 朱楠）
人民日报社概况 | 关于人民网 | 报社招聘 | 招聘英才 | 广告服务 | 合作加盟 | 供稿服务 | 数据服务 | 网站声明 | 网站律师 | 信息保护 | 联系我们
服务邮箱： kf@people.cn 违法和不良信息举报电话：010-65363263 举报邮箱： jubao@people.cn
互联网新闻信息服务许可证10120170001 | 增值电信业务经营许可证B1-20060139 | 广播电视节目制作经营许可证（广媒）字第172号
信息网络传播视听节目许可证0104065 | 网络文化经营许可证 京网文[2020]5494-1075号 | 网络出版服务许可证（京）字121号 | 京ICP证000006号 | 京公网安备11000002000008号
人 民 网 版 权 所 有 ，未 经 书 面 授 权 禁 止 使 用 Copyright © 1997-2021 by www.people.com.cn. all rights reserved",对象|结婚,ambiguous,keep
People.cn,2021-12-28,一些青年为啥愿意为“线上练肉”掏钱,"穿上一双运动鞋，配上一身紧身衣裤，戴上一副颇为拉风的红色运动耳机，一边听音乐，一边开始跳绳。大约50分钟跳5000个左右，是跳绳达人“我有好吃的”的日常。从2020年7月的第一次跳绳只有200多个开始，她把自己从一个“哪儿哪儿都透着一股大妈味儿”的普通女孩，变成了一个每天给数万正在健身的网友带去鼓励的、拥有比“网红”更好身材的“博主”。
中青报・中青网记者注意到，在疫情常态化防控下，“线上练肉”成为这届青年的健身首选。一大批线上健身课程、健身达人在各大平台上涌现。他们的出现，正颠覆传统线下健身行业的“办卡潜规则”，受到越来越多青年的喜爱。
吴岳骏是运动健身平台Keep上的一个达人“Derek大骏”，他拥有约250万粉丝，他在平台上推荐的一些课程，约有上千万人“跟练”。他原本是一名田径运动员，后来做过模特，现在还在经营自己的连锁健身门店。
“门店里的会员，肯定跟线上的粉丝数量不能比。”他告诉记者，自己的健身门店业务现在分为两块，一块是由合伙人负责运营线下门店，另一块则是由他本人负责运营的线上健身课程，“一开始，线上挣不到钱，有时为了与粉丝互动，可能还要倒贴很多装备。后来线上渐渐起来了，现在可以达到与线下营利平分秋色的水平。”他判断，未来线上的营收会越来越多，直到超越线下开店的收入。
从小就擅长跑步的吴岳骏，初中、高中都在体校上学，属于上海市田径队梯队培养对象。但高二那年，因为受伤，他彻底丧失了成为专业田径运动员的希望，后来考上了东华大学。在大学里，因为身材及外形出众，他当起了模特，经常为一些运动品牌出镜。
但大学毕业后，他决定转型。“当时健身房很流行，我就想开一个自己的健身房。模特虽然来钱快，但毕竟吃青春饭，不长久。”吴岳骏2016年时用做模特时挣来的“第一桶金”开办了健身房，当时他只有24岁，刚刚大学毕业。
有一次，Keep邀请他拍摄宣传照，他才发现，原来有人把自己健身的视频发到社交平台上了。“这种与粉丝的互动打动了我，因为其实健身房也是一个道理，就是教练鼓励学员自己努力。”吴岳骏此后尝试注册了一个自己的账户，开始在线上分享自己的健身经验。
2019年年底，一场突如起来的新冠肺炎疫情，打乱了他“开设健身房连锁店”的计划。受疫情影响，他旗下的几家健身房连续数月没有进账、没有客流，最终不得不关停一家节省成本。但与此同时，他惊讶地发现，线上的流量一下子起来了，粉丝增长到百万级别，视频阅读量也噌噌上涨。其中，有不少视频是他在自己家里铺个瑜伽垫的简易指导课。他随手拿两个装满水的矿泉水瓶、一根跳绳上的训练课，也能吸粉无数。
“我发现，网友也是在家里随心一练，装备越简单越好。”吴岳骏现在在网上开设的课程，与线下私教课动辄一次数百元的价格相比，简直便宜得连他自己都不敢相信，“一个课程39.9元，包含28节课。”在他开设的数十个系列课程中，收费课程目前只有6个，但每个课程都有约万人付费。
最近两周，上海某知名连锁健身房会员小罗放弃了自己花1万多元买的两年卡，转投线上跳操跟练。“健身房本来去得就不多，每周一两次，但每次都被拉着推销，很烦人。”小罗每次去健身房，都会有女私教来找他这个“生面孔”搭讪，推荐私教课。几次下来，他不胜其烦，“我就想静静地在跑步机上跑一会儿，出点儿汗”。
中青报・中青网记者注意到，健身房预付卡消费投诉，近年来在投诉“黑名单”上位列首位，相关投诉数量远超“美容美发行业”。来自上海市单用途预付卡协同监管平台的数据显示，上海2020年二季度“12345”市民服务热线涉单用途预付卡（以下简称“单用途卡”）投诉共19601件，同比增长104.45%。其中，投诉超过200件的经营者前10名中，有6家涉体育健身行业经营者，2家涉美容美发行业经营者。
2018年，上海市消保委、市健身健美协会会提醒公众，健身办卡、提高警惕。2019年，苏州市消保委发布健身房消费调查报告，提醒公众防范健身房五大套路。2020年，上海推出《上海市体育健身行业会员服务合同示范文本（征求意见稿）》，健身办卡拟设7天退费冷静期，但该示范合同并不强制所有健身房使用。2021年，上海市消保委又再次提醒公众警惕健身房收钱后玩失踪。
此前，新华社报道健身房套路称，健身教练被要求“像谈恋爱一样”维护学员。一些健身房还会向教练收取“保证金”，没完成业绩就要没收。还有健身房规定，完不成业绩的要罚吃辣椒、芥末、柠檬，甚至遭受辱骂、剃头等羞辱。
仅今年三季度，上海市消保委系统就受理了健身投诉2193件。主要问题包括健身机构随意变更教练、课程难以预约等引发退款纠纷；个别健身机构未开业即预售会员卡、口头承诺“按期开业”“免费开放游泳池”等，事后无法兑现；消费者提出退款申请，经营者设置较长的退款周期拖延退款；健身营销又出新套路，对老会员“杀熟”，以“会员权益被侵占”等为由诱导消费者到门店叠加购卡。
一边是“套路”不断的健身行业现状，另一边是高速增长的健身需求。全球咨询公司麦肯锡发布的《2020年中国消费者调查报告》显示，即使中国人的可支配收入增长在放缓，但中国人健身消费支出正增加。这份针对中国44座城市5400名消费者的访谈分析称，72%的城市消费者增加了健身相关的支出。在“双11”销售报告中，线下健身房储值、课包也在增长，跑步机购买量增长超155%，瑜伽垫购买量超5400万个。
跳绳达人“我有好吃的”社交账号下，众多网友每天与其保持互动交流。有人给她上传自己每天打卡跳绳的情况，有人与她互动跳绳穿什么鞋子、用什么绳子，甚至询问其听什么音乐，她都会一一作答并回复鼓励。
“相比在健身房被教练强行忽悠办卡、买课，我更愿意自己在线上挑挑拣拣，想上什么课就买什么课，几十块钱，也吃不了亏。”小罗说，自己现在和一些爱运动的邻居组了一个群，每天都在群里分享各种操课和健康饮食策略，“健身主要靠坚持、靠互动、靠鼓励，我觉得这些在线上比在健身房更容易实现”。
“今天，你帕梅拉了吗？”帕梅拉如今已经成为中国线上健身领域的一个特殊符号。健身内容创作者@帕梅拉_PamelaReif凭借其标准身材、专业能力、人形AI的标签在中国“火”了起来。截至2021年12月，她在Keep平台的月跟练人次已超过810万。
以Keep平台为例，近两年该平台内容观看数保持快速增长。相比2019年全年，2020年其内容观看数增长700%；相比2020年全年，2021年前11个月的Keep内容观看数增长63%。
来自第一财经CBN Deta的数据显示，44%的用户观看运动健身类短视频/直播内容的原因是“学习科学运动健身方法”，占比最高。
除了像“Derek大骏”这样的运动员外，还有很多素人加入健身达人的创作队伍中。
“语姐姐”就是其中之一，她在线上推出的“躺瘦”系列课程，精准地抓住了许多年轻人“又懒又想瘦”的“痛点”，吸引了约2000万人次跟练。“宝宝们，再坚持一下，坚持下来，以后来天津姐姐请吃煎饼果子。”这个天津女孩常常顶着一身腱子肉和精致的妆容、造型，拿自带搞笑气质的“天津话”来逗乐观众，颇受好评。
很多人不知道的是，在网上乐观有趣的“语姐姐”，其实曾是互联网大厂的打工人，每天早上7点出门、晚上10点到家，“那是2018年，每天开不完的会、走不完的流程、赶不完的报告、做不完的PPT。”她告诉记者，自己曾一度被诊断为患有抑郁症，不得不每天吃药控制病情。
“语姐姐”介绍，后来她在朋友推荐下，体验了健身房的私教课。每次大汗淋漓之后，心情愉悦、浑身通透，“是运动带我走出阴霾、赶走焦虑。我也想当一个运动达人。”
2018年年底，她在社交网站上注册了自己的账号，从拿年薪的互联网大厂辞职，当起了一名专职健身博主。每天在平台上分享自己的健身动态。
一开始并没有什么粉丝。直到有一天，她在社交平台上分享了自己的一个跑步动态，配发了一张马甲线照片。“第二天起床一看，一夜之间涨粉好几千。”这种正向反馈给了她继续分享的勇气，此后，她考了ACE健身教练证、瑜伽教练证，自学了运动营养学，还开发了《超超超强燃脂七分钟》躺练爆款课程。
“语姐姐”在课程中总是会叮嘱学员如何正确发力、避免受伤，她的课程以“温暖”著称，“我们的课程其实是跟用户交流的一个媒介，有我们的感情在里头。用户能体会到你想改变他、帮助他的心情，而不是单纯只想卖课给他，卖完最好不再约课。”(记者 王烨捷)",对象|恋爱,ambiguous,keep
People.cn,2021-12-29,六部门印发规划 明确“十四五”全国水情教育工作重点任务--经济・科技--人民网,"人民网北京12月29日电 （王仁宏）据水利部消息，12月27日，水利部、中宣部、教育部、文化和旅游部、共青团中央、中国科协等六部门联合印发《“十四五”全国水情教育规划》（以下简称《规划》）。《规划》提出了今后5年我国水情教育工作的指导思想、基本原则、主要目标，明确了重点内容、重点任务和保障措施，是“十四五”时期全国水情教育工作的重要依据和指导。
据了解，“十三五”时期是全国水情教育工作的起步阶段，各地认真贯彻落实中央关于国情水情教育工作重要部署要求，积极组织实施首个《全国水情教育规划》，水情教育工作取得明显成效。水情教育基地设立稳步推进，先后分4批在全国设立63个国家水情教育基地，覆盖了除西藏以外的30个省（自治区、直辖市），部分地区还开展了省级和市级水情教育基地设立工作，基地每年接待参观者超千万人次，水情教育的社会覆盖面和影响力不断扩大。
“十四五”时期是我国开启全面建设社会主义现代化国家新征程的第一个五年。进入新发展阶段、贯彻新发展理念、构建新发展格局、推动高质量发展，以及推进社会主义文化强国建设，提高社会文明程度、提升公共文化服务水平等，对水情教育工作提出了新的更高要求。
《规划》提出，“十四五”水情教育工作要把增强公众水安全水忧患意识，提高公众节约水资源、保护水生态与水环境、应对水旱灾害能力作为出发点和落脚点，着力加强水情教育载体建设，创新水情教育形式和机制，全面提升水情教育工作能力和水平，夯实推动新阶段水利高质量发展、保障国家水安全的社会基础。
《规划》提出，到2025年，全国水情教育工作取得重要进展，社会公众特别是重点教育对象知水、爱水、节水、护水意识和应对洪涝灾害能力得到全面提升。水利部各流域管理机构、各省（自治区、直辖市）至少拥有一处面向社会公众开放、全面展示本流域本地区基本水情、水安全形势和治水历史、理念思路、成就经验等为主要内容的综合性水情教育展示场馆场所。新设立国家水情教育基地不少于50个，全国50%以上的省份开展省级水情教育基地设立工作。进一步增强中小学生节水、护水、水安全意识，推动水情教育知识纳入公职人员特别是领导干部教育培训重要内容。打造不少于10个主题鲜明、富有特色的全国性水情教育品牌活动，策划出版一批适宜不同教育对象的高质量权威水情教育读本和音像制品。建立由专门人员、专家团队、志愿者组成的专兼职水情教育专业化队伍。
《规划》明确了水情教育的重点内容和重点任务。重点内容包括基本水情、水利常识、水利法治、水利科技、治水成就和治水文化。重点任务分别是加强水情教育工作格局构建、加强重点教育对象青少年和公职人员特别是领导干部水情教育、加强水情教育展示场馆场所建设、加强水情教育基地设立管理、加强水情教育产品有效供给、加强水情教育品牌活动打造、加强水情教育形式手段创新、加强水情教育人才队伍建设以及加强水情教育对外交流合作。
《规划》还提出了强化组织领导、加大投入力度、加强业务指导、建立激励机制四项保障措施。
人民日报社概况 | 关于人民网 | 报社招聘 | 招聘英才 | 广告服务 | 合作加盟 | 供稿服务 | 数据服务 | 网站声明 | 网站律师 | 信息保护 | 联系我们
服务邮箱： kf@people.cn 违法和不良信息举报电话：010-65363263 举报邮箱： jubao@people.cn
互联网新闻信息服务许可证10120170001 | 增值电信业务经营许可证B1-20060139 | 广播电视节目制作经营许可证（广媒）字第172号
信息网络传播视听节目许可证0104065 | 网络文化经营许可证 京网文[2020]5494-1075号 | 网络出版服务许可证（京）字121号 | 京ICP证000006号 | 京公网安备11000002000008号
人 民 网 版 权 所 有 ，未 经 书 面 授 权 禁 止 使 用 Copyright © 1997-2021 by www.people.com.cn. all rights reserved",对象,ambiguous,remove
People.cn,2021-12-29,第十三届鲁迅青少年文学奖澳门评选启动--港澳--人民网,"人民网澳门12月29日电 （记者毛磊）29日，第十三届鲁迅青少年文学奖澳门评选活动举行启动仪式。活动将在澳门大中小学生优秀作品中评选出获奖作品，参加明年举行的全国比赛。
启动仪式上，第十三届鲁迅青少年文学奖组委会常务副主席兼秘书长刘海涛，澳门组委会主席、亚旅卫视集团董事长黄冬，澳门大学教授朱寿桐分别致辞。本次活动在鲁迅青少年文学奖全国组委会指导下，由亚洲文化旅游卫视国际传媒集团主办，澳门《捷报》、澳门青少年教育促进会、澳门大学历史文化中心协办。
据了解，第十三届鲁迅青少年文学奖澳门评选活动是目前澳门地区最大规模的青少年作文赛事。本次活动积极倡导“弘扬鲁迅精神，推崇母语写作，发掘优秀原创，添彩澳门文坛”，旨在通过弘扬鲁迅精神，鼓励更多澳门青少年积极响应国家坚定文化自信的伟大号召，在澳门新的发展历史时期，勤奋学习，增强素质，奉献才智，回馈社会，报效祖国。
本次活动分为小学组、中学组、大学组和青年组等四个组别，奖项分为“鲁迅少年写作奖”和“鲁迅青年写作奖”两大类。“鲁迅少年写作奖”评选对象为18岁以下的在校中小学生，作品要求为1500字以内的原创文学作品。“鲁迅青年写作奖”评选对象为18岁至35岁的在校大学生或成人，作品要求为3500字以内的原创文学作品。
人民日报社概况 | 关于人民网 | 报社招聘 | 招聘英才 | 广告服务 | 合作加盟 | 供稿服务 | 数据服务 | 网站声明 | 网站律师 | 信息保护 | 联系我们
服务邮箱： kf@people.cn 违法和不良信息举报电话：010-65363263 举报邮箱： jubao@people.cn
互联网新闻信息服务许可证10120170001 | 增值电信业务经营许可证B1-20060139 | 广播电视节目制作经营许可证（广媒）字第172号
信息网络传播视听节目许可证0104065 | 网络文化经营许可证 京网文[2020]5494-1075号 | 网络出版服务许可证（京）字121号 | 京ICP证000006号 | 京公网安备11000002000008号
人 民 网 版 权 所 有 ，未 经 书 面 授 权 禁 止 使 用 Copyright © 1997-2021 by www.people.com.cn. all rights reserved",对象,ambiguous,remove
People.cn,2021-12-29,应急管理部、人社部部署实施危险化学品企业工伤预防能力提升培训工程--社会・法治--人民网,"人民网北京12月29日电 （记者温璐）近日，人力资源社会保障部会同应急管理部联合印发了《关于实施危险化学品企业工伤预防能力提升培训工程的通知》（以下简称《通知》），部署实施危险化学品企业工伤预防能力提升培训工程，提升危险化学品领域从业人员工伤预防意识和能力，从源头上预防和减少工伤事故发生。
《通知》指出，要紧紧围绕从源头上消除事故隐患，切实提升工伤预防意识和能力，推动落实企业工伤预防主体责任，保障劳动者生命安全与健康，促进劳动者稳定就业，促进危险化学品企业安全发展。
《通知》要求，培训对象将需应急管理部门许可的危险化学品生产企业、储存设施构成重大危险源的经营企业、使用危险化学品从事生产的化工企业，以及涉及重点监管危险化工工艺、构成重大危险源的精细化工企业和化学合成类药品生产企业安全生产分管负责人、专职安全管理人员和班组长（含车间主任，下同）作为重点培训对象，2024年底前实现上述人员培训全覆盖。
《通知》还明确了对危险化学品重点企业安全生产分管负责人、专职安全管理人员和班组长等三类重点对象开展全覆盖、高质量培训的工作任务，并对培训对象、培训内容、培训方式、培训时长和培训机构作出详细规定，对培训项目管理、维护资金安全、抓好质量管控、积极培育第三方服务机构提出明确要求。
记者了解到，培训内容将根据不同类型危险化学品重点企业和三类人员特点分类开展针对性培训，具体内容由当地应急管理部门会同人力资源社会保障部门确定。另外，培训方式将采取线上学习与线下培训相结合的方式开展培训，缓解企业工学矛盾。
《通知》从加强组织协调，注重齐抓共管；制定工作方案，强化督导落实；发挥引领作用，落实企业责任；发挥典型引路，广泛发动宣传等4个方面，对各地人社部门和应急管理部门提出了抓好实施的工作要求。
人民日报社概况 | 关于人民网 | 报社招聘 | 招聘英才 | 广告服务 | 合作加盟 | 供稿服务 | 数据服务 | 网站声明 | 网站律师 | 信息保护 | 联系我们
服务邮箱： kf@people.cn 违法和不良信息举报电话：010-65363263 举报邮箱： jubao@people.cn
互联网新闻信息服务许可证10120170001 | 增值电信业务经营许可证B1-20060139 | 广播电视节目制作经营许可证（广媒）字第172号
信息网络传播视听节目许可证0104065 | 网络文化经营许可证 京网文[2020]5494-1075号 | 网络出版服务许可证（京）字121号 | 京ICP证000006号 | 京公网安备11000002000008号
人 民 网 版 权 所 有 ，未 经 书 面 授 权 禁 止 使 用 Copyright © 1997-2021 by www.people.com.cn. all rights reserved",对象,ambiguous,remove
People.cn,2021-12-29,稳中求进 服务大局 2021年民政工作取得这些新成绩--社会・法治--人民网,"人民网北京12月29日电 （记者宋子节）12月28日，民政部召开全国民政工作视频会议。
会议指出，2021年是党和国家历史上具有里程碑意义的一年。各项民政工作取得新成绩，顺利实现“十四五”民政工作良好开局。
一是扎实开展党史学习教育。党员干部学史明理、学史增信、学史崇德、学史力行，自觉听党话、跟党走，促进学党史、悟思想、办实事、开新局。抓实8项“我为群众办实事”实践活动，累计走访慰问特殊困难群众1081.4万人次，开展婚姻登记、残疾人两项补贴“跨省通办”4.5万人次，动员社会组织减轻企业负担56.54亿元，推动将367.5万条乡村地名载入互联网地图，社区服务抽样调查满意率达到87.6%。兴起了学习贯彻党的十九届六中全会精神热潮。
二是大力巩固拓展脱贫攻坚兜底保障成果并做好同乡村振兴有效衔接工作。保持兜底保障政策的连续性稳定性。初步建成覆盖5700多万低收入人口的动态监测信息平台并加强常态化救助帮扶，截至三季度末，全国共有240.2万脱贫不稳定人口、边缘易致贫人口和突发严重困难户纳入低保和特困救助供养范围，占三类重点人群总数的46%。
三是有力服务保障各类特殊困难群众。生活困难群众保障方面，截至11月底纳入城乡低保4223.8万人，截至三季度末纳入城乡特困救助供养470.7万人；全面建立乡镇（街道）临时救助备用金制度，前三季度实施临时救助616.6万人次，其中非本地户籍对象5.6万人次。老年人福利和养老服务方面，推进基本养老服务体系建设，首次举办国家级养老护理职业技能大赛，截至三季度末，全国养老服务机构和设施总数达到34万个，床位817.2万张。儿童福利和未成年人保护方面，国务院成立未成年人保护工作领导小组及办公室，全国省市县三级全部建立完善相应领导协调机制。推进儿童福利机构优化提质和创新转型，建立孤儿、事实无人抚养儿童价格补贴联动机制。残疾人福利方面，截至三季度末，1189.5万困难残疾人、1489.8万重度残疾人分别享受两项补贴。开展第二批康复辅助器具国家综合创新试点。流浪乞讨人员救助管理方面，成功寻亲20058人、落户安置18313人，前三季度共救助53.6万人次，流浪乞讨人员站内照料实现全过程监管。
四是推动完善社会治理体系。党中央、国务院印发加强基层治理体系和治理能力现代化建设的意见。27个省（区、市）和新疆生产建设兵团完成新一轮村（居）委会换届选举。农村社区综合服务设施覆盖率达到71.7%。推动党的全面领导和社会主义核心价值观载入全国性社会组织章程，引导社会力量参与援藏援疆和乡村振兴等战略。建成国家社会组织法人信息库。处置非法社会组织3463个，规范行业协会商会收费，清理整治“僵尸型”社会组织。举办第十一届“中华慈善奖”表彰大会、第九届中国公益慈善项目交流展示会云展会。遴选第三批10家互联网公开募捐信息平台，截至11月底，30家平台本年度共募集善款87.5亿元，带动7.7亿人次参与捐赠。建成乡镇（街道）社工站1.7万余个，驻站社工近4万名。注册志愿者超过2亿人，累计志愿服务时间超过37亿小时。截至11月底，福利彩票销售1280.21亿元，筹集公益金398.56亿元。
五是规范专项行政事务和社会事务管理。稳慎审核报批行政区划调整事项。推动修订《地名管理条例》。依法依规稳慎清理整治不规范地名。确认32个国家级、近300个省市级婚俗改革实验区。全国70.2%的县级以上婚姻登记机关设置婚姻家庭辅导室。联合开展殡葬业价格秩序、公益性安葬设施违规建设经营专项整治。
同时，各级民政部门强化全面从严治党政治引领和政治保障作用，风清气正的政治生态不断巩固。民政法治建设和基础工作进一步加强。全国民政系统实现疫情“零感染”、重特大安全生产事故“零发生”。
人民日报社概况 | 关于人民网 | 报社招聘 | 招聘英才 | 广告服务 | 合作加盟 | 供稿服务 | 数据服务 | 网站声明 | 网站律师 | 信息保护 | 联系我们
服务邮箱： kf@people.cn 违法和不良信息举报电话：010-65363263 举报邮箱： jubao@people.cn
互联网新闻信息服务许可证10120170001 | 增值电信业务经营许可证B1-20060139 | 广播电视节目制作经营许可证（广媒）字第172号
信息网络传播视听节目许可证0104065 | 网络文化经营许可证 京网文[2020]5494-1075号 | 网络出版服务许可证（京）字121号 | 京ICP证000006号 | 京公网安备11000002000008号
人 民 网 版 权 所 有 ，未 经 书 面 授 权 禁 止 使 用 Copyright © 1997-2021 by www.people.com.cn. all rights reserved",婚姻|婚姻登记|对象,ambiguous,keep
People.cn,2021-12-29,西藏：养老服务 更有温度,"近年来，西藏自治区加大力度做好农村五保对象集中供养工作，切实保障五保供养对象的基本生活，使他们老有所依、老有所养，过上欢乐祥和的晚年生活。
图为山南市错那县集中供养服务中心的工作人员在照顾老人。
人民日报社概况 | 关于人民网 | 报社招聘 | 招聘英才 | 广告服务 | 合作加盟 | 供稿服务 | 数据服务 | 网站声明 | 网站律师 | 信息保护 | 联系我们
服务邮箱： kf@people.cn 违法和不良信息举报电话：010-65363263 举报邮箱： jubao@people.cn
互联网新闻信息服务许可证10120170001 | 增值电信业务经营许可证B1-20060139 | 广播电视节目制作经营许可证（广媒）字第172号
信息网络传播视听节目许可证0104065 | 网络文化经营许可证 京网文[2020]5494-1075号 | 网络出版服务许可证（京）字121号 | 京ICP证000006号 | 京公网安备11000002000008号
人 民 网 版 权 所 有 ，未 经 书 面 授 权 禁 止 使 用 Copyright © 1997-2021 by www.people.com.cn. all rights reserved",对象,ambiguous,remove
People.cn,2021-12-30,河南省命名第二批“两新”组织党建示范点,"12月28日，省委非公有制经济组织和社会组织工作委员会印发通知，命名好想你健康食品股份有限公司党委等30个非公经济组织和社会组织党组织为第二批“两新”组织党建省级示范点。
为做好这次党建示范点推荐命名工作，省委“两新”工委对范围对象、资格条件、工作程序等作出明确规定，并抽调专人组成4个观摩考察组，对拟推荐对象进行实地调研和逐一点评。经过层层推荐和综合考评，对筛选对象征求了省委“两新”工委各成员单位的意见。
自2020年起，省委“两新”工委在全省组织开展了“两新”组织党建示范点创建工作，旨在深入贯彻落实中央、省委关于进一步加强“两新”组织党建工作的要求，充分发挥先进基层党组织的示范引领和龙头带动作用，推动全省“两新”组织党建工作规范化科学化水平整体提升。截至目前，全省共命名“两新”组织党建省级示范点60个，其中非公企业党组织36个、社会组织党组织9个、园区党组织8个、楼宇党组织5个、商圈市场党组织2个。
人民日报社概况 | 关于人民网 | 报社招聘 | 招聘英才 | 广告服务 | 合作加盟 | 供稿服务 | 数据服务 | 网站声明 | 网站律师 | 信息保护 | 联系我们
服务邮箱： kf@people.cn 违法和不良信息举报电话：010-65363263 举报邮箱： jubao@people.cn
互联网新闻信息服务许可证10120170001 | 增值电信业务经营许可证B1-20060139 | 广播电视节目制作经营许可证（广媒）字第172号
信息网络传播视听节目许可证0104065 | 网络文化经营许可证 京网文[2020]5494-1075号 | 网络出版服务许可证（京）字121号 | 京ICP证000006号 | 京公网安备11000002000008号
人 民 网 版 权 所 有 ，未 经 书 面 授 权 禁 止 使 用 Copyright © 1997-2021 by www.people.com.cn. all rights reserved",对象,ambiguous,remove
People.cn,2021-12-30,鹤壁淇滨区农村住房灾后恢复重建工作完成群众住进“安心房”睡上“安稳觉”,"洁白的墙壁，翻新的屋顶，整洁的门窗……近日，笔者在淇滨区上峪乡邪圹村看到，经过几个月的灾后恢复重建，该村面貌焕然一新，受灾的村民们在新翻盖的房屋内开启了新生活。
邪圹村只是淇滨区农村住房灾后恢复重建的一个缩影。今夏特大暴雨使辖区不少农村居民住房受损，为帮助农户维修重建受损房屋，尽快恢复正常生产生活秩序，淇滨区住建局迅速成立帮扶小组，出台政策方案，进行房屋鉴定、翻盖施工等，截至目前，被列为补助对象的399户群众已全部完成受灾农房维修重建工作。
成立帮扶小组、出台政策方案，稳步推进恢复重建工作
“为尽快确定农房受灾情况，我们一是抽调专人成立2支帮扶小组，入村入户帮扶，解决群众住房实际困难。二是迅速组织第三方鉴定机构入户开展安全评估鉴定，累计出动鉴定人员700余人次，鉴定房屋5921户。”淇滨区住建局局长崔文娜说，经过2周的鉴定，根据乡、村“四议两公开”及应急管理部门确认等程序，受损房屋维修重建补助对象399户，其中需重建户为53户，维修加固户346户。
随后，根据房屋受损情况，淇滨区住建局积极对接申请，共争取上级恢复重建补助资金690万元，用于受灾群众转移安置，过渡期生活救助，倒塌受损房屋恢复重建和基础设施维修。
恢复重建怎么建？建多久？围绕这些问题，淇滨区制定并出台了《淇滨区农村住房灾后重建工作方案》，明确了工作目标、工作任务、工作职责和时间节点等。同时，该区住建局及时召开恢复重建工作推进会，充分尊重群众意愿，对需维修加固的房屋根据设计方案维修加固，并组织有资质的施工队伍开展施工。
加大技术指导、排查隐患房屋，保障重建住房质量
“灾后恢复重建工作不仅推进得快，质量上更有保障。”崔文娜说。
为确保群众住上“安心房”，淇滨区住建局一是加大对灾后恢复重建工作的技术指导，聘请河南省建科院专家对参与维修重建的建筑工匠进行集中培训，保障工程建设质量，加快推进灾后恢复重建进度。二是对农村房屋损毁情况进行全面排查、指导，及时组织各乡（镇、街道）集中力量开展“危房不住人”隐患排查工作，确保“不漏一屋、不落一房”。明确要求未经排查的房屋，人员一律不得回迁；经评估确有安全隐患的房屋，安排专人值守，明确警戒范围，确保人员不返回、不进入；受损严重、没有加固价值、存在倒塌危险、危及周边安全的房屋，予以拆除。三是积极对接乡村振兴、民政、残联、应急管理等部门，确保符合纳入监测对象情形的低收入人群应纳尽纳。
邪圹村党支部书记闫合叶告诉笔者，村里共有27户被纳入受损房屋维修重建补助对象，11月中旬前就已全部完成。采访时，村民们对新建的住房纷纷表示满意。“暴雨把家冲毁了，没想到这么快就建好了，建得比受灾前还好、还牢固，真是多亏了党和政府对俺的关心和帮助。”村民闫爱梅说。
坚持动态排查、加强政策落实，帮助受灾群众建设美丽家园
灾后恢复重建工作仍在如火如荼进行，谈到下一步打算，崔文娜说，因受雨雪、洪涝因素影响，易造成屋顶漏雨、地基沉陷等问题，改造对象的房屋安全情况随时可能发生变化。
“针对这些问题，我们将继续坚持动态排查、优化政策宣传，加强政策落实。”崔文娜说，具体来讲，根据时间节点倒排工作计划，不间断对乡镇开展进度督查和技术指导工作，帮助受灾严重区域群众建设美丽家园，尽快恢复生产生活秩序。另外，加大对低收入人群、监测户、脱贫户等重点人群的住房安全情况排查力度，积极利用政策机遇对于上级资金再争取，并及时拨付到农户，用于受灾群众房屋恢复重建。（鹤壁市委宣传部 陶俐伶 李丹丹）
人民日报社概况 | 关于人民网 | 报社招聘 | 招聘英才 | 广告服务 | 合作加盟 | 供稿服务 | 数据服务 | 网站声明 | 网站律师 | 信息保护 | 联系我们
服务邮箱： kf@people.cn 违法和不良信息举报电话：010-65363263 举报邮箱： jubao@people.cn
互联网新闻信息服务许可证10120170001 | 增值电信业务经营许可证B1-20060139 | 广播电视节目制作经营许可证（广媒）字第172号
信息网络传播视听节目许可证0104065 | 网络文化经营许可证 京网文[2020]5494-1075号 | 网络出版服务许可证（京）字121号 | 京ICP证000006号 | 京公网安备11000002000008号
人 民 网 版 权 所 有 ，未 经 书 面 授 权 禁 止 使 用 Copyright © 1997-2021 by www.people.com.cn. all rights reserved",对象,ambiguous,remove
People.cn,2021-12-30,鹤壁市淇滨区农村住房灾后恢复重建工作完成,"洁白的墙壁，翻新的屋顶，整洁的门窗……近日，记者在淇滨区上峪乡邪圹村看到，经过几个月的灾后恢复重建，该村面貌焕然一新，受灾的村民们在新翻盖的房屋内开启了新生活。
邪圹村只是淇滨区农村住房灾后恢复重建的一个缩影。今夏特大暴雨使辖区不少农村居民住房受损，为帮助农户维修重建受损房屋，尽快恢复正常生产生活秩序，淇滨区住建局迅速成立帮扶小组，出台政策方案，进行房屋鉴定、翻盖施工等，截至目前，被列为补助对象的399户群众已全部完成受灾农房维修重建工作。
成立帮扶小组、出台政策方案，稳步推进恢复重建工作
“为尽快确定农房受灾情况，我们一是抽调专人成立2支帮扶小组，入村入户帮扶，解决群众住房实际困难。二是迅速组织第三方鉴定机构入户开展安全评估鉴定，累计出动鉴定人员700余人次，鉴定房屋5921户。”淇滨区住建局局长崔文娜说，经过2周的鉴定，根据乡、村“四议两公开”及应急管理部门确认等程序，受损房屋维修重建补助对象399户，其中需重建户为53户，维修加固户346户。
随后，根据房屋受损情况，淇滨区住建局积极对接申请，共争取上级恢复重建补助资金690万元，用于受灾群众转移安置，过渡期生活救助，倒塌受损房屋恢复重建和基础设施维修。
恢复重建怎么建？建多久？围绕这些问题，淇滨区制定并出台了《淇滨区农村住房灾后重建工作方案》，明确了工作目标、工作任务、工作职责和时间节点等。同时，该区住建局及时召开恢复重建工作推进会，充分尊重群众意愿，对需维修加固的房屋根据设计方案维修加固，并组织有资质的施工队伍开展施工。
加大技术指导、排查 隐患房屋，保障重建住房质量
“灾后恢复重建工作不仅推进得快，质量上更有保障。”崔文娜说。
为确保群众住上“安心房”，淇滨区住建局一是加大对灾后恢复重建工作的技术指导，聘请河南省建科院专家对参与维修重建的建筑工匠进行集中培训，保障工程建设质量，加快推进灾后恢复重建进度。二是对农村房屋损毁情况进行全面排查、指导，及时组织各乡（镇、街道）集中力量开展“危房不住人”隐患排查工作，确保“不漏一屋、不落一房”。明确要求未经排查的房屋，人员一律不得回迁；经评估确有安全隐患的房屋，安排专人值守，明确警戒范围，确保人员不返回、不进入；受损严重、没有加固价值、存在倒塌危险、危及周边安全的房屋，予以拆除。三是积极对接乡村振兴、民政、残联、应急管理等部门，确保符合纳入监测对象情形的低收入人群应纳尽纳。邪圹村党支部书记闫合叶告诉记者，村里共有27户被纳入受损房屋维修重建补助对象，11月中旬前就已全部完成。采访时，村民们对新建的住房纷纷表示满意。“暴雨把家冲毁了，没想到这么快就建好了，建得比受灾前还好、还牢固，真是多亏了党和政府对俺的关心和帮助。”村民闫爱梅说。
坚持动态排查、加强政策落实，帮助受灾群众建设美丽家园
灾后恢复重建工作仍在如火如荼进行，谈到下一步打算，崔文娜说，因受雨雪、洪涝因素影响，易造成屋顶漏雨、地基沉陷等问题，改造对象的房屋安全情况随时可能发生变化。
“针对这些问题，我们将继续坚持动态排查、优化政策宣传，加强政策落实。”崔文娜说，具体来讲，根据时间节点倒排工作计划，不间断对乡镇开展进度督查和技术指导工作，帮助受灾严重区域群众建设美丽家园，尽快恢复生产生活秩序。另外，加大对低收入人群、监测户、脱贫户等重点人群的住房安全情况排查力度，积极利用政策机遇对于上级资金再争取，并及时拨付到农户，用于受灾群众房屋恢复重建。 （ 鹤壁淇滨区委宣传部 薛山 供稿 ）
人民日报社概况 | 关于人民网 | 报社招聘 | 招聘英才 | 广告服务 | 合作加盟 | 供稿服务 | 数据服务 | 网站声明 | 网站律师 | 信息保护 | 联系我们
服务邮箱： kf@people.cn 违法和不良信息举报电话：010-65363263 举报邮箱： jubao@people.cn
互联网新闻信息服务许可证10120170001 | 增值电信业务经营许可证B1-20060139 | 广播电视节目制作经营许可证（广媒）字第172号
信息网络传播视听节目许可证0104065 | 网络文化经营许可证 京网文[2020]5494-1075号 | 网络出版服务许可证（京）字121号 | 京ICP证000006号 | 京公网安备11000002000008号
人 民 网 版 权 所 有 ，未 经 书 面 授 权 禁 止 使 用 Copyright © 1997-2021 by www.people.com.cn. all rights reserved",对象,ambiguous,remove
People.cn,2021-12-30,江西3名正厅级干部任前公示,"2021年12月30日19:40 来源： 人民网-江西频道
人民网南昌12月30日电（张志斌）根据《党政领导干部选拔任用工作条例》等有关规定，经江西省委研究同意，现将以下拟任人选的有关情况予以公示。
庄国良，男，汉族，1965年5月生，中共党员，省委党校研究生，现任省纪委常委，拟任省直单位党政正职；
李明生，男，汉族，1967年8月生，中共党员，中央党校研究生，现任萍乡市委常委、副市长，拟任省直单位党政正职；
李克坚，男，汉族，1969年6月生，中共党员，省委党校研究生，现任吉安市委常委、副市长，拟任省直单位党政正职。
上述公示对象公示时间从2021年12月30日起至2022年1月7日止。对上述公示对象有什么意见，请于2022年1月7日前来信来电向江西省委组织部举报中心反映。反映情况和问题应实事求是、客观公正，严禁诽谤诬告，提倡实名举报。
举报网站：www.12380jiangxi.gov.cn
联系地址：江西省南昌市红谷滩区卧龙路999号",对象,ambiguous,remove
People.cn,2021-12-30,聚焦重点“述”开门见山“询”从严从实“改”,"“‘一把手’违规违纪问题时有发生，请问市委应负什么责任？在加强‘一把手’和领导班子监督方面有哪些薄弱环节？”
“系统内基层党组织数量多、管理链条长、监督问效难，如何层层压实责任，推进系统全面从严治党？”
12月28日，2021年度市委书记和部分省直部门单位党组（党委）书记向省纪委全会述责述廉会议举行。淄博、菏泽市委书记，省司法厅、省国有资产投资控股有限公司、山东第一医科大学（省医学科学院）党委书记，现场述责述廉，并接受省纪委委员询问。
除济南、青岛外的其他12市市委书记，省发展改革委、省民政厅、省财政厅、省卫生健康委、省商业集团有限公司、恒丰银行、曲阜师范大学、山东建筑大学党组（党委）书记等述责述廉对象提交书面报告，一并接受评议。
按照新时代党的建设总要求，述责述廉对象围绕推动全面从严治党向纵深发展这条主线，聚焦“责”和“廉”，强化问题导向，重点报告今年以来履行管党治党政治责任和廉洁从政情况。省纪委监委根据述责述廉对象及其所在地区或部门单位党风廉政建设情况，广泛征求意见，围绕反映比较集中、问题比较突出的方面，拟定现场询问的问题。每位述责述廉对象报告完毕，省纪委委员询问问题。
“菏泽是黄河入鲁第一市，在落实黄河流域生态保护和高质量发展国家战略方面责无旁贷。但从近期查处问题和中央环保督察反馈情况看，湿地生态保护不力问题有之、违规取水问题有之、违规占用耕地问题有之，请问市委在统筹生态保护和经济发展上承担什么责任？下步如何整改？”听完菏泽市委书记张新文的述责述廉报告，省纪委委员管言明当即提问。
“市委具有不可推卸的责任，这说明我们政治站位还不够高，对习近平总书记重要指示要求的理解还不够深入。”张新文说，针对中央环保督察反馈存在的问题，菏泽市明确责任，制订整改方案，进行了认真整改。下一步将坚定践行习近平生态文明思想，进一步压实全面从严治党主体责任，切实转变发展方式和发展理念，加强制度建设，搞好系统统筹，真正把黄河重大国家战略落到实处。
现场述责述廉过程中，述责述廉对象聚焦重点“述”，总结工作实事求是，查摆问题客观实在，体现了知责明责的自觉、守责担责的主动、履责尽责的认真；纪委委员开门见山“询”，现场询问不遮掩、不回避，点麻骨、戳痛处，有“辣味”、动真格，被询问对象回答直面问题、态度坦诚，一问一答之间，起到了“红脸出汗”的效果，增强了持之以恒抓全面从严治党的思想自觉、政治自觉、行动自觉。
“述”是形式，“询”是手段，从严从实“改”才是关键、是根本。针对自身查摆的问题、省纪委委员指出的问题，述责述廉对象都提出了具体明确的整改措施，达到了解决问题、压实责任、改进工作的目的。
山东第一医科大学（省医学科学院）党委书记韩金祥说，大学担负着为党和国家培养更多堪当民族复兴大任的时代新人的使命，作为一名高校党委书记，一定坚持社会主义办学方向，坚持立德树人根本任务，严格按照新时代党的建设总要求，切实履行好管党治党各项责任，从严从实抓好问题整改落实，以高质量党建引领大学高质量发展。
现场述责述廉结束后，省纪委委员结合述责述廉报告、问题回答以及日常掌握情况，采取无记名投票方式，对述责述廉对象进行了民主评议。会后，省纪委监委将适时把评议结果、意见建议及整改事项反馈至每名述责述廉对象，督促抓好整改落实。（魏然）",对象,ambiguous,remove
People.cn,2021-12-30,日喀则市白朗县司法局全面推行“党建+”工作体系,"在主题党日活动中，白朗县司法局给老人送去慰问品，用实际行动表达了对老人的关爱之情。同时，结合司法行政业务职能，为老人讲解党的惠民政策和相关法律法规。 图为白朗县司法局参加主题党日活动的人员和洛江镇洛江村孤寡老人桌多合影。 本报记者 王杰学 摄
本报白朗电（记者 王杰学）近年来，白朗县司法局牢固树立抓好党建是最大政绩的理念，全面推行“党建+”工作体系，坚持党建引领促进业务发展，有效推动基层党建与司法行政领域各项工作深度融合，着力提升基层党建引领力，为司法行政工作职能有效发挥注入“红色基因”。
“党建+普法”。积极开展“弘扬宪法精神，党员带头行动”等主题教育活动，加大党员领导干部带头学法力度，坚持把“三会一课”、主题党日活动作为深化法治宣传的有力载体，与“法律七进”活动紧密结合，开展内容丰富、形式多样的学法普法活动。
“党建+人民调解”。坚持党对人民调解工作的全面领导，将党建工作贯穿到人民调解工作始终。人民调解委员会及调解成员的选聘条件突出政治标准和党性要求，及时开展人民调解委员会换届选举工作，选优选强人民调解员队伍，推动人民调解员队伍从“数量型”向“质量型”转变。积极号召党员调解员充分发挥模范带头作用，推进创建品牌调解室，着力建设人民调解“红色阵地”。
“党建+公共法律服务”。结合司法行政工作，充分发挥法治宣传、律师、法律援助、法律咨询、公正、人民调解等职能作用，深入基层，为基层群众带来面对面的法律服务。以深化拓展法律服务行业为抓手，以党建规范化提升促公共法律服务体系建设为依托，充分发挥行业特长，为群众解答法律咨询。法律服务活动过程中，党员同志佩戴党徽、主动亮明身份，积极发挥作用，党建品牌效应凸显。
“党建+志愿活动”。依托白朗县司法局党组织“爱心基金”，救助生活困难的社区矫正对象和安置帮教人员。结合司法行政工作职能开展“志愿普法大家行”主题实践活动，有效将志愿服务与司法行政职能紧密结合。在新时代文明实践、乡村振兴等工作中，党员干部以身作则、率先垂范，充分发挥模范带头作用，推动各项工作顺利进行。
“党建+社区矫正”。司法局与村党支部积极对接，让社区矫正对象参加村居卫生清扫，参与公共设施维护、维修等公益活动，使社区矫正对象社会责任感和集体观念得到进一步增强。同时，村党支部对社区矫正对象开展“一对一”帮扶教育，了解掌握其思想动态，进行有针对性的思想跟踪教育引导。
“党建+安置帮教”。充分发挥党员先锋模范作用开展安置帮教工作，采取讲爱心、讲诚心、讲细心“三讲”帮教措施，根据帮教对象年龄、学历、特长、家庭状况等实际情况，统筹协调帮教成员单位，针对性地开展安置帮教，定期开展法治道德教育、技能培训、就业指导推荐和心理辅导等措施，帮助他们顺利融入社会。
人民日报社概况 | 关于人民网 | 报社招聘 | 招聘英才 | 广告服务 | 合作加盟 | 供稿服务 | 数据服务 | 网站声明 | 网站律师 | 信息保护 | 联系我们
服务邮箱： kf@people.cn 违法和不良信息举报电话：010-65363263 举报邮箱： jubao@people.cn
互联网新闻信息服务许可证10120170001 | 增值电信业务经营许可证B1-20060139 | 广播电视节目制作经营许可证（广媒）字第172号
信息网络传播视听节目许可证0104065 | 网络文化经营许可证 京网文[2020]5494-1075号 | 网络出版服务许可证（京）字121号 | 京ICP证000006号 | 京公网安备11000002000008号
人 民 网 版 权 所 有 ，未 经 书 面 授 权 禁 止 使 用 Copyright © 1997-2021 by www.people.com.cn. all rights reserved",对象,ambiguous,remove
People.cn,2021-12-31,安徽霍邱：强化监测 下好防范返贫“先手棋”,"如何防范脱贫不稳定户、边缘易致贫户、因病因灾因意外事故脱贫户等返贫？安徽省霍邱县的做法是：强化监测帮扶，下好防范返贫“先手棋”。
监测过程中，该县加强集中排查。今年6月份，全县在常态化排查的基础上，用一个月时间，对所有农户进行脱贫攻坚成果集中排查；8月份，结合省暗访调研组反馈的问题，开展巩固拓展脱贫攻坚成果专项整改提升活动；11月份以来，再次实施集中大排查。据悉，霍邱把动态监测和及时帮扶并行，对符合条件的第一时间纳入监测对象，并及时确定帮扶联系人，有针对性地开展帮扶。
为了精准监测，该县实行县乡村组四级网格化管理，四级网格员共计13398人。“县级网格”由县乡村振兴局牵头，会同卫健、医保、公安等部门，建立互联网格、开展数据比对；在由乡镇、村、组建立的“基层村组农户网”中，10016个村组网格员发挥“探头”作用，对全县46万户农户全覆盖排查，对困难群众做到早发现、早干预、早帮扶。同时，加强分类帮扶，对低收入人群分层分类实施救助。据统计，今年1至11月，霍邱累计新增城乡低保对象3104户、3864人，农村特困人员421人，办理临时救助662人次，已拨付乡镇临时救助备用金194万元。（陈浩、祁涛）
人民日报社概况 | 关于人民网 | 报社招聘 | 招聘英才 | 广告服务 | 合作加盟 | 供稿服务 | 数据服务 | 网站声明 | 网站律师 | 信息保护 | 联系我们
服务邮箱： kf@people.cn 违法和不良信息举报电话：010-65363263 举报邮箱： jubao@people.cn
互联网新闻信息服务许可证10120170001 | 增值电信业务经营许可证B1-20060139 | 广播电视节目制作经营许可证（广媒）字第172号
信息网络传播视听节目许可证0104065 | 网络文化经营许可证 京网文[2020]5494-1075号 | 网络出版服务许可证（京）字121号 | 京ICP证000006号 | 京公网安备11000002000008号
人 民 网 版 权 所 有 ，未 经 书 面 授 权 禁 止 使 用 Copyright © 1997-2021 by www.people.com.cn. all rights reserved",对象,ambiguous,remove
People.cn,2021-12-31,对2022年元旦春节期间退役军人走访关爱和帮扶援助工作作出安排部署,"2021年12月31日08:11 来源： 人民网－人民日报
本报北京12月30日电 （李龙伊、赵一峰）2022年元旦春节即将到来之际，为传递党和政府的关心关爱，让广大退役军人度过一个喜庆、温暖、安康的节日，退役军人事务部近日下发通知，对做好元旦春节期间退役军人走访关爱和帮扶援助工作作出安排部署。
通知要求，各级退役军人事务部门要深入学习贯彻习近平总书记关于退役军人工作重要论述，扎实做好节日期间退役军人关爱帮扶工作。要结合落实常态化联系退役军人制度，抓紧制定节日期间关爱帮扶工作方案，加强组织领导、统筹资源力量，上下衔接联动、落实主体责任，对本地区走访关爱对象、资金物资保障、帮扶救助方式等作出周密安排，精心组织实施，使退役军人深切感受到党和政府的温暖。
通知强调，各级退役军人事务部门要结合深化“我为群众办实事”实践活动，将党史学习教育成果转化为真心真情关爱困难退役军人的重要举措，全面准确把握困难退役军人的思想动态、生活情况、家庭状况。要把退役军人零就业家庭、鳏寡孤独人员、脱贫不稳定人口、重病重残人员、突发严重困难户作为重点关爱对象，带着责任感情逐户逐人深入走访。对存在就业、医疗、养老、住房等困难的，按照“一人一策、精准帮扶”原则，让退役军人及时享受到各项帮扶援助政策。要指导基层退役军人服务中心（站）对独居、伤残等特殊困难退役军人，强化生活保障、探望照料、卫生防疫、精神抚慰等服务。
通知指出，要积极发挥退役军人关爱基金（会）等社会组织的作用，持续开展“情暖老兵”公益行动，帮助广大退役军人解决实际问题，进一步浓厚尊崇军人职业、尊重退役军人的社会氛围。
《 人民日报 》（ 2021年12月31日 04 版）",对象,ambiguous,remove
People.cn,2021-12-31,对2022年元旦春节期间退役军人走访关爱和帮扶援助工作作出安排部署,"2021年12月31日07:55 来源： 人民网－人民日报
本报北京12月30日电 （李龙伊、赵一峰）2022年元旦春节即将到来之际，为传递党和政府的关心关爱，让广大退役军人度过一个喜庆、温暖、安康的节日，退役军人事务部近日下发通知，对做好元旦春节期间退役军人走访关爱和帮扶援助工作作出安排部署。
通知要求，各级退役军人事务部门要深入学习贯彻习近平总书记关于退役军人工作重要论述，扎实做好节日期间退役军人关爱帮扶工作。要结合落实常态化联系退役军人制度，抓紧制定节日期间关爱帮扶工作方案，加强组织领导、统筹资源力量，上下衔接联动、落实主体责任，对本地区走访关爱对象、资金物资保障、帮扶救助方式等作出周密安排，精心组织实施，使退役军人深切感受到党和政府的温暖。
通知强调，各级退役军人事务部门要结合深化“我为群众办实事”实践活动，将党史学习教育成果转化为真心真情关爱困难退役军人的重要举措，全面准确把握困难退役军人的思想动态、生活情况、家庭状况。要把退役军人零就业家庭、鳏寡孤独人员、脱贫不稳定人口、重病重残人员、突发严重困难户作为重点关爱对象，带着责任感情逐户逐人深入走访。对存在就业、医疗、养老、住房等困难的，按照“一人一策、精准帮扶”原则，让退役军人及时享受到各项帮扶援助政策。要指导基层退役军人服务中心（站）对独居、伤残等特殊困难退役军人，强化生活保障、探望照料、卫生防疫、精神抚慰等服务。
通知指出，要积极发挥退役军人关爱基金（会）等社会组织的作用，持续开展“情暖老兵”公益行动，帮助广大退役军人解决实际问题，进一步浓厚尊崇军人职业、尊重退役军人的社会氛围。
《 人民日报 》（ 2021年12月31日 04 版）",对象,ambiguous,remove
People.cn,2021-12-31,西秀区总工会到村开展帮扶慰问,"2021年12月30日，数九天气，寒风刺骨，西秀区总工会王兴玲书记、金璐副主席一行十一名连心干部，到屯寨村开展帮扶慰问并指导驻村工作。
上午西秀区总工会一行到达杨武乡屯寨村，召集部分慰问对象在屯寨村委会议室开展集中慰问，王兴玲书记要求群众要与乡村干部一起扛起脱贫成果巩固的责任，鼓励群众为巩固脱贫成果和乡村振兴积极建言献策，在党的好政策指引下主动作为，并给慰问对象送上慰问金，祝福大家过个好年。
随后，区总工会一行分成2个慰问小组，分别走访慰问村内孤寡老人和存在临时困难的家庭，给他们送去了党和政府的温暖。
中午返回村委办公室，王兴玲书记和金璐副主席召集驻村工作组全体人员谈心谈话，要求主动作为、勇于担当，发挥尖兵作用，积极参与村内各项事业建设，推动屯寨村在乡村振兴中大发展、大改观。（杨武乡人民政府）
人民日报社概况 | 关于人民网 | 报社招聘 | 招聘英才 | 广告服务 | 合作加盟 | 供稿服务 | 数据服务 | 网站声明 | 网站律师 | 信息保护 | 联系我们
服务邮箱： kf@people.cn 违法和不良信息举报电话：010-65363263 举报邮箱： jubao@people.cn
互联网新闻信息服务许可证10120170001 | 增值电信业务经营许可证B1-20060139 | 广播电视节目制作经营许可证（广媒）字第172号
信息网络传播视听节目许可证0104065 | 网络文化经营许可证 京网文[2020]5494-1075号 | 网络出版服务许可证（京）字121号 | 京ICP证000006号 | 京公网安备11000002000008号
人 民 网 版 权 所 有 ，未 经 书 面 授 权 禁 止 使 用 Copyright © 1997-2021 by www.people.com.cn. all rights reserved",对象,ambiguous,remove
People.cn,2021-12-31,对2022年元旦春节期间退役军人走访关爱和帮扶援助工作作出安排部署,"本报北京12月30日电 （李龙伊、赵一峰）2022年元旦春节即将到来之际，为传递党和政府的关心关爱，让广大退役军人度过一个喜庆、温暖、安康的节日，退役军人事务部近日下发通知，对做好元旦春节期间退役军人走访关爱和帮扶援助工作作出安排部署。
通知要求，各级退役军人事务部门要深入学习贯彻习近平总书记关于退役军人工作重要论述，扎实做好节日期间退役军人关爱帮扶工作。要结合落实常态化联系退役军人制度，抓紧制定节日期间关爱帮扶工作方案，加强组织领导、统筹资源力量，上下衔接联动、落实主体责任，对本地区走访关爱对象、资金物资保障、帮扶救助方式等作出周密安排，精心组织实施，使退役军人深切感受到党和政府的温暖。
通知强调，各级退役军人事务部门要结合深化“我为群众办实事”实践活动，将党史学习教育成果转化为真心真情关爱困难退役军人的重要举措，全面准确把握困难退役军人的思想动态、生活情况、家庭状况。要把退役军人零就业家庭、鳏寡孤独人员、脱贫不稳定人口、重病重残人员、突发严重困难户作为重点关爱对象，带着责任感情逐户逐人深入走访。对存在就业、医疗、养老、住房等困难的，按照“一人一策、精准帮扶”原则，让退役军人及时享受到各项帮扶援助政策。要指导基层退役军人服务中心（站）对独居、伤残等特殊困难退役军人，强化生活保障、探望照料、卫生防疫、精神抚慰等服务。
通知指出，要积极发挥退役军人关爱基金（会）等社会组织的作用，持续开展“情暖老兵”公益行动，帮助广大退役军人解决实际问题，进一步浓厚尊崇军人职业、尊重退役军人的社会氛围。",对象,ambiguous,remove
People.cn,2021-12-31,对2022年元旦春节期间退役军人走访关爱和帮扶援助工作作出安排部署,"本报北京12月30日电 （李龙伊、赵一峰）2022年元旦春节即将到来之际，为传递党和政府的关心关爱，让广大退役军人度过一个喜庆、温暖、安康的节日，退役军人事务部近日下发通知，对做好元旦春节期间退役军人走访关爱和帮扶援助工作作出安排部署。
通知要求，各级退役军人事务部门要深入学习贯彻习近平总书记关于退役军人工作重要论述，扎实做好节日期间退役军人关爱帮扶工作。要结合落实常态化联系退役军人制度，抓紧制定节日期间关爱帮扶工作方案，加强组织领导、统筹资源力量，上下衔接联动、落实主体责任，对本地区走访关爱对象、资金物资保障、帮扶救助方式等作出周密安排，精心组织实施，使退役军人深切感受到党和政府的温暖。
通知强调，各级退役军人事务部门要结合深化“我为群众办实事”实践活动，将党史学习教育成果转化为真心真情关爱困难退役军人的重要举措，全面准确把握困难退役军人的思想动态、生活情况、家庭状况。要把退役军人零就业家庭、鳏寡孤独人员、脱贫不稳定人口、重病重残人员、突发严重困难户作为重点关爱对象，带着责任感情逐户逐人深入走访。对存在就业、医疗、养老、住房等困难的，按照“一人一策、精准帮扶”原则，让退役军人及时享受到各项帮扶援助政策。要指导基层退役军人服务中心（站）对独居、伤残等特殊困难退役军人，强化生活保障、探望照料、卫生防疫、精神抚慰等服务。
通知指出，要积极发挥退役军人关爱基金（会）等社会组织的作用，持续开展“情暖老兵”公益行动，帮助广大退役军人解决实际问题，进一步浓厚尊崇军人职业、尊重退役军人的社会氛围。
《 人民日报 》（ 2021年12月31日 04 版）
人民日报社概况 | 关于人民网 | 报社招聘 | 招聘英才 | 广告服务 | 合作加盟 | 供稿服务 | 数据服务 | 网站声明 | 网站律师 | 信息保护 | 联系我们
服务邮箱： kf@people.cn 违法和不良信息举报电话：010-65363263 举报邮箱： jubao@people.cn
互联网新闻信息服务许可证10120170001 | 增值电信业务经营许可证B1-20060139 | 广播电视节目制作经营许可证（广媒）字第172号
信息网络传播视听节目许可证0104065 | 网络文化经营许可证 京网文[2020]5494-1075号 | 网络出版服务许可证（京）字121号 | 京ICP证000006号 | 京公网安备11000002000008号
人 民 网 版 权 所 有 ，未 经 书 面 授 权 禁 止 使 用 Copyright © 1997-2021 by www.people.com.cn. all rights reserved",对象,ambiguous,remove
People.cn,2021-12-31,对2022年元旦春节期间退役军人走访关爱和帮扶援助工作作出安排部署--军事--人民网,"本报北京12月30日电 （李龙伊、赵一峰）2022年元旦春节即将到来之际，为传递党和政府的关心关爱，让广大退役军人度过一个喜庆、温暖、安康的节日，退役军人事务部近日下发通知，对做好元旦春节期间退役军人走访关爱和帮扶援助工作作出安排部署。
通知要求，各级退役军人事务部门要深入学习贯彻习近平总书记关于退役军人工作重要论述，扎实做好节日期间退役军人关爱帮扶工作。要结合落实常态化联系退役军人制度，抓紧制定节日期间关爱帮扶工作方案，加强组织领导、统筹资源力量，上下衔接联动、落实主体责任，对本地区走访关爱对象、资金物资保障、帮扶救助方式等作出周密安排，精心组织实施，使退役军人深切感受到党和政府的温暖。
通知强调，各级退役军人事务部门要结合深化“我为群众办实事”实践活动，将党史学习教育成果转化为真心真情关爱困难退役军人的重要举措，全面准确把握困难退役军人的思想动态、生活情况、家庭状况。要把退役军人零就业家庭、鳏寡孤独人员、脱贫不稳定人口、重病重残人员、突发严重困难户作为重点关爱对象，带着责任感情逐户逐人深入走访。对存在就业、医疗、养老、住房等困难的，按照“一人一策、精准帮扶”原则，让退役军人及时享受到各项帮扶援助政策。要指导基层退役军人服务中心（站）对独居、伤残等特殊困难退役军人，强化生活保障、探望照料、卫生防疫、精神抚慰等服务。
通知指出，要积极发挥退役军人关爱基金（会）等社会组织的作用，持续开展“情暖老兵”公益行动，帮助广大退役军人解决实际问题，进一步浓厚尊崇军人职业、尊重退役军人的社会氛围。
人民日报社概况 | 关于人民网 | 报社招聘 | 招聘英才 | 广告服务 | 合作加盟 | 供稿服务 | 数据服务 | 网站声明 | 网站律师 | 信息保护 | 联系我们
服务邮箱： kf@people.cn 违法和不良信息举报电话：010-65363263 举报邮箱： jubao@people.cn
互联网新闻信息服务许可证10120170001 | 增值电信业务经营许可证B1-20060139 | 广播电视节目制作经营许可证（广媒）字第172号
信息网络传播视听节目许可证0104065 | 网络文化经营许可证 京网文[2020]5494-1075号 | 网络出版服务许可证（京）字121号 | 京ICP证000006号 | 京公网安备11000002000008号
人 民 网 版 权 所 有 ，未 经 书 面 授 权 禁 止 使 用 Copyright © 1997-2021 by www.people.com.cn. all rights reserved",对象,ambiguous,remove
People.cn,2021-12-31,2022年上半年女兵应征报名渠道1月1日开启,"近日，记者从全国征兵网了解到，2022年上半年女兵应征报名渠道将于1月1日正式开启。有参军意愿的广大适龄女青年可以通过登录全国征兵网https：//www.gfbzb.gov.cn/进行应征报名。据悉，女兵上半年应征报名时间为2022年1月1日至2022年2月10日18时；下半年应征报名时间为2022年7月1日至2022年8月10日18时。
女兵上半年征集对象和年龄为，普通高等学校全日制应届毕业生及在校生，年满18至22周岁；2021年普通高等学校全日制毕业生可以报名参加2022年上半年女兵征集，年龄放宽至23周岁。女兵下半年征集对象和年龄为，普通高中应届毕业生和普通高等学校全日制应届毕业生及在校生，年满18至22周岁。
那么如何进行应征报名？有参军意愿的广大适龄女青年可以登录全国征兵网，点击“应征报名（女兵）”进入页面，在页面中会告知报名时间以及参军政策说明，建议大家认真阅读后，点击“进行应征报名”。
在应征地选择方面，适龄青年应当在户籍所在地应征，经常居住地与户籍所在地不在同一省且取得当地居住证3年以上的，可以在经常居住地征集。普通高等学校应届毕业生和在校生可在学校所在地应征，也可在入学前户籍所在地应征。大学新生在入学前户籍所在地应征。
此外，对应征入伍的普通高校毕业生、毕业班学生、在校生，由中央财政实施相应的学费补偿和国家助学贷款代偿。当年已被高校录取的高中毕业生入伍后保留入学资格，退役后享受国家学费减免政策。
人民日报社概况 | 关于人民网 | 报社招聘 | 招聘英才 | 广告服务 | 合作加盟 | 供稿服务 | 数据服务 | 网站声明 | 网站律师 | 信息保护 | 联系我们
服务邮箱： kf@people.cn 违法和不良信息举报电话：010-65363263 举报邮箱： jubao@people.cn
互联网新闻信息服务许可证10120170001 | 增值电信业务经营许可证B1-20060139 | 广播电视节目制作经营许可证（广媒）字第172号
信息网络传播视听节目许可证0104065 | 网络文化经营许可证 京网文[2020]5494-1075号 | 网络出版服务许可证（京）字121号 | 京ICP证000006号 | 京公网安备11000002000008号
人 民 网 版 权 所 有 ，未 经 书 面 授 权 禁 止 使 用 Copyright © 1997-2021 by www.people.com.cn. all rights reserved",对象,ambiguous,remove
People.cn,2021-12-31,温州鹿城助推社区矫正对象实现“公益变身”,"12月28日凌晨4时，热气弥漫的厨房里，阿龙（化名）带着其他志愿者已经开始忙碌，为周边200多位老人和环卫工人准备免费早餐。今年是他在温州市鹿城区三乐亭公益服务点做义工的第六个年头。
很少有人知道，作为三乐亭义工队带队班长之一的阿龙，曾因虚开增值税发票，被判处有期徒刑三年，缓刑三年。按照法律规定，阿龙需要接受三年社区矫正。
中国对被判处管制、宣告缓刑、假释和暂予监外执行的罪犯，依法实行社区矫正。考虑到社区矫正对象的特殊身份，很多地方都为他们如何融入社会犯愁。
怎么破题？鹿城区司法局矫正科科长李炼江说，他们想到了当地的善文化。在温州，改革开放后先富起来的一部分人积极帮助困难群众，形成了浓厚的公益氛围。特别是鹿城，涌现出了三乐亭、红日亭、复兴亭等著名慈善地标，全区注册社会组织有568家，注册义工逾38万人。2016年，他们联合社会公益力量，打造“鹿角社”社区矫正公益活动联盟，引导公益服务点向社区矫正对象敞开怀抱。
“就开了几张发票，怎么就犯罪了？”刚到三乐亭公益服务点接受社区矫正时，面对试图开导他的三乐亭义工队负责人蒋进福，阿龙显得极不耐烦。他不愿到人多的地方。
得知阿龙闹情绪，他家附近的松台司法所借助律师、心理咨询师、民间调解能手等力量组建帮扶小组。一次次推心置腹的谈心，让阿龙逐渐认识到错在哪里。
为了让阿龙尽快融入社会，蒋进福带他走出三乐亭去给行动不便的老人送饭，帮助台风受灾户维修房屋。每次，受助人总是热情地拉着志愿者的手表示感谢，不爱说话的阿龙也渐渐被“融化”。
“原来，被需要的感觉如此幸福。”阿龙告诉记者，以前觉得全世界都跟他有仇，妻子和女儿也疏远自己。现在，阿龙感觉身边充满了美好，还经常带家人来服务点帮忙。
截至目前，在鹿城，像阿龙这样的社区矫正对象就有近1000名加入公益队伍。矫正期间，不仅没有一例重新犯罪，很多人在矫正期满后，依然坚持做公益，甚至发动身边人参与公益活动。
鹿城社区矫正对象的公益变身现象，引起了中国政法大学犯罪与司法研究中心主任王顺安的关注。他认为，坚持依法管理与尊重保障人权相统一，鹿城让社区矫正对象作为志愿者参加公益活动，促使他们在开放化社会环境下顺利回归社会。这是中国社区矫正的基层创新，也是人道主义的具体体现。
人民日报社概况 | 关于人民网 | 报社招聘 | 招聘英才 | 广告服务 | 合作加盟 | 供稿服务 | 数据服务 | 网站声明 | 网站律师 | 信息保护 | 联系我们
服务邮箱： kf@people.cn 违法和不良信息举报电话：010-65363263 举报邮箱： jubao@people.cn
互联网新闻信息服务许可证10120170001 | 增值电信业务经营许可证B1-20060139 | 广播电视节目制作经营许可证（广媒）字第172号
信息网络传播视听节目许可证0104065 | 网络文化经营许可证 京网文[2020]5494-1075号 | 网络出版服务许可证（京）字121号 | 京ICP证000006号 | 京公网安备11000002000008号
人 民 网 版 权 所 有 ，未 经 书 面 授 权 禁 止 使 用 Copyright © 1997-2021 by www.people.com.cn. all rights reserved",对象,ambiguous,remove