media,date,title,text,text_length,url,matched_keywords
People.cn,2025-01-02,全国累计办理婚姻登记“跨省通办”45万对,本报北京1月1日电 （记者刘博通）记者从全国民政工作会议上获悉：21个省（区、市）已全面推行婚姻登记“跨省通办”，截至2024年11月底，全国累计办理婚姻登记“跨省通办”45万对。全国县级以上婚姻登记机关婚姻家庭辅导室设置基本实现全覆盖。 老龄工作和养老服务扎实推进。居家和社区基本养老服务提升行动累计支持建设家庭养老床位35.8万张、提供居家上门服务66.8万人次。2024年，中央财政安排3亿元引导资金，支持各地发展老年助餐服务。截至2024年10月底，全国各类养老机构和设施达40.4万个；护理型床位占比达62.2%，提前完成“十四五”规划任务。全国养老服务信息平台和全国“银龄行动”信息服务平台建成运行。 2024年，我国困难群体基本生活得到有效保障。截至2024年10月底，民政部门累计实施临时救助603.3万人次。农村留守儿童和困境儿童关爱服务质量提升三年行动、流动儿童关爱保护行动实施推进。 《 人民日报 》（ 2025年01月02日 14 版）,430,http://sc.people.com.cn/n2/2025/0102/c345167-41095391.html,婚姻登记;婚姻
People.cn,2025-01-08,河北安平开展婚姻家庭纠纷调解技能培训活动,近日，河北省衡水市安平县妇联联合县公安局在该县国盛社区省级示范妇女之家开展婚姻家庭纠纷调解技能培训活动。此次培训旨在通过专业指导和实践案例分享，增强婚姻家庭调解中的实际操作能力。 全国“三八红旗手”、衡水市婚姻家庭纠纷人民调解委员会主任、衡水市妇联兼职副主席王丽老师为在场50余名乡镇妇联干部、派出所干警及婚姻调解志愿者讲授了“四个三”（“三听、三问、三调、三给”）调解技术等相关知识及典型案例分析，从矛盾初期的情绪安抚，到深入沟通中的症结剖析，再到化解方案的精准定制，为参训人员呈上一套系统实用的“调解宝典”。 “这场培训让我受益匪浅，不仅学习到了更多实用的调解技能和方法，也让我对调解工作更加有信心。我会把学到的知识和技能运用到实际工作中，为社区居民提供更加优质、高效的婚姻家庭调解服务。”安平县婚姻调解委员会主任靳彦桥说。（郝琪琪、石娟娟）,373,http://he.people.com.cn/n2/2025/0108/c192235-41102000.html,婚姻
People.cn,2025-01-09,河北迁安：“一站式”婚检婚登 为美满婚姻护航--河北频道--人民网,“领证、婚检两个窗口离得很近，我们来一趟办成了两件事，还学到了很多婚育保健和优生优育的知识，真的很方便。”1月8日，在河北迁安市政务服务中心大厅，市民张宁和丈夫前来领证，“打卡”了刚刚投入使用的“迁安市婚登婚检一站式服务中心”。 当日上午，“以爱之名 婚检先行”——迁安市婚登、婚检一站式服务启动仪式举行，“迁安市婚登婚检一站式服务中心”正式揭牌，进驻该市政务服务中心。 据介绍，迁安市婚登婚检一站式服务中心可提供妇产科、男科、检验科、B超、遗传咨询等多领域的婚检项目，以及婚育保健、优生优育等科普宣传，为广大新婚夫妻搭建起一个便捷高效的服务平台，让大家“跑一趟腿、办两件事”。 近年来，迁安市积极响应国家关于提高婚姻登记、婚检和优生优育质量号召的重要举措，整合民政、卫健、审批等多方资源，进一步完善婚姻登记和婚前医学检查服务体系，提供婚前医学检查、婚姻登记、优生咨询指导等“一站式”服务，进一步筑牢健康家庭的“第一道防线”，切实为市民的美满婚姻护航。（邹雅婕、夏志侠、殷国靖）,439,http://he.people.com.cn/n2/2025/0109/c192235-41103073.html,婚姻登记;婚姻;婚育;夫妻
China News Service,2025-01-12,曹杨新村“囍婆婆”：为有意单身青年“牵线搭桥”,视频：“18个蹄髈”的期许：上海曹杨新村“囍婆婆”的爱之传递 评价自己的工作，“我们这儿现在就有一对(单身青年)在谈，希望他们能够成功，那我们这‘18个蹄髈’就可以吃了！” “吃18个蹄髈”是上海旧时婚庆的风俗之一，不仅指媒婆撮合佳侣后得到的谢礼，也表达着媒婆见证幸福的喜悦。在曹杨新村街道，朱丽清、周国环、张月红三位“囍婆婆”组成了一支以牵线单身青年为核心的公益团队，帮助有意成婚的大龄青年解决相亲困境等问题。“帮人家成双成对，对我们大家来说都是一件值得高兴的事情。”朱丽清笑道。 与“广撒网”式的相亲角不同，“囍婆婆”们只介绍“知根知底的身边人”，因此受到不少家长的信任，一些家长甚至专程前来咨询。从亲戚、朋友到邻居，她们在交谈中详细记录下每位单身青年的信息，从职业、年龄等方面进行匹配，再联系双方家长接触了解，待双方家长确定意愿之后，才会让男女双方联系见面。 近一年来，“囍婆婆”团队每月都会举办一次“单身青年家长交流会”，一方面便于发布新登记的单身青年信息，另一方面也为家长间的交流提供平台。“我们在开交流会的时候就直接让双方家长坐在一起互相交流，那样促成的概率就很大了。”周国环介绍，每场交流会都有20余位家长参与，她们还与家长们共同创建了一个微信群，便于及时分享信息。 “我们认为相亲这个事情急不来，有缘分的话早晚总是能够成功的。路很远的，这得慢慢地来。”“囍婆婆”们表示，她们想让更多人知道曹杨新村“囍婆婆”团队的存在。未来，她们还将在情人节、“5·20”、七夕节等节点举办大型活动，鼓励家长们带着有成婚意愿的孩子一同参加，让单身青年在自主接触中培养感情。 在“单身青年家长交流会”上，有家长与记者分享自己的感受：“这样的形式非常好，其实我们对其它的途径也不放心，这个是在自己社区里的，大家也知根知底，作为家长来说非常感激这些‘囍婆婆’的帮助。”(完),783,https://www.chinanews.com.cn/sh/2025/01-12/10351978.shtml,相亲;单身
China News Service,2025-01-12,网传“离婚限号”？多地婚姻登记处辟谣,近日，“离婚限号”被某平台加入词条引发讨论，网传消息称广州、大连、西安、青岛、南京等多个城市对离婚登记进行一定数量限制。 1月10日，顶端新闻记者联系上述城市及郑州的多个婚姻登记处，工作人员均明确表示不存在“离婚限号”，并未对离婚业务量限额，婚姻登记处大都采取网上预约和现场排队相结合的方式，一般优先办理线上预约的离婚申请。 1月10日，顶端新闻记者以“离婚限号”为关键词检索，发现百度、360搜索等搜索引擎均将该词条收入百科。 词条内容为：离婚限号，是指为了应对汹涌而来的离婚潮，中国部分城市的婚姻登记处，遇到人多时，不得不临时启用离婚“限号”措施。 网传内容称目前已有青岛、广州、大连、南京等地实施了离婚限号。在上述平台词条的实施城市中，顶端新闻记者发现确实包含以上城市，但引用消息来源多截取自2013至2014年的新闻报道。 该词条下实施城市写明：广州越秀区婚姻登记处每天离婚登记限量30对；大连市甘井子区每天离婚登记限量12对；2014年西安市长安区民政局办理离婚每日“限号”10到15个，排完不再办理。 另外在“产生背景”一栏中写道：离婚限号即排队预约领号牌，当天的号全都发放完毕，超出的第二天再来排。在某平台，该词条最近一次的更新信息日期为2020年9月。 顶端新闻记者注意到，“离婚限号”词条在近日被个别账号截取并编辑发布，引发部分网友担忧，并在相关消息评论区留言质疑：难道现在结婚是免密支付，离婚是拼夕夕砍一刀？ 顶端新闻记者也发现，上述城市类似“离婚限号”的消息，引用的正规新闻报道均在10年前，且部分城市例如南京早在2013年就曾就此类消息进行辟谣：只尝试过一天。 采访中，广东茂名的小妍(化名)告诉顶端新闻 不过，也有网友表示近年来离婚登记办理很快，“去了就给办，没等上半小时就办好了。” 1月10日，顶端新闻记者致电上述城市的多个婚姻登记处，咨询是否存在“离婚限号”。 广州市越秀区婚姻登记处工作人员称，“没有(离婚)限号，统一在线上办理离婚预约，每天早上8点30分放出预约号，通常情况下都可以预约到，但周五、周六号源相对紧张。若当天办理人数多，线上预约号抢不到，可以到线下排队等候，但优先办理线上预约的。” 当顶端新闻记者询问每天线上可预约量有多少时，该工作人员表示没有具体数额，后台会根据预约情况动态实时调整，对于一天大概能办理多少对离婚登记，工作人员也表示没有一个具体数值，一般根据预约情况办理。 大连市甘井子区婚姻登记处工作人员明确表示“离婚限号”不属实，从未设置离婚业务量限额，采取网上预约和现场排队相结合的方式。“网上会提前2-30天放号，现在已经放号到2月份，每日凌晨12点线上更新放号，正常情况下网上每天能预约16对。但我们不存在每天限制办理多少对。” 该工作人员建议，若在网上预约不到，可以现场排队，“如果能排上我们就会为你办理，而不是说每天固定办20或者30对，超过规定数额后就不办理了。”同时她也向顶端新闻记者透露，目前办理离婚登记业务量明显增多，“有些人就愿意在网上预约，预约的号大家抢起来确实挺火爆。” 西安市长安区工作人员也表示不存在离婚限号，“能线上预约就线上预约，在网上提交资料申请，这样可以方便提前审核资料，也可以双方在工作日带着资料现场申请。网上预约数量未限额，不存在抢号现象，只要到现场来，资料没问题，全部能办理。” 青岛市南区婚姻登记处工作人员告诉顶端新闻 到周五，平均每日有十几、二十对来办离婚手续，办理离婚申请一般15分钟以内，正式离婚登记则需要30分钟左右，“离婚没有什么特别的高峰期，每一天都很多。” 青岛市北区婚姻登记处工作人员也称不存在离婚限号，若是本辖区的可以现场来申请离婚，非本辖区的先通过线上预约，再来申请离婚。该婚姻登记处每日有十到二十对夫妻申请办理离婚，网上预约放号数量为工作量50%，该工作人员表示不存在“一号难抢”的情况。 顶端新闻记者联系南京市民政局，接线工作人员表示不存在离婚限号，“网上预约的可以直接过去按号顺序排队办理，如果您到现场再排队办理，那要等前期预约的人排完后才行，所以最好网上预约更快速。” 对于网上预约数量是否限额，南京市民政局接线工作人员解释称，正常情况下，网上离婚预约无固定数量限制，而是根据婚姻登记处的工作窗口数量及工作人员的工作量来灵活安排。“婚姻登记处会尽力在正常工作时间内按最大承载量办理，如遇特殊情况，会超时加班处理。若确实无法超时加班完成，则会延续至下一个工作时间继续办理。” 同日，顶端新闻记者也咨询郑州市民政局是否“离婚限号”，工作人员回应称每个县、市、区随到随办，没有离婚限号这一规定，“现在连网上预约都不用，在工作时间内，所有结婚离婚到了现场就能办”。 顶端新闻首席记者 杨晓妍 见习记者 李刘洋 【,1967,https://www.chinanews.com.cn/sh/2025/01-12/10351955.shtml,婚姻登记;婚姻;结婚;离婚;夫妻
CCTV,2025-01-15,同居财产分割、离婚时房产归属……民法典婚姻家庭编司法解释重点解决这些问题,今天，最高人民法院发布民法典婚姻家庭编司法解释（二），针对民法典实施以来社会广泛关注的热点问题，以及婚姻家庭纠纷审判实践中遇到的新情况、亟须解决的争议问题，进一步予以规范。重点解决 父母为子女婚后购房出资的归属、夫妻基于婚姻给予房产的认定、违反夫妻忠实义务将夫妻共同财产赠与他人、抢夺、藏匿未成年子女、同居财产分割、通过离婚恶意逃债 等社会关注的审判实践疑难问题，统一法律适用和裁判规则，定分止争。总台记者采访最高法相关负责人深入解读司法解释新规定。 在我国，子女结婚时，父母为子女出资购房的现象较为普遍，这不仅是家庭财产代际传承的方式，也是对子女婚姻幸福美满的祝福和物质支持。然而，当子女离婚分割夫妻共同财产时，父母出资购房的归属问题往往成为双方争议的焦点。最高法发布的民法典婚姻家庭编司法解释对此进行了规定。 根据民法典的规定， 婚姻关系存续 期间 受赠的财产，除了 赠与 合同确定只归一方的以外，属于夫妻共同财产。离婚时双方可以通过协议分割共同财产，协议不成的由人民法院根据财产情况作出判决。 最高人民法院民一庭法官 王丹： 什么叫财产的具体情况，我们认为财产的出资来源应该是财产的具体情况的一种情形，也就是说在离婚分割夫妻共同财产时，正常是一人一半，但是如果这个财产的来源都是来源于夫妻一方或者一方父母，在分割的时候就要考虑到财产的来源情况，可能就不见得一人一半了。 司法解释区分一方父母全额出资和双方父母出资或一方父母部分出资两种情况，分别予以规定。 第一种情况：一方父母全额出资。 解释规定，如果赠与合同约定只给予自己的子女，应当按照约定处理；如果没有约定或者约定不明确的，房屋不论是否登记在自己子女名下，都可以判决该房屋归出资人子女一方所有，以保障出资父母一方的利益。但是，同时也要综合考虑共同生活及孕育共同子女情况、离婚过错等事实，来确定是否需要对另一方予以补偿以及补偿的具体数额。 例如，小明和小红结婚时，小明的父母为他们全额出资购买了一套房子，但没有明确约定房子只归小明所有，双方在共同生活五年后离婚。根据最新司法解释，小明和小红离婚后，法院在判决时会考虑小明父母的出资情况，将房子判给小明。同时，法院也会考虑小红在婚姻中的付出，如共同生活的时间、是否有子女以及离婚过错等因素，决定对小红予以合理补偿。 第二种情况：双方父母对房屋均有出资或一方父母部分出资。 因不同案件出资来源和各方出资比例不同，难以明确房屋归哪一方所有，需要根据个案情况分别处理。 最高人民法院民一庭庭长 陈宜芳： 比如一方父母出资20%，另一方父母出资80%，原则上会判定房屋归出资80%那一方父母所有，但是给予另一方的补偿，那不一定就是20%，要根据双方婚姻的情况、共同生活的情况、孕育（共同）子女的情况，以及对婚姻的过错情况等因素来判断。按照民法典的规定，从照顾子女、女方和无过错方的原则，来确定给对方的补偿数额，这个数额可能会低于20%，也可能会高于20%，现实生活是非常复杂的，这就需要法官全面地查明案件的事实，综合考量做出一个合法合理的判断。 法官表示，司法解释在确定父母出资购房归属问题时，注重保护个人财产权利的同时，也维护婚姻家庭的和谐稳定。 最高人民法院民一庭法官 王丹 ： 原则上如果一方父母出全资的，保护出资人的利益，但是我们要根据婚姻家庭的特殊情况，要保护对于婚姻家庭付出的一方，尊重他付出的价值，也引导大家不要再关注加名、登记，这样可能会给婚姻埋下不和种子的行为。最终如果说万一双方的婚姻达不到长久的程度，在离婚的情况下，司法根据各方的出资情况，付出情况来综合考量，最终来平衡双方的利益，这样也引导大家更多地关注对家庭的付出，能够增强家庭的凝聚力和向心力。 近年来，因同居引发的财产纠纷逐渐增多，成为社会关注的热点问题。虽然同居关系不受法律保护，但同居当事人的财产权利应得到法律保障。因此，同居期间取得的财产如何分配，仍需明确的法律规则来规范，此次司法解释对同居关系财产分割进行了规定。 根据我国法律规定， 只有办理结婚登记，双方具有婚姻关系，才享有夫妻之间的权利义务。同居不同于婚姻，同居双方不享有夫妻之间的权利义务，不适用法定夫妻共同财产制。 那么针对同居生活期间取得的财产根据什么规则分配呢？ 最高人民法院民一庭庭长 陈宜芳： 首先我们是尊重当事人意思自治，当事人有约定的，按约定处理，在没有约定的情况下，是按照“自己的财产归自己所有”的原则，比如说双方都有工资，各自的工资归各自所有。 然而，在共同生活过程中，双方可能会因共同出资购置财产、共同生产经营投资等情况导致财产无法清晰区分。那么在这种情况下，法院会如何分割呢？ 司法解释规定，出资比例为首要考虑因素，在此基础上，综合考虑共同生活情况、有无共同子女、对财产的贡献大小等事实进行分割。 一是 双方共同生活情况，比如说是共同生活时间的长短和双方对生活的付出情况。 二是 要考虑是否有子女，涉及到子女的抚养和以后抚养费用的负担。 三是 要考虑对共同出资期间获得的财产的贡献大小，比如说双方共同出资、投资经营，但主要是由另一方实际经营，那么在分割财产的时候也要考虑双方的贡献大小。 总之要根据个案的具体情况，综合考虑上述因素，妥善处理双方利益。 例如，小明和小红在同居生活期间，共同投资开设了一家店铺，小明出资70%，小红出资30%，在财产分割时，首先会考虑出资比例，但如果店铺的经营主要由小红负责，店铺增值部分的收益也主要得益于小红的努力，那么法院可能会适当提高小红所占的份额，以体现其对财产增值的贡献。 在此也提醒大家，在同居期间，最好能提前就财产分配达成明确的书面协议，以避免日后产生纠纷。 实践中，双方分居或离婚诉讼期间以及离婚后，有的父母会采用激烈的手段阻止另一方探望孩子，甚至抢夺、隐匿孩子，针对这种行为，司法解释进行了回应。 最高法表示， 抢夺、藏匿未成年子女，不仅侵害了父母另一方对子女依法享有的抚养、教育、保护的权利，更重要的是，会严重损害未成年子女身心健康，应当坚决预防和制止。司法解释对该行为予以规制。 首先是快速制止不法行为，通过签发人身安全保护令或者行为禁令的方式，让孩子快速恢复到原来的生活状态。 第二就是在一方还不愿意离婚的情况下，我们在监护权纠纷案件中，明确法院可以判决暂时确定未成年子女的抚养事宜。 第三，在离婚诉讼中确定未成年子女由哪一方直接抚养时，我们将存在抢夺藏匿未成年子女这种情形作为对其不利的因素，优先考虑由另外一方抚养。 司法审判中， 法官一般会通过家事调查、心理评估、走访等方式全面了解各种情况，根据最有利于未成年子女原则，综合各种因素判断未成年子女由哪一方直接抚养更为适宜。 离婚纠纷中，夫妻双方对大额共同财产尤其是唯一房产的分割难以达成一致时，折中的办法经常是将该财产给予共同子女。也有的当事人之所以同意离婚，正是因为对方同意将共同财产给予子女。但是离婚后，一方拒绝履行协议的现象也时有发生。对此，司法解释进行了明确规范。 司法解释明确， 离婚协议约定将部分或者全部夫妻共同财产给予子女，离婚后，一方在财产权利转移之前请求撤销该约定的，人民法院不予支持。这意味着，双方在离婚协议中明确给子女的财产，一旦离婚协议生效，双方必须履行。 例如，小明和小红离婚时，双方约定将共同拥有的房子给予他们的孩子。离婚后，小明反悔，想要撤销这个约定，法院不会支持小明的诉求。 最高人民法院民一庭法官 王丹 ： 按照赠与合同的规则，就是财产权利转移之前，赠与人是有任意撤销权的，基于这种它不是一个单纯的赠与，它实际上是夫妻双方对共同财产分割的一个具体形式，所以你不能任意撤销。 司法解释还规定，如果一方违约，另一方可以请求其承担继续履行或者因无法履行而赔偿损失等民事责任。 最高人民法院民一庭法官 王丹 ：比如说他把房子卖了，这个时候再让他继续履行房产就不可能了，所以这个时候可以替换成赔偿损失这样一个民事责任。 此外，实践中，存在当事人将财产给予子女后，发现子女非自己亲生的情况，对此，解释明确， 一方有证据证明签订离婚协议时存在欺诈、胁迫等情形的，可以请求撤销该约定并重新分割相关的夫妻共同财产。 实践中，有些夫妻以一方名义对外负债，为了逃避债务，便采取离婚的方式转移财产，给债权人带来了很大困扰。为了有效规制这种行为，保护债权人合法权益，司法解释 明确债权人可以请求撤销离婚协议中的相关财产处分条款。 例如，小明与小红在婚姻关系存续期间，以小明名义向小王借款50万元。为了逃避债务，小明与小红协议离婚，并将家庭财产全部转移至小红名下，导致小王的债权无法得到清偿。 针对这类现象，司法解释明确，如果双方通过离婚恶意逃债，债权人可以请求撤销离婚协议中的相关财产处分条款。 也就是说，小王可以向法院申请撤销小明与小红离婚协议中关于财产转移的条款，以保护自己的债权。 最高人民法院民一庭庭长 陈宜芳： 在夫妻一方对外负有债务的情况下，有的夫妻通过协商将财产转移给不负有债务的一方，就是通过这种金蝉脱壳的方式逃避债务。债权人如果有证据证明存在这种通过离婚协议逃债的情形，那么可以参照民法典的规定行使撤销权，要求撤销离婚协议中有关财产处分的条款，以保护自己的合法权益。 此外，法官介绍，要特别说明的是，离婚协议中夫妻双方的财产分割往往会考虑未成年子女由哪一方直接抚养、一方是否存在过错等因素，并非必须均等分割。因此， 不能简单以财产分割不均等就损害债权人利益为由撤销离婚协议。需要考虑婚姻家庭的特殊性，严格把握撤销标准。 最高人民法院民一庭庭长 陈宜芳： 在判断债权人的撤销权应否支持的时候，也要考虑双方离婚的过错、共同财产分割、协议履行的情况，还有子女抚养的负担等情况综合作出判断。在保护债权人利益的同时，也不能损害离婚的夫妻一方的还有子女的合法权益。 重婚导致的无效婚姻不因离婚或原配偶死亡转为有效 我国民法典和刑法均对重婚行为作出了明确的禁止和惩处规定。然而在司法实践中，关于重婚的无效婚姻是否可以因合法婚姻当事人已经离婚或者配偶已经死亡转为有效，仍存在争议。此次司法解释作出了明确规定，进一步强化了对重婚行为的打击力度。 司法解释明确规定， 即便提起诉讼时合法婚姻当事人已经离婚或者配偶已经死亡，重婚的婚姻也不能从上述情形发生时转为有效。如果重婚中存在善意的一方，他（她）可以根据民法典规定，请求有过错的一方赔偿损害。 例如，小明和小红结婚后，小明又与小王重婚。后来，小红去世了，但是小明与小王的婚姻依然无效。如果小王结婚时并不知道小明已婚，小王可以要求小明赔偿损害。 最高人民法院民一庭庭长 陈宜芳： 重婚不是个人的事情，他破坏了我国一夫一妻的基本婚姻制度，损害了社会公共利益和善良风俗。所以我们是旗帜鲜明地反对和打击重婚。 实践中，男女双方在婚前或者婚姻关系存续期间，约定将一方所有的房产给予另一方，或者为另一方“加名”的情况比较普遍。然而离婚时，房产的分割往往成为双方争议的焦点。此次司法解释就夫妻间给予房产行为在离婚时如何分割，明确了不同情形下的处理规则。 司法解释 对离婚时的财产分割，区分尚未办理转移登记和已经办理转移登记两种情况，分别予以规定。 第一种情况：尚未办理转移登记的。 司法解释规定：夫妻间约定给予房产的，离婚诉讼时双方对房屋归属或者分割有争议且协商不成的，人民法院可以根据婚姻家庭实际情况，判决房屋归其中一方所有，并确定是否由获得房屋一方对另一方予以补偿以及补偿的具体数额。也就是说给予方不能随意撤销该约定。 例如：小明和小红结婚时，小明约定将婚前购买的一套房产送给小红，但一直未办理过户手续。离婚财产分割时，法院会考虑结婚时间的长短、是否孕育共同子女、离婚过错以及对家庭的贡献等因素进行判决。 最高人民法院民一庭法官 王丹 ： 比如说婚姻关系存续时间很长，比如10年、20年，虽然没有办理转移登记，但是对接受一方来讲，他对家庭的付出是很多的，在离婚分割夫妻共同财产时，接受一方基于给予方的约定，也可以主张房产归他，我们也可以判决房产归接受一方。但是如果说婚姻关系存续时间比较短，这个时候我们就可以不再判决房屋归接受一方，而是判决房屋归给予一方所有，可以考虑给接受一方一些补偿，这样能够达到双方利益的一个平衡。 第二种情况：已经办理转移登记的。 司法解释规定，如果婚姻关系存续时间较短且给予方无重大过错，可以判决该房屋归给予方所有，并根据婚姻家庭实际情况，确定是否由获得房屋一方对另一方予以补偿以及补偿的具体数额。 例如，小明和小红结婚后，小明将婚前购买的房子过户给小红。如果二人结婚多年，可以由小红保有该房产。但如果二人结婚时间很短，并且小明没有重大过错，法院会判决房子归小明所有，并让小明给予小红合理补偿。 最高人民法院民一庭法官 王丹 ： 已经办理转移登记的，原则上要维护财产的一个既有的秩序，和保护接受方的合理预期和弘扬诚信价值，也就是说只要办了过户登记，我们是认为房屋是归接受一方的所有。但是也要调整一些特别不平衡的情况，如果婚姻关系存续时间很短，比如说一年或者甚至有的案件中，房屋转移登记之后，不到一周就提起了离婚，这个时候如果给予方也没有什么重大过错，我们虽然办理了转移登记，还是可以判决房屋归给予一方所有的，以明确对于因短暂婚姻获取大额财物这样一个行为的否定态度。 法官表示，人民法院在判决时会平衡各方利益，既不能让一心一意为家庭付出的一方既伤心又伤财，也不能让婚姻成为获取不当利益的途径。 婚姻关系存续期间，如无特别约定，夫妻双方的财产归共同所有，但当一方私自将共同财产赠与“第三者”时，另一方是否能够要求返还呢？司法解释进行了规定。 最高法表示，婚姻关系存续期间，夫妻一方为重婚、与他人同居以及其他违反夫妻忠实义务等目的，私自将婚内共同财产赠与他人，不仅侵害了夫妻共同财产平等处理权，更是一种严重违背公序良俗的行为，司法对此坚决予以否定和摈弃。为此，解释明确规定，夫妻另一方主张赠与行为违反公序良俗无效的，人民法院应予支持，也就是说另一方有权要求返还财产。 例如，小明和小红是夫妻，小明背着小红给“第三者”小王送了10万块钱。小红发现后，可以向法院起诉，要求确认小明的赠与行为无效，并有权要求小王返还财产。 最高人民法院民一庭法官 王丹 ： 在无过错的配偶和破坏他人家庭的婚姻之外的第三者之间，要坚决地保护无过错配偶一方的权益，这是我们旗帜鲜明的一个原则。 有意见提出，实践中存在夫妻合谋以另一方名义要求返还的情况，这对存在严重过错的出轨一方没有起到惩罚的效果。为此，司法解释也专门增加了相应条款，明确： 在夫妻关系内部，无过错的另一方可以在不离婚的情况下要求分割夫妻共同财产；如果因此导致离婚的，在分割夫妻共同财产时，可以对违反夫妻忠实义务的一方少分或不分。 最高人民法院民一庭法官 王丹 ： 也就是说财产返还给夫妻双方之后，在夫妻内部分割的时候，对于违反夫妻忠实义务的一方，可能完全分不到财产。如果存在重婚、与他人同居或者其他严重过错的，还要对无过错的一方承担离婚损害赔偿这样一个责任。 此外，在子女抚养方面，解释还规定，离婚时，双方均要求直接抚养未成年子女的，如果一方存在重婚、与他人同居或者其他严重违反夫妻忠实义务情形的，作为对其不利因素，优先考虑由另一方直接抚养。 在此也提醒大家，在恋爱期间注意了解对方的婚姻状况，以免自己的合法权益受到侵害。,6304,https://news.cctv.com/2025/01/15/ARTIqFUd322lJyPxC8CTfai3250115.shtml,结婚登记;婚姻;结婚;离婚;重婚;恋爱;夫妻;配偶
China News Service,2025-01-15,同居财产分割、离婚时房产归属……民法典婚姻家庭司法解释出台,今天，最高人民法院发布民法典婚姻家庭编司法解释(二)，针对民法典实施以来社会广泛关注的热点问题，以及婚姻家庭纠纷审判实践中遇到的新情况、亟须解决的争议问题，进一步予以规范。重点解决父母为子女婚后购房出资的归属、夫妻基于婚姻给予房产的认定、违反夫妻忠实义务将夫妻共同财产赠与他人、抢夺、藏匿未成年子女、同居财产分割、通过离婚恶意逃债等社会关注的审判实践疑难问题，统一法律适用和裁判规则，定分止争。总台记者采访最高法相关负责人深入解读司法解释新规定。 在我国，子女结婚时，父母为子女出资购房的现象较为普遍，这不仅是家庭财产代际传承的方式，也是对子女婚姻幸福美满的祝福和物质支持。然而，当子女离婚分割夫妻共同财产时，父母出资购房的归属问题往往成为双方争议的焦点。最高法发布的民法典婚姻家庭编司法解释对此进行了规定。 根据民法典的规定，婚姻关系存续期间受赠的财产，除了赠与合同确定只归一方的以外，属于夫妻共同财产。离婚时双方可以通过协议分割共同财产，协议不成的由人民法院根据财产情况作出判决。 最高人民法院民一庭法官 王丹：什么叫财产的具体情况，我们认为财产的出资来源应该是财产的具体情况的一种情形，也就是说在离婚分割夫妻共同财产时，正常是一人一半，但是如果这个财产的来源都是来源于夫妻一方或者一方父母，在分割的时候就要考虑到财产的来源情况，可能就不见得一人一半了。 司法解释区分一方父母全额出资和双方父母出资或一方父母部分出资两种情况，分别予以规定。 第一种情况：一方父母全额出资。解释规定，如果赠与合同约定只给予自己的子女，应当按照约定处理；如果没有约定或者约定不明确的，房屋不论是否登记在自己子女名下，都可以判决该房屋归出资人子女一方所有，以保障出资父母一方的利益。但是，同时也要综合考虑共同生活及孕育共同子女情况、离婚过错等事实，来确定是否需要对另一方予以补偿以及补偿的具体数额。 例如，小明和小红结婚时，小明的父母为他们全额出资购买了一套房子，但没有明确约定房子只归小明所有，双方在共同生活五年后离婚。根据最新司法解释，小明和小红离婚后，法院在判决时会考虑小明父母的出资情况，将房子判给小明。同时，法院也会考虑小红在婚姻中的付出，如共同生活的时间、是否有子女以及离婚过错等因素，决定对小红予以合理补偿。 第二种情况：双方父母对房屋均有出资或一方父母部分出资。因不同案件出资来源和各方出资比例不同，难以明确房屋归哪一方所有，需要根据个案情况分别处理。 最高人民法院民一庭庭长 陈宜芳：比如一方父母出资20%，另一方父母出资80%，原则上会判定房屋归出资80%那一方父母所有，但是给予另一方的补偿，那不一定就是20%，要根据双方婚姻的情况、共同生活的情况、孕育(共同)子女的情况，以及对婚姻的过错情况等因素来判断。按照民法典的规定，从照顾子女、女方和无过错方的原则，来确定给对方的补偿数额，这个数额可能会低于20%，也可能会高于20%，现实生活是非常复杂的，这就需要法官全面地查明案件的事实，综合考量做出一个合法合理的判断。 法官表示，司法解释在确定父母出资购房归属问题时，注重保护个人财产权利的同时，也维护婚姻家庭的和谐稳定。 最高人民法院民一庭法官王丹：原则上如果一方父母出全资的，保护出资人的利益，但是我们要根据婚姻家庭的特殊情况，要保护对于婚姻家庭付出的一方，尊重他付出的价值，也引导大家不要再关注加名、登记，这样可能会给婚姻埋下不和种子的行为。最终如果说万一双方的婚姻达不到长久的程度，在离婚的情况下，司法根据各方的出资情况，付出情况来综合考量，最终来平衡双方的利益，这样也引导大家更多地关注对家庭的付出，能够增强家庭的凝聚力和向心力。 近年来，因同居引发的财产纠纷逐渐增多，成为社会关注的热点问题。虽然同居关系不受法律保护，但同居当事人的财产权利应得到法律保障。因此，同居期间取得的财产如何分配，仍需明确的法律规则来规范，此次司法解释对同居关系财产分割进行了规定。 根据我国法律规定，只有办理结婚登记，双方具有婚姻关系，才享有夫妻之间的权利义务。同居不同于婚姻，同居双方不享有夫妻之间的权利义务，不适用法定夫妻共同财产制。那么针对同居生活期间取得的财产根据什么规则分配呢？ 最高人民法院民一庭庭长 陈宜芳：首先我们是尊重当事人意思自治，当事人有约定的，按约定处理，在没有约定的情况下，是按照“自己的财产归自己所有”的原则，比如说双方都有工资，各自的工资归各自所有。 然而，在共同生活过程中，双方可能会因共同出资购置财产、共同生产经营投资等情况导致财产无法清晰区分。那么在这种情况下，法院会如何分割呢？ 司法解释规定，出资比例为首要考虑因素，在此基础上，综合考虑共同生活情况、有无共同子女、对财产的贡献大小等事实进行分割。 一是双方共同生活情况，比如说是共同生活时间的长短和双方对生活的付出情况。 二是要考虑是否有子女，涉及到子女的抚养和以后抚养费用的负担。 三是要考虑对共同出资期间获得的财产的贡献大小，比如说双方共同出资、投资经营，但主要是由另一方实际经营，那么在分割财产的时候也要考虑双方的贡献大小。 总之要根据个案的具体情况，综合考虑上述因素，妥善处理双方利益。 例如，小明和小红在同居生活期间，共同投资开设了一家店铺，小明出资70%，小红出资30%，在财产分割时，首先会考虑出资比例，但如果店铺的经营主要由小红负责，店铺增值部分的收益也主要得益于小红的努力，那么法院可能会适当提高小红所占的份额，以体现其对财产增值的贡献。 在此也提醒大家，在同居期间，最好能提前就财产分配达成明确的书面协议，以避免日后产生纠纷。 实践中，双方分居或离婚诉讼期间以及离婚后，有的父母会采用激烈的手段阻止另一方探望孩子，甚至抢夺、隐匿孩子，针对这种行为，司法解释进行了回应。 最高法表示，抢夺、藏匿未成年子女，不仅侵害了父母另一方对子女依法享有的抚养、教育、保护的权利，更重要的是，会严重损害未成年子女身心健康，应当坚决预防和制止。司法解释对该行为予以规制。 首先是快速制止不法行为，通过签发人身安全保护令或者行为禁令的方式，让孩子快速恢复到原来的生活状态。 第二就是在一方还不愿意离婚的情况下，我们在监护权纠纷案件中，明确法院可以判决暂时确定未成年子女的抚养事宜。 第三，在离婚诉讼中确定未成年子女由哪一方直接抚养时，我们将存在抢夺藏匿未成年子女这种情形作为对其不利的因素，优先考虑由另外一方抚养。 司法审判中，法官一般会通过家事调查、心理评估、走访等方式全面了解各种情况，根据最有利于未成年子女原则，综合各种因素判断未成年子女由哪一方直接抚养更为适宜。 离婚纠纷中，夫妻双方对大额共同财产尤其是唯一房产的分割难以达成一致时，折中的办法经常是将该财产给予共同子女。也有的当事人之所以同意离婚，正是因为对方同意将共同财产给予子女。但是离婚后，一方拒绝履行协议的现象也时有发生。对此，司法解释进行了明确规范。 司法解释明确，离婚协议约定将部分或者全部夫妻共同财产给予子女，离婚后，一方在财产权利转移之前请求撤销该约定的，人民法院不予支持。这意味着，双方在离婚协议中明确给子女的财产，一旦离婚协议生效，双方必须履行。 例如，小明和小红离婚时，双方约定将共同拥有的房子给予他们的孩子。离婚后，小明反悔，想要撤销这个约定，法院不会支持小明的诉求。 最高人民法院民一庭法官王丹：按照赠与合同的规则，就是财产权利转移之前，赠与人是有任意撤销权的，基于这种它不是一个单纯的赠与，它实际上是夫妻双方对共同财产分割的一个具体形式，所以你不能任意撤销。 司法解释还规定，如果一方违约，另一方可以请求其承担继续履行或者因无法履行而赔偿损失等民事责任。 最高人民法院民一庭法官王丹：比如说他把房子卖了，这个时候再让他继续履行房产就不可能了，所以这个时候可以替换成赔偿损失这样一个民事责任。 此外，实践中，存在当事人将财产给予子女后，发现子女非自己亲生的情况，对此，解释明确，一方有证据证明签订离婚协议时存在欺诈、胁迫等情形的，可以请求撤销该约定并重新分割相关的夫妻共同财产。 实践中，有些夫妻以一方名义对外负债，为了逃避债务，便采取离婚的方式转移财产，给债权人带来了很大困扰。为了有效规制这种行为，保护债权人合法权益，司法解释明确债权人可以请求撤销离婚协议中的相关财产处分条款。 例如，小明与小红在婚姻关系存续期间，以小明名义向小王借款50万元。为了逃避债务，小明与小红协议离婚，并将家庭财产全部转移至小红名下，导致小王的债权无法得到清偿。 针对这类现象，司法解释明确，如果双方通过离婚恶意逃债，债权人可以请求撤销离婚协议中的相关财产处分条款。 也就是说，小王可以向法院申请撤销小明与小红离婚协议中关于财产转移的条款，以保护自己的债权。 最高人民法院民一庭庭长 陈宜芳：在夫妻一方对外负有债务的情况下，有的夫妻通过协商将财产转移给不负有债务的一方，就是通过这种金蝉脱壳的方式逃避债务。债权人如果有证据证明存在这种通过离婚协议逃债的情形，那么可以参照民法典的规定行使撤销权，要求撤销离婚协议中有关财产处分的条款，以保护自己的合法权益。 此外，法官介绍，要特别说明的是，离婚协议中夫妻双方的财产分割往往会考虑未成年子女由哪一方直接抚养、一方是否存在过错等因素，并非必须均等分割。因此，不能简单以财产分割不均等就损害债权人利益为由撤销离婚协议。需要考虑婚姻家庭的特殊性，严格把握撤销标准。 最高人民法院民一庭庭长 陈宜芳：在判断债权人的撤销权应否支持的时候，也要考虑双方离婚的过错、共同财产分割、协议履行的情况，还有子女抚养的负担等情况综合作出判断。在保护债权人利益的同时，也不能损害离婚的夫妻一方的还有子女的合法权益。 重婚导致的无效婚姻不因离婚或原配偶死亡转为有效 我国民法典和刑法均对重婚行为作出了明确的禁止和惩处规定。然而在司法实践中，关于重婚的无效婚姻是否可以因合法婚姻当事人已经离婚或者配偶已经死亡转为有效，仍存在争议。此次司法解释作出了明确规定，进一步强化了对重婚行为的打击力度。 司法解释明确规定，即便提起诉讼时合法婚姻当事人已经离婚或者配偶已经死亡，重婚的婚姻也不能从上述情形发生时转为有效。如果重婚中存在善意的一方，他(她)可以根据民法典规定，请求有过错的一方赔偿损害。 例如，小明和小红结婚后，小明又与小王重婚。后来，小红去世了，但是小明与小王的婚姻依然无效。如果小王结婚时并不知道小明已婚，小王可以要求小明赔偿损害。 最高人民法院民一庭庭长 陈宜芳：重婚不是个人的事情，他破坏了我国一夫一妻的基本婚姻制度，损害了社会公共利益和善良风俗。所以我们是旗帜鲜明地反对和打击重婚。 实践中，男女双方在婚前或者婚姻关系存续期间，约定将一方所有的房产给予另一方，或者为另一方“加名”的情况比较普遍。然而离婚时，房产的分割往往成为双方争议的焦点。此次司法解释就夫妻间给予房产行为在离婚时如何分割，明确了不同情形下的处理规则。 司法解释对离婚时的财产分割，区分尚未办理转移登记和已经办理转移登记两种情况，分别予以规定。 第一种情况：尚未办理转移登记的。司法解释规定：夫妻间约定给予房产的，离婚诉讼时双方对房屋归属或者分割有争议且协商不成的，人民法院可以根据婚姻家庭实际情况，判决房屋归其中一方所有，并确定是否由获得房屋一方对另一方予以补偿以及补偿的具体数额。也就是说给予方不能随意撤销该约定。 例如：小明和小红结婚时，小明约定将婚前购买的一套房产送给小红，但一直未办理过户手续。离婚财产分割时，法院会考虑结婚时间的长短、是否孕育共同子女、离婚过错以及对家庭的贡献等因素进行判决。 最高人民法院民一庭法官王丹：比如说婚姻关系存续时间很长，比如10年、20年，虽然没有办理转移登记，但是对接受一方来讲，他对家庭的付出是很多的，在离婚分割夫妻共同财产时，接受一方基于给予方的约定，也可以主张房产归他，我们也可以判决房产归接受一方。但是如果说婚姻关系存续时间比较短，这个时候我们就可以不再判决房屋归接受一方，而是判决房屋归给予一方所有，可以考虑给接受一方一些补偿，这样能够达到双方利益的一个平衡。 第二种情况：已经办理转移登记的。司法解释规定，如果婚姻关系存续时间较短且给予方无重大过错，可以判决该房屋归给予方所有，并根据婚姻家庭实际情况，确定是否由获得房屋一方对另一方予以补偿以及补偿的具体数额。 例如，小明和小红结婚后，小明将婚前购买的房子过户给小红。如果二人结婚多年，可以由小红保有该房产。但如果二人结婚时间很短，并且小明没有重大过错，法院会判决房子归小明所有，并让小明给予小红合理补偿。 最高人民法院民一庭法官王丹：已经办理转移登记的，原则上要维护财产的一个既有的秩序，和保护接受方的合理预期和弘扬诚信价值，也就是说只要办了过户登记，我们是认为房屋是归接受一方的所有。但是也要调整一些特别不平衡的情况，如果婚姻关系存续时间很短，比如说一年或者甚至有的案件中，房屋转移登记之后，不到一周就提起了离婚，这个时候如果给予方也没有什么重大过错，我们虽然办理了转移登记，还是可以判决房屋归给予一方所有的，以明确对于因短暂婚姻获取大额财物这样一个行为的否定态度。 法官表示，人民法院在判决时会平衡各方利益，既不能让一心一意为家庭付出的一方既伤心又伤财，也不能让婚姻成为获取不当利益的途径。 婚姻关系存续期间，如无特别约定，夫妻双方的财产归共同所有，但当一方私自将共同财产赠与“第三者”时，另一方是否能够要求返还呢？司法解释进行了规定。 最高法表示，婚姻关系存续期间，夫妻一方为重婚、与他人同居以及其他违反夫妻忠实义务等目的，私自将婚内共同财产赠与他人，不仅侵害了夫妻共同财产平等处理权，更是一种严重违背公序良俗的行为，司法对此坚决予以否定和摈弃。为此，解释明确规定，夫妻另一方主张赠与行为违反公序良俗无效的，人民法院应予支持，也就是说另一方有权要求返还财产。 例如，小明和小红是夫妻，小明背着小红给“第三者”小王送了10万块钱。小红发现后，可以向法院起诉，要求确认小明的赠与行为无效，并有权要求小王返还财产。 最高人民法院民一庭法官王丹：在无过错的配偶和破坏他人家庭的婚姻之外的第三者之间，要坚决地保护无过错配偶一方的权益，这是我们旗帜鲜明的一个原则。 有意见提出，实践中存在夫妻合谋以另一方名义要求返还的情况，这对存在严重过错的出轨一方没有起到惩罚的效果。为此，司法解释也专门增加了相应条款，明确：在夫妻关系内部，无过错的另一方可以在不离婚的情况下要求分割夫妻共同财产；如果因此导致离婚的，在分割夫妻共同财产时，可以对违反夫妻忠实义务的一方少分或不分。 最高人民法院民一庭法官王丹：也就是说财产返还给夫妻双方之后，在夫妻内部分割的时候，对于违反夫妻忠实义务的一方，可能完全分不到财产。如果存在重婚、与他人同居或者其他严重过错的，还要对无过错的一方承担离婚损害赔偿这样一个责任。 此外，在子女抚养方面，解释还规定，离婚时，双方均要求直接抚养未成年子女的，如果一方存在重婚、与他人同居或者其他严重违反夫妻忠实义务情形的，作为对其不利因素，优先考虑由另一方直接抚养。 在此也提醒大家，在恋爱期间注意了解对方的婚姻状况，以免自己的合法权益受到侵害。 (总台央视记者 张赛 聂继承） 【,6271,https://www.chinanews.com.cn/sh/2025/01-15/10353550.shtml,结婚登记;婚姻;结婚;离婚;重婚;恋爱;夫妻;配偶
People.cn,2025-01-15,解决婚姻家庭纠纷，最新司法规定来了！--社会·法治--人民网,《最高人民法院关于适用〈中华人民共和国民法典〉婚姻家庭编的解释（二）》1月15日对外发布，自2025年2月1日起施行。 明确重婚绝对无效的立场，明确以违背公序良俗为目的处分夫妻共同财产的行为无效，回应父母为子女婚后购房出资、夫妻间给予房产等问题……司法解释共23条，旨在维护公序良俗，平衡保护个人财产权利与婚姻家庭团体利益，护航未成年人健康成长，引导家庭成员敬老爱幼、互相帮助，推动社会公众树立正确的婚恋观。,204,http://society.people.com.cn/n1/2025/0115/c1008-40402505.html,婚姻;婚恋;重婚;夫妻
People.cn,2025-01-16,五河：让婚姻始于“爱”，让彩礼归于“礼”,五河县大新镇曾一度流行“养女辛苦十几年，彩礼攀比低不得”“彩礼高就是嫁得好”的陈旧观念。在过去，高额彩礼常常给许多家庭带来沉重的经济负担，成为婚姻路上的一道难题。 近些年，通过红白理事会的宣传和推动，一些村民率先践行“拒绝高额彩礼 共筑幸福婚姻”的文明新风，为婚姻观念带来了积极而深刻的变革。如今越来越多的年轻人和家庭开始倡导并践行“低彩礼”“零彩礼”的理念。 下一步，五河县大新镇将继续积极开展移风易俗的宣传活动，通过讲座、媒体宣传等多种形式，引导村民树立正确的婚姻价值观。不少家庭纷纷响应，主动降低彩礼标准，让婚姻回归真爱与幸福的本质，以实际行动支持这一新风尚。（鲁娜）,287,http://ah.people.com.cn/n2/2025/0116/c374164-41110351.html,婚姻;彩礼
People.cn,2025-01-17,最高法：挥霍夫妻共同财产直播打赏 离婚时少分或不分财产,人民网北京1月16日电 （高清扬、薄晨棣）近日，《最高人民法院关于适用〈中华人民共和国民法典〉婚姻家庭编的解释（二）》（以下简称《解释（二）》）发布。 据了解，近三年来，全国法院审结一审婚姻家庭继承纠纷案件每年大约200万件，占全部一审民事案件的12%左右。其中，离婚纠纷案件每年大约150万件，占所有家事案件的近80%。离婚纠纷中，财产分割成为焦点。 最高人民法院民一庭庭长陈宜芳介绍，《解释（二）》共23条，重点解决违反夫妻忠实义务将夫妻共同财产赠与他人，夫妻间给予房产，以及抢夺、藏匿未成年子女等问题。 民法典规定，禁止重婚。重婚违反了我国一夫一妻的基本婚姻制度，是违法犯罪行为，法律坚决予以否定和打击。《解释（二）》明确了重婚绝对无效的立场，规定即使诉讼时合法婚姻当事人已经离婚或者配偶已经死亡的，重婚的婚姻亦不能自以上情形发生时转为有效。 《解释（二）》规定，婚姻关系存续期间，一方为重婚、与他人同居以及其他违反夫妻忠实义务等目的，将夫妻共同财产赠与他人的行为无效。夫妻另一方诉请返还的，人民法院应予支持。 例如，夫妻一方未经另一方同意，在网络直播平台用夫妻共同财产打赏，数额明显超出其家庭一般消费水平，严重损害夫妻共同财产利益的，可以认定为民法典规定的“挥霍”。另一方请求在婚姻关系存续期间分割夫妻共同财产，或者在离婚分割夫妻共同财产时请求对打赏一方少分或者不分的，人民法院应予支持。 同时，《解释（二）》明确，父母一方或者其近亲属等抢夺、藏匿未成年子女，另一方向人民法院申请人格权侵害禁令的，人民法院应予支持。 抢夺、藏匿未成年子女一方以另一方存在赌博、吸毒、家庭暴力等严重侵害未成年子女合法权益情形，主张其抢夺、藏匿行为有合理事由的，人民法院应当告知其依法通过撤销监护人资格、中止探望或者变更抚养关系等途径解决。 此外，《解释（二）》平衡保护个人财产权利与婚姻家庭团体利益。在父母为子女婚后购房出资、夫妻间给予房产等具体案件法律适用中，充分考虑我国历史文化传统、婚姻家庭现实状况以及相关出资和给予行为的目的性特征，不作“一刀切”规定，强调在以出资来源作为分割财产基础的前提下，要综合考虑婚姻关系存续时间、共同生活及孕育情况、离婚过错等因素，公平公正处理。引导社会公众树立正确的婚恋观，强调家庭成员应当共同努力、互相关爱、互相帮助，既不能因短暂婚姻获得大额财产，也肯定对家庭付出的价值，增强婚姻家庭的凝聚力和向心力。 例如，在此次发布的崔某某与陈某某离婚纠纷案中，一方在结婚后将其婚前房产为另一方“加名”，离婚分割夫妻共同财产时，人民法院可以判决房屋归给予方所有，并综合考虑共同生活情况等因素合理补偿对方。 《解释（二）》还对同居析产纠纷处理、继父母子女关系认定和解除、离婚经济补偿、离婚经济帮助等规则予以细化，平衡保护各方利益，维护婚姻家庭和谐稳定。,1183,http://yn.people.com.cn/n2/2025/0117/c361322-41111267.html,婚姻;结婚;离婚;婚恋;重婚;夫妻;配偶;家庭暴力
People.cn,2025-01-17,淮南凤台：抵制高额彩礼 倡导文明婚俗,“量力而行，抵制高额彩礼；破旧立新，提倡婚事新办；摒弃陋习，倡导喜事简办。”1月17日，淮南市凤台县举行“抵制高额彩礼 倡导文明婚俗”主题实践活动，16对适婚青年集体签名，倡导文明、健康、简约的婚俗新风尚。 此次活动由凤台县新时代文明实践中心主办，县委宣传部、县委社会工作部承办。“在漫长的岁月里，我们共同经历了生活的风风雨雨，从青涩到成熟，从二人世界到儿孙满堂，我们用心感受生活中的每一刻，无论是在晚餐时闲聊，还是饭后一起散步，我们在平凡的日子里找到了幸福。”50后夫妻陈国友分享了幸福婚姻心得。60后夫妻陈娟、王忠军，70后夫妻许庆保、李远敏，80后夫妻邵秋实、计舒婷认为，婚姻的幸福不在于彩礼的多少，而在于夫妻之间的理解、包容和支持。 “安徽好人”、凤台县实验小学教师李晓娜宣读了“抵制高额彩礼 倡导文明婚俗”倡议书。参加活动的16对适婚青年和4对已婚夫妻共同倡议：从自身做起，破陈规、除陋习、传文明、树新风，争做新时代新风尚的践行者、传播者，打造美好家庭，共建和谐社会。(常开胜）,444,http://ah.people.com.cn/n2/2025/0117/c374164-41112070.html,婚姻;彩礼;婚俗;适婚;夫妻
People.cn,2025-01-21,离婚后房屋归一方 房贷还要共同承担吗？,夫妻双方共同向银行贷款买房，房地产开发公司为其提供担保。后双方离婚，并约定房屋和房贷都归男方，结果男方未按约还贷，导致银行划扣房地产开发公司的保证金，房地产开发公司要求两人共同偿还债务。近日，广西壮族自治区贵港市港北区人民法院审理了一起追偿权纠纷案。 小琪和小健两人在夫妻关系存续期间，在某房地产开发公司购买了一套房屋，支付首付后，两人就剩余房款向银行申请贷款支付。后房地产开发公司和小琪、小健签订补充协议，承诺对贷款承担连带担保责任。但夫妻两人收到贷款后，未能依约向银行按时还款，致使银行从某房地产开发公司的保证金专用账户中先后累计划扣76万元。 某房地产开发公司认为，小琪和小健二人未依约还贷，导致其承担连带清偿责任，已构成违约，应承担支付违约金并赔偿损失的责任，遂将二人共同告上法院。 小琪辩称，自己和小健已经在2021年3月办理了离婚手续，且双方协议离婚后房屋归小健所有，房贷也由小健支付，房地产开发公司产生的损失是因小健未按时还贷导致的，应由小健偿还损失，债务与自己无关。 港北区法院审理后认为，该房屋是小琪和小健在婚姻关系存续期间用夫妻共同存款购买的，属于夫妻共同财产，故该房产产生的按揭贷款属于夫妻共同债务，应该由两人共同偿还。虽然小琪与小健已经离婚，并协议约定房产归小健所有、贷款由小健偿还，但离婚协议属于小琪和小健的内部约定，不能对抗第三人，更不能以离婚为由逃避婚姻存续期间夫妻的共同债务。 某房地产开发公司作为担保人承担担保责任后，依法有权向被告小琪、小健追偿，二被告未按合同约定偿还代付款项，已构成违约，法院依法判决二被告向某房地产开发公司偿还代付款76万元及违约金。 夫妻共同贷款购买的房屋，其债务是双方的共同责任。这意味着，即使离婚协议上写明房贷由某一方承担，但这只是夫妻之间的约定，并不对第三人产生约束力。在负有夫妻共同债务的情况下，即使离婚，如果债权人能够证明债务用于夫妻共同生活、共同生产经营或者基于夫妻双方共同意思表示，那么夫妻双方都有可能需要承担偿还责任。 本案中，小琪和小健在婚姻存续期间贷款买房，贷款属于夫妻共同债务，不因双方是否离婚而改变，即使小琪和小健的离婚协议约定案涉房屋归小健所有，房屋债务均由小健一人承担，但是某房地产开发公司仍有权向小琪和小健主张权利；而小琪可以在承担还款责任后，按照离婚协议向小健进行追偿。（陆莹 胡盛赋）,988,http://yn.people.com.cn/n2/2025/0121/c361322-41115631.html,婚姻;离婚;夫妻
CCTV,2025-01-22,婚假产假、托育服务……地方两会热议婚育支持举措,中新网北京1月22日电(张钰惠)1月中下旬，全国多地省级两会密集召开。中新网注意到，婚育支持在多地政府工作报告上有所体现，也是代表委员们热议的话题。完善医疗保障、实施补助补贴、延长婚假和生育假、提供托育服务等婚育支持举措，被频频提及。 中新网注意到，多个省份将生育支持措施写入政府工作报告中，其中包括完善医疗保障、实施补助补贴、延长生育假期、提供托育服务等一系列积极举措。 近日，湖北省政府工作报告公布了湖北省2025年十大民生项目清单，其中将“纾解生育后顾之忧”放在首要位置。 湖北明确了一系列生育支持措施，如免费开展新生儿疾病筛查，守好新生儿健康“第一关”；推动市、县持续开展对生育二孩、三孩的家庭实施购房补助补贴，实现应补尽补、应兑尽兑；加强宣传监督、执法检查，保障产假、护理假、育儿假等生育假期落实到位等。 北京市政府工作报告在2025年民生工作中明确，完善生育友好型社会配套支持政策，提供多样化托育服务，实现市区托育综合服务中心全覆盖。 天津市政府工作报告提到，完善生育支持政策，推进区级托育综合服务中心建设。 同样地，浙江省政府工作报告提到“完善生育支持政策体系和激励机制”“开展普惠托育基本公共服务试点”等等。 如何加强婚育支持体系建设？近日，全国多地代表委员就此展开热议。 四川省人大代表、省人大社会建设委员会委员温雪倩建议，参照其他省份，把婚假延长到15-20天，在婚育方面给予年轻人更多的关心和支持。 湖北省人大代表、襄阳市中心医院党委书记邢辉建议，进一步优化生育休假制度，将女职工的产假延长至180天，给予男职工更长的陪产假，如30天。同时，建立成本共担机制，通过政府补贴、企业税收优惠等方式，减轻企业因延长生育假而增加的成本负担。 江西省政协委员，鹰潭市妇联党组书记、主席蔡湘芬建议，建立生育补贴制度，对生育一孩、二孩、三孩家庭发放不同等次的育儿补助和照护津贴；减轻家庭生育养育医疗费用负担，将不孕不育、高危和危重产妇监护等相关医疗费用纳入医保基金支付范围；加大财政支持力度，增加生育津贴支付天数。 浙江省政协委员、团省委志工权益部副部长金珍珍建议，加大力度让现有公办幼儿园延伸开展2-3岁的托幼托育服务，为青年夫妻送子女入幼儿园提供靠谱的衔接和过渡。再者，鼓励有条件的大单位大企业建立托儿所，开设“幼前班”“午托班”等，提供育儿设施和服务，政府给予相应补贴，就近就便解决职工家庭照护子女的困难。 除推出一系列婚育支持措施之外，还有代表委员提倡传播健康正确的婚恋观。 金珍珍呼吁，要加强女性在生育、养育过程中的职场合法权益，同时也加强对传统“家文化”的宣传，让年轻人重塑对婚姻和家庭的向往。 海南省政协委员、九三学社社员杨文娴表示，有关两性亲密关系建构，包括婚恋观、家庭建设等相关内容，应该成为高校思政教育不可或缺的组成部分。 甘肃省政协委员、庆阳圈子互联网科技有限公司总经理闫杰提出，设立青年婚恋服务中心，提供婚姻咨询、婚恋指导、法律咨询等一站式服务，并配备专业团队。同时，引入心理咨询机构、婚姻辅导机构等，为青年提供婚前教育、心理辅导，提升婚恋素养和幸福感。 针对高价彩礼问题，闫杰建议通过多种渠道宣传高价彩礼的危害，完善相关法律法规，明确彩礼的认定范围和返还原则，鼓励社会监督和举报，形成抵制高价彩礼的良好氛围。,1371,https://news.cctv.com/2025/01/22/ARTINJciPhkqHdKikB4dXoW5250122.shtml,高价彩礼;婚姻;婚恋;婚育;彩礼;夫妻
People.cn,2025-01-22,四川省政协委员伍亮吉：建议在川大专院校开设“恋爱生育家庭观”课程,人民网成都1月22日电 （记者郭莹）国务院办公厅发布的《关于加快完善生育支持政策体系推动建设生育友好型社会的若干措施》在强调“积极倡导正确的婚恋观、生育观、家庭观”的同时，首次明确提出“加强人口国情国策教育，并将相关内容融入中小学、本专科教育”。当代大学生作为未来生育的核心力量，其婚恋观念已发生显著变化。 今年四川省两会期间，省政协委员伍亮吉提出，希望有关部门考虑在四川大专院校开设“恋爱生育家庭观”课程。伍亮吉透露，根据调查数据显示，不少大专院校学生对婚恋教育进课堂呈赞成态度。 为此，他建议将婚恋教育课程纳入大学选修课程体系。针对大学生对婚恋教育需求的增长，高校应根据实际情况设置相关课程，通过理论讲授与案例分析相结合的方式，使学生能够在“真实情境”中进行学习与思考，提升其正确理解婚恋及处理恋爱关系的能力，为未来的恋爱与婚姻生活打下坚实基础；另外，还可以采用线上线下相结合的混合教学模式，建立课程反馈机制，确保课程的价值性，切实实现培养学生正确婚恋观的目标。 他还建议政府相关部门及高校应重视加强婚恋教育师资培养，通过培训、进修等途径提升教师的专业水平和教学能力；设立专项基金，支持教师参与与婚恋教育相关的思政教育培训和研究活动；组建省级“恋爱婚姻家庭观”讲师团，定期有计划地深入各院校开展讲座，并将防治艾滋病等知识融入课程的全过程。,571,http://sc.people.com.cn/n2/2025/0122/c345167-41117435.html,婚姻;婚恋;恋爱
China News Service,2025-01-23,相亲红包、过节红包……红包“长得很像”，法律属性却不同,微信红包、相亲红包、过节红包……象征喜庆、吉祥的红包“长得很像”，法律属性却不同 春节将近，送红包、收红包给节日增添了一份喜庆热闹的氛围。随着红包的形式更加多样，与之相关的法律问题也更加多元。发微信红包和微信转账有什么不同？已经给出的红包还能要回来吗？在企业年会等场合幸运中奖，是否需要缴纳个人所得税？ 又是一年佳节到。大红色的外观、金色镶边的文字、祥瑞的图案……作为由来已久的传统习俗，红包象征着红红火火，大吉大利，承载着春节的洋洋喜气，送红包、收红包给节日增添了一份喜庆热闹的氛围。 随着时代的发展，红包的形式更加多样，线上动动手指，就可发送一份红包祝福；企业派发福利，设计年会抽奖、奖励开工利是……红包的含义更加丰富，与之相关的法律问题也更加多元。 近年来，随着移动支付的普及，每逢新春佳节来临之时，互联网上少不了“电子拜年”这一新兴拜年方式，人们通过发微信红包或者微信转账表达心意和祝福，在发出和领取红包、转账的来往间，浓浓的节日氛围从线下蔓延到线上。 那么，微信红包和微信转账有何不同？除了操作方式上的区别，二者在法律性质上又有何差异？ 刘女士与周先生是微信好友，二人通过网络游戏结识，刘女士先后微信转账给周先生共计1.29万元，发微信红包共计2769元，后刘女士诉至法院，要求周先生偿还借款，周先生则认为上述款项均为赠与。 北京市海淀区人民法院经审理认为，微信红包自身即包含赠与之义，刘女士出于对周先生生活资助的目的，向其发送微信红包属赠与行为，周先生无需偿还。刘女士通过微信转账支付钱款，周先生虽以为是赠与，但其并无证据证明刘女士就此曾作出赠与的意思表示，且考虑到刘女士的实际转账金额及周先生曾向刘女士借款还贷等情形，应认定为借款，周先生应予偿还。 “微信红包是软件社交功能的典型体现，设置的金额上限为200元，且名为‘红包’，根据我国的民间习俗，给付红包在通常情况下意味着自愿赠与，无需返还。微信转账则与之不同，其仅是软件设置的付款功能，是社会主体之间常用的付款方式，不具备赠与之义。”该案承办法官李囡表示。 记者梳理多个裁判文书网公布的案例发现，司法实践中，通常认为微信红包和微信转账在法律性质上存在区别。发红包往往被视为赠与行为，而转账则可能涉及多种法律关系，如借贷、赠与、不当得利等。不过，如果发微信红包的时候，已经说明了非赠与目的，例如备注还债、借款等，则微信红包应理解为付款方式的一种，而非赠与行为，且具体情况需结合案情判定。 春节期间，一些长辈乐于为回家过年的儿女安排相亲，准备谈婚论嫁的情侣也有不少选择带对象回家，“包多大的红包”作为见面礼，成为年节时分困扰一些长辈的“甜蜜的烦恼”。 最近，曾收到前男友父母给的见面礼的沈女士也在为红包一事烦心。2021年5月，沈女士和王先生通过他人介绍相识，并发展为恋人关系。2023年春节期间，沈女士跟随王先生到家中拜访，王先生的父母给了沈女士1.68万元红包作为见面礼。然而，由于感情不和，沈女士和王先生最终分手，王先生要求退还见面礼。 已经给出的红包能要回吗？收到的相亲红包又是否需要返还？在上述案件中，法院认为，钱款是在双方谈婚论嫁期间给付的，且远超一般见面礼的金额，因此带有以缔结婚姻为目的的彩礼性质，鉴于双方最终未能成婚，故判决应当予以返还。 广东格林律师事务所律师连达表示，恋爱关系中，并非所有送出的红包均会被支持返还。“例如日常消费支出、价值不大的礼物或红包，以及‘520’‘1314’等具有示爱含义数字的红包或转账，一般会被判定为恋爱期间的无偿赠与，除非有能确定为借贷等其他法律关系的特殊标注。”连达说。 司法实践中，已经送出的红包，若被认定为无条件赠与，则无需返还；若根据借贷合意及实际支付款项的事实被认定为借贷，或者依据当地习俗、给付的时间和方式、财物价值等事实被认定为彩礼，则应当返还。 连达建议，对于相亲、恋爱关系中给予财物的行为，需具备一定的风险意识，爱情不应从经济学角度衡量，真正的爱情关系仅靠金钱也无法维持。如果应对方要求进行日常消费之外的大额转账，要尽量明确款项性质，并保存好转账记录、聊天记录等证据，以备不时之需。 “中奖绝缘体年会中奖了！”1月16日，来自北京的杨女士在公司年会上抽中了特等奖，获得手机一部，这让她很是惊喜，在社交平台上分享起自己的中奖经历。评论中，好友们忍不住刷起“接好运”，表达对年会中奖的满满期待。 年终岁尾，不少企业举办年会、庆典、尾牙等活动，犒劳员工一年来的辛苦付出，也给企业进行积极正面的形象宣传。活动中，一轮又一轮的抽奖无疑将气氛逐层推向最高潮，也有人在中奖后疑惑，这些奖金、奖品、红包需要缴纳个人所得税吗？ 对此，北京恒都律师事务所律师王文超表示，上述情况通常要缴纳个人所得税，只是区分受益对象是否为本企业员工，应税项目有所不同。 王文超解释，企业给员工发放的奖金、奖品，以及过节红包等符合工资、薪金所得的范畴，员工需按照“工资、薪金所得”项目缴纳个人所得税，企业作为扣缴义务人，应按照规定代扣代缴个人所得税。 如果中奖或被派发红包的主体非本企业员工，又该如何纳税？财政部、税务总局发布的《关于个人取得有关收入适用个人所得税应税所得项目的公告》规定，企业在业务宣传、广告等活动中，随机向本单位以外的个人赠送礼包，以及企业在年会、座谈会、庆典以及其他活动中向本单位以外的个人赠送礼品，个人取得的礼品收入，按照“偶然所得”项目计算缴纳个人所得税，但企业赠送的具有价格折扣或折让性质的消费券、代金券、抵用券、优惠券等礼品除外。 “如果非本企业员工在获得企业发放的红包前，为企业提供了劳务服务，如协助企业填写网络调查问卷后获得网络现金红包等，则应当按照‘劳务报酬’计征个人所得税。”王文超表示，企业发放红包的性质及纳税情况需具体问题具体分析，企业应严格遵守相关法律法规，履行相应的纳税和代扣代缴义务。(本报记者 时斓娜),2424,https://www.chinanews.com.cn/sh/2025/01-23/10358370.shtml,婚姻;结婚;彩礼;恋爱;相亲;对象;情侣;恋人
CCTV,2025-01-24,婚恋公司招外嫁女，彩礼8万元起？平台：已处置,近日，有网友发布消息称，在某求职平台上有婚恋公司招聘红娘，其工作内容是招到能外嫁的女生，开出的条件包括彩礼8万元起、婚后不上班等。24日上午，相关求职平台回应极目新闻记者称，该公司行为系违规招聘，已进行处置。 该网友发布的聊天截图显示，一企业发来的职位信息显示：“红娘工作：招女生，能够外嫁的，20-35岁左右单身女性，想结婚过好日子的，想改变命运找好家庭的，能接受闪婚远嫁的”“不管是未婚、离异，领证彩礼8W起，男生都是车房全款，女生婚后可以不上班”。 该网友在评论区称，这是她的亲身经历，也是第一次见到有这种工作，分享出来是为了提醒大家。极目新闻记者私信该网友，截至发稿前未获回复。 记者在相关求职平台上搜索相关公司名称，显示无结果。相关信息显示，该婚恋公司注册地在云南昆明。极目新闻记者联系该公司及相关公司，电话均未能接通。 24日上午，涉事公司辖区劳动监察部门表示，此事不在劳动部门管理范围，并建议向相关平台投诉。极目新闻记者联系昆明当地警方，警方回应称相关企业是否有违法行为暂无法确定，会对相关情况进行调查。 求职平台方回应极目新闻记者，经过平台核查，相关行为系违规招聘行为，平台已经进行处置。该平台提醒，求职面试尽量在平台内沟通，提高警惕，如遇问题可在站内及时举报。,539,https://news.cctv.com/2025/01/24/ARTID0KIUwrLPEBn68WwifcU250124.shtml,结婚;婚恋;彩礼;闪婚;单身
People.cn,2025-01-27,2024年上海婚姻登记数据出炉！,上海市民政局编制发布《2024年上海市婚姻登记数据》，2024年，上海全市共办理婚姻登记135031对。全市初婚平均年龄30.1岁，其中男性30.8岁，女性29.5岁。详见↓ 2024年，上海全市共办理婚姻登记135031对，其中跨省通办婚姻登记25205对。从业务类别看，结婚登记90167对、离婚登记44864对；从当事人主体看，内地居民婚姻登记133650对，涉外国人、涉港澳台居民及华侨婚姻登记1381对。 2024年，全市办理内地居民结婚登记89070对、离婚登记44580对；办理涉外国人、涉港澳台居民及华侨结婚登记1097对、离婚登记284对，共涉及77个国家和地区。 2024年，全市共办理跨省婚姻登记25205对。其中，跨省结婚登记19101对；跨省离婚登记6104对。 2024年1月1日至2024年12月31日，本市“公民婚育一件事”，包括民政部门的“内地居民婚姻登记（结婚）”、公安部门的“本市户口登记（婚姻状况变更）”“市内户口迁移（因婚姻迁入配偶家庭户）”、卫健部门的“生育登记”4个事项，共有911对群众从中受益。 2024年，全市结婚人员平均年龄为34.9岁。其中男性35.8岁，女性34岁。全市初婚平均年龄30.1岁，其中男性 30.8岁，女性29.5岁。 2024年，全市离婚登记平均年龄为43.5岁。其中男性44.8岁、女性42.3岁。 2021年-2024年离婚冷静期内主动撤回 以及离婚冷静期到期后未办理离婚情况 2021年离婚冷静期内主动撤回离婚312对、离婚冷静期到期后未办理离婚10087对。 2022年离婚冷静期内主动撤回离婚352对、离婚冷静期到期后未办理离婚6923对。 2023年离婚冷静期内主动撤回离婚186对、离婚冷静期到期后未办理离婚11215对。 2024年离婚冷静期内主动撤回离婚242对、离婚冷静期到期后未办理离婚12298对。,798,http://sh.people.com.cn/n2/2025/0127/c134768-41122831.html,婚姻登记;结婚登记;离婚冷静期;婚姻;结婚;离婚;婚育;初婚;配偶
China News Service,2025-02-05,大学就结婚的年轻人过得怎么样？,遇到良人先成家 婚后摸索相处模式 以“独特方式”影响身边人的婚姻观 现在越来越多年轻人选择在大学，这个尚“一无所有”的阶段完成婚姻大事。据民政部公布的数据，2023年结婚登记人口中，20岁至24岁结婚的人数为212.5万人，占比13.8%。在这一群体中，有人尚未完成学业，便顺畅地衔接上了婚姻。 对这些年轻人而言，早早步入婚姻是双方家庭互相认可、爱情水到渠成的结果。但也有人疑惑：在学生时代结婚是否影响学业？学生阶段的婚姻生活是怎样一番图景？早早在学生时代就拥有妻子、丈夫的身份，对他们又有怎样的意义？ 洋洋在21岁生日那天发了一条朋友圈，那是她婚后的首个生日：“遇到良人先成家，遇到贵人先立业，很高兴遇到了你，我的良人。” 2022年5月，消防员阿坤逛商场时，对还在读大二的洋洋一见钟情，随后展开热烈追求。两人相恋两年多后，大四学生洋洋与比她大三岁的阿坤登记结婚了。 其实，原本他们计划在洋洋大学毕业后再领证，但因为洋洋家遇到了一些特殊情况，两家又都非常支持他们尽早结婚，领证一事便提前完成了。 据民政部公布的《2023年民政事业发展统计公报》显示，2023年全年依法办理结婚登记达768.2万对。其中，20岁至24岁年龄段结婚人数为212.5万人，占比13.8%。 而在这一群体中，还有一部分是大学生夫妻。他们大多因爱情水到渠成而结合，当然这背后也少不了两个家庭的强力支持。 2023年2月，正在读大四的李然与刚满22岁的男友小井也领证结婚了。 李然在朋友圈中写道“因为爱情，我们英年早婚了”。谈及结婚的念头何时升起，李然提到电视剧《何以笙箫默》里的一句对她触动很大的台词，“既然你迟早都要做我的丈夫，那我为什么不早点行使我的权利。” 那一刻，李然的人生愿望变得更加清晰，除了一路求学、驰骋职场，她也渴望与爱人长相厮守。于是，她向男友提出结婚的想法。彼时，男友小井正打算出国读书，小情侣面临异国分离，但两人的想法不谋而合，决定一满法定结婚年龄就领证。 这一决定看似冲动，实则早有根基。二人相识于高中，经历了高中分校、大学异地，但感情却在一次次聚散中不断升温。当然，双方父母的支持与认可也为这段婚姻注入强大底气。二人决定结婚后，小井的父母便给他们购置了新房，还精心装修了一番。 除了经济上的助力，双方家庭在日常沟通上也十分顺畅。李然表示，能获得双方父母的祝福与支持，一是因为两人是河北沧州同乡，减少了诸多因地域差异可能产生的矛盾；二来就是两家家长相处得非常和谐。 事实上，“大学结婚”一直是近年来大众热议的焦点话题。诸如“大学结婚是否加学分？”“大学生结婚能否享有婚假？”之类的话题热度始终不减。北京青年报记者调查发现，对于那些大学生夫妻，高校也提供了一些便利条件。 此前，武汉大学官方微信曾发布消息，“武大学生夫妻能够申请合宿”；而在2023年的“520”前夕，哈尔滨工业大学也发布通知，决定在5月20日、21日两天，联合哈尔滨南岗区民政局为全体在校适龄学生开辟领取结婚证的绿色通道。 在社交平台上，大学生结婚屡见不鲜，“大学生结婚”这一话题的浏览量高达738万，1.6万网友参与了在线讨论。 在这些帖子中，有大学生晒出结婚照，分享自己的结婚经历与感悟；也有已婚女大学生将婚后日常剪成vlog发布，引发关注和讨论。 评论区里，有人送上祝福：“其实还蛮羡慕的，感觉找到合适的伴侣，这样也挺好的呢，相较同龄人，可早几年开启安稳生活。”当然，也有人表露不解：“好奇你们谈了几年，敢在这样青春的时候坚定地嫁给他？”“大学结婚能保证以后的生活质量吗？”“怎么确定两个人未来的发展方向一致呢？” 在社交平台上，围绕“大学生结婚”展现出的多元态度，折射出大学生婚后面临着一些属于这个阶段的特殊问题。 2022年，武汉大学哲学学院心理学系教授喻丰在接受媒体采访，谈及当代大学生的婚恋观时就表示：“当代大学生对未来的婚恋关系既看重双方是否真心相爱，也关注经济考量。”在他看来，大学生这种婚恋观既有理想化憧憬，又基于现实化情境，二者存在明显冲突。 矛盾或许不可避免，但大学结婚的小夫妻们大都有一套独特的“破解之法”。 2023年6月，在李然与小井领证4个月后，小井便去英国留学了，而此时的李然也即将在国内读研。校园情侣变异国夫妻，如何在学业与婚姻间寻得平衡，成了摆在他们面前的棘手问题。 尤其在 2024 年的暑期，小情侣筹备婚礼期间，小井正紧张地准备毕业论文。每当两人需要讨论婚礼的相关细节时，他常一整天无暇看手机，也不回信息，这让独自面对众多繁琐准备工作的李然难免觉得男友不上心，进而引发两人的争吵。 好在最终他们能相互体谅。李然在发完牢骚后，会继续全力筹备婚礼；小井也会提前给女友报备自己的学习安排，避免两人再产生误会。而在小井留学期间，小夫妻之间又多了8小时的时差，夸张地说，有时两人想吵架都得“精心”挑时间。为妥善处理这类状况，两人探索出了一套相处模式：小井会更多地迁就李然，例如推迟睡觉时间，待李然起床后再共同解决问题。 2024年8月，小井回国，同年10月，两人在老家举办了婚礼，两人随即又开启了异地“分居”的生活。目前，小井在沧州找到了正式的工作，李然则还在读研二。每逢周末，李然都会赶回河北家中，与爱人相聚。 至今未开启正式夫妻生活的还有洋洋和阿坤。阿坤因工作性质要常住单位，洋洋的学校也规定走读生须住在学校周边两公里范围内，所以现阶段她大多数时间还住在学校宿舍。 不过，对这小两口而言，是否能住在一起似乎并不太紧要。从恋爱伊始，阿坤的休假便不固定，洋洋早已适应了这种相处模式。洋洋说，两人之间至今也未曾产生过任何实质性的矛盾，“至多就是微信聊天时，有些许象征性的‘唇枪舌剑’。”洋洋觉得，这算是小夫妻之间的一种独特的“感情交流”。 对她来说，被迫“分居”反倒有助于维持两人之间的新鲜感。在洋洋看来，婚后与婚前的恋爱感受至今无差，两人始终在热恋中。每日的电话、视频聊天不断，阿坤总会主动报备，甚至连做过的梦都会跟洋洋分享。谈及未来的婚姻生活，洋洋计划毕业后考公务员，先把工作稳定下来，再去考虑生育等问题。 与洋洋的情形相近，也是在20岁读大二时，小吴遇到了大她两岁的伴侣。相恋半年后，两人闪婚。现在，小吴仍在京求学，其伴侣则已参加工作。 “我们的情感观念较为契合，最为关键的是我们都愿意为对方让步或调整。”小吴说，自己婚前原本很憧憬留学，但现在她想留在国内读研读博，“这样小家能更稳固。” 早在2005年，教育部就颁布了新版《普通高校学生管理规定》，取消大学生结婚需经学校许可的规定。而现实生活中，大学早婚夫妻还是会引来不小的关注与讨论。 李然结婚后，不太熟悉的朋友得知她已婚，会忍不住刨根问底。她也逐渐意识到，自己的婚姻成了一部分人眼中的“观察样本”，同时引发了一些同龄人对自身情感状况的思考。 李然的好友小齐称，李然将“同龄人的婚姻”具象化了。以往大家对婚姻的认知，或参照父辈，或源于影视剧、小说，同时还会被网上的一些有关不幸婚姻的言论影响。 不过，小齐在看了李然婚后朋友圈里发的那些婚姻中的喜怒哀乐后，觉得结婚也不似自己原本想象的那般可怕，“影视剧中关于婚姻的情节都略带夸张，其实从身边已婚朋友的经历看，他们的婚后生活还是很温馨的。” 同样以“独特方式”影响着身边人的婚姻观的，还有小吴。小吴的同学小赵在朋友圈看到她的结婚“官宣”后惊愕不已。因为在小赵的认知里，大二就结婚太早了。 小赵直言，身边许多同学和她的想法一样，觉得大学应该只恋爱，毕业工作后再考虑结婚。“因为会担心过早结婚限制自身发展，婚后还要处理家庭关系之类的琐事，心理上还没准备好。”她说。 但在近距离地观察了小吴这种一边上大学一边过婚姻生活的状态后，小赵觉得“他们看起来很幸福，小吴能这么早寻觅到理想的另一半，也是件美事”。她认为，结不结婚、何时结婚都是个人选择，也都值得被尊重。 如果说在大学阶段结婚成家是在人生进度条上远超了大部分同龄人，那大学早婚的猫猫则是在此基础上又按下了“倍速键”。因为领证后不久，还在毕业论文答辩阶段的猫猫发现自己怀孕了。 在猫猫的印象中，她身边从没出现过异样的目光，更为暖心的是，因为怀有身孕，猫猫在学校里备受关照。比如，答辩当天老师们主动让猫猫先陈述，还叮嘱她不要站太久。“我和男友都是到了法定结婚年龄(结婚的)，而且也都没耽误学业。”因此，猫猫身边的绝大多数人对她的婚姻是高度赞赏的，觉得他们小小年纪就完成了人生大事，很厉害。 在大学毕业前就组建家庭，虽然收获的多是认可和赞赏，但猫猫在社交平台上发声称：“虽然我现在很幸福，但是大家不要盲目学我。” 今年31岁的猫猫婚龄已有9年，而她昔日的大学室友，至今仍有未婚之人。对此，猫猫也表示：“每个人的人生规划不一样，每种选择的背后都有权衡和考量。” 实际上，“早婚”以前并未在猫猫的计划之内，大学期间，她一直在“搞钱”的路上奋力驰骋。猫猫婚前就对经济基础十分看重，在她看来，结婚不仅需要感情基础，经济基础也很重要。 猫猫一直认为，让自己变得独立且优秀，才能遇见棋逢对手的人。但当她大学期间遇到了各方面条件都不错的爱人时，她还是选择果断抓住，“我当时想，如果毕业后忙于工作，(可能)更无暇寻觅合适的对象了。” 而在洋洋眼里，她选择阿坤的原因很纯粹——对方的人品和责任感都过关。在遇见阿坤前，洋洋的结婚意愿并不高，特别在与前男友分手后，她对爱情更是小心谨慎，但她现在觉得，“如果遇到一个站在正确方向等你的人，那你对待结婚的态度一定会有所不同。” 婚后，李然也很有已婚的“自觉”，她主动将结婚“官宣”的那条朋友圈置顶。她说，自己读研后可能会新加很多人的微信，置顶已婚的消息，意在向异性表明一种边界感。 有了伴侣，也就有了牵挂。以往，李然无论做什么都是独自面对，而现在，他们可以共同完成很多事；在做各种抉择时，李然也不用再一一向父母征求意见，因为婚后的她有了更多自主决断的权利与空间。 尽管早早尝到了婚姻的甜蜜，但李然也和猫猫一样，不轻易劝人早婚。李然说，“每个人的人生轨迹不同，感情经历各异，随心而活，找到属于自己的幸福节奏才是最重要的。” 对这些大学就结婚的小夫妻而言，早婚表面上似乎是一时冲动的选择，但实际上，他们的婚恋观已经在潜移默化中成型。无论是对方的品格，还是两人间的感情基础，甚至是物质保障，所有这些因素都被纳入深思熟虑的考量之中。“早婚，并非单纯的感情冲动，而是在仔细评估和权衡后，增加一份勇气，抓住那个属于他们的合适时机。”一名网友评论道。 北京青年报记者 王婧懿 实习生 杜俊容 赵楠楠 【,4328,https://www.chinanews.com.cn/sh/2025/02-05/10363477.shtml,结婚登记;婚姻;结婚;婚恋;早婚;婚龄;闪婚;恋爱;伴侣;对象;夫妻;情侣;另一半;婚礼
People.cn,2025-02-08,关于婚育，代际沟通很重要（社会杂谈）,每逢过年，儿女的终身大事总是绕不开的家庭议题。“有对象了吗”“啥时候生娃”……亲戚在饭桌上的一连串“灵魂拷问”，让许多年轻人直呼“招架不住”。网络上，催婚、催生等话题频频引发热议，折射出不少家庭内部“父母催，子女烦”的沟通困境。 家庭，是婚育的第一单元。在“家文化”浓厚的中国社会，婚育不仅关乎个体幸福与社会发展，更实实在在地影响着一个家庭的命运与际遇。正因如此，在家庭内进行有效的代际沟通才尤为重要。那么，如何改变这场关于婚育的“追与逃”呢？不妨先放下两代人的差异表象，透视双方真正的情感需求。 要沟通，首先要理解初衷。父母究竟为啥要“催”？说到底，大多数父母盼着孩子结婚生子，其实是对孩子能拥有稳定保障的一份希冀与牵挂。老一辈从资源匮乏、社会保障薄弱的时代走来，将婚育视为抵御社会风险的“安全网”，这才希望将自己朴素的经验复制给下一代。或许，一些父母的催促状似疾风骤雨，但这恰恰反映出其内心深处，始终渴望与儿女保持情感联结的那一份焦虑与热忱。某种程度上说，他们的“唠叨”和“反复”，可能只是无处释放的关怀。 那么，子女又为何会“烦”呢？其实，许多年轻人并非有意逆反，而是催促的外力戳中了自己的婚育焦虑。儿女何尝不想让父母少些费心？但是，“三十必须而立”“大龄不能单身”“适龄就要生子”……这些声音里的“时刻表”，对年轻人亦是一种“紧箍咒”。毕竟，相较父辈，现在的时代环境已大有不同。爱情本就是一个复杂的命题，何况婚育还掺杂了经济成本、关系维系等现实因素。对于那些尚在婚育迷雾中摸索的年轻人来说，他们需要的，不是一根驱赶其盲目向前的鞭子，而是一颗允许其适时驻足、等待的体谅之心。 相互理解，这是代际沟通的第一步，在婚育这件事上，两代人还需要更多的平等意识。要知道，父母与子女之间，并非是干涉和反抗的对立面。只有双方都将对方视为平等的个体，代际交流的有效基础才能形成。 平等是双向的。一方面，长辈不能因为自己有更多的人生经验，就用一种上位者的姿态去评判、指点甚至命令晚辈；要允许子女自己定好盘子、理清路子，让晚辈感受到关心之切，而不是秩序之压、规范之严。另一方面，子女也不能武断地给父母的所有经验打上“落伍”标签。当冲突发生时，与其沉默和回避，不如主动解释自己的婚育观，向长辈适当分享生活现状，避免信息不对称造成长辈误解。父母理解了，催婚、催生的音量自然就小了。 在婚育这件事上，父母不是铁板，子女亦非顽石。不同的社会土壤，让两代人孵化出了对爱、责任和婚育的不同认知。虽然，代际差异可能是分歧的源头，但有时亦能转化为一个家庭达成幸福新共识的契机。不妨多点耐心，让沟通弥合两代人的分歧，让更加健康的婚育观念保障千万家庭的和谐幸福。,1114,http://yn.people.com.cn/n2/2025/0208/c372441-41129295.html,结婚;婚育;催婚;单身;对象
CCTV,2025-02-10,2024年全国婚姻登记数据公布：结婚登记610.6万对,2月8日，民政部官网披露了2024年全国婚姻登记数据。 据民政部官网发布的《2024年4季度民政统计数据》显示，2024年全国结婚登记数为610.6万对，离婚登记数为262.1万对。 澎湃新闻注意到，2023年，全国办理结婚登记768.0万对，办理离婚登记259.3万对。相较而言，全国结婚登记数减少了157.4万对，下降了约20.5%；离婚登记数则增加了2.8万对，上升了约1.1%。 这也意味着，全国结婚登记数在经历2023年的止跌回升后，再度下探。 民政部统计数据显示，在2023年以前，全国结婚登记数已持续下跌多年：2013年全国结婚登记量为1346.9万对，在2014年开始逐年下降，后于2019年跌破1000万对大关，2021年跌破800万对大关，2022年降至683.5万对，跌破700万对大关，而2023年则回升至768万对。,371,https://news.cctv.com/2025/02/10/ARTIx9vWgrr6q1QYCmWpL6Ja250210.shtml,婚姻登记;结婚登记;婚姻;结婚;离婚
CCTV,2025-02-10,冒充“军人”婚恋交友诈骗连发，损失巨大！警方紧急预警,2月9日，杭州市反诈中心发布《关于冒充“军人”婚恋交友诈骗的预警》： 近日，杭州市连续发生多起冒充“军人”交友进行虚假网络投资诈骗案件，给受害人造成巨额财产损失。 典型案例：43岁单身女性赵某于2024年12月下旬，在社交软件上结识主动搭讪的谢某。谢某自称为部队现役军官，双方随后通过网聊发展为恋人关系，后谢某称有稳赚不赔的内部投资平台，以炒黄金为由让赵女士下载名为“GD Griup”的虚假投资软件进行投资。赵女士按照指令操作发现盈利可观，在先期试水小额获利后逐步加大投资，先后通过银行卡转账及线下取现换虚拟币的形式，向该投资平台累计充值250余万元，直至2025年2月6日发现平台无法提现且被谢某“拉黑”后才发现被骗。 警方提醒：凡是网上搭识，冒充“军人”共同投资的，都是诈骗，凡是要求线下取现换虚拟币充值投资的，都是诈骗，如遇可疑情况，请及时拨打反诈专线 96110。,387,https://news.cctv.com/2025/02/10/ARTIzZPEcDjePMIRNUF6M8Te250210.shtml,婚恋;单身;恋人
People.cn,2025-02-10,韩国首尔：新人登记结婚将奖励100万韩元,【环球时报综合报道】韩联社9日报道称，韩国首尔计划向登记结婚的新人奖励100万韩元（约合5000元人民币）。首尔市政府正同韩国保健福祉部就这笔奖金的发放方式、具体对象等内容进行协调，预计该措施最早于今年10月实施。 根据计划，凡是2025年1月1日起在首尔市登记结婚的新人，只要满足收入标准便有资格获得这一奖励。该奖励可能以现金或等价积分形式发放。首尔市政府预计，将有两万对新人获得这笔奖金。 官方统计显示，2024年首尔出生人口为42588人，较2023年增加7.9%。究其原因，一是不少因疫情推迟婚期的新人步入婚礼殿堂；二是首尔为新婚夫妇制定的租房、医疗补助和多子女家庭补贴等政策起到积极影响。（黎枳银）,304,http://korea.people.com.cn/n1/2025/0210/c407864-40415793.html,结婚;对象;婚礼
CCTV,2025-02-11,去年结婚登记数再度下探，原因是什么？人口研究专家解读,据民政部官网2月8日披露的数据，2024年全国结婚登记数为610.6万对，离婚登记数为262.1万对。较上年，全国结婚登记数减少了157.4万对，下降约20.5%；离婚登记数则增加了2.8万对，上升约1.1%。 2024年全国结婚登记数在经历2023年的一度回升后，再度触底。这一数字不仅低于2023年，也低于回升前的2022年。 2月10日，华东师范大学人口研究所所长丁金宏在接受红星新闻记者采访时指出，2024年的回落与“无春”习俗避讳有一定关系，2025年的结婚登记数很可能会从去年因习俗避讳带来的低点小幅反弹。但是，这种变化趋势不宜以年度趋势断言长期走势，长期的结婚登记数仍会波动下降。 而对于如何提升年轻人结婚意愿的问题，丁金宏认为，要靠家庭幸福感的社会体验和孩子的家庭价值去“感化”年轻人，这是一个长期的过程。 从年度变化来看，丁金宏指出，2024年结婚登记数的回落与“无春”习俗的避讳有一定关系。（注：“无春年”是指农历全年都没有立春的年份，民间盛传寡年无春“不宜结婚”。）西安交通大学人口与发展研究院教授姜全保则指出，2023年结婚登记数量回升跟此前因疫情导致的婚姻推迟有很大关系。 从更长期的原因分析，姜全保和丁金宏都表示，这是人口基数少叠加婚姻意愿弱化的结果，结婚登记数走低是长期趋势。 丁金宏表示，结婚登记数与约25年前的出生人口数相关联，也与结婚意愿相关联。现在进入结婚年龄的主体是“00后”，当年的出生人数是走低的，所以今天的结婚登记数也会相应下降。加上婚姻意愿弱化的因素，丁金宏认为，结婚登记数下降的趋势会更明显、确定。 “上世纪80年代每年出生2000多万人，2000年后一年出生1000多万，所以现在结婚登记的基数就少了。”姜全保说。在其看来，即使2025年结婚登记数出现类似于2024年龙年出生数量上涨这样的小幅波动，也不会影响它总体的下降趋势。 丁金宏表示，2024年结婚登记数下降对于2025年的出生人口会有影响，预计会较上年明显下滑。长期来说，这种下滑趋势会有所缓解，是在波动中较长期地走低，但无法就此做长期线性预测。 姜全保表示，出生人口和结婚人口的情况是类似的，结婚人数减少，出生人数也会减少。而且，现在人均生育率低了很多，以前一家都是几个孩子，现在一家多是一两个。2024年的出生人口数比2023年高，这是受到龙年的影响，但是总体上出生人口的趋势是下降的。 据媒体1月16日消息，中国科学院院士、清华大学统计与数据科学系教授、西南财经大学统计交叉创新研究院首席科学家陈松蹊发布《中国2025—2100年人口预测与政策建议》研究报告，建议提高生育人口基数等。同时他指出，婚育是最大的消费与机会创造。 专家：要足够耐心，不必急功近利、过度焦虑 姜全保指出，第一要宣传家的观念，给年轻人宣传婚姻的价值；第二是现在房价和生活成本较高，要给予年轻人资助。 姜全保表示，从个体观念上来说，现在的年轻人都追求教育提升和职业发展，结婚、成家、生育不是必须的，推迟结婚甚至不婚的情况很多。 丁金宏认为，要靠家庭幸福感的社会体验和孩子的家庭价值去“感化”年轻人，而这是一个长期的过程。“社会多做生育友好的制度建设，也要有足够的耐心，不必急功近利、过度焦虑，生育的家庭价值不会熄灭。” 红星新闻记者 胡伊文 实习生 刘梦雷 北京报道,1378,https://news.cctv.com/2025/02/11/ARTIuMOmASMog4dzZdmiVoB1250211.shtml,结婚登记;婚姻;结婚;离婚;婚育;不婚
People.cn,2025-02-11,参加网络相亲被骗财，婚介平台需担责吗？,通过网络平台相亲遭对方诈骗钱财，婚介平台仅有对方手机号、QQ号，无法查实对方真实身份信息导致损失无法追回，婚介平台是否需要承担相应赔偿责任？近日，江苏省南京市中级人民法院对一起服务合同纠纷案作出终审判决，认定婚介平台疏于审核和管理信息是导致客户被诈骗财产的原因之一，判决婚介平台赔偿损失40571元。 2022年7月，黄某与某传媒公司经营的婚介所签订婚介服务协议，约定黄某交纳会员费998元，由婚介所为其安排线下相亲3次。婚介所同时指导黄某注册使用该婚介所的线上相亲软件。 黄某使用软件期间，一男性用户添加其为好友，并向其索要QQ号，两人转至QQ平台聊天。该男子自称从事期货交易，有内部信息，让黄某用其账号体验，并提供网址链接及账号、密码。黄某看到对方充值100万元快速获利4万余元后心动，在对方的指导下注册账号，先后充值811420元，后黄某发现无法取出充值款，遂报警。 警方调取该男子在线相亲软件的注册信息后，发现该用户注册使用的手机号为虚拟号，QQ身份信息为虚构，无法查找核实其真实身份。黄某遂起诉要求某传媒公司赔偿其损失。 南京市雨花台区人民法院审理后认为，某传媒公司介绍线下会员使用线上相亲软件进行交友并获得收益，黄某和该男子均向某传媒公司交纳会员服务费，某传媒公司作为中介服务提供者，具有如实告知、查验身份和网络安全保护的义务。该男子注册所用手机号并无有效注册信息，某传媒公司未切实核验用户真实身份信息，未履行网络服务实名制职责，在提供婚恋中介服务过程中存在一定疏漏，给公安机关侦查刑事案件造成阻碍，损害了黄某的信赖利益。法院综合考虑黄某损失和某传媒公司过错程度，酌定判令某传媒公司赔偿黄某损失的5%即40571元。 一审判决后，某传媒公司不服，提起上诉。南京中院审理后维持了原判。（陈宏军 张凌 王常阳） 《中华人民共和国网络安全法》第二十四条第一款规定，网络运营者为用户办理网络接入、域名注册服务，办理固定电话、移动电话等入网手续，或者为用户提供信息发布、即时通讯等服务，在与用户签订协议或者确认提供服务时，应当要求用户提供真实身份信息。用户不提供真实身份信息的，网络运营者不得为其提供相关服务。婚恋中介服务平台服务的对象是双方用户，用户在支付相应服务费的情况下，有理由对平台寄予更高程度的信赖和期待，因而婚恋中介服务平台对于用户真实身份信息的审核义务应高于一般社交网站。婚介信息作为个人重要信息，平台一旦疏于审核和管理，容易导致电信网络诈骗分子借助用户对平台的信赖而实施诈骗行为，故网络婚恋中介服务平台应当履行安全保障义务，建立反电信网络诈骗内部控制机制和安全责任制度，采取技术手段和其他必要措施防范网络违法犯罪。本案中，黄某作为完全民事行为能力人，在接受防诈骗宣传后仍然放松警惕、贪图利益致自身财产受损，其应负主要责任。某传媒公司在信息审核和管理方面存在一定的疏漏和过错，应承担一定赔偿责任。同时，也要提醒广大网络平台用户，在交友过程中提高警惕，辨明身份，谨防受骗。,1243,http://yn.people.com.cn/n2/2025/0211/c361322-41132031.html,婚恋;婚介;相亲;对象
People.cn,2025-02-12,安徽潜山：战友成亲家 婚嫁“零彩礼”,近年来，随着抵制高价彩礼和树立文明婚俗的持续倡导，“低彩礼”“零彩礼”这一新型婚嫁理念在安徽省潜山市逐渐兴起，成为婚嫁领域备受关注的热点话题。 2月7日，大年初十，潜山市黄铺镇黄铺村，一场别开生面的婚礼吸引了众多村民的目光。一对新人王南豪、韩琪，在亲朋好友的见证下步入婚姻殿堂，而这场婚礼最大的亮点便是没有彩礼。 新郎王南豪说：“彩礼本质是一种习俗，但对我们来说，更希望把钱花在刀刃上，这对未来婚姻生活帮助更大。”新娘韩琪更是自豪地说：“我们选择彼此是因为爱，不是因为彩礼，两个人真心相爱，携手面对生活，比什么都重要。” 他们的爱情故事，就像一首清新的民谣，质朴纯粹，没有高额彩礼的喧闹，只有简单幸福的浅吟低唱。 王南豪就职于杭州市乡镇微型消防站，他帮助韩琪在杭州也找到了工作。双方父亲都是军人出身，也是战友，两人也是在父母的撮合下结缘。准备结婚时，双方一致倡导“零彩礼”，认为这是对传统婚俗的一种理性回归，彩礼并不能决定婚姻的幸福程度，真正的幸福源于夫妻之间的相互理解、尊重和支持，靠的是共同为家庭努力奋斗。 婚后，双方利用原本用于支付彩礼的资金购买了一辆汽车，两人共同在新的城市里为未来的幸福生活而奋斗。这份特别的经历不仅让他们收获了别人的羡慕和点赞，更重要的是让他们更加珍视彼此的感情。 “如今，我们村越来越多的青年人积极倡导响应‘零彩礼’，也给村民减轻了经济负担。”据黄铺村党委副书记王景申介绍，近三年来，该村举办各类喜事210余次，累计给村民减负200余万元，为爱情减负，为婚姻添幸福，带动了乡风文明的持续向好。（董怀中 朱礼普）,670,http://ah.people.com.cn/n2/2025/0212/c374164-41133787.html,高价彩礼;婚姻;结婚;彩礼;婚俗;婚嫁;夫妻;婚礼
People.cn,2025-02-12,预约名额全约满 上海市结婚登记本周迎来小高峰,上海市结婚登记本周迎来小高峰。元宵节与情人节两天，上海多所婚姻登记机关结婚登记的线上预约名额已经全部约满。 记者查询随申办发现，截至11日，黄浦区、长宁区、静安区、虹口区、闵行区、嘉定区、浦东新区、松江区、奉贤区等多所婚姻登记机关，12、14日结婚登记的线上预约名额均已约满。未约满的婚姻登记机关，可预约名额也所剩无几。 其实，准新人们即使没有预约到名额，也可以直接到现场办理。据悉，为最大限度满足准新人当天的婚姻登记需求，上海各婚登中心将积极增派人员、开足窗口。无论是通过线上预约、电话预约，还是未预约到的准新人，都可以直接在现场办理。 “月上柳梢头，人约黄昏后。”在中国古代，元宵节是少有的允许女性夜间外出的节日。年轻男女借此机会相约、寻觅良缘，形成类似“中国情人节”的氛围。今年的元宵节当天，上海各婚登机关还将举办“家和人兴喜团圆”婚姻家庭辅导服务活动。活动主会场设在南京西路新世界城一楼中庭，分会场设在全市16个区的婚登中心。主会场活动将举办猜灯谜、拍摄主题视频、默契测试、浪漫告白等互动游戏，让参与者感受彼此“相识”“相知”“相恋”，再到“相伴”的婚姻家庭生命周期。（记者 肖彤）,495,http://sh.people.com.cn/n2/2025/0212/c176737-41133997.html,婚姻登记;结婚登记;婚姻;结婚
People.cn,2025-02-17,延吉市举行2·14幸福婚姻家庭活动 提倡健康婚俗,2月14日，延吉市在民政局一楼大厅举行了“相约浪漫 爱意同行”2·14幸福婚姻家庭系列活动。此次活动由延吉市民政局主办，市婚姻家庭辅导中心、市同心圆社会工作服务中心承办，旨在倡导广大新婚夫妻弘扬中华民族的传统美德，引导新人树立健康、文明的婚恋观，反对高额彩礼等不正之风，倡导健康、简约的婚俗理念。 活动现场气氛热烈，市民政局和市妇联的相关负责人为一对对新人进行了集体颁证仪式，所有新人都在“相约浪漫 爱意同行”的背景板前拍照留念，留下美好的记忆。为了进一步传递幸福婚姻的理念，新人们还共同参与了制作“喜扇”这一富有地方特色的纪念品，象征着爱情的长久与美满。 此外，活动中特别安排了全省最美家庭代表分享婚姻家庭方面的讲座。讲座内容围绕幸福婚姻的建设，如何在现代社会中保持良好的家庭关系，树立健康婚恋观等方面展开。嘉宾们的真知灼见赢得了新人们的热烈掌声，大家纷纷表示深受启发，也进一步明确了幸福婚姻的价值与意义。 为了倡导简约、文明的婚礼风尚，市民政局工作人员还向现场新人发放了《婚事新办 喜事简办》倡议书，号召新人们摒弃奢华与浪费，倡导健康简朴的婚俗，积极弘扬中华民族传统美德，推动社会风气向更健康、文明的方向发展。 新人马晓明和李明润在活动结束后表示：“今天对我们来说是一个既快乐又激动的日子。我们一定会相亲相爱、携手共度一生，同时在婚礼中我们也会坚持文明婚庆，弘扬传统美德，传承良好的家风，坚决做到婚事简办。” 此次2·14幸福婚姻家庭系列活动，不仅为新人提供了一个交流和互动的平台，还通过系列倡导和文化传播，引导社会大众树立正确的婚姻观和家庭观。通过这种形式，延吉市力求营造健康、文明、和谐的婚姻家庭氛围，进一步推动了社会风尚的良性发展，也为年轻一代树立了积极向上的婚恋理念。,740,http://jl.people.com.cn/n2/2025/0217/c349771-41138113.html,婚姻;婚恋;彩礼;婚俗;相亲;夫妻;婚礼
People.cn,2025-02-17,解决婚姻家庭纠纷 最新司法规定怎么看,今年2月起，《最高人民法院关于适用〈民法典〉婚姻家庭编的解释（二）》正式施行，重点解决夫妻间给予房产、违反夫妻忠实义务将夫妻共同财产赠与他人以及家务补偿等公众关心的疑难问题。 房产分配更合理。生活中，一方在婚前或婚后，承诺将名下房产给予另一方，或给房产加名的情形屡见不鲜。长时间以来，这种发生在夫妻之间的房产给予在法律上都被视为普通赠与。结果是，倘若房产尚未办理过户登记，给予方就可以随时反悔；倘若已办理过户登记，给予方无论如何不能再要回去。 这种处理方式引发了一些问题，如利用婚姻骗取财物；还有一种情况，一方为实现结婚等特定目的，婚前或婚后承诺给予对方房产或房产加名，但一直未过户，待到离婚时该承诺还是没有兑现，这对长年为婚姻付出更多的一方十分不公。 司法解释对此进行了改变，根据规则，夫妻之间相互给予房产，无论是否办理过户登记，在离婚进行分割时，另一方能否分到财产，分到多少财产均不受影响。简而言之，离婚时，对相关房产的分割将主要根据婚姻关系存续时间、共同生活及孕育子女情况、离婚过错、对家庭贡献大小等因素进行考量。这改变“给了无法要回，未给可以不给”旧有规则，有利于鼓励优良家风和夫妻忠实义务。 打赏给主播的钱能要回来吗？如今，不少人乐于观看直播并打赏。但有部分人自制力较差，在主播诱导下，不惜瞒着对方大肆使用夫妻共同财产巨额打赏，导致夫妻感情出现裂痕。司法解释对此制定了保护无过错方的规则。根据规定，一方未经另一方同意，使用夫妻共同财产高额打赏的，可以认定为挥霍夫妻共同财产，无过错方可以请求婚姻关系存续期间分割夫妻共同财产，或者在离婚时有过错方少分或者不分财产，进而确保无过错方及时止损，不至于因为一方无度挥霍财产而陷入困境。 家务补偿得到明确。家务补偿上，对比过去，家务补偿的数额从可能的数万元变成了没有具体限制，最重要的参考指标，就是当地居民的平均收入、对方负担能力以及投入时间等因素。值得琢磨的是，对方负担能力这个指标，意味着越富裕的家庭，家务劳动越值钱。 整体看，最新的解释确实根据以往的痛点，修改了很多关键细节，堵住了法律漏洞，更符合普罗大众的家庭伦理观和正义感。,892,http://henan.people.com.cn/n2/2025/0217/c351638-41137548.html,婚姻;结婚;离婚;夫妻
People.cn,2025-02-19,为复婚谎称结婚证丢失，补办的结婚证有效吗？,实践中，夫妻双方经过民政局登记离婚或者法院起诉离婚后，如果想复婚，需要到民政局进行复婚登记。近日，河南省新野县一对夫妻离婚后想复婚，到民政局以原本结婚证丢失为由申请补办了结婚证，“复婚后”双方感情仍未得到改善，便再次来到法院起诉离婚。那么，这期间补办的结婚证有法律效力吗？ 甲与乙2002年相识后开始共同生活，分别于2003年、2010年生育两个儿子。2014年，双方办理结婚登记，甲称乙婚后没有家庭责任心，夫妻经常吵架。2017年，甲某向法院起诉离婚，后经家人劝说撤回诉讼，2020年，甲再次起诉离婚，后经法院判决准许甲与乙离婚。离婚后，甲与乙在双方亲属及孩子们的多次撮合下，于2024年1月到民政局以结婚证丢失为由补办了结婚证。现甲认为夫妻感情彻底破裂，再无和好可能，再次起诉，请求与乙离婚。 法院在审理中发现，甲起诉离婚时提交的结婚证载明的登记时间是2024年1月17日，经法院判决离婚时间为2020年12月1日，甲称复婚系民政局新发的结婚证，但经法官仔细核对，发现该证件备注一栏中明确载明：结婚证遗失，补发此证。在法官的详细询问下，甲这才陈述了事实经过。法官了解到详细情况后，对甲这种不实事求是的行为，进行了释法说理和批评教育，并做了正确引导，甲认识到自己的错误并表示将认真反思、绝不再犯，由于乙未到庭，甲自愿撤回起诉。 为复婚谎称结婚证丢失，补办的结婚证不具有法律效力。根据《中华人民共和国民法典》第一千零四十九条的规定，结婚的男女双方应当亲自到婚姻登记机关申请结婚登记。完成结婚登记，即确立婚姻关系。本案中，甲与乙通过谎称结婚证丢失的方式补办结婚证，但实际上他们已经在法院判决下离婚，这意味着之前的婚姻关系已经依法解除，其行为与婚姻法的原则相违背，该补办结婚证的行为应为无效行为，甲乙之间应认定为同居关系。 隐瞒事实真相损人不利己。隐瞒已经离婚的事实到民政局补办结婚证，可能产生复杂的法律纠纷和问题。如果双方婚后共同生活期间产生了债权债务或非婚生小孩抚养权、抚养费等问题，由于补办的结婚证无效，这些权益将无法得到及时有效的法律保护。所有公民应秉持诚实守信的原则，如果想要复婚，应该主动向有关部门说明情况，并按照法定程序重新申请结婚登记。（张依新 赵晓东）,933,http://yn.people.com.cn/n2/2025/0219/c361322-41139981.html,婚姻登记;结婚登记;婚姻;结婚;离婚;复婚;夫妻
CCTV,2025-02-20,国家安全部提示：网络“交友”警惕间谍 这样的“兼职”可能泄密,央视网消息 ：据国家安全部微信公众号消息，寒假结束，同学们陆续返校，元气满满开启新学期。多彩开学第一课，安全保密记心间。在数字化时代，智能手机作为我们学习生活中不可或缺的“电子伴侣”，在带来种种便利的同时，也隐藏着一些风险隐患。下面的这些手机使用“四心”提醒，同学们请记牢！ 同学们在专业学习或者社会实习中，可能有机会接触到一些敏感或涉密信息。当我们接触到这类信息时，一定要严格遵守各项保密制度和手机使用管理规定，不使用手机拍摄、存储、处理、传输、转发敏感或涉密信息，不能将敏感或涉密文件资料上传网络进行传播。一旦发生失泄密问题，不仅对国家秘密安全造成危害，自身还要承担相应的法律责任。 同学们在学习之余，可能会在周末来一场“城市漫步”。当使用智能手机记录下繁华热闹的商业街区、古色古香的亭台楼阁时，一定要注意周边的敏感区域。如发现了军事单位、军事设施、军事武器、军事车辆、军事活动时，请“眼中留景、手下留情”，切莫拍摄、转发、上传网络，自觉主动保守军事秘密。 同学们在交友特别是在网络交友中，一定要“提高警惕、处处留心”。国家安全机关工作发现，一些境外间谍情报机关人员常常通过网络交友等形式，结识攀拉在校学生，诱导其开展情报搜集等危害我国家安全的违法犯罪活动。面对网络“好友”，尤其当对方是境外人员时，交谈交往要把握分寸，保持头脑冷静，仔细甄别对方的“帮忙”请求，避免无意间成为境外间谍情报机关的“工具人”。 同学们可能会在校园之外从事一些兼职工作，国家安全机关工作发现，境外间谍情报机关人员常常以招聘兼职人员为掩护，以高薪报酬为诱饵，以感情拉拢为手段，诱骗个别同学在不知情的情况下为其搜集、窃取国家秘密，对国家安全和利益造成风险隐患。同学们在从事兼职工作时，切记“天上没馅饼、网上多陷阱”，切莫“财迷心窍、心存侥幸”，以免影响到自己正常的学习和生活。,777,https://news.cctv.com/2025/02/20/ARTIuKMUK31sRzRtduR2hsxy250220.shtml,伴侣
China News Service,2025-02-23,赣江观澜：主打松弛、自由度高 “轻相亲”受年轻人热捧,中新网 南昌2月23日电 题：赣江观澜：主打松弛、自由度高 “轻相亲”受年轻人热捧 “我更愿意淡化目的享受交友过程，让爱情在兴趣中自然发生。”在24岁的林妍(化名)看来，在轻松的氛围下，年轻男女更愿意表达自我。 林妍的想法并非小众。当生活方式、MBTI人格测试、动漫等成为寻找“灵魂伴侣”的指标，这届年轻人开始“整顿”相亲，“恋综式旅行”、线下兴趣社交活动等淡化相亲符号的“轻相亲”形式受追捧。 据艾媒咨询《2024-2025年中国婚恋社交服务市场研究报告》(以下简称《报告》)显示，2014年至2023年中国互联网婚恋交友行业市场规模呈增长态势，由26.9亿元增至93.8亿元。2024年，超半数消费者对相亲呈积极态度。 正值周末，位于江西省南昌市红谷滩区某家“Home bar”的“心动专场”内，林妍身着红色元素裙子，化身“红桃皇后”，随机与“黑桃国王”(男生)组队后，开启当晚的相亲交友游戏。 该家“Home bar”店主何浩南告诉记者，自2024年8月开业至今，该店吸引了近万名顾客，基本是18岁至28岁的年轻人，因定期开展具有相亲性质的互动社交专场互动，不少顾客“牵手成功”。 与此类新兴交友方式相比，南昌市八一公园相亲角延续着多年的传统风格，每逢周末有大量家长在此集聚，却少见年轻人身影。 “是单身吗？”“喜欢什么样的男生？”……在南昌一支麦脱口秀小剧场内，座无虚席、气氛热烈，90分钟的演出有一半时间都在现场“相亲”。主持人“二狗”肖璜通过即兴互动方式，为单身男女匹配对象，与之前火爆的“王婆说媒”有着异曲同工之处，其脱口秀全国巡演一票难求。 肖璜认为，脱口秀是一种新型的社交方式，脱口秀相亲则是基于文化认同的初筛机制，让参与者以“观众”的身份隐身观察，相比一对一相亲，心理负担降低，更符合年轻人“低能耗社交”的需求。 从“面对面”到“键对键”，“赛博相亲”“赛博红娘”亦是热门社交方式。记者进入“抖音”一相亲直播间看到，网友既可以“潜水”围观，也可“单击上麦”参与相亲，“零成本”相亲方式吸引数万名网友观看。 “南昌破圈社交”账号主理人“慢小九”举办了近20期同城线上7天CP活动，参与者男女随机配对，完成7天任务打卡后才可选择“奔现”，亦有不少成功案例。 网友“橙子”告诉记者，与匹配率相比，她更看中直播相亲的情绪价值，“在这个心态下，遇见对的人更像是一种意外之喜。” 在南昌市社会科学院院长戴庆锋看来，随着社会发展，年轻人的婚恋观念不断演进，无论是线下基于兴趣的交友活动，还是直播间“赛博相亲”，都具备趣味、自由、松弛等特点，“这种方式让年轻人在参与相亲活动的同时，又完成了自己的社交、娱乐等需求，一举多得。” “相比于传统相亲模式成为被安排的客体，‘轻相亲’淡化目的、主体性更强，符合现在年轻人简约生活理念和社交方式。这种模式的兴起，也在一定程度上反映相亲平台、组织者等应顺应发展不断变化，符合年轻人需要的方式才是最好的方式。”戴庆锋说。 《报告》显示，四成以上消费者对婚恋平台表示担忧，主要担忧方面为婚恋对象信息虚假、营销套路、隐私泄露等，分别占比42.0%、41.6%、41.3%。 针对这一现象，共青团、工会、妇联等“官方严选”相亲也有所变化。共青团江西省委青年发展部相关负责人介绍，2024年，江西省各地共青团开展青年交友联谊活动280余场，服务23000余名单身青年，帮助2000余名青年“牵手成功”，“从以前的组织大而广的活动到现在组织小而精的活动，服务对象更加精准。” 共青团青云谱区委书记祝梦悦介绍，“官方严选”婚恋服务因具有公信力和真实性，在消除单身青年被骗顾虑的同时，又为他们搭建起了形式多样的“鹊桥”，所以受到了单身青年的信赖和欢迎。 “我们既有针对‘i人’设置的线上交友平台，也有为‘e人’准备的线下交友活动，结合美食、观影、运动、桌游、露营等设置活动形式，避免传统相亲‘尬’局，颇受欢迎。”祝梦悦说。 据介绍，江西多地通过丰富多样青年喜闻乐见的“相亲交友+”活动，强化活动互动性、协作性，零束缚的活动形式，不仅迎合了青年需求，还为青年交友提高了效率，更好满足青年多样化、多层次发展需求。(完),1720,https://www.chinanews.com.cn/sh/2025/02-23/10372895.shtml,婚恋;相亲;单身;伴侣;对象
China News Service,2025-02-24,中央农办副主任：加强对农村适婚群体公益性婚恋服务,中新网 2月24日电(记者 谢艺观)中央财办副主任、中央农办副主任祝卫东24日在发布会上表示，中央一号文件对持续整治人情攀比、大操大办、厚葬薄养、散埋乱葬等突出问题提出了明确要求。关键是把群众工作做实做到位，把道理讲清楚，既要坚决对不良风气说不，又要帮着农民想出路、找办法。比如，针对高额彩礼问题，要结合实际拿出约束性规范和倡导性标准，也要加强对农村适婚群体的公益性婚恋服务和关心关爱。需要强调的是，群众思想观念、生活方式转变需要有个过程，农村移风易俗要避免用急风骤雨、“一刀切”的办法硬干蛮干，而是要常抓不懈、绵绵用力，德润人心、化风成俗。(完),274,https://www.chinanews.com.cn/cj/2025/02-24/10373508.shtml,婚恋;彩礼;适婚
China News Service,2025-02-24,中央农办：针对高额彩礼问题要结合实际拿出约束性规范,中新社 北京2月24日电 (记者 陈溯)中央财经委员会办公室副主任、中央农村工作领导小组办公室副主任祝卫东24日在北京表示，针对高额彩礼问题，要结合实际拿出约束性规范和倡导性标准。 日前公布的中央一号文件《中共中央 国务院关于进一步深化农村改革 扎实推进乡村全面振兴的意见》提出，推进农村移风易俗，推进农村高额彩礼问题综合治理。在国务院新闻办公室24日举行的新闻发布会上，祝卫东表示，乡村振兴既要塑形，也要铸魂，物质文明和精神文明要一起抓。 一方面，要抓优质文化供给，繁荣乡村文化。近年来，一些地方在弘扬传承优秀传统文化、组织群众性文体活动方面作了很多有益探索，比如，近年来兴起的“村晚”、“村超”和英歌舞、赛龙舟等乡村文体活动火遍全网，广受欢迎。要实施文明乡风建设工程，丰富农村文化产品和服务供给。 另一方面，抓陈规陋习整治，推进农村移风易俗。中央一号文件对持续整治人情攀比、大操大办、厚葬薄养、散埋乱葬等突出问题提出了明确要求。关键是把工作做实做到位，把道理讲清楚，既要坚决对不良风气说不，又要帮着农民想出路、找办法。比如，针对高额彩礼问题，要结合实际拿出约束性规范和倡导性标准，也要加强对农村适婚群体的公益性婚恋服务和关心关爱。 “需要强调的是，民众的思想观念、生活方式转变需要有个过程，农村移风易俗要避免用疾风骤雨、‘一刀切’的办法硬干蛮干，而是要常抓不懈、绵绵用力，德润人心、化风成俗。”祝卫东说。 中央一号文件还提出，加大对婚托婚骗等违法行为的打击力度，加强宗祠规范管理，规范农村演出市场，深入整治低俗表演活动，加强农村科普阵地建设，反对封建迷信。(完) 【,685,https://www.chinanews.com.cn/gn/2025/02-24/10373606.shtml,婚恋;彩礼;适婚
People.cn,2025-02-24,普法小讲堂 | 夫妻双方到民政部门协议离婚，当天能拿到离婚证吗？,小丽： 我们夫妻分居多年，感情确已破裂，想要到民政局协议离婚，当天可以拿到离婚证吗？ 《中华人民共和国民法典》第一千零七十七条规定： 自婚姻登记机关收到离婚登记申请之日起三十日内，任何一方不愿意离婚的，可以向婚姻登记机关撤回离婚登记申请。 前款规定期限届满后三十日内，双方应当亲自到婚姻登记机关申请发给离婚证；未申请的，视为撤回离婚登记申请。 离婚冷静期是指男女双方到婚姻登记机关办理离婚时，自婚姻登记机关收到离婚登记申请之日起三十日内，任何一方不愿意离婚的，可以向婚姻登记机关撤回离婚登记申请。若婚姻登记机关收到离婚登记申请之日起三十日内，任一方未亲自到婚姻登记机关申请离婚的，则视为撤销离婚登记申请。 但需注意，离婚冷静期仅适用于向民政部门申请的协议离婚，并不适应于向法院提起的诉讼离婚。如果诉讼离婚中因出现出轨、家暴、赌博、吸毒等违法行为导致的婚姻破裂，法院调解无效的应当准予离婚。,394,http://jl.people.com.cn/n2/2025/0224/c349771-41144860.html,婚姻登记;离婚冷静期;婚姻;离婚;夫妻;家暴
CCTV,2025-02-25,农村高额彩礼怎么破？2025年中央一号文件强调这个词,新华社北京2月24日电 题：农村高额彩礼怎么破？2025年中央一号文件强调这个词 “一动不动，万紫千红”“谈钱伤感情，不谈钱没感情”……一些大家耳熟能详的顺口溜，道出了我国部分农村地区高额彩礼现象背后的尴尬处境。23日发布的2025年中央一号文件，针对这个问题进一步提出破题之道，重点强调“综合治理”。 文件提出，推进农村高额彩礼问题综合治理，发挥妇联、共青团等组织作用，加强对农村适婚群体的公益性婚恋服务和关心关爱。 农村高额彩礼不是新问题。这几年，中央一号文件持续部署破解之策。比如，2022年的文件提出，“开展高价彩礼、大操大办等移风易俗重点领域突出问题专项治理”。2023年的文件提出，“强化村规民约约束作用，党员、干部带头示范，扎实开展高价彩礼、大操大办等重点领域突出问题专项治理”。2024年的文件提出“鼓励各地利用乡村综合性服务场所，为农民婚丧嫁娶等提供普惠性社会服务，降低农村人情负担”。 造成农村高额彩礼现象的原因是多方面的。南京农业大学副教授仇童伟告诉记者，传统观念、性别比例失衡、经济因素等都同农村高额彩礼密切相关。 解决复杂问题，不能头痛医头、脚痛医脚，需要的恰恰是中央一号文件所提到的“综合治理”。 “为婚姻‘减负’，给幸福‘加分’，需要多方发力、综合施策。”仇童伟说，文件提到“发挥妇联、共青团等组织作用”，就是要让相关方面各展所长，凝聚合力，形成治理农村高额彩礼的良好生态和坚实链条。 记者在采访中发现，不少地方在积极探索。例如，江西省金溪县率先设定彩礼上限6万元，宁夏通过“零彩礼证书”奖励国有景区门票优惠。 今年2月初，江西省永丰县君埠乡杜溪村银龙下小组的村民陈云松与妻子郭园林喜结连理。这对新人是教师伉俪，他们用“零彩礼”的方式开启新生活。 郭园林告诉记者，以前有的村民认为彩礼要得高才显得有面子，随着大家观念的改变，越来越多村民意识到，好日子要靠夫妻双方经营，而不是彩礼堆砌。他们作为老师希望用实际行动倡导健康、文明的婚恋观念。 今年的中央一号文件还提到，“加大对婚托婚骗等违法行为的打击力度”。此前，多地法院公布了多起以彩礼为名大肆索取财物的典型案例。受访专家表示，这也是“综合治理”的重要一环，旨在从法律层面保障农民合法权益，进而净化婚恋环境，这项部署十分必要。 在“综合治理”过程中，“约束”必不可少，“关爱”也同样重要。中央财办副主任、中央农办副主任祝卫东24日在国新办新闻发布会上表示，针对高额彩礼问题，要结合实际拿出约束性规范和倡导性标准，也要加强对农村适婚群体的公益性婚恋服务和关心关爱。 “群众思想观念、生活方式转变需要有个过程，农村移风易俗要避免用急风骤雨、‘一刀切’的办法硬干蛮干，而是要常抓不懈、绵绵用力，德润人心、化风成俗。”祝卫东说，关键是把群众工作做实做到位，把道理讲清楚，既要坚决对不良风气说不，又要帮着农民想出路、找办法。,1196,https://news.cctv.com/2025/02/25/ARTIqy0ohAmyiAi2Uo5Skw3g250225.shtml,高价彩礼;婚姻;婚恋;彩礼;适婚;夫妻
CCTV,2025-02-25,房产证上加名，离婚时就能分到房产？解读来了→,房址和户型已选好，定金也交了，房产证上究竟写谁的名字？这一矛盾在未婚情侣或已婚夫妇中频频出现。针对这一问题，2月1日起，最高人民法院关于适用《中华人民共和国民法典婚姻家庭编的解释（二）》正式施行。 随后，“在房产证上加名，离婚时也可能无法分到房产”的话题引发热议。在房产证上加名最后到底能否分到房产？没分到房产能否得到补偿？补偿的具体数额又如何确定？ 生活中，父母为子女婚后购房出资、夫妻间给予房产、房产证上加名等情形比较常见。 《中华人民共和国民法典婚姻家庭编的解释（二）》规定： 婚前或者婚姻关系存续期间，一方将其所有的房屋转移登记至另一方或者双方名下，离婚诉讼中，双方对房屋归属或者分割有争议且协商不成的， 如果婚姻关系存续时间较短且给予方无重大过错，人民法院可以根据当事人诉讼请求，判决该房屋归给予方所有， 并结合给予目的，综合考虑共同生活及孕育共同子女情况、离婚过错、对家庭的贡献大小以及离婚时房屋市场价格等因素，确定是否由获得房屋一方对另一方予以补偿以及补偿的具体数额。 最高法发布的典型案例中，陈先生与崔女士结婚后，将自己婚前购买的房屋转移登记到夫妻二人名下，也就是人们常说的在房产证上加名，两人共同生活十一年，无婚生子女，离婚时两人名下的房屋市场价值600万元，因分割份额产生纠纷。 最高法民一庭副庭长吴景丽介绍：“这个案子中，案涉房屋现登记为共同共有，应作为夫妻共同财产予以分割。至于双方争议的房屋分割比例，该房屋原为陈某某婚前个人财产，崔某某对房屋产权的取得无贡献，但考虑到双方婚姻已存续超十年，结合双方对家庭的贡献以及双方之间的资金往来情况，酌定崔某某可分得房屋折价款120万元。” 在另一个案例中，许先生与范女士结婚后，许先生父母将自己全款购买的房屋转移登记在小两口名下，两人未生育子女，共同生活4年后离婚，案涉房屋市场价值为30万元，范女士要求平分，许先生不同意。 法院认定这所房屋属于夫妻共同财产，但考虑到房屋是许先生父母基于双方长期共同生活的目的进行赠与，而两人婚姻存续时间较短，且无婚生子女等情况，判决案涉房屋归许先生所有，酌定许先生给予范女士房屋经济补偿7万元。 最高人民法院民一庭庭长陈宜芳表示： “引导社会公众树立正确的婚恋观，既不能因短暂婚姻获得大额财产，也肯定对家庭付出的价值，增强婚姻家庭的凝聚力和向心力。” 一方出首付、双方共同还贷 离婚时如何分割？ ■ 有网友问，房产证上写了两个人的名字，离婚时是“共同共有”还是“按份共有”？两者有何区别？ 中国政法大学副教授朱巍解释，夫妻基于特定关系拥有房子，如果在房本中或底下的协议里 没有明确约定份额，一般来说是共同共有 。婚姻关系存续时，对外没有份额差别，每个人都是100%。但 分割时， 一般按照50%来算 。 所以两者不同之处在于， “按份共有”事先把比例说明白了，而“共同共有”是基于特定关系而产生的共有关系，直到关系破裂时才产生份额分配关系。 “如果夫妻双方共同出钱买房子，可以约定比例，如果你出了40%，他出了60%，那就是四六分。”朱巍说。 ■ 一方出首付，夫妻双方共同还贷的情况，离婚时如何分割？ 朱巍说，这种情况 主要看支付首付时房屋登记在谁的名下，原则上房屋是归支付首付方所有，按对方还贷款比例、离婚时房屋价格，给予另一方补偿。 当然，还要综合考虑婚姻过错、子女抚养等因素。 ■ 有网友表示，当时加上另外一方名字，实际是被胁迫的，还有网友说自己是被欺骗的，这些情况如何处理？ 依据司法解释， 给予方有证据证明另一方存在欺诈、胁迫、严重侵害给予方或者其近亲属合法权益、对给予方有扶养义务而不履行等情形，请求撤销相关民事法律行为的，人民法院依法予以支持。 朱巍称：“对于一些胁迫或欺诈行为，如果离婚时，给予方能够向法院证明当时自己被欺诈被胁迫的事实，这个加名行为可能就无效了。还有一种情况，房子把对方名字加上了，但是对方不好好履行做妻子或丈夫的责任，有扶养义务却不履行，司法解释规定，给予人可以向法院请求撤销之前的给予行为。” ■ 在离婚诉讼中，“家庭主妇”“全职太太”的权益如何保障？ 中国法学会婚姻家庭法学研究会副会长李明舜分析，《中华人民共和国民法典婚姻家庭编的解释（二）》进一步对如何进行家务劳动补偿做了更加细化的规定，要求人民法院在处理家务劳动补偿时，可以综合考虑负担相应义务、投入时间、精力和对双方的影响，以及给付方负担能力、当地居民人均可支配收入等因素确定补偿金额。 “如果丈夫出轨，将夫妻共同财产赠与婚外关系人的，必须返还。不仅可以全额要回，离婚时还可以以此为由，要求男方少分或者不分，男方还可能面临离婚损害赔偿。” 李明舜解释。,1926,https://news.cctv.com/2025/02/25/ARTIUI1wOu7PeddnutLMCQa0250225.shtml,婚姻;结婚;离婚;婚恋;夫妻;情侣
People.cn,2025-02-25,长春汽开区法院召开专业法官会议 专题研讨《民法典婚姻家庭编解释（二）》,法安天下，崇法方能守正；德润人心，尚德遂以求和。长春汽车经济技术开发区人民法院深刻领悟并始终坚持以习近平法治思想为指导，要求全院干警锚定“为大局服务、为人民司法”的职责使命，时刻坚守底线思维和职业道德，在执法办案中推崇“以和为贵”，通过同向发力做加法共筑“同心圆”，努力形塑富有新时代法治意蕴的“崇法守正，尚德求和”的法院解纷文化品牌。以此为阵地，本院推出“和·正”有为青年说、“和·正”解纷论坛、“和·正”实质解纷典型案例三个宣传栏目。通过打造“和·正”系列宣传模块，充分展示法官干警积极践行司法为民宗旨的担当作为和向下扎根、向上生长的精神风貌。 为深入贯彻落实最高人民法院关于加强队伍建设的意见要求，持续提升法官（法官助理）队伍业务能力和专业素养，2月21日，长春汽车经济技术开发区人民法院组织召开了2025年度首次专业法官会议。本次会议围绕《最高人民法院关于适用〈中华人民共和国民法典〉婚姻家庭编的解释（二）》展开研讨，副院长韩新建主讲，全体员额法官及法官助理参会。 聚焦《解释（二）》这一新司法解释，韩新建结合多年审判工作经验，系统梳理了该解释的制定背景、核心要义及适用难点，重点围绕重婚绝对无效、债权人撤销权的行使、同居财产分割等焦点问题展开深入讲解。主讲人通过典型案例剖析、新旧法条对比的形式，就审判实践中可能出现的法律适用争议提出了具体可行的参考意见，并提醒大家要强化对重点条款的理解与运用能力。韩新建强调，准确理解和适用《解释（二）》，对统一婚姻家庭类案件裁判标准、保障当事人合法权益具有重要意义，审判人员要立足审判实践，做到学用结合，确保法律适用正确得当。 在随后的交流研讨环节，法官干警结合近期审理的婚姻家庭纠纷案件展开了热烈讨论，并就法律适用中的疑难问题分享了自己的观点和心得体会。现场形成了“案例互鉴、观点碰撞”的浓厚学习氛围。 随着2025年度首次专业法官会议的成功召开，汽开法院常态化学习和案例研讨机制得以贯彻落实，“和·正”解纷论坛取得良好开端。汽开法院将以此为契机，全面贯彻落实全市法院4.0版“1237”总体工作思路，通过不断强化“以善学促善为、以善为促善治”的队伍建设理念，持续推动法官干警为民公正司法能力的提升，不断为经济社会高质量发展提供高效能的司法保障。,948,http://jl.people.com.cn/n2/2025/0225/c349771-41146116.html,婚姻;重婚
People.cn,2025-02-26,天津市滨海新区设立首个国风婚姻登记巡回点,人民网天津2月26日电 （记者孙翼飞）近日，天津市滨海新区民政局创新婚姻登记服务方式，聚焦婚姻登记特色场所创新，设立了新区首个国风婚姻登记巡回点，并举办了结婚登记集体颁证活动。 婚姻登记巡回点设在天津滨海一号酒店八号院内。这是滨海新区为方便群众办事，发挥文旅资源优势，营造文明婚俗新风，推出的第一个中式风格的婚姻登记处。天津滨海一号酒店位于滨海新区黄港休闲居住区，该区域人口相对密集，周边依托黄港水库、塘沽森林公园、国家海洋博物馆、天津方特欢乐世界等文旅资源，酒店整体建筑风格融中国传统园林景观和现代设计于一体，环境优美。设立中式特色婚姻登记巡回点，便于进一步提升该区域市民婚姻登记服务的便捷度，打造具有新区特色的婚姻文化和婚俗改革宣传平台，进一步激活文旅资源优势，强化政企合作，发展甜蜜经济。 近年来，婚俗改革已成为新时代移风易俗的重要一环，培育文明向上的婚育文化，倡导喜事新办简办也成为婚俗新风的主旋律。滨海新区民政局坚持推行文明简约婚礼仪式、广泛开展婚姻家庭辅导、积极推进家风家教建设，大力培育新时代婚姻家庭文明新风，婚俗改革取得了丰硕成果。为推进婚俗改革，区民政局积极探索将优秀传统婚俗与简约文明风尚相融合，引导新人们向“重登记、强责任、崇节俭”的思想转变，让婚姻回归爱情的纯粹，让家庭建立在相互理解、尊重和关爱的基础之上。 下一步，滨海新区民政局将秉承“为民、务实、创新”的服务理念，不断创新工作方式方法，积极回应群众需求，进一步与滨海一号酒店深化合作，继续完善婚姻登记巡回点的设施和服务，努力将其打造成为一处具有新区特色的婚姻登记场所，为广大新人提供更加美好的婚姻登记体验。,693,http://tj.people.com.cn/n2/2025/0226/c375366-41147307.html,婚姻登记;结婚登记;婚姻;结婚;婚育;婚俗;婚礼
CCTV,2025-02-28,打击婚骗行为、促推婚介乱象治理……最高法发布第二批人民法院涉彩礼纠纷典型案例,央视网消息： 据“最高人民法院”微信公众号消息，家庭是社会的基本细胞，家庭的前途命运同国家和民族的前途命运紧密相连。党的十八大以来，党中央高度重视家庭文明建设。习近平总书记围绕家庭家教家风建设作出一系列重要论述，为推动形成社会主义家庭文明新风尚提供了根本遵循。党的二十大明确提出“加强家庭家教家风建设”，党的二十届三中全会把“健全发挥家庭家教家风建设在基层治理中作用的机制”作为进一步全面深化改革的重要内容。2021年以来，中央一号文件连续五年提出治理高额彩礼问题，今年的中央一号文件还特别强调“加大对婚托婚骗等违法行为的打击力度”。 最高人民法院一直高度重视婚姻家庭领域矛盾纠纷化解，充分发挥司法机关在统一裁判标准、矛盾多元调处、法治理念宣传等工作中的职能作用。为贯彻落实党中央对家庭文明建设提出的工作要求，着力促推移风易俗、治理高额彩礼，2023年12月，最高人民法院发布了第一批涉彩礼纠纷典型案例，生动解答了人民群众争议较多的“闪离”情况下要不要还彩礼、父母是否承担返还彩礼责任等问题，引导社会公众树立“让婚姻始于爱，让彩礼归于礼”的新风尚。2024年2月，《最高人民法院关于审理涉彩礼纠纷案件适用法律若干问题的规定》（以下简称涉彩礼纠纷司法解释）正式施行，该司法解释就彩礼认定范围、彩礼返还比例的认定原则等作出规定，进一步统一裁判标准。最高人民法院还充分发挥全国一万多个人民法庭的矛盾纠纷化解功能，以巡回审判、以案说法、进村镇（社区）宣讲、及时制发司法建议、推动村规民约建设等多重形式，引导规范彩礼习俗。据统计，2024年全国法院婚约财产纠纷案件增幅明显回落，为家庭和睦、社会稳定提供高质量司法服务和保障。 为贯彻落实中央一号文件部署，进一步促推移风易俗，治理高额彩礼，最高人民法院认真总结涉彩礼纠纷司法解释施行以来各地遇到的具体情况，结合人民群众反映较多的热点问题，发布第二批涉彩礼纠纷典型案例。本批典型案例着力明晰以下内容： 第一，加大力度打击婚骗行为，坚决否定借婚姻索取财物。 民法典第一千零四十二条规定：“禁止借婚姻索取财物。”涉彩礼纠纷司法解释第二条规定：“禁止借婚姻索取财物。一方以彩礼为名借婚姻索取财物，另一方要求返还的，人民法院应予支持。”社会生活中，人民群众对这一原则已达成基本共识，但在处理具体案件时，如何把握借婚姻索取财物的认定标准，仍存在一定困难：一方面，在双方已经办理结婚登记的情况下，判断一方是否是以彩礼为名索取财物，需要考量双方的共同生活等情况。但由于婚后共同生活状态具有私密性，当事人产生矛盾后往往各执一词，这对当事人的举证标准和人民法院的认证能力均提出较高要求。比如此次发布的案例一，赵某（男）与孙某已经办理结婚登记并给付彩礼8.6万元，后赵某提起离婚诉讼，以孙某将婚姻作为获取财物的手段为由，请求法院判决双方离婚、孙某返还全部彩礼。该案中，赵某与孙某就是否共同居住、感情状况等存在较大争议。尽管双方从办理结婚登记到提起离婚诉讼的时间不足一年，但人民法院无法仅依据该事实认定孙某存在不法目的。本案的突破点在于，赵某向法庭提出孙某在近四年中还身涉两起其他离婚诉讼。人民法院依职权调查后发现，孙某不仅在较短时间内多次“闪婚”、均接收较高数额彩礼、婚姻存续时间均较短，更重要的是，历次离婚诉讼中男方对于婚后双方无夫妻之实、孙某回娘家居住的共同生活状态等描述基本一致，结合孙某无法提供证据证明其对维系婚姻作出相应努力，人民法院据此认定孙某以彩礼为名借婚姻索取财物，判令解除婚姻关系，孙某返还全部彩礼8.6万元。另一方面，如何区分借婚姻索取财物与恋爱中的赠与行为，亦是涉彩礼纠纷案件的常见问题。区分借婚姻索取财物还是恋爱中的赠与行为，应当结合双方具体行为予以认定。一般情况下，如果恋爱期间双方互有付出，感情破裂后，一方不能仅以未实现缔结婚姻目的为由主张另一方借婚姻索取财物。而此次发布的案例二中，王某（男）与李某建立恋爱关系后一直异地生活，平时主要靠微信联系。李某主动与王某联系时几乎均以索要彩礼及其他钱财为目的，其余时间拒接、忽略王某电话，对王某的领证提议明确表示要先“给钱”，且李某从未回赠过王某。人民法院综合考虑双方相处模式、感情基础、资金往来等各项因素，认定李某对感情是漠视态度，系借婚姻索取财物，判令其返还从王某处取得的全部财物。从上述两个案例可以看出，无论是恋爱关系还是婚姻关系，都需要双方当事人以感情为基础、共同付出方可维系。如果一方仅是将“缔结婚姻”作为哄骗的噱头，实质上是想让另一方陷入对未来长久共同生活的错误认知，从而心甘情愿地为其出钱买单，这就是一种“婚骗行为”，无论是否办理结婚登记，都不能掩盖其非法目的。 第二，严格贯彻诚实信用原则，规制婚介机构借虚假宣传收取高额服务费用。 我们在司法审判中发现，部分婚介机构利用适婚男女迫切寻求佳偶的心理，打着提供“闪婚”服务等名号，借机向签订婚介服务合同的当事人收取高昂的手续费。“闪婚”的男女双方由于相识时间短，感情基础薄弱，结婚后往往因各种矛盾而“闪离”，由此又引发离婚纠纷、服务合同纠纷等一系列诉讼，增加了社会不稳定因素，必须对此类行为予以规制。在此次发布的案例三中，某婚介机构基于林某（男）希望尽快找到伴侣结婚的心理，以向其提供“闪婚”服务为名收取服务费17万元。后因“闪离”，林某提起服务合同纠纷诉讼，人民法院综合考虑婚介机构履行合同情况、林某自身过错等因素，判令婚介机构返还服务费15万元。这个案例警示我们，“婚姻不是开盲盒，幸福不能作赌注”，对人对己负责，方可期待收获良缘。 第三，立足复杂多样的婚姻家庭生活实际，准确适用彩礼返还规则。 在认定彩礼是否返还及返还的具体比例时，人民法院要考虑彩礼的习俗性特征，并根据不同家庭实际情况，综合考虑双方当事人共同生活及孕育情况、有无过错等各项因素，做好释法说理工作，既要解“法结”，更要解“心结”。比如，在案例四中，吴某（男）因未能与刘某缔结婚姻，请求判令刘某返还全部彩礼。人民法院经调查发现，虽然双方未缔结婚姻且未实际共同生活，刘某本应返还全部彩礼，但考虑到双方未能缔结婚姻系因吴某故意隐瞒身患不能生育的重大疾病导致，吴某存在过错，人民法院没有简单判决刘某全部返还，而是从彩礼的传统处理方式、吴某隐瞒行为对刘某情感上造成的伤害等方面进行调解，使吴某、刘某解开心结，就酌减刘某返还彩礼的数额达成一致意见，吴某主动撤回起诉。人民法院在办理案件时应做到“具体案件具体分析”，当事人也需向法庭如实陈述事实，以妥善处理相关纠纷。 习近平总书记深刻指出，“家庭和睦则社会安定，家庭幸福则社会祥和，家庭文明则社会文明”。维系家庭稳定、提升婚姻幸福感，是一个庞大而持久的课题，这需要司法机关提供坚实的司法后盾，需要多部门间的协作配合，更需要每个人的努力。同舟共济方能始终，锱铢必较或将成困。希望大家尤其是广大青年人能够对此予以高度重视。最高人民法院也将进一步梳理婚姻家庭领域特别是涉彩礼纠纷出现的新情况新问题，通过发布典型案例、普法宣传等多种形式，促推家庭文明建设，更好地回应人民群众的新要求、新期待。 案例一：短期内多次“闪婚”并收取高额彩礼，可以认定以彩礼为名借婚姻索取财物——赵某诉孙某离婚纠纷案 案例二：一方基于索取财物目的与另一方建立恋爱关系、作出结婚承诺，可以认定为借婚姻索取财物——王某诉李某婚约财产纠纷案 案例三：婚介机构以保证“闪婚”为名收取高额服务费，应结合合同履行情况返还部分费用——林某诉某婚介公司服务合同纠纷案 案例四：因彩礼给付方隐瞒自身重大疾病导致未办理结婚登记的，应考虑其过错情况对彩礼返还数额予以酌减——吴某诉刘某婚约财产纠纷案 短期内多次“闪婚”并收取高额彩礼，可以认定以彩礼为名借婚姻索取财物 2020年10月，赵某（男）与孙某经人介绍相识，同月双方登记结婚。赵某向孙某给付彩礼8.6万元，婚后未生育子女。2021年6月，赵某提起本案诉讼，主张孙某将婚姻作为获取财物的手段，请求判决双方离婚，由孙某返还全部彩礼，主要理由是：婚后孙某主要在娘家居住，双方共同生活时间不超过一个月，期间因孙某一直主张身体不适无夫妻之实，双方还经常因孙某索要财物一事发生矛盾，2021年3月再次为此事争吵后，孙某回娘家不再与其联系。 经法院查明，近4年内，孙某另外还有两段婚姻，均是与男方认识较短时间后便登记结婚，分别接收彩礼8万元、18万元。在两段婚姻所涉离婚诉讼中，男方均提到双方婚后不久即因钱财问题发生矛盾，之后孙某就回娘家居住，没有夫妻生活。 审理法院认为，根据已查明的事实及当事人陈述，孙某在四年内就已涉及三起离婚纠纷，结婚仓促，婚姻关系维系时间短，且男方均表示，孙某收取了较高数额的彩礼，婚后双方只有夫妻之名，孙某在双方发生矛盾后即回娘家居住，没有继续与男方共同生活的意思表示。综合全部在案证据，可以认定孙某的行为属于以彩礼为名借婚姻索取财物。故判令解除婚姻关系，由孙某返还全部彩礼8.6万元。 根据涉彩礼纠纷司法解释第二条规定，一方以彩礼为名借婚姻索取财物，另一方请求返还的，人民法院应予支持。给付彩礼的目的除了办理结婚登记这一法定形式要件外，更重要的是双方形成长期、稳定的共同生活状态。本案中，虽然孙某已与赵某办理结婚登记，但婚姻关系存续时间较短，且孙某主要在娘家居住，双方未能形成长期、稳定的共同生活状态。同时，结合双方经常因孙某索要钱财发生争吵以及孙某之前所涉两次离婚纠纷的具体情况，人民法院认定其有通过婚姻索取财物的行为，判令其全额返还彩礼，再次明确禁止借婚姻索取财物的司法态度，维护正常的婚恋秩序。 一方基于索取财物目的与另一方建立恋爱关系、作出结婚承诺，可以认定为借婚姻索取财物 2023年6月，王某（男）与李某通过微信相亲群相识。同月下旬，李某向王某表达交往意愿，并提出在共同生活和办理结婚登记之前王某要给其25万元，王某表示同意，双方遂建立恋爱关系。自2023年6月至2024年2月，李某多次以支付房屋租金、买首饰及其他生活消费为由，向王某索取12万余元。期间，双方一直异地生活，主要通过微信联络，李某主动与王某联系几乎均以索要钱款为目的，其余时间则以工作忙碌等为由拒接、忽视王某的电话，且其从未回赠过王某财物。因自2024年2月起李某拒接王某电话，对王某的领证提议采取推脱、逃避的态度，并多次表示“给够钱才领证”，双方产生隔阂，王某提起本案诉讼，请求李某返还所得钱款12万余元。李某抗辩称，王某在恋爱中自愿赠与的财物不应返还。 审理法院认为，恋爱中的赠与是指男女双方为增进感情，主动、自愿赠与对方财物以表心意，且通常为互相赠与，若日后双方未结婚，赠与的财物一般无须返还。借婚姻索取财物则是一方为取得财物而与另一方建立恋爱关系、作出结婚承诺，给付一方通常是被迫而非自愿赠与财物。本案中，结合双方交往真实意图、给付财物态度、相处模式及感情状况等事实可以看出，李某对双方的感情持漠然态度，其与王某建立恋爱关系是为了利用王某对结婚的期待索要财物从而满足物质需求，李某的行为构成借婚姻索取财物。李某应将王某给付的钱款全部返还。故判令李某返还全部12万余元。 本案中，李某在此段关系中名为恋爱、实为索财，其仅在有物质需要时才与王某联系。同时，李某虽表示可以结婚，但明确表示“给够钱才领证”，索取财物意图明显。尽管李某索要的单笔款项价值不大，但不能将王某的赠与行为视为正常恋爱中的赠与，而是认定李某借婚姻索取财物，按照涉彩礼纠纷司法解释第二条规定，李某应全部返还。 婚介机构以保证“闪婚”为名收取高额服务费，应结合合同履行情况返还部分费用 某婚介公司的广告宣传中有提供“闪婚”服务等内容。2024年1月15日，该婚介公司向林某（男）发送了赵某的个人信息。2024年1月18日，林某与该婚介公司签订《（男方）婚姻介绍服务合同》后支付服务费17万元。2024年1月19日，林某与赵某登记结婚。后双方因发生矛盾，于2024年2月29日经法院调解离婚，赵某退还了彩礼。期间，双方未共同居住。林某遂提起本案诉讼，主张因服务合同目的无法实现，请求由婚介机构返还全部服务费17万元。 审理法院认为，婚介机构作为特殊的服务行业机构，应当秉承诚实信用的服务理念为委托人提供服务，严格遵守行业规范，妥善履行合同义务。本案中，婚介机构在提供婚介服务过程中没有充分评估双方感情基础，未能妥当履行合同义务，反而以提供“闪婚”服务为名借机收取高额服务费。但考虑到婚介机构提供婚姻信息、陪同必然产生一定费用，林某对赵某缺乏了解就匆匆结婚，自身也存在过错，酌情考虑扣除2万元劳务费等合理费用，判令婚介公司返还服务费15万元。 现实生活中，婚介机构为未婚男女牵线搭桥，成就美好姻缘，本是好事，适当收取服务费亦不违反法律规定。但如利用未婚男女急于寻找佳偶的心理，以提供“闪婚”的中介服务为名收取高额服务费，则该行为违反了婚介服务的应有之义，与社会主义核心价值观相悖。“闪婚”当事人因婚前缺乏深入了解，感情基础不牢，容易“闪离”。在此情况下，当事人主张高额服务费应予返还的，人民法院可以结合婚介机构履行合同情况、当事人离婚原因等因素，认定具体返还金额。 因彩礼给付方隐瞒自身重大疾病导致未办理结婚登记的，应考虑其过错情况对彩礼返还数额予以酌减 2023年8月，吴某（男）与刘某举行订婚仪式，给付彩礼22.8万元。后因刘某发现吴某隐瞒患有重大疾病导致不能生育的情况，未再办理结婚登记。双方没有共同生活过。吴某遂提起本案诉讼，请求刘某返还全部彩礼22.8万元。 审理法院认为，双方未办理结婚登记且未共同生活，符合法律规定的返还全部彩礼的法定情形，但因吴某向刘某隐瞒了自身存在重大疾病导致不能生育的情况，其对未办理结婚登记这一结果存在过错，应对返还彩礼数额予以酌减。经法院调解，刘某酌情向吴某返还彩礼20万元，吴某撤回起诉。 双方未办理结婚登记且未共同生活时，彩礼给付方要求返还全部彩礼的，人民法院一般应予支持。但本案中，双方未办理结婚登记系因吴某向刘某隐瞒其身患重大疾病导致，吴某存在过错，在处理相关纠纷时应对该情形予以考虑。经人民法院调解，对刘某返还彩礼数额予以适当酌减，体现了对双方当事人利益的平等保护。,5819,https://news.cctv.com/2025/02/28/ARTI23PFlgi0sO0Ful3Wyy5x250228.shtml,结婚登记;婚姻;结婚;离婚;婚恋;彩礼;适婚;婚约;婚介;闪婚;恋爱;相亲;伴侣;夫妻
China News Service,2025-02-28,最高法再发布人民法院涉彩礼纠纷典型案例 涉打击婚骗行为等,中新网 北京2月28日电 (记者 张素)2月28日，中国最高人民法院对外发布第二批涉彩礼纠纷典型案例，旨在进一步促推移风易俗，治理高额彩礼。 2023年12月，最高法发布第一批涉彩礼纠纷典型案例，解答了人民群众争议较多的“闪离”情况下要不要还彩礼、父母是否承担返还彩礼责任等问题。2024年2月，《最高人民法院关于审理涉彩礼纠纷案件适用法律若干问题的规定》正式施行，该司法解释就彩礼认定范围、彩礼返还比例的认定原则等作出规定，进一步统一裁判标准。 据统计，2024年，全国法院婚约财产纠纷案件增幅明显回落，为家庭和睦、社会稳定提供高质量司法服务和保障。 最高法此次发布第二批涉彩礼纠纷典型案例，着力明晰“加大力度打击婚骗行为，坚决否定借婚姻索取财物”等内容。在此次发布的案例中，赵某(男)与孙某已经办理结婚登记并给付彩礼8.6万元(人民币，下同)，后赵某提起离婚诉讼，以孙某将婚姻作为获取财物的手段为由，请求法院判决双方离婚、孙某返还全部彩礼。 该案中，赵某与孙某就是否共同居住、感情状况等存在较大争议。尽管双方从办理结婚登记到提起离婚诉讼的时间不足一年，但人民法院无法仅依据该事实认定孙某存在不法目的。 本案的突破点在于，赵某向法庭提出孙某在近四年中还身涉两起其他离婚诉讼。人民法院依职权调查后发现，孙某不仅在较短时间内多次“闪婚”、均接收较高数额彩礼、婚姻存续时间均较短，更重要的是，历次离婚诉讼中男方对于婚后双方无夫妻之实、孙某回娘家居住的共同生活状态等描述基本一致，结合孙某无法提供证据证明其对维系婚姻作出相应努力，人民法院据此认定孙某以彩礼为名借婚姻索取财物，判令解除婚姻关系，孙某返还全部彩礼8.6万元。 此外，司法审判发现，部分婚介机构利用适婚男女迫切寻求佳偶的心理，打着提供“闪婚”服务等名号，借机向签订婚介服务合同的当事人收取高昂的手续费。 在此次发布的案例中，某婚介机构基于林某(男)希望尽快找到伴侣结婚的心理，以向其提供“闪婚”服务为名收取服务费17万元。后因“闪离”，林某提起服务合同纠纷诉讼，人民法院综合考虑婚介机构履行合同情况、林某自身过错等因素，判令婚介机构返还服务费15万元。 最高法通过该案提醒各方，“婚姻不是开盲盒，幸福不能作赌注”，对人对己负责，方可期待收获良缘。(完) 【,956,https://www.chinanews.com.cn/gn/2025/02-28/10375479.shtml,结婚登记;婚姻;结婚;离婚;彩礼;适婚;婚约;婚介;闪婚;伴侣;夫妻
China News Service,2025-02-28,最高法发布第二批人民法院涉彩礼纠纷典型案例,中新网 2月28日电 据“最高人民法院”微信公众号消息，家庭是社会的基本细胞，家庭的前途命运同国家和民族的前途命运紧密相连。党的十八大以来，党中央高度重视家庭文明建设。党的二十大明确提出“加强家庭家教家风建设”，党的二十届三中全会把“健全发挥家庭家教家风建设在基层治理中作用的机制”作为进一步全面深化改革的重要内容。2021年以来，中央一号文件连续五年提出治理高额彩礼问题，今年的中央一号文件还特别强调“加大对婚托婚骗等违法行为的打击力度”。 最高人民法院一直高度重视婚姻家庭领域矛盾纠纷化解，充分发挥司法机关在统一裁判标准、矛盾多元调处、法治理念宣传等工作中的职能作用。为贯彻落实党中央对家庭文明建设提出的工作要求，着力促推移风易俗、治理高额彩礼，2023年12月，最高人民法院发布了第一批涉彩礼纠纷典型案例，生动解答了人民群众争议较多的“闪离”情况下要不要还彩礼、父母是否承担返还彩礼责任等问题，引导社会公众树立“让婚姻始于爱，让彩礼归于礼”的新风尚。2024年2月，《最高人民法院关于审理涉彩礼纠纷案件适用法律若干问题的规定》(以下简称涉彩礼纠纷司法解释)正式施行，该司法解释就彩礼认定范围、彩礼返还比例的认定原则等作出规定，进一步统一裁判标准。最高人民法院还充分发挥全国一万多个人民法庭的矛盾纠纷化解功能，以巡回审判、以案说法、进村镇(社区)宣讲、及时制发司法建议、推动村规民约建设等多重形式，引导规范彩礼习俗。据统计，2024年全国法院婚约财产纠纷案件增幅明显回落，为家庭和睦、社会稳定提供高质量司法服务和保障。 为贯彻落实中央一号文件部署，进一步促推移风易俗，治理高额彩礼，最高人民法院认真总结涉彩礼纠纷司法解释施行以来各地遇到的具体情况，结合人民群众反映较多的热点问题，发布第二批涉彩礼纠纷典型案例。本批典型案例着力明晰以下内容： 第一，加大力度打击婚骗行为，坚决否定借婚姻索取财物。 民法典第一千零四十二条规定：“禁止借婚姻索取财物。”涉彩礼纠纷司法解释第二条规定：“禁止借婚姻索取财物。一方以彩礼为名借婚姻索取财物，另一方要求返还的，人民法院应予支持。”社会生活中，人民群众对这一原则已达成基本共识，但在处理具体案件时，如何把握借婚姻索取财物的认定标准，仍存在一定困难：一方面，在双方已经办理结婚登记的情况下，判断一方是否是以彩礼为名索取财物，需要考量双方的共同生活等情况。但由于婚后共同生活状态具有私密性，当事人产生矛盾后往往各执一词，这对当事人的举证标准和人民法院的认证能力均提出较高要求。比如此次发布的案例一，赵某(男)与孙某已经办理结婚登记并给付彩礼8.6万元，后赵某提起离婚诉讼，以孙某将婚姻作为获取财物的手段为由，请求法院判决双方离婚、孙某返还全部彩礼。该案中，赵某与孙某就是否共同居住、感情状况等存在较大争议。尽管双方从办理结婚登记到提起离婚诉讼的时间不足一年，但人民法院无法仅依据该事实认定孙某存在不法目的。本案的突破点在于，赵某向法庭提出孙某在近四年中还身涉两起其他离婚诉讼。人民法院依职权调查后发现，孙某不仅在较短时间内多次“闪婚”、均接收较高数额彩礼、婚姻存续时间均较短，更重要的是，历次离婚诉讼中男方对于婚后双方无夫妻之实、孙某回娘家居住的共同生活状态等描述基本一致，结合孙某无法提供证据证明其对维系婚姻作出相应努力，人民法院据此认定孙某以彩礼为名借婚姻索取财物，判令解除婚姻关系，孙某返还全部彩礼8.6万元。另一方面，如何区分借婚姻索取财物与恋爱中的赠与行为，亦是涉彩礼纠纷案件的常见问题。区分借婚姻索取财物还是恋爱中的赠与行为，应当结合双方具体行为予以认定。一般情况下，如果恋爱期间双方互有付出，感情破裂后，一方不能仅以未实现缔结婚姻目的为由主张另一方借婚姻索取财物。而此次发布的案例二中，王某(男)与李某建立恋爱关系后一直异地生活，平时主要靠微信联系。李某主动与王某联系时几乎均以索要彩礼及其他钱财为目的，其余时间拒接、忽略王某电话，对王某的领证提议明确表示要先“给钱”，且李某从未回赠过王某。人民法院综合考虑双方相处模式、感情基础、资金往来等各项因素，认定李某对感情是漠视态度，系借婚姻索取财物，判令其返还从王某处取得的全部财物。从上述两个案例可以看出，无论是恋爱关系还是婚姻关系，都需要双方当事人以感情为基础、共同付出方可维系。如果一方仅是将“缔结婚姻”作为哄骗的噱头，实质上是想让另一方陷入对未来长久共同生活的错误认知，从而心甘情愿地为其出钱买单，这就是一种“婚骗行为”，无论是否办理结婚登记，都不能掩盖其非法目的。 第二，严格贯彻诚实信用原则，规制婚介机构借虚假宣传收取高额服务费用。 我们在司法审判中发现，部分婚介机构利用适婚男女迫切寻求佳偶的心理，打着提供“闪婚”服务等名号，借机向签订婚介服务合同的当事人收取高昂的手续费。“闪婚”的男女双方由于相识时间短，感情基础薄弱，结婚后往往因各种矛盾而“闪离”，由此又引发离婚纠纷、服务合同纠纷等一系列诉讼，增加了社会不稳定因素，必须对此类行为予以规制。在此次发布的案例三中，某婚介机构基于林某(男)希望尽快找到伴侣结婚的心理，以向其提供“闪婚”服务为名收取服务费17万元。后因“闪离”，林某提起服务合同纠纷诉讼，人民法院综合考虑婚介机构履行合同情况、林某自身过错等因素，判令婚介机构返还服务费15万元。这个案例警示我们，“婚姻不是开盲盒，幸福不能作赌注”，对人对己负责，方可期待收获良缘。 第三，立足复杂多样的婚姻家庭生活实际，准确适用彩礼返还规则。 在认定彩礼是否返还及返还的具体比例时，人民法院要考虑彩礼的习俗性特征，并根据不同家庭实际情况，综合考虑双方当事人共同生活及孕育情况、有无过错等各项因素，做好释法说理工作，既要解“法结”，更要解“心结”。比如，在案例四中，吴某(男)因未能与刘某缔结婚姻，请求判令刘某返还全部彩礼。人民法院经调查发现，虽然双方未缔结婚姻且未实际共同生活，刘某本应返还全部彩礼，但考虑到双方未能缔结婚姻系因吴某故意隐瞒身患不能生育的重大疾病导致，吴某存在过错，人民法院没有简单判决刘某全部返还，而是从彩礼的传统处理方式、吴某隐瞒行为对刘某情感上造成的伤害等方面进行调解，使吴某、刘某解开心结，就酌减刘某返还彩礼的数额达成一致意见，吴某主动撤回起诉。人民法院在办理案件时应做到“具体案件具体分析”，当事人也需向法庭如实陈述事实，以妥善处理相关纠纷。 维系家庭稳定、提升婚姻幸福感，是一个庞大而持久的课题，这需要司法机关提供坚实的司法后盾，需要多部门间的协作配合，更需要每个人的努力。同舟共济方能始终，锱铢必较或将成困。希望大家尤其是广大青年人能够对此予以高度重视。最高人民法院也将进一步梳理婚姻家庭领域特别是涉彩礼纠纷出现的新情况新问题，通过发布典型案例、普法宣传等多种形式，促推家庭文明建设，更好地回应人民群众的新要求、新期待。 案例一：短期内多次“闪婚”并收取高额彩礼，可以认定以彩礼为名借婚姻索取财物——赵某诉孙某离婚纠纷案 案例二：一方基于索取财物目的与另一方建立恋爱关系、作出结婚承诺，可以认定为借婚姻索取财物——王某诉李某婚约财产纠纷案 案例三：婚介机构以保证“闪婚”为名收取高额服务费，应结合合同履行情况返还部分费用——林某诉某婚介公司服务合同纠纷案 案例四：因彩礼给付方隐瞒自身重大疾病导致未办理结婚登记的，应考虑其过错情况对彩礼返还数额予以酌减——吴某诉刘某婚约财产纠纷案 短期内多次“闪婚”并收取高额彩礼，可以认定以彩礼为名借婚姻索取财物 2020年10月，赵某(男)与孙某经人介绍相识，同月双方登记结婚。赵某向孙某给付彩礼8.6万元，婚后未生育子女。2021年6月，赵某提起本案诉讼，主张孙某将婚姻作为获取财物的手段，请求判决双方离婚，由孙某返还全部彩礼，主要理由是：婚后孙某主要在娘家居住，双方共同生活时间不超过一个月，期间因孙某一直主张身体不适无夫妻之实，双方还经常因孙某索要财物一事发生矛盾，2021年3月再次为此事争吵后，孙某回娘家不再与其联系。 经法院查明，近4年内，孙某另外还有两段婚姻，均是与男方认识较短时间后便登记结婚，分别接收彩礼8万元、18万元。在两段婚姻所涉离婚诉讼中，男方均提到双方婚后不久即因钱财问题发生矛盾，之后孙某就回娘家居住，没有夫妻生活。 审理法院认为，根据已查明的事实及当事人陈述，孙某在四年内就已涉及三起离婚纠纷，结婚仓促，婚姻关系维系时间短，且男方均表示，孙某收取了较高数额的彩礼，婚后双方只有夫妻之名，孙某在双方发生矛盾后即回娘家居住，没有继续与男方共同生活的意思表示。综合全部在案证据，可以认定孙某的行为属于以彩礼为名借婚姻索取财物。故判令解除婚姻关系，由孙某返还全部彩礼8.6万元。 根据涉彩礼纠纷司法解释第二条规定，一方以彩礼为名借婚姻索取财物，另一方请求返还的，人民法院应予支持。给付彩礼的目的除了办理结婚登记这一法定形式要件外，更重要的是双方形成长期、稳定的共同生活状态。本案中，虽然孙某已与赵某办理结婚登记，但婚姻关系存续时间较短，且孙某主要在娘家居住，双方未能形成长期、稳定的共同生活状态。同时，结合双方经常因孙某索要钱财发生争吵以及孙某之前所涉两次离婚纠纷的具体情况，人民法院认定其有通过婚姻索取财物的行为，判令其全额返还彩礼，再次明确禁止借婚姻索取财物的司法态度，维护正常的婚恋秩序。 一方基于索取财物目的与另一方建立恋爱关系、作出结婚承诺，可以认定为借婚姻索取财物 2023年6月，王某(男)与李某通过微信相亲群相识。同月下旬，李某向王某表达交往意愿，并提出在共同生活和办理结婚登记之前王某要给其25万元，王某表示同意，双方遂建立恋爱关系。自2023年6月至2024年2月，李某多次以支付房屋租金、买首饰及其他生活消费为由，向王某索取12万余元。期间，双方一直异地生活，主要通过微信联络，李某主动与王某联系几乎均以索要钱款为目的，其余时间则以工作忙碌等为由拒接、忽视王某的电话，且其从未回赠过王某财物。因自2024年2月起李某拒接王某电话，对王某的领证提议采取推脱、逃避的态度，并多次表示“给够钱才领证”，双方产生隔阂，王某提起本案诉讼，请求李某返还所得钱款12万余元。李某抗辩称，王某在恋爱中自愿赠与的财物不应返还。 审理法院认为，恋爱中的赠与是指男女双方为增进感情，主动、自愿赠与对方财物以表心意，且通常为互相赠与，若日后双方未结婚，赠与的财物一般无须返还。借婚姻索取财物则是一方为取得财物而与另一方建立恋爱关系、作出结婚承诺，给付一方通常是被迫而非自愿赠与财物。本案中，结合双方交往真实意图、给付财物态度、相处模式及感情状况等事实可以看出，李某对双方的感情持漠然态度，其与王某建立恋爱关系是为了利用王某对结婚的期待索要财物从而满足物质需求，李某的行为构成借婚姻索取财物。李某应将王某给付的钱款全部返还。故判令李某返还全部12万余元。 本案中，李某在此段关系中名为恋爱、实为索财，其仅在有物质需要时才与王某联系。同时，李某虽表示可以结婚，但明确表示“给够钱才领证”，索取财物意图明显。尽管李某索要的单笔款项价值不大，但不能将王某的赠与行为视为正常恋爱中的赠与，而是认定李某借婚姻索取财物，按照涉彩礼纠纷司法解释第二条规定，李某应全部返还。 婚介机构以保证“闪婚”为名收取高额服务费，应结合合同履行情况返还部分费用 某婚介公司的广告宣传中有提供“闪婚”服务等内容。2024年1月15日，该婚介公司向林某(男)发送了赵某的个人信息。2024年1月18日，林某与该婚介公司签订《(男方)婚姻介绍服务合同》后支付服务费17万元。2024年1月19日，林某与赵某登记结婚。后双方因发生矛盾，于2024年2月29日经法院调解离婚，赵某退还了彩礼。期间，双方未共同居住。林某遂提起本案诉讼，主张因服务合同目的无法实现，请求由婚介机构返还全部服务费17万元。 审理法院认为，婚介机构作为特殊的服务行业机构，应当秉承诚实信用的服务理念为委托人提供服务，严格遵守行业规范，妥善履行合同义务。本案中，婚介机构在提供婚介服务过程中没有充分评估双方感情基础，未能妥当履行合同义务，反而以提供“闪婚”服务为名借机收取高额服务费。但考虑到婚介机构提供婚姻信息、陪同必然产生一定费用，林某对赵某缺乏了解就匆匆结婚，自身也存在过错，酌情考虑扣除2万元劳务费等合理费用，判令婚介公司返还服务费15万元。 现实生活中，婚介机构为未婚男女牵线搭桥，成就美好姻缘，本是好事，适当收取服务费亦不违反法律规定。但如利用未婚男女急于寻找佳偶的心理，以提供“闪婚”的中介服务为名收取高额服务费，则该行为违反了婚介服务的应有之义，与社会主义核心价值观相悖。“闪婚”当事人因婚前缺乏深入了解，感情基础不牢，容易“闪离”。在此情况下，当事人主张高额服务费应予返还的，人民法院可以结合婚介机构履行合同情况、当事人离婚原因等因素，认定具体返还金额。 因彩礼给付方隐瞒自身重大疾病导致未办理结婚登记的，应考虑其过错情况对彩礼返还数额予以酌减 2023年8月，吴某(男)与刘某举行订婚仪式，给付彩礼22.8万元。后因刘某发现吴某隐瞒患有重大疾病导致不能生育的情况，未再办理结婚登记。双方没有共同生活过。吴某遂提起本案诉讼，请求刘某返还全部彩礼22.8万元。 审理法院认为，双方未办理结婚登记且未共同生活，符合法律规定的返还全部彩礼的法定情形，但因吴某向刘某隐瞒了自身存在重大疾病导致不能生育的情况，其对未办理结婚登记这一结果存在过错，应对返还彩礼数额予以酌减。经法院调解，刘某酌情向吴某返还彩礼20万元，吴某撤回起诉。 双方未办理结婚登记且未共同生活时，彩礼给付方要求返还全部彩礼的，人民法院一般应予支持。但本案中，双方未办理结婚登记系因吴某向刘某隐瞒其身患重大疾病导致，吴某存在过错，在处理相关纠纷时应对该情形予以考虑。经人民法院调解，对刘某返还彩礼数额予以适当酌减，体现了对双方当事人利益的平等保护。 【,5732,https://www.chinanews.com.cn/gn/2025/02-28/10375426.shtml,结婚登记;婚姻;结婚;离婚;婚恋;彩礼;适婚;婚约;婚介;闪婚;恋爱;相亲;伴侣;夫妻
People.cn,2025-02-28,4月起 在成都结婚登记的新人将收到“甜蜜礼物”,每逢两会，民生话题总是备受关注。今年的成都市政府工作报告提出一系列举措，回应多群体、多层次的民生需求——突出就业优先导向、构建高质量教育体系、建设高水平健康成都、打造全龄友好社会、织密扎牢社会保障网、精准实施文化惠民……这些务实的举措，在政协委员中引发热议。作为履职者，两会期间，大家也带来众多涉及教育、就业、婚姻登记等民生方方面面的建议。带着这些建议，记者采访多位会场之外的干部群众对此谈感受、作回应—— 教育直接关系千家万户的切身利益和每个孩子的健康成长。“把每个孩子都当作可以发光的个体。”市政协委员、民盟崇州市支部主委、崇州市教培中心主任张志敏开门见山给出观点。他认为，构建高质量教育体系，应该推动中等职业教育向综合高中转型，打造“技能+升学”双通道培养模式。“学校可依据区域产业发展需求设置特色技能课程，同时保留普通高中文化课基础，让每个学生根据特长自主选择升学或就业。这样既能为当地企业精准输送产业人才，又能为多元成长路径兜底，这才是‘适合的教育’。” “聆听了政府工作报告，我觉得特别务实，报告中既涉及高新产业的发展，也涵盖了市井烟火的平凡，始终挂念着经济发展和民生幸福。”市政协委员、成都市第三人民医院神经内科主任医师张海涛深有感触：“今年，我带来了高质量就业机会相关的提案。营商环境改善，让代表新质生产力的优秀企业数量持续增加，这意味着高质量的就业机会变得越来越多，推动民生就业问题改善，最终让老百姓的幸福感越来越强。” 市政协委员、致公党成都市参政议政委员会主任彭怡岚表示，在民生保障和服务方面，婚姻服务是重要的一环。“可以结合实际推行错时、延时服务，方便群众在工作之余便利办理结婚登记。在‘七夕’‘5·20’等结婚登记高峰时段，应合理调配工作人员满足群众婚姻登记需求。”她建议，相关部门可以通过优化办理手续、延长服务时间、为群众定制个性化婚姻登记纪念品等形式提高婚姻登记质量，更好地满足市民需求，体现成都温暖浪漫的城市氛围。 关注成都市政府工作报告的不只参会人大代表和政协委员，在会场之外，众多民生领域的党委政府工作人员、基层干部群众也同样实时关注着本次两会动态，学习了解会议内容，热议不断。 “人民满意的教育应该是经得起时间考验的教育，也是适合于学生学习发展的教育。”在成都中和职业中学（成都高新区综合高级中学）副校长赵朝生看来，尊重差异、因材施教是真正助力学生成长的教育内涵。 怎样“因材施教”？赵朝生所在的成都高新综合高级中学就是探索这个问题的教育改革试点单位。赵朝生说，综合高中会给学生们多一个选择机会。学校内的中职和普高都开设有职业生涯规划课和生活技能课，对学生进行生涯规划指导，学校会在高一、二年级进行意愿填报，让学生自愿选择，进行转录。 “就业是最基本的民生，是劳动者获得收入、提高生活水平的基本途径。解决好就业问题，始终是经济社会发展的一项重大任务。”市人社局相关负责人介绍，2025年，将加强“在校期、毕业季、离校后”全周期就业服务，力争实现有就业意愿的离校未就业高校毕业生帮扶就业率不低于99%、联系成功率100%，困难毕业生实现“三个100%”目标。 近年来，成都将婚姻登记处搬进公园，并叠加丰富的服务场景。如何让浪漫再升级？市民政局社会事务处工作人员李梓源表示，今年内，成都将在已建成19个公园式便民婚姻登记处的基础上，持续加强婚姻登记场所环境氛围打造，将分别在成都东部新区、龙泉驿区、青白江区、蒲江县新启用4个公园式便民婚姻登记处，实现全市23个区（市）县全覆盖建成的工作目标。“今年4月起，全市婚姻登记机关将为每对结婚登记的新人赠送一份登记日纪念品。”李梓源透露，纪念品为民政部门精心定制的传统婚书，以“爱在成都”为主题设计，旨在为每对在成都结缘的新人送去最美好的新婚祝福。同时，在“5·20”“七夕”等特殊节点，市民政局还将指导全市23个区（市）县开展以“蓉心用情·蓉遇佳缘”为主题的全龄段、多元化集体婚礼、集体颁证、婚恋交友等系列婚俗文化活动。 （成都日报锦观新闻记者 杨升涛 陈煦阳 赵子君 刘飞 胡瑰玮）,1681,http://sc.people.com.cn/n2/2025/0228/c379471-41149114.html,婚姻登记;结婚登记;婚姻;结婚;婚恋;婚俗;婚礼
People.cn,2025-02-28,新时代推动法治进程2024年度十大提名案件 | 《农村百万彩礼返还离婚纠纷案》,2月27日，最高人民法院与中央广播电视总台共同举办“新时代推动法治进程2024年度十大案件”揭晓活动，公布2024年度新时代推动法治进程十大案件及十大提名案件。其中，四平地区梨树县人民法院报送的 《农村百万彩礼返还离婚纠纷案》 入选“新时代推动法治进程2024年度十大提名案件”。 活动于2024年12月31日启动，通过对全国法院2023年底至2024年审结的各类案件进行筛选和初评，共选出49件具有代表性、影响力的案件在网上接受社会公众投票。在为期7天的投票里，共收到网民投票1845万张。经专家委员会评选，并综合网民投票结果，最终20个广受社会关注的热点案件获评新时代推动法治进程2024年度十大案件和十大提名案件。 此次入选的案件，体现了司法机关在解决新型法律争议、保护社会主体合法权益、维护社会公平正义方面的深度探索与创新实践，为社会主体提供了重要的行为指引和价值引领，对弘扬法治精神、促推社会治理，营造全社会尊法学法守法用法的良好氛围发挥了重要作用。 “新时代推动法治进程2024年度十大提名案件”之 ——已登记结婚未共同生活情形判断和彩礼范围认定 民事 已登记结婚 未共同生活 彩礼范围 高额彩礼 代某（男）与李某（女）经介绍相识。2023年6月13日，双方订婚并在媒人主持下就彩礼事项形成彩礼单：“1.大礼35万，现过6万，下欠29万婚前过齐；2.在某县城买一楼房、轿车一台；3.四金折合人民币6万元，已过；4.长寿衣、压魂布折合人民币1万元，已过。”同年9月16日，代某向李某支付剩余礼金29万元；9月26日，双方在某县民政局办理婚姻登记。在此期间，代某方购买某县房屋并登记为代某、李某二人共有，购买轿车一台登记在李某名下。李某为代某购买一枚婚戒花费7274元。代某方按照当地习俗给付李某见面礼、改口费、腰缠万贯各1万元。10月4日，代某、李某二人举办结婚仪式，当晚因口角未能共同居住。次日，李某由家人接回后直至起诉时尚未返还代某家中。同年11月9日，李某已将案涉车辆以9万元出售给案外人周某，并办理产权变更登记。 代某诉称，双方婚后未共同生活，感情已破裂。诉求：1.代某与李某离婚；2.李某返还彩礼35万元、金首饰折价72690元；3.房屋及车辆归代某所有，李某配合过户；4.返还见面礼、改口钱等4万元。 李某辩称，双方感情牢固，不应离婚。若判决离婚，应扣除李某在装修房屋时的支出、订婚后放弃工作的损失；房屋按共同财产分割，金银首饰留在代某家中；车辆、改口费属于特殊赠与，不属于彩礼。 吉林省梨树县人民法院于2024年2月27日作出（2023）吉0322民初3629号民事判决：一、代某与李某离婚；二、李某于判决生效后十日内返还代某彩礼422726元（含车辆价值）；三、位于某县某小区房屋归代某所有，李某于本判决生效后协助代某办理过户手续；四、李某于判决生效后立即返还代某金项链一条、金手镯一个、钻戒一枚，如不能返还原物，则返还同等价值的价款金额65690元；五、驳回代某的其他诉讼请求。宣判后，李某不服提起上诉。四平市中级人民法院于2024年5月28日作出（2024）吉03民终410号民事判决：驳回上诉，维持原判。 法院生效裁判认为：婚姻关系的存续和维系应以双方存在感情为基础。给付彩礼并非结婚登记的前置条件。男方给付彩礼具有与女方缔结婚姻的美好愿望，本质上是为形成长期稳定夫妻感情、促进共同生活的一种外在表达方式，并非普通的赠与。在夫妻感情破裂，共同生活的愿望无法实现时，彩礼接收方继续占有彩礼将会导致利益失衡，无法让彩礼归于“礼”。 我国当前法律规定，返还彩礼应区分未办理结婚登记手续、已登记结婚但确未共同生活和婚前给付导致给付人生活困难三种情形。其中已办理结婚登记的当事人诉请返还彩礼时，可根据《最高人民法院关于适用 婚姻家庭编的解释（一）》第五条的规定，区分为“结婚登记”和“未共同生活”“按照习俗给付的彩礼”三个评价要素。其中，“结婚登记”属于显性要件，不曾产生争议。“未共同生活”“按照习俗给付彩礼”属于不确定性法律概念，需要进一步细化审查要素。 所谓共同生活 。在主观上，夫妻双方具有长期在一起生活、相互扶持的愿望；在客观上，夫妻双方实际同居生活、育有子女，共担家庭生活的压力和风险。本案中，代某与李某婚前相识时间短、婚前并未同居生活，举办婚礼当天发生口角后分居至起诉时，亦无“夫妻之实”也未育有子女。由此可见，双方在主观上没有体现出共同生活意愿，客观上也尚未形成完整的家庭共同体和稳定的生活状态，不能认定为存在稳定的共同生活。李某所主张费用支出，大多为个人消费。鉴于二人并未共同生活，不属于共同消费，对该部分费用不应在其应返还彩礼中抵消。 “按照习俗给付彩礼”。 根据《最高人民法院关于审理涉彩礼纠纷案件适用法律若干问题的规定》第三条第一款的规定，综合考虑双方当地习俗、给付的时间和方式、财物价值和性质等因素，认定彩礼范围。同时，结合当地生活水平、给付人家庭经济收入判断是否存在“高额彩礼”情形。本案中，代某支付的35万元彩礼现金、花费76万元左右购买房屋、车辆及7万元的“五金”，依当地习俗已列入彩礼单中并有“媒人”署名，系订婚时双方家庭共同就结婚事项的真实意思表示，蕴含着男女双方家庭对婚姻的期盼与祝福，属于彩礼范围。但高达100多万元的彩礼，远超当地人均生活水平和人均收入，明显属于“高额彩礼”。而见面礼、改口钱、长寿衣及腰缠万贯共计4万元，系代某及其父母对李某在情感和家庭角色的接纳，是基于特殊身份关系的在不同时间段的赠与，并非基于缔结婚姻而产生，且在整体彩礼总额中占比较低，不应当认定为彩礼。本案综合考虑当地习俗中登记结婚对女方的影响、双方共同消费支出、尚未生育及存在“高额彩礼”等情形，判决酌情返还大部分彩礼，平衡了各方利益，引导人民群众树立正确的婚恋观，推动文明乡风建设。 双方已登记结婚，一方主张未共同生活诉请返还按照习俗给付彩礼的，人民法院应从夫妻双方主观上是否具有一起生活愿望及客观上是否实际居住生活、相互扶持判断共同生活情况。在确定彩礼范围时，结合当地风俗习惯、给付时间和方式及财物价值进行综合衡量，对基于特殊身份关系的普通赠与财物不应纳入彩礼范围。 《中华人民共和国民法典》第1079条第2款 《最高人民法院关于审理涉彩礼纠纷案件适用法律若干问题的规定》第3条第1款 《最高人民法院关于适用 婚姻家庭编的解释（一）》第5条第1款 一审：梨树县人民法院（2023）吉0322民初3629号民事判决（2024年2月27日） 二审：四平市中级人民法院（2024）吉03民终410号民事判决（2024年5月28日）,2734,http://jl.people.com.cn/n2/2025/0228/c349771-41149865.html,婚姻登记;结婚登记;婚姻;结婚;离婚;婚恋;彩礼;夫妻;婚礼
People.cn,2025-02-28,涉及“婚骗”“闪婚”等 最高法发布第二批涉彩礼纠纷典型案例--社会·法治--人民网,新华社北京2月28日电 题：涉及“婚骗”“闪婚”等 最高法发布第二批涉彩礼纠纷典型案例 “婚骗”行为怎么界定？婚介机构借虚假宣传收取高额服务费如何规制？彩礼返还的具体比例如何认定？最高人民法院28日发布第二批共4件涉彩礼纠纷典型案例，进一步促推移风易俗，治理高额彩礼。 实践中，有的人多次短时间内“闪婚”“闪离”，借婚姻索取财物。 2020年10月，男方赵某与女方孙某认识不到一个月便“闪婚”。然而还不到一年，赵某以孙某将婚姻作为获取财物的手段为由，请求法院判决双方离婚、孙某返还全部彩礼。 人民法院调查后发现，孙某近4年内还有另外两段婚姻、均接收较高数额彩礼、婚姻存续时间均较短，更重要的是，历次离婚诉讼中男方对于婚后双方无夫妻之实、孙某回娘家居住的共同生活状态等描述基本一致。人民法院认定，孙某以彩礼为名借婚姻索取财物，判令解除婚姻关系，孙某返还全部彩礼8.6万元。 同时，如何区分借婚姻索取财物与恋爱中的赠与行为，也是涉彩礼纠纷案件的常见问题。 在王某诉李某婚约财产纠纷案中，男方王某与女方李某建立恋爱关系后，李某主动与王某联系时几乎均以索要彩礼及其他钱财为目的，其余时间拒接、忽略王某电话，对王某的领证提议明确表示要先“给钱”，且从未回赠过王某。 人民法院综合考虑双方相处模式、感情基础、资金往来等各项因素，认定李某对感情是漠视态度，属于借婚姻索取财物，判令其返还从王某处取得的全部财物。 最高法有关部门负责人表示，如果一方仅是将“缔结婚姻”作为哄骗的噱头，实质上是想让另一方陷入对未来长久共同生活的错误认知，从而心甘情愿地为其出钱买单，这就是一种“婚骗”行为，无论是否办理结婚登记，都不能掩盖其非法目的。 近年来，部分婚介机构打着提供“闪婚”服务等名号，借机向签订婚介服务合同的当事人收取高昂手续费。“闪婚”往往伴随着“闪离”，由此引发离婚纠纷、服务合同纠纷等一系列诉讼。 某婚介公司在广告中宣传可以提供“闪婚”服务。2024年1月15日，该公司向男方林某发送了女方赵某的个人信息。3天后，林某便签了合同并支付服务费17万元。紧接着第二天，二人登记结婚。结果才过了一个多月，双方就因发生矛盾经法院调解离婚。 林某将婚介公司告上法庭，主张退还全部服务费用。人民法院综合考虑婚介机构履行合同情况、林某自身过错等因素，判令婚介机构返还服务费15万元。 双方因故未能结婚，已经支付的彩礼怎么处理？在吴某诉刘某婚约财产纠纷案中，男方吴某因未能与女方刘某缔结婚姻，请求判令刘某返还全部彩礼。 人民法院经调查发现，双方未结婚且未实际共同生活，但没有结婚的原因是吴某故意隐瞒身患不能生育的重大疾病。人民法院通过调解使吴某、刘某解开心结，就酌减刘某返还彩礼的数额达成一致意见，吴某主动撤回起诉。 据统计，2024年全国法院婚约财产纠纷案件增幅明显回落。最高法有关部门负责人表示，将进一步梳理婚姻家庭领域特别是涉彩礼纠纷出现的新情况新问题，通过发布典型案例、普法宣传等多种形式，促推家庭文明建设，更好回应人民群众的新要求、新期待。,1260,http://society.people.com.cn/n1/2025/0228/c1008-40428411.html,结婚登记;婚姻;结婚;离婚;彩礼;婚约;婚介;闪婚;恋爱;夫妻
People.cn,2025-03-04,这届年轻人真的不想恋爱吗？--社会·法治--人民网,人民网北京3月4日电 （记者周晶）近几年，关于年轻人的婚恋观话题频频出现在各大社交媒体上。当下，年轻人是否真的像网上所猜测的那样成为“恐恋”“恐婚”的一代人？ 对此，全国政协委员，全国妇联原副主席、书记处书记吴海鹰告诉记者，根据2024年，全国妇联在辽宁、广东、上海和江西四省市开展的“新型婚育文化调查”显示，当地许多青年人对恋爱和婚姻，还是抱有积极态度和热切期待。 90后女生陈瑾（化名）告诉记者，恋爱是自己人生中的必须项。“但我并不急结婚。相较于物质基础，我更倾向于寻找与我兴趣相投，三观一致，也能理解和支持自己个性的人，而不是因为家庭压力或社会期望而结婚。” “不少年轻人有类似想法。”吴海鹰委员分析，独立自主，是当前青年婚恋观念中比较突出的标志，具体体现在，对“传宗接代”等传统模式的依赖度降低，对婚姻也秉持“宁缺毋滥”。“我们在调研中也发现，‘大胆恋爱、谨慎结婚’已成为一些年轻人的鲜明态度。” 提到相亲，自然会想到父母安排、亲戚撮合、熟人介绍等传统方式。不知从何时起，年轻人有了自己热衷的相亲方式：报名恋综式旅行、参加兴趣社交活动、进入相亲直播间……这些变化，被网友称作“轻相亲”。 “不是不想相亲，只是父母组局的场面很尴尬！”记者登录人民网“你好友趣”学习型与兴趣型小程序，了解到来自25-40岁群体的一些困惑和真实需求。 “我喜欢打羽毛球，但平时工作忙，社交圈子窄，又不太会主动和女孩子搭话。”在某部委工作的85后男生天空（网名）抱着试试看的想法报名了“你好友趣”组织的羽毛球线下活动，没想到还真遇到了心仪对象。“她是我们老家人，也喜欢运动。”心动之下，天空鼓起勇气要到了女孩的联系方式，聊了一段时间后确定了恋爱关系。 “活动从兴趣爱好入手，通过交友游戏等互动社交活动，让年轻人在同好者中寻找同路人，提高牵手成功的概率。”吴海鹰委员认为，当代青年更加注重个人感受、价值观、兴趣爱好等方面的匹配，更加倾向于寻找与自己有共同语言、共同兴趣、共同价值观的伴侣，更加喜欢轻松、简单、互动性强的交友方式。 去年10月，国务院办公厅印发的《关于加快完善生育支持政策体系推动建设生育友好型社会的若干措施》明确提出，要搭建多种形式的青年婚恋交友公益平台。 吴海鹰委员在2023年提交的提案中提到了搭建婚恋公益平台的建设。今年全国两会，她仍然关注。 “享受高质量的婚恋交友服务，已成为越来越多单身青年的需求。”吴海鹰委员建议，一是相关部门和群团组织常态化开展青年联谊交友活动，为青年交友创造更多条件。二是通过搭建公益平台，为单身青年提供专业服务；严格信息认证确保真实可靠；提供线上线下融合、个性化与定制化的婚恋服务，让单身青年获得更友好的服务体验。三是加强对婚恋市场的监管，保障青年的合法权益。四是针对青年在恋爱交友过程中遇到的困惑，发挥心理咨询师、婚恋咨询师等专业人员的力量，为其提供心理咨询和行为指导。,1202,http://society.people.com.cn/n1/2025/0304/c1008-40430426.html,婚姻;结婚;婚恋;婚育;恐婚;恋爱;相亲;单身;伴侣;对象
China News Service,2025-03-06,多次“闪婚”收高额彩礼？最高法加大打击婚骗行为力度,本报讯 最高人民法院日前发布第二批涉彩礼纠纷典型案例，加大力度打击婚骗行为，坚决否定借婚姻索取财物。 此次发布的一起案例中，赵某(男)与孙某已经办理结婚登记并给付彩礼8.6万元，后赵某提起离婚诉讼，以孙某将婚姻作为获取财物的手段为由，请求法院判决双方离婚、孙某返还全部彩礼。 该案中，赵某与孙某就是否共同居住、感情状况等存在较大争议。尽管双方从办理结婚登记到提起离婚诉讼的时间不足一年，但人民法院无法仅依据该事实认定孙某存在不法目的。 本案的突破点在于，赵某向法庭提出孙某在近4年中还身涉两起其他离婚诉讼。人民法院依职权调查后发现，孙某不仅在较短时间内多次“闪婚”、均接收较高数额彩礼、婚姻存续时间均较短，更重要的是，历次离婚诉讼中男方对于婚后双方无夫妻之实、孙某回娘家居住的共同生活状态等描述基本一致。 结合孙某无法提供证据证明其对维系婚姻作出相应努力，人民法院据此认定孙某以彩礼为名借婚姻索取财物，判令解除婚姻关系，孙某返还全部彩礼8.6万元。 法院在司法审判中发现，部分婚介机构利用适婚男女迫切寻求佳偶的心理，打着提供“闪婚”服务等名号，借机向签订婚介服务合同的当事人收取高昂的手续费。“闪婚”的男女双方由于相识时间短，感情基础薄弱，结婚后往往因各种矛盾而“闪离”，由此又引发离婚纠纷、服务合同纠纷等一系列诉讼，增加了社会不稳定因素。此次发布的一起案例严格贯彻诚实信用原则，规制婚介机构借虚假宣传收取高额服务费用。 案例还体现人民法院立足复杂多样的婚姻家庭生活实际，准确适用彩礼返还规则。在认定彩礼是否返还及返还的具体比例时，人民法院要考虑彩礼的习俗性特征，并根据不同家庭实际情况，综合考虑双方当事人共同生活及孕育情况、有无过错等各项因素，做好释法说理工作，既要解“法结”，更要解“心结”。(工人日报 法文) 【,759,https://www.chinanews.com.cn/fz/2025/03-06/10378484.shtml,结婚登记;婚姻;结婚;离婚;彩礼;适婚;婚介;闪婚;夫妻
People.cn,2025-03-07,让婚姻始于爱 让彩礼归于礼--社会·法治--人民网,“推进农村高额彩礼问题综合治理。”2月23日发布的2025年中央一号文件中这样要求。 这已经是中央一号文件连续第5年关注高额彩礼问题。 彩礼本是我国民间的传统习俗，寄予着恋人对婚姻生活的美好憧憬，也承载着长辈对小家庭的祝福。然而，我国有些地区彩礼数额持续走高，给付彩礼日益成为缔结婚姻的巨大经济负担。不少恋人因为彩礼产生矛盾、恶语相向甚至大打出手。最高人民法院高度重视涉彩礼纠纷案件的处理，不断统一法律适用标准，大力打击以索要高额彩礼为目的的“骗婚”现象，推进农村移风易俗，让婚姻始于爱，让彩礼归于礼。 全国人大代表、山东省立医院东院保健神经内科主任卢林对彩礼问题十分关注。他留意到自2024年2月1日起施行的《最高人民法院关于审理涉彩礼纠纷案件适用法律若干问题的规定》，针对司法实践中存在的彩礼认定范围、彩礼返还原则、诉讼主体资格等重点难点问题予以规范，为全国法院处理涉彩礼纠纷提供了明确的依据，有利于统一裁判尺度，依法保护各方利益。 “比如说，对于双方未办理结婚登记的，分开时原则上彩礼应当予以返还。但亦不应当忽略共同生活的‘夫妻之实’，尤其是曾经有过妊娠经历或生育子女等情况。因此要根据具体情况，综合考虑共同生活及孕育情况、双方过错等事实，确定是否返还以及返还的具体比例。”卢林认为，这一规定体现了人民法院对妇女权益的重视和保障，彰显了法理、情理的结合。 提及人民法院整治高额彩礼工作，全国人大代表、四川省眉山市青神中学副校长王晓梅竖起了大拇指：“这几年法院工作确实成效明显，尤其是注重以案释法，形成了办理一案、治理一片的良好社会效果，有力提升了高额彩礼专项治理的效果。”王晓梅称，四川法院加强巡回审理，以“田间法庭”“坝坝法庭”等形式，打通了服务群众的“最后一公里”。 2022年8月，农业农村部、中央文明办、民政部等八个部门联合发布《开展高价彩礼、大操大办等农村移风易俗重点领域突出问题专项治理工作方案》，提出的治理目标是高价彩礼等陈规陋习在部分地区持续蔓延势头得到有效遏制，农民群众在婚丧嫁娶中的彩礼等支出负担明显减轻。 王晓梅建议，人民法院要在目前工作的基础上推动构建协同治理大格局，注重普法宣传。同时，严惩以索要彩礼为目的的“骗婚”行为，弘扬社会正能量。 全国人大代表、安徽省濉溪县刘桥镇乡村振兴工作站负责人陈影长期关注着农村彩礼问题：“治理高额彩礼问题，可以有效减轻农民的婚嫁负担，推动乡村风气的转变。” 今年2月28日，最高人民法院发布第二批人民法院涉彩礼纠纷典型案例，再一次明确传达了人民法院坚决否定借婚姻索取财物、依法打击婚骗行为的决心。陈影表示：“我觉得这种理念非常好，要坚决打击以彩礼名义索取钱财的恶劣行为。” “最高人民法院一直高度重视婚姻家庭领域矛盾纠纷化解，注重通过案件审判，引导人们向上向善向美，倡导建立以感情为基础的，平等、和睦、文明的婚姻家庭关系。这些做法都非常值得肯定，有助于弘扬社会主义核心价值观。希望接下来法院能贯彻好、落实好关于彩礼纠纷的相关规定，及时发布典型案例，为营造良好的家庭关系、和谐的社会氛围贡献司法力量。”陈影对记者说。 2024年，全国法院婚约财产纠纷案件增幅明显回落。下一步，最高人民法院将进一步梳理婚姻家庭领域特别是涉彩礼纠纷出现的新情况新问题，通过发布典型案例、普法宣传等形式，促推家庭文明建设，更好回应人民群众的新要求新期待。（记者 马欣 周瑞平 通讯员 何江浩）,1417,http://society.people.com.cn/n1/2025/0307/c1008-40432872.html,结婚登记;高价彩礼;婚姻;结婚;彩礼;婚嫁;婚约;骗婚;夫妻;恋人
China News Service,2025-03-08,农业农村部部长回应农村高额彩礼“娶不起”等问题,中新社 北京3月8日电 (记者 魏园 李金磊)十四届全国人大三次会议第二场“部长通道”集中采访活动8日在北京举行。中国农业农村部部长韩俊在答问时谈到高额彩礼“娶不起”等问题，称要推进乡风文明建设，进一步推进农村移风易俗。 韩俊表示，乡村振兴常讲既要富口袋也要富脑袋，既要塑形又要铸魂，现在乡村振兴不振兴，不光要看农民的腰包鼓不鼓，还要看乡风好不好。 他举例称，现在到农村去看，反映高额彩礼“娶不起”，名目繁多的人情来往礼金“还不起”，有的地方讲豪华丧葬“死不起”，以及孝道式微、农村老人“老无所养”，这些现象在一些地区都不同程度存在。 韩俊指出，要进一步加强宣传和发动群众，提升农民的精神风貌。这方面工作也非常重要，也要持之以恒抓出成效，要让农民有获得感。 此外，他还谈到，要加大投入力度，加快补齐基础设施和公共服务方面的短板，缩小城乡差距，提高农村基础设施的完备度、公共服务的便利度、人居环境的舒适度，也就是要让农民可感可及，要得到实惠。(完),423,https://www.chinanews.com.cn/gn/2025/03-08/10380075.shtml,彩礼
People.cn,2025-03-12,未登记婚姻破裂，天价彩礼何去何从？,杨某与姜某相识多年，于2023年确定恋爱关系，并决定结婚。2023年末，杨某及家属前往姜某家中给付彩礼，姜某及其父母接收共计32万元现金。2024年1月，双方举行了结婚典礼，但并未登记。后双方因生活琐事经常发生争吵，致使感情完全破裂。2024年末，双方发生争吵后，解除同居关系。杨某多次要求姜某返还彩礼，姜某拒不返还，杨某将姜某及其父母诉至茂林法庭，并向法庭申请冻结姜某银行账户。 案件受理后，承办法官仔细审阅卷宗材料，梳理案件关键点：双方未办理结婚登记但已共同生活近一年，32万元彩礼性质明确，目前姜某账户已被冻结。考虑到彩礼纠纷涉及情感与家庭矛盾，法官决定优先以调解方式化解纠纷，避免矛盾激化。 法官首先向杨某释明法律规定：“双方未办理结婚登记，彩礼原则上应予返还，但需结合共同生活时间、彩礼用途等因素综合判断。” 杨某情绪激动：“我们没领证，她必须全退！后来从那32万里面拿的5万块钱，给她买的金项链、金戒指啥的，都得还我，这是我家一辈子的积蓄！” 法官耐心安抚：“法律支持返还，但并非‘全有或全无’。你们共同生活近一年，日常开支、婚礼花费可能已消耗部分彩礼，法院判决时会酌情扣减。调解能缩短维权周期，避免执行难问题。” 随后法官与被告姜某及其父母沟通，姜某父母情绪抵触，“婚礼都办了，现在都以为他们结婚了，让我女儿怎么见人？这钱我们退不了那么多。” “杨某提交录音录像、婚礼时给付现金录像截图，均能证明32万元属于彩礼性质。若坚持不返还，判决可能支持更高比例。此外，您女儿的银行账户已被冻结，长期冻结将影响征信和生活。” 法官引导换位思考：“杨某家庭经济条件普通，32万元可能是举债筹措。若僵持不下，双方关系只会更加恶化。你们曾是有感情的，双方都各让一步，如今好聚好散也是对彼此的尊重。” 经法官多轮协商，最终，由被告姜某返还原告杨某彩礼24万元，杨某承诺解封账户。其中，使用彩礼钱购买的金手镯和金戒指价值2.5万元归原告所有，金项链和耳钉价值近2.3万元归被告所有，双方结婚时购买的个人衣物归个人所有，并各自归还，双方签署调解协议。 第三日，被告姜某来到茂林法庭，在法官的见证下，将24万元现金返还原告。 家事无小事，枝叶总关情。茂林法庭始终践行“调解优先、调判结合”理念，将法律权威与司法温情相结合。本案的成功调解，既维护了原告的合法权益，又引导被告主动履行义务，为化解婚恋纠纷提供了“最优解”。 彩礼源于传统习俗，但绝非婚姻的“保证金”。男女双方应以感情为基础，理性对待彩礼问题。若婚姻关系未能建立，接收方应及时返还，避免因“天价彩礼”伤及感情、加重负担。 《最高人民法院关于审理涉彩礼纠纷案件适用法律若干问题的规定》 第二条 禁止借婚姻索取财物。一方以彩礼为名借婚姻索取财物，另一方要求返还的，人民法院应予支持。 第四条 婚约财产纠纷中，婚约一方及其实际给付彩礼的父母可以作为共同原告；婚约另一方及其实际接收彩礼的父母可以作为共同被告。 离婚纠纷中，一方提出返还彩礼诉讼请求的，当事人仍为夫妻双方。,1257,http://jl.people.com.cn/n2/2025/0312/c349771-41161666.html,结婚登记;天价彩礼;婚姻;结婚;离婚;婚恋;彩礼;婚约;恋爱;夫妻;婚礼
CCTV,2025-03-13,男子相亲自称“省级机关工作、年收入35到40万”？成都警方：多人被行拘,央视网消息： 据“成都武侯公安”微信公众号消息，近日，成都市公安局武侯区分局在工作中发现，一段涉及某男子自称“在省级机关工作、年收入35万到40万”的相亲视频在互联网传播，引发舆论关注。 经依法调查，该视频系外省某“恋爱科技”有限公司为实施网络引流牟利，通过虚构事实、招募人员、编造身份信息等手段策划制作的虚假内容。该公司法定代表人刘某溪（男，28岁）组织编写虚假剧本，招募李某（男，37岁，某公司职员）并支付报酬让其扮演虚构角色，指使员工李某罡（男，26岁）、严某（男，24岁）、徐某兴（男，24岁）、张某（男，28岁）等人在我市进行视频摆拍及后期制作后发布上网。涉案人员以向某婚恋平台引流客户获取返点提成为目的，刻意编造国家工作人员身份、居住地址、收入水平，严重误导公众认知，造成不良社会影响，其行为已构成虚构事实，扰乱公共秩序。 目前，公安机关已依据《中华人民共和国治安管理处罚法》第二十五条第一项之规定，分别对刘某溪处以行政拘留10日，李某罡行政拘留7日，严某、徐某兴、张某及李某行政拘留5日的处罚。案件正在进一步侦办中。,465,https://news.cctv.com/2025/03/13/ARTIMOryZyT3SJyqgHdY8AiL250313.shtml,婚恋;恋爱;相亲
China News Service,2025-03-13,结婚前夕闹掰男方追讨37万元，法院为何判返还3万元？,男女相恋并同居三年，婚礼前一天双方吵架，婚宴临时取消。男方遂起诉女方，追讨彩礼、见面礼、婚纱照费用、酒店定金等共37万元。 3月12日，澎湃新闻记者从上海市闵行区人民法院(以下简称上海闵行法院)获悉，近期，该院审理了这起婚约财产纠纷案件。最终，法院结合双方共同生活情况、双方过错及被告为原告名下房屋添置的物品数量、价值及折旧情况，结合当地习俗，酌情确定被告返还彩礼3万元。 许克与顾佳原定于2024年1月30日举行婚礼，为此男方许克操办了预订酒店等相关事宜。然而在婚礼举行前日，两人因琐事发生矛盾。同日，许克自行联系酒店取消婚宴。此后，许克及其母亲夏英诉至上海闵行法院，要求女方顾佳返还见面礼、彩礼等相关款项，并赔偿酒店定金、婚纱照等损失。 原告许克和其母亲诉称：原告此前支付给被告的相关财物均系以许克和被告结婚为目的。现两人结婚未成，故原告许克及其母亲夏英主张：1.判令被告返还彩礼15万元，首饰、手机款30925.40元，三年见面礼、压岁钱等15000元，三年期间被告收取原告许克的款项96733.47元；2.判令被告赔偿酒店定金、婚纱照等损失25988元；3.判令被告返还原告许克代付的房屋租金57100元，赔偿酒店定金、婚纱照等损失，返还许克代付的房屋租金。上述金额合计375746.87元。另外，原告许克及其母亲夏英表示，要求被告返还的彩礼金额在其两人之间不进行区分。 被告顾佳辩称：上述款项，被告均不同意返还。彩礼15万元已用于支付为结婚置办的嫁妆及酒席，无可以分割的款项。首饰、手机等物品系圣诞节、春节等具有特殊意义的赠予。见面礼、压岁钱等原告无证据，即便有也只是感情往来，许克也曾收取被告家的见面礼和压岁钱。转账实为增进感情的日常消费支出。赔偿酒店定金无依据，婚礼系许克单方取消。婚纱照已拍摄完毕并存放许克家中，属于已消费内容，无返还依据。房屋租金不同意返还，被告与许克共同居住生活长达3年以上，被告也曾支付房租。此外，被告出资10万多元用于许克名下房屋的装修、购置家具等，要求在该案中一并处理。 上海闵行法院经审理涉案事实和双方证据，认为本案争议焦点系：原告许克及其母亲夏英主张返还的款项是否为彩礼？是否应当返还？ 许克和被告原定于2024年1月30日举行婚礼，许克的母亲夏英于2023年11月1日向被告转款15万元。结合该笔15万元的给付时间及金额，法院认定该款项系以婚姻为目的依据习俗而给付的彩礼。 许克购买首饰、手机等消费行为均发生于特定的节假日，实属特殊纪念意义时点给付的礼物，许克主张返还于法无据，法院不予以支持。 许克主张返还相恋期间的见面礼、压岁钱及转款，而许克于庭审中自认曾收取被告方给付的见面礼及被告转账10万多元。结合许克转款时各种亲昵备注，其所转款项系为表达或者增进双方感情的日常消费性支出，故对于其要求返还相恋期间的见面礼、压岁钱及转账之主张，法院均不予支持。 许克主张返还其支付的酒席定金及婚纱照拍摄费，婚纱照已拍摄且成片存于许克处。而原告提供的现有证据未能证明婚礼取消的过错在于被告，故对于原告要求返还酒席定金及婚纱照拍摄费之主张，法院不予以支持。 许克主张返还其支付的租房费用，现有在案证据显示许克与被告存在共同居住生活之事实，被告亦曾支付两人在外的租房费用，故对于许克主张返还租房款之主张，法院不予以支持。当然，因许克与被告存在共同居住生活之事实且许克多年来向被告频繁转款，故对于被告主张返还一半租金及10万多元转款之主张，法院亦不予支持。 许克确认被告出资为其名下房屋添置的家具且现仍放置于其处，本着物尽其用、方便诉讼的原则，法院酌情确定上述物品均归许克所有，由许克支付被告相应财产折价款且在彩礼金额中予以抵扣。 综上，结合许克与被告共同生活情况、双方过错及被告为许克名下房屋添置的物品数量、价值及折旧情况，结合当地习俗，法院酌情确定被告返还彩礼3万元。 婚约财产纠纷涉及彩礼、订婚礼物、共同筹备婚礼的费用等财物争议。近年来，婚约财产纠纷案件频发，折射出婚恋观念与财产权益的复杂博弈。最高人民法院《关于审理涉彩礼纠纷案件适用法律若干问题的规定》明确规定，彩礼作为传统婚俗的组成部分，其本质是以缔结婚姻为目的的附条件赠与，禁止借婚姻索取财物。对此，法官提醒： 其一，明确法律底线。法律不保护超出合理限度的彩礼，若高额财物导致给付方家庭陷入经济困境，或存在明显“交易化”倾向，法院可全额或部分支持返还。婚姻自由不得被物质利益绑架，借婚姻敛财的行为将受法律否定性评价。 其二，动态权衡事实。是否返还及返还比例需要综合考量双方是否登记结婚、共同生活时间长短、彩礼实际用途及对家庭的影响。例如，已共同生活多年或生育子女的，因彩礼已部分转化为家庭共同利益，返还比例可显著降低。 其三，强化证据意识。恋爱期间的节日红包、日常消费等一般认定为无条件赠与，不属于彩礼范围。当事人可通过书面协议、银行转账等可溯方式明确彩礼性质，防止现金交付导致举证困难。避免彩礼与个人财产混同使用，保留独立账户存取记录。若彩礼已部分消耗，需提供租房合同、婚礼支出票据等证明。 其四，区分诉讼主体。父母能否参与彩礼诉讼，关键看纠纷类型及是否实际经手彩礼。若因退婚、悔婚等原因产生彩礼纠纷，实际支付彩礼的一方及其父母可作为共同原告，实际接收彩礼的一方及其父母也可被列为共同被告。若夫妻在离婚诉讼中涉及彩礼问题，如符合因彩礼导致生活困难等法定情形，诉讼主体原则上为夫妻双方，父母不能直接作为原告或被告参与，除非有证据证明彩礼涉及父母个人财产。(文中人物均为化名),2286,https://www.chinanews.com.cn/sh/2025/03-13/10382320.shtml,婚姻;结婚;离婚;婚恋;彩礼;婚俗;婚约;恋爱;夫妻;婚礼
China News Service,2025-03-13,驻马达加斯加大使馆提醒：严格遵守相关涉外婚姻法律法规,中新网 3月13日电 据中国驻马达加斯加大使馆微信公众号消息，近期，马达加斯加公安部门破获一起跨国婚姻相关贩卖人口案，多名涉案中国公民被捕。中国驻马达加斯加使馆依法依规维护中国公民合法权益，同时坚决反对一切违法犯罪行为，并支持马强力部门依法打击有关违法犯罪活动。为此，再次提醒中国公民严格遵守相关涉外婚姻法律法规，包括： 一、根据中国法律，任何婚介都不得从事或变相从事涉外婚姻介绍业务，任何个人不得采取欺骗手段或以营利为目的从事或变相从事涉外婚姻介绍活动。请中国公民远离以熟人或朋友介绍为名的不法中介，以免人财两空。如有上当受骗者，请向国内公安机关报警。 二、金钱(彩礼)通常是当地法院判定贩卖人口罪的重要依据。支付高额介绍费或彩礼，可能因涉嫌贩卖人口罪而被逮捕，并将在马陷入冗长的司法程序。 三、根据马达加斯加法律，外国公民入境后不得从事与签证类别不符的活动。马签证类别中没有以来马娶亲为目的的签证，在马机场办理的落地签只能从事旅游活动。中国公民应了解自己的签证种类和对应的来马事由，并在签证有效期内离境，以免因违反马法律而受到惩罚。 驻马达加斯加使馆领保电话：+261-3307-88188 外交部全球领事保护与服务应急呼叫中心电话：+86-10-12308或+86-10-65612308 【,549,https://www.chinanews.com.cn/hr/2025/03-13/10382436.shtml,婚姻;彩礼;婚介
People.cn,2025-03-13,敦化市婚姻家庭辅导中心荣获2024年度全国三八红旗集体称号,近日，全国妇联组织开展了2024年度全国三八红旗手标兵、全国三八红旗手、全国三八红旗集体、全国巾帼文明岗评选表彰工作，敦化市婚姻家庭辅导中心荣获2024年度全国三八红旗集体称号。 多年来，敦化市婚姻家庭辅导中心积极发挥“婚姻稳定剂”作用，设立婚姻家庭辅导室，为新人提供婚前辅导、婚姻家庭关系调适等服务，帮助新人树立正确的婚姻家庭观念，通过开展“结婚登记颁证仪式”，增强婚姻登记的仪式感和庄重感，引导新人树立文明健康的婚俗观念。同时，该中心还积极参与婚姻家庭矛盾纠纷调解工作，为遭遇婚姻家庭困境的群众提供心理疏导服务，帮助他们化解矛盾、解决问题，维护家庭和谐稳定。并通过婚姻家庭法律法规宣传普及活动，提高群众的法律意识和维权意识，促进形成平等、和睦、文明的婚姻家庭关系。 在过去5年间，该中心每年为新婚夫妻开展婚前辅导2400余人次；对离婚夫妻实行全员辅导，年均开展离婚疏导3700余人次，劝和率达47.6%。通过辅导团队的每日轮值，为办理协议离婚的夫妻提供了矛盾调适、劝解辅导等服务，助力夫妻正确、理性面对问题与矛盾，掌握经营婚姻、化解危机的技巧，改善家庭成员关系，科学开展子女教育，提升婚姻家庭问题应对能力。,505,http://jl.people.com.cn/n2/2025/0313/c349771-41162802.html,婚姻登记;结婚登记;婚姻;结婚;离婚;婚俗;夫妻
China News Service,2025-03-14,女销售以“恋爱”为名诱导男性买房是否涉刑责？购房合同有效吗？,一则“36名男子被假借‘婚恋’名义诱导买房”的消息近日引起外界广泛关注。 3月13日晚，澎湃新闻从广东惠州市仲恺高新区获悉，据仲恺高新区城乡建设和综合执法局介绍，龙光玖璟台和昊艺尚苑项目共31位业主反映被深圳中介以“婚恋”为由引导去买房。涉事业主均通过某交友平台认识并添加女性微信好友，随后建立恋爱关系。相处过程中，女性好友告知购房者是以结婚为目的与其相处，提出购房以增加父母同意婚事的可能性，并将中介人员推荐给购房者。经上述女性引导，相关业主自行在龙光玖璟台和昊艺尚苑小区购房。以上交易均由深圳易家置业顾问有限公司中介带客成交。经查，以“婚恋”为由参与购房引导的女性共15人(并非网传的刘某1人)，均为深圳易家置业顾问有限公司销售人员。 针对该事件，3月13日晚，澎湃新闻致电深圳易家置业顾问有限公司，工作人员称不了解，随后挂断电话。另据南方都市报此前报道，记者从涉事房地产公司了解到，购房交易均由购房人本人签字办理，自行交纳购房款、办理银行按揭贷款等相关手续；房屋出售价格也与同一楼盘同一时期的其他购房价格相当，无溢价销售。 随着该事件在网上热传，相关法律问题引起外界讨论，如中介公司、女销售的行为是否构成诈骗，需承担哪些责任？作为被诱导的受害人，已经购买房子的男性该如何维权，是否有权撤销买房合同？ 针对中介公司、女销售人员的行为是否构成诈骗、是否涉及刑事责任的问题，惠州仲恺高新区官方人士表示，相关情况以公安机关的调查为准，目前该事件仍在调查处理中。 广州市法学会刑事辩护研究会副会长、广东法制盛邦律师事务所高级合伙人陈亮律师表示，在上述案例中，女销售诱导男性买房的行为，跟“饭托”、“酒托”有点类似。据现有媒体报道披露，被诱导的男性买房时，房屋的价格是按市场价进行交易，也就是说中介公司、女销售是靠中介费、佣金获利，没有直接占有男性的购房款。从这个意义来说，这种行为不构成诈骗罪。但女销售通过谈恋爱的名义，诱导男性买房，这属于用欺诈的方式促成交易，不是买房人真实意思的表达，因此作为被诱导的男性，有权利要求撤销所签订的买房协议。若开发商不同意解除合同，被诱导的购房人有权向中介公司、女销售索赔，如果协商不成，可以走司法渠道维权。 陈亮指出，若在上述事件中，对于中介公司、女销售的套路，开发商是知情的，甚至是串通在一起的，共同欺骗了买房人，那么该购房合同是无效的，购房一方有权直接要求解除合同。 陈亮还表示，中介公司、女销售通过欺诈的方式获得中介费等报酬，这属于违法所得，应予以没收。同时，市场监管部门应对这种违法行为进行处罚，行业协会也可依据相关规定对其作出处分。 陕西恒达律师事务所高级合伙人、知名公益律师赵良善认为，销售人员通过虚构恋爱关系、承诺结婚等方式诱导购房者买房，让购房者误以为购买的是婚房，然而这仅仅是销售人员出售房屋的手段，恋爱乃至结婚只是销售的障眼法，购房者在被隐瞒事实真相的情况下购买房屋，销售人员构成欺诈。根据民法典第一百四十八条规定，一方以欺诈手段，使对方在违背真实意思的情况下实施的民事法律行为，受欺诈方有权请求人民法院或者仲裁机构予以撤销。因此，购房者有权要求撤销购房合同，并要求销售人员及其所在中介返还因购房所遭受的损失。 赵良善指出，涉案销售人员，还可能涉嫌刑事犯罪，因其通过虚构婚恋关系、承诺结婚等方式，诱导多名男性购房，在购房后消失，最终目的是获得大量佣金，具备虚构事实非法占有的主观意思表示，符合诈骗犯罪的构成要件。 赵良善表示，涉案中介作为销售人员的任职公司，对于其工作人员负有监管责任，因销售人员侵害他人合法权益，根据民法典第一千一百九十一条规定，用人单位的工作人员因执行工作任务造成他人损害的，由用人单位承担侵权责任。购房者基于此而产生的民事损失，可向中介机构主张。同时，销售行为后果归于其所在公司，其所任职公司放任销售人员通过不正当方式达到业绩目的，存在失责。 赵良善建议，购房者可先行向房地产主管部门投诉反馈，通过行政手段处理上述纠纷，如投诉无果的，应当及时报警，请求公安机关介入，提交被诈骗的证据，主张有关主体承担刑事责任。除此之外，基于欺诈达成的购房合同，购房者还可以请求人民法院依法撤销，撤销后购房款将得以返还，房贷危机解除。 北京泽亨律师事务所刑事部主任律璞玉律师表示，根据目前媒体披露的事实，女销售和中介人员以婚恋为名，诱骗被害人购房，虽然有虚构事实、隐瞒真相，但被害人自主签约、签约的对象是房产开发商或销售公司，房产开发商和中介是否与女销售和中介人员通谋，目前尚不确定。若双方没有串通，签约主体房产开发商和销售公司没有虚构事实、隐瞒真相，则不属于在签订、履行合同过程中虚构事实、隐瞒真相，而且房屋价格不存在虚高或溢价问题，被害人以市场价格获得了对价房产的所有权，难以认定因受骗遭受损失。房产因市场行情变化、距离工作地点远空置以及贷款等问题，带来财产损失，是房产买卖时被害人有认识能力的事实。因此，从现有的情况来看，要认定女销售和中介公司构成诈骗罪较为困难。 律璞玉表示，房屋开发商或销售公司是否与女销售和中介人员合谋，当前还不确定，有待相关部门调查认定。假设房屋开发商或销售公司与女销售和中介人员有通谋，则构成民事欺诈，可依法要求撤销合同。假设双方没有通谋，房屋开发商或销售公司为善意第三人，购房一方主张合同无效、要求撤销合同恐怕较为困难。 湘潭大学法学院教授张永红表示，该事件中，对于女销售及其背后的中介公司的行为，若要认定需承担刑责，其适用的罪名应该是诈骗罪。诈骗罪主要是指行骗人以非法占有为目的，使被害人产生错误认知，造成了财产损失。女销售以谈“恋爱”为诱饵，诱导男性买房，可以说买房的男性受到了一定的欺骗。但要构成诈骗罪，还要看受害人是否有财产损失。如果当时的买房是按市场价进行交易的，很难说受害人当时遭受了财产损失。倘若买房后，由于市场变化，房价下跌，买房一方的房产缩水，但这不是当时买房交易所带来的财产损失。因此，在该事件中，若要认定构成诈骗罪，可能存在如何认定造成财产损失的难点。 张永红表示，作为被欺骗的一方，买房的男性是否有权要求撤销合同，主要看买房一方在签订合同时是否存在重大误解，如受到欺骗对房屋的升值产生错误的认知、受到胁迫等，就可认定存在重大误解，有权要求解除合同。买房一方可以先和开发商进行协商，若协商不成，可以走诉讼渠道解决。 【,2615,https://www.chinanews.com.cn/sh/2025/03-14/10383165.shtml,结婚;婚恋;恋爱;对象
People.cn,2025-03-16,渝中：以乐定情 为单身职工搭建婚恋交友平台,以音交心，以乐传情。3月15日，一场以音乐会为主题的青年职工婚恋交友活动在渝中区山城巷启幕。活动为追求幸福生活的单身职工打造一个真诚、轻松的交友平台，帮助他们扩大社交圈、寻找美好缘分。 本次活动主题为“渝见乐动倾心·春风音乐会”，由重庆市总工会主办，重庆市总工会女职工委员会与重庆市渝中区总工会联合承办，活动吸引了100余名全市在职单身职工参与。 活动现场设置了创意签到区、唱片走廊以及音乐会主场等区域。参与嘉宾签到后可在唱片走廊提前寻找心仪对象，并在后续活动中通过音乐主题互动加深了解。工会组织在活动筹备与开展过程中，充分考虑青年职工的需求与喜好，通过内部渠道广泛宣传，鼓励单身职工积极参与。 在现场发现，整个活动流程丰富多样，其中包括歌曲接龙、谁是音乐人、声而不凡等音乐主题游戏，通过有趣的游戏形式帮助单身职工相互熟悉、增进感情。据了解，参与活动100余名职工里，成功牵手的有20余对。 “在社会节奏日益加快的当下，众多职工因工作繁忙、社交圈子局限等原因，在婚恋交友方面遭遇难题。为切实服务职工，发挥工会组织的桥梁纽带作用，增强职工的归属感与幸福感，我们精心筹划此次活动。”渝中区总工会相关负责人说。 该负责人表示，将持续加大职工婚恋需求调研，精心策划更多青年单身职工交友联谊活动，为他们搭建良好的沟通交流平台，助力单身职工在忙碌的工作之余，能够顺利找到人生伴侣，实现个人幸福与事业发展的双赢，进一步提升职工的获得感、幸福感和安全感。 据了解，“渝见乐动倾心·春风音乐会”单身职工婚恋交友活动是渝中区总工会在服务职工婚恋交友方面的一次积极尝试与创新实践，通过音乐与交友的有机结合，为单身职工创造了一个轻松愉快、真诚互动的交流环境，正聚力打造成工会组织服务职工的一项暖心品牌活动，在促进职工个人幸福方面发挥积极作用。（黄亚辉、张语霏）,768,http://cq.people.com.cn/n2/2025/0316/c365411-41165325.html,婚恋;单身;伴侣;对象
CCTV,2025-03-17,集体交友成为青年婚恋交友重要方式：选择多 不尴尬,中新网银川3月16日电 题：集体交友走俏青年群体：选择多 不尴尬 3月16日下午，“90后”张丰瑞和两位朋友一同来到宁夏银川市贺兰县金贵镇牡丹花乡，参加银川市团委、银川市总工会联合举办的“桃笺馥郁，春赴芳华”2025青年联谊交友活动。在互动游戏中，她很快摆脱了刚来时的局促感：“感觉大家在一起不会太尴尬，而且选择的空间也很大。” 本次活动吸引近200名单身青年参与。“这是我第一次参加这种集体交友活动，来之前我还做了不少‘心理建设’。”26岁的杨东静笑言，希望能在这里找到陪伴自己一生的那位男士。 记者在现场看到，男女青年的衣服上贴有醒目的编号，在入口处的信息墙上还张贴着青年们的照片、姓名，便于彼此锁定“心动嘉宾”。 “1+1＞2”“有幸遇见，合拍就好”“那就从‘你好’开始吧”“愿得一人心，免得老相亲”……在签到墙上，单身青年纷纷写下“爱情宣言”，展现自己的择友观、恋爱观。 活动现场，青年们参与互动游戏，大胆认识朋友，迅速拉近彼此的距离。在看图猜成语环节，优胜者可以来到台上，主动挑选自己的心仪嘉宾；另一个环节中，青年们可以将手中的饮品交予心动对象，如果对方接受，便可共赴“桃林之约”，进一步了解彼此。 “有别于‘一对一’这种传统的交友方式，大型交友活动更加高效，可以让我们通过简短的交流了解彼此的需求。”在国企工作的青年邵国庆是第二次参与集体联谊活动，“我的社交圈比较固定，集体交友可以扩展朋友圈，结识更多的朋友。” 当下，集体交友联谊逐渐成为青年婚恋交友的重要方式，记者梳理发现，中国多地举办了各具特色的集体联谊活动。以宁夏为例，银川市团委全年预计开展4场大型青年交友联谊活动，同时配套举办小范围的特色交友活动10场。 “举办大型青年联谊活动旨在为广大青年搭建交友平台，帮助‘社恐’的青年认识更多的朋友，同时我们还穿插了很多有意思的小游戏，有效缓解交友中的尴尬氛围。”银川市团委副书记李龙表示，希望更多青年借助联谊活动，找到良友与伴侣。(完),826,https://news.cctv.com/2025/03/17/ARTIs4NL8pQF016tb0VX6Tr5250317.shtml,婚恋;恋爱;相亲;单身;伴侣;对象
China News Service,2025-03-17,整治高额彩礼 为婚姻“减负” 给幸福加分,结婚本是人生一大喜事，然而在一些地方，高额彩礼成了许多青年的“不可承受之重”。近年来，高额彩礼问题在一些地方有蔓延之势，成为困扰青年群体婚恋的现实难题。 在今年全国两会上，“高额彩礼”再次成为热议话题。代表委员从不同角度剖析高额彩礼现象，探讨治理之道，为推动婚俗改革、营造健康婚恋环境建言献策。 高额彩礼之困：从“礼”到“债”的现实之痛 彩礼，本是中国传统婚俗文化的一部分，象征男方对女方的尊重和诚意。然而，近年来，彩礼在一些地方逐渐“变味”。 全国人大代表、安徽省濉溪县刘桥镇乡村振兴工作站负责人陈影调研发现，皖北不少地区的彩礼普遍在10万元以上，加上“三金”等费用，累计近20万元。“为了娶媳妇，不少农村家庭会借钱。”陈影说。 由于长期观察西部地区青年结婚彩礼情况，来自西部一所高校的学者马广军提到，在西部一些地区，彩礼二三十万元都不稀奇，除了现金，黄金也是必备，“不仅如此，往往还要求男方在县城买房”。 “在一些高彩礼的地方，彩礼返给年轻人用的很少，大部分留在女方家，作为对女方的一种补偿，却给很多新婚家庭埋下了不幸的种子。”马广军说。 他还分享了一个案例：在调查过的一个西北山村，小伙子为了娶亲，家里东拼西凑借了30万元彩礼。婚后，一家人首先要面对债务问题，小两口日子过得紧巴巴，其间矛盾也越积越多，原本的幸福被消磨殆尽。 在一些代表委员看来，高额彩礼的出现并非偶然，背后有多种因素交织。 “传统观念是其中的重要因素。”来自甘肃省古浪县乡村一线的全国人大代表李光霞说，过去彩礼象征“面子”，彩礼越高，越能体现男方的诚意，“这种观念在农村社会根深蒂固，容易形成攀比的风气”。 现实的困境也在一定程度上推动彩礼的上涨。李光霞提到，一些农村地区经济发展相对滞后，部分家庭希望通过彩礼改善经济状况，这在一定程度上加剧了彩礼的攀比现象。 全国人大代表、安徽省东至县新时代文明实践服务中心主任丁德芬则从另一个角度分析：“一些人觉得，彩礼既是男方家庭态度的体现，也是对女性婚后保障的一种方式。”丁德芬观察到，有一些人认为，部分女性如果婚姻出现问题，彩礼将成为最后的物质兜底。 据马广军观察，在一些地方，传宗接代的思想深入人心，男方家庭即便经济困难，也会想尽办法凑彩礼。“周围人都在比彩礼，这种攀比让彩礼越来越高。” “一些农村适龄男女比例失调也是重要因素，在西部农村地区更为突出。”马广军分析，按传统观念，结婚时男方要准备房子、给女方彩礼，需要一定的物质基础，大部分农村普通男青年很难在外择偶，女孩子则通过就学工作，在外择偶相对容易，导致农村男孩多女孩少，自然彩礼水涨船高。 面对高额彩礼带来的种种问题，各地纷纷展开探索与实践，试图找到破解之道。 在李光霞所在的古浪县大靖镇三台村，近年来，通过全方位、多渠道的宣传引导，婚俗新风尚蔚然成风。“我们利用大喇叭广播、张贴宣传标语、召开村民大会等方式，向村民宣传高额彩礼的危害和文明婚俗的理念。”李光霞介绍，村里还将抵制高额彩礼纳入村规民约，明确彩礼标准，让村民有规可循。 三台村还通过设立“文明股”“巾帼家美积分超市”等积分奖励机制，对积极响应婚俗改革的家庭和个人进行奖励，激发村民的参与热情。“在这些措施的推动下，全村文明婚俗已成风尚，很少有人因为彩礼高而结不了婚。”李光霞说。 东至县也在积极探索婚俗改革之路。“合理的彩礼是可以理解的，但坚决反对高额且超出承受范围的彩礼。”丁德芬说，当地的移风易俗行动成效显著，“如今，已有不少年轻人主动选择‘零彩礼’，还有人摒弃传统婚宴形式，选择旅行结婚或仅举办小范围的亲戚家宴”。 在来自甘肃省肃南裕固族自治县的全国政协委员贺颖春看来，结婚需要两个家庭的托举。她介绍，当地婚礼支出通常由双方家庭共同承担，男方家如果出一部分彩礼，女方家往往会返还一大部分，有的甚至以牛羊等作为陪嫁。“这样的习俗，让年轻人在结婚时没有太大的经济压力，可以轻装上阵。”她说。 对于治理高额彩礼，全国政协委员马东平认为，从根本上遏制高额彩礼，需要法治层面的介入。 她建议，加快推动治理高额彩礼地方条例立法，明确政府部门、人民团体、自治组织、社会组织的职责，充分发挥村民委员会、红白理事会、道德评议会等乡村自治组织以及行业协会的作用，将治理高额彩礼纳入基层社会治理之中。 贺颖春则强调引导的重要性。“妇联等部门经常开展移风易俗的宣传活动，树立典型，引导群众树立正确的婚恋观。”在她看来，通过举办集体婚礼等方式，也可以有效遏制高额彩礼现象的蔓延。 陈影也呼吁社会各界共同努力，多管齐下解决问题。“彩礼问题不是孤立存在的，它不仅关乎农村家庭的经济负担，更反映农村社会发展中的一系列问题。”陈影认为，乡村振兴战略的深入推进至关重要，只有农村经济发展了，就业机会增多了，收入水平提高了，返乡青年多了，彩礼背后折射出的结构性问题才会有所缓解，农村婚恋市场的窘境也会随之改善。 在马广军看来，高额彩礼问题的解决，需要调整人口结构、转变传统观念、完善法律和保障制度等多方面的措施。“只有通过全社会的关注和努力，才能让彩礼回归理性，让婚姻不再被金钱绑架，让婚恋市场恢复健康与和谐。” 中青报·中青网记者 马富春 黄丹玮,2129,https://www.chinanews.com.cn/sh/2025/03-17/10384216.shtml,婚姻;结婚;婚恋;彩礼;婚俗;择偶;婚礼
People.cn,2025-03-17,洛邑古城：汉服古风遇上婚恋交友--河南频道--人民网,人民网郑州3月17日电 （记者王玉兴）春风拂柳，汉服盈城。3月15日，“会聚良缘·豫见”2025年河南省职工婚恋交友活动在洛阳市洛邑古城启动，100多名青年职工身着汉服，参与各种古风互动环节，交友联谊，增进了解。 活动现场设置了逐凤入囿、古风锤丸、鹊桥锦球连心意等10项古风古韵的活动，深受参与者的欢迎。 近年来，河南省总工会坚持把为单身职工提供普惠婚恋交友服务作为贯彻落实国家积极生育支持措施、促进人口高质量发展的重要抓手和具体行动，全力打造工会组织上下联动、线上线下互动、职工需求推动的“会聚良缘·豫见”职工婚恋交友服务工作品牌，不断提升职工群众获得感、幸福感、安全感。 洛阳市总工会还培育组建了231名专业义务红娘志愿者队伍，为单身青年提供婚恋交友、婚前辅导、情感疏导等“一站式”服务，助力青年职工扎根洛阳、爱上洛阳、创业洛阳。,367,http://henan.people.com.cn/n2/2025/0317/c351638-41166146.html,婚恋;单身
People.cn,2025-03-18,线上邂逅线下相守 社交平台婚恋新方式折射年轻人婚恋观--经济·科技--人民网,金黄的菜花点缀绿野，早春的雨水滴落屋檐。在四川省德阳市中江县，一场别开生面的婚礼正在举行。 婚礼现场，融合了蜀绣婚服、竹编装饰、木版年画礼仪道具等四川非遗元素，让新郎小谢与新娘小黄的婚仪展现出传统中式婚礼的浪漫和谐。 两人的相遇，始于一次线上邂逅。据小谢回忆，两人最初的交集，并不是以婚恋为目的，而是在一个相对轻松、开放的线上场景中，基于共同的兴趣爱好，开始了最初的互动。 “结婚并非一时冲动，而是在对彼此人品、价值观和生活态度进行深度了解和认可的基础上，做出的果断决定。”小黄表示，Soul App为我们创造了一个打破社交壁垒、实现“灵魂相遇”的平台。 “自2016年上线以来，已促成超过10万对情侣相遇相识并步入婚姻殿堂，成为众多用户真挚爱情的起点。”Soul App相关负责人说，为了纪念这一具有里程碑意义的时刻，平台特别启动了“百万婚礼——灵魂有趣，终会相遇”项目，旨在通过一场浪漫的婚礼，鼓励大家相信爱情，小谢与新娘小黄成了首对新人。 Soul App联合复旦大学传播与国家治理研究中心等发布《2025年Z世代社交趋势洞察报告》显示，68.17%的00后支持非遗元素融入婚礼。 “年轻人需要更自然的连接场景。”项目相关负责人介绍，注册用户会在个人主页标注音乐、游戏等兴趣标签，同时AI智能推荐引擎“灵犀”也大大提高了匹配效率，让这些基于共同爱好的社交破冰，成为新一代朋友和婚恋关系的起点。,599,http://finance.people.com.cn/n1/2025/0318/c1004-40441090.html,婚姻;结婚;婚恋;情侣;婚礼
People.cn,2025-03-18,霍山：“零彩礼”为幸福加分,3月15日，霍山县太阳乡金竹坪村的 “新风堂” 内，一场特殊的婚礼正在举行。没有豪华车队、高昂彩礼和铺张酒席，取而代之的是满满的温馨与庄重，这是一场 “零彩礼” 婚礼。 新郎小万是金竹坪村的小伙，新娘小詹是河南洛阳的教师。两人经人介绍相识相知，在筹备婚礼时，积极响应文明新风号召，决定打破传统举办 “零彩礼” 婚礼。这一决定得到双方家庭大力支持，村民们也纷纷称赞。新娘父亲詹高峰表示，幸福不能用彩礼和金钱衡量，年轻人生活压力大，不应大操大办，双方父母会全力支持小两口组建新家庭。 金竹坪村村干部王定霞介绍，自2024年村里建起 “新风堂” 并统一办事标准，村民红白喜事花费减少一多半。过去高彩礼让不少年轻人对结婚望而却步，钱花在吃喝上不划算。如今婚事简办受大家欢迎，节省的钱可用于婚后生活或创业，既减轻百姓负担，又让年轻人对未来更有信心。 近年来，霍山县全力推进移风易俗，培育文明乡风、良好家风、淳朴民风。全县144个行政村（社区）将婚事新办理念写入村规民约，“婚事新办、喜事简办” 的文明婚俗观念渐入人心，众多群众积极响应，成为婚俗改革的实践者与文明新风的传播者。 霍山县在倡导文明新风方面举措不断。2023年12月，顺通巴士公交公司推出 “婚庆巴士”，将公交车装扮成婚车供新人使用，已有20多对新人选择。同时，县里通过多种方式先后建成15家 “家宴中心”“新风堂”，为300多户村民办宴席提供便利，倡导节俭办席。此外，还经常组织集体婚礼、青年交友联谊、“新婚第一课” 等活动，以 “为爱倡议”“法官进村说彩礼”“文艺课堂” 等形式，浓厚新时代婚嫁新风。 为让文明新风深入人心，霍山县以文明 “六礼” 为载体打造 “霍山礼好” 乡风文明品牌，倡导抵制高额彩礼、高价婚礼，创作《彩礼的事儿》《婚礼问题》等文艺节目进行艺术化宣讲。在农村精神文明建设中，发挥 “一约四会” 自治作用，宣传身边好人和文明新风示范户，依托 “文明银行” 发放文明积分，引领文明风尚。 霍山县的这场 “零彩礼” 婚礼，象征着年轻人对传统陋习的摒弃和对文明新风的追求。霍山县正逐步引导群众转变观念，弘扬新风尚，让婚俗新风家喻户晓，让良好家风蔚然成风。（李晓旭、陈波）,919,http://ah.people.com.cn/n2/2025/0318/c374164-41167572.html,结婚;彩礼;婚俗;婚嫁;婚礼
People.cn,2025-03-20,深圳南山把婚姻颁证场所搬到海上,一对新人在游轮甲板上完成颁证仪式。 （受访单位供图） 将婚姻证书颁发地点放到大海上，让碧波蓝天见证“山盟海誓”，是件多么浪漫的事。近日，深圳创新推出一项婚姻服务，将婚姻证书颁发仪式从传统民政局搬至海上。由南山区民政局与招商邮轮联合打造的“湾区游轮户外海上婚姻证书颁发点”正式启用，成为全国首个以海洋为背景的婚姻颁证场所。 据介绍，新人可在游轮甲板上完成颁证仪式，由南山区民政局工作人员主持，以海浪声为背景音乐，海天一线为天然布景，许下“海誓山盟”的承诺。仪式全程免费，每月限量开放20个名额。未来三个月可预约日期为4月15日、5月20日、6月19日。 预约方式：市民通过“南山通”小程序的“特色专题”进入“山海有囍”专题页面，可提前7天预约名额。相关部门提醒：预约成功的新人，需按预约时间准时抵达深圳国际邮轮母港，迟到者视为放弃资格；此外，在游轮上仅提供颁证仪式体验，婚姻登记仍需提前在民政局办理。 据了解，除颁证仪式外，湾区游轮还推出了海上求婚、婚礼定制、婚宴套餐等一体化服务。新人可选择在甲板落日、港珠澳大桥背景下交换戒指，或品尝粤式婚宴，实现“一站式”海洋主题婚礼。海上颁证点的落地，标志着深圳婚姻服务从“便利化”向“个性化”“场景化”转型，此举也是深圳推动海洋经济与文旅经济融合的一次创新探索，助力城市文旅消费升级。（记者 戴晓蓉）,570,http://sz.people.com.cn/n2/2025/0320/c202846-41169715.html,婚姻登记;婚姻;婚礼
CCTV,2025-03-21,白皮书：未婚、不婚、再婚、离异人群遗嘱登记呈现显著差异,未婚、不婚、再婚、离异人群遗嘱登记呈现显著差异。3月21日，《中华遗嘱库白皮书（2024年度）》在京发布。 当前，越来越多人的婚姻观念发生转变。白皮书统计指出，截至2024年底，前述三类人群登记总量超3.6万份，映射出社会结构变迁下的财产规划新趋势。 中华遗嘱库是由中国老龄事业发展基金会发起主办的全国性公益项目。数据显示，过去8年间，共有2618名未婚、不婚人士在中华遗嘱库登记保管遗嘱。历年未婚、不婚立遗嘱人群年龄段主要集中在60周岁以下群体。60周岁以下未婚、不婚立遗嘱的人数除2017年和2019年外，其余年份人数占比均保持在 80%以上。 白皮书显示，2017—2024年间，未婚、不婚人群中，女性订立遗嘱所占的比例较高，总比例为69.29%。整体来看，未婚、不婚人群中立遗嘱的性别比例相对稳定，女性对遗产规划的意识和需求可能更为强烈。 此外，未婚、不婚人群立遗嘱所在地域分布广泛，但大城市和经济发达地区较为集中。比如，北京、上海、广东等地区未婚、不婚人群订立遗嘱的数量相对较高，总占比共达75.36%。 在职业分布上，超过一半为“企业高管”和“专业技术人员”，占比分别为34%和29%。专业技术人员主要指律师、理财师、会计师、工程师、建造师等持有专业从业资格的人。“机关和事业单位工作人员”群体占比11%，常见的身份为“教师”和“医生”。 白皮书统计指出，未婚、不婚人群立遗嘱理由与中青年人群在原因的种类上区别不大，但相对于已婚、离异等群体，未婚、不婚人群的家庭结构存在较大的差异，故而其立遗嘱的理由呈现出不同的分布态势。 比如，对于未婚、不婚人群，“照顾父母”是其订立遗嘱的主要目的，占比为44.65%。“防止财产下落不明”“简化手续”也是其考虑的重要方面，占比分别为29.07%、11.32%。经分析，未婚、不婚人群中，有1.60%为了照顾子女，说明非婚生子女的情况客观存在；有7.97%将财产遗赠给公益机构。 澎湃新闻注意到，除了未婚、不婚人群，白皮书还统计了再婚、离异人群遗嘱登记状况。 数据显示，从2017年开始，每年在中华遗嘱库登记保管遗嘱的再婚人群呈增长态势。截至2024年底，共有12424 名再婚人群在中华遗嘱库登记并保管遗嘱。其中，60岁以上占比80.39%，女性比例达 68.21% 。 其中，40.25% 的再婚者希望通过遗嘱保障父母晚年生活，另有 28.24% 明确提出“防止财产旁落”，折射出再婚家庭对财产分配的谨慎态度及对财产流向的敏感性。 数据还显示，截至2024年底，离异人群遗嘱登记量达21656份，总量居三类人群之首。60岁以上群体占比87.30% ，女性比例稳定在60%左右。大学以上学历者占比过半，北京以36.41% 的占比成为离异人群遗嘱规划最活跃地区。“照顾父母”与“防止财产旁落”（合计65.63%）为该群体立遗嘱的主要原因。 中国人民大学民商事法律科学研究中心学术委员会副主任杨立新认为，订立遗嘱的再婚家庭中女性占比高，与女性社会观念转变、社会地位提高、独立意识不断增强有着直接关系。相较于男性，她们更注重自身财产的保护和传承，也更青睐于通过订立遗嘱来确保财产得到合理分配。 他还指出，前述三类数据共同揭示出社会转型期的家庭形态演变，遗嘱已从单纯的财产分配文书，转变为现代人管理社会关系的重要载体。,1380,https://news.cctv.com/2025/03/21/ARTIeZeGsN4bDLGNsjU1WKTE250321.shtml,婚姻;再婚;不婚
CCTV,2025-03-21,福建省户外婚姻公共服务点增至29个,日前，泉州市永春县民政局婚姻登记处北溪婚姻登记点正式启用，成为福建省第29个户外婚姻公共服务点。当天，在“月老”的引导下，10对新人身着传统中式礼服，完成过风炉、行礼等闽南传统结婚仪式，在亲友和游客的祝福中迈向人生新旅程。 近年来，在户外进行婚姻相关仪式越来越受到热捧。福建省婚姻公共服务顺应这一民生需求，通过营造浪漫温馨的婚姻登记环境，提升婚姻服务的仪式感和幸福度，持续深化婚俗改革成果，积极传承中华优秀婚姻家庭文化，助推社会精神文明建设。 北溪文苑旅游风景区位于永春县岵山镇北溪村，占地3.4平方公里，是泉州生态旅游自然景区、全国农业旅游示范点。 据永春县民政局婚姻登记处主任黄圳生介绍，北溪婚姻登记点主要实行拨打工作电话预约结婚登记事务。同时，兼有颁证点的功能，依实际预约时间和新人数策划集体婚礼活动。 据了解，目前福建省29个户外婚姻公共服务点中，有7个是公园（景区）式婚姻登记点，22个是户外颁证点。 户外颁证点一般面向已领证的新人进行集体婚礼等具有仪式感的特色婚礼活动策划。由于福建省实行现场婚姻登记后现场领证的机制，公园（景区）式婚姻登记点在承担现场婚姻登记的职责之余，还承担户外颁证点的职能。 福州市仓山区爱情岛婚姻登记处是福建省最早开设的户外婚姻登记点和户外婚姻公共服务点，2023年6月20日开展业务以来，已办理结婚登记7006对。仓山区婚姻登记处主任王杜郁介绍，爱情岛婚姻登记处所在的“闽江之心”江心岛是一个见证很多情侣约会的浪漫之地，是福州人心中浪漫的“爱情之岛”，已逐渐成为福州青年热门的婚恋交友打卡地。 据悉，福建省户外婚姻公共服务点大致分为自然风光型、人文历史型和婚庆产业型。 自然风光型，如下尾岛户外婚姻登记颁证点，坐落于霞浦县长春镇下尾岛，是以亿万年海蚀地貌的山海自然风光为背景的婚姻登记颁证点。 人文历史型，如泰宁县尚书第户外颁证点。颁证点所在的尚书第是第三批全国重点文物保护单位，也是福建现存规模最大、保存最完整的明代民居。 婚庆产业型，如三明市沙县区民政局东门古街结婚登记便民服务点。它受到市民和外来游客的追捧，进一步辐射带动婚庆、服装、摄影、鲜花等关联“甜蜜”产业，拉动了“一条街”的经济发展。 值得注意的是，不少户外婚姻公共服务点还配有婚俗文化馆或婚俗文化展厅。如福州市长乐区东岱湖公园户外结婚颁证点选址在长乐婚俗文化广场内，定位为长乐婚俗文化馆的配套设施。（记者 陈尹荔 实习生 郑玮婕）,1017,https://local.cctv.com/2025/03/21/ARTIvrYaCkAPCYoF3LOaYYC5250321.shtml,婚姻登记;结婚登记;婚姻;结婚;婚恋;婚俗;情侣;婚礼
China News Service,2025-03-21,未办登记、婚姻终止，彩礼该不该还？,未办登记、婚姻终止，彩礼该不该还？(新闻看法) 2023年结婚后不久，沈某的丈夫胡某在登山时意外坠亡。一个月后，沈某生下了孩子。但在抚养幼儿过程中，沈某竟被前公婆胡大某、肖某起诉，要求退还彩礼8.9万元。这笔彩礼到底该不该退？退多少？2024年12月7日，一审法院判令沈某酌情返还彩礼2万元。沈某不服，提起上诉。今年1月24日，湖北省恩施土家族苗族自治州中级人民法院二审改判：8.9万元彩礼不用还。湖北省高级人民法院将这一案例作为维护妇女儿童合法权益的典型案例公开发布，引发热议。这笔彩礼为何不用还？ 在本案中，胡某父母主要以沈某未与胡某办理结婚登记手续为由要求返还彩礼。但法庭认为，二人于2022年5月订婚，2023年1月按照当地习俗举行婚礼，2023年8月沈某生育一女，足以证明沈某和胡某事实上已长期共同生活，符合“双方未办理结婚登记但已共同生活”的情况。而且，按照“谁主张谁举证”的原则，胡某父母并未提出有力证据证明沈某对于双方未办结婚登记存在过错。 恩施州中级人民法院民一庭副庭长王颖异解释，作出此判决的主要依据是被称作“彩礼新规”的《最高人民法院关于审理涉彩礼纠纷案件适用法律若干问题的规定》，“双方未办理结婚登记但已共同生活，一方请求返还按照习俗给付的彩礼的，人民法院应当根据彩礼实际使用及嫁妆情况，综合考虑共同生活及孕育情况、双方过错等事实，结合当地习俗，确定是否返还以及返还的具体比例。” 沈某在丈夫去世后未选择终止妊娠，而是选择把孩子生了下来，为胡某留下后代，从情理上是对男方家庭有利的。考虑到沈某新婚丧夫又有幼女需要抚养，其作为妇女的合法权益理应予以保护，故法院终审判决驳回胡大某、肖某的诉讼请求，沈某无须退还彩礼。 “彩礼问题引人关注，但并非所有案件都应判决返还，应结合具体个案情况，严格遵守法律规定来裁判。”湖北省高级人民法院民一庭副庭长王艳说，“我们提倡移风易俗，反对天价彩礼，但同时在司法实践中也要尊重传统婚嫁习俗和社会现实。”在本案中，胡大某、肖某支付给沈某的彩礼金额符合当地的社会生活实际，并不属于“天价彩礼”。胡某家庭较为殷实，也不存在因支付彩礼而导致生活困难的情况。在司法实践中，判决全额或部分返还彩礼要综合考虑双方是否共同生活，共同生活的时间长短，彩礼的使用情况、女方的嫁妆情况、是否育有子女等多种因素，并不能一概而论。 《人民日报》(2025年03月21日 第 10 版) 【,1008,https://www.chinanews.com.cn/sh/2025/03-21/10386510.shtml,结婚登记;天价彩礼;婚姻;结婚;彩礼;婚嫁;婚礼
China News Service,2025-03-21,李强主持召开国务院常务会议 研究建立健全涉企收费长效监管机制有关举措 审议通过《婚姻登记条例（修订草案）》,新华社北京3月21日电 国务院总理李强3月21日主持召开国务院常务会议，研究建立健全涉企收费长效监管机制有关举措，审议通过《婚姻登记条例(修订草案)》。 会议指出，加强涉企收费监管是降低企业经营成本、优化营商环境的重要举措。要坚持问题导向、防治并举、标本兼治，聚焦政府部门及下属单位、行政审批中介服务机构、行业协会商会、经营自然垄断环节业务企业等涉企收费主体，强化全过程监管，着力构建协同高效的长效监管机制。要健全涉企收费目录清单制度，将所有收费项目均纳入清单并对社会公开，明确服务内容、服务标准、收费额度，清单之外一律不得收费，依法依规对存量涉企收费政策进行清理。要加大违规收费治理力度，对没有法律法规和政策依据、越权设立的涉企收费项目，一律予以取消；对擅自提高征收标准、扩大征收范围的行为，坚决予以纠正；对确有必要新出台的涉企收费政策，要加强合法性、公平性以及社会预期影响等方面的审核。要健全涉企收费监测评估制度，优化问题线索收集和处理机制，营造全社会共同参与、协同治理的良好氛围，进一步稳定各类经营主体预期、提升发展信心。 会议审议通过《婚姻登记条例(修订草案)》。会议指出，本次修订落实民法典规定，积极回应群众关切，将近年来婚姻登记“跨省通办”等改革试点成果上升为法律制度，为进一步规范婚姻登记工作、优化婚姻登记服务提供了法治保障。要按照“高效办成一件事”要求，持续完善全国婚姻基础信息库，加强信息共享，加快推进实现婚姻登记“全国通办”，不断提高婚姻登记服务标准化、规范化、便利化水平。要加强综合性婚姻家庭服务指导工作和婚姻家庭辅导服务体系建设，倡导文明婚俗，促进家庭和谐，构建积极向上的新型婚育文化。 会议还研究了其他事项。 【,719,https://www.chinanews.com.cn/gn/2025/03-21/10386988.shtml,婚姻登记;婚姻;婚育;婚俗
People.cn,2025-03-21,未办登记、婚姻终止，彩礼该不该还？（新闻看法）,2023年结婚后不久，沈某的丈夫胡某在登山时意外坠亡。一个月后，沈某生下了孩子。但在抚养幼儿过程中，沈某竟被前公婆胡大某、肖某起诉，要求退还彩礼8.9万元。这笔彩礼到底该不该退？退多少？2024年12月7日，一审法院判令沈某酌情返还彩礼2万元。沈某不服，提起上诉。今年1月24日，湖北省恩施土家族苗族自治州中级人民法院二审改判：8.9万元彩礼不用还。湖北省高级人民法院将这一案例作为维护妇女儿童合法权益的典型案例公开发布，引发热议。这笔彩礼为何不用还？ 在本案中，胡某父母主要以沈某未与胡某办理结婚登记手续为由要求返还彩礼。但法庭认为，二人于2022年5月订婚，2023年1月按照当地习俗举行婚礼，2023年8月沈某生育一女，足以证明沈某和胡某事实上已长期共同生活，符合“双方未办理结婚登记但已共同生活”的情况。而且，按照“谁主张谁举证”的原则，胡某父母并未提出有力证据证明沈某对于双方未办结婚登记存在过错。 恩施州中级人民法院民一庭副庭长王颖异解释，作出此判决的主要依据是被称作“彩礼新规”的《最高人民法院关于审理涉彩礼纠纷案件适用法律若干问题的规定》，“双方未办理结婚登记但已共同生活，一方请求返还按照习俗给付的彩礼的，人民法院应当根据彩礼实际使用及嫁妆情况，综合考虑共同生活及孕育情况、双方过错等事实，结合当地习俗，确定是否返还以及返还的具体比例。” 沈某在丈夫去世后未选择终止妊娠，而是选择把孩子生了下来，为胡某留下后代，从情理上是对男方家庭有利的。考虑到沈某新婚丧夫又有幼女需要抚养，其作为妇女的合法权益理应予以保护，故法院终审判决驳回胡大某、肖某的诉讼请求，沈某无须退还彩礼。 “彩礼问题引人关注，但并非所有案件都应判决返还，应结合具体个案情况，严格遵守法律规定来裁判。”湖北省高级人民法院民一庭副庭长王艳说，“我们提倡移风易俗，反对天价彩礼，但同时在司法实践中也要尊重传统婚嫁习俗和社会现实。”在本案中，胡大某、肖某支付给沈某的彩礼金额符合当地的社会生活实际，并不属于“天价彩礼”。胡某家庭较为殷实，也不存在因支付彩礼而导致生活困难的情况。在司法实践中，判决全额或部分返还彩礼要综合考虑双方是否共同生活，共同生活的时间长短，彩礼的使用情况、女方的嫁妆情况、是否育有子女等多种因素，并不能一概而论。 《 人民日报 》（ 2025年03月21日 10 版）,983,http://hb.people.com.cn/n2/2025/0321/c194063-41170590.html,结婚登记;天价彩礼;婚姻;结婚;彩礼;婚嫁;婚礼
China News Service,2025-03-22,中国民政部将施行婚姻登记“全国通办”,中新社 北京3月22日电 (记者 李京泽)记者22日获悉，中国民政部将施行婚姻登记“全国通办”，届时当事人办理婚姻登记不再受常住户口所在地限制。 近日，中国国务院常务会议审议通过《婚姻登记条例(修订草案)》(以下简称《条例》)。《条例》落实民法典的有关规定，将近年来婚姻登记“跨省通办”等改革试点成果上升为法律制度，为做好新时代婚姻管理工作提供了重要法治保障。 为做好《条例》贯彻落实，民政部22日公布相关重点工作，其中一项即施行婚姻登记“全国通办”。据介绍，自2021年6月起，全国陆续有21个省(自治区、直辖市)开展了2轮婚姻登记“跨省通办”试点。截至2025年2月底，全国累计办理婚姻登记“跨省通办”49.2万对。为更好回应民众诉求，民政部在充分总结试点成功经验的基础上，将施行婚姻登记“全国通办”，届时当事人办理婚姻登记不再受常住户口所在地限制。 民政部还称，将优化婚姻家庭辅导服务，督促各地婚姻登记机关加强综合性婚姻家庭辅导服务工作，通过多种方式，着力为当事人提供更加科学、专业、有效、温馨的婚姻家庭辅导服务。 民政部表示，将持续深化婚俗改革，指导各级民政部门倡导文明健康婚俗，积极提供结婚颁证仪式、集体婚礼等特色服务，引导更多年轻群体婚事新办简办。 民政部说，还将建设完善婚姻管理诚信体系，将会同国家发展改革部门推动建立婚姻登记诚信体系，婚姻登记当事人要对个人提供证件材料的真实性、有效性负责，不得出具虚假证件材料。(完) 【,619,https://www.chinanews.com.cn/gn/2025/03-22/10387348.shtml,婚姻登记;婚姻;结婚;婚俗;婚礼
China News Service,2025-03-22,民政部将施行婚姻登记“全国通办”,中新网 3月22日电 据“中国民政”微信公众号消息，近日，国务院常务会议审议通过《婚姻登记条例(修订草案)》(以下简称《条例》)。《条例》落实民法典的有关规定，将近年来婚姻登记“跨省通办”等改革试点成果上升为法律制度，对规范婚姻登记工作、优化婚姻登记服务、保障婚姻当事人合法权益、加强婚姻家庭建设、促进社会和谐稳定等具有重要意义，为做好新时代婚姻管理工作提供了重要法治保障。 为切实做好《条例》的贯彻落实，民政部将重点抓好以下几项工作。 为满足人民群众异地办理婚姻登记需求，经国务院批准，自2021年6月起，全国陆续有21个省(自治区、直辖市)开展了2轮婚姻登记“跨省通办”试点。截至2025年2月底，全国累计办理婚姻登记“跨省通办”49.2万对，相关工作受到社会广泛好评。为更好回应群众诉求，在充分总结试点成功经验的基础上，将施行婚姻登记“全国通办”，届时当事人办理婚姻登记不再受常住户口所在地限制。民政部将指导各地不断加强规范化建设，明确受理条件、办理流程和证件材料要求。婚姻登记机关要认真核验当事人提供的证件材料是否真实齐备、是否符合法定要求，严格依法办理登记业务。督促各地加强制度化建设，完善相关婚姻登记工作规范，明确婚姻登记窗口服务规范、工作纪律、文明用语、服务禁语，充分展示政府部门良好形象。指导加强信息化建设，积极提供婚姻登记预约服务，深入开展婚姻登记信息数据联网核对，通过让数据多跑路、群众少跑腿，把更多方便惠及群众。 督促各地婚姻登记机关加强综合性婚姻家庭辅导服务工作，通过多种方式，着力为当事人提供更加科学、专业、有效、温馨的婚姻家庭辅导服务。同时，支持各地坚持分类施策，围绕婚前教育、婚姻家庭关系辅导等服务，有针对性地明确辅导内容、辅导策略、辅导重点，为当事人提供情感沟通、心理疏导、纠纷调解等服务。指导各地持续传承良好家风家教，切实用好婚姻家庭辅导服务的良好契机，大力弘扬社会主义核心价值观、积极传承中华优秀传统文化。 指导各级民政部门倡导文明健康婚俗，积极提供结婚颁证仪式、集体婚礼等特色服务，引导更多年轻群体婚事新办简办。配合相关部门扎实开展高额彩礼、大操大办等婚俗陋习治理，充分发挥党员干部模范带头和红白理事会等基层组织作用，调动社会力量参与婚俗改革的积极性和主动性，有效遏制婚俗领域不正之风。 民政部将会同国家发展改革部门推动建立婚姻登记诚信体系，婚姻登记当事人要对个人提供证件材料的真实性、有效性负责，不得出具虚假证件材料。 【,1031,https://www.chinanews.com.cn/sh/2025/03-22/10387259.shtml,婚姻登记;婚姻;结婚;彩礼;婚俗;婚礼
People.cn,2025-03-22,全国累计办理婚姻登记“跨省通办”49.2万对--社会·法治--人民网,新华社北京3月22日电 记者3月22日从民政部获悉，截至2025年2月底，全国累计办理婚姻登记“跨省通办”49.2万对。 据了解，为满足人民群众异地办理婚姻登记需求，经国务院批准，自2021年6月起，全国陆续有21个省（自治区、直辖市）开展了2轮婚姻登记“跨省通办”试点。 近日召开的国务院常务会议审议通过《婚姻登记条例（修订草案）》。为做好条例贯彻落实，民政部将施行婚姻登记“全国通办”。届时当事人办理婚姻登记不再受常住户口所在地限制。 据了解，民政部将指导各地不断加强规范化建设，明确受理条件、办理流程和证件材料要求。同时，指导加强信息化建设，积极提供婚姻登记预约服务，深入开展婚姻登记信息数据联网核对，通过让数据多跑路、群众少跑腿，把更多方便惠及群众。 此外，民政部下一步还将做好优化婚姻家庭辅导服务、持续深化婚俗改革、建设完善婚姻管理诚信体系等重点工作。,381,http://society.people.com.cn/n1/2025/0322/c1008-40444459.html,婚姻登记;婚姻;婚俗
People.cn,2025-03-23,婚姻登记将实现“全国通办”--健康·生活--人民网,本报北京3月22日电 记者任欢 从民政部获悉，我国婚姻登记将实现“全国通办”。届时，当事人办理婚姻登记不再受常住户口所在地限制。 近日，国务院常务会议审议通过《婚姻登记条例（修订草案）》（以下简称《条例》）。《条例》落实民法典的有关规定，将近年来婚姻登记“跨省通办”等改革试点成果上升为法律制度，对规范婚姻登记工作、优化婚姻登记服务、保障婚姻当事人合法权益、加强婚姻家庭建设、促进社会和谐稳定等具有重要意义，为做好新时代婚姻管理工作提供了重要法治保障。 “民政部将指导各地不断加强规范化建设，明确受理条件、办理流程和证件材料要求。婚姻登记机关要认真核验当事人提供的证件材料是否真实齐备、是否符合法定要求，严格依法办理登记业务。督促各地加强制度化建设，完善相关婚姻登记工作规范。指导加强信息化建设，积极提供婚姻登记预约服务，深入开展婚姻登记信息数据联网核对，把更多方便惠及群众。”民政部有关负责人说。 同时，民政部还将优化婚姻家庭辅导服务。该负责人介绍，民政部将督促各地婚姻登记机关加强综合性婚姻家庭辅导服务工作，着力为当事人提供更加科学、专业、有效、温馨的婚姻家庭辅导服务。支持各地坚持分类施策，围绕婚前教育、婚姻家庭关系辅导等服务，为当事人提供情感沟通、心理疏导、纠纷调解等服务。指导各地持续传承良好家风家教，切实用好婚姻家庭辅导服务的良好契机，大力弘扬社会主义核心价值观、积极传承中华优秀传统文化。 “民政部还将持续深化婚俗改革。指导各级民政部门倡导文明健康婚俗，积极提供结婚颁证仪式、集体婚礼等特色服务，引导更多年轻群体婚事新办简办。配合相关部门扎实开展高额彩礼、大操大办等婚俗陋习治理，充分发挥党员干部模范带头和红白理事会等基层组织作用，调动社会力量参与婚俗改革的积极性和主动性，有效遏制婚俗领域不正之风。建设完善婚姻管理诚信体系。民政部将会同国家发展改革部门推动建立婚姻登记诚信体系，婚姻登记当事人要对个人提供证件材料的真实性、有效性负责，不得出具虚假证件材料。”该负责人说。 据介绍，为满足人民群众异地办理婚姻登记需求，自2021年6月起，全国陆续有21个省区市开展了2轮婚姻登记“跨省通办”试点。截至2025年2月底，全国累计办理婚姻登记“跨省通办”49.2万对。,939,http://health.people.com.cn/n1/2025/0323/c14739-40444570.html,婚姻登记;婚姻;结婚;彩礼;婚俗;婚礼
China News Service,2025-03-24,婚姻登记从跨省通办到全国通办，意味着什么,近日，国务院常务会议审议通过《婚姻登记条例(修订草案)》，落实民法典的有关规定，将近年来婚姻登记“跨省通办”等改革试点成果上升为法律制度，对规范婚姻登记工作、优化婚姻登记服务、保障婚姻当事人合法权益、加强婚姻家庭建设、促进社会和谐稳定等具有重要意义，为做好新时代婚姻管理工作提供了重要法治保障。民政部将施行婚姻登记“全国通办”，这是一大利好消息。 过去，新人办理婚姻登记时都要回户籍所在地，为此要付出时间、交通等诸多成本。为满足群众就近办理婚姻登记需求，自2021年6月起，全国陆续有21个省份开展了2轮婚姻登记“跨省通办”试点，至今已有49.2万对新人受益。 “跨省通办”顾名思义就是在参与试点的省份里，双方均非本地户籍的婚姻登记当事人可以凭一方居住证和双方户口簿、身份证，在居住证发放地婚姻登记机关申请办理婚姻登记，或者自行选择在一方常住户口所在地办理婚姻登记。相比过去双方必须回户籍所在地办理婚姻登记，这无疑前进了一大步。 但“跨省通办”作用有限，没有参与试点的省份就无法“跨省通办”，双方当事人还得回户籍所在地办理。这显然没有适应我国日益开放、人口流动频繁等国情和趋势。基于此，“全国通办”无疑是最理想的婚姻登记公共服务变革。这一变革既包括制度变革，也有技术变革支撑。 从技术角度来说，婚姻登记“跨省通办”试点省份，需要打通相关部门业务链条和数据共享堵点，推动统一身份认证对接、电子证照互认共享、优化婚姻登记服务程序等一系列技术支持服务。需要各地完善数字政府功能，提高数字化服务能力、公共服务能力，清除部门间的信息壁垒，实现信息共享等。如今升级为“全国通办”，意味着全国婚姻登记管理系统建成，不会再有堵点阻碍群众在任何一个地方办理婚姻登记。 从制度层面上来说，《婚姻登记条例》规定“内地居民结婚，男女双方应当共同到一方当事人常住户口所在地的婚姻登记机关办理结婚登记”。如今审议通过《婚姻登记条例(修订草案)》，显然为实施婚姻登记“全国通办”扫除了制度障碍，并为“全国通办”量身制定法治保障。 其一，对全国数亿流动人口而言，在婚姻登记方面可以享受就近便民服务。第七次全国人口普查数据显示，2020年，我国有4.93亿人处于“人户分离”的状态。而婚姻登记又是重要民生事项，所以，实现婚姻登记“全国通办”，就有助于清除与打通这一大民生堵点、痛点，是惠民利民的民生工程。 其二，对各级婚姻登记机关来说，实施“全国通办”后，既有利于提升部门形象，也能防止错误登记等情况的发生。过去偶发的“被结婚”现象，也让婚姻登记机关承受压力，今后这些问题都能避免。婚姻登记“全国通办”就像其他政务服务改革一样，目的都是为了让数据多跑路，让群众少跑腿。 从宏观角度来说，婚姻登记“全国通办”后为流动人口提供了便利，使全国性公共服务更加完善，有利于提升公共服务质量，增进民生福祉，是实打实的民生工程，是为民创新之举。要把实事办好，把好事办实，让民生工程能够更好“落地”，也能尽早实现全覆盖，让“全国通办”更加通畅、便捷，从而才能更好惠及民生。（北京青年报） 【,1270,https://www.chinanews.com.cn/sh/2025/03-24/10387828.shtml,婚姻登记;结婚登记;婚姻;结婚
People.cn,2025-03-24,上周末，200余名单身青年共赴春日之约,人民网成都3月24日电 （王凡）3月23日下午，在四川天府新区党群工作部、社会工作部联合指导下，四川天府新区万安街道办事处携手新区婚姻登记中心，于麓山宴成功举办 “缘定天府·万分心动” 线下交友活动。200余名单身青年满怀期待，纷纷领取专属号码牌，共同开启这场浪漫的春日邂逅。 本次活动在专业情感老师幽默的恋爱锦囊分享中正式拉开序幕。“心动初见”“春日大冒险”“跳动的爱情”等环节精彩纷呈，通过趣味互动、分组寻宝、艺术设计等方式，让在场的嘉宾在快速协作完成任务的过程中，逐渐熟悉彼此，碰撞出友谊的火花，也增进了对彼此兴趣爱好与知识储备的认识。 在“重塑新衣”环节，嘉宾们分组围绕电影《哪吒》中的人物形象进行服装设计，并登上舞台展示独一无二的作品。在30分钟的时间里，大家一起讨论创意，分享快乐，眼神交汇时也多了几分心动与欣赏。 初见乍惊欢，久处亦怦然。在“恋爱摩天轮”“爱要大声说出来”环节上，全场嘉宾通过彼此握手、再道问候的方式进一步加深了相互了解。主持人更是引导男嘉宾主动为心仪的女嘉宾献上一朵“爱的玫瑰”，释放心动信号，期待共续缘分。最终，现场共有24对嘉宾牵手成功。 “这次活动让我感受到了主办方的用心，不仅有好玩的游戏，还能结识这么多优秀的朋友，真的非常有意义。相信通过这样的活动，会有更多的青年在新区找到属于自己的幸福，共同谱写美好的未来篇章！”在新区工作的刘先生说。,590,http://sc.people.com.cn/n2/2025/0324/c407319-41174172.html,婚姻登记;婚姻;恋爱;单身
People.cn,2025-03-24,南岸区总工会打造运动社交平台 助力职工婚恋交友,3月23日，一场别开生面的单身职工婚恋交友活动，在南岸区乐动力江南体育馆举行。本次活动结合目前新兴运动——飞盘，丰富单身职工业余生活，搭建起婚恋交友平台。 本次活动主题为“飞盘同行·工会有约”，由重庆市总工会主办，重庆市总工会女职工委员会与重庆市南岸区总工会联合承办。80余名来自全市各行业的单身职工，共同体验了运动社交新场景，通过团队飞盘竞技、趣味协作等环节，将工会婚恋服务创新转化为看得见的幸福动能。 在春意盎然的活动现场，设置了创意签到区，吸引嘉宾花式打卡，整个活动过程中，无论是团队合作，还是个人技能展示，职工们都展现了各自的风采。在“小组对抗”“飞盘传情”等互动游戏中，大家积极参与，用飞盘传递欢声笑语，彼此的距离在这过程中迅速缩短，真正实现了在运动中增进友谊，在游戏中拉近心灵的目标。让初识变得不再陌生。 此次《飞盘同行·工会有约》活动的举办，离不开各方的支持与配合，同时也展现了工会组织致力于提高职工生活品质、增强职工凝聚力的决心，助力他们在忙碌的工作之余找到志同道合的伴侣，实现幸福人生与职业发展的双重收获。 “飞盘同行·工会有约”职工婚恋交友活动是重庆市总工会、南岸区总工会在服务职工婚恋交友方面的一项主动突破与开拓性尝试，以“运动社交”为纽带，通过趣味赛事与协作挑战打造活力迸发、默契碰撞的交友场景，为单身职工搭建零压力、氛围温馨的交友平台。以“渝见·会聚良缘”品牌化运营，精准提升职工幸福感，培育成为职工幸福新引擎。（重庆市南岸区总工会）,630,http://cq.people.com.cn/n2/2025/0324/c367650-41174141.html,婚恋;单身;伴侣
People.cn,2025-03-24,韩媒：传统观念改变 韩国婚姻姐弟配倍增,韩国《朝鲜日报》3月21日文章，原题：随着传统观念的瓦解，越来越多韩国女性嫁给更年轻的男性 在韩国，“姐弟恋”的婚姻模式正在流行起来。35岁花样滑冰冠军金妍儿和30岁歌手高祐琳、45岁女演员孔晓振和35岁歌手吴凯文等明星夫妇都是这种姐弟恋模式的代表。 据韩国国家统计局3月20日发布的报告，去年共有178734对头婚夫妇领证，有35616对夫妇中的女方较为年长，占比19.9%，创下历史新高。这一数字比上世纪90年代的8.8%增长了一倍多。同龄夫妇的比例也增至16.6%的历史新高，新郎比新娘年长的婚姻比例则降至63.4%，为历史最低水平。再婚的情况更为明显，去年登记结婚的二婚夫妇中，20.6%的新娘年龄大于新郎，并且这一数字自2014年以来一直保持在20%以上。专家认为，“30岁至35岁左右的女性，尤其是从事医生或律师等领域的女性，更看重伴侣的外貌和性格，而非年龄。”婚介公司Duo表示，“男性也开始考虑女性的经济稳定性，因此越来越多的男性选择与年长女性结婚。” 双职工家庭数量的增加也推动了婚恋观念的转变。在过去的韩国，女性结婚后往往转型成为全职家庭主妇，丈夫成为唯一养家糊口的人。如今，这种现象逐渐消失，现在许多已婚女性选择兼顾家庭和事业。数据显示，30岁至34岁韩国女性的劳动参与率从2000年的48.9%上升至2023年的75.7%。 同时，职场关系也助推了姐弟恋婚姻：一些男性会选择与女上司结婚。与生育技术相关的医学进步是这一趋势背后的另一重要因素。2023年，韩国每一千名生育女性中，就有43人年龄在35岁至39岁之间，是1993年的3.2倍。婚介公司Gayeon还表示：“由于自我保养和健康意识的提高，如今30多岁的女性看起来也很年轻健康，让恋爱关系中的年龄差异不那么明显。”（作者郑锡宇、李在恩，白鹭译）,763,http://korea.people.com.cn/n1/2025/0324/c407864-40445320.html,婚姻;结婚;婚恋;再婚;婚介;恋爱;伴侣
China News Service,2025-03-26,从“重彩礼”到“重感情” 宁夏农村平均彩礼金额下降35%,中新网 银川3月26日电 (杨迪 吴承宇)记者26日从宁夏农村高额彩礼专项治理推进会上获悉，自宁夏农村高额彩礼专项治理(以下简称“专项治理”)开展以来，宁夏农村适婚人员登记结婚9378对，“零彩礼”“低彩礼”占比63.8%，平均彩礼金额下降35%，高额彩礼、大操大办、铺张浪费等乱象得到有效遏制。 专项治理开展以来，宁夏13个部门“点对点”包抓重点县，208名县级领导“一对一”包抓重点村，紧盯重点协同推进。宁夏回族自治区党委出台《实施意见》，8部门联合印发8个专项行动方案，制定《农村彩礼倡导性标准认定办法》《“零彩礼”“低彩礼”证书颁发管理规定》等配套政策，构建起系统完备的治理体系。 此外，宁夏各级社会工作部门建立彩礼统计、标准认定、光荣证申领等制度规范，村规民约、红白理事会、村民议事会、道德评议会实现行政村全覆盖。妇联、团委、民政等部门对接婚庆餐饮、家居百货等商户99家，发布礼遇内容204项，开展婚恋交友、集体婚礼等活动470场次。 专项治理以来，广大农民群众积极响应号召，“零彩礼”“低彩礼”新婚女性本地就业582人、赴福建等外省区就业126人，申请创业贷款243人3686万元。农民群众逐步从“重彩礼”向“重感情、重婚姻本质”转变，抵制高额彩礼、深化移风易俗的意识明显增强，文明新风更加深入人心。 下一步，专项治理将强化部署安排、党委统筹、研究谋划、宣传引导、制度建设，打通“最后一公里”。(完) 【,608,https://www.chinanews.com.cn/sh/2025/03-26/10389488.shtml,婚姻;结婚;婚恋;彩礼;适婚;重婚;婚礼
China News Service,2025-03-26,国台办：民进党当局滥用司法手段欺凌两岸婚姻群体 有悖人伦、伤天害理,中新网 3月26日电 国务院台湾事务办公室26日举行例行新闻发布会。有记者提问，陆配“亚亚”因被认定煽动“武统”遭民进党当局取消在台依亲居留资格并限期离境，昨天被迫离开台湾，与三名子女分离。接下来还有另外两名陆配也因同样原因被限期离境。请问发言人对此有何评论？大陆方面为保障陆配在台权益，会否考虑以民间对民间方式就此进行接触协调？ 国台办发言人陈斌华表示，两岸婚姻群体是“两岸一家亲”的生动写照，大陆配偶是台湾同胞的家人、亲人。民进党当局自诩“自由法治人权”，却一再滥用司法手段欺凌两岸婚姻群体，迫使这些家庭妻离子散，有悖人伦，伤天害理。,269,https://www.chinanews.com.cn/gn/2025/03-26/10389118.shtml,婚姻;配偶
China News Service,2025-03-26,破解远缘杂交难题，大白菜实现“自由恋爱”,破解远缘杂交难题，大白菜实现“自由恋爱” 唐代的某年冬季，大雪纷飞，孟郊、卢仝拜访韩愈。韩愈把白菜切丝慢炖，配上新挖的冬笋。众人品菘尝笋，煮酒论诗，便有了“晚菘细切肥牛肚，新笋初尝嫩马蹄”的佳话。 如今，作为白菜的一个亚种，大白菜已经成为我国北方冬贮数量最大的蔬菜。大白菜年播种面积约2700万亩，占全国蔬菜总播种面积的约14.4%。 近年来，人们对大白菜的需求日益多样化，但由于种内基因资源有限，仅仅依靠种内杂交已难以满足市场需求，利用其他物种的优异基因资源进行跨物种杂交，又会受到生殖隔离的制约。 由山东农业大学园艺科学与工程学院院长段巧红领衔的科研团队，突破了远缘杂交的生殖隔离壁垒，成功获得了大白菜的种间、属间远缘杂交胚，开辟了远缘杂交育种的新思路和新途径，为未来蔬菜育种提供了更多可能性。相关研究成果此前发表在国际期刊《自然》上，并入选中国农业科学院发布的《2024中国农业科学重大进展》。 大白菜是我国栽培面积最大、产量最高的蔬菜之一，在蔬菜市场占据重要地位。 过去，作为典型的冬储蔬菜，大白菜的供应期大多局限于冬季。随着现代农业科技的发展，我国不仅实现了大白菜的周年化供应，更培育出了富含多种营养元素的改良品种。尤其值得关注的是，随着新育种技术不断取得突破，大白菜品种在保持优良口感的同时，其抗病虫害的能力相较传统品种也大幅提升。 远缘杂交育种是大白菜等十字花科蔬菜非常重要的育种技术之一。 段巧红解释：“远缘杂交育种是通过将不同种、属甚至亲缘关系更远的物种进行杂交，将不同物种的优良性状重新组合，创造出新的变异类型或新物种。” 远缘杂交育种可以有效拓宽大白菜种质资源的遗传范围。“由于长期在野外生存进化，野生种具备抗病、抗虫、抗逆等优异基因资源。”段巧红说，“通过远缘杂交将野生种优异的抗性基因导入蔬菜栽培种的基因组，有望提高蔬菜的病虫害抗性，保障蔬菜生产和食品安全。” 事实上，远缘杂交育种很早就已广泛应用于作物育种。 段巧红研究团队的育种骨干李茹介绍，在20世纪70年代，中国科学院院士李振声历经二十多年的深入研究，培育了小麦与长穗偃麦草的远缘杂交种“小偃6号”。“‘小偃6号’是中国小麦育种的重要骨干亲本，目前在全国已累计推广3亿多亩，增产小麦逾150亿斤。”李茹说。 在远缘杂交育种过程中，远缘杂交不亲和、杂种夭亡或不育、后代疯狂分离是三种常见的但难以克服的种间隔离现象。 经过科研人员的不懈努力，目前我国已经实现了大白菜和甘蓝两个亲缘关系较近物种之间的杂交。“但亲缘关系较远的杂交目前还难以实现。”段巧红介绍，以欧洲山芥为例，它是高抗小菜蛾、甘蓝夜蛾等害虫的十字花科植物，存在优异的抗虫基因。但由于亲缘关系太远，至今还没有实现大白菜和欧洲山芥的远缘杂交。 为了打破这一困境，段巧红科研团队从2017年开始探究大白菜远缘杂交障碍的形成机制。“我们发现大白菜远缘杂交障碍的主要原因是无法成功受精。”段巧红告诉记者。 那时，科研团队通过观察大白菜授粉和受精过程，发现远缘花粉落在大白菜柱头上后，很难水合、萌发生长，严重阻碍了受精过程。“我们检测到远缘花粉能迅速引起柱头活性氧的升高，由此推断活性氧可能对远缘花粉有抑制作用。”段巧红说。 找到病因后，段巧红带领团队对症下药。“通过清除柱头上的活性氧，我们打破了大白菜远缘杂交生殖隔离，促进了远缘花粉在大白菜柱头的生长。”段巧红说，如此一来，大白菜就可以自由选择“远亲”进行“婚配”了。 当前，远缘杂交技术在以大白菜为代表的十字花科蔬菜育种工作中展现出了巨大的应用潜力。 “这项技术有助于利用其他物种的优异基因资源，培育出更加优质的蔬菜品种。”段巧红介绍，科研团队已经获得了大白菜和甘蓝、大白菜和芝麻菜、大白菜和萝卜等远缘杂交苗，为后续的大白菜育种提供了丰富的材料基础。 技术引领，标准随行。目前，研究团队将多年的远缘杂交经验制定成《大白菜远缘杂交授粉技术规程》《大白菜远缘杂交亲和性鉴定技术规程》等3项山东省团体标准，为相关单位推进十字花科蔬菜远缘育种工作提供了技术支撑。 “但要想大规模应用远缘杂交育种技术，我们还有诸多技术瓶颈需要突破。”李茹告诉记者，“以大白菜和欧洲山芥的远缘杂交为例，虽然我们能够得到杂交胚胎，但还远远不能满足远缘育种的要求。” 李茹表示，团队将继续解析远缘杂交柱头障碍的分子机理，开发更高效的远缘杂交授粉技术，进一步解决亲缘关系较远的杂交组合受精难题。 “成功受精之后，由于远缘杂交打破了大白菜原有的遗传系统，我们还需要通过胚胎挽救技术解决杂种夭亡问题。”李茹说。 如何提高远缘杂交苗的成活率，也是团队下一步的重点研究方向。 “只要得到1个含有外源优良基因的杂交种，我们就能通过种内杂交将其转育为其他的大白菜品种，实现大规模应用。”李茹表示，团队还在深耕育种技术，力争尽早实现种源自主可控。 现在，段巧红团队最大的愿望是将远缘育种技术成果广泛应用于大白菜等十字花科蔬菜育种生产中，实现科研成果向现实生产力的转化。 (,2055,https://www.chinanews.com.cn/gn/2025/03-26/10389098.shtml,恋爱
China News Service,2025-03-26,陆配“亚亚”被迫离台 国台办：欺凌两岸婚姻群体有悖人伦,中新社 北京3月26日电 (记者 张晓曦)国务院台办发言人陈斌华26日在北京表示，两岸婚姻群体是“两岸一家亲”的生动写照，大陆配偶是台湾同胞的家人、亲人。民进党当局自诩“自由法治人权”，却一再滥用司法手段欺凌两岸婚姻群体，迫使这些家庭妻离子散，有悖人伦，伤天害理。 陆配“亚亚”因被认定煽动“武统”遭民进党当局取消在台依亲居留资格并限期离境，25日被迫离开台湾，与三名子女分离。接下来还有另外两名陆配也因同样原因被限期离境。国台办26日举行的例行新闻发布会上，陈斌华回答相关提问时作上述回应。 还有记者提及，据报道，桃园市一名警察因抖音账号头像有“我爱祖国”字样、简介有“我是中国人”，遭所属警察分局调查并追责。桃园市一名校长也遭民进党人员曝光，在抖音发表“我爱你中国”“两岸一家亲”等视频，桃园教育局称将调查。 对此，陈斌华表示，这是不折不扣的当代“文字狱”，是赖清德当局大搞“绿色恐怖”、制造“寒蝉效应”的又一恶行，是对台湾民众基本权利和自由的粗暴剥夺。赖清德当局动辄威胁恫吓、打击报复，企图限制台湾同胞的思想自由、言论自由，让世人看清其标榜的所谓“民主”的虚伪。 台教育部门负责人日前称，岛内中小学校开展交流活动时以欧美、东北亚等学校优先，对于两岸的交流“能避免就避免”。台劳动部门负责人称，要避免大陆通过两岸交流进行“统战渗透”，维持岛内总体安全目标。 陈斌华回答相关提问时指出，这些言论表明，民进党当局“逢中必反”，谋“独”已到了丧失理智、不择手段阻挠破坏两岸正常交流交往的地步。 陈斌华强调，我们一贯秉持“两岸一家亲”理念，积极推动两岸各领域交流合作和人员往来。反观民进党当局，一味操弄“反中抗中”，不断渲染所谓“统战渗透威胁”，其实质是害怕两岸同胞走近走亲、常来常往，担心台湾民众由此了解真实的大陆，进而拆穿其精心编造的“信息茧房”。要和平、要发展、要交流、要合作是两岸同胞的共同愿望，是台湾社会的主流民意，任何与之相悖的图谋注定失败。(完) 【,830,https://www.chinanews.com.cn/gn/2025/03-26/10389198.shtml,婚姻;配偶
People.cn,2025-03-26,领证不用再回老家了！民政部将施行婚姻登记“全国通办”,近日，国务院常务会议审议通过《婚姻登记条例（修订草案）》（以下简称《条例》）。《条例》落实民法典的有关规定，将近年来婚姻登记“跨省通办”等改革试点成果上升为法律制度，对规范婚姻登记工作、优化婚姻登记服务、保障婚姻当事人合法权益、加强婚姻家庭建设、促进社会和谐稳定等具有重要意义，为做好新时代婚姻管理工作提供了重要法治保障。为切实做好《条例》的贯彻落实，民政部将重点抓好以下几项工作，详见↓ 一是施行婚姻登记“全国通办”。 为满足人民群众异地办理婚姻登记需求，经国务院批准，自2021年6月起，全国陆续有21个省（自治区、直辖市）开展了2轮婚姻登记“跨省通办”试点。截至2025年2月底，全国累计办理婚姻登记“跨省通办”49.2万对，相关工作受到社会广泛好评。 为更好回应群众诉求，在充分总结试点成功经验的基础上，将施行婚姻登记“全国通办”，届时当事人办理婚姻登记不再受常住户口所在地限制。 民政部将指导各地不断加强规范化建设，明确受理条件、办理流程和证件材料要求。婚姻登记机关要认真核验当事人提供的证件材料是否真实齐备、是否符合法定要求，严格依法办理登记业务。督促各地加强制度化建设，完善相关婚姻登记工作规范，明确婚姻登记窗口服务规范、工作纪律、文明用语、服务禁语，充分展示政府部门良好形象。指导加强信息化建设，积极提供婚姻登记预约服务，深入开展婚姻登记信息数据联网核对，通过让数据多跑路、群众少跑腿，把更多方便惠及群众。 二是优化婚姻家庭辅导服务。 督促各地婚姻登记机关加强综合性婚姻家庭辅导服务工作，通过多种方式，着力为当事人提供更加科学、专业、有效、温馨的婚姻家庭辅导服务。同时，支持各地坚持分类施策，围绕婚前教育、婚姻家庭关系辅导等服务，有针对性地明确辅导内容、辅导策略、辅导重点，为当事人提供情感沟通、心理疏导、纠纷调解等服务。指导各地持续传承良好家风家教，切实用好婚姻家庭辅导服务的良好契机，大力弘扬社会主义核心价值观、积极传承中华优秀传统文化。 三是持续深化婚俗改革 。指导各级民政部门倡导文明健康婚俗， 积极提供结婚颁证仪式、集体婚礼等特色服务，引导更多年轻群体婚事新办简办。 配合相关部门扎实开展高额彩礼、大操大办等婚俗陋习治理，充分发挥党员干部模范带头和红白理事会等基层组织作用，调动社会力量参与婚俗改革的积极性和主动性，有效遏制婚俗领域不正之风。 四是建设完善婚姻管理诚信体系。 民政部将会同国家发展改革部门 推动建立婚姻登记诚信体系 ，婚姻登记当事人要对个人提供证件材料的真实性、有效性负责，不得出具虚假证件材料。,1069,http://sh.people.com.cn/n2/2025/0326/c134768-41176743.html,婚姻登记;婚姻;结婚;彩礼;婚俗;婚礼
People.cn,2025-03-29,离婚时约定将财产赠与子女，未过户前能反悔吗？,夫妻离婚时，约定将房产赠与子女，一方却在办理过户前反悔，该如何处理？近日，山东省平度市人民法院蓼兰法庭审理了一起特殊的赠与合同纠纷案件。 原、被告系父女关系。原告小芳父母离婚之时约定，将登记在被告名下的房屋一处赠与婚生女（小芳），法院也出具判决书对该约定予以确认。2024年，小芳年满十八周岁，本该如期办理过户手续，其父亲却反悔，拒绝履行赠与约定。小芳诉至法院，要求判令父亲协助自己履行房屋过户手续。 法院经审理认为，上述离婚案件中当事人约定将案涉房屋赠与彼时尚未成年的女儿， 该赠与行为不同于一般的赠与合同，具有强烈的人身属性，对当事人不仅具有法律约束力，更具有保护、照顾未成年子女利益的目的。 该赠与行为已被生效判决书所确认，原告凭该生效判决已取得对案涉房产的物权。案涉赠与的财产为不动产，需办理产权变更登记手续。现原告已年满十八周岁，原告要求被告协助其办理案涉房屋产权变更登记手续，有事实与法律依据，被告应在合理期限内履行义务。同时考虑到被告在国外务工，无法短时间内回国， 最终判决被告于三个月之内协助原告办理案涉房屋的产权变更登记手续。 《最高人民法院关于适用 婚姻家庭编的解释（二）》于2025年2月1日起施行，该司法解释第二十条规定：“离婚协议约定将部分或者全部夫妻共同财产给予子女，离婚后，一方在财产权利转移之前请求撤销该约定的，人民法院不予支持，但另一方同意的除外”。 本案中小芳的父母在离婚时，约定将小芳父亲名下房屋赠与女儿，该约定不仅是单纯的赠与行为，也具有家庭成员间互助的道德义务性质，受法律保护。在未征得小芳母亲同意的情况下，小芳父亲无权单方面撤销赠与，若想撤销离婚约定中财产部分的赠与，必须取得双方合意，并且遵循相关法律法规约定。,728,http://sd.people.com.cn/n2/2025/0329/c364532-41179946.html,婚姻;离婚;婚约;夫妻
China News Service,2025-03-31,青年青睐“轻相亲” 73.9%受访者表示周围有人尝试过,青年青睐“轻相亲” 73.9%受访者表示周围有人尝试过 参加相亲活动，74.2%受访者提醒注意个人信息安全和隐私保护 “恋综式旅行”、线上打卡、线下社群聚会……当下，一些基于兴趣互动的相亲形式受到年轻人欢迎。近日，中国青年报社社会调查中心联合问卷网(wenjuan.com)，对1339名受访者进行的一项调查显示，73.9%的受访者表示周围有青年尝试过兴趣互动式的“轻相亲”活动，74.2%的受访者提醒，参加相亲活动时注意个人信息安全和隐私保护。 “轻相亲”受欢迎，62.2%受访者认为是因为氛围轻松，减少了尴尬 来自河北石家庄的白领姚瑶今年27岁，但身边男性太少，网恋又觉得太危险，目前还是单身。前不久，在身边朋友的邀请下，她参加了交友活动。“虽说有想谈恋爱的想法，但是也较为随缘，如果是周末玩一玩放松一下心情、交朋友，会比较想参与。” 调查中，53.2%的受访者参加过相亲活动，46.8%的受访者没参加过。 姚瑶参加的是一个轰趴馆举办的交友派对，“整个过程很放松，先是自我介绍，然后看电影，自由结组玩游戏，还可以打台球、唱歌、玩桌游等，也可以坐着聊天。除了自由结组时间，领队也会组织玩游戏”。 调查中，73.9%的受访者表示周围有尝试兴趣互动式“轻相亲”的青年，其中16.5%的受访者表示有很多。 北京理工大学硕士生陈熙参加过某个公众号举办的“一周CP”活动，并且成功在今年元旦脱单了。“之前一直单身，比较想收获一段合拍的感情，但是我在线下不太敢主动跟人搭话，看到‘一周CP’这种线上交友的活动时，我就第一时间报名了。” 陈熙介绍，参加“一周CP”活动的人需要先填写基本资料以及对匹配的另一半的要求，如年龄范围、是否要求在同一所学校等。之后，系统会把参与活动的男生和女生进行一对一匹配，然后两个人就可以加微信开始合作完成任务了，“以前有专门的‘小月老’拉群聊，督促两个人完成任务，现在改成小程序打卡了，两人需要连续7天做任务打卡。任务包括自我介绍、一起打游戏、一起听音乐、打电话、制作拼图(午饭拼图、爱心拼图)、写情书、见面等”。 调查显示，大家感兴趣的“轻相亲”形式主要有：线上配对完成打卡任务后“奔现”(54.0%)、读书/美食/运动等兴趣社群交友(52.7%)、“恋综式旅行”等主题旅行合作任务(52.4%)，其他还有：线下游戏/社交专场活动(37.0%)、脱口秀“说媒”相亲(35.6%)、直播相亲大会(28.5%)、通过有匹配功能的社交软件聊天(14.7%)。 姚瑶比较期待旅游形式的相亲，“我感觉在旅行中能真正看出一个人平时生活的样子，而且旅行最容易出现矛盾，过程中也能看出来这个人可不可靠、人品怎么样，相比于见一面只待几个小时的相亲，这种方式对一个人的了解能更加深入”。 “轻相亲”为什么受到青年欢迎？62.2%的受访者认为是由于氛围轻松，减少了尴尬；52.9%的受访者认为是顺应了年轻人数字化社交偏好；50.9%的受访者喜欢其自主性强，干预少；47.8%的受访者认为通过兴趣筛选“同好”，匹配度高。 陈熙觉得先线上再线下的形式很好，他感觉“轻相亲”给人带来的就是这种形式简单、压力小，“我了解过其他的线下交友活动，也是氛围比较轻松，大家可以聊到一起去”。 “我性格有些内向，一开始还有点拘谨。但后来发现大家都保持着恰当的社交距离，像是在社团聚会，慢慢地就不怎么戒备了。游戏也是根据兴趣爱好凑在一块玩的，所以很好融入，没有‘冒犯’感。”姚瑶很喜欢这类兴趣导向的活动。 此外，46.5%的受访者觉得“轻相亲”可扩展社交圈，满足社交需求，40.8%的受访者认为“轻相亲”淡化了“相亲”目的，接触更自然，17.7%的受访者觉得时间灵活效率高。 “正式的相亲因为目的性太强，让人不容易放得开。”浙江省心理健康促进会成员、杭州市总工会特聘婚恋专家凌子觉得，现在的一些相亲形式有趣、多元，给了大家轻松相处的机会，让大家愿意迈出寻找幸福的第一步。但凌子认为，形式不是最重要的。现在一些年轻人不愿意花时间去深入了解对方，一味看物质条件、看学历，这样很容易错过对的人。应该像认识一个新朋友一样，去跟对方交流沟通，先彼此了解再建立情感，这样才有可能长久地走下去。 参加相亲活动时，74.2%受访者提醒注意个人信息安全和隐私保护 “相亲活动中，可能会有不太正规的组织，也可能会有人动机不纯，骗感情骗钱。所以我觉得首先要甄别活动是哪里主办的，是不是正规，最好向之前参加过的人打听下感觉怎么样，包括活动场馆合不合规、安不安全，以及搜集的个人信息合不合理，涉不涉及隐私泄露的问题。”姚瑶提醒，在活动中跟人相处时也要保持适度警惕，察觉到有不对的地方就赶紧离开。 参加相亲活动时，74.2%的受访者提醒注意个人信息安全和隐私保护，67.4%的受访者建议关注主办方资质和信誉，61.7%的受访者建议对参与者身份真实性进行审核，43.4%的受访者建议关注活动和相关场地的安全性。 凌子提醒，谈好恋爱也要注重个人自我能力的提升，如果语言沟通能力不好，需求定位不准，与人建立关系的能力不强，其实也很难进入一段好的恋爱关系。只有自己先作好准备，遇到对的人才能抓住机会。 受访者中，男性占40.6%，女性占59.4%。单身未婚的占41.3%，恋爱中未婚的占15.4%，已婚的占42.3%，其他的占1.0%。20岁以下的占0.8%，21-25岁的占24.7%，26-30岁的占40.3%，31-35岁的占24.9%，36岁以上的占9.3%。 中青报·中青网记者 王品芝 实习生 李斯宇,2278,https://www.chinanews.com.cn/sh/2025/03-31/10391820.shtml,婚恋;恋爱;相亲;单身;脱单;另一半
People.cn,2025-04-03,宁夏利通区实施农村高额彩礼专项治理行动,近年来，宁夏回族自治区吴忠市利通区聚焦高额彩礼、人情攀比、大操大办等突出问题，实施农村高额彩礼专项治理“八项行动”，通过选树“低、零彩礼”示范户、开展“沾泥土”的移风易俗宣讲、发放惠农补贴、签订移风易俗承诺书等具体举措，推动文明乡风建设取得显著成效。 自2024年5月专项治理工作开展以来，宁夏利通区的“低彩礼”“零彩礼”示范家庭共有203户，占同期新婚家庭总数的55%，彩礼金额较治理前年度平均值下降2.4万元，文明新风已逐渐成为乡村振兴的亮丽底色。 利通区充分发挥基层党组织作用，创新构建“1233”治理工作体系，组织发动党员干部对1.2万余名适龄青年实现“线上+线下”宣传全覆盖，通过重点村包抓、干部联户等机制累计选树135户“零彩礼”“低彩礼”示范家庭，其中7个重点监测村彩礼均值较治理前下降4万元。建立党员干部婚嫁事宜备案登记、高额彩礼线索核查等制度，累计报备132人次，形成党组织牵头、党员示范、群众参与的共治格局。 利通区打造“区、乡、村”三级宣讲矩阵，以600余场宣讲活动为载体，组建含政法骨干、法律明白人、先进典型在内的“金花之声”宣讲队，开展30场移风易俗主题巡回宣讲。在微信公众号、视频号开设专栏，播报典型事迹80余条，拍摄专题短视频10部，推出《黄河金岸践新风》等新媒体作品全网传播。通过选树200户“好婆婆”“好媳妇”、60户“零低彩礼”家庭典型，构建起“身边人讲新风尚”的浸润式教育场景。 与此同时，利通区完善一约三会制度体系，行政村将抵制高额彩礼等重要内容纳入村规民约，对积分制、“红黑榜”中先进带头人员给予表扬和奖励。重组红白理事会，吸纳乡贤，发挥“塞上枫桥”工作作用，开展以案释法等法治宣教活动140余场次、征集群众关于彩礼类纠纷法律咨询需求30余条，排查化解婚恋家庭类纠纷220余起。举办2场集体颁证仪式颁发65本“零低彩礼”证书，形成“自治定规矩、法治划底线、德治树导向”的治理闭环。 利通区实施“惠农增收+移风易俗”双轮驱动，统筹发放惠农补贴4000余万元，投入567万元发展953户庭院经济。开展20场就业技能培训覆盖500人，安置公益性岗位360个，帮扶车间带动200人就业，发放务工补贴885万元。全区脱贫人口稳定就业4113人，达到120.97%，农村居民人均收入达23601元，为培育文明新风奠定物质基础。 此外，利通区构建“共青团+妇联”协同机制，组织150场青年宣讲，创新“青春有约·CP出圈计划”青年交友联谊品牌，开展12期活动服务304余青年。实施困境妇女关爱行动，发放救助金72万元、10万元惠及770人，形成“青年倡新风、巾帼树榜样”的生动局面。 下一步，宁夏利通区将深入推进农村高额彩礼专项治理“八项行动”，计划到2027年全面建成“法规完善、群众自觉”的婚俗治理体系，着力打造新时代乡村文明新风尚，推动文明新风在利通乡村落地生根、开花结果。,1203,http://nx.people.com.cn/n2/2025/0403/c412337-41185852.html,婚恋;彩礼;婚俗;婚嫁
People.cn,2025-04-03,马鞍山市博望区：婚嫁新风拂面，登记大厅见证幸福“减负”,为弘扬时代新风，推进移风易俗，近日，马鞍山市博望区委社会工作部、区民政局联合在区婚姻登记大厅举办“倡树婚嫁新风 让爱与文明同行”主题宣传活动。 活动通过“四个一”形式，即一份倡议、一个承诺、一份祝福、一份礼品，引导新人树立文明婚恋观，营造健康向上的婚嫁新风尚。一份倡议树新风。活动现场，工作人员讲解《博望区婚嫁新风倡议书》，倡导“婚事新办、仪式从简”的文明理念，号召新人及家庭自觉抵制高额彩礼、铺张浪费等陋习，争做新时代婚俗改革的践行者。一个承诺见行动。在“抵制高额彩礼 倡树文明婚俗”签名墙上，新人们郑重签下自己的名字。刚领取结婚证的李先生夫妇表示：“幸福婚姻需要用心经营，我们会用实际行动践行简约适度的婚俗新风”。一份祝福传真情。活动现场特别设置送花环节，工作人员向每对新人赠送寓意幸福美满的鲜花，以简约温馨的方式传递祝福，让新人们在浪漫氛围中感悟婚姻真谛。一份礼品润人心。活动还准备了定制帆布包、手机支架等实用宣传品，将文明婚俗理念融入日常生活，让移风易俗宣传更接地气、更入人心。 今年以来，博望区六部门联合发布倡议书，创作了《高价彩礼要不得》本地民歌文艺作品，设计系列宣传海报，开展系列主题宣传，充分借助短视频、“两微一端”等新媒体手段，推动形成“喜事新办、文明节俭”的社会新风尚。（杨帆 黄辉 文/图）,556,http://ah.people.com.cn/n2/2025/0403/c374164-41186053.html,婚姻登记;高价彩礼;婚姻;结婚;婚恋;彩礼;婚俗;婚嫁
People.cn,2025-04-07,一起离婚案件的温情调解,法律是理性的尺度，但判决之外，总有一份温情在悄然流淌。近日，双辽市人民法院茂林人民法庭成功调解了一起特殊的离婚纠纷，法官用脚步丈量民情，用真心化解心结，让一个濒临破碎的家庭重新找到温暖的方向。 十几年前，李某（化名）在一次车祸中不幸受伤，造成肢体残疾，行动不便，脑干受损至意识模糊，每日均需要他人护理。生活的突变让原本幸福的家庭陷入了困境。王某（化名）作为李某的妻子，面对巨大的生活压力和精神负担，向茂林人民法庭提起了离婚诉讼。 “翻开卷宗容易，却怎能感受贫困家庭的酸甜苦辣。”案件受理后，承办法官敏锐地察觉到：这不仅是法律问题，更是一个需要被“治愈”的家庭故事。为了真正了解这个家庭的困境，法官没有止步于法庭。 前往李某家中时，法官看到的是妻子忙碌的背影、丈夫坐在门斗椅子上茫然的眼神，他好似有些许的祈盼。 “我哥十多年前就出车祸了，直接摔到脑干了，从那以后就不能动弹下地了，一直都是我嫂子伺候着。我侄儿今年三十多了，一直在外边打工，现在还因为家庭的拖累娶不上媳妇呢，这一家子可咋整。”李某的弟弟不仅是陈述这个家庭的实况，更像是挽留他的嫂子。 “那时候知道他出事了，心里头就寻思这人要是还能喘气儿就行了……家里头没钱，到现在儿子还没有娶媳妇，这日子太苦了。” 原告的一段对生活的诉说，真的让人感受到一个困境中的农村妇女的真情实感。 “王某，夫妻双方更应相互扶持，共同克服困难，你丈夫虽然身体上无法自理，但是通过刚才询问，他时而清醒时而糊涂，他心里是明白的，尽量不要对他带来二次创伤。说一句粗话，要是跟他离婚了，生活了这么多年，你会对他不管不顾吗，现在儿子在外打工也回不来，他生活不能自理，更没有人管他，他可怎么办。要是儿子回来了照顾着他，家里的经济来源不是更没有了吗……” “你们说的我都懂，毕竟孩子都这么大了，放下他们我也舍不得，让我再想一想吧。”夫妻多年的亲情化作泪水。只有时间能冲淡眼泪的苦涩，原告近一个小时的哭泣，法官用一天的时间安抚劝慰，王某逐渐放下了离婚的念头，表示愿意与李某共同面对生活的挑战。最终，双方达成了和解协议，王某撤回了离婚诉讼。 司法裁判的终极价值不仅在于定纷止争，更在于修复社会关系、传递人文关怀。当法律条文照进现实生活，法官既要做明辨是非的裁决者，更要成为社会矛盾的修复者。通过司法力量夯实困境家庭生活的根基，正是“以人民为中心”司法理念的社会实践。 法院的调解里，婚姻没有对与错，只藏着司法者对万家灯火的珍视。 法律小课堂：限制民事行为能力人离婚，有何特殊？ 1. 特别程序：若一方为限制民事行为能力人，离婚诉讼需由其法定代理人代理（《中华人民共和国民法典》第二十一条）。 2. 调解优先：法院需着重调解，充分考量弱势方权益，避免因疾病或残疾导致“二次伤害”。 3. 情感与责任并重：法律不仅关注婚姻关系的存续，更注重家庭成员间的抚养义务是否得到妥善履行。,1195,http://jl.people.com.cn/n2/2025/0407/c349771-41188278.html,婚姻;离婚;夫妻
People.cn,2025-04-07,宁夏回族自治区盐池县花马池镇佟记圈村：省下彩礼，打算开个小店,初春的宁夏回族自治区盐池县花马池镇佟记圈村，村民马斌和未婚妻杨小娟正在筹备婚礼。与以往不同，两家人围坐商议时，彩礼不再是焦点。“政府提倡‘零彩礼’，省下的钱正好用来开个小店。”杨小娟笑着说。 在佟记圈村，这对新人的选择并非个例。佟记圈村党支部书记李晓飞是全县移风易俗的带头人，嫁了两个女儿也全是“零彩礼”，让村民们竖起了大拇指。 “彩礼多高是个高？之前一直没有明确标准。后来自治区党委出台了文件，规定农村彩礼倡导性标准一般不超过2023年当地农村居民人均可支配收入的6倍，我们就把这一条写进了村规民约。”李晓飞的笔记本上，密密麻麻记录着村里每家每户的婚嫁计划，“得把政策讲透，更要帮年轻人谋划未来。” 自2024年宁夏启动农村高额彩礼专项治理以来，全区已有9378对农村新人登记结婚，其中63.8%选择“零彩礼”或“低彩礼”，平均彩礼金额下降35%，高额彩礼、大操大办等陈规陋习得到有效遏制。 如今，自治区13个部门“点对点”包抓重点县，208名县级领导“一对一”包联重点村，推动治理直抵基层末梢。有关部门会给达到“零彩礼”“低彩礼”要求的家庭颁发证书，从登记结婚之日5年内，本人及双方父母凭借证书和身份证可在市域范围内免费乘坐公交车；同等条件下，对持证书家庭在就业技能培训政策上给予支持。 既要“破旧”，更需“立新”。宁夏组织文艺巡演下乡千余场，4360场模范家庭宣讲用身边事教育身边人。通过“线上+线下”形成立体宣传矩阵，让新风尚浸润乡野。村级红白理事会、道德评议会全覆盖，让群众逐渐从“被动约束”转向“主动参与”。 《人民日报》（2025年04月07日 第 07 版）,687,http://nx.people.com.cn/n2/2025/0407/c192150-41188626.html,结婚;彩礼;婚嫁;婚礼
People.cn,2025-04-07,温情调解化纠纷 彩礼返还促和谐,近日，吉林省梨树县人民法院榆树台法庭成功调解一起因彩礼返还引发的离婚纠纷案件，通过法官耐心细致的调解工作，既维护了当事人合法权益，又避免了矛盾进一步激化，取得了良好的法律效果和社会效果。 原告丁某与被告赵某经人介绍缔结婚姻，婚前丁某家庭按照当地习俗向赵某支付彩礼15万元及“三金”首饰（金项链、金手镯、金戒指）。然而，婚后双方因感情不和频发争吵，共同生活仅5个月后便分居。丁某认为婚姻已无法维系，遂向梨树县法院提起诉讼，要求赵某返还彩礼及首饰。 承办法官受理案件后，考虑到此类案件涉及家庭关系和传统习俗，若简单判决可能加剧双方对立，遂决定优先通过调解化解矛盾。调解过程中，法官详细梳理案情，向双方阐明《最高人民法院关于审理涉彩礼纠纷案件适用法律若干问题的规定》中关于彩礼返还的裁判规则，重点解释“ 双方已办理结婚登记且共同生活，离婚时一方请求返还按照习俗给付的彩礼的”情形下彩礼是否返还以及返还比例的法律规定。同时，法官从情感角度出发，耐心疏导双方情绪，引导当事人换位思考，理性看待婚姻破裂后的财产分割问题。 经过数小时释法明理，双方态度逐渐缓和。最终，在法官主持下达成调解协议：赵某当场返还丁某彩礼款6.1万元及“两金”首饰（金项链、金手镯）。丁某自愿放弃其余诉求，双方和平解除婚姻关系。调解协议履行后，双方均对结果表示认可，案件得以圆满解决。 此次调解不仅高效化解矛盾，更以司法温度弥合当事人情感裂痕，彰显了人民法院在涉民生案件中的责任担当。案件承办法官表示：“彩礼纠纷案件往往牵涉双方家庭情感与经济利益，机械适用法律可能割裂社会关系。我们坚持‘调解优先、调判结合’原则，既保障当事人合法财产权益，又注重修复社会关系，真正实现案结事了人和。” 《最高人民法院关于审理涉彩礼纠纷案件适用法律若干问题的规定》第五条 ：双方已办理结婚登记且共同生活，离婚时一方请求返还按照习俗给付的彩礼的，人民法院一般不予支持。但是，如果共同生活时间较短且彩礼数额过高的，人民法院可以根据彩礼实际使用及嫁妆情况，综合考虑彩礼数额、共同生活及孕育情况、双方过错等事实，结合当地习俗，确定是否返还以及返还的具体比例。,897,http://jl.people.com.cn/n2/2025/0407/c349771-41188267.html,结婚登记;婚姻;结婚;离婚;彩礼
China News Service,2025-04-09,受权发布丨婚姻登记条例,(2003年8月8日中华人民共和国国务院令第387号公布 根据2024年12月6日《国务院关于修改和废止部分行政法规的决定》第一次修订 2025年4月6日中华人民共和国国务院令第804号第二次修订) 第一条 为了规范婚姻登记工作，保障婚姻自由、一夫一妻、男女平等的婚姻制度的实施，保护婚姻当事人的合法权益，根据《中华人民共和国民法典》(以下简称民法典)，制定本条例。 第二条 内地居民办理婚姻登记的机关是县级人民政府民政部门或者省、自治区、直辖市人民政府按照便民原则确定的乡(镇)人民政府。 中国公民同外国人，内地居民同香港特别行政区居民(以下简称香港居民)、澳门特别行政区居民(以下简称澳门居民)、台湾地区居民(以下简称台湾居民)、华侨办理婚姻登记的机关是省、自治区、直辖市人民政府民政部门或者省、自治区、直辖市人民政府民政部门确定的机关。 第三条 县级以上地方人民政府应当采取措施提升婚姻登记服务水平，加强对婚姻登记场所的规范化、便利化建设，为办理婚姻登记提供保障。 第四条 国务院民政部门统筹规划、完善全国婚姻基础信息库，会同外交、公安等有关部门以及最高人民法院建立健全信息共享机制，保障婚姻信息准确、及时、完整、安全。省、自治区、直辖市人民政府民政部门负责统筹本地区婚姻登记信息系统的建设、管理、维护和信息安全工作。 第五条 县级以上地方人民政府应当加强综合性婚姻家庭服务指导工作和婚姻家庭辅导服务体系建设，治理高额彩礼问题，倡导文明婚俗，促进家庭和谐，引导树立正确的婚恋观、生育观、家庭观。 婚姻登记机关应当提供婚姻家庭辅导服务，充分发挥婚姻家庭辅导师等专业人员和其他社会力量在婚前教育、婚姻家庭关系辅导等方面的作用。妇女联合会等组织协助和配合婚姻登记机关开展婚姻家庭辅导服务。 民政部门应当加强婚姻家庭辅导服务专业人员队伍建设，组织开展婚姻家庭辅导师职业培训，持续提升婚姻家庭辅导服务专业人员的职业素质和业务技能水平。 第六条 婚姻登记机关从事婚姻登记的工作人员应当接受婚姻登记业务培训，依照有关规定经考核合格，方可从事婚姻登记工作。 婚姻登记机关办理婚姻登记，不得收取费用。 婚姻登记机关及其工作人员在婚姻登记工作中发现疑似被拐卖、绑架的妇女的，应当依法及时向有关部门报告；发现当事人遭受家庭暴力或者面临家庭暴力的现实危险的，应当及时劝阻并告知受害人寻求救助的途径。 婚姻登记机关及其工作人员应当对在婚姻登记工作中知悉的个人隐私、个人信息予以保密，不得泄露或者向他人非法提供。 第七条 内地居民结婚，男女双方应当亲自到婚姻登记机关共同申请结婚登记。 中国公民同外国人在中国内地结婚的，内地居民同香港居民、澳门居民、台湾居民、华侨在中国内地结婚的，男女双方应当亲自到本条例第二条第二款规定的婚姻登记机关共同申请结婚登记。 婚姻登记机关可以结合实际为结婚登记当事人提供预约、颁证仪式等服务。鼓励当事人邀请双方父母等参加颁证仪式。 第八条 申请结婚登记的内地居民应当出具下列证件和书面材料： (二)本人无配偶以及与对方当事人没有直系血亲和三代以内旁系血亲关系的签字声明。 申请结婚登记的香港居民、澳门居民、台湾居民应当出具下列证件和书面材料： (一)本人的有效通行证或者港澳台居民居住证、身份证； (二)经居住地公证机构公证的本人无配偶以及与对方当事人没有直系血亲和三代以内旁系血亲关系的声明。 申请结婚登记的华侨应当出具下列证件和书面材料： (二)居住国公证机构或者有权机关出具的、经中华人民共和国驻该国使(领)馆认证的本人无配偶以及与对方当事人没有直系血亲和三代以内旁系血亲关系的证明，或者中华人民共和国驻该国使(领)馆出具的本人无配偶以及与对方当事人没有直系血亲和三代以内旁系血亲关系的证明。中华人民共和国缔结或者参加的国际条约另有规定的，按照国际条约规定的证明手续办理。 申请结婚登记的外国人应当出具下列证件和书面材料： (一)本人的有效护照或者其他有效的国际旅行证件，或者外国人永久居留身份证等中国政府主管机关签发的身份证件； (二)所在国公证机构或者有权机关出具的、经中华人民共和国驻该国使(领)馆认证或者该国驻华使(领)馆认证的本人无配偶的证明，或者所在国驻华使(领)馆出具的本人无配偶的证明。中华人民共和国缔结或者参加的国际条约另有规定的，按照国际条约规定的证明手续办理。 申请结婚登记的当事人对外国主管机关依据本条第三款、第四款提及的国际条约出具的证明文书的真实性负责，并签署书面声明。 第九条 申请结婚登记的当事人有下列情形之一的，婚姻登记机关不予登记： (四)属于直系血亲或者三代以内旁系血亲的。 第十条 婚姻登记机关应当核对结婚登记当事人出具的证件、书面材料，询问相关情况，并对当事人的身份以及婚姻状况信息进行联网核对，依法维护当事人的权益。对当事人符合结婚条件的，应当当场予以登记，发给结婚证；对当事人不符合结婚条件不予登记的，应当向当事人说明理由。 第十一条 要求结婚的男女双方未办理结婚登记的，应当补办登记。男女双方补办结婚登记的，适用本条例结婚登记的规定。 第十二条 因胁迫结婚的，受胁迫的当事人可以依据民法典第一千零五十二条的规定向人民法院请求撤销婚姻。一方当事人患有重大疾病的，应当在结婚登记前如实告知另一方当事人；不如实告知的，另一方当事人可以依据民法典第一千零五十三条的规定向人民法院请求撤销婚姻。 第十三条 内地居民自愿离婚的，男女双方应当签订书面离婚协议，亲自到婚姻登记机关共同申请离婚登记。 中国公民同外国人在中国内地自愿离婚的，内地居民同香港居民、澳门居民、台湾居民、华侨在中国内地自愿离婚的，男女双方应当签订书面离婚协议，亲自到本条例第二条第二款规定的婚姻登记机关共同申请离婚登记。 离婚协议应当载明双方自愿离婚的意思表示和对子女抚养、财产以及债务处理等事项协商一致的意见。 第十四条 申请离婚登记的当事人有下列情形之一的，婚姻登记机关不予受理： (二)属于无民事行为能力人或者限制民事行为能力人的； 第十五条 申请离婚登记的内地居民应当出具下列证件： 申请离婚登记的香港居民、澳门居民、台湾居民、华侨、外国人除应当出具前款第二项规定的证件外，香港居民、澳门居民、台湾居民还应当出具本人的有效通行证或者港澳台居民居住证、身份证；华侨、外国人还应当出具本人的有效护照或者其他有效的国际旅行证件，或者外国人永久居留身份证等中国政府主管机关签发的身份证件。 第十六条 婚姻登记机关应当在法律规定期限内，根据当事人的申请，核对离婚登记当事人出具的证件、书面材料并询问相关情况。对当事人确属自愿离婚，并已经对子女抚养、财产以及债务处理等事项协商一致，男女双方亲自到收到离婚登记申请的婚姻登记机关共同申请发给离婚证的，婚姻登记机关应当当场予以登记，发给离婚证。 当事人未在法律规定期限内申请发给离婚证的，视为撤回离婚登记申请，离婚登记程序终止。 第十七条 婚姻登记机关在办理离婚登记过程中，可以根据情况及时对离婚登记当事人开展心理辅导、调解等工作。 第十八条 离婚后，男女双方自愿恢复婚姻关系的，应当依照本条例规定到婚姻登记机关重新申请结婚登记。 第十九条 婚姻登记机关应当建立婚姻登记档案。婚姻登记档案应当长期保管并按规定为当事人或者有权机关提供查询服务。具体管理办法由国务院民政部门会同国家档案管理部门规定。 第二十条 婚姻登记机关收到人民法院确认婚姻无效或者撤销婚姻的判决书副本后，应当在当事人的婚姻登记档案中及时备注婚姻无效或者撤销婚姻的信息，并将相关信息上传至全国婚姻基础信息库。 第二十一条 当事人需要补领结婚证或者离婚证的，可以持居民身份证或者本条例第八条第二款至第四款规定的有效身份证件向婚姻登记机关申请办理。 婚姻登记机关对当事人的婚姻登记档案进行查证，确认属实的，应当为当事人补发结婚证或者离婚证。 第二十二条 婚姻登记机关及其工作人员有下列行为之一的，对负有责任的领导人员和直接责任人员依法依规给予处分： (一)为不符合婚姻登记条件的当事人办理婚姻登记的； (二)违反规定泄露或者向他人非法提供婚姻登记工作中知悉的个人隐私或者个人信息的； (三)玩忽职守造成婚姻登记档案损毁、灭失的； 违反前款第四项规定收取的费用，应当退还当事人。 第二十三条 当事人应当对所出具证件和书面材料的真实性、合法性负责，出具虚假证件或者书面材料的，应当承担相应法律责任，相关信息按照国家有关规定记入信用记录，并纳入全国信用信息共享平台。 第二十四条 违反本条例规定，构成违反治安管理行为的，依法给予治安管理处罚；构成犯罪的，依法追究刑事责任。 第二十五条 中华人民共和国驻外使(领)馆可以依照本条例的有关规定，为男女双方均居住于驻在国的中国公民办理婚姻登记。 第二十六条 男女双方均非内地居民的中国公民在内地办理婚姻登记的具体办法，由国务院民政部门另行制定。 第二十七条 本条例规定的婚姻登记证由国务院民政部门规定式样并监制。 第二十八条 本条例自2025年5月10日起施行。 【,3714,https://www.chinanews.com.cn/gn/2025/04-09/10396825.shtml,婚姻登记;结婚登记;婚姻;结婚;离婚;婚恋;彩礼;婚俗;复婚;配偶;家庭暴力
China News Service,2025-04-09,李强签署国务院令 公布修订后的《婚姻登记条例》,新华社北京4月9日电 国务院总理李强日前签署国务院令，公布修订后的《婚姻登记条例》(以下简称《条例》)。《条例》自2025年5月10日起施行，全文共6章28条，修订的主要内容如下。 一是增加婚姻家庭服务工作内容。规定县级以上地方人民政府加强综合性婚姻家庭服务指导工作和婚姻家庭辅导服务体系建设，倡导文明婚俗，促进家庭和谐，引导树立正确的婚恋观、生育观、家庭观。明确婚姻登记机关提供婚姻家庭辅导服务，充分发挥专业人员和其他社会力量在婚前教育、婚姻家庭关系辅导、妇女权益保障等方面的作用。 二是实行婚姻登记“全国通办”。深化婚姻登记制度改革，进一步提高婚姻登记的便利性。明确国务院民政部门统筹规划、完善全国婚姻基础信息库，会同有关单位建立健全信息共享机制，保障婚姻信息准确、及时、完整、安全。 三是优化婚姻登记服务。规定县级以上地方人民政府采取措施提升婚姻登记服务水平，加强婚姻登记场所规范化、便利化建设。要求婚姻登记机关依法核对当事人有关证件材料、询问相关情况，并对当事人的身份以及婚姻状况信息进行联网核对。在婚姻登记工作中，与相关法律规定作了衔接，同时鼓励各地结合实际为当事人提供预约、颁证仪式等服务。 【,503,https://www.chinanews.com.cn/gn/2025/04-09/10396813.shtml,婚姻登记;婚姻;婚恋;婚俗
People.cn,2025-04-09,宁夏中卫市开出良方破解高额彩礼困局,为深入推进移风易俗，破除陈规陋习，宁夏回族自治区中卫市以整治农村高额彩礼为突破口，引导群众树立文明婚嫁观念。据统计，自专项治理开展以来，宁夏中卫市农村结婚登记2126对，其中“零彩礼”认定151对，“低彩礼”认定1079对，合计占比达57.8%。全市平均彩礼金额降至7.62万元，较治理前下降35%。 为从源头遏制高额彩礼，宁夏中卫市委社会工作部和民政、妇联、工会等相关部门（单位）联动，打出“组合拳”。利用“5·20”、七夕、国庆等节点举办集体婚礼和青年交友等系列活动，帮助年轻人拓展朋友圈，倡导简约婚俗，树立正确婚恋观；通过广播、电视、网络等平台广泛宣传高额彩礼的危害性和移风易俗的重要性；创作编排以“抵制高额彩礼”为主题的文艺节目，深入农村巡回演出，用群众喜闻乐见的形式传播文明新风；将“低彩礼”“零彩礼”纳入村规民约，引导村民自觉践行，并发挥红白理事会监督作用，对攀比行为进行劝导。 为让改革举措更具吸引力，宁夏中卫市推出系列政策对“低彩礼”“零彩礼”家庭给予实实在在的奖励。持有《农村婚俗新风光荣证》的家庭可免费乘坐城市公交，目前，宁夏中卫市各县（区）已全面落实，切实增强群众的获得感和幸福感。将“低彩礼”“零彩礼”家庭优先纳入“文明家庭”“最美家庭”等评选表彰范围，并为“零彩礼”“低彩礼”家庭提供就业岗位20个，帮助5名新婚女性申请创业贷款121万元，引导群众自觉抵制高额彩礼。 宁夏中卫市委社会工作部联合民政、妇联等部门，建立健全整治高额彩礼工作机制，定期召开联席会议，严厉打击哄抬彩礼价格、宣扬拜金主义、滥办酒席等行为，形成整治高额彩礼的强大合力，每月结合同级民政部门反馈的农村结婚登记情况，反向对比审核辖区农村彩礼认定总量，针对比对数据差别较大的情况，及时进行分析审核，坚决防止农村婚姻登记与彩礼信息统计‘两张皮’。 下一步，宁夏中卫市将继续加大工作力度，创新工作方法，给高额彩礼“降温”，推动“低彩礼”“零彩礼”成为社会新风尚，为乡村振兴注入文明力量。,837,http://nx.people.com.cn/n2/2025/0409/c394107-41190827.html,婚姻登记;结婚登记;婚姻;结婚;婚恋;彩礼;婚俗;婚嫁;婚礼
People.cn,2025-04-09,新修订《婚姻登记条例》自5月10日起施行--时政--人民网,4月9日，新修订的《婚姻登记条例》公布，自2025年5月10日起施行。 条例全文共6章28条，包括“总则”“结婚登记”“离婚登记”“婚姻登记档案管理”“法律责任”“附则”等内容。 条例修订的主要内容包含三个方面：一是增加婚姻家庭服务工作内容，规定县级以上地方人民政府加强综合性婚姻家庭服务指导工作和婚姻家庭辅导服务体系建设，倡导文明婚俗，促进家庭和谐，引导树立正确的婚恋观、生育观、家庭观；二是实行婚姻登记“全国通办”，深化婚姻登记制度改革，进一步提高婚姻登记的便利性；三是优化婚姻登记服务，规定县级以上地方人民政府采取措施提升婚姻登记服务水平，加强婚姻登记场所规范化、便利化建设。,291,http://politics.people.com.cn/n1/2025/0409/c1001-40456537.html,婚姻登记;结婚登记;婚姻;结婚;离婚;婚恋;婚俗
People.cn,2025-04-09,贵阳市首家！南明区实现婚姻登记和婚前检查“一站式”服务,“您好，通过检查，可以发现一些传染性、遗传性疾病，及时采取有效措施……” 4月7日，在贵阳市南明区政务服务大厅，新入驻的婚前医学检查咨询窗口迎来了首对新人，他们在工作人员的指引下进行采血、咨询等婚前健康检查。 南明区实现婚姻登记和婚前检查“一站式”服务。 为进一步提升出生人口素质，推动婚前孕前保健服务的便捷化与高效化，有效推进婚前孕前保健工作，避免或降低出生缺陷，避免不良妊娠结局的发生，南明区妇幼保健院与区民政局积极合作，在区政务服务中心设立免费婚检咨询专区，实现结婚登记和婚前检查“一站式”服务，“幸福事”办理便捷高效。据悉，这也是全市首家进驻政务服务大厅的医疗机构。 南明区妇幼保健院精心选派了一批业务精湛、经验丰富的医护人员驻点窗口，为前来登记结婚的新人们提供免费婚前医学检查、孕前优生检查、健康教育与咨询等“一站式”服务。检查项目涵盖了病史询问、传染病检测、血常规、地贫筛查等多个方面，全面且细致地为新婚夫妇和计划怀孕夫妇的健康进行把关。 南明区实现婚姻登记和婚前检查“一站式”服务。 据介绍，婚前健康检查是保障健康婚育、提高出生人口素质、降低出生缺陷发生行之有效的重要措施。“区妇幼保健院在区政务服务大厅提供一站式婚检服务，领证与婚检一站式完成，并且婚检是国家免费的。为了家人的幸福，为了下一代的健康，真诚希望新婚夫妇们主动、自愿进行婚前医学检查。”区妇幼保健院相关负责人说。（文/图 孙燕潞、程兴华）,608,http://gz.people.com.cn/n2/2025/0409/c361324-41190944.html,婚姻登记;结婚登记;婚姻;结婚;婚育
CCTV,2025-04-10,免费办理 不再需要户口本 5月10日起婚姻登记手续简化了,修订后的《婚姻登记条例》（以下简称《条例》）日前公布，自2025年5月10日起施行。《条例》修订的主要内容一是增加婚姻家庭服务工作内容，二是实行婚姻登记“全国通办”，三是优化婚姻登记服务。 不少网友在相关词条下留言询问，结婚登记还需要户口本吗？ 小编仔细研读《条例》全文发现，办理结婚、离婚登记都无需再出示户口本。 婚姻登记机关 办理婚姻登记，不得收取费用。 申请结婚登记的内地居民应当出具下列证件和书面材料： 本人无配偶 以及 与对方当事人没有直系血亲 和三代以内旁系血亲关系的 签字声明 。 申请结婚登记的当事人有下列情形之一的，婚姻登记机关不予登记： 《条例》规定，内地居民自愿离婚的，男女双方应当签订书面离婚协议，亲自到婚姻登记机关共同申请离婚登记。 申请离婚登记的内地居民应当出具 本人的居民身份证 和 本人的结婚证 。 看来“回家偷户口本登记结婚”的桥段以后只能存在于影视剧中了。,396,https://news.cctv.com/2025/04/10/ARTIHn7QCJgrEoRVsn0Uvadc250410.shtml,婚姻登记;结婚登记;婚姻;结婚;离婚;配偶
People.cn,2025-04-10,公布修订后的《婚姻登记条例》,新华社北京4月9日电 国务院总理李强日前签署国务院令，公布修订后的《婚姻登记条例》（以下简称《条例》）。《条例》自2025年5月10日起施行，全文共6章28条，修订的主要内容如下。 一是增加婚姻家庭服务工作内容。规定县级以上地方人民政府加强综合性婚姻家庭服务指导工作和婚姻家庭辅导服务体系建设，倡导文明婚俗，促进家庭和谐，引导树立正确的婚恋观、生育观、家庭观。明确婚姻登记机关提供婚姻家庭辅导服务，充分发挥专业人员和其他社会力量在婚前教育、婚姻家庭关系辅导、妇女权益保障等方面的作用。 二是实行婚姻登记“全国通办”。深化婚姻登记制度改革，进一步提高婚姻登记的便利性。明确国务院民政部门统筹规划、完善全国婚姻基础信息库，会同有关单位建立健全信息共享机制，保障婚姻信息准确、及时、完整、安全。 三是优化婚姻登记服务。规定县级以上地方人民政府采取措施提升婚姻登记服务水平，加强婚姻登记场所规范化、便利化建设。要求婚姻登记机关依法核对当事人有关证件材料、询问相关情况，并对当事人的身份以及婚姻状况信息进行联网核对。在婚姻登记工作中，与相关法律规定作了衔接，同时鼓励各地结合实际为当事人提供预约、颁证仪式等服务。 《 人民日报 》（ 2025年04月10日 02 版）,529,http://sc.people.com.cn/n2/2025/0410/c345167-41191764.html,婚姻登记;婚姻;婚恋;婚俗
People.cn,2025-04-10,成都新都公安破获网络婚恋诈骗案 挽损80余万元,近日，成都市新都区三河派出所民警陈超就侦办了这样两起以婚恋交友为由，骗取钱财的案件。 廖女士接到催收短信后质问邹某某。（截图） 邹某某与廖女士的“恋爱”约有半年。邹某某趁在交往时取得廖女士的信任，并在多个借贷平台使用廖女士的身份信息注册了多个账号，以需要进行线上支付等借口，哄骗廖女士进行借款的刷脸操作，由于后续借贷操作仅需输入密码，因此在长时间内，廖女士都未发现自己背上了多个网贷。 直到各个平台的催收短信蜂拥而至时，邹某某已利用廖女士身份信息，先后分期购买8部手机并出售，借出小额贷款共计9万余元。廖女士知晓此事后，顾念二人感情，要求邹某某写欠条并按时还款。没成想，邹某某一拖再拖，最后竟直接消失并拉黑了廖女士。最终，廖女士选择报警。 目前，邹某某因涉嫌盗窃已被公安机关依法采取刑事强制措施。 无独有偶，何女士在某交友软件认识了一名男子，二人相谈甚欢。在男子的“甜蜜攻势”下，二人很快便确认了恋爱关系。恋爱不久，男子便以自己想要一只猫作为生日礼物为由，向何女士索要2万余元，何女士欣然同意。收到“生日礼物”后，男子向何女士赠送了奢侈品包和项链作为“回礼”，以进一步获取何女士信任。好在何女士及时清醒并报警，才避免落入更大的陷阱。后经权威机构鉴定，该男子赠送的奢侈品皮包均为仿制品。 接警后，陈超经开展工作，迅速锁定并抓获了犯罪嫌疑人余某某。经审讯查实，半年时间里，余某某在交友平台“广撒网”，隐瞒已婚事实，以婚恋为由骗取被害人信任，再通过各种理由，如家里老人生病、装修房子、改装车辆、打点关系、资金周转等，先后骗取5名被害人共计人民币70余万元。 目前，余某某因涉嫌诈骗已被公安机关依法采取刑事强制措施。 警方提示：网络交友需时刻保持谨慎，善保管本人重要证件，手机验证码等敏感信息；若对方短期内频繁表达爱意、承诺结婚，或编造各种谎言等紧急借款理由，极有可能是精心编织的诈骗陷阱；若发现伴侣频繁借用手机、要求协助人脸识别或询问详细个人资料，需提高警惕；若发现违法犯罪或可疑情况请及时向公安机关报警。（袁晓筱）,855,http://sc.people.com.cn/n2/2025/0410/c345167-41192522.html,结婚;婚恋;恋爱;伴侣
People.cn,2025-04-11,普法小讲堂 | 夫妻间给予房产的处理规则,甲与乙是夫妻关系，感情稳定。甲想将婚前所有的房屋变为夫妻共同共有，如后因感情不和离婚，该房产怎么处理？ 尚未转移登记的：给予方不能任意撤销，可以根据当事人诉讼请求，结合给予目的，综合考虑婚姻关系存续时间、共同生活及孕育共同子女情况、离婚过错、对家庭的贡献大小等因素，判决房屋归属和补偿情况。 已经转移登记的：婚姻关系存续时间较短且给予方无重大过错的，判决房屋归给予方，但要综合考虑婚姻家庭实际情况确定是否需要对另一方予以补偿以及补偿的具体数额。 《最高人民法院关于适用〈中华人民共和国民法典〉婚姻家庭编的解释（二）》第五条规定：婚前或者婚姻关系存续期间，当事人约定将一方所有的房屋转移登记至另一方或者双方名下，离婚诉讼时房屋所有权尚未转移登记，双方对房屋归属或者分割有争议且协商不成的，人民法院可以根据当事人诉讼请求，结合给予目的，综合考虑婚姻关系存续时间、共同生活及孕育共同子女情况、离婚过错、对家庭的贡献大小以及离婚时房屋市场价格等因素，判决房屋归其中一方所有，并确定是否由获得房屋一方对另一方予以补偿以及补偿的具体数额。 婚前或者婚姻关系存续期间，一方将其所有的房屋转移登记至另一方或者双方名下，离婚诉讼中，双方对房屋归属或者分割有争议且协商不成的，如果婚姻关系存续时间较短且给予方无重大过错，人民法院可以根据当事人诉讼请求，判决该房屋归给予方所有，并结合给予目的，综合考虑共同生活及孕育共同子女情况、离婚过错、对家庭的贡献大小以及离婚时房屋市场价格等因素，确定是否由获得房屋一方对另一方予以补偿以及补偿的具体数额。 给予方有证据证明另一方存在欺诈、胁迫、严重侵害给予方或者其近亲属合法权益、对给予方有扶养义务而不履行等情形，请求撤销前两款规定的民事法律行为的，人民法院依法予以支持。 在目前审理的离婚案件中，争议最大关注度最高的就是房子归谁的问题。因房子是大额财产，未来还有可能持续升值，一旦分配不合理就可能激化矛盾。《解释（二）》的出台不但为妥善解决夫妻间房产分割问题提供权威法律指引，也对“加名”后闪婚，取得房屋后“闪离”这种因短暂婚姻即获得大额财产这一行为的否对，符合老百姓朴素的是非观念。（王欣婷）,907,http://jl.people.com.cn/n2/2025/0411/c349771-41193729.html,婚姻;离婚;闪婚;夫妻
People.cn,2025-04-11,江苏婚姻登记“异地通办”去年逾10万对,原题：婚姻登记全国通办，江苏去年“异地通办”逾10万对！ 新修订的《婚姻登记条例》将于5月10日正式实施，《条例》将带来哪些新变化，记者就此采访了省民政厅相关人士。 《条例》明确，实行婚姻登记“全国通办”，深化婚姻登记制度改革，进一步提高婚姻登记的便利性。《条例》明确国务院民政部门统筹规划、完善全国婚姻基础信息库，会同有关单位建立健全信息共享机制，保障婚姻信息准确、及时、完整、安全。 因此，前期各地试点的婚姻登记“跨省通办”成果得以全面固化，试点形成的成熟经验做法转化为法律规定，也意味着婚姻登记彻底告别地域限制，实现“全国通办”。 党的二十届三中全会《决定》提出：“完善基本公共服务制度体系，加强普惠性、基础性、兜底性民生建设，解决好人民最关心最直接最现实的利益问题，不断满足人民对美好生活的向往。” 开展婚姻登记服务是一项基本公共服务事项，也是一项高频政务事项。过去很长一个时期，我国居民领取结婚证，需要在户籍所在地办理，并在登记时提供户口簿，以明确婚姻登记的管辖权和信息核验，防止重婚等问题的出现。 目前，全国平均每年办理结（离）和补领婚姻登记证达1800万对。随着经济社会快速发展，人户分离现象较为普遍，长期外出工作、生活、学习的群众回户籍地办理婚姻登记，不仅耗费时间、精力和财力，也带来很多不便，群众对婚姻登记异地办理的需求十分强烈。 但要实现婚姻登记全国范围内通办，必须满足两个基本条件：一是《婚姻登记条例》相关条款要进行修订，这是异地通办的法规依据；二是要有坚实的基础支撑，包括信息系统、婚姻登记数据、工作制度和流程、人员力量配置等。 为化解这些制约因素，2021年，我国开始试点内地居民婚姻登记“跨省通办”，逐步放宽婚姻登记的地域管辖限制。2023年，国务院同意民政部将内地居民婚姻登记“跨省通办”试点扩大。调整后，全国21个省（自治区、直辖市）实施结婚登记和离婚登记“跨省通办”试点，有效解决长期在外工作、学习、生活的群众回户籍地办理婚姻登记的不便，也减少了来回奔波的费用支出，受到群众欢迎。 江苏于2021年首批被纳入开展内地居民结婚登记“跨省通办”试点，并于2023年进一步拓展至离婚登记“跨省通办”，显著提升了群众办理婚姻登记的便利性。数据显示，2024年，江苏共办理跨省结婚登记19891对、跨省离婚登记6401对、省内跨区域婚姻登记81862对，群众办理婚姻登记更加便捷高效。 同时，江苏各地婚姻登记部门的数字化转型也在加快，为“跨省通办”打下基础。据悉，江苏仅去年就受理“公民婚户育一件事一次办”申请223656件，办结216821件。全年新补录完善婚姻登记历史数据11万条，生成婚姻登记电子证照125万个，完成婚姻登记档案电子化61万件。 江苏婚姻登记预约系统提供网站、江苏政务服务App、微信公众号等多渠道预约服务，并具备分时段预约功能，2024年共有309153对当事人进行网上预约婚姻登记。全省婚姻登记处配置多功能自助服务一体机，可先行信息预录、材料预审、身份识别等，节约办理等候时间。 《条例》明确，婚姻登记机关应当在法律规定期限内，根据当事人的申请，核对离婚登记当事人出具的证件、书面材料并询问相关情况。对当事人确属自愿离婚，并已经对子女抚养、财产以及债务处理等事项协商一致，男女双方亲自到收到离婚登记申请的婚姻登记机关共同申请发给离婚证的，婚姻登记机关应当当场予以登记，发给离婚证。 2024年全省民政部门共办理离婚登记165808对，在冷静期内主动撤回离婚申请或逾期未办理离婚登记93393对，占比35.1%。 《条例》还增加了婚姻家庭服务工作内容，规定县级以上地方人民政府加强综合性婚姻家庭服务指导工作和婚姻家庭辅导服务体系建设，倡导文明婚俗，促进家庭和谐，引导树立正确的婚恋观、生育观、家庭观。 据悉，江苏实施的婚姻家庭幸福护航三年行动，正推进婚姻家庭辅导服务，探索婚前辅导。目前，全省101个婚姻登记机关已实现婚姻家庭辅导服务全覆盖，共为78.4万对婚姻当事人提供新婚辅导、心理调适、纠纷调解、法律咨询等内容的婚姻家庭辅导服务。 《条例》规定县级以上地方人民政府采取措施提升婚姻登记服务水平，加强婚姻登记场所规范化、便利化建设。同时鼓励各地结合实际，为当事人提供预约、颁证仪式等服务。 “五一”假期即将来临，全省各大网红婚姻登记点即将预约爆满。其中，南京莫愁湖公园婚姻登记点备受新人青睐。在风景如画的莫愁湖畔，得藕轩成为“官方指定”的浪漫场所，这也是南京市第一个园林式户外结婚登记点，是继建邺区民政局2400平方米婚姻登记处之后又一个充满清新、浪漫气息的网红打卡地。 长裙在微风中舞动着幸福的节拍，从盐城市专程预约到南京领证的新人李女士和黄先生在得藕轩圆满完成人生大事，留住美好瞬间。这座有着1500年悠久历史和丰富人文资源的江南古典名园，见证了一段段美好姻缘的开始。“省时省力，在景区领证办婚礼，已经成为我们年轻人践行婚俗改革的新风尚。”李女士说，从接待、办理结婚登记，到颁证仪式，每个浪漫瞬间都值得永久珍藏。双方父母也一起汇聚到南京，把领结婚证的仪式感拉满。 2021年6月1日至今，全省共办理“跨省通办”和“省内跨区域”婚姻登记7.4万对和27.8万对。将婚姻登记机关搬进公园、景区，如南京夫子庙、莫愁湖，无锡蠡湖，苏州耦园、苏州昆剧院等，成为各地推进“甜蜜事业”的新窗口。 建邺区民政局相关负责人表示，今后还将持续打造环境优美、设施齐全、宽敞舒适的户外结婚登记场所，在户外结婚登记点每周六上午办理结婚登记业务，举办大型婚俗改革特色活动，打造富有建邺特色的婚姻登记服务品牌，推动建邺区婚俗改革向纵深发展，促进结婚登记与文化旅游有机融合，更好满足新人对新时代婚姻文化的需求。 截至目前，全省已打造景区婚姻登记点28处、户外颁证基地90处、婚俗文化馆（文化长廊）74处、婚姻文化创意街区18处。“跨省通办”让外地人也可以预约自己心仪的婚姻登记点，亲朋好友相聚一处，见证喜悦，还带动周边餐饮和旅游业，“甜蜜经济”逐渐兴起。 今年，各地民政部门将继续推进公园式景区式婚姻登记机关建设，同时深化婚俗改革试点，征集中式结婚誓词，举办爱情诗词大赛，建设综合性婚姻家庭服务指导中心，打造美丽、生态、文明的公共服务场所和“网红打卡地”，推行婚姻档案在线异地调档等便民举措，让普惠性民生福利覆盖更广。（唐悦）,2625,http://js.people.com.cn/n2/2025/0411/c360302-41192530.html,婚姻登记;结婚登记;婚姻;结婚;离婚;婚恋;婚俗;重婚;婚礼
People.cn,2025-04-11,短暂婚姻结束，彩礼如何返还？,彩礼作为婚嫁领域的一项习俗，承载着文化意义与家庭期望。然而，在婚姻关系仅存续两个月左右后双方便离婚的情况下，彩礼该如何进行返还呢？近日，陕西省城固县人民法院审结了一起婚约财产纠纷案，判决被告李某返还原告张某15万元。 张某与李某于2024年6月相识并确立恋爱关系，2024年9月19日双方登记结婚。登记结婚时，张某通过银行向李某账户转入18.8万元作为结婚彩礼。双方因筹备举办婚礼等事宜发生纠纷，在婚姻关系存续两个月左右后，双方协议离婚。双方婚后无共同财产、债务，未生育子女。在彩礼返还方面，双方未能达成一致意见，张某遂将李某诉至法院，要求李某返还18.8万元彩礼。 法院审理后认为，彩礼是男女双方在缔结婚姻时一方依据习俗给付另一方的财物。本案中，张某向李某账户转入的18.8万元符合彩礼的范畴。根据《最高人民法院关于适用〈中华人民共和国民法典〉婚姻家庭编的解释（一）》及《最高人民法院关于审理涉彩礼纠纷案件适用法律若干问题的规定》，对于彩礼的返还问题，人民法院在审理时应综合考虑彩礼的实际使用情况、嫁妆情况、双方共同生活的时间、是否孕育子女、是否属于高额彩礼、双方过错等多种因素来综合判断。本案中，双方虽然已经办理结婚登记，但婚姻关系仅存续两个月左右，登记结婚后双方仍处于筹备婚礼的过程，对后续生活规划未达成一致意见，尚未形成完整的家庭共同体和稳定的生活状态，无法认定双方已经有稳定的共同生活。结合双方已经办理了结婚登记且短暂同居等因素，法院依法判决由被告李某返还原告张某15万元。该判决已发生法律效力。 彩礼承载着两个家庭对新婚夫妇的祝福与支持，应回归其“礼”的本质。一方在给付彩礼时，应充分考虑双方的家庭经济状况，避免盲目攀比高额彩礼。双方在面临彩礼返还争议时，也应以维护社会和谐为出发点，确保合理合法解决矛盾。法院判决彩礼纠纷时，会综合考虑共同生活时间、双方经济状况、彩礼数额、是否孕育子女等多种因素，并非简单地“一刀切”。(刘彬),820,http://yn.people.com.cn/n2/2025/0411/c361322-41192866.html,结婚登记;婚姻;结婚;离婚;彩礼;婚嫁;婚约;恋爱;婚礼
People.cn,2025-04-13,说法丨交天价服务费就能“闪婚”？司法促推婚介乱象治理--社会·法治--人民网,给婚恋公司交17万元，一天时间就能找到佳偶领证结婚？天价服务费背后，是正当的市场行为，还是对公序良俗的违背？ 某婚恋公司宣传，只要支付高额服务费，就能提供“闪婚”服务。小伙林某看到后十分心动，便去该婚恋公司咨询。 该婚恋公司向林某发送了“女嘉宾”赵某的信息。林某看后十分心动，就委托该公司为其办理婚姻介绍。 于是，林某在该婚恋公司的安排下，与赵某见面认识，并与婚恋公司签订了合同。合同约定，公司要促成林某与相亲对象办理结婚登记手续，婚姻介绍服务费共17万元。 双方见面第二天，仅见过一次面的林某与赵某，就在婚恋公司的协助和安排下登记结婚了。 看到能“闪婚”，才交了巨额服务费。如今17万元只换来一个月“有名无实”的婚姻，林某自然不能满意。于是，林某将婚恋公司告上了法庭，并追加赵某为第三人，请求法院判决该公司返还服务费17万元，并赔偿自己的相应损失。 林某能拿回巨额服务费吗？婚恋公司以提供“闪婚”中介服务为名收取高额服务费用，违反了法律的相关规定吗？ 说案例、讲法律，本期“说法”关注婚介服务。（金歆）,452,http://society.people.com.cn/n1/2025/0413/c1008-40458570.html,结婚登记;婚姻;结婚;婚恋;婚介;闪婚;相亲;对象
CCTV,2025-04-14,山东一高校教师被指隐瞒身份与校外女性恋爱 官方通报,央视网消息： 4月13日晚，聊城大学东昌学院发布情况通报，针对近日网上关于该校教师武某某的举报信息，学校高度重视，第一时间成立调查组，开展调查核实。经查，武某某系该校单身男青年教师，隐瞒身份与校外女性恋爱交往。武某某违反党纪校规和教师职业道德规范，造成不良影响。 经研究，决定给予武某某开除党籍处分，撤销讲师职称，解除劳动关系。同时，按程序报请撤销其教师资格。 学校将继续从严加强教师队伍建设，营造风清气正的育人环境。 据媒体此前报道，近日，聊城大学东昌学院经济系一教师被举报使用假身份，8年来与多名女学生恋爱、发生关系，并称“工作丢了也无所谓，大不了去济南或者出国”。,285,https://news.cctv.com/2025/04/14/ARTIEtj6KgSuJJVgz0T8EIJs250414.shtml,恋爱;单身
People.cn,2025-04-14,全国妇联、司法部将举办婚姻家庭纠纷人民调解工作“大比武”--人民运营--人民网,为深入学习贯彻党的二十大和二十届二中、三中全会精神，贯彻落实习近平总书记关于注重家庭家教家风建设的重要论述，引领婚姻家庭纠纷人民调解工作高质量发展，近日全国妇联、司法部联合印发通知，定于11月在湖南省长沙市举办2025年全国婚姻家庭纠纷人民调解工作“大比武”活动。 活动以“守护婚姻家庭幸福 促进社会和谐稳定”为主题，包括知识竞答、笔试考察、模拟调解等环节，通过考核婚姻家庭纠纷人民调解员的法律知识、案例分析、调解文书制作等婚调理论素养和实务技能，以及婚姻情感、恋爱同居、子女教育、老人赡养、财产继承、离婚等常见婚姻家庭纠纷的调解水平，进一步提高化解纠纷能力，更好地服务妇女、服务家庭、服务社会治理。 参加活动的选手为婚姻家庭纠纷人民调解委员会或基层人民调解委员会聘任的人民调解员，要求有连续3年以上婚姻家庭纠纷调解工作经验。活动设置个人奖及优秀组织奖，获奖人员将被纳入全国婚姻家庭纠纷人民调解人才库。 活动要求，各地妇联组织、司法行政部门要通过“学、练、训、比”相融合的方式，组织本地区参与婚姻家庭纠纷调解工作的人民调解员开展业务培训，真正达到促进全员岗位练兵、提高婚姻家庭纠纷调解队伍工作水平的目的。 据了解，近年来，各级妇联组织联动党委政法委、公安、法院、民政以及司法行政等多方力量，建阵地、强队伍、树品牌，积极探索“妇联+”多元调解服务模式，推动婚姻家庭矛盾纠纷预防化解工作融入基层治理，通过家庭平安助力更高水平的平安中国建设“大格局”。,623,http://yunying.people.cn/n1/2025/0414/c459566-40459239.html,婚姻;离婚;恋爱
People.cn,2025-04-14,彩礼宴席“限高” 礼轻情分重了（链接） --社会·法治--人民网,10年前，儿媳过门，彩礼掏出7万元；前年，女儿出嫁，收了2万元，陪嫁了冰箱和彩电。“单从钱数看，亏了5万元。”甘肃省定西市通渭县平襄镇曹家坡村村民王彦平看得通透，“婚嫁不是买卖，小两口和睦、日子过好才是关键。” 村民们说，随着收入增加，彩礼水涨船高，10万元以上很普遍，加上见面礼、开箱钱，“还有酒席，一场喜事办下来，总花费超过25万元。” 2022年，通渭县开展移风易俗行动，把抵制高额彩礼纳入村规民约，旗帜鲜明反对铺张浪费、大操大办，并编排小曲戏、情景剧、快板节目，以沉浸式演出走近群众，宣传移风易俗新理念。 “在村规民约基础上，全县成立由村党支部领导的红白理事会，确立章程，对彩礼、酒席‘限高’。”通渭县新时代文明实践中心办公室主任尚锐说，一般婚嫁礼金不超过5万元，举办婚事酒席不超过20桌，农村每桌不超过480元。 飞檐斗拱、笔力遒劲，走进平襄镇孟河村活动广场，村规民约在文化长廊中心位置展示，“发扬厚养薄葬好民风，高价彩礼我们同抵制”。“前年修订时，我们邀请村社干部、乡贤、群众代表一起商讨，共同遵守。”孟河村党支部书记刘振国说。 今年1月，孟河村村民景文彪给儿子办了婚礼，亲朋好友份子钱都在百元左右，婚礼当天，大家一起帮忙传菜，既减轻了随礼负担，又拉近距离、增添了感情。在通渭，如今结婚兴起上门承包酒席，一桌约400元。 “现在，全县332个行政村和10个社区都修订完善了村规民约和红白理事会章程，把拒绝高价彩礼纳入管理范畴。”通渭县委宣传部部长李育伟表示，将持续发挥村规民约的引导约束作用，推动移风易俗工作制度化、常态化。 《 人民日报 》（ 2025年04月14日 07 版）,696,http://society.people.com.cn/n1/2025/0414/c1008-40458814.html,高价彩礼;结婚;彩礼;婚嫁;婚礼
China News Service,2025-04-17,检察机关依法惩治涉婚介婚恋犯罪促进净化和规范市场环境,中新网 4月17日电 据最高检微博消息，近年来，婚介的市场服务需求逐渐旺盛，但也滋生一些违法犯罪乱象。2024年1月至2025年3月，检察机关办理婚介行业犯罪1546人。办案发现，一些不法分子以婚介之名实施诈骗，个别婚介机构违法从事涉外婚介业务，一些婚恋网站甚至成为犯罪引流媒介，亟待治理和规范。 一是以“正规”、“职业”婚介机构名义骗取信任。目前我国婚介机构采取注册成立模式，无前置性审查，对婚介服务人员从业资质虽有推荐性国家标准但无强制性要求。实践中，一些婚介机构打着“正规资质婚介所”、“职业媒人”名义实施诈骗。如检察机关办理的王某某等5人诈骗案。王某某等人强调其婚介所是正规公司、相亲全程有录像记录等，多次将已婚女子介绍给顾客，以口头承诺、签订协议书等形式，获取被害人信任，诱导6名被害人支付礼金和介绍费89万元。又如检察机关办理的张某某等人诈骗案。张某某注册成立某文化传媒有限公司，从KTV、酒吧寻找女性工作者作为“婚托”，共骗取128名被害人250余万元。 二是不法分子虚构身份实施诈骗。一些婚介机构和婚恋网站对注册会员信息审核不严，部分不法分子虚构身份实施诈骗。如检察机关办理的苏某某诈骗案。苏某某使用虚假姓名、身份证，伪造警察证、房产证，谎称自己系正式民警并拥有多处房产，通过某婚介所平台发布虚假婚恋信息，编造“父亲住院急需医疗费”“交通事故借钱赔偿”等事由，骗取被害人8.9万余元并挥霍。又如检察机关办理的许某某诈骗案。许某某隐瞒其已婚已育的事实，在某婚恋网站结识被害人并发展恋爱关系，编造投资工程、父母住院、母亲去世等理由，骗取被害人300万元。 三是部分婚介机构违法开展涉外婚介业务。根据相关规定，国内婚姻介绍机构和其他任何单位都不得从事或变相从事涉外婚姻介绍业务。一些婚介机构、个人为获取高额中介费，违法从事涉外婚介业务。有的虚构商务考察、出境旅游等事由，为境内人员办理签证，安排其出境与外籍人员相亲；有的安排外籍人员办理短期签证，甚至通过偷渡等方式赴我国相亲。如检察机关办理的黄某某等4人拐卖妇女、强奸案。犯罪嫌疑人在互联网平台发布跨国婚介广告，带客户前往境外挑选“新娘”或带“新娘”入境供客户挑选。又如检察机关办理的朱某某组织他人偷越国(边)境案。朱某某经营某婚姻介绍服务中心，通过自媒体平台推广宣传跨国婚姻介绍，开展非法跨境婚姻介绍业务12次。再如检察机关办理的万某某拐卖妇女、组织他人偷越国(边)境、诈骗等案。万某某拐卖46名外籍女子入境，在明知其中部分有事实婚姻的情况下，以反复嫁人的方式，将其贩卖给多地的单身男子，获利133万元。 四是个别婚恋网站成为犯罪引流媒介。一些电信诈骗、投资诈骗等犯罪团伙通过婚恋网站物色犯罪目标，将被害人引流至其他网站或APP，诱骗被害人不断充值转账、诈骗其钱财。如检察机关办理的陈某某等人诈骗案。陈某某等人在相亲交友类社交平台假扮成功男士，博取被害人信任后，诱骗其在诈骗公司控制的“永胜国际赌博网站”赌博，通过后台控制，骗取26名被害人847万余元。又如检察机关办理的李某、傅某某等32人诈骗案。李某等人在境外电诈集团接受培训后，在多个婚介平台注册账号，假扮成功人士物色作案对象，以投资为名骗取多名被害人1679万元。 检察机关提醒：健康的婚介服务市场环境需要监管部门、婚介机构和消费者共同营造。婚介机构应秉持诚信经营理念，自觉遵守法律规定，提供优质婚介服务。广大群众需树立正确的交友观、婚恋观，理性选择婚介机构，增强防范意识，如发现婚介机构存在违法犯罪行为，及时向有关部门反映，维护自身合法权益。 【,1484,https://www.chinanews.com.cn/gn/2025/04-17/10401105.shtml,婚姻;婚恋;婚介;恋爱;相亲;单身;对象
CCTV,2025-04-18,涉婚介婚恋市场乱象亟待治理规范,近年来，婚介的市场服务需求逐渐旺盛，但也滋生一些违法犯罪乱象。 《法治日报》记者今天从最高人民检察院获悉，2024年1月至2025年3月，检察机关办理婚介行业犯罪1546人。办案发现，一些不法分子以婚介之名实施诈骗，个别婚介机构违法从事涉外婚介业务，一些婚恋网站甚至成为犯罪引流媒介，亟待治理和规范。 目前，我国婚介机构采取注册成立模式，无前置性审查，对婚介服务人员从业资质虽有推荐性国家标准但无强制性要求。 最高检披露，实践中，一些婚介机构打着“正规资质婚介所”“职业媒人”名义实施诈骗。在检察机关办理的王某某等5人诈骗案中，王某某等人强调其婚介所是正规公司、相亲全程有录像记录等，多次将已婚女子介绍给顾客，以口头承诺、签订协议书等形式，获取被害人信任，诱导6名被害人支付礼金和介绍费89万元。又如检察机关办理的张某某等人诈骗案。张某某注册成立某文化传媒有限公司，从KTV、酒吧寻找女性工作者作为“婚托”，共骗取128名被害人250余万元。 一些婚介机构和婚恋网站对注册会员信息审核不严，部分不法分子虚构身份实施诈骗。在检察机关办理的苏某某诈骗案中，苏某某使用虚假姓名、身份证，伪造警察证、房产证，谎称自己系正式民警并拥有多处房产，通过某婚介所平台发布虚假婚恋信息，编造“父亲住院急需医疗费”“交通事故借钱赔偿”等事由，骗取被害人8.9万余元并挥霍。在检察机关办理的许某某诈骗案中，许某某隐瞒其已婚已育的事实，在某婚恋网站结识被害人并发展恋爱关系，编造投资工程、父母住院、母亲去世等理由，骗取被害人300万元。 根据相关规定，国内婚姻介绍机构和其他任何单位都不得从事或变相从事涉外婚姻介绍业务。 最高检披露，一些婚介机构、个人为获取高额中介费，违法从事涉外婚介业务。有的虚构商务考察、出境旅游等事由，为境内人员办理签证，安排其出境与外籍人员相亲；有的安排外籍人员办理短期签证，甚至通过偷渡等方式赴我国相亲。在检察机关办理的黄某某等4人拐卖妇女、强奸案中，犯罪嫌疑人在互联网平台发布跨国婚介广告，带客户前往境外挑选“新娘”或带“新娘”入境供客户挑选。在检察机关办理的朱某某组织他人偷越国（边）境案中，朱某某经营某婚姻介绍服务中心，通过自媒体平台推广宣传跨国婚姻介绍，开展非法跨境婚姻介绍业务12次。在检察机关办理的万某某拐卖妇女、组织他人偷越国（边）境、诈骗等案中，万某某拐卖46名外籍女子入境，在明知其中部分有事实婚姻的情况下，以反复嫁人的方式，将其贩卖给多地的单身男子，获利133万元。 检察机关办案发现，一些电信网络诈骗、投资诈骗等犯罪团伙通过婚恋网站物色犯罪目标，将被害人引流至其他网站或App，诱骗被害人不断充值转账、诈骗其钱财。 在检察机关办理的陈某某等人诈骗案中，陈某某等人在相亲交友类社交平台假扮成功男士，博取被害人信任后，诱骗其在诈骗公司控制的“永胜国际赌博网站”赌博，通过后台控制，骗取26名被害人847万余元。在检察机关办理的李某、傅某某等32人诈骗案中，李某等人在境外电诈集团接受培训后，在多个婚介平台注册账号，假扮成功人士物色作案对象，以投资为名骗取多名被害人1679万元。 针对上述涉婚介婚恋市场乱象，检察机关提醒，健康的婚介服务市场环境需要监管部门、婚介机构和消费者共同营造。婚介机构应秉持诚信经营理念，自觉遵守法律规定，提供优质婚介服务。广大群众需树立正确的交友观、婚恋观，理性选择婚介机构，增强防范意识，如发现婚介机构存在违法犯罪行为，及时向有关部门反映，维护自身合法权益。,1454,https://news.cctv.com/2025/04/18/ARTIPlk3Q4itQIauZmrQJYdW250418.shtml,婚姻;婚恋;婚介;恋爱;相亲;单身;对象
People.cn,2025-04-18,警惕婚介平台上的虚假信息和诈骗陷阱 --科普中国--人民网,检察机关办理的一起案件中，王某某等人强调其婚介所是“正规公司”、相亲全程有录像等，多次将已婚女子介绍给顾客，以口头承诺、签订协议书等形式，获取被害人信任，诱导6名被害人支付礼金和介绍费89万元……近年来，婚介市场的服务需求逐渐旺盛，但也滋生一些违法犯罪乱象。对此，检察机关依法惩治涉婚介婚恋犯罪，进一步净化和规范婚介市场环境。 最高人民检察院4月17日通报的有关统计数据显示，2024年1月至2025年3月，检察机关办理婚介行业犯罪1546人。检察机关办案发现，一些不法分子以婚介之名实施诈骗，个别婚介机构违法从事涉外婚介业务，一些婚恋网站甚至成为犯罪引流媒介。 一些婚介机构和婚恋网站对注册会员信息审核不严，部分不法分子虚构身份实施诈骗，屡屡得逞。在检察机关办理的苏某某诈骗案中，苏某某使用虚假姓名、身份证，伪造警察证、房产证，谎称自己系民警并拥有多处房产，通过某婚介所平台发布虚假婚恋信息，编造“父亲住院急需医疗费”“交通事故借钱赔偿”等事由，骗取被害人8.9万余元并挥霍。一些电信诈骗、投资诈骗等犯罪团伙通过婚恋网站物色犯罪目标，将被害人引流至其他网站或APP，诱骗被害人不断充值转账，诈骗其钱财。 看似“正规”的婚介机构也暗藏风险，一些婚介机构打着“正规资质婚介所”名义实施诈骗。检察机关办理的张某某等人诈骗案中，张某某注册成立某文化传媒有限公司，招募女性工作者作为“婚托”，共骗取128名被害人250余万元。 《 人民日报 》（ 2025年04月18日 11 版）,637,http://kpzg.people.com.cn/n1/2025/0418/c404214-40462634.html,婚恋;婚介;相亲
CCTV,2025-04-19,在“幸福坝”幸福吧！合肥一婚姻登记处设在了地铁站,除了满足通勤需要，地铁站里还能干什么？在安徽合肥，有一个设在地铁站里的婚姻登记处，因为这一站叫幸福坝，美好的寓意吸引了不少新人前去登记。此外，还有哪些你可能想不到的服务呢？我们一起去安徽合肥和湖南长沙看看。 总台记者 梁明星： 这就是合肥地铁3号线的幸福坝站。这不仅是一个车站，也是一个能够见证幸福的地方。 这里是全国第一个设在地铁站内的婚姻登记处，自去年初投入使用以来，已经有超过2000对新人在这里登记结婚。 新婚夫妇： 因为这个地铁站名字叫幸福坝，正好有个登记处，就一起幸福，以后不就一起幸福吗。 总台记者 梁明星： 化妆棉纸巾，还有棉签。那我现在所在的这个地方，就是合肥地铁的共享化妆间。如果你乘坐地铁正在赶赴一场会议，又或者是上班的途中需要应个急，你都可以来到这免费使用。 乘客： 看到这样一个共享化妆间，可以在这边稍微补个妆，大大方便了我们。 总台记者 梁明星： 这就是我们地铁站的客服中心。我们熟知它的功能，有补票，包括问询等等。其实在我们合肥的地铁站里，它还有一个隐藏的功能，那就是它其实是一个洗衣店的服务网点之一。 合肥地铁在66个运营站点开通了洗衣便民服务，市民在乘坐地铁的时候，还能顺路把衣服送去清洗。一些地铁站还可以顺路理个发，更有面向小朋友的图书角、画展。 乘客： 能看书又能玩玩具，小朋友也爱来，这里面的环境挺温馨的。 在湖南长沙，五一广场地铁站内设立了长沙黄花机场值机区，地铁站里就能办理机场航班的登机牌、行李托运、行李寄送等业务，旅客即可轻装出行。 长沙地铁在全线161座车站都设有绿色通道，65周岁及以上老人、14周岁以下儿童、残疾人、现役军人、退役军人及“三属”、消防救援人员、长沙工匠等群体，均可通过绿色通道免费乘坐地铁。 乘客 唐崇利： 我开始还用手机扫码准备付钱，人家问我今年多大年龄了，我说今年68了，体验了个绿色通道。 长沙地铁五一广场中心站副站长 阳开帆： 在运营时间段，整个绿色通道都是为市民常开服务的。比一般的闸机要宽，也可以方便我们乘客的进出。在景泰广场、火车站、五一广场、溁湾镇等，这种大客流密集的车站，都增设了直饮水机，让乘客在炎热的夏天能够喝到冷白开，能够在冬天喝温水。,915,https://news.cctv.com/2025/04/19/ARTIKaQj236ppp6rtSaNM95H250419.shtml,婚姻登记;婚姻;结婚
CCTV,2025-04-19,荷兰法院裁定一桩婚姻因AI撰写结婚证词而无效,新华社海牙1月7日电（记者邵海军）荷兰上艾瑟尔省法院日前作出判决，一桩婚姻因使用人工智能（AI）工具撰写的结婚证词不符合荷兰法律而被认定无效。 判决书显示，2025年4月19日，这对准夫妻在上艾瑟尔省兹沃勒市登记结婚。为营造轻松浪漫的婚礼氛围，两人邀请一名熟人在婚礼上担任结婚登记员。该登记员使用ChatGPT撰写结婚证词，内容包括“你们是夫妻，是搭档，是疯狂的伴侣，彼此相爱，彼此是家”等表述。 法院认为，结婚登记员并非婚礼主持人，而是代表国家履行法定婚姻登记职责。依据荷兰民法典，准夫妻须在登记员和证人在场的情况下，郑重作出接受彼此为配偶并履行婚姻相关法律义务的声明，婚姻关系方可成立。法院指出，ChatGPT撰写的结婚证词未包含相关法律声明，因此判定该婚姻无效。 这对夫妻称错失原定登记日期给他们造成情感冲击，请求法院允许仍按2025年4月19日登记结婚，但法院未予受理。,389,https://news.cctv.com/2026/01/08/ARTIILIC7YK5vNyT1dkyio4X260108.shtml,婚姻登记;结婚登记;婚姻;结婚;伴侣;夫妻;配偶;婚礼
People.cn,2025-04-21,阜阳市举办第五届“零彩礼、低彩礼”集体婚礼,身穿红袄的人形机器人当“司仪”，市领导来主婚，香港明星来证婚……4月19日，在临泉县体育场，数千名观众和数万名网民通过现场和线上见证，向参加阜阳市第五届“零彩礼、低彩礼”集体婚礼的20对新人送上温馨祝福。 阜阳市委常委、市委宣传部部长白晓云在主婚时说，见证幸福本身就是一种幸福。他祝福新人们互敬互爱、互谅互助，把柴米油盐过成诗情画意，把鸡毛蒜皮过成春花秋月。 杂技绝活迎亲来、欢快的唢呐送亲去。现场有一对自称“绝配”的新婚夫妇，新郎柳耀宇来自中国杂技之乡临泉县长官镇，新娘冯雪荣来自唢呐之乡临泉县瓦店镇。这对小夫妻在集体婚礼现场感受到了乡亲们的热情。新郎柳耀宇说：“俺这婚礼真排场，几个没结婚的哥们都羡慕，也想参加这样的集体婚礼！”新娘冯雪荣说：“既然相爱就要过一辈子，世上最珍贵的彩礼就是百年好合，真挚情感让婚礼更简朴，也让婚姻更珍贵！” 据悉，阜阳市已通过市县联动举办过四届“零彩礼、低彩礼”集体婚礼，共160余场，2100多对新人喜结良缘，其中包括37对市外新人和1对跨国婚姻。每场集体婚礼均邀请央媒、省媒进行线上直播报道，场均观看人数达130万人次，对抵制高价彩礼、倡导文明新风起到了良好的宣传示范作用。 在临泉县体育场的绿色草坪上，20对新人并肩而立，身后是新朋好友及数千观众的温馨祝福。这场融合了传统与科技、朴素与隆重的集体婚礼，像一面棱镜，折射出当代年轻人对婚姻的重新定义，也映照出社会对婚俗改革的深层期待。 当阜阳市委常委白晓云以“百年好合”为关键词致辞时，台下许多新人握紧了彼此的手。没有“天价彩礼”的讨价还价，没有“攀比排场”的压力，这场婚礼的核心回归到婚姻的本质：承诺与陪伴。 采访中，一组数据令人印象深刻：前四届集体婚礼中，有37对市外新人甚至1对跨国婚姻夫妻专程报名。 当越来越多的年轻人用实际行动做表率，“抵制高价彩礼”便不再是口号，而成为一种主动选择。正如白晓云所言，“一家好故事”终将汇成“一城好风景”。（大皖新闻记者 张洪金）,830,http://ah.people.com.cn/n2/2025/0421/c358343-41203322.html,高价彩礼;天价彩礼;婚姻;结婚;彩礼;婚俗;夫妻;婚礼
CCTV,2025-04-22,“女子拒复合被前男友烧伤”案二审开庭 受害人律师：两人矛盾不涉及金钱、彩礼,海报新闻记者 文露漪 仪首歌 湖北恩施报道 4月22日，“恩施女子拒绝复合遭前男友泼汽油烧伤”一案在恩施土家族苗族自治州中级人民法院二审开庭。上午8时许，受害人陈女士的代理律师李莹到达法院。 李莹认为，覃某某承认两次向陈女士泼汽油行为并有多人见证，而覃某某用卫衣扑火等施救行为则发生在与昏迷的陈女士在密闭空间，“即使施救行为属实，和他此前泼汽油的行凶行为也不矛盾。” 李莹透露，据她了解，覃某某与陈女士的矛盾并不涉及金钱、彩礼。“首先，在这个案子中陈女士没有过错。其次，即使陈女士有过错，也不能采取这样剥夺其生命的行为伤害她。”李莹说。,268,https://news.cctv.com/2025/04/22/ARTI0iBnQv5q4YZNOw0Khvot250422.shtml,彩礼
CCTV,2025-04-22,“我一个男人竟然得了产后抑郁！”33岁宝爸放弃事业带娃，已与妻子离婚！,“我，一个男的，竟然得了产后抑郁”，这是92年的“茉莉爸”在视频平台上的自述。 通常，“产后抑郁”这个词，与妈妈身份联系在一起。但当性别翻转，爸爸带娃也遭遇了同样的痛苦和委屈。在“茉莉爸”看来，他放弃事业全职带孩子，面临身体和心理的双重压力。他不断经历与伴侣的争吵，孩子一岁半时，双方决定离婚。“茉莉爸”不是个例，事实上，很多新手父母都曾经历带娃的苦闷。在“茉莉爸”的评论和私信中，女性和男性家长均向他表达过自己的痛苦和不被理解。“产后抑郁”并非天然地与性别相关，而是一种育儿处境。 生孩子之前，夫妻二人没有商量过谁带娃这件事，“茉莉爸”表示，基于我们家的情况，我来带会更方便些。我是做宠物用品销售的，我前妻在体制内工作，相对来说，我的工作自由度更高。 我们父母要么在打工，要么不在本地，帮不上什么忙。我们的经济条件也不允许请保姆。就这样，等前妻产假结束后，我开始承担带娃的任务。 “茉莉爸”是兽医专业硕士毕业，以前从事宠物食品销售工作，是品牌西南区的代理商。“从2014年到生孩子之前，我一直处于频繁出差状态。全职带娃后，我只能靠从前积累的客户资源，线上联系商家和买家，从中赚利润差。” 那时候，我每个月的收入平均下来有2万左右 ，现在基本上就千把块，还不是每个月都有。 生活状态跟从前的落差，让我有一种失衡感。带娃越久，我的心里越不舒服。 有时候，我觉得我被浪费了。 “茉莉爸”表示，工作让我掌握生活的主动权。我能实现孩子想要的东西，而不至于太窘迫。挣更多钱，也更受人尊敬，不用看别人脸色，会让自己活得更舒服。 跟孩子相处很幸福，可是不工作就没钱，空陪孩子才是最没意思的。当孩子长大了，做家长的兜里掏不出钱更尴尬。 全职带娃一年多的时间里，“茉莉爸”几乎从未感到快乐。去年五六月，我感觉自己抑郁了。那阵子，我整晚睡不好，做什么都提不起兴趣，回想起之前的生活就流泪，两个月瘦下去20斤。 女儿茉莉出生与2023年5月，现在快两岁了。从她五六个月大起，“茉莉爸”就开启每天睁眼娃，闭眼娃的全职带娃生活。 一般早上6点娃就醒了，我得起来给她冲奶粉，这时候正是小朋友的兴奋期，我要陪她玩到8点。之后我们可能眯一会儿，有时候娃睡了，我会趁时间工作一会儿。 午饭后，我们常去户外公园或室内游乐场玩。下午5点左右，她会再次犯困，等她睡着，我开始做饭、剪视频。晚上七八点她又醒了，我要给她放动画片，讲儿童绘本。直到11点以后，我们才能躺在床上，等待最终入睡。 八个月到十五六个月大的孩子睡不了整觉，每隔3小时左右就会起一次夜。这时候我要时刻关注着她，她醒我也醒，睡不踏实。那段时间，我整夜整夜地失眠。 倒不是因为娃半夜老醒，而是只有半夜才是属于我自己的时间。 娃睡着后，我会躺在床上刷短视频，或者打两盘游戏。大脑被激活后，即便我不想再刷了，也迟迟不能入睡。我总是回想之前的工作，感觉落差很大，压力不断袭来。心里苦闷，我越想越睡不着，只能闭着眼逼自己硬睡。 我家宝宝喜欢让人抱着，如果不抱，她就会打挺，或脚支地不让婴儿车走。基本每次出门我都得抱着她，我会双手交叉，托着她的屁股，让她坐在我的手臂上，上身倚着我。 长时间保持这个姿势抱娃，没过多久，我就得了腱鞘炎，手上一直贴着膏药。最近跟之前的同事见面，他们还问我是不是在健身，为什么肌肉这么发达？我说，从来没练过，都是抱娃抱的。 娃还是生过一次大病，直接住进了PICU（儿童重症监护病房），医生下了病危通知书，整整5天，“茉莉爸”没洗过澡，没换过衣服，在医院里陪伴孩子，孩子万幸康复后，“茉莉爸”的父母却埋怨他，怎么带个孩子都带不好，我们小时候带你就没这么多事。“茉莉爸”表示那一刻自己感觉很委屈。 “茉莉爸”和前妻在相亲软件上认识，婚后我们没有规划生孩子，但稀里糊涂地怀孕了。一开始犹豫过要不要这个宝宝，最后还是决定生下她。 哺乳期两人一起带娃，没有耗费太多精力，等前妻产假结束，“茉莉爸”准备一个人带孩子时，其实没做太多心理建设。因为没经历过，不知道独自带娃是啥样的。没想到后来这么痛苦。 “茉莉爸”自述，我理想中的带娃生活是我可以全职，可以辛苦，但另一半需要清楚我的付出。如果她对带娃的认知清晰，不自觉就会给到情绪价值，送个小礼物，以及各种话语上的体贴。但凡伴侣觉得不就带个娃嘛，有啥累的，这就完蛋了。 因为工作的原因，前妻只有周末才回来。她回家的时候，我会带着宝宝等在门口接她。我希望她跟我说“老公带娃辛苦了”，可开门见到她，迎来的却是指责。 她看到娃就说，“你爸从来不给你换新衣服，身上这么脏”。带娃很累，我根本顾不上给宝宝换衣服。听到这些话，我心里迎接她的欢喜全都变成委屈。 久而久之，两人爆发争吵，吵完就去办了离婚手续，一个月冷静期结束后，立马离了。 “茉莉爸”开通了短视频账号分享自己的带娃日常，意外获得不少人的关注。“几乎没有人从男性视角出发讲带娃抑郁，而我讲的又是宝妈们真实经历的，确实有共鸣。” 她们看到视频后转发给老公，有人看到会理解宝妈的处境，也有人觉得我为了流量故意搞噱头。 “茉莉爸”在关于产后抑郁的视频中描述，孩子毕竟不是从自己肚子里生出来的，自己因为带娃辛苦已经产生了抑郁，可想而知，生育后的宝妈，面对体内激素水平大幅下降的同时，还要去全职照顾好孩子有多难。 “茉莉爸”多次呼吁要对宝妈多一点关爱，对“产后抑郁”多点关注和理解。前妻也看过视频，看完她才知道原来有这么多她从未注意过的事情。后来我们都反思过自己的问题，情况会好一些。现在她依旧每周末回家带娃，算是复合的状态。 来源 | 新闻晨报综合当事人社交账号、最人物,2294,https://people.cctv.com/2025/04/22/ARTIkCAW6hgkW0qtSIkaXlfs250422.shtml,离婚;相亲;伴侣;夫妻;另一半
CCTV,2025-04-23,分手后强迫前男友写下百万元“借款协议” “恋爱分手费”是否具备法律依据？,扬子晚报讯（记者 郭一鹏）一方要分手，一方要补偿。双方为达成金钱补偿目的，签订了一份借款协议，结果男方反悔了，女方为此诉至法院要求还款。记者获悉，海南省万宁市人民法院近日审理了一起民间借贷纠纷案。那么，所谓的“恋爱分手费”真的存在吗？ 陈某与赵某曾系男女朋友关系，因家庭矛盾、性格不合等原因二人分手。陈某想从赵某处获得金钱补偿，多次要求赵某写借条作为凭证。无奈之下，赵某与陈某签下《借款协议》，载明赵某向陈某借款100万元。然而此后赵某并没有“还款”给陈某，陈某便将其诉至法院。 万宁法院审理认为，原告陈某请求被告赵某支付100万元借款的基础是两人签订的《借款协议》，庭审中，双方均承认该协议是被告为了分手，向原告承诺支付100万元补偿款，该协议虽然用的是“借”，但两者实质上并不是正常的借贷关系，而是附条件的赠与，即被告以原告与其分手为条件而成立赠与合同。因此，原告陈某与被告赵某之间不存在真实有效的借贷法律关系。法院依法判决驳回原告陈某的全部诉讼请求。 那么，谈恋爱分手后索要“分手费”或是“青春损失费”在法律上有依据吗？ 在接受记者采访时，江苏同大律师事务所李小亮律师针对以上案例表示，《民法典》规定，民事活动不得违背公序良俗，以分手为条件的赠与协议，将情感关系货币化，违背了社会的善良风俗。并且，自然人之间借款合同生效不仅需要有借款合意的外在形式，还需有实际交付，本案中双方不存在真实借贷合意和实际交付，所以认定借款协议无效，驳回陈某的诉讼请求。 同时，该女子逼使男方签下借款协议，该协议是在男方受胁迫违背真实意思的情况下签订的。根据《民法典》规定，受胁迫方有权请求法院或仲裁机构予以撤销。本案中，法院是基于协议违反公序良俗和不存在真实借贷关系认定协议无效，即使不考虑公序良俗等因素，该协议因胁迫订立也可被撤销，同样不具有法律效力。 李小亮律师提醒，恋爱关系中，如果双方均为成年人且自由恋爱，分手是婚姻自由的表现，情侣分手不是必须补偿，法律上也不存在“青春损失费”“分手费”的说法。以这些名义强行索要补偿没有法律依据，还可能涉嫌敲诈勒索罪等。,875,https://news.cctv.com/2025/04/23/ARTIyT4CEveypgMKZtk0P5ti250423.shtml,婚姻;恋爱;情侣
People.cn,2025-04-25,上海“520”结婚登记预约不到？这些方式也能办,上海市民政局介绍，“520”为本市结婚登记高峰日，为最大程度满足人民群众的婚姻登记需求，全市各婚姻登记机关已经按顶格标准配置线上婚姻登记预约额度。线上预约不到的，可以 通过电话预约 ，也可以 直接到现场排队办理 。 温馨提示： 婚姻登记“全国通办” 于 2025年5月10日起正式实施，届时非本市户籍且无本市居住证的当事人，也可以在全市各区婚姻登记机关办理 。在5月10日之前，非本市户籍且无本市居住证的当事人无法线上预约的，可通过电话方式预约，或者在5月10日当日及之后直接到现场办理。 如有疑问，可及时咨询当地婚姻登记机关。本市各婚姻登记机关咨询电话、办理地点及办理时间可扫描二维码查看：,296,http://sh.people.com.cn/n2/2025/0425/c134768-41209100.html,婚姻登记;结婚登记;婚姻;结婚
People.cn,2025-04-29,广西率先启动婚姻家庭纠纷人民调解工作“大比武”选拔活动,为推动婚姻家庭纠纷人民调解工作高质量发展，4月28日，自治区妇联、司法厅联合在南宁启动2025年全国婚姻家庭纠纷人民调解工作“大比武”广西选拔活动。 “大比武”广西选拔活动以“守护婚姻家庭幸福 促进社会和谐稳定”为主题，将通过知识竞答、笔试考察、模拟调解等环节，全面考核婚姻家庭纠纷人民调解员的理论素养、实务技能和调解水平。活动设置个人奖和优秀组织奖，获奖选手将纳入广西婚姻家庭纠纷人民调解人才库，并推荐参加全国选拔活动。 近两年来，自治区妇联深入践行新时代“枫桥经验”，将婚姻家庭纠纷调解作为提升基层社会治理效能的重要举措，通过构建多元共治机制、完善制度保障体系、织密基层调解网络，累计调解婚姻家庭矛盾纠纷2.4万件。目前全区已建成覆盖城乡的544个村（社区）婚姻家庭纠纷调解委员会（调解室），设立82个惜缘婚姻家庭辅导室，形成了“15分钟调解服务圈”。通过组建由法律、心理、社会工作等领域244名专家构成的广西婚姻家庭纠纷调解专家库，显著提升基层调解队伍专业化水平，将矛盾化解关口前移至社区院落、田间地头，努力实现“小事不出村、矛盾不上交”，有力促进家庭文明建设和社会和谐稳定。（乔佳一）,496,http://gx.people.com.cn/n2/2025/0429/c390645-41213392.html,婚姻
CCTV,2025-04-30,事关住宅、婚姻登记、售后服务等 5月起这些新规将施行,涉及 住宅标准、婚姻登记、售后服务 等方面 国家标准《住宅项目规范》将于5月起正式施行 。 · 即将实施的新标准，除了 明确新建住宅建筑的层高提升为“不低于3.00米” 外，还要求每套住宅都有满足日照标准的房间。 · 在住宅隔声和噪声指标方面， 规范提高了住宅建筑卧室、起居室与相邻房间之间墙、楼板的隔声性能要求 ，提高了建筑外窗的隔声性能，并规定了建筑设备，如电梯、水泵等传播至卧室起居室内的建筑设备结构噪声限值。 · 《住宅项目规范》还将电梯设置提升为 4层及以上要设置电梯。 修订后的《婚姻登记条例》自2025年5月10日起施行。修订的主要内容一是增加婚姻家庭服务工作内容，二是实行婚姻登记“全国通办”，三是优化婚姻登记服务。 新《条例》规定，婚姻登记机关 办理婚姻登记，不得收取费用。 近日，新版《消费品售后服务方法与要求》（GB/T 18760—2025）国家标准将于2025年5月1日起实施。 新标准提出了及时响应、专业可靠、便捷可及、公开透明等4项售后服务总体原则。结合新形势，补充了配送、延保、回收等售后服务类型，以及基于网络化、数字化的售后服务方法，进一步强化了有关消费者数据隐私保护的要求等。新标准还细化了服务实施规范，比如服务时限与响应，原标准中仅对服务到达的时间提出要求，修订后 要求给出服务受理、提供解决方案、完成服务项目等时间的响应时限 。 《售后服务 无理由退货服务规范》（GB/T44904-2024）推荐性国家标准将于2025年5月1日正式实施，对无理由退货的退货条件、退货流程、服务监督与评价等进行了规范。 其中提到， 非现场销售经营者，应向消费者提供七日无理由退货服务。现场销售经营者，应按承诺内容或双方约定向消费者提供无理由退货服务。 为进一步畅通食品生产经营企业、集中用餐单位内部举报渠道，鼓励引导食品从业者及相关人员积极举报食品安全违法违规行为和重大风险隐患，充分发挥社会共治作用，切实守护“舌尖上的安全”，市场监管总局开发的“全国食品安全举报系统”将于5月份正式上线开通。 《中华人民共和国农村集体经济组织法》将于2025年5月1日起实施， 加强农村妇女权益保护是该法的亮点之一 。 该法规定，国家保护农村集体经济组织及其成员的合法权益，任何组织和个人不得侵犯；农村集体经济组织成员集体所有的财产受法律保护，任何组织和个人不得侵占、挪用、截留、哄抢、私分、破坏。此外还明确规定，妇女享有与男子平等的权利，不得以妇女未婚、结婚、离婚、丧偶、户无男性等为由，侵害妇女在农村集体经济组织中的各项权益。 《涉税专业服务管理办法（试行）》于5月1日起施行，《管理办法》聚焦行业发展存在的执业质量有待加强等突出问题，建立健全以实名制管理为基础的“信用+风险”管理机制，明确执业监督检查、行政处罚等内容，进一步完善了涉税专业服务管理制度。比如，运用信息技术对涉税专业服务机构及涉税服务人员赋予信用码，推行实时动态信用积分记录及查询，强化正向激励。 自5月1日起，《炼化行业单位产品能源消耗限额》等 13项能耗限额强制性国家标准将正式实施 。据测算，这批标准的有效实施， 将带来每年2452万吨标准煤的节能效益。 这批标准涵盖化工、煤炭、采矿、造纸等多个国民经济重要产业，规定了相关产品能耗限额等级、技术要求、统计范围和计算方法，适用于生产企业能耗限额的计算，以及对新建、改扩建项目的能耗管控，将有效推动淘汰落后产能，引导企业通过节能改造、优化工艺路线、开展能效对标等工作提升能效水平。 证监会对《中国证监会派出机构监管职责规定》进行了修订，将于2025年5月19日起施行。其中，关于风险防范和处置方面，新规明确： · 一是规范派出机构在涉网络和信息安全的数据报送、检查、预警和处置等职责。 · 二是扩大需核查的预警信息、风险线索的来源范围。 · 三是完善派出机构对于终止上市公司的风险应急处置、信息通报共享、持续监管机制。 · 四是 优化私募基金风险处置机制 ，要求派出机构开展风险监测预警，按照有关规定加强与地方人民政府在监管、风险处置等方面的协作。,1692,https://news.cctv.com/2025/04/30/ARTISUBFs1dNDr2qUPv8VHFY250430.shtml,婚姻登记;婚姻;结婚;离婚
People.cn,2025-04-30,婚姻登记将实现“全国通办”（法治聚焦）,新修订的《婚姻登记条例》取消婚姻登记管辖地限制 新修订的《婚姻登记条例》（以下简称新修订的《条例》）于今年5月10日起施行，明确实行婚姻登记“全国通办”。对此，北京工业大学教授、中国婚姻家庭研究会常务理事郝海波说：“为满足人口流动的现实需求，全国已开展了两批婚姻登记‘跨省通办’试点，新修订的《条例》进一步取消了婚姻登记管辖地的限制，实现了婚姻登记的‘全国通办’。” 在上海市民政局婚姻管理处处长金丽慧看来，要让婚姻登记“全国通办”稳妥落地，最基础的是要实现婚姻登记管理信息全国联网审查。金丽慧说，新修订的《条例》专门规定，要完善全国婚姻基础信息库，建立健全信息共享机制；新增了对当事人身份以及婚姻信息进行联网核对和将相关信息上传至全国婚姻基础信息库的要求；专列一章规定建立婚姻登记档案的要求。 “原来办理婚姻登记时要求当事人出具户口簿，是为了确定婚姻登记管辖地，‘全国通办’后不再需要通过户口簿确定管辖地。同时，居民身份证是证明本人身份的有效证件，为‘一人一证’，集成统一了包括姓名、性别、身份证号、照片、户籍地址等在内的13项基础信息，居民身份证所载信息还多于户口簿。”金丽慧说。 金丽慧介绍，目前，全国婚姻基础信息库已专线联通国家人口基础信息库，这些数据的联通能够保证婚姻登记机关通过联网核对，准确及时掌握当事人的身份及婚姻状况信息，为“全国通办”提供了保障。此外，各地民政部门的婚姻登记数据已完成补录归集，与外交、法院等单位掌握的当事人相关婚姻信息、身份信息也能及时互通共享。 《 人民日报 》（ 2025年04月30日 11 版）,670,http://sx.people.com.cn/n2/2025/0430/c352664-41214011.html,婚姻登记;婚姻
People.cn,2025-04-30,广西创新多元机制 绘就婚姻家庭纠纷调解新图景--网联中国--人民网,2023年以来，广西妇联积极践行新时代“枫桥经验”，构建起“党委领导、政府主导、部门联动、社会参与”的婚姻家庭纠纷多元化解机制，聚焦重点、突破难点、化解痛点，推动婚姻家庭纠纷调解工作走深走实，为维护全区社会大局稳定贡献力量。 广西坚持党政主导，深化联动工作机制，整合维护妇女儿童合法权益、婚姻家庭纠纷调解、反家暴工作协调等机制资源。自治区妇联联合自治区高院、司法厅等部门出台《广西壮族自治区反家庭暴力法实施办法》《关于进一步加强婚姻家庭纠纷预防化解工作的意见》等政策文件，将婚姻家庭纠纷预防化解纳入 2023、2024年平安广西考评内容，织密纠纷调处网络。 在经费保障方面，2023年以来，自治区妇联累计安排306万元专项经费，支持全区530个婚调委（调解室）建设。各地具备条件的婚调委通过政府购买服务方式，引入专业机构提供调解及心理服务。南宁市12个县区婚调委全部与社会专业组织签约，专家定期驻点开展调解工作，率先实现全区“婚调机构+专业服务+专家团队”全覆盖。 广西大力推动反家暴顶层设计，将《广西壮族自治区反家庭暴力条例》列入自治区十四届人大及其常委会五年立法规划一类项目，并组建专家团队完成条例草案起草工作。自治区妇联牵头召开第八次、第九次自治区反家暴联动机制领导小组会议，联合成员单位发布25个反家暴典型案例，推动各成员单位落实广西妇女、儿童发展规划中涉及反家庭暴力的各项指标任务。 在司法保护层面，自治区妇联推动高院联合多部门制定《关于进一步推进人身安全保护令制度贯彻实施的意见》，联动公检法指导妇女儿童维权岗提供反家暴司法保护，联合检察机关加强未成年人检察工作社会支持体系建设，搭建困境妇女儿童救助平台，持续实施未成年被害人心理救助项目。 全域构建网络，打造“15 分钟婚调服务圈” 广西织密三级调解网络、聚合专业服务力量，实现婚姻家庭服务质效双提升。目前，全区已建成县级以上婚姻家庭纠纷调解组织187个，村（社区）婚调室544个，配备1387名专兼职人民调解员，联动民政部门设立82个婚姻辅导室，累计服务群众逾9000人次。 同时，建立自治区、市、县三级12338妇联维权服务中心，组织100余名专家参与婚调委、12338热线及信访窗口服务。推动司法行政部门发动全区人民调解组织、人民调解员常态化开展婚姻家庭纠纷排查调解；推动民政部门开展婚前教育、离婚辅导、危机处理等工作。引入婚调专家团队、专业社会组织、律师事务所等专业机构，提供“法律调解+心理疏导”双重服务，将婚调服务嵌入群众“15 分钟生活圈”。 聚力专业赋能，提升婚姻家庭调解队伍专业化 广西定期举办婚姻家庭调解技能培训班，通过岗位练兵激发工作积极性，探索婚姻家庭调解理论与实践相结合的新模式。优化充实244名专家进入广西婚姻家庭纠纷调解专家库，组织开展婚姻家庭调解技巧、家庭教育理论、未成年人关爱等培训，提升专业素养。 此外，联合自治区司法厅培养“巾帼法律明白人”，2024年实现全区村（社区）妇联主席全覆盖。推动全区12338妇女维权服务热线和12345热线双线并行，各级妇联联动大数据局及时更新妇女儿童维权数据库知识，培训12345热线接线员，畅通妇女群众诉求反映渠道。 广西聚焦《民法典》《妇女权益保障法》《反家庭暴力法》等法律法规，深化“建设法治中国 巾帼在行动”活动。全区7000多支“桂姐姐维权服务队”、妇联执委、三八红旗手、巾帼志愿者深入开展“巾帼普法乡村行”活动。全区累计开展各类“平安家庭 和谐八桂”公益巡讲、“法治副校长+知心桂姐姐”进校园、“巾帼普法乡村行”等活动1.9万场次，覆盖妇女群众60多万人。 在线上，打造“桂姐姐说”“小慧警官”等普法品牌，推出法治音频节目130余期，累计点击量超1500万人次。联合自治区高院、检察院发布20个维护妇女儿童权益典型案例，为更多家庭提供维权指引。 广西做优综合维权服务，建立自治区、市、县三级12338妇联维权服务中心，打造调解工作室、心理咨询室等阵地，为妇女儿童提供一站式维权服务。各级妇联常态化排查重点妇女儿童，加强婚姻家庭矛盾隐患排查，分级化解纠纷，精准化开展各类维权关爱活动。 在专项救助方面，联合自治区检察院开展困境妇女儿童司法救助，全区检察机关救助2300人，发放救助金2561万元；妇联实施临时救助项目，救助234人，发放资金50万元。2025年创新开展“巾帼护童 法治同行”“运河巾帼服务站”等服务项目，年内开展“一站式” 维权公益活动1160场，持续提升维权关爱服务效能。（陈露露 杨欣雨）,1876,http://unn.people.com.cn/n1/2025/0430/c14717-40471882.html,婚姻;离婚;家庭暴力;家暴
CCTV,2025-05-01,5月新规来了 事关住宅、婚姻登记、售后服务等方面,央视网消息： 在即将到来的5月份，一批新规即将施行，涉及住宅标准、婚姻登记、售后服务等方面 ，一起来了解。 国家标准《住宅项目规范》将于5月起正式施行。即将实施的新标准，除了明确新建住宅建筑的层高提升为“不低于3.00米”外，还要求每套住宅都有满足日照标准的房间。在住宅隔声和噪声指标方面，规范提高了住宅建筑卧室、起居室与相邻房间之间墙、楼板的隔声性能要求。《住宅项目规范》还将电梯设置提升为4层及以上要设置电梯。 修订后的《婚姻登记条例》自5月10日起施行。新《条例》规定，办理结婚、离婚登记都无需再出示户口本，婚姻登记机关办理婚姻登记，不得收取费用。 5月1日起，最高人民法院预付式消费司法解释正式实施。司法解释规定，收款不退、丢卡不补、限制转卡等“霸王条款”应依法认定无效。此外，针对“退卡难”问题，司法解释规定了消费者有权解除合同的情形。另外，司法解释明确，消费者自付款之日起七日内有权请求经营者返还预付款本金。 新版《消费品售后服务方法与要求》国家标准将于5月1日起实施。结合新形势，补充了配送、延保、回收等售后服务类型，以及基于网络化、数字化的售后服务方法，进一步强化了有关消费者数据隐私保护的要求等。 《售后服务无理由退货服务规范》推荐性国家标准将于5月1日正式实施，对无理由退货的退货条件、退货流程、服务监督与评价等进行了规范。其中，非现场销售经营者，应向消费者提供七日无理由退货服务。现场销售经营者，应按承诺内容或双方约定向消费者提供无理由退货服务。 《中华人民共和国农村集体经济组织法》将于5月1日起实施。该法规定，国家保护 农村集体经济组织 及其成员的合法权益，任何组织和个人不得侵犯；农村集体经济组织成员集体所有的财产受法律保护，任何组织和个人不得侵占、挪用、截留、哄抢、私分、破坏。此外还明确规定，妇女享有与男子平等的权利，不得以妇女未婚、结婚、离婚、丧偶、户无男性等为由，侵害妇女在农村集体经济组织中的各项权益。,820,https://news.cctv.com/2025/05/01/ARTIf9UqbBbsQ3XGkyTmoDVZ250501.shtml,婚姻登记;婚姻;结婚;离婚
China News Service,2025-05-04,乙游，逐渐成为一些年轻人的恋爱“代餐”？,乙游，即乙女游戏，作为年轻女性在虚拟世界中的“自留地”，它一方面体现了社会观念的变迁，另一方面为游戏产业收获了可观的流水。开发、推广乙游的过程，见证了现代社会女性消费力量的崛起。乙游不断升级和迭代的剧情，不但反映了社会的现实需求，也能让一些女性在“情感乌托邦”里更好地看见自己。 2024年末，“中国iOS应用商店游戏畅销榜”出炉，冠军是一款名为《恋与深空》的乙游。另外，叠纸、网易、灵犀互娱等，都推出了乙游产品，如《世界之外》《如鸢》等，均收获了不错的流水。乙游玩家展现出惊人的消费能力：根据2024年天猫“双11”销售数据，叠纸心意旗舰店在潮流玩具店铺销售榜中表现突出，位列第二。 “乙女”一词源自日语，意为少女。乙女游戏就是以女性玩家为主要受众、围绕着一个女主人公和多个男性角色展开剧情的互动游戏。20世纪90年代初，日本游戏市场开始出现以女性为受众的恋爱模拟游戏，它们以女性视角展开，发展情感关系。日本光荣株式会社1994年发布的游戏《安琪莉可》广受好评，对乙游的全球推广起了重要作用，被认为是乙游的开山之作。 2017年，随着国产乙女游戏《恋与制作人》上市，这片“粉色疆域”正裂变为现象级文化风口。游戏厂商在技术、玩法与题材上不断创新，希望借此抓住女性玩家的心。《恋与制作人》《时空中的绘旅人》等游戏，凭借精美的制作和触动人心的剧情，吸引了大量玩家；《世界之外》采取穿越模式让玩家体验多样的情感旅程；《光与夜之恋》除了传统的剧情推进外，还融合了卡牌收集系统和弹幕消除的战斗玩法。 乙女圈内部文化和规则不断发展变化，形成了独特的社群，并围绕游戏培育出一个包含厂商、玩家、coser(角色扮演者)、同人创作者等在内的庞大生态圈。过去几年，乙游一直被视为游戏行业的“小众”赛道。2024年以来，乙游成为一种新主流，玩家群体庞大、黏性高，还热衷于购买IP联名服饰、BJD玩偶(球型关节人偶)、cosplay(角色扮演)、立牌以及娃娃等周边产品。 乙游反映了现代女性对情感生活的向往。可以说，乙游不仅是消遣娱乐，还是一种文化现象。 从体验出发，乙游的设计充分考虑了女性心理需求，融合了浪漫、梦幻与感性元素，为玩家提供了自由、安全、浪漫的情感体验空间。玩家可以深入体验爱情、友情、家庭等丰富的场景，从游戏中获得情感上的满足，感受到被关注、被包容、被接纳。 乙游的流行，反映出年轻人对传统恋爱模式的颠覆。在虚拟空间中，玩家可以根据喜好，选择不同类型、不同风格的角色，并与之发展出各种浪漫关系。玩家不再是被动的观众，而是故事的主角，体验双向互动的情节。这种高度沉浸式的体验，是乙游吸引玩家的重要原因。在快节奏的现代社会，乙游提供的这种体验虽然虚拟，却可以成为玩家的一种情感寄托，成为其表达自我、寻求认同的平台。在游戏中，玩家正视自己的欲望，学会如何构建平等、健康的关系，逐渐成为一些人的恋爱“代餐”。 不局限于甜蜜的恋爱故事，一些乙游还融入了冒险、成长元素，更注重平等互动——玩家可与男主并肩作战，共同面对困难。这种设定，赋予玩家更多自主性，展现了更复杂的情感层次，以及女性角色的成长空间。有的挑战与现实生活紧密相连，为玩家的个性成长提供了锻炼机会，为生活积累经验值。 调查研究证实，乙游能对女性的恋爱观产生一定影响。游戏提供了一种安全的情感实践空间，玩家通过面对种种情感难题、处理复杂的人际关系，学习如何与异性相处、表达自己的情感，从而助力玩家的人格成长。 乙游的发展并非一帆风顺，还面临着争议和挑战。如何在关照青年情绪消费需求的同时，让乙游健康有序发展，还需要更多智慧和力量的加持。 作为一种消费行为，游戏玩家在解锁任务的同时，也在购买自己的身份认同。在乙游中，通过消费行为，玩家可以构建与男主角的关系——消费的额度越高，与对方的互动感就越密切，产生的身份代入感也就越强。面对游戏世界的消费陷阱，玩家在享受乐趣的同时，也应避免过度“氪金”(游戏术语，指充值消费)，保持理性消费、健康娱乐的理念。 部分年轻人缺乏现实中的情感支持，玩乙游成了一种逃避现实、缓解孤独感的方法。尽管数字世界可以编织一段浪漫的关系，提供多样的情感体验和情绪价值，扮演情感宣泄的出口，但长期沉溺在虚拟亲密关系中，玩家或因此而逃避现实。 心理学家提醒，在乙游中，因算法而“被选择、被拼接、被想象”，容易过度沉迷不能自拔，对现实中的恋爱感到失望，并由此疏远、拒绝，甚至脱离真实的社交关系。在享受游戏带来乐趣的同时，要保持理性和自我认知，厘清虚拟世界与现实世界的边界。虚拟世界再美好，也不能取代现实生活，更不能让游戏成为逃避现实的工具。 在乙游世界徜徉的同时，请不要忘记欣赏现实的美好，请记得保持对现实生活的热爱。毕竟，只有现实中的成长和体验，才能真正丰富我们的内心世界。,1968,https://www.chinanews.com.cn/sh/2025/05-04/10410394.shtml,恋爱
People.cn,2025-05-06,信丰：“相亲+文旅”激活乡村新活力​,这个五一假期，信丰县新田镇坪地山村以一场别开生面的“坪地山之恋·乡里相亲”青年交友活动，将乡村振兴与青年婚恋服务有机融合。活动吸引600余名单身青年参与，带动景区客流量超10万人次，既为青年搭建交友平台，又为乡村旅游注入新动能，成为当地探索“文明新风+产业振兴”的生动实践。 5月1日至3日，坪地山景区化身“爱情乐园”。青年男女通过“才艺展示+互动游戏”破冰交流：男嘉宾轮番登台献唱情歌，男女组队挑战“合作拼图”“蒙眼抓鸡”等游戏，现场笑声不断。活动还创新设置“爱情路徒步”“趣味捞鱼赛”等环节，让青年在自然互动中拉近距离。最终，4对青年现场牵手成功，10余对互留联系方式。 “既能欣赏美景，又能结识同龄人，这样的活动形式很新颖！”来自萍乡的李鸿斌表示。活动还推出“豆腐宴品鉴”“客家文化体验”等特色项目，让交友与文旅深度融合。 活动现场，志愿者通过发放《文明婚俗倡议书》、开展“低彩礼”有奖问答等形式，引导青年树立正确婚恋观。数据显示，活动期间发放宣传资料1000余份。村党支部书记陈秋生介绍，活动将移风易俗与青年服务结合，既解决婚恋难题，又推动文明乡风建设。 相亲活动为坪地山村带来显著经济效益。景区周边农家乐营业额同比增长超200%，民宿入住率达100%。村民冯英女的摊位单日卖出600碗客家豆腐，增收3000多元。“五一期间景区总消费额突破80万元，其中相亲活动贡献超六成。”陈秋生算了一笔账，活动还间接促进农副产品销售超20万元。 “我们将以山水为媒，持续优化活动形式，计划每月举办主题交友活动，配套建设青年公寓、创业孵化基地。”陈秋生透露，通过完善基础设施、丰富文娱体验，吸引更多青年扎根乡村。从青山绿水间的浪漫邂逅，到文明新风浸润的幸福约定，坪地山村正以“小活动”撬动“大振兴”。（肖秀节）,752,http://jx.people.com.cn/n2/2025/0506/c186330-41218879.html,婚恋;彩礼;婚俗;相亲;单身
People.cn,2025-05-06,霍山县：不要彩礼要幸福,近日，霍山县与儿街镇鸟观嘴村经营小生意的朱先生一家两场“零彩礼”婚礼，成为当地美谈。没有天价彩礼，没有豪华车队，有的只是真挚的爱情和朴实的祝福。朱先生家的两个女儿先后选择“零彩礼”出嫁，用行动诠释了“幸福婚姻不在于物质，而在于真心”的婚恋新观念，也悄悄改变着人们对婚嫁习俗的认知。 几年前，朱先生的大女儿出嫁时，朱先生一家就做出了一个让亲友们惊讶的决定：不要一分钱彩礼。“当时亲家主动提出要给8.8万元彩礼，被我们婉拒了。”朱先生回忆道，“嫁女儿不是做买卖，只要两个孩子真心相爱就好。”朱先生的妻子说道，这个决定得到了全家人的支持。 今年5月1日，小女儿的婚礼再次延续了这个“家风”。更令人感动的是，这场婚礼处处体现着新人的用心：婚车是朋友主动提供的私家车，婚庆仪式由新人自己主持，就连婚礼上的装饰都是亲朋好友一起动手布置的。“自己主持婚礼反而更有意义，说的都是我们的心里话。”新娘幸福地说。 两场简约而不简单的婚礼，都收获了亲友们真挚的祝福。参加婚礼的王阿姨说：“新时代需要新时尚，这样的婚礼真正回归了婚姻的本质。” 近年来，与儿街镇探索实践“乡村治理+宣传教育+示范引领”工作模式，扎实推进农村移风易俗工作，积极培育文明乡风。将移风易俗“零彩礼”“低彩礼”纳入文明新风评比正向清单，倡导婚事新办、丧事简办；定期开展文明新风评比，树立身边典型。推行“党员先锋承诺制”，鼓励党员带头践行并自觉遵守低收彩礼、简办婚礼等要求，积极劝导亲属邻里摒弃陋习，发挥党员示范作用。同时，通过“与民共商”“板凳会”“庭院协商”等途径，邀请“零彩礼低彩礼”家庭代表现身说法，利用文明倡导小组为广大群众释疑解惑，传播文明理念。 两场“零彩礼”婚礼，不仅是两个家庭的选择，更是一种文明新风的缩影。（王升兵）,742,http://ah.people.com.cn/n2/2025/0506/c374164-41218857.html,天价彩礼;婚姻;婚恋;彩礼;婚嫁;婚礼
People.cn,2025-05-07,婚姻“一站式”诊疗 龙岩九部门携手共筑家庭“防护墙”,近日，龙岩市妇联携手龙岩市关工委、法院、检察院等九部门成立婚姻家事服务中心及三个服务点，推出“婚姻诊疗”公益服务平台，通过以专业力量化解婚姻危机，携手共筑家庭和谐“防护墙”，全力推动“大爱龙岩”“平安龙岩”建设迈向新台阶，为构建和谐社会注入温暖动能。 据介绍，此次打造的“婚姻诊疗”平台，整合了多部门的资源与专业优势，组建了一支由法官、律师、心理咨询师、社会工作者、退休干部及妇联执委等组成的志愿者队伍。 该平台通过提供婚姻关系咨询、矛盾调解、法律援助、心理疏导、心理咨询、离婚调适、婚姻家庭指导等“一站式”公益服务，深入剖析婚姻问题根源，为陷入危机的家庭提供科学有效的解决方案，帮助夫妻双方化解矛盾、修复感情，让家庭重归和谐。 日前，新罗区一对夫妻因育儿观念冲突长期冷战前来求助，龙岩市妇联迅速启动“婚姻诊疗”机制，由心理咨询师开展疏导，并邀请法官以典型案例释法说理。经调解，夫妻双方达成共识，丈夫主动参与家庭育儿，婚姻关系显著改善。截至目前，已为43对家庭提供婚姻家事服务，获得了群众的广泛好评。 值得一提的是，龙岩市关工委充分发挥老同志阅历丰富、群众工作经验足的独特优势，积极参与到婚姻家庭建设工作中。老同志们通过举办婚姻家庭主题讲座、开展一对一谈心谈话等方式，以自身丰富的人生经验和生活智慧，向年轻人传递正确的婚姻观和家庭观，引导他们树立对家庭的责任感和担当意识，助力优良家风家教的培育与传承。 现场，一位参与活动的年轻人表示：“听了老同志们分享的婚姻相处之道和家庭经营理念，让我对婚姻有了更深刻的认识，受益匪浅。” 据悉，“婚姻诊疗”平台的推出与老同志们的积极助力，不仅是龙岩市在社会治理领域的一次创新实践，更是推动“大爱龙岩”“平安龙岩”建设的重要举措。 下一步，龙岩市将持续完善“婚姻诊疗”平台服务机制，不断提升服务质量，同时充分发挥关工委的桥梁纽带作用，凝聚更多社会力量，为家庭幸福、社会和谐保驾护航，让“大爱龙岩”的温暖底色更加鲜明，“平安龙岩”的基石更加稳固。（万露 傅梦琳）,848,http://fj.people.com.cn/n2/2025/0507/c181466-41220153.html,婚姻;离婚;夫妻
People.cn,2025-05-07,婚姻登记条例 --时政--人民网,（2003年8月8日中华人民共和国国务院令第387号公布 根据2024年12月6日《国务院关于修改和废止部分行政法规的决定》第一次修订 2025年4月6日中华人民共和国国务院令第804号第二次修订） 《婚姻登记条例》已经2025年3月21日国务院第55次常务会议修订通过，现予公布，自2025年5月10日起施行。 第一条 为了规范婚姻登记工作，保障婚姻自由、一夫一妻、男女平等的婚姻制度的实施，保护婚姻当事人的合法权益，根据《中华人民共和国民法典》（以下简称民法典），制定本条例。 第二条 内地居民办理婚姻登记的机关是县级人民政府民政部门或者省、自治区、直辖市人民政府按照便民原则确定的乡（镇）人民政府。 中国公民同外国人，内地居民同香港特别行政区居民（以下简称香港居民）、澳门特别行政区居民（以下简称澳门居民）、台湾地区居民（以下简称台湾居民）、华侨办理婚姻登记的机关是省、自治区、直辖市人民政府民政部门或者省、自治区、直辖市人民政府民政部门确定的机关。 第三条 县级以上地方人民政府应当采取措施提升婚姻登记服务水平，加强对婚姻登记场所的规范化、便利化建设，为办理婚姻登记提供保障。 第四条 国务院民政部门统筹规划、完善全国婚姻基础信息库，会同外交、公安等有关部门以及最高人民法院建立健全信息共享机制，保障婚姻信息准确、及时、完整、安全。省、自治区、直辖市人民政府民政部门负责统筹本地区婚姻登记信息系统的建设、管理、维护和信息安全工作。 第五条 县级以上地方人民政府应当加强综合性婚姻家庭服务指导工作和婚姻家庭辅导服务体系建设，治理高额彩礼问题，倡导文明婚俗，促进家庭和谐，引导树立正确的婚恋观、生育观、家庭观。 婚姻登记机关应当提供婚姻家庭辅导服务，充分发挥婚姻家庭辅导师等专业人员和其他社会力量在婚前教育、婚姻家庭关系辅导等方面的作用。妇女联合会等组织协助和配合婚姻登记机关开展婚姻家庭辅导服务。 民政部门应当加强婚姻家庭辅导服务专业人员队伍建设，组织开展婚姻家庭辅导师职业培训，持续提升婚姻家庭辅导服务专业人员的职业素质和业务技能水平。 第六条 婚姻登记机关从事婚姻登记的工作人员应当接受婚姻登记业务培训，依照有关规定经考核合格，方可从事婚姻登记工作。 婚姻登记机关办理婚姻登记，不得收取费用。 婚姻登记机关及其工作人员在婚姻登记工作中发现疑似被拐卖、绑架的妇女的，应当依法及时向有关部门报告；发现当事人遭受家庭暴力或者面临家庭暴力的现实危险的，应当及时劝阻并告知受害人寻求救助的途径。 婚姻登记机关及其工作人员应当对在婚姻登记工作中知悉的个人隐私、个人信息予以保密，不得泄露或者向他人非法提供。 第七条 内地居民结婚，男女双方应当亲自到婚姻登记机关共同申请结婚登记。 中国公民同外国人在中国内地结婚的，内地居民同香港居民、澳门居民、台湾居民、华侨在中国内地结婚的，男女双方应当亲自到本条例第二条第二款规定的婚姻登记机关共同申请结婚登记。 婚姻登记机关可以结合实际为结婚登记当事人提供预约、颁证仪式等服务。鼓励当事人邀请双方父母等参加颁证仪式。 第八条 申请结婚登记的内地居民应当出具下列证件和书面材料： （二）本人无配偶以及与对方当事人没有直系血亲和三代以内旁系血亲关系的签字声明。 申请结婚登记的香港居民、澳门居民、台湾居民应当出具下列证件和书面材料： （一）本人的有效通行证或者港澳台居民居住证、身份证； （二）经居住地公证机构公证的本人无配偶以及与对方当事人没有直系血亲和三代以内旁系血亲关系的声明。 申请结婚登记的华侨应当出具下列证件和书面材料： （二）居住国公证机构或者有权机关出具的、经中华人民共和国驻该国使（领）馆认证的本人无配偶以及与对方当事人没有直系血亲和三代以内旁系血亲关系的证明，或者中华人民共和国驻该国使（领）馆出具的本人无配偶以及与对方当事人没有直系血亲和三代以内旁系血亲关系的证明。中华人民共和国缔结或者参加的国际条约另有规定的，按照国际条约规定的证明手续办理。 申请结婚登记的外国人应当出具下列证件和书面材料： （一）本人的有效护照或者其他有效的国际旅行证件，或者外国人永久居留身份证等中国政府主管机关签发的身份证件； （二）所在国公证机构或者有权机关出具的、经中华人民共和国驻该国使（领）馆认证或者该国驻华使（领）馆认证的本人无配偶的证明，或者所在国驻华使（领）馆出具的本人无配偶的证明。中华人民共和国缔结或者参加的国际条约另有规定的，按照国际条约规定的证明手续办理。 申请结婚登记的当事人对外国主管机关依据本条第三款、第四款提及的国际条约出具的证明文书的真实性负责，并签署书面声明。 第九条 申请结婚登记的当事人有下列情形之一的，婚姻登记机关不予登记： （四）属于直系血亲或者三代以内旁系血亲的。 第十条 婚姻登记机关应当核对结婚登记当事人出具的证件、书面材料，询问相关情况，并对当事人的身份以及婚姻状况信息进行联网核对，依法维护当事人的权益。对当事人符合结婚条件的，应当当场予以登记，发给结婚证；对当事人不符合结婚条件不予登记的，应当向当事人说明理由。 第十一条 要求结婚的男女双方未办理结婚登记的，应当补办登记。男女双方补办结婚登记的，适用本条例结婚登记的规定。 第十二条 因胁迫结婚的，受胁迫的当事人可以依据民法典第一千零五十二条的规定向人民法院请求撤销婚姻。一方当事人患有重大疾病的，应当在结婚登记前如实告知另一方当事人；不如实告知的，另一方当事人可以依据民法典第一千零五十三条的规定向人民法院请求撤销婚姻。 第十三条 内地居民自愿离婚的，男女双方应当签订书面离婚协议，亲自到婚姻登记机关共同申请离婚登记。 中国公民同外国人在中国内地自愿离婚的，内地居民同香港居民、澳门居民、台湾居民、华侨在中国内地自愿离婚的，男女双方应当签订书面离婚协议，亲自到本条例第二条第二款规定的婚姻登记机关共同申请离婚登记。 离婚协议应当载明双方自愿离婚的意思表示和对子女抚养、财产以及债务处理等事项协商一致的意见。 第十四条 申请离婚登记的当事人有下列情形之一的，婚姻登记机关不予受理： （二）属于无民事行为能力人或者限制民事行为能力人的； 第十五条 申请离婚登记的内地居民应当出具下列证件： 申请离婚登记的香港居民、澳门居民、台湾居民、华侨、外国人除应当出具前款第二项规定的证件外，香港居民、澳门居民、台湾居民还应当出具本人的有效通行证或者港澳台居民居住证、身份证；华侨、外国人还应当出具本人的有效护照或者其他有效的国际旅行证件，或者外国人永久居留身份证等中国政府主管机关签发的身份证件。 第十六条 婚姻登记机关应当在法律规定期限内，根据当事人的申请，核对离婚登记当事人出具的证件、书面材料并询问相关情况。对当事人确属自愿离婚，并已经对子女抚养、财产以及债务处理等事项协商一致，男女双方亲自到收到离婚登记申请的婚姻登记机关共同申请发给离婚证的，婚姻登记机关应当当场予以登记，发给离婚证。 当事人未在法律规定期限内申请发给离婚证的，视为撤回离婚登记申请，离婚登记程序终止。 第十七条 婚姻登记机关在办理离婚登记过程中，可以根据情况及时对离婚登记当事人开展心理辅导、调解等工作。 第十八条 离婚后，男女双方自愿恢复婚姻关系的，应当依照本条例规定到婚姻登记机关重新申请结婚登记。 第十九条 婚姻登记机关应当建立婚姻登记档案。婚姻登记档案应当长期保管并按规定为当事人或者有权机关提供查询服务。具体管理办法由国务院民政部门会同国家档案管理部门规定。 第二十条 婚姻登记机关收到人民法院确认婚姻无效或者撤销婚姻的判决书副本后，应当在当事人的婚姻登记档案中及时备注婚姻无效或者撤销婚姻的信息，并将相关信息上传至全国婚姻基础信息库。 第二十一条 当事人需要补领结婚证或者离婚证的，可以持居民身份证或者本条例第八条第二款至第四款规定的有效身份证件向婚姻登记机关申请办理。 婚姻登记机关对当事人的婚姻登记档案进行查证，确认属实的，应当为当事人补发结婚证或者离婚证。 第二十二条 婚姻登记机关及其工作人员有下列行为之一的，对负有责任的领导人员和直接责任人员依法依规给予处分： （一）为不符合婚姻登记条件的当事人办理婚姻登记的； （二）违反规定泄露或者向他人非法提供婚姻登记工作中知悉的个人隐私或者个人信息的； （三）玩忽职守造成婚姻登记档案损毁、灭失的； 违反前款第四项规定收取的费用，应当退还当事人。 第二十三条 当事人应当对所出具证件和书面材料的真实性、合法性负责，出具虚假证件或者书面材料的，应当承担相应法律责任，相关信息按照国家有关规定记入信用记录，并纳入全国信用信息共享平台。 第二十四条 违反本条例规定，构成违反治安管理行为的，依法给予治安管理处罚；构成犯罪的，依法追究刑事责任。 第二十五条 中华人民共和国驻外使（领）馆可以依照本条例的有关规定，为男女双方均居住于驻在国的中国公民办理婚姻登记。 第二十六条 男女双方均非内地居民的中国公民在内地办理婚姻登记的具体办法，由国务院民政部门另行制定。 第二十七条 本条例规定的婚姻登记证由国务院民政部门规定式样并监制。 第二十八条 本条例自2025年5月10日起施行。 《 人民日报 》（ 2025年05月07日 13 版）,3797,http://politics.people.com.cn/n1/2025/0507/c1001-40474297.html,婚姻登记;结婚登记;婚姻;结婚;离婚;婚恋;彩礼;婚俗;复婚;配偶;家庭暴力
People.cn,2025-05-07,广西婚姻家庭纠纷调解业务培训“干货满满”,为落实《广西壮族自治区多元化解矛盾纠纷条例》要求，引领婚调专家积极参与社会治理，提高婚调工作专业化水平，4月28日至30日，自治区妇联、自治区司法厅联合在南宁开展广西婚姻家庭纠纷调解业务培训，并启动2025年全国婚姻家庭纠纷人民调解工作“大比武”广西选拔活动。 培训邀请自治区司法厅人民参与和促进法治处处长崔保国深度解读《广西多元化解矛盾纠纷条例》，以通俗化的方式解读条例，具有很强的针对性和实用性。全国模范人民调解员、江西十大好人、江西十大法制人物、江西卫视“金牌调解”栏目观察员宗月英讲授的《民法典》婚姻家庭法律分析及人民调解技巧，以“理论+实务”深度结合，将其转化为贴合实际需求的行动指南，让学员们对调解有了更深入的理解。广西万凯律师事务所蒋三努律师结合《婚姻登记条例》，讲授调解工作在婚姻家事中的运用，让学员们深刻意识到，调解婚姻家庭矛盾，不只是解决表面的问题，更要关注当事人内心的情感需求和心理状态。 在维护婚姻家庭权益类案例展示环节，南宁、桂林、梧州、防城港、钦州、贵港、玉林、百色、贺州、来宾 、崇左市等11个市的专家代表精彩讲述“破冰之旅启新篇，共筑养育连心桥”“群众‘点单’化解婚姻家庭纠纷更贴心”“濒临破碎的家庭在咨询中重寻希望”“心理疏导破坚冰 危机干预护权益”等成功案例。 学员表示此次培训收获颇丰，是专业能力和调解技巧的一次“提质升级”，今后将学以致用，用心用情开展婚姻家庭纠纷调解工作，守好维护社会和谐稳定“第一道防线”。 下一步，自治区妇联将创新开展“行业枫桥”新实践，发挥家庭家教家风建设在基层治理中的作用，积极探索“妇联+”多元调解模式，推动婚姻家庭矛盾纠纷预防化解工作融入基层治理，通过家庭平安助力更高水平的平安广西建设大格局。,732,http://gx.people.com.cn/n2/2025/0507/c349603-41220205.html,婚姻登记;婚姻
CCTV,2025-05-08,泉州一家婚介机构广告牌越南新娘七天闪婚领证？市监部门介入,近日，有网友在社交平台发帖称，福建泉州市鲤城区某小区旁一家婚介机构的门头广告内容引发热议。广告上赫然写着：“全国七天闪婚领证 越南新娘”，并列出多个省份“本地新娘、网络新娘、异地新娘”的服务项目，引发网友质疑其涉嫌低俗营销，甚至可能触碰法律红线。 网友发帖称，在街边看到“全国7天闪婚领证 越南新娘”的广告牌。网络图 5月8日，上游新闻记者以顾客身份拨打广告上的联系电话，一名自称吴女士的工作人员回应称：“广告确实是我们挂的，内容属实。我们是中介撮合，介绍外籍配偶、也有国内资源。越南新娘主要是合法婚姻登记，我们协助客户办理相关手续。”她强调，所有流程都必须“合法合规”，但对所谓越南新娘的来华签证、身份背景等问题则含糊其词。 记者随后联系鲤城区市场监督管理局浮桥市监所，一名工作人员在记录下信息后回应：“我们将派人现场核实调查其资质，并将依法依规处理。因为店招出现‘越南新娘’有涉外婚姻的情况，消费者也可以向警方进行反映。” 执业律师聂炜昌指出，1994年12月国务院发布《关于加强涉外婚姻介绍管理的通知》（国办发〔1994〕104号），文件规定：严禁成立涉外婚姻介绍机构。国内婚姻介绍机构和其他任何单位都不得从事或变相从事涉外婚姻介绍业务。任何个人不得采取欺骗手段或以营利为目的从事或变相从事涉外婚姻介绍活动。“如果涉外婚姻中介合同违反国家政策的要求，即使签订了中介合同，合同也会被法院认定无效。在司法实践中，不少法院还会以‘涉外婚姻中介服务将婚姻商品化，有损社会公德、违背公序良俗’为由认定涉外婚姻中介合同无效。”聂炜昌律师建议，须慎重看待中介涉外婚姻。,680,https://news.cctv.com/2025/05/08/ARTI56Sm6oDOPwYRHMxEmREp250508.shtml,婚姻登记;婚姻;婚介;闪婚;配偶
China News Service,2025-05-09,明天起，结婚离婚不需要户口本,修订后的《婚姻登记条例》，自2025年5月10日起施行。 《条例》修订的主要内容包含三个方面：一是增加婚姻家庭服务工作内容，二是实行婚姻登记“全国通办”，三是优化婚姻登记服务。 《条例》明确，婚姻登记机关办理婚姻登记，不得收取费用。 根据《条例》，办理结婚、离婚登记都无需再出示户口本。 申请结婚登记的内地居民应当出具下列证件和书面材料：本人的居民身份证；本人无配偶以及与对方当事人没有直系血亲和三代以内旁系血亲关系的签字声明。 申请离婚登记的内地居民应当出具下列证件：本人的居民身份证；本人的结婚证。 【,253,https://www.chinanews.com.cn/sh/2025/05-09/10412873.shtml,婚姻登记;结婚登记;婚姻;结婚;离婚;配偶
People.cn,2025-05-09,5月10日起婚姻登记“全国通办”,记者从深圳市民政局获悉，新修订的《婚姻登记条例》将于5月10日正式实施，当天起婚姻登记实行“全国通办”。为了满足市民婚姻登记的需求，当天上午（周六）深圳各区婚姻登记处将正常上班，办理婚姻登记相关业务。在深圳办理婚姻登记的内地居民，无须携带户口簿和居住证，可跨区任选一婚姻登记处办理。 据介绍，根据新修订的《婚姻登记条例》，自2025年5月10日起，办理结婚、离婚登记均无需出具户口簿。婚姻登记实现“全国通办”，在深圳申请结婚登记的内地居民仅携带本人居民身份证、3张2寸双方近期半身免冠同版合影证件照，即可办理婚姻登记。也就是说，即使双方均非广东省户籍的，也无需出具深圳市居住证。 5月20日因谐音“我爱你”，一直是每年新人们喜爱的结婚登记高峰日。记者获悉，今年5月20日恰逢周二工作日，但其预约登记仍非常火爆，目前已经约满。市民政局温馨提示，深圳市各区婚姻登记处实行“线上+线下预约”办理婚姻登记，市民可以现场预约。为全力满足市民在20日办理结婚登记的需求，全市各区婚姻登记处一同为爱护航，确保当天结婚登记“不办完不打烊”。（记者 庄瑞玉）,470,http://sz.people.com.cn/n2/2025/0509/c202846-41221760.html,婚姻登记;结婚登记;婚姻;结婚;离婚
People.cn,2025-05-09,婚姻登记迎来“全国通办” 可线上预约登记席位,市民政局介绍， 5月10日起 ，婚姻登记将迎来“全国通办”。 5月9日8时起 ，准新人们可以通过随申办市民云APP、支付宝APP“婚姻登记预约”等线上平台预约登记席位。如果没有预约上的，也可以在登记当天到现场有序排队办理。“全国通办”包括哪些业务？需要提前准备哪些材料？有什么注意事项？这些热点问题，一起来看市民政局的解答↓ 双方均是内地居民的结婚登记、离婚登记和补领婚姻登记证件都属于全国通办的受理范围。一方是内地居民，另一方是外国人、港澳台居民或者华侨的结婚登记、离婚登记和补领婚姻登记证件也属于全国通办的受理范围，可以在任一有相关婚姻登记权限的婚姻登记机关办理。 据我了解，婚姻登记“全国通办”之后，领结婚证不用户口簿了，确实方便很多，那我们还需要提前准备哪些材料呢？ 婚姻登记“全国通办”以后，办理结婚登记的内地居民一方，只需要出具本人有效的居民身份证原件，不再需要出具户口簿。对当事人来说，需要出具的证件、材料精简了，办理婚姻登记更加便捷了。在证件齐备、材料准确、核查一致的基础上，婚姻登记机关将为双方办理婚姻登记。 为了保证大家顺利办理，还有什么需要提醒大家特别注意的吗？ 这里确实要提醒大家，如果声明的婚姻状况以及身份信息与婚姻登记机关核查信息不一致的，应当向婚姻登记机关提供证明材料。如声明婚姻状况为“离婚”的，应当提供法院生效司法文书、法院出具的离婚证明书或离婚证等材料；如声明婚姻状况为“丧偶”的，应当提供配偶居民死亡医学证明（推断）书、结婚证等材料；如身份信息与核查信息不一致的，应当提供相应材料予以证明。 根据《婚姻登记条例》第二十三条的规定，当事人应当对所出具证件和材料的真实性、合法性负责，出具虚假证件或者材料的，应当承担相应法律责任，相关信息按照国家有关规定记入信用记录，并纳入全国信用信息共享平台。 我的未婚妻是外国人，我们也能享受“全国通办”吗？ 当然可以了！婚姻登记“全国通办”以后，一方是内地居民，另一方是外国人、港澳台居民或者华侨的结婚登记、离婚登记和补领婚姻登记证件可以在任意一个有办理相关婚姻登记权限的婚姻登记机关办理，不再受到内地居民一方户籍地的限制。不过，这里我要说明一下，一方为外国人，另一方为港澳台居民或者华侨的，或者双方均为港澳台居民或者华侨的，应到工作或生活所在地有相应办理婚姻登记权限的婚姻登记机关办理。 “全国通办”以后，离婚申请和离婚登记可在不同的婚姻登记机关办理吗？ 很遗憾，这还是不行的。双方在申请离婚时，可以向任意一个有职权的婚姻登记机关申请，离婚登记（领取离婚证）环节和离婚申请必须是同一个婚姻登记机关。当事人在离婚登记（领取离婚证）时，需要到受理该离婚申请的婚姻登记机关办理。 我们的结婚证丢了，需要补结婚证，具体的方式和以前一样吗？ 有一定的变化，主要是提供婚姻登记档案方式的变化。申请补领结婚证，应当向婚姻登记机关提供本人的居民身份证和加盖查档专用章的纸质婚姻登记档案。若还没有获取纸质档案的，婚姻登记机关可以通过本市民生档案系统或者通过异地调档获取婚姻登记电子档案的，经申请，可以由婚姻登记机关提供查询服务；若档案信息无法通过共享获取到的，建议咨询原办理婚姻登记的机关或保管婚姻登记档案的部门，在取得婚姻登记档案证明材料后，再进行补证。 我和我先生原来都是内地居民，在内地办的结婚登记，现在居住在香港，身份也发生了变化。我们如果补办结婚证的话，应该在哪里补办呢？ 若一方由内地居民变为外国人、港澳台居民或者华侨的，双方可以向任意一个具有办理相关婚姻登记权限的婚姻登记机关申请补领；若一方变为外国人，另一方变为港澳台居民或者华侨的，或者双方均变为港澳台居民或者华侨的，需要到原结婚登记的机关、工作或生活所在地有相关办理婚姻登记权限的机关申请补领；若双方均变为外国人的，可以调取结婚登记档案，但不可补领结婚证。需要提示的是，身份变化的当事人除需出具办理补领婚姻登记证件的常规材料外，还需提供前后身份为同一人的证明或公证声明。关于该证明或公证声明的开具要求，可咨询具有相应办理权限的婚姻登记机关。,1684,http://sh.people.com.cn/n2/2025/0509/c134768-41222795.html,婚姻登记;结婚登记;婚姻;结婚;离婚;配偶
CCTV,2025-05-10,“全国通办”首日婚姻登记预约“人气足” 服务“温度”提升“甜蜜经济”热度,央视网消息： 5月10日是新修订的《婚姻登记条例》正式施行首日，各地的婚姻登记处都就迎来了不少前来办理登记的新人。 10日上午，在北京市西城区婚姻登记处，谷女士和于先生成为北京首对享受“全国通办”服务的新人。他们凭居民身份证就顺利完成了登记。 记者从北京市民政局了解到，新政策实施首日，5月10日，北京市共办理婚姻登记1400余对，其中，全国通办登记量占比31.9%。为了给新人更好体验，北京还在大栅栏护国观音寺设立了全市首个户外登记点，围绕“甜蜜服务”主题，提供结婚登记、颁证、政策及婚育健康咨询等“一站式”服务。 北京市民政局社会事务管理处副处长徐江称：“婚姻登记‘全国通办’打破了婚姻登记当事人户籍地限制，在北京任意一个婚姻登记机关办理婚姻登记业务，无需回到户籍所在地，真正实现了让数据多跑路、让群众少跑腿。” 10日，浙江杭州也迎来了首批异地户籍结婚登记的小高峰。一大早，来自福建福州的毛女士和朱先生就来到杭州市淳安县的婚姻登记服务中心进行登记。在碧波浩渺的千岛湖，两人在湖光山色的见证下完成了一场别具一格的登记仪式。 这场独特的领证体验得益于淳安县借力“全国通办”打造的“一心多点”婚恋文旅模式。当地将婚姻登记中心搬进5A级景区，串联多个户外颁证基地，还为新人提供景区免票、餐饮住宿优惠等。,550,https://news.cctv.com/2025/05/10/ARTIdd2qP1H9hVIh3zQSTUoy250510.shtml,婚姻登记;结婚登记;婚姻;结婚;婚恋;婚育
CCTV,2025-05-10,去年全国结婚登记增加65.7万对，10省份结婚数据公布,近年来，我国大力提倡适龄婚育，构建、完善全社会的婚育支持体系。 根据民政部公布的数据显示，2025年全国结婚登记676.3万对，离婚登记274.3万对。其中，与2024年相比，结婚登记增加了65.7万对，增长10.76%。 第一财经记者梳理发现，目前已有10个省份公布了2025年的结婚登记数据，包括广东、福建、江西、四川、湖北、河北、上海、重庆、安徽、湖南。其中，一些外来人口流入较多的地区结婚登记增幅较大。 例如，2025年广东结婚登记61.4万对，比上一年增加10.2万对，增幅达到19.92%。2025年，上海全市共办理婚姻登记175092对，其中结婚登记125102对、离婚登记49990对。2025年上海办理结婚登记的人数总体较2024年增长约38.7%。 此外，还有多个城市也公布了去年的结婚登记数据，多个人口流入较多的城市结婚登记数量均大幅上升。其中，深圳结婚登记量为11.89万对，同比增长28.54%。 自2025年5月10日起新修订的《婚姻登记条例》实施，婚姻登记地域限制取消，新人领证不再需要户口本，婚姻登记全国各地通办。政策实施后，全国“跨省通办”婚姻登记量已显著上升，在部分流动人口集中的城市，增长幅度较大。 同时，在婚姻登记全国通办后，旅游即可就地结婚。不少城市、景区打造了“领证新地标”，发展结婚登记旅游，越来越多的年轻人选择奔赴远方结婚。 截至目前，全国已有525个“公园式”婚姻登记点、1000多个户外颁证基地，新人们可以任意选择自己喜欢的地方去登记结婚。例如，新年伊始，江苏省多个设在风景区、古镇的特色颁证点启用，为新人们提供特色服务。 一些地方还开始奖励结婚。在山西省吕梁市，自2025年1月1日起，在吕梁市登记结婚（双方均为初次登记）且女方年龄在35周岁及以下的夫妇，给予1500元的奖励。此外，包括广州市白云区龙归南岭村、东莞市横沥镇新四黄塘村等地，也纷纷出台奖励结婚的措施。此前不久，浙江杭州、宁波等多地向新婚夫妇发放结婚消费券。 首都经济贸易大学劳动经济学院教授姜全保分析，一方面是结婚更加便利了，另一方面是通过物质的鼓励，通过各种方式，将鼓励措施进一步向前延伸。 今年的政府工作报告提到，倡导积极婚育观。加强初婚初育家庭住房保障，支持多子女家庭改善性住房需求。 姜全保对第一财经分析，现在房价虽然有所下调，但对很多年轻人来说住房压力仍比较大，让年轻人有房住，对于他们成家结婚、生育有一个比较的积极促进作用。在加强初婚初育家庭住房保障方面，未来会有比较多的措施，包括贷款、公积金、保障性住房等各个方面。 当前我国生育支持体系持续完善，鼓励生育的措施在进一步前移。 2026年全国两会期间，全国政协委员、湖北省首义律师事务所主任谢文敏在接受媒体采访时表示，建议向新婚夫妇发放住房补贴，向二孩、三孩家庭发放购房券。她称，每对新婚夫妇要有自己的居所，在构建生育友好型社会的过程当中，一些补贴可以更向前推进一步。对生育二孩和三孩家庭的配套措施当中，可以增加对商品房券的补助。 全国人大代表、江苏省镇江经济技术开发区永兴农机机械化专业合作社理事长魏巧关注青年人婚育观话题，她建议构建“分层分类”的高校婚恋与生育教育体系，将“大学生婚恋”“生育教育”纳入通识教育“必修模块+选修专题”。 全国人大代表、恩施州高级中学政治教师张琼丽提出，将科学、系统、积极的健康婚恋观教育有机融入大一新生入学教育体系，是一项关乎青年个人福祉、家庭幸福与国家长远发展的紧迫且必要的育人工程。她呼吁，教育部牵头联合相关部委研究制定《高校健康婚恋观教育指导纲要》，将此项关乎青年未来的重要教育工作落到实处，抓出成效。 去年7月，湖北省人民政府办公厅印发关于加快完善生育支持政策体系更加务实有效建设生育友好型社会的若干措施提到，要优化青年交友婚恋服务，其中要推进高学历群体转变婚育观念，鼓励高校把恋爱、婚姻、生育选择纳入教育内容。鼓励高校和科研机构为高学历群体提供婚姻、家庭和生育方面的咨询和帮助。 去年3月，浙江省人民政府办公厅印发关于完善生育支持政策体系的若干措施的通知中提到，优化恋爱交友载体。建设一批青年婚恋观教育阵地，搭建安全、可靠、高品质的线上交友平台。实施“亲青恋”提升计划，深化“浙工缘”青年职工交友活动，加强“公益红娘”队伍建设，打造“浙里幸福荟”婚育服务品牌。优化完善高校在校学生婚育相关制度。,1812,https://news.cctv.com/2026/03/12/ARTI4BgdEElodMRr3Jv6C00E260312.shtml,婚姻登记;结婚登记;婚姻;结婚;离婚;婚恋;婚育;初婚;恋爱
CCTV,2025-05-10,婚姻登记“全国通办”政策问答,5月10日，新修订的《婚姻登记条例》正式施行，婚姻登记实现“全国通办”。为进一步规范婚姻登记工作，近日，民政部印发了《婚姻登记工作规范》，相关司局负责人就社会关心的问题回答了记者提问。 问：婚姻登记“全国通办”的具体受理范围是什么呢？ 答：双方均是内地居民的结婚登记、离婚登记和补领婚姻登记证件都属于全国通办的受理范围。一方是内地居民，另一方是外国人、港澳台居民或者华侨的结婚登记、离婚登记和补领婚姻登记证件也属于“全国通办”的受理范围，可以在任一有相关婚姻登记权限的婚姻登记机关办理。 问：婚姻登记“全国通办”之后，领结婚证不用户口簿了，确实方便很多，那当事人还需要提前准备哪些材料呢？ 答：婚姻登记“全国通办”以后，内地居民申请结婚登记，男女双方只需要出具本人的居民身份证，本人无配偶以及与对方当事人没有直系血亲和三代以内旁系血亲关系的签字声明，不再需要出具户口簿。对当事人来说，需要出具的证件、证明材料精简了，办理婚姻登记更加便捷了。在证件齐备、材料准确、核查一致的基础上，婚姻登记机关将为双方办理婚姻登记。 问：为保证当事人顺利办理婚姻登记，还有什么需要特别注意的吗？ 答：如果当事人声明的婚姻状况以及身份信息与婚姻登记机关核查信息不一致的，应当向婚姻登记机关提供证明材料。如声明婚姻状况为“离婚”的，应当提供法院生效司法文书、法院出具的离婚证明书或离婚证等材料；如声明婚姻状况为“丧偶”的，应当提供已故配偶的居民死亡医学证明（推断）书、结婚证等材料；如身份信息与核查信息不一致的，应当提供相应材料予以证明。 根据《婚姻登记条例》第二十三条的规定，当事人应当对所出具证件和材料的真实性、合法性负责，出具虚假证件或者材料的，应当承担相应法律责任，相关信息按照国家有关规定记入信用记录，并纳入全国信用信息共享平台。 问：若办理婚姻登记的一方是内地居民，另一方是外国人、港澳台居民或者华侨，也能适用“全国通办”吗？ 答：可以适用。婚姻登记“全国通办”以后，一方是内地居民，另一方是外国人、港澳台居民或者华侨的结婚登记、离婚登记和补领婚姻登记证件可以在任意一个有办理相关婚姻登记权限的婚姻登记机关办理，不再受到内地居民一方户籍地的限制。需要注意的是，一方为外国人，另一方为港澳台居民或者华侨的，或者双方均为港澳台居民或者华侨的，应到工作或生活所在地有相应办理婚姻登记权限的婚姻登记机关办理。 问：“全国通办”以后，离婚申请和离婚登记可在不同的婚姻登记机关办理吗？ 答：不可以。双方在申请离婚时，可以向任意一个有职权的婚姻登记机关申请，离婚登记（领取离婚证）环节和离婚申请必须是同一个婚姻登记机关。当事人在办理离婚登记（领取离婚证）时，需要到受理该离婚申请的婚姻登记机关办理。 问：当事人的结婚证丢了，需要补领结婚证，具体的方式和以前一样吗？ 答：提供婚姻登记档案的方式有一定的变化。申请补领结婚证，应当向婚姻登记机关提供本人的居民身份证和加盖查档专用章的纸质婚姻登记档案。若当事人未获取纸质档案，且婚姻登记机关可以通过异地调档获取当事人婚姻登记电子档案的，经申请，婚姻登记机关可以提供异地调取档案服务；若档案信息无法通过共享获取到，建议咨询原办理婚姻登记的机关或保管婚姻登记档案的部门，在取得婚姻登记档案证明材料后，再进行补领证件。 问：双方当事人原来都是内地居民，在内地办理的结婚登记，现在居住在香港，身份也发生了变化。这种情况下应该在哪里补领结婚证呢？ 答：若一方由内地居民变为外国人、港澳台居民或者华侨，双方可以向任意一个具有办理相关婚姻登记权限的婚姻登记机关申请补领；若一方变为外国人，另一方变为港澳台居民或者华侨的，或者双方均变为港澳台居民或者华侨的，需要到原结婚登记的机关、工作或生活所在地有相关办理婚姻登记权限的机关申请补领；若双方均变为外国人的，可以调取结婚登记档案，但不可补领结婚证。需要注意的是，身份变化的当事人除需出具办理补领婚姻登记证件的常规材料外，还需提供前后身份为同一人的证明或公证声明。关于该证明或公证声明的开具要求，可具体咨询具有相应办理权限的婚姻登记机关。,1695,https://news.cctv.com/2025/05/10/ARTIWEo29kfUlq3yQUkcCCgm250510.shtml,婚姻登记;结婚登记;婚姻;结婚;离婚;配偶
CCTV,2025-05-10,新修订的《婚姻登记条例》迎来哪些新变化？240秒快速了解！,央视网消息： 2025年5月10日起，新修订的《婚姻登记条例》施行。婚姻登记5月10日起实行“全国通办”，要求婚姻登记机关应当核对结婚登记当事人出具的证件、书面材料，询问相关情况，并对当事人的身份以及婚姻状况信息进行联网核对，依法维护当事人的权益。 另外，5月10日起，办理结婚、离婚登记都无需再出示户口本。申请结婚登记的内地居民出具本人居民身份证、本人无配偶以及与对方当事人没有直系血亲和三代以内旁系血亲关系的签字声明等，即可申请结婚登记。 那么，新修订的《婚姻登记条例》中提到的婚姻登记“全国通办”，其具体受理范围是什么？如果办理婚姻登记的一方是内地居民，另一方是外国人、港澳台居民或者华侨，是否能适用“全国通办”？近日，民政部印发了《婚姻登记工作规范》，对这些问题进行了回应。 《婚姻登记工作规范》明确，双方均是内地居民或者一方是内地居民，另一方是外国人、港澳台居民或者华侨的结婚登记、离婚登记和补领婚姻登记证件都属于“全国通办”的受理范围，可以在任一有相关婚姻登记权限的婚姻登记机关办理。 一方为外国人，另一方为港澳台居民或者华侨的，或者双方均为港澳台居民或者华侨的，应到工作或生活所在地有相应办理婚姻登记权限的婚姻登记机关办理。 既然婚姻登记实现“全国通办”，那么是否意味着离婚申请和离婚登记可以在不同的婚姻登记机关办理呢？对此，《婚姻登记工作规范》明确，双方在申请离婚时，可以向任意一个有职权的婚姻登记机关申请，离婚登记（领取离婚证）环节和离婚申请必须是同一个婚姻登记机关。当事人在办理离婚登记（领取离婚证）时，需要到受理该离婚申请的婚姻登记机关办理。 此外，如果出现了当事人结婚证丢失，需要补领结婚证的情况，具体的方式和以前一样吗？对此，《婚姻登记工作规范》也进行了明确规定。 《婚姻登记工作规范》明确，申请补领结婚证，应当向婚姻登记机关提供本人的居民身份证和加盖查档专用章的纸质婚姻登记档案。若当事人未获取纸质档案，且婚姻登记机关可以通过异地调档获取当事人婚姻登记电子档案的，经申请，婚姻登记机关可以提供异地调取档案服务；若档案信息无法通过共享获取到，建议咨询原办理婚姻登记的机关或保管婚姻登记档案的部门，在取得婚姻登记档案证明材料后，再进行补领证件。 另外，双方当事人原来都是内地居民，在内地办理结婚登记后，若一方由内地居民变为外国人、港澳台居民或者华侨，双方可以向任意一个具有办理相关婚姻登记权限的婚姻登记机关申请补领；若一方变为外国人，另一方变为港澳台居民或者华侨的，或者双方均变为港澳台居民或者华侨的，需要到原结婚登记的机关、工作或生活所在地有相关办理婚姻登记权限的机关申请补领；若双方均变为外国人的，可以调取结婚登记档案，但不可补领结婚证。,1133,https://news.cctv.com/2025/05/10/ARTIDGkvJhkew9OyNSi1Ucwy250510.shtml,婚姻登记;结婚登记;婚姻;结婚;离婚;配偶
China News Service,2025-05-10,“全国通办”首日 北京逾1700对新人预约登记结婚,中新社 北京5月10日电 (记者 徐婧)“我和爱人的户籍地都在河北，如果回到户籍地办理结婚登记至少需要预留一天时间，今早在北京办理只用了几分钟。”10日8时许，于越先生和谷金泽女士在北京市西城区“领证”成功，他们是北京首对婚姻登记“全国通办”新人。 5月10日，修订后的《婚姻登记条例》(简称《条例》)正式施行。《条例》明确，实行婚姻登记“全国通办”，深化婚姻登记制度改革，进一步提高婚姻登记的便利性。记者从北京市民政局获悉，当天，北京全市婚姻登记预约1700余对，其中涉及“全国通办”业务的约900对，较以往周末预约量有较大提升。 北京市民政局社会事务管理处副处长徐江介绍，婚姻登记“全国通办”打破了当事人户籍限制，不再要求出具户口簿，当事人可凭本人居民身份证，在北京任一婚姻登记处办理。无需返回户籍所在地，实现“数据多跑路，民众少跑腿”。 于越和谷金泽一大早来到西城区办理结婚登记。“关注到今天是‘全国通办’施行首日后，我们在15天前第一时间预约了婚姻登记。”谷金泽说，今天既是人生中的重要一天，也是便民政策落地的重要时刻，“希望这样‘一步到位’的幸福能一直持续下去”。 据了解，北京市婚姻登记工作将持续在婚姻登记机关规范化建设方面发力，鼓励有条件的区探索建立公园式婚姻登记点。同时，深化颁证和婚姻家庭辅导服务，为当事人提供颁证仪式、婚姻关系适应等服务。 在北京市民政局指导下，西城区在大栅栏护国观音寺建立北京首个户外婚姻登记中心。北京市西城区民政局婚姻登记服务中心主任李君研表示，该户外婚姻登记中心融入“古建+数字”特色，增加婚姻家庭辅导、生育健康等惠民服务，强化新人办理登记时的幸福感与仪式感。(完),704,https://www.chinanews.com.cn/sh/2025/05-10/10413262.shtml,婚姻登记;结婚登记;婚姻;结婚
China News Service,2025-05-10,中国婚姻登记实现“全国通办” 领证不再需要户口簿,中新社 北京5月10日电 5月10日，新修订的《婚姻登记条例》正式施行，中国婚姻登记实现“全国通办”。 中国民政部相关司局负责人在回答记者提问时表示，婚姻登记“全国通办”以后，内地居民申请结婚登记，男女双方只需要出具本人的居民身份证，本人无配偶以及与对方当事人没有直系血亲和三代以内旁系血亲关系的签字声明，不再需要出具户口簿。 对于婚姻登记“全国通办”的具体受理范围，这位负责人指出，双方均是内地居民的结婚登记、离婚登记和补领婚姻登记证件都属于“全国通办”的受理范围。一方是内地居民，另一方是外国人、港澳台居民或者华侨的结婚登记、离婚登记和补领婚姻登记证件也属于“全国通办”的受理范围，可以在任一有相关婚姻登记权限的婚姻登记机关办理。 有记者提问，双方当事人原来都是内地居民，在内地办理的结婚登记，现在居住在香港，身份也发生了变化。这种情况下应该在哪里补领结婚证？ 该负责人说，若一方由内地居民变为外国人、港澳台居民或者华侨，双方可以向任意一个具有办理相关婚姻登记权限的婚姻登记机关申请补领；若一方变为外国人，另一方变为港澳台居民或者华侨的，或者双方均变为港澳台居民或者华侨的，需要到原结婚登记的机关、工作或生活所在地有相关办理婚姻登记权限的机关申请补领；若双方均变为外国人的，可以调取结婚登记档案，但不可补领结婚证。 这位负责人还指出，需要注意的是，身份变化的当事人除需出具办理补领婚姻登记证件的常规材料外，还需提供前后身份为同一人的证明或公证声明。关于该证明或公证声明的开具要求，可具体咨询具有相应办理权限的婚姻登记机关。(完) 【,668,https://www.chinanews.com.cn/gn/2025/05-10/10413327.shtml,婚姻登记;结婚登记;婚姻;结婚;离婚;配偶
China News Service,2025-05-10,告别户口本！今天起婚姻登记实现全国通办,新修订的《婚姻登记条例》今天(10日)起施行，一个重要的变化是实行婚姻登记“全国通办”，进一步提高婚姻登记的便利性。 新修订的《婚姻登记条例》规定， 实行婚姻登记“全国通办”，要求婚姻登记机关应当核对结婚登记当事人出具的证件、书面材料，询问相关情况，并对当事人的身份以及婚姻状况信息进行联网核对，依法维护当事人的权益。 另外， 今天起，办理结婚、离婚登记都无需再出示户口本。 申请结婚登记的内地居民出具本人居民身份证、本人无配偶以及与对方当事人没有直系血亲和三代以内旁系血亲关系的签字声明等，即可申请结婚登记。 目前，各地婚姻登记机关也已提前做好了“全国通办”准备。在江西吉安永新县婚姻登记大厅，新增了“跨省通办”专用窗口，保障异地户籍居民也能凭身份证“一窗办结”婚姻登记业务。 江西吉安永新县民政局婚姻登记处负责人 尹峰冰： 我们新增了三套办理婚姻登记的系统，这些系统可以有效地进行人脸比对、指纹采集，实行了全国联网审查，大大方便了当事人办理婚姻登记。 新修订的《婚姻登记条例》规定，民政部门统筹规划、完善全国婚姻基础信息库，会同有关单位建立健全信息共享机制，保障婚姻信息准确、及时、完整、安全。 新修订的《婚姻登记条例》还增加了婚姻家庭服务工作内容。要求县级以上地方人民政府加强综合性婚姻家庭服务指导工作和婚姻家庭辅导服务体系建设，引导树立正确的婚恋观、生育观、家庭观。 在山东滨州惠民县，有一支由法律工作者、资深调解员、金婚夫妇等志愿者组成的1000多人的婚姻家庭辅导志愿服务队，从如何看待彩礼嫁妆、婚礼操办到未来的夫妻相处、子女教育等，每年为2000多对新人提供婚前辅导服务。 近年来，一些地方的高价彩礼、婚礼大操大办等习俗不仅给群众造成不小的经济负担，也为日后的婚姻家庭生活埋下了隐患。为此，惠民县还推出婚前第一课，把移风易俗、新事新办、家庭关系作为辅导的重要内容融入其中。 山东惠民县婚姻登记服务中心婚姻辅导师 李莉： 倡导广大新人节俭文明办婚事、抵制铺张浪费。同时，让广大的年轻人意识到相亲相爱、相扶相守、理解包容、家庭和睦才是婚姻的真谛。,877,https://www.chinanews.com.cn/sh/2025/05-10/10413187.shtml,婚姻登记;结婚登记;高价彩礼;婚姻;结婚;离婚;婚恋;彩礼;相亲;夫妻;配偶;婚礼
People.cn,2025-05-10,婚姻登记“全国通办”有哪些具体事项？政策问答来了！--社会·法治--人民网,人民网北京 5 月 10 日电 （记者宋子节、温璐） 5 月 10 日，新修订的《婚姻登记条例》正式施行，婚姻登记实现“全国通办”。为进一步规范婚姻登记工作，近日，民政部印发了《婚姻登记工作规范》，相关司局负责人就社会关心的问题进行解答。 问：婚姻登记“全国通办”的具体受理范围是什么呢？ 答：双方均是内地居民的结婚登记、离婚登记和补领婚姻登记证件都属于全国通办的受理范围。一方是内地居民，另一方是外国人、港澳台居民或者华侨的结婚登记、离婚登记和补领婚姻登记证件也属于“全国通办”的受理范围，可以在任一有相关婚姻登记权限的婚姻登记机关办理。 问：婚姻登记“全国通办”之后，领结婚证不用户口簿了，确实方便很多，那当事人还需要提前准备哪些材料呢？ 答：婚姻登记“全国通办”以后，内地居民申请结婚登记，男女双方只需要出具本人的居民身份证，本人无配偶以及与对方当事人没有直系血亲和三代以内旁系血亲关系的签字声明，不再需要出具户口簿。对当事人来说，需要出具的证件、证明材料精简了，办理婚姻登记更加便捷了。在证件齐备、材料准确、核查一致的基础上，婚姻登记机关将为双方办理婚姻登记。 问：为保证当事人顺利办理婚姻登记，还有什么需要特别注意的吗？ 答：如果当事人声明的婚姻状况以及身份信息与婚姻登记机关核查信息不一致的，应当向婚姻登记机关提供证明材料。如声明婚姻状况为“离婚”的，应当提供法院生效司法文书、法院出具的离婚证明书或离婚证等材料；如声明婚姻状况为“丧偶”的，应当提供已故配偶的居民死亡医学证明（推断）书、结婚证等材料；如身份信息与核查信息不一致的，应当提供相应材料予以证明。 根据《婚姻登记条例》第二十三条的规定，当事人应当对所出具证件和材料的真实性、合法性负责，出具虚假证件或者材料的，应当承担相应法律责任，相关信息按照国家有关规定记入信用记录，并纳入全国信用信息共享平台。 问：若办理婚姻登记的一方是内地居民，另一方是外国人、港澳台居民或者华侨，也能适用“全国通办”吗？ 答：可以适用。婚姻登记“全国通办”以后，一方是内地居民，另一方是外国人、港澳台居民或者华侨的结婚登记、离婚登记和补领婚姻登记证件可以在任意一个有办理相关婚姻登记权限的婚姻登记机关办理，不再受到内地居民一方户籍地的限制。需要注意的是，一方为外国人，另一方为港澳台居民或者华侨的，或者双方均为港澳台居民或者华侨的，应到工作或生活所在地有相应办理婚姻登记权限的婚姻登记机关办理。 问：“全国通办”以后，离婚申请和离婚登记可在不同的婚姻登记机关办理吗？ 答：不可以。双方在申请离婚时，可以向任意一个有职权的婚姻登记机关申请，离婚登记（领取离婚证）环节和离婚申请必须是同一个婚姻登记机关。当事人在办理离婚登记（领取离婚证）时，需要到受理该离婚申请的婚姻登记机关办理。 问：当事人的结婚证丢了，需要补领结婚证，具体的方式和以前一样吗？ 答：提供婚姻登记档案的方式有一定的变化。申请补领结婚证，应当向婚姻登记机关提供本人的居民身份证和加盖查档专用章的纸质婚姻登记档案。若当事人未获取纸质档案，且婚姻登记机关可以通过异地调档获取当事人婚姻登记电子档案的，经申请，婚姻登记机关可以提供异地调取档案服务；若档案信息无法通过共享获取到，建议咨询原办理婚姻登记的机关或保管婚姻登记档案的部门，在取得婚姻登记档案证明材料后，再进行补领证件。 问：双方当事人原来都是内地居民，在内地办理的结婚登记，现在居住在香港，身份也发生了变化。这种情况下应该在哪里补领结婚证？ 答：若一方由内地居民变为外国人、港澳台居民或者华侨，双方可以向任意一个具有办理相关婚姻登记权限的婚姻登记机关申请补领；若一方变为外国人，另一方变为港澳台居民或者华侨的，或者双方均变为港澳台居民或者华侨的，需要到原结婚登记的机关、工作或生活所在地有相关办理婚姻登记权限的机关申请补领；若双方均变为外国人的，可以调取结婚登记档案，但不可补领结婚证。需要注意的是，身份变化的当事人除需出具办理补领婚姻登记证件的常规材料外，还需提供前后身份为同一人的证明或公证声明。关于该证明或公证声明的开具要求，可具体咨询具有相应办理权限的婚姻登记机关。,1721,http://society.people.com.cn/n1/2025/0510/c1008-40477087.html,婚姻登记;结婚登记;婚姻;结婚;离婚;配偶
People.cn,2025-05-10,民政部有关负责人就婚姻登记“全国通办”政策答记者问--社会·法治--人民网,新华社北京5月10日电 题：民政部有关负责人就婚姻登记“全国通办”政策答记者问 新修订的《婚姻登记条例》自5月10日起施行，其中规定婚姻登记实现“全国通办”，进一步提高了婚姻登记的便利性。民政部近日印发修订后的《婚姻登记工作规范》，并就“全国通办”政策等社会关心的问题回答了记者提问。 问：婚姻登记“全国通办”的具体受理范围是什么呢？ 答：双方均是内地居民的结婚登记、离婚登记和补领婚姻登记证件都属于全国通办的受理范围。一方是内地居民，另一方是外国人、港澳台居民或者华侨的结婚登记、离婚登记和补领婚姻登记证件也属于“全国通办”的受理范围，可以在任一有相关婚姻登记权限的婚姻登记机关办理。 问：婚姻登记“全国通办”之后，领结婚证不用户口簿了，确实方便很多，那当事人还需要提前准备哪些材料呢？ 答：婚姻登记“全国通办”以后，内地居民申请结婚登记，男女双方只需要出具本人的居民身份证，本人无配偶以及与对方当事人没有直系血亲和三代以内旁系血亲关系的签字声明，不再需要出具户口簿。对当事人来说，需要出具的证件、证明材料精简了，办理婚姻登记更加便捷了。在证件齐备、材料准确、核查一致的基础上，婚姻登记机关将为双方办理婚姻登记。 问：为保证当事人顺利办理婚姻登记，还有什么需要特别注意的吗？ 答：如果当事人声明的婚姻状况以及身份信息与婚姻登记机关核查信息不一致的，应当向婚姻登记机关提供证明材料。如声明婚姻状况为“离婚”的，应当提供法院生效司法文书、法院出具的离婚证明书或离婚证等材料；如声明婚姻状况为“丧偶”的，应当提供已故配偶的居民死亡医学证明（推断）书、结婚证等材料；如身份信息与核查信息不一致的，应当提供相应材料予以证明。 根据新修订《婚姻登记条例》第二十三条的规定，当事人应当对所出具证件和书面材料的真实性、合法性负责，出具虚假证件或者书面材料的，应当承担相应法律责任，相关信息按照国家有关规定记入信用记录，并纳入全国信用信息共享平台。 问：若办理婚姻登记的一方是内地居民，另一方是外国人、港澳台居民或者华侨，也能适用“全国通办”吗？ 答：可以适用。婚姻登记“全国通办”以后，一方是内地居民，另一方是外国人、港澳台居民或者华侨的结婚登记、离婚登记和补领婚姻登记证件可以在任意一个有办理相关婚姻登记权限的婚姻登记机关办理，不再受到内地居民一方户籍地的限制。需要注意的是，一方为外国人，另一方为港澳台居民或者华侨的，或者双方均为港澳台居民或者华侨的，应到工作或生活所在地有相应办理婚姻登记权限的婚姻登记机关办理。 问：“全国通办”以后，离婚申请和离婚登记可在不同的婚姻登记机关办理吗？ 答：不可以。双方在申请离婚时，可以向任意一个有职权的婚姻登记机关申请，离婚登记（领取离婚证）环节和离婚申请必须是同一个婚姻登记机关。当事人在办理离婚登记（领取离婚证）时，需要到受理该离婚申请的婚姻登记机关办理。 问：当事人的结婚证丢了，需要补领结婚证，具体的方式和以前一样吗？ 答：提供婚姻登记档案的方式有一定的变化。申请补领结婚证，应当向婚姻登记机关提供本人的居民身份证和加盖查档专用章的纸质婚姻登记档案。若当事人未获取纸质档案，且婚姻登记机关可以通过异地调档获取当事人婚姻登记电子档案的，经申请，婚姻登记机关可以提供异地调取档案服务；若档案信息无法通过共享获取到，建议咨询原办理婚姻登记的机关或保管婚姻登记档案的部门，在取得婚姻登记档案证明材料后，再进行补领证件。 问：双方当事人原来都是内地居民，在内地办理的结婚登记，现在居住在香港，身份也发生了变化。这种情况下应该在哪里补领结婚证呢？ 答：若一方由内地居民变为外国人、港澳台居民或者华侨，双方可以向任意一个具有办理相关婚姻登记权限的婚姻登记机关申请补领；若一方变为外国人，另一方变为港澳台居民或者华侨的，或者双方均变为港澳台居民或者华侨的，需要到原结婚登记的机关、工作或生活所在地有相关办理婚姻登记权限的机关申请补领；若双方均变为外国人的，可以调取结婚登记档案，但不可补领结婚证。需要注意的是，身份变化的当事人除需出具办理补领婚姻登记证件的常规材料外，还需提供前后身份为同一人的证明或公证声明。关于该证明或公证声明的开具要求，可具体咨询具有相应办理权限的婚姻登记机关。,1752,http://society.people.com.cn/n1/2025/0510/c1008-40477088.html,婚姻登记;结婚登记;婚姻;结婚;离婚;配偶
People.cn,2025-05-10,江苏南京：婚姻登记处“搬”进热门景区--江苏频道--人民网,人民网南京5月10日电（记者马晓波）国务院新修订的《婚姻登记条例》（以下简称《条例》）今起施行。一大早，江苏南京市民赵俊与未婚妻徐志萍来到玄武湖公园里的婚姻登记处，喜领“红本本”。据悉，这是当地首个整体“搬”进风景区里的婚姻登记处。 赵俊家住玄武湖公园附近，时常来此跑步，二人特意一身运动装打扮，来纪念人生这一重要时刻。根据《条例》，办理结婚登记无需再出示户口本。新政搭配结婚登记新场景，在徐志萍看来，“既浪漫又充满仪式感”。 玄武湖是江南三大名湖之一，曾为六朝时期的皇家园林湖泊，被誉为“金陵明珠”，2024年这里接待游客约1900万人次。玄武湖公园管理处党委书记、主任秦小斌说，从“比翼双飞”的鸳鸯船，到屡登热搜的并蒂莲，玄武湖公园有很多爱情元素。从高空俯瞰，公园里的环洲宛若一颗爱心缀在湖心，玄武区婚姻登记处便位于“心尖”位置。 走进婚姻登记处内部，中式与现代风格的两个颁证厅相得益彰。中式颁证厅以传统元素勾勒典雅气质，红绸、“囍”字，每一处细节尽显中式浪漫；现代颁证厅则以简约时尚的设计，搭配柔和的灯光，尽显精致与温馨。不少新人办证结束后，在爱心墙前拍照，精心的布景也引来游客驻足。 婚姻登记进公园、入景区、到商圈，是民政部深化婚俗改革、提升服务效能的创新举措。玄武区民政局相关负责人介绍，早在去年8月，该区就在玄武湖东岸的金陵STYLE率先落地结婚登记点，目前已有546对新人在这里步入婚姻殿堂。婚姻登记处此次落户景区是当地进一步丰富婚恋服务场景的新探索，“文旅+婚恋”新模式将为南京整体的文旅、消费市场提供新的增量。下一步计划结合重要节日开展特色活动，鼓励周边商家围绕爱情婚恋主题，融入景区历史和非遗文化等元素，设计特色文创产品，定制配套婚旅服务，打造“一湖串百景，一步一浪漫”的沉浸式婚旅消费生态。,756,http://js.people.com.cn/n2/2025/0510/c358232-41223236.html,婚姻登记;结婚登记;婚姻;结婚;婚恋;婚俗
People.cn,2025-05-10,领证不用户口本首日 渝北区44对新人登记结婚,5月10日是新修订《婚姻登记条例》实施首日，恰逢周六，渝北区民政局婚姻登记处为做好广大新人的结婚登记需求，全员加班半天，共为44对新人办理了结婚登记服务。 渝北区婚姻登记处大厅，新人正在办理结婚登记手续。徐梅摄 上午9点刚过，一对对新人们手挽手、满面笑容地来到婚姻登记处，在志愿者和社工引导下，大家有序排队取号、复印证件、签署声明资料，满怀期待地等着领取结婚证。 “我们之前打算7月份回老家领证，看新闻说今天起不要户口本，全国通办了，所以就过来把证领了。”身穿白色裙子的小李和手拿鲜花的小张领到结婚证后高兴地表示，之前担心工作人员周六不上班，但在预约时，被告知可以办理登记手续，心里觉得暖暖的。 渝北区民政局婚姻登记处负责人表示，新条例实施后，领结婚证不用户口本了，大大方便了新人，为服务好“全国通办”，还专门加派了志愿者和社工，开足窗口为新人们做好服务。同时协同多部门为新人构建“一站式、无障碍、全免费”的婚姻登记服务体系，包括集体颁证、免费拍登记照、免费婚检、法律咨询、婚姻家庭辅导等。 当日，为引领新人们婚姻幸福的“方向”，渝北婚姻登记处还在颁证大厅举办“渝来渝爱、爱的练习”新婚辅导活动，并设立“爱的艺术”专场活动，帮助新人们树立正确婚姻观、家庭观，掌握家庭幸福的“秘籍”，助力他们从“法律认知+情感联结+文化传承”三个维度，开启和谐美满的幸福婚姻之旅。（徐梅）,585,http://cq.people.com.cn/n2/2025/0510/c365411-41223327.html,婚姻登记;结婚登记;婚姻;结婚
People.cn,2025-05-10,领证新变化！这份成都结婚超全指南请收藏,领证还需要户口簿吗？非四川省户籍能在成都领证吗？需要居住证吗？自新修订的《婚姻登记条例》公布以来，许多网友纷纷咨询关于婚姻登记的具体情况。5月9日，成都市民政局就网友提出的问题进行了解答。 全国通办：2025年5月10日，婚姻登记“全国通办”正式实施。届时，内地居民可在成都市任意一个婚姻登记处，办理婚姻登记（补领也是哦），不需要再提供居住证。 材料简化：自2025年5月10日起，内地居民办理结婚证，只需提供本人的居民身份证、本人无配偶以及与对方当事人没有直系血亲和三代以内旁系血亲关系的签字声明，不需要再提供户口本。 服务升级：婚姻登记机关可以结合实际为结婚登记当事人提供预约、颁证仪式等服务。鼓励当事人邀请双方父母等参加颁证仪式。 自2025年5月10日起，申请结婚登记的当事人只需要出具： （二） 本人无配偶以及与对方当事人没有直系血亲和三代以内旁系血亲关系的签字声明。 温馨提示：记得带上3张2寸双方近期半身免冠合影照片哦。 特殊情况需注意：现役军人除出具内地居民所需材料外，还需携带军人证件和团级以上政治部门出具的同意结婚的《军人婚姻登记证明》。 目前，成都市各区（市）县婚姻登记处实行“网上预约＋现场办理”，线上线下相结合的婚姻登记服务便民举措。 市民可以通过四川政务服务网站“婚姻登记网上预约”、天府市民云app“成都婚事通”、“成都民政”微信公众号等平台预约婚姻登记；如遇网上预约已满，当事人双方携带结婚登记所需材料前往婚姻登记处现场申请办理即可。 1、 “成都民政”微信公众号“婚姻登记”菜单→网上预约： 2、 四川政务服务网站“婚姻登记网上预约”： 服务 | 数据服务 |,697,http://sc.people.com.cn/n2/2025/0510/c345167-41222903.html,婚姻登记;结婚登记;婚姻;结婚;配偶
China News Service,2025-05-11,边旅行边结婚 说走就走的“领证登记游”自带甜蜜浪漫氛围,随着新修订的《婚姻登记条例》正式施行，有不少城市借着婚姻登记“全国通办”的契机，开始尝试“旅游登记结婚”新业务，打造“领证新地标”，将婚姻登记部门迁入历史保护建筑、公园等热门景点。 近日，黑龙江户籍的于先生和白女士，在浙江省桐乡市婚姻登记中心领到了结婚证。这不仅是浙江省颁发的首对“全国通办”结婚证，更是新条例实施后全国诞生的首对“全国通办”结婚证。 在上海市虹口区婚姻登记中心甜爱路分中心，有不少新人都是外地户籍。 上海市虹口区婚姻(收养)登记中心副主任 郁菁：有许多新人特地从外省赶来，还有一些平时工作生活在上海，但此前因为户籍限制无法在这里登记。 上海市虹口区民政局副局长胡剑峰介绍，新政施行后，在上海工作、生活甚至短暂停留的居民，凭身份证就近办理婚姻登记，政策惠及面大幅提升。 胡剑峰：我们还特地提供了一个视频连线的服务，让新人在全国各地的亲友都能够及时地、同步地体验到我们现场甜蜜的氛围，分享他们幸福的喜悦。 “全国通办”首日，上海全市17个婚姻登记机关共办理婚姻登记1673对；其中，“全国通办”462对。 眼下，上海也正积极打造婚姻登记新场景。部分婚姻登记机关迁入历史保护建筑、公园、甜爱路等甜蜜地标。郁菁表示，不同于传统的婚姻登记办事大厅，甜爱路的登记中心是以上海特色的石库门理念来设计的，在登记中心里也布置了许多油画、灯饰等，方便新人打卡拍照。 在江苏南京，为培育文明向上的婚俗文化，扎实推进婚俗改革，玄武区响应民政部婚姻登记进景区的要求，积极推进玄武湖景区内的玄武区婚姻登记处建设。 玄武区民政局婚姻登记处主任王瑶介绍，玄武区婚姻登记处选址在玄武湖公园环洲，整体建设以“园林+婚俗”为特色。 王瑶：内部设置了结婚登记室、新人的妆造室，还精心打造了中式与现代风格的两个颁证厅，为新人提供不同风格的颁证服务。并且在户外还布置了许多充满浪漫氛围的打卡地，有定制化的结婚证造型的拍照装置，满含美好祝愿的爱心布景。 王瑶表示，新建成的玄武区婚姻登记处，将与去年建成的金陵浪漫中心结婚登记点双向联动，为新人们提供更个性、更温馨的婚姻登记服务体验。 江西吉安的吉州区将婚姻登记办证点设立在国家4A级旅游景区“钓源古村”中，吉州区民政局婚姻登记处主任贾玉娟介绍，今后将根据新条例的便民利民要求，持续提升服务水平，营造更浪漫的结婚登记氛围。 婚姻登记新规施行以后，新人们旅游也可以登记结婚了，这一变化对不少新人是很有吸引力的。 江先生：我身边就有一个小伙伴在玉龙雪山脚下办了一个非常浪漫的订婚仪式，我看了也是非常的羡慕。但是他回来之后告诉我，这次订婚还有一个最大的遗憾，就是没能够直接拿结婚证。现在婚姻条例修改之后，我们就可以直接边旅行边婚姻登记了。 姚女士：不同的地方的风俗习惯也不一样，选择旅行婚姻登记能够巧妙地化解双方家庭，因地域、风俗习惯产生的分歧，还能节约成本，享受甜蜜的二人世界。 北京第二外国语学院中国旅游大数据中心主任钟栎娜认为，婚姻登记是一件有仪式感的事情，甜蜜经济可以激活客流，但不一定适合所有城市。 钟栎娜：结婚是人生很重要的事情，领证、拍照、宴请、度蜜月，有一个非常天然的打包体系，如果能够串到一起，是一个非常好的甜蜜经济。我们讲文旅的新风口，其实是一件产业链上的事情，从仪式感到产业链，是需要有转化的，可能只有一些城市才可以。 在钟栎娜看来，想要抓住旅游登记结婚的风口，除了打造空间场景和景点，提升服务、文旅资源互通需要同步进行。 钟栎娜：涉及服务，比如说我们在拍照的时候摄影扎堆、交通拥堵或者配套太贵，反而容易造成一些口碑的反噬；涉及文旅就会涉及运营，精细化的运营是很重要的；还是要提炼出来一些文化的符号，要不然很容易被复制掉，要有地方的品牌；要把仪式感往产业链条去延伸，比如结婚证是不是可以作为当地旅行的VIP通行证，让新人能够在本地至少留宿一晚。这样才可以把领证登记游变成从法律的服务场景到沉浸式的消费链，最后再形成城市的甜蜜品牌资产。 (中央广播电视总台中国之声) 【,1652,https://www.chinanews.com.cn/sh/2025/05-11/10413595.shtml,婚姻登记;结婚登记;婚姻;结婚;婚俗
People.cn,2025-05-11,“全国通办”首日深圳办理婚姻登记439对,新修订的《婚姻登记条例》5月10日起正式实施，婚姻登记“全国通办”随之落地。在深圳办理婚姻登记的非深户居民，无须携带户口簿和居住证，可跨区任选一婚姻登记处办理。当天上午9点，来自河北的谷女士与吉林的黄先生喜结良缘，成为深圳首对婚姻登记“全国通办”的新人。 当天上午8点半，记者来到位于香蜜公园的福田区民政局婚姻登记处，门口已有不少新人在排队等候。 “5月10日，我们在深圳结婚了！”来自河北的谷女士高兴地向记者展示他们的“爱的证明”。“先生目前在北京工作，我刚调来深圳半年，我们都很喜欢深圳这座城市，决定在这里办理结婚登记，我们很幸运成为深圳第一对‘全国通办’的新人。” 黄先生5月9日刚飞来深圳，两人拍完婚纱照，10日无缝衔接领结婚证。“我俩都不是深圳户口，前几天还特地让父母寄户口簿过来，今天发现完全用不上。只要带双方的身份证和证件照就可以办了。” 福田区民政局婚姻登记处业务负责人介绍，从5月10日开始，婚姻登记实行“全国通办”，在深圳申请结婚、离婚登记的内地居民仅携带本人居民身份证、3张2寸双方近期半身免冠同版合影证件照，不再需要提供户口簿和居住证，即可办理婚姻登记。 在龙岗区婚姻登记处，记者采访一对来自河南和江西的情侣，他们表示4月19日就曾前来登记，却因居住证过期未能办成。“今天我们只带身份证就能办了，比之前方便太多了！” 现场还有许多新人分享了类似的感受。一位准新娘张女士开心地说：“以前结婚登记，外地户籍还得准备居住证，现在都不用了，真的为我们节省了很多时间和精力。” 据了解，内地居民同香港居民、澳门居民、台湾居民、华侨、外国人等，也可以在我市婚姻登记机关办理结婚、离婚登记，不再需要提供户口簿。 为了做好婚姻登记“全国通办”工作，深圳市民政局指导各区民政局婚姻登记处实施“线上+线下”相结合的预约方式，同时通过增加预约号源、提前调配工作力量、调整工作时间等方式做好各项准备工作，全力满足市民的需求。没有在线上预约到号的准新人们，可以直接携带办理材料到现场排队办理。 记者了解到，由于5月10日是周六，仅上午办理婚姻登记业务，据市民政局统计，当天全市累计办理婚姻登记业务439对，其中双方均非深圳户籍的149对。（记者 庄瑞玉 罗实宜）,930,http://sz.people.com.cn/n2/2025/0511/c202846-41223480.html,婚姻登记;结婚登记;婚姻;结婚;离婚;情侣
People.cn,2025-05-11,中国婚姻登记新规便利“全国通办”--社会·法治--人民网,新华社北京5月10日电 题：中国婚姻登记新规便利“全国通办” 10日，北京首个户外婚姻登记点在一处四合院风格的院落里正式启用。其地点在北京最繁华的前门大栅栏商圈，周围是照相馆和提供婚礼用品和服务的商店。 当日，中国新修订的《婚姻登记条例》正式施行，取消了自上世纪80年代开始施行的结婚登记需要户口本的规定。北京市西城区民政局预见到新规施行后可能出现的登记热潮，新设立了这个别具特色的婚姻登记点。 “以前结婚，一般情况下新人需要携户口本在户籍所在地办理登记，从今天起，结婚再也不需要户口本，可以全国各地‘通办’。”登记员卞智慧说，新人从提交本人居民身份证、本人无配偶以及与对方当事人没有直系血亲和三代以内旁系血亲关系的签字声明、照片，到填表，再到登记员联网核验，全程需要约10分钟。 5月10日，在北京市西城区婚姻登记处，一对办理完结婚登记的新人走出大门（视频截图）。新华社记者 庞元元 摄 西城区民政局婚姻登记服务中心是北京目前结婚登记量最大的登记点，与其新设的婚姻登记点位于同一商圈，步行距离约15分钟。在这个新的婚姻登记点附近，结婚主题的店铺鳞次栉比，喜庆的婚俗用品挂满墙，婚书等纪念品琳琅满目；婚纱摄影店内，中式嫁衣与西式白纱皆可供新人自选。 中心主任李君研介绍，2024年，该中心结婚登记数达到近2万对。增设的登记点附近商户林立，婚礼主题气氛更好，能为新婚夫妻提供一站式服务。 “这都是为优化、拓展政务服务所作的努力。”李君研说，此外西城区民政局还联合壮大“甜蜜西城 幸福联盟”商家，绘制特色消费地图，让新人拥有一条专属“领证日”的Citywalk甜蜜路线，提升新人办理登记时的幸福感与仪式感。 据悉，5月10日北京市婚姻登记预约量约1700对，其中涉及全国通办业务约900对，较以往周末预约量有较大提升。 5月10日，工作、居住在北京的于先生和谷女士在北京市西城区婚姻登记处办理结婚登记（视频截图）。新华社记者 庞元元 摄 除北京外，甘肃、辽宁等多地也推出配套措施，确保新规顺利落地，如甘肃完善线上线下婚姻预约服务，培训打造规范专业的婚姻服务队伍；辽宁实行婚姻登记全年无休工作制，并在公园、景点设置户外登记点、颁证点。 沈阳市民政局社会事务处副处长阎岩介绍，5月22日，辽宁省沈阳市沈河区计划在沈阳故宫举办国风集体婚礼，为传统婚俗注入时代内涵，目前正在招募52对新人。 听到婚姻登记“全国通办”政策施行的消息，在辽宁省沈阳市工作的一对新人刘晴和姚文玖感到非常高兴。两人约好在今年的5月21日——中文谐音是“我爱你”的日子，在工作地点登记结婚。 “我们两家都不是沈阳人，以前我们想在当地领证，路上比较耽误时间。现在在沈阳直接就能办，真的很便民。”刘晴说。 北京工业大学教授、中国婚姻家庭研究会常务理事郝海波表示，新规在推进婚姻登记信息化建设、加强婚姻家庭辅导服务、简化婚姻登记证件手续、强化婚姻登记领域诚信建设等多个方面作了修改，不仅使婚姻登记工作更加适应现代社会的发展需求，也为未来婚姻家庭领域的治理提供了更加科学、人性化的制度保障。,1272,http://society.people.com.cn/n1/2025/0511/c1008-40477164.html,婚姻登记;结婚登记;婚姻;结婚;婚俗;夫妻;配偶;婚礼
People.cn,2025-05-11,云南省首对“全国通办”婚姻登记在昆办理,5月10日，新修订的《婚姻登记条例》正式施行，婚姻登记“全国通办”政策在全国范围内正式落地。当日上午，户籍地为广东省汕尾市的杨先生与广东省深圳市的朱女士，不需提供户口簿，凭借居民身份证及无配偶签字声明，在昆明市五华区婚姻登记处顺利完成结婚登记，成为云南省首对通过“全国通办”方式领证的新人。 杨先生与朱女士在五华区政务服务中心通过婚姻登记窗口提交材料后，工作人员通过全国联网系统快速核验身份及婚姻状况，全程仅用时15分钟。“不用请假回广州，也不用翻找户口簿，太方便了！”朱女士表示，这一政策让他们切实感受到了“新市民”的归属感。除流程优化外，云南省同步推进婚姻家庭服务体系建设，鼓励邀请双方父母参与颁证仪式，倡导文明婚俗。 据介绍，为确保婚姻登记“全国通办”顺利实施，云南省民政部门依托全国婚姻登记信息管理系统，实现与公安、法院等部门的数据共享，全省婚姻登记历史数据基本完成补录。为方便新人办理，“一部手机办事通”全面提供线上预约功能，昆明等地还通过设置材料预审专用邮箱，为当事人提供材料预审渠道，工作人员提前核验身份信息及声明真实性，预审通过后现场可迅速完成登记。全省婚姻登记员进行了专项培训，确保熟练掌握婚姻登记操作流程。 近年来，云南省不断优化婚姻登记服务，自2021年起，昆明、玉溪等地率先开展州（市）内通办试点，逐步推动全省范围内婚姻登记“跨区域办”。2023年8月，云南省正式实施内地居民婚姻登记“全省通办”，为婚姻登记“全国通办”奠定基础。 全省民政部门延伸婚姻登记服务，同步推进婚姻家庭服务体系建设。目前，全省县级以上婚姻登记机关实现婚姻家庭辅导室全覆盖，各地通过购买服务、发动志愿者等方式，扎实开展婚前辅导、家庭关系调适、离婚疏导等服务。16个州（市）共设立并投入使用公园式婚姻登记点、颁证点114个。2024年七夕节，各地在公园式婚姻登记点、颁证点同步举办“有一种叫云南的生活·爱在七彩云岭”第一届集体婚礼系列活动，全省1400余对新人参加。 省民政厅相关负责人表示，全省民政部门将利用婚姻登记“全国通办”契机，配合有关部门积极打造“有一种叫云南的生活”婚姻旅居特色品牌、推出婚姻登记“跨省通办+蜜月旅居”等服务、开发“婚俗体验+民族节庆”产品，激活全省文旅消费新场景。同时，将依托全省公园式婚姻服务点，提供结婚颁证仪式、集体婚礼等特色服务，引导年轻群体婚事新办简办，抵制高额彩礼、大操大办等陋习，构建积极向上的新型婚育文化。（孙潇）,1027,http://yn.people.com.cn/n2/2025/0511/c378439-41223502.html,婚姻登记;结婚登记;婚姻;结婚;离婚;婚育;彩礼;婚俗;配偶;婚礼
People.cn,2025-05-11,婚姻登记不用户口本 东北情侣来宁旅游顺便领了结婚证,南京市玄武区婚姻登记处就设在玄武湖旅游风景区内 玄武湖、夫子庙、莫愁湖等风景区都有婚姻登记点 “来南京旅游，顺便把证领了！”5月10日，新修订的《婚姻登记条例》正式实施，办理结婚、离婚登记不再需要出示户口本。扬子晚报/紫牛新闻记者现场看到，建邺区民政局婚姻登记处周六清晨排起长龙，玄武湖景区婚姻登记处更是成为网红打卡地。东北情侣专程赴宁圆梦，山东小伙跨城“抢号”，让“为领张证，赴一座城”成为年轻人婚姻仪式感的新选择。 5月10日8时40分，南京市建邺区民政局婚姻登记处门前已有数十对新人排队。开门后不到半小时，已有48对新人在大厅取号。众多新人中，来自辽宁沈阳的蒋先生和沈女士格外引人注目。这对东北情侣特意将领证计划安排在南京之旅中。 “2021年相识时我就说过，要带你来我最爱的城市领证。”曾在南京生活4年的蒋先生告诉记者，他们提前研究了新政策，发现连户口本都不用带，当即决定“说走就走”，并提前进行了预约。办理过程之便捷超出新人预期。“工作人员特别耐心，只需身份证，签字按手印就完成了，整个流程非常便捷。” 拿到结婚证后，这对新人难掩喜悦之情，第一时间向记者展示了他们的“爱情证书”。蒋先生感慨道，借旅游的机会就把证领了，连户口本都不用带，省去了很多麻烦。说着，他深情地拥抱了身旁的妻子，温柔而坚定地许下承诺：“等回家就办婚礼，这辈子一定会好好疼爱你！” 25岁的山东小伙小丁和爱人目前在苏州工作，趁周末专程赶到南京进行婚姻登记。“在苏州约不到，看到可以全国通办，就直接来南京了。”他告诉记者，整个过程仅用时几分钟，“没带户口本完全不影响，为这项便民政策点赞！” 采访现场，婚姻登记处相关工作人员称，南京婚姻登记坚持周六正常办公的传统，加上新政便利，当天接待量较平日明显增加。” 在玄武湖畔、紫金山下，用幸福的“小红本”见证爱情是什么体验？在新修订的《婚姻登记条例》正式实施前一天，南京市玄武区婚姻登记处在玄武湖环洲正式启用。作为全省首个落户在全国Top10热门景区的婚姻登记机关，玄武区婚姻登记处位于玄武湖公园环洲风荷苑，建筑面积350平方米。 “22步通关，喜提终身浪漫队友！”“在南京，把日子过成糖芋苗！”“冲鸭！去给我们的爱情上个‘官方认证’”。记者看到，台阶上醒目的标语瞬间让甜蜜氛围升级。玄武区还在婚姻登记处外面配套了商业载体100平方米，吸引了涵盖文创茶饮、珠宝首饰、婚庆服务等在内的多家优质企业入驻，为新人提供方便、快捷、贴心的延展服务。 据悉，新建成的玄武区婚姻登记处，将与去年建成的金陵style结婚登记点双向联动，进一步发挥引流优势，打造环玄武湖婚旅主题动线，打造“一湖串百景，一步一浪漫”的沉浸式婚旅消费生态。 记者了解到，南京还有夫子庙“喜福馆”、莫愁湖“得藕轩”、鼓楼公园和江宁红苹果伊甸园等公园式景区式结婚登记点，为新人们提供更个性、更温馨的婚姻登记服务体验，成为年轻人喜欢的网红打卡地。记者采访发现，新人在夫子庙“喜福馆”办理结婚登记，可以免费体验明制婚俗礼仪，受到网友追捧。 记者获悉，修订后的《婚姻登记条例》主要内容包含三个方面：一是增加婚姻家庭服务工作内容，二是实行婚姻登记“全国通办”，三是优化婚姻登记服务。值得注意的是，婚姻登记机关办理婚姻登记不得收取费用，办理结婚、离婚登记都无需再出示户口本。 其中申请结婚登记的内地居民应当出具本人的居民身份证和本人无配偶以及与对方当事人没有直系血亲和三代以内旁系血亲关系的签字声明。 新政实施后将带来哪些新变化，记者就此采访了江苏省民政厅相关人士。江苏于2021年首批被纳入开展内地居民结婚登记“跨省通办”试点，并于2023年进一步拓展至离婚登记“跨省通办”。江苏婚姻登记预约系统提供网站、江苏政务服务APP、微信公众号等多渠道预约服务，并具备分时段预约功能。 新修订的《婚姻登记条例》正式实施，意味着婚姻登记彻底告别地域限制，实现“全国通办”。 “跨省通办”让外地人也可以预约自己心仪的婚姻登记点，还能带动周边餐饮和旅游业。据悉，江苏各地民政部门今年将继续推进公园式景区式婚姻登记机关建设，同时深化婚俗改革试点，举行集体婚礼、集体颁证仪式，建设综合性婚姻家庭服务指导中心，打造“网红打卡地”，让普惠性民生福利覆盖更广。,1754,http://js.people.com.cn/n2/2025/0511/c360303-41223400.html,婚姻登记;结婚登记;婚姻;结婚;离婚;婚俗;配偶;情侣;婚礼
People.cn,2025-05-11,婚姻登记实现“全国通办”首日 成都746对新人领证,5月10日，修订后的《婚姻登记条例》（以下简称《条例》）正式施行。根据《条例》规定，婚姻登记将“全国通办”。《条例》施行当天正值周末，但成都市锦江区民政局合江亭婚姻登记处依旧聚集了不少前来办理结婚登记的新人。 “我们之前虽然已经办完了婚礼，但因为户口不在成都，一直没有领证。”昨日，刘女士和宁先生在得知消息之后，立马决定当天来到现场排号办理结婚登记，“新规的施行，为我们带来了实实在在的便利。” “我们每周六都有婚姻登记延时服务，但今日的领证人数确实相较以往有所增加，为此专门增派了登记员。”合江亭婚姻登记处登记员曹彪表示，新规实施后，对于登记员而言，不再需要通过户口簿确定婚姻登记的管辖地，一定程度上提高了婚姻登记办理的便利和效率。“具体来说，原来办理一对新人可能需要12至15分钟，现在10分钟以内就能搞定。” 据了解，《条例》修订内容包括增加婚姻家庭服务工作内容，实行婚姻登记“全国通办”和优化婚姻登记服务。其中，婚姻登记实现“全国通办”，最基础的是要实现婚姻登记管理信息全国联网审查。目前，包括四川在内的全国婚姻基础信息库，已专线联通国家人口基础信息库，这些数据的联通能够保证婚姻登记机关通过联网核对，准确及时掌握当事人的身份及婚姻状况信息，为“全国通办”提供了保障。 目前，成都市各区（市）县婚姻登记处实行“网上预约+现场办理”，线上线下相结合的婚姻登记服务便民举措。市民可以通过四川政务服务网站“婚姻登记网上预约”、天府市民云App“成都婚事通”、“成都民政”微信公众号等平台预约婚姻登记；如遇网上预约已满，当事人双方携带结婚登记所需材料前往婚姻登记处现场申请办理即可。 据市民政局介绍，婚姻登记施行“全国通办”首日，为方便群众周末登记，成都市23个区（市）县全覆盖开展延时服务，29个延时登记点共办理婚姻登记746对。,766,http://sc.people.com.cn/n2/2025/0511/c379471-41223368.html,婚姻登记;结婚登记;婚姻;结婚;婚礼
People.cn,2025-05-11,浙江省婚姻登记“全国通办”启动仪式在嘉兴举行,5月10日是新修订的《婚姻登记条例》实施首日，5月10日上午，浙江省婚姻登记“全国通办”启动仪式在嘉兴桐乡凤凰湖举行。 当天凌晨5点，天还未全亮，来自黑龙江的于亮和白茹便已准备就绪，满心欢喜地前往桐乡市婚姻登记中心。这对相恋8年的情侣，特意选择在这个特殊的日子登记结婚，将爱情修成正果。 “今天对我们来说也是意义非凡，是我们在一起的第八年纪念日，选择今天结婚是我们早就定下的约定。”小两口精心打扮，妆容精致，在众人的祝福中，顺利领到了浙江省颁发的首对“全国通办”结婚证。相关系统数据显示，这也是新条例实施后全国诞生的首对“全国通办”结婚证，成为浙江婚姻登记新时代的见证者。 于亮和白茹还参加了在凤凰湖举行的第二届福彩暖万家“凤栖梧桐 爱在浙里”集体婚礼。16对来自全国各地的新人相聚凤凰湖大草坪，完成传统定情礼，许下相伴一生的承诺。 在桐乡工作的00后情侣张雨思和陈君文均来自江西，是携手打拼的小学同学。谈及“全国通办”，他们难掩兴奋，“现在登记结婚太方便了！不用再回老家拿户口簿，带着身份证就能办，为我们节省了好多时间和精力。” 据了解，当天全省预约登记结婚的新人共有329对，其中“全国通办”的有48对。新政策让这些异地打拼的情侣，在追逐梦想的城市里收获满满的幸福。 随着社会发展，人口流动日益频繁，“人户分离”现象愈发普遍。为满足群众异地办理婚姻登记的迫切需求，浙江积极探索创新，早在2020年就实施了婚姻登记“全省通办”，并于2023年实现“跨省通办”。如今，“全国通办”正式落地，进一步拉近了政府与群众的距离，真正实现“爱情不等待，幸福零距离”。,678,http://zj.people.com.cn/n2/2025/0511/c186327-41223575.html,婚姻登记;婚姻;结婚;情侣;婚礼
People.cn,2025-05-11,深圳婚姻登记新体验：上山入海进公园,"南山区民政局将婚姻登记处设在公园里。 深圳特区报记者 杨浩翰 摄 5月10日是婚姻登记“全国通办”施行的第一天，在深办理婚姻登记的非深户籍人士一起见证婚姻登记“全国通办”时刻的到来，并充分体验该项服务带来的便利。 深圳这座全国人口最年轻的超大城市，一直在婚姻登记服务领域持续深化改革、破解难题，为爱“减负”，先后经历了从“全城通办”到“跨省通办”，再到“全国通办”发展历程。同时，深圳着力构建“婚恋服务生态圈”与“甜蜜产业价值链”双循环体系，通过“婚姻+科技+文旅+消费”的多元模式，打造“甜蜜经济”新引擎。 2019年10月10日，深圳率先打破行政区域限制，婚姻登记实现“全城通办”，成为全国最早实现婚姻登记全城通办的5个城市之一，为全国推行婚姻登记“跨省通办”积累了实践经验。 2021年6月1日起，深圳市婚姻登记试点“跨省通办”，非深户籍的居民持深圳市有效居住证和户口本、身份证即可在深圳办理婚姻登记，为日后的“全国通办”打下了扎实的基础。截至2025年5月9日，我市共办理婚姻登记“跨省通办”144830对，约占同时期全市婚姻登记业务总量的30%。 2025年5月10日起，婚姻登记实现“全国通办”。在深圳申请结婚、离婚登记的内地居民仅携带本人居民身份证、3张2寸合影证件照，即可办理婚姻登记，不再需要提供户口簿和居住证。 深圳为爱“减负”,为幸福“加码”。深圳结婚登记量从2019年的6.73万对，到2021年的7.63万对，2023年的10.9万对、2024年的9.25万对，近年来，结婚登记量持续位居全省首位。 在山海之间、月亮湾畔，新人们在海边婚姻登记处许下“海誓山盟”；在爱情廊桥、光明花海、“爱之巢”中，新人们体会到了诗经中的浪漫；在香蜜公园的花海中，婚姻登记处与生态景观浑然一体……这些充满诗意的场景，源于深圳自2018年启动的婚姻登记场所“革命”。深圳通过推进婚姻登记机关进公园、创新婚姻登记颁证仪式等多种方式，不断优化婚姻登记服务，提升市民的幸福感、获得感。 “过去领证要请半天假挤在政务大厅，现在网上提前预约，带着婚纱来公园登记、拍照、还能带上家人一起参加颁证仪式，一天就能完成人生大事，仪式感满满。”陈女士的婚姻登记体验，折射出政务服务从“管理思维”向“服务思维”的质变。 目前，深圳婚姻登记机关正逐步走向“园林美景”，增设室外结婚登记颁证点和打卡点，让爱在城市最美的风景里扎根。福田区、南山区、龙华区、光明区、大鹏新区等婚姻登记处已完成“进公园”。 今年4月，南山区创新推出深圳首个结婚登记海上颁证点，通过将浪漫的海洋元素与庄重的婚庆仪式完美结合，为新人提供了“碧海为证、邮轮为媒”的独特颁证体验，丰富了婚姻登记服务形式，更开创了“婚庆+旅游”的融合发展新模式，未来有望形成覆盖婚宴、摄影、旅游等领域的海上“甜蜜经济”新链条，为深圳建设国际婚庆旅游目的地注入全新活力。 “营造温馨、舒适、优美的环境，将婚姻登记机关打造为年轻人喜爱的爱情打卡圣地，让婚姻登记成为当事人最美好的回忆之一。”市民政局相关负责人表示。 罗湖区将为市民解锁“甜蜜经济”新玩法，拟于近期在梧桐山梧桐阁推出全国首创的高空婚姻登记点，打造“深圳爱情新地标”。活动设置“梧桐盟约”定制婚书、同心锁步道等仪式场景，并提供飞行跟拍等增值服务。 据悉，为推动婚姻登记服务高质量发展，市民政局联合各区将在今年5月中旬至6月中旬创新开展甜蜜经济高质量发展服务月活动，活动围绕优化婚姻登记服务、搭建婚姻服务平台等内容开展，为市民群众提供更加多样化的服务体验。（记者 庄瑞玉）",1480,http://sz.people.com.cn/n2/2025/0511/c202846-41223475.html,婚姻登记;结婚登记;婚姻;结婚;离婚;婚恋
CCTV,2025-05-12,婚姻登记“全国通办”落地实施 多地婚姻登记处服务升级新人盈门,央视网消息 ：修订后的《婚姻登记条例》5月10日起正式实施，根据《条例》规定，婚姻登记将“全国通办”，且登记时不再要求出具户口簿。这两天，江苏、广东等地的婚姻登记处都迎来不少新人，有的地方还将婚姻登记处设置在了景色宜人的公园里。 江苏南京：婚姻登记处搬进公园 登记仪式感拉满 在江苏南京，玄武区民政局将婚姻登记处整体搬迁至景色宜人的玄武湖公园。这里整体建设以“园林＋婚俗”为特色，内设置婚姻登记区、中式颁证区、现代仪式区、婚姻家庭辅导室等功能区域，不仅登记仪式感拉满，还能为新人提供方便、快捷的延展服务。 广东：婚姻登记处增开窗口 提前开门迎接新人 而在广东广州的白云区婚姻登记处，记者看到，从一大早开始就有不少新人在等候、填表，现场座无虚席。 深圳的婚姻登记处则迎来了多对“异地新人”。福田区婚姻登记处还将营业时间提前到了早上八点半，刚开门就迎来了第一对新人。 此外，婚姻登记“全国通办”以后，如果一方为内地居民，另一方是港澳台居民、外国人或者华侨，也可以在任意一个有办理婚姻登记权限的婚姻登记机关办理结婚登记，不再受到内地居民一方户籍地的限制。,474,https://news.cctv.com/2025/05/12/ARTItIlVbgxSXHbFgyeYiTHh250512.shtml,婚姻登记;结婚登记;婚姻;结婚;婚俗
CCTV,2025-05-12,婚姻登记全国通办！多地打造领证地标 发力婚旅经济,新修订的《婚姻登记条例》5月10日起实施，婚姻登记地域限制取消，新人领证不再需要户口本，婚姻登记全国各地通办。 婚姻登记“全国通办”政策正式实施，为跨地域登记结婚提供便利，对于长期在非户籍地工作的人们来说，进行婚姻登记更加方便。第七次全国人口普查中，我国流动人口达3.76亿，其中跨省流动人口达1.25亿，省内流动人口达2.51亿人。分城市来看，北上广深以及佛山、东莞、杭州、苏州、厦门等城市的流动人口占比都比较高。 新政策实施首日，多地结婚登记预约火爆，迎来首批异地户籍结婚登记的小高峰。5月10日，北京市共办理婚姻登记1400余对，其中全国通办登记量占比31.9%；同一天，上海全市17个婚姻登记机关共办理婚姻登记1673对，其中“全国通办”462对，占全市登记总量的27.6%，共惠及29个省、自治区、直辖市的当事人；在深圳，10日全市累计办理婚姻登记业务439对，其中双方均非深圳户籍的149对。 “以前要在户籍地登记结婚，回一趟老家，来回就至少两天。有的人为了省钱，就到过年时才回去登记。”来自河南、在厦门工作的王先生说。 厦门大学经济学系副教授丁长发对第一财经分析，婚姻登记全国通办后，对于居住在非户籍地的人们来说，可以在一定程度上降低经济成本和时间成本，进一步提升人们的幸福感。 从各地来看，婚姻登记全国通办后，各地结婚登记人数占比也会有所变化，其中，人口流入较多的如珠三角、长三角、京津等地的结婚登记数量占全国比重将会提升，而一些人口外流较多的中小城市、县域地区婚姻登记人数占全国的比重会明显下降。 另一方面，在婚姻登记全国通办后，旅游即可就地结婚。分析指出，一些对相遇地、初恋地、定情地、上学地、创业地等情有独钟的个性化婚姻登记需求也能得到满足。同时，近年来结婚登记场景也越来越多样化，一些地方将婚姻登记服务中心开进公园、景区、地铁站等地。 比如，上海正积极打造婚登新场景，部分婚登机构迁入历史保护建筑、公园、特色文化小镇以及甜爱路、幸福里等“甜蜜地标”。普陀区民政局策划“全城寻爱·云端登记”特别活动——将位于环球港52楼、258米的户外屋顶露台打造成为“云端”婚姻登记点，在这个浪漫5月限时开放。 不少地方正通过积极打造领证新地标，发力“婚登+文旅”经济，打造文旅消费新场景。 例如，浙江淳安创新推出“一心多点”婚恋文旅模式，将5A级景区婚姻登记中心与多个户外颁证基地有机串联，打造独具特色的爱情打卡胜地。为吸引更多新人，淳安还推出了一系列优惠政策：在淳安登记的新人（含补登）可享千岛湖、天屿、龙川湾等重点景区全年免门票优惠；且5月10日及之后登记的新人，可享17家餐饮、住宿企业专属折扣，涵盖高端酒店、特色民宿、网红餐厅等。同时，即将开业的“千岛礼物”城市商店将推出喜茶、喜面、喜蜜等特色伴手礼，让新人们把千岛湖的浪漫记忆转化为可带走的“爱情信物”，将千岛湖的浪漫打包回家。 “千岛湖拥有绝版的湖光山色，我们把婚登中心搬进5A级景区，就是要让领证不再只是简单的盖章签字。”淳安县文广旅体局副局长黄雅琴表示，希望通过打造“千岛之恋”精品线路和蜜月套餐，能让千岛湖成为新人们幸福启航的见证，也让甜蜜经济成为推动地方发展的新引擎。 根据云南媒体报道，云南省民政厅相关负责人表示，全省民政部门将利用婚姻登记“全国通办”契机，配合有关部门积极打造“有一种叫云南的生活”婚姻旅居特色品牌、推出婚姻登记“跨省通办+蜜月旅居”等服务、开发“婚俗体验+民族节庆”产品，激活全省文旅消费新场景。 在南京，根据当地媒体报道，在新修订的《婚姻登记条例》正式实施前一天，南京市玄武区婚姻登记处在玄武湖环洲正式启用。新建成的玄武区婚姻登记处，与去年建成的金陵style结婚登记点双向联动，进一步发挥引流优势，打造环玄武湖婚旅主题动线，打造“一湖串百景，一步一浪漫”的沉浸式婚旅消费生态。,1591,https://jingji.cctv.com/2025/05/12/ARTIXRwLNPZwDMEShXkjsSH6250512.shtml,婚姻登记;结婚登记;婚姻;结婚;婚恋;婚俗
China News Service,2025-05-12,多地登记结婚预约爆满！,新修订的《婚姻登记条例》5月10日起实施，婚姻登记地域限制取消，新人领证不再需要户口本，婚姻登记全国各地通办。 婚姻登记“全国通办”政策正式实施，为跨地域登记结婚提供便利，对于长期在非户籍地工作的人们来说，进行婚姻登记更加方便。第七次全国人口普查中，我国流动人口达3.76亿，其中跨省流动人口达1.25亿，省内流动人口达2.51亿人。分城市来看，北上广深以及佛山、东莞、杭州、苏州、厦门等城市的流动人口占比都比较高。 值得一提的是，5月份是结婚登记的高峰月，该项政策刚好赶在“520”结婚登记高峰日前出台。新政策实施后，多地结婚登记预约火爆，迎来首批异地户籍结婚登记的小高峰。 婚姻登记“全国通办”首日(10日)，多地结婚登记约满 5月10日，修订后的《婚姻登记条例》正式施行，在全国范围内全面实施内地居民婚姻登记“全国通办”服务。据悉，当天北京全市婚姻登记预约1700余对，其中涉及“全国通办”业务的约900对，较以往周末预约量有较大提升。 上海17个婚姻登记机关共办理婚姻登记1673对 截至10日17:00，上海市17个婚姻登记机关共办理婚姻登记1673对；其中，“全国通办”462对，占全市登记总量的27.6%，惠及29个省、自治区、直辖市的当事人。 5月10日，新修订的《婚姻登记条例》正式实施，实施首日，江苏有1370对新人甜蜜领证，其中237对新人为“全国通办”。针对“520”“521”登记高峰，江苏各登记处已开放预约通道，并将推出集体颁证、婚俗体验等活动，进一步增强新人们领证的仪式感和幸福感。 10日上午9点，来自河北的谷女士与吉林的黄先生喜结良缘，成为深圳首对婚姻登记“全国通办”的新人。 记者了解到，由于5月10日是周六，仅上午办理婚姻登记业务，据深圳市民政局统计，10日全市累计办理婚姻登记业务439对，其中双方均非深圳户籍的149对。 据成都市民政局工作人员介绍，婚姻登记施行“全国通办”首日，为方便群众周末登记，成都市23个区(市)县全覆盖开展延时服务，29个延时登记点共办理婚姻登记746对。 新条例颁布首日，记者走访成都市锦江区合江亭婚姻登记处，见证了这一历史性时刻。尽管是周六，登记处仍迎来大批新人。有的新娘已经卷好发型，拿着手捧花，戴上了头纱，与新郎手牵手等待领证。还有的新人已经领完证，请摄影师为他们拍照留念。 马上就是5月20日。因为谐音“我爱你”，这一天成为一年中最受新人们追捧的网红日，以往每年结婚登记的最高峰也都会在这一天出现。 近日，广州市民政局官网发布关于婚姻登记的温馨提示。提示称，近日，较多新人选择预约5月20日、21日当天办理结婚登记。广州市各区婚姻登记机关将动态调整预约号源，全力保障市民婚姻登记需求，同时呼吁广大市民积极倡导文明婚俗新风，理性看待婚姻登记“好日子”，结合自身实际错峰预约办理，避免“扎堆登记”，倡导“只要感情好，天天都是好日子。” 5月9日下午，潮新闻记者查询杭州主城区婚姻登记处预约情况。截至9日15点，上城区、拱墅区、西湖区、萧山区、余杭区、临平区、滨江区、钱塘区以及建德市九个婚登处，仅有建德婚登处还有少量余号，其余全时段均已约满。 不仅仅5月20日，杭州城区各大婚登处5月21日也基本约满了。以“杭州最美婚登处”上城区婚姻登记服务中心为例，5月16日至25日均以约满。 据“常州发布”微信公众号消息，今年，常州市婚姻登记处5月20日、5月21日结婚预约登记已满。为此，常州一网友直呼：“520领证太难了！” 据南昌晚报消息，记者查询发现，截至5月11日7时，南昌市东湖区、西湖区、青山湖区、红谷滩区、湾里管理局、南昌县、新建区各民政局婚姻登记处5月20日当天均已约满。 另据福州日报消息，截至5月10日，福州鼓楼区、台江区、仓山区各民政局婚姻登记处5月20日当天均已约满。 没抢到线上预约号的新人朋友也别着急，可以在5月20日当天前往各个区的婚姻登记处现场排队办理。 江苏省婚姻登记网上预约系统显示，今年“520”当天，无锡所有婚姻登记处都已经约满。锡山区、惠山区、滨湖区、梁溪区、新吴区，还有江阴市、宜兴市的婚姻登记处“520”当天预约已满。不仅“520”预约火爆，紧挨着的“521”同样备受亲睐。锡山区、惠山区、滨湖区、梁溪区、新吴区、江阴市、宜兴市婚姻登记处5月21日预约已满。 据了解，《婚姻登记条例》修订的主要内容包含三个方面：一是增加婚姻家庭服务工作内容，二是实行婚姻登记“全国通办”，三是优化婚姻登记服务。 《条例》明确，婚姻登记机关办理婚姻登记，不得收取费用。 根据《条例》，办理结婚、离婚登记都无需再出示户口本。 申请结婚登记的内地居民应当出具下列证件和书面材料：本人的居民身份证；本人无配偶以及与对方当事人没有直系血亲和三代以内旁系血亲关系的签字声明。 申请离婚登记的内地居民应当出具下列证件：本人的居民身份证；本人的结婚证。,2016,https://www.chinanews.com.cn/sh/2025/05-12/10413952.shtml,婚姻登记;结婚登记;婚姻;结婚;离婚;婚俗;配偶
People.cn,2025-05-12,婚姻登记实现“全国通办” 外地新人领证：“让北京见证我们的幸福”,新修订的《婚姻登记条例》正式开始施行，婚姻登记“全国通办”打破了婚姻登记当事人户籍限制，结婚领证不需要专程回一趟老家，也无需再出示户口簿了。非京籍的新人可凭本人居民身份证，在京任一婚姻登记处办理婚姻登记。5月10日，新政策实施首日，全市共办理婚姻登记1400余对，其中全国通办登记量占比31.9%，西城、海淀登记量均超200对，较以往周末预约量有较大幅度提升。 5月10日早上8点多，西城区民政局婚姻登记服务中心人头攒动，处处洋溢着甜蜜的气氛，红色的纸灯笼、展板和座椅更添喜庆。年轻的情侣们盛装出席、精心打扮，有的“准新娘”戴上了头纱，拿上手捧花，还专门请来摄影师，给他们人生重要的时刻留下美好纪念。这其中，不全是北京户籍的情侣，按照新条例，全国各地的情侣都能在这里许下幸福的诺言，让北京这座城市见证他们的幸福。 “太荣幸了，没想到我们是北京第一对用上全国通办服务的。”于越、谷金泽的脸上藏不住笑意，对未来的日子充满了期待。他们都是在北京工作的河北人，恋爱已一年多了。5月10日是双方早早就定好领证的日子，他们提前15天在小程序上预约，今天一大早就赶到了西城婚姻登记服务中心。“打车才十多分钟，就近办理，真方便。”于越告诉记者，“本来我们还打算五一回各自老家，把户口簿带过来，办理结婚登记。没想到赶上了登记流程的优化，不再需要出示户口簿，这对我们在京的外地人来说特别友好。今天，让北京见证我们的幸福。” 008号登记室里，于越、谷金泽出示了结婚照、身份证，经过工作人员的婚前问询，并签署了“婚姻登记告知单”等手续材料，很快领到了结婚证，整个过程十分顺畅。“我们对当事人的身份以及婚姻状况信息进行联网核对，结婚登记几分钟就能办完。”工作人员介绍。 让数据多跑路，群众少跑腿，新人无需“为爱奔波”。北京市西城区民政局婚姻登记服务中心主任李君研介绍，手续的简化并不意味着审查的简化。在婚姻登记服务优化上，西城民政局加强基础信息化建设和档案管理工作，通过严谨的信息核对，优化工作模式 ，方便信息查询与调用，确保婚姻登记信息准确无误。 本报讯（记者 胡子傲）记者从北京市民政局了解到，在大栅栏护国观音寺，全市首个户外婚姻登记点日前启用。该户外婚姻登记点主要围绕“甜蜜服务”主题，提供免费复印、政策及婚育健康咨询、结婚登记、颁证等“一站式”服务，提升新人登记仪式感。 北京市民政局相关负责人介绍，为全面推动新修订的《婚姻登记条例》贯彻落实，北京市婚姻登记工作将鼓励有条件的区探索建立公园式婚姻登记点，同时，深化颁证和婚姻家庭辅导服务，为当事人提供颁证仪式、婚姻关系适应等服务，向群众传递喜事简办、婚事新办的新时代婚俗理念。（记者 胡子傲）,1113,http://bj.people.com.cn/n2/2025/0512/c82840-41224180.html,婚姻登记;结婚登记;婚姻;结婚;婚育;婚俗;恋爱;情侣
CCTV,2025-05-13,娇俏“女友”竟是纹身大汉 重庆渝中警方破获婚恋交友电诈案,央视网消息： 小伙儿阿强（化名）做梦都没想到，网恋的娇俏“女友”竟是个身高1米8，满是纹身的彪形大汉，除骗走他辛苦攒下的2万元，还有自己错付的一片痴心。近日，在“净网2025”“全民反诈”行动中，重庆渝中警方经缜密侦查，成功破获一起涉婚恋交友电信诈骗案，远赴甘肃抓获涉案嫌疑人刘某。 “我前后网上转给‘女朋友’2万多块钱，她却突然把我拉黑了，不但人找不到，钱也要不回来，我是不是被骗哦？”不久前，阿强急匆匆地向七星岗派出所报警求助。经了解，小伙子刚工作不久，在辖区一修车行当学徒，2024年底在网络上发布了交友信息，很快一个自称叫马小燕（化名）的“22岁美女”通过某社交平台主动加了他。 阿强说，两人互发过照片，他也翻看过对方在短视频平台上发布的多个动态，女孩看着漂亮柔美，第一眼就让他非常心动。双方在聊天软件上相互嘘寒问暖，甜言蜜语，对方不时发来一两条语音信息，声音甜美。阿强更是心花怒放，二人感情迅速升温，也很快确定了恋爱关系，开始“老公”“老婆”称呼亲昵。 不过，唯一令阿强不解的是，每当他提出视频连线时，小燕总会以没化妆、状态不好等理由拒绝。 “她说自己是西安人，在当地经营美甲店，收入不高，跟家人关系也一般，希望更多地从男友这里得到慰藉。”没多久，对方开始频繁找他借钱，借50元帮充话费、生活费不够、看病需要钱等各种缘由，阿强均大方地一一满足。 后来小燕再遭“不幸”，称网贷没钱还被人催债，自己得了抑郁症更有割腕轻生举动，现在正在医院救治，需要筹钱缴医药费，期间更有女友“家人”、“医生”、“护士”打来电话说明情况。心急如焚的阿强信以为真，再次向对方提供的收款二维码账号转账。 阿强先后分20多笔，总计借给“女友”2万余元，多年辛苦积蓄已然见底。快过年的时候，阿强因有急用不得不提出还钱，但令他无比惊讶的是，自己竟然被拉黑，对方完全失联。 “这是典型的涉婚恋交友类电信诈骗呀！”接警后，民警立即对阿强提供的聊天记录、语音信息、交易流水等进行分析研判，发现对方语音信息似有加工处理痕迹，再加上聊天口吻、收款账户信息，以及拒绝在线视频等疑点，初步判断该“女友”实则是男性嫌疑人假扮，阿强震惊不已。 七星岗派出所火速立案展开侦查工作，逐步掌握了诈骗嫌疑人刘某的身份信息和行踪轨迹。近日，办案民警果断出击，奔赴甘肃省天水市某小区民宿，成功将刘某抓获归案。直到此时，娇俏“女友”终露出真容，对方居然是一个身高1.8米，体态魁梧，满是纹身的彪形大汉。 经查，刘某系无业人员，通过非法渠道学来不少骗子套路和话术，又从网上扒来美女照片、视频，编造故事，伪装女性身份以恋爱交友为借口从事电信诈骗，期间更是利用变声软件，一人分饰马小燕、家长、医生、护士等多角，所有目的只为获取受害人信任，骗取钱财。 刘某还特别讲究广撒罗网，同时网上添加多名男子“谈恋爱”，每次要钱时如对方表现出犹豫，则以拉黑删除等方式冷淡对待，如果转账了，则以“老公真好”等口吻热情回应，其中本案当事人阿强被骗损失金额最大。 目前，嫌疑人已退赔部分违法犯罪所得，剩余钱款仍在积极追讨中。刘某因涉嫌诈骗罪被公安机关依法采取刑事强制措施，该案还在进一步办理中。（报道员 张博）,1315,https://news.cctv.com/2025/05/13/ARTI6P74D2mSxroUxDVWrHXJ250513.shtml,婚恋;恋爱
CCTV,2025-05-13,婚内网贷算夫妻共同债务？法院：瞒着对方且未用于家庭生活的不算,婚内一方借的网贷，算夫妻共同债务吗？南通市中级人民法院日前审结一起离婚纠纷案件，认定在另一方不知情、且借款未用于家庭生活的情况下，婚内一方所借网贷为个人债务。 2019年，小陈与小倩登记结婚。2021年，双方在南通市共同出资购买总价120万元的房产。婚姻存续期间，小陈为自己缴纳养老保险金2万元，还以其个人名义向7个网络借贷平台借款，累计金额达50万元。2024年5月，夫妻二人感情破裂后，就夫妻共同财产与债务分担问题未达成一致，小陈将小倩诉至当地法院，要求分割共同财产与债务。 法院经审理认为，小陈与小倩之间的婚姻经登记合法有效，现小陈主张离婚而小倩不持异议，故予以准许。对于小陈名下的养老保险金2万元，系夫妻共同财产交纳，故小倩有权分割其中一半现金价值。关于网络借款50万元，虽然小陈提供了一些证据证明该借款系夫妻关系存续期间产生，但夫妻二人均有较为固定的工作和稳定的收入，收入能够满足家庭日常生活所需。而小陈未提供证据证明该大额网络借款用于家庭日常生活，且部分借款被其用于炒股；加之小陈在借款时并未告知小倩，而小倩亦抗辩对相关网络借款并不知情，故认定并非夫妻共同债务。 最终，法院判决两人对共有房屋各享有50%份额，日后若变卖各享有50%分配权利；对剩余房贷60万元，双方各承担50%还款责任；判决小陈返还小倩养老保险金分割款1万元。小陈不服一审判决提起上诉后，南通中院经审理维持了原判。（记者柯高阳）,604,https://news.cctv.com/2025/05/13/ARTIGKTr7scsVJDQI58dqAM8250513.shtml,婚姻;结婚;离婚;夫妻
China News Service,2025-05-13,新闻1+1丨婚姻登记服务，如何跑出幸福加速度？,5月10日，新修订的《婚姻登记条例》开始正式实施，其中大家非常关注的是婚姻登记“全国通办”，尤其是去婚姻登记的时候不用再拿着户口本，拿着自己的身份证就可以了，程序上就大大便利了很多，另外，非常值得关注的是，婚姻登记条例新修订后还有哪些变化？这些变化的背后它反映的是一些什么样的问题，一起来关注。 值得一提的是，5月份是结婚登记的高峰月，近年来，“520”“521”两天，因为谐音寓意，也逐渐成为恋人们选择登记结婚的良辰吉日。根据媒体报道，福建福州、江西南昌和江苏常州、无锡等地，5月20日当天婚姻登记处都已经约满；广州市民政局官网也发布温馨提示称，近日，较多新人选择预约5月20日、21日当天办理结婚登记。广州市各区婚姻登记机关将动态调整预约号源，全力保障市民婚姻登记需求。也呼吁大家结合自身实际，错峰预约办理，避免“扎堆登记”。 根据新修订的《婚姻登记条例》，一方是内地居民，另一方是外国人、港澳台居民或者华侨的结婚登记、离婚登记和补领婚姻登记证件也属于“全国通办”的受理范围。双方都可以在国内任一婚姻登记处办理婚姻登记。 婚姻登记新规的实施，不仅让结婚登记更加便捷高效，也更成为撬动相关服务全方位优化的一个新支点。眼下，不少地方都在积极打造婚姻登记新场景。在新修订的《婚姻登记条例》开始施行之际，南京市玄武区民政局，就把婚姻登记处整体搬迁至景色宜人的玄武湖公园，这里整体建设以“园林＋婚俗”为特色，内设置婚姻登记区、中式颁证区、现代仪式区等功能区域，在打造新的网红地标的同时，也吸引更多情侣“为领一张证，赴一座城”。 北京市西城区民政局婚姻登记服务中心主任 李君研：我觉得您的顾虑是有，但我觉得不必要去担心。首先刚才说到我们可以通过人口库包括婚姻登记的系统对新人的身份进行相应识别，降低了您说的这种风险可能。还有一个，我们也提出了对新人进行了家庭婚姻相应的辅导，在这里我们会对比如刚刚您提到的冲动结婚这种情况，我们会对新人进行相应的辅导，包括新人相应的责任，包括权利和相应的义务。还有一点，在新的婚姻登记条例里，也鼓励新人和家长，和父母一并到婚姻登记中心，来共同见证这个幸福又难忘的时刻。 中华女子学院教授、中国婚姻家庭研究会常务副会长 李明舜：我认为全国通办对提高结婚率有一定的积极作用，当然全国通办它的重大意义还表现在以下几个方面，一个是它打破了户籍限制和地域的壁垒，应该说对于流动人口权益的保障上了一个新台阶，是一个历史性的突破，而且它为将来以后教育、就业、医疗，打破地域限制、户籍限制，应该是起到了非常好的示范作用。第二个，就是它的全国通办的这种便捷性，它是一项利民措施，它也体现了我们政府从管理型向服务型的一个重大转变，它是我们以人民为中心的立场和全心全意为人民服务这个宗旨，在婚姻登记制度和工作当中的体现。再一个就像前面说的，这个全国通办是让数据跑腿，避免流动人员来回劳碌奔波，应该说这个是极大地降低了婚姻登记的综合成本。 只用身份证去结婚是不是赋予了更大的婚姻自主权？ 中华女子学院教授、中国婚姻家庭研究会常务副会长 李明舜：这个问题要从两方面来讲，一个是从法律的角度来看，根据我们国家法律的规定，婚姻自由、婚姻自主，这是结婚当事人的权利，法定的权利，那么任何人是不得干涉的，哪怕即使是父母也不能够干涉，如果你暴力的形式去干涉还可能构成违法犯罪，这是从法律的角度来讲。应该说不要户口本等等，这个对于权利的顺利实现，避免一些不必要的干预，确实是有好处的。另外，从情理的角度来看，结婚毕竟是一件人生大事。在这个过程当中，不用户口本，并不意味着鼓励年轻人不告知父母，不告诉家里人，那么在这个里面，我觉得征求家长的意见、父母的意见还是必要的，因为毕竟结婚是两个家庭的结合，这样有利于以后关系的处理。 中华女子学院教授、中国婚姻家庭研究会常务副会长 李明舜：最主要的还是我们要构建一个婚姻全生命周期的这样的一个支持体系，也就说从婚前的辅导，然后到结婚，再到婚后生活的关系的调试，以及甚至出现了危机以后怎么样去处理，那么这样一个支持体系来讲，对于当事人来讲是非常重要的。 另一方面，我们还要完善支持和尊重婚育行为一系列的政策，比方说我们的婚检的免费、结婚的奖励，以及生育的补贴等等这样一系列政策都需要完善，以此来降低这种生育、养育和教育的成本，在全社会形成尊重婚育、支持婚育一个良好的氛围。(央视新闻客户端) 【,1809,https://www.chinanews.com.cn/sh/2025/05-13/10414638.shtml,婚姻登记;结婚登记;婚姻;结婚;离婚;婚育;婚俗;重婚;情侣;恋人
People.cn,2025-05-13,云南首例“全国通办”婚姻登记成功办理,5月10日，新修订的《婚姻登记条例》正式施行，婚姻登记“全国通办”政策落地。当日上午，户籍地为广东省汕尾市的杨先生与广东深圳市的朱女士来到昆明市五华区婚姻登记处，凭借居民身份证及无配偶签字声明，仅用时15分钟就完成了结婚登记，成为云南首对通过“全国通办”方式领证的新人。 据悉，为确保婚姻登记“全国通办”顺利实施，云南省民政部门依托全国婚姻登记信息管理系统，实现与公安、法院等部门的数据共享，全省婚姻登记历史数据基本完成补录。为方便新人办理登记，通过“一部手机办事通”全面提供线上预约功能，昆明等地还通过设置材料预审专用邮箱，为当事人提供材料预审渠道，工作人员提前核验身份信息及声明真实性，预审通过后现场可迅速完成登记。全省婚姻登记员进行了专项培训，确保熟练掌握婚姻登记操作流程。 省民政厅相关负责人表示，全省民政部门将利用婚姻登记“全国通办”契机，配合有关部门积极打造“有一种叫云南的生活”婚姻旅居特色品牌、推出婚姻登记“跨省通办+蜜月旅居”等服务、开发“婚俗体验+民族节庆”产品，激活文旅消费新场景。同时，将依托全省公园式婚姻服务点，提供结婚颁证仪式、集体婚礼等特色服务，引导年轻群体婚事新办简办，抵制高额彩礼、大操大办等陋习，构建积极向上的新型婚育文化。（郎晶晶）,535,http://yn.people.com.cn/n2/2025/0513/c372456-41225212.html,婚姻登记;结婚登记;婚姻;结婚;婚育;彩礼;婚俗;配偶;婚礼
People.cn,2025-05-13,学法时习之丨结婚后婚前房产为配偶“加名”，离婚时怎么分？--社会·法治--人民网,《中华人民共和国民法典》（以下简称“民法典”）被誉为“社会生活的百科全书”。结婚、离婚、合同签订、投资买卖......民法典为民事主体全领域活动编织了保护网。在民法典颁布五周年之际，人民网梳理了与百姓生活密切相关的典型案例，以飨读者。本篇聚焦离婚时夫妻共同财产的分割问题。 崔某某与陈某某（男）于2009年1月登记结婚。2009年2月，陈某某将其婚前购买的房屋转移登记至崔某某、陈某某双方名下。陈某某为再婚，与前妻育有一女陈某。崔某某与陈某某结婚时，陈某15岁，平时住校，周末及假期回家居住。崔某某与陈某某未生育子女。2020年，双方因家庭矛盾分居，崔某某提起本案诉讼，请求判决其与陈某某离婚，并由陈某某向其支付房屋折价款250万元。陈某某辩称，因崔某某与其女儿陈某关系紧张，超出其可忍受范围，双方感情已破裂，同意离婚。崔某某对房屋产权的取得没有贡献，而且，婚后陈某某的银行卡一直由崔某某保管，家庭开销均由陈某某负担，故只同意支付100万元补偿款。诉讼中，双方均认可案涉房屋市场价值600万元。 审理法院认为，崔某某与陈某某因生活琐事及与对方家人矛盾较深，以致感情破裂，双方一致同意解除婚姻关系，与法不悖，予以准许。案涉房屋系陈某某婚前财产，陈某某于婚后为崔某某“加名”系对个人财产的处分，该房屋现登记为共同共有，应作为夫妻共同财产予以分割。至于双方争议的房屋分割比例，该房屋原为陈某某婚前个人财产，崔某某对房屋产权的取得无贡献，但考虑到双方婚姻已存续十余年，结合双方对家庭的贡献以及双方之间的资金往来情况，酌定崔某某可分得房屋折价款120万元。该判决作出后，双方均未提出上诉，判决已发生法律效力。 民法典第一千零六十五条中规定：男女双方可以约定婚姻关系存续期间所得的财产以及婚前财产归各自所有、共同所有或者部分各自所有、部分共同所有。约定应当采用书面形式。没有约定或者约定不明确的，适用本法第一千零六十二条、第一千零六十三条的规定。夫妻对婚姻关系存续期间所得的财产以及婚前财产的约定，对双方具有法律约束力。 《最高人民法院关于适用〈中华人民共和国民法典〉婚姻家庭编的解释（二）》第五条中规定：婚前或者婚姻关系存续期间，一方将其所有的房屋转移登记至另一方或者双方名下，离婚诉讼中，双方对房屋归属或者分割有争议且协商不成的，如果婚姻关系存续时间较短且给予方无重大过错，人民法院可以根据当事人诉讼请求，判决该房屋归给予方所有，并结合给予目的，综合考虑共同生活及孕育共同子女情况、离婚过错、对家庭的贡献大小以及离婚时房屋市场价格等因素，确定是否由获得房屋一方对另一方予以补偿以及补偿的具体数额。 婚姻关系存续期间，夫妻一方将其个人所有的婚前财产变更为夫妻共同所有，该种给予行为一般是以建立、维持婚姻关系的长久稳定并期望共同享有房产利益为基础。离婚分割夫妻共同财产时，应当根据诚实信用原则妥善平衡双方利益。 本案中，双方共同生活时间较长，但婚后给予方负担了较多的家庭开销，人民法院综合考虑共同生活情况、双方对家庭的贡献、房屋市场价格等因素，判决房屋归给予方所有，并酌定给予方补偿对方120万元，既保护了给予方的财产权益，也肯定了接受方对家庭付出的价值，较为合理。,1327,http://society.people.com.cn/n1/2025/0513/c1008-40478761.html,婚姻;结婚;离婚;再婚;夫妻;配偶
People.cn,2025-05-14,婚姻登记“全国通办”首日江苏1370对新人领证,原题：“520”“521”结婚登记预约火爆 婚姻登记“全国通办”首日，江苏1370对新人领证 新修订的《婚姻登记条例》5月10日起施行，婚姻登记“全国通办”正式落地。扬子晚报记者从江苏省民政厅获悉，新规施行首日，江苏共有1370对新人领到红本本，其中237对新人为“全国通办”。 记者获悉，针对“520”“521”结婚登记高峰，江苏各大登记处已开放预约通道并将推出集体颁证、婚俗体验等活动。目前，多地结婚登记预约火爆，相关话题词冲上热搜第一。南京玄武区、浦口区、栖霞区婚姻登记处5月20日和5月21日均已约满，其余地区还剩少量可预约。南京市高淳区民政局婚姻登记处除了在当天特别安排了形式多样的活动外，还将办公时间调整为：8:00~17:00，中午不休息，并根据预约及现场情况提供延时服务。 新修订的《婚姻登记条例》规定，实行婚姻登记“全国通办”并取消户口簿限制，简化登记流程。据悉，江苏各大婚姻登记处提前升级系统、培训人员，提升信息联网核验的办事效率。 为进一步拓展婚姻登记服务，满足年轻人对婚姻登记仪式感的多元化需求，江苏多地还将婚姻登记处搬进景区，丰富颁证仪式，为甜蜜生活添彩。南京玄武区将婚姻登记处整体搬至玄武湖公园环洲风荷苑，以“园林＋婚俗”为特色，设置了婚姻登记区、中式颁证区、现代仪式区、婚俗文化展示区和婚姻家庭辅导室等功能区域。（记者 董婉愉 闫春旭）,583,http://js.people.com.cn/n2/2025/0514/c360302-41226965.html,婚姻登记;结婚登记;婚姻;结婚;婚俗
People.cn,2025-05-14,延吉婚姻登记全国通办,5月12日，新修订的《婚姻登记条例》在延边正式实施。在延吉市民政局婚姻登记处看到，咨询电话此起彼伏，网络留言平台持续刷新，市民聚焦无户口簿登记、全国通办等新变化提出了相关问题。 工作人员介绍，此次新修订的《婚姻登记条例》取消了办理结婚、离婚登记时出示户口簿的环节，简化了登记手续，提供了便利。但需要注意的是，对于已离婚再次结婚的市民，特别是通过法院部门办理离婚的情况，在婚姻登记处办理结婚时，除了身份证外，仍需携带法院生效司法文书、法院出具的离婚证明书或离婚证等材料。 此外，5月20日、21日即将到来，因为“520”“521”谐音“我爱你”，是许多新人青睐的登记日期，2025年这两日的结婚登记预约已于4月末全部约满，每日仍有市民致电咨询。针对此情况，金蕾表示，线上预约满额，新人需通过线下排队的方式办理结婚登记手续。同时，她呼吁大家合理规划时间，错峰登记。当天，还准备了一系列贴心服务，包括精美的小礼物、免费的婚姻家庭辅导课程以及专业的摄影摄像服务。,427,http://jl.people.com.cn/n2/2025/0514/c349771-41226852.html,婚姻登记;结婚登记;婚姻;结婚;离婚
People.cn,2025-05-14,结婚后婚前房产为配偶“加名”，离婚时怎么分？,《中华人民共和国民法典》（以下简称“民法典”）被誉为“社会生活的百科全书”。结婚、离婚、合同签订、投资买卖......民法典为民事主体全领域活动编织了保护网。在民法典颁布五周年之际，人民网梳理了与百姓生活密切相关的典型案例，以飨读者。本篇聚焦离婚时夫妻共同财产的分割问题。 崔某某与陈某某（男）于2009年1月登记结婚。2009年2月，陈某某将其婚前购买的房屋转移登记至崔某某、陈某某双方名下。陈某某为再婚，与前妻育有一女陈某。崔某某与陈某某结婚时，陈某15岁，平时住校，周末及假期回家居住。崔某某与陈某某未生育子女。2020年，双方因家庭矛盾分居，崔某某提起本案诉讼，请求判决其与陈某某离婚，并由陈某某向其支付房屋折价款250万元。陈某某辩称，因崔某某与其女儿陈某关系紧张，超出其可忍受范围，双方感情已破裂，同意离婚。崔某某对房屋产权的取得没有贡献，而且，婚后陈某某的银行卡一直由崔某某保管，家庭开销均由陈某某负担，故只同意支付100万元补偿款。诉讼中，双方均认可案涉房屋市场价值600万元。 审理法院认为，崔某某与陈某某因生活琐事及与对方家人矛盾较深，以致感情破裂，双方一致同意解除婚姻关系，与法不悖，予以准许。案涉房屋系陈某某婚前财产，陈某某于婚后为崔某某“加名”系对个人财产的处分，该房屋现登记为共同共有，应作为夫妻共同财产予以分割。至于双方争议的房屋分割比例，该房屋原为陈某某婚前个人财产，崔某某对房屋产权的取得无贡献，但考虑到双方婚姻已存续十余年，结合双方对家庭的贡献以及双方之间的资金往来情况，酌定崔某某可分得房屋折价款120万元。该判决作出后，双方均未提出上诉，判决已发生法律效力。 民法典第一千零六十五条中规定：男女双方可以约定婚姻关系存续期间所得的财产以及婚前财产归各自所有、共同所有或者部分各自所有、部分共同所有。约定应当采用书面形式。没有约定或者约定不明确的，适用本法第一千零六十二条、第一千零六十三条的规定。夫妻对婚姻关系存续期间所得的财产以及婚前财产的约定，对双方具有法律约束力。 《最高人民法院关于适用〈中华人民共和国民法典〉婚姻家庭编的解释（二）》第五条中规定：婚前或者婚姻关系存续期间，一方将其所有的房屋转移登记至另一方或者双方名下，离婚诉讼中，双方对房屋归属或者分割有争议且协商不成的，如果婚姻关系存续时间较短且给予方无重大过错，人民法院可以根据当事人诉讼请求，判决该房屋归给予方所有，并结合给予目的，综合考虑共同生活及孕育共同子女情况、离婚过错、对家庭的贡献大小以及离婚时房屋市场价格等因素，确定是否由获得房屋一方对另一方予以补偿以及补偿的具体数额。 婚姻关系存续期间，夫妻一方将其个人所有的婚前财产变更为夫妻共同所有，该种给予行为一般是以建立、维持婚姻关系的长久稳定并期望共同享有房产利益为基础。离婚分割夫妻共同财产时，应当根据诚实信用原则妥善平衡双方利益。 本案中，双方共同生活时间较长，但婚后给予方负担了较多的家庭开销，人民法院综合考虑共同生活情况、双方对家庭的贡献、房屋市场价格等因素，判决房屋归给予方所有，并酌定给予方补偿对方120万元，既保护了给予方的财产权益，也肯定了接受方对家庭付出的价值，较为合理。（综合最高人民法院整理）,1339,http://yn.people.com.cn/n2/2025/0514/c361322-41226336.html,婚姻;结婚;离婚;再婚;夫妻;配偶
People.cn,2025-05-14,银川“520”“521”婚姻登记可提前预约,5月13日，记者从银川市民政局获悉，今年5月20日、21日，银川市各县（市、区）婚姻登记处将以预约登记的方式为新人办理结婚登记，应对登记高峰期。 准备登记结婚的市民可提前7天用两种方式预约，通过搜索、关注“宁夏民政厅”微信公众号，点击下方“民服务”进入，点击“婚姻预约”进入预约程序；或者打开“我的宁夏”政务App，在首页主题服务专区里找到“民政公共服务”进入，点击“婚姻登记”进入预约程序。 据介绍，根据各县（市、区）婚姻登记处承办能力与实际情况，5月20日结婚登记可预约数量：兴庆区140对，金凤区120对，西夏区80对，永宁县80对，贺兰县70对，灵武市50对；5月21日结婚登记可预约数量：兴庆区100对，金凤区120对，西夏区80对，永宁县60对，灵武市50对，贺兰县无需预约。 此外，银川市各县（市、区）公布了婚姻登记处咨询电话：兴庆区婚姻登记处：0951-6025980，金凤区婚姻登记处：0951-3810737，西夏区婚姻登记处：0951-2078363，永宁县婚姻登记处：0951-8032049，贺兰县婚姻登记处：0951-8087939，灵武市婚姻登记处：0951-4026256。 结婚登记所需材料有：双方的居民有效身份证原件，因故不能出具身份证或损坏、消磁的，可以出具有效的临时身份证；3张两寸近期半身免冠同版红底合影证件照片（需露出五官，不能使用婚纱照、浓妆照、艺术照）；现役军人另须出示军官证、士兵证或警官证（有效期内）等，并提供团级以上政治部门出具的《军人婚姻登记证明》；丧偶的当事人须提交配偶居民死亡医学证明（推断）书或有死亡注销标记的户口簿等证明材料。再婚的当事人，可持离婚证、法院调解书或判决书（初审判决的要有生效证明书或离婚证明书）。 （记者 李毓琛）,747,http://nx.people.com.cn/n2/2025/0514/c192482-41226656.html,婚姻登记;结婚登记;婚姻;结婚;离婚;再婚;配偶
People.cn,2025-05-15,婚前房产婚后加名，离婚后要对半分吗？--社会·法治--人民网,一方在婚后将其婚前房产加上另一方的名字，离婚分割夫妻共同财产时，双方是否应按照夫妻共同共有分割的一般原则予以均分？近日，吉林省辉南县人民法院根据2025年2月1日正式施行的《最高人民法院关于适用〈中华人民共和国民法典〉婚姻家庭编的解释（二）》，审结了这起离婚财产分割案。 2019年9月3日，赵某与王某签订婚前协议书，约定“赵某与王某房产、车子无论婚前婚后购买、无论谁出资（包括第三人，或者双方亲人）均为夫妻共同财产，双方各占50%的产权，登记后一个星期内赵某房产证上需添加王某名字，属夫妻共同财产，此协议双方签字并公证后生效”。签订后，双方未到公证处对该协议进行公证。9月12日，赵某与王某在民政局登记结婚。9月16日，双方在不动产登记中心签订婚内赠与协议，协议载明：“某房屋所有权人为赵某，赵某将该房屋个人名下一半份额赠与配偶王某所有，王某接受此赠与，占份额50%，以后如有产权纠纷与登记机关无关。”二人于当日办理了不动产登记手续。 双方均为再婚，婚后亦未生育子女。婚后不到半年时间，二人因多种原因分居。后赵某向法院起诉，请求与王某离婚，并要求上述房屋归其所有。王某则认为按照之前约定该房屋现属于夫妻共同财产，理应分得一半，双方就房屋如何分割产生较大分歧。 法院审理后认为，二人之间符合法律规定认定的夫妻感情破裂的情形，对赵某主张离婚的请求予以支持。双方的争议焦点为登记在二人名下的案涉房屋所有权归属及所有人是否应补偿对方房屋折价款问题。双方婚后在基于婚前协议书的基础上，赵某将所有的房屋一半份额赠与王某，并将房屋转移登记至双方名下，故案涉房屋现系赵某与王某夫妻共同财产。根据《最高人民法院关于适用〈中华人民共和国民法典〉婚姻家庭编的解释（二）》第五条第二款规定，本案案涉房屋系赵某婚前个人财产，赵某赠与王某房屋所有权份额是为了双方能够顺利缔结婚姻并给予王某一定的保障，而婚后赵某与王某共同生活时间比较短暂，未形成稳定的共同生活状态，且在二人分居后案涉房屋也一直由赵某居住使用，故法院酌定二人共有房屋所有权归赵某，本着公平原则，由赵某补偿王某部分房屋折价款。现二人均认可该房屋价值16万元，法院酌定由赵某补偿王某房屋折价款2万元。 判决后，双方均未提出上诉，该判决现已生效。 住房是家庭日常生活起居的载体，也是家庭财产的重要部分。夫妻之间赠与房产或者在房产中加上名字，是为了实现、安排、维护及保障与对方的共同生活。刚实施不久的《最高人民法院关于适用〈中华人民共和国民法典〉婚姻家庭编解释（二）》规定的内容，明确了夫妻之间财产方面的约定，同时从身份利益、财产利益及情感利益多角度平衡保护个人合法财产产权与婚姻家庭和谐稳定，彰显正确的家庭价值观。 法院在审理离婚等案件时重视购房资金的来源，分割房子时不仅通过谁出资购买为判断标准，还会考虑对家庭的贡献、共同生活时间长短等因素。所以现实中，发生在婚姻关系下包括婚前与婚内的赠与，便不同于一般民事活动中的赠与。本案中，赵某在房产证上加名是对个人名下房产的处分，加名以后该房屋虽然已经属于夫妻共同财产，但在分割房屋时，要综合考虑各种因素，而不是简单的对半分。法官在此提醒，要树立健康理性的婚姻家庭理念，既不能让为家庭付出的一方承受情感与经济的双重损耗，也不能让婚姻成为谋取不当利益的工具。唯有夫妻双方秉持相互扶持的信念，以平等、真诚的态度共同经营，才能构建起充满温暖与爱意的和谐家庭港湾。,1416,http://society.people.com.cn/n1/2025/0515/c1008-40480249.html,婚姻;结婚;离婚;再婚;夫妻;配偶
CCTV,2025-05-16,“结婚登记游”引领“甜蜜文旅”新风向,5月10日，新修订的《婚姻登记条例》正式施行，婚姻登记实现全国通办。“520”这个甜蜜日子将至，不少城市已借此契机，开始推出“旅游登记结婚”的新业务，并纷纷别出心裁打造“领证新地标”。 羊城晚报记者了解到，广州近年已在公园景区、网红打卡点建造了数十个名为“花城有囍”的结婚登记户外颁证点，方便来自全国各地“领证登记游”的新人“打卡”。这些“最美登记处”，除了有“国内最高”的小蛮腰结婚登记户外颁证点、珠江游船水上颁证点、西关特色户外颁证点……还会附带一些传统岭南民间嫁娶婚俗体验，全面激活“甜蜜经济”，或将引领旅游新风向。 新修订的《婚姻登记条例》正式施行，方便了在外地工作、生活甚至短暂停留的居民，可以凭身份证就近办理婚姻登记。 据报道，黑龙江户籍的于先生和白女士，日前在浙江省桐乡市婚姻登记中心领到了结婚证，成为浙江省颁发的首对“全国通办”结婚证，更是新条例实施后全国诞生的首对“全国通办”结婚证。对新人来说，来一场“说走就走”的“领证游”已成为现实。 在江西吉安，吉州区将婚姻登记办证点设立在国家4A级旅游景区“钓源古村”中，新修订的婚姻登记条例发布以后，预约电话不断，已经有超过60对新人提前预约在钓源古村结婚办证点领取结婚证。 北京第二外国语学院中国旅游大数据中心主任钟栎娜告诉媒体，结婚是人生很重要的事情，领证、拍照、宴请、度蜜月，存在天然的打包体系，如果能够串到一起，会形成非常好的“甜蜜经济”链。 据了解，目前全国多地也正积极打造婚姻登记新场景。上海已将部分婚姻登记机关迁入历史保护建筑、公园、甜爱路等处，打造“甜蜜地标”。不同于传统的婚姻登记办事大厅，甜爱路的登记中心是以上海特色的石库门理念来设计的，在登记中心里还布置了许多油画、灯饰等，方便新人打卡拍照。在江苏南京，玄武区婚姻登记处选址在玄武湖公园环洲，整体建设以“园林+婚俗”为特色，在户外布置了许多充满浪漫氛围的打卡地，有定制化的结婚证造型的拍照装置，满含美好祝愿的爱心布景，为新人们提供了多元且富有创意的拍照场景。 婚姻登记新规施行以后，新人们旅游时也可以登记结婚，这一变化对不少新人是很有吸引力的。在钟栎娜看来，想要抓住旅游登记结婚的风口，除了打造空间场景和景点，提升服务、文旅资源互通需要同步进行。 目前，不少地方已经开始行动。浙江淳安千岛湖推出“新人福利”：在淳安登记结婚（含补登），千岛湖、天屿、龙川湾等景区全年免门票；5月10日后登记，可再享17家高端酒店/民宿/餐厅5折。江西德兴凤凰湖，将举办“5·20”集体结婚颁证仪式，新人可分享52000元人民币的蜜月旅游基金。 发展“婚庆+旅游”，广东广州已先行一步。 2021年年初，广州市政府首次以工作报告的形式提出“甜蜜经济”。此后，广州市文化广电旅游局、广州市民政局将婚庆旅游列入自身工作重点，持续深入挖掘本地婚庆旅游资源，推进婚庆文化旅游主题系列活动，联合发布了广州十大“甜蜜榜单”，其中包含广州十佳婚庆旅游景点、广州十佳婚纱拍摄点、广州十佳婚庆旅游线路、广州十佳蜜月酒店/民宿等，探索“婚庆+旅游”发展新模式。 近年来，广州市还通过打造“最美登记处”，建设了一批“花城有囍”结婚登记户外颁证点。截至2024年6月，这些户外登记点已有36个。 广州的户外颁证点主要分为四类：一是把原有的婚姻登记处升级改造成婚庆场景，如越秀区东风公园；二是在特色景区打造婚庆主题场景，如广州水博苑、从化天人山水大地艺术园；三是在酒店、老字号名优餐饮机构、艺术机构等增设婚庆场景，如广州唐苑酒家、广州黄埔君澜酒店等；四是在浪漫的文化街区规划婚庆场景，如南沙东涌风情街、流溪温泉生态设计小镇等。广东省婚庆行业协会负责人表示，户外颁证服务通过结合文旅资源，吸引了新人及亲友在颁证后进行消费，带动周边旅游、餐饮、住宿等相关产业的发展，进一步激活了婚庆产业与文化创新，形成“甜蜜经济”的增长点。 在广东省内，不仅广州重视“甜蜜经济”，乘着婚姻登记“全国通办”的契机，将于5月20日启用位于珠海4A级景区东澳岛上的结婚登记户外颁证点，届时前10对新人登记，可免费享酒店、旅拍、船票，深圳、佛山、东莞、中山、江门等大湾区城市也都在建设当地的“最美登记处”，要为新人们打造更浪漫的“婚庆+旅游”体验。,1754,https://culture-travel.cctv.com/2025/05/16/ARTIh075RVY6XCjQr2HvPfut250516.shtml,婚姻登记;结婚登记;婚姻;结婚;婚俗
CCTV,2025-05-18,新人在婚姻登记大厅打架？官方通报：系博主摆拍,央视网消息： 据内蒙古互联网举报中心消息，近日，一条背景有“通辽市科尔沁区婚姻登记处”字样的视频在抖音平台上发布和传播，通辽市科尔沁区民政局婚姻登记中心通过抖音平台联系了当事人。经核实，该条视频为网名“摄影师千雨”的自媒体博主为吸粉增加流量所发的不实网络视频。该博主伪造科尔沁区民政局婚姻登记中心颁证厅场景，视频中一对新人在颁证厅扭打在一起的情形为博主的朋友摆拍。博主“摄影师千雨”摆拍虚假视频行为已经造成严重负面影响，通辽市科尔沁区民政局婚姻登记中心向公安部门报案。目前，博主“摄影师千雨”已删除原视频，并发布了致歉声明。,262,https://news.cctv.com/2025/05/18/ARTIe5ODhLtfAYftX12QCf5B250518.shtml,婚姻登记;婚姻
People.cn,2025-05-18,成都双流：校地联动破解青年婚恋难题 300名单身青年共赴浪漫之约,人民网成都5月18日电 （王凡）昨日，成都市双流区永安湖森林公园见证了一场别开生面的“脱单”行动。在四川省总工会指导下，由四川省教科文卫工会、成都市总工会联合主办，成都市总工会女职工委员会、四川大学工会、双流区总工会承办的“爱在大川 情牵双流”青年人才联谊活动吸引驻地高校、机关企事业单位300名单身青年参与，最终促成25对青年现场牵手，校地联动破解青年婚恋难题取得显著成效。 “爱在大川 情牵双流“青年人才联谊活动。活动主办方供图 本次活动以“饮食男女”为主题，采用“定向运动＋双向奔赴”的模式，积极搭建生活体验场景，精心设计了破冰游戏、合作挑战、甜蜜告白等多个环节，13名职工红娘志愿者全程跟进，提供信息确认、一对一匹配、联络保障等“牵线搭桥”暖心服务。开场，男女嘉宾在“一圈到底”“杯水传情”等暖场小游戏中迅速消除陌生感，拉近了彼此的距离；地图打卡、寻找食材、制作美食等兼具趣味性和互动性的主题任务让大家在协作中建立默契、增进了解。 “刚来的时候感觉还有点紧张，因为有太多人了，后来经过红娘和男嘉宾的鼓励，感觉就很轻松了，很惬意。”来自成都艺体中学的女嘉宾胡红这样说道。来自四川大学华西空港医院（双流区第一人民医院）的医生银梦婷就开朗许多，她说：“活动很有创意，能够有效拉近大家的距离，后面再多加沟通，尝试更加了解对方。” 最终，活动在“甜蜜告白”中达到高潮，现场牵手意向嘉宾25对。,595,http://sc.people.com.cn/n2/2025/0518/c407319-41231235.html,婚恋;单身;脱单
CCTV,2025-05-20,为吸粉引流 摆拍造谣“新人在婚姻登记大厅打架” 被行政拘留十日,近日，一段“新人在通辽市科尔沁区婚姻登记大厅打架”的视频在网络上大量传播，误导众多网友关注和讨论，对当地婚姻登记机关工作造成影响。 经查，刘某楠（女，26岁）系摄影行业从业人员，为博取眼球、吸粉引流、谋取利益，在其工作的照相馆，搭建“通辽市科尔沁区婚姻登记处”场景，伙同同事孙某利，摆拍相关谣言视频，并通过自己短视频账号配文“刚领完证，拍两张照片，不知道因为啥开始闹离婚”后发布到网上，造成谣言视频大量传播扩散，扰乱社会公共秩序，对相关单位工作造成影响。 目前，属地公安机关已依法对相关人员处以行政拘留十日的处罚。,257,https://news.cctv.com/2025/05/20/ARTIKL2QWDJt7IvFnNHaZrnf250520.shtml,婚姻登记;婚姻;离婚
CCTV,2025-05-20,婚姻家庭辅导师：护航从誓言到白首的幸福通途,新华社重庆5月20日电（记者吴梦桐、吴燕霞）“我们自愿结为夫妻……我承诺，在今后的婚姻生活中，做到夫妻地位平等，爱您、尊重您、理解您，承担起丈夫（妻子）的责任。”在重庆高新区婚姻登记处，刚刚领完结婚证的新人，一同走进颁证大厅宣读誓词，携手开启爱情新篇章。 在重庆高新区婚姻登记处，一对对新人在办理婚姻登记。新华社发 这样的甜蜜场景，婚姻家庭辅导师黎柏伶已经见证过无数次。“这里设有中、西式两个颁证厅，厅外的玫瑰花墙也吸引新人纷纷拍照留念，定格爱情的甜蜜。”黎柏伶说，这些精心布置的细节，让每个角落都成为幸福的注脚。 随着仪式的进行，黎柏伶的工作也逐渐深入。“在完成这些有仪式感的活动后，我们会适时进行一些辅导，帮助新人理解家庭责任、完成角色转换。”黎柏伶表示，通过专业的知识，让他们感受到婚姻的美好，筑牢婚姻基石。 新修订的《婚姻登记条例》提出，婚姻登记机关应当提供婚姻家庭辅导服务，充分发挥婚姻家庭辅导师等专业人员和其他社会力量在婚前教育、婚姻家庭关系辅导等方面的作用。 据了解，重庆市民政局聚焦维护婚姻家庭和谐稳定，创新婚姻家庭辅导服务，设立“重庆婚姻幸福热线”，开发“小欢喜”“小别离”系列婚姻家庭辅导工具，持续实施婚姻家庭社会工作“家和计划”项目。目前，重庆已经组建了1万余人的专业服务队伍（专业社工、律师、心理咨询师、志愿者等），累计为100余万人次提供婚姻家庭辅导服务。 许多新人因不擅表达让伴侣陷入“爱意不足”的误解，还有的在“谁做家务”这个问题上争执不下。在婚姻家庭辅导师的引导下，他们把“一个月至少一起看一次电影”等内容列入“爱的约定”中，将爱意具象化；制定“家庭公约”、共同分担家务。“很多年轻人在接受辅导的过程中，第一次意识到，婚姻不仅是爱情，更是责任。”黎柏伶说。 在重庆高新区婚姻登记处，婚姻家庭辅导师黎柏伶（左一）在为一对新人提供辅导服务。新华社发 领证只是婚姻的“第一课”，学会共同成长才是维系幸福的终身课题。为此，重庆高新区为新人打造了“合家欢喜”新婚辅导等特色服务品牌，构建起系统化、专业化的婚姻家庭服务体系。同时，还开展了家庭日、欢喜四季、集体婚礼等活动，凝聚家庭幸福力，促进家庭关系的和谐稳定。 “这场集体婚礼既有庄重浪漫的仪式感，又避免了传统婚礼的铺张浪费，以简约方式诠释幸福，这样新颖又节俭的形式，我们特别喜欢！”参与去年集体婚礼的小张夫妻感慨道。 重庆高新区婚姻登记处登记员徐婷告诉记者，今年的集体婚礼在内容、形式上都进行了创新，以营造浓厚的欢喜文化氛围。 在婚姻登记实现“全国通办”后的首个“5.20”当天，重庆高新区婚姻登记处排起了长队。望着一对对新人脸上洋溢的幸福笑容，黎柏伶十分欣慰：“希望更多新人携手步入婚姻后，能够认识到，婚姻不是一次性的宣誓，而是一辈子的共同成长。当‘执子之手’的浪漫感与‘与子偕老’的责任感同频共振，才能托起家庭的稳稳幸福。”,1201,https://news.cctv.com/2025/05/20/ARTIfFOpBehG3nrlMWLJU0Zz250520.shtml,婚姻登记;婚姻;结婚;伴侣;夫妻;婚礼
China News Service,2025-05-20,主打松弛、追求个性 这些年轻人在直播间“九宫格”相亲,5月5日晚10点，一场“赛博相亲”在社交平台某直播间开启。视频以九宫格画面呈现，主播与8位相亲者实时互动。一位男嘉宾对着镜头说：“有女生主动跟我打招呼，聊得特别好，让人有种心动的感觉。”评论区瞬间被玫瑰特效和祝福刷屏。还有的嘉宾展示才艺，观众一片叫好。没轮到发言时，九宫格画面中的嘉宾在镜头前做各自的事：看剧、打游戏、健身、化妆，还有的在看书学习、加班工作，屏幕上主打“松弛感拉满”。直播间右上角显示“1.2万人看过”。 眼下，一种依托虚拟场景和数字交互的新型相亲模式在青年群体中流行，这种被称为“赛博相亲”的模式，通过连麦群聊、集体约会等新形式打破时空限制，成为融会相亲、交友的社交新方式。 2023年，为满足粉丝“脱单”需求，00后考研博主贺霓开了一次情感专场直播，大受欢迎，从此她开启了从考研博主到相亲主播的转型之路。 贺霓说，在“赛博相亲角”很少谈论传统婚恋市场的物质标准。嘉宾更多展现个性，有即兴表演才艺的，有大胆开麦，主动自我介绍，寻觅“相知伴侣”的。 记者在社交平台以“相亲”为关键词搜索，发现有不少同类型主播，有的账号粉丝量过万，直播风格时尚化、年轻化，主打线上相亲、社交。 这种颇具松弛感的直播氛围契合当代青年“轻相亲”需求。2025年3月，中国青年报社社调中心一项调查显示，73.9%的受访者表示周围有青年尝试过兴趣互动式“轻相亲”活动。62.2%的受访者认为这种相亲氛围轻松，减少尴尬；52.9%的受访者认为这种形式顺应年轻人数字化社交偏好。 和贺霓共同经营直播间的涂幂介绍，相亲直播间没有硬性门槛，“不卡年龄，不要求学历，只要是单身、真诚找对象就可以”。通常情况下，他们一周进行3场直播，每场基本会有五六十人排队等待上麦，参与者年龄集中在25-35岁，女性与男性比例约为7:3。“上麦的人比较‘E’(指性格外向)，有些人会在下面看，觉得氛围好了，也会跃跃欲试上麦。” 33岁博士赵驰偶然间刷到相亲直播间。“一直在关注，第一次上麦是在今年1月，那会儿在准备毕业论文，想通过直播间提高自己的社交能力，同时释放一下学业压力。”他说。 26岁的蒲桃在一次深夜加班时刷到相亲直播间，很快被直播间氛围所吸引，“主持人说话很有意思，情绪价值给得特别足”。在蒲桃看来，“九宫格”里展示的他人生活方式，启发自己的人生思考，“我在直播间认识了新朋友，很喜欢这种兴趣相投的‘浅链接’”。 贺霓介绍，直播间上麦相亲同样有成功概率。直播开办一年多来，有一对情侣互相见过家长并准备结婚。这两人分别在深圳和福建工作，在相亲直播间认识后逐渐发展为恋人关系，目前他们已在深圳定居。 涂幂讲起一对年纪稍大的情侣，“他们比较务实，线上聊的现实条件与价值观都相近，于是约线下见面，进一步相处”。 电子科技大学公共管理学院副院长杨菁教授表示，年轻人在直播间相亲，反映出网络时代青年以交友为导向的相亲方式，“赛博相亲更看重共同话题、兴趣和经历”。 贺霓认为，线下相亲大多是以结婚为目的。赛博相亲没有那么“直奔主题”，而是为大家提供先交流、再接触恋爱的平台。 95后硕士刘宣开始只在评论区留言，慢慢和大家熟络了，开始上麦展示自己。相比线下相亲和交友软件，他更喜欢直播间展示真实个性的社交体验。因为聊得比较投机，他也会与直播间好友线下见面，这种基于共同兴趣的交友，是他拓展社交圈的方式。 值得注意的是，赛博相亲角暗藏风险。中国裁判文书网上的案例显示，2022年5月，甘肃00后女性胡某在某短视频平台相亲直播间虚构个人信息，诈骗单身男士6万多元，获刑6年。 贺霓说：“每次上麦聊天我都会提醒大家，如果有人宣称条件特别好，要注意辨别真假。” 中青报·中青网记者了解到，目前一些社交平台对连麦直播实行严格实名认证，用户需通过身份证实名认证后才能开启摄像头，主持人会反复强调身份核验规则。线上大部分用户抱着相亲、交友的目的。 当下，新技术为直播间社交带来更多可能性。贺霓尝试借助AI来匹配单身人士，她同时表示，“算法只是辅助，最终决定两人关系走向的，还是人与人之间的真实互动”。 在杨菁看来，“赛博相亲”符合年轻人追求松弛氛围和个性化体验，但这种方式是一把“双刃剑”：“从恋爱走向婚姻需要经过很多考验。在传统相亲中，熟人圈子能起到一定的了解和筛选作用。赛博相亲缺少社会关系的支持，会带来不稳定因素。”她建议，选择线上相亲最好基于同城或相似职业背景。 记者了解到，多位相亲博主尝试基于问卷调查、大数据匹配等的“线下相亲圆桌会”。4月，贺霓和涂幂组织了一次北京线下活动，有20多人参加，实现从线上初印象到线下真实接触的社交延伸。 一名参与者表示，通过线上打招呼、聊天、加微信提供了双方相识的渠道，而后续相处、磨合仍需要线下交流、接触。 有学者建议，相亲平台要承担起相应的管理责任，建立正向的情感表达和反馈机制，打造健康的网络情感交流空间。 上海婚姻管理协会副会长、梅园婚恋负责人楼琼莉提醒直播间相亲者：婚恋是人生大事，需要保持谨慎，线上初识时要避免过度投入情感，警惕潜在陷阱，更要小心“杀猪盘”等欺诈行为。 (应受访者要求，贺霓、涂幂、赵驰、蒲桃、刘宣为化名) 中青报·中青网见习记者 邹竣麒 记者 黄冲,2134,https://www.chinanews.com.cn/sh/2025/05-20/10418534.shtml,婚姻;结婚;婚恋;恋爱;相亲;单身;脱单;伴侣;对象;情侣;恋人
China News Service,2025-05-20,俞国良：婚姻关系对于孩子幸福感影响大于亲子关系,"中新网 5月20日电(记者 石睿)对于每个人而言，“家”是人生最早的课堂，也是成长深层的烙印，它可能是跌倒时托住身体的手掌，是迷茫时照亮前路的灯光，也可能是午夜梦回时挥之不去的叹息。那么，哪些家庭要素会对孩子的身心健康产生较大的影响呢？ 中国人民大学教授、全国学生心理健康工作咨询委员会副主任、开明心理健康教育研究院院长俞国良长期关注心理健康教育问题。其团队的研究揭示了上述问题的答案：家庭作为一个动因系统，其家庭结构、家庭关系、家庭环境、家庭功能四大要素，均会直接或间接给孩子心理健康带来影响。 研究釆用了三水平元分析和相对权重方法，对家庭如何赋能或影响孩子心理健康进行了系统研究。文献检索时间为2010年1月1日至2023年12月31日，按标准共纳入1020篇文献进行分析，总人数为239,7647人。 俞国良在接受记者采访时介绍，家庭结构是塑造一切家庭过程的基础，主要指家庭内部成员之间的组织形式，包括层级关系、成员责任和角色分配等。 研究显示，离异、单亲、重组和隔代等家庭结构对孩子的心理健康具有不利影响，其中，离异家庭对孩子心理健康的影响最大：离异家庭孩子出现消极心理健康状况的几率比未离异家庭孩子高42%，出现积极心理健康状况的几率比未离异家庭孩子低40%；单亲家庭和重组家庭对孩子心理健康的影响次之；隔代家庭对孩子心理健康的消极影响较小。 独生子女家庭对孩子心理健康具有积极影响，但影响程度相对较低。独生子女出现消极心理健康状况的几率比非独生子女低11%，出现积极心理健康状况的几率比非独生子女高17%。 家庭关系指家庭成员之间持续的、动态的互动模式与情感联结，包括婚姻关系、亲子关系和同胞关系，是孩子心理健康的“方向盘”。 研究发现，积极家庭关系可以通过缓解抑郁、焦虑，促进幸福感影响孩子心理健康；消极家庭关系则会加剧抑郁、焦虑，损害幸福感影响孩子心理健康。 具体来看，对于孩子抑郁和焦虑症状，亲子关系、婚姻关系和同胞关系的影响力依次由强到弱，例如，在积极家庭关系对抑郁的影响中，积极亲子关系解释率为70.75%、积极婚姻关系解释率为16.68%、积极同胞关系解释率为12.57%；在消极家庭关系对抑郁的影响中，消极亲子关系解释率为52.34%，消极婚姻关系解释率为25.07%，消极同胞关系解释率为22.59%。 对于孩子幸福感，积极亲子关系与幸福感之间呈显著正相关，消极家庭关系与幸福感之间呈显著负相关。同时，婚姻(夫妻)关系的影响力超过亲子关系和同胞关系。在消极家庭关系对幸福感的影响中，消极亲子关系解释率为27.10%，消极婚姻关系解释率为72.90%。 俞国良表示，研究结果支持了“积极家庭关系促进心理健康，消极家庭关系损害心理健康”的家庭保护论观点，因此，在家庭教育中应特别强调“家和万事兴”，在家庭关系建设中，应始终把培育良好的亲子关系和婚姻关系放在首位。 家庭心理环境对孩子心理健康重要性强于物理环境 家庭环境指家庭社会经济地位，积极教养方式和消极教养方式，其中，家庭社会经济地位为家庭物理环境，后二者为家庭心理环境。 研究显示，家庭社会经济地位、积极教养方式是孩子心理健康的保护因素，消极教养是方式孩子心理健康的风险因素。家庭心理环境对孩子心理健康的重要性强于家庭物理环境。 俞国良提到，家庭物理环境往往难以在短时间内得到改善，而心理环境的改善则可以通过多渠道实现。因此，家庭环境干预应以改善家庭心理环境为主要目标，以提高教养质量为主要内容，父母应通过积极教养方式来营造温暖、安全的家庭情绪氛围，进而有效提高孩子心理健康水平。 家庭功能是指个人成长过程中或经历特定生活事件时，家庭能够为其提供的支持和帮助，包括家庭情感(家庭成员之间的情感联系)、家庭沟通(在家庭内部表达思想和交流的过程)、家庭规范(家庭成员的行为规范、行为预期以及对家庭内部特征的界定以及对外部世界的价值观)和家庭问题解决(家庭成员面对压力时调整家庭结构，改变角色分配或规则，努力适应环境变化的灵活性)。 研究发现，良好的家庭功能能够降低孩子出现焦虑和抑郁情绪的风险，并能有效提高孩子的幸福感。其中，对于抑郁和焦虑症状，解释率由强到弱依次为家庭情感、家庭沟通、家庭规范和家庭问题解决；对于幸福感，家庭沟通和家庭问题解决的解释率要高于家庭情感和家庭规范。 俞国良指出，上述研究揭示了家庭影响对孩子心理健康的促进抑或阻碍作用，不仅助力家长有的放矢地优化家庭环境，践行科学育儿理念，也为家庭心理健康教育及心理健康服务提供了着力点。(完) 【",1868,https://www.chinanews.com.cn/cj/2025/05-20/10418572.shtml,婚姻;夫妻
China News Service,2025-05-20,广东“520”共结婚登记17418对 广州同比增41%,中新网 广州5月20日电 (记者 蔡敏婕)5月20日因“520”谐音“我爱你”被赋予浪漫寓意，很多新人会选择在这一天情定终身。根据广东省民政厅的数据，广东迎来新修订的《婚姻登记条例》施行后的首个结婚登记高峰，截至当天18时，全省共办理结婚登记17418对。 其中，广州全市办理婚姻登记2249对，同比增加41%，其中跨省市登记约993对，婚姻登记量创历史新高。在婚姻登记高峰日期间，广州全市各区婚姻登记机关举办集体婚礼、集体颁证、婚姻家庭辅导、民族婚服秀、婚庆主题曲发布、婚庆集市等各类婚俗改革活动。 “我们俩户籍都在福建省，在佛山工作。原以为异地领证遥不可及，没想到新政让我们在广州市花都区实现了‘双城记’的圆满。”在花都区举办的集体婚礼现场，新人罗先生、覃小姐手持婚书说道。 当20对新人在花都“岭南缘”完成“三拜礼”时，将“结发同囊”“合卺共饮”与现代宣誓结合，保留了传统中式婚礼的古典意趣。20对新人在鲜花、掌声和亲友的祝福声中许下相伴一生的美好诺言。 “我们将通过标准化服务、跨界合作和品牌推广，打造具有岭南特色的婚庆产业集群。”广州市花都区婚庆协会负责人黄颖琳表示，同步启动的婚庆集市成为产业协同的试金石，25家商家联合推出“万元婚庆大礼包”，从定制婚纱、珠宝首饰到智能家居、蜜月旅行，一站式满足新人多元需求，展现产业集群效应。 在广州市越秀区活动现场，10对新人举行了结婚登记颁证仪式。新人们穿过酒店金灿典雅的酒店大堂，携手漫步在亭台楼阁交错、小桥流水环绕的岭南园林，在亲友及嘉宾们的共同见证下宣读结婚誓词。 活动当天，越秀区婚俗文化体验活动也在越秀区婚姻登记处一楼甜蜜开市，越秀区民政局联合广州花园酒店、喜茶等企事业单位开展了一系列浪漫新颖、温馨甜蜜的婚俗文化活动，为新人们打造集婚恋情感、文化体验于一体的浪漫节日场景。 广东多地婚姻登记部门实行延时服务，满足新人们的领证需求，还通过增加登记预约量、优化登记服务、提高办证效率等多项保障措施，以实际行动践行为民爱民宗旨，用贴心服务提升幸福指数。此外，各地婚姻登记部门还举办了集体婚礼、新型婚育文化宣传、共植“幸福树”等一系列丰富多彩的主题活动。(完),908,https://www.chinanews.com.cn/sh/2025/05-20/10419100.shtml,婚姻登记;结婚登记;婚姻;结婚;婚恋;婚育;婚俗;婚礼
China News Service,2025-05-20,浙江杭州：“520”结婚登记热,怎么折都有面？这座北方小城用折叠箱房圈粉全球 老龙“长”新眉：百年火龙在代际接力中“燃”动中秋 没有板蓝根和黄芩！蓝芩喉糖引争议，律师解读 AI进入未成年人生活：是工具，还是依赖？ 弹指一挥二十载，北京香山论坛的“变与不变” 72小时能救命！每个年轻人都该知道的防艾常识 几十元开关收2800元，“维修刺客”的病根在哪？ 美国向中国返还64件（套）文物艺术品和古生物化石 日裔“台独”分子妄称“大陆没有户外售卖机” 事关“菜篮子” 电子计价秤作弊识别有了国家规范 “父亲背8个鸡蛋接考”，贺永辉作为新生代表发言 中新网评：三九胃泰的营销病，比胃病更该治 三大国宝壁画齐聚山西芮城 同空间并置展千年文脉 小猫悬于三楼外墙，小朋友默契配合成功施救 都市版绿野仙踪！上海国际光影节黄浦主会场抢先看 当户外茶会遇上消防演习，网友：意不意外 刺不刺激 人体也能带电？物理老师现场演示静电飞花原理 开学第一天完美诠释一喜一悲！网友：得瑟的爹 生无可恋的女儿 我国成功发射株洲太空星际PIESAT-2 13~16星,450,https://www.chinanews.com.cn/tp/2025/05-20/10418862.shtml,结婚登记;结婚
China News Service,2025-05-20,石家庄“520”结婚登记火热,中新网 石家庄5月20日电 (王夏菲)20日，河北石家庄高新区社会发展局婚姻登记处一派温馨甜蜜的景象，106对新人在这个特殊的日子里喜结连理。 因谐音“我爱你”，“520”成为近年来结婚登记的高峰日。 “我很注重仪式感，所以选了‘520’这个有意义的日子领证，还请了摄影师全程跟拍。”石家庄市民李依伦刚刚领到结婚证，她头戴白纱、手拿捧花，和爱人在登记处的“爱情秋千”下留下幸福合影。 来自河北保定的李爽同样选择在“520”领证。“我们提前咨询准备好证件，来这儿从取号到拿证不到1小时就完成了，很方便，连请的跟拍都还没到呢。”李爽笑道。 5月10日，新修订的《婚姻登记条例》正式实施，婚姻登记地域限制取消，新人领证不再需要户口本，婚姻登记全国各地通办。 “正好赶上‘全国通办’的第一个‘520’，我们不用再跑回老家登记了。”在石家庄工作的安安和董皓分别来自河南许昌和山东济南，婚姻登记“全国通办”后，对于长期在非户籍地工作的二人来说，进行婚姻登记更加方便。 据石家庄高新区社会发展局婚姻登记处负责人史超介绍，5月20日当天，为方便新人，该登记处提前1个小时办公，8时准时服务，同时增加志愿者维护系统，确保业务办理顺利进行。(完),513,https://www.chinanews.com.cn/sh/2025/05-20/10418958.shtml,婚姻登记;结婚登记;婚姻;结婚
China News Service,2025-05-20,简化流程、升级服务、便捷体验 婚姻登记新规开启“幸福加速度”,5月12日，来自山东省济宁市的高苹和男友，在新疆维吾尔自治区博尔塔拉蒙古自治州赛里木湖婚姻登记中心领到了结婚证。 几个月前，这对年轻人在网上看到赛里木湖新建婚姻登记中心的消息。这个距离乌鲁木齐520公里、总面积1314平方公里的景区，被赋予“一生一世我爱你”的浪漫寓意。“要是能在这儿领证就好了。”高苹没料到，后来真的心想事成。 5月10日，新修订的《婚姻登记条例》(以下简称《条例》)正式施行，婚姻登记“全国通办”政策落地，全国范围内办理结婚登记不再需要户口簿，凭双方身份证即可完成。 看到这个消息，高苹和男朋友特意调整了蜜月行程，在新规实施首个工作日，赶到赛里木湖婚姻登记中心，在心仪之地顺利领到了“红本本”。 5月12日，贵州省贵阳市南明区民政局婚姻登记处工作人员毛原静忙得不可开交，《条例》实施后首个工作日，她为70余对新人办理了结婚登记，其中60余对新人是带身份证来办理的，还有不少人打来电话咨询政策新规。 自5月10日《条例》实施以来，多地迎来首批异地户籍人员结婚登记小高峰。据新华网报道，当天北京全市婚姻登记预约1700多对，其中涉及“全国通办”业务约900对，较以往周末预约量有较大提升。上海市17个婚姻登记机关共办理婚姻登记1673对，涉及“全国通办”业务有462对；成都市23个区(市)县全覆盖开展延时服务，29个延时登记点共办理婚姻登记746对。 四川天府新区婚姻登记处负责人吴碧介绍，5月10日当天结婚登记30余对，远超平时周六的登记人数。 吴碧说，此次《条例》修订主要包含三方面内容：一是登记材料简化，内地居民持身份证及婚姻状况声明即可登记；二是实行婚姻登记“全国通办”，双方均是内地居民的结婚登记、离婚登记和补领婚姻登记证件都属于全国通办的受理范围；三是异地查档，婚姻当事人无须返回户籍地或原登记地调取婚姻档案，可跨省办理。“实现了让数据多跑路、让群众少跑腿，减少当事人往返的时间和金钱成本。” 刘岩和爱人均为集体户籍，今年3月登记结婚时，需分别前往各自户口所在的人力资源社会保障局申领加盖公章的集体户口证明。得知新规实施后无须再走这些流程，他感慨道：“太方便了。” 吴碧告诉记者，通过材料精简和流程优化，为一对新人办理登记的时间从之前的20分钟以上，缩短至现在的10分钟左右。 作为此前婚姻登记“全省通办”和“跨区域试点”政策的先行省份，贵州省为落实“全国通办”做了充分准备。贵州省民政厅社会事务处相关负责人介绍，贵州加强技术升级与数据共享，启用新版婚姻登记系统，与公安、法院系统联网核查信息，提升核验效率，同时通过预约分流、资源调配、延长服务时间等方式优化服务。在《条例》实施前开展全省婚姻登记管理工作培训会，规范特殊情况处理流程，储备应急预案以应对登记高峰。 毛原静介绍说，此前贵州实行婚姻登记“全省通办”时，需要当事人一方是贵州省户口，还需提供长期居住地的居住证，“现在实行‘全国通办’，只需要有效期内的身份证就行，年轻人办理婚姻登记方便多了”。毛原静工作的十几年里，深切感受到婚姻登记政策越来越便民、利民了，“以服务大众为宗旨，不断优化改进”。 为给前来登记结婚的年轻人定格美好回忆、带来便利体验，各地婚姻登记机构推出更多贴心举措。 “玉垒情深，芙蓉意重，两姓联姻、良缘永结……”在四川天府新区婚姻登记处，自今年4月起，新人在领取结婚证时，会收到一份仪式感满满的“爱在成都”定制版婚书。 在新疆赛里木湖婚姻登记中心，新人不仅能领取汉语、维吾尔语的双语结婚证，还可凭借在此登记的结婚证享受赛里木湖景区终身免门票政策。 在贵阳市南明区婚姻登记处，登记窗口旁就是免费婚检窗口。“我们原以为要专门去指定医院做检查，没想到这么方便，在旁边窗口就能抽血化验。”贵州小伙徐凯说。 5月12日，28岁的徐凯和女朋友前往贵阳市南明区民政局婚姻登记处领证，因心情激动，两人一开始跑错了地方，登记处快到下班时间了才赶来，原本担心当天领不上证，没想到10多分钟就办完了。“我们的户口簿在毕节老家，这次刚好赶上新条例实施，流程简便了很多。”徐凯说。 记者在颁证厅为这对小两口拍下一张照片。他们手持“红本本”，在两旁鲜花的映衬下，脸上洋溢着甜蜜的笑容。“我们相爱4年多了，今天是一个好的开始，未来我们夫妻会齐心协力、共同面对，创造属于我们的美好生活。”徐凯说。 “5月20日和21日会是登记高峰期。”吴碧说，天府新区婚姻登记处有200对准新人预约在这两天登记。她认为，从短期看，婚姻登记新规显著提升了婚姻登记效率以及新人的体验感。从长期看，新规将在引导婚恋价值取向、推动家庭结构演变及优化社会治理等方面，产生积极影响。 《条例》的推出，在社交平台上掀起热议。在相关话题讨论区，有部分网友担心，结婚、离婚登记门槛降低，可能会助长“闪婚闪离”现象。一名网友留言：“取消户口本要求，会不会让年轻人更容易冲动结婚、离婚？” 记者在采访中发现，新规落地后，一些年轻人加快了情感进程。5月12日，在北京市朝阳区民政局婚姻登记处，肖闯闯和女友凭身份证完成婚姻登记手续，顺利领取了结婚证。“我上周末刚见了女方父母，周一就领证了，也算‘闪婚’吧。”他笑着说，“选择在《条例》施行后的首个工作日领证，我们感觉很有纪念意义”。 毛原静介绍，在为每对新人办理婚姻登记时，工作人员都会仔细询问双方的婚姻状况、对彼此了解程度以及是否自愿登记等。针对此前出现过的不法婚介机构找“婚托”骗婚问题，贵阳市多个婚姻登记处会发放相关宣传材料，提醒大家提高警惕，并在登记过程中再三确认双方结婚意愿。她表示，尽管政策简化提升了便利性，但面对婚姻大事，年轻人需要“考虑清楚再来办理登记”。 徐凯认为，对于有责任心的年轻人而言，双方都是经过慎重考虑才来领结婚证的，“我和女朋友就是在经过严肃认真考虑之后，自愿决定成为合法夫妻”。 贵州省民政厅社会事务处相关负责人表示，《条例》的实施大幅提升婚姻登记的便利性，与此同时，注重强化婚姻的法律严肃性。民政部门不仅提升服务效率，还通过婚姻家庭辅导服务、信用惩戒机制等配套措施，实现便捷性与责任约束的平衡，不断进行社会治理创新实践。 中青报·中青网见习记者 蒋继璇 记者 陈晓,2540,https://www.chinanews.com.cn/sh/2025/05-20/10418513.shtml,婚姻登记;结婚登记;婚姻;结婚;离婚;婚恋;婚介;骗婚;闪婚;夫妻
People.cn,2025-05-20,80余对新人今日在宝山庙行一号湾街区登记结婚,人民网上海5月20日电 今日，80多对新人在宝山区庙行一号湾街区领到了结婚证。同步参与了在街区内举办的“龙”情蜜意·缘聚520系列活动。 庙行镇为宝山区西片区的各位新人和工作于周边园区写字楼的青年准备了诸多“浪漫活动”——除了“红双喜”剪纸教学和手捧花制作，还有音乐会、交友活动、爱情集市、宠物社交、非遗纸艺等丰富多彩的活动，为520增色。 在这里，新人凭当天申请的结婚证就可以免费参与“红双喜”剪纸教学和手捧花制作体验，在庙行达人的帮助下，亲手制作备婚的小物料。 在一号湾街区，50名来自园区企业、机关事业单位等地方的单身青年相遇，通过精心设置的环节互相了解。此外，宠物社交活动让狗狗们也体验到了“心动”的感觉。与此同时，在共康街区，一场专属骑手小哥的爱情故事也在发酵升温，20多名单身青年在升级版屹立家园畅享驿站参与活动。 来自上海外国语大学贤达经济人文学院艺术教育系和上海民办至德实验学校室内乐团的管弦乐手们在绿荫草坪带来音乐盛宴，以音会友，以乐治愈。 午间，30余名街区青年报名参与“猫鼠游戏·全城追爱”挑战赛，通过抽签决定猫鼠身份，开展追逐游戏。 场北街区党支部、笑涵阁女装、久涞医美、星巴克、七色峰糖葫芦等优质企业及单位都前来设摊，无论是公益美甲、串珠体验乃至传统美食，集市中可谓应有尽有。 青年交友、爱情集市、宠物社交、非遗纸艺、音乐快闪等丰富多彩的活动为今天的领证日增添了不少色彩。这不仅是一场充满仪式感的浪漫之约，更是庙行镇践行“民生为本、服务为先”理念的生动实践。 庙行镇团委负责人表示：“今天参与520活动的人次比我们预想得更多。组织这场活动，也是希望在宝山这个浪漫的地方，让有情人能彼此相遇。希望借这么多的特色活动来打造一个适宜青年发展成长相遇的‘青年发展型城区’。”,746,http://sh.people.com.cn/n2/2025/0520/c134768-41233944.html,结婚;单身
People.cn,2025-05-20,“全国通办”首遇“520” 成都“网红”婚姻登记处结婚人数较去年提升41%,人民网成都5月20日电 （记者朱虹）5月20日，因谐音“我爱你”，成为每年结婚登记的高峰期。据成都市民政局相关数据，今年“520”，成都市婚姻登记机关预约总量2684对。今日，记者前往成都“网红”婚姻登记地——锦江区民政局合江亭婚姻登记处，了解新修订的《婚姻登记条例》实施后，幸福细节有哪些不一样？ 5月20日，成都市锦江区民政局合江亭婚姻登记处现场。人民网记者 朱虹摄 5月20日一早，锦江区民政局合江亭婚姻登记处2号窗口的婚姻登记员曹彪就开始忙碌起来。 “今天，我们提前半个小时开门迎接新人的到来。”曹彪说，新修订的《婚姻登记条例》自5月10日起施行，婚姻登记实现“全国通办”，提高了登记便利性。“新政实施后，新人只需要出具本人的居民身份证就可以登记，证明材料精简了，减少资料审核，减少了步骤，原来办理一对新人需要12分钟，现在10分钟内即可完成登记。” 婚姻登记员曹彪将办理好的结婚证交到一对新人手中，并送上美好祝福。人民网记者 朱虹摄 “恭喜你们，这是你们的结婚证，祝你们幸福美满、长长久久！”曹彪微笑着，将办理好的结婚证交到一对新人手中，并送上祝福。他告诉记者，今年来合江亭婚姻登记处办理的新人，较去年“520”提升了41%，但登记效率更高了。为提高服务质量，登记处当日还增加了15名工作人员来为新人们提供更快捷的服务。 在登记现场，记者发现改变的不只是办证流程、资料，还有新人的仪式感。5月20日，锦江区民政局与相关部门携手为6对新人打造了一场跨越时光、融合公益的温暖婚礼。区别于传统婚礼形式，本次活动特别融入慈善元素，将婚礼与公益融合。每对新人均参与慈善捐赠，用“爱的仪式”延展为“爱的行动”。 “合江亭作为一处具有深厚文化内涵和浪漫寓意的千年地标，近年来成为众多新人选择结婚登记的地点。”成都市锦江区民政局工作人员蒋文社介绍，合江亭因府河与南河在此交汇而得名，其名字中的“合”字寓意“百年好合”和“镜圆璧合”，象征着婚姻的美满与永恒，“在这样一个充满美好寓意的地方举行仪式，也是希望让婚姻登记不仅仅是流程，更成为共同走进家庭、走向社会责任的庄重仪式。”,884,http://sc.people.com.cn/n2/2025/0520/c345509-41233715.html,婚姻登记;结婚登记;婚姻;结婚;婚礼
People.cn,2025-05-20,“幸福指数”升级 江苏多地迎来结婚预约登记高峰,原题：“幸福指数”升级，江苏多地迎来结婚预约登记高峰 即将到来的5月20日、5月21日（谐音我爱你），全省多地迎来结婚预约登记高峰，甚至出现预约登记已满的情况。恰逢“好日子”扎堆的5月，在这波“甜蜜档期”的催化下，全省婚庆消费正迎来火热态势。 当前，江苏正在深入推进婚俗改革，大力发展“甜蜜事业”。如何创新场景、激活生态，讲好更多浪漫甜蜜的故事？如何把握这一机遇，培育发展幸福产业新动能，为人民生活添彩？值得关注。 新修订的《婚姻登记条例》自5月10日起施行，明确婚姻登记实现“全国通办”，且在办理婚姻登记时不再需要出具户口簿。 5月17日一大早，南京市建邺区宪法公园就热闹了起来。来自山东的年轻人李丽、王桂洋，成为宪法公园结婚登记点正式开放后，迎来的第一对新人。这也是全国首个以宪法为主题的结婚登记点。 “我们俩都是山东泰安人，在南京工作，非常喜欢南京这座城市。在宪法公园领证，并且是这个点第一对新人，真是讨到了好彩头，非常有纪念意义。”李丽兴奋地告诉记者。 李丽是宪法公园的一名讲解员，在得知这里要设置结婚登记点后，她就决定要在宪法公园领证。恰好新修订的《婚姻登记条例》正式施行，“不用户口簿，也不要居住证，只出示身份证，核对信息后，就顺利领到了结婚证，免去了回老家的奔波之苦。”李丽高兴地说，没想到，领证只用了不到5分钟。 手续虽简短，仪式依然庄重。拿到红本本的李丽小两口，手拉手走上了象征着通往幸福生活大门的粉色爱心小路，在花团锦簇的打卡墙郑重签下姓名、拍照留念，定格住幸福的瞬间。 “在南京宪法公园设立结婚登记点，以‘宪法护佑美好爱情’为主题，就是要弘扬宪法精神，维护宪法权威，为新人带来既庄重又浪漫的仪式感。”建邺区民政局婚姻登记处负责人栾雅晴介绍，宪法公园结婚登记点的选择是经过多方认证的成果，除传统的登记领证外，针对新一届年轻人的社交属性等，登记点还设有青年咖啡吧，开辟青年交友活动场所，专门开设了两处浪漫唯美打卡点，到宪法公园、走幸福花路，吸引不少年轻人慕名而来、打卡留念。 对于长期在非户籍地工作的新人来说，进行婚姻登记更加便捷。“不用纠结谁迁户口，我们只需要纯粹考虑感情因素，来一场说走就走的结婚。”在南京工作的安徽人朱女士，也选择在这周和爱人领了结婚证。“到淮安旅游，碰上新政发布，经过家人同意后，我们就在这里领证啦！”朱女士期待地说，没想到这里布置得这么美，等结婚纪念日时还会约上朋友来游玩。朱女士和爱人领证的淮安盱眙婚姻登记处，是该县探索婚俗改革新路径，提档升级婚俗馆和颁证大厅，融合打造的集第一山历史文化、黄花塘红色文化、天泉湖绿色文化三位一体的新阵地。 喜悦背后，是个人幸福与社会进步的双向奔赴。 如今，新人可以选择在扬州二十四桥畔互赠“鎏金婚书”，在白塔晴云拍摄传统婚照，让千年文脉见证百年好合；可以到东台，董永故里西溪景区、“户外婚礼示范基地”黄海森林公园、“一纸婚书”结发街，感受爱情长廊、户外颁证“囍广场”、爱情邮局的浪漫；可以到镇江，体验“新白娘子爱情主题公园”户外领证；还可以到连云港，在羊山岛彩虹灯塔、丝路小镇爱情礼堂、海上云台山天然诗笺刻画下浪漫的“爱情坐标”。 截至目前，我省已设置景区婚姻登记点28处、户外颁证基地90处、婚俗文化馆74处、婚姻文化创意街区18处。省民政厅相关负责人表示，今后江苏还将持续打造环境优美、设施齐全、宽敞舒适的户外结婚“网红打卡地”，举办大型婚俗改革特色活动，征集中式结婚誓词，创办爱情诗词大赛，创新富有江苏特色的婚姻登记服务品牌，促进“登记+文旅”融合，更好满足新人对新时代婚姻文化的需求。 传统的“甜蜜经济”涵盖婚庆策划、婚纱摄影、婚宴酒店、蜜月旅游、家政服务等多个领域，是促进消费增长、提升城市幸福指数的重要抓手。如今，从“一站式婚登服务”到“目的地婚礼旅拍”，从传统文化IP赋能到数字化婚礼体验，各地正通过创新业态和跨界融合，重塑“甜蜜经济”新业态。 “再过几天就要领结婚证了，特意来选一套心仪的婚纱。”5月18日，苏州吴中区的顾女士和爱人，带着一大家子专程到虎丘婚纱城采购婚礼礼服，“我喜欢的新中式，妈妈喜欢的古典旗袍，爸爸喜欢的定制西装，甚至是跟拍和宴会，来这里可以一站式采购齐备。” 从一件婚纱，到一站式婚尚服务，苏州虎丘婚纱城已经成为长三角一带“甜蜜地标”之一，带动了设计、面料、电商等产业链全面升级，不仅是中国甜蜜经济发展的重要板块，更是助力中国婚尚品牌走向全球市场的引擎。 “全国各地甚至是国外的客户，明显增多了。”婚纱设计师苏娟娟坦言，每季度要推出近三十款婚纱样式，除了迎接5.20，还要全力筹备下半年十一国庆小高峰，“订单已经排到了半年后。” 消费市场热销，上游生产企业也订单不断。作为营造仪式感的最强氛围组，网纱、布景道具等生产企业订单也持续增长。这几天，新河镇电商王学滔家千余平方米的仓库内一片繁忙，几十名工人分工明确，将各色鲜花等整理、打包，发往全国各地。 “刚过完母亲节，又迎来5.20，这个月订单量持续攀升。”王学滔说，特别是象征百合、玫瑰等花卉订单量激增，各地通过线上线下融合的销售模式，将这份独有的浪漫送往全国千家万户。 “甜蜜经济”不仅是情感消费的载体，更是文旅产业从“流量”到“留量”转型的关键抓手。 在苏州，轨道交通集团发布“乘着地铁去结婚”，引导新人游在苏州、爱在苏州，乘着地铁向幸福出发，姑苏区围绕古城耦园、苏州昆剧院、虎丘婚纱城三大爱情地标，定制了以“浪漫古城爱情之旅”为主题，集婚登、文旅、产业于一体的3条爱情路线。在无锡，新型婚育文化与梁祝、梁鸿孟光等传统文化相结合，打通蠡湖观光“1314”爱情专线，开设“情满运河·为爱留影”夜游活动等都成为新的“甜蜜地图”，串联形成甜蜜经济服务带。在成都，合江亭婚姻登记处与春熙路商圈联动，新人凭结婚证可享受127家商户专属优惠，形成“婚登+消费”的经济闭环。 一场婚礼，激活的是一条产业链，带火的是一座城。云南丽江的玉龙雪山脚下，原本冷清的民宿因推出“雪山婚礼”套餐而爆满。宣恩举办的一场土家传统民俗婚礼直播，全平台共计30万人次观看量，激发民俗文化旅游新活力。 江苏党建研究院研究员、省妇联执委薛莉建议，依托现有基础，探索建设一站式婚庆产业园，搭建婚恋产业联盟，强化对现有婚庆、旅游、住宿、拍摄等资源整合，以“婚庆+”全要素发展为主线，推出更多提供轻量化、定制化服务的一站式婚宴服务中心，完善求婚、婚纱、婚宴等全流程产业链条，真正让年轻人办婚礼省时、省力、省心、省钱。 深挖需求，从“浪漫消费”跃升“幸福产业” 从制度入手，多地开始系统布局“甜蜜经济生态圈”。 苏州市民政局联合16部门印发《“苏式婚姻”365行动方案》，以“网红”婚姻登记处为起点，搭建婚礼文化产业共享服务平台，充分链接婚庆产业资源优势，不断做优婚姻登记延伸服务内容，辐射带动周边形成高质量甜蜜产业集聚区。杭州市发布“甜蜜杭州”公共品牌，将婚恋服务与文化体验、休闲旅游、食宿消费等融为一体。南昌青云谱区通过构建甜蜜经济联盟，将全区婚宴、摄影、月子中心等上下游企业链接起来，助力企业协同发展。 目前，苏州虎丘婚纱城年交易额超100亿元，在全国一级婚纱市场占有率近八成。“婚纱城跨境外贸示范区项目已经正式启动，规划面积2400余平方米，旨在打造集产品展示、跨境交易、国际合作于一体的国际化平台，为苏州婚纱产业链接欧美、南美、中亚、中东及东南亚市场提供战略支点。” 苏州虎丘婚纱投资有限公司副总经理谈骐霆说，示范区首批共入驻卡特、德茜拉、FIDDY898等7家企业，涵盖高端定制、时尚轻奢、传统工艺等多元化婚纱礼服品类，均具备稳定的海外客源与出口订单。 谈骐霆介绍，婚纱城正积极与当地民政部门沟通规划设立婚姻登记点，建成后将成为业内首个实现婚登+的婚嫁服务中心，未来的虎丘婚纱城将融合“文、商、旅”全面发展，建设成为集婚嫁文化、高级定制、时尚发布、产业运营于一体的国际化婚尚产业中心。 近年来，不时有情侣在元宇宙平台宣布举行虚拟婚礼。充满科技感的元宇宙婚礼目前尚未普及，但数字技术的深度嵌入，使“甜蜜经济”不断突破边界。AR试穿婚纱、区块链爱情存证、AI婚礼管家等创新服务，空间无限。 专家分析，从产业链的角度看，“甜蜜经济”未来还可扩展至更多的时尚、珠宝设计、潮流品牌等高价值产出企业。 比产业链接更重要的，是构建情感连接。江苏省委党校社会和文化教研部教授黄菡认为，在人口结构剧变、消费代际更迭的当下，甜蜜经济正面临关键转折，唯有突破场景局限，重构价值逻辑，深度挖掘“幸福需求”，才能完成从“浪漫消费”到“幸福产业”的质变跃迁。 “做大‘甜蜜经济’这块‘蛋糕’，除了要有‘流量’思维，推出更多让人眼前一亮的甜蜜地标，讲好更多浪漫甜蜜的故事，还要把爱情的‘流量’转化为城市的‘留量’。”薛莉说，要在万亿市场中抢占先机，还须跳出传统婚庆服务的同质化竞争，以“幸福价值链”重构为核心，从产业生态、服务创新、技术赋能、政策协同等多维度破局，真正将“情感价值”转化为可持续发展的“商业价值”。 婚姻产业的发展需要大量的专业人才。薛莉建议，行业协会可以与高校、职业院校等合作，开展相关专业的人才培养工作。目前不少地方开始机制性探索，比如常州市凝聚全市专业人才力量，组建婚姻家庭辅导专家团，以线上线下相结合的形式，为有需求者提供精准的婚前辅导、婚姻辅导和离婚疏导等服务。 “政策的调整为婚姻产业带来了新的机遇，同时也伴随着一定的挑战。”薛莉说，企业应当通过提高产品和服务的质量，满足消费者的需求，从而提高市场竞争力，政府应加大力度促进婚姻产业与其他产业的融合发展，同时出台相关政策，鼓励和支持婚姻产业的发展，“当然，这不仅是对甜蜜经济的拓展，更是全社会对个体幸福更深层次的托举。”（陈明慧 唐悦 顾星欣）,4015,http://js.people.com.cn/n2/2025/0520/c360303-41232595.html,婚姻登记;结婚登记;婚姻;结婚;离婚;婚恋;婚育;婚俗;婚嫁;情侣;婚礼
People.cn,2025-05-20,武汉“520”浪漫婚姻登记图鉴--湖北频道--人民网,5月20日，这个因谐音“我爱你”而被赋予独特浪漫色彩的日子，江城武汉变身甜蜜的海洋。当“520”的浪漫钟声敲响，武汉各婚姻登记处以各具特色的活动，为新人们打造了一场充满仪式感的幸福之旅。​ 上午10时，洪山区“爱满洪山·见证良缘”主题集体颁证仪式在精心布置的颁证室盛大开启。水墨风“新婚快乐、白头偕老”打卡背景墙庄重典雅，喜庆的“囍”字贴画与缤纷鲜花相互映衬，营造出浓厚的新中式浪漫氛围。多对新人与亲朋好友齐聚一堂，共同见证这一神圣时刻。随着主持人的引导，男女双方神情庄重又难掩激动，齐声宣读爱的誓词，一字一句饱含着对彼此的深情与对未来生活的期许。登记处负责人逐一为新人颁发结婚证，当新人们接过象征幸福与责任的“红本本”时，现场掌声、笑声、快门声交织，将珍贵瞬间永恒定格。​ 汉阳区以“爱的光影印记——免费浪漫摄影”和“墨香传情·团扇寄福——文化体验”活动，为新人带来独特的浪漫体验。“中式古典”与“现代简约”双主题打卡区人气爆棚，中式区红灯笼高挂、油纸伞轻摇、雕花屏风古朴雅致；现代区布置简洁时尚，别具风情。专业摄影师穿梭其中，用镜头捕捉新人们最自然美好的瞬间，为每对新人拍摄3至5张纪念照，并现场赠送电子版精修照片。在“墨香传情·团扇寄福”活动现场，特邀书法名家挥毫泼墨，在漆后的团扇上题写新人姓名与“琴瑟和鸣”“白首同心”等祝福诗句，结合团扇“圆满”的美好寓意，为新人打造专属新婚信物。拿到团扇的新人爱不释手，直言这是最有意义的结婚礼物。 晨光微露，蔡甸区民政局婚姻登记处便热闹非凡。五彩斑斓的气球与飘逸的彩带环绕着文明婚俗宣传栏，将登记处装扮成浪漫与教育并存的温馨空间。婚姻家庭辅导老师和志愿者穿梭在排队的新人间，通过发放图文并茂的宣传手册、热情细致地讲解，向新人们传递婚事简办、新办的理念，剖析高价彩礼、铺张浪费等陈规陋习的弊端，倡导树立正确的婚恋观和家庭观。在集体颁证仪式后，登记处还准备了精美的相框、色彩鲜艳的印泥和装饰材料，邀请新婚夫妇共同制作手印相框。在辅导老师的指导下，新人们相互配合，脸上带着羞涩又幸福的笑容，将双手沾满印泥，轻轻按在相框上，留下象征爱情与承诺的印记，也在动手实践中进一步树立了文明婚俗意识。​ 经开区婚姻登记处则化身为“浪漫制造机”，在周边精心设置的“氛围打卡区”成为新人们的心头好。每一对领取结婚证的新人，都能凭登记证领取一束娇艳欲滴的“祝福花束”，走进打卡区，仿佛踏入梦幻的爱情城堡。这里不仅有精心布置的场景，还提供头纱、手捧花、复古道具等，供新人们自由搭配，拍摄专属婚书纪念照。新人们相互依偎，在镜头前展现出最甜蜜的模样。此外，现场设置的“时光信箱”“爱情宣言墙”也备受欢迎。新人们认真地写下对未来五年的期许，将信件投入信箱，约定五年后开启，强化彼此的婚姻承诺；在“爱情宣言墙”上，一句句真挚的爱情宣言跃然墙上，与其他新人共同分享这份甜蜜与幸福。而趣味横生的默契问答环节，围绕新人的生活习惯、兴趣爱好、重要纪念日等方面展开，轻松幽默又不失温馨浪漫，新人们在欢声笑语中增进了对彼此的了解，默契值高的新人还获得了精美的礼品，为爱情增添了一份甜蜜的惊喜。​ 自5月10日新修订《婚姻登记条例》实施以来，“全国通办”政策落地生根，无需户口簿，材料大幅简化，办证效率显著提升。“520”当天，婚姻登记处的工作人员提前做好充分准备，已预约的新人持证件到场后，材料由工作人员提前审核，5分钟内即可领到结婚证；未预约的现场办理也只要10分钟左右，有效减少了排队等待时间。现场设置的清晰指引牌，让预约办理区与现场办理区秩序井然。​ “520”谐音“我爱你”，“521”恰逢小满节气，有小得盈满的美好寓意，不仅“520”结婚预约火爆，“521”同样备受新人青睐。为迎接连续两天的登记高峰，武汉市民政局积极部署，各区婚姻登记处增派力量、主动服务，用贴心的服务为新人们的幸福助力。​（文/图 张曼舒）,1611,http://hb.people.com.cn/n2/2025/0520/c406123-41233575.html,婚姻登记;高价彩礼;婚姻;结婚;婚恋;彩礼;婚俗;婚礼
People.cn,2025-05-20,江西南昌：“520”登记结婚 倡导节俭婚礼新风尚--江西--人民网,人民网南昌5月20日电 （记者时雨）“我们自愿结为夫妻，从今天开始，我们将共同肩负起，婚姻赋予我们的责任和义务……”5月20日，江西省南昌市一处婚姻登记中心内举行了一场甜蜜的集体颁证仪式，十余对新人集体宣誓，祈愿婚姻幸福美满，感悟婚姻家庭所蕴含的责任与担当。 活动现场，工作人员向前来办理结婚登记的新人们发放《推进婚俗改革 弘扬文明新风》倡议书，引导大家树立正确的婚姻观和价值观，倡导文明、节俭的婚礼新风尚。 “2025新修订的《婚姻登记条例》已于5月10日正式实施，新修订的条例进一步提高了市民办理婚姻登记业务的便利性。”婚姻登记中心工作人员介绍，婚姻登记“全国通办”以后，居民申请结婚登记，男女双方只需要出具本人的居民身份证，及本人无配偶以及与对方当事人没有直系血亲和三代以内旁系血亲关系的签字声明，不再需要出具户口簿。,362,http://jx.people.com.cn/n2/2025/0520/c186330-41233964.html,婚姻登记;结婚登记;婚姻;结婚;婚俗;夫妻;配偶;婚礼
People.cn,2025-05-20,青春集结！解锁青年婚恋全新“方程式”,5月18日，包头市青山区三生教育实践基地迎来了一场独具特色的青年联谊交友活动，30对青年男女迎着初夏的微风玩游戏、品美食；蒙古包内，奶茶醇香、奶食清甜，男女青年在轻松愉悦的氛围中悄然拉近距离。 近日，内蒙古各地团组织纷纷“下场”，通过举办丰富多彩的交友活动，为各地青年男女搭建交友平台。 多年来，内蒙古扎实做好共青团服务青年婚恋工作，2024年初自治区团委印发《服务青年婚恋交友工作提示》，指导全区各级团组织在七夕等节点开展多元交友活动，并着力加强正确婚恋观、家庭观引导。 针对不同青年群体的特点，各地团组织为辖区青年量身定制服务方案。边防战士与驻地姑娘在“卫国戍边 青春同行”军地联谊中相识；电力工人在“爱在北疆 石榴花开”集体婚礼上许下誓言；高层次人才通过“官方严选”模式结识志同道合的伴侣；在北京生活工作的内蒙古单身青年通过“青春心动力 友爱新出发”京蒙青年主题联谊活动实现跨越千里的邂逅，让在京发展的北疆各族儿女在乡音乡情中寻觅知音。 2023年至2024年，全区各级团组织已累计开展婚恋交友活动834场，服务青年7.9万余人。今年，朵朵“婚恋服务之花”再度绽放在北疆大地。 3月16日，呼和浩特市“初见如梦 爱启新程”青年交友联谊暨婚礼沙龙活动吸引百余名单身青年、备婚青年参与，细节满满的中西式婚礼文化演绎、浪漫唯美的婚纱走秀，让青年们沉浸式感受传统与现代婚礼的魅力。 5月19日至20日，“会”聚良缘·爱在北疆——青年职工交友联谊活动在阿尔山市启幕，奶茶暗号、松针谜语书签、旧衣制作手绳、心跳计数器……一个个精心设计的小环节让嘉宾开心畅玩。 各地的交友活动收获众多好评。参与活动的青年人才韩丽娜和雷羚杰都认为，这是工作之余非常难得的交友机会！不仅能拓展人脉圈，还能和志同道合的朋友交流兴趣爱好，非常惬意。 与此同时，各地纷纷探索青年婚恋的全新“方程式”。呼伦贝尔市建立全区首个青年婚恋交友协会，青年婚恋工作走向专业化；赤峰市、鄂尔多斯市建立了婚恋主题公园、广场，打造综合性服务基地。 “我们在不断探索活动的外延，除了常规的互动游戏、才艺表演，还在活动中融入文体活动、志愿服务、技能大赛、非遗体验等健康向上的集体活动，为青年提供多元化的交友服务。”内蒙古自治区团委相关负责人表示。如今，内蒙古青年相识的场景早已突破传统相亲模式，线上线下全方位解锁交友新场景。 2023年，自治区团委启动“爱在北疆”线上平台，同城交友、亮点活动分享、婚恋课堂等板块上线，实现从互动交友到婚育知识获取的“指尖服务”。截至目前，共注册646家会员单位、5880余名个人会员，122841人次通过小程序参与活动。 “当前，年轻人的婚恋观念从传统条件匹配转向精神共鸣。婚恋交友方式线上便捷、线下丰富，年轻人唯有真诚沟通、明确需求，方能收获幸福。”新途径青年成长与发展社区、精英婚恋网负责人云灿说。 除此之外，由高校教授、心理咨询师、法律顾问等优秀人才组成的“最强大脑”，正在为青年婚恋提供专业支持。全区青年婚恋导师专家智库不仅定期发布婚恋观调研报告，导师还走到青年中间开设“婚恋课堂”，通过理论宣讲、主题教育、政策解读等方式，引导青年树立正确价值观。 “我们希望通过青年婚恋交友活动，增进不同青年群体的交往交流，让青年有更多的获得感、幸福感，推动更多青年人才融入北疆、扎根北疆。”内蒙古自治区团委相关负责人表示。（记者 孙柳）,1405,http://nm.people.com.cn/n2/2025/0520/c347186-41233032.html,婚恋;婚育;相亲;单身;伴侣;婚礼
People.cn,2025-05-21,Z世代婚恋观：赞成“三无”极简婚礼者已超四成,Z世代婚恋观调查：赞成“三无”极简婚礼者已超四成 婚姻登记新政实施恰逢5月领证网红月。记者昨天从本市多个区的婚姻登记中心获悉，不仅“520”这个日子的结婚登记预约名额被一抢而空，“521”这个往年相对冷门的结婚登记日，因当天是传统节气小满的缘故，也被新人们青睐。据统计，“520”当天预约婚姻登记的有1835对，“521”预约数达1725对。 前来登记的新人不少是Z世代（1995年至2009年出生的一代人），他们对婚姻登记持什么态度、有什么样的婚恋观？ 5月10日，新修订的《婚姻登记条例》施行，婚姻登记实现“全国通办”。新政不仅让“偷户口本结婚”成为历史，也折射出Z世代对“领证自由”的诉求。 Z世代如何看待领证？社交平台Soul App发布的《2025年Z世代婚礼态度洞察报告》显示，50.83%的95后坚持“必须领证”，认为领证是爱情从浪漫到现实的“仪式感里程碑”。其中，女性对“只办婚礼不领证”的支持率高于男性。 调研基于2091份回收问卷，超过五成的群体来自一线以及新一线城市。超六成受访者视领证为“对伴侣的公开承诺”，男性选择必须领证的比例达51.76%，女性为41.04%；其中，27.39%的女性支持“只办婚礼不领证”。 Z世代想要一个什么样的婚礼？《2025年Z世代婚礼态度洞察报告》显示，71.68%的受访者支持保留彩礼/嫁妆形式，但主张金额可量力调整。超四成年轻人倡导“三无”极简婚礼，即无天价彩礼、无接亲堵门、无煽情催泪，主张以去繁就简的方式抵制攀比。 其中，女性尤其倾向小规模婚礼，有30%的人认为婚礼婚宴不要超过50人，甚至5%的人认为10人足矣。她们更希望与亲友共享温馨体验，而非追求排场。一位受访者表示：“与其花几十万请不熟的人，不如把钱用在旅行结婚上。” 去年夏天，Soul App平台与上海大学联合发布的《2024年青年婚恋观念及趋势调查报告》显示，越年轻的群体越认为婚姻应以“自我价值实现”为出发点，更重视婚礼本身带给自己以及所爱之人的感受，而不是单纯的走个形式。00后女性中，超半数视“提升自我，共同实现人生理想”为婚姻核心价值，希望婚姻成为双向滋养的纽带。 在社交平台相遇的90后小杨和小林，用三年异地恋诠释了Z世代对婚姻的独特定义。两人相识六天后线下见面确认关系，异地期间他们通过24小时在线联络、“云养宠”维系感情，共同抚养的柯基“饭团”成为情感纽带。领证当天，他们特意为“饭团”定制小礼服，携爱犬在婚姻登记处拍摄全家福，并记录了这一时刻。 婚礼记录方式亦呈现代际分化：57.02%的00后偏好专业跟拍，而男性更热衷社交媒体分享。为此多地婚姻登记处顺势升级服务，比如黄浦将位于历史保护建筑、比邻外滩的婚姻登记中心进行了全面优化改造，在豫园设置“凤祥喜事”结婚登记点，推出“婚管家”面对面、一对一全流程帮办服务；虹口在“最浪漫”的甜爱路设置婚登分中心，打造爱情诗篇墙和网红打卡地。,1213,http://sh.people.com.cn/n2/2025/0521/c176737-41235102.html,婚姻登记;结婚登记;天价彩礼;婚姻;结婚;婚恋;彩礼;伴侣;婚礼
People.cn,2025-05-21,八步区“520”婚姻登记火热 跨省领证省心更暖心,今年5月20日，是新修订的《婚姻登记条例》正式施行后的首个特殊的日子，迎来异地领证热潮。5月20日，在广西贺州市八步区民政局婚姻登记处看到，一对对新人在工作人员的指引下，有序地进行着婚姻登记的各项流程。现场气氛温馨而浪漫，新人脸上洋溢着幸福的笑容。 在八步区婚姻登记窗口，一对对新人正在办理结婚手续。盘姝吚摄 “因为我觉得今天这个日子很特殊，很有纪念意义。等待的时间虽然比较久，但是整个流程2分钟就差不多完成了，非常快速，给工作人员点赞。”领证新人杨先生、欧阳女士开心地说道。 自5月10日起，婚姻登记实现“全国通办”，新人只需提供双方身份证和三张两寸的合影照片即可，无需再出示户口本，这一便民政策刚好赶在结婚登记高峰月中备受新人们青睐的 “520”（谐音“我爱你”）之前落地。许多跨省情侣选择在5月20日这一天领证，八步区民政局婚姻登记处的工作人员也提前做好了充分准备，让新人们在轻松愉快的氛围中完成婚姻登记。 领证新人张先生、刘女士说：“新的条例出来了，我老公是外地的，我们可以直接在当地申领结婚证，只需要带身份证和照片就可以了，比以前要方便很多。” 新人在登记处合影留念，用镜头定格这一甜蜜瞬间。陈海婷摄 “为应对‘520’‘521’结婚登记高峰，八步区民政局婚姻登记处推出预约办理、错峰办理、延时办理等便民举措。工作人员‘为爱加班不打烊’，确保当天所有新人顺利领结婚证。” 八步区民政局局长陈业说。 （李帅 陈海婷 盘姝吚）,616,http://gx.people.com.cn/n2/2025/0521/c229260-41235080.html,婚姻登记;结婚登记;婚姻;结婚;情侣
People.cn,2025-05-21,博白县“520”婚姻登记火热 新风拂来幸福新画卷,今年5月20日，是一个充满爱意与浪漫的特殊日子，也是新修订的《婚姻登记条例》实施后的首个“520”登记日。这一天，博白县政务服务中心二楼婚姻登记大厅内洋溢着甜蜜温馨的氛围，县婚姻登记窗口通过优化服务流程、创新婚俗改革举措，为新人提供高效、温馨的登记服务，见证一对对新人携手步入婚姻殿堂，许下相伴一生的美好誓言。截至当天17时，博白县民政局婚姻登记窗口共为212对新人完成结婚登记。 全国通办+智能服务：高效便捷，开启幸福新速度 “以前回户籍地登记要请假两天，现在在博白县当天就能办好，太方便了！”来自江西的务工人员小周夫妇对博白县高效便捷的服务模式，连连点赞。为应对“520”登记高峰，博白县民政局提前谋划，开启“分段预约+材料预审”模式。新人可通过“八桂有约”APP、玉林市民政局等微信公众号提前预约，并上传身份证、照片等材料，让结婚登记更加有序高效快捷办理。同时，依托全国婚姻信息库与公安、法院系统联网核验，对虚假声明坚决说“不”，筑牢婚姻安全防线。这不仅极大提高了登记效率，也为新人节省了时间和精力，体现了数字化时代婚姻登记服务的与时俱进。 工作人员向新婚群众宣传婚事新办等内容。博白县民政局供图 移风易俗纵深推进：摒弃陈规，拥抱幸福新风尚 近年来，博白县以婚俗改革为突破口，通过制度创新与文化浸润双向发力，让婚事简办、新办成为社会风尚。全县28个镇积极推动各村（社区）将婚事新办、破除高价彩礼等移风易俗内容，依照规范程序纳入村规民约（居民公约），有效遏制高价彩礼、大操大办等陈规陋习，降低青年婚嫁成本。目前，全县359个村（社区）已100%完成相关内容规范程序的纳入工作。同时，通过印发1万余份《移风易俗倡议书》，并开展对外窗口宣传、入户宣传以及指导各镇深入村（社区）、自然村入户宣传等方式，营造浓厚的宣传氛围。 服务升级赋能家庭：专业辅导，夯实幸福新基石 博白县民政局将婚姻登记与家庭建设深度融合，在“520”当天开设“新婚第一课”，惜缘婚姻家庭辅导室工作人员为新人提供婚姻辅导，内容涵盖家风传承、沟通技巧等实用内容。“婚姻不是终点，而是共同成长的起点”，志愿者香律师开展服务时和新人们强调，“我们希望通过辅导，帮助新人树立责任意识，为家庭幸福奠定基础。”这一举措，从婚姻登记的源头出发，关注新人婚后的家庭生活，以专业辅导为新人提供婚姻经营的知识和技巧，对于促进家庭和谐、社会稳定具有重要的现实意义，凸显了其时效性与社会价值。 下一步，博白县将持续深化婚俗改革，通过打造集体颁证仪式、推广“零彩礼”示范村等举措，让文明新风成为婚姻的“标配”，让新人回归婚姻本真，以简约仪式成就长久幸福。（博白县民政局）,1106,http://gx.people.com.cn/n2/2025/0521/c229260-41235139.html,婚姻登记;结婚登记;高价彩礼;婚姻;结婚;彩礼;婚俗;婚嫁
People.cn,2025-05-21,含山县举行“520”低彩礼、零彩礼婚礼集体颁证活动,“我们自愿结为夫妻，从今天开始，我们将共同肩负起婚姻赋予我们的责任和义务……”5月20日上午，含山县市政公园中央草坪上洋溢着幸福气息，由含山县新时代文明实践中心、含山县委宣传部、含山县民政局联合主办的“‘证’好有你幸福同行”含山县“520”低彩礼、零彩礼婚礼集体颁证活动在此浪漫举行。12对新人在最美家庭、好人志愿者代表和亲友们的共同见证下，喜结连理，用文明简约的形式开启了他们爱的新旅程。 活动现场，鲜花、气球装扮出喜庆的氛围，在悠扬、深情的音乐声中，12对新人携手入场，现场宣读结婚誓词。特约颁证嘉宾为12对新人集中颁发结婚证，并向他们送上了美好祝福。省文明家庭代表宣读《倡树文明婚俗共筑幸福家庭》倡议书。 “今天参加集体领证活动，我觉得很有意义，彩礼本身就不应该成为衡量感情的砝码，作为新时代的青年，我们倡导摒弃铺张、攀比，拒绝高额彩礼，以简约的仪式见证爱情。”新人黄濛说道。 活动现场设置了“以爱为礼”文明婚俗新风承诺墙，12对新人在承诺墙上郑重签下自己的名字，并在“爱心树”上摁下爱的指纹。10幅移风易俗主题非遗剪纸佳作整齐展出，现场参与者在感受文明新风尚的同时，也领略到传统文化的独特魅力。 近年来，含山县始终将移风易俗作为培育时代新风、增进民生福祉的关键着力点，积极推行“义务红娘”、开设“婚恋讲堂”、打造“新风堂”阵地、举办婚俗改革示范活动，大力倡导婚事新办、简办理念，全力破除高额彩礼、铺张浪费等不良风气，让文明婚俗理念深入人心。此次集体颁证活动作为含山县倡导文明新风、推进移风易俗的重要实践，取得了良好社会反响。下一步，含山县将持续把移风易俗作为推动城乡精神文明建设融合发展的有效抓手，进一步引导群众摒弃陈规陋习，弘扬文明新风尚，共同营造文明和谐的社会环境。（通讯员 胡静 李佑胜 摄）,753,http://ah.people.com.cn/n2/2025/0521/c374164-41234628.html,婚姻;结婚;婚恋;彩礼;婚俗;夫妻;婚礼
People.cn,2025-05-21,忻城为青年职工搭建幸福“鹊桥”,5月20日，广西忻城县总工会举办“会聚良缘·携手幸福”忻城县2025年职工疗休养+单身职工交友联谊活动，吸引了全县各乡（镇）和县直机关、企事业单位共100名单身青年职工共赴浪漫之约。 活动现场，青年职工通过“我的盲袋”分享环节坦诚亮相，轻松打破陌生感；“情歌对唱”环节展示才艺，传递文化魅力；抛绣球、“你画我猜”等互动趣味游戏默契配合，迅速拉近距离。这些精心设计的互动环节，打破了职场青年的社交壁垒。最终，5对青年职工现场互相表白，数十人互加微信好友。 下一步，忻城县总工会将持续关注青年职工的婚恋需求，深化“疗休养+”品牌建设，深挖忻城资源，“定制化”职工疗休养内容，让职工享受更高品质的服务。同时，充分发挥工会组织优势，扩大覆盖范围联动相关单位，以“疗休养”为媒，为全县的单身青年职工搭建交友联谊平台，提供安全、可靠的公益性交友方式，创造更多交友机会，引导广大青年职工树立文明、健康、理性的婚恋观，为助力移风易俗、树立文明新风贡献工会力量。（蓝立婧）,427,http://gx.people.com.cn/n2/2025/0521/c229260-41234948.html,婚恋;单身
People.cn,2025-05-21,新修订条例施行后甘肃省迎来首个婚姻登记高峰日,记者从甘肃省民政厅获悉，5月20日当天，全省共办理结婚登记5752对，其中“全国通办”36对。今年5月20日，是新修订的《婚姻登记条例》施行后甘肃省迎来的首个登记高峰日。随着新规推行婚姻登记“全国通办”，叠加“520”特殊日期效应，多地预约系统月初便已满额。 为充分满足广大新人的登记需求，省民政厅指导各婚姻登记机关提前合理调配人员设备，增设临时窗口，延长服务时间，确保“应办尽办”，为新人们提供温馨周到的服务。各婚姻登记机关通过合理设置预约时段、预审预约对象信息、优化业务流程、安排专人疏导、登记要件一次性告知等方式，提高现场办理效率，最大限度满足新人们的办证需求。 在做好结婚登记的同时，各级民政部门还为新人们准备了打卡墙、纪念品等温馨仪式，开展了集体婚礼、集体颁证、婚姻家庭辅导服务等特色活动，既为新人们拉满仪式感，又以实际行动倡树简约适度、健康文明的婚俗新风尚。,385,http://gs.people.com.cn/n2/2025/0521/c183283-41234414.html,婚姻登记;结婚登记;婚姻;结婚;婚俗;对象;婚礼
People.cn,2025-05-21,新规落地后的第一个“520”，邵阳市双清区婚姻登记现场爱意满满,5月20日上午，双清区民政局婚姻登记处已排起长队，新人们手捧鲜花，等待着人生重要时刻的来临。窗口工作人员正熟练地操作设备，快速地为每对新人办理婚姻登记手续。 随着5月10日新修订的《婚姻登记条例》正式实施，婚姻登记“全国通办”全面落地，这个因谐音“我爱你”而备受青睐的日子，叠加政策红利，让双清区婚姻登记处的热闹程度更胜往年。 “不用带户口簿，只需要身份证和三张红底照片！”志愿者在大厅内耐心引导着新人。据了解，新规实施后，结婚的新人只需提供双方身份证和三张两寸的合影照片，并提交签署后的申请表即可。这一变化让过去需要反复核对的户籍地证明、户口本复印件等材料成为“历史”。 据婚姻登记处工作人员介绍：“‘全国通办’政策实施以来，结婚登记材料和流程都得到优化，办理效率大幅提升，平均办理时间从原来的 30 分钟压缩至 10 分钟。” 当天，来自外地的唐大爷夫妇也来到登记处补办结婚证。老两口此前不慎遗失了结婚证，因异地问题一直没回户籍地补办。得知婚姻登记可以全国通办后，特意选了“520”这个好日子前来办理。拿到新的结婚证时，唐大爷感慨地说：“年纪大了，回一趟老家不容易，现在在外地也能补办，这个政策真是太方便了。” 为应对登记高峰，双清区民政局婚姻登记处提前做好准备：5月20日当天，窗口服务时间从平日的9点提前至8点，傍晚根据排队情况延长下班时间。此外，登记处还提供免费摄影、赠送伴手礼盒等服务，增强结婚登记的仪式感。同时，抽调专人负责咨询引导，为新人提供材料预审和 “一站式”免费婚检服务，确保新人“即来即办”，在这个特殊的日子里感受到满满的温暖与便捷。（苏微）,683,http://hn.people.com.cn/n2/2025/0521/c356887-41235137.html,婚姻登记;结婚登记;婚姻;结婚
People.cn,2025-05-21,河北安国：创新婚姻辅导 筑建幸福家庭,为深化婚姻家庭辅导服务内涵，助力新婚夫妻构建健康稳定的亲密关系，5月20日，河北省安国市妇联联合民政局在婚姻登记处开展了一场别出心裁的婚姻辅导活动。 本次活动以拼图和夫妻二人合力运球的小游戏为媒介，通过专业心理咨询师引导8对新婚夫妻探索情感需求与婚姻期待，为婚姻家庭生活注入温度，得到了结婚登记新人的一致好评。 活动中新人分享在游戏过程中获胜的秘诀，袒露对家庭责任、婚姻生活的美好期待和困惑。心理咨询师为他们提出今后婚姻生活中善于沟通、互相尊重、分担家务、适当妥协、建立信任、保持浪漫等方面的合理化建议。参与活动的小夫妻纷纷表示，此次活动形式新颖，受益匪浅。不仅增进了新婚夫妻感情，还增强了对性格差异的理解和包容，助力开启婚姻幸福生活。 “本次活动旨在推动优良家风建设，助力构建和谐家庭生态。接下来，我们将进一步加大工作力度，持续丰富婚姻辅导服务的内容与形式，走进社区、企业、学校，开展形式多样的婚姻家庭辅导讲座、主题活动等，扩大服务覆盖面，让更多的家庭受益。”安国市妇联主席王荣表示。（陈欢）,447,http://he.people.com.cn/n2/2025/0521/c192235-41234748.html,婚姻登记;结婚登记;婚姻;结婚;夫妻
People.cn,2025-05-21,福州长乐举办集体婚礼：婚事新办，抵制高价彩礼、大操大办等陈规陋习,5月20日，“长乐和鸣·周韵良缘”2025年福州市长乐区集体婚礼在和平街166号广场举行。12对新人身着玄纁周制婚服，依古礼成婚，用实际行动践行婚俗改革，弘扬文明新风。 活动当天，天空飘洒细雨，但未减喜庆氛围。在庄重悠扬的古乐声中，新人依次步入会场，在主持人的引导下依礼行天揖、土揖、肃拜、交手等传统仪程，并通过合卺、结发、盟心等仪式互许誓言。仪式结束后，新人代表现场宣读《移风易俗倡议书》，号召婚事新办、抵制高价彩礼，尽显新时代青年风貌。领导嘉宾们为新人颁发结婚证书的环节，则将整场婚礼推向高潮。 记者了解到，参加本次集体婚礼的新人中，既有本地成长的长乐儿女，也有来自全国各地、在长乐工作生活的新市民。全国婚姻登记通办政策的落地实施，为异地恋人跨区域办理婚姻登记提供了便利条件，也为集体婚礼的顺利举行创造了良好环境。 活动现场，来自泉州的王文库和南平的王宇夫妇难掩兴奋。“原本还担心异地登记手续繁琐，没想到不仅可以顺利登记、领证。还能在这么隆重的集体婚礼上完成人生大事，简直像做梦一样！”王宇高兴地说。此外，活动现场还同步设有婚俗文化展示区、游园互动点及一站式婚博服务专区。各相关单位志愿者现场发放《婚姻新风倡议书》，宣讲“喜事简办”“婚事新办”等理念，推动文明婚俗观念深入人心。 新人卢慧琳告诉记者，她与爱人都是“新长乐人”，这里的婚俗改革氛围浓厚，身边不少朋友结婚都选择简办，社区还常组织婚恋讲座，让他们也能深度融入，“原本担心异地办婚礼麻烦，这场集体婚礼不仅解决了实际问题，还让我们在传统礼仪与文明新风中留下了难忘回忆”。 近年来，长乐区持续推进婚俗改革，通过宣传宣讲、婚恋交友、集体婚礼等多种形式，引导群众转变婚嫁观念，高价彩礼、大操大办等陈规陋习明显减少，婚事新办、喜事简办蔚然成风。作为婚俗改革试点地区，长乐不断丰富实践载体，建成全市首个婚俗文化馆，打造移风易俗文化长廊、“幸福公交”等流动景观，推广领导颁证、集体婚礼等新型婚俗形式，让文明婚俗理念更具象、更可感。婚姻登记“全国通办”的实施，也进一步彰显改革的人文关怀与制度温情。 “未来，我们将继续以‘家庭幸福指数’为标尺，持续优化婚姻服务生态，让婚姻回归情感本质，让文明新风融入长乐这座爱与温暖的城市。”长乐区民政局党组书记、局长陈松说。（记者 宋亦敏）,961,http://fj.people.com.cn/n2/2025/0521/c181466-41234558.html,婚姻登记;高价彩礼;婚姻;结婚;婚恋;彩礼;婚俗;婚嫁;恋人;婚礼
People.cn,2025-05-22,宁夏灵武市“520”婚姻登记中心喜气满满,5月20日，宁夏灵武市民政局婚姻登记中心迎来了一年中的工作小高峰，众多新人不约而同选取了这个特殊浪漫的日子来展开人生全新的一页。宁夏灵武市委宣传部、团市委、妇联、民政局还联合主办了“缘定三生 情定灵州”集体颁证仪式，邀请新人在简约而不失庄重的仪式下许下一生的承诺，用实际行动践行文明婚俗新风尚，为推动移风易俗、弘扬文明新风树立了鲜活典范。 上午八点半，婚姻登记中心已经排起了长队。据了解，为了让新人在领证高峰顺利领证，婚姻登记处工作人员提前一周预约放号，新人到场后，只需要将网上预约材料的原件交给工作人员进行复印存档、提交照片后签字按手印，就能顺利领取结婚证。 现场不少人准备手捧花、头纱、喜字等物品，以便拍照留念。“95后”新人罗丹身着一身庄重的白色礼服裙，戴着头纱，在众多新人中格外抢眼，从预约、登记到领证，全程高效便捷的服务和仪式感满满的流程也为她的领证日增添了喜气。 “我们很早就计划一起过来领证，然后一大早就过来排队，灵武市民政局给我们也举行了非常庄重的仪式，给我们人生比较重要的时刻留下了美好的回忆，今天特别开心。”新人罗丹称赞道。 在集体颁证仪式上，新人们伴随着浪漫的音乐缓缓步入会场，新人们在现场观众的见证下，依次进行了爱情宣誓，坚定有力的声音传递着他们对爱情的忠贞和对婚姻的责任，现场气氛甜蜜而又热烈。 为落实《婚姻登记条例》全国通办新政，今年宁夏灵武市婚姻登记中心以中式美学为基础完成了全面升级。大厅融合唐代建筑元素与现代服务设施，设置婚俗文化展区、家风家训长廊等，引导新人感悟传统婚俗礼仪之。为确保“数据多跑路、群众少跑腿”，依托全国婚姻登记信息管理系统，实现与公安、法院等部门的数据共享，确保身份核验、婚姻状况查询等环节精准高效。为应对520高峰，提前7天在“灵武民政”小程序、“我的宁夏”APP开放预约通道，分时段错峰登记，减少现场等候时间。目前群众仅需携带身份证及签署风险告知声明，即可完成登记，实现跨省登记“零障碍”。 “过去结婚登记和离婚登记在一个办证大厅，我们通过改造提升后，我们将结婚登记和离婚登记分开办理，破解了离婚登记结婚登记在一起的尴尬局面。我们还打造了灵武市婚姻登记大厅婚俗文化展馆，为我们灵武市婚姻登记的服务，登记打卡、婚俗参观，整体打造了一个高端的场地。也愿今天结婚的新人长相厮守、白头到老。”灵武市民政局社会事务与社会组织室主任雷旭宁说道。 据了解，当天共预约办理婚姻登记70余对。下一步，灵武市还将不断创新活动形式，让文明婚俗理念深入人心，让婚俗改革成果惠及更多群众，积极营造文明和谐的社会新风尚。,1075,http://nx.people.com.cn/n2/2025/0522/c384604-41235773.html,婚姻登记;结婚登记;婚姻;结婚;离婚;婚俗
People.cn,2025-05-22,桂林冠岩景区解锁婚恋新玩法,5月20日，正值“520”浪漫节日，桂林旅游投资集团有限公司旗下桂林漓江冠岩风景区“爱之契约文旅创新基地”揭牌落地，标志着桂林“婚恋+文旅”产业迈入创新实践新阶段。 据介绍，2025年新修订的《婚姻登记条例》明确提出鼓励婚姻服务与文旅场景深度结合。冠岩景区积极响应政策，依托世界级喀斯特地貌景观，创新推出“地质级浪漫”概念，将亿年溶洞、漓江山水与婚恋文化相融合，为区域文旅注入新活力，推动婚庆产业链升级。 活动当天，景区推出“山水为证·情定冠岩”主题活动，融合自然景观与情感体验，吸引了近百名新人、情侣及游客参与。 景区还同步推出山水婚书、溶洞盟誓、社交晒爱、专属旅拍、双程爱旅等五大主题体验场景，将自然奇观与婚恋仪式感深度结合。新人可在漓江竹筏上领取专属定制婚书，于亿年钟乳石下交换婚戒，或在神龙谷度假酒店发布告白内容赢取浪漫之旅优惠。针对2025年登记的新人，该景区还提供免费溶洞婚纱拍摄服务，情侣联票更赠送竹筏私密体验项目等。这些场景设计巧妙利用冠岩景区独特的自然与人文资源，将婚恋仪式转化为可参与、可传播的文旅消费新场景。“在风景如画的山水间牵手既浪漫又非常有仪式感，这样的体验独特而难忘。”新人李正兴说。 “‘爱之契约’基地的落地，是冠岩景区从自然观光向情感体验转型的关键一步。”桂林旅游投资集团有限公司有关负责人表示，接下来，该景区将以“爱之契约”基地为核心，深挖桂林山水“浪漫基因”，策划婚拍旅拍、主题节庆、蜜月度假等多元业态，构建覆盖恋爱、求婚、婚礼、纪念日的全生命周期爱情体验链，赋能婚姻服务与文旅场景深度结合。（记者 黄海健 通讯员 刘清华）,681,http://gx.people.com.cn/n2/2025/0522/c179409-41235794.html,婚姻登记;婚姻;婚恋;恋爱;情侣;婚礼
People.cn,2025-05-22,湖北襄阳东津新区迎来首个公园式婚姻登记中心,"5月20日，湖北襄阳首个公园式结婚登记中心在东津新区湖北交投·汉江生态城鹿鸣公园启用，现场婚恋仪式、婚博展览、游园打卡等多元唯美场景，吸引大批市民共赴甜蜜之约。 鹿鸣公园结婚登记中心由襄阳市民政局主导建设，集婚姻登记、颁证仪式、家庭辅导等功能于一体，是襄阳市婚俗改革试点工作的一次创新突破。该登记点以“爱情生长全旅程”为设计理念，打造“相遇、心动、誓言、印记、祈愿、永恒”六大主题空间，从填写表格到领取结婚证的全流程，都在自然景观中完成，让市民有全新的婚姻登记体验。 5月20日素来是结婚登记高峰日，然而作为婚姻登记正式实现“全国通办”后的首个“520”，当天鹿鸣公园结婚登记中心迎来一对跨省登记的新人。韩东辰、赵宇琦是内蒙古通辽市人，蜜月旅行途中在襄阳落脚，得知襄阳首家公园式结婚登记中心恰好于20日启用，便成为第一批登记的新人。“依山傍水，环境温馨浪漫，从打电话咨询到拿证，整个过程顺利得超乎想象。”韩东辰说道。 据了解，鹿鸣公园结婚登记中心不仅作为襄阳首个公园式结婚登记中心，同时也填补了东津新区（经开区）该项服务的空白。同住在该区的新人王傲琪与严成就是首批受益者，在家门口体验到了这场浪漫的领证仪式。“以前东津新区的新人办理结婚登记需要跨区奔波，现在终于可以在鸟语花香的公园里完成人生大事了。”王傲琪手捧结婚证幸福地说道。 “鹿鸣公园结婚登记中心，不仅是襄阳深化婚俗改革、创新婚姻服务的一次重要实践，更是东津新区探索“生态+人文+服务”融合发展的一次创新突破。”东津新区党工委委员、管委会副主任邱君表示，未来该区将以鹿鸣湖为核心,联动优质资源,将东津生态城打造为集婚恋文化、生态旅游、城市休闲于一体的“浪漫微度假目的地”，让市民在家门口就能感受诗意栖居的浪漫，让游客在山水人文中邂逅襄阳的独特魅力。（张群 朱斌 陈文静 张乐昕）",768,http://hb.people.com.cn/n2/2025/0522/c192237-41236391.html,婚姻登记;结婚登记;婚姻;结婚;婚恋;婚俗
People.cn,2025-05-22,贵州西秀：“520”婚姻登记处“火爆”新人甜蜜“领证”,5月20日因谐音“我爱你”被赋予浪漫寓意，这一天，贵州省安顺市西秀区民政局婚姻登记处迎来结婚登记高峰，许多新人选择在这一天“领证”以表达对彼此的爱意与承诺。 早上8点半，在西秀区民政局婚姻登记处已有数十对新人在门口排队等候。不少新人身着情侣装，手捧鲜花，拿着结婚证，脸上洋溢着幸福的笑容。 “我们是朋友介绍的，今天终于修成正果，选择‘520’登记是为了让我们的爱充满仪式感，以后我们会通过自己的努力生活得更幸福。”领证新人钱宇、李凯华笑着说。 为应对登记高峰，西秀区民政局提前开通网上预约通道，并延长办公时间，确保新人顺利办理手续。为了方便新人登记结婚，当天，工作人员还在大厅门口放置了椅子，方便等待的新人休息。 在登记现场，许多新人用独特的方式纪念这一重要时刻。有人带着摄影师全程跟拍，有人准备头纱和手捧花，在颁证台前留下甜蜜合影。西秀区民政局还特别布置了爱心背景墙和打卡区，为新人们增添仪式感。 “今天是‘520’，也是我的生日，就刚好聚在一起了，就想着来领结婚证，以后的婚姻生活也不求大富大贵，只求一家人平平安安，只要幸福美满就可以了。”领证新人马俊、侯小鑫表示。 据了解，当天，西秀区婚姻登记处共办理结婚登记300余对新人。“520”不仅是一串数字，更承载着人们对美好爱情的向往。“520”结婚登记热潮，体现的是年轻人对婚姻的重视与期待。无论选择哪一天“领证”，用心经营才是幸福婚姻的真谛。（图/文 罗爽）,607,http://gz.people.com.cn/n2/2025/0522/c412523-41235571.html,婚姻登记;结婚登记;婚姻;结婚;情侣
CCTV,2025-05-23,从新中式到二次元，当年轻人“爆改”婚礼,新华网北京5月23日电 题：从新中式到二次元，当年轻人“爆改”婚礼 520刚过，空气中依旧弥漫着甜蜜的气息。因为谐音“我爱你”，许多年轻人选择在这一天步入婚姻殿堂。当90后、00后成为结婚主力军，不少人开始用五花八门的创意“爆改”婚礼。 凤冠霞帔、合卺共饮，新中式婚礼红红火火；“纸片人”捧场，二次元婚礼萌化全场；在沸腾的鸳鸯火锅前交换戒指，就着快餐店的汉堡咽下相许一身的誓言……这些年轻人的婚礼没有标配、个性拉满。 “还有什么婚服能盖得过凤冠霞帔的气势？”南昌“95后”姑娘小徐刚刚举办完一场盛大的新中式婚礼。浓烈的“中国红”铺满全场，呈婚书、行三拜礼、饮合卺酒……“听到司仪说‘礼成’的一刻，我知道这就是我想要的婚礼。”她说。 据《2025年Z世代婚礼态度洞察报告》（下文简称《报告》）显示，受访单身青年中78%的人认同婚礼仪式。其中，超过五成的“00后”认为“婚礼是人生重要仪式，必须隆重举办。” 和对抗感更强的“整顿婚礼”一词相比，年轻人更倾向于主动创造、个性表达的“爆改婚礼”，主打“我的婚礼我做主”。 今年4月，某千万级网红博主举办了一场《魔卡少女樱》主题的婚礼。当身穿华丽婚纱、手持魔杖的新娘出现在亮起魔法阵的粉色舞台中央，网友感叹：“少女漫的‘结算’画面就长这样！” 从新中式到二次元，看似天差地别，却都指向不少年轻人的“心之所向”。他们不再满足传统流程的堆砌，不再迎合长辈审美，而是忠于自己内心的表达。爱电竞的，用酷炫灯光和装置艺术打造“赛博朋克”婚礼；养宠物的，把自己的爱宠带进婚礼现场当花童、戒童；有才艺的，新人自己“包圆”婚礼现场的歌舞表演，气氛嗨到爆！ 2025年4月30日，“爱情巴士”搭载着新郎新娘前往浙江诸暨市同山镇唐仁村祠堂进行婚礼仪式。新华社记者 江汉 摄 上海大学社会学院副教授陈伟说，不同婚礼形式选择体现的是当代年轻人对个性化的追求，背后是社会发展的个体化趋势。总体来说，越来越重视自身情绪、彰显个体价值将成为一种新主流。 《报告》指出，年轻人正重新掌控婚礼定义权，成为自己婚礼的“主理人”、产品经理、项目执行、传播规划……社交媒体不仅是他们分享幸福的主阵地，也是筹备婚礼的灵感源泉。一位正在备婚的网友说：“婚礼还没办，我连搭配婚礼画面的BGM都想好了，流量和仪式感我都要！” “过去婚礼常被视为一种相对私人、只与亲朋好友分享的活动和场合，但现在年轻人的社交范围被网络大幅拓展，围绕特定兴趣形成各种亚文化群体，婚礼也成为他们在网络空间寻找同伴和身份认同的一种方式。”陈伟说，尽管可能也会遭遇父母辈的不理解、不认同，但网络的正向反馈无疑会增强年轻人对个性化选择的信心和决心，帮助他们在自身诉求和长辈期待中找到一个更好的平衡点。 今年“五一”期间，山西太原一对“95后”新人在海底捞举办婚礼，邀请140多名亲友参加，消费2.25万元。他们还自己排练了一段舞狮，在婚宴上给大家表演。“大家吃得开心、玩得开心，我们也收到了大家的美好祝福，婚礼的目的就达到了。”新娘赵小姐说。 “麦叔叔”作证婚人，吃汉堡、薯条，喝可乐、咖啡，自己设计伴手礼和婚礼游戏，北京小伙李先生的麦当劳婚礼总计消费不到2万元。 星级酒店和高端餐饮已不是年轻人婚礼的唯一选择，快餐店、咖啡馆、民宿等年轻人“密度”较高的消费空间，都能变身婚礼场所。 2025年5月17日，在河北省石家庄市正定古城举行的集体婚礼上，一对新人在阅读婚书。新华社发（梁子栋摄） 过去，一些地方筹办婚礼时都讲究大操大办，高端婚庆、“四大金刚”、豪车美酒等配置不仅给新人及家庭带来沉重的经济负担，还催生了铺张浪费、互相攀比、天价彩礼等不良风气。婚礼被物质裹挟，新人变成收份子钱的“工具人”，都成为社会关注的热点话题。 比起面子和人情，这届年轻人更想让婚礼回归本真，让自己和亲朋好友都能“轻装上阵”。虽然开销可能还不到传统婚宴的一个零头，但许多新型婚礼都办出了一种“反仪式感的仪式感”：排场不大、流程简单，但氛围一样热闹温馨。多个行业机构的市场调查显示，小而美的婚礼场景、优而精的个性化体验、私人定制化的服务正在成为年轻人的消费需求。 “爆改”婚礼的创意不仅体现在仪式上，还体现在各种细微处。有新人将豪车车队的拉风接亲替换成公交车、电动车甚至共享单车，穿行于大街小巷收获一路祝福；有新人将千篇一律的影楼婚纱照替换成旅拍甚至自拍，更加真实、生动、自然；有新人用奶茶代替敬酒，增加甜蜜、减少负担……中国婚博会发布的《2023-2024年婚嫁市场流行趋势和消费市场动态》显示，在婚礼投入上，新人们更加追求性价比，总花费普遍下降10%到15%。 除了算经济账，还有一些年轻人简化婚礼是因为传统婚俗繁琐、耗费心力，令人不适。江苏小伙林先生刚刚为同学婚礼当了一回伴郎。“七点就起来陪新郎去接亲，然后拍照、排练忙一整天，晚上婚宴又有人频繁劝酒，还有各种闹洞房捉弄新人的手段搞到半夜，真是又累又烦。”他说，“我和对象都是i人，决定以后结婚流程能省则省，越简单越好。” 陈伟说，在某些地方，人们会借着习俗的名义“婚闹”，新人往往会迫于长辈面子或习俗压力无奈接受，但随着个体意识增强，越来越多年轻人会对这种不合时宜的习俗说“不”。从这个意义上说，婚礼习俗会变得更加“清爽”，体现一种社会进步。 2025年3月16日，新人在广东河源市东源县柳城镇的紫云英花海中婚拍留念。新华社记者 肖恩楠 摄 当越来越多的年轻人开始打破传统婚礼框架，婚庆从业者渐渐发现：老套路的生意越来越难做了。 种种迹象表明，婚庆市场的两极分化正越来越严重，有口碑、有名气即便年年涨价还至少要提前大半年预订，而许多小婚庆公司则哭喊要被价格战“逼疯”了。“现在很多新人自己在网上找主持、摄影、摄像，找婚庆就做个场布，还要货比三家。”从业者赵先生说，“很多婚庆公司也该反思，都说自己卖策划，你策划的个性化和专业性到底在哪？” 尽管许多婚庆公司都打着“定制婚礼”的旗号，但在社交媒体平台上有不少新人吐槽，自己和婚礼策划师用几个月聊想法、聊需求，到手还是“换汤不换药”的流程或者是“货不对板”的落地效果。一位网友说，花好几万搞婚礼策划但一直拿不到满意的方案，最后自己手绘了设计图。 2024年8月10日，新人参加由浙江省金华市民政局与金华市轨道交通集团有限公司联合举办的“缘起金轨、爱在七夕”集体婚礼。新华社发（胡肖飞摄） 艾媒咨询的一项调查报告显示，有32.6%的新人采取与婚庆公司合作策划的方式来筹备婚礼。业内人士指出，年轻人更愿意为那些能够真正触动内心、满足定制化需求且价格合理的婚礼服务支付溢价，因此未来行业的发展方向还是要以用户体验为核心，通过专业化、高品质的配套设施和服务以及产品创新，来满足年轻人个性化、多样化的需求。 另一方面，年轻人“爆改”婚礼也带来新的商机，一些新势力正在跑步入场。在广西南宁，一对“90后”新人定购320杯奶茶，用来代替传统的酒水敬酒。当前，喜茶、霸王茶姬等多个新中式茶饮品牌均推出喜宴团餐业务，包括配套提供婚宴包材包装、配送和摆放服务等，开辟婚礼定制的新赛道。 年轻人正在用自己喜欢的新消费品牌重新诠释婚礼。在小红书搜索“结婚礼物”，有100多万条相关笔记，高赞内容包括jellycat手捧花玩偶、乐高积木戒指盒等。有新人用泡泡玛特盲盒取代传统的结婚喜糖，还有人以自己的婚纱照形象定制人偶盲盒作为伴手礼送给宾客。有网友说：“还有什么比和姐妹一起‘端盒’更快乐的事呢！” 艾媒咨询发布的《2024-2025年中国婚庆行业市场及消费行为调研报告》显示，2024年中国狭义婚庆行业（如婚礼策划、婚宴等）市场规模达到2.84万亿元，广义市场规模（含婚房、蜜月旅行等）达到14.32万亿元。婚庆产业链根据客户需求不断丰富和拓展，市场也在灵活调整服务模式。随着越来越多的婚庆消费新场景落地、新业态涌现，市场仍有巨大的想象空间等待挖掘。,3236,https://news.cctv.com/2025/05/23/ARTIDy4CLhAXN2zQB2Xe6y8l250523.shtml,天价彩礼;婚姻;结婚;彩礼;婚俗;婚嫁;单身;对象;婚礼
CCTV,2025-05-26,消除“买外国媳妇”错误思想 我驻孟加拉国使馆提醒：遵守涉外婚姻法律法规,央视网消息 ：中国驻孟加拉国使馆提醒中国公民，严格遵守涉外婚姻法律法规，远离非法中介，不要轻信各类短视频平台跨国相亲、婚恋宣传，消除“买外国媳妇”的错误思想，谨慎赴孟娶妻。 一、根据中国法律，任何婚介不得从事或变相从事涉外婚姻介绍业务，任何个人不得采取欺骗手段或以营利为目的从事或变相从事涉外婚姻介绍活动。请中国公民远离经营类跨国婚姻中介，不要落入网络婚托诈骗陷阱，以免人财两空。如有上当受骗者，请立即向国内公安机关报警。 二、孟加拉国严厉打击人口贩卖行为。非法涉孟婚姻者可能会涉嫌贩卖人口而被逮捕。根据孟《刑法》《反人口贩卖法》，组织贩卖人口的，判处七年以上有期徒刑、终身监禁，甚至死刑，并处50万以上塔卡罚金。教唆、策划、实施或帮助实施贩卖人口的，判处三年以上、七年以下有期徒刑，并处2万塔卡以下罚金。 三、孟加拉国司法程序冗长。若涉嫌贩卖人口被捕，从警方立案到法院宣判将耗时数月甚至数年，严重影响家庭团聚及未来生活。 外交部全球领事保护与服务应急热线：+86-10-12308或+86-10-65612308 中国驻孟加拉国使馆领事保护热线：+8801713090563,488,https://news.cctv.com/2025/05/26/ARTIi6Lbaej6fidjFJSzIkla250526.shtml,婚姻;婚恋;婚介;相亲
China News Service,2025-05-26,中国驻孟加拉国使馆提醒：严格遵守涉外婚姻法律法规,中新网 5月26日电 据中国驻孟加拉国大使馆微信公众号消息，中国驻孟加拉国大使馆25日发文提醒中国公民，严格遵守涉外婚姻法律法规，远离非法中介，不要轻信各类短视频平台跨国相亲、婚恋宣传，消除“买外国媳妇”的错误思想，谨慎赴孟娶妻。 一、根据中国法律，任何婚介不得从事或变相从事涉外婚姻介绍业务，任何个人不得采取欺骗手段或以营利为目的从事或变相从事涉外婚姻介绍活动。请中国公民远离经营类跨国婚姻中介，不要落入网络婚托诈骗陷阱，以免人财两空。如有上当受骗者，请立即向国内公安机关报警。 二、孟加拉国严厉打击人口贩卖行为。非法涉孟婚姻者可能会涉嫌贩卖人口而被逮捕。根据孟《刑法》《反人口贩卖法》，组织贩卖人口的，判处七年以上有期徒刑、终身监禁，甚至死刑，并处50万以上塔卡罚金。教唆、策划、实施或帮助实施贩卖人口的，判处三年以上、七年以下有期徒刑，并处2万塔卡以下罚金。 三、孟加拉国司法程序冗长。若涉嫌贩卖人口被捕，从警方立案到法院宣判将耗时数月甚至数年，严重影响家庭团聚及未来生活。 外交部全球领事保护与服务应急热线：+86-10-12308或+86-10-65612308 中国驻孟加拉国使馆领事保护热线：+8801713090563 【,519,https://www.chinanews.com.cn/hr/2025/05-26/10421931.shtml,婚姻;婚恋;婚介;相亲
People.cn,2025-05-26,创新服务模式 杨浦工会推出沪上首个“政企共建”职场婚恋服务平台,"人民网上海5月26日电（记者董志雯）5月25日，由杨浦区总工会，新江湾城街道党工委、办事处联合主办的“缘启初夏·邂逅‘侦’爱”杨浦区单身青年职工大型剧本杀交友活动暨“新城区快恋”线上平台发布活动在新江湾城举办。 活动吸引了来自杨浦区教育系统、医疗系统、中大型企业、政府机关等400余位青年报名。活动前期采取了线上交流的方式，当天邀请了其中120位优秀青年代表参加线下活动。 现场发布了“新城区快恋”婚恋品牌，成功打造了沪上首个“政企共建”职场婚恋服务平台，这是杨浦区深化人民城市理念，优化人才服务生态的又一创新实践。 作为上海市首个“政企共建”的职场婚恋服务品牌，“新城区快恋”平台开创性地采用""线上智能匹配+线下沉浸体验""双轮驱动模式。平台通过人脸识别、单位审核、工会监督的“三重”认证机制，实现“3分钟认证、5分钟邂逅”的高效匹配，携手企业为辖区青年职工提供真实、安全、高效、关怀的婚恋服务。 新江湾城街道党工委副书记、总工会主席胡春杨表示：”打造‘新城区快恋’品牌，就是要解决辖区内企业青年人才的后顾之忧，让他们在新江湾城既能安心创业、就业，又能收获幸福。这是街道优化营商环境、建设人才高地的重要举措。” 本次活动在前期线上交流的基础上，结合当今青年人喜欢的剧本杀形式，创新活动形式，让青年从线上平台走向线下活动，通过定制“新城喜事""剧本杀交友模式，设置换装入戏、悬案推疑等特色环节，吸引了400余名优秀青年报名。通过精心设计的互动游戏，青年们在轻松愉悦的氛围中增进了解，现场成功促成多对青年牵手。 作为首批加入“新城区快恋”系统平台的企业代表——上海复洁科技股份有限公司总裁曲献伟表示：“‘新城区快恋’平台为企业留住人才提供了新思路，这种政企联动的服务模式值得推广。” “新城区快恋”婚恋品牌的推出，是新江湾城街道构建全周期人才服务体系的重要一环。街道通过整合辖区企业、社区资源，打造集就业创业、住房保障、婚恋服务于一体的综合服务平台，切实提升人才的获得感和归属感。 相关负责人表示，下阶段，将持续深化“新城区快恋”品牌建设，扩大企业联盟规模，覆盖更多行业领域；将持续优化智能匹配算法，提升服务精准度；将开展更多的主题交友活动，丰富服务形式；建立跟踪服务机制，关注青年发展需求。",943,http://sh.people.com.cn/n2/2025/0526/c134768-41239718.html,婚恋;单身
People.cn,2025-05-26,江西九江：结婚登记乐享“全国通办”--时政--人民网,刚一上班，江西省九江市濂溪区民政局婚姻登记处就排起长龙，挤满前来登记结婚的新人。 魏鹏和邱淑敏是在九江打拼的深圳人，前阵子就打算结婚，因为工作忙抽不开身，回深圳领证这事一拖再拖。得知出了新政策，俩人揣着身份证，直奔婚姻登记处。 “我俩户口在深圳，能在这里领证，对吗？”魏鹏在咨询台询问。 “能办。”婚姻登记服务中心主任吴志勇点头，“新修订的《婚姻登记条例》施行，婚姻登记‘全国通办’，领证地点不受户籍限制，也不用提供户口本。” “领结婚证不用回老家了，太方便了。”魏鹏喜上眉梢，“我们刚拍完婚纱照，原本打算请两天假回深圳登记结婚，这下不用奔波了！”不到10分钟，两本崭新的结婚证送到魏鹏手中。 “稍等！”谈话间，吴志勇叫住转身离开的小两口，“咱这里是婚育一站式服务站，为新人提供婚姻家庭辅导、颁证宣誓仪式等服务，很受欢迎，感受一下嘛！” “我们除提供法律咨询、宣扬文明婚俗外，还会进行一些专业辅导，帮助新人完成角色转换、理解家庭责任，以及做好情感沟通、传承优良家风，让他们感受到婚姻的神圣美好，筑牢家庭的幸福基石。”吴志勇笑称，“如今，我们的婚姻登记员，不只是数据核验员、信息录入员，还是政策宣传员、群众服务员。” 据悉，自5月10日国家新修订的《婚姻登记条例》实施以来，江西全省有3500多对新人乐享“全国通办”服务。 （本报记者 王洋 李玉兰 胡晓军）,578,http://politics.people.com.cn/n1/2025/0526/c458474-40487660.html,婚姻登记;结婚登记;婚姻;结婚;婚育;婚俗
China News Service,2025-05-27,“部分地方上限设为5万或8万” 治理高彩礼要堵更要疏,在出台彩礼倡导性标准，遏制过高彩礼的发展势头之外，问题导向的“疏”的措施也需要进一步跟上 据澎湃新闻报道，近日，甘肃省委办公厅、省政府办公厅印发的工作方案提出，力争到2025年底，高额彩礼、人情攀比、大操大办等婚俗陋习蔓延势头得到有效遏制，到2026年底，婚俗陋习显著减少，彩礼数额逐步下降。 实际上，甘肃已有多地形成自己的方案。比如，永登县某村制定了统一的操办标准：倡导彩礼不超过6万元，婚车不超过4辆，婚宴不得超过10桌，礼金不超过百元；定西市某村将彩礼上限压至5万元、酒席每桌不超过480元。 近年来，有关农村高额彩礼的报道，屡屡触动社会神经。高额彩礼，事关青年婚育，关乎乡村振兴，其不仅物化了人格和爱情，也加剧了婚姻焦虑，更偏离了民间礼俗，让社会各界关注、干预。 聚焦“三农”工作的中央一号文件，近七年来更是六次提及农村高额彩礼问题。也因此，在甘肃多地提出农村彩礼倡导性标准前，其他地区也推出过类似标准。 把农村高额彩礼“打”下来，符合社会公众，特别是适婚男青年的期望。从甘肃当地媒体的报道来看，以村规民约等方式构成约束力的“彩礼标准”，也取得了实际效果。据报道，某地提出倡导性彩礼标准后，“当地彩礼均降5万元”。 农村彩礼倡导标准具有导向性的作用，在一些地区一时间确实起到了实效。但如果期望类似定标准、限额度等“堵”的措施可以彻底解决问题，则是将高额彩礼问题简单化了。 高额彩礼的盛行，是多种因素共同作用的结果。首先，传统观念中，彩礼被视为对女方家庭的补偿，部分女方家庭甚至将彩礼看作必需的养老钱。其次，在一些农村地区，客观存在的性别比例失衡，让适婚女性家庭拥有更多话语权，男方不得不提高彩礼增强竞争力。这不仅体现在出生性别比上，更表现在婚姻市场的人口流动上。此外，由于攀比心理作祟，彩礼金额被不断推高。 所以，在出台彩礼倡导性标准，遏制过高彩礼的发展势头之外，问题导向的“疏”的措施也需要进一步跟上。比如，进一步完善农村老人的养老保障，不断提升农民基础养老金，让农村老人减少后顾之忧，也相应改变老人“彩礼防老”的观念。另一方面，促进欠发达县域的经济发展，持续推进乡村振兴，也有利于农村家庭就近城镇化，减少性别失衡，进而避免用高额彩礼作为婚姻竞争力。 高额彩礼是一个复杂的系统性问题，不会有“毕其功于一役”的灵丹妙药，唯有堵疏结合、多措并举，才有可能从根本上消除高额彩礼。正如中央农村工作领导小组办公室副主任在谈及相关问题时所讲的，农村移风易俗需要常抓不懈、绵绵用力；既要坚决对不良风气说不，又要帮着农民想出路、找办法。 成都商报-红星新闻评论员 李秀明 【,1084,https://www.chinanews.com.cn/sh/2025/05-27/10422479.shtml,婚姻;婚育;彩礼;婚俗;适婚
People.cn,2025-05-27,枞阳县：“零彩礼”为幸福加分,近年来，枞阳县汤沟镇借助新时代文明实践所，用通俗易懂的语言和身边的真人真事向群众宣传文明婚嫁，引导大家树立正确的婚姻观、价值观，让“低彩礼”“零彩礼”婚嫁新风吹进群众心中。 近日，汤沟镇莲花村村民高小灵家的女儿高竹出嫁。这场婚礼没有豪华车队，没有高额彩礼，却充满浪漫与幸福。高竹与男友王志在铜陵相识相恋，感情深厚。在筹备婚礼时，他们决定摒弃高额彩礼，选择“零彩礼”方式。这一决定得到高小灵夫妇的大力支持。婚礼当天，新郎驾驶一辆普通小轿车，将新娘风风光光地接走。整场婚礼从筹备到结束仅花费一万元，却依然热闹喜庆。王志感慨地说：“没有彩礼的压力，我们能更好地经营婚姻，感谢岳父岳母的支持。” 下一步，汤沟镇将以高小灵家的案例为示范，开展形式多样的文明实践活动，持续推动全镇移风易俗深入开展，积极培育文明乡风、良好家风、淳朴民风，不断增强人民群众的获得感、幸福感、安全感。（王章志 王燕）,391,http://ah.people.com.cn/n2/2025/0527/c374164-41240897.html,婚姻;彩礼;婚嫁;婚礼
People.cn,2025-05-28,以案释法 | 甜蜜陷阱背后的“杀猪盘” 起底同城交友APP诈骗产业链,打着“同城交友”“线下约会”的幌子，实则编织“甜蜜陷阱”疯狂敛财。近日，一起利用多款交友APP实施诈骗的特大案件被公安机关侦破，揭开了以“情感社交”为名的网络诈骗黑产链。该案涉及74名犯罪嫌疑人、8个犯罪团伙，涉案金额超2000万元，目前64人已被提起公诉。 2023年下半年，犯罪嫌疑人邓某帅开发运营多款交友APP，通过虚假广告吸引男性用户下载注册。平台内充斥大量虚构身份的女主播，她们隐瞒真实年龄、职业、婚姻状况，使用虚假头像和定位，以“提升亲密度”“解锁微信功能”等话术诱骗用户充值：发送文字消息需5钻石（充值1元=10钻石），视频通话每分钟高达100钻石。在用户充值后，平台抽成50%-60%，代理（工会）获10%-15%，女主播分得25%-35%。 为扩大规模，邓某帅在广东广州、深圳等地设立公司，招募代理发展女主播团队。其中，代理骆某敏、骆某侠管理的“尽兴”公会，通过14名女主播虚构恋爱关系，累计骗取超百名男性用户钱财。 2024年3月14日，公安机关立案侦查。检察机关提前介入，创新采取“按公司架构分组侦办”机制，提取APP后台数据、资金流水等电子证据，锁定犯罪链条，同时，以公司为单位划分办案组，主犯、代理、女主播责任逐级穿透，最后冻结涉案账户资金，追查赃款流向。 本案“分层分组侦办”机制为打击层级化网络犯罪提供样本，揭露了“交友直播”类APP以“情感社交”为幌子实施诈骗的新业态犯罪模式。,605,http://hn.people.com.cn/n2/2025/0528/c406630-41241928.html,婚姻;恋爱
CCTV,2025-06-03,全网催婚！70万粉丝黑猩猩,家住重庆野生动物世界，在网上拥有70 万粉丝的“明星”黑猩猩渝辉最近有点愁，作为能徒手拧瓶盖、“洗衣服”、“扫地”的猩猩“才子”，24 岁的它还没有“女朋友”！ 为了给渝辉找对象，饲养员徐正坤几年前就在网上给它发起了“云相亲”，无奈都因为与相亲对象距离太远，或是渝辉与对方互相看不上而没有成功。 如果在野外，黑猩猩12岁就可以“结婚生子”了，多才多艺又体貌俱佳的渝辉怎么会成为“大龄男猩”的呢？这是因为园区的雌性黑猩猩，与渝辉都是近亲，而此前的“云相亲”，曾经与渝辉适龄的雌猩猩不是在济南就是在沈阳，考虑到路途遥远，无法提供足够的安全保障等问题，渝辉的婚事就这样“耽搁”了下来。 2025年，徐奶爸一直坚持的“云相亲”终于迎来了好消息，成都动物园的黑猩猩乖乖与渝辉从年龄到性情都十分般配，经过双方饲养员的多次沟通，它们在网上正式“见面”。 相亲的这天，渝辉和乖乖都打扮得漂漂亮亮，双方通过视频展示了各自的才艺，也表达了对对方的喜爱。 虽然相亲成功，但要走到合笼“成婚”的一步，渝辉和乖乖还需要进一步接触、磨合，让我们期待它们能够早日“喜结连理”，组建美好的小家庭吧！ 刘清清曾经是重庆野生动物世界育幼室的饲养员，她很喜爱自己的工作。不过2024 年 的一天，她被调岗到了蟒蛇馆，当进入蟒蛇馆时，她第一眼看到的就是五年前曾救助过的红尾蚺，也正是这只红尾蚺，第一次见面时就咬掉了她佩戴的工牌。 因为小时候曾经被蛇追赶的经历，刘清清十分怕蛇，她怎么也没想到，有一天自己会成为蟒蛇馆的饲养员。 为了战胜恐惧，刘清清给这条红尾蚺取名 “小冉冉”，在其他饲养员的建议下，她先是每天隔着玻璃观看红尾蚺的生活日常，然后再尝试着从触摸“小冉冉”的尾巴，到一点点往前，直到敢于抚摸它的腹部、头部。随着对她的熟悉，“小冉冉”也不再对她发出 “嘶嘶” 的警告。 “小冉冉”冬眠结束后开始蜕皮了，但因为缺少野外生活环境的摩擦，它出现了蜕皮不完全的现象，而这对红尾蚺的健康将是极大的威胁。 为了帮助“小冉冉”蜕皮，刘清清每隔两三天就要给它泡一次澡。因为害怕，“小冉冉”蜷缩抗拒，刘清清也紧张得手心直冒汗，她只能通过一次次的按摩、搓揉，来帮助“小冉冉”放松。 终于，在第四次泡澡后，“小冉冉”完全蜕下了旧皮，穿上了光彩夺目的“新衣服”！ 沈伟曾经是重庆野生动物世界的一名保安，因为喜爱动物，他不断自学，终于应聘成为了一名饲养员。 2013年的一天，沈伟巡视动物馆舍时发现了一只掉袋的小袋鼠。经过检查，小袋鼠的各项功能器官均未发育完全，属于早产，而这种情况下的人工繁育在国内还没有成功的先例。 为了救治小袋鼠，沈伟成了它的“临时奶爸”，并给它取名“小米渣”，他首先要给“小米渣”找到合适的替代母乳。 历经上百次失败后，沈伟终于发现羊奶可以替代袋鼠妈妈的奶水，并且受到了“小米渣”的喜爱。 “小米渣”每两个小时吃一次，每天要吃12次奶，沈伟每天都坚持准时准点给“小米渣”喂奶，直到“小米渣”3岁左右才慢慢断奶。 经过1000多个日夜的陪伴，早产袋鼠“小米渣”的人工育幼终于成功，沈伟成为国内第一个人工育幼早产袋鼠成活的饲养员！ 如今，沈伟已经成为了一个经验丰富的老饲养员。因为热爱，他选择了这份工作，也因为热爱，他用心钻研，凭借着超强的责任心和爱心，多次创造奇迹，人工育幼成活了狮子、老虎、豹、松鼠猴等上百只小动物！ 播出时间：2024年 06月 3日 21：48,1415,https://tv.cctv.com/2025/06/03/ARTIo9BrAJA8vnZCVFzJxD8e250603.shtml,结婚;催婚;相亲;对象
CCTV,2025-06-03,国家级非遗婚俗实景上演！清远千年瑶寨端午邀您共赴浪漫文化之旅,央视网消息： 端午佳节，粽叶飘香。值此端午节与国家非遗日双节交汇之际，位于清远市连南县的千年瑶寨开启“粽香传情·瑶韵非遗”暨千年瑶寨非遗婚俗文化节活动。本次活动以“粽香传情”为核心，深度挖掘瑶族婚俗文化内涵，旨在推动国家级非遗活态传承，让更多人领略瑶族文化的独特魅力。活动从5月30日持续至6月30日，为期一个月。 瑶族婚俗作为国家级非物质文化遗产，深刻展现了瑶族人民对家庭、亲友的珍视，以及传承千年的情感纽带与文化信仰。此次文化节，千年瑶寨将通过丰富多样的活动形式，全方位呈现瑶族婚俗文化的精髓。 活动期间，从早上9点半到下午5点半，千年瑶寨每日都定时展开多场实景演出，生动呈现瑶族婚恋全过程，游客可全程互动参与。 从青年男女们通过讴莎幺（情歌对唱）、抛绣球、互赠信物等方式建立恋爱关系，到男方表达诚意的礼物准备，再到认亲环节“先生公”的择吉日仪式，以及婚礼过程中，新娘与姐妹的分离歌、新郎背新娘过桥过河、歌手拦路对歌等场景，传递出瑶族亲友间深厚的情感与文化信仰，无不令人动容。现场专业讲解员同步解读文化寓意，让游客不仅能“看热闹”，更能“懂门道”。 互动体验环节打破游客与传统文化的隔阂。游客化身新郎、伴娘、迎亲队伍等角色，亲身参与对歌、背新娘、抛喜糖、派红包等趣味活动，同时，本次特别推出端午·瑶族文化融合的火把节活动更是精彩纷呈。 夜幕降临，由瑶族长老“先生公”带领全体瑶族同胞及游客，在盘王庙举行祈福、点火仪式，巡游队伍手举火把途经得金石、千年梯田等景点，最终在瑶族舞曲广场开启篝火盛会，游客与瑶族同胞共同载歌载舞，感受瑶族文化的热情与活力。 这些丰富的体验项目，将瑶族文化、农业生态与旅游观光深度融合，延长了游客停留时间，带动了餐饮、住宿、特色农产品销售等相关产业发展，促进了乡村经济多元化增长，为实施“百千万工程”提供了有力支撑。 千年瑶寨作为瑶族文化的重要传承地，一直以来致力于保护和传承瑶族非物质文化遗产。此次“粽香传情·瑶韵非遗”暨千年瑶寨非遗婚俗文化节，不仅是对瑶族婚俗文化的深度挖掘与展示，更是在非遗传承道路上的又一创新实践。通过活动的举办，千年瑶寨吸引了大量游客走进瑶寨，提升了当地的知名度与美誉度。同时，活动也为当地居民创造了更多就业创业机会，带动村民增收致富，走出了一条“以文塑旅、以旅兴农”的乡村振兴新路径，为“百千万工程”打造了可复制、可推广的成功范例。 千年瑶寨正以非遗文化为笔，以农文旅融合为墨，在乡村振兴的画卷上描绘出浓墨重彩的一笔。未来，千年瑶寨将持续深化文化与旅游、农业的融合发展，为广东高质量发展注入源源不断的活力，书写乡村振兴的崭新篇章。,1093,https://business.cctv.com/2025/06/03/ARTIuK6OAYWZSovFSanKKCuh250603.shtml,婚恋;婚俗;恋爱;婚礼
CCTV,2025-06-03,女子法庭用情绘就乡村婚姻和美画卷,在河南省新乡市获嘉县史庄镇，至今还流传着获嘉县人民法院史庄人民法庭庭长贺雪娟“抱娃”调解婚姻纠纷案件的故事。如今，涉案的这对夫妻和好如初，一家人幸福地生活着。 “史庄法庭现有女干警6人，是名副其实的‘女子法庭’。”获嘉法院院长姚铭近日接受《法治日报》记者采访时介绍说，近年来，法庭干警多途径探索家事纠纷解决机制，用法官的理性与女性的柔情，化解家事矛盾纠纷，依法用情绘就乡村婚姻和美画卷。 “法官，俺要离婚！”今年春节前，男子李某和女子于某带着3个多月的孩子走进史庄法庭。 贺雪娟让这对小夫妻坐下，认真听他们诉说离婚的原因。她很快了解到，他们在经济不稳定、思想不成熟的情况下结婚生子，家庭的压力让他们透不过气来，在抚养孩子上产生矛盾。 从与双方的交流中，贺雪娟感觉到，这对小夫妻仍有感情。看着于某一直落泪，贺雪娟轻轻地接过孩子抱在怀里，以一个“大姐”的身份，从家庭责任、夫妻感情、孩子成长等多个角度为双方分析利弊，引导他们换位思考。 孩子在贺雪娟的臂弯里静静地睡着了，她抱着孩子继续与这对小夫妻沟通交流。经过一个多小时的释法说理，李某和于某各自意识到自身存在的问题，相互承认彼此的错误。 “作为大姐，我建议你们拥抱一下，以后好好过日子，把孩子培养好。”在贺雪娟的提议下，夫妻俩相拥在一起。随后，他们当场撤回起诉，抱着孩子离开了法庭。 “女性特有的亲和力与细致观察力，对于化解婚姻家事纠纷更具备优势。我们将史庄法庭打造为婚姻家事专业化法庭，鼓励法庭干警积极探索化解婚姻家事纠纷的方式和方法，力争做到案结事了。”姚铭说。 “对于一些家事纠纷矛盾尖锐，需要时间来缓冲的案件，我们在实践中设置30天的‘婚姻冷静期’。在这一段时间内，法庭法官和驻庭人民调解员注意把握‘火候’，持续做双方的调解工作，注重感情修复，有时还聘请村委干部和村调解员帮助做工作。”贺雪娟说。 史庄法庭还引入心理疏导机制，聘请专业心理咨询师为当事人“把脉问诊”“疏堵导流”，开展先行调解。2020年以来，法庭共受理婚姻家事纠纷1704件，成功调解886件，调解率52%，心理疏导服务623人次。2022年，法庭荣获河南省高级人民法院首批“枫桥式人民法庭”称号。 “感谢法官的耐心调解，我们夫妻之间的感情虽然走到了尽头，但对孩子的爱没有尽头，今后努力赚钱，经营好自己的生活……”史庄法庭对一起婚姻纠纷案件调解后，当事人郭某含泪说道。 女子郭某与男子周某婚后经常因琐事发生争吵，亲友们多次劝解也没有缓和双方的关系。郭某将周某起诉到法院，请求解除婚姻关系，孩子由其抚养，周某每月支付抚养费1000元。 从郭某与周某的婚姻现状来看，劝和的难度比较大，尽管如此，承办法官仍不放弃调解和好的希望，积极与双方沟通，倾听他们对婚姻的意见，探讨是否存在重归于好的可能性。交流中，法官发现郭某的离婚意愿十分坚决，周某也同意离婚，但双方在子女抚养和财产分割等问题上存在较大争议。 贺雪娟联系镇司法所的人民调解员参与调解，引导双方以心平气和、理性的态度来解决问题。随着双方情绪逐渐缓和，法官与调解员就争议的子女抚养、财产分割等问题，同双方进行协商与沟通，最终促使双方达成调解协议。 近年来，史庄法庭积极探索构建家事纠纷预防机制，邀请人大代表、政协委员、人民调解员、村干部等作为“家事观察员”旁听庭审、评议案件、案后回访，建立多元解纷网络，有效化解婚恋家事纠纷。今年以来，“家事观察员”参与调解婚姻家事纠纷50件，调解率达80%以上，实现“法结”与“心结”双解。 2023年4月26日，一场主题为“倡树婚俗新风，共筑时代文明”的获嘉县婚俗改革暨首届集体婚礼在史庄镇举行，倡导全县青年树立文明新风，争做社会风尚的引领者、推动者、实践者。 近年来，史庄法庭在多起婚姻家事案件审理中，发现高价彩礼、拆借负债等问题较为严重，经进一步调研发现，辖区离婚率呈逐年上升趋势，一些男女青年在恋爱结婚问题上不负责任、草率行事，结婚后又因为性格不合、家庭矛盾、生活琐事等原因赌气离婚。史庄法庭向镇政府发出司法建议，建议积极治理高价彩礼，推动移风易俗，从源头上减少因彩礼问题产生的纠纷。 司法建议不仅得到史庄镇政府的迅速响应，也引起县政府的高度重视。近年来，获嘉县围绕高价彩礼、高额随礼、大操大办、低俗婚闹等陋习进行了一系列治理。 与此同时，史庄法庭还专题开展“让婚姻始于爱，让彩礼归于礼”普法宣传活动。干警们结合涉彩礼纠纷、离婚纠纷、离婚后财产纠纷等以案释法，向村民阐释彩礼认定范围、彩礼返还、诉讼主体、嫁妆处理、共同生活认定规则等司法中经常遇到的困难，引导大家树立正确的婚嫁观念，自觉抵制高价彩礼，弘扬婚嫁新风，反对攀比之风。 2020年以来，史庄法庭针对婚姻家庭纠纷中的问题，向有关部门发送司法建议42份，有效推动全县开展婚俗改革，并与镇政府、派出所、司法所多元联动，共同抓好家事纠纷源头化解，助推基层社会治理。法庭还积极引导辖区各行政村修订完善村规民约，反对大操大办和铺张浪费，有效降低因彩礼问题引发的纠纷。,2064,https://news.cctv.com/2025/06/03/ARTI5HXPAk4euORV5kEAvY5l250603.shtml,高价彩礼;婚姻;结婚;离婚;婚恋;彩礼;婚俗;婚嫁;恋爱;夫妻;婚礼
CCTV,2025-06-06,即查即办 京津冀婚姻档案可异地开具证明,记者从北京市档案局获悉，6月9日国际档案日当天，京津冀三地民生档案共享利用平台正式推出， 可实现居民婚姻档案材料的跨省域快速查询和证明办理。 据介绍，京津冀三地民生档案共享利用平台是我国首个跨省域数据集中式档案查询利用平台，可实现京津冀三地重要民生档案数据跨省就近查阅、一窗办理。所谓“数据集中式档案查询利用”，是京津冀三地的档案部门制定统一档案数据共享标准，并将各馆馆藏相关门类的民生档案目录进行整合汇聚，服务时实时上传数字化成果，从而实现省际跨馆查阅，异地出证。 京津冀三地民生档案共享利用平台首期建设汇聚了婚姻登记档案目录数据940万条，服务覆盖京津冀全部46家地市级以上综合档案馆。简单来说， 用户在京津冀地市以上的档案馆可以申请开具异地馆藏的婚姻登记的证明材料，免于异地奔波。 据了解，婚姻档案通常由民政部门办理登记10年后，移交档案部门。,375,https://news.cctv.com/2025/06/06/ARTIrQW7fFzU8XMCgAHfdwKK250606.shtml,婚姻登记;婚姻
China News Service,2025-06-08,高额彩礼风气当刹 如何退还依法认定,彩礼，来源于我国古代婚姻习俗中的“六礼”，蕴含着两个家庭对“宜其室家”的美好愿望。但在一些地区，高额彩礼、人情攀比、铺张浪费等婚俗陋习蔓延势头依旧强烈，假借彩礼之名索取高额财物背离了彩礼本质以及彩礼给付的初衷，当婚约不再，双方因彩礼退还问题对簿公堂的案件也占比不少。 近日，宁夏回族自治区银川市中级人民法院发布《推进移风易俗整治高额彩礼白皮书》。白皮书详细介绍了自2022年以来涉高额彩礼纠纷案件审理情况，并发布了“推进移风易俗、整治高额彩礼”典型案例。银川中院相关负责人告诉《法治日报》记者，2024年4月，自治区党委、政府在全区范围开展农村高额彩礼专项治理“建设文明乡风专项治理”活动以来，银川两级法院探究因婚姻给付彩礼面临的法律风险与社会风险，提出促进婚姻家庭和谐健康发展的治理建议，并发布涉彩礼类纠纷典型案例，切实发挥司法裁判在社会治理中的规范、评价、教育和引导作用，实现“办理一案、治理一片”的良好社会效果。 2020年8月，原告杨某与被告白某某经人介绍相识并确定恋爱关系，双方协商订婚、结婚事宜期间，杨某父亲为白某某购买金饰共计花费41270元、购置衣物消费2235元。2021年10月，双方举行定亲仪式，杨家向白家交付彩礼30万元。 在双方筹办婚礼期间，原被告两人因购买房屋事宜发生争执后再未共同生活。原告杨某称自己多次要求被告与其去往民政部门办理婚姻登记手续，被告均以各种理由拒绝且避而不见，甚至将原告所有联系方式删除。原告家庭经济基础薄弱，为了给被告支付高额彩礼，一边向银行贷款一边向亲戚朋友借款，至今尚未偿还债务。被告的行为给原告的家庭造成了沉重的经济负担，故提起诉讼，请求被告返还彩礼等36.7万余元。 法院审理后认为，订立婚约期间男女互赠大额财物系双方以结婚为最终目的的附条件的赠与行为，如双方最终解除婚约或未登记结婚，即所附条件并未成就，则赠与行为尚未生效，因此在解除婚约的同时，一方接受对方所赠与的财物，应予以返还。据此，法院判决被告白某某返还原告彩礼25万元、金饰款4.1万元和微信转款1.85万元。 承办法官表示，民法典第一千零四十二条明确禁止借婚姻索取财物的行为。关于借婚姻索取财物的认定标准，司法实践中，一方以索取财物作为结婚条件的，或将获得高额彩礼作为登记结婚的决定性因素，与对方明显无感情基础的，可以推定为无结婚意愿。借婚姻索取财物违反婚姻自由原则，彩礼应当返还。本案中，原告杨某与被告白某某按习俗筹办婚礼，被告收取男方彩礼30万元后，又要求原告购买房屋，原告杨某由于经济能力有限未购买房屋，白某某因此拒绝办理结婚登记。双方虽有同居生活，但共同生活时间较短，被告白某某以获得高额彩礼并要求男方购置车辆、房屋等条件作为登记结婚的条件，可认定双方无感情基础，推定其无结婚意愿。基于婚姻自由的原则，法院仅处理彩礼返还纠纷。 原告于某某与被告马某于2023年1月登记结婚。结婚时于某某向马某支付彩礼26万元，马某向于某某返礼3万元。2023年5月，于某某以夫妻感情破裂为由诉至法院，法院于2023年8月作出民事判决，驳回于某某全部诉讼请求。后原告再次起诉请求离婚，并要求被告返还彩礼及其他金银手饰款28万元。 法院审理认为，超出正常经济水平给付高额彩礼背离了爱情的初衷和婚姻的本质，使婚姻演变成物质交换，不仅对彩礼给付方造成经济压力，还影响婚姻家庭的和谐稳定。本案中，双方共同生活仅3个月，给付彩礼的目的尚未全部实现。双方未生育子女，给付方不存在明显过错。2021年，原被告双方生活居住的银川市金凤区良田镇，人均年收入不足15000元，本案彩礼金额超过当地人均年收入的10倍，属于彩礼数额过高。给付方为支付彩礼存在较大金额借贷的情形，已造成较重的家庭负担，法院综合考量彩礼给付方所在地居民人均可支配收入、给付方家庭经济状况及当地习俗等因素作出判决，准予原告、被告离婚；被告马某退还彩礼20万元，驳回原告于某某的其他诉讼请求。判决后原被告双方均未上诉。 承办法官告诉记者，《最高人民法院关于审理涉彩礼纠纷案件适用法律若干问题的规定》第五条规定，双方已办理结婚登记且共同生活，离婚时一方请求返还按照习俗给付的彩礼的，人民法院一般不予支持。但是，如果共同生活时间较短且彩礼数额过高的，人民法院可以根据彩礼实际使用及嫁妆情况，综合考虑彩礼数额、共同生活及双方过错等事实，结合当地习俗，确定是否返还以及返还的具体比例。人民法院认定彩礼数额是否过高，应当综合考虑彩礼给付方所在地居民人均可支配收入、给付方家庭经济情况以及当地习俗等因素。据此，结合当地居民收入情况、双方结婚时间、共同生活状况、婚后彩礼花费等情况，法院作出的判决较好地平衡了双方当事人间的利益，双方当事人均服判息诉。 原告杨某某与被告马某于2023年1月登记结婚。2023年7月，双方发生纠纷，被告马某报警，后双方一直分居。原告杨某某主张结婚时向被告马某给付彩礼12万元，为被告马某购买黄金首饰110克；被告马某认可结婚时收到彩礼11万元，黄金首饰110克，但黄金首饰仍在原告杨某某处。被告马某主张其为原告杨某某购买价值9100元金戒指一枚，陪嫁其余物品1.5万元；原告杨某某认可被告马某陪嫁四件套、被褥、装饰品、电动车、电冰箱及金戒指一枚并主张陪嫁物品中现仅有价值4800元的电冰箱及9100元的金戒指在其家中。 案件在审理过程中，原被告双方均同意解除婚姻关系。关于原告杨某某主张被告马某返还彩礼12万元、黄金首饰110克的诉讼请求，原告杨某某未证实交付彩礼数额为12万元且黄金首饰现在被告马某处，故对其主张返还彩礼的诉请，法院以被告认可的彩礼11万元为基准予以认定。依据《最高人民法院关于适用〈中华人民共和国民法典〉婚姻家庭编的解释(一)》第五条第(三)项之规定，被告马某陪嫁物品的价值未能提交支付凭证等证据予以佐证，结合电动车尚在被告马某处的事实，就剩下陪嫁物品的价值酌定为1.5万元。考虑原告、被告共同生活时间，陪嫁物品的价值等因素，从财产便利使用的原则出发，陪嫁物品除电动车外其余归原告杨某某所有，法院酌定被告马某向原告杨某某返还彩礼7.4万元。 承办法官表示，这起案件的典型意义在于彩礼返还的数额上，考量了夫妻双方共同生活时间、彩礼的使用以及被告陪嫁情况，除此之外对于双方诉辩中主张的部分财产，将举证责任分配给相应当事人，对于有证据证明但无法查明价值的部分财产，则需结合日常生活经验，在不超出大众认知范围的前提下作出裁判。 原告与被告双方于2023年3月经人介绍相识并很快登记结婚，但没过多久双方就因家庭琐事发生矛盾且不断升级，派出所还给被告发出《家庭暴力告诫书》。2024年1月，原告以夫妻感情破裂为由诉至法院，请求解除婚姻关系，被告补偿原告经济损失费10万元。被告同意离婚，但要求原告返还结婚时给付的彩礼10万元及价值4.2万余元的首饰。 法院审理后认为，被告为结婚向原告支付了高额彩礼，因双方共同生活的时间较短，被告对原告实施暴力殴打行为，对原告身心造成伤害。被告的家暴行为是导致离婚的主要原因，法院判决准予原被告离婚，原告向被告返还彩礼4万元，被告赔偿原告损失1万元。 审理法官表示，司法实践中，如果共同生活时间较短且彩礼数额过高造成对方家庭困难的，人民法院可以根据彩礼实际使用及嫁妆情况，综合考虑彩礼数额、共同生活及孕育情况、双方过错等事实，结合当地习俗，确定是否返还以及返还的具体比例。在已登记结婚因离婚一方要求彩礼返还的案件中，在返还具体金额上，除关注夫妻共同生活的持续时间外，还应当考虑离婚当事人的归因与归责因素，若离婚可归因、归责于一方，则可不予返还或少返还彩礼。本案夫妻双方在“闪婚”情形下离婚，被告的家暴行为是导致双方离婚的主要原因，故在彩礼返还时应作为重要的考量因素。 第一千零四十二条 禁止包办、买卖婚姻和其他于涉婚姻自由的行为。禁止借婚姻索取财物。 禁止家庭暴力。禁止家庭成员间的虐待和遗弃。 《最高人民法院关于审理涉彩礼纠纷案件适用法律若干问题的规定》相关规定 第五条 双方已办理结婚登记且共同生活，离婚时一方请求返还按照习俗给付的彩礼的，人民法院一般不予支持。但是，如果共同生活时间较短且彩礼数额过高的，人民法院可以根据彩礼实际使用及嫁妆情况，综合考虑彩礼数额、共同生活及双方过错等事实，结合当地习俗，确定是否返还以及返还的具体比例。 人民法院认定彩礼数额是否过高，应当综合考虑彩礼给付方所在地居民人均可支配收入、给付方家庭经济情况以及当地习俗等因素。 第六条 双方未办理结婚登记但已共同生活，一方请求返还按照习俗给付的彩礼的，人民法院应当根据彩礼实际使用及嫁妆情况，综合考虑共同生活及孕育情况、双方过错等事实，结合当地习俗，确定是否返还以及返还的具体比例。 【,3595,https://www.chinanews.com.cn/sh/2025/06-08/10428632.shtml,婚姻登记;结婚登记;婚姻;结婚;离婚;彩礼;婚俗;婚约;闪婚;恋爱;夫妻;婚礼;家庭暴力;家暴
People.cn,2025-06-09,夏河县有效治理农牧村高额彩礼,为有效治理农牧村高额彩礼等婚俗陋习，减轻农牧民群众的婚嫁负担，夏河县以婚俗改革为抓手，多措并举，标本兼治，组织各乡镇全面开展“治理高额彩礼、推动移风易俗”宣传教育活动，大力倡导婚事新办、丧事简办，营造文明社会新风尚。 夏河县将治理高额彩礼纳入精神文明建设工作重点任务，阿木去乎镇率先出台地区治理高额彩礼乡规民约，对彩礼、酒席规模等进行“限高”，制发地区社会治安管理和移风易俗治理乡规民约，明确职责分工，建立婚丧嫁娶事前报备、事后报告制度。 各乡镇纷纷成立专项治理工作小组，细化工作任务清单，将彩礼限额、宴席标准、随礼金额等内容纳入村民自治章程，建立“红白理事会”全程参与婚丧嫁娶事务机制。由老党员、致富带头人代表担任理事会成员，对婚事筹备提前介入、精准指导和全程监督。目前，夏河县13个乡镇65个行政村和5个城镇社区已实现“红白理事会”全覆盖，群众参与移风易俗的自觉性显著提升。 夏河县利用微信公众号、短视频平台推送抵制高额彩礼倡议书、典型案例解读、传统婚俗文化故事等内容，覆盖群众达12.8万人次；线下通过乡村“大喇叭”、道德讲堂广泛宣传文明新风。同时，组织新时代文明实践中心（所、站）志愿者、驻村帮扶工作队深入村社，开展“反对高额彩礼，倡导婚嫁新风”主题宣讲75场次，覆盖群众达8.5万余人次，引导农牧民群众树立正确婚恋观。,564,http://gs.people.com.cn/n2/2025/0609/c183341-41254194.html,婚恋;彩礼;婚俗;婚嫁
People.cn,2025-06-13,明光市：让彩礼归于“礼” 让幸福更有“爱”,为进一步贯彻落实中央一号文件精神，明光市通过压实责任、营造氛围、落实举措，抓紧抓实农村高额彩礼问题综合治理，为彩礼“减负”、为幸福“加分”，持续推进移风易俗、强化精神文明建设。 注重机制联动。建立多部门联动、镇街落实机制，利用联席会议、统计调度、督导通报、舆论引导等方式，强化沟通交流、会商对接、分析研判，明确目标任务和落实举措，统筹推动重点任务落实。 强化指导倡议。通过出台《婚事新办、丧事简办实施细则（试行）》《移风易俗明10条》等内容，在彩礼、宴请、随礼等方面设限，减轻人情往来负担；发出“抵制高额彩礼 倡导文明婚俗”倡议，结合线上、线下开展宣传，扩大倡议影响力。 举办丰富活动。结合传统节日和重要节点等契机，创新开展贴近群众、广泛参与的文明向上活动。在多家单位联合举办5·15国际家庭日——“金婚”见证“新婚”培育文明新风暨巾帼“嘉”缘交友联谊活动上，金婚夫妇担任新人白首之约的“幸福见证人”，既传承和发展了中华优秀婚姻家庭文化，又以健康文明、简约适度的方式涵养了新时代的婚俗新风。 加强村民自治。村级依托“一约四会”，抵制农村婚丧嫁娶大操大办、互相攀比、铺张浪费等不良现象和风气，劝导、鼓励辖区群众喜事新办、简办。指导开展村规民约修订工作，充实抵制高额彩礼和大操大办等内容，积极鼓励“零低彩礼”、适应社会需求变化，让文明风气在潜移默化中浸润人心。 创新宣传形式。各乡镇（街道）积极发掘本地特色，如桥头镇自创“桥”有话说、苏巷镇用三句半短视频等百姓喜闻乐见的形式，诉说新时代移风易俗新故事。同时，注重宣传横幅、公告栏、“村村通”喇叭等传统宣传途径的利用，别出心裁地在宣传内容上着力，确保宣传效果。 突出示范带动。党员带动，组织党员干部签订移风易俗承诺书，带头践行婚事简办，为广大群众树立榜样标杆。选树典型，广泛开展文明家庭、最美家庭、移风易俗“5个10”等先进典型评选表彰和学习宣传，做到用身边人讲好身边事、身边事教育身边人。 打造文化阵地。乡镇（街道）通过建设新风堂、幸福大礼堂、群众文化馆等文化阵地，设置婚俗文化墙、婚俗展区、大舞台等，制定切实可行的管理制度、明确管理责任，让服务群众有空间、活动开展有区域。打造新风范示范酒店，主动为操办红白喜事提供场地等普惠性服务，受到了群众的广泛欢迎和好评。 凝聚多方力量。充分用好大支、“文明新风管家”志愿服务队等力量，开展移风易俗宣讲志愿服务，积极促成“喜事新办”。同时，依托“爱不释手”等专业调解队伍，着力发挥“专业社工+志愿服务”模式在基层治理中的重要作用，为化解彩礼问题、婚姻问题、家庭问题提供帮助 推行积分礼遇。结合推广运用积分制工作，将推动抵制高额彩礼、喜事简办等移风易俗内容纳入积分制管理，聚焦群众需求、细化积分礼遇政策，让村民在践行中得实惠、在参与中添动力。（郭倩）,1167,http://ah.people.com.cn/n2/2025/0613/c374164-41259101.html,婚姻;彩礼;婚俗
People.cn,2025-06-15,离婚房产分割争议 依法依约维护权益--社会·法治--人民网,现代社会，房产往往是家庭最重要的资产之一，也是夫妻离婚时财产分割中容易引发争议的部分。房屋分割之所以成为离婚纠纷的焦点，主要原因在于房屋价值巨大，往往占据夫妻财产的绝大部分，此外，房屋的出资方式、产权登记、婚姻存续期间等多种因素都会影响最终的分割结果。《法治日报》记者选取浙江省嘉兴市人民法院在审理离婚案件中涉及有关房屋分割的4起案例，通过以案释法，提醒公众在面临离婚房产分割时，如何更好维护自身合法权益。 姚某与陆某（男）于2020年登记结婚，婚后未生育子女。婚姻期间因生育问题产生矛盾，姚某起诉离婚并要求分割共同财产，其中涉及一套陆某婚前购置的房产。该房产由陆某购置于2018年，总价167万元，陆某婚前支付首付款50万余元，偿还贷款17万余元，婚后双方共同偿还贷款25万余元。诉讼中，双方确认该房产现值已增值至180万元，陆某坚称房产系个人财产，拒绝分割；姚某则主张婚姻期间共同还贷部分及相应增值应属共有。 嘉兴市南湖区人民法院经审理认为，案涉房产系陆某婚前个人购买且以个人财产支付首付，故该房屋归陆某所有，该房屋剩余贷款本息由陆某归还。该房屋现作价180万元，根据增值率公式、已偿还贷款及利息以及婚后还贷部分折算后，陆某应补偿姚某财产增值部分11万余元。 承办法官表示，夫妻一方婚前签订不动产买卖合同，以个人财产支付首付款并在银行贷款，婚后用夫妻共同财产还贷，不动产登记于首付款支付方名下的，离婚时该不动产由双方协议处理。依前款规定不能达成协议的，人民法院可以判决该不动产归登记一方，尚未归还的贷款为不动产登记一方的个人债务。双方婚后共同还贷支付的款项及其相对应财产增值部分，离婚时应根据民法典第一千零八十七条第一款规定的原则，由不动产登记一方对另一方进行补偿。 法官提示，为减少矛盾纠纷，双方可在婚前或婚内通过书面签订《婚前财产协议》明确约定房产属于个人财产，不属于夫妻共同财产；登记方用独立账户管理婚前财产，婚前支付首付款，婚后用个人财产偿还贷款，避免与婚后收入混同；非登记方设立专用账户储存共同还贷资金，留存好共同还贷证据，争取最大增值补偿。 张某（女）和王某于2012年通过亲戚牵线确定恋爱关系，于2013年11月登记结婚，婚后育有一子。婚前，两人共同出资30余万元首付款，购买了某市区一套二手房（含车库一间）。该房产登记在张某、王某双方名下，产权证载明：按份共有，张某占有份额为30%，王某占有份额为70%。 因婚后家庭生活琐事及情感淡薄等原因，双方矛盾较大，张某搬到娘家居住，夫妻为分居状态。2024年3月，张某向法院诉请离婚，并要求按照房产份额依法分割房产。 嘉兴市海盐县人民法院经审理认为，张某和王某的夫妻感情确已破裂，准予离婚。登记在两人名下的房屋及车库，产权证上载明张某占30%的产权份额，王某占70%的产权份额，此系张某和王某对案涉房产份额的约定，系按份共有，法院予以确认。考虑到两人分居后，该房屋一直由王某及婚生子居住使用，且从有利于生活稳定等角度考虑，该房产归王某所有。经司法评估，该房产价值为120.5万元。综合以上情况，法院判决该房屋及车库归王某所有，王某于判决生效之日起一个月内给付张某该房产折价款36.15万元。 承办法官表示，实践中，很多夫妻在婚后因感情变化而对财产归属产生争议，但因缺乏书面约定导致举证困难。夫妻双方在婚前通过书面协议或产权登记明确房产出资比例和份额，这种做法体现了现代婚姻关系中的理性态度，也为日后可能出现的财产分割提供清晰依据。通过书面协议或产权登记明确出资比例和份额，也能让婚姻关系建立在更加坦诚、明晰的基础上。好的婚姻既需要感情的温度，也需要规则的守护。 俞某与周某（男）于2021年4月通过相亲相识，2022年2月登记结婚。婚后，周某将其婚前购买的房屋转移登记为俞某、周某共有。俞某、周某未生育子女。2023年7月，两人因家庭琐事产生纠纷，俞某向法院起诉，要求离婚并平均分配财产。双方均同意离婚，但对案涉房产分割产生了较大分歧。周某认为案涉房屋为婚前财产，且双方婚姻关系存续时间较短，表示愿意适当补偿俞某。 嘉兴市秀洲区人民法院经审理认为，俞某与周某因生活琐事矛盾较深，以致感情破裂，双方一致同意解除婚姻关系，予以准许。案涉房屋系周某婚前财产，周某于婚后为俞某“加名”系对个人财产的处分，该房屋现登记为共同共有，应作为夫妻共同财产予以分割。至于双方争议的房屋分割比例，应当综合考虑购房出资、婚姻存续时间、对家庭的贡献等因素确定。综合以上因素，考虑到购房款由周某所出，虽然双方婚姻存续时间较短，但俞某婚后也积极为家庭付出了劳动，法院酌定周某支付俞某房产10%比例的折价款21万元，剩余房屋贷款由周某负责偿还。 承办法官表示，夫妻对婚姻关系存续期间所得的财产以及婚前财产的约定，对双方具有法律约束力。婚姻关系存续期间，夫妻一方将其个人所有的婚前财产变更为夫妻共同所有，该种给予行为一般是以建立、维持婚姻关系的长久稳定并期望共同享有房产利益为基础。离婚分割夫妻共同财产时，应当根据诚实信用原则妥善平衡双方利益。本案中，购房款为周某所出，双方结婚时间较短，但俞某婚后积极备孕也为家庭付出了劳动。因此，法院判决房屋归周某所有，并酌定补偿对方21万元，既保护了周某的财产权益，也肯定了俞某对家庭付出的价值。 2018年12月，黄某（女）与陆某依法登记婚姻，婚后双方未生育子女。2025年因感情破裂，双方签署离婚协议办理离婚。在婚姻关系存续期间，黄某父亲以其女名义购入某市商品房一套。该房产交易过程中，黄某作为买受人与开发商签订《商品房预售合同》，其父通过银行转账支付首付款21万余元。此后，黄某父亲每月固定将当月按揭款汇入黄某账户用于还款，并通过银行转账备注明确注明“××小区房贷、仅赠与黄某”。在此期间，黄父还两次为黄某提前偿还本金共计78万余元。其间，陆某从未汇款至该还款账户。 离婚后，黄某在对上述房产办理过户时被告知，因该房产为婚姻存续期间购买，需要进行确权或陆某协助办理。经多次催告，陆某均未予配合。无奈之下，黄某向法院提起离婚后财产纠纷诉讼，请求确认案涉房产归其个人所有。 嘉兴市南湖区人民法院经审理认为，婚姻关系存续期间，夫妻购置房屋由一方父母全额出资，如果赠与合同明确约定只赠与自己子女一方的，按照约定处理。本案中，虽然房产登记在婚姻关系存续期间，但黄某父亲全额支付购房首付款和购房按揭贷款，且房产登记在其女儿的名下，且向黄某转账时均注明是用于归还该房屋项下购房贷款并仅赠与黄某个人。综合购房款来源、实际出资情况、当事人真实意思表示等因素，应认定为黄某个人财产。 法院最终确认登记在黄某名下的房产系其个人单独所有。 承办法官表示，本案适用《最高人民法院关于适用〈中华人民共和国民法典〉婚姻家庭编的解释（二）》第八条第一款之规定。在分割夫妻共同财产时，不能简单地理解为要按照平分的原则进行分割，在财产出资完全来源于一方父母且明确仅用于赠与其子女个人时，可在分割时将房屋判归出资人子女一方所有。在审理中也会综合考虑购房款来源、双方对诉争房产贡献、照顾子女和女方权益的法定原则等因素来确定是否需要对另一方予以补偿以及补偿的具体数额。（王春、苗圃） 第一千零六十五条 男女双方可以约定婚姻关系存续期间所得的财产以及婚前财产归各自所有、共同所有或者部分各自所有、部分共同所有。约定应当采用书面形式。没有约定或者约定不明确的，适用本法第一千零六十二条、第一千零六十三条的规定。 夫妻对婚姻关系存续期间所得的财产以及婚前财产的约定，对双方具有法律约束力。 第一千零八十七条第一款 离婚时，夫妻的共同财产由双方协议处理；协议不成的，由人民法院根据财产的具体情况，按照照顾子女、女方和无过错方权益的原则判决。 解释(一)第七十八条 夫妻一方婚前签订不动产买卖合同，以个人财产支付首付款并在银行贷款，婚后用夫妻共同财产还贷，不动产登记于首付款支付方名下的，离婚时该不动产由双方协议处理。 依前款规定不能达成协议的，人民法院可以判决该不动产归登记一方，尚未归还的贷款为不动产登记一方的个人债务。双方婚后共同还贷支付的款项及其相对应财产增值部分，离婚时应根据民法典第一千零八十七条第一款规定的原则，由不动产登记一方对另一方进行补偿。 解释(二)第八条第一款 婚姻关系存续期间，夫妻购置房屋由一方父母全额出资，如果赠与合同明确约定只赠与自己子女一方的，按照约定处理；没有约定或者约定不明确的，离婚分割夫妻共同财产时，人民法院可以判决该房屋归出资人子女一方所有，并综合考虑共同生活及孕育共同子女情况、离婚过错、对家庭的贡献大小以及离婚时房屋市场价格等因素，确定是否由获得房屋的一方对另一方予以补偿以及补偿的具体数额。,3582,http://society.people.com.cn/n1/2025/0615/c1008-40500740.html,婚姻;结婚;离婚;恋爱;相亲;夫妻
People.cn,2025-06-17,湖南新田：“彩礼减负”转观念 文明新风入民心,近日，一场别开生面的移风易俗主题宣传活动在湖南新田县新时代文明实践中心举行，通过沉浸式体验倡导婚嫁新风，引导群众自觉抵制高额彩礼。 活动现场，双胜社区与下车村的居民分为两组，接力传递象征婚嫁负担的“彩礼包”。每完成一轮，参与者需果断丢弃一个标注“天价彩礼”的负重包，最终只保留“正常彩礼”包袱，直观感受“减负”意义。 新田县双胜社区居民胡挺：“刚才丢掉那个‘天价的包’时，整个人都轻松了！结婚就应该这样，不能背着一身债来迎接新生活。” 活动巧妙融合游戏与教育。“大转盘有奖问答”环节，题目聚焦《民法典》婚姻家庭编、地方彩礼治理政策，居民踊跃抢答。 新田县双胜社区下车网格支部书记黄利兵：“用游戏讲政策，大家听得进、记得住。比如‘彩礼超过多少算高额’这种题，答完心里就有杆秤了。” 活动期间，干部群众纷纷在签名墙前签下自己的名字，承诺践行婚俗新风。 双胜社区党委书记谢艳：“签名是承诺，更是行动的起点。我们社区将持续开展入户宣传，让‘拒绝高额彩礼’成为社区的共识。” 近年来，新田县将治理高额彩礼作为移风易俗重点攻坚内容，通过强化村规民约约束、选树“零彩礼”“低彩礼”模范家庭、组建红白理事会巡回宣讲等方式，持续推动观念转变。下阶段，新田县将继续深化部门联动，久久为功，让“为爱减负”成为社会共识，真正为幸福婚姻保驾护航。（殷娜、刘姣）,567,http://hn.people.com.cn/n2/2025/0617/c356887-41262298.html,天价彩礼;婚姻;结婚;彩礼;婚俗;婚嫁
CCTV,2025-06-18,警惕！打着婚恋交友“幌子”的甜蜜陷阱,新华社福州6月17日电 题：警惕！打着婚恋交友“幌子”的甜蜜陷阱 先以婚恋交友之名编织“甜蜜陷阱”博取受害人信任，再以高额回报为诱饵实施投资理财诈骗。日前，最高检、公安部披露了一起联合挂牌督办的境外婚恋交友、虚假投资理财类诈骗案，涉案金额达1.8亿元，其中被骗金额超百万元的个案达14起。 打造“真爱”骗局 被骗金额最高逾500万元 这是警方查获的该犯罪团伙的作案手机（南安市公安局供图） 2023年3月，福建省南安市公安局接到群众报警称，在网上被他人骗取7万余元。一个盘踞在境外的诈骗犯罪集团由此进入警方视野。 受害人之一的李女士（化名）离异后注册了某婚恋网站账号，很快匹配到一位“优质”男士。对方自称也是离异状态，有一个女儿，从事金融工作，与她还是老乡。 在线交流一段时间后，这位“贴心男友”自称可以从银行内部渠道买到一款“高收益理财产品”。李女士起初并不感兴趣，后来对方提出请李女士帮忙操作其投资账户，看着账户余额每日飞涨，心动的李女士渐渐放下戒备。 在对方的甜言蜜语和“为未来家庭攒钱”的承诺下，李女士抵押房产、四处借贷，陆续投入470万元。然而，当她试图提现时，平台“客服”失联，“男友”也将其拉黑。 “诈骗分子以婚恋交友为幌子，通过情感交流潜移默化影响受害人，以‘真爱’骗局逐步洗脑、层层推进，诱骗受害者上钩，心甘情愿‘投资理财’，直到榨干受害人的最后一分钱。”南安市公安局刑侦大队副大队长陈金钞说。 办案民警介绍，诈骗分子非法获取公民个人信息后，会根据受害者的年龄、籍贯、家庭情况等量身打造“完美人设”。比如，如果受害人是北京人，就自称“即将退休回京定居”；如果受害者有孩子，就虚构离异带娃的经历。 “甜蜜陷阱”的终局是投资理财。诈骗分子往往先让受害人操作“自己的投资账户”，或把高额收益的截图给受害人看，引诱受害人上当。实际上，诈骗团伙购买该投资理财平台App仅花费数千元，后台由团伙操控，所谓的收益只是软件上显示的数字。 目前，该案已查实电诈案件139起，查明诈骗金额6100余万元，个案被骗金额超百万元的达14起，被骗金额最高超过500万元。 据悉，该犯罪集团内部组织严密、分工明确，从诈骗对象筛选、人员包装、话术培训、实施诈骗到洗钱转移财产等各个环节，均有专人负责。 南安市公安局刑侦大队民警朱明超说，该团伙以“高薪招聘”“境外淘金”为由，在多个社交软件、网络平台发布招募信息，再通过旅行社利用虚假事由办理签证的方式，组织人员出境从事诈骗活动。非法出境人员的签证手续、机票等费用先由诈骗团伙承担，在入伙成为业务员后，从其诈骗提成中扣除。 “该团伙通过境外非法手段，购买婚恋网站注册的公民个人信息，包括姓名、年龄、联系方式、婚姻状况、职业、择偶要求、兴趣爱好等内容，根据信息的详细程度，一条信息从数百元到数千元不等，一年大概购买五六千条。”办案民警介绍。 多名受害人表示，她们在多个婚恋网站注册，诈骗分子添加好友时会说是“通过婚恋网站匹配”的。办案民警说，为增加可信度，该犯罪团伙还购买“养号”服务，在“养号”的微信朋友圈发布精心编造的生活动态，营造假象、博取信任。 此外，与一般电诈案“流水线”作案，一个业务员仅负责诈骗某个环节的模式不同，该案由一个业务员“专攻”一个受害者。“该团伙的主要犯罪嫌疑人从2018年开始就在境外从事电诈活动，很擅长对人性弱点的拿捏。”陈金钞说。 办案民警表示，该团伙有金主、组长、业务员等层级，诈骗金额中约12%至15%是给业务员的提成，洗钱由专门的黑灰产团伙实施，抽成约占诈骗金额的35%至42%，剩下的部分，由金主和组长以五五或者六四、四六的比例分配。 这是准备返还受害群众的追缴现金（南安市公安局供图） 办案民警介绍，该团伙成员长期滞留境外，2024年春节前夕，专案组发现部分成员返回国内，遂在10余个省份同步收网，抓获88名犯罪嫌疑人，目前已累计返还群众被骗资金800余万元。 该案受害人中，单身、离异、丧偶的中年女性较多，年龄多在四五十岁，也有小部分男性受害者，不少受害人处于情感脆弱期。“诈骗分子利用部分群体对情感的渴望，钻有关企业监管的漏洞，拿捏受害人追求高额回报的心理，最终骗取巨额钱财。”办案民警说，包括婚恋网站在内的平台反诈责任落实不到位、内部安全管控不严，是此类黑灰产业链猖獗的重要因素。 近年来，尽管司法机关不断加大打击力度，但电信诈骗新技术新手段层出不穷。公安机关提醒，网络交友需谨慎，素未谋面的网友、恋爱对象诱导在网上投资理财、炒数字货币的，都是骗局，切勿轻信“稳赚不赔”“内部消息”等说辞。 处处贴心的“完美恋人”，也许只是盯上了你的财产。婚恋交友骗局的本质，是精准搜寻目标群体，利用人性弱点和监管漏洞，虚构一夜暴富投资陷阱。对于个人，要提升安全意识，牢记“天上不会掉馅饼”；对于平台，要压实主体责任，严防数据泄露；同时，要提升反诈预警精准度，多方联动共筑反诈“防火墙”。,2027,https://news.cctv.com/2025/06/18/ARTImJYSKL3QOoP2BfqOB30L250617.shtml,婚姻;婚恋;恋爱;单身;择偶;对象;恋人
People.cn,2025-06-19,安徽枞阳：90后村干部“零彩礼”树新风,在枞阳县汤沟镇一心村，“零彩礼”的婚嫁佳话正在传开，主角是该村90后年轻村干部石亚敏。 石亚敏深知在推进乡村文明建设中，自己肩负着特殊责任。在婚礼筹备时，她经过深思熟虑，向父母提出了“零彩礼”的想法。“我作为村干部，时刻关注乡村发展的各个层面，深知高额彩礼给许多家庭带来的沉重负担。我希望通过自己的实际行动，为村民们树立榜样，让大家看到新时代婚礼应有的模样，让乡亲们明白，没有高价彩礼的婚姻同样可以幸福美满。”石亚敏说道。 她的想法得到了家人的理解和支持，这让她十分感动。在双方家庭的共同推动下，两家人迅速达成共识，举办了一场简约温馨的婚礼，现场气氛温馨热烈，欢声笑语不断，亲友们共同见证了这对新人喜结连理的幸福时刻。 “彩礼只是传统习俗，婚姻不是交易。只要女儿幸福，我就心安，彩礼不要也行。”石亚敏的父亲在婚礼致辞时说。 在石亚敏的影响下，村里不少青年纷纷表示将效仿这种简约而浪漫的婚礼形式。“零彩礼”“低彩礼”的新风尚正逐渐在一心村兴起，成为该村推进精神文明建设的一道亮丽风景线，为乡村振兴注入了清新的文化活力。 石亚敏表示，作为村干部，她希望通过自身选择带动更多年轻人转变观念，让新时代婚嫁观念在乡村落地生根。“我希望以自己的经历告诉大家，真正的幸福来自夫妻恩爱和生活奋斗，而不是靠彩礼堆砌。我相信，只要我们持续倡导，乡村婚嫁新风一定会越来越好。” 近年来，汤沟镇结合实际，制订村规民约，成立红白理事会，引导教育群众自觉抵制高价彩礼，提倡婚丧简办，改善村风民风。“我们充分发挥农村老党员、离任村干部、老教师以及党员干部在抵制高价彩礼、倡导移风易俗中的示范带动、宣传劝导和教育引导作用，带动广大青年自觉做到低彩礼、不收礼，倡导婚嫁新风。”汤沟镇相关负责人说。（王燕）,735,http://ah.people.com.cn/n2/2025/0619/c374164-41264558.html,高价彩礼;婚姻;彩礼;婚嫁;夫妻;婚礼
People.cn,2025-06-20,德惠法院：婚姻关系存续期间父母为子女购房出资时，房产应这样分割,甲与乙结婚多年一直租房居住，父母想为子女出资购房，房产应该怎么分割呢？ 婚姻关系存续期间父母为子女购房，离婚分割共同财产时，没有约定或者约定不明确的，区分两类情况： 一方父母全额出资：一般判决该房屋归出资人子女一方所有，但要综合考虑婚姻家庭实际情况确定是否需要对另一方予以补偿以及补偿的具体数额。 一方父母部分出资或者双方父母出资：以出资来源和各方出资比例为基础，综合考虑婚姻家庭实际情况判定房屋归属和补偿数额。 《最高人民法院关于适用〈中华人民共和国民法典〉婚姻家庭编的解释（二）》第八条规定：婚姻关系存续期间，夫妻购置房屋由一方父母全额出资，如果赠与合同明确约定只赠与自己子女一方的，按照约定处理；没有约定或者约定不明确的，离婚分割夫妻共同财产时，人民法院可以判决该房屋归出资人子女一方所有，并综合考虑共同生活及孕育共同子女情况、离婚过错、对家庭的贡献大小以及离婚时房屋市场价格等因素，确定是否由获得房屋一方对另一方予以补偿以及补偿的具体数额。 婚姻关系存续期间，夫妻购置房屋由一方父母部分出资或者双方父母出资，如果赠与合同明确约定相应出资只赠与自己子女一方的，按照约定处理；没有约定或者约定不明确的，离婚分割夫妻共同财产时，人民法院可以根据当事人诉讼请求，以出资来源及比例为基础，综合考虑共同生活及孕育共同子女情况、离婚过错、对家庭的贡献大小以及离婚时房屋市场价格等因素，判决房屋归其中一方所有，并由获得房屋一方对另一方予以合理补偿。 我国是一个家庭观念浓厚的国家。虽然子女已经结婚，但父母为子女出资购房的现象也非常普遍。这既是父母对子女婚姻幸福美满的祝福，更是一种物质支持。但是买房容易，分房难。此次《解释（二）》对父母为子女出资购房的问题进行了回应。引导大家在婚姻中注重共同努力和付出，不能让为家庭付出较多一方伤心又伤财，婚姻不能成为获取不当利益的借口。（王欣婷）,787,http://jl.people.com.cn/n2/2025/0620/c349771-41266487.html,婚姻;结婚;离婚;夫妻
CCTV,2025-06-23,《情感反诈模拟器》：以创新形式筑牢青年婚恋安全防线,近日，国内首款情感反诈互动影游《情感反诈模拟器》超越了备受瞩目的《黑神话：悟空》，强势登顶Steam中国区热销榜首，在全球热销榜中稳居第三，更以破万评论，96%的超高好评率（Steam好评如潮）引发海内外玩家深度共鸣，成为现象级作品。 《情感反诈模拟器》以虚构的情感博弈故事为载体，精心塑造6名风格各异的女性角色。玩家化身男主角，与她们展开一系列跌宕起伏的情感故事。在此过程中，玩家不仅能系统学习情感知识、深入思考两性关系，还能随着剧情推进，解锁超14万字的《恋情知识档案》。作品通过互动叙事手法，抽丝剥茧地拆解情感诈骗、PUA 操控、经济勒索等现实陷阱，将游戏打造成一堂生动深刻的反诈公开课。 情感反诈，刻不容缓！当前，网络婚恋诈骗案件持续高发，据国家反诈中心《2023年电信网络诈骗治理报告》显示，2023年我国涉情感诈骗金额超20亿元，18-35岁青年受害者占比近七成。面对不断翻新的诈骗手段，传统宣教模式因触达率低、警示性弱等问题，难以满足现实需求。而《情感反诈模拟器》创新采用沉浸式互动故事体验，并以14万字《恋情知识档案》为辅助，系统剖析情感关系中的正向价值与潜在风险。其核心目标不仅在于揭露诈骗套路，更希望帮助青年群体树立“学会保护自己，才能守护真心与爱情”的认知，最终实现“重建两性互信”的积极目标。 《情感反诈模拟器》不仅是创新的反诈工具，更是婚恋文明的传播载体。游戏通过揭露虚假人设、情感操控等骗局本质，强化“真诚为交往之本”的伦理底线；在“经济纠葛”“危机共渡”等剧情模块中，引导玩家深化对权利义务对等性的认知；以角色互动为纽带，让玩家切身感悟尊重边界、平等沟通的现代婚恋文明内核。 正如玩家在体验中直观感受到的：互相尊重、平等沟通、坦诚相待，才是现代健康婚恋关系的基石。让年轻人在学会防诈、防骗的同时，也更深刻地理解正能量的两性关系——那就是彼此尊重、互相付出、共同承担责任。 这种“先揭露套路，再传递正道”的设计，让年轻人在掌握防骗技巧的同时，也深刻理解了正能量情感关系的内涵。《情感反诈模拟器》这款新颖的互动影游积极响应了国家网信办“清朗行动”整治网络婚恋乱象的要求，为打击网络情感诈骗提供新思路，将“理性恋爱”“情感安全”的理念传递给社会，赢得行业与玩家的双重认可。 《情感反诈模拟器》以“游戏中学习”的方式，切实提升了年轻群体的防诈免疫力。其创新实践表明：要筑牢情感安全防线，法律和技术只能提供基础保障，而真正关键的，是青年内心深处基于价值观的理性自觉。这种自觉是破开诈骗之壁的利刃，也是稳固精神世界的基石。它不仅是捍卫个体情感尊严的必要手段，更是穿越网络迷雾、建设现代婚恋文明的重要一步，只有如此，年轻人才能真正获得纯粹的爱情。,1131,https://local.cctv.com/2025/06/23/ARTIjgEzUJttMXZde1Hlhdr6250623.shtml,婚恋;恋爱
People.cn,2025-06-23,“零彩礼”为爱加分 好家风温暖社会,近日，在赣州市南康区南水街道，一场以“推动移风易俗、树立文明新风”为主题的活动正在进行。活动现场，南水社区妇联主席肖春通过生动事例，引导群众树立婚事新办的文明风尚和思想观念，鼓励群众主动做移风易俗的推动者、实践者。 “不要彩礼要幸福，弘扬社会新风尚”。2015年，肖春通过村民选举成为南水社区妇联主席，并兼顾民政服务工作。数年间，肖春与社区干部走街串巷宣传移风易俗，敲门入户宣讲婚事俭办，用实际行动带动身边人积极参与。“她在工作中善于交流，拉近了与群众之间的距离。每一次上门宣讲，她都耐心倾听群众的声音，及时解答群众心中的疑惑，推动婚事俭办工作顺利进行。”社区工作人员钟恢明说。 为了让社区移风易俗工作更加细化，效果更加明显，肖春与党员、居民小组长经过多次协商后制定工作方案，并在社区街头小巷开展移风易俗、文明婚嫁宣传。在南水社区党群服务中心，人们总会看到肖春忙碌的身影。越来越多的居民通过社区宣讲认识了她，了解了移风易俗、文明婚嫁对社会发展的重要意义。“回去之后，我也会给孩子讲一讲肖春一家人的故事。”社区居民曾广禄说。 2020年11月，肖春的女儿阳东霞和男友谢丰元结婚，肖春提前向赣州市妇联报告了自己孩子结婚的筹备情况。谈起彩礼的事情，肖春说，孩子的外公思想很开明，上一辈的父母结婚都不收彩礼，这一辈的孩子也不应该收彩礼。当男方父母提起彩礼时，肖春果断拒绝了，“我们家不要彩礼，一家人的幸福生活比什么都重要。” “我非常支持母亲的决定，也会以母亲为榜样，认真守护自己的家庭。”阳东霞说，家庭幸福美满才是最重要的。“我非常感谢丈母娘‘零彩礼’的做法。在她的影响下，越来越多的父母在子女结婚时不再收取彩礼，共同营造轻松简约的婚礼氛围。”谢丰元说。 2023年5月，中央宣传部、全国妇联发布了10户2023年“最美家庭”先进事迹，肖春家庭光荣入选。“幸福掌握在自己手中，夫妻之间只有相互包容、相濡以沫，才能更好地促进家庭幸福、社会和谐。”肖春说。 数年来，肖春身体力行，自觉倡导文明新风，推动越来越多的家庭夫妻和睦、孝老爱亲，为邻里为社区为广大家庭树立了典范，切实做到了“讲文明、改陋习、倡新风”，引领更多家庭积极践行社会文明新风尚。,917,http://jx.people.com.cn/n2/2025/0623/c186330-41268111.html,结婚;彩礼;婚嫁;夫妻;婚礼
People.cn,2025-06-23,江西遂川：低价彩礼破陈规 移风易俗树新风,"这些天，遂川县黄坑乡周园村村民叶久香""低彩礼""嫁女的举动，在当地引发了一场关于移风易俗的热议。这一事例生动展现了该县在推进乡风文明建设过程中，以务实举措破除陈规陋习的坚定决心。 作为母亲，叶久香在女儿终身大事上展现出难能可贵的大局观。 ""县里提倡'零彩礼''低彩礼'，我作为村干部更要带头响应。只要女儿女婿情投意合、好好过日子，我就心满意足了！""这番朴实的话语，道出了天下父母对子女婚姻的真挚期盼，更彰显了基层干部引领新风尚的责任担当。 婚礼当天，没有豪华车队，没有铺张宴席，取而代之的是温馨简朴的家庭聚餐。这场""特别""的婚礼成为村民们津津乐道的佳话。 村民们纷纷点赞：""结婚不要彩礼是为年轻人减负，这个头带得好！""村党支部书记抓住这一契机，立即组织召开村民会议，倡导婚事新办、丧事简办、厚养薄葬等文明新风。 近年来，遂川县将移风易俗作为乡村精神文明建设的重要抓手，以""小切口""推动""大变革""。通过发挥""一约四会""（村规民约，村民议事会、道德评议会、红白理事会、禁毒禁赌会）作用，构建起村民自我管理、自我教育、自我服务的治理体系。 全县309个行政村和42个社区均成立了红白理事会和道德评议会，并修订完善以移风易俗为主要内容的村规民约。在红白事办理过程中，理事会成员主动上门沟通，依据村规民约提供流程建议，帮助简化仪式，减轻群众负担。 为了让文明新风深入人心，该县创新宣传方式：宣讲人员用通俗化、生活化语言，与村民拉家常、讲故事，阐明高价彩礼会增加家庭债务，将文明理念传递出去；充分利用“连心”广播，播报移风易俗知识；依托新时代文明实践站开展主题宣讲、文艺演出等活动；在村庄显眼位置张贴公益广告，出宣传栏，在LED显示屏滚动播放宣传语，多层次、多角度宣传，让新风俗、新理念渐入人心。 随着工作的深入推进，""低彩礼""""零彩礼""的做法得到越来越多家庭的效仿，丧事简办、孝老爱亲的典型不断涌现。文明乡风、良好家风、淳朴民风日益浓厚，为乡村振兴注入了强大的精神动力。（张泽东、 刘祖刚、曾杏）",842,http://jx.people.com.cn/n2/2025/0623/c186330-41268735.html,高价彩礼;婚姻;结婚;彩礼;婚礼
CCTV,2025-06-24,离婚后替前夫还的房贷，能追偿吗？法院这么判,离婚后，替前夫偿还婚姻关系存续期间的共同债务，还能向他追回吗？ 据“上海高院”微信公众号6月24日消息，近日，上海市虹口区人民法院（以下简称虹口区人民法院）审理了这样一起特殊的追偿权纠纷案。 小雅和小昊曾是一对年轻夫妻，婚后共同贷款购买了一处价值上千万的房产。三年后，因感情破裂，两人经法院判决离婚。根据该判决，两人共有的房子归小昊一人所有，剩余房贷由小昊负责偿还。同时，小昊需要支付小雅一笔房屋折价款。 由于贷款金额高，夫妻双方无力偿还高额的按揭贷款，小雅曾向其母亲借款68万元（其中67万元用于还房贷，1万元用于小雅个人消费），但因离婚时该笔借款未到期，双方在离婚诉讼时未处理。 离婚判决后，小昊迟迟不还房贷造成逾期，银行多次催收无果。作为共同贷款人的小雅，也收到了银行方面的催还通告。为了不让自己的信用“背黑锅”，无奈之下，小雅向自己的母亲借款40万元，替小昊偿还银行已到期房贷。 事后，小雅多次找小昊要钱，但小昊总是以各种理由推脱。一气之下，小雅将前夫小昊告上法庭，要求偿还其借款还贷的款项111万元（含第二笔借款部分利息3万元），并支付相应的利息。 审理中，小昊辩称，小雅向其母亲两笔借款还房贷的行为，分别发生在婚内和离婚判决生效前，均属于双方婚姻关系存续期间，所以小雅借款属于夫妻共同债务，应当由双方各半承担。关于借款利息，小昊认为，从未同意小雅向其母亲借款并支付利息，即使存在借款也是无息的，此前，两人向小昊的姑妈借钱还贷，均未收取任何利息，所以小雅主张借款利息，无事实和法律依据。 对于离婚判决后没有按期还房贷，小昊表示并非不愿还，而是双方还有其他债务没有处理完毕，并且离婚判决在二审上诉期间，双方都有偿还的义务。 虹口区人民法院经审理后认为，小雅对外借款归还房贷之事实，分别发生在婚内、离婚判决作出后，应当分别作出认定： 对于婚内借款，小雅向其母亲借款的目的，是用于归还双方共有房屋的贷款，属于法律规定的夫妻共同债务，应当由小雅、小昊各半承担，但是该借款中用于小雅个人消费部分，属于其个人债务，应予扣除。至于该部分借款利息，小雅未提供与其母亲约定利息的相关证据，法院不予支持。 对于离婚判决作出后的借款，因为判决确认剩余房贷由小昊一人偿还，此时小雅还房贷所借的款项，不应当再认定为夫妻共同债务，而是小雅使用该借款偿还法院判决确认属于小昊的个人债务即剩余房贷，故小雅依法有权向小昊追偿该部分还贷款项。 关于该部分款项的利息，对于双方来说，离婚判决后，小雅有判决理由和依据认为其已无偿还剩余房贷的义务，小雅为避免自身征信问题的代偿行为，小昊是受益更大的一方，故对于小雅主张要求小昊支付该部分利息，法院予以支持。 最终，虹口区人民法院判决小昊偿还小雅款项73.5万元，并赔偿部分利息损失。,1150,https://news.cctv.com/2025/06/24/ARTILC1IBZkcTwMD9dZSIpal250624.shtml,婚姻;离婚;夫妻
People.cn,2025-06-25,揭秘“婚恋交友”背后的虚假投资理财陷阱,今年4月，南安市公安局举行“5·27”专案第三批涉案资金集中返还仪式。中青报·中青网记者 何春中/摄 近日，福建泉州南安市公安局从一起电信网络诈骗案件入手，经过近两年深挖细查、抽丝剥茧，打掉一个盘踞在境外的诈骗犯罪集团，抓获涉诈犯罪嫌疑人88人，涉案金额1.8亿余元。 这起以“婚恋交友”为名，再诱导受害人到虚假投资平台理财的跨境电信网络诈骗犯罪案件，被最高人民检察院、公安部联合挂牌督办。 经查，该诈骗犯罪集团以杨某山、许某霖为首要分子，于境外组建诈骗窝点，通过境外不法手段获取大量公民个人信息、设立虚假投资平台，组织林某常等骨干成员以“高薪招聘，境外赚钱淘金”为由，大量招募国内人员通过旅行社利用虚假事由的方式办理签证出境从事诈骗犯罪活动。 张女士被骗500多万元，李女士被骗400多万元，刘女士被骗70余万元……中青报·中青网记者赴当地调查时，采访了多位受害人。其中一位受害人张女士说，“被骗后一夜之间白了头，要不是有女儿在，都没有活下去的勇气了”。 2023年3月，南安市公安局接群众王女士（化名）报警称，其被他人在“投资平台”上骗取7万余元。 经了解，王女士早年离异，2023年3月上旬，一名自称“沈康斌”的男子主动添加其微信好友。该男子自称为境外证券行业员工，目前离异准备回国，“希望寻找另一半组建家庭”。 双方认识后，沈康斌每日对王女士嘘寒问暖，并向其发送自己日常生活图片、视频。 一次，沈康斌自称工作繁忙，请王女士代为操作自己的投资平台账号。王女士在沈康斌指导下进行操作，次日便帮他赚到高额回报。 作为报酬，王女士收到了沈康斌发来的“辛苦费”。 一来二去，王女士发现帮沈康斌操作的投资平台赚钱非常容易，加之沈康斌多次以“为双方日后组建家庭需要存款”“有内幕消息，稳赚不赔”等为由，让王女士产生了尝试投资的念头。 在沈康斌指导下，王女士下载了某App进行投资，很快就有了小额收益。 此后，沈康斌诱导王女士不断加大投资。当王女士发现该App应用后台只能看到余额却无法提现时，她已被沈康斌删除、拉黑了。 根据王女士提供的相关信息，办案人员展开分析研判，发现该案犯罪嫌疑人系伪造虚假人设。 犯罪嫌疑人先与受害者建立情感关系、博取受害者信任，再以高额回报为诱饵引导投资虚假投资平台，最后通过虚假投资理财应用后台操控数据实施诈骗。 为进一步查清案件，办案人员将该案相关线索进行深度研判，在全国范围内发现一批与“沈康斌”字样和该案作案手法高度关联的同类案件，极有可能为同一诈骗犯罪集团所为！ 泉州、南安两级公安机关立即抽调精干警力成立“5·27”专案组。专案组经半年侦查，该案犯罪嫌疑人组织架构逐渐清晰，而犯罪嫌疑人该如何抓捕归案成为摆在专案组面前的一道难题。 2024年春节前夕，专案组侦查到多条该犯罪集团犯罪嫌疑人回国轨迹。当看着犯罪嫌疑人组织架构上的人员陆续回国，专案组当机立断：收网！ 在公安部、福建省公安厅、泉州市公安局组织部署下，专案组成员分赴全国10余个省份开展集中收网行动，先后抓获犯罪嫌疑人88名，其中“金主”7名。 截至目前，专案组共查实电诈案件139起，个案被骗金额超百万元的达14起，查明被骗金额6100万余元，实现对境外诈骗集团“老板、管理人员、股东、技术人员、窝点员工”的全环节、全链条打击。 每个账号都有不同的人设和话术，作案手法分四步 公安机关查明，该诈骗犯罪集团以杨某山、许某霖为首要分子，于境外组建诈骗窝点，通过不法手段获取大量公民个人信息、设立虚假投资平台；组织林某常等骨干成员以“高薪招聘，境外赚钱淘金”为由，大量招募国内人员通过旅行社利用虚假事由办理签证的方式出境从事诈骗犯罪活动。 同时，该犯罪集团内部组织严密、分工明确，从诈骗对象筛选、人员包装、话术培训、实施诈骗到洗钱转移财产等各个环节均有专人负责，形成严密的“招募-培训-作案-洗钱”犯罪网络。 南安市公安局刑事侦查大队情报信息中队中队长朱明超在讲述该犯罪集团诈骗手法时表示，该集团犯罪嫌疑人手中掌握着大量通过不法非法手段获取的社交账号、公民信息，每个账号都有不同的人设，如健身达人、旅游达人、金融从业者等，不同的人设有相应的配套生活照及话术。 朱明超介绍，该犯罪集团主要作案手法分四步： 第一步，先筛选出目标人群。用相关人设社交账号添加其好友进行试探，如：被害人喜欢旅游的，则使用“旅游达人”人设的账号添加其好友，然后每日发旅游相关的图片或交流旅游心得等。 第二步，根据聊天情况找到共同话题。按照话术博取其好感增进感情，待时机成熟后表达爱意，或谈论未来等。 第三步，潜移默化导入投资理财话题。如假称工作忙、无暇操作投资平台，请对方代为操作，让其看到可观收入等。 第四步，若受害者表现出兴趣，便会教其自主在平台内投资。犯罪嫌疑人会营造盈利假象催促受害者加大投资，当受害者无力投资时，继续对其施以“糖衣炮弹”暗示其可以借贷来投资。当发现受害者停止投资后，犯罪嫌疑人会立即将其拉黑。 今年4月，南安市公安局举行“5·27”专案第三批涉案资金集中返还仪式。中青报·中青网记者 何春中/摄 受害人：“没有你打这个电话，我可能真的撑不住了” 2023年5月，南安市公安局刑事侦查大队洪濑中队侦查二队队长李克强加入“5·27”专案组负责案件的取证工作。在办理这起督办案件时，他经常要接触各地受害人。 提及50多岁的报案人王女士，李克强回忆，“她刚来的时候惶恐不安，说自己多年的积蓄7万余元被一个相亲对象骗走了。” 听王女士哽咽说完，李克强才知道，原来在一个多星期前，有人通过社交软件加了王女士好友。对方自称“沈康斌”，是一名境外的证券公司的员工，目前离异，准备辞职回家，“真心寻找另一半组建家庭”。 王女士信以为真，没多久，就在对方引导下到诈骗分子提前设置好的投资平台充值投资。 “现在投资平台也关闭了，充值的钱都取不出来”，王女士才发现所谓的相亲对象就是对方精心编造的骗局。 李克强对另外两名受害人也是“印象深刻”。 第一个受害人是一名离异多年的女子陈女士。她独自带着女儿生活，工作多年存下20余万元积蓄，本想留给女儿当嫁妆，但钱款被诈骗分子席卷一空。 李克强联系陈女士时，她刚被确诊为卵巢癌。李克强和陈女士聊完后，她说，“没有你打这个电话，我可能真的撑不住了”。 第二个受害人是邓女士。李克强刚开始联系她时，对方看到陌生号码如同“惊弓之鸟”。 李克强坚持不断与其联系才取得对方信任。在和邓女士沟通时，李克强通过她的语气“很明显就能感觉到对方状态极差”。 李克强印象最深刻的就是一次半夜接到邓女士电话，手机里能听到“呼呼”的风声，他“立马感觉不对劲”。 经过李克强数小时安抚，邓女士最终情绪稳定下来。邓女士挂完电话后，发了个信息给李克强，“打电话的时候，我人在天台上”，这让李克强惊出一身冷汗。 “被骗的受害人大部分是离异、丧偶的人群，她们面对情感问题大多非常脆弱。”李克强说，“在遭遇诈骗时，她们有的对未来重燃希望，倾其毕生积蓄甚至抵押房产，或向银行、向亲朋好友借贷进行投资。” “破了案是第一步，挽回损失更是我们竭尽全力要做的事。”专案组负责人介绍，为全力帮助受害者挽回财产损失，专案组对涉案人员开始深挖细查，全面深入调查资金流向，完成梳理汇总后分赴全国各地逐一查证，先后查扣涉案现金90余万元，冻结资金2000万余元，查封房产23处、豪车10辆。 同时，专案组动员犯罪嫌疑人及其家属主动退赃返还，经不懈努力，已累计返还群众被骗资金800余万元。 4月24日，南安市公安局举行“5·27”专案第三批涉案资金集中返还仪式。中青报·中青网记者在现场看到，当受害人张女士从办案民警手中接过被骗现金时感激万分：“真的谢谢你们！” 案件的成功侦破，不仅彰显了公安机关打击跨境电信网络诈骗犯罪的坚定决心，也给受害者带来了生活的勇气。 受害者小邓（化名）在感谢信中写道：“我是久处诈骗后苦痛灰暗的流浪者，与李警官素不相识。办案期间，他敬业尽责，又宽容、又耐心，令我感动不已，由此也心生希望和力量！” 据悉，目前，专案组的追赃挽损工作还在进行。 专案组负责人表示，警方将持续开展“断流”“拔钉”等专项行动，全力维护人民群众财产安全。公安机关提醒，网络交友需谨慎，素未谋面的网友、恋爱对象只要是诱导在网上投资理财、炒数字货币（虚拟币）的都是骗局。社会公众进行理财投资切勿轻信所谓“稳赚不赔”“内部消息”等说辞，如遇可疑情况，应及时拨打110咨询举报。（何春中）,3469,http://yn.people.com.cn/n2/2025/0625/c361322-41270437.html,婚恋;恋爱;相亲;对象;另一半
People.cn,2025-06-29,江西推出高效办成“结婚落户一件事”服务,记者6月27日获悉：江西省高效办成“结婚落户一件事”服务在全省各县（市、区）婚姻登记机关落地实施。江西省户籍的男女双方在婚姻登记窗口可自愿选择联办结婚登记、户口婚姻状况变更、夫妻投靠落户事项，实现三件事“一窗一次办结”，减材料、减环节、减时限、减跑动，让群众办事更加方便快捷。 据了解，“结婚落户一件事”联办可通过“赣服通”、江西民政微信公众号、江西民政官网进行线上预约申请。现场办理时，民政部门审查通过即可颁发结婚证。当事人如申请一件事联办，公安部门将进行审核，完成户口婚姻状况变更和户口迁移后发送短信给当事人。 省民政厅相关负责人表示，高效办成“结婚落户一件事”是“民有所呼、政有所应”的生动实践，一站式解决了群众户口婚姻状况变更、夫妻投靠落户问题，提升群众办事便利度和满意度，对提升政府治理效能、优化营商环境、促进社会和谐发展具有积极作用。 （全媒体记者陈璋）,383,http://jx.people.com.cn/n2/2025/0629/c186330-41275022.html,婚姻登记;结婚登记;婚姻;结婚;夫妻
China News Service,2025-07-01,沈阳市打造“结婚登记+孕育医疗”新模式,中新网 沈阳7月1日电 (李晛)“阵地助育，为爱赋能”——庆祝建党104周年暨助力生育友好型社会公益服务活动7月1日在沈阳启幕。 本次活动由沈阳市民政局、沈阳市卫生健康委主办，皇姑区民政局、沈阳市妇婴医院承办。活动将专业婚育医疗服务嵌入婚姻登记场景，让“甜蜜登记”与“科学孕育”无缝衔接，为新婚家庭奉上了一场有温度、有干货、有惊喜的公益盛宴。 启动仪式现场气氛热烈，在庄重的集体颁证环节，由市、区相关领导为新人颁发了结婚证及“婚育礼包”。“婚育礼包”是一份价值超千元的“十项免费专业健康福利清单”，包括优生优育专业咨询、远红外线健康检测、心理健康专业测评等共10项服务，覆盖了孕前保健、遗传咨询、中医调理、营养管理及心理关怀等关键环节，是新婚家庭开启幸福生活、科学备孕的珍贵礼物。 新人李先生激动地表示，“这份‘大礼包’太贴心了！减轻了我们备孕的经济压力！”“这份清单就是政府送我们的‘健康嫁妆’！”新人王女士手举礼包说，“从遗传咨询到产后调理全免费，这让我们生娃的底气更足了！” 在血压、血糖免费检测点前，人们早已经排起了长队。咨询台前，来自沈阳市妇婴医院的专家们围绕优生优育、科学备孕等主题，耐心细致地为新人答疑解惑。 在活动现场，最受新人们青睐的要数中医诊台。刘医生通过舌诊、脉诊发现张先生是湿热体质，现场便教授饮食调理口诀。张先生惊喜地说：“原以为今天就是领证，没想到还能免费定制养生计划！” 皇姑区民政局婚姻登记处的工作人员表示，这“十项免费健康福利”是在婚姻登记服务转型升级中的一次重要探索，把“被动登记”变成了“主动服务”，是将婚姻家庭辅导服务从理念真正地延伸到实际的场景中去。皇姑区民政局婚姻登记处还将设立“中医诊室”，定期邀请著名中医专家坐诊，为新婚夫妇提供免费体质辩证、孕前调理方案等特色服务。 据介绍，沈阳市民政部门未来将持续与卫健部门深入合作，吸引更多专业医疗机构走进婚姻登记处，不断拓展服务内容，创新服务模式，努力将更多优质、便捷、免费的惠民健康服务送到群众身边。(完),848,https://www.chinanews.com.cn/sh/2025/07-01/10441174.shtml,婚姻登记;结婚登记;婚姻;结婚;婚育
People.cn,2025-07-02,日媒：线上线下同时进行 韩国男性相亲日本女性,【环球时报综合报道】据日本雅虎新闻网7月1日报道，在一家韩国婚介机构的策划下，一股新的潮流在两国年轻人中悄然兴起。 “我不抽烟也不喝酒。”韩国大邱市地铁司机苏铎（音译）先生，通过平板电脑用略显生硬的日语进行自我介绍，屏幕另一端是一位日本女性。报道称，今年5月底，大邱市婚姻介绍机构“PANADA”策划了一场日本女性与韩国男性的线上相亲活动。尽管需支付高达约90万日元（100日元约合5元人民币）的入会费，但韩国男性会员注册人数依旧持续攀升。 在韩国留学的日本女生广子则参加了PANADA在韩国庆州市举办的面对面相亲活动。该活动对日本女性免费开放，韩国男性则需支付10万日元。活动首日，不少韩国男性身着西装亮相。现场工作人员兼任翻译，保障双方沟通顺畅。活动结束后，20位参与者中有6对成为情侣。面对韩国男性直白的表达，广子起初有些不适应，但当看到对方坦诚地分享个人信息时，她感慨道：“在这里大家都在用真心交流，还遇到了不少谈得来的人。” PANADA负责人李昊相在谈及日韩婚介活动备受欢迎的原因时表示：“在韩国男性眼中，日本女性普遍给人温柔顾家的印象，主动承担家务、积极参与育儿等特质对他们颇具吸引力。”（严格）,505,http://korea.people.com.cn/n1/2025/0702/c407864-40513306.html,婚姻;婚介;相亲;情侣
CCTV,2025-07-03,“婚姻登记+旅行”消费IP花样上新 新需求、新业态释放“甜蜜经济”新引擎,央视网消息： 近年来，我国逐步推进婚姻登记跨省通办。2025年5月更是实现了婚姻登记的全国通办，新人们可以根据自己的喜好选择婚姻登记地点，带火了越来越多有特色的婚姻登记点和当地的“甜蜜经济”。进入夏季以来，随着游客的增多，山东青岛也迎来了婚姻登记的高峰。当地通过打造一系列特色婚恋场景，将“婚恋”与“文旅”深度融合，打造“目的地婚礼城市”消费新IP。 在青岛的城市制高点——云上海天景区，369米的云端之上设立了山东省首个“高空浪漫婚姻登记点”。来青岛旅游的刘先生和刘女士仅凭身份证，十几分钟便完成了婚姻登记，步入婚姻殿堂。 婚姻登记从跨省通办到全国通办，赋予了新人们更多自由选择的空间。“婚姻登记+旅行”越来越受欢迎，许多新人提前选定目的地，在旅行的同时举办婚姻登记仪式。据统计，2025年以来，来青岛登记结婚的人数明显增多，较2024年同比提升六成以上，其中外地户籍新人增长了一倍多。 为了满足来自全国各地的新人“旅游+婚姻登记”的双重需求，青岛还推出了“海誓山盟”爱情旅游线路和婚旅融合线路，整合旅游景区、风格酒店、特色民宿、摄影场景等资源，覆盖婚庆服务等10多个相关产业。为新人们提供集婚姻登记、入住酒店、举行婚礼、旅拍、蜜月旅行等于一体的婚礼套餐，满足新人们的个性化需求。 北京：老胡同里的“甜蜜路线” 在北京，西城区民政局婚姻登记管理中心位于大栅栏街道的一个老胡同里。原汁原味的胡同特色吸引了不少新人来这里领证，也带火了胡同里的摄影、咖啡店、服装等相关行业。 一大早，北京市西城区民政局婚姻登记中心就聚集了不少前来登记的新人。据工作人员介绍，自2025年5月婚姻登记实现“全国通办”以来，每天预约来这里登记结婚的人数快速增长，其中80%都不是本地户籍。 据了解，除了前来登记的新人，在这个婚姻登记点还活跃着不少负责跟拍的摄影师，平均每天都有几十人。摄影师李阳介绍，他一开始只是利用业余时间在这里兼职做拍摄。随着婚姻登记实现全国通办，他的跟拍业务迅速增多，于是他选择成为一名专职的婚姻登记跟拍师。 领完结婚证，很多新人都会沿着这条胡同拍照，由于拍照打卡的景点都集中在这一公里左右，这条路线也就成了名副其实的“甜蜜路线”。 “甜蜜路线”上的不少商家也都开始转型婚恋主题业务。这家婚姻登记主题咖啡馆，专门为新人们设计了红色咖啡杯，咖啡馆内还可以提供化妆间、跟拍等服务。 喝完咖啡，顺着胡同往前走，是一个专门为新人们提供服务的“喜”主题的小院。小院仿照老北京四合院打造了微景观，新人们可以在这里拍出老北京特色的照片。 由于业务量激增，西城区民政局婚姻登记中心还在“甜蜜路线”上增设了一个户外婚姻登记分点，附近有不少老字号企业。瞄准“甜蜜经济”的新需求，这些老字号企业也开始转型，在这个婚姻登记点就推出了由多家老字号的产品组合成的甜蜜六件套。 据统计，仅2025年上半年，西城区婚姻登记中心附近就新开或者转型开设了三四十家婚恋主题的商家。民政部门将这些商家集中在一起打造成幸福联盟，新人们只需要扫码就可以选择相关的服务。 江西南昌：网红婚姻登记点带火婚庆产业园 在江西南昌，2025年初，青云谱婚姻登记点由原来的地点搬到了附近的公园内，优美的环境再加上白色帆船造型，棕榈树、花墙等独特设计，成为了网红婚姻登记点，也带火了附近婚庆产业园里商户们的生意。 顺应年轻人追求“仪式感”的需求，青云谱区婚姻登记服务中心设计了多种风格的颁证厅，既有西式风格的“空中海岛”，也有山水画主题的中式颁证厅，颇受新人们的喜爱。 据统计，2025年5月婚姻登记实现全国通办以来，这里的日均登记量达到了之前的三倍。婚姻登记点的走红，让相距不到100米的婚庆产业园里的商家们看到了商机。这个商家就推出了“喜饼DIY小课堂”，新人们可以亲手体验传统喜饼的制作过程。 除了体验非遗文化，商家还为新人们打造多样的婚庆服务，目前这里“十一”假期的婚宴已经全部订满。除了婚礼酒席，产业园还为新人们提供点单式服务，既满足婚礼个性化需求，又能降低婚礼花费成本。 当地民政部门还通过小程序链接各类婚庆资源，为新人提供从婚纱摄影到婚宴酒店，从喜糖定制到新房装修等全流程的服务。,1717,https://news.cctv.com/2025/07/03/ARTIBASDfYgurCwxDWLF2Cd2250703.shtml,婚姻登记;婚姻;结婚;婚恋;婚礼
People.cn,2025-07-04,普法小讲堂 | 在网络直播平台用夫妻共同财产打赏需谨慎,甲与乙系夫妻关系。甲沉迷于观看网络平台直播，且未经乙的同意多次打赏平台主播，金额明显超出了家庭一般消费水平。乙应该怎么办？ 无需离婚即可请求分割婚内财产，要求打赏一方少分或者不分夫妻共同财产。 要求离婚的同时要求打赏一方少分或者不分夫妻共同财产。 《中华人民共和国民法典》第一千零六十六条规定：婚姻关系存续期间，有下列情形之一的，夫妻一方可以向人民法院请求分割共同财产： （一）一方有隐藏、转移、变卖、毁损、挥霍夫妻共同财产或者伪造夫妻共同债务等严重损害夫妻共同财产利益的行为； （二）一方负有法定抚养义务的人患重大疾病需要医治，另一方不同意支付相关医疗费用。 《中华人民共和国民法典》第一千零九十二条规定： 夫妻一方隐藏、转移、变卖、毁损、挥霍夫妻共同财产，或者伪造夫妻共同债务企图侵占另一方财产的，在离婚分割夫妻共同财产时，对该方可以少分或者不分。离婚后，另一方发现有上述行为的，可以向人民法院提起诉讼，请求再次分割夫妻共同财产。 《最高人民法院关于适用〈中华人民共和国民法典〉婚姻家庭编的解释（二）》第六条规定： 夫妻一方未经另一方同意，在网络直播平台用夫妻共同财产打赏，数额明显超出其家庭一般消费水平，严重损害夫妻共同财产利益的，可以认定为民法典第一千零六十六条和第一千零九十二条规定的“挥霍”。另一方请求在婚姻关系存续期间分割夫妻共同财产，或者在离婚分割夫妻共同财产时请求对打赏一方少分或者不分的，人民法院应予支持。 目前，网络直播已经成为与人们生活息息相关的一项活动。在观看直播的过程中进行直播打赏也是一种新的消费形式。对于夫妻关系存续期间，小额的、符合夫妻双方收入情况、不影响正常生活消费的夫妻一方打赏行为是可以的。但是如果打赏数额明显地超出了其家庭一般消费水平，严重损害夫妻共同财产利益的，就是一种“挥霍”行为。所以，夫妻一方在直播打赏时应避免因个人行为损害夫妻共同利益。受损一方在合法权益受损时，也应学会用法律武器保护自己。（王欣婷）,826,http://jl.people.com.cn/n2/2025/0704/c349771-41281282.html,婚姻;离婚;夫妻
People.cn,2025-07-07,黄山市徽州区：抵制高价彩礼倡导文明新风 让幸福“轻装上阵”,近年来，黄山市徽州区以党建引领为核心驱动力，构建市县乡村四级联动治理体系，深度挖掘徽文化中“谦让和合”的善治基因，将乡土资源转化为治理动能，持续推动简约适度、重情轻利的婚俗新风尚在乡村落地生根。 作为黄山市首批婚俗改革试点，杨村乡通过成立红白理事会、将婚俗新规融入村规民约，实现 “软引导” 与 “硬约束”的有机结合，今年以来该乡9户婚嫁家庭中，4户实行零彩礼、5户推行低彩礼（不超过5万元），成为当地婚俗变革的生动注脚。 梅川村村民谢爱华的女儿2024年与辽宁沈阳籍新郎举办婚礼时，面对地域婚俗差异，她主动简化仪式流程，不仅未收取彩礼，还为新人筹备了生活物资。“孩子过得幸福比什么都重要，何必纠结彩礼多少。”谢爱华的选择折射出当地群众观念的转变。 为强化示范引领，杨村乡将抵制高额彩礼、反对铺张浪费等内容纳入村规民约和积分制管理，通过建立“红黑榜” 公示机制，对零彩礼、低彩礼家庭进行表彰，对攀比行为予以监督。村民谢秋华坦言：“以前办喜事怕简单了没面子，现在大家都认可简办，只要孩子开心，父母自然支持。” 村党支部书记谢永琦介绍，“红黑榜”实施后，村民主动晾晒家风成为新风尚，婚丧大操大办现象减少近六成。 在全域推进层面，徽州区依托党建引领基层治理协调机制，建立农村高额彩礼综合治理联席会议制度，将徽州家风家训中的“重义轻利”理念融入治理实践，提出彩礼不超过5万元的倡导性标准，并打造“情定灵山”集体婚礼品牌，2024 年吸引30对新人参与简办仪式。 “我们既要用徽文化的温度浸润人心，也要靠制度保障形成长效。”区委社会工作部副部长叶建斌表示，该区正推动村（社区）将移风易俗内容全面纳入村规民约，培育12个移风易俗示范点，通过党建引领、文化浸润、群众参与的多维模式，为乡村善治注入文明动能。 当前，徽文化滋养下的婚俗改革正从试点探索迈向全域实践，随着红白理事会、乡贤调解等机制的深入运行，“轻利重情”的婚俗新风正成为徽州乡村文明振兴的鲜明标识。（江大俊）,828,http://ah.people.com.cn/n2/2025/0707/c374164-41283322.html,高价彩礼;彩礼;婚俗;婚嫁;婚礼
People.cn,2025-07-08,洮南市综治中心诉前调解室成功调解一起离婚财产及抚养纠纷,近日，洮南市综治中心诉前调解室充分发挥“第一道防线”作用，成功化解一起由离婚引发的财产分割及子女抚养费纠纷，有效维护了当事人权益。 当事人李某与王某于2025年协议离婚，并于3月5日正式办理离婚手续。二人婚姻存续期间拥有一套共同房产，房产证登记在双方名下，离婚时双方约定，该房产归二人孩子王某诺所有，房产证由李某保管。3月24日晚，王某以取东西为由前往李某住处，随后向其索要房产证。遭拒后，双方发生争执，王某表示将拒绝支付孩子抚养费，双方矛盾升级。 接到调解申请后，综治中心诉前调解室迅速介入，指派调解员王凤飞、赵闯进行调解。调解员首先安抚双方激动情绪，倾听各自诉求，厘清争议焦点。在全面了解情况的基础上，调解员依法依规，结合保护未成年子女权益及维系亲情关系原则，对双方进行了耐心疏导，引导双方理性看待问题。 经过调解员的专业调解，双方最终放下成见，自愿达成和解协议：其一，双方共同将涉案房产过户至孩子王某诺名下；其二，王某须按期每月21日支付3500元抚养费至李某指定账户；其三，若李某后期再婚，孩子由王某母亲抚养，抚养费将直接打入王某母亲账户；其四，王某需尽快偿还离婚协议中约定的李某信用卡欠款一万元，以及欠李某老姨的两万五千元借款；其五，除涉及孩子必要事宜外，王某不得打扰李某生活，孩子探视问题由王某母亲负责协调。至此，这起因离婚衍生的财产与抚养纠纷得到妥善解决。 此纠纷的成功调解，保障了当事人的合法权益，尤其维护了未成年子女的切身利益，也充分体现了诉前调解机制在化解家庭矛盾、维护社会稳定方面的高效作用。综治中心诉前调解工作，切实将“矛盾化解在末梢，问题解决在萌芽”，为辖区和谐稳定提供了有力法治支撑。,706,http://jl.people.com.cn/n2/2025/0708/c349771-41285269.html,婚姻;离婚;再婚
People.cn,2025-07-12,晚婚拉低生育率？专家：科学的生育指导尤为必要,人民网重庆7月12日电 “我们夫妻年龄都超过35岁了，结婚已经三年，但一直无法怀孕，下一步该怎么办呢？”备孕、试孕、辅助生殖……随着社会的发展，越来越多人将生育计划延后，年龄是决定生育能力的唯一因素吗？ “生育能力不仅仅与年龄有关，科学的指导对生育也至关重要”。7月11日是第36个世界人口日，中国优生优育协会孕育与生殖专业委员会主任委员、重庆市妇幼保健院生殖医学中心负责人黄国宁教授介绍，在临床工作和基层义诊中，时常发现很多有生育意愿的夫妻缺乏如何尝试怀孕及优生优育相关的知识，对做好科学生育规划存在误区。 2025年1月15日，国家卫健委印发了《关于推进生育友好医院建设的意见》，意见明确要求：强化生育评估指导，鼓励设立生育评估门诊，规范开展生育力评估和备孕指导，促进不孕不育早发现、早诊断、早治疗。 “现在晚婚晚育的趋势下，开展生育评估的门诊有积极的意义。”中国优生优育协会孕育与生殖专业委员会副主任委员、北京协和医院生殖中心总负责人邓成艳教授表示，女性随着年龄的增长卵巢储备功能会逐渐减退，卵子的数量和质量都会下降，导致受孕几率降低，流产的风险增加。而男性也会随着年龄的增长导致精子质量的下降。 “开展生育评估不是为了造成恐慌，而是为了做好科学生育规划。”邓成艳教授进一步介绍，生育评估可提前发现夫妇双方可能存在的遗传、疾病等问题，在孕前进行干预和治疗，能够降低不良的妊娠结局，减少孕期并发症的发生，保障母亲和胎儿的健康；给晚婚晚育人群以及受孕困难的夫妇及时给予心理疏导、针对性指导和规范化治疗，有利于人口可持续和高质量发展。” “影响生育的因素是多样的，体重也是其中比较重要的因素之一。”中国优生优育协会孕育与生殖专业委员会常委、河北医科大学第二医院生殖医学科主任郝桂敏教授表示，过胖或过瘦是都会影响生殖健康。例如多囊卵巢综合征患者常合并肥胖，有生育计划前需要严格的管理体重。“针对此类患者，我们会建议她先进行减重，包括制定个体化每日饮食能量的摄入，一般不超过1200-1500千卡，同时进行适当运动，使体重至少下降5%-10%。通过严格的体重管理，有10%的概率恢复规律月经，从而实现自然怀孕。” 邓成艳教授表示，建议有生育计划的夫妇进行常规体检，女方做好甲状腺、妇科及宫颈防癌检查；男方最好提前3个月戒烟戒酒；保持饮食平衡，适当运动；已经开始尝试怀孕的夫妇需要保持心态平和、有规律的性生活，尝试至1年，若未孕，应及时就医。此外，有家族遗传疾病史的夫妇、月经不规律的女性或已知患有与生育有关的疾病，应及时到遗传或生育门诊咨询，从而采取相应的干预措施。 邓成艳教授最后提示，尽管血清AMH测定可以协助女性根据自身的职业和卵巢储备，制定适合自己的家庭规划，但并不是AMH值低下就没有怀孕的机会。（陈琦、尹晶）,1158,http://cq.people.com.cn/n2/2025/0712/c367640-41289330.html,结婚;晚婚;夫妻
China News Service,2025-07-13,结婚登记处“搬”到景区，如何打造独特体验？,历史建筑、美丽公园成为领证地，满足了新人对浪漫氛围和仪式感的追求，也为各地带来“甜蜜经济”发展机遇 结婚登记处“搬”到景区，如何打造独特体验？ 婚姻登记 “全国通办” 政策施行后，许多城市推出“旅游登记结婚” 新业务。专业人士建议，相关部门和旅游景点应做好相应服务，在维持法律严肃性与提供结婚情绪价值间找到平衡点。 新疆一地民政局婚姻登记处进驻草莓音乐节的消息近日引发关注。据报道，在该登记点，符合结婚登记条件的内地居民，携带身份证原件及复印件、3张近期二寸结婚登记证件照及其他相关材料，就能在浪漫的音乐氛围中完成结婚登记。 5月10日，婚姻登记 “全国通办” 政策开始施行，许多城市推出“旅游登记结婚” 新业务，将婚姻登记部门设在历史保护建筑、美丽公园等热门景点，为新人提供浪漫独特的登记体验。新疆博尔塔拉蒙古自治州的赛里木湖、浙江淳安的千岛湖、湖南长沙的铜官窑、江西吉安的钓源古村等都设有专门的结婚登记处，成为领证游玩、打卡拍照的人气选择。 景区成为领证地，不仅满足了新人们对浪漫氛围和仪式感的追求，也为各地带来了“甜蜜经济”发展机遇，有利于带动当地旅游、餐饮、住宿等行业发展。 湖南长沙望城区铜官窑国风乐园风景区里的君生楼，木梁雕花、古韵古香。这栋楼见证了不少新人结婚领证的甜蜜时刻。2023年12月，望城区民政局联合铜官窑国风乐园景区，将古建筑君生楼改成了结婚登记点。 不同于常规结婚登记点的设计，君生楼内部是古代唐风的喜庆红色。5月20日，这里还专门举办了新人乘专属地铁婚车穿越铜官窑、领取结婚证的集体活动。 曾在长沙读大学的刘萌，毕业后回到家乡河南郑州工作，在了解到君生楼设有结婚登记点后，她与男友商定要在此领证结婚。“我们是在长沙读书认识的，回长沙领证具有特殊的意义，还能边领证边旅游。”刘萌向记者表示。 5月10日，新修订的《婚姻登记条例》施行，明确了婚姻登记实行 “全国通办”，当事人办理婚姻登记不再受到常住户口所在地的限制。 在青岛，位于海拔369米的云上海天景区设有“高空浪漫婚姻登记点”。来自河北的王浩和女友仅凭身份证，便在短短十几分钟内顺利完成了结婚登记。王浩告诉记者，他们一直想到青岛旅游，“没想到还能边旅游边结婚，这种体验太难忘了”。 其实早在2021年，我国就开始进行婚姻登记“跨省通办”试点。数据显示，2024年，全省民政部门共办理结婚登记近35.7万对，其中办理跨区域婚姻登记约10.5万对。 6月21日，刘萌与男友来到君生楼登记结婚。对于领证，他们非常重视，提前半个月就做好了攻略：“先在当地民政局小程序预约，选择望城区民政局铜官窑结婚登记点，准备好登记材料和预约单，凭身份证到景区游客中心领取入园凭证即可免费入园。” 铜官窑景区工作人员告诉 君生楼只办结婚登记，不办离婚业务，是希望每对新人都能长长久久、甜甜蜜蜜。 这次领证体验对刘萌来说是一次惊喜。除了领证外，他们还体验了书写誓言竹片、制作漆扇，以及身穿汉服在幸福长廊、同心桥完成打卡拍照等。 刘萌回忆，在内厅有很多新人携亲友体验合卺礼、结发礼、敬茶礼等传统婚俗，“我们有点后悔没带亲人来”。不过，最让她印象深刻的是，每对新人都能领到一个装结婚证用的红底金面的小盒子，上面印着“中华人民共和国结婚证”，非常古风、大气。 在“全国通办”的背景下，景区与结婚登记处的结合，能让年轻人收获旅行和结婚登记新体验。 5月20日，珠海4A级景区东澳岛的结婚登记户外颁证点正式启用，前10对新人可享免费酒店、旅拍、船票等福利。浙江淳安千岛湖的婚姻登记中心与多个户外基地联合推出套餐，在此登记结婚的新人，可享千岛湖、天屿、龙川湾等景区全年免门票福利。 中国旅游研究院院长戴斌在接受记者采访时表示：“旅游婚登意味着我国的婚姻登记制度更人性化，也更能适应当下年轻人自主选择的潮流。此项政策的实施对年轻人的婚恋观、生活观都会产生较大影响。” “在旅行过程中进行婚姻登记是个好现象。”戴斌还指出，与此同时，旅游婚登也对公共服务部门提出了更高要求，包括异地审核相关证件，旅游景点需要做好相应服务、推出更加个性化的设计等，在维持法律严肃性与提供结婚情绪价值间找到平衡点。 “除了设立景区婚登点外，还可以增加更多的仪式感。”戴斌建议，在传统证件结婚照的基础上，允许年轻人多拍一些具有个性化的婚姻登记照，让新人拥有更多温馨浪漫的记忆。在婚姻登记时，工作人员可以让严肃的法律条文变得更加人性化，给年轻人更多生活智慧的启迪。 同时，戴斌也提醒年轻人，婚姻登记首先是一项法律义务，具有法律责任，不能将婚姻登记作为游戏，要认真对待。其次，无论是旅游登记还是传统婚登，如果有一些个性化要求，都要提前与相关工作人员进行必要合理的沟通。“景区婚登是新生事物，需要婚姻登记机关、景区、度假区的管理者和年轻新人多沟通、互相理解，共同将这项政策落实好。” 本报记者 乔然《工人日报》(2025年07月13日 02版) 【,2030,https://www.chinanews.com.cn/sh/2025/07-13/10447010.shtml,婚姻登记;结婚登记;婚姻;结婚;离婚;婚恋;婚俗
People.cn,2025-07-14,剑河县办理首例言语残疾和听力障碍人员结婚登记,近日，在剑河县政务大厅婚姻登记处，一场特殊又温馨的结婚登记正在进行。领证的罗先生和万女士面带微笑，均属于言语残疾和听力障碍人员，在工作人员的耐心引导下，通过纸笔展开无声交流，顺利领到结婚证。这是该县婚姻登记处办理的首例结婚双方均有言语残疾和听力障碍的结婚登记案例，整个过程尽显“服务无障碍，关爱零距离”的民生温度。 剑河县办理首例言语残疾和听力障碍人员结婚登记。 当天下午，罗先生和万女士来到婚姻登记处。当工作人员发现他们存在听力与语言障碍后，迅速启动服务预案，两名登记员当即联手提供服务。没有手语翻译，纸笔书写便成了沟通桥梁。“请问你们是自愿结婚吗？”“请在这里签名。”……在一笔一画的文字中，登记员将身份核验、意愿确认等法定环节中需核实的内容清晰呈现出来；双方认真写下回应，每一个“自愿”“我愿意”，一字一句间都饱含着内心的真实意愿及对未来的憧憬。 从信息核对到材料归档，整个过程虽比常规办理更耗时，但登记员始终保持耐心与专业，为新人呈递最温情的服务。当红色结婚证郑重递到罗先生和万女士手中时，两人激动地竖起大拇指，在纸上用力写下“谢谢你们”，幸福美满的笑容洋溢在脸上。 剑河县办理首例言语残疾和听力障碍人员结婚登记。 “这是我们首次为言语残疾和听力障碍人员办理结婚登记，也是对服务工作的一次检验。”参与办理的县民政局工作人员说，“婚姻自由是公民的法定权利，不应被沟通障碍阻隔。看到他们领证时发自内心的笑容，所有付出都值得。作为登记工作者，我们的职责就是提供优质贴心的服务，让每一位群众都能享受到平等、便捷、温暖的政务服务。”（文/图 剑河县民政局）,677,http://gz.people.com.cn/n2/2025/0714/c361324-41290480.html,婚姻登记;结婚登记;婚姻;结婚
People.cn,2025-07-14,宿州市埇桥区：彩礼“降温” 宴席“瘦身”,“以前办场白事，光宴席就得30多桌，算上烟酒、人情往来，少说也得花小10万元。现在村里倡议简办红白喜事，我这次就一切从简，既省了钱，也尽了孝心。”宿州市埇桥区苗庵镇曹集村村民曹开标说起父亲后事的简办，话语里满是认同。在这个曾经被“人情债”“攀比风”困扰的村庄，一场移风易俗的变革正悄然改变着村民的生活。 “要让村民改习惯，首先党员干部要作表率、带好头。”曹集村党总支书记倪士华的话掷地有声。村里把移风易俗纳入主题党日“必修课”，立下“两带头”规矩：党员干部带头简办红白事，带头抵制高价彩礼。 曹开标家的事就是典型。老人去世后，兄弟三人本想大操大办“撑场面”，倪士华带着村“两委”成员上门做思想工作，算经济账：“一桌菜七八百块，30多桌就是好几万，省下的钱好好过日子，不比铺张浪费强？”讲人情理：“生前尽心伺候，比死后风光更重要。”最终，这场白事办得简约又庄重，成了村里的“活教材”。 “彩礼要得多，闺女嫁过去还得自己还账，图啥？”“大操大办一场，累得半个月缓不过劲，精力账亏不亏？”这样的“土话”宣讲，每天都在曹集村的田间地头、农家院落里上演。 全村100名党员分片包户，13个网格织密宣传网。村广播早晚播报村规民约，微信群里晒着“低彩礼新娘”刘玉凤的幸福生活——她出嫁时，只是象征性地要了一些彩礼，父母常说：“孩子过得好比啥都强。”党员们还拿着计算器上门，帮村民算清“人情账、经济账、精力账”，“省钱省力不丢人，攀比浪费才不值”。 走进曹集村村委会，墙上的《红白事公约》格外醒目：宴席不超20桌，彩礼不超10万，禁止低俗婚闹……这些规矩不是“拍脑袋”定的，而是村民代表、“五老”人员反复商议的结果。 村里的红白事理事会由德高望重的老人和村干部组成，谁家有红白事，理事会提前上门“定调子”。遵守公约能攒积分，到“道德超市”换洗衣粉、食用油；要是有人想“越界”，理事会带着村规民约上门劝导。如今，村里的文艺展演、家风讲座一场接一场，“大操大办没面子，勤俭节约受尊重”成了村民的新共识。 目前，曹集村红白事平均支出较往年大幅下降，彩礼回归理性区间，大操大办、攀比浪费现象基本杜绝，厚养薄葬、喜事新办成了新风尚。倪士华说：“移风易俗不是一阵风，咱要让文明新风在村里扎下根，越长越旺。”（曾庆芳）,944,http://ah.people.com.cn/n2/2025/0714/c374164-41290725.html,高价彩礼;彩礼
CCTV,2025-07-16,一场纠纷牵出的“骗婚”疑云：经发小介绍男子“闪婚”，女方后称与介绍人系情人,结婚三个多月后，刘先生与妻子正式办理了离婚。这场婚姻来得快，去得也快。 据刘先生介绍，2024年12月他经发小介绍，认识了一名女子；2025年3月，双方登记结婚。然而，在5月的一场纠纷中，妻子突然称与介绍人是情人关系，并称结婚是为了骗取彩礼等。6月底，双方正式离婚。 纠纷发生后，三人经警方调解后约定，刘先生的发小及其前妻归还彩礼、金饰等费用共22.8万元。但刘先生心里仍有一根刺：发小与前妻是否为合谋“骗婚”？ 目前，女方正常还款，而刘先生的发小未按约定还款。对于“骗婚”一说，刘先生的前妻与发小均予以否认，但对于彼时二人的关系、金饰与彩礼的交付归还等细节，二人各执一词。 7月10日，刘先生告诉记者，他已委托律师准备对发小和前妻提起诉讼。 刘先生今年34岁，江苏徐州人。他称与刘某某是发小，在同一个村子里长大，近几年，由于他外出务工，两人联络变少。2024年年底，他回到家乡，与发小重新恢复了联系。当时，刘某某问起他是否有结婚打算、恋爱对象，而后向他介绍了女子石某某。 2025年1月，刘先生为结婚准备了10万元彩礼。刘先生、介绍人刘某某共同确认，彩礼数额在当地风俗中属于正常范围，并非“天价”彩礼。随后，春节期间，石某某入住刘先生家中，与刘先生、刘先生家人一同居住。 刘先生介绍，石某某比他大1岁，当时是离异状态；双方接触时，“石某某的表现很好”，春节时家人给了石某某一千元红包，石某某将其中800元赠予了家中小辈，“她打扫卫生、做饭，表现得很贤惠。” 3月，两人领取结婚证。然而5月，石某某与介绍人刘某某发生争执，双方出现肢体冲突。为此，石某某、刘某某和刘先生均曾去往当地派出所。 刘先生告诉记者，在派出所内石某某称，她与介绍人刘某某为情人关系；之所以要和刘先生结婚，是为了骗取彩礼等财物，“她说结婚半年后就跟我离婚，这样彩礼也不会退回来了。”由于刘先生未能提供事发时的录音录像资料，记者无法确认当时的完整情况。 对于这场纠纷的起因，刘先生称，自己与刘某某及其女友等人吃饭时，刘某某女友提及，希望自己能多管管石某某，让她不要老是打电话给刘某某。自己转述后，石某某打电话让刘某某来家中，而后二人出现争吵，“打起来了”。 对此，刘某某确认，有一次报警与其殴打石某某有关。他称，彼时石某某给他发信息、打电话，引发女友不满；石某某吼了自己的女友。 7月11日，石某某对记者解释，当初发生纠纷，是因她在和刘某某的沟通中指责了对方，与经济纠纷有关，“他缠了我三天，我实在受不了了”；而后，刘某某殴打了她。石某某强调，在派出所时她说出的那段“骗婚”言论是“气话”，“事实不是这样的。你想想，人家把我打急了，什么话都能说出来。” 无论如何，这场争执成为刘先生和石某某离婚的导火索。纠纷发生后，刘某某告诉刘先生，自己曾与石某某交往过。刘先生开始怀疑，自己的发小与前妻是否为合谋“骗婚”。 刘先生提供的一段其拨打警务监督热线的录音中，他向警方陈述“石某某自称骗婚”，希望就此进行立案；警方答复，派出所警官细致了解经过，就骗婚的内容，认为是“说的气话”。 通话中，警方还提及，目前这一情况够不上诈骗行为；在道德层面上，民警批评了石某某扰乱公序良俗的行为，建议刘先生通过诉讼方式解决纠纷。 记者咨询发生纠纷时介入处理的派出所。工作人员答复，出于保密要求，无法接受采访。 一份由公安机关作出的调解协议显示，三人因为婚姻问题发生纠纷。经调解，刘某某、石某某向刘先生返还彩礼、黄金等费用，具体金额及付款方式以三方私下签署的协议为准；后期有任何问题，由当事人自行去法院民事诉讼解决。 刘先生称，他与石某某、刘某某签订了调解协议。其提供的该调解协议中写道，刘先生、石某某双方经刘某某介绍相识，不久后，两人登记结婚。因婚前无感情基础，现感情破裂准备协议离婚。三方本着公平、平等、诚信等原则，就婚姻存续期间财产返还事宜达成调解协议。 该协议内容显示，刘先生给石某某彩礼、六金首饰、个人用品（电动车、手机等）、替石某某偿还婚前个人债务等共计22.8万元。其中10万元彩礼，刘先生应石某某要求，转账到刘某某账户。三方对以上事实均认可，并无争议。石某某、刘某某自愿足额归还以上欠款。 刘先生称，目前，石某某正在正常还款，而刘某某未按照约定还款。他希望刘某某能够还钱，也希望能够追究两人涉嫌骗婚的刑事责任。 对此，石某某告诉记者，她与刘某某曾经交往，在经刘某某介绍认识刘先生时，她和刘某某为情人关系；她并不清楚刘某某为何要“牵线搭桥”，不过，自己确实是真心考虑要与刘先生结婚、共同生活，“我是腊月二十八进了他（刘先生）家，相处下来，他还是蛮老实的，也是很过日子的一个人。” 此外，石某某称，当时彩礼钱是刘先生直接转给了刘某某，“他说经过我的同意，但我没有同意。”而六金中，有五金是她暂存在刘某某处，但事后刘某某并未将金饰归还给她。 对于石某某的说法，刘某某告诉记者，他与石某某确曾交往，在纠纷发生后，他告知了刘先生这段背景。但他否认自己与石某某为情人关系。 “我没有拿介绍费。他（刘先生）家庭情况不怎么好，我出于好心给他介绍，不是从中谋利。”刘某某称，之所以选择介绍石某某，是因为自己比较了解她的情况；刘石二人婚后因琐事闹不快时，他还两相劝和。 针对彩礼钱，刘某某称，由于石某某银行卡存在问题，故而当时由刘先生转账至自己名下。后来，他将彩礼钱给了石某某，不过，自己又借走了这笔钱。至于所涉金饰，他承认自己由于经济问题曾变卖过其中一样，另有几样是石某某弄丢的，“那些金饰都折现算进协议里了。”他解释，自己有意愿继续还款，目前因经济原因未能及时还款。 7月10日，刘先生告诉记者，他已委托律师，准备起诉刘某某、石某某两人。,2340,https://news.cctv.com/2025/07/16/ARTI7KpTFWAeDdHH5KvdbWWe250716.shtml,婚姻;结婚;离婚;彩礼;骗婚;闪婚;恋爱;对象
China News Service,2025-07-16,聚焦当代婚恋话题 《小芳出嫁》开机官宣,中新网 北京7月16日电 (记者 高凯)聚焦当代婚恋话题，描画“摩登”家庭群像，当代婚恋话题剧《小芳出嫁》16日正式官宣开机。 《小芳出嫁》改编自伊北同名小说，讲述了“00后”青年杨小芳(王影璐 饰)与祁小伟(辛云来 饰)未婚先孕，杨家人紧急回家为小芳出谋划策，祁杨两家态度不一，意外掀起了一场“婚恋风暴”，两家谈判失败，小芳“带球相亲”，却受到追捧并引发了一系列让人啼笑皆非的事件。 当天，剧集同步官宣阵容，《小芳出嫁》由西嘻影业创始人兼首席执行官杨晓培担任艺术总监及总制片人，韩琰担任导演。 据介绍，《小芳出嫁》将杨小芳抉择人生的过程作为故事轴心，徐徐展开一幅关于婚恋现状话题的画卷。剧集融合轻快浪漫与现实主义，以轻喜治愈风格为基调，用嬉笑怒骂的叙事方式呈现并剖析当代婚嫁观念、社会图景与世情风物，力求展现对社会议题的叩问与别样表达。 同时，剧集将精准聚焦当代女性的精神内核与情感需求，借由小芳寻找自我、确立自身价值的旅程，让故事对婚恋话题的描摹深化为对主人公自我意识层层觉醒过程的呈现，从而输出更具当下性的坚韧力量。(完),464,https://www.chinanews.com.cn/cul/2025/07-16/10449007.shtml,婚恋;婚嫁;相亲
People.cn,2025-07-17,人民日报海外版｜婚姻登记“全国通办”，带火青岛“甜蜜经济”,婚姻登记“全国通办”，带火青岛“甜蜜经济” 图①：青岛胶州市特色集体婚礼举办现场，新人们登上布置温馨的公交车集体拍照留念。 图②：青岛市崂山区会场湾新时代文明实践婚礼殿堂。 图③：青岛市打造的安娜别墅特色婚姻登记点。 图④：青岛市市南区海天中心81楼的“云上海天婚姻登记点”，新人们正在进行结婚登记。 图⑤：30对新人在青岛市崂山区集体婚礼仪式上签订婚书。 本文照片均由青岛市民政局提供 随着婚姻登记“全国通办”政策落地，越来越多的新人开始根据自己喜好选择婚姻登记的城市，带火了有特色的婚姻登记点和当地的“甜蜜经济”。山东省青岛市成为许多新人举办婚礼、婚姻登记的首选目的地。 当前，青岛市正围绕婚恋全周期塑造新型经济形态，串联餐饮、文旅、娱乐、购物等众多消费业态，打响“海誓山盟 浪漫青岛”品牌，着力发展“甜蜜经济”。 婚礼管家提供一站式服务，婚礼与旅行实现“无缝衔接” 红瓦绿树间，洁白的婚纱裙摆轻扬似云；碧海蓝天间，海鸥翔集，一句“我愿意”的真挚表达融入山海……在青岛市圣罗尼克庄园，伴随亲友阵阵欢呼，新人潘杰和李润泽交换戒指、深情拥吻，彼此倾诉心底真挚的誓言。 潘杰和李润泽来自内蒙古。“这是一场轻松又特殊的婚礼。”李润泽说，婚礼从策划到实施，前后用时仅一个多月，由婚礼管家提供一站式服务。说这场婚礼特殊，是因为婚礼将青岛市区的经典旅游景点串联起来，新人亲友在见证两人甜蜜时刻之余，能够欣赏到青岛的旖旎风光。 “不少亲友都是第一次到青岛，他们想借着参加婚礼的机会顺道在青岛旅游。”筹备婚礼时，潘杰将自己的想法告诉了婚礼管家常英茜。常英茜为这对新人推荐了临近海边的圣罗尼克庄园作为婚礼场地，庄园内搭建沙滩婚礼的场地，还配备19间民宿，周边几十家民宿集群，能够容纳300人住宿。场地契合需求，婚礼管家还为他们提供从场地预定、场地布置、餐饮住宿到专业摄像等全方位的“一站式”服务。 “一站式”服务让小两口真正当起“甩手掌柜”，婚礼前一天，潘杰、李润泽和亲友们就入住庄园内的民宿。晨起推窗见海，上午游览庄园，临近中午，大家齐聚沙滩，共同见证小两口的幸福时刻。 婚礼仪式结束，用过午餐，新人与亲友团登上大巴，直奔市内的景点游览。在婚礼管家的引导下，他们依次游览了信号山、海誓山盟广场等景点，并在这些景点合影留念。 婚礼与旅行“无缝衔接”，培育了青岛的“甜蜜经济”。今年初，青岛市出台《海誓山盟 浪漫青岛 打造“目的地婚礼”城市三年实施方案（2025—2027）》，分段推进“目的地婚礼”城市建设，青岛市民政局正在筹备青岛市甜蜜经济产业协会。 为持续塑造“海誓山盟”婚恋旅游品牌，青岛市市南区成立了婚尚产业协会，逐步探索出一条“婚恋+文旅”融合发展的新路径。 市南区推出的“爱情打卡路线”深受新人喜欢：由西到东横跨海誓山盟广场、望火楼、信号山公园、小青岛公园等9个市南区特色景点，全程共13.14千米。市南区还发布了适合情侣深度体验的18条精品旅游线路。 “我们推动婚恋产业与文旅产业深度融合。”市南区婚尚产业协会负责人李晓洁介绍，今年以来，一站式婚礼产品的咨询量比去年同期上涨近40%，订单量上涨32%。 目前，青岛市正形成以市南区为核心区域、辐射带动全市的“婚恋+文旅”创新融合业态，通过一站式婚礼服务更好满足新人个性化需求，推动“甜蜜经济”持续升温。 在城阳区，风景如画的毛公山正在打造集体婚礼举办地，新人在举办婚礼的同时可体验农家宴、入住星空民宿；在西海岸新区，泽丰生态园整合潮流墙绘、多彩农场田园景观、千亩红枫林等景观打造旅拍场景，引进8家企业入驻，吸引1000多对情侣前来旅拍打卡…… 婚姻登记处可领“甜蜜优惠券”，婚宴、旅拍等均有折扣 一声清脆的“咔嗒”声，闪耀的钢印落在两本鲜红的证件上。“祝二位新婚快乐，家庭美满！”青岛市崂山区婚姻登记处工作人员陈雪雯将两本结婚证递到新人万子豪和金文婕手里。 “请别忘记领取‘甜蜜优惠券’。”还不等打开手中的“红本本”端详，陈雪雯一句温馨提醒又添惊喜。登记处的服务台上，一个个设计精美的“甜蜜优惠券”卡包格外引人注目。 万子豪翻开卡包查看，一项项“新婚福利”呈现面前：星级酒店住宿七折优惠、知名婚礼策划机构全程服务九折优惠、非遗工艺婚庆花馍八五折优惠…… “这是我们联合崂山区内众多优质商家，特意为新婚夫妇‘量身定制’的小惊喜。”陈雪雯介绍，优惠内容覆盖面广，涵盖婚前婚后的方方面面，能够切实减轻新人经济负担，提升婚庆服务体验。 这些优惠源自商家资源整合。为促进“甜蜜消费”升级扩容，2025年4月，崂山区成立婚姻服务行业协会，整合酒店、民宿等32家行业资源，形成覆盖“婚前、婚礼、婚后”全链条甜蜜产业生态，涵盖婚宴、旅拍等领域的47项新婚专属优惠政策。“只有实打实的优惠才能提升新人在青岛消费的信心。”崂山区婚姻服务行业协会会长贾文洁说。 “你瞧，这款婚庆喜事花馍做工精巧。”在卡包之中，万子豪发现一张花馍礼盒优惠券，“用来做婚礼的伴手礼不错。”“这能留下满满的‘青岛印记’。”金文婕笑着回应道。 “甜蜜经济”热度攀升，婚恋产业相关企业纷纷借势推出新品，满足消费新需求。 青岛王哥庄大馒头有限公司推出婚庆喜事花馍礼盒，十几种喜庆的新造型，将传统花馍与婚嫁文化巧妙融合；青岛食品公司今年新推出喜字钙奶饼干，作为婚庆伴手礼，不仅味觉甜蜜，更是浓缩青岛的风土人情，物美价优，受到市场青睐。 据青岛市婚庆礼仪行业协会统计，青岛婚恋产业年产值达50亿元，相关外延产业年产值超过百亿元。 邮轮母港、369米高空，网红打卡地成为婚姻登记点 大海、游轮、画廊……阳光洒下，海天一色的景色辽阔安静。刚刚在邮轮母港登记点领完结婚证的新人宋旭升、王雪脸上洋溢着幸福的笑容，向记者展示着他们刚领取的“红本”。“这里的风格很契合我们的审美，这么有特色的婚姻登记点，我们还是第一次见。”宋旭升说。 宋旭升、王雪来自山东省潍坊市，今年初，他们打算登记结婚。今年5月，新修订的《婚姻登记条例》施行，婚姻登记实现“全国通办”，于是二人决定去附近的旅游城市办理登记结婚，顺便游玩。在社交平台上，宋旭升看到青岛市推出了特色婚姻登记巡回点，他们一合计，就选择了到青岛市登记结婚。 作为全国首批婚姻登记“跨省通办”试点城市，青岛市民政局在全市范围内打造9处特色婚姻登记巡回点，把婚姻登记流程从行政办公地点转移到年轻人喜欢的旅游景点、网红打卡地等，为年轻人带来不一样的婚姻登记体验。 位于青岛邮轮母港客运中心西侧的这个巡回点，融合集装箱工业风与浪漫海洋元素，透过全景落地窗，邮轮母港壮丽风光尽收眼底，为新人提供一站式“仪式感+个性化”领证体验。周边车位充足，新人可自驾前往，也可乘坐地铁、公交到达，目前已经有上百对新人在这里办理婚姻登记。 “把结婚证放到胸前，笑一笑……”咔嚓一声，摄影师按动快门，将新人谢海磊和薛瑶的幸福瞬间定格在369米的高空。位于市南区海天中心81楼的云上海天婚姻登记巡回点，舒缓的钢琴曲在大厅回荡，刚刚领证的新人正在拍照留念。 手捧鲜花、身着白裙，薛瑶牵着丈夫的手，一边在观光厅参观，俯瞰青岛城市景色，一边邀请摄影师帮他们抓拍美好瞬间。“这是我们的大日子。”薛瑶高兴地说，“能够到300多米的高空领证，特别有纪念意义。” 这个婚姻登记处搭建在透明全景观景台上，新人们站在“云端”，山海风光尽收眼底，可以体验一份特别的“高空浪漫”。现场布置与传统婚姻登记点一致，设置登记区、颁证区、等候区等5个功能区，提供全流程配套的婚姻登记服务。 登记现场温馨舒适，预约登记更是方便快捷。“我们通过‘爱山东’小程序进行预约，上传资料时备注想要的登记点就可以了。”掏出手机，薛瑶向记者展示，“你瞧，动动手指的功夫就能挑选心仪的登记场所。” 截至目前，青岛市9处特色婚姻登记巡回点均可以实现网上预约，根据预约人数，青岛市民政局实时增加预约数量。为更好服务新人，今年5月，青岛市民政局还在全市范围内组织50多名登记员开展业务培训。 婚姻登记“全国通办”后，在青岛登记结婚的外地新人明显增加。今年上半年，青岛全市共办理结婚登记超过一万对，同比提升60%。其中，外地户籍新人2000余对，较去年同期增幅130％。越来越多的新人将青岛作为婚姻登记的首选之地。 “接下来，我们将深入实施‘海誓山盟浪漫青岛’甜蜜计划，持续优化婚姻登记服务，创新推出特色颁证制度，打造一站式‘甜蜜消费’新场景、新业态。”青岛市民政局党组书记、局长江联军说。 《人民日报海外版》（2025年7月17日 10版）,3493,http://sd.people.com.cn/n2/2025/0717/c166194-41293762.html,婚姻登记;结婚登记;婚姻;结婚;婚恋;婚嫁;情侣;婚礼
People.cn,2025-07-17,婚姻登记“全国通办”，带火青岛“甜蜜经济” --时政--人民网,图①：青岛胶州市特色集体婚礼举办现场，新人们登上布置温馨的公交车集体拍照留念。 图②：青岛市崂山区会场湾新时代文明实践婚礼殿堂。 图③：青岛市打造的安娜别墅特色婚姻登记点。 图④：青岛市市南区海天中心81楼的“云上海天婚姻登记点”，新人们正在进行结婚登记。 图⑤：30对新人在青岛市崂山区集体婚礼仪式上签订婚书。 本文照片均由青岛市民政局提供 随着婚姻登记“全国通办”政策落地，越来越多的新人开始根据自己喜好选择婚姻登记的城市，带火了有特色的婚姻登记点和当地的“甜蜜经济”。山东省青岛市成为许多新人举办婚礼、婚姻登记的首选目的地。 当前，青岛市正围绕婚恋全周期塑造新型经济形态，串联餐饮、文旅、娱乐、购物等众多消费业态，打响“海誓山盟 浪漫青岛”品牌，着力发展“甜蜜经济”。 婚礼管家提供一站式服务，婚礼与旅行实现“无缝衔接” 红瓦绿树间，洁白的婚纱裙摆轻扬似云；碧海蓝天间，海鸥翔集，一句“我愿意”的真挚表达融入山海……在青岛市圣罗尼克庄园，伴随亲友阵阵欢呼，新人潘杰和李润泽交换戒指、深情拥吻，彼此倾诉心底真挚的誓言。 潘杰和李润泽来自内蒙古。“这是一场轻松又特殊的婚礼。”李润泽说，婚礼从策划到实施，前后用时仅一个多月，由婚礼管家提供一站式服务。说这场婚礼特殊，是因为婚礼将青岛市区的经典旅游景点串联起来，新人亲友在见证两人甜蜜时刻之余，能够欣赏到青岛的旖旎风光。 “不少亲友都是第一次到青岛，他们想借着参加婚礼的机会顺道在青岛旅游。”筹备婚礼时，潘杰将自己的想法告诉了婚礼管家常英茜。常英茜为这对新人推荐了临近海边的圣罗尼克庄园作为婚礼场地，庄园内搭建沙滩婚礼的场地，还配备19间民宿，周边几十家民宿集群，能够容纳300人住宿。场地契合需求，婚礼管家还为他们提供从场地预定、场地布置、餐饮住宿到专业摄像等全方位的“一站式”服务。 “一站式”服务让小两口真正当起“甩手掌柜”，婚礼前一天，潘杰、李润泽和亲友们就入住庄园内的民宿。晨起推窗见海，上午游览庄园，临近中午，大家齐聚沙滩，共同见证小两口的幸福时刻。 婚礼仪式结束，用过午餐，新人与亲友团登上大巴，直奔市内的景点游览。在婚礼管家的引导下，他们依次游览了信号山、海誓山盟广场等景点，并在这些景点合影留念。 婚礼与旅行“无缝衔接”，培育了青岛的“甜蜜经济”。今年初，青岛市出台《海誓山盟 浪漫青岛 打造“目的地婚礼”城市三年实施方案（2025—2027）》，分段推进“目的地婚礼”城市建设，青岛市民政局正在筹备青岛市甜蜜经济产业协会。 为持续塑造“海誓山盟”婚恋旅游品牌，青岛市市南区成立了婚尚产业协会，逐步探索出一条“婚恋+文旅”融合发展的新路径。 市南区推出的“爱情打卡路线”深受新人喜欢：由西到东横跨海誓山盟广场、望火楼、信号山公园、小青岛公园等9个市南区特色景点，全程共13.14千米。市南区还发布了适合情侣深度体验的18条精品旅游线路。 “我们推动婚恋产业与文旅产业深度融合。”市南区婚尚产业协会负责人李晓洁介绍，今年以来，一站式婚礼产品的咨询量比去年同期上涨近40%，订单量上涨32%。 目前，青岛市正形成以市南区为核心区域、辐射带动全市的“婚恋+文旅”创新融合业态，通过一站式婚礼服务更好满足新人个性化需求，推动“甜蜜经济”持续升温。 在城阳区，风景如画的毛公山正在打造集体婚礼举办地，新人在举办婚礼的同时可体验农家宴、入住星空民宿；在西海岸新区，泽丰生态园整合潮流墙绘、多彩农场田园景观、千亩红枫林等景观打造旅拍场景，引进8家企业入驻，吸引1000多对情侣前来旅拍打卡…… 婚姻登记处可领“甜蜜优惠券”，婚宴、旅拍等均有折扣 一声清脆的“咔嗒”声，闪耀的钢印落在两本鲜红的证件上。“祝二位新婚快乐，家庭美满！”青岛市崂山区婚姻登记处工作人员陈雪雯将两本结婚证递到新人万子豪和金文婕手里。 “请别忘记领取‘甜蜜优惠券’。”还不等打开手中的“红本本”端详，陈雪雯一句温馨提醒又添惊喜。登记处的服务台上，一个个设计精美的“甜蜜优惠券”卡包格外引人注目。 万子豪翻开卡包查看，一项项“新婚福利”呈现面前：星级酒店住宿七折优惠、知名婚礼策划机构全程服务九折优惠、非遗工艺婚庆花馍八五折优惠…… “这是我们联合崂山区内众多优质商家，特意为新婚夫妇‘量身定制’的小惊喜。”陈雪雯介绍，优惠内容覆盖面广，涵盖婚前婚后的方方面面，能够切实减轻新人经济负担，提升婚庆服务体验。 这些优惠源自商家资源整合。为促进“甜蜜消费”升级扩容，2025年4月，崂山区成立婚姻服务行业协会，整合酒店、民宿等32家行业资源，形成覆盖“婚前、婚礼、婚后”全链条甜蜜产业生态，涵盖婚宴、旅拍等领域的47项新婚专属优惠政策。“只有实打实的优惠才能提升新人在青岛消费的信心。”崂山区婚姻服务行业协会会长贾文洁说。 “你瞧，这款婚庆喜事花馍做工精巧。”在卡包之中，万子豪发现一张花馍礼盒优惠券，“用来做婚礼的伴手礼不错。”“这能留下满满的‘青岛印记’。”金文婕笑着回应道。 “甜蜜经济”热度攀升，婚恋产业相关企业纷纷借势推出新品，满足消费新需求。 青岛王哥庄大馒头有限公司推出婚庆喜事花馍礼盒，十几种喜庆的新造型，将传统花馍与婚嫁文化巧妙融合；青岛食品公司今年新推出喜字钙奶饼干，作为婚庆伴手礼，不仅味觉甜蜜，更是浓缩青岛的风土人情，物美价优，受到市场青睐。 据青岛市婚庆礼仪行业协会统计，青岛婚恋产业年产值达50亿元，相关外延产业年产值超过百亿元。 邮轮母港、369米高空，网红打卡地成为婚姻登记点 大海、游轮、画廊……阳光洒下，海天一色的景色辽阔安静。刚刚在邮轮母港登记点领完结婚证的新人宋旭升、王雪脸上洋溢着幸福的笑容，向记者展示着他们刚领取的“红本”。“这里的风格很契合我们的审美，这么有特色的婚姻登记点，我们还是第一次见。”宋旭升说。 宋旭升、王雪来自山东省潍坊市，今年初，他们打算登记结婚。今年5月，新修订的《婚姻登记条例》施行，婚姻登记实现“全国通办”，于是二人决定去附近的旅游城市办理登记结婚，顺便游玩。在社交平台上，宋旭升看到青岛市推出了特色婚姻登记巡回点，他们一合计，就选择了到青岛市登记结婚。 作为全国首批婚姻登记“跨省通办”试点城市，青岛市民政局在全市范围内打造9处特色婚姻登记巡回点，把婚姻登记流程从行政办公地点转移到年轻人喜欢的旅游景点、网红打卡地等，为年轻人带来不一样的婚姻登记体验。 位于青岛邮轮母港客运中心西侧的这个巡回点，融合集装箱工业风与浪漫海洋元素，透过全景落地窗，邮轮母港壮丽风光尽收眼底，为新人提供一站式“仪式感+个性化”领证体验。周边车位充足，新人可自驾前往，也可乘坐地铁、公交到达，目前已经有上百对新人在这里办理婚姻登记。 “把结婚证放到胸前，笑一笑……”咔嚓一声，摄影师按动快门，将新人谢海磊和薛瑶的幸福瞬间定格在369米的高空。位于市南区海天中心81楼的云上海天婚姻登记巡回点，舒缓的钢琴曲在大厅回荡，刚刚领证的新人正在拍照留念。 手捧鲜花、身着白裙，薛瑶牵着丈夫的手，一边在观光厅参观，俯瞰青岛城市景色，一边邀请摄影师帮他们抓拍美好瞬间。“这是我们的大日子。”薛瑶高兴地说，“能够到300多米的高空领证，特别有纪念意义。” 这个婚姻登记处搭建在透明全景观景台上，新人们站在“云端”，山海风光尽收眼底，可以体验一份特别的“高空浪漫”。现场布置与传统婚姻登记点一致，设置登记区、颁证区、等候区等5个功能区，提供全流程配套的婚姻登记服务。 登记现场温馨舒适，预约登记更是方便快捷。“我们通过‘爱山东’小程序进行预约，上传资料时备注想要的登记点就可以了。”掏出手机，薛瑶向记者展示，“你瞧，动动手指的功夫就能挑选心仪的登记场所。” 截至目前，青岛市9处特色婚姻登记巡回点均可以实现网上预约，根据预约人数，青岛市民政局实时增加预约数量。为更好服务新人，今年5月，青岛市民政局还在全市范围内组织50多名登记员开展业务培训。 婚姻登记“全国通办”后，在青岛登记结婚的外地新人明显增加。今年上半年，青岛全市共办理结婚登记超过一万对，同比提升60%。其中，外地户籍新人2000余对，较去年同期增幅130％。越来越多的新人将青岛作为婚姻登记的首选之地。 “接下来，我们将深入实施‘海誓山盟浪漫青岛’甜蜜计划，持续优化婚姻登记服务，创新推出特色颁证制度，打造一站式‘甜蜜消费’新场景、新业态。”青岛市民政局党组书记、局长江联军说。,3445,http://politics.people.com.cn/n1/2025/0717/c458474-40523704.html,婚姻登记;结婚登记;婚姻;结婚;婚恋;婚嫁;情侣;婚礼
People.cn,2025-07-17,怀远：党建引领移风易俗 抵制高额彩礼树新风,近年来，怀远县将综合治理农村高额彩礼问题作为乡村振兴的“关键小事”和党建引领基层治理的“民生大事”，通过强化党建引领、多元共治和宣传引导，推动婚俗新风进千家入万户，化风成俗，成效显著。 近日，在怀远县常坟镇常坟村一户零彩礼家庭吸引了众多村民的目光，即将步入婚姻殿堂的张婧和未婚夫正在忙着婚纱照的拍摄，身着礼服的他们，在夕阳的余晖中摆着造型拍摄，幸福的笑容与如画的淮河风景相得益彰。张婧和未婚夫小吴在七年前经人介绍相识相恋，并计划于今年十月结婚，两人已经商定结婚时不要彩礼。 在怀远县万福镇刘楼村，经过村民们集体商议后，村里修建了文化大礼堂。大礼堂内窗明几净，有舞台、音响、厨房、桌椅化妆间等设施，吊顶上装饰了红色的彩花，墙面上还悬挂着倡导婚俗新风的标语。文化大礼堂的门外是一片开阔的操场，附近很多村民都在这里举办婚礼。 怀远县万福镇刘楼村党支部书记、村委会主任杨文涛表示：“我村文化大礼堂建成2年多，为村里老百姓办事提供了方便的场所。给我们村移风易俗也起到了很好的作用，杜绝铺张浪费，文明倡导新事新办。” 近年来，怀远县强化党建引领，健全“治理机制”，将高额彩礼综合治理纳入党政联席会和全面深化改革重点改革任务。县直部门指导367个村（社区）将抵制高额彩礼纳入村规民约（居民公约），乡街村居发动村“两委”干部、党员带头签订移风易俗承诺20000余份，并开展“抵制高额彩礼”主题宣传宣讲活动1500余场次，发放倡议书超10000份，覆盖群众达15000余人次。注重以身边榜样带动广大群众，对280户好婆婆、好媳妇、低彩礼及零彩礼代表户予以表彰。同时，鼓励志愿组织主动参与，已摸排全县882对2025年6月前结婚户下彩礼情况，成功劝导降低彩礼142户，化解64户涉彩礼矛盾。 中共怀远县委社会工作部副部长洪青青表示：“怀远县多措并举开展农村高额彩礼综合治理工作，推动形成文明婚俗新风。一是党建引领，将治理高额彩礼纳入党政联席会议和深化改革任务，建立联席会议机制，定期研究推进工作。二是多元共治，压实县直部门、乡镇、村和自治组织责任，制定彩礼倡导性标准，指导村规民约修订，发挥红白理事会作用，开展劝导和矛盾化解。三是宣传引导，通过线下宣讲、线上融媒体传播以及表彰先进典型等方式，营造抵制高额彩礼的良好氛围，推动文明婚俗理念深入人心。”（张露伟 杨晨羲）,973,http://ah.people.com.cn/n2/2025/0717/c374164-41293714.html,婚姻;结婚;彩礼;婚俗;婚礼
People.cn,2025-07-18,石嘴山市超八成新人“零彩礼”或低彩礼,高额彩礼损害了婚姻家庭的和谐，不仅是经济问题，更是社会问题。7月17日，记者从石嘴山市委农村工作领导小组获悉，今年以来，石嘴山市持续开展农村高额彩礼专项治理，全市上半年登记新婚青年619对，其中“零彩礼”和低彩礼504对，占比81%。平均彩礼6.6万元，较专项整治前下降15.4%。 今年上半年，石嘴山市大武口区长兴街道兴民村共有5对新人结婚，其中1对是“零彩礼”，另外4对的彩礼从2万元到6.8万元不等。“‘零彩礼’这家是男方上完大学在城里工作，女方分文未取。其他4对收了彩礼的，最后也以嫁妆方式返还，有的还陪嫁了一辆车。”兴民村精神文明专干闫娟介绍。石嘴山市惠农区庙台乡东永固村上半年有2对新人结婚，一家是“零彩礼”，另一家彩礼是5万元，但女方陪嫁了1辆车。“我们这里彩礼一直不高，早在2011年，村主任张新礼嫁女儿就是‘零彩礼’，带了个好头。”东永固村精神文明专干哈雪介绍。 “目前，高额彩礼主要集中在移民村。”惠农区燕子墩乡海燕村党支部书记马守芳坦陈，该村彩礼“一直较高”。平罗县陶乐镇庙庙湖村精神文明专干姬小琴也介绍，该村上半年有41对新人结婚，其中娶媳妇的33家，嫁女儿的8家。彩礼一般都是20万元左右。经过宣传教育，在移民村，有的村民改变了观念。今年一户白姓村民嫁女儿，只收了10万元彩礼。 今年上半年，石嘴山市委两次召开有29个部门参加的农村高额彩礼专项治理联席会议，18名市、县（区）领导多次深入问题较为突出的大武口区星海镇、惠农区燕子墩乡、平罗县红崖子乡和陶乐镇4个重点乡镇、16个重点治理村（社区），抓住村“两委”班子成员和农村党员两个“关键少数”，要求他们带头移风易俗。今年以来，各部门通力合作，精准摸排出12699名适龄未婚青年，提前做好宣传引导，共开展理论宣讲、文化服务、科技科普等志愿服务和婚前辅导等专题活动4000余场次，推动文明婚嫁观念入脑入心。 石嘴山市还制定了精神激励和物质激励办法。选树43名“零彩礼”典型，邀请张金芳、白琴等全国典型宣讲先进事迹，以身边事教育身边人。践行“零彩礼”和低彩礼的新人可以享受旅游景区免票、特色种植养殖补贴、妇女创业贷款等优惠政策，全市还有40多家商户、饭店为他们减免费用，10多个村给他们提供免费婚宴场所。今年上半年共有200余对新人享受到了优惠政策。（记者 闵良）,968,http://nx.people.com.cn/n2/2025/0718/c192482-41294872.html,婚姻;结婚;彩礼;婚嫁
People.cn,2025-07-22,“三所联调”巧解婚姻危机 夫妻和解共续家庭温情,近日，汪清县司法局新民司法所依托“三所联调”机制，联合新民派出所、天友律师事务所成功调解了一起家庭纠纷。 赵某与于某曾是夫妻，共同经营店铺并育有两女。2024年，夫妻关系出现裂痕，双方产生矛盾并逐渐升级，最终办理离婚手续。两人离婚后仍同住一处，但心结未解导致双方摩擦不断，不仅影响了日常生活，更对两个孩子的健康成长造成影响。 为彻底解决该纠纷，新民司法所立即启动“三所联调”机制，组织派出所民警、律师共同介入调解。调解中，工作人员从法律规定、情感维系、家庭责任等多维度开展工作：一方面，工作人员耐心疏导双方情绪，厘清矛盾根源；另一方面，工作人员引导当事人正视自身问题。 经工作人员耐心调解，于某最终认识到其在双方相处中存在的不足，主动表达改善意愿并承诺今后将承担更多家庭责任。赵某也逐渐解开心结，表示愿意重新接纳对方，共同维护家庭完整。双方在工作人员的见证下签订和解协议。至此，该纠纷得到圆满解决。 下一步，汪清县司法局将持续深化“三所联动”矛盾纠纷多元化解工作机制，切实把矛盾纠纷化解在基层、化解在萌芽状态，为建设法治汪清、平安汪清贡献司法行政力量。,476,http://jl.people.com.cn/n2/2025/0722/c349771-41299244.html,婚姻;离婚;夫妻
China News Service,2025-07-29,部分婚恋账号热衷传授“捞金术” 专家：平台应加强预警预防,专家：平台应优化算法加强对无底线博流量行为的预判预警和预防 “跟女人在一起，走肾就好，千万不要走心。你对她上心，她反而不在乎。你对她不那么上心，她反而对你上头……”视频中，自诩“野哥”的男人侃侃而谈“拿下女人的正确姿势”，视频左上角闪过其给自己的身份标签——“知名情感导师”，视频配文“这个世界男人才是弱势群体#男生必看”。 《法治日报》记者近日点开这个名为“真诚爱××”的账号主页看到，其在个人简介中显著标出私人社交账号，暗示添加好友“领取脱单秘籍”。 这并非孤例。记者浏览短视频平台发现，部分婚恋类账号和情感博主逐渐偏离正常婚恋引导轨道，呈现“剑走偏锋”的乱象。 这些账号热衷于发布“擦边球”内容博取关注，公开传授诸如“女生捞金术”“男生傍富婆指南”等功利性婚恋技巧。更有甚者，有账号竟为用户“出谋划策”如何结识所谓“灰灰男”(指东南亚黑灰产小头目)，将婚恋话题与非法产业链挂钩。其盈利模式除依赖直播引流获取打赏外，还以“婚恋秘籍”“情感指导”等名义向用户兜售价格不菲的课程。 例如，博主“真诚爱××”在其发布的300多个视频中，大量传授“话术模板”“示弱技巧”，指导男性如何“向上择偶”“俘获富婆欢心”，并宣称“一旦成功，复兴家族指日可待”。该博主通过评论区引导用户加入私域群聊，售卖价格从199元至999元不等的课程，并以“让女神变舔狗”“富婆求你留下”等内容作为“成功案例”进行宣传。 而此前以“独立大女主”人设走红的博主“曲曲大女人”，则宣扬“利益至上”“用男人而非爱男人”，指导女性“寻找金主”。她通过高价售卖一对一咨询、情感课程、闺蜜圈等产品牟利，价格从数千元到数万元，最贵的一档“入群标准”甚至达到十几万元。最终，其因宣扬不良恋爱观、贩卖课程谋取私利、传递错误价值导向，多个平台账号被封禁。 然而，记者调查发现，其部分直播切片仍在网上流传，同名账号也在持续运营。粉丝不断为其“新据点”引流，直播转移至私域运营平台。 更有甚者，如博主“××哥”，在视频中频繁使用“天菜”(指外形优越的女生)、“关起来”(指包养)、“大结果”(指捞金成功)等术语，教唆女性“得大结果”。他在直播间为女性“打分”，暗示可加私人联系方式进行“运作”，实则推销价格从千余元到两万余元不等的课程。 记者留意到，这类账号的评论区，不仅充斥着娱乐化诈骗、包养、捞金等行为的言论，还常常引发大量的男女对立内容。 针对这一现象，中国传媒大学文化产业管理学院文化法治研究中心副主任程科分析认为，个人选择功利性的择偶标准本身属于价值选择范畴，哪怕不符合大众价值观，也不一定触犯法律。但关键在于，如果这些内容的表达明确鼓励通过欺骗、操控、诱导等手段获取物质利益，或者与诈骗、洗钱等违法犯罪行为挂钩，则可能违反法律或违背公序良俗。这种导向不仅扭曲了公众对于健康婚恋关系的认识，更容易助长社会戾气和性别对立。 北京市兰台律师事务所高级合伙人孙宏臣律师指出，婚恋主题账号本应宣传正确的婚恋观念，引导主流价值观。然而，部分账号严重偏离正轨，以偏概全，标榜“无底线”，通过打“擦边球”甚至传播虚假内容吸引眼球、谋取利益，违背了正确的社会婚恋价值取向，这种乱象必须及时予以制止，平台应及时发现并采取禁言直至注销账号等处罚措施。 他进一步说明，此类账号作为网络内容生产者，其行为涉嫌违反《网络信息内容生态治理规定》第七条关于防范和抵制炒作劣迹、宣扬低俗媚俗内容的规定，同时也违反了《网络短视频内容审核标准细则》中关于禁止展示宣扬不健康、非主流婚恋观，以及禁止为违法犯罪、丑闻劣迹者正名的相关条款。 “若账号内容明示或暗示用户参与诈骗、洗钱等违法犯罪活动，则可能涉嫌构成帮助犯罪或教唆犯罪；其高价售卖的所谓‘情感课程’，如果内容具有明显误导性，则可能涉及虚假宣传，违反消费者权益保护法；而将用户引导至私域进行交易的行为，若涉及违规收集和滥用个人信息，则可能违反个人信息保护法。”程科补充道。 程科认为，这与部分平台算法驱动的流量逻辑密切相关。极端、情绪化、猎奇的内容往往更容易被推荐算法捕捉并推送，从而带来可观的流量和打赏收益。同时，面对海量的短视频内容，平台在及时发现和精准识别这些精心包装、表面看似“情感咨询”实则暗含不法诱导的“擦边球”内容方面，仍存在实际困难。 “部分网民的猎奇心理和跟风从众心理，也为这类畸形婚恋内容的扩散提供了土壤。这些账号正是利用了人们寻求新奇刺激的心理吸引关注，而网民的好奇心又进一步助推了内容的传播。”孙宏臣说。 在他看来，打击短视频平台婚恋账号乱象，应该从平台、内容发布者和网络内容使用者三方面入手，并加大违规违法行为的监督和惩罚力度。 他建议，相关监管部门应加大惩治力度，提高违法违规成本；平台应优化算法，加强对无底线博流量行为的预判、预警和预防，严格落实“自媒体”账号全流程管理，以身份证号码等进行真实身份信息认证，动态核验账号信息，尤其从严审核热点事件后新注册或更名的账号，清晰标注信息来源，对疑似违规内容预先采取限流等措施，并建立完善的内容审核、巡查和应急处置制度。 “加强对内容发布者的法治教育，助其树立网络信息责任意识，关注账号的社会价值和影响，而非仅仅追求流量和粉丝，认识到只有传播正确而有价值的内容，账号才有长久存在的意义。对于广大网民而言，提升媒介素养，学会辨别网络信息真伪，自觉抵制低俗庸俗内容，在网络互动中保持文明理性至关重要。”孙宏臣说。,2229,https://www.chinanews.com.cn/fz/2025/07-29/10455233.shtml,婚恋;恋爱;脱单;择偶
People.cn,2025-07-30,湖南江华：庄严颁证启新程 文明婚俗漾新风,日前，湖南省江华瑶族自治县民政局婚姻登记中心结婚登记区暖意融融，两对新人脸上洋溢幸福笑容，在工作人员的见证下举行了结婚颁证仪式。 该县民政局主要负责人亲自担任颁证嘉宾，在庄严的国徽注视下，用沉稳而温情的语调宣读颁证词，字句间承载着对婚姻的敬畏、对新人的祝福，更传递着“执子之手，与子偕老”的责任担当。 当新人接过鲜红的结婚证，眼中闪烁着激动的光芒，他们不仅握住了此刻的甜蜜，更握紧了未来对婚姻的承诺——这场简约而庄重的仪式，让“风雨同舟相濡以沫 责任担当互敬互爱”这一理念，深深烙印在新人心中。仪式结束后，民政局工作人员也向新人发放文明婚俗宣传资料，积极引导他们让文明婚俗的种子从结婚登记、从颁证仪式开始。 近年来，该县民政局以婚俗改革为抓手，深耕细作培育文明新风：从创新工作机制让服务更贴心，到规范登记管理让流程更透明；从多渠道宣传“婚事新办、喜事简办”理念，到常态化开展婚前辅导化解矛盾隐患；再到推行像这样的简约颁证仪式，用仪式感唤醒对婚姻的敬心……一系列举措环环相扣，让“重责任、尚简约、守文明”的婚俗理念悄然融入百姓生活。（殷娜 游春梅 屈银和）,477,http://hn.people.com.cn/n2/2025/0730/c356887-41307391.html,婚姻登记;结婚登记;婚姻;结婚;婚俗
People.cn,2025-07-30,湖南零陵：婚俗改革出实招 文明新风入万家,近年来，湖南零陵区深入贯彻落实中央、省关于婚俗改革的部署要求，作为2025年湖南省婚俗改革试点，该区聚焦“破陋习、树新风、强服务”，通过机制筑基、场景创新、服务提质三维发力，探索出一条具有地域特色的婚俗改革新路径，为全省婚俗改革工作提供了可复制的“零陵经验”。 零陵区将制度建设作为改革“先手棋”，形成全方位推进格局。 部门联动聚合力：成立由分管副区长任组长的婚俗改革领导小组，联动区委宣传部（文明办）、农业农村、妇联、司法等10余个部门建立“定期会商、信息共享、任务共担”机制，出台《零陵区婚俗改革试点工作》方案，明确12项具体职责推行“区领导联乡、乡镇党政领导包村、党员干部先行”制度，构建起“区级统筹、乡镇主抓、村社落实”的三级联动工作链条。 考核约束强导向：将移风易俗纳入乡村振兴、精神文明建设年度考核硬指标，开展高价彩礼、大操大办、人情攀比等陋习专项整治行动。指导全区334个村（社区）修订完善村规民约，把“婚事简办”写入公约，统一明确“彩礼在5-8万元之间、婚宴不超过20桌、普通关系随礼不超过200元”等刚性条款，通过“红黑榜”公示强化约束，让婚俗改革有规可依、有章可循。 群众参与激活力：发挥红白理事会、乡风文明理事会作用，吸纳老党员、乡贤、致富带头人等组成评议队伍，通过“乡村信息员例会+智慧平台反馈”机制收集解决改革痛点100余个，让村民成为文明新风的共同制定者、自觉执行者和主动评议者。 经费保障托底线：争取省民政厅专项经费50万元，区级配套资金等用于宣传活动、阵地建设和队伍培育，重点支持村社婚俗文化墙、新时代文明实践站婚恋辅导室建设，确保改革落地有支撑、长效有保障。 以文化为纽带激活改革活力，让文明婚俗可感可及。 传统礼仪现新风：2024年9月29日，零陵区在东山景区举办了“一眼千年 情定零陵”湖南省首届古装集体婚礼，75对来自全国各地的新人穿上唐制礼服，现场行沃盥（洗手洁面）、同牢（共食一饭）、合卺（共饮一酒）等传统礼仪。这场婚礼把“婚事新办、节约从简”的理念和本地非遗结合起来，既保留了传统婚礼的仪式感，又省去了铺张浪费，被省市媒体报道后，在群众中形成了“办婚礼可以既省钱又有文化内涵”的示范效应。 节点仪式强引领：在“2.14”“5.20”“七夕”等浪漫节点开展实体颁证服务，邀请金婚夫妇分享婚姻心得，为600余对新人提供简约庄重的仪式体验，同步宣讲“婚事简办”政策，推动“移风易俗人人参与、文明新风家家践行”成为共识。 文旅融合拓路径：在零陵古城设立婚俗网红打卡点，整合婚姻登记、古城旅游、摄影体验等资源，打造“婚登+甜蜜经济”模式。利用特殊日子举办的集体颁证活动吸引超千名游客参与，让新人在千年文脉中定格幸福，全年带动“婚俗+文旅”消费超百万元，实现社会效益与经济效益双提升。 从婚前到婚后全链条发力，提升群众获得感。 婚前辅导强根基：联合妇联与专业机构组建服务团队，通过主题沙龙、案例分析、读书分享等形式，为2000余名计划结婚伴侣、新婚夫妇提供婚恋观引导和相处技巧培训，帮助树立“互敬互爱、责任担当”的婚姻理念。 婚姻调解促和谐：建立婚姻家庭纠纷多元化化解机制，联合司法、妇联、法院、教育等多部门成立婚姻家庭纠纷人民调解委员会，配备专业调解员3名，重点调解离婚财产权益、子女抚养等各类婚姻家庭纠纷。今年以来，共成功调解100余对夫妻的矛盾纠纷，加上原有心理咨询师坐诊化解的纠纷，累计成功调解婚姻纠纷220余起，有效预防了矛盾升级，为维护社会和谐筑牢了家庭防线。 便捷服务暖民心：丰富服务形式，在特殊日子，提前制定工作方案，推出预约服务、延时服务等便民举措，在全市婚姻登记系统中率先建立日常工作延时服务制度。全年通过预约和延时服务办理婚姻登记800余对，让新人在特殊日子里顺利领证。同时推行了婚育“一件事一次办”联办服务，实现婚姻登记、生育服务、户口迁移等事项办理，让相关政务服务事项从“一堆事”变为“一件事”，由“多次跑”变为“一次办”，把“事”办到群众心里，不断增强广大人民群众获得感、幸福感和体验感。 完成1949年以来16万余份婚姻档案电子化扫描，实现全国联网查询。群众办事满意度提升至98%以上，切实感受到婚俗改革带来的便利与温暖。 零陵区通过机制保障、文化赋能、服务增效，推动婚俗改革从“外在要求”转为“内在自觉”。下一步，该区将深化“一乡一品牌”婚俗活动创建，完善村规民约执行细则，持续以文明新风助推乡村振兴，为全省精神文明建设贡献“零陵力量”。（赵飞 眭建明）,1860,http://hn.people.com.cn/n2/2025/0730/c356887-41307658.html,婚姻登记;高价彩礼;婚姻;结婚;离婚;婚恋;婚育;彩礼;婚俗;伴侣;夫妻;婚礼
CCTV,2025-07-31,今年上半年结婚登记353.9万对 同比增加10.9万对,7月30日，民政部官网公布了《2025年2季度民政统计数据》。其中披露，2025年上半年结婚登记353.9万对，离婚登记133.1万对。 澎湃新闻注意到，2024年上半年，全国共办理结婚登记343万对，离婚登记127.4万对。相较而言，今年上半年结婚登记数较去年同比增加10.9万对，离婚登记数同比增加5.7万对。 值得一提的是，今年5月10日，新修订的《婚姻登记条例》正式施行，婚姻登记实现“全国通办”，内地居民申请结婚登记不再需要出具户口簿，可以在任一有相关婚姻登记权限的婚姻登记机关办理。 中新网此前报道称，5月份是结婚登记的高峰月，该项政策刚好赶在“520”结婚登记高峰日前出台。新政策实施后，多地结婚登记预约火爆，迎来首批异地户籍结婚登记的小高峰。 比如，5月10日当天，北京全市婚姻登记预约1700余对，其中涉及“全国通办”业务的约900对，较以往周末预约量有较大提升。,391,https://news.cctv.com/2025/07/31/ARTIfEjRFIKgMYxgsviBOro6250731.shtml,婚姻登记;结婚登记;婚姻;结婚;离婚
CCTV,2025-07-31,北京：培育新型婚育文化 引导青年树立正确的婚恋观、生育观、家庭观,央视网消息： 据北京市人民政府网站消息，北京市人民政府办公厅印发《北京市关于完善生育支持政策体系推动建设生育友好型社会的工作措施》。其中提到，培育新型婚育文化。弘扬中华民族传统美德，倡导重视生育的社会价值，落实积极生育支持措施，提倡适龄婚育、优生优育，鼓励夫妻共担育儿责任。发挥家庭、社会、学校作用，引导青年树立正确的婚恋观、生育观、家庭观，加强家庭家教家风建设。加强婚恋指导服务，打造“青春志爱团”等青年交友服务品牌，提供有公信力的婚恋交友服务，积极开展婚姻家庭辅导。扎实推进婚俗改革和移风易俗，破除婚嫁大操大办、高额彩礼等陈规陋习，培育积极向上的婚俗文化。,280,https://news.cctv.com/2025/07/31/ARTIkqXsxRz9OS6re2liWDTi250731.shtml,婚姻;婚恋;婚育;彩礼;婚俗;婚嫁;夫妻
CCTV,2025-07-31,婚介被指以“结婚返款”诱导交巨额会员费，涉返款、诉讼就“换壳跑路”,“红娘”牵线包成功、提供个人形象提升课程、结婚与否都可以返还服务费70%……近日，来自北京的陈斌（化名）向澎湃公众互动平台“服务湃”反映称，自己被婚介公司以“保证谈恋爱”“结婚返现”等话术连环诱骗购买婚恋服务产品，不到一年消费了近20万元。 陈斌将自己的经历发布上网后，陆续有27名经历类似的人联系他，涉及金额达150万元。这些受害人分别在“北京良辰文化创意有限公司”“北京伊人依恋文化创意有限公司”“北京知禧文化创意有限公司”等6家婚介公司购买婚介服务。但陈斌深入沟通和核实后发现，这6家公司竟存在多处关联，且套路相似，疑是同一批人“换壳”诈骗。 “和我签第一个合同的公司是‘伊人伊恋’，后面第二份、第三份就变成了‘良辰’，门店一搬，门头一改，过去的就都不认了。”陈斌说，此前他信以为真的“返现”也是空话，有人达到1年内结婚的要求，然而门店已人去楼空，“新门店不认旧合同”。 去年，陈斌在短视频平台看到了“北京伊人伊恋文化创意有限公司”发布的婚恋广告，称公司会员可以由红娘“线下牵线、同城交友”，解决婚恋问题。随后，陈斌通过链接添加了销售人员，并被要求到线下门店“交流自身情况”。 2024年5月6日，陈斌来到了“伊人伊恋”线下门店，“他们把我带进一个小房间里，开始‘洗脑’。”陈斌说，销售人员一直强调他的条件不错，只是缺少认识女性的机会，表示该店可以提供大量资源，“她说不敢保证能结婚，但保证能谈恋爱，如果结婚了还能返还50%服务费。” 陈斌回忆，谈话进行了三个多小时，“最后我已经完全没有清楚的认知了”。陈斌当场向该公司支付了第一笔“会员服务费”19980元，“付完款后他们才拿出合同让我签字”。 合同服务期限为4个月，其间伊人伊恋公司会给陈斌推荐5名意向人选。合同中对于“结婚返还”约定，会员需在一年内与机构推荐的人选登记结婚，才可以获得50%服务费的返还。 陈斌说，在“伊人伊恋”红娘的安排下，他和5位意向人选见了面，但均没有后续发展，“7月份红娘说我见了几个人也没有效果，不会跟女孩子说话，让我购买他们的个人形象设计提升服务，她说购买服务后一年内如果结婚领证，还可以返还60%，半年内结婚领证，可以返还70%，实际花费只需要两三万元。” 陈斌支付了80000元购买该服务。合同显示，对方会为陈斌提供个人整体、色彩规律、服饰风格规律、妆面发型、着装技巧等11项服务。“课程是在一个很偏僻的地方进行的，教怎么说话、处理社交问题，都是平时能在网上搜到的。”陈斌说。 陈斌说，到了今年4月，距离“返款60%”的约定只剩3个月，他仍然未成功找到恋爱对象。红娘再次联系他，建议购买公司的新服务，“她说这个服务通过大数据筛选每次可以同时约见符合条件的3-4人，服务有效期3年，3年后无论是否结婚，都可以返还过往全部费用的70%，如果结婚了就提前返还。” 为了挽回此前已支付的部分费用，陈斌再次支付了10万元购买了上述3年服务，签订了20万元的《会员服务合同（返现版）》，“我当时手头钱不够了，他们就推荐我用招商银行闪电贷，指导我贷款了10万元，这20万元里也包含了之前支付的99800元。” 在见了一位“意向人”后，陈斌发现该“新功能”与之前并未有任何不同，感觉到自己被骗了，“我上网搜了一下北京伊人依恋文化创意有限公司，发现已经被限制高消费。” 随后，陈斌前往门店要求解约退款，对方以他已经见了一个意向人为由，扣除20%的服务费，再加上20%违约金，最后只能退还第三次缴费10万元的60%（6万元），“也就是说我前后一共花了14万，只是见了几个人，肯定不能接受。” 陈斌将自己的经历整理后在网上发帖求助，没想到陆续有经历相似的“受害人”联系他，“我了解到的一共有28个人，都是和我类似的情况，被‘成功返款，不成功退款’这些话术诱导后交服务费，实际上无论成不成功根本不会返款，27个人累计消费超过150万元。” 更让陈斌诧异的是，27个被骗人分别与“北京伊人依恋文化创意有限公司”“北京良辰文化创意有限公司”“北京挚爱一生文化创意有限公司”“北京余生有约科技有限公司” “北京伊人伊恋文化传媒有限公司”“北京知禧文化创意有限公司”六家公司签署了婚恋服务合同，而工商信息显示，6家公司均存在关联。 澎湃新闻记者通过工商信息看到，上述几家公司均存在人员或地址上的关联，如员工赵某楠曾先后或同时担任“良辰”“伊人伊恋”“挚爱一生”“余生有约”公司的财务负责人；“伊人伊恋文化创意”“伊人伊恋文化传媒”“良辰”“挚爱一生”4家公司曾共用同一地址。 而与陈斌签署第一份服务合同的是“北京伊人依恋文化创意有限公司”，第二份、第三份合同则变成了“北京良辰文化创意有限公司”。目前“北京伊人依恋文化创意有限公司”已经被北京市昌平区市场监督管理列入经营异常名录。该公司作为被告涉及17起案件，法定代表人已被限制高消费。 “他们是原班人马转移到不同公司、地点重复诈骗，一涉及返现、诉讼，公司就跑路了，换一家继续。”陈斌认为，目前只找出6家公司，实际涉及公司可能更多。 结婚返现是真是假？来自北京的洋洋告诉澎湃新闻，她在2024年6月购买了“伊人伊恋”婚恋会员服务，合同中约定一年内结婚即返款90%。今年5月，洋洋已经和相亲对象结婚领证，但要求按合同返款时，红娘却表示自己已经从“伊人伊恋”离职。 “我后面再去那家门店要返款，已经人去楼空了。”洋洋说，随后她得知“伊人伊恋”已经改名并搬迁至北京另一地址，“我去的时候发现还是同一批人，但店名改成了‘良辰’，他们说和我签合同的是国贸店，让我去找之前的店，但店都没了怎么找？” 陈斌也介绍称，由于自己被骗的时间跨度长，亲眼见证了“伊人伊恋”变“良辰”，“他们换成‘良辰’公司签合同的时候，店还在国贸，叫‘伊人伊恋’；今年5月初搬到梅地亚后就改名‘良辰’，之前店里的合同、服务关系就都不认了。” 此外，澎湃新闻记者发现，“良辰”的前法定代表人樊某，曾为另一家名为“北京禧结良缘文化创意”的公司的股东。而该公司曾在2024年7月，因未公示会员服务套餐中的“会员系统建档”、“情感咨询辅导”、“一对一外在提升”等服务的价格，被北京朝阳区市场监管局责令改正，并处警告、罚款3.1万元。该公司现已注销。 针对上述情况，澎湃新闻记者曾联系“北京伊人伊恋文化创意有限公司”售后工作人员，在表达采访需求后，对方未进行回复。记者也曾多次尝试通过工商信息公示的联系方式联系上述公司，均未获接通。,2648,https://jingji.cctv.com/2025/07/31/ARTICc6XA3ddZF90zOf0GfZz250731.shtml,结婚;婚恋;婚介;恋爱;相亲;对象
People.cn,2025-08-01,“八一”建军节 渝北区结婚人数比去年增加55%,清晨，渝北区民政局婚姻登记处的大门口蜿蜒排起长龙。一对对新人，脸上洋溢着按捺不住的喜悦，手中紧握着结婚证件。今日不同寻常，是“八一”建军节。 新人陈先生和王女士选择在这一天办理结婚登记。“我们自愿结为夫妻，从今天开始，我们将共同肩负起婚姻赋予我们的责任和义务……”他们在工作人员指导下，很快办理好结婚登记，手持结婚证在大厅里宣读结婚誓词。 “我和先生选择在‘八一’这个特别的日子里领证结婚，考虑到当天是农历六月初八，宜结婚。另外，以后‘八一’不仅是他的节日，也是我们的结婚纪念日，他在一线保卫祖国，我在后方守护我们的小家。”新人王女士说道。 渝北区民政局婚登处介绍，为继承和弘扬拥军优属、拥政爱民光荣传统，我们在‘八一’建军节这一具有特殊意义的节日里，为来办理结婚登记的现役军人赠送礼物，增派志愿者主动服务，加班确保每一对新人都能如愿“领证”。当天，渝北区婚登处共完成80余对新人的婚姻登记工作，比去年“八一”建军节结婚人数增加55%。(吴光霞),423,http://cq.people.com.cn/n2/2025/0801/c365411-41310480.html,婚姻登记;结婚登记;婚姻;结婚;夫妻
People.cn,2025-08-02,成都望江宾馆“八一”特别行动 燃动蓉城网红婚姻登记处,人民网成都8月2日电 （记者王波、实习生赵悦）8月1日，成都网红婚姻登记处——合江亭婚姻登记处迎来一抹赤诚的“拥军红”。成都望江宾馆以一场“情系戎装·情定望江”主题拥军活动，让军人誓言与婚誓承诺于此浪漫交织。 望江宾馆婚姻登记中心现场。成都望江宾馆供图 座谈会上，望江宾馆服务团队向合江亭婚姻登记处介绍了如何深化军地协作、夯实军人军属权益政策保障，并就后续军婚推广活动开展交流。此外还围绕备受关注的为军政策要点，向前来登记的新人及过往市民进行阐释。活动现场更别具匠心地设置望江宾馆主题合影打卡区，吸引军人新人与家属、游客驻足。 为军专班向登记结婚的新人送上为军惠军政策。成都望江宾馆供图 望江宾馆党委书记、总经理袁兵表示：“我们愿通过这样的特别行动，让保家卫国者能安心守护家园，让他们的眷属更具幸福感、安全感与归属感。”此次“八一”服务活动，正是在传承红色基因、履行拥军使命道路上的又一次创新实践。它以年轻时尚的活力场景为传播平台，成功将“服务军人军旅、服务军属军婚”的承诺从文字转化为可触可感的具体行动与温暖体验。,458,http://sc.people.com.cn/n2/2025/0802/c345167-41310734.html,婚姻登记;婚姻;结婚
People.cn,2025-08-04,取4.9万元现金当彩礼？不！是帮忙转移涉诈资金,日前，客户蒙某走进贵州银行贵阳小河支行，说要取4.9万元现金当彩礼。可柜员一查，心里立刻打了个问号：这账户近半个月通过云闪有好多笔几十到几百块的小额交易，钱进进出出跟“过手”似的。更怪的是，6月24日突然进了15.6万元大额资金，才两天就在好几个网点分着取了快5万元，每笔都卡着固定金额以下。 工作人员向蒙某询问资金细节，蒙某神色慌张，支支吾吾，说不清楚资金使用的来龙去脉。工作人员立即联系经开区反诈中心核实，同时，让蒙某扫描警方提示二维码，他先说没带手机不配合，可主管拨通他预留的手机号后，他又突然摸出个备用机——这前后不一的操作，可疑度直接拉满！ 贵阳小河支行当即开了涉诈风险账户审查表，明确告诉他需要前往反诈中心进行账户核实。蒙某刚走没多久，贵阳花溪大道支行就打来电话：这人想取钱，没有审查表！小河支行立即把情况报给贵阳分行，提醒全辖网点高度重视，绝不能让涉诈资金流出去。 其间，蒙某拿着云岩区反诈中心的审查表再次回到小河支行进行取款。柜员和主管再次细问，发现他说的核实过程乱七八糟，对那笔大额进账的解释，跟昨天说的也对不上号。支行立即联动分行风控部门和云岩区公安分局，申请深入调查资金流向。经核实，15.6万元是涉诈资金，蒙某涉嫌帮忙转移！支行一边想法拖延时间等警方布控，一边拒绝他取钱。公安机关及时赶到，将蒙某控制住，同时追回9.4万元涉诈资金。 今后，贵州银行将持续开展全员反诈培训，提高员工对可疑人员和异常交易的识别能力，紧盯“小额快转”“分笔躲核查”等可疑操作，拼尽全力守好群众的“钱袋子”，进一步筑牢金融安全防线。（刘珊）,670,http://gz.people.com.cn/n2/2025/0804/c361324-41312054.html,彩礼
People.cn,2025-08-04,淮北杜集区：让彩礼“瘦身”，为新风“加分”,人民网淮北8月4日电 （吕欢欢）红绸漫卷，鼓乐声喧。8月1日上午，淮北市杜集区百莲百合景区内，20对新人身着传统婚服携手步入婚姻殿堂。 凤冠霞帔映红妆，长袍马褂显儒雅。在亲友与市民的祝福中，新人们依次行合卺酒、交换信物、感恩礼，简约庄重的仪式既传承中华婚俗精髓，又摒弃繁文缛节。 参与婚礼的李先生夫妇表示：“省去彩礼负担后，我们更专注于经营感情。集体婚礼既隆重又省钱，是年轻人需要的模式！” 仪式结束后，新人们在“零彩礼”标示牌前合影留念，象征对简约婚姻的坚定选择，彰显拒绝攀比、回归爱情本真的决心。 据悉，此次集体婚礼是婚事新办、喜事简办的又一次生动实践。 近年来，杜集区积极整治农村地区高额彩礼和婚俗陋习，倾听人民群众“彩礼”减负诉求，通过组织全区960名党员干部带头签订践行移风易俗抵制高额彩礼承诺书，制定《关于杜集区农村彩礼和婚庆喜事的倡导性标准》等多种形式大力推进移风易俗。 杜集区相关负责人透露，以此次集体婚礼为起点，杜集区将采取疏堵结合策略，一方面设立婚俗咨询服务中心提供公益婚庆服务，另一方面将高额彩礼纳入诚信监督体系，同时创作移风易俗主题文艺作品深入基层巡演，推深做实移风易俗工作，让文明新风浸润城乡。,510,http://ah.people.com.cn/n2/2025/0804/c227131-41312027.html,婚姻;彩礼;婚俗;婚礼
People.cn,2025-08-05,卸下“彩礼包袱”生活“轻装上阵”,“彩礼从18万元降到了3万元，还取消了车队，这场婚礼既省钱又暖心！”近日，在兰州市永登县龙泉寺镇瑞芝村举办的一场婚礼上，新郎小李的话道出了不少村民的心声。如今，随着永登县移风易俗工作的深入推进，高额彩礼这一困扰许多家庭的陋习正在逐步被摒弃，文明婚恋新风悄然吹遍城乡。 此前，部分地区彩礼攀比成风，动辄十几万元的彩礼，再加上买车、买房等要求，让不少家庭不堪重负，甚至出现因婚致贫、因婚返贫的现象。一些青年因拿不出高额彩礼，婚事一拖再拖；还有家庭为凑彩礼不惜借高利贷，婚后陷入长期债务纠纷，影响了家庭和睦与社会稳定。 针对这一问题，永登县打出移风易俗“组合拳”——各乡镇联合村委会出台《婚俗改革倡议书》，明确彩礼金额上限、倡导低彩礼，将婚俗规范纳入村规民约，通过村民议事会、红白理事会等组织，对大操大办、高额彩礼等行为进行劝导和约束。同时，广泛宣传婚事新办、喜事简办的典型案例，如举办集体婚礼、公益婚礼，表彰零彩礼新人家庭，用身边事教育身边人，让爱情无关彩礼多少、幸福在于真心相伴的观念逐渐普及。 “以前觉得彩礼少了没面子，现在看到家家户户零彩礼结婚，小两口靠自己奋斗买车买房，日子过得红红火火，才明白真正的幸福不是比彩礼多少。”村民张大妈的感慨，反映了群众观念的转变。如今，在永登县各乡村，彩礼金额明显下降，婚礼形式趋向简约，邻里间的攀比少了、互助多了，文明新风正为社会发展注入温暖而持久的力量。 破除高额彩礼陋习，非一日之功。但随着政策引导、榜样示范和群众自觉的形成，这场移风易俗的实践正让更多家庭卸下“彩礼包袱”，让婚姻回归爱情本质，让幸福生活从“轻装上阵”开始。（兰州日报社全媒体记者 葛强 ）,699,http://gs.people.com.cn/n2/2025/0805/c183341-41313087.html,婚姻;结婚;婚恋;彩礼;婚俗;婚礼
CCTV,2025-08-06,法治在线｜“女友”护照丢失牵出跨国骗婚案 娶“外国新娘”当心人财两空,在重庆江北国际机场，一名中国男子在带着他的外籍“女友”办理入境手续的时候，这名外籍“女友”的护照突然消失不见。面对护照的消失，女子表现得异常淡定，本该亲密的情侣也显得格外生疏。警方经过深入调查，发现这名外籍女子的身份并不简单，一段看似美好的跨国婚姻，暗藏着一场精心设计的骗局。 近日，在重庆江北国际机场边检现场，一名中国男子谢某与他的外籍“女友”正在办理入境手续。当边检民警按规定为男子办妥手续，转向他的“女友”时，这名女子却表示，她的护照不见了。 重庆边检总站执勤一队副队长 刘程超： 我们就主动联系了航空公司和相关的工作人员，并派员随同这两人一起返回机舱、廊桥以及厕所等场所进行寻找，但是始终未果。我们比较疑惑的是，这名女子全程表现非常泰然，没有一个旅客丢失护照时应有的焦急、焦虑的情绪。同时， 这名男子虽然很着急，但是两人之间显得不是那么特别亲密熟悉，不像是情侣关系。 与谢某同行，一起入境的还有他的弟弟，也同样带着一个外籍“女友”。四人被民警一同拦下，带到办案区进一步了解情况。 重庆边检总站执勤一队副队长 刘程超 ： 这名女子事实上是谢某在境外通过中介认识的“女友”，准备此次带入境办理结婚手续。与他一起的还有他的弟弟，两人都是长期在外打工，婚姻问题一直没解决。因为他们同乡有通过这种方式促成境外婚姻的，于是他们通过老乡联系了一个境外的中介。此次他们出境就是到境外进行相亲活动，当时他们支付了巨额的中介费以及彩礼费。 谢某与弟弟共计花费了30万元中介费和彩礼，带着各自的“女友”一同回国，准备结婚。 入关时，谢某“女友”的护照却不翼而飞，而通过护照的复印件信息，民警核查到，这名外籍女子几个月前，就曾有过在山东入境的记录。 重庆边检总站执勤一队副队长 刘程超 ： 发现其中一名外籍女子曾于数月前来过一次中国，当时她所持的护照跟现在这本护照不一样，但人是同一个人，同时她们的名字也不一样，明显存在改名换姓的情况。我们调取了她之前的出入境记录，发现她上次入境的时候，有一个中国籍男子是她入境的联系人，于是我们主动与这位中国籍男子取得了联系。经过核查比对，这名男子很明确地告诉我们， 这个女的就是他的配偶，也是通过相亲在境外认识。数月前把她带回国，办理了结婚手续，但是该外籍女子跟他在一起仅仅生活了十余天就失踪了。 从相亲认识到把“女友”带回国，谢某其实在中途也发现了一些蹊跷。 重庆边检总站执勤一队副队长 刘程超： 当时我们在跟那个男子聊天的时候，他就说，在登机前那位女子要求其将部分承诺的彩礼打到她姐姐的一个指定账户上。听到这个情况，我们就更加怀疑，因为两个人都已经商量要结婚，在一起生活了，怎么还会有这种情形？ 重庆边检总站将案件通报给女子上一次的入境地山东当地的公安机关。 经联合调查，这名外籍女子精心策划骗婚事实确凿，护照也是她故意丢弃，既为掩盖过往婚史，更是企图制造被拒入境、从而脱身的假象。 重庆边检总站执勤一队副队长 刘程超： 我们将相关情况跟地方公安机关进行了通报，地方公安机关也迅速赶到了现场。我们帮助两名当事人追回了部分经济损失，对两名涉嫌骗婚的女性进行了不准入境的处理。 此外，两名女子再次入境会有不良记录，边检机关会进行更加严格的审查。重庆边检总站及时阻止了这场骗局继续蔓延，可两兄弟 要想追回在境外曾经支付的中介费和彩礼，还存在着跨国取证难、法律适用不同等方面的问题。 重庆边检总站边检处副处长 彭春艳： 婚姻是人生大事，我们建议适龄青年要睁大眼睛，慎重对待跨国婚姻，不要轻信介绍人的花言巧语，要通过正确的渠道并办理好相关材料手续，避免带来损失。 一纸护照的“消失”，牵出了两段破碎的异国“姻缘”梦，让跨国骗婚的真相浮出水面。婚姻本应是两颗心的真诚相守，而非金钱交易的筹码，更不能成为违法犯罪的工具。对待跨国婚姻，一定要通过正规渠道并办理好相关材料手续。婚姻非买卖，唯有擦亮双眼，尊重法律，才能守护真情，远离陷阱。,1623,https://news.cctv.com/2025/08/06/ARTIMomrXZMqE8RLfTGdt7eo250806.shtml,婚姻;结婚;彩礼;骗婚;相亲;配偶;情侣
China News Service,2025-08-07,毕业照变彩礼相亲广告 6名女孩起诉造谣者,“彩礼都是10万元，你会选哪一个做女朋友？”2023年10月，一张照片在网上引发热议，6名女孩站在树前，可配文却宛如相亲广告。照片的主角是广东女孩小婷和她的5位大学室友，本是记录旅途的美好回忆，但在被人盗图、造谣后彻底变了味。面对骚扰，小婷拿起了法律武器状告造谣者，“我想告诉他，不要以为躲在键盘后面，就什么都可以做！” “彩礼都是10万元，你会选哪一个做女朋友？”2023年10月，一张配着这句话的照片在网上引发热议。画面中6名女孩站在树前，穿着日常、笑容自然，可配文却宛如相亲广告。这张照片迅速引发网友围观，有人调侃，有人评价外貌，还有人当真要联系相亲。 照片中的主角，正是广东女孩小婷和她的五位大学室友。这张合影拍摄于一场迟到的毕业旅行，她们在一棵古树前定格了青春，也为珍贵的友谊留下纪念。后来小婷就将这张照片分享到了社交平台，本是记录旅途的美好回忆，但这一切，在被人盗图、造谣之后，彻底变了味。 网上的谣言迅速扩散，女孩们的生活陷入了各种烦恼。有人直接私信问小婷“是不是10万块钱就结婚？”连家人和同事也看到了所谓的彩礼视频，尽管她们多次解释，仍免不了被议论和误解。 据小婷回忆，盗图并进行加工的是一个叫“商业大佬”的账号，有33万粉丝，小婷等人的照片也因此被大量浏览和转发。 起初，她们选择私信对方，要求删除视频、停止造谣。但对方不仅不回应，还继续发布修改版本的图片内容，又给女孩们添加了“一姐”“二姐”等称号，以及所谓的年龄与职业，甚至还开设了粉丝群，邀请网友进群，讨论女孩们相亲的话题。小婷和朋友进群澄清，结果被直接拉黑。 据小婷等人的描述，该账号此前就多次盗用女生照片，配上彩礼相关内容博眼球、赚流量，她们并非唯一的受害者。该账号还挂有商品橱窗，售卖各类生活用品，博主显然是在靠这些虚假内容引流带货。 面对不断的误解与骚扰，小婷最终决定诉诸法律，追究造谣者的责任。 2023年12月，小婷等人委托律师，起诉某互联网平台，要求其披露侵权者的身份信息。平台很快确认，“商业大佬”的账号管理者是20岁出头的广西男子卢某。2024年3月，小婷等人提起第二次起诉，要求卢某赔偿经济损失2.5万元，同时消除影响，赔礼道歉。广州互联网法院受理此案。由于卢某一直回避，法院最终进行了公告送达，并如期开庭审理。 2024年9月，法院对本案作出一审判决。法官认为卢某的行为侵害了小婷等人的名誉权、肖像权，需要承担消除影响、恢复名誉、赔礼道歉等责任，同时赔偿小婷等人1.2万元。一审判决生效后，法院即刻会对案件赔偿进行强制执行。 如果发现肖像权、隐私权等在网络上被人侵犯，我们应该怎么样来维护自己的权利呢？ 中国社会科学院法学研究所研究员冯珏表示，本案当中的原告其实给了一个很好的示例，小婷勇于拿起法律武器来维护自己的权利，是很值得赞赏的。在本案当中小婷其实提了两个起诉，她首先是起诉平台，要求披露嫌疑人的真实身份信息。在获得了身份信息之后，再针对侵权者提起相应的侵犯名誉权、肖像权的诉讼。如果联系不到这个相关的被告，可以通过比如说报纸、网络等媒体来公告送达传票和其他诉讼文书，这样能够保证推进诉讼的合理进程。那么如果被告不出庭或者他中途退庭，在证据充分的情况下，法官就可以判决支持原告的诉讼请求，要求被告承担比如说停止侵权、赔礼道歉，甚至是赔偿损失这样的民事责任。 【,1382,https://www.chinanews.com.cn/sh/2025/08-07/10460602.shtml,结婚;彩礼;相亲
China News Service,2025-08-07,重庆：公积金支付房租通道已开通 单身人士年提最高2.16万元,每个月交租有压力？在重庆租房的小伙伴快看过来，你可以申请提取住房公积金支付房租。不仅可以在线上轻松办理，而且提取方便快捷，快来了解如何申请吧！ 缴存人及其配偶在我市行政区域内无自有住房且租赁住房，在房屋租赁期内的，可申请提取住房公积金。 租赁公共租赁住房的，按照实际房租支出提取，夫妻双方合计提取金额不超过一年的租赁费用。 租赁商品住房、保障性租赁住房的，提取金额不超过一年的提取限额，提取限额具体如下： 夫妻双方3600元/月(43200元/年) 夫妻双方3000元/月(36000元/年) 多子女缴存职工家庭是指有两个(含)以上子女的职工家庭。 夫妻双方5400元/月(64800元/年) 夫妻双方4500元/月(54000元/年) 已申报婚姻信息的缴存人可通过“渝快办”APP，重庆市住房公积金微信小程序、个人网上服务大厅等线上渠道自助办理租房提取，无须提供任何材料。 注意：对于多子女家庭办理租房提取的，需临柜办理。 缴存人除通过线上渠道办理租房提取外，也可通过临柜方式申请办理，并提供身份证件原件及以下证明材料的原件。 ①与当地公共租赁住房管理机构签订的租房合同； ③缴存人应提供结婚证、《单身声明》等婚姻证明材料(婚姻信息已成功申报且未发生变更的，无须提供婚姻证明材料)。 2.租赁商品房、保障性租赁住房的，应提供：结婚证、《单身声明》等婚姻证明材料。 缴存人申请按多子女家庭额度进行租房提取的，除提供以上证明材料外，还需提供证明父母和子女关系的居民户口簿；子女与缴存人未在同一户口簿的，可使用子女出生医学证明材料代替。 租房的朋友们，如果有其他疑问，请拨打023-12329住房公积金服务热线咨询。 【,708,https://www.chinanews.com.cn/sh/2025/08-07/10460599.shtml,婚姻;结婚;单身;夫妻;配偶
People.cn,2025-08-09,上海中心婚姻登记点试运行：在中国第一高楼领证，接受整座城市的祝福！,8月8日上午，单小姐和王先生携手走进上海中心大厦52层，以流淌的黄浦江和城市天际线为背景，成为合法夫妻，为七年爱情长跑掀开新篇章。 为进一步拓展婚姻登记服务空间，提升服务品质和体验感，满足市民多元化需求，浦东新区民政局携手上海中心大厦打造的“上海中心婚姻登记点”于8月8日试运行。八对新人在城市高空完成人生重要仪式，开启幸福新旅程。 单小姐和王先生激动地告诉 味道，感觉我们的爱情得到了整座城市的祝福！”领到结婚证后，这对新人利用难得的机会参观了上海中心大厦部分区域，优美的环境和周到的服务让他俩十分心动：“可以考虑把婚礼仪式也在上海中心办了！” 上海中心积极支持公共服务，提供优质空间资源，与浦东新区民政局共同打造上海中心婚姻登记点。新登记点位于上海中心 52 层，坐拥独特高空视野。登记大厅配备全景落地窗，黄浦江蜿蜒流淌，陆家嘴标志性建筑群尽收眼底，为新人营造庄严温馨、视野开阔的登记环境。 记者在登记点看到，内部设计现代简约，空间通透。设有独立的等候区、登记室和颁证厅，并配备专业颁证员提供颁证服务。除依法办理结婚登记外，还特别设有空中花园等浪漫打卡点，打造出了温馨浪漫的服务氛围。 据悉，上海中心婚姻登记点将于8月29日七夕节举办首场正式对外服务。下一步，浦东新区民政局还将与上海中心大厦紧密携手，整合优势资源，充分发挥其作为顶级商务文旅综合体的平台优势，深度融合婚姻登记服务与商文旅体验场景，积极探索“特色登记+文旅消费”联动新模式，积极助推“票根经济”，努力将登记点打造成为既彰显城市温度、提升市民幸福感与获得感，同时促进区域消费升级的特色公共服务示范点和幸福地标。（记者柏可林）,696,http://sh.people.com.cn/n2/2025/0809/c134768-41317354.html,婚姻登记;结婚登记;婚姻;结婚;夫妻;婚礼
People.cn,2025-08-11,淅川：低价彩礼为幸福“加分”,“现在都在倡导‘重感情、轻彩礼’，我自己也充当媒人说媒来了！”日前，在淅川县金河镇龚井村，因村党支部书记崔晓鹏现场说媒，吸引了周边适婚青年积极参与，并制定低价彩礼奖励制度，让婚事新办、低价彩礼成为村里的婚俗新风尚。 “我们村不仅有‘支书说媒’，还倡导大家积极去说媒，说成功一对低彩礼的奖励他1000块钱！”在推动移风易俗工作中，龚井村开创的说媒新形式，为乡村精神文明建设注入了强劲动能。“好日子要靠双手打拼，大操大办、高额彩礼既折腾又没意义，还加重了负担，不利于将来过日子！” 同样，淅川县其他乡镇也在积极践行乡风文明新规。马蹬镇周营村在修订完善村规民约的同时，成立红白喜事理事会，明确由村支书任会长，把其他村干部、“五老人员”“支客”“主事”“乡贤”等也吸纳到副会长和成员中，引导群众支持低价彩礼、婚事新办、丧事简办、小事不办。 近年来，淅川在持续推进移风易俗工作中更加注重线上线下同步发力。县属媒体统一开设“推进移风易俗 建设文明乡风”专栏，制作短视频40余部、公益广告20稿，中央、省、市、县各级媒体刊发稿件80余篇；线下制作移风易俗宣传页2000余份，通过村级“小喇叭”、宣传车、公益广告、社交媒体等多种渠道广泛传播。 “现在经常宣传移风易俗，我们才明白高额彩礼不仅加重家庭负担，而且违法。”周营村村民周明辉和党梦蝶感慨道。他们二人正是践行着“婚事新办”，从提亲到结婚的总费用没有超过四万元。 为聚焦推进移风易俗，淅川县因地制宜策划开展“三个一”活动，紧扣“我们的节日”春节、元宵节、清明节、端午节、七夕节、中秋节等时间节点，累计开展活动60余场次，围绕移风易俗主题开展放映活动300余场次，惠及群众1.7万人次，切实增强了群众的归属感与幸福感。 文明之花结硕果，幸福之路共前行。随着“重感情、轻彩礼”的理念深入人心，淅川县正以移风易俗为笔，在乡村振兴的画卷上，书写着和谐、文明、幸福的崭新篇章，让这片土地处处洋溢着新风正气与蓬勃生机。（ |,825,http://henan.people.com.cn/n2/2025/0811/c378397-41318924.html,结婚;彩礼;婚俗;适婚
China News Service,2025-08-12,“我是机长，你想和我谈恋爱吗” 警惕短视频平台“杀猪盘”诈骗,中新网 北京8月12日电(记者 吴涛)“我是机长，你想和我谈恋爱吗”。记者12日从某短视频反诈中心获悉，近日，平台上出现一批以“民航从业者”为标签的黑产账号，看似通过分享工作生活传递职业魅力，实则暗藏“杀猪盘”诈骗风险。 据介绍，这批黑产账号风格一致，通过虚假内容精准打造“机长”“飞行员”人设，吸引异性注意。简介里，他们常强调“守护蓝天使命”“带乘客看世界”等透露职业身份，并搭配阳光积极的生活感悟释放亲和力，作品内容则围绕“飞行专业”展开，驾驶舱视角、机组日常、机场打卡等场景高频出现，甚至晒出“民用航空器驾驶员执照”“机组制服”等画面，用专业细节“佐证”身份真实性。 另外，据了解，该类似视频评论区里几乎每条用户留言都会被“秒回”，“谢谢你关注我的飞行日常”“想了解机组故事随时问我呀”等为常用话术，遇到用户好奇“飞行工资”“航线秘密”等，则用半遮半掩的神秘语气回应，强化“机组人员”人设。 这些“机长”们会主动私信有过点赞、收藏动作的用户，利用对方的信任和好感将其引导至站外进行诈骗。先说想和对方谈恋爱，再通过男女朋友的关系引导受害人加入投资项目、下载理财软件甚至直接转账。(完),494,https://www.chinanews.com.cn/cj/2025/08-12/10463505.shtml,恋爱
China News Service,2025-08-12,相亲结婚是假 骗取彩礼是真,婚姻本应是一件幸福的事，但有人以结婚之名行诈骗之实。近日，经贵州省大方县检察院提起公诉，法院以诈骗罪判处尚某有期徒刑四年六个月，并处罚金3万元。 尚某初中毕业后一直在外务工。一次聊天时，朋友告诉她可以假装相亲，得到彩礼后就故意与男方吵架分开，这样既不用还彩礼，来钱又快。 2024年1月，尚某到威宁的婚介机构登记，经介绍与刘某相亲。二人确定关系后，刘某一次性支付给尚某21万元彩礼钱，尚某便随刘某到其老家居住，因年龄问题，两人并未办理结婚证。3月，尚某回家照顾生病的父亲，20余天后返回刘某家，告知刘某家人其不想与刘某一起生活，并约定1个月内将彩礼钱还清。为了还钱，尚某到六盘水某婚介所登记相亲，4月，与赵某相亲并马上确定关系，在收到25万元彩礼钱后，退还刘某17万元，并约定剩下的慢慢还，随后与赵某前往其老家。5月，尚某谎称家中老人去世，离开后就一直以家事未处理完为由拒绝返回，并在6月通过清镇某婚介公司介绍，与曾某相亲。在收下曾某的15万元彩礼钱后，尚某随曾某回到江西家中生活。7月，被骗的赵某找到尚某，尚某退还赵某6.8万元，并提出分手，约定剩下的彩礼钱在2个月之内还清。8月，尚某借口父亲生病离开曾某。 2024年9月，曾某报警，尚某被公安机关抓获归案。2025年3月25日，大方县检察院经审查，以涉嫌诈骗罪对尚某提起公诉。近日，法院经审理，依法作出上述判决。,584,https://www.chinanews.com.cn/sh/2025/08-12/10463496.shtml,婚姻;结婚;彩礼;婚介;相亲
People.cn,2025-08-12,临洮：深化移风易俗 倡导婚嫁新风,这几天，临洮县玉井镇袁家湾村的麦香里飘着喜气。村民罗玉霞的女儿出嫁，没有豪华车队，没有厚重彩礼，只有母亲亲手置办的被褥、锅碗——这场婚礼，成了全村热议的“新风标杆”。因为这场婚礼，彻底打破了长期在这里盛行“无八万不嫁”“非车队不娶亲”的旧俗。 袁家湾村的转变，是临洮县推动移风易俗的生动缩影。 今年以来，临洮县以“一约四会”机制为抓手，通过“三管齐下”推动移风易俗工作取得显著成效。在标准制定方面，全县323个村（社区）全部完成村规民约修订，明确彩礼普遍控制在5万元以内，宴席规模不超过20桌，婚车数量不超过6辆等具体标准，覆盖率达100%。 全县340个红白理事会累计介入指导婚丧事宜1130起，平均每场红白事节约开支2.6万元，为群众累计减负3000余万元。这一系列举措让文明新风吹遍洮河两岸，群众满意度达97.6%。 日前，在衙下集镇寺洼山村，一场别开生面的“村民议事会”上，村民围绕彩礼标准展开热烈讨论。“零彩礼嫁女”“厚养薄葬”等条款被写入村规民约，成为村民共同遵守的行为准则。村民老杨算了一笔账：“儿子结婚省了3万元，亲家都夸这规矩好！” 如今，这样的议事会已在全县323个村（社区）全面铺开，累计召开议事会860余场，参与村民超2.3万人次，推动修订村规民约1200余条，群众参与率达92%。通过民主协商方式，全县90%以上的婚丧事宜实现按新规办理，村民对移风易俗的支持率从最初的65%提升至现在的89%。 在玉井镇岚观坪村，“乡厨互助队”最近火了。由村民组成的厨师团队推出统一菜单，一场婚宴成本直降40%。红白理事会成员老李说，这一模式迅速在全县推广，目前已有乡厨互助队217支，覆盖全县67%的行政村，累计承办宴席2300余场，为村民节约餐饮支出超1800万元。 据统计，采用互助队模式的婚宴，平均每桌成本从原来的380元降至220元，菜品数量从18道精简为12道。这种互助队模式不仅降低了成本，还增进了邻里感情，成为移风易俗的又一亮点。 从袁家湾村的“4万彩礼”到寺洼山村的“彩礼议事”，从集体婚礼的“零彩礼”到乡厨团队的“平价宴”，临洮县以“小切口”推动“大变革”。 截至目前，全县323个村（社区）实现村规民约修订全覆盖，平均彩礼金额同比下降62%，“低彩礼”“零彩礼”婚姻占比提升至67%，累计为群众减负超3000万元。（新甘肃·甘肃日报记者 杨唯伟）,989,http://gs.people.com.cn/n2/2025/0812/c183341-41319867.html,婚姻;结婚;彩礼;婚嫁;婚礼
China News Service,2025-08-13,国台办：谴责、反对民进党当局打压迫害两岸婚姻群体,中新网 8月13日电 国务院台办13日举行例行新闻发布会。 会上有记者提问，民进党当局近日预告修正“大陆地区人民在台湾地区依亲居留长期居留或定居许可办法”，规定未来大陆人士申请在台定居，除提供“丧失大陆户籍证明公证书”外，还需缴附“未申领持用或已经放弃(注销)大陆地区护照证明公证书”。有相关人士称，在实务上须“剪缴”大陆护照，或“具结”未持有大陆护照。对此有何评论？请问大陆有相关证明吗？ 新闻发言人朱凤莲表示，近来，民进党当局为了“谋独”政治私利，炮制所谓“17项因应策略”，不断升高两岸对立对抗，阻挠限制两岸交流往来。民进党当局有关部门配合推动各种所谓“修法”，对台湾同胞来往大陆极尽阻挠，对大陆居民往来台湾极力限制，严重损害两岸同胞的利益福祉，严重破坏台湾同胞的正常生活。有关限制大陆居民赴台定居的修正公告是民进党当局打压迫害两岸婚姻群体的又一恶行，我们对此强烈谴责、坚决反对。 朱凤莲强调，中华人民共和国护照受到法律严格保护，任何组织或者个人不得伪造、变造、转让、故意损毁或者非法扣押护照。对于故意损毁中华人民共和国护照的有关组织和个人，我们将依法追究其法律责任。 【,489,https://www.chinanews.com.cn/gn/2025/08-13/10463943.shtml,婚姻
People.cn,2025-08-15,日媒：韩国男性热衷去日本相亲,日本东京广播公司8月7日文章，原题: 在日本进行婚恋活动的韩国男性数量激增 如今在日本参与相亲活动的韩国男性急剧增加。在专门为韩国男性和日本女性牵线搭桥的婚介所，韩国男性的申请如雨后春笋般涌现。一家日韩婚介所负责人洪大义说：“韩国男性提交的入会申请超8000份。”为何在日本相亲的韩国男性数量激增？有婚介所分析认为，韩国婚姻文化中男性经济负担沉重，是该国男女步入婚姻殿堂的一大阻碍。洪大义说：“一些韩国男性不想与韩国女性结婚，是因为日本女性更愿意跟男性一起努力经营生活。” 一次相亲活动中，35岁的韩国男性河京民用略显生硬的日语介绍自己：“我在韩国一家制造飞机的公司从事研发工作。”为了能和日本女性相亲，他特意学习了日语，相亲的地点选在了很受女性欢迎的抹茶主题咖啡厅。为了相亲，他在婚介所的入会费、往返日本的交通费以及发型等方面的花费已超过100万日元（约合48517元人民币）。他表示，为了找到结婚对象，他一年会来日本好几次。河京民想在30多岁结婚，但韩国的婚恋文化普遍要求男性必须先买房子，以他目前的积蓄，很难在韩国买房结婚。他觉得，日本女性对男性在金钱方面的要求可能没那么高，于是决定在日本寻找结婚对象。 另一方面，不少日本女性也对韩国男性印象很好。曾与韩国人相亲的日本女性认为：“无论是从电视剧还是现实中看，韩国男人都是那种能自己把事情做好、给人留下完美印象的人。”专家指出，想嫁给韩国人的日本年轻女性正在增多。日本茨城大学讲师笹野美佐惠表示：“我从小就接触韩国的文化、电影等，觉得韩国男人更耀眼、更帅气。”（严格译）,663,http://korea.people.com.cn/n1/2025/0815/c407864-40543153.html,婚姻;结婚;婚恋;婚介;相亲;对象
CCTV,2025-08-16,多地七夕结婚登记预约火爆 苏超一赛区可领证结婚,每年的七夕都是结婚登记高峰期。今年8月29日是传统节日“七夕”。虽然离七夕还有十多天的时间，但各地已有不少新人迫不及待地“抢号”预约当天登记，目前多地七夕结婚登记预约火爆。 在杭州，根据当地媒体报道，杭州结婚登记采用预约制可提前2至30天通过 “浙里办” 进行预约。令人意想不到的是，提前1个月也就是7月29日凌晨12点，主城区的婚姻登记号源一经放出瞬间就被抢光。 在江苏常州，截至8月14日，钟楼、天宁、武进、新北等所有辖区的婚姻登记处线上预约均已显示“约满”状态。尽管线上预约已满，但常州市民政局表示，七夕当天（8月29日）是工作日，各婚姻登记处仍会正常开放。未预约成功的新人可直接前往现场排队取号办理。 在徐州，14日，徐州市各地民政局婚姻登记处8月29日线上预约名额已经全部约满。 此外还有多地线上预约已经约满。不过，虽然线上约满了，还可以在当天到现场排队办理。 今年上半年，我国结婚登记人数同比增加。根据民政部公布的数据，2025年上半年结婚登记353.9万对，比去年同期增加了10.9万对。 近年来，我国大力提倡适龄婚育，构建和完善全社会的婚育支持体系。 其中，婚姻登记的便利度大幅提升。今年5月10日起，新修订的《婚姻登记条例》实施，婚姻登记地域限制取消，新人领证不再需要户口本，婚姻登记全国各地通办。取消婚姻登记需要出具户口簿的规定，不用再回户籍地办理登记。这对于长期在非户籍地工作的人们来说，进行婚姻登记更加方便。 同时，近年来结婚登记场景也越来越多样化。在婚姻登记全国通办后，旅游即可就地结婚。因此，不少城市、景区打造了“领证新地标”，发展结婚登记旅游，开辟“婚登+文旅”的赛道。此外，近期有多地音乐节现场可以领证结婚。 8月16日，苏超第9轮赛事——无锡队主场对阵徐州队将在宜兴市体育中心开赛。为了让新人们感受别样浪漫，8月15日至16日，宜兴市民政局婚姻登记处将在赛场外设立临时办证点，提供婚姻登记服务。此前“苏超”比赛现场就曾发生过求婚名场面。 不仅如此，当前已有多地开始奖励结婚，进一步释放鼓励适龄婚育的信号。 其中，在山西省吕梁市，自2025年1月1日起，在吕梁市登记结婚（双方均为初次登记）且女方年龄在35周岁及以下的夫妇，给予1500元的奖励。结婚奖励资金在结婚登记窗口以现金装红包的形式现场发放。 今年3月21日，浙江省人民政府办公厅印发关于完善生育支持政策体系的若干措施的通知，其中提到倡导适龄婚育，鼓励有条件的地区为符合条件的结婚登记对象发放结婚红包、消费券等。在浙江省内，一些地方如绍兴市上虞区、衢州市常山县此前已出台奖励结婚相关措施。此外，包括广州市白云区龙归南岭村、广东省东莞市横沥镇新四黄塘村等地，也纷纷出台奖励结婚的措施，还有部分地方发放了价值不等的礼包、结婚消费券等。,1160,https://news.cctv.com/2025/08/16/ARTIAMFDQ4TChS6jd6vrIS9Z250816.shtml,婚姻登记;结婚登记;婚姻;结婚;婚育;对象
China News Service,2025-08-21,编造“人设”引流 动辄数万“入会费” ——一些婚恋机构“爱情买卖”调查,动辄数万元的“入会费”、精心设计的话术、难以兑现的承诺……临近七夕节，不少网友和群众反映，个别婚恋机构在提供“脱单”服务过程中，存在收费混乱、虚假宣传、服务缩水等问题，令满怀期待的单身青年不仅未能觅得良缘，反而蒙受经济和精神损失。 记者近期走访多地发现，一些婚恋机构通过“精准匹配”“资源优质”“成功率高”等话术，利用单身青年对婚恋的焦虑心理，诱导支付高额费用，而机构承诺的服务却大打折扣甚至化为泡影，消费者退款维权困难重重。婚恋机构这个本应充满希望的“鹊桥”，却成了个别机构围猎消费者钱包的“猎场”。 “工作太忙圈子小，想找个靠谱平台帮忙介绍对象，没想到被坑了。”家住东北某地的林女士在某婚恋机构花费2万多元购买“一对一红娘服务”，发现机构推荐的男士存在年龄、收入造假，与承诺严重不符，要求退款时却遭拒绝。为一探究竟，记者走访了多地婚恋机构。 “恋爱力测试”判断“难找对象”，“焦虑营销”盛行。“年龄越来越大，再不抓紧，优质资源都被挑完了。”在一家婚恋机构，工作人员正对消费者许女士展开“心理攻势”，通过“恋爱力测试”贬低许女士的社交能力，称其很难找到合适的对象。 记者调研发现，制造焦虑和“戳痛点”，是一些婚恋机构的常用手段，部分机构会对男性客户强调“生育黄金期”，对女性客户强调“年龄”，让他们产生紧迫感。“年龄越大，竞争力越低，没有试错空间了”“优质资源稀缺”……此类话术是“红娘”的惯用说辞。 “难度等级费”“特殊定制费”，“优质对象”价格不菲。“一级会员只能登记信息，成为被选择的人员；二级会员可被推荐展示；三级会员可选人并约见；四级会员有‘红娘’一对一介绍，线上解锁对方联系方式……”记者在东北一婚恋机构内看到，该机构会员按入会费不同，分一级至八级，最高会员费达每年20万元。一位消费者告诉记者，经机构介绍多次相亲未果后，“红娘”向其推荐升级服务：“之前见的都不满意？再加1万元升级会员，可以介绍更优质的精英人士。” 记者走访多家婚恋机构了解到，机构会根据客户的年龄、学历、家庭条件等要素来区分服务费，有的机构还会根据客户匹配难度等级，加收“难度等级费”。“28岁以内、大专以上学历的，年费在8000元左右；35岁至42岁的，年费在1万元左右；42岁以上的，年费就得超过2万元。”东北一家婚恋机构工作人员表示，还可以根据会员要求定制更好的服务，收费5万至8万元不等。 掌握“红娘”营销“四步法”，更多“圈钱”。一位前婚恋机构业内人士告诉记者，“红娘”开展营销需掌握“四步法”：第一步，用准备好的“优质男女嘉宾”信息来吸引不同客户注意；第二步，向客户展示机构所掌握的“海量”男女嘉宾信息，强调“总有合适的”，打消顾虑；第三步，通过问卷等方式摸清客户经济状况，筛选目标客户；第四步，看人下菜碟，即对收入较高者推荐高价套餐服务，强调“高端圈层匹配”，对年龄较大者强调“时间紧迫”，催促尽快付款。 在一家婚恋机构，职业“红娘”不断向记者展示“锦旗墙”和“专业服务团队”，分享成功案例，宣称只要签约交钱，立刻安排合适嘉宾约见。“很快就能脱单，成功率达80%以上。”当记者表示“再考虑一下”时，“红娘”的笑容瞬间消失：“花这点钱买一辈子的幸福还不值得吗？”而记者却发现，“红娘”向记者展示的一位嘉宾名字，与一面锦旗上赠送者的名字一模一样。 婚恋本是人生喜事，却被一些机构异化为牟利工具。记者调查发现，当下部分婚恋机构精准利用单身人群的焦虑心理和对爱情的向往，通过成熟的“围猎”套路引诱消费者入坑。 ——“完美人设”拼接造假，难判断。记者走访东北地区多家婚恋机构发现，个别机构的宣传页上打造“完美人设”，“海归精英”“企业高管”“年薪百万”等标签随处可见。有业内人士透露，“信息拼接”是个别不规范婚恋机构常用的手段，将不同会员的照片、学历、收入等信息进行组合，打造各类“理想型”人设，当客户要求见面时，再以“该会员已匹配成功”为由，向客户推荐其他人选。 ——个人信息泄露，难提防。在一家婚恋公司内，“红娘”与记者在一个封闭房间内进行长达两个多小时的交谈，期间记者被要求查看微信支付分、芝麻信用分和信用卡额度等个人信息。业内人士指出，个人信息安全也是婚恋行业存在的现实问题。家住山东青岛的李女士表示，她在某婚恋机构注册并填写各类信息后，频繁接到骚扰电话，对方竟能准确说出她的职业、身高体重乃至收入。“注册时没想太多，如实填写了各类个人信息。”李女士说。 ——合同暗藏“玄机”，难维权。记者查阅多份婚恋服务合同发现，“服务开始后概不退款”“牵手未成功不担责”等条款普遍存在。一家机构的合同中写道，“乙方负责匹配优质对象”“不满意包换”等，但对服务标准却语焉不详。 北京市高顿律师事务所律师韩冰表示，由于婚介问题属于个人隐私，消费者往往缺乏留存完整证据的意识，少数消费者因“找对象被骗”觉得丢人、维权成本高、周期长等原因，放弃维权，使得部分婚恋机构的违规行为变本加厉。 婚恋服务乱象频发，折射出行业监管面临的多重困境。群众和专家呼吁，规范婚恋服务市场秩序，让“牵线搭桥”回归服务本质，维护消费者权益。 有专家指出，目前尚无完善的婚恋服务行业标准，婚恋机构的服务质量、收费标准等均无明确规范。婚恋公司的注册资本一般较低，有的是“皮包公司”。韩冰建议相关部门加快出台细则，明确婚恋机构资质审核、信息核验、服务标准等细则，对虚假宣传、合同欺诈等行为加大处罚力度。 来自消费者协会的受访专家表示，因婚恋机构的服务效果主观性强，在消费者主张“未达预期”而机构坚称“已履约”时，监管部门常陷入认定困局，因此建议借鉴美容美发、运动健身等行业的管理经验，探索建立婚恋服务预付费资金存管制度，如签约后30天内可申请退款等，保障消费者权益，同时对高额服务费实行分段支付，按服务进展付款。 吉林大学新闻与传播学院教授焦宝建议，通过媒体宣传、社区讲座等形式，提高单身青年的风险防范意识。例如开展“婚恋反诈课堂”，帮助群众识别常见骗术。 记者 段续 唐成卓 李典 姚湜 姜明明 【,2474,https://www.chinanews.com.cn/sh/2025/08-21/10468747.shtml,婚恋;婚介;恋爱;相亲;单身;脱单;对象
China News Service,2025-08-21,认为被“退婚”丢脸 女子拒绝返还彩礼被强制执行,8月14日，绵阳市民尹小明(化名)的父母来到安州区法院，将一面印有“积案三年一日清，法威浩荡破坚冰，赤心不忘人民托，执行路上见真情”的锦旗赠予法官谢天福。 记者了解到，此前的8月7日，安州区法院成功执行一起因婚约生变造成的彩礼返还纠纷案，促成拖欠3年的7万余元案款(包括应当归还的彩礼钱、诉讼费、执行费及迟延履行金等)一次到位，申请执行人，正是尹小明。 3年前，尹小明与被告杨女士经人介绍订下婚约。为促成婚事，本不富裕的尹家在亲戚帮衬下东拼西凑，依习俗支付了女方数额不小的礼金并赠送了贵重金饰。随后，杨女士家按习俗邀请了亲朋办酒席。 沉重的彩礼负担让尹家生活捉襟见肘。此后，双方因购买婚房、彩礼等事宜产生严重分歧，最终尹小明提出解除婚约。 承办法官介绍，婚约解除后，尹小明一家不仅承受着情感挫折，更因背负彩礼债务，生活举步维艰，于是要求女方返还彩礼。而杨女士一家则认为，是男方悔婚导致自家在亲朋面前颜面尽失，坚决拒绝返还彩礼。矛盾激化之下，尹小明将杨女士诉至法院。 安州区法院经审理，在查明事实的基础上，综合考虑双方过错、当地习俗及财物性质等因素，依法认定部分款项及金饰共计62700元属于应予返还的彩礼范畴，判决杨女士限期返还。 判决虽已作出，但杨女士及其家人内心积怨一时难平，不认可自家“颜面受损”还要退还彩礼，迟迟未主动履行。 而生活陷入困境的尹小明，只得向法院申请强制执行。法院启动执行程序后，发现杨女士名下并无可供执行的财产。 承办法官介绍，经深入调查，执行干警发现杨女士全家已离乡赴外省务工，行踪不明，且刻意将法院电话拉黑，躲避执行。法院依法果断采取冻结账户、将其纳入失信被执行人名单、限制高消费等信用惩戒措施。但因确无可供执行财产且被执行人下落不明，法院依法终结本次执行程序。 今年8月7日，案件迎来转机，申请执行人提供关键线索：杨女士正在安州区人民医院照顾生病的母亲。执行干警闻讯而动，火速赶赴医院找到杨女士，在确认其母亲有其他亲属照护后，干警依法将杨女士传唤至法院。 面对执行干警，杨女士情绪激动，再次强烈表达不满，“是男方先悔婚，让我们家在亲朋面前丢尽了脸，凭什么还要我们还钱？” 承办法官介绍，杨女士明确表示拒不支付，执行干警并没有立即采取强制措施，而是精准把握矛盾根源，耐心进行“实质性化解”工作。执行干警表示深刻理解女方家庭因“办酒”后男方悔婚所感受到的难堪与委屈，同时，也向杨女士说明尹小明家庭为支付彩礼，生活陷入困难的现实状况。法院判决已依法考量了相关因素，强制执行并非否定其感受，而是依法定分止争。 一番劝说后，杨女士的对抗情绪有所缓和，表示愿意履行判决，但提出因失业且需照顾母亲，请求分期支付。然而，因纠纷拖延日久，尹小明已对杨女士家失去信任，坚决要求一次性付清，并依法申请对杨女士采取司法拘留措施。执行干警虽再次努力调解，试图在履行方式上寻找双方都能接受的平衡点以彻底消弭矛盾，但未能达成一致。 承办法官介绍，鉴于杨女士确未履行支付义务且未按期申报财产，法院拟对杨女士作出司法拘留十五日的决定。就在干警准备实施拘留过程中，杨女士的父母紧急致电执行干警，表示愿代女儿一次性全额履行法院判决。 最终，杨女士父母将全部案款共计7万余元交付尹小明。 8月14日，送锦旗现场，尹小明父母激动地表示，拖欠3年的彩礼钱终于要回来了，衷心感谢法官和法警的辛勤付出。 而对于杨女士来说，这件事情的最终了结，让她的银行卡、微信、支付宝可以正常使用，不用上黑名单当老赖，生活回归正常。 华西都市报-封面新闻记者 王祥龙 周洪攀 【,1472,https://www.chinanews.com.cn/fz/2025/08-21/10468620.shtml,彩礼;婚约
People.cn,2025-08-22,向少子老龄化宣战！日本埼玉县建婚恋平台已促成600余对婚姻,人民网东京8月21日电 据《产经新闻》报道，日本埼玉县政府近日宣布，由官民合作运营的婚恋支援平台“埼玉邂逅辅助中心”（简称“恋玉”）自2018年建成以来，截至2025年8月13日，已累计促成612对新人步入婚姻殿堂。 该中心设立的初衷是为缓解当地少子老龄化进程。埼玉县知事大野元裕在记者会上表示：“尽管结婚属个人的自主选择，但超少子老龄化及人口下滑是本县面临的重大课题。希望更多有结婚意愿的人士能积极利用这一平台。” 据介绍，“恋玉”平台的显著特点是用户可便捷完成在线注册与咨询，并能使用基于人工智能技术的匹配系统。大野元裕知事将其称为“领先于日本全国的举措”。县政府方面指出，未来随着少子老龄化加剧，本县20-29岁年龄段人口将持续减少。为此，县政府计划通过加大宣传力度，努力增加平台会员数量、保障匹配机会，力争将每年促成的婚姻数提升至120对。 截至2025年6月底，该平台会员人数已达23296人，由县内61个市町村及65家民间企业等机构共同参与运营。（编译：许文金 审稿：陈建军）,444,http://cjkeizai.j.people.com.cn/n1/2025/0822/c368507-40548260.html,婚姻;结婚;婚恋
People.cn,2025-08-22,天长市总工会：创新服务 “皖工鹊桥”连起青春与乡土,今年以来，天长市总工会紧扣“服务青年职工、赋能乡村振兴”两条主线，创新打造“皖工鹊桥 会聚良缘”品牌，先后举办“皖工鹊桥 会聚良缘”双百行动、“百年皖工梦 鹊桥雅香逢”等专场活动，把交友联谊办到田间地头，把乡村振兴写进爱情故事，探索出一条“青年得良缘、乡村添活力”的双赢新路径。 5月20日，永丰镇圣丰农业园绿浪翻涌，化身为大型“爱情片场”。由天长市总工会联合市委组织部、团市委、妇联等单位举办的“皖工鹊桥 会聚良缘”双百行动甜蜜启航，上百名单身青年乘坐田园小火车穿梭在绿荫花海，稻田与杉林成为天然“心动背景”。 天长市2025年“皖工鹊桥 会聚良缘”双百行动。天长市总工会 供图 七夕前夕，万寿镇丁溪桃园再续浪漫。天长市总工会联合市委组织部、万寿镇政府联手推出“百年皖工梦 鹊桥雅香逢”专场，“咖啡制作、面包烘焙、情诗朗诵、非遗手串”等文化体验依次展开，青年朋友们在非遗香气与咖啡氤氲里相互协作、交换眼神，最终12对青年意向牵手，共同领回一棵“爱情桃”，享一年免费采摘权，若当年成婚即可终身采摘。 机制下沉：阵地+志愿，服务链延伸到“最后一公里” 两场活动的背后，不是简单的“浪漫快闪”，而是一套系统化、可持续的“幸福工程”。 天长市总工会女工部牵头，建立“党政支持、工会主导、志愿协同”的长效机制。该市副市长、工商联主席杨朝晖在双百行动现场为“伊家人工作站”天工月老志愿服务联盟授牌，市委组织部公务员局、人才工作局把职工婚恋纳入人才服务“十件实事”，镇村提供场地、农业园提供场景、志愿队伍提供专业服务，形成了“活动赋能乡村、乡村反哺活动”的良性循环。 天长市“百年皖工梦 鹊桥雅香逢”青年联谊交友活动。天长市总工会 供图 据了解，“皖工鹊桥”已纳入安徽省总工会“42101”年度重点实事项目，天长市将“皖工鹊桥”活动与乡村振兴工作紧密结合，下一步将依托“伊家人工作站”在全市各镇街布点，建立“天工月老”数据库，推行“活动+回访+跟踪”全周期服务，把青年职工一次邂逅变成一生陪伴。 把青年请进来，让乡村火起来。天长市“皖工鹊桥”两场活动直接带动圣丰农业园、丁溪桃园及周边餐饮、民宿、农产品销售超30万元，周末客流增长40%。更深远的影响在于带动乡村文旅资源的宣传与活化，吸引青年职工关注乡村发展，把事业留在乡村。 据不完全统计，天长市“皖工鹊桥”活动开展以来，共吸引线上线下关注超2万多人次，60多对青年已确定恋爱关系或缔结良缘，活动同步带动青年返乡发展热情，有10多对大学生计划返乡创业，为地方经济发展注入青春活力。 “我们把交友场景搬到乡村，也把乡村场景变成发展舞台。”天长市总工会党组书记陈梓旭表示，未来将持续深化“皖工鹊桥”品牌，围绕“一镇一品”设计更多融合生态、文化、产业的联谊场景，让“幸福力”成为乡村振兴的“新生产力”，让每一份真心都能在“皖工鹊桥”上遇见幸福，也让乡村成为青年愿意来、留得下、发展好的热土。（汪启湖 虞力）,1220,http://ah.people.com.cn/n2/2025/0822/c374164-41329701.html,婚恋;恋爱;单身
People.cn,2025-08-22,宁夏利通区106支“新红娘”志愿服务队助推婚俗新风尚,近日，在宁夏回族自治区利通区板桥乡任桥村，“新红娘”志愿者马秀玲正走村入户发放倡议书，宣传婚嫁新风。“很多年轻人因高额彩礼耽误幸福，咱们要做通父母工作，让彩礼回归合理。”作为村妇联主席，她带领志愿服务队积极倡导“低彩礼”“零彩礼”，不少家庭因此受益。 在利通区，像马秀玲这样的“新红娘”志愿者并不少见。为破解高额彩礼难题，推动移风易俗，利通区多个乡镇纷纷组建“新红娘”志愿服务队，深入基层开展宣传引导工作。乃光湖社区的何桂芳退休后主动加入服务队，她说：“高彩礼成了很多家庭的负担，我想用闲暇时间把好政策传出去。” 板桥乡全乡13个村（社区）已实现“新红娘”服务队全覆盖，并通过修订村规民约，明确彩礼金额原则上不超过8.9万元。2024年以来，该乡已评选出“零彩礼”示范户1户、“低彩礼”示范户20户。曾经讨论彩礼的“聊天会”，正逐渐转变成分享幸福的“故事会”。 金积镇西门村的马金兰是村里移风易俗的标杆。女儿出嫁时，她主动将宴席控制在6桌，彩礼定为3万元。她还积极宣传婚俗新风，谁家有喜事，她总是第一时间上门沟通。在金银滩镇沟台村，张大爷原本为儿子婚事愁眉不展，没想到女方家主动提出只要7万元彩礼，“彩礼少一点，感情更甜一点”，两家的关系也更加融洽。目前，金银滩镇已发展9支“新红娘”服务队，常态化开展宣传。 高闸镇近期也喜讯频传。郭桥村秦磊与张铭慧以“零彩礼”结婚，女方父母还主动为新人添置家具，他们认为“结婚是过日子，不是比面子”。高闸村任瑞玺、刘丽夫妇也积极响应新风倡议。据统计，该镇今年结婚登记的47对新人中，“低彩礼”家庭41户，“零彩礼”家庭5户，平均彩礼金额降至6.1万元。 高闸镇“新红娘”志愿服务队成员余治芳介绍，他们采取“事前介入+事后回访”的全流程服务模式，在婚事筹备阶段提供政策宣传、婚庆建议等指导，并对观念传统的家庭建立一对一结对机制，通过耐心沟通推动转变。 目前，利通区已依托红白理事会，在全区所有行政村组建106支“新红娘”志愿服务队，“轻彩礼、重真情”的文明新风正逐渐深入人心。,855,http://nx.people.com.cn/n2/2025/0822/c412337-41330008.html,结婚登记;结婚;彩礼;婚俗;婚嫁
China News Service,2025-08-25,服务升级 上海将进一步便利婚姻登记,中新网 上海8月25日电 (记者 郑莹莹)据上海市民政部门25日发布的消息，9月1日起，《上海市婚姻登记服务规范》(简称：《服务规范》)将正式实施，届时沪上所有婚姻登记机关将依照《服务规范》，为婚姻登记当事人提供从预约到办理、颁证，以及婚姻家庭辅导，甚至操办集体婚礼等一系列、全流程的服务。 此举也标志着上海的婚姻登记服务水平正在进一步向规范化、精细化和标准化方向发展。 上海市民政局表示，自2022年以来，上海有力地推进婚姻登记改革，从实施“全市通办”试点到“跨省通办”试点，再到今年5月10日起实施“全国通办”，切实便利婚姻登记，让当事人领证不再“为爱奔波”。 在服务对象不断扩大的同时，上海需要同步提升婚姻登记服务的精准度。 依据《服务规范》，上海对婚姻登记部门的七项工作提出了“全流程服务”的要求。 比如，在“预约服务”阶段，《服务规范》明确提出了工作导向，要求沪婚姻登记机构必须向公众提供电话、网络等全渠道预约方式；同时，对未预约直接到现场办理的当事人，婚姻登记机构也应当场受理。 又如，《服务规范》明确在元旦、七夕、中秋等结婚登记高峰日，沪婚姻登记机构应开放充足的线上预约名额，提供帮办、延时等服务。 《服务规范》还明确了沪婚姻登记服务人员应掌握的知识技能、仪态仪表等；明确了涉外婚姻登记员在外语、涉外政策、风俗习惯等方面的必备条件；明确了婚姻家庭辅导员应当具有相关专业资格。(完),597,https://www.chinanews.com.cn/sh/2025/08-25/10470955.shtml,婚姻登记;结婚登记;婚姻;结婚;对象;婚礼
People.cn,2025-08-25,宁夏利通区柴桥村“三点一线”工作法破解婚俗难题,“彩礼再多，不如孩子日子过得舒心！”2018年，宁夏回族自治区吴忠市利通区马莲渠乡柴桥村村民任淑玲作出一个让全村惊讶的决定——将大女儿的彩礼全部免除。作为村里“新红娘”志愿服务队的志愿者，她不仅用自家的“零彩礼”婚事打破了乡邻对“彩礼面子”的执念，更带着政策手册挨家挨户宣讲：“省下彩礼钱，给孩子们铺就幸福路，这才是真金白银换不来的体面。” 如今，这场由“新红娘”引领的婚俗变革，已在宁夏利通区柴桥村形成成熟的“三点一线”工作法，让“低彩礼”“零彩礼”的文明新风从“一家事”变成了“全村共识”。 走进宁夏利通区柴桥村移风易俗宣传小巷，彩绘墙画上“婚事新办、丧事简办”的生动场景与先进事迹展示交相辉映。这里是“三点一线”工作法的宣传教育“点”，也是牵好移风易俗新婚俗“线头”。 依托新时代文明实践站，宁夏利通区柴桥村打造了“移风易俗宣传小巷”和移风易俗馆，结合利通区移风易俗“利八条”和村规民约中“彩礼上限8.9万元”的明确规定，通过宣传栏、广播、文艺汇演等“传统+现代”“线下+线上”的“沉浸式”宣传模式，让高额彩礼治理政策家喻户晓。自2024年宁夏农村高额彩礼专项治理以来，村里将政策解读融入日常，“零彩礼家庭可享受技能培训补贴、优先申请创业贷款”“低彩礼家庭发展产业可获资金扶持”等惠民政策如春风化雨，悄然改变着村民心态。 这支从5人发展到20人的“新红娘”志愿服务队，正是柴桥村志愿服务“点”的中坚力量。依托“345”志愿服务模式，开展相亲会、篮球赛、厨艺大赛等76场次活动，用“身边人说身边事”的方式，让“抵制高额彩礼”的理念深入人心。2025年，柴桥村5对新人，其中4对为“低彩礼”，1对为“零彩礼”。 “我是党员，得听党的话。彩礼一分不要，只要俩孩子把小日子过红火！”2023年，党员史振明在女儿婚礼上的这番话，道出了许多村民的心声。在柴桥村，“一约四会”机制让自治力量充分彰显：红白理事会全程监督婚丧事宜执行标准，村民议事会、道德评议会等协同发力，党员干部带头遵守婚丧报备制度。 宁夏利通区柴桥村家事联调工作室作为调解矛盾纠纷的关键“点”，由妇联执委、“新红娘”、司法调解员等组成的多元联调队伍，通过“1135”工作机制，为村民排忧解难。自成立以来，工作室已调解45件矛盾纠纷，将“宣传走在摸排前，摸排走在调解前，调解走在激化前”的原则落到实处。 如今的宁夏利通区柴桥村，晒家风、传家训活动常态化开展，“我们的节日”系列活动浸润人心，“新红娘”志愿服务队的红马甲穿梭在村巷间，家事联调工作室的灯光温暖着邻里情。这场由“三点一线”工作法引领的婚俗变革，不仅让村民的“钱袋子”轻了，更让“人情味”浓了，为乡村振兴注入了文明向善的强大动力。,1124,http://nx.people.com.cn/n2/2025/0825/c412337-41331876.html,彩礼;婚俗;相亲;婚礼
China News Service,2025-08-26,直播间为年轻人相亲作付费鉴定 隐藏哪些套路与乱象？,如今，一些社交平台上出现标注“相亲鉴定师”的直播间。这些主播以“婚恋军师”自居，分析前来相亲对象的条件、评估用户的“婚恋竞争力”，受到不少网友追捧。如何看待年轻人“相亲鉴定”，其背后又隐藏着哪些付费套路与行业乱象？ “我是1998年的，身高182cm，体重70kg，在上海某三甲医院参加相关规培，年收入12万-15万元，来直播间是想确认自己在相亲市场的定位。”8月1日晚9点，在某“相亲鉴定”博主直播间，一名年轻人对着镜头认真地介绍自己，主播在黑板上写写画画，逐条分析他的条件，给出择偶建议。 当下，一些年轻人相亲付费求“鉴定”，然而，直播间里的“爱情公式”，算得出幸福吗？ 在某社交平台搜索“相亲鉴定师”，会看到类似场景：主播连麦粉丝后，把对方的年龄、职业、收入、家庭背景等信息一一列出，再用一套“爱情公式”分析“优势”“短板”，对相亲对象简介进行评头论足。 一名主播在视频里问道：“有个练跆拳道的健身教练说自己孝顺，希望早点让妈妈抱孙子，这个男人能嫁吗？”主播在黑板上列出这位相亲者的条件，逐一分析道：“他说自己身高183厘米，根据老师的‘身高去皮’原理，过5减3，低5为0，180厘米应该才是他的真实身高；他说自己月工资1万-3万元，在相亲简历里写收入区间的，一律按最低的算，因此他的月工资其实是1万元。另外，同学们解题要学会抓重点，这道题的重点在哪里？一是健身教练，二是经常喝醉，三是还练跆拳道，三码合一，很可能存在家暴倾向。他希望女生善解人意，意思就是家暴的时候还想让你理解他。” 由此，这名主播断言：“所谓的孝顺，其实就是‘妈宝’。这种男生，要是你和他妈妈起了争执，肯定会偏向自己妈。姐妹们，遇到了还是赶紧跑吧。” 这条视频获得3.6万点赞和2249条评论。留言中，有网友称赞“分析得太到位了”，也有网友质疑：“你这里还有能嫁的男生吗？” 这类直播间人气不低。上述两位“相亲鉴定”主播，粉丝数分别达到21万和44.9万，单条视频互动评论量超过1000条。吸引用户的，除了主播的“分析术”，还有看似亲民的付费模式——对比传统婚介“预交高额会费”模式，他们以低价体验引流：首次分析十几元可获取简单建议，后续推出“私人订制”“择偶定位”等高价服务，价格从几十元到上百元不等。 在成都工作的00后唐鑫(化名)被这种相亲鉴定模式所吸引。从毕业起她就被父母催着相亲。唐鑫并不反感相亲，但总感到很难成功，“不敢轻信对方自述的条件”。 2024年春节期间，唐鑫在社交平台看到一个推送的“相亲鉴定”直播链接。抱着试一试的心态，她在直播间以弹幕形式提出几个相亲问题。“主播给了一些建议，邀请我加入连麦，随后发来一个‘私下择偶定位’商品链接，需要支付198元。”唐鑫添加了主播微信，对方口头承诺只要她购买这项服务，随时可以将需要“鉴定”的对象条件发过去，他会提供“相亲鉴定”和建议。 32岁的海归博士陈逸(化名)是某“相亲鉴定”直播间的粉丝。他说：“我对国内婚恋市场不太熟悉，需要有人来引导自己。刷到这个直播间后，看主播人气还不错，单次咨询只收19.9元，最多可以回答3个问题，感觉挺划算的。” 电子科技大学公共管理学院教授崔茜多年从事社会心理学研究工作，对于年轻人付费请陌生人“鉴定”相亲对象的现象，她分析认为，“相亲鉴定”的流行，折射出一些年轻人在自我认知上的迷茫。“社交媒体拓宽了信息渠道，也带来更广泛的社会比较，会干扰这些年轻人的社会认知，他们可能会反复求证‘相亲对象到底怎么样’‘自己的竞争力排在什么位置’。” 快节奏的社会生活，让部分年轻人在婚恋中追求一份“确定感”。“他们感到，与其草率选错对象造成情感和时间上的损失，不如把时间花在更具确定性的事情上。”崔茜说，一些相亲节目主播正是抓住这种心理，“通过制造节目效果吸引粉丝，以达到流量变现的目的”。 值得注意的是，直播间里还有大量“吃瓜群众”。不少切片视频评论区里，“像看爽剧”“比综艺有意思”等留言刷屏。“这是一种代偿性体验。”崔茜说，就像追星一样，年轻人在围观别人的相亲经历时投射自己对亲密关系的需求，“弥补现实婚恋中的心理缺失，但没有什么实际意义”。 “相亲鉴定”的走红，反映出青年婚恋观的变化。上海市虹口区妇联今年4月发布的《虹口婚恋白皮书》显示，青年群体婚恋态度发生显著变化，呈现更加开放、多元和自主的特点，更加注重个性表达和自由选择，但针对新形式产生的新问题，年轻人应当有所警惕和预防。 崔茜提醒，“相亲鉴定”中的“避雷”指南，以及隐含的“全员皆可疑”思维模式，可能加剧年轻人在建立亲密关系时对人的物化与标签化问题。“如果把这种认知带入现实，会造成年轻人社交中情感连接的疏离。” 2024年10月，在主播劝说下，唐鑫花费198元购买了“择偶定位”服务。近一年时间里，她咨询了5次，得到的回答大同小异：“每次都是先问相亲对象的身高、体重、学历，然后分析对方可能‘隐瞒收入’‘虚报身高体重’，很少给出进一步相处的建设性意见。”察觉到主播的敷衍与不专业，唐鑫提出退款。但主播以已经提供多次服务为由，拒绝退款申请。 这种“先体验后付费”的模式暗藏套路。记者发现，多数“相亲鉴定师”不在账号主页直接售卖服务，而是在简介中引导“添加助理”“加入群聊详询”，通过平台外的第三方渠道提供付费咨询。而且，在其展示橱窗没有看到相关服务资质或经营证书。 中国法学会消费者权益保护法研究会副秘书长陈音江指出，直播间若存在误导、夸大或虚假宣传，将涉嫌违规。“根据反不正当竞争法，对商品作虚假宣传的，可处20万至200万元罚款，甚至吊销营业执照。”他同时表示，用户维权并不容易，“‘相亲鉴定’主观性强，退款证据难以量化，流程比较复杂”。 陈音江认为，对“相亲鉴定”这类服务需要理性看待。“如果确实有婚恋咨询需要，可以通过正规的婚介公司，找专业机构、人员进行咨询，同时要核实对方的营业资质。” 他建议，消费者要通过正规平台购买商品和服务，平台要公示相关营业证照；要了解服务的内容，知晓服务的真实性和收费标准。另外，要签订协议，约定服务内容和标准，以及遇到问题后如何维权、退费。 在崔茜看来，年轻人在相亲中需要“理性防范”，但在相处时，应当更加坦然放松，“可以把‘相亲鉴定’直播间当作参考，但不能将其当成恋爱指南”。 唐鑫至今仍未收到主播的退款。“爱情与婚姻，说到底无法、也不该用‘条件’量化，更不能套用什么公式。”经过这一遭，她意识到，“与其花钱让别人‘鉴定’幸福，不如相信自己感知幸福的能力。毕竟，只有牢牢握在自己手中的缘分，才是最真实、最触手可及的幸福。” 中青报·中青网见习记者 邹竣麒 记者 刘胤衡,2721,https://www.chinanews.com.cn/sh/2025/08-26/10471085.shtml,婚姻;婚恋;婚介;恋爱;相亲;择偶;对象;家暴
People.cn,2025-08-27,全国首创“深海颁证”婚姻登记仪式在哈尔滨启幕,人民网哈尔滨8月27日电 （记者张哲鑫）8月26日，全国首创“深海颁证”婚姻登记仪式在哈尔滨极地公园浪漫启幕。四对新人在白鲸“海洋之心”的见证下，完成了人生中最重要的婚姻登记颁证仪式。这是哈尔滨市民政局与哈尔滨极地公园携手设立的首个巡回登记点，也让极地公园成为全国首个将婚姻登记服务引入极地海洋世界的文旅景区，为新人打造了独一无二的甜蜜场景。 活动现场，新人在哈尔滨极地公园白鲸秀场办理婚姻登记手续，还体验了专属的“白鲸见证”环节。当象征永恒爱意的白鲸优雅地托起心形弧线，新人们在游客的祝福中许下誓言，领取结婚证书，真正实现了童话照进现实的美好时刻。据了解，此次“深海颁证”婚姻登记仪式，是哈尔滨极地公园积极响应哈尔滨市民政局“爱在‘尔滨’浪漫随心‘证’”主题活动的创新实践。通过将标志性的“海洋之心”表演与婚姻登记流程深度融合，既延续了法律登记的庄重底色，又为新人赋予了极地深海独有的梦幻仪式感，让领证这一重要时刻成为镌刻在记忆里的浪漫符号。 这一创新服务为全国文旅行业探索“婚登+文旅”融合路径提供了可借鉴的样本。借此次活动契机，哈尔滨极地公园正全力筹划“极地之恋”系列特色服务。后续将深度挖掘淘学企鹅、北极熊、海狮、海象等明星动物的IP价值，打造更多主题鲜明的浪漫场景，努力成为全国情侣定格圆梦爱情、铭刻幸福的必选目的地，助力哈尔滨成为具有全国影响力的“目的地婚礼之城”。（ 站律师 |,596,http://hlj.people.com.cn/n2/2025/0827/c220005-41334225.html,婚姻登记;婚姻;结婚;情侣;婚礼
People.cn,2025-08-27,宁夏利通区：“零彩礼”佳话频出,“彩礼只是个形式，孩子们的日子过得好，比啥都强！”这是宁夏回族自治区吴忠市利通区牛家坊村村民金学梅在儿子婚礼上最常说的一句话。 2021年，金学梅的儿子在北京工作，通过网络认识了正在天津读博士的媳妇。双方家长在天津见面时，女方父母当场表态：“彩礼就意思一下，钱还是要留给孩子们过日子。”2023年6月，金学梅依照礼节送上10万元彩礼，不久便被亲家“原路返回”，专门用来支持小两口在天津购房，还主动拿出4万元帮助装修。一场婚礼，不比排场、不讲彩头，却收获了满满的真情。金学梅家庭的“零彩礼”婚事，成为牛家坊村热议的佳话，也让移风易俗的新风尚在村里悄然兴起。 近年来，宁夏利通区上桥镇坚持以移风易俗为突破口，在牛家坊村率先探索治理高额彩礼、大操大办等陋习。村里把“彩礼不超过8.9万元”写进村规民约，建立婚丧嫁娶“限高”标准和登记备案制度，让红白理事会和“喜事管家”全程介入，引导群众合理操办婚丧事宜。党员干部带头签订移风易俗承诺书，以实际行动带动身边群众。 村里还创新推出“积分超市”，对践行“零彩礼、低彩礼”的家庭给予积分奖励，可兑换生活用品，新人不仅得到实惠，还收获荣誉感。依托新时代文明实践阵地，宁夏利通区牛家坊村举办“村晚”“百家宴”“乡村音乐节”等活动，并承接“早茶文化节”“越野文化节”等大型文旅项目，让村民走出“小家”乐在“大家”。2024年以来，全村12对新人平均彩礼仅5.8万元，其中多对新人选择“零彩礼”。“婚姻回归了爱情本真，这才是咱们老百姓最想看到的。”村民们笑着说。 党员干部更是率先垂范。宁夏利通区花寺村“两委”成员丁晓娟在2025年4月为女儿筹办婚礼时，不要彩礼，还促成了一桩回汉通婚。简朴的婚礼，却收获了满满的祝福。她常说：“党员要带头，幸福不在于彩礼多少，而在于日子能不能越过越好。”她的做法赢得村民认可，也让更多人愿意主动践行移风易俗。 在宁夏利通区上桥镇，移风易俗不仅体现在婚丧嫁娶，更在日常生活点滴中传递。 宁夏利通区上桥村村民白超，17年来悉心照料90岁高龄的奶奶，先后7次跳入渠水救起8名落水群众，他还通过公益平台帮扶困难群众2000余人，资助15名青年就业。2023年，白超一家荣获“全国最美家庭”。他用善举和孝道，诠释了文明家风的内涵。罗渠村的“巾帼能人”马燕，带领乡亲们承包大棚、成立合作社，帮助妇女学技术、拓市场、找销路。在她的带动下，村里渐渐形成了“不比彩礼多少、不比排场奢华，而比谁家的日子过得更红火”的新风尚。 移风易俗要真正落地，离不开发展支撑。宁夏利通区上桥镇在治理高额彩礼的同时，积极发展村集体经济和乡村旅游。牛家坊村建成农耕民俗文化博物馆、黄河文化文旅长廊，利用石榴籽创业街、主题广场开展移风易俗宣传。通过“政府投资+社会投资+群众投资”的模式，发展吴吃堡城、哈哈乐园、玫瑰产业园等项目。2024年村集体经济收入达到166万元，农村居民人均可支配收入达2.68万元，带动周边群众3820人创业就业。 物质基础不断夯实，精神文明逐步提升，村民的幸福感、获得感与日俱增。从金学梅的“零彩礼”婚事，到丁晓娟的党员示范，从白超的孝老爱亲，到马燕的勤劳致富，上桥镇移风易俗的故事一件接着一件，生动展现了文明新风的力量。 如今的上桥镇，婚事比的是幸福，家庭赛的是和睦，邻里拼的是互助。文明乡风、良好家风、淳朴民风正在这里蔚然成风。事实证明：移风易俗不是简单的“减负”，而是厚植文明、凝聚人心、推动乡村振兴的“加分题”。,1435,http://nx.people.com.cn/n2/2025/0827/c412337-41334143.html,婚姻;彩礼;婚礼
China News Service,2025-08-28,七夕景区婚姻登记预约火爆！“旅行领证”模式撬动文旅消费新增长,央广网北京8月28日消息 据中央广播电视总台中国之声《新闻纵横》报道，七夕临近，全国多地婚姻登记处迎来预约高峰，一些设在景区具有特色的婚姻登记处更是预约火爆，一种全新的“旅行领证”模式正悄然兴起。自婚姻登记“全国通办”政策落地以来，一批融合自然风光与爱情文化的景区登记点迅速“出圈”。 越来越多的年轻人不再局限于家门口的政务大厅，而是选择奔赴远方，在秀美山水与浪漫传说中完成自己人生的重要仪式。当婚姻登记从“办事”变成“体验”，当“领证日”扩展为“旅行日”，特色婚姻登记服务如何变身为拉动文旅消费的“金钥匙”撬动甜蜜经济？ 新疆赛里木湖：1314平方公里“爱情圣地”的甜蜜经济实践 七夕前夕，在新疆博州赛里木湖景区婚姻登记中心，来自河南的游客都晶晶与尹雷锋完成了婚姻登记。都晶晶告诉记者，被誉为“大西洋最后一滴眼泪”的赛里木湖是她心中的“爱情圣地”，在这里登记结婚终生难忘。 都晶晶表示：“赛里木湖景区面积是1314平方千米，寓意是‘一生一世’的意思；这里离乌鲁木齐是520公里是‘我爱你’的意思。来这里结婚，我觉得很开心。” 自今年5月婚姻登记实行“全国通办”后，异地办证的新人同比增长明显。今年5月20日和21日，赛里木湖婚姻登记中心为600多对新人办理了登记，七夕预计将再次迎来婚姻登记小高峰。赛里木湖风景名胜区管理委员会综合保障服务中心主任乌兰巴特尔说，所有在赛里木湖景区登记结婚的新人，都能享受景区终身免门票的福利。 乌兰巴特尔：“今年以来，赛里木湖景区婚姻登记中心累计登记7108对新人，其中七成是疆外游客。赛里木湖景区婚姻登记中心已成为区内外一个特色打卡点，进一步带动‘民政服务+文旅产业+社会发展’的融合发展模式。” 河南洛阳上阳宫：盛唐园林+传统婚俗，打造文化颁证新场景 除了新疆，河南洛阳也在积极探索“跨界融合”的婚姻登记服务新模式。位于上阳宫文化园内的洛阳市首个婚姻登记户外颁证基地正在升级改造，颁证台融入更多七夕文化元素，与上阳宫的盛唐园林景观相得益彰。新人可以穿着汉唐宋等朝代传统服饰在这里定格美好的瞬间，景区还对新人推出了住宿和餐饮的优惠措施。 洛阳市西工区民政局婚姻登记处主任温茜说：“目前，在上阳宫文化园室外颁证基地，已接受预约新人20对。洛阳市西工区推出特色颁证服务，邀请全国38红旗手、河南省道德模范获得者等到场为新人颁证，让新人们在亲朋好友的见证下，许下神圣的婚姻承诺，增强婚姻登记的仪式感和纪念意义。” 江西南昌梅湖景区：非遗博物馆里办登记，“婚旅融合”推陈出新 江西南昌的梅湖景区则将婚姻登记点巧妙嵌入非遗博物馆中，打造出江西首个“非遗婚姻登记中心”，并推出“山水为媒”帐篷婚礼、“1314婚旅路线”等特色服务。江西省南昌市青云谱区民政局婚姻登记处负责人余梦盼介绍，七夕将至，梅湖景区婚姻登记点迎来了预约领证高峰，线上线下预约新人已超过50对。 余梦盼说：“非遗博物馆中的婚姻登记处在梅湖景区里，装饰风格就是以芙蓉花为背景，墙面上配备十里红妆的一些婚俗产品。我们上线了一个喜事的小程序，目前有20多家企业商铺，比如婚庆主持、婚纱摄影、喜酒婚宴，领证的新人，并且认同我们的婚俗改革做法，提倡简约文明的婚俗新风，可以享受一定的折扣优惠。” 未来展望：从“4小时婚宴”到“全域婚旅”的20倍市场增量 从新疆赛里木湖到河南洛阳，从江西南昌到山东青岛，各地正以特色婚姻登记服务探索“文旅+甜蜜经济”新模式。青岛市“甜蜜经济”产业发起人李晓洁介绍，在文旅资源、服务创新和政策利好的多重叠加助力下，崂山“甜蜜经济”正从传统的婚庆服务向“服务+产业+文化+旅游”的模式不断拓展。 李晓洁表示：“崂山既有山也有海，自然资源非常符合海誓山盟的文化属性，崂山的民宿现在也形成了一定的规模，所以未来的目的地婚礼，其实就是和民宿相结合、和山海相结合，从原来的4小时婚宴经济到后来发展的全球旅拍经济，再到今天的全球目的地婚礼经济，市场增量巨大，是原来的20倍以上。” 专家解读：仪式感消费如何成为文旅产业“金钥匙”？ 为什么年轻人越来越愿意为“风景中的一张证”奔赴远方？北京大学政府管理学院教授马亮表示，“旅行登记”模式在全球也非常流行，它精准契合了当代年轻人“重体验、重仪式”的消费心理。 马亮表示：“这种模式对于文旅发展非常有益。很多新人不仅是自己去婚姻登记，还会携家人同行，组团旅行持续时间长，且人生大事大家也愿意掏腰包，所以单个消费支出较高。对旅游景区来讲抓住这个发展契机，打造满足年轻人的旅行婚姻模式非常有前景，是一举多得的方式。” 随着婚姻登记“全国通办”政策持续推行和年轻人对仪式感需求的不断升级，“景区领证”已从个别浪漫选择扩展为一股新兴消费潮流。北京大学政府管理学院教授马亮认为，当一纸婚书与无尽山水相遇，当法律程序变为人生体验，这份“爱的仪式”也在悄然之间，为区域发展注入了持久而甜蜜的活力。 马亮说：“围绕着婚姻登记带来的文旅消费，不仅体现在景区，也体现在周边的酒店、民宿、餐饮等方面。对于相关的行业和从业者来讲，一种新的商业态势也会有很强的发展方式。重要的是当地怎样实现景区婚姻登记和文旅消费服务的有机衔接。相关部门也可以联动起来，去提供婚姻大礼包或婚姻套餐，让年轻人在登记时可以有一些相关的增值服务。” (记者 车丽 蒋雪娇 王伟 范存宝 刘禹卓 刘佳) 【,2199,https://www.chinanews.com.cn/sh/2025/08-28/10472631.shtml,婚姻登记;婚姻;结婚;婚俗;婚礼
People.cn,2025-08-28,调解婚恋纠纷 楚雄两司法所合力化解促和谐,“离婚是你单方面提出的，彩礼我是不可能退的！”“我们才结婚7个月，我有权要求将彩礼全额退还给我。”近日，云南省楚雄州楚雄市八角司法所联合东瓜司法所成功调解了一起因彩礼返还引发的婚恋纠纷。 2025年1月，东瓜镇村民李某（男）与八角镇村民王某（女）在当地登记结婚。婚后，两人因性格不合产生矛盾，协商决定离婚。然而，双方在彩礼及各类礼金的返还问题上争执不下。多次协商未果后，当事人来到八角司法所寻求调解。 八角司法所与东瓜司法所迅速联动，两地工作人员分别走访了当事人家庭及知情亲属，厘清来龙去脉，随后组建联合调解小组介入调解。调解初期，双方情绪激动，各执一词。调解员采取“背靠背”方式，分别与李某、王某两家沟通，认真倾听双方诉求。李某家主张，双方婚姻关系存续时间极短，王某应全额返还彩礼；王某家则认为，离婚系李某单方提出，彩礼不应退还，要求李某不再纠缠。 了解情况后，调解员梳理出本案两大争议焦点：彩礼是否应当全额返还？如何有效化解双方家庭矛盾？面对分歧，调解员进行了充分的释法明理，针对李某家要求全额返还的诉求，调解员指出：根据法律规定，彩礼返还需结合共同生活时间长短、彩礼实际使用情况、双方过错等因素综合判断。鉴于双方已共同生活一段时间，彩礼在共同生活中必然存在一定消耗，因此法律不支持全额返还。针对王某家拒绝返还的态度，调解员阐明：虽然双方已办理结婚登记并共同生活，但婚姻关系存续时间较短，尚未形成完整的家庭共同体和稳定的生活状态。结合实际情况，法律支持酌情返还部分彩礼。 经过多轮耐心调解，双方情绪逐渐平复。调解员抓住时机劝导：“毕竟曾有一段姻缘，不如各退一步，避免矛盾升级，彼此留一份体面。” 最终，双方达成一致调解意见：王某向李某退还部分彩礼。至此，这起因彩礼返还引发的婚恋纠纷得以圆满化解。（陈颖、胡怡琳）,758,http://yn.people.com.cn/n2/2025/0828/c361322-41335970.html,结婚登记;婚姻;结婚;离婚;婚恋;彩礼
People.cn,2025-08-28,韩媒：跨国婚姻家庭出身年轻人大批入伍 令韩国军队面临“翻译战争”,【环球时报驻韩国特约记者 黎枳银】据韩国《朝鲜日报》27日报道，随着跨国婚姻家庭出身的年轻人大批入伍，韩国军队正遭遇前所未有的“翻译战争”。这些年轻人大多韩语生疏，难以理解上级的命令，使一线部队的作战指挥和日常训练面临障碍。韩国军方虽临时编印多语种手册、使用翻译软件或指定“英语翻译助手”，但普遍缺乏制度性支持。 报道称，江原道陆军一军官为了能与一名几乎不会韩语的韩国-乌兹别克斯坦混血士兵沟通，不得不花近一个月学习俄语。最终因沟通障碍严重，该士兵被调往后方。这一情况并非个例，韩国多地部队中频繁出现类似情况。部分部队被迫将训练要点翻译成越南语、俄语等，或让懂外语的士兵担任“翻译助手”。一些教官只能依赖翻译软件逐条输入训练内容。遇到武器名称、装备操作等必须准确表达的部分，往往需要额外耗费半小时才能解释清楚。 2009年韩国修改《兵役法》后，跨国婚姻家庭出身的青年被纳入现役入伍对象。据韩国国防研究院的数据，2010年首次有跨国婚姻家庭出身者应征入伍，当年仅有51人，到2016年超过600人，今年已突破4400人。军方预计，2030年以后人数将超过1万人，相当于一个陆军师团规模，占比或超5%。 语言障碍不仅影响部队运转，还给部分士兵带来沉重心理压力。据报道，一名在越南成长的23岁士兵经常因听不懂指令而遭到辱骂和处罚，退伍后出现后遗症，不得不接受精神治疗。今年4月，一名有跨国婚姻家庭背景的22岁士兵因长期被排挤，在部队跳楼致重伤。 报道称，美国、以色列等移民国家已建立针对移民背景士兵的教育和支持体系，涵盖语言培训和宗教饮食照顾等多领域。韩国军方虽自2021年起为信仰伊斯兰教的士兵提供清真饮食，但整体配套制度仍显不足。尚志大学教授崔基溢指出，跨国婚姻家庭的孩子同样是符合服役要求的韩国青年，国防部应尽快出台综合政策，帮助他们跨越语言与文化壁垒，在军中发挥应有作用。,787,http://korea.people.com.cn/n1/2025/0828/c407914-40551816.html,婚姻;对象
CCTV,2025-08-29,七夕仪式感满满！各地迎来结婚登记小高峰 特色登记点成为浪漫打卡地,央视网消息： 8月29日是传统七夕佳节，也是我国婚姻登记实现“全国通办”后迎来的首个七夕，一些位于景区、文化地标的特色婚姻登记点迎来了结婚登记高峰。各地通过预约登记、举办集体婚礼等措施满足群众需求，倡导婚俗新风。 在山东青岛，为了满足全国各地新人们的登记需求，从28日开启了为期七天的“海誓山盟 浪漫青岛”甜蜜七夕活动，包括举办多场集体婚礼等，来自全国各地的新人们都可以报名参加。在启动仪式上，金婚夫妇们还跟新人们分享了他们的生活经验。 青岛市还推出了十大系列婚恋主题产品，覆盖婚拍旅拍、蜜月旅行、婚庆服务等多个领域。相关负责人表示，推出青岛十大特色目的地婚礼，旨在为全球恋人提供多样化选择，也希望全球恋人来到青岛，能够感受青岛山海间的浪漫。 在江苏南京，位于玄武湖公园内的婚姻登记处成为新人们的浪漫打卡地。七夕当天，这个婚姻登记点有超过300对新人预约。工作人员称，他们准备了特色活动，邀请了部分预约的新人，早上在玄武门打卡签到，一路行至婚姻登记处，共绘喜扇、制作婚书，还可以免费乘坐游船游览玄武湖美丽风光。 8月29日是七夕佳节，很多新人选择在这个浪漫节点许下婚约，登记结婚。云南依托全省114个“公园式”婚姻登记点，推出多种特色的集体婚礼，吸引了不少新人参加。 在怒江畔的泸水市民政局公园式婚姻登记点，一场温馨而浪漫的七夕节集体婚礼暨颁证仪式正在进行。伴着傈僳族民歌“摆时”的旋律，10对身着民族盛装的新人手捧鲜花、相携入场。 保山市隆阳区青华海国家湿地公园同样浪漫满溢，48对新人在此举办集体婚礼。身着中式礼服的新人依次入场，在礼花与掌声中开启新生活。其中，有不少新人是专门过来旅行结婚。 在文山州丘北县普者黑景区，一场“水上婚礼”格外热闹。景区特别设置了“荷下接亲”等环节，新人们乘坐着花船在万亩荷田间许下爱的誓言。 在楚雄州姚安县光禄古镇，为了提升新人和游客的参与体验，在集体婚礼中加入了交换戒指、集体签名、浪漫之旅分享等特色环节。,822,https://news.cctv.com/2025/08/29/ARTIMoo7508v1JrFRzpW26E4250829.shtml,婚姻登记;结婚登记;婚姻;结婚;婚恋;婚俗;婚约;恋人;婚礼
CCTV,2025-08-29,传统七夕佳节 各地迎来结婚登记小高峰 婚俗新风为喜庆“添彩”,央视网消息： 8月29日是传统七夕佳节，也是中国婚姻登记实现“全国通办”后迎来的首个七夕，一些位于景区、文化地标的特色婚姻登记点迎来了结婚登记高峰。各地通过预约登记、举办集体婚礼等措施满足群众需求，倡导婚俗新风。 在山东青岛，为了满足全国各地新人们的登记需求，从28日开启了为期七天的“海誓山盟 浪漫青岛”甜蜜七夕活动，包括举办多场集体婚礼等，来自全国各地的新人们都可以报名参加。在启动仪式上，金婚夫妇们还跟新人们分享了他们的生活经验。 在江苏南京，位于玄武湖公园内的婚姻登记处成为新人们的浪漫打卡地，七夕当天，这个婚姻登记点有超过300对新人预约。 结婚新人赵琦称：“我老家是甘肃的，我爱人老家是安徽的，在这边工作定居，也不用回老家领证，拿着我们身份证来领就很方便。” 南京市玄武区民政局婚姻登记处马雯称：“我们准备了特色活动，邀请了部分预约的新人早上在玄武门打卡签到，一路行至婚姻登记处，共绘喜扇、制作婚书，还可以免费乘坐游船游览玄武湖的美丽风光。”,427,https://news.cctv.com/2025/08/29/ARTIQWFOv3KlptI2MvDJhK9Y250829.shtml,婚姻登记;结婚登记;婚姻;结婚;婚俗;婚礼
CCTV,2025-08-29,孝感打造“七夕”孝爱浪漫IP 888对青年鹊桥相会,央视网消息 （记者来巧雲）8月28日晚，湖北孝感天仙城内灯火璀璨、人潮涌动，2025孝感孝文化旅游节开幕式暨“我们的节日·七夕”主题文化活动在此拉开帷幕。 当晚，活动在非遗文创、婚恋市集和澴川食光街三大体验区同步展开。婚恋交友环节吸引888对单身青年现场互动，通过游戏打卡寻觅良缘；非遗展区汇聚雕花剪纸、云梦皮影戏、麻糖米酒等孝感传统技艺，提供沉浸式文化体验；婚恋消费市集及特色美食街区则联合本地老字号与餐饮企业，推出多项促消费活动，“甜蜜经济”效应显著。 开幕式演出分为“情话、情书和情歌”主题展演与“唱响澴川——爱要大声唱出来”演唱会两个阶段。少儿歌舞《必须是孝感》展现了孝文化传承与城市发展豪情；民族舞《多彩华夏·七夕情》将蒙古族舞蹈与七夕“红线牵缘”元素创新融合。方言情话荟萃、互动拉歌、金曲串烧等节目轮番上场让这个浪漫的夜晚甜味十足。 开幕式期间，还同步开展了孝文化形象标识网络投票，并与孝南分会场实现协同联动，进一步扩大活动覆盖面与影响力。,426,https://local.cctv.com/2025/08/29/ARTIkCNdD4a0DSSasfVdR1NW250829.shtml,婚恋;单身
China News Service,2025-08-29,2025年七夕节沈阳市891对新人登记结婚,中新网 沈阳8月29日电 (李晛 阎岩)8月29日，是中国传统七夕节，沈阳市民政局以“执手七夕·沈城有囍”为主题，联动全市14个婚姻登记处，将古老的乞巧文化与现代婚姻服务创新融合。截至当日15时，全市办理婚姻登记891对。 其中，浑南区民政局联合沈阳粮仓创意产业园举办首届“喜结‘粮’缘”七夕集体颁证仪式。新人们在承载着“丰收与安稳”寓意的粮仓前，郑重宣读《结婚誓言》；在“诗韵传情”中，让七夕传统文化与爱情的甜蜜巧妙的结合……为给新人留下美好的回忆，活动还精心设计“粮仓新婚打卡地图”环节，新人可凭结婚证解锁地图上的粮仓产业园内商家提供的专属福利，开启浪漫的新婚之旅。 和平区民政局婚姻登记处以“情满七夕，甜蜜相约”为主题提供七夕特色服务。大厅焕新升级，政府专项投入8万余元对婚姻登记登记大厅进行全新改造升级，从硬件设施到功能布局实现“质的飞跃”。爱心企业聚力，联合区内多家爱心企业为新人提供系列甜蜜套餐服务。辖区影城推出“爱情纪念票”“一生一世”等新人七夕限定活动；车企为新人提供试驾免费接送服务及专属礼品等；更有爱心企业打造的多点位浪漫场景，让登记全程浸满仪式感，记录幸福时刻。 沈河区民政局联合沈河区慈善总会、多福社区，在社区福祠开展“婚俗促幸福，慈爱汇多福”主题活动。社区内婚姻和谐的老夫妻共同开启“巧筑爱巢”分享环节，老夫妻以自身数十年相处经历为切入点，传递经营婚姻的智慧；婚姻家庭辅导师则结合典型案例，从沟通技巧、情绪管理等角度，为居民讲解亲密关系建设的实用方法。针对居民尤其老夫妻关切的补领结婚证等业务，婚姻登记处工作人员现场详细讲解，到线上预约渠道、线下办理地点及注意事项，均逐一清晰说明，帮助有补证需求的居民“一次听清、少跑冤枉路”。 此外，铁西区“在工作的地方生活”——“铁”定爱你第四届百对职工集体婚礼；皇姑区“鹊语报佳期 执手看天河”集体颁证仪式；大东区“鹊伴七夕，情定大东”婚育课堂等活动也都顺利举行，以传统韵味与现代温情交织的方式，为广大新人定格“执子之手”的珍贵瞬间。 据介绍，下一步，沈阳市民政局将持续探寻婚俗改革新路径，通过开展婚恋辅导、增添婚姻登记服务仪式感等举措，引导市民树立健康文明的婚恋观、家庭观，让婚姻登记服务焕发出新时代的生机与活力。(完),944,https://www.chinanews.com.cn/sh/2025/08-29/10473676.shtml,婚姻登记;婚姻;结婚;婚恋;婚育;婚俗;夫妻;婚礼
China News Service,2025-08-29,七夕唱响《刘巧儿》：评剧中的“婚姻自由”,中新社 石家庄8月29日电 题：七夕唱响《刘巧儿》：评剧中的“婚姻自由” “巧儿我自幼儿许配赵家，我和柱儿不认识我怎能嫁他呀。我的爹在区上已经把亲退呀，这一回我可要自己找婆家呀！”8月29日，恰逢中国传统节日七夕节，国家级非物质文化遗产评剧代表性传承人、中国戏剧梅花奖获得者刘秀荣和来自全国40个“刘巧儿评剧社”的成员，在当晚播出的《中华有好戏》七夕特别节目中再次唱响评剧《刘巧儿》经典选段。 “评剧《刘巧儿》创作于70多年前，至今仍广为传唱。”刘秀荣讲述道，“刘巧儿”的原型是抗日战争时期陕甘宁边区妇女封芝琴，其反对包办婚姻、勇敢追求自由爱情的事迹曾轰动一时，被改编成多个文艺作品广为流传。 发源于河北唐山的评剧，内容富有民间真实生活气息。“以封芝琴为蓝本创作的评剧《刘巧儿》由我的老师新凤霞主演，后制成评剧电影，对新中国第一部法律《中华人民共和国婚姻法》的宣传普及和妇女思想解放起到了非常大的作用。”刘秀荣称。 已年近古稀的刘秀荣近年来仍活跃于一线，自2024年起，她推动在全国多地挂牌成立了40家“刘巧儿评剧社”。“最早是一名在‘北京刘秀荣评剧团’参加培训的新疆票友将评剧带回家乡，于是我们首先成立了新疆‘刘巧儿评剧社’，后面其他地区的票友也纷纷响应。”刘秀荣说，这真正体现了评剧艺术的“好懂、好听、好看”。 谈及评剧社为何以“刘巧儿”命名，刘秀荣表示，这不仅源于老师新凤霞塑造的经典角色，更与其宣传婚姻自由的历史意义紧密相关。 “妇女儿童是人权保障的重点群体。新中国第一部法律婚姻法，明确废除包办婚姻，实行婚姻自由、男女平等。中国妇女权利得到极大保障。”北京市盈科(石家庄)律师事务所合伙人律师代盼盼说，如今，女性的婚姻自由已不仅体现在择偶自由，更延伸至生育决策等多方面。 “七夕节又称乞巧节，古时女性在这天祈福许愿、祈求巧艺。”传统文化爱好者刘亚说，作为一名现代女性，她在节日中感受到“乞巧”内容的变迁：“现在我们不再局限于对日常生活的祈愿，而是拥有更丰满的人生愿景，比如成为一名航天员、一名律师等，各行各业中的女性占比在不断提升。” 已从事婚姻家事业务十余年的河北世纪方舟律师事务所专职律师王静说，现代女性更加独立自信，希望实现自我人生价值。“认真地选择，简简单单地爱，安心生活，勤恳提升自我，这也是我送给每一位女性同胞最真挚的节日祝愿。”(完),979,https://www.chinanews.com.cn/cul/2025/08-29/10473573.shtml,婚姻;择偶
China News Service,2025-08-29,七夕节冰城哈尔滨1008对新人登记结婚,中新网 哈尔滨8月29日电(记者 姜辉)29日迎来中国传统节日七夕节，哈尔滨市6城区民政部门联动推出多项特色主题活动，将传统婚俗文化与特色登记服务深度融合，为新人打造仪式感十足、记忆点深刻的结婚登记新体验。截至29日15时，哈尔滨市1008对新人“七夕”登记结婚。 29日下午，哈尔滨市道外区中华巴洛克历史文化街区张灯结彩，一场名为“爱在‘尔滨’——中华巴洛克七夕甜蜜节”的主题活动在此启幕。 活动现场，哈尔滨市道外区民政局巴洛克婚姻登记处正式揭牌，成为街区全新“浪漫地标”。该登记处设在百年中华巴洛克建筑内，巧妙融合历史韵味与现代设施，让新人在独特的历史氛围中完成婚姻登记，赋予“领证”这一人生重要时刻更深刻的纪念意义。 首对在此办理登记的新人刘先生与李女士表示：“在这里领证，比在普通登记处更有仪式感，仿佛穿越时空，感受到了别样的浪漫。” 活动现场，主办方还设置了“岁月情长”幸福家庭访谈环节，邀请5对携手走过风雨的幸福家庭分享他们的爱情故事，传递长久爱情的力量。 七夕节当天，哈尔滨市道里区民政局举行“老街承爱意道里共七夕”大型主题活动暨中央大街婚姻登记处揭牌仪式。现场不仅有揭牌仪式、新人颁证宣誓、婚俗倡议宣讲，同时还设置婚俗文化展板及婚庆产业大集，助力哈尔滨市“甜蜜经济”发展，让新人们感受中西交融的浪漫氛围。 哈尔滨市南岗区民政局在黑龙江省民族博物馆举办“爱在‘尔滨’鸾凤和鸣”第三届中式集体颁证仪式。新人穿着中式婚礼服装，在庄重典雅的环境中接受婚书，并参与传统互动游戏，切实体验“婚礼新办、喜事简办”的文明婚俗新风。(完),668,https://www.chinanews.com.cn/sh/2025/08-29/10473526.shtml,婚姻登记;结婚登记;婚姻;结婚;婚俗;婚礼
China News Service,2025-08-29,传承七夕文化 倡导婚恋新风,8月28日，湖北省郧西县，“海誓山盟·情定郧西”2025年青年集体婚礼暨传统婚俗体验活动现场，新人们行结发礼。当日，“海誓山盟·情定郧西”2025年青年集体婚礼暨传统婚俗体验活动在“中国七夕故里”湖北省郧西县举办。中青报·中青网记者 李建泉/摄 “这是我第一次了解中国的七夕、体验中国传统婚礼，感觉特别棒！”参加完青年集体婚礼，来自南非的25岁女孩皮丽丽十分感慨，“中国传统服饰特别好看，也让我进一步了解中国文化。” 8月28日上午，“海誓山盟·情定郧西”2025年青年集体婚礼暨传统婚俗体验活动在“中国七夕故里”湖北省十堰市郧西县举办，该活动旨在“传承七夕文化，倡导文明婚恋”。来自天南海北的77对新人身着礼服，在青山绿水的见证下，共同完成了一场中式传统的集体婚礼。 77对新人中，既有扎根乡村的振兴者、科技攻关的攀登者，也有教书育人的园丁、守护健康的医护人员，还有返乡创业的青年代表和来华留学的外籍友人。 皮丽丽和马乐都是湖北工业大学的留学生，马乐来自坦桑尼亚。两年前，两人来到中国学习，在课堂上认识。认识3个月后，这对外国小情侣的爱情在中国的土地上萌发。 仪式在郧西县水韵广场开展，暖堂祈福、新人入场、撒谷豆、祈八福……新人们依次完成三拜礼、结发礼、合卺礼、执手礼，共同许下了“执子之手，与子偕老”的承诺。 参加了集体婚礼的晏泽滢和蒋炜是90后，两人都在郧西当地工作，今年正好是他们结婚3周年。参加这次集体婚礼，晏泽滢把它看作3周年惊喜：“平时都要带娃，很少有时间两人一起出去玩。”同时，集体婚礼还弥补了他们当时没办中式婚礼的遗憾。 “文化传承是刻到骨子里的。这次活动在我的家乡郧西举办，又能在这么多人的见证下完成中国传统婚礼的仪式，我觉得很骄傲、很自豪。”蒋炜说。 活动现场，新人代表向全国的新人们发起“最美爱情宣言郧西倡议”，机器人“小庸”发布了青年喜爱的爱情旅游目的地——郧西“向往之旅”精品旅游线路。 集体婚礼后，新人乘坐花车，共同参加“永结同心树 共育爱情林”活动。77对新人亲手把述说自己爱情故事的二维码，分别悬挂在同心树上。这片爱情林是郧西县为新人们打造的一座持续生长的“爱情故事博物馆”。 “‘牛郎织女’的传说在这里世代流传，新时代的婚礼新风在这里兴起。”仪式上，中国青年报相关负责人表示，希望借助这场集体婚礼和婚俗体验活动，倡导文明、节俭、有纪念意义的婚礼形式，引领新时代的婚俗潮流。 本次活动由中国青年报社、共青团湖北省委、郧西县人民政府联合主办，共青团郧西县委、郧西县民政局、郧西县文化和旅游局承办。 中青报·中青网记者 余冰玥 实习生 朱佳怡,1086,https://www.chinanews.com.cn/sh/2025/08-29/10473204.shtml,结婚;婚恋;婚俗;情侣;婚礼
China News Service,2025-08-29,各地迎来结婚登记小高峰 倡导婚俗新风,今天是传统七夕佳节，也是我国婚姻登记实现“全国通办”后迎来的首个七夕，一些位于景区、文化地标的特色婚姻登记点迎来了结婚登记高峰。各地通过预约登记、举办集体婚礼等措施满足群众需求，倡导婚俗新风。 在山东青岛，为了满足全国各地新人们的登记需求，从昨天开启了为期七天的“海誓山盟 浪漫青岛”甜蜜七夕活动，包括举办多场集体婚礼等，来自全国各地的新人们都可以报名参加。在启动仪式上，金婚夫妇们还跟新人们分享了他们的生活经验。 荣先生：结婚56周年，金婚了，金婚过了6年了。求同存异，互谅互让，同甘共苦。 青岛市还推出了十大系列婚恋主题产品，覆盖婚拍旅拍、蜜月旅行、婚庆服务等多个领域。 青岛市甜蜜经济产业协会秘书长 贾艳美：推出青岛十大特色目的地婚礼，旨在为全球的恋人提供一个多样化的选择，也希望全球的恋人来到青岛，能够感受青岛山海间的浪漫。 在江苏南京，位于玄武湖公园内的婚姻登记处成为新人们的浪漫打卡地，七夕当天，这个婚姻登记点有超过300对新人预约。 结婚新人 赵琦：我老家是甘肃的，我爱人老家是安徽的。在这边工作定居，也不用回老家领证，拿着我们身份证来领就很方便。玄武湖的环境也很好，很有纪念意义。 南京市玄武区民政局婚姻登记处 马雯：我们准备了特色活动，邀请了部分预约的新人，早上在玄武门打卡签到，一路行至婚姻登记处，共绘喜扇、制作婚书，还可以免费乘坐游船游览玄武湖的美丽风光。 【,591,https://www.chinanews.com.cn/sh/2025/08-29/10473075.shtml,婚姻登记;结婚登记;婚姻;结婚;婚恋;婚俗;恋人;婚礼
China News Service,2025-08-29,哪些彩礼要退，退多少？江苏高院四则案例明确规则,七夕佳节来临之际，省高院与省妇联联合发布了四则具有代表性的涉彩礼纠纷案例，通过裁判可明确彩礼与一般赠与的界限，以及不同类型情形下的彩礼返还规则，引导公众营造健康、节俭、文明的婚嫁新风。 2022年4月，男青年张某与女青年陆某恋爱并同居。2023年5月双方订婚，张某向陆某给付礼金18.8万元。恋爱同居期间，张某在情人节、生日、元旦等时点均会向陆某转账520、999、10001等不定额款项，并备注“爱你”“新年快乐！”等内容，合计数万元。2023年7月双方分手。张某诉至法院，要求陆某返还上述所有款项。 法院认为，彩礼系以缔结婚姻关系为目的由一方向另一方给付的金钱及贵重物品。张某在节日、生日等有特殊纪念意义时点给付的款项，属于表情达意的一般赠与，不属彩礼，不应返还。而订婚时给付的18.8万元礼金属于彩礼，考虑到双方共同生活一年有余，判陆某返还部分礼金。 法官表示，应厘清彩礼与恋爱期间一般赠与的关系。彩礼通常数额较大，如8.8万元、18.8万元等有特殊含义的礼金、婚房、车辆及“三金”“五金”等。 未结婚登记且未共同生活，“悔婚”应全额返还彩礼 男子丁某经人介绍认识女子刘某，二人相恋。在商量婚事期间，刘某父母明确提出丁某要给付礼金16.6万元并购买价值30万元的车辆作为彩礼。丁某出身普通家庭，一家人竭力凑齐礼金。丁某为刘某购买价值近30万元车一台，并给付礼金16.6万元。订婚后，丁某多次催促结婚，但刘某以各种理由推脱。双方分手后，刘某仅退了车辆，拒不返还礼金。 法院认为，彩礼是以缔结婚姻为目的，案涉礼金16.6万元系彩礼，因双方未办理结婚登记且未共同生活，判决刘某返还全部礼金。 法官表示，最高法关于民法典婚姻家庭编的解释规定，双方未办理结婚登记手续，当事人请求返还彩礼的，法院应予支持，社会公众应理性对待彩礼，推动形成文明嫁娶的新风尚。 2023年12月，小伙王某与女青年白某相恋。2024年2月举行订婚仪式，王某给付彩礼11.8万元。此后二人同居，白某怀孕。2024年4月，双方产生争执解除婚约，白某做了终止妊娠手术。王某诉至法院，要求白某返还全部彩礼。法院综合考虑上述因素，判决白某返还部分礼金。 法官表示，根据最高法关于审理涉彩礼纠纷案件适用法律若干问题的规定，双方未办理结婚登记但已共同生活，应当根据彩礼实际使用及嫁妆情况，综合考虑共同生活及孕育情况、双方过错等事实，确定应否返还以及返还的具体比例。在已共同生活的情形下，不应忽视共同生活的“夫妻之实”。尤其有妊娠经历甚至生育子女的情形下，若仅因未办理结婚登记即要求女方返还全部彩礼，有违公平。 男青年吴某与女青年李某2023年5月恋爱，2023年6月举行结婚仪式后共同生活，2023年9月办理结婚登记。恋爱期间双方互赠了几十万元的衣物、奢侈品，订婚时吴某给付李某礼金100余万元、价值几十万元的首饰。2024年春节期间双方因生活琐事发生争吵，直至分居。李某诉至法院，要求离婚，吴某同意离婚，但要求李某返还全部彩礼。 法院认为，吴某给付的礼金100余万元及价值几十万元的首饰属于彩礼，双方互赠的衣物、奢侈品属日常消费支出，不属于彩礼。双方虽登记结婚但共同生活时间较短，李某给付的彩礼远超一般彩礼数额，结合未孕育子女、彩礼已部分消费等情形，判决李某返还大部分彩礼。 法官表示，一般而言，双方已办理结婚登记并共同生活的，离婚时彩礼不予返还。但不能仅以婚姻登记作为判断标准。“共同生活”是确定彩礼是否返还以及返还具体比例的重要考量因素。“闪婚闪离”，吴某属于“闪婚闪离”给付了高额彩礼，但双方共同生活不足一年，酌情返还大部分彩礼，平衡双方利益。 扬子晚报/紫牛新闻记者 任国勇 【,1523,https://www.chinanews.com.cn/fz/2025/08-29/10473403.shtml,婚姻登记;结婚登记;婚姻;结婚;离婚;彩礼;婚嫁;婚约;闪婚;恋爱;夫妻
China News Service,2025-08-29,年轻人谈恋爱主打随缘？有时可能更需要破圈,澎湃新闻记者 陈良贤 王亚赛 特约作者 张冉一 实习生 王锃瑄 如果只能用一个词来描述当下年轻人对恋爱的态度，那被用的最多的可能是“随缘”。 近期，上海市青少年研究中心发布了一份关注城市青年婚育观的调查报告，发现56.4%的受访青年把恋爱心态归为“随缘不强求”。 年轻人看似中性的恋爱态度，又因社交圈不断被学业或工作压缩，而在事实上难遇有缘人。首都经济贸易大学劳动经济学院茅倬彦教授团队分析发现，53.86%的大学生有恋爱经历，但处于恋爱状态的仅占26.5%，约25%的大学生既没有恋爱经历也没有恋爱意愿。 而在年轻人日常生活中愈发重要的兴趣圈层，如二次元圈、汉服圈等，不仅成为年轻人的精神寄托地，也在恋爱这件事上发挥了难以被忽视的影响。 长期关注婚姻与家庭转变的中国人民大学人口与健康学院教授李婷的团队在7月下旬发表的一篇研究中发现，不同兴趣圈层“对个体的恋爱意愿产生替代或促进的作用”。 虽然该研究基于学术表达传统将这些圈子描述为亚文化圈层，但李婷教授在接受澎湃新闻采访时提到，“对于年轻人而言，如今这些圈子早已不是什么小众爱好”。在女生群体中，参与美妆圈的比例达到34.50%，而男生参与的电竞圈比例更高，有46.13%。 哪怕是参与比例略逊一筹的动漫圈——男生21.98%和女生13.40%——也已掀起了巨大的浪潮。产业链价值突破千亿的“谷子经济”热，正是近年来热爱二次元动漫的Z世代(95后、00后)在步入社会后用真金白银捧起来的。 除了关注各兴趣圈层的参与率，这份基于中国人民大学人口与发展研究中心组织开展的“2021年大学生婚育观调查”，还调查了大学生群体的恋爱意愿和恋爱次数等情况。 和茅倬彦团队调查结论相近，李婷团队发现：有过1次或以上恋爱经历的大学生比例达到了70.22%，从未谈过恋爱的比例为29.78%；而当下正处在恋情中的大学生占比为33.57%，女生整体略高于男生的31.52%，为35.56%。 在这之中，参与美妆圈、健身圈等现实提升取向圈子的大学生，在恋爱的比例较高，而对虚拟取向较为明显的圈子感兴趣的大学生，如网文圈、动漫圈等，男女生的恋爱比例都低于整体。 李婷团队在研究中将圈子对恋爱的影响分为了意愿和行动两个步骤，例如参与饭圈的女生，有恋爱意愿的概率要比圈子外的女生低8.7%，同时会采取恋爱行动的概率也低了12.8%，这两者共同导致了追星族的女生恋爱率仅为21.38%。 追喜欢的idol(偶像)、与“纸片人”谈恋爱等带来的精神满足，确实能分散年轻人对爱情的注意力，那该如何理解恋爱行动也会受圈层的影响？ 李婷认为，这主要受两类因素的影响：一方面，以线上交流为主的兴趣圈，如网文圈，很难被直接转化为线下的亲密关系；另一方面，在性别比例失衡的兴趣圈，如电竞圈，即使组织线下活动，由此产生亲密关系的概率也低于整体。 虽然研究也提醒，恋爱意愿和圈层之间存在一定的反向因果关系——即有部分年轻人可能会因为恋爱意愿较低，而主动选择读网文或追星来替代情感需求，但李婷对澎湃新闻表示：如今多数年轻人在接触爱情前，会更早受到圈层的影响。 “很多年轻人加入动漫圈、饭圈或其他圈子的时间，可能在中学甚至是小学，这些圈层对他们的影响，可能也比谈恋爱时要早。”李婷说。 李婷的看法在一些真实案例中得到了印证：90后优姬(化名)从小就是动漫迷，去年她在接受《三联生活周刊》采访时提到，自己从上小学开始就看柯南漫画，想和工藤新一谈恋爱。即使后来谈了一位男朋友，她依然觉得“对方哪里能比得上‘纸片人’？”和前男友分手后，优姬再也没有在现实中找过男朋友，“我觉得现在这样挺好的，我已经有了理想中的爱情”。 诸如这类“现实恋爱好累，不如跟‘纸片人’恋爱”的观点，并非没有社会基础。社会心理学家雪莉·特克尔(Sherry Turkle)在其著作《与孤独共处》中指出，现代社会中的人际关系日趋复杂，维系亲密关系也变得愈发困难，而虚拟世界则提供了一个简单且可控的情感空间。 这也解释了为什么年轻人如果越倾向于参与虚拟圈层，恋爱的意愿往往会低很多。 知名学者项飙今年6月在与北京大学人文特聘教授戴锦华等人对谈时提到：“线上同温层非常重要，但也很脆弱，是一种浪漫型的异化”，而且“线上同温层越温暖，你往往觉得线下的毒打、危险会更加剧烈”，因此项飙认为物理的“附近”是绝对不可缺和不可替代的。 项飙的看法和李婷团队的调查结论形成了呼应，研究发现：当年轻人越多参与现实提升取向的圈层，越有可能提升自己的恋爱意愿。 如果说追星、沉浸于网文是对已有角色的情感投射，那么AI陪伴则将这种投射推向了一个更主动、更个人化的极致。它不再是被动接收信息，而是一种主动参与、深度互动的形式：用户通过“调教”，就能让AI记住偏好、模拟指定性格、甚至扮演角色，创造出一个永远在线、完全迎合自己的“理想伴侣”。 而将AI作为情感伴侣，正从科幻场景变成一部分人的数字日常。麻省理工学院媒体实验室在分析一百万条ChatGPT交互日志后发现，“浪漫角色扮演”已是其第二大用途。 这种新兴的情感满足方式，是否会对真实的恋爱关系产生挤出效应呢？ 首先，这种便利的情感满足，确实有可能对现实社交产生影响。麻省理工学院与OpenAI的联合研究发现，AI陪伴的效果存在动态变化：当人们低频使用AI时，它能作为社交补充，可一旦陷入长期高频使用，用户的现实社会互动便会减少，对AI的依赖心理也会上升。 尽管该项研究揭示了AI对现实社交的挤出效应，但这是否意味着AI将很快成为主流的恋爱选项？情况可能会更为复杂。目前，将AI伴侣视为恋爱对象的，在年轻人中还很少。 李婷对澎湃新闻表示：“目前社会对AI的角色定位仍是‘辅助工具或宠物’，而非正式的恋爱伴侣。”民调机构YouGov的调查也显示：美国超七成单身Z世代表示不接受AI恋爱。 之所以会出现这种情况，李婷认为，兴趣圈层与AI陪伴存在本质区别：前者连接的对象是真人，能提供真实的社会支持，后者则缺少了这种至关重要的社会性连接。因此，从这个意义上看，AI陪伴对恋爱的挤出效应可能不如兴趣圈层。 至于年轻人是否会随着年龄渐长，而逐渐从虚拟圈子回到并不那么完满的现实中，李婷基于自己过往田野调查时观察到的现象说：“未婚的年轻人到了一定年纪以后，会产生明显的分化：其中多数人会因为周围同龄人纷纷结婚生子而感到焦虑，进而做出改变。但也有一部分人依然会保持独处习惯，现代社会为一个人生活提供了保底机制。” 【,2648,https://www.chinanews.com.cn/sh/2025/08-29/10473276.shtml,婚姻;结婚;婚育;恋爱;单身;伴侣;对象
People.cn,2025-08-29,七夕鹊桥喜领“红本本” 长丰县特色登记服务甜蜜新人心,“七夕今宵看碧霄，牵牛织女渡河桥”，8月29日上午，七夕节当天，长丰县水湖婚姻登记处处处洋溢着浪漫气息，十几对新人在此开启人生新旅程，一场融合传统与温情的特色登记服务，让领证仪式感拉满。 “转身、抬手、礼成！”在汉服颁证厅，新人杨康与卜雪利身着多彩的汉服，在“长丰好人”、结婚登记特邀颁证师丁玲芳的见证下接过结婚证。“以前觉得领证就是走流程，今天穿汉服、有好人颁证，突然觉得婚姻特别神圣。”卜雪利轻抚衣袖，眼底满是笑意。丁玲芳则笑着补充：“能为新人送上祝福，也是在传递‘互敬互爱’的家风，希望今后他们互相包容理解，把日子过得和和美美。” 上午10时，集体誓言环节准时开启。4对新人手牵着手站在国徽下，“我们自愿结为夫妻，从此上孝父母，下教子女，互敬互爱……”洪亮的誓言回荡在大厅，新人陶帅紧了紧妻子的手：“和大家一起宣誓，感觉不是两个人的小浪漫，更多了一份对婚姻的责任，特别有意义。” 在婚前辅导讲座现场，婚姻辅导专家结合案例讲解 “婚后沟通技巧”，登记处旁边的县妇女儿童保健中心还同步提供婚前免费体检服务，医疗人员为新人开展基础健康检查与优生优育咨询。“连婚检都能在领证当天顺路完成，不用专门跑医院，特别方便。”新人杨楠楠满意地说，身旁的丈夫则笑着说：“这可是咱们的‘婚姻必修课’，健康打底的幸福才更踏实。” “长丰县水湖和双墩两个婚姻登记处共开放7个登记窗口，全体工作人员提前半个小时到岗，同步衔接婚前免费体检服务，全力做好登记保障与健康护航。”长丰县民政局分管负责人蔡慧慧介绍，此次活动特意邀请道德模范、“长丰好人” 担任颁证师，搭配汉服体验、婚前辅导等环节，既弘扬传统文化，又倡导文明婚俗。“下一步，我们将继续深化婚姻服务改革，丰富婚俗文化活动内涵，为更多家庭筑牢幸福根基。”（杜刚 甄宁）,749,http://ah.people.com.cn/n2/2025/0829/c374164-41337068.html,婚姻登记;结婚登记;婚姻;结婚;婚俗;夫妻
People.cn,2025-08-29,宁夏贺兰县：倡导婚恋新风 文明乡风润心田,8月28日，“贺仪天成·兰心相守” 集体婚礼在宁夏贺兰县欣兰广场举行。 10对新人身着传统服饰，在礼乐声中完成执手盟誓、彩撒贺喜等传统仪式，用一场简约而庄重的集体婚礼，践行“抵制高额彩礼、倡导文明新风” 的承诺。“既能感受中华传统文化的魅力，又能为移风易俗出份力，这样的婚礼特别有意义！”新人代表马进林表示，未来会主动向身边亲友分享体验，带动更多人树立文明婚恋观。 活动现场还设置了乡村振兴政策宣讲区、微型婚博会等20个主题展位，工作人员以展板为“纸”、以讲解为“笔”，清晰呈现产业帮扶成效与就业培训路径；同时通过手册发放、一对一答疑，把教育医疗帮扶政策讲透讲实，还为现场群众送上包含婚庆优惠、生活礼包的福利，通过“政策解读+便民服务”双线联动模式，让惠民举措更有温度。 今年以来，贺兰县委、县政府将精神文明建设作为推动发展的重要抓手，精心组织“牢记嘱托担使命 感恩奋进新征程”“抵制高额彩礼 树立文明新风”等系列宣传教育活动，以思想引领凝聚共识、以文明实践涵养新风，为巩固拓展脱贫攻坚成果同乡村振兴有效衔接注入精神动能，为践行贺兰县145高质量发展思路提供坚强思想保障。 下一步，贺兰县将持续深化系列活动成效，把文明新风尚融入群众日常生活，聚焦“常态化宣传、长效化推进、实效化落地”目标，推动“倡新风”行动落地。,557,http://nx.people.com.cn/n2/2025/0829/c407413-41336718.html,婚恋;彩礼;婚礼
People.cn,2025-08-29,安徽固镇：“低彩礼”换来“高幸福”,随着乡村经济发展，高额彩礼、大操大办等陈规陋习在部分农村地区反弹回潮，成为农民群众的“心头愁”。固镇县作为农业大县，治理高额彩礼问题事关乡村振兴大局与群众幸福指数。近年来，固镇县坚持问题导向、系统施治，打出“宣传引导+制度约束+典型带动”组合拳，推动婚俗改革走深走实。 固镇县制定《关于综合治理农村彩礼问题的工作方案》，成立以县领导任总召集人的治理农村高额彩礼问题联席会议机制，健全县委社会工作部统筹、相关单位牵头指导、乡镇党委推进、村级党组织实施的“四级联动”工作机制，构建上下联动责任体系，深入推进农村高额彩礼问题综合治理作为2025年县级深改任务加以推进。 “彩礼多少不重要，夫妻和睦才是宝。”“简办婚事不丢面，勤俭节约新风尚。”在固镇县各个乡村文化墙上的彩绘标语生动鲜活，婚嫁新风也深入人心。固镇县委社会工作部开展村规民约修订，将抵制高额彩礼、婚事新办简办纳入村规民约修订范围，并通过村民代表大会、入户宣讲的方式广泛宣传，全县228个村（社区）均完成修订。印发了《固镇县文明婚庆喜事倡议书》，制定固镇县彩礼倡导性标准，发出“彩礼金额6万元以内、婚宴桌数单方不超过20桌”的倡议。 “自《关于综合治理农村高额彩礼问题的工作方案》的通知印发以来，该镇结合‘和美善治新马桥’积分制小程序，在移风易俗积分制规则中，把不大操大办宴席、‘低彩礼’和‘零彩礼’列为兑换积分的条件之一。”固镇县新马桥镇党委副书记陈伟介绍，截至目前，全镇已有11个村（居）58户通过积分申报，审核派发积分700分，并在“红榜”进行公示，在群众中起到了示范引领作用。 陈伟表示，未来将通过“黄榜”公示大操大办、收受高额彩礼的方面典型。以“红榜”正向激励、“黄榜”批评教育，强化村民舆论引导，推动治理农村高额彩礼问题工作取得实效。 “下一步，固镇县将持续深化治理成效，完善长效机制，让文明婚俗在乡村落地生根，为乡村振兴注入更多‘幸福能量’。”固镇县委社会工作部部长孟珀表示。（尤靖文 凌义乐）,831,http://ah.people.com.cn/n2/2025/0829/c374164-41336671.html,彩礼;婚俗;婚嫁;夫妻
People.cn,2025-08-29,河北鸡泽举办“诗经之源·文明使者七夕话新风”主题活动 推动婚俗改革落地见效,8月29日，河北省鸡泽县举办“诗经之源·文明使者七夕话新风”主题活动，通过典型代表发言、青年倡议、家风分享等形式，倡导简约订婚、节俭婚俗，推动婚姻领域移风易俗。全县取消订婚宴的家长代表、各乡镇未婚青年代表等80余人参加活动。 活动在郑重的倡议宣读中拉开序幕。鸡泽县文明志愿者现场宣读《移风易俗倡议书》，呼吁社会公众摒弃高额彩礼、大操大办等陈规陋习，倡导以简约文明的方式开启婚姻生活，获得在场观众积极响应。 在经验分享环节，一对即将步入婚姻的青年伴侣表示：“我们协商一致取消订婚宴，将节省的费用用于旅行结婚，既减轻负担又富有意义。”他们坚定表示，“爱情不应被彩礼绑架”，这一观点引发广泛共鸣。随后，青年代表围绕“如何与长辈沟通简办婚礼”等现实问题展开热烈讨论，家长代表也主动分享支持子女新事新办的经历，传递“体谅子女、拒绝铺张”的良好家风。 活动高潮部分，各乡镇青年代表集体宣誓，承诺以身作则推行婚俗新风，并被授予“移风易俗文明使者”称号。现场通过歌曲《爱的约定》等文艺形式，进一步营造出崇尚文明、追求真挚的浓厚氛围。 鸡泽县文明办负责人表示，本次活动通过创新形式和真实案例，推动移风易俗从宣传倡导转化为实践行动。下一步，该县将持续推进婚俗改革试点工作，以点带面培育“订婚不讲排场、结婚注重真情”的社会新风，为乡村振兴注入文明动力。（王佳琪）,570,http://he.people.com.cn/n2/2025/0829/c192235-41337233.html,婚姻;结婚;彩礼;婚俗;伴侣;婚礼
People.cn,2025-08-29,河南省上线结婚落户“一件事”服务,8月28日，记者从省行政审批政务信息管理局获悉，在中国传统节日七夕节到来之际，我省上线结婚落户“一件事”政务服务，情侣们只需动动手指，“领红本+迁户口”一次搞定，让成家立业办得又快又甜。 结婚落户“一件事”服务在全省各地婚姻登记机关落地实施。河南省户籍的男女双方在婚姻登记窗口，只需填报一张表、提交一套材料，即可一次办理居民结婚登记、户口登记非主项信息变更（婚姻状况）、户口迁移审批（夫妻投靠）3个事项。 据了解，结婚落户“一件事”服务采取线上线下相结合的方式办理。申请人可登录河南政务服务网或“豫事办”APP，进入“高效办成一件事专区”，选择“结婚落户”服务，进行婚姻登记预约申请，然后前往婚姻登记机关，线下办理结婚登记。完成之后可再次登录河南政务服务网或“豫事办”APP，进行相关证件材料的上传和后续业务办理。 结婚落户“一件事”服务的上线，打通了民政部门和公安部门之间的数据共享，实现了“一网申请、信息共享、部门联办”，让“数据跑路”代替“群众跑腿”，申请人只需在结婚登记环节跑一次，最快18个工作日即可办结。,458,http://henan.people.com.cn/n2/2025/0829/c351638-41336182.html,婚姻登记;结婚登记;婚姻;结婚;夫妻;情侣
People.cn,2025-08-29,爱在“七夕” 幸福如期——蛟河市民政局婚姻登记处圆满完成“七夕”结婚登记工作,8月29日，农历七月初七，恰逢我国的传统节日“七夕”。作为象征甜蜜与浪漫的传统节日，七夕节承载着年轻人对美好爱情的向往和期许，很多新人选择在这一天办理结婚登记，与相爱之人携手走进婚姻殿堂。为做好当天婚姻登记工作，蛟河市民政局婚姻登记处多措并举，确保婚姻登记工作平稳、有序开展。 提前筹划部署。高度重视、周密安排，采取提前到岗、严格落实按顺序叫号办理、所有登记窗口全部开放、工作人员在现场进行秩序引导、提前核对证件资料等方式，有效提高婚姻登记效率，确保高峰期服务热情不减、服务态度不变、服务质量不降。 拉满领证仪式感。婚姻登记处布置了手捧花、婚书、打卡背景墙……将领证仪式感直接拉满。从排队、填写材料、领证到共写婚书，每一个步骤都为新人们精心设计了打卡拍照点，增强了婚姻登记仪式感，为新人留下了幸福美好的回忆。 宣传婚俗改革。为引导新人树立正确的婚恋观、价值观，感悟婚姻家庭蕴含的责任担当，“七夕”当天，市妇联、市民政局联合举办集体颁证仪式，新人们进行集体宣誓，市妇联、市民政局领导及“最美家庭”代表共同为新人颁发结婚证书，为新人送上了诚挚的祝福，寄语新人在今后的人生旅途中坚守彼此承诺，珍惜美好婚姻，承担起家庭和社会责任，互敬互爱。希望新人积极弘扬“重责任、崇节俭”的婚俗理念，响应婚俗改革的号召，喜事新办、节俭办婚，以实际行动推动婚俗改革新风尚，共创文明婚俗新风。 未来，蛟河市民政局婚姻登记处将继续创新服务模式，深化婚俗改革，为广大群众提供更加贴心、便捷的服务。（张滢）,637,http://jl.people.com.cn/n2/2025/0829/c349771-41337014.html,婚姻登记;结婚登记;婚姻;结婚;婚恋;婚俗
People.cn,2025-08-29,铜陵：为婚嫁“减负” 为幸福“加分”,8月28日，临近七夕。铜陵市义安区东联镇复兴村党支部副书记阮先展家中迎来喜事——爱女阮倩与青梅竹马的准新郎张豪即将喜结良缘。 这场尚未举办的婚礼，已成为乡邻间口口相传的美谈。这一切，源于阮先展的一个决定——在女儿的婚事上，他主动提出并坚定践行“零彩礼”。“我们嫁女儿，看重的是女婿的人品、担当和对女儿的真心。张豪踏实肯干，孩子们感情深厚，这就是最好的‘彩礼’。” 阮先展深知，乡风文明是乡村振兴的重要内涵。婚嫁习俗，特别是彩礼问题，牵动人心。作为长期扎根基层的村干部，自己的一言一行都具有示范效应，当女儿婚期临近，他与家人及亲家进行了深入沟通。 “两个孩子情投意合，自小相识相知，这份感情最珍贵。作为父母，我们最大的心愿是孩子们生活幸福、家庭和睦。”阮先展言辞恳切，“彩礼应是祝福的象征，不该成为新家庭的负担，更不该是衡量感情的标准。我是党员，也是村干部，带头不索要彩礼，就是想用行动传递幸福婚姻的真谛在于人好、心诚、家和。” 这股清新之风，正是铜陵市近年来大力推进移风易俗、倡树婚嫁新风的生动写照。 今年以来，铜陵市将“零彩礼”作为婚俗改革突破口，高位推动，构建“宣传+示范+调解”多部门联动协同机制，基本实现“低彩礼、零彩礼、不收礼”，减轻了群众的经济负担，重塑新时代的婚恋价值观。 在枞阳县钱铺镇鹿狮村，“零彩礼”已从个体选择演变为群体行动，成为新时代婚俗改革的鲜活注脚。村民汪成照嫁女不收彩礼的故事，正是这一变革的生动缩影。 当女儿的婚期定下时，汪成照主动向亲家提出“分文不取”，并在村红白理事会见证下签订《零彩礼承诺书》。“嫁女儿不是卖女儿，小两口把日子过好比什么都强。”他的朴素宣言，成了移风易俗的“活教材”。 这场“无价”姻缘的背后，是政策引导与民间智慧的深度融合。 为了将阶段性成果转化为长效机制，铜陵市积极发挥全市429个“积分超市”作用，将反对高额彩礼、简办红白事、倡导文明风俗等等行为量化赋分，积攒积分能兑换米面粮油等生活用品。不少村民表示：“‘积分超市’如今成了热门打卡地！” 同时，遍布镇村的红白理事会成为抵制高额彩礼的“先锋队”。村干部、党员、“五老”等带头签订“零彩礼”承诺书4800余份，并积极修订村规民约，将“婚事新办简办”“零彩礼、低彩礼”等纳入其中，通过红白理事会监督执行，形成了“群众按约办事、村部按约理事”的自治模式。 在此基础上，铜陵市充分发挥“文明家庭”“五好家庭”“最美家庭”示范带动作用，创新推广“美德银行”积分制管理，以红白喜事简办能积分的形式提高群众主动参与意识。截至目前，全市已有2.4万余户因红白喜事简办等移风易俗行为存取了“美德银行”积分。 “选伴侣，看人品。情为重，财为轻……”连日来，在铜官区各个办事处、社区内，一场场以“抵制高额彩礼，倡导文明婚俗”为主题的宣传活动火热开展。 既要立规矩，也要润人心。铜陵市创作推出《牛歌新唱·乡风文明》等文艺作品，打造《犁桥古韵·水镇迎亲》等舞台剧，并开展广泛演出。一支支移风易俗文艺宣传队奔走在乡间地头，用诙谐的三句半、生动的小品、悠扬的戏曲，让文明新风吹进千家万户。 大街小巷里，由社会工作师、心理咨询师、律师等专业力量组成的婚姻家庭志愿服务队成员2200余名。他们以问询聊天的方式，与新人交流正确婚恋观、和美家庭观等婚俗改革核心内容，倡导婚事简办、零（低）彩礼，弘扬勤俭节约的文明新风。 如今，婚俗改革写入村规民约在铜陵实现了全覆盖。“在广泛征求群众意愿的基础上，我们为彩礼额度‘限高’，一般不超过5万元。”市委社会工作部相关负责人表示，通过加大对高额彩礼、大操大办等婚俗领域突出问题治理力度，广泛开展倡树文明婚俗新风活动，为新人婚嫁“减负”、幸福“加分”。（记者 路璐）,1539,http://ah.people.com.cn/n2/2025/0829/c375162-41336499.html,婚姻;婚恋;彩礼;婚俗;婚嫁;伴侣;婚礼
People.cn,2025-08-30,“全国通办”首个七夕 云南省多地迎来结婚登记小高潮,8月29日是传统七夕佳节，也是我国婚姻登记实现“全国通办”后迎来的首个七夕，我省多地婚姻登记点迎来了结婚登记小高潮。 清晨7点，麒麟区政务服务中心门口已排起长队，准新人们怀揣对未来的憧憬早早等候，幸福的笑容在每个人脸上绽放。“我们特意提前半个月预约今天领证，七夕领证特别有意义，就像给爱情加了层浪漫滤镜。”准新人梁言挽着身旁的爱人，手中紧紧攥着准备好的证件，语气里满是期待。 为保障登记工作高效有序，麒麟区民政局早在8月初便通过多家媒体发布七夕结婚登记预约公告，提供线上、现场两种预约渠道。登记当天，现场按预约时间有序发号，还专门划分了审核区、发表区、签字区、登记区和颁证区，引导新人们错峰办理，全程井然有序。 除了便捷的登记服务，现场处处洋溢着温馨氛围。婚前辅导区里，工作人员围绕“家庭美满、追求美好”主题，引导新人分享爱情故事，为婚姻生活筑牢基础。政务服务大厅内的拍照打卡点布置得喜气洋洋，成为新人记录幸福瞬间的热门地，不少新人拿着刚领到的结婚证，在此合影留念。集体颁证环节更显仪式感，17对新人集体领取结婚证，在工作人员的带领下庄严宣读结婚誓言，随后郑重签订婚俗新风承诺书。 据统计，麒麟区婚姻登记处当日共办理结婚登记136对，超出预约登记60多对，是日常办理量的3倍。 在绥江县婚姻登记处，一场“鹊桥新韵·情定绥江”的主题活动正在开展。 “远远地就感受到了喜庆浪漫的氛围。”走进布置着多彩气球的办证大厅，空气中都弥漫着甜蜜与幸福的浪漫气息。一对对新人相拥而至，办理见证他们爱情和承诺的结婚证书。 活动设置“新人送福米”“婚俗新风承诺”“拆红线盲盒”等特色环节，倡导简约不失庄重、传统兼具创新的婚俗新风。婚姻家庭咨询师还为新人开设了“简约婚姻的幸福密码”微课堂，分享婚姻经营技巧，并留下辅导服务电话，为新人提供后续支持。 “我们自愿结为夫妻，从今天起，无论顺境逆境，彼此尊重；无论富有清贫，共同担当……”颁证仪式和集体婚礼是活动的重头戏，新人们宣读婚姻誓言、交换爱情信物，并齐声喊出“简爱一生·幸福同行”的誓言，温馨感人。 截至当日14时，绥江县婚姻登记处已有22对新人完成结婚登记。（记者 隋鑫 沈迅 通讯员 李丽 赵稳先 罗洪）,919,http://yn.people.com.cn/n2/2025/0830/c378439-41337468.html,婚姻登记;结婚登记;婚姻;结婚;婚俗;夫妻;婚礼
People.cn,2025-08-30,七夕佳节江苏婚姻登记迎来小高峰,原题：我们的节日·七夕 喜结良缘 江苏婚姻登记迎小高峰 传统七夕佳节如约而至，这也是婚姻登记实现“全国通办”后迎来的首个七夕，江苏各地精心策划组织活动，弘扬文明婚俗新风。 8月29日一大早，江苏多个婚姻登记处人头攒动。婚姻登记全国通办后，江苏多个位于景区、文化地标的特色婚姻登记点迎来了结婚登记高峰。在全国首个宪法主题结婚登记点——南京宪法公园结婚登记点，新人们在巨型结婚证下定格幸福瞬间，在宪法见证下完成人生重要时刻。 新人周易凡说：“这里的主题是宪法护佑美好爱情，我希望在宪法的见证之下，我们的婚姻可以更加美好，更加长长久久。” 在苏州十全街和耦园登记处，江南景串联幸福旅程，新人们早早来到登记拍照，氛围感拉满；在扬州新投入使用的何园颁证基地，六对新人在园林美景中完成了难忘的结婚颁证仪式。 新人胡欣说：“中式园林的氛围，让我感受到以前大家闺秀出阁的感觉。” 江苏各地还举办了丰富多彩的浪漫活动，镇江、泰州等地组织了中式集体婚礼，行合卺礼、手签婚书、行结发之礼……简约而庄重的婚礼仪式，共同见证新人们对彼此的承诺和责任，也传承着忠贞、仁孝等优秀传统文化。 新人赵怡说：“集体婚礼比我想象中更庄严、更浪漫，我们在白娘子传说的发源地许下婚约真的十分特别。以后每次想起婚礼，一定会记住金山湖畔这份浪漫。” “七夕”节又称“乞巧节”，祈福、穿针乞巧，在江苏多地，市民们身着汉服，体验乞巧仪式和非遗制作的传统技艺，感受传统民俗文化。 淮安生态文旅区福地路办事处森林公园社区党委副书记孙明星说：“活动邀请老年居民参与蚕丝扇的创作，分享人生故事，在代际互动中传递‘孝亲睦邻’的理念，既能创新传承传统节日，也能涵养文明传统新风。” 【2025全国“我们的节日·七夕”特别节目今晚东台启幕】 2025全国“我们的节日 七夕”主题文化活将在江苏、河北、内蒙古、湖北、云南、青海等地拉开帷幕。此次盐城东台主会场活动以“忠贞爱情 缘定七夕”为主题，推出一系列精彩纷呈的主题文化活动，并将上演一场精彩纷呈的高品质舞台表演，集中展示新时代婚恋观与文明风尚。特别节目将于8月29日晚七点半在江苏卫视、江苏城市频道、江苏国际频道等电视频道，ai荔枝、荔枝新闻等新媒体平台同步直播。 记者丨王敏 章斌炜 王鹏 龚俊杰 王硕 丁峰 罗晓鹏 沈骁 供片台丨宿迁台 常州台 淮安台 沭阳台 如东台 太仓台 连云港台,989,http://js.people.com.cn/n2/2025/0830/c360302-41337368.html,婚姻登记;结婚登记;婚姻;结婚;婚恋;婚俗;婚约;婚礼
People.cn,2025-08-30,乐东百名单身青年职工共赴浪漫之约,人民网乐东8月30日电 （记者李学山）为深入践行服务职工宗旨，切实回应各族青年职工婚恋交友需求，积极倡导民族团结与文明婚恋新风，8月29日，由乐东县总工会、团委等部门联合主办的“工会佳缘 邂逅七夕”单身职工联谊交友活动在抱由镇抱邱村陶园成功举办。来自当地党政机关、企事业单位及驻地部队的100名未婚青年职工齐聚一堂，共觅良缘。 活动现场设置了破冰互动、陶瓷制作、携手闯关、真情告白等环节，整体氛围温馨而热烈。最终，10对青年成功牵手，更多青年互相交换了联系方式，表示愿意进一步深入交流。参与职工纷纷表示，此次活动打破了单位、行业壁垒，让大家真切感受到“娘家人”温暖与关怀的同时，也拓宽社交视野。 乐东黎族自治县人大常委会副主任、县总工会主席林振康表示，工会作为职工的“娘家人”，帮助青年实现“成家立业”是应尽之责。本次活动不仅为各族青年职工加强交往、增进友谊提供了良好平台，也生动展现了民族团结、和谐共进的良好风貌。希望大家珍惜机会，敞开心扉、展现自我，在互动中增进了解、收获友情乃至爱情，将个人成长融入乐东高质量发展的时代征程。 下一步，乐东总工会将持续深化“工会佳缘”品牌建设，常态化开展形式多样、内容丰富的联谊活动，更好地满足青年职工的交友需求，助力更多青年人才在乐东安心立业、踏实创业、成就事业，为加快推进海南自贸港和幸福美好新乐东建设贡献青春智慧与力量。,582,http://hi.people.com.cn/n2/2025/0830/c231190-41337896.html,婚恋;单身
People.cn,2025-08-30,又到一年七夕时 成都共办理结婚登记3570对,8月29日，又到一年七夕时，这个承载着千年浪漫传说的节日，不仅是情侣间表达心意的日子，更是无数新人定格幸福、开启人生新篇章的幸福时刻。从合江亭东门码头到古色古香的锦里，成都各区（市）县纷纷推出丰富多彩的活动，为新人们打造了一场场爱意满满的盛宴。记者从市民政局获悉，截至当日17时30分，全市共办理结婚登记3570对。 古巷蜿蜒，红灯高挂，琴音袅袅。8月29日上午，锦里文化旅游街区迎来一场别开生面的浪漫盛事——“天府有囍·情定锦里”七夕集体颁证暨天府有囍联盟授牌仪式，将传统婚俗与现代仪式感融合，让10对新人在古色古香的锦里，以千年文化为证，许下白首之约。 上午9点30分，仪式在古戏台正式启幕。“天府有囍”联盟正式授牌，婚庆、摄影、文旅、餐饮等首批商家代表加入联盟，将携手打造一站式婚恋服务生态，为新人的幸福旅程注入更多可能。 随着七夕集体颁证仪式开始，现场氛围达到高潮。新人们缓步上台，行牵巾礼、执手宣誓，在特邀颁证师的见证下，郑重接过象征承诺的结婚证书。台下掌声雷动，游客纷纷举起手机记录这动人的瞬间。 仪式结束后，新人与游客共同开启一场甜蜜的“花间囍事”巡游。古琴体验区琴瑟和鸣，传统婚俗猜谜引人驻足，非遗剪纸区巧手生花，古巷投壶笑声不断……新人与游客穿梭于商铺间“锦里寻囍”集章探秘，参加活动、收集印章、兑换祝福礼品一气呵成，将幸福传递至每个角落。 七夕当日，成都市第21个公园婚姻登记处在青白江区城厢古镇启用。同期举行的还有“蓉城喜事・爱在城厢・浪漫启幕” 七夕集体颁证暨文明婚俗宣传活动，10对新人着华服在城厢古镇许下百年之约。 上午8点50分，“青白江区城厢古城婚姻登记处” 新匾揭幕，正式落户千年古镇。登记处位于青白江区城厢镇城厢古城长宁驿小南街8-12号，建筑面积209.68平方米，深入融合城厢古香古色文化，打造“一中心+N场景”独具风格的婚姻登记场所：内设有登记区、候登区、颁证室、档案室、婚姻辅导室及文明婚俗文化墙，外设拍照打卡微景观，以生动有趣的形式传播文明婚俗文化，吸引游客驻足观赏。 活动现场，红绸映“囍”，青砖黛瓦间古韵流淌。婚书颁发、花轿引路、月老牵线等定制古雅仪式接连上演，让众人深切感受中华传统婚俗魅力，新人亦在文化熏陶中坚定婚姻承诺。 活动还设文明婚俗宣讲与承诺环节，借古城庭院与传统婚俗壁画，倡导 “喜事简办、杜绝浪费” 的文明新风。新人代表承诺，将传承婚俗之 “礼”，让婚姻更纯粹。（成都日报锦观新闻记者 杨升涛 余力 白洋 吴怡霏 杨帆 实习记者 周继红）,1052,http://sc.people.com.cn/n2/2025/0830/c379471-41337415.html,婚姻登记;结婚登记;婚姻;结婚;婚恋;婚俗;情侣
People.cn,2025-08-30,宁夏石嘴山市新人共倡文明婚俗,8月29日，宁夏回族自治区石嘴山市大武口区“情暖七夕节 传承好家风”集体婚礼在大武口区青山公园举行。 上午9时，装饰着“孝老爱亲传家久”“勤俭持家继世长”等家风家训的公交车从大武口工业遗址公园出发，载着12对新人缓缓巡游城市主干道。车身悬挂的家风短句与播放的本地家风故事相呼应，成为街头一道流动的文化风景线。沿途市民纷纷驻足观看，不少人举起手机记录这别具意义的场景。 上午10时，集体婚礼仪式在山水广场正式开始。新人们身着传统服饰，在司仪的引导下完成这场特别的新婚仪式。仪式结束后，金婚夫妇分享了他们相守半世纪“包容互谅、勤俭持家”的相处之道，全国最美家庭代表李翠华则以一封家风传承书，道出“家和万事兴”的朴素智慧。 最庄重的环节，是12对新人宣读《移风易俗承诺书》。除了“零彩礼、简婚礼”的承诺，更将“互敬互爱、孝敬长辈、教育子女”等家风责任郑重写入婚姻誓约。“参加集体婚礼既浪漫又有意义，我们想用行动告诉更多人，幸福不是靠彩礼堆砌，而是靠彼此之间的惺惺相惜。”新人冯思敏说。 与主会场相呼应的“国风雅韵·文明实践大集”同样热闹非凡。非遗剪纸区，传承人以“二十四孝”“邻里互助”为主题创作，边剪边讲述作品背后的家风故事；书法展位上，“一粥一饭当思来之不易”等家训楹联吸引众多市民驻足；手工体验区，新人及市民共同编织中国结，将写有“家风寄语”的卡片系于绳结之上，寓意“家风如结，代代相系”。 分会场同步开展的“爱上一座城 我眼中的文明乡风”主题系列活动同样精彩。书画作品展中，“好媳妇带动全村孝老”“勤俭家风助推乡村振兴”等题材的作品以艺术形式诠释“家庭小美”汇聚“社会大美”的内涵；“家风故事宣讲会”在分享最美家庭故事的同时，还邀请观众现场分享“自家的家风小事”，吸引了不少市民。 这场以七夕节为契机的文明实践活动，是宁夏回族自治区文明办在全区指导开展的“我们的节日”—集中示范系列活动之一，活动将婚俗改革与家风建设深度融合，旨在持续深入推进移风易俗工作，引导广大青年树立正确的婚姻观和家庭观，做高价彩礼的终结者、勤俭家风的传承者、文明乡风的点亮者。,876,http://nx.people.com.cn/n2/2025/0830/c412365-41337358.html,高价彩礼;婚姻;彩礼;婚俗;婚礼
People.cn,2025-08-30,浙江淳安：婚姻登记服务中心搬上“爱情岛”,8月29日，“甜蜜集结 为爱出发”2025中国千岛湖·秀水婚典新人权益发布暨淳安县婚姻登记服务中心（月光岛）启用活动在浙江淳安举行。 月光岛是千岛湖内著名的爱情岛，岛上的情园更是著名的“锁岛”，见证了无数游客的甜蜜。活动当天， 发布了“亲青恋·青友学院”青年交友新阵地、户外颁证基地、四项婚旅政策和2025中国千岛湖·秀水婚典新人权益，新人代表为淳安县婚姻登记服务中心（月光岛）揭牌。 淳安县婚姻登记服务中心（月光岛）启用。淳安县委宣传部供图 据悉，淳安县创新推出“一个婚登中心+多个户外颁证基地”模式，将千岛湖植物园、阿尔法城、理想花园等景点改造成为户外颁证基地，形成婚恋产业链。5A级景区婚姻登记中心与多个户外颁证基地有机串联，打造独具特色的爱情打卡地。 左口乡素有“浙江省蜜枣之乡”美誉，拥有5000余亩的古枣林。其中，位于显后村内的“枣树王”树龄超过300年。近年来，显后村在枣产业的基础上发展乡村“甜蜜经济”，依托“此生情定千岛湖”IP，建立“爱之路”户外颁证基地，打造婚恋文旅融合的爱情圣地。 淳安县婚姻登记服务中心（月光岛）吸引新人争相打卡。淳安县委宣传部供图 为此，淳安千岛湖旅游集团推出“民族服饰体验”婚恋旅拍服务，吸引诸多新人慕名而来。王至柔夫妇选择在显后村旅拍，他们身着畲族传统服饰，衣袂上“凤凰戏牡丹”的精美纹样在阳光下熠熠生辉。古枣树下，光影交错，相机快门声不断，定格下一张张唯美的旅拍照片。 淳安县民政局党委委员、副局长陈霞表示，“接下来，我们将加快‘婚恋＋文旅’深度融合，倡导婚事新办，满足新人个性化需求，进一步优化婚姻登记服务，带动婚旅产业发展，助推‘甜蜜经济’。”（方汇泽、张渊凯）,708,http://zj.people.com.cn/n2/2025/0830/c370990-41337722.html,婚姻登记;婚姻;婚恋
People.cn,2025-08-30,绍兴越城：“水上婚礼”超甜 千元消费券当场领,谁说领证非得进大厅？七夕（8月29日）当天，绍兴市民及游客在黄酒小镇围观了最“江南”的领证现场：没有行政大厅和办事窗口，取而代之的是摇曳的乌篷船、荡漾的水波和绵长的摇橹声，八对新人乘船穿行在古老的浙东运河上，完成了一场“一船一证一仪式”的水上集体婚礼。 8月29日下午，伴随着喜庆的民乐，新人们身着唐、宋、明以及新中式等不同时代的婚服，依序登上装饰一新的乌篷船，向沿岸的亲友微笑、行礼。在浙江省金牌颁证员的见证下，他们一同行古礼、宣读誓言、领取结婚证书，完成人生中最重要的仪式。“原本以为领证就是去民政局走个程序，没想到还能这么浪漫，真想再结一次！”在场许多观众表示“被种草”。 当天，绍兴市越城区户外结婚登记颁证点在黄酒小镇正式挂牌成立。依托大运河世界文化遗产与黄酒文化核心资源，该颁证点突破传统婚姻登记服务的空间限制，从行政窗口延伸至文旅场景，融合结婚登记、特色颁证仪式和婚俗文化，为新人提供“文化+登记+旅游”三位一体的全新体验。 “为深度发展‘甜蜜经济’，我们与越城区民政局达成战略合作，除了引进5A级标准的特色婚姻登记处，还同步规划打造约2万平方米的‘红妆坊’主题坊市。”绍兴黄酒小镇管理中心主任陈海龙介绍，作为小镇婚庆产业的承载区，“红妆坊”将吸引婚纱摄影、婚礼策划、礼服定制等全产业链商家入驻，与婚姻登记处联动，构建从领证到办宴的一站式婚庆服务基地，带动本地消费和产业升级。 现场还启动了绍兴市结婚有礼消费券政策，通过整合文旅景点、餐饮酒店、婚庆服务等行业资源，为登记结婚的新人提供实实在在的消费补贴。据了解，即日起，凡在绍兴市越城区婚姻登记处依法办理结婚登记，并取得《结婚证》的夫妻，均可成为本次结婚有礼消费券的发放对象。符合条件的结婚对象每对发放结婚有礼消费券1000元。 “我们颁发的不仅是一本证，更是一份来自城市的祝福。”绍兴市民政局相关负责人表示，后续将聚焦“越暖心”行动，结合“越享甜蜜”品牌打造，提增青年群体结婚意愿，持续提振婚姻家庭服务领域消费。,838,http://zj.people.com.cn/n2/2025/0830/c186327-41337873.html,婚姻登记;结婚登记;婚姻;结婚;婚俗;对象;夫妻;婚礼
People.cn,2025-08-31,“鹿鸣邀约·银河之夜”七夕相亲游园 千名青年相聚襄阳,8月29日晚，“鹿鸣邀约·银河之夜”2025相亲游园盛典在襄阳东津新区汉江生态城鹿鸣公园浪漫上演。活动以“我们的节日·七夕”为主题，融合汉水文化与现代互动，吸引了来自襄阳、十堰、随州的近千名单身青年参加，并带动大批市民和游客到场观赏，共同见证七夕之夜的浪漫与热烈。 本届活动采用“政府主导、市场运作、政企协同、多地联合”的创新模式，不仅在规模上实现突破，更首次推动襄阳、十堰、随州三地联动，共同呈现汉水流域独特的七夕文化体验。 现场通过三大核心场景、四大沉浸体验，让文化可感可触。在“爱情码头”，郭靖黄蓉的故事传递“忠贞相守”文化内核；“月桥相会”悬挂的七彩祈愿带，则寄托了现代人对美好生活的向往。 活动紧扣“七”字展开创意布局：七大游园打卡点融合夜游、演艺、美食、汇展、相亲、烟花和襄阳青歌赛，尤其联动公园式结婚登记中心，嵌入婚姻服务场景，七夕预约登记人数显著增长；视觉呈现以“七彩”为主调，从银河夜空到道旗、顶棚、祈愿带，构建绚丽梦幻场景；压轴环节为升级版七彩烟花秀，点亮汉江夜空，将气氛推向高潮。 “仿佛穿越千年，一下子懂了什么是‘盈盈一水间，脉脉不得语’。”来自襄阳的李女士分享。她和新结识的朋友在银河步道漫步，满天星灯与汉江夜景交相辉映，成为她心中难忘的浪漫场景。 许多参与者表示，活动不仅创造了相遇的契机，更营造了相知的氛围。活动现场，“月老”与“干孃”引导500对单身青年通过“相识—相交—相知”的阶梯式环节逐步破冰。七夕佳节对应七字，最终在活动中优先成功牵手的7对嘉宾，登上主舞台接受祝福，并获得襄阳最新设计首次亮相的特色文创礼品“转心杯”。 本次活动不仅场面火爆，更以实实在在的数据证明了其巨大的成功和广泛的社会影响力：活动精准覆盖襄阳、十堰、随州三地，近千人通过单位工会及线上渠道报名的优质单身青年，逾万人游园；活动通过多平台同步直播，线上累计观看量突破百万；活动现场设立的“城市汇展”与“美食集市”聚集了来自三地的40多家特色商户，有效拉动了夜间消费…… 盛典在20分钟的七彩烟花秀中达到高潮，漫天华彩点亮汉江夜空。主办方表示，“鹿鸣邀约”IP将持续运营，未来将引入更多创新元素，打造华中地区具有影响力的爱情文化盛会，为城市发展和青年群体带来更多积极影响。（文/图 王妍丽、朱斌、周波）,954,http://hb.people.com.cn/n2/2025/0831/c192237-41338095.html,结婚登记;婚姻;结婚;相亲;单身
People.cn,2025-08-31,全国首个七夕主题婚姻登记中心落户新余仙女湖--江西--人民网,人民网新余8月31日电 （涂诗轩）8月29日，全国唯一以七夕为主题的婚姻登记中心——江西新余仙女湖婚姻登记处揭牌。当日，不少新人在此登记领证，景区还送上住宿、门票等“七重礼遇”。 ​新余是“七仙女传说”溯源地，1600多年前《搜神记》曾记载相关故事，其衍生的牛郎织女传说让七夕成爱情象征。近年来，新余连续22年举办七夕文化旅游节，确立“浪漫七夕地 天工开物城”城市品牌，成功创建全国第一个以七夕文化为主题的国家级旅游度假区。此次登记处设立，既是推进婚姻登记“全国通办”的实践，也是弘扬传统婚俗、推动婚俗改革的举措。 此外，景区将婚姻登记与景区文化结合，发展“甜蜜经济”，打造结婚纪念打卡地。七夕当晚，“为爱心动”水上情歌会用全息技术呈现视听盛宴，探索传统节日与现代艺术融合新方式。新余正以七夕文化构建“文化+文旅+婚恋”格局，为地方发展注入活力。,373,http://jx.people.com.cn/n2/2025/0831/c190260-41338022.html,婚姻登记;婚姻;结婚;婚恋;婚俗
People.cn,2025-08-31,呼和浩特市新城区打造婚育友好型服务链,8月28日傍晚，呼和浩特市新城区公主府博物馆庭院内古乐悠扬，一场名为“缘起公主府·鹊梦会兰夜”的七夕国风主题青年交友活动浪漫上演。 前来参加活动的单身青年们手持诗笺，在这场融合传统文化与现代婚恋理念的雅集中，邂逅缘分、共话佳期。 活动以七夕“乞巧节”为文化背景，通过“乞巧拓印”“团扇传情”等沉浸式游戏环节，打破传统相亲模式，让青年男女在典雅氛围中互动、深化了解。 “这样有氛围的交友活动特别有意思，期待成为我的美好姻缘的开始。”参与活动的女青年小佳举起手里的团扇笑着说。 举办这样的活动，只是新城区着力推进婚育友好型城市建设的一个生动缩影。 近年来，新城区连续推出“书香缘”“职场联谊”“露营会友”等多种主题青年交友活动。通过一场又一场的主题活动，为单身青年拓宽了交友渠道，搭建起了诚信友善的交友平台，引导青年树立健康的婚恋观与家庭观，收获情感归宿与幸福体验。 “我们希望通过深挖传统文化内涵，打造高品质、有温度的交友平台，让年轻人真正‘愿交友、善恋爱、乐成家’。”新城区新时代文明实践中心主任杨琳说。 而在每一个有特殊意义的日子里，新城区婚姻登记服务中心总是格外热闹。 这里不仅提供婚姻登记服务，更是一个集婚姻登记、文化交流、家风教育等为一体的婚姻服务综合体。中式、蒙式、西式风格的打卡点，让新人们留下幸福美好的记忆。 8月29日，是独属于中国式的浪漫节日——七夕节。希望在这一天成为自己幸福生活开端的人也不在少数，新人李泽涵就是他们中的一员。 与其他新人不同，李泽涵和爱人是特意选择来新城区婚姻登记服务中心体验特色婚姻登记服务的。 “我们在其他地方领了证，然后专程来这边拍照打卡记录幸福时刻的。”李泽涵解释说，她在社交平台上看到新城区创新推出“主题婚姻登记”“集体颁证仪式”“婚恋辅导公益课”等特色服务，就想来这边体验记录自己的幸福时刻。“真的很好，这里关于婚姻和家风的宣传让我和爱人对婚姻有了更多的感触。”她说。 “今天仅线上预约登记的新人就有近两百对，为此我们安排志愿者进行流程指引、拍照等服务，还安排了免费的婚姻家庭辅导师，通过鼓励举办集体婚礼、公益婚礼等方式，遏制高额彩礼现象，减少大操大办行为，为年轻人减负，为幸福生活加分。”呼和浩特市新城区婚姻登记服务中心主任魏丽君介绍说。 从别开生面的“公主府鹊桥会”，到温馨专业的“特色婚姻登记服务”，新城区正以文化为底蕴、以服务为桥梁，精心构建人们从相识、相知到相守“全链条”婚育友好型服务体系。这不仅是一场活动、一项服务，更是一座城市的温度。（记者 郑学良 通讯员 梁良）,1066,http://nm.people.com.cn/n2/2025/0831/c192247-41338190.html,婚姻登记;婚姻;婚恋;婚育;彩礼;恋爱;相亲;单身;婚礼
China News Service,2025-09-01,中央农办部署加强农村高额彩礼问题综合整治,新华社银川9月1日电(记者胡璐、许晋豫)综合整治农村高额彩礼问题是党中央关注、老百姓关心的一件民生实事。中央农村工作领导小组办公室将加强部署，推动农村高额彩礼综合整治落地见效。 这是记者1日在宁夏召开的部分省份农村高额彩礼问题综合整治经验交流会上了解到的。 近年来，各地区各有关部门在宣传引导、婚俗改革、婚恋服务、打击婚托婚骗等方面综合发力，推动局部地区彩礼上涨势头得到有效遏制。 中央农村工作领导小组办公室有关负责人在会上表示，农村高额彩礼问题是文化习俗、性别失衡、城乡差距等多方面因素交织造成的，必须持续用力、久久为功。要聚焦重点任务和重点地区，坚决打好农村高额彩礼整治攻坚战、持久战。扎实开展彩礼状况摸底调查，加强农村婚恋公共服务，依法规范彩礼行为，加强宣传教育引导。 此外，还要探索建立既治标更治本的长效机制，如扎实推进乡村建设行动，提高乡村宜居宜业水平，更好解决农村青年生产生活的后顾之忧；根据农村适婚群体的情况，有针对性给予帮扶和指导，帮助他们提高能力、增收致富、改善生活水平，提高婚恋成功率；依法依规出台一些“低彩礼”和“零彩礼”激励措施，让家庭切身感受到移风易俗带来的实惠好处。 【,499,https://www.chinanews.com.cn/sh/2025/09-01/10475002.shtml,婚恋;彩礼;婚俗;适婚
People.cn,2025-09-01,株洲荷塘区：“荷”你有约，承七夕雅韵，树婚恋新风,"8月29日晚，株洲荷塘区“我们的节日·七夕·缘定七夕·‘荷’你有约”文明实践主题活动在齿动·1958文创园圆满落幕。这是一场深耕传统根脉、贴近群众需求的文明实践盛会。 “我觉得这种活动很有意义。平时工作忙没机会认识人，七夕活动可以把同频的人聚在一起，还能玩游戏，轻松不尴尬。”现场参加相亲活动的小李说。本次活动以“穿越千年荷塘，‘荷’你一起共度七夕”为主线，融入荷塘区工业基因与地域特色。现场设置了同心渡银河、音为有你、天作之合等互动游戏，帮助现场的嘉宾迅速破冰，拉近彼此距离。 活动现场不仅为在场的单身青年男女提供了交友互动的平台，还精心设置了游园互动区，参与互动的市民可通过对诗、解九连环、书法等挑战游戏获得现场赠予定制的“荷塘十二时辰婚书”,婚书依据十二时辰顺序，包含了在荷塘区仙庾岭等知名文旅景点游览的爱情打卡地。与此同时，集市摊位、古妆体验等沉浸式体验场景也大受欢迎，7个分会场同步开展交友联谊、观影等活动。 “这是我第一次参加如此有文化氛围的七夕活动，收获特别多。”市民李女士手持集满印章兑换的礼袋表示，不仅和朋友一起完成了趣味任务，还体验了古妆点荷，更通过结发礼、却扇礼展示感受到传统婚俗的魅力，真正体会到中华优秀传统文化的深厚底蕴。这样的活动既丰富了我们的精神文化生活，也让文明婚恋的理念更加深入人心。 据悉，此次活动的成功举办，不仅为青年们提供了一个以 “七夕” 为纽带的真诚交流平台，让大家在民俗体验中沉浸式感受传统文化里蕴含的忠贞、浪漫与责任，唤醒对中华优秀传统文化的认同与热爱，还为新时代青年婚恋观的表达搭建了桥梁，将个人情感与社会责任相联结，传递出 “以爱为基、尊重包容、共同成长” 的婚恋理念，真正实现了传统节日文化与新时代婚恋观的有机结合，为青年群体构建健康情感关系、传承文化基因注入了温暖动能。（吴晶婕 莫崎逡）",772,http://hn.people.com.cn/n2/2025/0901/c356887-41338835.html,婚恋;婚俗;相亲;单身
People.cn,2025-09-01,辽宁多地工会联动 打造“边守边爱”婚恋平台,在传统七夕佳节来临之际，按照全国总工会组织九省区，同步开展戍边青年民警婚恋交友活动的统一安排。辽宁省总工会女职工部指导丹东、大连、锦州等市开展戍边青年民警婚恋交友活动，为常年坚守国门、奉献边关的青年干警搭建情感交流平台，切实解决他们的婚恋难题。 辽宁省总工会与省边防总站沟通，在充分了解辽宁戍边民警婚恋交友需求的基础上，上下联动，积极组织相关口岸驻地职工参与活动，把做好戍边民警的婚恋服务工作，当作维护边疆繁荣稳定、促进人口长期均衡发展的重要工作。 8月下旬，三地活动相继浪漫启幕，融合传统文化与现代联谊形式，营造出温馨热烈的交友氛围。在锦州，50名单身青年通过“破冰游戏”“鹊桥相会”“穿针乞巧”等环节增进了解，最终11对嘉宾成功建立联系；在大连，青年们身着国风服饰，体验非遗剪纸、古法制灯，在“绣球定情”环节中14对嘉宾勇敢牵手；丹东场活动则通过“边关战队”团队竞赛、情感问答及深度交流，促成9对青年达成进一步交往意向。 丹东、大连、锦州三个市总工会举办各具特色的专场活动，共吸引330余名职工参加，直接服务戍边民警60人，现场达成交友意向近50人。其中，丹东市总工会积极对接吉林省驻丹东边检站，打破地域限制，成功搭建起跨省服务桥梁，为戍边民警婚恋服务工作按下“加速键”，凝聚起工会组织协同服务戍边民警的强大合力。 这些活动不仅设计巧妙、形式新颖，更深刻体现出对戍边青年群体的深切关怀。多年来因工作性质特殊、社交圈受限，许多青年民警虽守护国门却难觅知音。为此，辽宁多地工会整合资源、精准服务，将“会聚良缘”品牌与“边守边爱”主题深度融合，既展现了传统文化魅力，也突出了戍边奉献的精神内核。未来，辽宁各级工会将继续加强部门协作，创新活动形式，扩大服务覆盖，为包括戍边民警在内的广大青年职工创造更多相遇相知的机会，切实提升职工的幸福感与归属感，让他们更能安心扎根岗位、守护国门、服务地方发展。,796,http://ln.people.com.cn/n2/2025/0901/c400014-41339423.html,婚恋;单身
People.cn,2025-09-02,整治农村高额彩礼工作取得积极成效,本报吴忠9月1日电 （记者常钦）9月1日，中央农村工作领导小组办公室在宁夏回族自治区吴忠市召开部分省份农村高额彩礼问题综合整治经验交流会。记者从会上了解到：近年来，各地区各部门健全机制、创新举措、压实责任，在整治农村高额彩礼方面做了大量工作，取得了积极成效，全社会共同抵制高额彩礼的氛围正在形成。 会议强调，要聚焦重点任务和重点地区，推动综合整治措施持续落地见效，推动移风易俗，培育文明乡风。扎实开展农村彩礼状况摸底调查，建立健全日常动态监测机制，提高工作针对性和实效性。加强农村婚恋公共服务，强化社会婚介组织监管，集中整治哄抬彩礼和大操大办等突出问题。因地制宜提出彩礼倡导性标准，加强涉彩礼法治宣传教育，选树一批“低彩礼”和“零彩礼”典型，清理网络不良有害信息，引导群众理性对待彩礼给付。探索建立问题整治长效机制，提升乡村宜居宜业水平，逐步消除农村高额彩礼问题滋生蔓延的土壤。加强组织领导，明确工作责任，注意方式方法，以钉钉子精神推进系统治理，切实防止问题反弹回潮。 《 人民日报 》（ 2025年09月02日 07 版）,462,http://sc.people.com.cn/n2/2025/0902/c345167-41339991.html,婚恋;彩礼;婚介
People.cn,2025-09-02,湖南新宁：浪漫七夕邂逅草坪音乐 崀山奏响婚俗新风乐章,8月29日晚，“浪漫崀山·情定七夕”2025年邵阳市“我们的节日·七夕”主题活动暨新宁县草坪音乐交友相亲会在湖南省新宁县崀山舜皇里文化产业园浪漫启幕。来自全市近百名单身男女相聚于丹崖碧水间，共赴甜蜜之约，以实际行动践行“轻彩礼重真情”的婚恋新风尚，为传统佳节增添别样浪漫色彩。 活动现场，“抵制高价彩礼”承诺书成为独特的文明注脚。男女嘉宾纷纷在签名墙上郑重落笔，以坚定的承诺表达对文明婚恋新风的支持与践行决心。伴随着音乐会上一首首浪漫动听的情歌，“三观速配”“击鼓传花”“心动十分”等趣味十足的互动交友环节轮番登场。嘉宾们围绕兴趣爱好、人生理想、婚恋观念等话题畅所欲言，在轻松愉悦的氛围中，陌生的隔阂迅速消融，心与心的距离不断拉近。最终，三对嘉宾在深情告白中成功牵手，获赠象征美好寓意的“崀山牵手纪念卡”，收获爱情的甜蜜。此外，全国最美家庭陈政松夫妇亲临现场，分享幸福婚姻的经营之道，为活动注入更多温情与启示。 “遇见他是我最大的收获，他的真诚特别打动我。彩礼应是双方父母对新家庭的支持，量力而行就好，婚姻是两人携手奔赴美好未来的旅程。”牵手嘉宾吴自俊满脸幸福地分享道。另一位牵手嘉宾尚生登也难掩喜悦：“昨天刚匹配成功，今天就来到世界自然遗产、国家5A级风景区崀山，乘索道登上八角寨，饱览‘鲸鱼闹海’奇观，又漫步将军石夫夷江畔。在绝美山水的见证下，我们收获了爱情，意义非凡。” 此次活动由邵阳市文明办、民政局等七部门联合主办，新宁县新时代文明实践中心、总工会等单位协办承办，是落实中国传统节日振兴工程、推进婚俗改革的生动实践。活动巧妙地以崀山秀美的自然风光与深厚的人文底蕴为依托，将音乐演出与互动交友深度融合，打造出一场传统节日与现代社交完美碰撞的沉浸式联谊盛会，既为单身群体搭建了优质的交友平台，也让文明婚恋观念如春风化雨般深入人心。 “七夕来崀山游玩，正巧碰上草坪交友活动，在音乐的旋律中结识新朋友，这种自然轻松的交友环境太特别了，我相信这样的缘分能让感情长长久久。”女嘉宾曾培文对此次活动赞不绝口。 据悉，自7月启动“崀山草坪音乐会”以来，线上相关视频浏览量破千万，“云游崀山、耳听盛宴”成为网络热词。近年来，新宁县依托得天独厚的自然资源禀赋，不断探索“音乐+生态+文旅”的创新模式，推出了“崀山草坪音乐会”“脐橙花开音乐会”“电音水秀狂欢节”等一系列文旅品牌活动，不仅为游客提供了丰富多元的视听享受，更成为助力文旅产业升级、赋能乡村全面振兴的重要力量，为县域经济社会发展注入澎湃动力。（鄢跃斌 郑秉武 钱宇杭）,1059,http://hn.people.com.cn/n2/2025/0902/c356888-41340217.html,高价彩礼;婚姻;婚恋;彩礼;婚俗;相亲;单身
People.cn,2025-09-03,离婚后向过错方能否主张离婚损害赔偿？--社会·法治--人民网,本报讯 协议离婚后，无过错方发现在婚姻关系存续期间另一方存在过错情形，能否主张离婚损害赔偿？近日，陕西省城固县人民法院审结一起离婚后损害赔偿责任纠纷案，法院判决支持无过错方5万元精神损害赔偿金的索赔主张。 宁某、张某于2018年登记结婚，婚后育有一子，2023年12月因感情不和协议离婚。离婚后不久，张某偶然发现宁某在婚姻关系存续期间与婚外异性存在不正当关系，且该婚外异性已怀有5个月身孕。张某深感精神受挫，遂于2024年3月诉至法院，要求宁某支付精神损害赔偿金5万元。 法院审理后认为，精神损害赔偿不仅是对离婚无过错方个人情感伤害的补偿，更是对婚姻关系中忠诚义务被严重违背的法律回应。张某作为无过错方，提供的相关证据均属实，且宁某承认其婚内出轨行为。根据民法典第一千零九十一条的规定，宁某的行为符合“有其他重大过错”的情形，张某有权请求精神损害赔偿。对于赔偿金额的认定，应根据张某因宁某的过错行为所遭受的精神痛苦程度，结合宁某的经济能力与当地的经济生活水平等综合确定。本案中，宁某的恶劣行为对婚姻关系的破坏程度较高，张某请求宁某支付5万元的精神损害赔偿金在合理范围内，法院依法予以支持。（刘彬） 无过错方请求离婚损害赔偿的诉讼时效为3年，从当事人知道或者应当知道原配偶有重大过错行为之日起计算。也就是说，即使在离婚后才知晓原配偶有重大过错，也可以向法院起诉要求对方支付离婚损害赔偿，但应当在3年诉讼时效内提出，否则可能无法得到法院支持。因此，在婚姻关系中，双方都应增强法律意识，了解自己的权利和义务。当离婚后发现对方存在重大过错时，无过错方应及时收集证据并提起诉讼，以维护自身合法权益。,694,http://society.people.com.cn/n1/2025/0903/c1008-40555919.html,婚姻;结婚;离婚;配偶
People.cn,2025-09-05,人民网评：整治高额彩礼必须持续用力、久久为功--观点--人民网,近日，中央农办召开部分省份农村高额彩礼问题综合整治经验交流会。综合整治农村高额彩礼问题是党中央关注、老百姓关心的一件民生实事。为此，中央农村工作领导小组办公室将加强部署，推动农村高额彩礼综合整治落地见效。 作为一项传统婚俗，彩礼古已有之。然而多年来，在部分地区，彩礼金额却逐步变形变味、一路高涨，乃至成为不少年轻人和家庭的一块心病。有的地方，不知从何时起，有了隐形的彩礼“门槛标准”。彩礼金额不够“门槛”，就不让进家门槛，多少幸福戛然而止；有的地方，动辄数十万元的畸高彩礼，加之房子车子等问题，压得一些家庭喘不过气；更有甚者，将结婚当作养育“回本”的时机、把彩礼当作牟利的工具，导致借债结婚乃至彩礼纠纷案件频频发生。凡此种种，背离了爱和礼的初衷，加重了家庭经济负担，也让婚姻幸福遭受畸形价值观的严重啃噬。 问题的关键，是彩礼的边界如何把握，诸如“高额彩礼”“天价礼金”等，显然不符合婚恋价值取向和现代社会文明。也正因为如此，从2019年至今，治理高额彩礼问题，已连续7年6次被写入中央一号文件。不少地方也严格落实相关政策要求，推出诸如设定彩礼上限、“零彩礼”等创新举措。眼下，局部地区彩礼上涨势头已得到有效遏制，不少群众也感受到移风易俗带来的可喜变化。然而也要看到，高额彩礼问题在一些地方、一些基层村庄，仍旧有着活跃市场。治理高额彩礼，是一个精细又持久的课题。 之所以这么说，是因为高额彩礼的存在，是十分复杂、牵涉多元的社会议题。它既关乎传统观念，也牵涉面子攀比、地方经济条件以及小环境、“小气候”等多重因素。可见，治理高额彩礼，从来不是某个部门、某个地方的事，也不会是靠单一“雷霆”手段就能够化解的事，而是需要综合施策、因地制宜、久久为功。 比如，民政、农村、司法等相关部门和力量，要多些治理智慧。既要用心宣传、科学引导群众对高额彩礼说“不”，也要对涉及高额彩礼的种种乱象，给予公正的法治裁决。在治理手段上，则要多些耐心。要鼓励地方进行创新探索，根据经济水平和风俗实际，通过村规民约等设定出约束性规范和倡导性标准。此外，要加大对年轻人尤其是农村适婚群体的公益性婚恋服务，以及就业保障等举措。 彩礼不是彩“利”。持续深入治理高额彩礼问题，是为婚恋减负，也是为社会正气正名、为幸福生活“加分”。主动转变彩礼观念，自觉抵制不良风气，才能共同守护好属于两个人、两个家庭的爱和“礼”。,988,http://opinion.people.com.cn/n1/2025/0905/c223228-40557695.html,婚姻;结婚;婚恋;彩礼;婚俗;适婚
People.cn,2025-09-05,宁夏平罗县移风易俗组合拳高额彩礼“瘦身”成效显,近日，移风易俗情景剧《爱不称重彩礼“轻装”》在宁夏回族自治区平罗县乡镇美食文化节亮相，该剧由平罗县黄渠桥镇红光村自编自导，该剧还在全县移风易俗活动及新时代文明实践舞台同时上演，以群众喜闻乐见的形式传递“婚礼简办、抵制高额彩礼”的婚俗新风。 近年来，如何因地制宜破解农村高额彩礼难题，成为平罗县各乡镇、村居党员干部的重点思考方向。平罗县红光村主动拓展思路、创新探索，不仅让文明婚俗在本村蔚然成风，更形成可复制、接地气的实践经验，为其他乡镇提供参考。 为推动移风易俗走深走实，平罗县红光村打出组合拳，制定红白理事会章程，将婚礼规模、彩礼标准、宴请范围、酒席规格等纳入村规民约，借助“积分超市”的奖励兑换机制，让移风易俗工作制度化、规范化、常态化；组织宣讲员深入农贸集市、田间地头、村民家中，解读“零彩礼”“低彩礼”家庭可享的政策优惠，科普抵制高额彩礼对子女婚姻的长远益处，让文明婚俗理念深入人心；村党支部书记带头践行“零彩礼”新风，推动移风易俗以身边“喜事新办”的真实故事为树立文明乡风群众树标杆；村“两委”引导村民参与编排《让婚姻始于爱让彩礼始于礼》《爱不称重彩礼“轻装”》等情景剧，通过共同讨论剧情、沉浸式演绎，让群众从“旁观者”变为“参与者”，用听得懂、愿意看的剧情传递正向婚嫁观，提升宣传实效。 “刚到村上开了个会，一听政策我吓醉。天价彩礼害处大，谁要遇上都害怕。”在平罗县黄渠桥农贸集市的演出中，红光村的情景剧以“方言+说唱”的独特形式开场，吸引现场群众观看，剧中台词更是直戳高额彩礼痛点，引发共鸣。 剧情之外，是平罗县红光村乡风文明的真实转变。“经过长期政策宣讲和上门劝解，近年来，村里先后出现2户‘零彩礼’、4户‘低彩礼’家庭。在他们带动下，村民彩礼金额从过去的十几万元，降到如今的10万元以内。”红光村党支部书记马学明介绍，村里将继续深化高额彩礼整治，创新宣传方式，推动乡村婚俗向健康文明方向发展。 近年来，平罗县持续发力推进移风易俗，累计编排《移风易俗——彩礼变投资，为幸福加分》《高价彩礼不可取》等原创节目50余个，结合600余场文艺演出开展宣传；组织“抵制高额彩礼”“倡导婚嫁新风”等主题宣讲1600余场次，让婚俗新风浸润乡村。今年以来，平罗县登记结婚的414对新人中，平均彩礼金额为7.6万元，低于宁夏“不超过农村居民人均可支配收入（23175元）4倍”的倡导标准，移风易俗工作取得扎实成效。,1006,http://nx.people.com.cn/n2/2025/0905/c412365-41343010.html,高价彩礼;天价彩礼;婚姻;结婚;彩礼;婚俗;婚嫁;婚礼
People.cn,2025-09-05,安徽颍上：以爱之名 奏响婚俗新风乐章,近年来，颍上县以创新举措和丰富活动为抓手，通过举办“零彩礼、低彩礼”集体婚礼，为婚俗改革注入了新的活力，引导广大群众树立正确的婚恋观、家庭观，让婚姻回归爱情的本真，引领了文明新风尚。 2024年1月18日（农历腊月初八），颍上县首届“零彩礼”集体婚礼在吾悦广场盛大举行，这场婚礼以“因为爱，我们结婚啦！”为主题，吸引了社会各界的目光。 当日，八对新人身着大红唐装，手挽着手，满脸洋溢着幸福的笑容，走过飘扬的彩带门，步入婚姻的美好殿堂。简约而不失喜庆的装扮，彰显出他们对婚姻的理解和对纯爱的追求。仪式上，新人们郑重地互相交换誓言，承诺相互扶持、相互守护，誓言充满真挚和感动，让在场的每一位观众都感受到了爱情的力量。值得一提的是，婚礼现场充满了文化氛围。颍上县两位书法家现场执笔，为新人们书写婚书，笔墨间流淌着传统婚俗文化的韵味，也为新人们的婚姻增添了一份独特的纪念。颍上县第二幼儿园的老师们为新人们剪刻囍字，用一双双巧手为婚礼再增喜气。20余名颍上县公益志愿者全程参与志愿服务，他们全程陪同婚车，维护婚礼现场秩序，帮助搬运婚礼用品，为婚礼的顺利进行提供了有力保障，也送上了最真挚的祝福与掌声。 2024年8月9日上午，在浪漫的七夕佳节，颍上县“零彩礼、低彩礼”七夕集体证婚颁证仪式在尤家花园景区温馨举行。古色古香的园林景致，绿树成荫，繁花似锦，为新人们的婚礼搭建了一个如诗如画的背景，让这场婚礼充满了浪漫与诗意。活动当天，6对新人在亲友和现场嘉宾们的共同见证下，开启了他们人生新的旅程。县委常委、县委宣传部部长李梓城为新人主婚、宣读证婚词，并颁发结婚证书、婚书，为他们送上诚挚的祝福。新人们分别进行了集体宣誓、互赠同心锁、同写誓言书等环节。集体宣誓时，他们的声音坚定而有力，许下了永远珍惜爱护彼此、相守一生的庄严承诺；互赠同心锁，寓意着将两颗心紧紧锁在一起，相伴一生；同写誓言书，用笔墨记录下此刻的深情与对未来的期许。 除了“零彩礼”集体婚礼，颍上县还积极举办集体颁证仪式，赋予婚姻登记更多的仪式感和庄重感。2025年8月29日农历七夕，“弘扬婚俗新风·爱在浪漫七夕”第四届集体颁证仪式在政务服务大厅举行，100余对新人参加。现场布置鲜花和彩带，营造出浪漫而温馨的氛围。县委宣传部、县民政局、县妇联、安徽管子文旅集团等主办单位为新人颁发结婚证，并送上包含手捧花、景点门票和家风读本等寓意美好的“新风盲盒”伴手礼，倡导重情轻礼、崇尚家风建设的婚恋理念。在这个承载着浪漫与忠贞的传统节日里，新人们在众人的祝福声中，共同开启了人生新的篇章。这种集体颁证的形式，让新人们在感受到婚姻神圣的同时，也增强了对家庭和社会的责任感。 为了让文明婚俗理念深入人心，颍上县还通过多种形式开展宣传活动。线上，利用官方网站、微信公众号等平台，发布文明婚俗倡议书、解读婚俗改革政策，引导群众树立正确的婚恋观；线下，在婚姻登记处设置宣传展板、悬挂横幅标语，并发放文明婚俗宣传手册，向办事群众宣传婚俗改革的重要意义和内容。 为进一步推动工作深入开展，2020年5月，颍上县创新建立县、乡、村三级村嫂理事会体系，还组建了村嫂“红娘服务队”，她们充分发挥着“她力量”作用，活跃在乡村的各个角落，为当地大龄青年“搭鹊桥”，并积极宣传婚事简办、低彩礼的文明新风。此外，颍上县还结合“我们的节日”等主题活动，开展丰富多彩的文艺演出，将文明婚俗的内容融入节目中，以群众喜闻乐见的形式进行宣传。通过这些宣传活动，在全县营造了浓厚的文明婚俗氛围，让越来越多的人自觉参与到婚俗改革中来。 如今，颍上县通过零彩礼低彩礼集体婚礼，以创新的形式、丰富的内涵和深远的影响，已成了婚俗改革的亮丽名片。（李军）,1524,http://ah.people.com.cn/n2/2025/0905/c374164-41342769.html,婚姻登记;婚姻;结婚;婚恋;彩礼;婚俗;婚礼
CCTV,2025-09-08,遏制农村高额彩礼，该如何发力？,新华社北京9月8日电 题：遏制农村高额彩礼，该如何发力？ 新华社“新华视点”记者胡璐、许晋豫、王飞航 “万紫千红一片绿”“三斤三两”……结婚本是人生大喜事，可一些农村地区的彩礼动辄几十万元，成为压在农民头上的一座“大山”。 近日，中央农村工作领导小组办公室召开部分省份农村高额彩礼问题综合整治经验交流会，释放出推进农村高额彩礼综合整治落地见效的积极信号。 近些年“天价彩礼”整治成效如何？陋习为何难消除？下一步如何攻坚？“新华视点”记者进行了深入调研。 中央农办有关负责人在经验交流会上表示，针对农村高额彩礼突出问题，我国在宣传引导、婚俗改革、婚恋服务、打击婚托婚骗等方面综合发力，推动局部地区彩礼上涨势头得到有效遏制。 江西省万安县弹前乡旺坑村卢先佐夫妇近期正在筹备女儿的婚事，经过村干部多次上门恳谈，决定将谈好的10多万元彩礼降至5万多元。 “几年前，我们这里一些家庭嫁女儿动辄要十几万甚至几十万元彩礼，有些原本感情不错的年轻人婚事因此陷入僵局。”旺坑村党支部书记刘玉彪告诉记者，近年来当地要求党员干部带头移风易俗，并加大宣传力度，逐渐改变这一陋习。 成效背后是各部门齐抓共管形成合力。如最高人民法院发布涉彩礼纠纷司法解释和典型案例，为治理高额彩礼问题提供司法指引；民政部推动修订《婚姻登记条例》，推进婚俗改革试点，倡导文明婚俗；农业农村部牵头开展大操大办问题治理；共青团中央、全国妇联等部门积极指导各地搭建婚恋服务平台，提供婚恋公益服务。 不少地方将彩礼问题纳入村规民约，充分发挥红白理事会、道德评议会等群众性自治组织作用，加强自我管理。 山西省运城市盐湖区出台的《关于加强和规范农村（社区）红白理事会工作的指导意见》里，明确规定了婚嫁中的多项标准，其中彩礼金额原则上不超过6万元。 一些地方还探索通过“低彩礼”“零彩礼”激励措施，引导人们积极转变观念。记者在宁夏调研了解到，当地对支持婚俗新风尚的群众除提供荣誉奖励外，还在产业扶持资金、创业贷款、社区工作者招录等方面予以支持。 27岁的王瑶去年嫁到宁夏吴忠市利通区东塔寺乡白寺滩村。由于积极践行“低彩礼”婚俗新风，她被推选为村里的后备干部。“相比彩礼，我更看重对方的人品。”作为村里的宣教团成员，她打算把自己的故事讲给村民听，助推形成好风气。 记者调研了解到，从各地反映情况看，宁夏2024年开展治理以来，彩礼较治理前下降35%；福建11个问题突出县平均彩礼较2022年下降15%以上；江西平均彩礼超过15万元的县（市、区）数量从52个降至13个。 记者调研了解到，一些地区“天价彩礼”出现“新变种”，给乡村治理带来新挑战。 部分地方“天价彩礼”形式更加多样，从单一的现金彩礼演变为“三金一钻”“五金一钻一手机”等组合形式，部分地区甚至出现“彩礼清单”，再加上房、车的开销，让群众不堪重负。 除了明面上的彩礼，部分地区还有名目繁多的改口费、下马钱、离娘钱、买衣服等“隐性彩礼”，甚至对黄金克数有80克、100克等明确要求。 此外，一些短视频、自媒体对“天价彩礼”的炒作，推动局部地区农村婚俗攀比心理加剧。 “我们村一个姑娘至今未婚。”山西省稷山县稷峰镇某村党支部书记说，前些年有媒人上门提亲，女方父母提出要18.8万元彩礼，后来刷短视频看到别的地方彩礼更高，要求追加彩礼，还提出在男方全款买的新房上加上女方名字。男方不同意，女方便“任性”退亲。 “以金钱为基础的婚姻关系是不牢固的。”宁夏基层法庭工作人员说，高额彩礼在当地“速成型”婚姻中比较多见。双方相处时间短，婚后更易出现矛盾，调解不成便会对簿公堂。 农业农村部农村经济研究中心乡村治理与社会文化研究室副研究员庞静泊认为，高额彩礼带来的大额支出还可能使个别农户面临返贫风险。“彩礼问题已不单是私事，整治高额彩礼关系到乡村振兴和文明乡风建设。” 当前全社会共同抵制农村高额彩礼的氛围正在形成，但从根本上消除这一陋习仍任重道远。 “农村高额彩礼问题是文化习俗、性别失衡、城乡差距等多方面因素交织造成的，具有顽固性、复杂性、反复性。”庞静泊表示，综合整治必须持续用力、久久为功。 中央农办有关负责人要求，聚焦重点任务和地区，坚决打好农村高额彩礼整治攻坚战、持久战。扎实开展彩礼状况摸底调查，加强农村婚恋公共服务，依法规范彩礼行为，加强宣传教育引导。 农业农村部近期已制定农村彩礼状况系统调查工作方案，并建立常态化调查监测机制。“只有把情况摸准摸透，制定的政策措施才能有针对性和操作性。”上述负责人说，各地要结合实际，提出界定彩礼范围和高额彩礼标准的指导意见，为持续深化整治高额彩礼问题提供基础支撑。 规范农村彩礼行为、促进移风易俗，要充分发挥司法作用。中央农办有关负责人强调，各地区要在最高人民法院指导下，做好本地区涉彩礼纠纷典型案例筛选发布，并严厉打击婚托、婚骗、买卖婚姻、借婚姻索取财物等违法违规行为。 下一步，如何探索建立既治标更治本的长效机制？ “良好社会风气的形成，需要以钉钉子精神驰而不息抓下去。”南京农业大学教授仇童伟说，农村高额彩礼问题整治，既要抓彩礼本身，也要从制度上综合施策，逐步消除问题滋生蔓延的土壤。 中央农办有关负责人说，将鼓励各地积极搭建农村婚恋交友平台、婚姻服务平台，发展公益红娘队伍，加强对社会婚介组织监管，对哄抬彩礼、违法牟利等行为进行严格规范，加强对农村适婚群体的公共服务。 庞静泊认为，从表面看，农村高额彩礼是观念和文明问题，但归根结底是发展问题。整治农村高额彩礼问题，根本上还是要持续增加农民收入、推动农村更好发展。 对此，中央农办有关负责人表示，要扎实推进乡村建设行动，提高乡村宜居宜业水平，更好解决农村青年生产生活的后顾之忧；还要根据农村适婚群体情况，有针对性地给予帮扶和指导，帮助他们增收致富、改善生活水平，提高婚恋成功率。,2388,https://news.cctv.com/2025/09/08/ARTIztVxINZSZiZtBoYUNTiF250908.shtml,婚姻登记;天价彩礼;婚姻;结婚;婚恋;彩礼;婚俗;婚嫁;适婚;婚介
People.cn,2025-09-09,深化渠道融合，为婚俗改革注入新动能,悠悠运河水，诉说绵长爱意；苍劲古槐树，见证新人誓言。8月29日，农历七夕节，山东省“福彩有喜·爱满七夕”品牌推广主会场活动，在德州市运河古街“喜福馆”开展。 活动以深化“福彩+婚俗”融合发展为主题，将公益理念、购彩体验与文明婚俗倡导深度结合，为七夕佳节增添了别样的韵味。其他15地市福彩机构同步开展这一活动，将福彩公益元素融入婚姻登记、婚庆服务等场景，为结婚登记的新人和恋爱中的年轻人带去浪漫与惊喜。 2024年以来，山东省福彩系统不断深化“整体民政”理念，创新推出“福彩+婚俗”融合发展模式，通过整合资源、拓展场景，打造了一系列新型公益宣传与便民服务阵地，助力婚俗改革，弘扬文明新风。 进入德州市运河古街北口，一棵老槐树巍然耸立。不远处，“喜福馆”门口大红底色的“开福”背景墙，格外引人注目。 “喜福馆”是德州市福彩中心打造的集婚姻登记服务、婚俗文化展示、福利彩票销售、公益理念传播等于一体的多功能服务平台，其融合“喜结良缘、乐享生活、福泽社会”三大主题，开业以来吸引了不少新人前来感受。 七夕节，多对新人在“喜福馆”办理结婚登记。其中，4对新人领到结婚证后参加了“福彩有喜·爱满七夕”品牌推广活动。他们表示，将响应文明婚俗新风倡导，携手共赴幸福的明天。 记者获悉，“喜福馆”之所以广受欢迎，除了设计，还有细致服务的原因。跟着新人的脚步，记者走进馆内，迎面是“喜乐福”互动墙、彩票销售区以及婚姻登记区。互动墙上的每个“福袋”都装着特别的祝福——有婚俗改革知识问答，也有福彩公益知识竞猜。参与互动可以更深入地体会“文明婚俗、公益同行”的内涵。婚姻登记区特别设置的文明婚俗宣传展板，温馨提示“抵制高额彩礼”“拒绝低俗婚闹”。 工作人员介绍，这里还提供免费拍照服务，“吾家有喜”“百年好合”等主题背景深受年轻人喜爱。刚领完证的一对95后新人在多个主题背景区拍照，他们兴奋地说：“感谢福利彩票赋予婚姻登记更多美好记忆。” “福彩+婚俗”融合发展工作推进以来，山东各地福彩机构打造了“福彩+婚俗文化”主题店。在“福彩有喜·爱满七夕”品牌推广活动中，烟台、临沂、聊城等地福彩中心在“快乐吧”综合体验厅、婚俗文化主题店，通过图文展示、现场讲解、互动游戏等方式，宣传福彩公益理念，引导树立正确的婚恋观和家庭观。 为深入推进“福彩+婚俗”融合发展，山东各地福彩机构联动婚姻登记处，打造新型公益宣传与便民服务阵地。在“福彩有喜·爱满七夕”品牌推广活动中，滨州、枣庄、威海、日照等市福彩中心走进婚姻登记处，开展丰富多彩的活动，见证新人的幸福时刻。 滨州市是山东省率先推进“福彩+婚俗”融合发展的试点市。该市福彩中心先后联合惠民、邹平、无棣等县（市）婚姻登记处搭建“花间喜事”等场景，常态化开展福彩公益宣传与婚俗改革宣传。 今年七夕节，滨州市福彩中心联合惠民、邹平、无棣等县（市）婚姻登记处，结合“福彩有喜·爱满七夕”品牌推广活动，丰富场景设计，营造温馨浪漫的节日氛围。在惠民县婚姻登记处，领完证的一对对新人来到“花间喜事”场景区域，参与“好运抽奖”“九宫格打卡”等游戏，感受“喜”与“福”的美好寓意。 枣庄市福彩中心在市中区婚姻登记处设置“投壶游戏”“制作鲜花花束”“即开票体验”等区域，新人们尽情参与其中，感受福利彩票带来的快乐。 威海市福彩中心在文登区婚姻登记处、荣成市婚姻登记处设置主题拍照打卡区，让“领证日”更具仪式感。新人小李和爱人分别将拍的照片发到了微信朋友圈，他们说：“与公益同框，必须发朋友圈炫耀下。” 日照市福彩中心与莒县民政局联动，邀请日照市人大代表、莒县人大常委会委员陈维芹担任证婚人，为新人颁发结婚证书并送上祝福。 “海誓山盟，惠爱一生”是许多新人对婚姻的憧憬和向往。在推进“福彩+婚俗”融合发展中，山东各地福彩机构通过在自然景区、大型商超等地举办互动式活动，传播福彩公益理念，助力婚俗改革。 七夕节这一天，泰安市福彩中心举办“海誓山盟·情定泰山”七夕登泰山活动，吸引来自全国的100对新婚夫妇参与。现场设置的“为爱添福 公益同行”专属打卡点，成为新人们交口称赞的“甜蜜地标”。一对来自辽宁省的新人参与活动后兴奋地说：“能参加这么浪漫而有意义的活动，感觉特别幸福。” 据悉，泰安市福彩中心还同步在新泰市吾悦广场、泰安市爱琴海购物中心、岱青水蓝文商旅街区开展“福彩有喜·爱满七夕”品牌推广活动。市民通过参与活动，了解婚俗改革知识，体验购买彩票、随手公益的快乐。 淄博市福彩中心在马踏湖和红叶柿岩两大景区以及经开区吾悦广场开展“福彩有喜·爱满七夕”品牌推广活动，不仅为过往市民增添了节日的浪漫氛围，更以创新形式传递了福彩公益温度。 枣庄市福彩中心在铁道游击队影视城，设置即开票展示区、拍照打卡区等，传播福利彩票公益、责任、阳光的品牌形象，宣传简约文明的婚俗新风。 山东省“福彩有喜·爱满七夕”品牌推广活动通过“福彩+传统节日”场景化互动、社交化传播，进一步巩固了“福彩+婚俗”融合发展的渠道建设。山东省福彩中心相关负责人表示，下一步，将继续深化渠道融合，推动福彩事业高质量发展与婚俗改革互促共进，让婚俗改革从政策倡导转化为公众自觉行动，使福利彩票成为传递幸福、助力梦想的纽带。,2138,http://sd.people.com.cn/n2/2025/0909/c386785-41346031.html,婚姻登记;结婚登记;婚姻;结婚;婚恋;彩礼;婚俗;恋爱
CCTV,2025-09-12,“十四五”期间，一审审结民生案件2346.6万件，依法治理高额彩礼、知假买假等问题,央视网消息 ：今天（9月12日）上午，国务院新闻办公室举行“高质量完成‘十四五’规划”系列主题新闻发布会，介绍“十四五”时期坚定不移走中国特色社会主义法治道路有关情况。 会上介绍， “十四五”期间，全国法院累计受理案件18974.5万件。 面对艰巨繁重任务，人民法院始终以习近平新时代中国特色社会主义思想为指导，深入贯彻习近平法治思想，坚持党对司法工作的绝对领导，坚持为大局服务、为人民司法，努力以高质量审判服务高质量发展。 一是维护国家安全和社会稳定。坚持贯彻总体国家安全观，全面准确贯彻宽严相济刑事政策，依法严惩涉黑涉恶、电信网络诈骗、网络暴力等违法犯罪， 一审审结刑事案件523.1万件 ，为建设更高水平的平安中国、法治中国提供有力司法保障。 二是服务高质量发展。着力营造法治化营商环境，助推法治经济建设。适应京津冀协同发展、长江经济带高质量发展、粤港澳大湾区建设、东北全面振兴、西部陆海新通道建设等重大战略实施，完善精准服务的司法政策措施。坚持和落实“两个毫不动摇”，贯彻落实民营经济促进法，依法平等保护各种所有制经济。加强反垄断和反不正当竞争司法，出台支持全国统一大市场建设指导意见。发挥破产审判的出清和挽救功能，最大限度激发市场活力。 审结知识产权案件234万件 ，保护创新、规制滥权，为创新、创造营造良好的法治环境。加强涉外和海事审判，高标准建设国际商事法庭，加强外商投资司法保护，依法维护“走出去”企业的合法权益。 三是加强民生司法保障。 一审审结涉教育、就业、养老、医疗等民生案件2346.6万件 ，依法治理高额彩礼、知假买假等群众反映强烈的问题。着力解决“执行难”问题，及时兑现当事人的胜诉权益。 四是做实抓前端、治未病。坚持和发展新时代“枫桥经验”，积极服务和融入综治中心规范化建设，深化多元解纷机制建设，协同推进行政争议源头预防和实质化解。 五是抓改革促管理强队伍。加强符合司法规律的审判管理，推动数字法院建设，充分发挥人民法院案例库和“法答网”的积极作用，一体推进法院队伍政治素质、业务素质、职业道德素质建设，司法质效和公信力不断提升。,881,https://news.cctv.com/2025/09/12/ARTISKCrk2h8PoN0iNbECQ3z250912.shtml,彩礼
China News Service,2025-09-12,中消协：一些婚介机构将婚恋服务变成“情感消费陷阱”,中新网 北京9月12日电(记者 谢艺观)中消协12日发文称，从全国消协组织今年以来接收到消费者的投诉来看，婚恋服务纠纷呈上升趋势，一些婚介机构将婚恋服务变成了“情感消费陷阱”，使本该帮助青年群体走向婚姻的行业背离了初衷。 中消协提到，婚恋市场乱象主要体现在三方面。一是营销行为不规范，比如用“包成功”“后期由男方付款”等缺乏依据的宣传噱头诱导消费者冲动签约；二是服务缩水、货不对板，承诺的推荐对象、见面次数往往大打折扣；三是退款难、违约金高，机构通过不公平格式条款收取高额违约金或拒绝退款。 中消协表示，婚恋服务机构本可在其中发挥积极作用，为年轻人创造更多真实、有效的交友机会，缓解他们在择偶过程中的无力感。但如果行业充斥虚假和欺诈，反而会让消费者更加对婚恋服务敬而远之，甚至对婚姻本身产生排斥感。这不仅不利于个体幸福感的提升，也与全社会鼓励婚育、促进人口均衡发展的目标背道而驰。 中消协建议，有关部门完善相关法律法规，细化相关标准，将服务频次、信息真实性、合同退费机制等纳入监管；同时推动建立行业信用评价和黑名单制度，让违规机构和从业者寸步难行。 中消协提醒，对于消费者而言，保持理性和谨慎同样关键。面对宣传噱头，要敢于追问承诺依据，切勿相信口头承诺；签约前，要仔细审阅合同细节，避免落入“霸王条款”；在遇到侵权时，要勇于向消协组织、监管部门投诉举报，必要时通过司法手段维护自身权益。(完) 【,598,https://www.chinanews.com.cn/cj/2025/09-12/10481063.shtml,婚姻;婚恋;婚育;婚介;择偶;对象
China News Service,2025-09-14,中国多地重塑婚恋文化空间 浪漫体验多元化,中新社 太原9月14日电 题：中国多地重塑婚恋文化空间 浪漫体验多元化 秋日时节，年过七旬的赵天仓、高惠兰夫妇在山西省太原市迎泽大街月老广场的喜庆雕塑前合影留念。两位老人已结婚50年，近期听闻这座爱情主题广场开园迎客，专程前来拍照，“回顾50年间风风雨雨和幸福瞬间，留下金婚纪念”。 月老广场中，“囍”字、毛驴迎亲等雕塑展示传统婚俗元素，心形廊架、“LOVE”雕塑等呈现现代婚恋元素。一对对情侣、夫妻并肩散步，从青年人到老年人，都将这里作为“浪漫地标”打卡。 如今，中国多地正以创意方式重塑婚恋文化空间，“婚恋”“喜庆”主题的文化广场和旅游场所兴起，通过将传统婚恋文化与现代设计理念结合，为民众提供更多元浪漫体验。 四川省什邡市师古镇红豆村，依托一棵相传由诗人杜甫栽种的千年红豆树，挖掘“红豆相思”文化，修建婚俗文化体验馆，吸引新人祈福、拍摄婚纱照，并在传统节日举办集体婚礼、婚庆文化节等活动。 浙江省舟山市普陀区杜庄村，整村以“爱情”为主题，每家每户外墙均印刻爱情故事或典故，村里不仅有全市首个以村(居)为单位的婚姻登记处，还有“月老杜庄”数字乡村婚恋主题公园。 婚恋文化空间的重塑不仅体现在形式创新，也承载着文化传承与社会治理的价值。这些场所的兴起，反映了婚恋观的变迁。 今年8月29日，浙江省杭州市15对新人身着宋制婚服，搭乘杭州地铁3号线“心动列车”从黄龙洞站出发至桃花湖公园站，步入桃花湖公园体验“宋韵新三礼”婚俗仪式。桃花湖公园作为曾经的城市更新区域，已转型为集公益活动、婚恋登记、婚礼宴会等于一体的“甜蜜经济”集聚区。 8月30日，湖南省常德市国潮集体婚礼中，77对新人在亲友见证下，通过城市观礼、集体证婚、共饮卺酒等环节，许下“相守一生、白头偕老”的誓言。 山西财经大学黄河流域文化和旅游研究院院长赵巧艳认为，新型婚恋文化空间的核心价值在于契合当代人的“情感痛点”与“文化诉求”，实现对青年需求、文化传承与文旅发展的三重满足。 “新型婚恋文化空间打破传统婚恋场景的标准化局限，通过非强制、个性化场景设计，缓解青年情感表达焦虑，强化情感联结。”赵巧艳表示，这类空间作为传统婚恋文化轻量化转化平台，能够整合分散的婚恋支持资源，转化为公益咨询、一站式婚庆等场景化服务，降低青年婚恋时间、社交与心理成本。(完),959,https://www.chinanews.com.cn/sh/2025/09-14/10482175.shtml,婚姻登记;婚姻;结婚;婚恋;婚俗;夫妻;情侣;婚礼
People.cn,2025-09-18,9月20日 成都婚姻登记预约火爆,近年来，越来越多的年轻人选择在谐音“我爱你”的5月20日结婚。最近，另一个浪漫的日期——9月20日也火了起来。不少网友在社交平台分享，“如果说‘520’宣告的是‘我爱你’，‘920’代表的‘就爱你’更加坚定，选在这天登记结婚也是很浪漫的。” 记者通过查询四川省婚姻登记网上预约系统发现，四川天府新区红梁湾公园婚姻登记处、成都高新区桂溪生态公园婚姻登记处等广受追捧的网红婚姻登记处，9月20日的结婚登记已无法预约。 记者还注意到，9月20日当天正值星期六，无法预约是由于预约名额已满还是因为周末无法办理结婚登记？记者咨询市民政局，相关工作人员表示，目前，成都大部分婚姻登记处都已常态化推出周六延时服务，如果网上无法预约，则说明当天预约名额已满。 没抢到“9·20”预约结婚登记名额怎么办？工作人员表示：“目前，成都市各区（市）县婚姻登记处实行‘网上预约＋现场办理’，线上没抢到号不要紧，当事人双方携带结婚登记所需材料前往婚姻登记处现场申请办理即可。”（成都日报锦观新闻记者 杨升涛）,440,http://sc.people.com.cn/n2/2025/0918/c345167-41355119.html,婚姻登记;结婚登记;婚姻;结婚
People.cn,2025-09-18,学会爱与被爱！遵义师范学院婚恋教育开课,9月16日，遵义师范学院大学生婚恋教育课程“爱情、婚姻与人生”正式开课，来自全校各二级学院的40余名同学选修了该课程。 连日来，一则“甘肃农业职业技术学院大二女生在宿舍分娩”的消息在网络上流传，引发热议。大学阶段的婚恋教育与管理问题，引起全国高校高度关注。对此，遵义师范学院组织开展了婚恋教育课程。 什么是爱情？大学生应该谈恋爱吗？大学生谈恋爱应注意什么？首堂课上，主讲教师提出“爱情三问”，带领学生一起探寻爱与被爱的真谛。 遵义师范学院教师教育学院教授、国家级青春健康俱乐部负责人、婚恋教育课程负责人周云介绍，大学阶段是学生婚恋观形成的重要阶段，大学生普遍有婚恋指导的需求。开设婚恋教育公选课，不仅可以帮助大学生获取情感交流技巧等婚恋相关的科学知识，还可以引导大学生树立正确的人生观、价值观、婚恋观等，提升情感管理和沟通能力，为将来享受亲密关系和幸福人生打好基础。 遵义师范学院教务处副处长黄川腾表示，“下一步，学校将持续加大投入，发挥课堂主渠道作用，打造婚恋教育‘金课’，与家庭、社会形成婚恋教育合力，助力新型婚育文化培育。” （文/图 樊明富）,475,http://gz.people.com.cn/n2/2025/0918/c358160-41356105.html,婚姻;婚恋;婚育;恋爱
People.cn,2025-09-18,弘扬婚俗新风 绘就幸福图景,今年七夕，在呼和浩特市玉泉区婚俗博物馆，新人试戴凤冠。 “我们没有高额彩礼，也不准备举办豪华婚宴，亲人们聚在一起送份祝福就足够。”今年七夕，刚领完结婚证的张妍妍（化名）夫妇道出了他们的婚恋观。这对在工作中相识相恋4年的年轻人，用“零彩礼+简约婚礼”的方式，开启人生新旅。 在内蒙古，践行文明婚俗新风的年轻人越来越多。2023年以来，全区各级妇联为646对新人举办集体婚礼28场，开展婚恋交友活动500场，5万人参加，2350对新人牵手。 婚姻是家庭和社会的总开关，近年来，内蒙古自治区将婚俗改革作为推进基层治理、涵养文明乡风的重要抓手，多部门协同发力，通过宣传引导、 阵地建设等举措，将婚俗改革与生态文明建设、中华优秀传统文化、文旅产业等有机结合，走出了一条具有内蒙古特色的婚俗改革新路径，绘出一幅幅幸福家庭的美好图景。 巡边守边、界碑描红，在祖国北疆的边境线上，一场简约却满含家国情怀的婚礼格外动人。近日，呼伦贝尔市妇联联合当地边境管理支队、总工会，在诺干湖畔为13对戍边新人办了一场以“红色边关 扎根北疆”为主题的集体婚礼。新人们在亲友的见证下许下誓言，纷纷表示要以小家庭的和谐共建社会大和谐。 如今，绿色、健康的婚礼形式正成为内蒙古适龄青年的新选择。这不仅是青年人婚恋观的主动转变，更离不开全区各部门的协同推动。 为让文明婚俗理念深入人心，各婚姻登记机关向结婚新人提供个性定制、主题定制等不同形式的颁证服务。户外草坪、婚博会、健康骑行等各式各样的集体婚礼家喻户晓，这种新形式正帮助新人逐步转变观念，并影响带动家人、朋友。 与此同时，内蒙古还通过举办婚恋讲座、开展心理健康咨询、推广线上婚育服务平台等举措，全方位提升适龄青年婚恋素养，引导大家“为爱而婚、因爱而嫁”，以家庭和谐筑牢社会文明基石。在各地实践中，特色模式不断涌现：鄂尔多斯市东胜区推行“婚俗改革+公园+草原”模式，让生态文明建设与婚俗新风相辅相成；赤峰市红山区立足基层服务，通过微宣讲、政策解读等形式普及婚俗改革知识，营造出“人人知晓、人人支持”的浓厚氛围。 截至目前，全区共建成公园式婚姻登记机关11个，建立婚姻家庭辅导室125个，婚姻颁证室105个，配备一体化电子设备345套，建成3A级以上标准登记机关46个，场地建设面积超过3万平方米，为倡导移风易俗，弘扬文明新风搭建起广阔平台。 上妆、出阁、却扇、拜堂、合卺、结发……今年七夕，包头市青山区婚姻文化创意产业园爱情岛举办了一场端庄典雅的唐制婚礼，现场红绸覆案、喜庆温馨，新人身着传统婚服，许下爱的誓言，共书新时代执子之手、与子偕老的美好爱情故事。 七夕节，作为中华民族重要传统节日，承载着美好情感愿景与深厚文化底蕴。今年，自治区各地各部门以七夕节日为契机，同步发力，以集体婚礼、鹊桥会、民俗文化展示等多元形式，为新人打造特色鲜明的文明婚俗文化活动，推动中华优秀传统文化与现代婚俗理念深度融合。 婚俗文化是中华优秀传统文化百花园中的重要一朵。《仪礼》记载，结婚的礼仪，包括纳采、问名、纳吉、纳征、请期、亲迎6个步骤，是重要的文化传统和礼仪规范。如何在婚俗改革中弘扬中华优秀传统文化？ 作为全国婚俗改革样板试点之一的包头市青山区，在婚俗文化传承中不断增强新人婚姻的责任意识，赋予时代内涵、丰富表现形式，以老百姓喜闻乐见的活动助推传统和现代文明婚俗融合发展。 赤峰市红山区通过打造千米诗词长廊、举办不同朝代婚礼、融合非物质文化遗产剪纸艺术等形式丰富婚礼内涵，弘扬中华优秀传统文化。 乌兰察布集宁区在婚俗改革实践基地——农村大礼堂中，通过举办中式订婚宴、金婚银婚纪念日等活动，将传统婚俗和浓郁乡土气息融合，深受当地群众欢迎。 截至目前，内蒙古已经打造婚俗文化廊（墙、厅）75个。 主题婚礼巴士载着新人向爱出发，复古场景还原20世纪80年代朴素婚礼吸引游客打卡……在包头市，“婚俗+文旅”的融合实践不仅让婚礼更具创意，更走出了一条“创造效益、造福百姓”的新路径。 近年来，包头市青山区依托婚姻文化创意产业园、爱情岛、东达山民俗婚俗文化园等载体，延伸出婚纱造型、婚礼文创、冷餐咖啡等衍生产业，并打造婚博会汇聚上百家婚庆品牌。数据显示，相关活动已吸引市民游客约5.6万人次，成交量达649单，销售额近849万元，实现了婚俗文明与产业发展双赢。 “婚俗改革，塑造文明婚俗，树立文明新风，普惠民生”是内蒙古婚俗改革的目标。 作为全国婚俗改革实验区，乌兰察布集宁区将文明婚俗与乡村振兴深度融合，通过在婚俗改革实践基地开展系列活动，引导青年树立正确社会主义核心价值观。同时，推动“婚俗改革+文旅产业+乡村振兴”融合发展，两年来已举办“爱的鹊桥 等你一起”草原集体婚礼等创意活动40余场，吸引1100余对新人参与。 兴安盟以“婚俗产业＋旅游”模式为抓手，以群众需求为导向，将婚俗文化融入旅游精品线路，打造婚俗改革样板，为当地经济社会发展注入活力。 呼伦贝尔市阿荣旗将红色文化、农耕文化等融入婚俗改革试点工作，为英雄故里、文旅阿荣激发起强劲动力，为当地群众带来丰厚的经济回报。 婚俗改革的最终目标是促进家庭和谐、社会稳定。“婚俗+”创新模式，不仅为婚俗改革汇入新鲜血液，更为地区经济社会发展注入澎湃动能，为百姓增收增添了温暖力量。 自治区妇联相关负责人表示，各级妇联组织要为适龄青年多提供各类健康的婚恋交友服务，引导青年树立正确婚恋观、生育观、家庭观，男女青年因爱而娶，为爱而嫁，让北疆大地劲吹文明新风，优秀婚俗文化焕发时代光彩。（记者 赵曦）,2271,http://nm.people.com.cn/n2/2025/0918/c196690-41355785.html,婚姻登记;婚姻;结婚;婚恋;婚育;彩礼;婚俗;婚礼
China News Service,2025-09-19,大学生期待的恋爱课：解答“恋爱之前”的问题,大一刚入学的时候，就听说学校开设了一门“恋爱必修课”。消息像风一样，在我们这些新生中传开，几乎让所有人都眼睛一亮。毕竟，从中学的严管走到大学的自由之后，我们终于可以理直气壮地去谈恋爱了，终于可以把那种小心翼翼藏在心底的情愫，光明正大地安放在生活里。 “恋爱必修课”，这个名字本身就足够让人遐想。在我的想象中，这堂课可以教授我们如何开始一段关系，如何在错综复杂的暧昧里游刃有余，如何在冷战后重归于好，如何让爱意在平淡中依旧保持温度。它听上去像是一本爱情的攻略书，只要认真听课，就能少走很多弯路。 可是实际的课堂与想象有所不同。上课的是一位50多岁的女老师，她讲得坦率又直接，内容更多是生理知识。理智告诉我，这当然重要，因为爱情不只是言语的表达与情绪的承载，还必然要落实到现实的责任上。但在情感上，我还是觉得有些遗憾，课堂上讲的内容更像是已经恋爱的后续，而没有告诉我们该如何走入一段关系。 对我而言，真正想得到解答的，是那些“恋爱之前”的问题。 中学时代的亲密关系总是被约束的，我习惯了把情感深埋。久而久之，就像是沉默太久而忘记了如何开口说话。到了大学，终于获得了自由，反倒不知该如何表达爱意。我会很真诚地去爱一只小猫、小狗，但在面对一个真实的人时，却变得笨拙，甚至害怕。在“如何表达”“如何回应”“如何信任”这些环节上跌跌撞撞，仿佛每一步都是新的难题。这种“爱人无能”，也是我们这些大学新生的普遍困境。 因此，我希望恋爱课的课堂，能教会我怎样走出这个困境。比如，如何在暧昧中安放自己起伏不定的情绪；如何真正看见一个人的思想与观念；如何在亲密关系里提供足够的情绪价值；又如何判断那个人是不是值得与我共同拥有一个未来。我期待老师能通过聊天记录带我们分析真切的心理变化，让我们在试探与拉扯中学会表达，在坦诚与隐瞒之间掌握分寸，可以让我们不再是“爱无能”“幸福无能”，而是能够好好去爱别人，也能够坦然地回应别人的爱。 我想，真正的大学恋爱课，不该只停留在技巧与知识层面，而是要教会我们一些更本质的东西：爱不是一次到位的收获，而是日复一日的重建。我们真正需要学会的，不是如何用几句情话赢得一时的心动，而是要学会如何去爱——学会倾听和理解一个人，在亲密与独立之间找到平衡，在给予中不丧失自我；也要学会如何被爱——在亲密关系面前卸下防备，允许自己被看见、被理解、被拥抱；更要学会如何放弃爱，这往往比爱与被爱都更困难。不是所有的爱都会长久，我们要学会接纳每一段亲密关系的结束，承认他或她曾闯进我们兵荒马乱的内心，又壮烈退场。在寒风中送别旧人，迎接新的春暖花开，多年之后回想起那段日子，能轻轻说一句：没有太多遗憾，就好。 当然，所谓大学的恋爱课，或许并不只是在教室里展开，也没准是在每一次心动的瞬间、每一次争吵与和解，以及我们试图靠近又不断受挫的过程中完成。它没有标准答案，也没有统一教材，却让我们从错过的那些人身上收获一点点爱的碎片，然后把自己拼合成一个更完整的人，有能力去爱别人，也有能力被别人好好地爱。,1244,https://www.chinanews.com.cn/sh/2025/09-19/10485122.shtml,恋爱
People.cn,2025-09-19,一网通查、四窗协同！这场会议推动全市婚姻诉讼档案共享利用--时政--人民网,几秒钟后，婚姻诉讼档案的查询结果便能送达市民手中。 上海正通过深化数据共享、打通信息壁垒，推动“指尖”查档服务走向更多人的“云端”。 9月16日，由上海市档案局、上海市高级人民法院联合主办，上海市闵行区人民法院（以下简称闵行区人民法院）、闵行区档案局协办的 全市婚姻诉讼档案数字资源共享利用推进会暨研商会 在闵行区人民法院召开。 为进一步助力城市数字化转型，实现“融入社会治理、服务人民群众”目标，近年来，上海市档案局会同上海市高级人民法院及相关单位，积极探索婚姻类民生档案共享利用试点。 2023年6月，闵行区人民法院、闵行区档案局打造“数字档案资源共享服务民生项目”，率先将离婚裁判文书纳入“一网通办”民生档案查询，获评“2023年度上海法院十大创新工作成果”。此后，黄浦、宝山、虹口等法院协同区档案局相继开展合作共享项目，进一步发挥上海数字法院档案数字资源作用。 推进会上，上海市档案局、上海市高级人民法院、上海市民政局、上海市数据局共同签署 上海市婚姻诉讼档案数字资源共享利用合作协议 ，进一步拓展本市婚姻诉讼档案查询便民服务覆盖范围，促进民生档案数字资源的跨行业、跨机关、跨地域共享利用，推动全市档案馆查档窗口、社区事务受理窗口、法院档案阅卷窗口、民政局婚姻登记接待窗口以及全市“一网通办”平台之间的 “一网四窗”档案资源服务共享 ，为社会公众提供婚姻诉讼裁判文书档案查阅，让老百姓“最多跑一次”乃至“一次也不跑”。 据悉，今年国庆节后，“一网四窗”民生服务平台档案数字资源将陆续上线对公众提供服务。 从“纸间”到“指尖”，从“法院事”到“百姓事”，上海以婚姻诉讼档案共享为突破口，务实诠释“人民城市”理念。“一网四窗”不仅是档案与司法服务模式的深刻变革，更是提升城市治理、增强市民获得感的扎实举措。以此为起点，各方将持续推动数据畅通、服务升级，让数字化转型成果真正惠及每位市民。,795,http://politics.people.com.cn/n1/2025/0919/c458474-40567723.html,婚姻登记;婚姻;离婚
People.cn,2025-09-21,陕西举行“新婚俗 新风尚”集体婚礼,9月20日，在陕西省第二届“新婚俗 新风尚”集体婚礼活动现场，新人在心愿墙上写下对美好新生活的期待。 记者 杨小玲摄 9月20日，由陕西省民政厅、陕西省妇联等部门联合主办的“家国同庆 见证良缘”陕西省第二届“新婚俗 新风尚”集体婚礼暨婚恋交友示范活动在西安唐乐宫举行。50对新人举行文明简约的婚礼，成为陕西婚俗改革的践行者，为三秦大地移风易俗注入强劲动力。 活动现场，50对新人身着典雅传统服饰，遵循规范引导，完成了一场融合唐制礼仪与现代文明的特色婚礼。其中，“一拜盛世、二拜亲长”环节，巧妙将家庭责任与家国情怀深度融合，让传统婚俗文化焕发时代生机，传递文明婚恋新内涵。 与会嘉宾为新人代表颁发婚俗改革婚事新办简办践行者证书；新人代表现场宣读新婚俗新风尚倡议书，发出“抵制高价彩礼、反对大操大办”的倡议。“今天这场集体婚礼给我们留下了深刻的印象，将成为我们人生中的一段珍贵记忆。”新人孟庆晨表示。 活动现场正式启动陕西省婚姻家庭辅导“七进”工程暨甜蜜事业礼遇活动。该工程将推动婚姻家庭专业服务下沉至基层一线，从源头助力构建和谐婚姻家庭。活动现场为婚俗研究、婚姻辅导领域的专家颁发聘任证书。 “相信这样的示范活动，能够带动更多年轻人自觉为彩礼嫁妆‘减负’，为文明幸福‘加分’，引领婚俗新风吹遍三秦大地。”陕西省民政厅相关负责人表示。 当日下午，陕西还开展了婚俗改革在婚恋服务领域的又一重要举措——青年婚恋交友联谊活动，为近200名单身青年搭建了安全、友好的交流平台，进一步延伸了婚姻服务链条。（记者 杨小玲 见习记者 马瑜）,661,http://sn.people.com.cn/n2/2025/0921/c186331-41358651.html,高价彩礼;婚姻;婚恋;彩礼;婚俗;单身;婚礼
People.cn,2025-09-22,婚俗新风润宁陵--社会·法治--人民网,“十年前说媒，先问彩礼多少；如今开口，先问有没有创业打算。”赵天芳笑着说，去年她说成的十几对新人中，有八对新人用省下的彩礼钱创业，日子越过越红火。 河南省商丘市宁陵县城郊乡胡三庄地处豫东平原，该村村医赵天芳还有一个广为人知的身份——持证红娘。她随身的手提包里常备三样东西：《移风易俗倡议书》、彩礼限高明白卡、红白事简办清单。 30年来，赵天芳成就了数百对姻缘，从不收一分“媒人钱”。她常说：“不要钱，只认缘。”像她这样的持证红娘，在宁陵共有271名。她们行走乡间，成为推动移风易俗的一股温暖而坚实的力量。 “移风易俗不是软任务，而是乡村振兴的硬要求。”宁陵县委常委、宣传部长孙玮说。 2016年起，宁陵县率先推进移风易俗工作，构建起“党政双挂帅、三级齐联动”的制度体系：县乡村均成立红白理事会，364个行政村实现全覆盖，“彩礼不超过3万元，宴席每桌不高于350元”被明确写入村规民约，执行情况直接与村级考核挂钩。 党员干部带头签承诺书、划“红线”，纪检监察部门严肃督查。截至目前，宁陵县已有13名公职人员因违规操办婚丧事被党纪处分，并取消评优资格。 制度的刚性，为乡村风俗划定了清晰的边界。 移风易俗，难在改变观念。宁陵的智慧，在于以文化人、以新风浸润旧俗。 石桥镇有一支由退休教师、乡贤组成的“劝导队”，队长张山峰8年骑坏两辆电动车，劝导高额彩礼纠纷几十起。这样的队伍共有14支，累计调解彩礼矛盾520余宗，成为遍布乡间的“文明岗哨”。 村史馆则成为唤醒乡愁、传承新风的课堂。在孙迁村村史馆，“陋习警示栏”与“乡贤光荣榜”对比鲜明。 “道德超市”用积分兑换商品，文明行为可累积“孝善积分”，全县配套的孝善基金惠及2万多名老人。 村民张传义说：“以前比谁葬得风光，现在比谁孩子孝顺。” 与此同时，仪式也在创新。32场集体婚礼屡见新意：共植爱情树、合办中式婚典……既隆重又节约。姑娘吴媛媛只收3万元彩礼，婚后与丈夫携手创业，成为四邻八乡口口相传的美谈。 2017年，商丘市移风易俗现场会在宁陵召开；2021年，宁陵入选全国婚俗改革实验区。这片土地上的实践，正悄然成为一场具有全国意义的改革探索。 红白理事会广泛吸收“三老一新”——老党员、老干部、老教师、新乡贤，形成“事前报备、事中监督、事后评议”的自治闭环。 由迎宾公园改造而来的“豫·简·爱婚礼公园”，集体婚礼、相亲大会在这里常态化开展。 新风尚也在反哺经济。彩礼负担减轻，创业能量释放。村民马向阳、张玲玲夫妇将省下的3.6万元用于开店，如今年收入超过10万元。据统计，宁陵县累计节省婚丧支出6000余万元，婚姻彩礼纠纷案件下降31%。 数据显示，宁陵县婚宴平均标准下降60%，“低彩礼”家庭占比41%，“乡村光荣榜”累计表彰9500余人，群众满意度达98.2%。 从“天价彩礼多发地”到“全国改革样板”，宁陵用10年时间，走出一条破立并举、刚柔并济的治理之路：以制度刹住歪风，以文化培植新风，更以200余位红娘为桥，让政策温度真正抵达人心。 如今，越来越多的宁陵姑娘主动将彩礼降至3万元左右，青年一代将婚宴资金转为创业基金，移风易俗成为宁陵人的自觉行动。（记者 丁艳 通讯员 高会鹏）,1319,http://society.people.com.cn/n1/2025/0922/c1008-40568974.html,天价彩礼;婚姻;彩礼;婚俗;相亲;婚礼
People.cn,2025-09-23,10月1日 成都推出婚姻登记延时服务,今年7月，成都正式推出“蓉城囍事”票根经济活动，结婚证作为票根凭证参与到成都票根优惠活动中，12月前在成都登记结婚的新人即可享受全部的成都票根优惠活动。 活动一经推出，就受到了众多省内外游客的关注，加之婚姻登记全国通办的推行，越来越多的年轻人选择来成都见证浪漫。 “十一”国庆将至，为方便市民以及游客来蓉办理婚姻登记，记者22日获悉，市民政局确定2025年10月1日在全市范围内开展婚姻登记延时服务，各区（市）县民政部门至少保障1个延时办理点。 记者了解到，四川天府新区红梁湾公园婚姻登记处、成都高新区桂溪生态公园婚姻登记处、锦江区民政局合江亭婚姻登记处等多个广受市民追捧的“网红”公园婚姻登记处都将在10月1日当天推出延时服务。 据悉，各地婚姻登记机关将开发线上预约通道，提前通过本级民政官网、公众号等渠道发布“国庆节”延时服务公告，明确办理时间、预约方式、办理流程等信息。（成都日报锦观新闻记者 杨升涛）,404,http://sc.people.com.cn/n2/2025/0923/c379471-41360328.html,婚姻登记;婚姻;结婚
People.cn,2025-09-23,石阡：鸳鸯湖畔誓盟约 婚俗盛宴沐新风,9月20日，贵州省铜仁市石阡县鸳鸯湖畔爱意涌动、欢声不断，“情定鸳鸯湖·阡里来相会”主题文旅活动温情启幕。非遗婚恋文化展演、青年交友派对、传统婚俗体验、九九集体婚礼、抹茶精酿嘉年华五大特色环节依次登场，为现场游客打造了一场兼具文化底蕴与浪漫氛围的婚恋文化盛宴。 上午9时20分，活动在石阡县鸳鸯湖国家湿地公园鸳鸯湖研学基地正式拉开帷幕。婚恋文化表演率先点燃现场热情，节奏铿锵的《仡佬嘣嘣鼓》、旋律婉转的《情姐下河洗衣裳》、独具民族特色的非遗仡佬吹打婚俗《娶亲》表演轮番上演，引得台下观众掌声阵阵；尾声，主题曲《爱在鸳鸯湖》悠扬唱响，灵动舞姿相伴，将现场气氛推向首个高潮。 文艺文化表演落幕，“青春牵手·志愿同行”单身青年交友活动随即接棒。200余位年轻男女齐聚一堂，在“你是我的眼”“护心行动”等趣味游戏中快速破冰，蒙眼引路的信任协作、默契配合的闯关挑战，让大家在欢笑与互动中悄然拉近距离，现场满是青春活力。 “我在网上看到这里有相亲大会，就特意赶来了，希望遇到心仪的另一半。”来自德江的付雪玲说。而参与活动的金湛杰与刘宇祝，已然成为活动中的“幸运儿”。“原本只是想来随便玩一玩，没想到活动节目特别有趣，还在这里遇到了她。”金湛杰笑着分享。刘宇祝也补充道：“现场氛围浓厚，主持人活泼风趣，不仅能欣赏鸳鸯湖的好风景，还结识了许多同龄人，这样的相亲活动特别有意思。” 与此同时，婚俗体验区同样人气高涨。“猪八戒背媳妇”的诙谐互动、“情系同心锁”的浪漫许愿……八项传统婚俗体验项目前，游客们踊跃参与，在沉浸式体验中感受中华传统婚婚礼的仪式感与文化魅力。“用鸳鸯湖这样的山水景区举办相亲交流活动，太合适了，现场既热闹又轻松，年轻人既能放下拘谨、享受时光，也能自然地寻觅缘分，活动特别棒！”游客晏芬点赞道。 当日下午2时许，活动迎来最受瞩目的环节——九九集体婚礼，将全天氛围推向最高潮。99对夫妻涵盖新婚燕尔、红宝石婚、金婚乃至钻石婚夫妇，他们身穿中式婚服，在亲友与游客的祝福中，共同宣读爱情誓言、交换信物，用庄重的举动诠释“执子之手，与子偕老”的动人承诺。 “我们结婚那会儿特别简单，从没敢想老了还能参加这么隆重的婚礼！”结婚55年的成文显与陈玉春夫妇难掩激动，成文显还特意寄语年轻人：“要珍惜当下，和和睦睦经营家庭，创造更幸福、更精彩的人生。”陈玉春则分享了婚姻长久的秘诀：“夫妻之间，互相包容、彼此理解最重要。” 夜幕降临，抹茶精酿嘉年华为这场浪漫盛会收尾。湖畔星空下，本地特色美食香气扑鼻，民谣歌声随风飘荡，游客们或举杯畅饮，或畅谈欢笑，在温馨惬意的氛围中，为这一天的美好体验画上圆满句号。 据了解，本次活动不仅成功擦亮“石阡浪漫文旅”新名片，更以非遗展演为纽带、传统婚俗为载体，实现了文化传承与大众娱乐的深度融合。 “举办此次活动，是我们立足职工需求、丰富职工精神文化生活的重要举措。”石阡县总工会党组成员陈红表示，活动既为单身职工搭建了交友平台，也为不同婚龄职工营造了感受爱情与家庭温暖的氛围。下一步，县总工会将持续聚焦职工多元化需求，开展更多接地气、有温度的活动，切实增强职工的幸福感与归属感，凝聚起推动石阡发展的强大合力。（图/文 黎祖艳、孙伟、陈超）,1329,http://gz.people.com.cn/n2/2025/0923/c375237-41360951.html,婚姻;结婚;婚恋;婚俗;婚龄;相亲;单身;夫妻;另一半;婚礼
People.cn,2025-09-24,宣告程序与离婚诉讼无缝衔接，一日审结特殊家事案,近日，长春净月高新技术产业开发区人民法院高效审结一起涉限制民事行为能力人的离婚案件。该案通过特别程序与普通诉讼程序“庭审当天无缝衔接”，在宣告公民限制民事行为能力并指定监护人的判决当庭作出后，立即由监护人代理被申请人参与离婚调解，最终双方达成一致、和平解除了婚姻关系。整个过程程序严谨、一气呵成，展现出家事审判中司法效率与人文关怀的有机统一。 在这起特殊的离婚案件中，原告未如实陈述案件事实情况，模糊描述双方情感不合，即要求起诉离婚。被告处于强制医疗等情况并未向法庭说明。法院在多次送达后联系上了被告家属，被告家属才阐明强制医疗始末。办案法官告知双方必须启动行为能力鉴定，以确保不损害被告实体权益，保证诉讼程序符合法律规定。 经司法鉴定明确被告确属限制民事行为能力人，当庭宣判，宣告被告为限制民事行为能力人，并指定被告母亲为监护人。特别程序刚刚落幕，法官未作停歇，立即组织原告与被告及监护人就离婚案件开庭进行审理。被告监护人出庭应诉，在充分了解案件情况和法律后果的前提下，与原告共同表示同意解除婚姻关系。双方在法庭主持下迅速达成调解协议，和平分手。两案程序连贯，在一日内合法高效审结。 该案通过特别程序与普通家事诉讼程序的科学衔接，既保障了限制民事行为能力人的合法权益，也尊重了当事人结束婚姻关系的意愿，体现出法院在复杂家事审判中灵活运用程序机制的能力。法官在庭审中主动核实、调取证据，并在一天之内完成跨程序、多环节的审判任务，最大限度减轻当事人诉累，实现了法律效果和社会效果的统一。,642,http://jl.people.com.cn/n2/2025/0924/c349771-41361833.html,婚姻;离婚
China News Service,2025-09-26,勾勒当代女性婚恋图鉴 《小芳出嫁》官宣杀青,中新网 北京9月26日电 (记者 高凯)改编自伊北同名小说，呈现当代年轻人对婚姻与自我全新理解的当代婚恋话题剧《小芳出嫁》26日正式官宣杀青，并发布杀青特辑。 《小芳出嫁》讲述了00后青年杨小芳(王影璐 饰)与祁小伟(辛云来 饰)未婚先孕，杨家人紧急回家为小芳出谋划策，祁杨两家态度不一，意外掀起了一场“婚恋风暴”，两家谈判失败，其后引发了一系列让人啼笑皆非的事件。该片由杨晓培担任艺术总监及总制片人，黄杰、李黎明任总制片人，杨雁翎、金维澜任制片人，韩琰任导演。 《小芳出嫁》以“出嫁”为题，并未拘泥于传统的婚恋观念与刻板的题材限制，而是以杨小芳的故事为线索，呈现当代年轻人对婚姻与自我的全新理解：婚姻不是人生的必选项，幸福才是。剧集尝试以举重若轻的方式，在轻喜中藏锋芒，洞察当代女性的婚恋现实，既探讨她们面临的困境，也讲述她们遵从内心做出的选择，以及打破限制后拥有的勇气。 也正因如此，《小芳出嫁》中不乏对诸多现实议题的描刻，家庭压力、婚恋关系、彩礼困局等现实痛点被巧妙置入剧情，以充满生活细节的场景将矛盾聚焦放大，并通过杨小芳寻找自我、确立价值的过程，打破传统婚嫁叙事中女性的“客体”状态，展现出当代女性特有的韧性力量。 据悉，目前《小芳出嫁》已进入紧张的后期制作阶段。(完),540,https://www.chinanews.com.cn/cul/2025/09-26/10490136.shtml,婚姻;婚恋;彩礼;婚嫁
People.cn,2025-09-26,贵州省“和润黔家”婚恋家庭纠纷调解大比武在贵阳举办,9月22日至23日，由贵州省妇联、省司法厅联合主办，省律师协会协办，贵州电视台承办的“贵州省‘和润黔家’婚恋家庭纠纷调解大比武”在贵阳成功举办。省司法厅党委书记、厅长余敏，省妇联党组书记、主席涂妍，省司法厅党委委员、副厅长李兵，省妇联副主席、党组成员王丹，省律协党委副书记、会长白敏等出席活动。 本次大比武特邀省人民法院、省人民检察院、省司法厅、省妇联、省律协等部门专家组成评审组，确保评审专业公正。来自全省各市州及省律师协会层层选拔的30位优秀调解员，围绕“知识竞答”“现场模拟调解”两大赛道展开角逐，集中展现了过硬的理论素养与婚姻家庭纠纷调解实战能力。 比赛聚焦民法典、妇女权益保障法等核心法律法规，紧扣婚姻家庭领域热点难点问题设计考题。其中，知识竞答赛兼顾法律理论与调解实务，既考验选手理论功底，也检验临场判断能力；现场模拟调解赛采用“现场抽题、视频出题、情境呈现”模式，涵盖财产纠纷、多代际矛盾、复杂情感伦理、新型社会问题四大类场景，通过视频案例与现场演绎呈现离婚纠纷、彩礼返还、子女抚养等常见矛盾。参赛调解员灵活运用法律知识与调解策略，生动演绎“情理法交融”的调解过程，多支队伍与个人脱颖而出。在公证员全程监督下，大赛最终评选出团体一等奖1名、二等奖2名、三等奖3名，个人一等奖3名、二等奖6名、三等奖9名，部分优秀选手将组队冲击全国总决赛。 主办单位相关负责人表示：“婚恋家庭纠纷调解员身处矛盾化解‘第一线’、家庭守护‘最前沿’，婚恋家庭纠纷调解工作是深化平安建设、创新社会治理的关键环节，更是传递司法温度、促进公平正义的生动实践。”此次大比武既是对全省婚调队伍专业能力的集中检验，也是贵州以“专业化调解”破解家庭矛盾、用“家庭小平安”护航“社会大和谐”的创新实践，标志着贵州婚调工作向“精准化、体系化、长效化”迈出关键一步。 全省各级司法行政部门、妇联将以此次大比武为契机，秉持“观摩交流、共同进步”原则，通过“以赛选才、以赛提能、以赛促干”，持续健全婚调工作机制、强化队伍专业素养、夯实基层服务阵地。同时，依托“一中心一张网十联户”基层社会治理机制，整合法律、心理、社工等资源，深化“和润黔家”婚调婚辅品牌建设，为筑牢家庭幸福防线、推进平安贵州建设注入更多动能。（贵州省司法厅官网）,949,http://gz.people.com.cn/n2/2025/0926/c396834-41364853.html,婚姻;离婚;婚恋;彩礼
People.cn,2025-09-28,江西广昌举办集体婚礼 倡导婚俗新风,日前，“莲印新风·红笺良缘”移风易俗集体婚礼在江西省广昌县荷源公园举行，12对新人在亲友与社会各界见证下喜结连理，以实际行动倡导婚事新办、简办的文明新风。 仪式现场简约而庄重。全国文明家庭代表钟贤英现场分享优良家风家训，为婚礼增添了美德内涵。新人代表莫念念在发言中说：“受我公公——全省不要彩礼‘好岳父母’卢响亮的影响，我们主动选择集体婚礼，这也是我们家第二次零彩礼。”新人张喆凯、刘慧玲夫妇也表示：“我们是零彩礼结婚，希望将文明简约的婚俗新风传递给更多年轻人。” 来自城市社区的新人周康、刘亚群夫妇感慨，集体婚礼省去了繁琐流程和不小开支，体验到了“莲乡独有的浪漫”。家属们对这一选择同样给予支持，认为这既节省开支，又体现了年轻人的责任感。活动还在甘竹镇设置了分会场，通过趣味游戏等环节，进一步增进了新人们的情感交流。 此次集体婚礼是广昌县持续推进移风易俗、建设文明乡风的成果缩影。如今，为爱“减负”、让婚姻回归本质的理念在当地蔚然成风，展现了新时代青年积极向上的精神风貌。（胡媛）,441,http://jx.people.com.cn/n2/2025/0928/c186330-41367583.html,婚姻;结婚;彩礼;婚俗;婚礼
China News Service,2025-10-02,英国将实施婚姻法改革推动经济发展,中新网 伦敦10月2日电 (记者 欧阳开宇)英国政府10月2日宣布，将实施自19世纪以来规模最大的婚姻法律改革。此次改革不仅为新人提供更多婚礼选择，还预计在未来十年为英国经济带来5.35亿英镑的增长，并创造1.2万个就业岗位。 根据改革方案，新人将获得更灵活的婚礼举办自主权，可在符合“适宜且庄重”标准的海滩、历史遗迹等更多场所完婚。同时，改革简化宗教婚礼的合法登记流程，使婚姻法律更贴合现代英国的多元社会需求。 此次改革的核心变化在于，婚礼监管重心将从“场地”转向“主持者”。只要主持婚礼的人员符合资质，新人便可自主选择更具个性化的婚礼场地和形式，在保障婚姻庄严性与完整性的同时，降低婚礼筹备的复杂度和成本。 英国司法部表示，婚姻是英国备受珍视的传统，改革既保护了婚姻的严肃性，又为新人提供了更多选择，还能释放经济潜力。 据官方测算，改革将使英格兰和威尔士的婚礼数量增长3%，除直接拉动经济外，还将支持1800家更多企业发展，成为英国“变革计划”中推动经济增长的重要举措。(完) 【,442,https://www.chinanews.com.cn/gj/2025/10-02/10493369.shtml,婚姻;婚礼
People.cn,2025-10-09,妇联当“红娘” “公益+婚恋”进大集,秋意渐浓，丹桂飘香。热闹的芦台大集比往常更添了几分浪漫。一场由宁河区妇联主办的“月满金秋聚渠梁 悦享团圆家风扬”红娘服务进大集活动在这里温情上演。传统节日的团圆氛围与现代婚恋的真诚期待，成为金秋里一道温暖的风景。 舞台中央，小品《秋萍红娘牵红线》正在上演。现代版的“天仙配”故事，用轻松幽默的方式传递着正确的婚恋观与家庭观。演出结束后，不少年轻人围在一起交流感受。“这样的形式既轻松又有意义，让人不自觉地放松下来。”今年28岁的小李老师笑着说，“以前总觉得相亲很尴尬，但今天在集市里看演出、逛摊位，反而觉得自然很多。” 舞台上的笑声还未散去，“公益鹊桥”专区前已是人头攒动。几位“渠梁红娘”正耐心地为前来咨询的年轻人登记信息、解答疑问。“小伙子，别紧张，咱们就是聊聊天。”妇联“红娘”张老师热情地招呼一位羞涩的男青年。张老师说，“我们不只是登记信息，更重要的是帮他们打开心扉，建立初步的信任。”旁边的“缘分墙”前，不少人驻足细看，偶尔有人掏出手机拍照，或小声讨论。“我觉得这种方式比线上更真实，至少你知道对方是实实在在来这里的。”一位姓陈的工程师坦言。 沿着热闹的摊位往前走，巾帼手工坊前围满了观众。巧娘们手中的彩线翻飞，不一会儿，一朵朵精致的编织玫瑰在指尖绽放。“这朵花送你，愿你早日找到那个如阳光般的人。”巧娘王姐笑着把花递给一位姑娘。 秋日的凉意渐渐袭来，而“鹊桥茶饮区”却暖意融融。“天气凉了，喝杯茶暖暖身子吧。”志愿者递上一杯杯温热的中药茶。茯苓、麦冬、陈皮熬制的茶汤，散发着淡淡的药香。“这茶真好喝，有种回家的感觉。”一位刚从外地回家探亲的小伙子说，“本来只是陪朋友来，没想到这里氛围这么好，茶暖，人心更暖。” 夕阳西下，集市上的人群渐渐散去，但那些因缘而聚的笑容留下了久久不散的温暖。许多人互加了微信，约定下次再见。 “我们不只是牵线，更是在传递一种认真对待感情、用心经营家庭的态度。”宁河区妇联相关负责人表示，“下一步，区妇联将继续以传统市集为载体，深化红娘牵线、多元融合的‘公益+婚恋’服务模式，加强婚恋观、生育观、家庭观引导，培育新型婚育文化，推进婚育新风走进千家万户。”（记者 宋德松）,904,http://tj.people.com.cn/n2/2025/1009/c375366-41374563.html,婚恋;婚育;相亲
People.cn,2025-10-09,长春南关区法院：监狱里的特殊调解——温情司法助家暴受害者挣脱枷锁,近日，长春市南关区人民法院桃源人民法庭成功审结一起特殊的离婚案件。与常规庭审不同，这场调解在监狱内完成，不仅为遭受家庭暴力的小敏（化名）点亮了开启新生活的希望，更让司法正义在温情服务中落地生根，彰显了人民法院司法为民的初心使命。 刘某长期对小敏实施家庭暴力，多次伤害后，其最后一次施暴竟致小敏身体构成轻伤二级。刘某的暴力行为已触犯法律，最终因犯故意伤害罪被依法判处有期徒刑一年。 刑事判决生效后，小敏向南关法院提起民事诉讼，要求与刘某离婚，长春市南关区人民检察院依法支持起诉。 案件受理后，承办法官马盛邦第一时间展开调查，他主动向原被告居住社区的工作人员和办案民警了解情况，摸清了双方感情状况与小敏的受伤事实。通过多方调查核实，法官确认小敏此前曾多次遭遇刘某暴力伤害，虽念及夫妻情分选择过原谅，却未换来对方的悔改，反而遭受了更严重的伤害，双方婚姻已无挽回可能。 为切实化解矛盾纠纷，最大限度降低诉讼对原告的二次伤害，法官决定专程前往监狱会见被告刘某。令人欣慰的是，经过法官耐心释法明理，刘某对自身家暴行为的危害性有了清晰认知，明确表示同意与原告离婚，并愿意通过调解方式解决离婚相关事宜，这让一直悬着心的原告终于松了口气。 在南关区人民检察院的协同配合下，一场特殊的监狱调解顺利开展。法官充分保障双方当事人的诉讼权利，引导双方就离婚事宜充分表达意见，最终原被告双方达成一致调解意见，均同意解除婚姻关系。考虑到两人婚后未生育子女、无夫妻共同财产，且结婚时间较短、彼此了解不深，为尽快让原告摆脱婚姻困境，法官当场依法制作并向双方送达了民事调解书，正式解除了这段充满痛苦的婚姻关系。 走出监狱大门时，小敏难掩激动之情，潸然泪下，紧紧握住法官的手反复表达感谢。 此次监狱里的特殊调解，是南关法院践行 “以人民为中心” 司法理念的生动实践。未来，南关法院将继续坚守司法为民初心，聚焦群众急难愁盼问题，以更扎实的行动、更温情的服务为群众办实事、解难题，用公正高效的司法裁判维护群众合法权益，切实增强人民群众的司法获得感、幸福感和安全感。,861,http://jl.people.com.cn/n2/2025/1009/c349771-41374599.html,婚姻;结婚;离婚;夫妻;家庭暴力;家暴
China News Service,2025-10-10,婚姻登记全面实行“全国通办”以来 累计登记26.3万对,中新网 10月10日电 国务院新闻办公室10日举行“高质量完成‘十四五’规划”系列主题新闻发布会，介绍“十四五”时期民政事业发展成就。民政部部长陆治原在会上表示，婚姻登记全面实行“全国通办”，从今年5月10日起，累计办理“全国通办”婚姻登记26.3万对。 陆治原介绍，“十四五”期间，专项社会服务能力稳步提升。婚姻服务方面，婚姻登记全面实行“全国通办”，从今年5月10日起，累计办理“全国通办”婚姻登记26.3万对，极大地方便了群众。婚俗改革持续深化，文明健康婚俗风尚正加快形成。 殡葬服务方面，基本殡葬服务供给持续加大，有效补齐基层殡仪馆“空白点”，建成3350个公益性骨灰堂以及1.68万个公益性公墓，惠民殡葬持续推进。 地名服务方面，开通上线中国·国家地名信息库，深入开展“乡村著名行动”，已命名乡村地名71万条，有效服务百姓出行、乡村振兴。 【,376,https://www.chinanews.com.cn/gn/2025/10-10/10495965.shtml,婚姻登记;婚姻;婚俗
People.cn,2025-10-10,河北辛集：“幸福巴士”启新程 婚俗改革树新风,“祝两位新人新婚快乐，百年好合！”近日，河北省辛集市一场独特新颖的“公交婚礼”备受瞩目，两辆“爱情520专线”公交车满载着欢声笑语带着新人驶向“幸福”的下一站。 婚礼当天，新人身穿传统中式礼服，在亲友们的簇拥和掌声中登上这辆精心布置的“幸福巴士”。红色的车身洋溢着喜庆，新人卡通婚纱照格外醒目，车厢内挂满喜字挂饰，每一个角落都充满甜蜜氛围。 “看到其他城市有用公交车做婚车的，觉得这种形式既新颖又环保，就想着尝试一下，氛围特别好，也很有仪式感，我会把这种新形式推荐给身边要结婚的朋友。”新娘李笑晗说。“婚车”行驶途中频频吸引市民驻足拍照，等红灯时还收到不少路人送来祝福，温馨场景令人动容。 “这场‘公交婚礼’后，我们接到不少新人咨询，目前已有3对新人预定。与传统婚车相比，公交婚车一来花费较低，二来亲朋好友同乘一车，更能见证新人幸福时刻，留下不一样的美好回忆。我们准备优化车身外观与车厢内饰细节，争取让每对新人都能拥有专属的浪漫旅程。”辛集市公交公司副经理刘云松说。 辛集市把推动移风易俗改革，作为加强精神文明建设和基层社会治理的重要抓手，精准聚焦新婚夫妇的实际需求，通过整合资源、创新场景、树立典型，积极探索“传统礼仪+现代婚俗”相结合的婚礼新模式，推出“幸福巴士”迎亲专线，以创意巧思打造“轻量婚礼”新范式，努力营造简约适度、富有内涵的婚嫁新风。（李晴宇、李娜）,583,http://he.people.com.cn/n2/2025/1010/c192235-41375931.html,结婚;婚俗;婚嫁;婚礼
China News Service,2025-10-11,居家养老更便利、婚姻登记“全国通办”……我国民政事业发展取得新进展,国务院新闻办公室今天(10月10日)举行“高质量完成‘十四五’规划”系列主题新闻发布会，民政部相关负责人介绍了“十四五”时期我国民政事业发展取得的新进展、新成就。参与发布会的记者们围绕普惠性、基础性、兜底性民生建设重点、亮点工作展开提问，回顾整场发布会，有三个方面内容让人印象深刻。 第一，“十四五”期间，我国兜底民生保障网越扎越密实。在困难群众保障方面，基本建成了分层分类的社会救助体系，覆盖对象已从低保、特困人员向低保边缘家庭、刚性支出困难家庭延伸。在困境儿童保障方面，把留守儿童、流动儿童等纳入国家保障和关爱服务范围，提高孤儿等困境儿童基本生活保障标准。另外，各类困境儿童在医疗、教育、心理关爱等方面也有了更好的保障。 更多的民生保障正在惠及更广大的困难群体。比如，在残疾人福利方面，残疾人两项补贴标准有了明显提高。重度残疾人托养照护服务体系正在加快建设，人工智能、健康监测、服务机器人等新技术新产品，为残疾人提供更便捷、更优质的照护服务。 第二，适合我国国情的中国特色养老服务体系正在加速构建。目前，全国老年助餐点达到了8.6万个，越来越多的老年人在家门口就可以吃上“热乎饭”。“十四五”期间，我国完成了200多万户特殊困难老年人家庭的适老化改造，通过在家里安装扶手、智能设备等，让老年人居家养老更加便利。 为了解决失能老人照护的痛点，不再出现“一人失能 全家失衡”的情况，在“十四五”期间，全国近800万张养老床位中，护理型床位的比例比“十三五”末有了大幅增长，占比超过65%，这意味着养老机构可以满足更多高龄失能老人的刚性照护需求。为了减轻失能老人家庭照护负担，我国还首次面向全体中度以上失能老年人，实施养老服务消费补贴项目，经过评估之后，符合条件的失能老人，每月可以领取补贴。 第三，百姓关切的专项社会服务也取得了很大进展，比如，“十四五”期间，全国建成了1万多个公益性公墓，持续推进惠民殡葬。再比如，婚姻登记实现了“全国通办”，新人领证可以在全国任何一个婚姻登记点办理，不再需要回到户籍所在地。另外，针对我国乡村地区“有地无名”等现象，“十四五”期间，全国新命名乡村地名达到70多万条，不仅方便了百姓出行，还促进了“快递进村”“山货进城”，助力乡村振兴。 “十四五”期间，民政事业的发展让老百姓的获得感更充实、幸福感更可持续、安全感更有保障。 【,981,https://www.chinanews.com.cn/gn/2025/10-11/10496502.shtml,婚姻登记;婚姻;对象
People.cn,2025-10-11,如我在诉 | 无声世界的法槌——一场全程“翻译”的特殊离婚庭审,九月初的晨光里，伊通法院的立案窗口迎来一场特殊的立案。原告徐某（化名）在律师陪同下递交离婚诉讼材料，全程不断用手语交流，又借助纸笔反复沟通，才勉强完成基本信息登记。 案件立案后，法院干警向被告李某（化名）送达文书时，发现她同样是聋哑人士，身边也无亲属陪同。干警无法辨识手语，纸笔交流效率极低。最终，在熟悉情况的村委会工作人员协助下，才艰难完成关键信息的确认与诉讼材料的送达。 面对原、被告均为聋哑人士的实际情况，为保障他们平等参与诉讼的权利，伊通法院主动联系当地特殊教育学校，承办法官自费聘请资深手语老师担任庭审翻译，用专业的手语搭建起一条“听得见”的司法桥梁，让“无声”的诉求也能被清晰传达。 法庭内庄严肃穆。原告徐某略显局促，被告李某神情凝重。承办法官每提出一个问题，手语老师便以规范的手语动作向当事人传达；当事人回应时，老师又同步将手语转化为口语。整个庭审在手语的流转间顺畅推进。 “原告，你主张离婚的依据是什么？”承办法官提问后，手语老师迅速比画出问题内容。徐某抬头注视老师，双手快速翻动，陈述自己已独自生活十余年，与被告失去联系，并提供了村委会证明和一位证人出庭作证。被告李某情绪略显激动，通过手语反驳：“我曾尝试联系原告，也去找过她，但她不愿回来。” 经审理查明，双方无共同财产需要分割，婚后所育子女已成年独立生活，并表示尊重父母选择。承办法官放慢庭审节奏，重点围绕“感情是否确已破裂”展开调查，并多次通过手语老师劝导双方“理性看待婚姻，兼顾过往情谊与未来生活”。 承办法官指出，双方分居已逾十年，若感情无法修复，维持现状对彼此都是痛苦。尽管经过多轮调解，双方在是否离婚问题上仍存在根本分歧，最终未能达成一致，法院决定判处双方离婚。 尽管案件未能以调解方式结案，但整场庭审通过手语老师准确、清晰的同步翻译，全程庄重有序，又充满司法温情。伊通法院通过完善无障碍诉讼服务，让每一份正义都能“被听见”。 庭审结束后，原告徐某向承办法官和手语老师深深鞠躬致谢。手语老师邢女士感慨道：“这是我第一次参与司法庭审翻译，能深切感受到当事人对公平审判的渴望。法律不只是冰冷的条文，更应有温度的存在。”,898,http://jl.people.com.cn/n2/2025/1011/c349771-41376778.html,婚姻;离婚
People.cn,2025-10-13,楚雄州举办婚姻家庭纠纷调解工作“大比武”,为进一步提升婚姻家庭纠纷人民调解工作水平，近日，云南省楚雄州司法局和州妇联联合举办以“守护婚姻家庭幸福 促进社会和谐稳定”为主题的全州婚姻家庭纠纷人民调解工作“大比武”活动。 活动采用“理论+实操”双赛道模式，设置知识培训、理论考核、模拟调解三大环节，内容丰富且针对性强，吸引了全州10支县市调解队伍、30名调解员踊跃参与。参赛队员以赛促学、以学促干，充分展现新时代婚调工作者的专业风采。 活动现场以婚姻家庭调解员能力提升培训讲座开场，围绕婚姻家庭法律法规和调解技巧展开授课，为参赛人员夯实理论根基、提升实践能力。理论考核环节聚焦婚姻家庭相关法律法规、政策以及调解技巧，检验选手的法律理论功底。实操环节通过模拟调解场景，全方位考察选手的沟通艺术、矛盾化解能力、法律知识运用及应急处置素养，实现对专业能力与综合素质的立体评估。赛后，评委们从法律政策适用、调解策略、沟通效能等多个维度进行了量化打分。 经过激烈比拼，活动最终评选出团体一二三等奖及金牌调解员、调解能手。选手们表示，此次活动不仅提升了自身业务能力，更通过与同行交流拓宽了工作思路，为今后开展调解工作积累了宝贵经验。 此次“大比武”活动的成功举办，搭建起互学互鉴、共同提升的优质平台，充分展现了全州婚调队伍的专业素养与精神风貌，有效激发了调解员的工作热情，为筑牢基层社会治理“第一道防线”，构建平安楚雄、法治楚雄奠定了坚实的基础。（陈颖、夏明雄 文/图）,606,http://yn.people.com.cn/n2/2025/1013/c361322-41377990.html,婚姻
People.cn,2025-10-14,上海佘山深坑酒店成松江区婚姻登记户外颁证点,自中国第一高楼上海中心大厦成为最高婚姻登记点以来，上海又添了一个户外颁证新地标。日前，“地心之约 深爱启航”2025年松江区“上海之根 山水婚典”集体婚礼在上海佘山世茂洲际酒店（深坑酒店）举行。10对新人携手走过“花海”步道，于地下88米的地心观景平台许下誓言。 活动现场，松江区民政局正式启动“新家庭启航计划”，并首发松江原创手绘婚书。即日起，深坑酒店也成为松江区户外颁证点，面向新人开放预约，免费为新人们在上海最低海拔、最接近地心之处，提供独一无二的结婚登记颁证体验。 此次“上海之根 山水婚典”自启动报名以来，短短几天就收到了超过50对新人报名。当天，新人们还欣赏了水上飞人表演和美轮美奂的水幕秀，探访上海首家水下餐厅“渔火”，与70多种海洋生物近距离互动，并留下独一无二的剪影大片。 记者了解到，深坑酒店地心观景平台原本仅对住店客人开放，此次作为松江区新增户外颁证点，首次面向新人开放预约。未来结合圣诞、新年等节日主题布置，这里有望成为新人“晒红本本”的网红地标。因其位于地下88米的独特深度，有望成为“魔都最深情”的爱情打卡点。 仪式上，松江原创手绘婚书首次亮相，突出婚登所作为领证的地标意义，展现了以松江区婚姻登记所小白楼为原创手绘的水彩图，推动“上海之根 山水婚典”婚姻文化品牌，从“婚登+文旅”融合迈向“婚登+文旅+文创”新阶段。松江区民政局同时宣布启动2025“新家庭启航计划”，聚焦准婚、新婚家庭，建立婚姻辅导服务支持体系。,622,http://sh.people.com.cn/n2/2025/1014/c350122-41379841.html,婚姻登记;结婚登记;婚姻;结婚;婚礼
People.cn,2025-10-14,合肥瑶海：结婚登记更便捷 便民服务进景区,在旅游景区可以拍婚纱照，那么在旅游景区可以领结婚证吗？近日，在合肥市瑶海区，旅行中就可以登记结婚的便民服务已经实现。5月21日，安徽省首个艺术街区婚姻登记处——合肥市瑶海区民政局180街区婚姻登记处在长江180艺术街区正式启动，成为众多新人缔结良缘、见证爱情的热门选择。 将婚姻登记处嵌入特色艺术街区，瑶海区打破了传统服务大厅的刻板印象。在这里，新人们完成法定程序的同时，更能沉浸式体验由工业遗存与现代艺术碰撞产生的独特浪漫氛围。“我们的初衷，是让婚姻登记超越单一的行政程序，成为一场融合城市记忆与文化情感的仪式，为新人留下更深刻、更美好的共同回忆。”瑶海区民政局相关负责人介绍。 长江180艺术街区是国家3A级旅游景区，作为瑶海区城市更新的典范项目，这里原为恒通老厂房，在保留历史风貌的基础上，除了运动、市集、机车、阅读、萌宠等文创外，还成功引入了情景式婚礼酒店、婚纱摄影、婚庆策划等多元业态，形成了婚姻服务产业的集聚效应。瑶海婚姻登记处的落户，进一步完善了该区域的婚庆服务闭环，实现了“打卡留念-登记领证-婚宴庆典”的一站式体验，激发了消费新活力。 登记处流程高效便捷，大幅缩短等待时间。这里有庄重雅致的颁证厅，为准新人们提供充满仪式感的颁证仪式，使“领证”成为爱情承诺的庄严庆典；配套设立的婚姻家庭辅导室，则通过专业辅导，帮助新人做好进入婚姻状态的准备，为幸福婚姻奠定更为稳固的基石。 在七夕佳节期间，该登记处策划的“情牵七夕，共赴浪漫之约”主题活动吸引了众多参与者。新人身着传统汉服，在古风场景中完成登记并拍照留念，传统节日的文化韵味与街区的艺术气质相得益彰，进一步丰富了婚姻登记的文化内涵和体验价值。 截至目前，这座位于艺术街区内的婚姻登记处已成功为众多新人办理了登记手续。它以其“文艺氛围+仪式体验+便民服务”的深度融合，成为市民口中津津乐道的城市浪漫新地标，也为拓展婚姻登记服务内涵、盘活城市存量空间提供了有益探索。（于敏）,819,http://ah.people.com.cn/n2/2025/1014/c374164-41379241.html,婚姻登记;结婚登记;婚姻;结婚;婚礼
People.cn,2025-10-15,中国婚姻家庭研究会副会长李明舜：凝聚共识 使广大妇女得到自由而全面的发展--人民运营--人民网,人民网北京10月15日电 （记者黄玉琦、宋美琪）10月13日，以“命运与共：加速妇女全面发展新进程”为主题的全球妇女峰会在北京召开，共同纪念北京世界妇女大会召开30周年，探讨推动全球妇女事业发展大计。与会嘉宾中国婚姻家庭研究会副会长李明舜在接受采访时表示，这是一次更广泛凝聚共识的大会，也是加速妇女全面发展新进程采取更务实措施的大会。 李明舜指出，本次峰会是在1995年北京世妇会通过《北京宣言》和《行动纲领》30周年的关键节点召开的，具有承前启后的深远意义。他强调，峰会不仅弘扬了“妇女的权利就是人权”等重要理念，更推动各国政府积极履行社会性别主流化的国际承诺，为建设妇女免于歧视的美好世界凝聚了更广泛的共识，开辟了更广阔的道路。 “习近平主席提出的四点建议，为加速妇女全面发展新进程指明了务实路径。”李明舜认为，共同营造有利于妇女发展的良好环境是实现全面发展的基础前提，共同培育妇女高质量发展的强劲动能是加速发展的关键所在，共同构建保障妇女权益的治理格局为妇女发展提供有效保障，共同书写全球妇女合作崭新篇章明确了加速妇女全面发展新进程的必由之路。只有在相互协作中彼此相互借鉴、共同发展，加速妇女全面发展新进程的愿景才能够真正实现。 妇女发展是现代社会发展的重要标志。就如何推动妇女事业高质量发展，李明舜强调，要坚持妇女事业与经济社会同步协调发展，积极推动男女两性平等和谐发展，统筹推进城乡、区域、群体之间妇女的均衡发展，协调推进妇女在各领域的全面发展。,628,http://yunying.people.cn/n1/2025/1015/c461040-40582863.html,婚姻
People.cn,2025-10-15,明年起夫妻可互查名下房产车辆,本报广州10月14日电 （记者王云娜）10月11日，广东省第十四届人民代表大会常务委员会第二十一次会议表决通过新修订的《广东省实施〈中华人民共和国妇女权益保障法〉办法》，自2026年1月1日起施行。《办法》一共分为9章，内容涵盖政治权利、人身和人格权益、文化教育权益等方面。根据《办法》，明年起，夫妻可互查对方名下房产、车辆等财产状况。 在婚姻家庭权益方面，《办法》规定，夫妻一方持身份证、结婚证等证明夫妻关系的有效证件，依法向不动产登记、车辆管理单位申请查询另一方财产状况的，有关单位应当受理，并为其出具相应的书面材料。夫妻离婚时，不得因女方劳动收入少或者无劳动收入等为由少分或者不分财产给女方。女方因抚育子女、照料老人、协助男方就学或者工作等负担较多义务的，有权在离婚时要求男方予以补偿。因男方重大过错导致离婚的，无过错的女方有权请求损害赔偿。 《办法》将全省妇女权益保障工作中行之有效的经验做法上升为制度规范，着力破解新形势下妇女权益保障工作面临的新情况、新问题，切实保障妇女在各领域的合法权益。 《 人民日报 》（ 2025年10月15日 12 版）,479,http://yn.people.com.cn/n2/2025/1015/c378440-41379951.html,婚姻;结婚;离婚;夫妻
People.cn,2025-10-16,曲靖麒麟检察·检说案事 | 婚姻非儿戏 重婚必被罚,婚姻家庭制度是规范夫妻关系和家庭关系的基本准则，受到法律的严格保护。重婚是一种严重违反婚姻制度的行为，不仅违背社会道德更触犯民事法律规定，还可能涉嫌刑事犯罪。来看今天的“检说案事”。 被告人吴某某与裴某某于2018年10月登记结婚，婚姻关系存续期间，吴某某自2022年9月至2024年12月，与李某在云南省曲靖市麒麟区、昆明市李某租住的出租房内长期以夫妻名义共同生活，李某于2023年5月在曲靖市某医院生育一名女婴。2024年12月李某到公安机关报案后案发。 承办检察官经审查后认为，被告人吴某某在婚姻存续期间，未告知李某自己已经结婚的事实，且与李某以夫妻名义共同生活，并生育一女，其行为已触犯《中华人民共和国刑法》第二百五十八条之规定。犯罪事实清楚、证据确实充分，应当以重婚罪追究其刑事责任。 2025年5月，曲靖市麒麟区人民检察院依法向曲靖市麒麟区人民法院提起公诉，法院审理后，根据被告人吴某某的犯罪事实、性质、情节和社会危害程度，依法以重婚罪判处被告人吴某某有期徒刑六个月。 《中华人民共和国刑法》第二百五十八条：有配偶而重婚的，或明知他人有配偶而与之结婚的，处二年以下有期徒刑或者拘役。 重婚，指有配偶者又与他人结婚，或者明知他人有配偶而与之结婚的行为，包括“法律重婚”与“事实重婚”。 法律重婚：已登记结婚的一方，在婚姻关系存续期间，又与他人登记结婚。 事实重婚：已登记结婚的一方，在婚姻关系存续期间，虽未与他人结婚，但以夫妻名义共同生活。 “以夫妻名义共同生活”通常表现为：公开举办婚礼、在公开场合以夫妻名义共同生活，同时共同居住、共同承担家庭责任（如经济上互相扶持、共同抚养孩子）等，且被社交圈认可为夫妻。 在缔结婚姻关系前应加强了解，可通过合法途径查询对方婚姻状况，避免受骗。如发现对方可能重婚，应注意收集和保存共同居住证明、资金往来、生育情况、公开活动照片及视听资料等证据，及时向公安机关报案，维护自身合法权益。 婚姻神圣，法律严肃。任何人都应尊重婚姻制度，勿触重婚红线，否则必将承担相应的法律后果。,859,http://yn.people.com.cn/news/yunnan/n2/2025/1016/c399504-41381840.html,婚姻;结婚;重婚;夫妻;配偶;婚礼
People.cn,2025-10-17,农业农村部：鼓励对农村彩礼金额、礼金限额等提出倡导性标准--经济·科技--人民网,人民网北京10月17日电 （记者方经纶）文明乡风，移风易俗是关键。10月16日，在国务院新闻办公室举行的新闻发布会上，农业农村部副部长江文胜表示，农业农村部将指导各地按照法定程序深化村规民约制修订工作，鼓励在尊重农民群众意愿基础上，对农村彩礼金额、礼金限额以及农村宴席可办理的类别、桌数、菜品费用等提出倡导性标准，让农民群众操办红白事有据可依。 2019年以来，中央一号文件连续7年就农村移风易俗工作作出部署，树立了鲜明的导向。 江文胜介绍，近年来为推进农村移风易俗，农业农村部强化政策谋划，健全部门间协同配合机制，聚焦整治高额彩礼、大操大办、厚葬薄养、农村赌博等突出问题出台专项文件，为各地在实践层面提供具体、可操作的政策工具箱。农业农村部等8部门在全国范围部署开展农村移风易俗专项治理，各省份结合实际发布实施方案，形成县级负主责、镇村党组织抓落实、社会力量广泛参与的良好局面。 与此同时，农业农村部进一步深化惠民服务，开展群众性文化体育活动，丰富乡村精神文化生活，提振农民精气神。支持各地举办结婚颁证、集体婚礼等特色活动，深入推进殡葬改革，持续补齐移风易俗民生短板。加强宣传引导，广泛开展“农村移风易俗主题宣传月”、全国移风易俗曲艺展演等活动，集中呈现农村移风易俗的新做法、新风貌，引导农民群众自觉抵制陈规陋习。 “下一步，农业农村部将指导各地继续加大工作力度，切实增强群众的获得感、幸福感。”江文胜说。 一是细化倡导性标准。指导各地按照法定程序深化村规民约制修订工作，鼓励在尊重农民群众意愿基础上，对农村彩礼金额、礼金限额以及农村宴席可办理的类别、桌数、菜品费用等提出倡导性标准，让农民群众操办红白事有据可依。 二是做好惠民便民服务。鼓励各地制定具有历史文化底蕴、简约时尚的新礼俗和“宴席菜单”，依托礼堂、食堂等乡村既有的综合性服务设施，为群众操办红白事提供惠民服务。 三是规范婚丧喜庆市场管理。鼓励各地因地制宜明确婚丧用品和服务指导价目表，加强对传播大操大办等背离公序良俗的广告行为监管，严厉打击农村低俗表演活动等违法违规行为。 四是充分发挥群众组织作用。发挥村民议事会、红白理事会、道德评议会等方面作用，引导群众自我服务、自我管理。严格村干部管理监督，使其在遵守村规民约、推进移风易俗方面发挥模范带头作用。,958,http://finance.people.com.cn/n1/2025/1017/c1004-40584195.html,结婚;彩礼;婚礼
People.cn,2025-10-18,2025年重庆市婚俗改革宣传周启动,10月18日，2025年重庆市婚俗改革宣传周启动仪式暨婚姻登记场所开放日活动在渝中区解放碑举行。本次活动以“婚育新风尚·幸福向未来”为主题，自10月18日起至10月24日，将在全市范围内开展一系列内容丰富、形式多样的婚俗改革宣传活动。 此次活动由重庆市民政局、渝中区人民政府主办，市婚姻收养登记管理中心、渝中区民政局承办。启动仪式当天，渝中区民政局解放碑CBD婚姻登记中心正式投入运行。该中心以“一中心+一博物馆+一学院”为主要内容，设置了婚俗文化展区、特色颁证仪式体验、婚俗礼仪展示等区域，旨在发挥婚姻登记点在商圈的引擎作用，联动周边资源，打造渝中“幸福新地标”。 解放碑CBD婚姻登记中心投入运行。重庆市民政局供图 重庆市民政局相关负责人介绍，本次宣传周期间，全市将以“十百千”场主题活动为主线，举办婚姻登记场所开放日、优秀婚俗文化展演、青年婚恋交友、婚姻家庭讲座、家风家教宣讲等活动，营造移旧俗、除陋习、尚科学、倡新风的良好社会氛围。各镇街、村社将贴近群众需求、突出地方特色，以快板、小品、戏剧等艺术形式传诵婚事新办、家风家教等内容。同时，全市10个市级特色婚姻登记场所（结婚登记户外颁证点）也将通过举办集体颁证、集体婚礼、婚俗文化展演等特色活动，推动婚姻领域移风易俗。 近年来，重庆市大力推进婚俗改革，12个市级部门联合出台16条政策措施提供政策支持。大足区作为全国婚俗改革实验区，结婚新人中低彩礼、零彩礼比例占85%以上，选择旅游结婚、集体婚礼等新型结婚方式的占30%以上。黔江区、大渡口区等10个区县创建为市级婚俗改革实验区（县），着力整治高价彩礼、大操大办等突出问题，婚事新办、婚宴简办、随礼有度的婚礼新风尚逐步确立。 在服务方面，重庆市构建了“市级+区县+乡镇+社区”四级联动的婚姻家庭辅导服务网络，建成婚姻家庭辅导室832间，并以“家和计划”项目为依托开展全周期服务，年均直接服务超10万人次。全市还打造了包括两江新区婚姻登记处、渝中区WFC会仙楼观景台结婚登记户外颁证点、巫山县“云端之约”在内的15个特色婚姻登记服务场所，并通过举办首届结婚登记颁证员技能大赛、首届川渝集体婚礼等活动，创新结婚颁证服务，推行文明婚俗礼仪。 在培育婚俗文化方面，已建成婚俗文化阵地44个，各区县深入挖掘传统优秀婚俗文化，如大足区围绕石刻文化打造婚俗文化展览馆，沙坪坝区开展“红岩嫁校”服务。同时，通过全市7226个红白理事会等基层组织，将婚事新办、喜事简办纳入村规民约，形成群众自我管理、自我监督的良好机制。 此外，重庆市还持续传承良好家风家教，以家庭、社区、乡村、校园四个阵地为载体深化家风传承，并通过“帮扶+教育”双轨服务强化家庭支持。结合传统家庭文化活动与家风主题实践活动，全市已开展优秀家风家教推广活动1254场，服务群众5万人次，营造了全社会重视家风家教的浓厚氛围。（周小平）,1194,http://cq.people.com.cn/n2/2025/1018/c365406-41384122.html,婚姻登记;结婚登记;高价彩礼;婚姻;结婚;婚恋;婚育;彩礼;婚俗;婚礼
People.cn,2025-10-20,规范“红娘”行业有序经营！南明区召开整治花果园区域婚介乱象,为进一步肃清花果园区域婚介服务市场乱象，推动婚介行业走上健康有序发展轨道，10月19日，南明区委政法委牵头，联合区委网信办、区公安分局、区法院、区司法局、区市场监管局、区税务局、区人社局、区民政局、花果园区域法庭、属地街道及派出所，同步联动贵阳市婚姻家庭服务行业协会等单位，共同召开整治花果园区域婚介乱象及行业规范宣讲会，花果园区域内所有婚介服务机构负责人悉数参会，共同为规范行业经营“把脉定向”。 会议现场，相关部门负责人通报今年以来花果园区域婚介机构相关产业链人员实施婚姻诈骗犯罪等典型案例，以鲜活实例为各婚介机构敲响警钟，要求各机构以此为鉴，全面开展自查自纠工作。同时，各职能部门结合自身职责，围绕依法纳税、《婚介服务合同示范文本》的核心条款与使用规范、劳动用工管理等要点展开宣讲。 会上，全体婚介场所法定代表人现场签订《法定代表人非挂名及责任承担承诺书》，明确法律责任与义务，承诺严格遵守行业规范，维护婚姻服务市场秩序。 会议强调，花果园区域婚介机构数量多、经营模式杂，靠单一部门难以形成闭环监管。要提高思想认识，筑牢责任担当。各部门、机构要深刻认识婚介乱象整治的重要性与紧迫性，以“群众满意”为出发点，让群众在婚恋交友过程中切实感受到公平、安全与放心。要全面排查整治，夯实监管基础。建立婚介机构“动态台账”，完善“黑名单机制”，将存在严重违法违规行为的机构及负责人纳入黑名单，限制其行业准入；严把“准入关口”，从源头规范机构设立流程，确保婚介机构“底数清、情况明、有人管”。要推动行业规范，健全长效机制。制定“合同范本”，强化“合同落地”执行力度，确保服务双方权益均得到法律保障。要严打违法行为，强化司法保障。公安、法院、检察院等部门建立涉婚介诈骗线索快速核查机制，对涉嫌犯罪的线索快查快办、从严追责；通过定期发布典型案例、组织法治培训等方式，强化警示教育，彰显司法权威，形成对违法违规行为的强力震慑。要深化部门联动，凝聚整治合力。推动部门间工作无缝衔接，同步提升婚恋矛盾调解效能与打击整治整体质效。 会议要求，婚介机构要坚守信息透明底线，保障消费者知情权，提升从业人员资质，统一采用市场监管部门或行业协会推荐的合同范本，杜绝“概不退款”“最终解释权归本公司”等霸王条款，强化信息审核保护，健全信用监督体系，共同营造安全放心的婚介消费环境。（文/图 陈涛）,983,http://gz.people.com.cn/n2/2025/1020/c394148-41385384.html,婚姻;婚恋;婚介
People.cn,2025-10-21,离婚了，爱不能“缺席”,铁西法院未成年人保护审判庭近日调解了一起探望权纠纷，在法官的努力下，父女相见，亲情得以延续。 陈某与张某离婚后，约定7岁女儿陈小某随张某生活，陈某享有探望权。离婚后，陈某去长春生活。一次，张某按约定将女儿送到陈某处，但陈某因有事将女儿临时托付给信任的朋友照看半天，张某知道后十分不满，认为其缺乏责任心，从此拒绝陈某探望。双方信任破裂，沟通陷入僵局。 此后，陈某几次来到四平看望女儿，却屡吃闭门羹。他只能把精心挑选的礼物放在张家门口，心情十分郁闷。 假期临近结束，陈某因无法见到女儿，无奈下来到铁西法院求助。案件受理后未成年人保护审判庭法官张浩与法官助理郭佳慧立即组织进行调解。在了解完案件过程后，刚做母亲不久的法官助理郭佳慧对孩子格外关心，她深知父母双方的陪伴对孩子成长的重要意义，因此在调解过程中她多次开导二人并强调：“父母离婚后，不直接抚养子女的一方仍有探望权。孩子不是私有财产，是需尊重的独立个体。婚姻结束，父母子女的亲情不变，父爱母爱缺一不可，缺失会造成孩子成长遗憾。” 法庭从情理法角度引导双方聚焦子女利益，为孩子健康成长，共同消除隔阂。陈某承诺：“每月会在不影响女儿学习的前提下，到四平探望，保证孩子人身安全。” 张某也松口：“我愿意配合，一起为孩子营造好的成长环境。” 最终双方达成和解，陈某每月可至女儿居住地探望2天。陈某对法庭的调解结果非常满意，“感谢法院，使我们父女相见不再有障碍，我一定更加关爱孩子！” 本案的成功化解，体现了法院在未成年人审判工作中注重调解、兼顾“情理法”的工作理念，切实保障了未成年子女的合法权益。法官表示，会探索适合未成年人生理、心理特点的审判、工作方式，发挥审判职能，积极引导当事人理性化解矛盾，共同守护未成年人健康成长。,734,http://jl.people.com.cn/n2/2025/1021/c349771-41386348.html,婚姻;离婚
CCTV,2025-10-22,把“相亲分析”当成恋爱指南？揭秘网络“婚恋军师”背后暗藏套路,“身高1.83米？按去皮原理，真实身高1.80米；月收入1万至3万元？一律按最低1万元算；练跆拳道、爱喝酒、孝顺？这三项合一就是家暴预警啊！”只见视频里的“相亲分析师”手持记号笔在白板上疾书，网友们听得津津有味，一边点赞一边提问咨询——这类标注“婚恋军师”“相亲分析师”的主播正在社交平台上悄然走红。他们以“避坑指南”为噱头，用“爱情公式”量化相亲对象价值，吸引着大批迷茫的年轻人。但记者调查发现，这些看似专业的“鉴定服务”，实则暗藏多重套路。 在各种社交平台上，自诩为“婚恋军师”“相亲分析师”的博主遍地开花，有人甚至拥有几十万甚至上百万粉丝。 为什么这类博主突然火了？这要从相亲的一大痛点说起。 很多年轻人表示，别人给自己介绍对象时，常有夸大其词、隐瞒缺点的做法。“我问男方多高，介绍人说比我高，结果见面一看，确实比我高——我1米58，他1米60。”“介绍人说对方特别老实，我还挺高兴。结果见面一看，那人连话都说不利索，全程就低着头玩手机。也没什么爱好，就喜欢在家待着，感觉都有些和社会生活脱节了。”不少网友在网上分享自己遇到过的离谱相亲经历。 为此，很多人对相亲这种模式产生了一定的不信任感，于是，号称给相亲对象“挤水分”的“相亲分析师”“婚恋军师”逐渐受到追捧，他们自称能从介绍人或相亲对象的话语里剥除谎言成分，分析出对方的真实情况，见招拆招，并给出建议。 “不要看介绍人说了什么，要看介绍人没说什么。”“如果介绍人说对方非常漂亮，颜值大概率就是中等偏上；说漂亮，就是普通长相；说长得还行，就是有点小丑；说长得一般，就是非常丑。”“说家乡只说是哪个省，但不说具体城市的，肯定不是省会或者大城市，而是你根本没听过名字的小县城。”很多人觉得，这些“相亲分析师”说得很有道理，直呼“比微短剧的反转还要爽”。 一时间，“婚恋军师”“相亲分析师”成为社交平台上备受年轻人追捧的情感博主新赛道，甚至有博主三天就涨粉30万。 “相亲分析师”们说的貌似有些道理，但他们的判断真的准确吗？ 一个拥有120万粉丝的博主，在分析一个“相亲男”的情况时这样说：“今天我们来看相亲男的谎话——‘身高1.79米’，记住，男人的身高四舍五入向下‘入’，身高1.79米等于1.70米；‘长相端正’，这儿我们要给他打个问号，记住，相亲市场上没有长相端正一说；‘成熟’这两个字等于又丑又老；再来下一句——‘潜力股’等于什么？现在啥都不是，反而是个贬义词；再往下面看，‘有福相’就是体重比较胖；‘有点颜控’，意思是他要找一个‘刘亦菲’；‘在家族企业工作’，意思是全家人在一个厂里打工；‘父母一直想让我考公务员’，那就是考不上；‘周末回家打理家业’，那就是秋收呗；‘家里有一辆国际大牌代步车’，国际大牌这四个字保准是陷阱；‘老家两套房’，大概率是农村自建房；‘想和你在杭州安个家’，证明在杭州没房，想找一个女的陪他还贷款……所以老师总结一下，这人心眼真坏！”博主一边说一边在白板上标注“丑”“老”等字眼。 分析完男方的条件后，这位“相亲分析师”又开始分析这位相亲男对女方的要求：“首先看‘要求不高’，记住了，要求不高就是要求很高；‘喜欢勤俭节约持家的女士’，这表示什么？你不能花他的钱；‘无不良嗜好’，什么叫不良嗜好？在这个男人的视角里，追星、旅游、看演唱会，包括你吃点进口车厘子、吃个海底捞、吃点安格斯牛排，甚至去充一个盒马、山姆会员都不行；‘有孝心’，这是要求对他的家人有孝心……” 这位博主说得一本正经、掷地有声，在没有见到本人、没有实际验证的情况下，仅凭个人主观臆断，就将这名相亲男士“鉴定”为又老又丑又胖、没房子、骑电动车、抠门，还要求女方美貌、不花男人钱、只能孝顺他父母不能孝顺自己父母的“下头男”。 “车价100万（元）以上10分，房价300万至500万（元）16分，985硕士9分……”还有“相亲分析师”展示着自制的相亲竞争力图表，将相亲者的年龄、收入、房产等条件逐一量化打分。然后将男女双方分成ABCD几个等级，画线匹配。 “把所有条件全都量化打分，这不是把人给物化了吗？让人感觉不适，太扭曲年轻人的择偶观了。”一位看过“相亲分析师”视频的年轻人在社交平台上分享自己的感受。 记者浏览了大量“相亲分析师”的视频，发现场景惊人的一致——一个非常年轻的博主，在一面白板上写下相亲对象的情况，然后拿着记号笔一条条分析，标题基本都是“这个男人能嫁吗”或者“这个女人能娶吗”等吸睛的话题，里面的分析也都是一个风格，好像都是从一个公司“批发”出来的。一些博主还在视频下面主动标注“节目效果”“虚构演绎”“仅供娱乐”等字样。 在各类社交平台上，这些相亲分析视频虽然是免费观看，但当一些人开始联系博主时，有些就会被引入收费模式。多数“相亲分析师”不在账号主页直接售卖服务，而是引导添加助理、加入群聊详询，通过平台外的第三方渠道提供付费咨询。 博主会通过连麦、一对一咨询甚至包年等方式提供服务，甚至还有售卖AI相亲智能分析工具的。 对于这样的相亲分析，很多网友只当乐子，一笑了之。但也有些人被这样的博主“套牢”，进一步购买了婚恋咨询服务。 “首次咨询只要19.9元，能问3个问题！”低廉的体验价成为吸引用户的诱饵。用户与其私信联系后，就会收到情感咨询服务的推销。3个问题根本解决不了什么疑惑，如果还想继续提问，就得升级成几百元甚至几千元的包月咨询服务。而在这类情感咨询服务中，很多人都曾有过上当受骗的经历。 网友小柳告诉记者，她曾购买过198元的“择偶定位服务”，承诺随时解答问题。加了助理微信转了钱，对方发来一个表格，让她填写自己和相亲对象的年龄、收入、家庭背景，说要录入“爱情公式”系统。 可接下来的五次咨询，她得到的全是模板化答案：问“男生主动买单是不是加分项”，回复是“小心他想用金钱控制你”；问“对方提到未来规划该不该当真”，答案是“画饼而已，收入没达标都是空谈”；最离谱的是她问“要不要和对方看电影”，答复是“第一次约会就看电影，他肯定想搞肢体接触”。 直到今年夏天，她偶然发现这位博主给另一位粉丝的回复和给她的一字不差，才惊觉自己被骗了，赶紧找助理要求退款，对方直接发来聊天记录：“我们提供了五次咨询，服务已经完成。” 小柳说，后来她还是和那位男士见了面，接触了一段时间后发现，对方其实是个会喂流浪猫、会主动帮老人提东西的温暖男生。这时她才明白，那些“相亲分析师”嘴里的“鉴定准则”，不过是制造焦虑的话术。 还有人被引导购买了升级版的婚恋咨询服务，这类服务里最典型的就是“挽回咨询”。31岁的林晓（化名）因为男友要与她分手，购买了99元的体验咨询，“导师”通过两小时长谈将分手归因于她情商不足，推销4800元的“半月挽回套餐”。林晓购买该套餐后，“导师”在服务期间仅给她发送了网上随处可见的“提升指南”，教她发朋友圈营造人设。半个月后没有效果，“导师”又以“进入破冰期”为由，诱导她再付4800元升级服务。当林晓发现按“指导话术”沟通反而惹男友反感时，想要退款，却被以“未按计划执行”为由拒绝，近万元打了水漂。 “‘相亲分析’实则是互联网领域的新赛道。在相关主播追逐流量的过程中，存在着虚构剧本、人为制造反转与爽点、语言分析走极端的可能。”中国政法大学传播伦理研究学者阴卫芝指出，这类话题能够收获高流量，一是由于对婚恋相亲话题感兴趣的基础人群大，二是因为这类传播内容踩中了人们爱看热闹的心理。“相亲分析”的走红，也折射出年轻人择偶时更加追求个性，以及现代社会对相亲与婚恋问题的焦虑。 所谓的“相亲分析师”“婚恋军师”，对于建立亲密关系真的有帮助吗？阴卫芝分析，网络上流行的“相亲分析师”多数并无专业资质，准入门槛低，是被包装出来的，可能会潜移默化地影响人们的认知。这类传播内容预设了相亲一定会欺骗对方的前提，大家抱着审视的态度恶意揣度彼此，让人际关系变得物质化、扁平化、标签化，加剧了人际关系中的不信任感和疏离感，让相亲处于针锋相对、剑拔弩张的氛围中。“爱情是一种具身的主观体验，需要跟着感觉走，不必用公式、评分表来衡量。” 此外，在追求流量变现的过程中，网络“相亲分析师”“婚恋军师”的水平参差不齐，部分情感咨询服务消费套路多，也让消费者的体验打了折扣。 “相亲分析师”的传播内容并非靠谱的恋爱行动指南。阴卫芝认为，要理性、审慎地看待这类内容，现实生活中不应完全将其作为评判相亲对象的依据。（记者 代丽丽 胡子傲）,3449,https://news.cctv.com/2025/10/22/ARTIcJRF73opSnszizdbC4YH251022.shtml,婚恋;恋爱;相亲;择偶;对象;家暴
People.cn,2025-10-23,宁夏贺兰 “组合拳” 破彩礼陋习 文明新风助振兴,今年以来，宁夏贺兰县锚定“破除陈规陋习、弘扬时代新风”核心目标，以《贺兰县2025年农村高额彩礼专项治理实施方案》为抓手，配套118万元专项经费，明确20项正向引导、7 项反面约束举措，统筹八大牵头单位协同发力，推动专项治理从“攻坚破题”向 “常态长效”跃升，以文明新风为乡村全面振兴注入强劲动能。 突出党建引领，筑牢治理“压舱石”。坚持“党建领航、支部带头、党员示范”工作路径，将高额彩礼治理成效与村党组织评星定级直接挂钩——对成效突出的优先晋星，对推进不力、弄虚作假的降星整顿，并纳入软弱涣散村重点治理清单。通过对全县65个村党组织“逐一过筛”，精准锁定1个村为重点整顿村，量身定制“一村一策”方案，细化3方面10项举措，依托“1名县级领导+1名乡镇班子成员+1名驻村第一书记+1个帮扶单位”的“四个一”包抓机制，推动重点村治理从“被动整改”转向“主动提升”，夯实基层治理根基。 突出宣传引导，奏响新风“主旋律”。创新“七个一”工作机制与立体化宣传矩阵，通过“高额彩礼青年说”网络互动、“村长带头讲”文艺宣传、“新风劝导队”入户服务等形式，实现政策宣讲与实践深度融合。举办“听党话、感党恩、跟党走”宣传教育暨“贺仪天成·兰心相守”集体婚礼、移风易俗文艺巡演等活动，相关经验获主流媒体刊发200余次。构建“全媒体覆盖、多形式渗透”宣传矩阵，依托“贺兰发布”“魅力贺兰”APP 开设专栏，制作短视频、微短剧、漫画27期；依托92个新时代文明实践所（站）开展宣传宣讲800余场次，发放宣传材料1.8万余份，让“婚事新办不丢面、新事简办不攀比”理念深入人心。创新推出“红白事巡查台账”“红白事登记台账”等四本台账，实现红白事“事前报备、事中监督、事后登记”全流程管控，累计登记2200余次，及时化解不良倾向苗头；结合文明积分制、道德红黑榜，对“红榜”模范奖励积分兑换生活用品，对“黑榜”典型扣分曝光，全年兑换文明积分近18万分，以“小积分”撬动群众参与治理“大热情”。 突出自治管理，激活群众“源动力”。推动65个村修订完善村规民约，将“反对高额彩礼”纳入刚性条款，实现红白理事会全覆盖，吸纳村“两委”成员、党员、村民代表、公益红娘等600余人参与治理，明确“彩礼低于8.5万或零彩礼、礼金 200-500元、单方酒席不超10桌”的倡导标准，从“群众管群众”入手减轻人情宴席负担。严格落实农村彩礼认定机制，经农户报备、村民代表评议、公示等流程，2025年以来共认定“低彩礼”家庭113个、“零彩礼”家庭38个；创新推出“礼遇政策”——为386名“低彩礼”“零彩礼”家庭成员开通社保卡免费乘车功能，在社区工作者招聘中为9名相关家庭考生加分（“低彩礼”加0.5分、“零彩礼”加1分），其中2名“零彩礼”青年成功入职。大力宣传桃林村周占银“零彩礼嫁三女”、广荣村谭雪勤“公益红娘”调解、金沙村汪学文“陪嫁20万拒彩礼”等典型事迹，以“身边事”教育“身边人”，推动文明新风成风化俗。 突出法治保障，织密公平“防护网”。依托“三官一师一员” 队伍及人民调解力量，健全高额彩礼纠纷调处机制，2025年以来摸排婚恋家庭纠纷465件，化解432件，化解率达92%。依托政法新媒体矩阵发布婚姻家庭编解读、典型案例14期，制作普法视频8期，累计浏览量超1万人次，拍摄《抵制高价彩礼 弘扬婚嫁新风》专题情景剧。在法院、检察院设立12338妇女维权站，强化妇女权益司法保护；在立岗镇星光村打造全县首个“高额彩礼专项治理宣传室”，整合政策解读、典型案例、成果展示三大板块，直观呈现高额彩礼危害与文明婚嫁幸福案例，以法治力量守护公平正义。 突出婚俗改革，打造文明 “新样板”。以隆源村婚俗改革试点为抓手，健全农村居民婚姻事项报备制度；在婚姻登记大厅设立“低彩礼”“零彩礼”绿色通道，发放“喜包”、设置“宁福您彩、新婚送福”打卡点，赠送60元即开型福利彩票兑换券，营造温馨喜庆氛围；通过工作台、宣传彩页、公众号推送、显示屏滚动播放等形式，强化文明婚俗宣传。联动婚宴酒店、婚纱摄影、婚庆公司推出“折扣礼遇”，为持证新人提供9.5折优惠，以“全链条支持”推动婚俗改革落地见效。 突出惠农增收，夯实减负“经济基”。开展惠农政策与抵制高额彩礼宣传696场次，推动“增收减负”同频共振；实施农民收入稳增计划，出台10项促增收举措，开展农村实用人才技能培训，落实稳岗就业政策；持续发展农业特色产业，农村居民收入稳定增长。上半年，全县农村居民人均可支配收入10635元，同比增长5.5%。预计前三季度，农村居民人均可支配收入1.9万余元，同比增加1000余元，增长6%。 突出妇女关爱，凝聚新风“她力量”。依托“贺兰妇联”新媒体阵地发布抵制高额彩礼推文、视频86篇（次）；在“5・20”“七夕”等节点，为102对新婚夫妇开展辅导、宣誓、集体颁证，引导树立正确婚恋观；为5名“零彩礼”“低彩礼”家庭妇女提供“两癌”救助，为7户家庭办理创业担保贷款83万元，为22名妇女提供就业培训；在七夕集体婚礼中，为10个文明婚嫁家庭颁发现金奖励与证书，以“巾帼力量”引领婚俗新风。 突出青年群体，培育振兴“新动能”。打造“团团小红娘”交友品牌，开展青年联谊活动8场，举办集体婚礼1场，发布“彩礼新声·青年有话说”3期，抵制高额彩礼倡议书2期，引导青年抵制高额彩礼；联动德瑞楼为“零彩礼”“低彩礼”夫妇提供8-9折优惠及免费服务，减轻婚庆成本；将“践行文明婚俗”纳入团员发展、推优入党、青联委员选拔的优先条件，作为“乡村好青年”选树标准，为相关青年开通青年夜校绿色直通车；明确团员、团干部若出现高额彩礼、大操大办等问题，年度评议、考核不得评优，团支部推进不力的列入后进整改，以青年引领推动新风代际传递。 今年以来，贺兰县通过以“正向激励+反向约束”双轮驱动模式，全面推进农村高额彩礼专项治理工作。2025年1-8月，全县农村结婚报备208对，认定“零彩礼”38对，“低彩礼”113对，平均彩礼金额6.32万元，低于倡导性标准，移风易俗工作取得阶段性成效，文明新风吹遍贺兰千家万户。,2508,http://nx.people.com.cn/n2/2025/1023/c413237-41389169.html,婚姻登记;高价彩礼;婚姻;结婚;婚恋;彩礼;婚俗;婚嫁;婚礼
People.cn,2025-10-23,宜宾翠屏：婚恋特色街区业态上新，成为城市更新与文旅融合发展的生动范例,近日，宜宾市翠屏区纸厂片区婚恋特色街区内，全新亮相的宜宾地域文化餐秀“二十四宴”人气正旺，不少市民游客前来“打卡”，开启一场独特的文化体验。 舞台上，舞蹈《僰魂・戎州遗韵》刚劲古朴，舞者以矫健的舞姿再现古老民族的勇毅风骨；《诗圣醉戎州・宴咏千秋》融诗酒于一体，演绎文人墨客在此地的风雅情怀。席间，创意菜品同样承载着宜宾记忆：“金鼎烩珍・佛跃三江”汤醇味厚，呼应三江汇流的丰饶底蕴；“炙舌燃金・古道烽烟”以炙烤技艺，唤起对千年商道繁华传奇的悠远遐想……歌舞与佳肴相得益彰，共同营造出沉浸式的时空体验场景。 据翠屏区婚恋特色街区招商负责人李诗奎介绍，该街区总商业面积达2.5万平方米，目前签约面积已超过2.2万平方米，签约率超过90%。在已签约的54家商户中，婚恋主题企业达29家。街区成功引入婚礼集合店、专业策划机构、礼宴服务公司等多元主体，构建起涵盖婚礼策划、仪式庆典等环节的全流程服务链条。 目前，知竹酒楼、奥斯汀花园餐厅等特色商户已正式营业，为街区集聚了旺盛人气。“二十四宴”项目负责人王敏表示：“我们突破传统餐饮‘只品其味’的局限，以二十四节气为脉络，以宜宾千年文脉为内核，打造‘一舞一宴’的沉浸式宫廷体验。” 近年来，翠屏区婚恋特色街区持续引入多元业态，通过打造沉浸式、一站式婚恋消费新场景，既丰富了市民文化生活，也有效激发了区域消费活力，成为城市更新与文旅融合发展的生动范例。下一步，翠屏区将进一步强化服务功能、完善产业生态，计划在此增设婚姻登记服务点和婚检中心，实现婚姻登记与后续婚庆消费场景的无缝衔接，真正构建“一站式”幸福产业闭环。同时，翠屏区将持续培育新型消费载体，拓展消费新空间，塑造发展新动能，为区域经济高质量发展注入源源不断的文旅动力与市场活力。（朱思雨）,740,http://sc.people.com.cn/n2/2025/1023/c407319-41389116.html,婚姻登记;婚姻;婚恋;婚礼
People.cn,2025-10-24,脱单太难？四川天府新区帮忙解决单身青年的“痛点”,“官方部门能不能多关注下我们的终身大事？脱单真的太难了！”近期，不少网友在社交平台发声，呼吁相关部门重视年轻人婚恋交友的痛点需求。而四川天府新区早将这份期待放在心上，以“天府正青春·湖畔友约”青年联谊活动为抓手，用系统化设计、常态化开展与模式化创新，为青年搭建浪漫桥梁，交出一份让网友直呼“走心”的答卷。 “要通过解决青年婚恋问题，增强他们对新区的情感归属和组织凝聚力，为高质量发展提供稳定人才支撑。”这是四川天府新区团工委打造活动时的核心目标。自今年3月起，活动严格遵循“一月一主题”的常态化机制，先后举办攻防箭、健步走、幸福列车、水上桨板、桌游、七夕音乐会、骑行等主题活动，覆盖新区700余名来自机关、科研院所及各企事业单位的青年职工，精准触达目标群体。 今年3月，“天府正青春·湖畔友约”活动在兴隆湖举行。 甜度超标 形式新颖 年轻人直呼 “官方红娘太会了” “我和女朋友是在5月份参加天府正青春的主题活动相识的。”在新区一家科研机构工作的李宇，今年26岁，3月参加了第一场“天府正青春 湖畔友约”活动，“对于这种官方主办的交友活动，我一直觉得更靠谱。更重要的是，活动形式更创新、更活泼，更容易让年轻人破冰。” 3月的活动，李宇没有遇到自己的缘分，5月，他再次报名。这一次，缘分就这样降临，李宇顺利脱单。 不同于传统联谊的刻板拘谨，新区首创“自然场景+兴趣社群”互动模式，将活动搬到比如兴隆湖湿地公园等开阔的公园、绿道与湖畔。就像李宇参加的3月主题活动，活动现场，“波光潋滟的兴隆湖与绿意葱茏的草坪相互映衬”，60余名单身青年在自然美景中敞开心扉。活动采用结构化“3+1”流程设计：3个核心互动环节以团队任务、游戏竞赛实现“任务引导式社交”，确保每位参与者都能自然接触；1个自由交流时段则给予自主选择空间，大大提升交友精准度。 而5月的“幸福列车”主题活动，新区团工委联合温江、德阳两地，集合了新区、温江区各行业领域的近百名青年，搭乘“幸福列车”从成都出发，一路欢声笑语奔赴德阳，与德阳市旌阳区青年在趣味互动与非遗体验中邂逅友情与缘分。 脱单+安居“双赢”天府新区把青年心牢牢留住 为了让“瞬时火花”变为“长效陪伴”，新区还构建了深化服务机制：建立“牵手嘉宾”专属社群，组织“牵手徒步”等专场活动，形成从“破冰相识”到“持续互动”的完整服务闭环。这份用心换来了实实在在的成果——据有效跟踪统计，活动已促成50余对青年“牵手”，且调研显示整体满意度达90%以上，“形式与内容深受青年喜爱”。 这场联谊只是新区服务青年的缩影。为让青年“留得住、过得好”，新区在生活保障上“下足功夫”：提供14天人才驿站免费住宿，筹集保障性租赁住房约1.5万余套，累计供应人才公寓约1.4万余套；累计新开办中小学、幼儿园103所，新增学位10.6万个；新增社区商业300余万平方米，天府大悦城等消费场景相继投用。就业创业方面，设立10亿元人才发展专项资金，给予个人10万元起步、团队200万元起步的奖励支持，已累计拨付近5.1亿元，吸引本科以上学历落户人才超19万人，成为“中西部最年轻的城市新区之一”。 中共中央、国务院在2017年印发的《中长期青年发展规划（2016—2025年）》明确提出，“支持开展健康的青年交友交流活动，重点做好大龄未婚青年等群体的婚姻服务工作”“充分发挥工会、共青团、妇联等群团组织和社会组织的作用，为青年婚恋交友提供必要的基础保障和适合青年特点的便利条件”…… 据悉，新区今年还将专题策划“湖畔友约”“芝士学堂”“湖畔球局”等系列文体活动50余场次，每月持续组织户外徒步、电竞桌游等联谊活动。 在四川天府新区，青年的“脱单期待”与“发展梦想”，正被一一温柔接住。,1538,http://sc.people.com.cn/n2/2025/1024/c345167-41390353.html,婚姻;婚恋;单身;脱单
People.cn,2025-10-27,宁波奉化“甜蜜产业”引领婚俗改革新风,10月26日，由宁波市奉化区民政局、奉化滨海旅游区管理中心联合主办的“海誓山盟·一生锁爱”金秋集体婚礼颁证仪式在宁波湾省级旅游度假区举行，通过“浪漫仪式+海上婚礼+甜蜜市集”的创新形式，为新人打造了一场融合自然美景与人文底蕴的婚庆盛宴，以婚俗改革新风尚引领文明新实践。 伴随着悠扬的弦乐，12对新人手挽手走过缀满鲜花的T台，海风轻拂白纱，浪花应和誓言，新人共执刻有姓名的铜锁，许下“锁定此生”的诺言，全场宾客齐诵誓言卡传递祝福，新人代表宣读《婚事简办倡议书》，分享“极简婚礼”经验，12只系着心愿卡的气球腾空而起，现场爆发出热烈掌声。“在美丽的天妃湖完成人生大事，比在酒店里办酒席更有意义，这份记忆终生难忘。”新人陆鹏程感慨。 近年来，奉化区以“甜蜜产业”培育为抓手，深度整合婚恋服务资源，依托宁波湾“浪漫经济带”建设，打造省级婚旅融合示范区，通过升级福堤爱情主题景观、建设户外颁证基地等举措，构建“爱情仪式链”，形成“春日樱花婚拍季、夏日海滨婚典月、秋日文化婚俗展、冬日温泉婚旅节”等的四季婚恋服务体系。 此次集体婚礼选址的周边已形成“福桥誓言打卡点”“天妃文化婚俗体验馆”等特色场景，与滨海浪漫步道串联成“山海婚恋动线”，吸引长三角地区超千对新人前来拍摄婚照、举办仪式。活动同步开启的“甜蜜市集”创新“婚恋+文旅”消费模式，汇聚婚品定制、婚旅策划等10余家品牌商户，其中“极简婚礼套餐”“婚旅联票”等新产品吸引了不少游客，成为区域婚恋消费升级的新引擎。 “集体婚礼不是简单的‘扎堆办酒’，而是通过创意形式让婚俗改革入脑入心。我们正筹备‘婚姻登记+文旅服务’一站式平台，让新人在领证同时获得景区优惠、婚庆礼包等增值服务，真正实现‘一证畅游奉化，一生锁爱山海’。”奉化区民政局相关负责人表示，活动将颁证仪式从室内延伸至山海之间，以“山海同证”的独特记忆替代传统婚宴，既减轻新人经济负担，又以公益市集、文化展演等形式传递文明新风。据统计，参与新人平均婚庆支出较传统模式降低70%，超九成家属支持“简约不减爱”的婚俗理念。 据悉，下一步，奉化将深化“婚俗改革+文旅融合”模式，计划在宁波湾常态化提供户外结婚登记颁证服务，推出“爱情文化季”系列活动，联动婚恋产业上下游企业形成“甜蜜经济”产业链。（康诗文、景士杰）,954,http://zj.people.com.cn/n2/2025/1027/c370990-41392138.html,婚姻登记;结婚登记;婚姻;结婚;婚恋;婚俗;婚礼
China News Service,2025-10-29,北京高院：传统婚姻家事案件中老年人权益被侵害问题突出,中新网 北京10月29日电(记者 陈杭)自2024年至2025年8月，北京法院共受理各类涉老民事案件41389件，妥善审结38287件，收案、结案数量均呈现稳步上升态势。 总体来看，当前涉老民事案件呈现出案件类型多样、权益保护范围持续扩大，传统婚姻家事案件中老年人权益被侵害问题突出，养老服务隐患增多导致矛盾纠纷发生，老年人劳动权益保障相关纠纷增多，老年人弱势特征明显、维权能力不足等五大特点。 这是记者28日从北京市高级人民法院召开的北京法院涉老民事审判工作新闻发布会上获悉的。 北京高院副院长、新闻发言人靳学军表示，面对涉老审判工作出现的新问题新情况，北京法院立足司法审判职能，坚持以“如我在诉”的司法理念办好每一起民生案，在法律规范的裁量空间内，努力寻找最佳处理方案，实现最佳裁判效果。 靳学军说，朝阳法院由亚运村法庭集中审理辖区内涉老年人的各类民事案件后，涉赡养类纠纷平均审理时间缩短了35天，涉老年人行为能力认定及指定监护人类案件平均审理时间缩短了19天；房山法院对签发人身保护令的当事人设置事后回访制度，保障人身保护令切实发挥良好效果；密云法院重点回访赡养案件中的老人，及时跟进案件履行情况，督促当事人履行法律确定的义务。 为进一步营造尊老、敬老、养老、助老的和谐氛围，维护好老年人合法权益保护，北京高院副院长李艳红结合具体案例的处理情况，为公众提供规范指引。在于某申请人身安全保护令案中，明确将辱骂威胁、监控监视等精神控制行为纳入规制范畴，为老年人精神权益保护提供司法样本；在董某申请撤销刘某等监护人资格案中，依法撤销不合格监护人的资格，明确传递坚决遏制侵害老年人权益行为的司法立场。 靳学军表示，北京法院将积极发挥司法审判促进社会公平正义、增进民生福祉的职能作用，助力老年友好型社会建设，为实现老有所养、老有所依、老有所安提供高质量的司法服务和保障。(完),786,https://www.chinanews.com.cn/sh/2025/10-29/10506612.shtml,婚姻
People.cn,2025-11-04,宁夏利通区上桥镇以婚俗改革激活乡村振兴文明动能,“彩礼少了被人笑话”“婚礼简办没面子”……这是宁夏回族自治区吴忠市利通区上桥镇花寺村村干部丁晓娟曾经入户宣讲婚俗改革时，听得最多的质疑声。如今，走进上桥镇的村庄院落，“彩礼做减法、情谊做加法”已成为乡亲们的新共识。 “民法典明确规定，禁止借婚姻索取财物，天价彩礼根本不受法律保护。”在花寺村村民大会上，丁晓娟翻着随身携带的《民法典》手册，进行宣讲。半年内，她还坚持走访入户，给群众讲身边人、身边事的例子，累计入户120余次。同时，丁晓娟每天还在微信群里分享“零彩礼”故事，用“彩礼堆不出幸福”的家常话解开群众心结。 今年春天，正当丁晓娟的女儿顾梦儿与安徽小伙李爽紧锣密鼓地筹备婚礼时，彩礼问题却摆上了桌面。10万元以上的彩礼标准让家境普通的李爽面露难色，顾梦儿却主动对母亲说：“婚姻是两个人的事，哪能让彩礼成负担？”丁晓娟当即拍板：“就按‘零彩礼’办。”她翻出彩礼纠纷调解案例本，对双方亲友说：“我是党员干部，更应带头破陋习。”婚礼上，8桌家常席每桌仅按500元标准，丁晓娟鼓励新人把省下的钱用于创业购房，“让年轻人轻装上阵搞事业，这才是给他们最好的嫁妆。” 牛家坊村的吴燕，结婚时选择“低彩礼”，省下来的彩礼钱小两口开了手工辣条分店，靠卖麻辣条年收入10万元；花寺村新婚夫妇马龙和王崇英则将彩礼从10万元降至6万元，余款购置了一台拖拉机，农忙时不仅自家耕作效率翻倍，还能帮邻里抢收；中华村的新婚夫妇马天豪和妻子金歌，订婚宴上的彩礼钱，在婚后第二天就被岳父岳母全额返还，支持小两口就业创业。 为让文明新风落地生根，宁夏利通区上桥镇各村（社区）趁热打铁组建9支“移风易俗志愿服务队”，百余名志愿者分成15个小组，为婚嫁家庭提供“一对一”指导，已成功促成42对新人喜结连理。此外，上桥镇还将彩礼标准、宴席规模写入村规民约，并推出“文明积分制”，零彩礼家庭可凭积分兑换米面油等生活用品。以前怕彩礼少被笑话，现在村里婚事都按“红白理事会”的规矩来，彩礼上限8.9万元，宴席不超10桌，随礼不逾300元。“红娘”志愿者马静笑着说，“攀比之风刹住了，邻里关系更和谐了。” 下一步，宁夏利通区上桥镇将创新用好文明倡议、典型宣传等方式，积极引导群众成为新时代文明的主动参与者、传播者，让文明新风落地生根，为乡村振兴注入持久的精神动力。,959,http://nx.people.com.cn/n2/2025/1104/c412337-41401248.html,天价彩礼;婚姻;结婚;彩礼;婚俗;婚嫁;婚礼
CCTV,2025-11-06,结婚还有机会“领钱” 甜蜜福利如何真正甜到实处？,最近，不少地方完成婚姻登记的新婚夫妇，除了崭新的结婚证，还可能额外收获一份来自政府的 “甜蜜礼包” ：数百到上千元的“甜蜜经济消费券”，可以用于婚纱摄影、婚宴婚庆等场景，部分地区还可以申领现金奖励。既为新人的婚恋消费减负增效，也让这件人生喜事多了一份温暖期许，更以政策红利为“甜蜜经济”注入了鲜活动能。 让 甜蜜福利真正 暖进 心坎、甜到实处？ 在浙江东阳市婚姻登记处，“00后”新人李文成与李孟雨经过婚前辅导、婚姻登记、结婚证颁发等环节后，还领到了政府发放的一份“甜蜜份子钱”，也就是“结婚消费券”。 从10月22日开始，在 浙江东阳 ，每对符合条件的新人可通过银联云闪付App领取 5张“满500减200元”消费券 ，共计1000元额度，涵盖婚纱摄影、婚礼婚庆、休闲旅游、酒店住宿、婚俗文创、零售餐饮等多个婚庆消费场所。东阳市民政局婚姻登记处主任何莉莉介绍，这些消费券 有效期是新人领取后的30日 ，旨在发挥结婚消费券的拉动效用，发展甜蜜经济，形成甜蜜经济消费新热点。 记者了解到， 宁波、杭州 民政部门面向在该地登记结婚的新人，每对发放 1000元结婚消费券 。除了发放结婚消费券外，一些地方还有结婚奖金。在 山西省吕梁市 ，自2025年1月1日起，在吕梁市结婚登记（双方均为初次登记）且女方年龄在35周岁及以下的夫妇，给予 1500元的奖励 。 吕梁市民政局社会事务科婚姻登记工作负责人吴倩颖介绍，新政实施后结婚登记人数显著增长。今年1—10月吕梁市结婚登记达22194对，同比增长33%，其中符合奖励条件的有16456对，累计发放资金2493.73万元。元旦等特殊节日，结婚登记人数尤为踊跃，各县市区还举办了形式多样的颁证仪式，为新人增添了满满的仪式感。 近年来，部分城市瞄准甜蜜经济，释放婚育人群消费潜力。从摄影跟拍到举办婚礼和蜜月旅行等一系列环节，围绕相关市场机遇，部分城市探索“婚姻+产业+文旅”发展新模式，进一步拓展了消费市场的广度与深度。 首都经贸大学劳动经济学院教授姜全保认为，结婚奖励进一步释放了鼓励适龄婚育的积极信号，也是降低结婚、生育、养育、教育等婚育成本的体现。“虽然是否婚育是个人的自由选择，但总体上太多的不婚不育还是会对人口社会经济发展造成一定的影响。发钱奖励结婚一定程度上降低了结婚成本，现金奖励、消费券等直接补贴和部分减轻婚礼婚房的经济负担，一定程度上减轻婚姻压力。” 鼓励年轻人适龄婚育，还有哪些好方法可以借鉴？ 姜全保表示，“经济减负+服务保障+文化引导”多管齐下，保证“婚育一体化”支持，结婚、生育、养育、教育政策相衔接，形成可持续支持体系。他认为，下一步应该通过 免税、提供住房贷款 等扶持政策，免除新婚夫妻的后顾之忧。当前国家已经采取了相当多政策，延长带薪产假、陪产假、推广弹性工作制，允许父母灵活分配育儿假。我国现在建立了很多普惠托育机构，提供托育补贴，尽量保证多子女家庭的孩子在同一个学校入学等，形成可持续性支持体系。,1235,https://news.cctv.com/2025/11/06/ARTIlyN4ug4QPwVg5MSgk9yj251106.shtml,婚姻登记;结婚登记;婚姻;结婚;婚恋;婚育;婚俗;不婚;夫妻;婚礼
China News Service,2025-11-07,伪满皇宫博物院展出近现代婚恋婚俗实物 见证中国社会变迁,视频：【小新的Vlog】小新探访近现代婚恋婚俗实物展 看中国社会变迁 余件从民间征集到的实物，讲述几代中国人的爱情故事。 展览设置六个主题场景，带领观众穿越百年婚恋岁月。从民国婚书上的朱红喜字到上世纪50年代印有“自主自愿”的结婚证，再到90年代手写“永远爱你”的手帕，一件件展品勾勒出时代印记。 展厅生动呈现了上世纪八九十年代中国人的家居风貌：糖纸门帘闪烁彩光，“囍”字床单铺满铁艺床，港台歌星海报与收音机、电视机共同见证时代变迁。互动区内，游客还可亲身坐花轿、披盖头留念，AI动态婚宴更再现往昔喜庆场面。 展览吸引不少年轻人前来“打卡”。“这些婚服和老物件让我想起爷爷奶奶和爸爸妈妈的结婚照，这是一种很特别的感受。”吉林外国语大学学生高紫涵观展后表示，这些老物件让人有了穿越时空的情感共鸣。 策展人、伪满皇宫博物院文物保护部副主任彭超表示，展览聚焦普通人生活，既拉近与观众距离，也让年轻人了解了父辈的婚姻家庭观念。(完),412,https://www.chinanews.com.cn/sh/2025/11-07/10511800.shtml,婚姻;结婚;婚恋;婚俗
People.cn,2025-11-10,开阳县妇联调研指导家庭婚恋纠纷化解及未成年人保护工作,为筑牢家庭和谐幸福防线和织密未成年人保护网，近日，县妇联深入紫兴街道、花梨镇、龙水乡等乡镇（街道），通过实地走访、查阅台账、座谈交流等方式，对家庭婚恋纠纷化解及未成年人保护工作开展调研指导。 调研过程中，详细了解各乡镇（街道）在家庭婚恋纠纷排查预警、联合调解及未成年人法治宣传、重点群体关心关爱等方面的工作举措与实际成效，并与基层妇联干部、儿童主任、调解员等围绕工作中的难点堵点问题开展深入研讨。 针对调研情况，县妇联负责人提出，一是要强化源头预防，提升排查敏锐度，要充分发挥村（社区）妇联主席、执委、巾帼志愿者等基层力量人熟、地熟、情况熟的优势，常态化开展家庭婚恋纠纷排查，重点关注高风险家庭和重点人群，做到早发现、早介入、早报告；二是要深化多元化解，增强调处实效性，要坚持“调解优先”原则，依托“妇女之家”“调解委员会”等阵地，整合综治、司法、民政、公安等资源，运用情、理、法相结合的方式，耐心细致做好矛盾双方的思想工作，努力将纠纷化解在萌芽状态、化解在基层；三是要聚焦重点群体，织密未成年人保护网，要特别关注留守儿童、困境儿童等重点儿童的身心健康与发展，持续开展防溺水、防性侵、防欺凌等安全宣传教育、法治教育，同时推动落实强制报告制度，积极链接社会资源，为困境儿童提供学业辅导、生活帮扶等关心关爱服务；四是加强宣传教育，营造良好社会氛围，要利用线上线下多种渠道，广泛宣传《中华人民共和国反家庭暴力法》《中华人民共和国未成年人保护法》《中华人民共和国民法典（婚姻家庭编）》等法律法规，提升广大家庭成员的法律意识和维权能力，引导建立平等、和睦、文明的婚姻家庭关系和家校社联合护未的保护网络。 下一步，县妇联将以此次调研为契机，继续加强对基层工作的跟踪指导与支持，推动家庭矛盾纠纷排查化解和未成年人保护工作迈上新台阶，为建设平安开阳、和谐家庭贡献巾帼力量。（贵州省妇女联合会官网）,790,http://gz.people.com.cn/n2/2025/1110/c404104-41406818.html,婚姻;婚恋;家庭暴力
People.cn,2025-11-10,彩礼返还起纷争 检察搭“桥”解心结--社会·法治--人民网,“我们之间本没有深仇大恨，只是在彩礼、装修这些钱的问题上，越闹越僵……”近日，在山西省兴县检察院的调解室内，史某某的声音平静中带着疲惫。一场因彩礼、家务开支引发的争执，演变为肢体冲突。案件移送检察机关后，承办检察官深入探寻矛盾背后的经济账与情感结，逐渐打开这对夫妻的心结。 2021年8月，史某某与侯某某带着各自的两个孩子重组家庭，男方依当地习俗给了10万元彩礼。然而，这段婚姻不到两年就出现裂痕。原来，在两人共同生活期间，史某某承担了房屋装修、家电购置等大额支出。随着感情走向破裂，侯某某的行为逐渐失控，多次采取极端手段讨要彩礼等。 直到某一次，史某某与侯某某再起争执，史某某被迫报警，二人被民警带至派出所调解。调解未果，二人在离开时出现肢体冲突：侯某某将史某某按倒在地并卡住其颈部，史某某在挣扎中踢中对方，致其左腿膝盖骨折。侯某某随后以故意伤害向公安机关报案。2025年6月，公安机关将该案移送兴县检察院审查起诉。 “我愿意退彩礼，但婚后装修、家电的费用都是我出的，这些都应该折抵。”面对检察官的询问，史某某说。“这段婚姻中的经济往来错综复杂，双方对婚姻中经济往来的认知存在严重偏差。”兴县检察院承办检察官认为，“我们不仅要查清伤害事实，更要剖析矛盾根源。”为此，承办检察官调取银行流水、收集装修票据、走访社区居民，从多个角度还原事实全貌。在深入调查后，检察官意识到，简单的“一诉了之”不能真正解决问题，反而可能激化矛盾。鉴于案件因婚恋家庭纠纷引发，犯罪嫌疑人系初犯、偶犯，且双方均有调解意愿，检察机关决定转变办案方式。承办检察官摸清矛盾症结，围绕彩礼返还、装修支出、医疗费用等焦点，搭建沟通平台，邀请双方亲属、社区工作人员、律师等多方参与，创造对话机会。 调解过程并不轻松。初次见面时，双方情绪激动，侯某某坚持要求全额返还彩礼并赔偿医疗费，史某某则坚持用装修等支出折抵。面对僵局，检察官分别与双方“背靠背”交流，从法理情多角度引导他们换位思考。经过多轮沟通，二人态度逐渐松动，检察官把握时机，再次组织“面对面”调解。 最终，史某某与侯某某就赔偿和彩礼返还数额达成一致并签订书面和解协议。随后，兴县检察院对该案作出不起诉决定。,915,http://society.people.com.cn/n1/2025/1110/c1008-40600172.html,婚姻;婚恋;彩礼;夫妻
People.cn,2025-11-12,江苏半年内办理结婚登记“跨省跨区域通办”8.4万对,原题：江苏半年内办理结婚登记“跨省跨区域通办”8.4万对 记者11月11日从江苏省民政厅获悉，5月10日全面实施“全国通办”以来，江苏共办理结婚登记“跨省通办”3.1万对，离婚登记“跨省通办”0.8万对，省内跨区域结婚登记5.3万对、离婚登记1.3万对。 据介绍，江苏在深化婚俗改革上不断创新，以满足群众对美好婚姻生活的向往。江苏民政部门深度融合民生温度和文化厚度，构建传统文化与现代文明交相辉映的婚俗改革体系，以流程优化增加获得感，以文化浸润增加厚重感，以场景创新增加仪式感，以辅导服务增加安全感，让婚姻服务成为民生幸福的“鲜活注脚”。 日前，为策应婚姻登记“全国通办”，推进婚姻登记信息系统升级与跨区域数据共享，江苏省民政厅协调省档案馆将省婚姻登记管理信息系统与长三角档案查询平台对接，全面实现省内异地调档在线申请、线上出档。 民政部门还联合省公安厅、省数据局印发《江苏省高效办成结婚落户“一件事”实施方案》，推动全省结婚登记与户口登记项目变更、户口迁移等事项“一端受理、一次联办”。 各级民政部门拓展线上服务渠道，通过微信公众号、政务服务APP等平台，为新人提供预约登记、材料预审、政策咨询等服务，让新人足不出户就能提前做好登记准备。 2025年“七夕”前后，省民政厅联合团省委举办以“苏写良缘、青春偕进”为主题的首届“江苏省爱情婚姻诗词大赛暨中式结婚誓词征集活动”，吸引社会各界投稿650多篇，经过专业评选推出72篇入围作品并发动网络投票，最终评选出24篇获奖作品，将成果推广应用于婚姻登记机关颁证活动中，为群众提供了一批高质量的公益婚姻文化服务产品。 2025年以来，各地开展形式多样的特色集体婚礼62场、集体颁证活动265场、相亲交友活动221场。 目前，全省已建成景区登记处（含结婚登记点）51处、户外颁证基地98处、婚俗文化馆（文化长廊）74处、婚姻文化创意街区18处，这些创新场景将婚姻登记从“行政程序”转化为“仪式体验”，大幅提升婚姻登记的幸福感与纪念意义。 江苏还率先出台《江苏省婚恋教育大纲》，建设综合性婚姻家庭指导中心，全省各婚姻登记机关婚姻家庭辅导室实现100%全覆盖。各地提升服务品质，延伸服务链条，通过线上线下相结合的方式，开展形式多样的婚恋教育活动，让婚姻登记从“一次性服务”走向“全周期关怀”。 据悉，无锡市滨湖区携手区妇联设立“新婚辅导专窗”，为新婚夫妻在情感沟通、角色适应、家庭规划方面提供辅导。常州市钟楼区推进“为爱+1度”项目，为居民群众无偿提供点对点婚姻家庭辅导服务。 2025年以来，全省开展婚姻家庭辅导服务进家庭、进社区、进村庄、进校园、进企业活动等“五进”活动736次，共向25.1万人次提供了婚姻家庭辅导服务，婚姻家庭矛盾调解成功率约37.8%。（唐 悦）,1155,http://js.people.com.cn/n2/2025/1112/c360302-41408459.html,婚姻登记;结婚登记;婚姻;结婚;离婚;婚恋;婚俗;相亲;夫妻;婚礼
People.cn,2025-11-12,结婚登记先看“龄” 不够年纪可不行！,《中华人民共和国民法典》第一千零四十七条规定：结婚年龄，男不得早于二十二周岁，女不得早于二十周岁。 《民法典》第一千零五十一条规定：有下列情形之一的，婚姻无效： 《民法典》第一千零五十四条规定：无效的或者被撤销的婚姻自始没有法律约束力，当事人不具有夫妻的权利和义务。同居期间所得的财产，由当事人协议处理；协议不成的，由人民法院根据照顾无过错方的原则判决。对重婚导致的无效婚姻的财产处理，不得侵害合法婚姻当事人的财产权益。当事人所生的子女，适用本法关于父母子女的规定。 婚姻是人生重要的里程碑，遵守法定结婚年龄规定，是保障婚姻合法有效、维护家庭幸福稳定的基础。让我们共同树立法治观念，依法缔结美满婚姻！,300,http://jl.people.com.cn/n2/2025/1112/c349771-41409470.html,结婚登记;婚姻;结婚;重婚;夫妻
People.cn,2025-11-16,山东法院“组合拳”整治高额彩礼--社会·法治--人民网,今天，记者从山东省高级人民法院获悉，去年以来，山东各级法院坚持“立规则、重引导、抓宣传、树良俗”的工作思路，多措并举，大力开展推进移风易俗、整治高额彩礼工作，为维护平等、和睦、文明的婚姻家庭关系提供了有力司法保障。 近年来，山东部分地区高额彩礼问题突出，加重群众家庭经济负担，导致婚约财产纠纷连年攀升。针对这一现象，山东法院坚持把整治高额彩礼、推进移风易俗治理置于党委领导的社会治理格局中，建立完善“党委领导、政府支持、法院主导、部门联动、社会参与”的解纷模式。在省委宣传部牵头下，山东高院与省内25个部门建立深化农村移风易俗开展突出问题综合整治工作协调机制，构建起全省纵横协同、齐抓共管的工作格局，重点针对高额彩礼问题开展治理。 山东各级法院充分考虑接收彩礼的主体、彩礼数额、共同生活时间、给付家庭经济情况、当地习俗等因素，对彩礼范围、返还条件和比例、责任主体等予以规范，统一裁判标准，严格依法确定彩礼返还规则。同时，发扬儒家文化资源丰富优势，将“天下无讼”“和为贵”等优秀传统文化融入审判工作，通过开展专题调研、业务培训等方式，促推高额彩礼纠纷实质性化解。 山东各地人民法庭紧抓前端预防这一治理关键环节，主动延伸司法服务触角，通过指导基层自治组织修订村规民约等方式，开展婚嫁事宜、婚约彩礼的前端引导工作，促进矛盾纠纷源头预防化解。如山东省汶上县人民法院结合审判工作向乡镇政府发出司法建议，推动出台婚姻家庭矛盾纠纷多元化解工作机制等系列配套文件，使“家事案件越少，治理效能越好”成为全县共识。 此外，山东各级法院大力组织开展整治高额彩礼、推进移风易俗集中宣传活动，选取典型涉彩礼纠纷案件开展巡回审判、特色普法，邀请人大代表、政协委员、村镇干部等参与案件旁听，达到“办理一案、治理一片”的良好效果。去年以来共组织宣传教育活动686场次，发放宣传材料4.5万余份，受教育群众达33万余人。通过多元解纷、法治引导、文化赋能等多维发力，山东法院高额彩礼治理成效持续凸显。去年全省婚约财产纠纷增长幅度较2023年降低21.43个百分点，今年1月至10月，全省法院婚约财产纠纷先行调解成功680件，先行调解成功率达51.13%，源头化解矛盾的“第一道防线”作用充分发挥。 “山东法院整治高额彩礼的措施做法，可以说为社会树立了鲜明导向，对推进移风易俗必将发挥积极作用。”全国人大代表王晓菲表示。（记者 闫继勇 通讯员 朱丽君 刘小玉）,1011,http://society.people.com.cn/n1/2025/1116/c1008-40604629.html,婚姻;彩礼;婚嫁;婚约
People.cn,2025-11-17,非遗“陶”里觅知音！联谊让青年“邂逅”美好,11月15日，南方电网广西钦州新区供电局团委联合团钦北区委、广西英华国际职业学院等单位，共同举办“非遗‘陶’里觅知音，青春有约邂美好”青年交友联谊活动。 破冰互动点燃现场热情，青春活力迸发欢乐火花。活动伊始，一系列精心设计的破冰游戏迅速打破了青年之间的陌生与拘谨。“珠行千里”环节中，队员们手执U型槽依次接力，小心翼翼护送小球抵达终点，紧张刺激的过程考验着团队协作与彼此默契；“撕名牌”大战将气氛推向高潮，奔跑、躲闪、结盟，策略与活力交织，现场洋溢着阵阵欢笑；随后的“心心相印”“暴富暴美”等趣味互动，则以轻松幽默的方式，让青年在合作中逐渐敞开心扉。现场掌声与喝彩此起彼伏，彼此的距离也在不知不觉中拉近。 非遗体验深化情感交流，泥火淬炼助推情谊升温。青年们走进钦州坭兴陶大师赵华同工作室，亲身感受国家级非物质文化遗产坭兴陶的独特魅力。从了解坭兴陶的历史渊源与工艺特点，到亲手触摸温润陶泥，学习揉泥、拉坯、修坯、刻花等基础技艺，大家全神贯注，沉浸于匠心营造的艺术世界。指尖流转泥土芬芳，心中感悟传承力量。一件件虽显稚嫩却充满创意的陶坯在手中逐渐成型，青年们不仅体验到传统手工艺的乐趣，更对精益求精、坚韧不拔的工匠精神有了更深理解。 “平时工作忙碌，社交圈比较固定，很难有机会结识这么多新朋友，还能亲身体验这么有意义的非遗代表性项目，感觉特别充实，也很有收获。”来自钦州市钦北区消防站的一位青年在活动中分享道。 此次青年联谊活动巧妙融合现代交友方式与传统文化传承，不仅为单身青年拓展了社交圈、创造了相识相知的契机，更通过沉浸式文化体验，增强了青年群体的文化认同感和归属感，有效引导他们关注、热爱并自觉传承中华优秀传统文化，实现了“交友”与“育人”的双重成效。钦州新区供电局相关负责人表示，未来将继续创新活动形式，打造更多元、更受青年欢迎的品牌项目，更好地服务青年成长与发展需求。（邓升文）,792,http://gx.people.com.cn/n2/2025/1117/c347802-41413499.html,单身
People.cn,2025-11-19,芜湖婚姻登记从“标准化”走向“特色化”,11月18日，芜湖市镜湖区民政局芜湖古城婚姻登记处正式启用，这是全市首个设在历史文化街区的登记处，意味着芜湖又新增一处“公园式”婚姻登记处。近年来，芜湖市在深化婚俗改革领域推出一系列创新举措，将婚姻登记服务与文化旅游、城市建设结合起来，为芜湖市打造“幸福之城”“欢乐之城”注入甜蜜元素。 位于芜湖古城的婚姻登记处，建筑外观保留了古城的传统风貌，飞檐斗拱、青砖灰瓦，与周围的古建筑相得益彰。步入其中，装修风格典雅温馨，处处洋溢着幸福的气息。婚姻登记处里设置了主题为“喜结连理枝”的婚俗文化展区，还原了古代迎亲、历代婚房等场景，系统介绍了中国婚俗文化的源流，生动展现古今婚礼的演变。 驻足其间，新人既能感受到婚礼的庄重礼仪，又能沉浸在阖家同庆的欢乐氛围中，深度体验传统婚俗的独特魅力。婚姻登记处里还设有互动体验区，让大家在趣味游戏中感受传统文化的寓意。登记处启用当天，共有7对新人参加了集体颁证仪式。 “‘公园式’婚姻登记点不仅是一个办理手续的场所，更是一个充满情感共鸣的空间。”芜湖市民政局社会事务科负责人介绍说，传统印象中，婚姻登记处往往在机关大楼里，布局是标准化的，登记程序简单，缺乏一定的仪式感。将婚姻登记服务与景点景观、婚俗文化有机融合，推动婚姻登记环境从“标准化”走向“特色化”，营造更加浪漫、温馨的氛围，是民政部门落实便民利民举措的体现。 据悉，近年来，芜湖积极推进“公园式”登记点、“田园式”颁证点等更加温馨别致的登记领证场所建设。全市首个“公园式”婚姻登记处——湾沚区民政局东湖公园婚姻登记处于2024年投入使用，全省首个游乐园里的婚姻登记处——弋江区民政局松鼠小镇婚姻登记处今年5月26日正式启用，南陵县板石岭“田园式”户外颁证基地也在今年“520”正式揭牌，成为新人办理结婚登记、拍照打卡的首选。 此外，为满足新人在甜蜜时刻领证的需求，在情人节、520、七夕等特殊时节，市民政部门还推出“午间不间断”“周末不休息”服务，打造手捧花DIY、幸福巴士、印证幸福等特色活动。同时，以新式礼仪等带动婚俗新风，倡导为爱减负。今年以来，全市共举办大型公益集体婚礼、集体颁证仪式14场，共有160对新人参加。 芜湖市民政局相关负责人表示，借婚姻登记“全国通办”新规实施的政策东风，芜湖市各级民政部门将婚姻登记与热门景区绑定，联动城市地标为婚俗文化赋能，发展以婚恋为主题的“甜蜜经济”，塑造具有芜湖特色的“婚姻+文旅”IP，为幸福加分、为城市添彩。（胡学友 文/图）,1034,http://ah.people.com.cn/n2/2025/1119/c374164-41416326.html,婚姻登记;结婚登记;婚姻;结婚;婚恋;婚俗;婚礼
China News Service,2025-11-21,湖南永州36对新人“零彩礼”办集体婚礼,中新网 永州11月21日电 (钟伟锋)11月21日，“福泽潇湘·孝爱同行——2025湖南永州市集体婚礼”在新田县孝文化公园广场举行，36对新人携手践行婚事新办，以“文明婚俗+公益实践”的创新形式，传递孝老爱亲理念与社会责任担当。 活动现场布置简约而不失庄重，红地毯两侧的“二十四孝”插画与“福泽潇湘”公益成果展交相辉映，浓厚的文化氛围与公益气息扑面而来。 新人代表首先在“孝亲公益·简约婚礼倡议墙”郑重签名，承诺摒弃高额彩礼、人情攀比等陋习。随后，在德高望重的证婚人寄语中，新人依次完成三拜之礼、合卺礼等传统婚俗仪式，以古典礼仪传承中华优秀家风，用简约形式定格幸福瞬间。 仪式环节中，金婚银婚家庭代表登台分享数十年相濡以沫的幸福故事，为新人送上婚姻经营的“传家宝”；新人代表共同宣读《婚事新办倡议书》，呼吁社会各界践行文明婚俗、共建和谐家风。 值得一提的是，新人还以集体名义向新田县未成年人委托照护中心捐赠102个“微心愿”礼包，将婚礼喜悦转化为公益温情，为文明婚俗注入社会责任内涵。 据了解，此次集体婚礼是永州市深化婚俗改革的重要举措。近年来，新田县依托深厚孝文化底蕴，靶向整治婚俗陋习，通过政策引导、典型示范等方式，让“不要彩礼要幸福”“厚养薄葬”等理念深入人心。活动前期，当地通过线上H5、线下福彩投注站等多渠道广泛招募新人，同步开展“公益前置行动”，累计吸引超6000人次关注参与。 本次活动由湖南省民政厅、湖南省福利彩票发行中心、永州市人民政府指导，永州市民政局和新田县委、县政府主办。(完),651,https://www.chinanews.com.cn/sh/2025/11-21/10519874.shtml,婚姻;彩礼;婚俗;婚礼
People.cn,2025-11-21,湖南永州新田为36对新人办集体婚礼 践行文明婚俗,“新婚之喜，是人生重要的幸福时刻，更是传承文明家风、引领社会风尚的重要契机。为破除婚俗陋习，弘扬文明新风，值此集体婚礼举办之际，我们向全体新人及社会各界发出如下倡议……” 11月21日，“福泽潇湘·孝爱同行——2025永州市集体婚礼”在湖南省永州市新田县孝文化公园广场举行，永州市36对新人携手步入婚姻殿堂，以简约而庄重的仪式践行文明婚俗，传递孝爱家风与公益温情。 活动现场，红地毯两侧“二十四孝”插画与“福泽潇湘”公益成果展交相辉映，新人在“孝亲公益·简约婚礼倡议墙”签名承诺后，依次完成三拜之礼、合卺礼等传统仪式，证婚人寄语新人，要以相敬如宾筑和谐家庭，以孝老爱亲传孝道文化，以担当有为融入社会发展。 当天，当地金婚银婚家庭分享幸福故事，新人代表宣读《婚事新办倡议书》，不但婚事简办，而且向新田县未成年人委托照护中心捐赠102个“微心愿”礼包。 近年来，新田县依托深厚孝文化底蕴，创新推进文明婚俗改革，靶向整治高额彩礼、人情攀比等陈规陋习，大力倡导婚事新办，“不要彩礼要幸福”“厚养薄葬”理念深入人心。本次活动前期，当地相关部门通过线上H5、线下福彩投注站等多渠道招募新人，预热阶段开展“公益前置行动”，累计吸引超6000人次关注。 此次活动由湖南省民政厅、湖南省福利彩票发行中心、永州市人民政府指导，永州市民政局、新田县委、县政府主办，是贯彻落实婚俗改革要求、打造“文明婚俗+公益实践”永州样板的重要举措。（钟伟锋 刘建波 殷雅君）,619,http://hn.people.com.cn/n2/2025/1121/c356887-41419217.html,婚姻;彩礼;婚俗;婚礼
CCTV,2025-11-24,观察·支持婚育政策效果显现 “婚旅”服务提质升级推升“浪漫经济”热力,央视网消息： 民政部近日公布的数据显示，2025年前三季度，结婚登记数量为515.2万对，与2024年同期相比增加40.5万对。结婚登记数量增加，显示支持婚育的政策效果有所显现。 2025年5月10日，我国新修订的《婚姻登记条例》施行，新人结婚登记可以全国各地通办。最新数据显示，近半年，我国已累计办理“全国通办”婚姻登记超26万对。 近年来，为鼓励适龄婚育，不少地方调整了婚假时长。截至目前，全国已有29个省份延长婚假。其中，山西、甘肃最长，可享受30天婚假；河南、黑龙江规定，参加婚检分别额外增加7天、10天，最长婚假分别可达到28天、25天；新疆婚假为23天。其他省份中，婚假大多为18天、15天、13天或10天。 近期，浙江杭州、宁波、绍兴、金华等多地宣布向新婚夫妇发放结婚消费券。在山西省吕梁市，自2025年1月1日起，在吕梁市登记结婚（双方均为初次登记）且女方年龄在35周岁及以下的夫妇，给予1500元的奖励。在广东，包括广州市白云区龙归南岭村、东莞市横沥镇新四黄塘村等地，也纷纷出台奖励结婚的措施，还有部分地方发放了价值不等的礼包。 广西柳州：打造特色婚姻登记场所 拓展“婚旅经济”新空间 新人结婚登记可以全国各地通办，这一政策不仅便利了新人们登记，也助推了旅行结婚和目的地婚礼的兴起。在广西柳州，当地依托公园、景区、街道，打造了一批具有辨识度的特色婚姻登记场所，持续拓展“婚旅经济”的新空间。 月下誓言亭、幸福许愿树，这些场景是不是特别适合情侣打卡拍照？在柳州市柳南区，区民政局婚姻登记处就设在这座由老铁轨和火车车厢改造的婚庆乐园里，当地民政局借助工业怀旧风，吸引新人们来此领证结婚。 来自河南许昌的王先生和陈女士已经在老家办过婚宴，后来发现了柳州的这个登记处非常有特色，于是特意挑选了一个好日子，千里迢迢赶过来办理登记结婚手续。与其他新人参加完集体颁证宣誓仪式后，王先生和爱人开始到旁边的摄影工作室选片。 摄影师何东东介绍，工作室入驻这里一年来，她见证了全国各地的很多新人，在这里完成登记结婚。 近年来，柳州市积极探索“结婚登记+文旅”模式，依托公园、景区、街道等打造了一批有特色的婚姻登记场所。2025年1月至10月，全市共办理结婚登记14874对，同比增长15.97%，其中，跨区域通办结婚登记211对。通过“婚姻登记+”服务，推动周边业态联动增收。 云南大理：美景+浪漫+服务 婚旅完整产业链形成 下关风、上关花、苍山雪、洱海月，是云南大理特有的四大美景。当婚姻登记“全国通办”遇上大理的“风、花、雪、月”，产生的不仅是浪漫，更是一条被迅速点燃的产业链。政策红利与自然禀赋双重加持，正推动大理从旅游目的地向“中国婚礼胜地”升级。 除了观光度假，“来大理领证”正成为年轻人青睐的仪式性消费。11月18日，一对来自西安的新人在喜洲镇海舌半岛婚姻登记点完成登记，从填表到领证全程不到1小时。他们提前预约了摄影师跟拍，将法律仪式与旅行记忆合二为一。 作为2024年初设立的特色登记点，海舌公园凭借稀缺景观与预约机制，迅速成为“网红登记地”。结婚登记“全国通办”政策实施后，这里更是成为很多情侣理想的结婚领证地。 大理市民政局婚姻登记处工作人员王小燕介绍，只要开放预约，大概1个小时就约满了。自从2025年5月10日开通“全国通办”以后，结婚登记的人数显著增加，2025年5月10日到11月，结婚数量达到3100对，同比增加1400对。 新人“领证结婚潮”背后，是一个快速成长的新兴市场。据统计，2024年，大理州共举办目的地婚礼超5000场，旅拍服务覆盖20万对新人，年行业产值突破18亿元。 在这一市场中，传统影楼转型、外地品牌入驻、新锐团队崛起，超过200家市场主体共同构建起涵盖策划、摄影、化妆、场地等环节的完整产业链。 大理州旅游行业协会目的地婚礼分会会长赵灿辉表示，呈现出品牌化、高端化和往大规模婚礼发展的一个态势，他们的供应链也越发结实，不仅在大理本地承接婚礼，也反向地输出，像周边丽江，新疆甚至海外进行婚礼方面的服务。 云南大理：“婚旅”服务提质升级 “风花雪月”转化为可持续产业竞争力 如今，大理的“浪漫经济”正经历一场质的飞跃。从比拼风景到较量服务、从吸引消费到输出能力，一场以专业化和品牌化为核心的产业升级正全面展开。 苍山洱海的稀缺景观，加上四季稳定的气候，为大理带来了天然的婚礼场地优势。 客源扩大也带来了更高要求。新人们前沿的审美和严格的标准，正倒逼本地从业者不断提升专业水平，推动行业进入“质量竞争”阶段。 在市场的驱动下，大理婚礼产业正向定制化、高端化发展。从政策放开引爆需求到市场竞逐推动升级，再到产业成熟实现赋能，大理正将“风花雪月”转化为可持续的产业竞争力。同时，“浪漫经济”能量逐步扩散至公共服务领域，大理公交公司创新推出“公交婚车”服务，打造“520幸福专列”，为新人提供出行新选择。 云南大理市公交公司生产经营部主任黄光澎介绍，到目前为止，“公交婚车”总共服务了20多对新人。大理本来就是一个浪漫的城市，“公交婚车”为大理的浪漫增加一个移动地标。,2102,https://news.cctv.com/2025/11/24/ARTIz3eVzsXDKq8np2hBVWIc251124.shtml,婚姻登记;结婚登记;婚姻;结婚;婚育;情侣;婚礼
People.cn,2025-11-25,以案释法 | 温情调解离婚案 现场兑付暖民心,“感谢法官！没想到当场就能拿到钱，悬着的心总算踏实了。”近日，在伊通满族自治县人民法院，原告王某的父亲接过经法庭工作人员清点后的彩礼款项，激动地说道。至此，这起因婚前了解不足、婚后矛盾激化引发的离婚纠纷，在法官耐心调解下得以圆满化解，真正实现了“案结事了人和”。 据了解，原告王某与被告杨某于2025年4月经人介绍登记结婚，婚后共同生活仅数月便矛盾频发。王某诉称，双方婚前缺乏深入了解，婚后杨某常因琐事情绪失控，多次对其实施家暴、言语侮辱，严重损害其人格尊严。随着夫妻矛盾不断升级，双方感情彻底破裂。2025年10月，王某向伊通法院提起诉讼，请求判决离婚、返还婚前给付的十余万元彩礼及订婚戒指，并要求被告承担诉讼费用。 案件受理后，承办法官考虑到双方结婚时间短、矛盾主要集中在情感与财产方面，决定优先组织调解，防止矛盾进一步激化。调解过程中，除当事人本人外，双方父母均到场。被告情绪较为激动，多次提及自身因宫外孕导致身体严重受损的问题。 承办法官围绕离婚条件及彩礼返还的相关法律规定，结合双方共同生活时间、被告身体状况等因素，逐步开展调解：一方面向原告阐明“夫妻感情确已破裂”的认定标准，征询双方离婚意愿；另一方面在双方同意离婚的基础上，向被告说明“夫妻共同生活短暂”情形下彩礼返还的法律责任。经多轮沟通，双方逐渐打开心结。原告表示可考虑被告身体状况适当降低彩礼返还金额，被告也坦言愿意返还部分彩礼以示歉意。最终，双方自愿就离婚及彩礼返还达成调解协议。 调解协议签署后，为彻底化解矛盾，经承办法官协调，被告同意当场返还彩礼。原告随即前往银行取现，在法庭工作人员协助清点核对后，款项顺利交至原告方手中，实现了“第一时间”案结事了。 “调解不仅是要‘结案’，更要‘解心’。”承办法官表示，离婚纠纷往往夹杂情感创伤与财产争议，通过柔性调解促成理性协商，既能减少对抗，也有助于双方划清界限、各自开始新生活。本案中，法庭在依法保障当事人权益的基础上，推动彩礼当场返还，正是“司法为民”理念的生动实践。 本案争议焦点在于彩礼返还问题。依据《中华人民共和国民法典》以及《最高人民法院关于审理涉彩礼纠纷案件适用法律若干问题的规定》，彩礼返还规则以“保障合法权益、倡导文明婚俗”为核心，针对已经结婚并共同生活，原则上不再返还，但如果共同生活时间较短且彩礼数额过高的，根据彩礼实际使用及嫁妆情况，综合考虑彩礼数额、共同生活及孕育情况、双方过错等事实，结合当地习俗，确定是否返还以及返还的具体比例；针对未办理结婚登记但已经共同生活的，彩礼原则上应当返还，但此种情况下虽无婚姻法定要件，但已有婚姻之实，如果仅因未办理结婚登记而要求接受彩礼一方全部返还，有违公平原则，则应当根据彩礼实际使用及嫁妆情况，综合考虑共同生活及孕育情况、双方过错等事实，予以酌减。如果共同生活时间较长，且已经共同孕育子女的，甚至可以不予返还。,1196,http://jl.people.com.cn/n2/2025/1125/c349771-41422515.html,结婚登记;婚姻;结婚;离婚;彩礼;婚俗;夫妻;家暴
People.cn,2025-11-25,长春南关区法院：多重纠纷交织难断 柔性司法终解离婚困局,近日，长春市南关区人民法院审理了一起牵扯婚内财产转移争议、巨额财产分割、幼女抚养及民间借贷执行衔接等多重矛盾的复杂离婚纠纷案。在桃源人民法庭副庭长马盛邦的十余次倾情调解下，这起历时两年多、涉及十八项争议事项的棘手纠纷最终圆满化解，各方当事人达成一致，一场婚姻得以体面落幕。 张伟和李美（均为化名）的婚姻危机历时两年多，矛盾层层叠加、错综复杂。丈夫怀疑妻子在婚内转移共同财产，双方因此冲突不断、互不相让；双方父母分别作为债权人，就婚姻关系存续期间向夫妇二人借款纷纷提起诉讼，民间借贷案件历经一审、二审直至进入执行阶段，长辈与晚辈间的隔阂也随之加深。与此同时，夫妇二人还有年龄不到九岁的婚生女需要抚养，婚内财产体量庞大且构成复杂，涵盖多套房屋、数个车位、多辆私家车及经营公司的收益，双方提出的诉讼请求环环相扣，让这起离婚案成为牵扯多方、难以拆解的难题。 面对这起矛盾尖锐、牵扯主体众多的复杂案件，承办法官马盛邦深知，简单判决难以彻底化解积怨，唯有精准发力、内外兼顾，才能实现“案结事了人和”。 法官先后在线上及线下组织双方当事人及律师进行调解十余次，对内逐一梳理房屋、车位、车辆、存款及公司收益的分割细则，针对丈夫怀疑的婚内财产转移问题，结合证据规则与法律规定耐心释法析理，打消双方疑虑；反复沟通婚生女抚养权、探视权的具体安排，始终将孩子的成长权益放在首位。 对外，因双方父母是民间借贷纠纷执行案件的申请执行人，法官持续与双方老人沟通协调，既要解读离婚案件中财产分割与执行案件的衔接逻辑，又要从情理层面疏导长辈情绪、化解家庭隔阂，实现案件内法律争议调解与案件外家庭关系调和的同步推进。 调解过程中，双方就孩子居住的一处房屋权属产生激烈争执，调解再次陷入僵局。关键时刻，法官主动破局，既立足法律规定厘清房屋权属的认定边界，更紧扣孩子成长稳定性需求，结合家庭情感维系的核心诉求，用 “父母之爱应以孩子利益为先” 的情理共鸣打动双方。他耐心与当事人谈心，回溯孩子成长点滴，引导双方放下对立情绪，共同考虑孩子未来生活的安稳。 经过多轮耐心沟通，男方最终放弃争夺该房屋所有权，并同意女方继续与孩子在该房屋居住，这一关键争议的破解为后续调解打开了突破口。最后一次调解直至晚七点，终于促成夫妇双方、双方父母就所有十八项争议事项达成一致，让这起耗时耗力、牵扯多方的纠纷以调解方式圆满解决。 “没想到这么复杂的案子能调解得这么圆满，不仅解决了法律争议，还缓和了家庭矛盾，真的很感谢法官！”参与案件的律师由衷感慨。正如法官在调解结束后所说：“基层法庭的调解，既要守得住法律底线，更要带着温度化解矛盾，我们不仅追求案结事了，更希望让每个当事人都能卸下包袱，尤其是为孩子守护好成长的平和环境。” 在此案的调解过程中，法官以专业素养拆解法律难题，以人文关怀调和家庭矛盾，通过“情理+法理”的双重调解，充分展现了基层法庭定分止争、促进社会和谐的责任担当与司法温度。下一步，南关法院将继续践行“司法为民”宗旨，持续深化柔性司法理念，不断提升矛盾化解质效，以更有力的司法举措守护家庭和睦、促进社会和谐。,1283,http://jl.people.com.cn/n2/2025/1125/c349771-41422617.html,婚姻;离婚
People.cn,2025-11-26,利用“AI换脸”诈骗网恋对象--社会·法治--人民网,本报讯 近日，山东省宁阳县人民法院审结一起利用AI换脸、语音合成等技术，以网恋为名实施的诈骗案，判决孙某犯诈骗罪，判处有期徒刑三年、缓刑四年，并处罚金2万元。 孙某在网络游戏中结识李某后，虚构“白富美”人设，通过伪造身份证件、利用虚拟人脸技术与李某视频聊天，成功骗取李某信任并与其确立恋爱关系。自2024年11月起，孙某虚构各种事由向李某索取钱财，并使用录音合成软件制作虚假对话，谎称将获得巨额拆迁款，诱使李某多次转账并为其购买高端手机，诈骗金额累计近13万元，财物得手后孙某失联。 法院审理后认为，被告人孙某以非法占有为目的，利用AI换脸、语音合成等新技术手段，虚构事实、隐瞒真相，骗取他人财物，数额巨大，其行为构成诈骗罪。考虑到孙某积极退赔并获得李某谅解，法院最终作出上述判决。该判决现已生效。 人工智能等技术的发展让诈骗手段更加隐蔽。网络交友虽浪漫，但也暗藏风险，眼见未必为实，不能轻易相信陌生账号的“完美人设”。广大网民在网络交友时务必要保持清醒与警惕并进行仔细甄别，特别是涉及财物往来时更要慎之又慎，一旦发现被骗，应保存好聊天记录、转账凭证等证据，并及时报警，通过法律途径维护自身合法权益。（贾文祥 李明）,508,http://society.people.com.cn/n1/2025/1126/c1008-40611756.html,恋爱;对象
People.cn,2025-11-26,婚假“加时”激活婚恋经济,2025年11月23日，百名新人在四川省绵阳市梓潼县婚俗文化产业园举办集体婚礼。 陈冬冬摄（人民视觉） 在酒店举办婚宴、请婚庆公司组织婚礼、购买婚纱摄影服务、投入一场蜜月旅行……“婚恋经济”涉及众多行业，一对新婚夫妇可能带动餐饮、服装、住宿、旅游等多项消费。 婚假是上述消费活动的基础。婚假的延长，有望为婚恋经济带来更多活力。近年有不少地方延长婚假，在鼓励适龄婚育，拉动新婚人群消费方面发挥了一定作用。据不完全统计，全国已有超20个省份延长婚假。 从延长幅度上，山西省、甘肃省婚假“加时”最长，新人可享受30天婚假。去年底，浙江省婚假延长至13天，且国家法定休假日和休息日不计入假期。今年初，山东省明确，依法登记结婚最高可享受18天婚假。湖南省近日提出，鼓励用人单位在国家规定婚假的基础上，将职工的婚假延长至20天。 一些地方还以婚假鼓励新婚人群参加婚前医学检查。例如，河南省、黑龙江省规定，参加婚检分别额外增加婚假7天、10天，最长婚假分别可达到28天、25天。陕西省规定，结婚登记前参加婚检的夫妻，在国家规定婚假的基础上增加假期10天。四川省今年6月发布的《四川省人口与计划生育条例（修正草案征求意见稿）》提到，拟将5天婚假延长至20天，参加婚检的再增加5天婚假。 “20天的婚假，意味着筹办婚礼之余，增加了更多时间用于新婚旅行、拜访夫妻双方亲人。”29岁的湖南省长沙市民唐昊计划明年春节假期结婚，并已安排好之后的海南蜜月之旅。 婚假延长、结婚登记便利化水平提升，一定程度上提高了适婚人群的结婚热情。民政部近日公布的数据显示：今年前三季度，结婚登记数量为515.2万对，与去年同期相比，增加40.5万对。 如何使婚假延长的消费潜力充分释放？聚焦“婚恋经济”和新婚人群，多地出台举措鼓励消费。 浙江杭州、宁波、绍兴等多地向新婚夫妇发放了结婚消费券。10月27日，浙江省宁波市民政部门宣布，为在宁波登记结婚的新人发放结婚消费券，每对新人可获得1000元的大礼。该活动针对2025年10月28日至12月31日在宁波登记结婚的新人展开。在此期间，每对新人可领取8张结婚消费券，每张券可在消费满500元时抵扣125元，总计可享受1000元的优惠。 婚假延长了，还要使政策落到实处。“考虑到气候、宾客空闲时间等原因，北方地区婚礼日期多选在9—10月，公司的年轻同事也多倾向于此时休婚假。这就产生了‘集中休假’问题，实际上很难休满。”国庆节假期刚刚完婚的山东小伙马宁告诉记者，婚假天数不足，只能选择平时碎片化时间沟通婚礼细节、拍摄婚纱照、购置婚庆相关用品，实际消费体验会打折扣。马宁认为：“在落实婚假过程中，应处理好婚庆旺季用人单位人力资源短期紧张、经营成本上升的问题，打通部分劳动者婚假‘不敢休’‘不能休’‘排队休’的堵点。”,1159,http://sc.people.com.cn/n2/2025/1126/c345167-41422815.html,结婚登记;结婚;婚恋;婚育;婚俗;适婚;夫妻;婚礼
People.cn,2025-11-26,家暴零容忍，为受害者筑起法律防护墙（法治聚焦） --社会·法治--人民网,11月25日是“国际消除家庭暴力日”，两高发布反家暴典型案例—— 11月25日是“国际消除家庭暴力日”。近日，最高人民法院、最高人民检察院发布反家暴典型案例，充分发挥警示、教育和指引作用，彰显坚决保障妇女和儿童权益的决心，以及对家庭暴力“零容忍”的鲜明态度。 家暴的本质与核心在于控制，以自残相威胁同样是暴力行为 【案情】鲁女士与邓某结婚后育有一子邓小某，二人常因家庭琐事产生矛盾，感情不和。2024年10月，双方发生争执后，邓某从厨房拿菜刀以自残相威胁，鲁女士在阻止邓某自残过程中被其推倒在地受伤。 鲁女士报警求助，辖区派出所协助其线上向法院提交人身安全保护令申请并上传证据。人民法院审查后认为，鲁女士遭受到家庭暴力，遂在20分钟内签发人身安全保护令，送达邓某并告知其违反人身安全保护令的法律责任和行为后果，并向邓某所属派出所、社区发送协助执行通知书，要求对邓某的行为予以重点关注。 根据联动工作机制，派出所对邓某进行常态化监控；社区创建案情备忘录，对邓某进行了谈话、劝诫，督促邓某遵守保护令；妇联开展案件回访及心理疏导。因案件涉及未成年人，法院向当地教委发出协助函，教委通知邓小某所在学校重点关注其心理健康状态及学习进度。 【说法】家庭暴力的本质与核心在于控制，既包括殴打、捆绑等身体暴力，也包括谩骂、恐吓等精神暴力。施暴人以自伤、自残等方式相威胁，虽未直接对受暴人实施身体暴力，但同样是暴力行为，会让受暴人产生暴力将加诸自身的恐惧，最终达到迫使受暴人屈服、继续维持亲密关系等控制受暴人的目的。 本案中，邓某虽未直接对鲁女士实施殴打、残害等身体暴力行为，但其拿刀自残行为使鲁女士产生紧张恐惧情绪，对鲁女士的心理和精神造成实质性侵害，构成家庭暴力中的精神暴力。 同居关系中的精神虐待，“情节恶劣”的必须追究刑事责任 【案情】2021年，马某某与女友苗某确立恋爱关系并同居，双方关系稳定，有结婚意愿。然而，在共同生活期间，马某某长期对苗某进行严密的情感操控和精神压制，包括以出轨、分手相威胁，要求其删除异性好友、随时报备行踪，并持续进行无端辱骂和人格贬损。不堪忍受的苗某曾两次自杀未遂。2022年12月，马某某再次因琐事通过微信长时间辱骂苗某，致其精神崩溃后自杀身亡。2025年，检察机关以虐待罪对马某某提起公诉，法院最终判处其有期徒刑三年两个月。 【说法】本案的关键突破在于对“家庭成员”和“虐待行为”的认定实现了司法上的拓展。谁是“家庭成员”？法院和检察机关认定，双方虽未登记结婚，但已形成稳定、持续的婚前同居关系，具有共同生活的实质，根据反家庭暴力法精神，应认定为虐待罪意义上的“家庭成员”。这消除了反家暴的“灰色地带”，将法律保护覆盖到更广泛的事实关系。 什么是“虐待行为”？本案明确，长期、反复的情感操纵、人格贬损等精神摧残，与身体伤害一样，构成虐待行为。当这种行为导致被害人自杀等严重后果时，就达到了“情节恶劣”的程度，必须追究刑事责任。这为遭受隐性家暴的受害者提供了有力的司法救济。 判决支持家务劳动补偿金及离婚损害赔偿金，给予受暴家庭妇女双重保障 【案情】为照顾家庭、养育子女，许女士与郑某结婚后一直在家做全职家庭妇女。婚后郑某多次对许女士实施辱骂殴打。一次，郑某殴打许女士时，将许女士从四楼家中拖拽至三楼，后小区保安到场制止并报警。经医院诊断，许女士头部外伤、全身多处软组织挫伤。此后，许女士起诉郑某离婚及平均分割夫妻共同财产，同时要求郑某支付家务劳动补偿金、离婚损害赔偿金。郑某不同意离婚，也不承认实施家庭暴力。 法院审理认为，根据在案的诊断证明、伤情照片、公安机关对保安的询问笔录等证据，足以证明郑某对许女士实施了家庭暴力的事实，应当准予离婚；支持许女士分割共同财产的请求，由许女士分得现居住的较大房屋、2间商铺以及折价款172万元，郑某分得面积较小的房屋、5间商铺并负担未偿还的银行贷款；郑某支付许女士家务劳动补偿金10万元、离婚损害赔偿金5万元。 【说法】根据民法典规定，实施家庭暴力导致离婚的，无过错方有权请求损害赔偿。本案中，许女士主张按评估价平均分割夫妻共同财产，但要求由其分得现居住的大房屋和相邻的2间商铺，其他财产归郑某所有并由郑某折价补偿。考虑到许女士主张的2间商铺不仅带有稳定租约，可以保障其离婚后获得持续租金收入，而且这2间商铺与其他5间商铺之间有人行道自然隔开，形成了相对独立的经营区域，既便于许女士离婚后独立经营管理，又能避免今后因商铺相邻遭到郑某骚扰或暴力威胁。 这一裁判思路体现了法院在审理涉家暴案件时不仅关注受害妇女当下的权益保护，更着眼于未来生活安宁的前瞻性考量。同时，本案肯定家务劳动价值，判决支持家务劳动补偿金及离婚损害赔偿金，给予受暴家庭妇女双重保障。 严惩暴力不是终点，重在帮助受害者重建生活 【案情】2023年，冯某甲因家庭矛盾，持菜刀疯狂砍击妻子卜某某头面部等要害部位10余刀，致其重伤二级。他们13岁的女儿上前制止时，亦被砍成轻伤一级。案件发生后，检察机关以故意杀人罪（未遂）和故意伤害罪对冯某甲提起公诉，法院数罪并罚，判处其有期徒刑九年六个月。检察机关支持被害人卜某某提起撤销监护权之诉，成功剥夺了冯某甲对女儿的监护权；同时，协调提供法律援助、司法救助和心理疏导，为受害母女构建了全方位的保护网。 【说法】本案展现了司法机关在应对极端家暴犯罪时“严惩犯罪”与“综合保护”并重的完整链条。检察机关根据施暴者对妻子（剥夺生命故意）和女儿（伤害故意）的不同主观意图与行为，准确区分罪名，数罪并罚，实现了罚当其罪。 司法保护超越刑事追诉。支持撤销施暴者监护权，是为未成年子女筑起的一道“法律防护墙”，体现了国家对未成年人权益的特殊优先保护。通过法律援助追索赔偿、司法救助解决困难、心理疏导修复创伤，这一系列“组合拳”旨在帮助受害者重建生活，实现了从“治罪”到“治理”的深化。 最高人民检察院25日通报了近年来检察机关依法打击家暴犯罪的基本情况和治理成效，并发布一批依法惩治家暴犯罪典型案例。 2021年以来，全国检察机关共批准逮捕涉家暴犯罪嫌疑人2800余人，起诉3400余人。家暴犯罪案件的批捕率高于刑事案件批捕率近10个百分点。对犯罪情节恶劣的被告人，检察机关依法起诉并建议从重处罚。近5年来，有500余名家暴犯罪案件被告人被判处无期徒刑以上刑罚。 从数据上看，2021年以来家暴案件总体数量呈下降趋势。2021年，检察机关起诉家暴犯罪1200余人；2022年以来，年均起诉人数降至千人以下。近五年家暴犯罪逐年下降且降幅较大，凸显了执法司法机关健全完善反家暴机制，维护妇女合法权益取得明显成效。 从检察机关办案情况看，家暴罪名结构由集中向多元变化。从常见的故意伤害罪、故意杀人罪到不常见的虐待罪、遗弃罪等罪名，法律都能准确、充分适用，特别是随着“人身保护令”制度的实施，拒不执行裁定罪已成为打击家暴犯罪重要罪名。 《 人民日报 》（ 2025年11月26日 06 版）,2867,http://society.people.com.cn/n1/2025/1126/c1008-40611471.html,结婚;离婚;恋爱;夫妻;家庭暴力;家暴
People.cn,2025-11-26,江苏一案入选最高检发布依法惩治家庭暴力犯罪典型案例,原题：江苏一案入选最高检发布依法惩治家庭暴力犯罪典型案例 11月25日，最高检发布检察机关依法惩治家庭暴力犯罪、促进家庭和谐社会稳定典型案例，其中，江苏检察机关办理的常某某遗弃案一案例入选， 2011年，缪某某（女）与常某某（男）登记结婚。2015年，缪某某被诊断出患中枢神经系统脱髓鞘，肢体瘫痪且语言功能部分受损，后被鉴定为肢体二级残疾。2016年至2018年，丈夫常某某陆续转移包含房产在内的夫妻共同财产共一百余万元，后更换电话、隐匿行踪，长期拒绝履行扶养病妻义务。2021年11月，妻子缪某某向江苏省南京市公安局江北新区分局报案，但因常某某下落不明等原因公安机关未予受理。2022年1月，缪某某又以常某某涉嫌遗弃罪向南京江北新区人民法院提起刑事自诉，因被告住址及联系方式不明，法院建议缪某某撤回自诉。 2022年4月，法院将犯罪线索移送南京江北新区检察院，检察机关依职权监督公安机关立案侦查。2023年9月15日，江北新区分局以常某某涉嫌遗弃罪向检察机关移送审查起诉。2024年3月28日，江北新区检察院依法提起公诉。常某某当庭认罪悔罪。同年6月28日，江北新区法院以常某某犯遗弃罪判处其有期徒刑十个月。 在办案过程中，检察机关依法履职主动监督，刑事自诉转公诉破解立案难题。常某某在与缪某某婚姻关系存续期间，明知缪某某身患严重疾病丧失独立生活能力，仍转移夫妻共同财产，拒绝履行扶养义务，导致缪某某治疗中断、生活陷入困境。检察机关认为，丈夫常某某对妻子缪某某负有扶养义务且具有扶养能力却拒绝扶养，属于刑法规定的遗弃“情节恶劣”的行为，构成遗弃罪。 遗弃罪属于可自诉可公诉案件，鉴于公安机关未依法受理被害人报案，江北新区检察院监督公安机关立案侦查。检察机关提出侦查取证建议，并开展自行补充侦查。调取缪某某的医疗记录、残疾证明，常某某在异地的社保记录，以及夫妻共同房产被转移售卖等书面材料，了解缪某某被遗弃后的生活困难情况，有效固定相关证据，有力指控犯罪。 缪某某系身患重病、残疾妇女，因案导致生活困难，属于检察机关和妇联确定的重点帮扶救助对象，江北新区检察院与南京市检察院开展联合救助，共同为缪某某申请了司法救助金6.5万元，帮助其恢复治疗。 2024年9月，缪某某决定提起离婚诉讼，并申请检察机关支持起诉。缪某某系人身权利、财产权利均遭受侵害的残疾人，自身提起诉讼确有困难，符合检察机关民事支持起诉的条件。江北新区检察院受理后，指导其收集证据，帮助申请法律援助律师，出庭支持起诉，帮助追索扶养费和婚内财产份额。法院依法调解常某某给付缪某某45万元并解除婚姻关系。 此外，检察机关通过协调区、街道两级妇联和残联组织，将缪某某纳入关爱残疾困难妇女名单，定期发放慰问物资；帮助缪某某在街道残疾人活动中心进行康复训练，减少康复费用；协调江北新区慈善分会为缪某某对接“苏慈助医”慈善项目，申请医保自费部分90%的补充报销政策。通过办理该案，检察院与区妇联、卫健局和民政局完善沟通机制，会签了《司法救助与社会救助衔接协作工作办法》，共同为被家暴妇女等弱势群体搭建多渠道救助帮扶体系。（卢晓琳）,1292,http://js.people.com.cn/n2/2025/1126/c360305-41422789.html,婚姻;结婚;离婚;对象;夫妻;家庭暴力;家暴
People.cn,2025-11-26,法治聚焦：家暴零容忍，为受害者筑起法律防护墙,11月25日是“国际消除家庭暴力日”。近日，最高人民法院、最高人民检察院发布反家暴典型案例，充分发挥警示、教育和指引作用，彰显坚决保障妇女和儿童权益的决心，以及对家庭暴力“零容忍”的鲜明态度。 家暴的本质与核心在于控制，以自残相威胁同样是暴力行为 【案情】鲁女士与邓某结婚后育有一子邓小某，二人常因家庭琐事产生矛盾，感情不和。2024年10月，双方发生争执后，邓某从厨房拿菜刀以自残相威胁，鲁女士在阻止邓某自残过程中被其推倒在地受伤。 鲁女士报警求助，辖区派出所协助其线上向法院提交人身安全保护令申请并上传证据。人民法院审查后认为，鲁女士遭受到家庭暴力，遂在20分钟内签发人身安全保护令，送达邓某并告知其违反人身安全保护令的法律责任和行为后果，并向邓某所属派出所、社区发送协助执行通知书，要求对邓某的行为予以重点关注。 根据联动工作机制，派出所对邓某进行常态化监控；社区创建案情备忘录，对邓某进行了谈话、劝诫，督促邓某遵守保护令；妇联开展案件回访及心理疏导。因案件涉及未成年人，法院向当地教委发出协助函，教委通知邓小某所在学校重点关注其心理健康状态及学习进度。 【说法】家庭暴力的本质与核心在于控制，既包括殴打、捆绑等身体暴力，也包括谩骂、恐吓等精神暴力。施暴人以自伤、自残等方式相威胁，虽未直接对受暴人实施身体暴力，但同样是暴力行为，会让受暴人产生暴力将加诸自身的恐惧，最终达到迫使受暴人屈服、继续维持亲密关系等控制受暴人的目的。 本案中，邓某虽未直接对鲁女士实施殴打、残害等身体暴力行为，但其拿刀自残行为使鲁女士产生紧张恐惧情绪，对鲁女士的心理和精神造成实质性侵害，构成家庭暴力中的精神暴力。 同居关系中的精神虐待，“情节恶劣”的必须追究刑事责任 【案情】2021年，马某某与女友苗某确立恋爱关系并同居，双方关系稳定，有结婚意愿。然而，在共同生活期间，马某某长期对苗某进行严密的情感操控和精神压制，包括以出轨、分手相威胁，要求其删除异性好友、随时报备行踪，并持续进行无端辱骂和人格贬损。不堪忍受的苗某曾两次自杀未遂。2022年12月，马某某再次因琐事通过微信长时间辱骂苗某，致其精神崩溃后自杀身亡。2025年，检察机关以虐待罪对马某某提起公诉，法院最终判处其有期徒刑三年两个月。 【说法】本案的关键突破在于对“家庭成员”和“虐待行为”的认定实现了司法上的拓展。谁是“家庭成员”？法院和检察机关认定，双方虽未登记结婚，但已形成稳定、持续的婚前同居关系，具有共同生活的实质，根据反家庭暴力法精神，应认定为虐待罪意义上的“家庭成员”。这消除了反家暴的“灰色地带”，将法律保护覆盖到更广泛的事实关系。 什么是“虐待行为”？本案明确，长期、反复的情感操纵、人格贬损等精神摧残，与身体伤害一样，构成虐待行为。当这种行为导致被害人自杀等严重后果时，就达到了“情节恶劣”的程度，必须追究刑事责任。这为遭受隐性家暴的受害者提供了有力的司法救济。 判决支持家务劳动补偿金及离婚损害赔偿金，给予受暴家庭妇女双重保障 【案情】为照顾家庭、养育子女，许女士与郑某结婚后一直在家做全职家庭妇女。婚后郑某多次对许女士实施辱骂殴打。一次，郑某殴打许女士时，将许女士从四楼家中拖拽至三楼，后小区保安到场制止并报警。经医院诊断，许女士头部外伤、全身多处软组织挫伤。此后，许女士起诉郑某离婚及平均分割夫妻共同财产，同时要求郑某支付家务劳动补偿金、离婚损害赔偿金。郑某不同意离婚，也不承认实施家庭暴力。 法院审理认为，根据在案的诊断证明、伤情照片、公安机关对保安的询问笔录等证据，足以证明郑某对许女士实施了家庭暴力的事实，应当准予离婚；支持许女士分割共同财产的请求，由许女士分得现居住的较大房屋、2间商铺以及折价款172万元，郑某分得面积较小的房屋、5间商铺并负担未偿还的银行贷款；郑某支付许女士家务劳动补偿金10万元、离婚损害赔偿金5万元。 【说法】根据民法典规定，实施家庭暴力导致离婚的，无过错方有权请求损害赔偿。本案中，许女士主张按评估价平均分割夫妻共同财产，但要求由其分得现居住的大房屋和相邻的2间商铺，其他财产归郑某所有并由郑某折价补偿。考虑到许女士主张的2间商铺不仅带有稳定租约，可以保障其离婚后获得持续租金收入，而且这2间商铺与其他5间商铺之间有人行道自然隔开，形成了相对独立的经营区域，既便于许女士离婚后独立经营管理，又能避免今后因商铺相邻遭到郑某骚扰或暴力威胁。 这一裁判思路体现了法院在审理涉家暴案件时不仅关注受害妇女当下的权益保护，更着眼于未来生活安宁的前瞻性考量。同时，本案肯定家务劳动价值，判决支持家务劳动补偿金及离婚损害赔偿金，给予受暴家庭妇女双重保障。 严惩暴力不是终点，重在帮助受害者重建生活 【案情】2023年，冯某甲因家庭矛盾，持菜刀疯狂砍击妻子卜某某头面部等要害部位10余刀，致其重伤二级。他们13岁的女儿上前制止时，亦被砍成轻伤一级。案件发生后，检察机关以故意杀人罪（未遂）和故意伤害罪对冯某甲提起公诉，法院数罪并罚，判处其有期徒刑九年六个月。检察机关支持被害人卜某某提起撤销监护权之诉，成功剥夺了冯某甲对女儿的监护权；同时，协调提供法律援助、司法救助和心理疏导，为受害母女构建了全方位的保护网。 【说法】本案展现了司法机关在应对极端家暴犯罪时“严惩犯罪”与“综合保护”并重的完整链条。检察机关根据施暴者对妻子（剥夺生命故意）和女儿（伤害故意）的不同主观意图与行为，准确区分罪名，数罪并罚，实现了罚当其罪。 司法保护超越刑事追诉。支持撤销施暴者监护权，是为未成年子女筑起的一道“法律防护墙”，体现了国家对未成年人权益的特殊优先保护。通过法律援助追索赔偿、司法救助解决困难、心理疏导修复创伤，这一系列“组合拳”旨在帮助受害者重建生活，实现了从“治罪”到“治理”的深化。 最高人民检察院25日通报了近年来检察机关依法打击家暴犯罪的基本情况和治理成效，并发布一批依法惩治家暴犯罪典型案例。 2021年以来，全国检察机关共批准逮捕涉家暴犯罪嫌疑人2800余人，起诉3400余人。家暴犯罪案件的批捕率高于刑事案件批捕率近10个百分点。对犯罪情节恶劣的被告人，检察机关依法起诉并建议从重处罚。近5年来，有500余名家暴犯罪案件被告人被判处无期徒刑以上刑罚。 从数据上看，2021年以来家暴案件总体数量呈下降趋势。2021年，检察机关起诉家暴犯罪1200余人；2022年以来，年均起诉人数降至千人以下。近五年家暴犯罪逐年下降且降幅较大，凸显了执法司法机关健全完善反家暴机制，维护妇女合法权益取得明显成效。 从检察机关办案情况看，家暴罪名结构由集中向多元变化。从常见的故意伤害罪、故意杀人罪到不常见的虐待罪、遗弃罪等罪名，法律都能准确、充分适用，特别是随着“人身保护令”制度的实施，拒不执行裁定罪已成为打击家暴犯罪重要罪名。,2806,http://gd.people.com.cn/n2/2025/1126/c123932-41423139.html,结婚;离婚;恋爱;夫妻;家庭暴力;家暴
China News Service,2025-11-27,《他为什么依然单身》登顶Netflix,中新网 北京11月27日电 (记者 高凯)由霍建华、朱珠主演的都市爱情轻喜剧《他为什么依然单身》于26日登顶全球流媒体平台Netflix中国台湾地区日榜。该剧以轻盈准确的笔触，刻画出当代都市男女的情感世界，目前在海外评分网站MyDramaList开分8.0。 《他为什么依然单身》由郄国伟执导，步晓峰、桂东鸣、董元欣编剧，霍建华、朱珠领衔主演。据悉，该剧于11月16日起在腾讯视频萤火单元、11月18日起在东方卫视黄金档播出，并于WeTV、YouTube覆盖全球同步播出，同时也在Netflix中国港澳台地区、新加坡Starhub电视台、Rakuten Viki平台覆盖北美、欧洲等地区同步播出，后续还将在北美中文OTT平台iTalk等多家电视台和新媒体平台上线。 目前根据Netflix网站数据显示，《他为什么依然单身》在11月26日会员收官日登顶Netflix中国台湾地区日榜第一。该剧播出以来，以轻喜解压又下饭的剧集风格受到好评，在社媒平台掀起相关讨论，也被认为映照出这个时代，人们对于幸福与自我价值的新认知。(完),461,https://www.chinanews.com.cn/cul/2025/11-27/10522349.shtml,单身
People.cn,2025-11-29,全国婚姻家庭纠纷调解工作展示活动举行--社会·法治--人民网,本报北京11月28日电 记者王海磐从全国妇联获悉，11月26日至27日，由全国妇联、司法部联合主办的全国婚姻家庭纠纷人民调解工作“大比武”总决赛暨展示活动在湖南长沙举行。来自全国31个省（区、市）和新疆生产建设兵团的32支代表队、96名调解员同台竞技，最终产生了一等奖1名、二等奖5名、三等奖10名以及优秀奖80名。 “大比武”展示活动以“守护婚姻家庭幸福 促进社会和谐稳定”为主题，现场发布了全国婚姻家庭纠纷调解工作典型案例、婚姻家庭纠纷“总对总”在线诉调对接机制，宣布“全国婚姻家庭纠纷人民调解人才库”正式建立，集中展示了新时代婚调工作者的卓越风采，生动讲述了家文化传承与基层治理深度融合的中国调解故事。 全国妇联党组书记、书记处第一书记黄晓薇表示，各级妇联组织要坚持和发展新时代“枫桥经验”，推动婚调工作与家庭家教家风建设深度融合，深化“妇联+”多元调解服务模式，大力开展法治宣传教育，把婚调成效转化为家庭幸福指数提升、基层治理效能增强的实际成果。 据悉，本次“大比武”活动是在婚姻家庭纠纷人民调解领域首次开展的全国性技能比赛活动，历时8个月，9.8万名人民调解员参与选拔。,490,http://society.people.com.cn/n1/2025/1129/c1008-40613999.html,婚姻
China News Service,2025-12-01,亲姐妹因6.8万元彩礼对簿公堂,妹妹将收到的6.8万元彩礼暂时交给姐姐保管，后来姐姐却不愿意归还，遇到这种情况该怎么办？近日，成都大邑法院就审结了这样一起保管合同纠纷案件。依法厘清权利义务关系，在维护当事人合法权益的同时，尽力修复亲属关系。 小华与小丽是亲姐妹，小华婚礼前夕，男友给了小华6.8万元彩礼。但由于小华身份证和银行卡遗失，无法及时存款，于是就将这笔钱交由姐姐小丽暂时保管。随后，两人还一同前往银行，将彩礼存入姐姐的银行卡，约定待小华方便时再返还。 然而，小华后续多次要求返还这笔钱，小丽却屡屡推诿搪塞，拒不返还。于是，小华将小丽告上法院，请求判令其返还6.8万元。 庭审中，小丽辩称，该笔款是小华归还的既往借款，还声称自己操办了小华的婚礼，有权收取彩礼。法院经审理查明，小丽主张彩礼属于借款清偿，但仅提供早年转款明细，无法证明交付彩礼前存在借款事实，其抗辩缺乏充分证据。同时，小丽并非小华父母，也未举证证明对仅比自己小五岁的小华履行了主要扶养义务，亦无证据表明父亲有将彩礼赠与小丽个人的意思表示，其关于“有权收取彩礼”的主张于法无据。 考虑到双方是亲姐妹，为修复亲情、减少诉累，法院综合考虑双方过往转款及小丽操办婚礼的合理支出，判决小丽返还小华56775元。最终双方均认可该判决。 民事主体代为保管财物应恪守诚实信用原则，及时履行返还义务，切勿因金钱纠葛伤害亲情。家庭事务支出可通过留存证据、事前约定明确权责，避免产生纠纷。 华西都市报-封面新闻记者 于婷 【,620,https://www.chinanews.com.cn/sh/2025/12-01/10524351.shtml,彩礼;婚礼
China News Service,2025-12-01,要求主播与粉丝“假恋爱”遭拒，经纪公司索赔30万违约金被法院驳回,一经纪公司为追求流量和打赏收益，要求签约主播与粉丝“假恋爱”。主播拒绝后，经纪公司诉至法院，向主播索赔违约金30万元及律师费1万元。 12月1日，澎湃新闻记者从上海市宝山区人民法院(以下简称上海宝山法院)获悉，近日，该院审结了这起合同纠纷案。 2023年6月，褚女士与某经纪公司签订《艺人主播经纪合同》。合同约定：双方合作期限一年，褚女士需每月完成25天有效直播(每天超6小时且无消极行为)和21条合格短视频，达标后可获得每月9000元保底收入及礼物分成；经纪公司则提供运营、培训等服务。此外，合同中还约定，若褚女士擅自解约，需支付高额违约金。 合同签订后，褚女士便开始了直播工作。起初一切顺利，然而，同年10月，经纪公司开始玩起了“套路”。为了获得更多收益，经纪公司工作人员开始指使褚女士与粉丝假意建立“恋爱关系”以索取打赏，甚至直接登录褚女士的微信账号冒充其本人与粉丝聊天索要礼物。 面对经纪公司的所作所为，褚女士明确表示拒绝。之后，褚女士按照合同约定正常进行直播，经纪公司却判定她的直播为“无效”，对其收入造成极大影响。褚女士认为经纪公司的行为严重违约且违背道德，在几次沟通无果后，身心俱疲的褚女士停止了直播。 经纪公司认为，褚女士擅自停播，已经违反了合同约定，遂提起诉讼，要求解除双方合同关系，并向褚女士索赔违约金30万元及律师费1万元。 褚女士则辩称，是经纪公司违约在先。公司不仅对其进行违反公序良俗的直播指导，且在没有任何依据的情形下多次判定其直播无效，并要求其重新开播，这些行为已构成滥用合同权利。 上海宝山法院经审理认为，依法成立的合同受法律保护，但合同的履行必须遵守法律规定和公序良俗原则。本案中，经纪公司要求褚女士通过建立虚假“恋爱关系”等方式诱导粉丝打赏，甚至直接登录主播账号欺骗粉丝，这些行为不仅违反了合同约定，更严重违背了社会的公序良俗，损害了网络空间的健康秩序，经纪公司的行为已构成根本违约。 在褚女士明确拒绝履行这些违背道德的要求后，经纪公司又通过随意判定直播无效，致使褚女士长期无法获得应有的保底收入。在此情况下，褚女士停止直播不构成违约。由于双方合同在起诉前已自然到期失效，故法院无需再判决解除合同。 综上，法院判决驳回了该经纪公司的全部诉讼请求。判决后，双方均未上诉，该判决已生效。(澎湃新闻) 【,967,https://www.chinanews.com.cn/sh/2025/12-01/10524638.shtml,恋爱
China News Service,2025-12-02,布局“东西南北中” 黑龙江打造婚姻登记“幸福地标”,中新网 哈尔滨12月2日电 (记者 姜辉)由中共黑龙江省委宣传部、黑龙江省人民政府新闻办公室2日主办的“高质量完成‘十四五’规划”系列主题新闻发布会上，黑龙江省民政厅党组成员、副厅长张磊表示，黑龙江省布局“东西南北中”，打造了东极抚远、北极漠河、齐齐哈尔梅里斯湖、大兴安岭北纬52度13分14秒全球唯一爱情坐标点等多处景区公园式婚姻登记处和特色颁证地，形成全省链条式婚姻登记“幸福地标”，新人可以打卡其中任何一个“幸福地标”，在北国风光的见证下，开启幸福生活的新起点。 据张磊介绍，目前，按照国家统一部署，黑龙江省各级民政部门在婚姻登记领域打破地域管辖，取消婚姻登记户籍限制，全面实施婚姻登记“全国通办”。黑龙江省已全面实现婚姻电子证照即时生成，目前，全省已生成并共享400余万本婚姻电子证照。2025年5月10日新《婚姻登记条例》颁布实施以来，黑龙江省共办理婚姻登记“全国通办”2200余对，有力推动公共服务事随人走，最大限度便利和服务群众。(完),425,https://www.chinanews.com.cn/sh/2025/12-02/10525515.shtml,婚姻登记;婚姻
China News Service,2025-12-02,最高法与全国妇联联合印发通知 推进婚姻家庭纠纷预防化解,中新网 12月2日电 据最高人民法院微信公众号消息，为进一步巩固完善预防化解婚姻家庭纠纷工作机制，强化妇女和家庭通过调解方式化解婚姻家庭纠纷的意识，依法保护妇女儿童合法权益，维护平等、和睦、文明的婚姻家庭关系，营造和谐稳定的社会环境，日前，最高人民法院与全国妇联联合印发《关于建立婚姻家庭纠纷“总对总”在线诉调对接机制的通知》(以下简称《通知》)，对建立健全婚姻家庭纠纷“总对总”在线诉调对接机制提出明确要求，通过法院与妇联协同发力、优势互补，更好为妇女和家庭提供可感可及的调解服务。 《通知》要求，要坚持和发展新时代“枫桥经验”，积极主动融入党委领导下的共建共治共享的社会治理体系，建立健全婚姻家庭纠纷多元化解机制，充分发挥“总对总”机制在预防和化解婚姻家庭纠纷的独特优势作用，促推更多婚姻家庭纠纷源头预防化解。 《通知》指出，最高人民法院与全国妇联支持和指导婚姻家庭纠纷人民调解委员会入驻人民法院调解平台，通过线上、线下或相结合的方式开展调解，在线申请司法确认调解协议、制作调解书等工作，全面提升婚姻家庭纠纷调解工作的质量和效率。 《通知》规定了婚姻家庭纠纷在线诉调对接机制具体工作内容，包括职责分工、工作流程、调解队伍建设等，并对调解组织和调解员的选任、管理、培训、指导等工作提出具体要求。 《通知》强调，要把党的全面领导贯穿矛盾纠纷多元化解全过程，推动形成党领导下内外联动、上下协同、有序衔接的多元解纷工作格局。推动各地建立沟通会商和信息共享机制，定期分析工作推进情况。建立健全合作培训机制，联合发布典型案例、推广典型经验。主动向党委、政府做好汇报，加强与财政部门的协调，落实经费保障政策。 【,701,https://www.chinanews.com.cn/gn/2025/12-02/10525191.shtml,婚姻
People.cn,2025-12-02,最高法、全国妇联联合发文 推进婚姻家庭纠纷预防化解工作--社会·法治--人民网,人民网北京12月2日电 （薄晨棣、高清扬）记者从最高人民法院获悉，日前，最高法与全国妇联联合印发《关于建立婚姻家庭纠纷“总对总”在线诉调对接机制的通知》（以下简称《通知》），对建立健全婚姻家庭纠纷“总对总”在线诉调对接机制提出明确要求，通过法院与妇联协同发力、优势互补，更好为妇女和家庭提供可感可及的调解服务。 《通知》要求，要坚持和发展新时代“枫桥经验”，积极主动融入党委领导下的共建共治共享的社会治理体系，建立健全婚姻家庭纠纷多元化解机制，充分发挥“总对总”机制在预防和化解婚姻家庭纠纷的独特优势作用，促推更多婚姻家庭纠纷源头预防化解。 《通知》明确，最高法与全国妇联支持和指导婚姻家庭纠纷人民调解委员会入驻人民法院调解平台，通过线上、线下或相结合的方式开展调解，在线申请司法确认调解协议、制作调解书等工作，全面提升婚姻家庭纠纷调解工作的质量和效率。 《通知》规定了婚姻家庭纠纷在线诉调对接机制具体工作内容，包括职责分工、工作流程、调解队伍建设等，并对调解组织和调解员的选任、管理、培训、指导等工作提出具体要求。,458,http://society.people.com.cn/n1/2025/1202/c1008-40615862.html,婚姻
People.cn,2025-12-02,最高法与全国妇联建立婚姻家庭纠纷“总对总”在线诉调对接机制--社会·法治--人民网,新华社北京12月2日电（记者冯家顺）记者12月2日从最高人民法院了解到，日前，最高法与全国妇联联合印发关于建立婚姻家庭纠纷“总对总”在线诉调对接机制的通知，通过法院与妇联协同发力、优势互补，更好为妇女和家庭提供可感可及的调解服务。 通知指出，最高法与全国妇联支持和指导婚姻家庭纠纷人民调解委员会入驻人民法院调解平台，通过线上、线下或相结合的方式开展调解，在线申请司法确认调解协议、制作调解书等工作，全面提升婚姻家庭纠纷调解工作的质量和效率。 通知规定了婚姻家庭纠纷在线诉调对接机制具体工作内容，包括职责分工、工作流程、调解队伍建设等，并对调解组织和调解员的选任、管理、培训、指导等工作提出具体要求。 通知要求，要坚持和发展新时代“枫桥经验”，积极主动融入党委领导下的共建共治共享的社会治理体系，建立健全婚姻家庭纠纷多元化解机制，充分发挥“总对总”机制在预防和化解婚姻家庭纠纷的独特优势作用，促推更多婚姻家庭纠纷源头预防化解。,412,http://society.people.com.cn/n1/2025/1202/c1008-40615936.html,婚姻
People.cn,2025-12-02,益阳沅江：“432”工作法巧解婚姻家庭“心结”,人民网长沙12月2日电 经过为期半年的跟踪回访，近日，益阳市沅江市泗湖山镇北港村“家庭关系观察员”王志辉向镇上的婚姻矛盾调解工作室反馈，村民李某和妻子的感情已由争吵“闹离婚”到重归于好，家庭关系变得融洽。这有赖于当地推行的婚姻家庭矛盾调解“432”工作法取得的实效。 近年来，沅江积极推行以“四色分级处理，市、乡镇、村（社区）三级联动，线上、线下同步服务”为内容的“432”工作法，破解婚恋纠纷化解难题，解锁基层治理新密码。沅江市婚姻家庭纠纷人民调解委员会相关负责人介绍：“四色分级”是指，绿色为预防阶段，黄色为干预阶段，红色为化解阶段，蓝色则是守护阶段。通过“432”工作法，每年可化解近500件婚姻家庭矛盾纠纷，今年已成功化解380多件。 依托覆盖镇村的妇联执委与志愿者网络，沅江常态化开展婚姻家庭矛盾纠纷排查，动态监测并早期识别有离婚意向的家庭，一旦发现相关情况，立即启动干预机制，由专业调解员与心理咨询师组成服务团队，“一户一策”提供心理疏导与法律指引服务。通过“情、理、法”相融合的调解方法，化解夫妻在争吵时的对立情绪，降低冲动型离婚比例。 此外，沅江还将婚姻家庭辅导服务纳入婚姻登记的流程，创新嵌入“婚姻成长礼包”，将普法教育、心理测评与沟通课程有机结合，变“被动调解”为“主动赋能”。今年10月份以来，已为36对新人提供婚前宣誓与辅导服务，从源头上筑牢家庭关系稳定的“第一道防线”。（刘宾、孙殉华、廖轩琴）,610,http://hn.people.com.cn/n2/2025/1202/c356887-41430038.html,婚姻登记;婚姻;离婚;婚恋;夫妻
China News Service,2025-12-03,两部门建立“总对总”在线诉调对接机制 全面推进婚姻家庭纠纷预防化解工作,本报北京12月2日电 （记者卢越）最高人民法院与全国妇联日前联合印发《关于建立婚姻家庭纠纷“总对总”在线诉调对接机制的通知》（以下简称《通知》），对建立健全婚姻家庭纠纷“总对总”在线诉调对接机制提出明确要求，通过法院与妇联协同发力、优势互补，更好为妇女和家庭提供可感可及的调解服务。 《通知》要求，要坚持和发展新时代“枫桥经验”，积极主动融入党委领导下的共建共治共享的社会治理体系，建立健全婚姻家庭纠纷多元化解机制，充分发挥“总对总”机制在预防和化解婚姻家庭纠纷的独特优势作用，促推更多婚姻家庭纠纷源头预防化解。 《通知》指出，最高人民法院与全国妇联支持和指导婚姻家庭纠纷人民调解委员会入驻人民法院调解平台，通过线上、线下或相结合的方式开展调解，在线申请司法确认调解协议、制作调解书等工作，全面提升婚姻家庭纠纷调解工作的质量和效率。 《通知》规定了婚姻家庭纠纷在线诉调对接机制具体工作内容，包括职责分工、工作流程、调解队伍建设等，并对调解组织和调解员的选任、管理、培训、指导等工作提出具体要求。（工人日报）,453,https://www.chinanews.com.cn/gn/2025/12-03/10526027.shtml,婚姻
People.cn,2025-12-04,宁夏吴忠举办道德模范与“零低彩礼”先进事迹现场交流活动,人民网银川12月4日电（记者 李甜甜）12月3日，“学习榜样 德润吴忠”2025年道德模范与身边好人暨移风易俗“零彩礼”“低彩礼”家庭先进事迹现场交流活动在宁夏吴忠市文化馆举办。活动分为孝老爱亲篇、助人为乐篇、见义勇为篇、敬业奉献篇、诚实守信篇和移风易俗篇，用一个个生动的案例，展现道德力量。 大屏幕上的视频短片缓缓播放，李生成日复一日照顾毫无血缘关系的老人、吴海霞用柔弱肩膀撑起家庭重担的坚守，让不少观众悄悄红了眼眶；李小平奔波在志愿服务一线的脚步、孙清艳不求回报帮助困境儿童的笑容，传递着最纯粹的善意；赵屹鸥危急时刻挺身而出的果敢、马泽安勇救他人的无畏，诠释着凡人英雄的担当；李宗仁十年如一日扎根基层为民服务、蒯淑霞29年来坚守在动物疫病防控一线，彰显着敬业奉献的价值；徐海侠诚信经营二十载的坚守、李耀梅一诺千金的担当，让诚信之花静静绽放。 近年来，吴忠市上下积极弘扬和践行社会主义核心价值观，坚持以德润城涵养文明之风，持续深化“好人之城”“志愿之城”“文明之城”建设，立精神支柱、树价值标杆、育时代新人，为吴忠经济社会高质量发展积淀了深厚的道德底色，注入了精神力量。,486,http://nx.people.com.cn/n2/2025/1204/c192493-41431950.html,彩礼
People.cn,2025-12-07,宁夏利通区以婚俗改革为牵引 树立乡风文明新风尚,“彩礼只是个形式，孩子们过得好比什么都重要！”在宁夏回族自治区吴忠市利通区上桥镇牛家坊村，村民金学梅的朴素心声，正逐渐成为当地群众的普遍共识。近年来，利通区将婚俗改革作为推进移风易俗、培育文明乡风的重要切入点，系统谋划、综合发力，让文明新风浸润城乡，为乡村振兴注入了清新活力。 马莲渠乡柴桥村的任淑玲早在2018年女儿出嫁时便明确不收彩礼。作为“新红娘”志愿服务队成员，她时常入户宣传：“省下彩礼钱，为孩子们的幸福生活打好基础，这才是真正的体面。”同村党员史振明在女儿婚礼上也坚定表示：“我是党员，必须带头。不要彩礼，只盼两个孩子把日子过好！”在这些先进典型的带动下，柴桥村逐步探索形成了成熟的“三点一线”工作法。据统计，今年以来该村结婚的8对新人中，7对践行“低彩礼”，1对实现“零彩礼”。 为保障移风易俗工作常态长效，宁夏利通区注重建章立制，创新出台了移风易俗“利八条”，从婚事新办、仪式从简、礼金适度等八个方面提出明确规范。各村（社区）普遍修订村规民约，将“彩礼不超过8.9万元”等具体标准纳入其中，并建立健全红白事事前报备、理事会全程监督的工作机制。 制度是“硬约束”，文化则是“软引导”。今年七夕节前夕，一场温馨简约的集体婚礼在利通区白寺滩村举行，八对新人身着传统服饰，以文明新风诠释爱情真谛。礼成后，新人们获颁“零彩礼”或“低彩礼”荣誉证书，这份特殊的“文明勋章”彰显了他们践行新风的决心。这场融合传统与现代的婚礼，不仅为新人的生活开启了幸福篇章，也为全区树立了鲜活榜样。 基层文化活动的滋养同样功不可没。利通区金积镇大庙桥村的“百姓自乐班”自编自演快板《移风易俗伴我行》，巡演32场，广受好评；东塔寺乡刘碱滩村的文艺宣传队通过快板节目《天价彩礼成歪风》开展宣传，惠及群众超3000人。这些贴近生活的文艺形式，使文明理念深入人心。 乡风文明建设离不开坚实的物质基础。宁夏利通区将移风易俗与乡村振兴紧密结合，引导群众在共享发展成果中淡化陈规陋习。白寺滩村依托2000亩大青葡萄产业和7家主题民宿，实现年均增收40多万元；大庙桥村的580座蔬菜大棚不仅是村民的“钱袋子”，更成为“文明课堂”，优先为低彩礼、零彩礼家庭提供就业机会；牛家坊村通过文旅融合，2023年村集体经济收入达166万元，农村居民人均可支配收入2.68万元。“口袋富了，心气顺了，谁还老盯着彩礼？”已成为越来越多村民的切身感受。 移风易俗，润物无声，更需源头活水。宁夏利通区通过系统推进，形成了全方位、多层次的工作格局：紧扣主题宣传月，依托“1+X”全媒体矩阵开展立体化宣传；打造“理”通凝心大讲堂品牌，组织宣讲队伍深入基层解读政策；结合传统节庆，广泛开展群众性文化活动；依托“好人来咱家”品牌，选树宣传先进典型；持续完善“利八条”，优化村规民约和红白理事会机制，推广基层创新工作法。利通区正以婚俗改革的“小切口”，扎实做好乡风文明的“大文章”，为乡村振兴持续注入深厚的文明动力。,1228,http://nx.people.com.cn/n2/2025/1207/c412337-41434867.html,天价彩礼;结婚;彩礼;婚俗;婚礼
People.cn,2025-12-09,彩礼“瘦”下来 让文明新风吹进百姓心田,“今年儿子结婚我们打算‘喜事简办’，让两个年轻人‘轻装上阵’。”东乡县赵家乡克什间村村民马牙黑牙说。 2025年以来，赵家乡各村通过“村规民约立规矩、党员带头作示范、红白理事会强监督”的三重举措，靶向破除婚嫁陈规陋习。村“两委”第一时间将抵制高额彩礼纳入村规民约，同时成立由老党员、老干部组成的红白理事会，参与婚嫁事宜指导与监督，从源头上遏制铺张浪费。 克什间村党支部书记马奴勒的侄子结婚时，他带头做家人的思想工作，让彩礼回归“爱”与“礼”，红白理事会参与指导流程简化，嫁娶仪式仅办了12桌宴席。“彩礼降下去，幸福升上来。减轻了经济负担，年轻人才能把更多精力用在过日子上。”马奴勒的话道出了群众心声。如今走进赵家乡，“彩礼有价情无价”“文明婚嫁福万家”的宣传语随处可见。 下一步，赵家乡将持续深化党建引领作用，通过“文明家庭”评选、新风故事宣讲等各类活动，大力推进移风易俗，让文明新风浸润山乡、吹进百姓心田。（贾蕊蕊）,409,http://gs.people.com.cn/n2/2025/1209/c411040-41437071.html,结婚;彩礼;婚嫁
China News Service,2025-12-10,“十四五”以来安徽设立86个户外婚姻登记服务颁证基地,中新网 合肥12月10日电 (记者 赵强)“‘十四五’以来，我们立足民政婚姻登记管理职责，推进婚姻登记机关建设、丰富婚姻服务、深化婚俗改革，全省建成公园式婚姻登记处14家、设立86个户外婚姻登记服务颁证基地。”安徽省民政厅副厅长张勇10日在合肥说。 当天，安徽省政府召开“决胜‘十四五’奋进新征程”新闻发布会，张勇在会上介绍了“十四五”以来，该省婚姻登记管理的相关工作举措。 在婚姻登记机关建设方面，该省不仅着力打造特色服务阵地，还积极推进登记设备智能化、集成化更新。“十四五”以来，该省累计补录婚姻登记历史数据1007万条，完成档案电子化2217万份，补发婚姻登记证件51万对(件)。 安徽深入推进“互联网+婚姻服务”，启动结婚落户“一件事”办理。此外，该省还构建了由1183名婚姻家庭辅导师、律师、心理咨询师等组成的婚姻家庭辅导服务队伍，组建了511名金(银)婚夫妇、道德模范等担任颁证师的结婚颁证队伍，常态化开展婚姻家庭辅导和特色结婚颁证服务。 婚俗改革的深入推进为社会文明新风注入活力。合肥市包河区、马鞍山市和县纳入全国第二批婚俗改革实验区。安徽先后创建3批次省级婚俗改革试点，将47个县(市、区)纳入试点范围。(完),513,https://www.chinanews.com.cn/sh/2025/12-10/10530845.shtml,婚姻登记;婚姻;结婚;婚俗
China News Service,2025-12-10,假军官设婚恋骗局、游戏拜师暗藏陷阱……警惕诈骗新套路,法治在线丨假军官设婚恋骗局、游戏拜师暗藏陷阱……警惕诈骗新套路 近期，骗子洗钱的套路越来越隐蔽，让被害人自己买黄金，再寄出去，这样骗子家中坐就能收黄金，不过这样的手段也有失手的时候，遇到警惕性高的，就容易露馅。 经警方核实，张某被网友诱导网上投资后，在线下实体店购买了11万元黄金，并按对方要求邮寄到重庆某小区。骗子转寄包裹时被快递小哥察觉异常并报案。 前段时间，山东泰安一位四十多岁的李女士，在网上认识了一位自称是部队军官的男网友，她不仅感情被骗，还差点把四十万元的积蓄全部搭进去。 前段时间，山东菏泽警方接到一条从上级部门下发的“菏泽取现40万元”紧急预警。 菏泽市公安局鲁西新区分局刑事侦查大队民警 张恒纲：我们在工作中获取预警信息，应该是有群众正在遭遇电信网络诈骗，有可能会在我们辖区内转移40万元的涉诈资金，于是我们就向辖区内的各银行网点，下发类似的金额取现线索。 通过警银协作机制，菏泽鲁西新区辖区内某银行上报称，家住泰安的李女士正准备提取40万元现金，行为异常。反诈民警迅速出动，赶往银行进行拦截。 菏泽市公安局鲁西新区分局刑事侦查大队民警 吴哲：我们见到李女士时，她情绪比较紧张，一开始说是家里急用，但具体用途说不清楚，前后矛盾。 诈骗套路多，骗子马甲也多。有的就在游戏里当起了师傅，一个九岁的男孩在网上拜师学着玩游戏，结果却是险被骗走外公外婆的107万。游戏技巧没学成，反诈这一课算是牢记在心。 11月20日傍晚，杭州市公安局滨江区分局西兴派出所接到一条紧急反诈预警，提示辖区居民王女士可能正遭受电信网络诈骗。民警迅速赶往其住处进行劝阻，然而到达现场后却发现，王女士的手机并不在她本人手中，而是由其外孙小张在使用。就在民警接过手机的瞬间，诈骗分子仍在进行远程操控。 杭州市公安局滨江区分局西兴派出所民警 蔡婧烁：他拿着外公、外婆的手机下载了一款游戏，在游戏里碰到了一个教他玩游戏、带徒弟的一个人。这个人跟他说，下载“蚂蚁AI”App，上面有一个自称是游戏官方客服联系这个小孩，跟他说可以退一笔钱，就让他下载“飞鸽”App，这个小孩子不清楚到底退什么钱，他只知道对方说可以退钱，他就按照对方说的做了。 这款名为“飞鸽”的应用程序具备屏幕共享功能，并能实现远程操控手机。在此过程中，那位所谓的“游戏官方客服”以“操作需验证”为由，要求小张拿着手机去找外公、外婆进行人脸识别。毫无戒心的小张一一照做，就在人脸认证通过的短短几分钟内，老人账户内的多笔资金被迅速转出。 杭州市公安局滨江区分局西兴派出所民警 蔡婧烁：外公、外婆一开始以为游戏有未成年保护，需要验证一下身份，刷完脸之后等于授权了快捷支付功能，造成了资金一直在损失，粗略算下来是3万多块钱的损失。 因劝阻和处置及时，民警成功保住了老两口银行账户内剩余的107万元。警方提醒群众，特别是老年人和未成年人，要提高警惕，不要随意进行人脸识别或提供验证码等重要信息，以免给不法分子可乘之机。同时，家长也要加强对孩子的网络安全教育，避免类似事件发生。 诈骗手段层出不穷，洗钱方式五花八门，骗局升级，对骗子的打击力度也在持续增强。为依法严厉打击跨境电信网络诈骗犯罪，切实维护人民群众财产安全和合法权益，近日，公安部发布通缉令，公开通缉100名电信网络诈骗犯罪在逃金主和骨干，其中包括吴启平、吴清正、傅小滨、欧长华等缅北“四大家族”犯罪集团重要逃犯。 (总台央视记者 秦默 李佳 王祖彦 李珺 陈昱) 【,1430,https://www.chinanews.com.cn/fz/2025/12-10/10530643.shtml,婚恋
China News Service,2025-12-11,催婚老爸遇心急“老妈”？男子下载小众聊天软件被骗42万元,法治在线丨催婚老爸遇心急“老妈”？男子下载小众聊天软件被骗42万元 有些单身人士会通过婚恋平台寻找另一半，有些父母也会在婚恋平台帮着自家儿女征婚。北京的宋老先生就替儿子在婚恋平台发布了信息，本想着帮儿子尽快找到意中人，没想到骗子却乘虚而入。 北京市公安局朝阳分局刑侦支队民警 王佳：家长特别着急，在三个相亲网站上面进行了信息的注册，当时就有一个自称女孩母亲的人跟宋先生的父亲进行联系，把自己女儿的基本情况介绍了一下。 发来短信的人告诉宋老先生，自己的女儿在证券公司做管理，开朗、孝顺、好相处。自己和老伴都有退休金，不需要女儿负担生活，唯一的心愿就是希望女儿找个好对象，如果合适，年底就把婚事给办了，并且主动发来了女孩的照片。 看到对方这么说，宋老先生觉得可以试试，就答应了对方让两个孩子直接联系、相互了解的提议。随后，在父亲的要求下，小宋通过了对方的好友申请，在QQ上与对方进行交流。 北京市公安局朝阳分局刑侦支队民警 王佳：接下来几天时间，他还感觉这个女孩子条件也不错，人的性格也是非常不错的，两个人就进入了恋爱的状态。 在聊天中，对方告诉小宋，由于自己是证券公司的中层管理人员，经常会接触涉密信息，因此白天上班时，不方便用微信，只能用QQ联系。对于这样的说辞，小宋并没有多想，殊不知，这是对方为了后续引导他下载小众聊天软件、脱离平台监管所做的铺垫。 网聊几天后，双方逐渐热络了起来，本想着找个时间见一面，但这时对方突然告诉小宋，公司有个临时项目，需要她紧急出差两周，见面的事情只能推后。为了方便联系，提议他下载一个叫作安迅通的聊天软件，并通过她提供的邀请码进行注册登录。 被害人 宋先生：别人会用她这个QQ传资料。QQ是公开的，工作出差期间，说让我下载这个安迅通，她说她们公司好多人在用。 自此之后，小宋与对方的沟通全部转到了安迅通上。几天后，对方突然兴奋地告诉他，这次跟着总监出差，她得到了进入机房看到后台数据的机会。 对方说机会难得稍纵即逝，因此把准备的30万元嫁妆都拿了出来，凑了100多万元，已经全部投了进去。但因为不方便操作，这几天需要小宋帮忙操盘买卖。就这样，小宋顺理成章地看到了对方账户里不断上涨的数字，然后动心了。 被害人 宋先生：买入1200秒的时候，一般会上涨7%；买入600秒的时候，大概会上涨3%多。她每天跟你聊天说你买一点吧，你看这个收益多稳定，时间短机会很难得。 小宋这时已经跃跃欲试，但在拿出真金白银之前，他觉得还是应该再确认一下。 被害人 宋先生：我最有印象就是中午吃饭拍的照片，餐盘上都有单位名称，上面写了招商证券，她在招商证券吃的饭。还有工作照片，电脑上显示的各种数据。然后其他的一些话术，工作抱怨什么的。 小宋的顾虑就这样被打消了，随后通过对方提供的网址链接，在号称“纽约证券交易所”的平台上注册了会员。 在客服的诱导下，小宋通过线上购买黄金，然后邮寄到指定地点的方式进行所谓的入金充值，十天之内网购黄金八次，共投入42万元，其中的20多万是专门借来的网贷。 就在小宋期待着大赚一笔时，客服突然告诉他，因为涉嫌内幕交易，他的账号被冻结，需要缴纳30万元的保证金，否则不仅无法提现，还会因此影响个人征信，这时小宋才意识到被骗，赶紧报警。民警介绍，小宋遭遇的是典型的虚假投资理财类诈骗，诈骗分子以相亲征婚进行伪装，首先与被害人建立情感联系，随后以掌握平台漏洞、内部消息等理由诱导被害人投资充值，再以账户冻结、操作失误为由继续诱导转账。 民警告诉记者，这看似完美的骗局，其实处处存在漏洞。从诈骗分子发给受害人小宋的机票预订单截图中不难发现，这张订单是伪造的，因为北京大兴机场根本就没有T2航站楼。 北京市公安局朝阳分局刑侦支队民警 王佳：给事主传输的这些照片，或者工作状态、小视频等，其实很多都是从网上盗来伪造的，有时候你眼见不一定为真，因为我们在侦办的一些案件当中，犯罪嫌疑人可能根本就不是什么非常甜美的女孩子，他甚至可能就是一名抠脚大汉。 北京警方发布的数据显示，今年1—10月，虚假网络投资理财类诈骗案件发案数占北京电诈案件总数的7%，但被骗金额却占到了被骗总金额的38%。同时，高损案件多，在被骗金额100万元以上的案件中，近七成都是虚假网络投资理财类诈骗。在各类电诈案件中，虚假网络投资理财类诈骗案件的成案时间最长，从诈骗分子首次接触受害者到受害者报警，平均为36.7天。 同时，北京警方统计发现，在虚假网络投资理财类诈骗案件中，以婚恋交友方式引流的占了65%。这类案件受害人年龄以40岁以上为主，目前已接报的案件中，女性受害者年龄最大的77岁，男性受害者年龄最大的80岁。 警方提示，这类案件九成多都是通过网络接触，但近期也出现了少量用电话和短信联系引流的案例。 北京市公安局朝阳分局刑侦支队民警 王佳：这种直接先发短信，或者冒充本人相亲，或者冒充家长替儿女相亲的这种情况，算是交友类诈骗的迭代更新的新的案情。我们一直都说，网络交友并不可怕，没见过面就谈钱的一定有诈，要擦亮双眼，不要盲目相信对方。 (总台央视记者 赵学荣 苗毅萌) 【,2092,https://www.chinanews.com.cn/fz/2025/12-11/10531456.shtml,婚恋;催婚;恋爱;相亲;单身;对象;另一半
People.cn,2025-12-12,“消失的新娘”背后有个骗婚团伙--社会·法治--人民网,◆相识仅一个月，代某就主动提出想和王大哥结婚，随后两人见面，代某向王大哥索要了12万元彩礼和3万元其他费用。同年4月，两人按照农村习俗举办了婚礼，婚礼后没几天，代某就不见了踪影。 ◆在大量聊天信息、转账记录等证据面前，代某心理防线逐渐崩溃，交代她是被一个叫“潘哥”的人骗到一个窝点后，被迫参与诈骗的，事后还要将大部分赃款上交，自己只能得到少量提成。 ◆一些农村地区仍然存在高额彩礼的习俗，部分群众法律意识、防诈意识淡薄，容易被骗子的花言巧语蒙骗。 “走亲戚”是相亲，“办喜事”是实施诈骗，“回娘家”是携款跑路……在河南省社旗县公检法的通力合作下，一个组织严密的骗婚犯罪团伙被连根拔起，涉案的126人全部受到法律的惩罚。 2024年隆冬时节，社旗县某村王大哥家，烫金的喜字还张贴在门窗上，崭新的红被褥整齐地叠放在炕头，房前屋后处处洋溢着喜庆的氛围，可王大哥却丝毫高兴不起来。三个月前，他的新婚妻子代某说要“回贵州老家办点事”，此后便像人间蒸发了一般，怎么也联系不上了。 时间倒回2024年初，已过而立之年的王大哥在短视频平台上偶然间刷到代某的征友视频，便添加其微信，两人很快就聊得热火朝天。相识仅一个月，代某就主动提出想和王大哥结婚，随后两人见面，代某以老家习俗为由，向王大哥索要了12万元彩礼和3万元其他费用。同年4月，两人按照农村习俗举办了婚礼，婚礼后没几天，代某就说贵州老家出事了急需归家处理，还承诺“最多半个月就回来”。可这一去便杳无音信。 2024年7月，意识到被骗的王大哥报了警，公安机关通过调取代某的出行轨迹、通话记录等，跨越千里在贵州将代某抓获。 2025年3月，公安机关以代某涉嫌诈骗罪提请检察院批捕。面对办案检察官李林的讯问，代某称自己是真心想和王大哥结婚。但不经意间，她吐露了一句话：“我也是逼不得已才干这样的事。”这句话让李林警觉起来，联想起近年来办理的3起“闪婚闪离”骗彩礼案件，犯罪嫌疑人均为贵州籍人员，都是通过短视频平台征友，快速确定关系后索要高额彩礼，举办婚礼后不久便失联。 “这背后可能另有文章。”为了印证自己的判断，李林针对“逼不得已”这一关键信息展开讯问，在大量聊天信息、转账记录等证据面前，代某心理防线逐渐崩溃，交代她是被一个叫“潘哥”的人骗到一个窝点后，被迫参与诈骗的，事后还要将大部分赃款上交，自己只能得到少量提成。 社旗县检察院随后组织检侦会商，提出详细的继续补充侦查提纲，引导公安机关以代某为突破口，深挖背后的犯罪组织，查清窝点位置、人员结构、作案流程、资金去向等关键信息。 公安机关立即成立专案组，一方面继续对代某进行讯问，获取更多关于犯罪团伙的信息；另一方面，通过技术手段追踪“潘哥”的身份信息和活动轨迹，排查相关人员的通讯记录、资金往来。经过缜密侦查，公安机关陆续锁定了北京、河北石家庄等地多个犯罪窝点的位置，联动多地警方，成功捣毁犯罪窝点十余处，抓获犯罪嫌疑人126人。 随着侦查的深入，一个棘手的问题摆在了公安机关办案人员面前：犯罪嫌疑人手机里的聊天信息大多是暗语：“走亲戚”实际上是去和人相亲，“办喜事”是指实施诈骗行为，“回娘家”就是卷款跑路……这些暗语让案件线索变得混乱复杂，不好认定诈骗事实。此外，犯罪团伙成员来自不同地区，彼此之间大多用化名交流，难以确定真实身份，窝点之间还相对独立，给案件的证据梳理工作带来难度。 “必须找到一个突破口，把这些零散的线索串联起来！”检察办案团队和公安民警一起分析研判案情，最终确定了“以窝点为核心”的分组侦查策略。“同一窝点的成员每天一起吃住、一起接受话术培训，他们之间的关联性更强，彼此的证言能够相互印证，比零散讯问更能查清事实。”李林介绍道。 功夫不负有心人。经过抽丝剥茧的查证和耐心细致的分析，该犯罪团伙的组织架构逐渐清晰：这是一个层级分明、分工明确的传销式诈骗组织。“总经理”潘某是整个犯罪团伙的核心，负责统筹协调各省窝点的运作，制定诈骗策略、分配赃款；“经理”级别的成员负责管理特定区域的窝点，监督窝点的日常运营；“大主任”带领团队开展具体的诈骗活动，指导成员实施诈骗行为；“主任”专门负责培训新人，编写、传授诈骗话术，教成员如何伪造身份、应对被害人的质疑甚至警方的询问；“主管”则负责盯紧新人，防止其逃跑或反抗；而像代某这样的“业务员”，就是直接与被害人接触的诈骗行为执行者。诈骗所得赃款会先上交到窝点负责人手中，然后按照层级进行抽成，“总经理”潘某抽成30%，“经理”抽成20%，“大主任”抽成10%，剩下的部分由“主任”“主管”“业务员”按比例分配。 2025年8月，案件进入审查起诉阶段。检察办案团队成员分工协作，对每一名犯罪嫌疑人的参与次数、涉案金额、在团伙中的层级、参与犯罪的时长、主观恶性、非法所得等情况进行详细核查，还专门走访了部分被害人、犯罪嫌疑人的家属。社旗县检察院经审查认定，该团伙累计实施诈骗27起，涉及被害人70余人，诈骗金额高达500余万元。 在审查过程中，办案人员注意到，32名底层“业务员”中有28人曾经也是诈骗犯罪的受害者。19岁的女孩小吴哭着对检察官说：“我是在网上找工作时被他们骗来的，到了窝点后，他们收了我的手机，还说我欠了他们的食宿费，如果不帮他们骗钱，就不让我走，还会打我。后来听他们天天培训话术，我慢慢就被洗脑了，帮他们骗了一个人……”还有像代某这样的大龄女青年，原本想通过短视频平台找对象，结果被骗子盯上，不仅没找到幸福，还被迫走上了犯罪道路。 对此，该院贯彻宽严相济刑事政策，综合考量对该团伙成员进行分类处理：对于潘某等团伙核心成员，他们不仅是犯罪团伙的组织者、领导者，还积极策划诈骗活动，编写诈骗话术手册，培训成员对抗侦查，主观恶性深、社会危害性大，必须从严惩处；对于“主任”“主管”等中层成员，他们积极参与组织管理、实施诈骗，涉案金额较大，也应依法予以严惩；对于像代某、小吴这样的底层“业务员”，他们大多是被胁迫或诱骗参与犯罪，非法所得极少，依法应当认定为从犯或胁从犯，可以从宽处理；对于少数情节轻微、受胁迫参与犯罪，且主动认罪悔罪、没有造成严重后果的犯罪嫌疑人，可以酌定从轻处理。 在审查起诉过程中，社旗县检察院还积极开展追赃挽损工作，一方面，检察官向犯罪嫌疑人及其家属释法说理，动员他们主动退缴非法所得；另一方面，与公安机关密切配合，查封、扣押、冻结涉案财产，最大限度为被害人挽回损失。 截至案件提起公诉前，已有109名犯罪嫌疑人主动退缴了非法所得，共计180余万元。 经审查，该院依法对10名情节轻微、受胁迫参与犯罪的嫌疑人作出不起诉决定，并根据行刑反向衔接机制，将10人移送公安机关，督促其作出行政处罚。后公安机关对9人作出行政拘留的处罚，对10人罚款1.8万元。 经社旗县检察院提起公诉，2025年11月12日，法院审理后采纳检察机关指控意见和量刑建议，对该案作出一审判决，以诈骗罪判处被告人潘某、赵某等7名核心成员十年至七年不等有期徒刑，各并处罚金；判处李某、谢某等109名有认罪悔罪、主动退赃退赔情节的被告人三年至一年不等有期徒刑，对部分被告人适用缓刑。被告人均服判，无一上诉。 判决生效后，办案检察官在总结案件时发现，这类婚恋诈骗之所以能屡屡得手，背后有多重原因：短视频平台对婚恋交友类账号的审核过于宽松，用户无须提供真实身份信息就能注册账号，给了骗子可乘之机；一些农村地区仍然存在高额彩礼的习俗，部分群众法律意识、防诈意识淡薄，容易被骗子的花言巧语蒙骗；还有些群众在遭遇诈骗后，觉得丢人不愿及时报案，导致骗子得以逍遥法外，继续实施诈骗。 针对这些问题，社旗县检察院联合公安机关、网信部门、乡镇政府等单位，开展了“我来说反诈”系列普法宣传活动。检察官走进乡村集市、田间地头、社区广场，通过摆放宣传展板、发放宣传手册、现场讲解案例、播放反诈视频等方式，用王大哥等人的真实被害经历警示群众，揭露婚恋诈骗的常见手法和防范技巧，提醒大家“网恋需谨慎，谈钱要清醒”“高额彩礼要不得，依法登记才靠谱”。 该院还向短视频平台、社交软件运营商制发检察建议，建议平台加强对婚恋交友类账号的审核管理，建立身份核验机制和诈骗信息预警系统，及时清理虚假账号、诈骗内容；向民政部门、乡镇政府提出建议，推动开展移风易俗宣传，引导群众树立健康的婚恋观、价值观，摒弃高额彩礼等不良习俗。,3417,http://society.people.com.cn/n1/2025/1212/c1008-40622722.html,结婚;婚恋;彩礼;骗婚;闪婚;相亲;对象;婚礼
People.cn,2025-12-12,金牛法院：秉持修复性理念，调解助力挽救婚姻守护家庭,“谢谢法官，我们决定回去好好过日子，以后多沟通，也多体谅对方的辛苦。”近日，成都金牛区法院少年家事庭于虹法官收到当事人张菲（化名）专程送来的一面锦旗，以此表达对法院公正司法、温情调解的诚挚谢意。 张菲与丈夫李亮（化名）因婚后感情疏于经营、沟通不畅产生矛盾，协商离婚未果后，张菲诉至法院，请求判决解除婚姻关系。案件受理后，承办法官于虹立足家事审判特有的修复性理念，深入剖析矛盾根源，着力探寻情感修复的可能。 在庭前阶段，法官多次与张菲沟通，耐心倾听她的想法。庭审过程中，法官察觉到双方矛盾主要源于日常沟通缺失与情感维护不足。考虑到两人育有年幼子女，孩子亟需父母的关爱，法官遂耐心劝解，帮助分析两人离婚对家庭、尤其是对子女成长可能造成的潜在影响，并指出夫妻在生活中难免会产生摩擦和矛盾，但应互谅互让、换位思考、加强沟通，珍惜来之不易的夫妻感情。 经过多轮的深入沟通，双方逐渐打开心结，李亮意识到自身在婚姻中的不足，并当庭表示：“我希望能和张菲一起把家经营好，这是当前最重要的事。过去是我做得不好，忽视了她的付出和感受，今后我一定调整自己，多沟通、多体谅，用行动让她看到我的改变。”张菲也表示愿意放下矛盾，重新经营婚姻。 判决是否准予离婚的核心标准在于夫妻感情是否确已破裂。本案中，张菲与其丈夫李亮的感情并没有达到无可挽回的程度。综合考量婚姻基础、婚后感情、矛盾起因及未来发展可能性，为给予双方弥合分歧、重塑家庭关系的机会，法院最终判决不准离婚。最后，于虹法官向双方寄语：“婚姻需用心经营，家庭责任不容推卸，面对矛盾应积极沟通、妥善化解，尤其应为子女健康成长创造良好家庭氛围，这才是解决家庭纠纷的最佳途径。” 家事纠纷具有高度人身性和情感复杂性，少年家事庭始终注重融合法理、事理与情理，通过精准把握矛盾焦点、深入释法明理，有效引导当事人理性解决纠纷，取得了良好的社会效果与法律效果。下一步，金牛法院将继续践行“司法为民”宗旨，强化人文关怀，以司法智慧助力家风建设，以司法力量护航未成年人健康成长，在构建和谐社会中展现司法担当与温度。（陆露）,867,http://sc.people.com.cn/n2/2025/1212/c345167-41440366.html,婚姻;离婚;夫妻
People.cn,2025-12-12,长春南关区法院：“唠家常”、话心声，温情司法终解55载婚姻纠葛,“清官难断家务事”，尤其面对一段横跨55年的八旬老人离婚纠纷时，调解难度更是不言而喻。近日，长春市南关区人民法院桃源人民法庭的法官们用耐心与温情，为这起棘手案件画上圆满句号，让两位耄耋老人在法律框架下实现体面分手。 柳大爷与李大娘相守55载，晚年却因生活琐事渐生隔阂，矛盾不断升级，最终对簿公堂。案件交由桃源人民法庭李惠民法官审理后，她深知家事案件“案结事了”的关键在于化解情感芥蒂，而非简单一判了之。“要真正解决问题，必须先走进老人心里，摸清诉求根源。”李惠民法官秉持这一理念，开启了耐心细致的调解工作。 正式调解前，李惠民法官两次主动登门，分别与两位老人促膝长谈。她避开案件争议焦点，从过往生活点滴切入，耐心倾听老人的回忆与心声，用“唠家常”的温暖方式拉近心理距离。这份不加评判的真诚倾听，让老人放下戒备，逐渐敞开心扉，也为后续调解筑牢了信任基础。 调解当天，桃源人民法庭副庭长马盛邦与李惠民法官共同参与调解。为避免双方直接争执激化情绪，李惠民先将柳大爷引导至另一间调解室，马盛邦则留在原调解室陪伴李大娘。整整一个多小时，马盛邦专注倾听李大娘讲述55年婚姻中的付出、委屈与不甘，没有打断和评判，只是适时回应。这份耐心倾听让李大娘积压许久的情绪得到释放，态度逐渐松动。 与此同时，李惠民法官与柳大爷展开坦诚沟通，引导他换位思考：“大娘跟着您过了大半辈子，晚年就盼着安稳，您得理解她的担忧。”两位法官在两间调解室之间往返穿梭，精准传递双方诉求，在情感与法律之间寻找平衡点。 经过数轮沟通，双方终于达成一致：李大娘同意离婚，柳大爷自愿给予经济补偿并将现有住房归李大娘所有。但签署协议前，柳大爷因银行转账限额无法当场付清首笔补偿款，刚建立的信任面临破裂。“大爷别急，我们陪您去银行！”李惠民法官当即决定陪同办理转账，这一行动彻底打消了李大娘的顾虑。当转账凭证交到李大娘手中时，这场持续三年的纠纷终于尘埃落定。 案件调解结束时，李大娘握着马盛邦法官的手哽咽道谢，柳大爷也向李惠民法官表达感激。法官们用两次登门、耐心倾听、陪同转账等务实行动，将“司法为民”落到实处，既维护了法律的公正，又传递了司法的温度，正是基层法庭践行新时代“枫桥经验”的生动体现。 下一步，南关法院将持续深耕家事审判领域，不断优化调解工作方法，以更细致的服务、更暖心的举措化解家庭矛盾，守护家庭和谐与社会稳定，让司法温情照亮更多百姓心田。,1001,http://jl.people.com.cn/n2/2025/1212/c349771-41440897.html,婚姻;离婚
China News Service,2025-12-13,阿拉木图市结婚登记数量居哈萨克斯坦首位,中新网 阿斯塔纳12月13日电 据哈通社12日消息，今年前11个月，哈萨克斯坦最大城市阿拉木图共登记结婚超过1.75万对，数量位居哈全国首位。 数据显示，阿拉木图市平均每天举行约90场婚姻登记仪式。从年龄结构看，新娘平均结婚年龄为28岁，新郎为31岁。 在今年完成登记的新人中，年龄最大的夫妻分别为80岁和85岁；年龄最小的一对新人年仅16岁，经主管部门批准后依法办理结婚登记手续。 与此同时，统计数据显示，该市离婚数量较往年同期有所下降。今年以来，约有3000对夫妻申请解除婚姻关系，整体呈现小幅回落趋势。 哈相关部门表示，近年来哈萨克斯坦持续推进公共服务数字化改革，婚姻登记流程不断简化。申请人可通过婚姻登记机构或电子政务门户网站在线提交结婚登记申请，并提前预约仪式时间，有效降低时间和办理成本。(完) 【,355,https://www.chinanews.com.cn/gj/2025/12-13/10532749.shtml,婚姻登记;结婚登记;婚姻;结婚;离婚;夫妻
People.cn,2025-12-15,明年起芜湖试行法定节假日婚姻登记服务,想在元旦、国庆等特殊日子结婚领证的准新人有了新选择。芜湖市民政局近日发布消息，为回应群众关切，进一步优化婚姻登记服务，自2026年起，全市婚姻登记机构将试行重大法定节假日首日（如元旦、五一、国庆节）轮流值班制度，开放办理结婚登记业务。 芜湖市正加快建设青年发展型城市。据统计，2024年全市结婚登记数量同比增长6%，净增人口4.1万人，近四年累计净增15.3万人，越来越多的年轻人选择在芜湖安居乐业。近年来，民政部门已陆续推出“午间不间断”“周末不休息”等便民措施。根据今年以来的咨询统计，希望节假日开放登记的诉求占比近50%。为破解“工作时间没空办、休息时间没处办”的难题，市民政局决定自明年起试行节假日首日值班服务，满足新人在好日子办理登记的愿望。 需要提醒的是，届时全市各婚姻登记处将安排轮值开放。根据“全国通办”政策，全国范围内的准新人均可来芜办理。市民政局建议，当事人可就近提前查询轮值安排并预约。办理时需携带双方有效身份证及3张2寸近期半身免冠合影照片。民政部门将持续提升服务水平，为新人提供贴心高效的登记服务。（记者 王世宁）,470,http://ah.people.com.cn/n2/2025/1215/c358428-41442347.html,婚姻登记;结婚登记;婚姻;结婚
China News Service,2025-12-16,事关婚恋文明、职场文明等，最高法发布典型民事案例,中新网 北京12月16日电(记者 高萌)12月16日，最高人民法院发布第四批人民法院大力弘扬社会主义核心价值观典型民事案例。这是继2020年、2022年、2023年发布的三批人民法院大力弘扬社会主义核心价值观典型民事案例之后的第四批典型案例，涉及家风文明、职场文明、婚恋文明、出行文明等方面。 一是倡导家风文明。 养育未成年子女是父母的基本义务，是最基本的家庭伦理道德。案例一中，夫妻离婚后，不与未成年子女共同生活一方放弃继承、逃避履行抚养义务。审理法院依法支持被抚养人关于确认放弃继承无效的请求，引导父母自觉履行抚养教育未成年子女职责，倡导家风文明，营造全社会关心关爱未成年人健康成长的良好氛围。 二是倡导职场文明。 构建和谐劳动关系，既需要用人单位重信守诺，尊重和维护劳动者权益，也需要劳动者遵规守纪，恪守道德底线。案例二中，用人单位向求职劳动者发出《录用通知书》，劳动者辞去原工作后又通知劳动者取消录用，导致劳动者失业。审理法院认为，用人单位取消录用有违诚信原则，应承担缔约过失责任，赔偿劳动者损失2万元，引导用人单位诚实守信，自觉维护劳动者权益，营造良好就业环境。案例三中，劳动者在工作期间存在多次性骚扰行为，严重违反用人单位规章制度。审理法院认定用人单位解除劳动合同并无不当，驳回劳动者关于支付违法解除劳动合同赔偿金的诉讼请求，向职场性骚扰行为说不，依法保护女职工合法权益，营造安全文明的职场环境。 三是倡导正确婚恋观。 婚恋关系中，以诚相待才能情有所归。借婚姻索取财物被法律所禁止，隐瞒已婚事实通过恋爱关系骗取钱财也为法律所否定。婚恋中骗取钱财，不仅损害另一方财产权，也耽误其时光、损害其情感。案例四中，周某隐瞒已婚事实通过婚恋网站与离异的肖某交友、恋爱，双方间互有转款，在扣除小额和赠与款项后，周某多收取肖某转款24万元。审理法院判决周某返还该款项及利息，依法保护受骗方的合法权益，倡导诚实守信，引导全社会树立正确婚恋观，促进家庭和谐、社会安定。 四是倡导安全文明出行。 安全文明出行是保障行人安全、促进社会和谐的关键。有人在出行中，对自身安全未尽必要注意义务，或因自身原因造成人身或者财产损害后，无端向他人追责，既违背法治精神，也不符合安全文明出行要求。案例五中，“低头族”持续低头看手机，踩空摔伤，反要求某餐饮公司、某商业管理公司共同赔偿医疗费，被驳回诉讼请求。宾馆、商场等公共场所经营者、管理者的安全保障义务应限定在合理限度内，在其对损害无过错的情况下，不应承担赔偿责任。安全每一步，每步都算数。每位行人首先要做自身安全的“第一责任人”。如果因自身原因造成损害，应当自行担责，不应无端归责他人。(完) 【,1112,https://www.chinanews.com.cn/sh/2025/12-16/10534319.shtml,婚姻;离婚;婚恋;恋爱;夫妻
CCTV,2025-12-17,无锡滨湖：银发族围读剧本，弘扬新时代婚恋观,放下报纸，拿起剧本；走出小家，融入“戏”中。在滨湖区马山街道栖云社区钟书房里，一场别开生面的阅读活动正在上演。没有传统的照本宣科，几十名老年朋友手持剧本，化身故事中的角色，全情投入《七荤八素找对象》的剧本围读。 “以前读书就是自己看，或者听别人念，没想到读书还能像演戏一样，太有意思了！”今年72岁的老党员任阿姨在活动中扮演一位开明的母亲，她兴奋地表示，“通过扮演角色，好像真的经历了一遍剧中人的喜怒哀乐，对如何处理子女的婚恋问题，有了更深的体会。” 活动现场，老人们时而因幽默的台词开怀大笑，时而为角色的困境凝神思索，时而就剧情走向展开热烈讨论。在专业导读老师的引导下，围读不限于台词演绎，更延伸到对剧中人物婚恋观、金钱观、家庭责任的分析与探讨。大家结合自身阅历与时代发展，畅谈何为健康的亲密关系、如何树立正确的婚姻价值观，现场气氛既轻松活泼又引人深思。 “我们选择《七荤八素找对象》这个剧本，就是看中它贴近生活、寓教于乐的特性。”栖云社区阅读推广负责人介绍，此次剧本围读活动是社区深化全民阅读、精准服务“银发族”的一次尝试。“我们旨在打破‘阅读=看书’的固有模式，通过角色扮演、情景沉浸，让阅读‘活’起来，让理论宣传和价值观引导‘动’起来，在无形中传播新时代的文明风尚。” 此次活动成功地将单向的阅读接收，转变为多向的互动、思考和共鸣，不仅是阅读形式的一次创新，更是社区加强精神文明建设、关爱老年人精神世界的生动实践。栖云社区将继续探索更多元、更富吸引力的阅读形式，让书香飘进千家万户，为营造和谐文明、向上向善的社区氛围注入源源不断的文化动能。（ 作者：岳纾羽 ）,684,https://book.cctv.com/2025/12/17/ARTIgnzwgyfCyDlQaOB5Qet0251217.shtml,婚姻;婚恋;对象
People.cn,2025-12-17,宁夏原州区“低零彩礼”成新风尚,人民网银川12月17日电（记者李甜甜）近年来，宁夏固原市原州区将治理高额彩礼、推进移风易俗作为促进乡村振兴、减轻群众负担的重要抓手，通过制度引领、宣传引导与典型带动相结合，推动乡风文明持续向好，取得阶段性成果。 原州区于2022年率先在全区开展专项治理，出台《推动移风易俗、遏制高额彩礼助力乡村振兴暂行办法（试行）》，明确倡导彩礼不超过5万元、人情礼金不超200元等具体标准。2024年，进一步细化落实措施，确定30个重点村，实行县级领导、乡镇干部等“四个一”包联机制，推动治理工作走深走实。 原州区组织多部门在重点村开展专题宣讲220余场，利用“板凳会”“炕头唠”等接地气方式解读政策。同时，编排征集《让爱回归》《原州新风遍地吹》等文艺节目巡演140余场。2025年举办“我们的节日”系列活动700余场，并通过微视频大赛、集体颁证等活动，将文明新风融入日常生活。 截至目前，全区已涌现“低彩礼”典型491对、“零彩礼”典型67对。通过颁发证书、项目补贴倾斜、邀请典型人物现身说法等方式，激励群众践行新风。在“原州发布”等平台开设专栏宣传榜样事迹，营造见贤思齐的良好氛围。 据统计，自2024年5月原州区农村高额彩礼专项治理以来，全区农村登记结婚人员中，“低彩礼”“零彩礼”合计占比达64.88%，有效减轻了群众经济负担，促进了社会和谐，群众满意度显著提升。,579,http://nx.people.com.cn/n2/2025/1217/c192493-41445617.html,结婚;彩礼
China News Service,2025-12-18,年轻人主动相亲！超六成受访者对寻找另一半抱有积极心态,主动相亲！积极寻找伴侣的年轻受访者较前年提升近16个百分点 最近几年，部分年轻人的婚恋心态正在发生转变，越来越多年轻人开始选择主动掌控自己的情感节奏。 近日，中国青年报社社会调查中心联合问卷网(wenjuan.com)对1333名出生于1985年后的受访者进行的一项调查显示，超六成受访者对寻找另一半抱有积极心态，比2023年同题调查结果(44.4%)提高了15.9个百分点。 对寻找另一半积极的受访者较前年提升近16个百分点 1994年出生的杜津在广州一家博物馆工作，不管是传统相亲局、公司工会组织的集体相亲活动，还是剧本杀、羽毛球等主题交友活动，他都尝试过。最近，他还体验了两款热门交友App。“我一直不排斥各类交友渠道。我发现身边同龄朋友对找对象这件事，普遍比之前更上心了。” 来自湖北的90后李晓感慨，身边朋友都成双成对，自己也到了谈婚论嫁的年纪，这让她这两年对相亲的态度有了变化，“比以前积极了，我还尝试到社交平台上主动发帖交友，想着能多些接触新朋友的机会。” 受访者感觉自己在寻找另一半这件事上积极吗？调查中，60.3%的受访者表示积极，这一比例较2023年做过的同题调查结果(44.4%)提高了15.9个百分点。 为何现在许多年轻人会选择主动出击？数据显示，55.4%的受访者是为摆脱“婚恋焦虑”，主动掌控婚恋节奏；50.3%的受访者认为是互联网社交降低了主动交友的心理门槛。其他还有：个体自我认知升级，清楚自身婚恋需求(49.4%)；意识到感情需主动经营，渴求高质量亲密关系(48.8%)等。 “我有点社恐，线上交友大大降低了我心理层面的压力，让我轻松不少。”李晓说。 “年轻人活得越来越通透了。恋爱、婚姻本就是人生中特别的存在，为何不早一点去尝试？”广东湛江的95后胡楚觉得，年轻人主动“打开”自己，勇于追求自己想要的，面对感情坦然真诚，这对个人未来成长也大有裨益。 杜津感慨，数字时代让物理距离不再成为大家社交的阻碍。“而且现在年轻人更加清楚自己在一段感情中想要的是什么，这也促使他们对待婚恋的态度发生了改变——为了追求幸福去找对象，而非单纯为了结婚。” 相亲直播间、恋爱主题演出……如今，新型相亲方式在年轻人中备受欢迎。调查中，78.5%的受访者对年轻人主动尝试新型相亲方式表示支持和理解，其中22.8%非常支持。 胡楚从去年开始在一个社交平台上发交友帖子，坚持了一年多的时间，“最开始的帖子都石沉大海，没什么回应；后面能有一千左右的阅读量，能收到十几个人的回复；再后来浏览量上来了，一个帖子能收到几十名异性朋友发来的个人介绍。”每一份个人介绍她都认真筛选，和其中的十几位线下见了面，最终幸运地遇到了现在的男友。 “现在年轻人能主动为自己的终身大事努力，是件好事”。杜津感慨，主动出击让他觉得自己的幸福是握在自己手里的，更容易找到理想伴侣，“没人比我们更了解自己”。 “传统的相亲耗费精力不说，不熟的两人目的性那么强地坐一块儿其实挺尴尬的。新型的相亲方式就从容许多，比如发帖交友，先进行线上筛选、线上聊天，体验不错再线下相处。找对象这件事在不知不觉中就进行着了。”李晓感慨。 相比传统相亲，自己主动相亲有哪些优势？57.3%的受访者认为可以更直接地表达自己的择偶要求，52.0%的受访者表示可以自己掌握主动权，减少长辈干涉，50.5%的受访者认为能更真实、全面地展示自己。另外，打破日常社交圈，选择范围更广(49.7%)，过程压力小，进退更自由(39.1%)，更注重精神契合和共同兴趣(27.5%)等也是受访者认为主动相亲存在的优势。 不管是相亲直播间、线上相亲社群，还是发交友帖，很多新型相亲方式都离不开线上渠道。“线上”符合年轻人的社交习惯，但也不可避免地存在一些问题。 谈及当前新型相亲渠道，57.5%的受访者感到难以建立信任关系，55.9%的受访者指出容易陷入“快餐式”聊天，56.8%的受访者表示信息真实性难以判断，46.2%的受访者感慨难以推进双方关系，28.7%的受访者直指存在隐私泄露风险。 “网络真真假假，而且跟‘陌生人’去相处了解，不安全感肯定是有的。”杜津还提到了“网络滤镜”，“除了照片可能是‘照骗’，当两人线下‘奔现’时，可能也并不像线上感觉的那样‘灵魂契合’。”他提醒，一定要适时线下见面去深入了解，不能只在网上谈。 胡楚提醒大家，与陌生人相识、突破社交圈也是交友的重要方式，要用平常心去看待。但自身要有甄别意识，尤其在前期要秉持“一半相信一半警惕”的态度，“我在线上发交友帖就遇到过婚恋中介及目的不纯的人。但不能因为这些就轻易否定这个渠道，只要真诚、坚持，同时保持必要的小心和警惕，最终都会有回应”。 受访者中男性占46.1%，女性占53.9%。05后占2.7%，00后占30.6%，95后占31.4%，90后占19.4%，85后占15.9%。来自一线城市的占35.3%，二线城市的占37.1%，三四线城市的占21.2%，县城或城镇的占5.0%，农村的占1.4%。,2058,https://www.chinanews.com.cn/sh/2025/12-18/10535879.shtml,婚姻;结婚;婚恋;恋爱;相亲;择偶;伴侣;对象;另一半
CCTV,2025-12-19,新疆多个景区设婚姻登记点 天山天池、赛里木湖在列,近年来，多地民政部门积极创新婚姻登记服务场景，给新人营造独特、富有纪念意义的登记体验。 12月17日，新疆阜康市“阜康零距离”微信公众号发布《关于天山天池婚姻登记站正式启用的公告》（以下简称《公告》）称，天山天池婚姻登记站将于12月21日起正式对外提供婚姻登记服务，届时将为新人提供兼具自然美景与人文温度的登记体验。 《公告》称，旅游旺季（5月1日至10月31日）安排专业婚姻登记员驻点办公，保障工作日常态化登记服务（周末及法定节假日不办理业务）。旅游淡季（11月1日至次年4月30日）实行每月16日、26日“预约办理模式”集中办理登记。 需要注意的是，旅游淡季期间需提前电话预约。预约时要提供双方姓名、身份证号码等基本信息，确认办理时间后，再前往天山天池游客中心二楼（天山天池婚姻登记站）办理登记。 11月1日，天山天池景区送出2025—2026年冬春门票惠民“大礼包”，包括多项免门票优惠，其中在天山天池婚姻登记中心登记结婚的新人，持本人身份证及结婚证可终身免门票。 在天池景区之前，随着婚姻登记“全国通办”政策落地，赛里木湖景区已成为新疆婚姻登记的热门地点。 据“博州发布”12月4日，2024年4月，当地开设赛里木湖景区婚姻登记中心。据统计，今年4月1日至12月4日，赛里木湖景区婚姻登记中心办理结婚登记11555对，同比增长超25倍，其中疆外户籍新人达8154对，占比70%。 作为博州首个进驻景区的婚姻登记机关，该中心自设立以来，有效填补了博州景区婚姻登记服务的空白。2025年新修订的《婚姻登记条例》实施后，该中心全面落实“全国通办”政策，大幅简化办理流程。便捷的手续实现了“领证与观湖”无缝衔接。 除了政策与流程上的便利，景区独特的自然与人文资源，为婚姻登记增添了浪漫色彩。被誉为“大西洋最后一滴眼泪”的赛里木湖，拥有1314平方公里景区面积、2073米海拔、距乌鲁木齐520公里等蕴含“一生一世”“爱你情深”“我爱你”美好寓意的“爱情密码”。沿湖设置的“1314我爱你”“7000万年的等待只为遇见你”等主题打卡点，与澄澈湖水、悠然天鹅、巍峨雪山等自然景观相映成趣，成为吸引新人前来登记的重要目的地。 另外，新疆另一知名景点独库公路博物馆婚姻登记点，已于去年7月开设。 据克拉玛依市独山子区“独山子零距离”微信公众号消息，为进一步打造独山子区婚姻登记机关优质服务窗口，满足群众多样化婚姻登记需求，倡导健康文明、简约适度的婚俗文化，独山子区民政局以“爱在独库·情系天山”为主题，以打造大美独库打卡地、幸福爱情见证地、美满家庭起航地为目标，设置了独库公路博物馆婚姻登记点，于2024年8月10日（七夕节）固定时间段内办理结婚登记业务。 据央广网消息，2025年7月3日，新疆库车老城婚姻登记中心举办了一场浪漫的集体婚礼，六对新人在千年古城的见证下许下了永恒的誓言。这座集旅游、婚姻登记服务、户外网红打卡与户外颁证体验于一体的婚姻登记中心，标志着库车市“婚姻登记+旅游”创新模式正式落地。 库车老城婚姻登记中心位于库车历史文化名城游客集散中心，该区域于2015年被列为首批国家级历史文化街区，2023年底又成功入选第二批自治区级旅游休闲街区。婚姻登记中心的设立更是为新人们提供了别具一格的领证体验。 早在2024年2月，“新疆民政”微信公众号就曾发文介绍：2024年，我区鼓励有条件的地方将婚姻登记机关建设在公园等风景优美的场所，优化结婚登记颁证、集体婚礼等服务，营造浪漫氛围，增加结婚登记的“仪式感”。我区将持续推动婚俗改革试点工作，探索简约特色婚俗礼仪，培树现代文明婚俗新风；深入开展婚姻家庭辅导服务，推动县级以上婚姻登记机关婚姻家庭辅导室全覆盖；持续做好婚姻登记全区通办，积极申报婚姻登记“跨省通办”试点，推进我区婚姻管理高质量发展。,1576,https://news.cctv.com/2025/12/19/ARTIpdTQjtLdszAtypkf2aPI251219.shtml,婚姻登记;结婚登记;婚姻;结婚;婚俗;婚礼
China News Service,2025-12-19,两代两岸情：台湾设计师出生“两岸家庭”，迈入“两岸婚姻”,两岸婚姻，被誉为两岸“三通”之外的“第四通”。据统计，自1987年海峡两岸恢复民间交往以来，共有超过40万对两岸同胞携手步入婚姻殿堂。台湾青年设计师杜晓凤出身于两岸家庭，如今也成为了两岸婚姻的实践者——母亲为爱远赴台湾，而她为爱扎根南通。尽管两代人跨越海峡的方向不同，却都朝着同一个温暖的归处：家。她们用两代人的选择，共同书写着一封关于融合与团圆的动人家书。 1995年，杜晓凤出生于台湾省新北市的一个两岸家庭。“妈妈是大陆人，爸爸是台湾人。”杜晓凤回忆道。那时，两岸恢复民间往来不久，妈妈最终为爱远嫁台湾。 二十多年后，命运仿佛画了一个圆。2018年，当时还是台湾实践大学大四学生的杜晓凤，跟随导师来到南通的“进·剧场”实习，在这里，她遇到了后来的丈夫——同在剧场工作的项目经理沈超。实习期结束，杜晓凤回到台湾，一段异地恋就此展开。之后杜晓凤又前往伦敦中央圣马丁学院，学习服装设计与视觉传达专业。2022年9月，杜晓凤再次来到南通，这一次，她选择了留下。 从相识、相恋到决定定居南通，杜晓凤的人生轨迹与母亲之间，形成了一种跨越时空的呼应：为爱跨越海峡。2024年11月，杜晓凤与沈超结束7年的恋爱长跑，在南通举办了婚礼。“我很感谢我老公的爸爸妈妈，他们非常包容我。”杜晓凤说，“我们办的是一个不那么传统的婚礼”。他们没有完全选择传统的流程，省略了早上接亲的环节，但将向父母敬茶、拜别的环节完整保留下来。仪式上，她请来台湾好友手工制作了地道的台湾奶茶款待宾客；伴手礼中，她精心准备了南通的西亭脆饼和花露烧。“朋友们拿到伴手礼，都拿回去给自己的爸爸妈妈，大家都觉得很开心。”这些小小的物件不仅承载着两岸不同的风土滋味，更传递着“共享”与“融合”的美好心意。 “我在上海、台北都工作过，也在伦敦学习过。”杜晓凤坦言，国际化的视野让她的设计思维更加开阔，但高压力、高强度的生活节奏，让她开始反思自己真正向往的生活状态。“我很喜欢南通的艺术氛围和生活节奏，刚好我先生也在这里，就想来南通创立一个自己的工作室。” 2024年，小弗工作室正式成立，主要提供品牌全案、艺术指导和视觉设计等服务。杜晓凤将工作室选址在运河边，“台湾四面环海，我从小就对水有着特殊的感情，这里很像在台湾生活的状态。” 来到南通后，杜晓凤接手的第一个项目，是为当地一家烘焙品牌进行视觉升级。她将多年在台湾积累的设计理念融入创作，不仅为品牌注入了鲜明的个性，也因此认识了更多客户。“我们传达的理念很简单，就是‘专注’。”杜晓凤这样描述工作室的定位。她的丈夫也成为她事业的坚定支持者，担任工作室的商务负责人。成立至今，工作室始终保持着相对饱和的项目状态，先后与南通、无锡、苏州、杭州、郑州等多座城市的品牌开展深度合作，其独到的概念获得客户们的一致好评。 如今，当被问起“你是哪里人”时，杜晓凤的回答悄然发生着变化，“以前我会说我是台北人，现在我会说我是南通媳妇，我一点都不想离开这里。”话语间的微妙转变，源自于心底的归属感。每当从台北返回，她总是自然地说：“我要回南通，我要回家了。”这句“回家”，早已超越地理意义上的抵达，也让这份安然扎根的心安，有了更坚实的支点：它生长于与爱人并肩的日常，扎根在“我的家人都在这里”的团圆里，也稳稳落在理想的生活节奏与事业轨迹中。 作为一位受过西方艺术熏陶的设计师，杜晓凤并未在商业浪潮中迷失方向，而是深深植根于中华传统文化的现代表达。她尤为专注的，是“二十四节气”系列视觉创作。 杜晓凤解释创作初衷，“节气和节日海报是我未来会一直做的，它无关商业，我更在意的是我们在日常里看到了什么。”在她眼中，每一个节气都是中华文化智慧的结晶，希望大家体会深植于血脉中的文化记忆。 通过清新、简约且富有当代感的设计语言，杜晓凤让古老的节气文化以亲切的姿态走进当代生活，特别是年轻群体的视野。“我希望‘二十四节气’能成为连接两岸年轻人的文化纽带，”她这样描述自己的愿景，“无论来自海峡哪一边，我们对季节变换的感知、对传统节俗的情感，都是相通的”。 扬子晚报/紫牛新闻记者 喻文君 袁蒙西 卢婧 李雪琪 【,1692,https://www.chinanews.com.cn/sh/2025/12-19/10536642.shtml,婚姻;恋爱;婚礼
People.cn,2025-12-19,婚约财产起纷争 调解现场即履行,近日，长春净月高新技术产业开发区人民法院成功调解一起婚约财产纠纷案，双方当庭达成调解并现场给付，案件得以圆满化解。 原告刘某与被告赵某因彩礼返还问题产生争议，诉至净月法院。刘某称，双方经相亲相识，后以缔结婚姻为目的共同生活，刘某给付了赵某上万元彩礼，并为赵某购置衣物首饰等，双方共同生活不足半年，赵某离开，故刘某要求赵某返还全部财物。赵某称，刘某家暴对其造成严重身体和精神损害，故不同意返还。 净月法院受案后，考虑双方当事人均已年过五十，共同生活时间不长，且未进行婚姻登记亦未孕育子女，若能通过调解促成双方达成一致意见，更有利于高效、实质化解矛盾，亦能减少双方当事人的诉累。故承办法官高源反复、耐心与双方沟通，从法理、人情角度多重释明，引导当事人理性面对纠纷，逐步消除对立情绪，最终双方就返还部分彩礼款事宜达成一致意见。 调解当日赵某即足额履行付款义务，在法院工作人员的见证下，刘某当场清点确认并出具收条，双方对调解结果均表示满意。 通过法官情与法的耐心疏导和释明，该案得以调解并当庭履行，真正实现案结事了。,454,http://jl.people.com.cn/n2/2025/1219/c349771-41448089.html,婚姻登记;婚姻;结婚;彩礼;婚约;相亲;家暴
People.cn,2025-12-19,宁夏沙坡头区：让彩礼归“礼” 树文明新风,近年来，宁夏回族自治区中卫市沙坡头区将农村高额彩礼专项治理作为推进乡村全面振兴的重要抓手，与农村精神文明建设、乡村治理等工作一体谋划、统筹推进，形成齐抓共管、协同治理的工作格局，有效推动移风易俗，树立文明乡风。 沙坡头区构建“党组织牵头+红白理事会主导+村民广泛参与”的治理体系。各村通过“村民推荐+村‘两委’审核”方式，选优配强红白理事会成员，并建立“分片包户、责任到人”和“事前报备、事中监督、事后回访”的闭环管理工作机制，确保婚嫁事宜有人管、有标准、有监督。为激励新风，当地推出礼遇嘉许政策，对“零彩礼”“低彩礼”家庭给予县域内国有旅游景区首道门票优惠，并在2025年社区工作者公开招录中给予加分倾斜，让文明新风既有“面子”更有“里子”。 沙坡头区结合实际，指导各村合理确定彩礼、礼金、婚宴等倡导性标准，并严格执行党员干部婚丧嫁娶事项报备制度。今年以来，已有105名镇村党员干部主动进行相关报备。通过举办第二届“零彩礼”“低彩礼”新人集体婚礼，开展“拒绝高额彩礼 树立正确婚恋观”等宣传宣讲活动500余场，转发典型案例稿件1000余篇，制作发布《反对高价彩礼 促进家庭幸福》等短视频50余个，发放《移风易俗政策应知应会手册》1万余份，并创排微短剧《“新”乡村爱情》及《父与子的“孝心”账单》等3个主题微视频，以群众喜闻乐见的形式，让文明婚嫁观念深入人心。 以村民自治组织为支撑，沙坡头区结合“塞上枫桥”基层法治工作机制，不断完善高额彩礼纠纷调处机制，充分发挥村委会、矛盾调解委员会作用，形成治理合力。同时，认真落实农村彩礼统计制度，动态监测彩礼数据。 据统计，全区已摸排农村户籍居民结婚1552对，其中彩礼低于倡导性标准的家庭占比达72.29%，平均彩礼金额为5.86万元。截至目前，已为41对“零彩礼”、129对“低彩礼”新人认定并颁发证书，文明嫁娶新风渐成主流。 下一步，沙坡头区将持续深化专项治理，巩固长效机制，让彩礼真正回归“礼”的本质，为乡村全面振兴注入更多文明力量。,842,http://nx.people.com.cn/n2/2025/1219/c394107-41447922.html,高价彩礼;结婚;婚恋;彩礼;婚嫁;婚礼
People.cn,2025-12-20,《辽宁省反家庭暴力条例》明年2月1日起施行,人民网沈阳12月20日电 （记者邱宇哲）《辽宁省反家庭暴力条例》（以下简称《条例》）经辽宁省第十四届人民代表大会常务委员会第十九次会议表决通过，将于2026年2月1日起正式施行。12月19日，辽宁省政府新闻办公室召开新闻发布会，详细介绍《条例》制定背景、核心内容，并回应社会关切问题。 《条例》共七章35条，全面涵盖家庭暴力预防、处置、救助、人身安全保护令、法律责任等关键环节，构建起全链条反家暴法治框架。立足辽宁实际，《条例》精准回应群众急难愁盼，细化各项实操举措，重点强化对受害人人格尊严与经济权益的全方位保护，让法治阳光照亮家庭角落，彰显司法为民的温度与力度。 在家庭暴力界定与保护范围上，《条例》作出清晰规范，将家庭暴力细化为身体伤害、精神侵害、性侵害、经济侵害等六类具体行为，有效解决以往认定模糊、处置困难的问题，为执法司法实践提供明确遵循。同时，《条例》打破传统家庭成员界限，将保护范围扩展至“共同生活人员”，全面覆盖同居伴侣、抚养照料者等密切关系群体，实现反家暴保护无死角、全覆盖。 为破解受害人“求助无门”困境，建立首接工作责任制，明确首个接收求助的单位必须履行及时处置、全程跟踪职责，确保求助有回应、问题有着落；为降低维权成本，明确符合条件的受害人可申请法律援助，鼓励司法鉴定机构为经济困难受害人减免费用，让困难群众敢维权、能维权；为解决告诫书“执行不力”问题，增设共同查访、单独查访机制，全程跟踪督导，确保告诫措施落地见效。 为破解司法实践中家庭暴力“发现难、举证难、处置难”以及部分环节“不愿管、管不好”等突出问题，《条例》进一步细化部门职责，健全联动工作机制。明确建立“政府主导、部门配合、群团参与、社会协同”的反家庭暴力工作格局，由各级政府妇儿工委统筹协调，公安、民政、司法行政、教育行政等行政部门，法院、检察院等司法机关，以及工会、共青团、妇联、残联等群团组织各司其职、密切配合，构建起覆盖预防、发现、处置、救助的全链条工作体系，彻底改变以往反家暴工作“单打独斗”的局面，形成齐抓共管的强大合力。 公安机关将整合110警情等多源信息，建立健全涉家庭暴力警情核处转介机制，构建“接警—派发—处置—反馈—回访”闭环管理链条，对涉家暴警情重点跟踪监测、强化回访跟进，确保处置到位；人民法院强化专业化审判，明确诊疗记录、聊天记录、求助记录等六类申请人身安全保护令的证明材料采信标准，着力破解“私密场景取证难”问题，进一步降低受害人维权门槛；检察机关秉持对家庭暴力“零容忍”态度，对实施身体、精神等侵害行为的施暴者依法快捕快诉、严厉惩处，将具有共同生活基础的婚前同居者纳入惩治范围，精准指控犯罪，同时开展民事支持起诉工作，切实解决受害人“不会诉、不敢诉、不善诉”的难题。 法律援助方面，司法行政部门将打造法律援助特殊群体服务品牌，开展“法援护苗”“法援惠民生 关爱妇女”等专项活动，精准对接妇女儿童法律服务需求，实现法律援助“应援尽援”。同时，依托乡镇（街道）司法所、社区党群服务中心设立法律援助联络点，延伸服务触角，让妇女儿童在“家门口”就能享受到便捷高效的法律援助服务。 预防是反家庭暴力的第一道防线。《条例》明确将反家庭暴力宣传纳入全省普法工作体系，要求教育部门将家庭美德和反家庭暴力教育融入学校日常教学，从青少年抓起，从源头培育文明家风、筑牢思想防线，引导全社会树立反对家庭暴力、尊重家庭成员权利的良好风尚。 相关部门负责人表示，下一步将持续推进《条例》宣传贯彻工作，通过多种形式开展全覆盖普法宣传，不断提升全社会反家暴意识和法治观念。同时，扎实做好人员培训、机制衔接等实施准备工作，确保《条例》各项规定落到实处、取得实效，切实筑牢反家庭暴力的法治屏障，为维护家庭和谐、促进社会稳定提供有力保障。,1561,http://ln.people.com.cn/n2/2025/1220/c378317-41449024.html,伴侣;家庭暴力;家暴
People.cn,2025-12-20,前11个月民政部门为10万多对居民办理结婚登记,12月18日，记者从自治区民政厅获悉，截至11月底，全区民政部门共为内地居民办理结婚登记10.52万对，其中“全国通办”办理结婚登记2288对。 据了解，2024年，内蒙古“数字民政”全区婚姻登记管理系统率先上线运行。新版婚姻登记管理系统在办理婚姻登记基本业务、全国联网审查等功能的基础上，拓展延伸婚姻家庭辅导管理、婚姻活动宣传、婚介机构信息管理等个性化、智能化功能，为群众提供更加便捷的服务渠道。 按照国务院办公厅印发的“高效办成一件事”2025年度第一批重点事项清单要求，自治区民政厅联合公安厅、卫健委、政数局召开协商会议，将“公民婚育一件事”更新为“结婚落户一件事”，取消“生育登记”相关事项。（记者 赵曦）,307,http://nm.people.com.cn/n2/2025/1220/c196667-41448793.html,婚姻登记;结婚登记;婚姻;结婚;婚育;婚介
People.cn,2025-12-22,一男子“闪婚”被索高价彩礼 微信被“妻子”拉黑诉至法院,江西赣州王姓男子本欲通过恋爱与贵州遵义一舒姓女子结婚，不料女方索要高价彩礼，美满婚姻无望！日前，贵州省桐梓县人民法院审理了该案。让我们一起来看看是怎么回事。 原告王某与被告舒某于2024年8月27日互相添加微信，通过网聊，双方于2024年10月9日第一次见面，并确认恋爱关系。2024年10月26日，被告舒某告知王某自己已怀孕，2024年11月4日原被告按照当地风俗举行了订婚仪式，原告当场向被告方支付了彩礼26.6万元彩礼。之后原被告多次就被告是否曾生育、订婚问题以及其他琐事发生矛盾，2024年12月17日原告王某与被告舒某签订《婚约协议书》分手。双方签订协议后仍未完全断绝关系，原告不断请求恢复双方的恋爱关系，且期间互有转账直至被告舒某将原告微信拉黑，原告联系无果后诉至法院。案件在审理期间，2025年6月14日，被告生育一女名为舒某某，原告申请亲子鉴定，经遵义医科大学附属法医鉴定中心鉴定，排除原告是舒某某的生物学父亲。 法院经审理后认为：一、关于原告王某与被告舒某签订的《婚约协议书》是否应当撤销。本案中，被告在与原告恋爱期间，与王某发生矛盾后告知生育有两个小孩，即被告舒某在与原告恋爱期间隐瞒了自己曾生育的事实。另外，被告舒某在与原告王某恋爱期间与他人发生关系致怀孕，所生小孩经鉴定生父并非原告王某，而双方在恋爱期间被告始终没有告知原告这一事实，误让原告王某以为被告舒某怀了自己的小孩。因此，被告舒某对原告王某隐瞒了曾生育以及怀他人子女的事实，被告舒某的行为欺骗了原告王某，致使原告王某在与被告舒某恋爱的过程中作出了错误的意思表示，并被误导签订了《婚约协议书》。二、对于原告返还彩礼的诉求，因原告王某与被告舒某未共同生活，未办理结婚登记，且被告舒某怀孕所生育小孩不是原告王某的子女，被告舒某存在较大过错，故被告舒某应当退还原告王某彩礼26.6万元，对于原告主张的见面礼6901元、订婚宴消费2710元，不属于彩礼范畴，是人情来往社交所致，故不予支持；对于原告主张的大额支出41205元，是原告为维系双方感情的赠与行为，但由于被告有欺骗行为，严重影响了原告的权益，结合被告也向原告转账的事实，酌定返还20000元。 一、关于双方签订《婚约协议书》的效力。根据《中华人民共和国民法典》第一百四十八条“一方以欺诈手段，使对方在违背真实意思的情况下实施的民事法律行为，受欺诈方有权请求人民法院或者仲裁机构予以撤销”的规定，应当撤销原告王某与被告舒某所签订的《婚约协议书》。 二、关于彩礼和其它次财物的处理。根据《最高人民法院关于适用〈中华人民共和国民法典〉婚姻家庭编的解释（一）》第五条“当事人请求返还按照习俗给付的彩礼的，如果查明属于以下情形，人民法院应当予以支持：（一）双方未办理结婚登记手续；（二）双方办理结婚登记手续但确未共同生活；（三）婚前给付并导致给付人生活困难。适用前款第二项、第三项的规定，应当以双方离婚为条件。”另外，依照《最高人民法院关于审理涉彩礼纠纷案件适用法律若干问题的规定》第六条“未办理结婚登记但双方已共同生活，一方请求返还按照习俗给付的彩礼的，人民法院应当根据共同生活时间、彩礼实际使用及嫁妆情况、有无孕育子女、双方过错等事实，结合当地习俗，确定是否返还以及返还的具体比例”的规定，结合被告舒某与原告王某生活时间短暂、有无孕育子女、女方存在过错等事实和当地习俗，应当判令被告舒某退还原告王某彩礼26.6万元；对于原告主张的大额支出41205元，是原告为维系双方感情对被告舒某的赠与行为，但由于被告有欺骗行为，严重影响了原告的权益，结合被告已经向原告转账的事实，法院依法酌定有被告向原告返还20000元。（王欢欢）,1523,http://gz.people.com.cn/n2/2025/1222/c361324-41450725.html,结婚登记;高价彩礼;婚姻;结婚;离婚;彩礼;婚约;闪婚;恋爱
People.cn,2025-12-22,东乡县：彩礼“降温” 幸福“升温”,今年以来，东乡县聚焦群众关切的高额彩礼、低俗婚闹等问题，以“小切口”撬动乡风文明“大变革”。从举办集体婚礼、“准丈母娘话新风”、“新风新俗新东乡”等主题活动，到制作宣传教育片强化正向引导、选定试点村先行先试，一场旨在为高额彩礼“降温”的移风易俗行动，让文明新风如春雨般浸润着东乡大地。 4月的唐汪杏花村，万亩杏林繁花似锦，一场以“杏花为媒 缘定东乡”为主题的集体婚礼浪漫启幕。20对新人参加了中式集体婚礼，身着传统喜服，步入婚姻殿堂。这场集体婚礼不仅见证了新人的美好情缘，更奏响了东乡县婚俗改革的新乐章。“这场集体婚礼充满了浓郁的传统文化氛围，向社会传递了健康理性的婚恋观和文明简约的婚俗风尚。”东乡县委宣传部干部白晓荣说。 “准丈母娘话新风”活动现场。东乡县委宣传部供图 5月，奔驰沟观景平台活动纷呈、游人如织。30位“准丈母娘”齐聚于此，一场以“抵制高额彩礼、共树文明乡风”的主题活动热闹开启。活动中，3名丈母娘代表分享了抵制高额彩礼的经验做法，以“娘家人”的力量带动婚俗观念转变，争做“零彩礼、低彩礼”的倡导者与践行者。“爱情与婚姻应靠日常的相互扶持、尊重与信任维系，不应建立在高额彩礼之上。”1对恋人现场分享了抵制高额彩礼的心路历程。 7月，唐汪镇河沿村举行了“新风新俗新东乡”活动。活动现场，多位践行低彩礼的家庭代表分享了为彩礼“降温”的故事。一个个鲜活的身边故事，胜过千言万语的说教，让“重情轻礼”的种子在村民心底悄然萌发。 今年7月，东乡县发布《“减负彩礼·幸福婚姻”倡议书》，提倡彩礼适度、婚事简办的文明新风。11月，东乡县精心制作以“抵制婚俗陋习 树立文明新风”为主题的移风易俗宣传教育片，以贴近现实的故事情节和群众熟悉的生活场景，引导广大群众以实际行动破旧立新、践行新风，收获了群众与网友的广泛好评。 为进一步深化婚俗改革成效，东乡县于今年选定唐汪镇河沿村、河滩镇东干村、那勒寺镇上哈力村、赵家乡克什间村、东塬乡东塬村作为抵制高额彩礼、推进移风易俗的试点示范村，全力推动彩礼“降温”。 “从杏花树下的集体婚礼到‘准丈母娘’倡导婚事简办，从村民现身说法分享感悟到党员干部率先垂范引领新风，我们以一桩桩具体事、一个个身边人，为高额彩礼‘降温’，为群众幸福‘升温’，让文明新风在东乡大地深深扎根。”东乡县委宣传部副部长孟宪旭说。（马伟 喜娟）,978,http://gs.people.com.cn/n2/2025/1222/c411040-41450744.html,婚姻;婚恋;彩礼;婚俗;恋人;婚礼
People.cn,2025-12-22,湖南花垣警方破获交友诈骗案，24万全额追回,一场精心策划的“精英”人设骗局，一段始于网络的“完美邂逅”，最终将受害人拖入心惊肉跳的深渊。近日，湖南花垣公安雷霆出击、果断收网，成功破获一起网络交友诈骗案。伪装成“省委选调生”的犯罪嫌疑人张某被绳之以法，其以“帮忙调动工作”为由从李女士（化名）处骗走的24万余元，也被花垣警方悉数追回，完璧归赵。 2025年10月28日，神色慌张的李女士匆匆跑进花垣县公安局三角岩派出所报警，称自己遭遇诈骗，损失高达24万余元。接警后，花垣县公安局迅速启动“所队联动”机制，对案件展开全面梳理与深入调查。 故事要从几个月前的一个网络社交平台说起。家住花垣的李女士在该平台上结识了自称“张某”的男子。起初，两人只是正常聊天，李女士觉得张某谈吐风趣幽默，张某也频繁向李女士表达好感。随着交流的逐渐深入，张某向李女士表白，希望建立恋爱关系，李女士欣然应允。 一次聊天中，李女士不经意间提到自己在工作中遭遇瓶颈，渴望有机会调动到更理想的岗位。说者无心，听者有意，“张某”敏锐地捕捉到了这个“机会”。 “这事你算是找对人了，我这边正好有些关系，能帮你运作一下。”“张某”语气轻松自信，仿佛调动工作不过是小事一桩。他信誓旦旦地向李女士保证：“放心，很快就能办好。” 信任的闸门一旦打开，索取便如潮水般涌来。“需要打点一下关键领导”“走动关系得送礼”“需要点活动经费”……此后，“张某”以各种冠冕堂皇的理由，不断要求李女士转账。从几千元到数万元，李女士前后共转出了24万元积蓄。 当“张某”得知李女士已无积蓄可转时，便以“聊天记录被发现会对调动产生不良影响”等借口，哄骗李女士删除所有聊天记录。此时，李女士才如梦初醒，意识到自己可能陷入了一个精心设计的陷阱，于是赶忙前往花垣公安机关报案。 接到报案后，花垣县公安局立即启动“所队联动”，组织刑侦、派出所、反诈中心、网安等部门的精干警力组成专案组。通过侦查，民警很快发现所谓的“选调生张某”纯属虚构，其身份信息均为伪造。犯罪嫌疑人的真实面目逐渐浮出水面——无业人员张某（男，26岁）。 掌握犯罪嫌疑人身份后，花垣警方迅速出击，辗转长沙、浏阳、怀化三地，将试图藏匿的张某成功抓获。面对审讯，这个在网络世界里侃侃而谈的“精英”，终于褪去了所有伪装，对其虚构身份、以恋爱为名骗取信任，进而以办理工作调动为由实施诈骗的犯罪事实供认不讳。更让李女士感到欣慰的是，警方全力以赴，顺线追踪涉案资金流向，成功将24万元被骗钱款全部追回。 警方在此提醒广大市民：网络交友真假难辨，务必保持理性，擦亮双眼。凡是未曾谋面或未深入接触便确立亲密关系，并以投资、救急、疏通关系等各种名义索取钱财的，极有可能是诈骗。一旦发现受骗，请立即保存证据并拨打110报警。（麻秋慧、彭杜、张红军）,1139,http://hn.people.com.cn/n2/2025/1222/c406630-41450607.html,恋爱
People.cn,2025-12-23,严厉打击婚恋诈骗 司法守护“夕阳”真情,近年来，以老年人为目标的婚恋诈骗案件时有发生，严重侵害老年人财产安全与情感权益。近日，简阳法院依法公开审理并宣判一起专门针对老年人的婚恋诈骗案件，有力震慑了利用情感关系实施诈骗的违法犯罪行为。 2022年，80多岁的罗某在公交车上认识被告人黄某之后，黄某每天都给罗某“煲电话粥”，对其进行无微不至的关心问候。一周后，黄某以护工的身份到罗某家中与其一起居住生活。在罗某家中居住期间，黄某编造生病住院、买社保、车祸赔偿、打点关系等各种理由博得罗某同情，找罗某索要钱财。面对黄某的“温情脉脉”，罗某不仅将全部积蓄交给黄某，甚至还四处借钱、找子女索要钱款交给黄某。黄某则将骗到手的钱财用于赌博及偿还赌债。 法院经审理后认定：被告人黄某在与被害人罗某共同生活期间，以非法占有为目的，虚构事实、隐瞒真相，多次骗取罗某钱财，诈骗数额巨大，其行为严重侵害了被害人的财产权益，破坏了社会诚信基础，已构成诈骗罪。更为严重的是，黄某在此因犯诈骗罪被判处有期徒刑九个月，缓刑一年，正处于缓刑考验期限内，不知悔改，再次实施诈骗犯罪，主观恶性大，依法应当撤销缓刑，对新罪与旧罪予以数罪并罚。综合考虑黄某的犯罪事实、性质、情节及对社会危害程度，判决被告人黄某犯诈骗罪，判处有期徒刑三年，并处罚金人民币三万元；同时，撤销其前罪的缓刑执行部分，将前罪所判刑罚与本次所判刑罚实行并罚，最终决定执行有期徒刑三年五个月，并处罚金人民币三万五千元。（王婷）,607,http://sc.people.com.cn/n2/2025/1223/c407319-41451591.html,婚恋
People.cn,2025-12-23,婚俗新风拂边城！看延吉这三年，如何让幸福“轻装上阵”,“以前认为结婚就得大摆宴席，现在发现在温馨的仪式里领证，更有意义。”近日，在延吉市民政局婚姻登记处，一对刚刚参加完集体颁证仪式的新人笑着分享感受。延吉市自2022年成为吉林省婚俗改革实验区以来，用3年时间，悄然改变了这座城市的“结婚打开方式”。 走进延吉市民政局婚姻登记处，这里不再只是“领个证就走”的地方。婚俗文化走廊讲述着传统婚俗的变迁，温馨的颁证室里，新人庄严宣誓许下承诺。“我们建立了常态化颁证制度，还经常邀请人大代表、模范夫妻来当颁证嘉宾。”延吉市民政局婚姻登记处主任金雄介绍，“就是想告诉年轻人，婚姻的神圣不在于排场多大，而在于两人相守的决心。”数据显示，三年来已有1900多对新人在这里体验了充满仪式感的颁证服务。 在延吉，婚俗改革玩出了新花样。新人们在“5·20”共植“爱情见证树”，让婚姻像树苗一样扎根生长；在集体颁证仪式上，参与制作“爱情见‘证’”相框、抽取“幸福寄语红包”，把法律程序变成温馨的互动体验。这些充满新意的活动，让“重登记、崇节俭”的婚恋观变得有趣又难忘。 一些活动还巧妙融合了传统与传承。通过举办原汁原味的朝鲜族传统婚礼，年轻一代亲身感受到了传统婚俗的礼仪之美；金婚庆典上，携手半世纪的夫妻分享的朴实故事，为年轻人上了一堂关于爱与责任的“人生一课”。这些活动不仅弘扬了优良家风，也让多元婚俗文化在交往交融中绽放光彩。 这些有趣又有意义的活动正在改变年轻人的观念。“原来婚礼可以这样办！”参加过集体颁证的“90后”小李说，“既有仪式感，又不铺张浪费。” “婚前怎么沟通？”“婚后如何相处？”面对年轻人对婚姻的种种困惑，延吉市给出了温暖的回应。 市民政局联合市妇联在婚姻登记处设立了延吉市婚姻家庭辅导中心，并以中心为核心，在10个城乡社区同步建起基层辅导站（室），织就了一张覆盖全市的“幸福护航”网络，让专业支持触手可及。 承担具体服务的是一支来自延吉市同心圆社会工作服务中心的专业团队。这支由社工、心理咨询师等十余人组成的“婚姻辅导师”队伍，为不同阶段的婚姻家庭提供精准辅导：为准新人指点迷津，为已婚夫妇化解矛盾，也为处于危机中的家庭提供调解支持。 “我们开设了81场‘幸福家庭’课程，参与人数超过3000人次。”延吉市同心圆社会工作服务中心负责人朴莲莲分享道，“最让我们欣慰的是，通过努力成功帮助365对打算分开的夫妻重归于好。”这些数字背后，是一个个被挽回的家庭和重新点亮的生活希望。 延吉市坚持从党员干部带头做起，率先践行婚事新办、喜事简办。全市各村将文明婚俗纳入村规民约，累计发放倡议书8500余份，让简约风尚在基层落地生根。《拒绝冲动 珍视婚姻》《为爱情减负 为幸福加分》等系列公益宣传片，通过电视、新媒体、户外大屏等渠道广泛传播，以生动影像传递健康理性的新时代婚恋观。 “婚俗改革不是‘一阵风’，而是要让文明新风吹进千家万户。”延吉市民政局副局长赵勇表示，未来将继续推动服务深化、风尚培育，助力更多家庭“轻装上阵”，收获稳稳的幸福。 如今在延吉，简约而不简单、浪漫而不浪费的婚礼新方式，正成为越来越多年轻人的选择。这座城，正用特有的方式书写着关于爱与家庭的温暖故事。,1306,http://jl.people.com.cn/n2/2025/1223/c349771-41451425.html,婚姻登记;婚姻;结婚;婚恋;婚俗;夫妻;婚礼
CCTV,2025-12-24,涵盖婚姻纠纷、子女抚养纠纷等 婚姻家庭纠纷调解工作典型案例发布,央视网消息： 据最高人民法院微信公众号消息，最高人民法院与全国妇联、司法部共同选编了10件典型案例。这些案例涵盖婚姻纠纷、子女抚养纠纷、老人赡养纠纷、遗产继承纠纷等主要类型，既有精准化解矛盾症结、巧妙平衡法理人情的调解技巧与治理智慧，又有统筹多元行政解纷资源、深度融合社会专业力量的模式创新与力量协同，还有大数据分级预警、数字赋能调解应用的有益探索与成功实践，充分彰显了新时代婚姻家庭纠纷调解工作在弘扬优良家风、传承家庭美德、维护家庭成员合法权益、促进社会和谐稳定等方面的重要作用，也为同类纠纷化解提供了示范指引。 婚姻家庭和谐是社会稳定的基石。人民法院和各级妇联、司法行政机关将进一步健全长效协作机制，发挥各自职能优势，以更高效的联动、更务实的举措，共同推动婚姻家庭纠纷调解工作高质量发展，为构建新时代婚姻家庭和谐关系、提升基层社会治理现代化水平、建设更高水平的平安中国作出新的更大贡献！ “德清嫂”运用“四步诊疗法”化解再婚多子女遗产继承纠纷 李某（男，1924年出生）与柳某（女，1946年出生）2000年登记结婚，2024年李某病故，无遗嘱。李某历经三段婚姻，前两任妻子均婚内病故，其中与第一任原配妻子育有四子女，与第二任妻子和第三任妻子柳某无子女，但第二任妻子和第三任妻子柳某婚前各育有两子女。 李某病故后，李某原配四子女（以下称李某四子女）与柳某就丧葬费用、抚恤金、存款及李某名下房产等财产分配问题爆发激烈冲突。李某四子女认为，柳某曾为李某保姆，不应享有继承权，且柳某长期侵占李某退休金和存款，丧葬费应从存款中支出，剩余存款、抚恤金及李某房产均应由四子女继承。柳某则认为，自己与李某是合法婚姻，多年来对李某和李某的孙辈悉心照顾，现自己年迈且无经济来源，应当享有继承权，同时提供账本证明李某存款主要用于日常生活开支及部分给予了李某四子女，没有侵占李某存款。双方矛盾积怨已久、关系复杂，争议僵持不下，故向“德清嫂”调解工作室申请调解。 “德清嫂”工作室发挥人民调解优势与专业技巧，以“四步诊疗法”拆解难题，兼顾法理与情理。 第一步，望形晓神，全景调查把准脉。 调解员未急于组织当事人碰面，耗时半月走访当地居委会、司法所、李某原单位及邻居，查阅户籍、婚姻及房产档案，摸清核心背景：李某与后两任妻子再婚时，子女均已成年，无抚养关系；李某四子女与两任继母及其子女积怨深，纠纷容易激化；房产涉及李某两段婚姻，权属可能存在争议。初步判定本案为“再婚+无遗嘱+财产权属复杂”的法定继承纠纷，特别是案涉房产权属是核心关键。 第二步，闻声察情，冷热处理对症诊。 在首次面对面调解现场，李某四子女指责柳某“侵占父亲财产”，柳某声泪俱下细数自己多年悉心照料并展示账本，情绪激动。调解员判断直接对话会激化矛盾，当即转为“背对背”沟通：倾听李某四子女对父亲财产的担忧与情感执念，引导其共情柳某的多年付出与困境，感恩柳某对孙辈的照顾，锁定核心矛盾是子女对柳某的不信任而怀疑其贪财；柳某则渴望付出被认可、晚年有保障。明确先稳情绪、再平衡认知偏差的调解路径。 第三步，问心看病，法理情融合找病原。 第二次调解中，经当事人同意，调解员争取公证处介入。公证处协调多部门核查，证实案涉房产是李某与第二任妻子的共同财产，第二任妻子的两个子女有权继承相应份额，但二人暂时无法参与继承公证和调解，房产权属争议只能暂时搁置。调解员同步精准释法：首先，按照民法典继承编的规定，李某存款属遗产，无遗嘱按法定继承。根据民法典第1127条规定，第一顺序继承人为配偶、子女、父母，李某四子女认为柳某不应享有继承权的观点错误。其次，丧葬费、抚恤金不属于遗产，是对近亲属的抚慰，柳某和李某四子女均有权分配。最后，按照妇女权益保障法、老年人权益保障法的规定，肯定柳某对李某的照顾付出，强调其丧偶老年妇女的合法权益应受到特殊保护。事实与法律解读让双方认识到，矛盾源于信息差、法律认知偏差与历史积怨，双方初步达成“先解决资金分配，房产另案处理”的共识。 第四步，切脉医症，利益平衡除病灶。 第三次调解中，调解员聚焦“平衡法理人情”这一核心，引导各方拟定调解方案：资金方面兼顾各方合法权益，考虑柳某无经济来源且二十年来对李某照顾有加，因此，在抚恤金、存款余额共计22.5万元的分配中，由柳某分得13.6万元，李某四子女平均分配剩余8.9万元。房产问题因涉及第二任妻子的子女，双方同意房产事宜由李某四子女后续与第二任妻子的子女协商解决，柳某放弃房产继承权。双方对此方案无异议并达成书面调解协议，在现场握手言和。 本案充分体现了人民调解在维护家庭和谐、维护社会稳定中的重要作用，展现了调解法理情相结合的优势特点。一是讲法为基，专业协同守底线。构建“调解+公证”模式，公证处凭借权威性查清房产权属等关键事实，调解员精准引用法律条款，明确遗产和继承权利、顺序，确保协议于法有据。二是讲理为要，利益平衡破僵局。兼顾双方合理诉求，不否定子女继承遗产的权利，也不忽视柳某的付出与困境，以“资金倾斜+房产搁置”实现利益平衡。三是讲情为桥，情感共鸣融壁垒。以倾听、共情、唤起亲情化解情绪对立，让李某四子女认可柳某付出，柳某理解李某四子女执念，从“指责”转向“互谅”，情感疏导是婚姻家庭纠纷调解关键，法理情结合才能实现“案结事了人和”。四是方法论提炼，复杂家事“三重解纷”。重事实核查，“全景调查+专业介入”，摸清背景、查清权属，避免信息偏差；重情绪疏导，“冷处理+背对背沟通+共情”，降温对立，为协商奠基础；重方案设计，“法律底线+利益平衡”，妥善化解矛盾纠纷。 智慧联调系统以家事“小切口”做实和谐“大文章” 李某（男）与张某（女）于2015年登记结婚，婚后育有一女，现年9岁。近年来，双方因性格差异、沟通不畅及教育理念冲突等原因，夫妻关系持续恶化。李某认为张某认知偏执、性格固执，在子女教育问题上与自己分歧严重；张某则指出李某常在争执中使用不当言辞，拒绝有效沟通。双方屡因生活琐事争执不断。2025年9月，两人因孩子教育问题再次产生激烈争执。该纠纷信息被辖区网格员排查发现，通过“家事情感纠纷智慧联调系统”，1个工作日内分拨推送至区婚调委，经当事人同意，由深圳市某区婚调委受理调解。 面对濒临破裂的婚姻关系，区婚调委迅速启动“三维联动”机制，组建由专业调解员、心理咨询师与公益律师构成的服务团队开展系统干预。 一是倾听稳情绪，沟通破僵局。 婚调员聚焦双方在沟通模式、角色认知与教育理念三大核心症结，运用“情绪疏导—认知重构—行为引导—共识共建”的递进流程，通过共情倾听释放压抑情绪，减少双方对立，重建良性沟通基础。 二是疏导化心结，情感促疗愈。 心理咨询师依托“舒心驿站”，开展沟通能力重建等支持，厘清双方冲突模式，通过角色扮演、情绪日记等方式，传授“积极暂停”与“非暴力沟通”技巧，有效化解语言暴力与习惯性对抗，修复家庭情感联结。 三是法律明权责，理性导抉择。 公益律师向双方详细讲解抚养权、财产分割等法律规定，深入剖析婚姻关系对子女成长的影响，引导当事人增强对婚姻权利义务的认知，共同做出理性决策。一次次对话如春风化雨，夫妻二人从固执对抗逐步转向反思共建，承诺通过每周家庭会议、分工协作育儿等方式积极修复关系。 四是家教润人心，重建固长久。 矛盾化解并非终点，家庭重建方为根本。为此，社区“家长学校”量身打造三期“关系修复工作坊”，从夫妻沟通重建，到亲子情感联结，再到全家协作实践。曾经因父母争吵而沉默的女儿，如今笑容重现：“爸爸妈妈不吵了，还一起陪我玩游戏！”在后续回访中，李某与张某也由衷感谢：“你们不仅挽救了我们的家庭，更教会我们如何经营爱与关系。”从调解介入到心理支持，从法律服务到家庭赋能，一条完整的“家庭修复生态链”逐步形成，真正实现“案结、事了、人和、家暖”的治理目标。 本案依托“家事情感纠纷智慧联调系统”实现了家事纠纷“早介入”、家事危机“早化解”、家庭功能“早重建”，为构建新型家事纠纷化解机制提供了有益经验。一是数智治理，实现风险防范从“被动处置”向“主动发现”转变。依托“家事情感纠纷智慧联调系统”，实现家庭矛盾从排查上报到精准分拨、介入处置、跟踪回访的全流程闭环管理，该系统推动基层治理从事后干预转向事前预警，为化解家事纠纷赢得宝贵“时间窗口”，筑牢家庭和睦的“第一道防线”。二是多元共治，推动家事调解从“单点调处”向“系统干预”升级。“三维联动”机制整合婚调员、心理咨询师、法律顾问等力量，不仅化解表面争执，更深入修复沟通模式、调整角色认知、弥合理念分歧，突破了以往劝和式调解的局限，通过多维度介入探索出家事纠纷标本兼治的新路径，形成可复制、可推广的实践范例。三是赋能成长，推动家庭建设从“止争息讼”向“正向发展”延伸。通过跟踪介入与系统赋能，将服务重心从矛盾调解延伸至家庭功能重塑，推动家庭实现从“破镜重圆”到“持续成长”的深层转变，彰显了新时代基层治理从“解决一个问题”到“守护一个家庭”的价值升华，为构建幸福家庭、和谐社区注入持久动力。 “数字赋能+多跨协同”调解工作机制守护家庭和谐 王某（女）与李某（男）于2016年登记结婚，婚后育有一女小花（化名，6岁）。2023年，王某以夫妻长期缺乏沟通、育儿观念冲突、经常发生争吵为由诉至法院请求离婚。因李某同意离婚，一审法院判决准予离婚，女儿由王某直接抚养，李某每月支付抚养费。一审判决后，李某向浙江某市中级人民法院提起上诉，表示夫妻感情尚在，一审中其系冲动之下才同意离婚，现看到女儿学习成绩下滑、性格变得内向敏感，深感悔恨痛心，请求二审改判驳回王某的离婚诉讼请求。二审中，王某亦对离婚这一结果有迟疑态度。 基于双方的核心矛盾并非不可调和的利益冲突，而是长期缺乏沟通和育儿理念的冲突。使双方打开心扉，寻找育儿理念的平衡点，成为二审调解的关键。为实质性化解纠纷，二审法院依托“法护家安”集成应用，综合运用多种机制为纠纷精准把脉，靶向开方。 一是多元调解搭建沟通桥梁。 依托“法护家安”家事多元调解模块，通过平台匹配妇联选派的经验丰富的家事调解员，线上线下联动，让双方在便捷环境中坦诚沟通。王某坦言，李某不管教孩子、回家只玩手机，其主要诉求是获得理解和支持。李某则表现出强烈的亲子关系焦虑和挽救婚姻的意愿，但对如何改善感到迷茫。调解员由此获得家庭矛盾画像，直击“陪伴缺失、沟通不畅”等核心问题，引导双方换位思考，梳理婚姻存续期间的美好回忆，缓解对立情绪。 二是倾听童声共护孩子成长。 法院通过“法护家安”关爱未成年人模块，为小花建立数字化成长档案，并邀请妇联指派的专业心理咨询师，与小花进行了一次安全、私密的视频交流。在轻松的氛围中，小花画下了“一家三口手牵手”的画，并向咨询师透露：“我希望爸爸能多陪我玩，不要老是凶我；希望妈妈不要和爸爸吵架。”这份画作使双方深受触动，王某、李某均表示愿意改变育儿模式和相处方式，共同营造有利于孩子健康成长的家庭氛围。 三是数字赋能家庭教育指导。 针对育儿观念冲突、家庭责任失衡的症结，“法护家安”家庭教育指导模块为王某、李某智能匹配妇联提供的家庭教育指导师，制定个性化指导方案。线上推送情绪管理、科学育儿等课程，王某、李某线上接收指导师实时点评反馈，形成“课程学习-实践反馈-精准调整”的数字化闭环管理。经过两周的协调、沟通和指导，双方达成和好协议：继续共同生活，李某承诺合理分配工作与家庭时间，共同承担育儿及家务责任；双方自愿在“法护家安”持续参与家庭教育指导6个月。经过家事回访，目前王某和李某关系稳定，意见不一致时会彼此倾听和理性表达需求。小花也变得更加开朗自信，作业完成质量明显改善。 家事案件情况多样，实质性化解纠纷需要深入剖析当事人的核心诉求和关键问题，不能一判了之。本案中，法院结合当事人的上诉请求和表现出来的态度，在开展家事调解工作的同时，将未成年人心理干预等工作融入解纷流程，直击当事人间的核心矛盾点，提高解纷精准度。本案还展示了家庭教育指导在修复家庭关系中的撬动作用。许多家事纠纷的表象是感情不和，但根源在于家庭功能的失调。通过数字平台提供系统化的家庭教育指导，当事人可以提高经营家庭的能力。“法护家安”集成应用将家事多元调解、未成年人关爱、家庭教育指导等模块有机整合，形成了环环相扣、层层递进的解纷链条，为新时代“枫桥经验”在家事审判领域的数字化应用提供了有益参考。 “司法所+”多元联动化解农村老年人赡养难题 唐某某，女，1951年出生，湖南省某镇居民，无固定工作。唐某某曾有两段婚姻，与第一任丈夫育有四名子女，都已组建家庭且子女均已成年。唐某某第一任丈夫1997年去世，次年在子女们反对的情况下唐某某再婚，其后与子女关系疏远。2016年唐某某（时年65岁）与第二任丈夫离婚（期间未生育子女）后独自生活，因年事已高丧失劳动能力，且患有冠心病需长期治疗，生活及医疗负担沉重。 因子女一直未履行赡养义务，在多次提出赡养要求无果后，唐某某于2024年初向某镇司法所求助。本案争议焦点在于：一方面子女因反对母亲再婚，长期以来亲情淡薄，没有承担赡养责任的意愿；另一方面子女自身经济条件有限，唐某某生活医疗负担沉重，对如何合理分担赡养责任存在分歧。 某镇司法所受理案件后，指派社区调委会开展调解，但四名子女均拒绝参与。为高效化解纠纷，司法所启动联动机制，联合县法律援助中心、派出法庭、妇联和乡镇、社区网格员共同介入。 一是 通过多次入户走访，核实唐某某的生活、健康状况，并分别与四名子女进行“一对一”沟通，了解其经济状况与矛盾根源。县法律援助中心开通绿色通道，指派律师上门普法，阐明民法典第1067条关于赡养义务的规定，明确子女拒不履行赡养义务的法律后果。 二是 调解过程中采取“背对背”“阶梯式”等调解策略，结合情感引导等方式，帮助当事人回忆家庭往事，弘扬孝道美德，促进情感融合。同时，邀请四名子女的成年子女参与调解，共同协助分担赡养责任，增强家庭支持网络。 三是 司法所联合镇妇联为唐某某申请临时救助，开展心理疏导，缓解其生活与精神压力。派出法庭法官参与调解，从审判角度明确法律适用，增强调解协议的权威性。经多方协作，最终达成“赡养费+定期探望+医疗帮扶”调解方案：四名子女每人每月支付300元赡养费（由四名子女的成年子女协助分担），定期探望母亲，生病时给予陪护，同时由政府提供医疗帮扶。双方当场签署协议并支付首笔赡养费，家庭关系得到修复。 本案是基层司法所有效整合多方资源化解复杂赡养纠纷的典型案例。案件涉及母亲再婚、长期亲情疏离等多重因素，调解难度较大。某镇司法所在案件处理中发挥了三大作用，展现出了高度的专业性与组织协调能力，是联动解纷的核心推动力量。一是精准评估与启动枢纽作用。面对一方当事人拒绝调解的困境，司法所没有止步于常规程序，而是主动评估纠纷复杂程度，及时启动“司法所+”联动机制，协调社区调委会、镇妇联、县法律援助中心及派出法庭共同介入，化解阻力。二是统筹推进与分层施策作用。司法所主导设计法理情融合的调解方案，组织人员分批走访、分类沟通，精准把握各方诉求与顾虑。依托法援律师强化释法说理，借助妇联进行心理疏导与临时救助，邀请法庭进行司法指引，实现了专业互补与环节衔接。三是方案落地与长效保障作用。司法所推动形成的“赡养费+定期探望+医疗帮扶”一揽子协议，不仅明确经济供养，更修复家庭情感，并引入政府帮扶解决医保难题，切实保障老人权益落到实处，体现了综合施策的治理智慧。该案是新时代“枫桥经验”在基层的生动实践，展现了以司法所为主导、多方协同的纠纷解决路径，实现了调解资源的“专业互补”与程序的“无缝衔接”，形成了“主导有力、协同有序、保障有效”的基层解纷新格局，为处理同类纠纷提供了可复制的实践经验。 “大数据预警+三色管理+三师联治”赋能婚姻家庭矛盾化解 2024年湖北某区街道妇联干部在入户走访中发现，居民陈先生和李女士因二年级儿子斌斌（化名）教育问题频繁争吵。陈先生主张“虎爸式”严格教育，要求孩子课余时间全部用于学习；李女士则秉持“快乐教育”理念，认为应注重孩子兴趣培养。双方经常争吵，家庭关系紧张，孩子变得胆小，出现失眠、成绩下滑、不想上学等状况。网格员多次入户调解效果不佳，遂将其录入基层服务移动终端——“e掌通”平台，触发橙色（中风险-干预级）预警。 区婚调委收到“e掌通”平台橙色预警信息后，依据“三色管理”机制，组建了由婚姻家庭指导师、心理咨询师、家庭教育导师组成的“三师联治”团队，制定精准解决方案，分阶段推进调解工作。 第一步，启动“三色管理”，明确矛盾焦点与调解目标。 一是由社区工作人员先行与夫妻二人分别沟通，准确把握矛盾焦点，避免因直接介入调解引发抵触。二是针对本案橙色预警的定位，确定调解策略：先缓解夫妻对立情绪，再解决教育理念分歧，最终修复家庭关系、改善孩子状态。 第二步，开展“三师联治”，逐步化解矛盾纠纷。 一是疏导夫妻情绪，挖掘孩子内心需求。心理咨询师优先与斌斌沟通，通过“小物件疗法”、角色扮演、换位思考等咨询技术，让陈先生、李女士“看见”了斌斌的压力、无所适从和渴望家庭和睦的愿望，同时引导夫妻二人学会运用“情绪词汇”表达事实，而不是指责和抱怨，缓解双方对立情绪。二是诊断矛盾症结，调整夫妻互动模式。婚姻家庭指导师通过深度访谈发现，陈先生的“虎爸式”教育源于自身职场竞争压力——担心斌斌未来“输在起跑线上”，本质是对孩子未来的焦虑；而李女士的“快乐教育”则是希望孩子避免自己童年“被压抑兴趣”的遗憾。基于此，指导师向二人解释小学阶段是习惯养成与兴趣保护并重的时期，过度侧重成绩或快乐都可能失衡，引导他们从“竞争型父母”转变为“合作型父母”，共同关注孩子的综合需求。三是制定家庭教育方案，提供“方法工具箱”。家庭教育导师结合斌斌的学习成绩、兴趣特长及年龄因素，从专业角度制定符合孩子特点的科学教育方案，兼顾学科培训、兴趣培养和亲子娱乐等多重需求。同时向夫妻俩推荐湖北某网上家长学校，建议他们通过系统学习了解小学生成长规律，减少教育焦虑。 第三步，持续跟踪回访，巩固调解效果。 调解结束后，婚调委按照“月度回访”机制，1个月和3个月后分别回访，夫妻俩没有再发生争吵，默契配合执行教育计划，斌斌学习成绩有了很大进步，彻底打消了“不想上学”的念头。夫妻二人特意感谢婚调委，帮助其解决家庭矛盾，让家庭重归和谐。至此，该起家庭矛盾得到实质性化解，实现“案结事了人和”。 本案是依托大数据预警、充分发挥专业社会力量作用、将新时代“枫桥经验”应用于婚姻家庭矛盾纠纷化解的典型实践，“科技+专业+协同”的调解思路对于化解同类矛盾纠纷具有重要借鉴意义。一是“大数据预警”变“被动接案”为“主动发现”。针对家庭矛盾“家丑不可外扬”的隐蔽性特点，通过“e掌通”平台与网格化管理结合，精准捕捉夫妻争吵、孩子情绪异常等风险信号，避免矛盾从“小摩擦”升级为“大冲突”，体现社会治理的“前瞻性”。二是“三色管理”变“粗放应对”为“精准服务”。通过绿色、橙色、红色三级分类精准评估，明确不同风险等级的响应主体与处置流程。本案橙色预警对应“三师联治”介入，既避免了低风险矛盾“过度处理”，也防止了高风险矛盾“处置不足”，提升了调解效率。三是“三师联治”变“单兵作战”为“专业协同”。心理咨询师处理“情绪创伤”问题，婚姻家庭指导师解决“关系模式”问题，家庭教育导师提供“实操方案”，三者分工明确又相互配合，从“情、理、教”三个维度破解矛盾，体现了专业化与协同性。 2006年，张某（男）与孙某（女）登记结婚，育有一子一女。婚后，双方因家庭琐事多次争吵并曾分居四月有余。2022年，张某向江苏省某区人民法院提起离婚诉讼。人民法院结合诉辩意见，对双方的性格、婚育、工作收入等情况有了初步了解，发现双方对家庭经济支出的分歧是本次诉讼的导火索。 考虑到双方矛盾源于家庭琐事，具有可修复性，承办法官按照该院家事案件“亲情弥合八步法”流程，开展工作。 第一步，感情预修复。 承办法官联合镇、村两级妇联共同研究矛盾纠纷化解方案，通过与双方约谈，针对近两年来孙某对娘家经济帮助超出张某预算这一具体分歧，认真倾听双方内心感受。 第二步，情绪先疏导。 因在约谈中感受到双方存在一定焦虑情绪，承办法官邀请该院及妇联指派的心理咨询师为双方进行心理疏导，双方在第一次开庭时情绪稳定缓和。 第三步，视频再教育。 该案在“客厅家居式”家事法庭开庭，温馨的环境减少了原、被告身份带来的对立感，庭审过程中，法庭播放了事先收集的双方结婚录像，唤起情感共鸣。双方均同意先进行调解。 第四步，甜蜜勾回忆。 经征得双方当事人同意，承办法官为双方设定了为期40天的“冷静期”。期间，法官两次邀请村级妇联干部作为特邀调解员登门跟踪调和，引导双方回忆缔结婚姻的初心、养育一子一女的艰辛与快乐以及多年来互相关心体贴带来的幸福，并对双方的感受予以记录。 第五步，亲情齐规劝。 承办法官邀请双方的子女到庭，在单面镜调查室中与承办法官、特邀心理咨询师面对面交流。双方当事人在隔壁观察室倾听子女诉说时才意识到，自己因家庭琐事冷战、诉讼已经对子女心理造成了伤害。 第六步，调解建议书。 “冷静期”届满前，承办法官向双方送达近两千字的建议书，列明已查明事实、法律评价及处理依据，指出和好的路径和方法，引导当事人变“对抗”为“协商”。 第七步，协议得确认。 经此番调解，双方充分认识到对彼此仍有深厚的感情，离婚只是一时冲动，并不是内心真实的想法，以后加强沟通交流可以更好避免发生矛盾。双方遂自愿和好，并对各自纠正处理家庭矛盾的方式方法作出约定，就引发矛盾的家庭支出问题达成书面处理协议，调解和好结案。 第八步，案后必回访。 鉴于家事纠纷具有反复性特点，承办法官会同区妇联制定了案后回访方案，重点关注夫妻和好的长效性及两子女家庭教育的持续性，协议生效后的第30日、第90日，经两次电话回访，确认已按约履行。目前，夫妻二人依然保持幸福的生活状态，子女也已健康长大。 从审判实践看，部分离婚诉讼的发生并非当事人感情确已破裂，而是日常琐事导致双方一时激愤，为“争口气”而冲动起诉。该院创设的“亲情弥合八步法”是贯彻落实最高人民法院家事审判方式和工作机制改革的体现。其中，“情绪先疏导”即是心理干预，“亲情齐规劝”即是家事调查，“甜蜜勾回忆”即是家事调解，加之背景探查、案后回访等节点，形成固定工作流程，具有可复制性。在这个过程中，法院充分发挥与妇联等组织的协作机制，引入心理咨询师、人民调解员、妇联干部参与到具体环节，倡导家事案件柔性司法，对修复感情创伤、稳定婚姻家庭关系起到了重要的调节和促进作用。 “库尔班大叔”巧用“三热爱”“六步法”化解婚姻家庭矛盾 阿某（女）与萨某（男）原系夫妻，2023年因婆媳矛盾离婚。离婚协议约定婚生子由阿某抚养，萨某每月支付抚养费1000元，后萨某因承担贷款陷入经济困境，逾期3个月未支付。阿某以未收到抚养费为由拒绝萨某探望孩子，双方矛盾升级。2025年3月，阿某诉至法院，要求萨某支付拖欠的抚养费，并将抚养费标准提高至每月2000元。法院考量该案涉及家庭亲情，委托“库尔班大叔”调解室进行调解，双方当事人均表示同意。 “库尔班大叔”调解室成立调解小组，立足案件涉及抚养费支付、探望权行使且存在情感修复可能的核心特征，以“不激化矛盾、保护未成年人权益、促进家庭和谐”为主线，将“库尔班大叔”“热爱党、热爱祖国、热爱中华民族大家庭”的“三热爱”红色传承深度融入“六步法”调解全过程。 第一步，安抚情绪，搭建信任基础。 初次调处时，阿某与萨某情绪对立严重。调解小组秉持“先解情绪、再解问题”原则，给予双方充分表达空间。待两人情绪平复后，以“保障孩子权益”为切入点引导双方聚焦核心问题，成功搭建初步信任桥梁。 第二步，全面核查，厘清矛盾关键。 调解小组通过“线上+线下”方式核查事实。线上发现萨某朋友圈留存过往家庭幸福影像，印证双方非因感情彻底破裂离婚；线下入户与双方父母沟通，得知二人离婚系一时冲动，长辈希望其理性协商。最终明确核心事实：离婚源于婆媳口角，孩子亟需父爱改善内向性格，双方重视亲子关系且具备情感修复潜力。 第三步，法理情融合，明晰权利义务。 调解小组的律师用维吾尔语向萨某阐释民法典婚姻家庭编司法解释等规定，明确其应支付的抚养费数额范围，消除其对阿某2000元诉求的合理性顾虑。同时，播放孩子期盼父亲的视频，以法律指引与亲情触动双重发力，推动调解取得有效突破。 第四步，递进调解，修复情感连接。 初次调解聚焦达成共识，组织探望活动唤起萨某父爱，引导双方互写“对方优缺点清单”重拾婚姻温暖。第二次调解直击矛盾根源，组织“亲情晚餐”促成阿某与萨某母亲和解，通过讲述“库尔班大叔感恩井”的故事，引导萨某重视家庭修复。 第五步，协商签约，明确解决方案。 调解小组以“离婚成本分析”和“库尔班大叔”爱国爱家传统为引导，组织双方协商方案。调解员细致测算“离婚五本账”：情感账，孩子成长缺乏父爱，易出现性格缺陷，影响心理健康；经济账，分居后双方房租、水电等生活成本增加，共有房产也存在贬值风险；社会账，单亲家庭的孩子可能面临他人异样眼光，影响社交能力发展；健康账，双方父母因子女离婚忧心忡忡，易引发情绪和健康问题；发展账，离婚纠纷会分散工作精力，可能影响职业晋升与个人发展。萨某深受触动，当场向阿某忏悔道歉并获得谅解。双方就抚养费等达成一致，并签订调解协议。 第六步，跟踪回访，巩固调解成效。 调解结束后1个月内，两次回访。首次回访确认萨某足额支付拖欠的3000元抚养费，阿某撤回起诉；第二次回访双方已主动办理复婚登记，家庭关系融洽，孩子性格明显开朗。事后，二人向调解室赠送锦旗致谢。 本案是“库尔班大叔”调解室运用特色调解方法化解边疆民族地区家事纠纷的成功实践，彰显了新时代“枫桥经验”在新疆的实践与创新。一是以法为基，精准定分止争。调解小组紧扣相关法律法规，通过专业法律宣讲明确当事人在抚养费支付、探望权行使等方面的权利义务，为纠纷化解提供坚实法律支撑。二是以文为脉，推动根源化解。调解全过程融入红色文化与传统故事，引导当事人树立家国情怀，同时通过亲情疏导举措帮助修复情感裂痕，从根本上消除矛盾隐患。三是以和为标，提升治理效能。实现从解决具体纠纷到化解深层矛盾、再到促进家庭和谐的层级跃升，充分发挥人民调解“抓前端、治未病”的基层治理效能，为边疆民族地区家事纠纷化解提供了可复制、可推广的实践经验。 “伴视家园”发挥“三种优势”破解离异子女探望困局 2023年，李某（男）与王某（女）诉讼离婚。审理期间，法院综合衡量双方居住、收入、教育连续性及儿子壮壮（化名，7岁）现阶段对环境稳定的需求，认为父亲李某无固定住所、没有工作，依据“最有利于未成年人”原则，判决儿子壮壮由母亲王某直接抚养，同时，父亲依法拥有孩子探望权。判决生效后，王某担心将来失去儿子，不愿意李某探望。李某遂向北京市某区人民法院申请强制执行，质疑王某“藏匿”孩子及后续探视配合度，并提起变更抚养关系诉讼。双方多次在小区和学校门口发生争执，壮壮因此出现失眠、厌学、拒绝沟通等应激反应，身心健康亮起红灯。 强制执行立案后，法官及时进行家访并征询双方意见，启动“伴视家园”联动机制，由法院、妇联、司法行政、民政、心理机构等多方力量介入，制定针对性解决方案。 第一步，先帮助孩子情绪减压。 心理咨询师通过沙盘、绘画等心理干预方式，帮助壮壮进行心理疏导，壮壮语言上表达“不希望爸爸妈妈吵架，也不想选跟谁”，并希望能够经常见到爸爸。 第二步，调解促进父母自我反省。 工作人员将与壮壮互动的视频资料播放给双方，二人第一次感受到儿子的真实压力，当场沉默。心理咨询师采用“角色互换”模式，让双方分别扮演7岁的儿子，体验被拉扯、被围观的感觉。他们恍然意识到自己只顾着以前的矛盾，竟然忽视了最重要的事情——孩子的健康成长。察觉到双方当事人内心的动摇，执行法官“乘胜追击”，从孩子的角度给双方做思想工作，并向王某释明民法典第1086条“探望权本质是为保障子女身心健康”，而非父母“输赢”。 第三步，持续跟进实现实质性化解。 经过两次“伴视家园”探视活动和心理咨询师的多次心理辅导，壮壮逐渐放下戒备，双方也意识到冲突对孩子的伤害。妇联婚调员从儿童权益角度提出“渐进式探望＋抚养教育指导”方案：壮壮仍然与母亲王某一同生活，王某也表示愿意配合履行判决，让李某定期在“伴视家园”与孩子相聚，无需重复申请执行。待壮壮8岁后，再征求孩子的意见，决定是否变更抚养权。两个月后，王某已经能够积极配合李某灵活选择时间和地点行使探望权，壮壮情绪明显好转，调解真正实现了“案结事了人和”。 在司法实践中，探望权纠纷一般有两种表现形式，一种是法院将孩子判给一方，但孩子之前一直与另一方共同生活，共同生活的一方拒绝将孩子交给对方抚养；另一种是法院将孩子判给一方，另一方要探望孩子，但直接抚养孩子的一方不予协助甚至以各种理由拒绝。本案属于第二种情形，也是比较常见的情形。探望权执行存在“三难”特点，执行标的具人身属性，禁止强制交付；父母情绪极端对立，孩子被当成“情感人质”，二次伤害大；反复申请率高。本案调解方法具有“三重”优势，一是“中性场域＋心理干预”：“伴视家园”切断原生家庭冲突场景，先疗伤再分对错，把“父母觉醒”作为调解突破口。二是“多元协同＋持续跟踪”：法院牵头，妇联、民政、司法行政、心理机构同堂办公，将“一次性探望”升级为“家长课堂＋父母互动营”，实现从依靠司法强制到个人自愿履行的软着陆。三是“裁判说明＋协议留白”：判决阶段即告知“阶段性抚养”性质，为后续变更留通道，降低双方“一锤子输赢”的对抗预期；执行阶段再制定并固化柔性方案，既保障权利实现，又减少反复执行，为同类执行案件提供“柔性介入、多元协同、中性场域、持续跟踪”的范例，彰显了司法人文关怀和社会治理创新在家事案件执行中的重要作用。 “面对面+背对背”妥善化解短暂婚姻中的彩礼返还纠纷 刘某（女）与赵某（男）结婚共同生活五个月后，刘某向天津市某区人民法院提起离婚诉讼，赵某则以双方共同生活时间短、未生育子女为由，要求刘某返还全部彩礼30余万元。庭审中，双方都认为自己存在委屈，情绪激动、难以沟通，就彩礼返还数额争议较大。人民法院经研判，认为该案如简单依据法律条文裁判，难以实质化解矛盾，甚至加剧对立情绪，对双方后续生活及社会关系都会产生负面影响，故在征得双方当事人同意后启动家事调解程序，为当事人解“心结”。 人民法院按照规定流程，委托当地妇联婚姻家事纠纷调解员与法官共同开展家事调解工作。 第一步，组织“面对面”沟通，打破信息壁垒。 法官和调解员为双方搭建直接对话的平台，在调解员的耐心疏导下，双方终于可以心平气和地表达诉求与顾虑。赵某表示，其给付的彩礼数额较高，担心因双方已经办理结婚登记，彩礼不予返还，这会给其造成经济损失。刘某表示，其在婚姻关系存续期间尽心操持家庭事务，系赵某原因导致婚姻无法持续，短暂婚姻已对其造成伤害；其收到的彩礼已部分用于家庭消费，如判其全部返还，很不公平。通过面对面沟通，双方既减少了因信息差引发的误解，也将积攒的情绪悄然释放，矛盾得以缓和。 第二步，组织“背对背”调解，与双方当事人深度沟通法律适用，答疑解惑。 法官认真讲解民法典婚姻家庭编司法解释一、涉彩礼纠纷司法解释对彩礼返还规则的规定，告知赵某：在办理结婚登记且已经共同生活的情况下，其要求返还全部彩礼的主张缺乏法律依据。告知刘某：由于双方共同生活时间较短、彩礼数额较大，从维护双方合法权益的角度，其负有返还部分彩礼的责任，同时，还会根据离婚过错等事实在夫妻共同财产分割上保护其财产权益。逐步打消双方对“调解不公”的疑虑，缩小意见分歧。 第三步，组织双方重新就彩礼返还问题进行协商。 调解员充分发挥其在心理学等方面的专业特长，从人身权益、财产权益、情感纠葛、时间成本等方面条分缕析，使双方当事人认识到，抓住过去的心结不放并无益处，以积极心态迎接崭新生活才是对人对己负责。同时，赵某也对刘某在婚姻中的付出表示认可，刘某亦对赵某要求返还彩礼诉求背后的经济压力表示理解。最终，双方达成调解协议，在扣除已用于家庭共同消费等费用后，刘某自愿向赵某返还部分彩礼。双方还就离婚、夫妻共同财产分割等事项达成协议，实现问题的一揽子解决。 在涉彩礼纠纷中，彩礼是否返还及返还数额是最容易引起争议的问题。一般而言，彩礼给付方和彩礼接收方难以达成一致意见，系由于双方站在不同立场，对彩礼返还问题各有顾虑造成。比如，彩礼给付方担心无法取回彩礼造成经济负担，而彩礼接收方更多考虑婚姻对其身体、心理造成的不利影响。同时，双方因情绪冲突难以平和沟通。本案调解方法的优势在于，一是当面沟通，促使双方坦诚交流各自想法，增进相互理解。二是分别释明法律适用，使当事人对案件结果有心理预期。三是发挥调解员的疏导作用，鼓励双方换位思考，从内而外解开“心结”，妥善平衡双方利益，让调解兼具法律刚性与人文温度。 智能调解在线平台“一站式”化解非亲生子女抚养纠纷 2022年5月王某甲（男）与李某（女）登记结婚。2023年12月两人生育一女王某乙，此后李某到外省打工，王某甲独自抚养女儿。2025年1月王某甲怀疑王某乙非亲生子女，通过亲子鉴定确认该事实。2025年3月王某甲提出离婚，双方就王某乙抚养权归属及养育费用等事宜争执不下产生纠纷。该纠纷信息被辖区网格员排查发现，上报“社会矛盾纠纷多元化解”应用，迅速通过“三级治理中心”分流至“重庆调解在线”，经当事人同意，由重庆市某街道人民调解委员会受理调解。 人民调解委员会坚持“最有利于未成年人”原则，启用“重庆调解在线”应用，联动多部门，以“四位一体闭环模式”化解纠纷，实现法理、情理与数字赋能的深度融合。 第一步，线上建档+跨域联动，精准摸排定方向。 调解员在手机上收到委托调解信息后，第一时间通过“重庆调解在线”系统为案件建立电子档案，将亲子鉴定报告等证据材料上传，实现证据材料“一键归档、随时调取”。考虑到李某身处外省、无法当面沟通，发起跨域协作申请，同步联动“一镇街一法官”线上指导，借助数字应用数据共享功能，快速对接区妇联、民政局、派出所等单位，核实双方婚姻状况、子女抚养现状，其中，保障王某乙权益是首要任务。 第二步，远程调解+双向疏导，稳控情绪破僵局。 首次调解采用“重庆调解在线”远程调解功能，王某甲与李某分别通过手机、电脑接入会场。初期双方情绪激动，相互指责，调解员当即转为“线上背对背”沟通，通过实时共享功能，向王某甲推送相关法条及相似案例，让其清晰知晓自身权利与义务；同时联系区妇联干部加入视频连线，呈现王某乙渴望母爱的留言，告知李某应当承担抚养责任，逐步缓解双方对立情绪。 第三步，智能查法+联动释法，明晰权责找依据。 针对双方争议的法律问题，调解员通过“重庆调解在线”法律法规检索功能，输入关键词，快速调取民法典婚姻家庭编、未成年人保护法相关条款及司法解释，结合应用推送的相似案例，在线向双方精准释法。一是王某甲非王某乙亲生父亲，没有抚养义务，李某作为亲生母亲应当履行监护和抚养责任；二是王某甲此前养育王某乙支出的相关费用可依法主张返还。同时，法官通过信息平台线上介入，对法律适用问题进一步答疑，打消双方的法律认知偏差。针对李某担忧的经济压力，妇联干部告知其可申请异地帮扶，为其解决后顾之忧。 第四步，一键生成+协议确认，闭环化解保长效。 经多轮线上沟通，双方达成一致意向。调解员依托“重庆调解在线”的调解协议模板，结合案件实际快速修改关键信息，一键生成标准调解协议：一是王某乙随母亲李某生活，王某甲亦不需要支付抚养费。二是李某需向王某甲赔礼道歉，王某甲念及夫妻之情，不再要求李某返还此前养育王某乙支出的相关费用。双方确认协议无误后，调解员调用“电子签名”功能签字确认，调用“电子签章”加盖调委会公章，协议即时生效并自动归档，实现“调解—签约—签名签章—归档”一站式办结。纠纷化解后，调解员通过应用“案件跟踪”功能发起线上回访，了解到协议已履行到位且未发生新的纠纷，双方表示满意。同时联动区妇联对接李某所在地妇联，借助应用共享回访记录，持续跟踪王某乙的生活与心理状态，确保各项帮扶措施落地见效。 本案是数字调解赋能化解涉未成年人家庭纠纷的典型案例，充分彰显了“重庆调解在线”应用在整合多方资源、提升调解质效中的重要作用。一是多跨协同，构建保护闭环。依托“重庆调解在线”应用搭建“司法行政主导、妇联协同、民政保障”的线上联动平台，实现信息联动、资源共享，快速响应当事人的解纷需求，形成“精准帮扶-情绪疏导-释法说理-长效回访”的闭环机制。二是理法融合，彰显人文关怀。既通过智能查法、专业释法明确双方权责，坚守法律底线，又借助线上共情沟通、异地帮扶对接，兼顾情理温度，调解员既义正辞严讲清“法理”，又循循善诱讲明“事理”，还感同身受讲透“情理”，最终实现“案结事了人和”，切实保障了未成年人的健康成长，维护了家庭与社会的和谐稳定。三是数字赋能，提升解纷质效。通过“远程调解”“法律法规库”“远程签名”等模块，解决了当事人跨区域沟通难、材料管理繁、法律查询杂的问题，同时实现远程线上签署调解协议，打破地域限制，让跨区域纠纷调解高效便捷，大幅降低当事人解纷成本。更重要的是，将数字技术与调解业务深度融合，既减轻了调解员的文书工作负担，又提升了调解工作规范化、专业化水平，为基层化解婚姻家庭纠纷提供了数字化解决方案。,15331,https://news.cctv.com/2025/12/24/ARTIklpnazDRZHS4oxdJ8bm4251224.shtml,结婚登记;婚姻;结婚;离婚;婚育;彩礼;再婚;复婚;夫妻;配偶
China News Service,2025-12-24,最高法与全国妇联、司法部联合发布婚姻家庭纠纷调解工作典型案例,中新网 12月24日电 据最高人民法院微信公众号消息，最高人民法院与全国妇联、司法部共同选编了10件典型案例。这些案例涵盖婚姻纠纷、子女抚养纠纷、老人赡养纠纷、遗产继承纠纷等主要类型。 “德清嫂”运用“四步诊疗法”化解再婚多子女遗产继承纠纷 李某(男，1924年出生)与柳某(女，1946年出生)2000年登记结婚，2024年李某病故，无遗嘱。李某历经三段婚姻，前两任妻子均婚内病故，其中与第一任原配妻子育有四子女，与第二任妻子和第三任妻子柳某无子女，但第二任妻子和第三任妻子柳某婚前各育有两子女。 李某病故后，李某原配四子女(以下称李某四子女)与柳某就丧葬费用、抚恤金、存款及李某名下房产等财产分配问题爆发激烈冲突。李某四子女认为，柳某曾为李某保姆，不应享有继承权，且柳某长期侵占李某退休金和存款，丧葬费应从存款中支出，剩余存款、抚恤金及李某房产均应由四子女继承。柳某则认为，自己与李某是合法婚姻，多年来对李某和李某的孙辈悉心照顾，现自己年迈且无经济来源，应当享有继承权，同时提供账本证明李某存款主要用于日常生活开支及部分给予了李某四子女，没有侵占李某存款。双方矛盾积怨已久、关系复杂，争议僵持不下，故向“德清嫂”调解工作室申请调解。 “德清嫂”工作室发挥人民调解优势与专业技巧，以“四步诊疗法”拆解难题，兼顾法理与情理。第一步，望形晓神，全景调查把准脉。调解员未急于组织当事人碰面，耗时半月走访当地居委会、司法所、李某原单位及邻居，查阅户籍、婚姻及房产档案，摸清核心背景：李某与后两任妻子再婚时，子女均已成年，无抚养关系；李某四子女与两任继母及其子女积怨深，纠纷容易激化；房产涉及李某两段婚姻，权属可能存在争议。初步判定本案为“再婚+无遗嘱+财产权属复杂”的法定继承纠纷，特别是案涉房产权属是核心关键。第二步，闻声察情，冷热处理对症诊。在首次面对面调解现场，李某四子女指责柳某“侵占父亲财产”，柳某声泪俱下细数自己多年悉心照料并展示账本，情绪激动。调解员判断直接对话会激化矛盾，当即转为“背对背”沟通：倾听李某四子女对父亲财产的担忧与情感执念，引导其共情柳某的多年付出与困境，感恩柳某对孙辈的照顾，锁定核心矛盾是子女对柳某的不信任而怀疑其贪财；柳某则渴望付出被认可、晚年有保障。明确先稳情绪、再平衡认知偏差的调解路径。第三步，问心看病，法理情融合找病原。第二次调解中，经当事人同意，调解员争取公证处介入。公证处协调多部门核查，证实案涉房产是李某与第二任妻子的共同财产，第二任妻子的两个子女有权继承相应份额，但二人暂时无法参与继承公证和调解，房产权属争议只能暂时搁置。调解员同步精准释法：首先，按照民法典继承编的规定，李某存款属遗产，无遗嘱按法定继承。根据民法典第1127条规定，第一顺序继承人为配偶、子女、父母，李某四子女认为柳某不应享有继承权的观点错误。其次，丧葬费、抚恤金不属于遗产，是对近亲属的抚慰，柳某和李某四子女均有权分配。最后，按照妇女权益保障法、老年人权益保障法的规定，肯定柳某对李某的照顾付出，强调其丧偶老年妇女的合法权益应受到特殊保护。事实与法律解读让双方认识到，矛盾源于信息差、法律认知偏差与历史积怨，双方初步达成“先解决资金分配，房产另案处理”的共识。第四步，切脉医症，利益平衡除病灶。第三次调解中，调解员聚焦“平衡法理人情”这一核心，引导各方拟定调解方案：资金方面兼顾各方合法权益，考虑柳某无经济来源且二十年来对李某照顾有加，因此，在抚恤金、存款余额共计22.5万元的分配中，由柳某分得13.6万元，李某四子女平均分配剩余8.9万元。房产问题因涉及第二任妻子的子女，双方同意房产事宜由李某四子女后续与第二任妻子的子女协商解决，柳某放弃房产继承权。双方对此方案无异议并达成书面调解协议，在现场握手言和。 本案充分体现了人民调解在维护家庭和谐、维护社会稳定中的重要作用，展现了调解法理情相结合的优势特点。一是讲法为基，专业协同守底线。构建“调解+公证”模式，公证处凭借权威性查清房产权属等关键事实，调解员精准引用法律条款，明确遗产和继承权利、顺序，确保协议于法有据。二是讲理为要，利益平衡破僵局。兼顾双方合理诉求，不否定子女继承遗产的权利，也不忽视柳某的付出与困境，以“资金倾斜+房产搁置”实现利益平衡。三是讲情为桥，情感共鸣融壁垒。以倾听、共情、唤起亲情化解情绪对立，让李某四子女认可柳某付出，柳某理解李某四子女执念，从“指责”转向“互谅”，情感疏导是婚姻家庭纠纷调解关键，法理情结合才能实现“案结事了人和”。四是方法论提炼，复杂家事“三重解纷”。重事实核查，“全景调查+专业介入”，摸清背景、查清权属，避免信息偏差；重情绪疏导，“冷处理+背对背沟通+共情”，降温对立，为协商奠基础；重方案设计，“法律底线+利益平衡”，妥善化解矛盾纠纷。 智慧联调系统以家事“小切口”做实和谐“大文章” 李某(男)与张某(女)于2015年登记结婚，婚后育有一女，现年9岁。近年来，双方因性格差异、沟通不畅及教育理念冲突等原因，夫妻关系持续恶化。李某认为张某认知偏执、性格固执，在子女教育问题上与自己分歧严重；张某则指出李某常在争执中使用不当言辞，拒绝有效沟通。双方屡因生活琐事争执不断。2025年9月，两人因孩子教育问题再次产生激烈争执。该纠纷信息被辖区网格员排查发现，通过“家事情感纠纷智慧联调系统”，1个工作日内分拨推送至区婚调委，经当事人同意，由深圳市某区婚调委受理调解。 面对濒临破裂的婚姻关系，区婚调委迅速启动“三维联动”机制，组建由专业调解员、心理咨询师与公益律师构成的服务团队开展系统干预。一是倾听稳情绪，沟通破僵局。婚调员聚焦双方在沟通模式、角色认知与教育理念三大核心症结，运用“情绪疏导—认知重构—行为引导—共识共建”的递进流程，通过共情倾听释放压抑情绪，减少双方对立，重建良性沟通基础。二是疏导化心结，情感促疗愈。心理咨询师依托“舒心驿站”，开展沟通能力重建等支持，厘清双方冲突模式，通过角色扮演、情绪日记等方式，传授“积极暂停”与“非暴力沟通”技巧，有效化解语言暴力与习惯性对抗，修复家庭情感联结。三是法律明权责，理性导抉择。公益律师向双方详细讲解抚养权、财产分割等法律规定，深入剖析婚姻关系对子女成长的影响，引导当事人增强对婚姻权利义务的认知，共同做出理性决策。一次次对话如春风化雨，夫妻二人从固执对抗逐步转向反思共建，承诺通过每周家庭会议、分工协作育儿等方式积极修复关系。四是家教润人心，重建固长久。矛盾化解并非终点，家庭重建方为根本。为此，社区“家长学校”量身打造三期“关系修复工作坊”，从夫妻沟通重建，到亲子情感联结，再到全家协作实践。曾经因父母争吵而沉默的女儿，如今笑容重现：“爸爸妈妈不吵了，还一起陪我玩游戏！”在后续回访中，李某与张某也由衷感谢：“你们不仅挽救了我们的家庭，更教会我们如何经营爱与关系。”从调解介入到心理支持，从法律服务到家庭赋能，一条完整的“家庭修复生态链”逐步形成，真正实现“案结、事了、人和、家暖”的治理目标。 本案依托“家事情感纠纷智慧联调系统”实现了家事纠纷“早介入”、家事危机“早化解”、家庭功能“早重建”，为构建新型家事纠纷化解机制提供了有益经验。一是数智治理，实现风险防范从“被动处置”向“主动发现”转变。依托“家事情感纠纷智慧联调系统”，实现家庭矛盾从排查上报到精准分拨、介入处置、跟踪回访的全流程闭环管理，该系统推动基层治理从事后干预转向事前预警，为化解家事纠纷赢得宝贵“时间窗口”，筑牢家庭和睦的“第一道防线”。二是多元共治，推动家事调解从“单点调处”向“系统干预”升级。“三维联动”机制整合婚调员、心理咨询师、法律顾问等力量，不仅化解表面争执，更深入修复沟通模式、调整角色认知、弥合理念分歧，突破了以往劝和式调解的局限，通过多维度介入探索出家事纠纷标本兼治的新路径，形成可复制、可推广的实践范例。三是赋能成长，推动家庭建设从“止争息讼”向“正向发展”延伸。通过跟踪介入与系统赋能，将服务重心从矛盾调解延伸至家庭功能重塑，推动家庭实现从“破镜重圆”到“持续成长”的深层转变，彰显了新时代基层治理从“解决一个问题”到“守护一个家庭”的价值升华，为构建幸福家庭、和谐社区注入持久动力。 “数字赋能+多跨协同”调解工作机制守护家庭和谐 王某(女)与李某(男)于2016年登记结婚，婚后育有一女小花(化名，6岁)。2023年，王某以夫妻长期缺乏沟通、育儿观念冲突、经常发生争吵为由诉至法院请求离婚。因李某同意离婚，一审法院判决准予离婚，女儿由王某直接抚养，李某每月支付抚养费。一审判决后，李某向浙江某市中级人民法院提起上诉，表示夫妻感情尚在，一审中其系冲动之下才同意离婚，现看到女儿学习成绩下滑、性格变得内向敏感，深感悔恨痛心，请求二审改判驳回王某的离婚诉讼请求。二审中，王某亦对离婚这一结果有迟疑态度。 基于双方的核心矛盾并非不可调和的利益冲突，而是长期缺乏沟通和育儿理念的冲突。使双方打开心扉，寻找育儿理念的平衡点，成为二审调解的关键。为实质性化解纠纷，二审法院依托“法护家安”集成应用，综合运用多种机制为纠纷精准把脉，靶向开方。一是多元调解搭建沟通桥梁。依托“法护家安”家事多元调解模块，通过平台匹配妇联选派的经验丰富的家事调解员，线上线下联动，让双方在便捷环境中坦诚沟通。王某坦言，李某不管教孩子、回家只玩手机，其主要诉求是获得理解和支持。李某则表现出强烈的亲子关系焦虑和挽救婚姻的意愿，但对如何改善感到迷茫。调解员由此获得家庭矛盾画像，直击“陪伴缺失、沟通不畅”等核心问题，引导双方换位思考，梳理婚姻存续期间的美好回忆，缓解对立情绪。二是倾听童声共护孩子成长。法院通过“法护家安”关爱未成年人模块，为小花建立数字化成长档案，并邀请妇联指派的专业心理咨询师，与小花进行了一次安全、私密的视频交流。在轻松的氛围中，小花画下了“一家三口手牵手”的画，并向咨询师透露：“我希望爸爸能多陪我玩，不要老是凶我；希望妈妈不要和爸爸吵架。”这份画作使双方深受触动，王某、李某均表示愿意改变育儿模式和相处方式，共同营造有利于孩子健康成长的家庭氛围。三是数字赋能家庭教育指导。针对育儿观念冲突、家庭责任失衡的症结，“法护家安”家庭教育指导模块为王某、李某智能匹配妇联提供的家庭教育指导师，制定个性化指导方案。线上推送情绪管理、科学育儿等课程，王某、李某线上接收指导师实时点评反馈，形成“课程学习-实践反馈-精准调整”的数字化闭环管理。经过两周的协调、沟通和指导，双方达成和好协议：继续共同生活，李某承诺合理分配工作与家庭时间，共同承担育儿及家务责任；双方自愿在“法护家安”持续参与家庭教育指导6个月。经过家事回访，目前王某和李某关系稳定，意见不一致时会彼此倾听和理性表达需求。小花也变得更加开朗自信，作业完成质量明显改善。 家事案件情况多样，实质性化解纠纷需要深入剖析当事人的核心诉求和关键问题，不能一判了之。本案中，法院结合当事人的上诉请求和表现出来的态度，在开展家事调解工作的同时，将未成年人心理干预等工作融入解纷流程，直击当事人间的核心矛盾点，提高解纷精准度。本案还展示了家庭教育指导在修复家庭关系中的撬动作用。许多家事纠纷的表象是感情不和，但根源在于家庭功能的失调。通过数字平台提供系统化的家庭教育指导，当事人可以提高经营家庭的能力。“法护家安”集成应用将家事多元调解、未成年人关爱、家庭教育指导等模块有机整合，形成了环环相扣、层层递进的解纷链条，为新时代“枫桥经验”在家事审判领域的数字化应用提供了有益参考。 “司法所+”多元联动化解农村老年人赡养难题 唐某某，女，1951年出生，湖南省某镇居民，无固定工作。唐某某曾有两段婚姻，与第一任丈夫育有四名子女，都已组建家庭且子女均已成年。唐某某第一任丈夫1997年去世，次年在子女们反对的情况下唐某某再婚，其后与子女关系疏远。2016年唐某某(时年65岁)与第二任丈夫离婚(期间未生育子女)后独自生活，因年事已高丧失劳动能力，且患有冠心病需长期治疗，生活及医疗负担沉重。 因子女一直未履行赡养义务，在多次提出赡养要求无果后，唐某某于2024年初向某镇司法所求助。本案争议焦点在于：一方面子女因反对母亲再婚，长期以来亲情淡薄，没有承担赡养责任的意愿；另一方面子女自身经济条件有限，唐某某生活医疗负担沉重，对如何合理分担赡养责任存在分歧。 某镇司法所受理案件后，指派社区调委会开展调解，但四名子女均拒绝参与。为高效化解纠纷，司法所启动联动机制，联合县法律援助中心、派出法庭、妇联和乡镇、社区网格员共同介入。一是通过多次入户走访，核实唐某某的生活、健康状况，并分别与四名子女进行“一对一”沟通，了解其经济状况与矛盾根源。县法律援助中心开通绿色通道，指派律师上门普法，阐明民法典第1067条关于赡养义务的规定，明确子女拒不履行赡养义务的法律后果。二是调解过程中采取“背对背”“阶梯式”等调解策略，结合情感引导等方式，帮助当事人回忆家庭往事，弘扬孝道美德，促进情感融合。同时，邀请四名子女的成年子女参与调解，共同协助分担赡养责任，增强家庭支持网络。三是司法所联合镇妇联为唐某某申请临时救助，开展心理疏导，缓解其生活与精神压力。派出法庭法官参与调解，从审判角度明确法律适用，增强调解协议的权威性。经多方协作，最终达成“赡养费+定期探望+医疗帮扶”调解方案：四名子女每人每月支付300元赡养费(由四名子女的成年子女协助分担)，定期探望母亲，生病时给予陪护，同时由政府提供医疗帮扶。双方当场签署协议并支付首笔赡养费，家庭关系得到修复。 本案是基层司法所有效整合多方资源化解复杂赡养纠纷的典型案例。案件涉及母亲再婚、长期亲情疏离等多重因素，调解难度较大。某镇司法所在案件处理中发挥了三大作用，展现出了高度的专业性与组织协调能力，是联动解纷的核心推动力量。一是精准评估与启动枢纽作用。面对一方当事人拒绝调解的困境，司法所没有止步于常规程序，而是主动评估纠纷复杂程度，及时启动“司法所+”联动机制，协调社区调委会、镇妇联、县法律援助中心及派出法庭共同介入，化解阻力。二是统筹推进与分层施策作用。司法所主导设计法理情融合的调解方案，组织人员分批走访、分类沟通，精准把握各方诉求与顾虑。依托法援律师强化释法说理，借助妇联进行心理疏导与临时救助，邀请法庭进行司法指引，实现了专业互补与环节衔接。三是方案落地与长效保障作用。司法所推动形成的“赡养费+定期探望+医疗帮扶”一揽子协议，不仅明确经济供养，更修复家庭情感，并引入政府帮扶解决医保难题，切实保障老人权益落到实处，体现了综合施策的治理智慧。该案是新时代“枫桥经验”在基层的生动实践，展现了以司法所为主导、多方协同的纠纷解决路径，实现了调解资源的“专业互补”与程序的“无缝衔接”，形成了“主导有力、协同有序、保障有效”的基层解纷新格局，为处理同类纠纷提供了可复制的实践经验。 “大数据预警+三色管理+三师联治”赋能婚姻家庭矛盾化解 2024年湖北某区街道妇联干部在入户走访中发现，居民陈先生和李女士因二年级儿子斌斌(化名)教育问题频繁争吵。陈先生主张“虎爸式”严格教育，要求孩子课余时间全部用于学习；李女士则秉持“快乐教育”理念，认为应注重孩子兴趣培养。双方经常争吵，家庭关系紧张，孩子变得胆小，出现失眠、成绩下滑、不想上学等状况。网格员多次入户调解效果不佳，遂将其录入基层服务移动终端——“e掌通”平台，触发橙色(中风险-干预级)预警。 区婚调委收到“e掌通”平台橙色预警信息后，依据“三色管理”机制，组建了由婚姻家庭指导师、心理咨询师、家庭教育导师组成的“三师联治”团队，制定精准解决方案，分阶段推进调解工作。第一步，启动“三色管理”，明确矛盾焦点与调解目标。一是由社区工作人员先行与夫妻二人分别沟通，准确把握矛盾焦点，避免因直接介入调解引发抵触。二是针对本案橙色预警的定位，确定调解策略：先缓解夫妻对立情绪，再解决教育理念分歧，最终修复家庭关系、改善孩子状态。第二步，开展“三师联治”，逐步化解矛盾纠纷。一是疏导夫妻情绪，挖掘孩子内心需求。心理咨询师优先与斌斌沟通，通过“小物件疗法”、角色扮演、换位思考等咨询技术，让陈先生、李女士“看见”了斌斌的压力、无所适从和渴望家庭和睦的愿望，同时引导夫妻二人学会运用“情绪词汇”表达事实，而不是指责和抱怨，缓解双方对立情绪。二是诊断矛盾症结，调整夫妻互动模式。婚姻家庭指导师通过深度访谈发现，陈先生的“虎爸式”教育源于自身职场竞争压力——担心斌斌未来“输在起跑线上”，本质是对孩子未来的焦虑；而李女士的“快乐教育”则是希望孩子避免自己童年“被压抑兴趣”的遗憾。基于此，指导师向二人解释小学阶段是习惯养成与兴趣保护并重的时期，过度侧重成绩或快乐都可能失衡，引导他们从“竞争型父母”转变为“合作型父母”，共同关注孩子的综合需求。三是制定家庭教育方案，提供“方法工具箱”。家庭教育导师结合斌斌的学习成绩、兴趣特长及年龄因素，从专业角度制定符合孩子特点的科学教育方案，兼顾学科培训、兴趣培养和亲子娱乐等多重需求。同时向夫妻俩推荐湖北某网上家长学校，建议他们通过系统学习了解小学生成长规律，减少教育焦虑。第三步，持续跟踪回访，巩固调解效果。调解结束后，婚调委按照“月度回访”机制，1个月和3个月后分别回访，夫妻俩没有再发生争吵，默契配合执行教育计划，斌斌学习成绩有了很大进步，彻底打消了“不想上学”的念头。夫妻二人特意感谢婚调委，帮助其解决家庭矛盾，让家庭重归和谐。至此，该起家庭矛盾得到实质性化解，实现“案结事了人和”。 本案是依托大数据预警、充分发挥专业社会力量作用、将新时代“枫桥经验”应用于婚姻家庭矛盾纠纷化解的典型实践，“科技+专业+协同”的调解思路对于化解同类矛盾纠纷具有重要借鉴意义。一是“大数据预警”变“被动接案”为“主动发现”。针对家庭矛盾“家丑不可外扬”的隐蔽性特点，通过“e掌通”平台与网格化管理结合，精准捕捉夫妻争吵、孩子情绪异常等风险信号，避免矛盾从“小摩擦”升级为“大冲突”，体现社会治理的“前瞻性”。二是“三色管理”变“粗放应对”为“精准服务”。通过绿色、橙色、红色三级分类精准评估，明确不同风险等级的响应主体与处置流程。本案橙色预警对应“三师联治”介入，既避免了低风险矛盾“过度处理”，也防止了高风险矛盾“处置不足”，提升了调解效率。三是“三师联治”变“单兵作战”为“专业协同”。心理咨询师处理“情绪创伤”问题，婚姻家庭指导师解决“关系模式”问题，家庭教育导师提供“实操方案”，三者分工明确又相互配合，从“情、理、教”三个维度破解矛盾，体现了专业化与协同性。 2006年，张某(男)与孙某(女)登记结婚，育有一子一女。婚后，双方因家庭琐事多次争吵并曾分居四月有余。2022年，张某向江苏省某区人民法院提起离婚诉讼。人民法院结合诉辩意见，对双方的性格、婚育、工作收入等情况有了初步了解，发现双方对家庭经济支出的分歧是本次诉讼的导火索。 考虑到双方矛盾源于家庭琐事，具有可修复性，承办法官按照该院家事案件“亲情弥合八步法”流程，开展工作。第一步，感情预修复。承办法官联合镇、村两级妇联共同研究矛盾纠纷化解方案，通过与双方约谈，针对近两年来孙某对娘家经济帮助超出张某预算这一具体分歧，认真倾听双方内心感受。第二步，情绪先疏导。因在约谈中感受到双方存在一定焦虑情绪，承办法官邀请该院及妇联指派的心理咨询师为双方进行心理疏导，双方在第一次开庭时情绪稳定缓和。第三步，视频再教育。该案在“客厅家居式”家事法庭开庭，温馨的环境减少了原、被告身份带来的对立感，庭审过程中，法庭播放了事先收集的双方结婚录像，唤起情感共鸣。双方均同意先进行调解。第四步，甜蜜勾回忆。经征得双方当事人同意，承办法官为双方设定了为期40天的“冷静期”。期间，法官两次邀请村级妇联干部作为特邀调解员登门跟踪调和，引导双方回忆缔结婚姻的初心、养育一子一女的艰辛与快乐以及多年来互相关心体贴带来的幸福，并对双方的感受予以记录。第五步，亲情齐规劝。承办法官邀请双方的子女到庭，在单面镜调查室中与承办法官、特邀心理咨询师面对面交流。双方当事人在隔壁观察室倾听子女诉说时才意识到，自己因家庭琐事冷战、诉讼已经对子女心理造成了伤害。第六步，调解建议书。“冷静期”届满前，承办法官向双方送达近两千字的建议书，列明已查明事实、法律评价及处理依据，指出和好的路径和方法，引导当事人变“对抗”为“协商”。第七步，协议得确认。经此番调解，双方充分认识到对彼此仍有深厚的感情，离婚只是一时冲动，并不是内心真实的想法，以后加强沟通交流可以更好避免发生矛盾。双方遂自愿和好，并对各自纠正处理家庭矛盾的方式方法作出约定，就引发矛盾的家庭支出问题达成书面处理协议，调解和好结案。第八步，案后必回访。鉴于家事纠纷具有反复性特点，承办法官会同区妇联制定了案后回访方案，重点关注夫妻和好的长效性及两子女家庭教育的持续性，协议生效后的第30日、第90日，经两次电话回访，确认已按约履行。目前，夫妻二人依然保持幸福的生活状态，子女也已健康长大。 从审判实践看，部分离婚诉讼的发生并非当事人感情确已破裂，而是日常琐事导致双方一时激愤，为“争口气”而冲动起诉。该院创设的“亲情弥合八步法”是贯彻落实最高人民法院家事审判方式和工作机制改革的体现。其中，“情绪先疏导”即是心理干预，“亲情齐规劝”即是家事调查，“甜蜜勾回忆”即是家事调解，加之背景探查、案后回访等节点，形成固定工作流程，具有可复制性。在这个过程中，法院充分发挥与妇联等组织的协作机制，引入心理咨询师、人民调解员、妇联干部参与到具体环节，倡导家事案件柔性司法，对修复感情创伤、稳定婚姻家庭关系起到了重要的调节和促进作用。 “库尔班大叔”巧用“三热爱”“六步法”化解婚姻家庭矛盾 阿某(女)与萨某(男)原系夫妻，2023年因婆媳矛盾离婚。离婚协议约定婚生子由阿某抚养，萨某每月支付抚养费1000元，后萨某因承担贷款陷入经济困境，逾期3个月未支付。阿某以未收到抚养费为由拒绝萨某探望孩子，双方矛盾升级。2025年3月，阿某诉至法院，要求萨某支付拖欠的抚养费，并将抚养费标准提高至每月2000元。法院考量该案涉及家庭亲情，委托“库尔班大叔”调解室进行调解，双方当事人均表示同意。 “库尔班大叔”调解室成立调解小组，立足案件涉及抚养费支付、探望权行使且存在情感修复可能的核心特征，以“不激化矛盾、保护未成年人权益、促进家庭和谐”为主线，将“库尔班大叔”“热爱党、热爱祖国、热爱中华民族大家庭”的“三热爱”红色传承深度融入“六步法”调解全过程。第一步，安抚情绪，搭建信任基础。初次调处时，阿某与萨某情绪对立严重。调解小组秉持“先解情绪、再解问题”原则，给予双方充分表达空间。待两人情绪平复后，以“保障孩子权益”为切入点引导双方聚焦核心问题，成功搭建初步信任桥梁。第二步，全面核查，厘清矛盾关键。调解小组通过“线上+线下”方式核查事实。线上发现萨某朋友圈留存过往家庭幸福影像，印证双方非因感情彻底破裂离婚；线下入户与双方父母沟通，得知二人离婚系一时冲动，长辈希望其理性协商。最终明确核心事实：离婚源于婆媳口角，孩子亟需父爱改善内向性格，双方重视亲子关系且具备情感修复潜力。第三步，法理情融合，明晰权利义务。调解小组的律师用维吾尔语向萨某阐释民法典婚姻家庭编司法解释等规定，明确其应支付的抚养费数额范围，消除其对阿某2000元诉求的合理性顾虑。同时，播放孩子期盼父亲的视频，以法律指引与亲情触动双重发力，推动调解取得有效突破。第四步，递进调解，修复情感连接。初次调解聚焦达成共识，组织探望活动唤起萨某父爱，引导双方互写“对方优缺点清单”重拾婚姻温暖。第二次调解直击矛盾根源，组织“亲情晚餐”促成阿某与萨某母亲和解，通过讲述“库尔班大叔感恩井”的故事，引导萨某重视家庭修复。第五步，协商签约，明确解决方案。调解小组以“离婚成本分析”和“库尔班大叔”爱国爱家传统为引导，组织双方协商方案。调解员细致测算“离婚五本账”：情感账，孩子成长缺乏父爱，易出现性格缺陷，影响心理健康；经济账，分居后双方房租、水电等生活成本增加，共有房产也存在贬值风险；社会账，单亲家庭的孩子可能面临他人异样眼光，影响社交能力发展；健康账，双方父母因子女离婚忧心忡忡，易引发情绪和健康问题；发展账，离婚纠纷会分散工作精力，可能影响职业晋升与个人发展。萨某深受触动，当场向阿某忏悔道歉并获得谅解。双方就抚养费等达成一致，并签订调解协议。第六步，跟踪回访，巩固调解成效。调解结束后1个月内，两次回访。首次回访确认萨某足额支付拖欠的3000元抚养费，阿某撤回起诉；第二次回访双方已主动办理复婚登记，家庭关系融洽，孩子性格明显开朗。事后，二人向调解室赠送锦旗致谢。 本案是“库尔班大叔”调解室运用特色调解方法化解边疆民族地区家事纠纷的成功实践，彰显了新时代“枫桥经验”在新疆的实践与创新。一是以法为基，精准定分止争。调解小组紧扣相关法律法规，通过专业法律宣讲明确当事人在抚养费支付、探望权行使等方面的权利义务，为纠纷化解提供坚实法律支撑。二是以文为脉，推动根源化解。调解全过程融入红色文化与传统故事，引导当事人树立家国情怀，同时通过亲情疏导举措帮助修复情感裂痕，从根本上消除矛盾隐患。三是以和为标，提升治理效能。实现从解决具体纠纷到化解深层矛盾、再到促进家庭和谐的层级跃升，充分发挥人民调解“抓前端、治未病”的基层治理效能，为边疆民族地区家事纠纷化解提供了可复制、可推广的实践经验。 “伴视家园”发挥“三种优势”破解离异子女探望困局 2023年，李某(男)与王某(女)诉讼离婚。审理期间，法院综合衡量双方居住、收入、教育连续性及儿子壮壮(化名，7岁)现阶段对环境稳定的需求，认为父亲李某无固定住所、没有工作，依据“最有利于未成年人”原则，判决儿子壮壮由母亲王某直接抚养，同时，父亲依法拥有孩子探望权。判决生效后，王某担心将来失去儿子，不愿意李某探望。李某遂向北京市某区人民法院申请强制执行，质疑王某“藏匿”孩子及后续探视配合度，并提起变更抚养关系诉讼。双方多次在小区和学校门口发生争执，壮壮因此出现失眠、厌学、拒绝沟通等应激反应，身心健康亮起红灯。 强制执行立案后，法官及时进行家访并征询双方意见，启动“伴视家园”联动机制，由法院、妇联、司法行政、民政、心理机构等多方力量介入，制定针对性解决方案。第一步，先帮助孩子情绪减压。心理咨询师通过沙盘、绘画等心理干预方式，帮助壮壮进行心理疏导，壮壮语言上表达“不希望爸爸妈妈吵架，也不想选跟谁”，并希望能够经常见到爸爸。第二步，调解促进父母自我反省。工作人员将与壮壮互动的视频资料播放给双方，二人第一次感受到儿子的真实压力，当场沉默。心理咨询师采用“角色互换”模式，让双方分别扮演7岁的儿子，体验被拉扯、被围观的感觉。他们恍然意识到自己只顾着以前的矛盾，竟然忽视了最重要的事情——孩子的健康成长。察觉到双方当事人内心的动摇，执行法官“乘胜追击”，从孩子的角度给双方做思想工作，并向王某释明民法典第1086条“探望权本质是为保障子女身心健康”，而非父母“输赢”。第三步，持续跟进实现实质性化解。经过两次“伴视家园”探视活动和心理咨询师的多次心理辅导，壮壮逐渐放下戒备，双方也意识到冲突对孩子的伤害。妇联婚调员从儿童权益角度提出“渐进式探望＋抚养教育指导”方案：壮壮仍然与母亲王某一同生活，王某也表示愿意配合履行判决，让李某定期在“伴视家园”与孩子相聚，无需重复申请执行。待壮壮8岁后，再征求孩子的意见，决定是否变更抚养权。两个月后，王某已经能够积极配合李某灵活选择时间和地点行使探望权，壮壮情绪明显好转，调解真正实现了“案结事了人和”。 在司法实践中，探望权纠纷一般有两种表现形式，一种是法院将孩子判给一方，但孩子之前一直与另一方共同生活，共同生活的一方拒绝将孩子交给对方抚养；另一种是法院将孩子判给一方，另一方要探望孩子，但直接抚养孩子的一方不予协助甚至以各种理由拒绝。本案属于第二种情形，也是比较常见的情形。探望权执行存在“三难”特点，执行标的具人身属性，禁止强制交付；父母情绪极端对立，孩子被当成“情感人质”，二次伤害大；反复申请率高。本案调解方法具有“三重”优势，一是“中性场域＋心理干预”：“伴视家园”切断原生家庭冲突场景，先疗伤再分对错，把“父母觉醒”作为调解突破口。二是“多元协同＋持续跟踪”：法院牵头，妇联、民政、司法行政、心理机构同堂办公，将“一次性探望”升级为“家长课堂＋父母互动营”，实现从依靠司法强制到个人自愿履行的软着陆。三是“裁判说明＋协议留白”：判决阶段即告知“阶段性抚养”性质，为后续变更留通道，降低双方“一锤子输赢”的对抗预期；执行阶段再制定并固化柔性方案，既保障权利实现，又减少反复执行，为同类执行案件提供“柔性介入、多元协同、中性场域、持续跟踪”的范例，彰显了司法人文关怀和社会治理创新在家事案件执行中的重要作用。 “面对面+背对背”妥善化解短暂婚姻中的彩礼返还纠纷 刘某(女)与赵某(男)结婚共同生活五个月后，刘某向天津市某区人民法院提起离婚诉讼，赵某则以双方共同生活时间短、未生育子女为由，要求刘某返还全部彩礼30余万元。庭审中，双方都认为自己存在委屈，情绪激动、难以沟通，就彩礼返还数额争议较大。人民法院经研判，认为该案如简单依据法律条文裁判，难以实质化解矛盾，甚至加剧对立情绪，对双方后续生活及社会关系都会产生负面影响，故在征得双方当事人同意后启动家事调解程序，为当事人解“心结”。 人民法院按照规定流程，委托当地妇联婚姻家事纠纷调解员与法官共同开展家事调解工作。第一步，组织“面对面”沟通，打破信息壁垒。法官和调解员为双方搭建直接对话的平台，在调解员的耐心疏导下，双方终于可以心平气和地表达诉求与顾虑。赵某表示，其给付的彩礼数额较高，担心因双方已经办理结婚登记，彩礼不予返还，这会给其造成经济损失。刘某表示，其在婚姻关系存续期间尽心操持家庭事务，系赵某原因导致婚姻无法持续，短暂婚姻已对其造成伤害；其收到的彩礼已部分用于家庭消费，如判其全部返还，很不公平。通过面对面沟通，双方既减少了因信息差引发的误解，也将积攒的情绪悄然释放，矛盾得以缓和。第二步，组织“背对背”调解，与双方当事人深度沟通法律适用，答疑解惑。法官认真讲解民法典婚姻家庭编司法解释一、涉彩礼纠纷司法解释对彩礼返还规则的规定，告知赵某：在办理结婚登记且已经共同生活的情况下，其要求返还全部彩礼的主张缺乏法律依据。告知刘某：由于双方共同生活时间较短、彩礼数额较大，从维护双方合法权益的角度，其负有返还部分彩礼的责任，同时，还会根据离婚过错等事实在夫妻共同财产分割上保护其财产权益。逐步打消双方对“调解不公”的疑虑，缩小意见分歧。第三步，组织双方重新就彩礼返还问题进行协商。调解员充分发挥其在心理学等方面的专业特长，从人身权益、财产权益、情感纠葛、时间成本等方面条分缕析，使双方当事人认识到，抓住过去的心结不放并无益处，以积极心态迎接崭新生活才是对人对己负责。同时，赵某也对刘某在婚姻中的付出表示认可，刘某亦对赵某要求返还彩礼诉求背后的经济压力表示理解。最终，双方达成调解协议，在扣除已用于家庭共同消费等费用后，刘某自愿向赵某返还部分彩礼。双方还就离婚、夫妻共同财产分割等事项达成协议，实现问题的一揽子解决。 在涉彩礼纠纷中，彩礼是否返还及返还数额是最容易引起争议的问题。一般而言，彩礼给付方和彩礼接收方难以达成一致意见，系由于双方站在不同立场，对彩礼返还问题各有顾虑造成。比如，彩礼给付方担心无法取回彩礼造成经济负担，而彩礼接收方更多考虑婚姻对其身体、心理造成的不利影响。同时，双方因情绪冲突难以平和沟通。本案调解方法的优势在于，一是当面沟通，促使双方坦诚交流各自想法，增进相互理解。二是分别释明法律适用，使当事人对案件结果有心理预期。三是发挥调解员的疏导作用，鼓励双方换位思考，从内而外解开“心结”，妥善平衡双方利益，让调解兼具法律刚性与人文温度。 智能调解在线平台“一站式”化解非亲生子女抚养纠纷 2022年5月王某甲(男)与李某(女)登记结婚。2023年12月两人生育一女王某乙，此后李某到外省打工，王某甲独自抚养女儿。2025年1月王某甲怀疑王某乙非亲生子女，通过亲子鉴定确认该事实。2025年3月王某甲提出离婚，双方就王某乙抚养权归属及养育费用等事宜争执不下产生纠纷。该纠纷信息被辖区网格员排查发现，上报“社会矛盾纠纷多元化解”应用，迅速通过“三级治理中心”分流至“重庆调解在线”，经当事人同意，由重庆市某街道人民调解委员会受理调解。 人民调解委员会坚持“最有利于未成年人”原则，启用“重庆调解在线”应用，联动多部门，以“四位一体闭环模式”化解纠纷，实现法理、情理与数字赋能的深度融合。第一步，线上建档+跨域联动，精准摸排定方向。调解员在手机上收到委托调解信息后，第一时间通过“重庆调解在线”系统为案件建立电子档案，将亲子鉴定报告等证据材料上传，实现证据材料“一键归档、随时调取”。考虑到李某身处外省、无法当面沟通，发起跨域协作申请，同步联动“一镇街一法官”线上指导，借助数字应用数据共享功能，快速对接区妇联、民政局、派出所等单位，核实双方婚姻状况、子女抚养现状，其中，保障王某乙权益是首要任务。第二步，远程调解+双向疏导，稳控情绪破僵局。首次调解采用“重庆调解在线”远程调解功能，王某甲与李某分别通过手机、电脑接入会场。初期双方情绪激动，相互指责，调解员当即转为“线上背对背”沟通，通过实时共享功能，向王某甲推送相关法条及相似案例，让其清晰知晓自身权利与义务；同时联系区妇联干部加入视频连线，呈现王某乙渴望母爱的留言，告知李某应当承担抚养责任，逐步缓解双方对立情绪。第三步，智能查法+联动释法，明晰权责找依据。针对双方争议的法律问题，调解员通过“重庆调解在线”法律法规检索功能，输入关键词，快速调取民法典婚姻家庭编、未成年人保护法相关条款及司法解释，结合应用推送的相似案例，在线向双方精准释法。一是王某甲非王某乙亲生父亲，没有抚养义务，李某作为亲生母亲应当履行监护和抚养责任；二是王某甲此前养育王某乙支出的相关费用可依法主张返还。同时，法官通过信息平台线上介入，对法律适用问题进一步答疑，打消双方的法律认知偏差。针对李某担忧的经济压力，妇联干部告知其可申请异地帮扶，为其解决后顾之忧。第四步，一键生成+协议确认，闭环化解保长效。经多轮线上沟通，双方达成一致意向。调解员依托“重庆调解在线”的调解协议模板，结合案件实际快速修改关键信息，一键生成标准调解协议：一是王某乙随母亲李某生活，王某甲亦不需要支付抚养费。二是李某需向王某甲赔礼道歉，王某甲念及夫妻之情，不再要求李某返还此前养育王某乙支出的相关费用。双方确认协议无误后，调解员调用“电子签名”功能签字确认，调用“电子签章”加盖调委会公章，协议即时生效并自动归档，实现“调解—签约—签名签章—归档”一站式办结。纠纷化解后，调解员通过应用“案件跟踪”功能发起线上回访，了解到协议已履行到位且未发生新的纠纷，双方表示满意。同时联动区妇联对接李某所在地妇联，借助应用共享回访记录，持续跟踪王某乙的生活与心理状态，确保各项帮扶措施落地见效。 本案是数字调解赋能化解涉未成年人家庭纠纷的典型案例，充分彰显了“重庆调解在线”应用在整合多方资源、提升调解质效中的重要作用。一是多跨协同，构建保护闭环。依托“重庆调解在线”应用搭建“司法行政主导、妇联协同、民政保障”的线上联动平台，实现信息联动、资源共享，快速响应当事人的解纷需求，形成“精准帮扶-情绪疏导-释法说理-长效回访”的闭环机制。二是理法融合，彰显人文关怀。既通过智能查法、专业释法明确双方权责，坚守法律底线，又借助线上共情沟通、异地帮扶对接，兼顾情理温度，调解员既义正辞严讲清“法理”，又循循善诱讲明“事理”，还感同身受讲透“情理”，最终实现“案结事了人和”，切实保障了未成年人的健康成长，维护了家庭与社会的和谐稳定。三是数字赋能，提升解纷质效。通过“远程调解”“法律法规库”“远程签名”等模块，解决了当事人跨区域沟通难、材料管理繁、法律查询杂的问题，同时实现远程线上签署调解协议，打破地域限制，让跨区域纠纷调解高效便捷，大幅降低当事人解纷成本。更重要的是，将数字技术与调解业务深度融合，既减轻了调解员的文书工作负担，又提升了调解工作规范化、专业化水平，为基层化解婚姻家庭纠纷提供了数字化解决方案。 【,14948,https://www.chinanews.com.cn/sh/2025/12-24/10539564.shtml,结婚登记;婚姻;结婚;离婚;婚育;彩礼;再婚;复婚;夫妻;配偶
People.cn,2025-12-24,三部门联合发布婚姻家庭纠纷调解工作典型案例--社会·法治--人民网,新华社北京12月24日电（记者董博婷、冯家顺）最高人民法院与全国妇联、司法部12月24日联合向社会公开发布10件婚姻家庭纠纷调解工作典型案例。 据悉，这些案例涵盖婚姻纠纷、子女抚养纠纷、老人赡养纠纷、遗产继承纠纷等主要类型，既有精准化解矛盾症结、巧妙平衡法理人情的调解技巧与治理智慧，又有统筹多元行政解纷资源、深度融合社会专业力量的模式创新与力量协同，还有大数据分级预警、数字赋能调解应用的有益探索与成功实践，充分彰显了新时代婚姻家庭纠纷调解工作在弘扬优良家风、传承家庭美德、维护家庭成员合法权益、促进社会和谐稳定等方面的重要作用，也为同类纠纷化解提供了示范指引。 据了解，人民法院和各级妇联、司法行政机关将进一步健全长效协作机制，发挥各自职能优势，以更高效的联动、更务实的举措，共同推动婚姻家庭纠纷调解工作高质量发展。,360,http://society.people.com.cn/n1/2025/1224/c1008-40631499.html,婚姻
People.cn,2025-12-25,河北辛集：公益红娘搭鹊桥 文明婚俗树新风,“真没想到在这里能找到人生伴侣，真是太感谢了！”今年，河北省辛集市市民曹先生在当地公益红娘文明实践服务队的介绍和帮助下，和妻子步入婚姻殿堂，他们还主动践行“零彩礼”婚嫁新风，成为众多青年学习效仿的榜样。 据了解，辛集市公益红娘文明实践服务队成立于2024年8月，汇聚退休干部、老党员、社区工作者、妇联干部等各界力量，共108名志愿者，他们怀揣热忱，用真情为单身青年架起“爱心鹊桥”，推动文明婚恋落地生根。 平日里，志愿者们凭借丰富的社会阅历和真挚的服务初心，为单身青年提供信息登记、婚恋咨询、线下联谊等服务。“现在年轻人工作忙、社交圈窄，家长也总为孩子的终身大事忧心，能为他们分忧解难觉得很开心。”红娘孙新影说。每当看到一对对有缘人牵手成功、组建起和睦家庭，那份喜悦与成就感溢于言表。 截至目前，服务队已累计登记单身人士信息500余条，举办婚恋交友、婚姻课堂等活动21场，成功促成36对新人步入婚姻。令人欣喜的是，越来越多新人选择低彩礼、零彩礼和集体婚礼、公交婚礼等婚事简办形式，婚嫁平均支出明显下降，大操大办等陋习得到遏制，营造出健康向上、节俭文明的婚嫁新风尚。 辛集市将持续深化公益红娘志愿服务品牌建设，通过壮大志愿服务队伍，开展适婚青年婚恋需求摸排，创新活动形式等，系统推进公益红娘服务网络拓展与效能提升，让这项暖心服务覆盖更广、扎根更深、成效更实。（张薇）,582,http://he.people.com.cn/n2/2025/1225/c192235-41453585.html,婚姻;婚恋;彩礼;婚俗;婚嫁;适婚;单身;伴侣;婚礼
People.cn,2025-12-27,说法丨给钱才领证？借婚姻敛财行不通！--社会·法治--人民网,交往的时候说：“给我钱我才和你结婚。”最后婚没结，那这钱还能退还吗？ 浙江衢州开化县的涂某在相亲微信群中认识了蒋某。很快，涂某就在微信上正式表达了交往、共同生活的意愿。 蒋某提出，涂某先给一些“彩礼”，两人一起生活一段时间看看。如果觉得合适，明年去领证，到时候再另给彩礼18万元。 一上来就要钱，对方是不是不太靠谱？但考虑到自己确实想结婚，涂某同意先给2万元。 然而，此后，两人因异地面没见上几次，蒋某却总是以各种理由向涂某索要钱款。不到一年的时间里，涂某陆续通过微信转账等给了蒋某5万余元。 不久后，蒋某开始拒接、无视涂某的电话，对涂某领证的提议也采取推脱、逃避的态度，并多次表示要再给钱才能领证。最终，涂某决定结束恋爱关系。 然而，对于这5万余元，双方却各执一词。涂某认为这是蒋某借婚姻索取财物。民法典明确规定，禁止借婚姻索取财物。如今婚没结成，钱款理应返还。而蒋某则认为这是双方恋爱期间的自愿赠与。如今赠与行为已经完成，自然不需返还。 于是，涂某将蒋某告上了浙江省衢州市衢江区人民法院，要求返还赠与的钱款。 法院会支持涂某的请求吗？借婚姻索取财物，和恋爱期间的自愿赠与该如何区分呢？（金歆）,498,http://society.people.com.cn/n1/2025/1227/c1008-40633626.html,婚姻;结婚;彩礼;恋爱;相亲
People.cn,2025-12-29,河南洛宁：“体育+社交”模式为青年交友注入新活力,清晨，洛宁县第一实验小学的足球场上，一群年轻人正迎着寒风奔跑追逐。彩色飞盘在空中划出弧线，阵阵欢呼打破了冬日的沉寂——“盘”点青春，“飞”向未来单身青年飞盘派对正在火热上演。这是共青团洛宁县委聚焦青年需求，以“体育+社交”模式搭建交友平台的生动缩影。2025年以来，洛宁县积极探索服务青年新路径，以“体育+社交”为载体，着力破解青年社交圈层化、婚恋需求难满足等问题。 从陌生到熟悉，一场飞盘赛加速友谊升温。“快！防守！”哨声响起，两支队伍在绿茵场上展开角逐。活动中，20余名单身青年在专业教练指导下完成热身、学习投掷技巧，随后自由组队展开对抗。原本拘谨的年轻人们，在一次次传接配合中逐渐放开。“没想到飞盘能这么快拉近距离！”一名参与青年笑道，“一场比赛下来，微信好友列表多了十几个志同道合的朋友。” 从熟悉到默契，运动社交打开的“N种方式”。飞盘派对的火热并非孤例。今年以来，共青团洛宁县委已连续推出多场“体育+社交”特色活动。10月底的永宁湖公园，真人版“猫抓老鼠”游戏让青年们在夜幕下奔跑协作；11月的吕村林场，40余名青年携手攀登楼梯山；五四“彩虹跑”活动中，1500余名青年沿着赛道肆意奔跑，尽情享受彩色粉末的洗礼；青年夜校的台球课上，教练手把手地调整学员握杆姿势；滨河公园的篮球场上，青年们在汗水挥洒中结识球友。“无论是户外运动还是室内课程，我们都在尝试用青年喜爱的方式，打破传统交友的壁垒。”共青团洛宁县委书记朱灵鸽表示。 从相识到相知，青年与城市共同发展。据统计，今年以来，洛宁县已开展各类青年体育社交活动20余场，覆盖青年超3600余人次。活动不仅缓解了青年群体的社交焦虑，更成为引导青年与城市共同成长的纽带。参与青年中，有人通过活动找到创业伙伴，有人因共同爱好组建兴趣社团，还有外地青年表示“通过这些活动，感受到了洛宁的青春、包容与活力”。 下一步，共青团洛宁县委将持续深化“体育+社交”模式，让运动场成为青年相识相知的“起点”，让青春活力真正转化为现代化洛宁建设的持久动能。（,848,http://henan.people.com.cn/n2/2025/1229/c378397-41457589.html,婚恋;单身
CCTV,2025-12-30,内蒙古一考公机构打出“上岸彩礼多要20万”横幅 官方通报,央视网消息： 12月30日，呼和浩特市赛罕区市场监督管理局发布情况通报。近日，该局关注到网络平台反映“崇政教育”在营销广告中涉及不当内容，迅速依法介入调查。经核查，该广告内容涉嫌违反《中华人民共和国广告法》有关规定，已责令该机构立即终止营销活动，并依法立案调查，最终处理结果将及时公布。 据媒体此前报道，12月28日，有网友发视频称，在内蒙古自治区有公考辅导机构打出“来崇政好上岸，彩礼多要二十万”的横幅，引发网友讨论。据了解，该视频发布地点位于呼和浩特市，周边车辆车牌也有“蒙A”字样，有网友称，该机构为一家考公辅导机构。,262,https://news.cctv.com/2025/12/30/ARTIg4YEdZ2SDWlfi9eXEPkm251230.shtml,彩礼
People.cn,2025-12-30,2025年累计办理“全国通办”婚姻登记45万余对--社会·法治--人民网,记者12月30日在全国民政工作会议上获悉，自2025年5月10日全面实行婚姻登记“全国通办”以来，我国累计通办45.2万余对，开展电子档案异地调档16万余笔。 据介绍，在服务质效提升上，民政部持续推动婚姻登记机关拓展服务功能。目前全国已有500个婚姻登记机关选址于公园等标志性场所，打造兼具仪式感与纪念意义的登记环境。在婚姻家庭辅导领域，县级以上婚姻登记机关辅导室覆盖率持续提升，2024年底已达3029个。 民政部有关负责人在会上表示，在婚姻管理方面，民政部下一步将加强婚姻基础信息库建设，提升全国通办工作水平；同时，将会同有关部门规范婚介服务，研究制定新时代文明简约结婚礼仪规范，构建婚姻家庭辅导服务体系，倡导积极婚育观。（记者朱高祥）,320,http://society.people.com.cn/n1/2025/1230/c1008-40635624.html,婚姻登记;婚姻;结婚;婚育;婚介;婚礼
People.cn,2025-12-30,华亭：“零彩礼”的幸福新风尚,冬日暖阳下，华亭市山寨乡东街村张玉琴家的小院里绿意盎然，鲜花绽放。这位曾被邻里称为“难说话”的丈母娘，如今成了乡里“零彩礼”新风的代言人。 张玉琴家生活困难，儿子肢体二级残疾，丈夫腰椎间盘突出、半月板损伤。“以前大家都觉得把女儿养大不容易，要彩礼都是十四五万元。我女儿要嫁到南方那么远，我感觉彩礼不能少要。”张玉琴坦言。 转变始于今年华亭市启动的高额彩礼综合治理。 华亭市委社会工作部在全市县、乡、村三级联动下，迅速建立起一套立体排查体系，精准摸排适龄未婚女青年母亲群体，全面掌握婚嫁意愿。依托新时代文明实践阵地开设的“丈母娘婚俗新风课堂”，司法干部、妇联主席、乡贤能人组成的讲师团，用“政策+案例”的模式，细算彩礼的经济账和幸福账。 “我参加了三期畅聊会，老师给我们算了一笔账，彩礼要得高，小两口起步就难，贷款凑彩礼，婚后一起还，这债最后还是落在女儿女婿身上。”张玉琴说，“这笔账我以前从来没算过。” 更打动她的是“零彩礼”家庭的幸福分享。“看到那些不要彩礼的小夫妻，日子过得红红火火，我就想为啥人家能行，咱就不行？”张玉琴说。 思想转变，行动转向。当张玉琴向准亲家提出“零彩礼”时，对方既惊又喜。女儿和准女婿得知后，更是对未来充满信心：“妈妈说不要彩礼，我们特别感动。这笔钱现在变成了创业基金，我们打算开一家垃圾回收站。” “‘准丈母娘’畅聊会开办以来，已成功引导18对家庭达成低彩礼或零彩礼婚约，全乡彩礼下降40%以上。”山寨乡党委副书记郑凌云说，培训不仅转变了老一辈的观念，更激发了年轻人奋斗创业的热情。 华亭市委社会工作部部长王玉和介绍，通过选树“模范丈母娘”“低彩礼夫妇”等先进典型，让身边人讲身边事，用朴实话语引发群众共鸣；表演移风易俗群口快板、情景剧等节目，用青年视角传递新理念；在各平台推送案例、短视频，以鲜活方式触及年轻群体。 华亭市制定激励扶持措施，对践行新风的家庭给予政策倾斜；将“限彩礼、限宴席、限随礼”纳入村规民约；邀请乡贤参与修订红白理事会章程，构建起自治约束与正向引导并重的制度框架。 “嫁女儿不是卖女儿，幸福婚姻不是用彩礼衡量的。”张玉琴说，“看着孩子们轻松自在地规划未来，这才是父母最大的心愿。”（新甘肃·甘肃日报记者 田丽媛）,932,http://gs.people.com.cn/n2/2025/1230/c183341-41458540.html,婚姻;彩礼;婚俗;婚嫁;婚约;夫妻
