media,date,title,text,text_length,url,matched_keywords
People.cn,2023-01-05,婚前隐瞒重大疾病致婚姻无法存续--社会・法治--人民网,本报讯 婚前隐瞒精神疾病，婚姻是否可撤销？近日，广西壮族自治区陆川县人民法院审理了一起婚姻纠纷案，判决撤销罗某与黄某的婚姻关系，并责令黄某及黄某父母共同返还彩礼金7.68万元给罗某。 原告罗某和被告黄某于2020年6月经人介绍相识相恋，2020年7月3日双方办理结婚登记手续，罗某给予黄某及黄某父母总共7.68万元作为结婚彩礼。婚后一周左右黄某离家出走，罗某多次寻找黄某未果，直至2021年1月，罗某才从黄某父母口中得知黄某婚前就患有比较严重的精神疾病。 2022年7月罗某以黄某患有严重精神疾病导致双方无法共同生活为由将黄某诉至法院，请求法院撤销其与黄某的婚姻关系，并要求黄某及黄某父母返还彩礼金总共7.68万元。 法院审理后认为，依据查明的事实，黄某婚前已患有严重精神疾病，办理结婚登记前后未如实告知罗某，导致双方婚后无法共同生活。法院依法判决撤销罗某与黄某的婚姻关系，并责令黄某及黄某父母共同返还彩礼金7.68万元给罗某。（李金洪） 《中华人民共和国民法典》第一千零五十三条规定，一方患有重大疾病的，应当在结婚登记前如实告知另一方；不如实告知的，另一方可以向人民法院请求撤销婚姻。请求撤销婚姻的，应当自知道或者应当知道撤销事由之日起一年内提出。《中华人民共和国民法典》第一千零五十四条规定，无效的或者被撤销的婚姻自始没有法律约束力，当事人不具有夫妻的权利和义务。同居期间所得的财产，由当事人协议处理；协议不成的，由人民法院根据照顾无过错方的原则判决。无过错方有权请求损害赔偿。 本案中因黄某故意隐瞒婚前患有严重精神疾病的情况，所以法院依法判决撤销罗某与黄某的婚姻关系。因黄某的过错导致婚姻关系撤销，所以法院依法判决黄某及黄某父母共同返还彩礼金。,725,http://society.people.com.cn/n1/2023/0105/c1008-32600244.html,结婚登记;婚姻;结婚;彩礼;夫妻
China News Service,2023-01-10,“伴侣病了”成为一场对夫妻关系的考验,最近，社交平台上的风向，从朋友圈分享“自己阳了的体验”，到关注“阳康”之后的知识科普，还有分享“阳了之后，伴侣的反应和行为”，也令大家思考亲密关系和“阳康”之后的人生感悟。“伴侣阳了”“家庭成员阳了”成为一场对关系的考验，从各个角度考察两个人是否是合适的伴侣，家人能否一起处理好琐碎的日常、承担生活的重压。中国心理卫生协会会员、国家二级心理咨询师张燕也通过亲身感受，与记者分享阳前、阳中、阳后的心理解读与感悟。 阳之前的心理表现因人而异，有人出现“幻阳”焦虑，也有人产生自认“天选之子”的窃喜。 “开玩笑说自己是‘天选打工人’，别人都阳了，自己就是被留下来给全家人做饭的，或者被选中在单位干活的。这种调侃背后的心理，有一种在竞争环境中被特殊照顾、被优待的感觉。”张燕表示，也有不少人出现了焦虑心态，比如一直注重身材的人突然出现暴饮暴食，认为有正当理由让自己好好吃、好好睡了，但其实内心并没有“放开”，可能吃完之后就后悔了，这些都是阳之前出现的焦虑心态。 许多人对这样的段子深有共鸣——高烧40摄氏度的妻子仍戴着口罩在厨房烧饭，39摄氏度的娃活蹦乱跳，中的怕不是“跳舞株”之类，烧到38摄氏度的老公躺在床上“哎呀”声不断，感觉病得不轻。张燕表示，至于阳中的心理表现，许多人在朋友圈晒温度，引来许多朋友的关注，“卖惨”也是一种心理需要，被关注的感觉还不错。“大家调侃男同胞好像对病痛的耐受能力要弱一些，当身体出现状况时，对身边人会更苛刻，尤其是夫妻之间，觉得她不把自己放在心上，只顾着看手机。生病最脆弱的时候，看谁都不舒服。病人都有怀疑和否定的想法，产生没有人帮我，无助无望的情绪，更糟糕的想法都会产生，也很正常。这时候特别需要被看见、被照顾，像个婴儿一样。” 很多人阳了之后不会向伴侣寻求安慰和关怀，而是等待对方主动询问自己需要什么。如果对方无法“猜中”自己的心思，给不了满意的回应和照顾，就会失望，累积的怨念上升为对伴侣的不满和对关系的怀疑。这十分考验有没有在关系中建立起足够的安全感，是否缺乏对对方的信任。 生病和照顾病人不是一件单一的任务。这个场景下包含着很多问题的碰撞：两个人看待家务的态度，对疾病和政策的看法，处理突发问题的方式等等。重点还是要看是否有协调、求同存异的可能。 历经疼痛、怀疑、否定、无助、无望等种种复杂心理情绪，人们也由此对人生进行重新思考。张燕表示，其实人们一辈子都有被关爱的情感需求，需要家人对我们关爱照顾，结婚后移情，对父母的需要寄托在另外一半身上。但你会发现，夫妻相处，跟爸妈对自己的爱，还是有差别。有时候不会为对方委曲求全，也会招致怀疑，他爱我吗？这都是两性关系磨合中的正常阶段，每个人都会经历。”所以，面对新冠的考验，这时候对一个人好，往往更容易链接其情感。夫妻之间不妨利用危机，更好地表达情感，共患难和经历挫折，让情感更进一步。” 随着朋友圈陆续“转阴”，张燕认为，生活是变化的，大家要适应变化做好准备，迎接挑战。“我们会发现，关系和陪伴对我们来说无比重要。人生到底什么最重要，只有在最关键时刻，才能知道。平时我们马不停蹄工作，并创造价值，但在创造价值的同时，也不要忽略，更多安慰和陪伴家人，或许会带来幸福感和安全感。” 张燕说，“我们也充分意识到，生命需要合作，无论你是什么状态，都需要身边有人在，比如亲人，爱人，朋友。毕竟一个人的时间和精力有限，需要有同盟的人，需要与被需要，共同存在。在人际关系中，做好这一点，才能游刃有余。”因此，她建议，照顾好身边的人，提供服务和表达需要的事情，才能增进彼此感情。 另外，生活中有许多不确定性，我们努力的这个过程，可以扩大我们的生命质量。不妨多做一些可以让自己舒服，让身边的人开心的事情。 【,1536,https://www.chinanews.com.cn/life/2023/01-10/9931800.shtml,结婚;伴侣;夫妻
China News Service,2023-01-13,帐号永久封禁！“1888万天价彩礼”帖文事件最新进展,1月13日，知乎官方帐号“知乎小管家”发布公告称：知乎平台对发布“1888万天价彩礼”帖文的用户帐号进行永久封禁。 近日，“1888 万天价彩礼”事件引发了站内外广泛关注。小管家第一时间进行了核查，该内容出自某匿名用户于2022年10月16日发布的回答。该回答于 2023年1月12日被发布者修改为致歉声明，承认了杜撰事实。 我们进一步核查了其过往发布内容，发现该用户存在以互相矛盾的身份发布内容的行为。依据《知乎社区规范》，该用户存在“胡编乱造虚假或引人误解的背景、情节，欺骗、误导他人”的行为，引发严重后果，平台决定对该用户帐号永久封禁。 在知乎，有无数知友分享知识、经验和见解。用户对世界的认知可以有多样的表达方式，但我们倡导每一次回答都源于善良的心。 知乎会始终坚守平台底线，对恶意编撰行为绝不姑息。同时，我们也呼吁广大知友真诚分享、理性互动，不主动传播未经证实的内容。如遇真实性存疑的内容，欢迎广大知友通过“举报”途径，积极提供线索，共同维护专业、友善的社区生态。 近日，网友发文称被江西萍乡女友一家索要“1888万彩礼”，在引发“天价彩礼”讨论之时，也引发人们对该网友发布内容真实性的质疑。 据澎湃新闻报道，此前，知乎上有用户提问“大家觉得江西的女生怎么样？” 这一问题的回答引发人们对江西萍乡天价彩礼的话题讨论。在这条回答中，一匿名用户自称是上海“土著”中产，在美国留学时与一名来自江西萍乡的女留学生相识相恋，最终因结婚彩礼未谈拢分手。 该匿名用户称，前女友的父母向他提出1888万天价彩礼、数千万房产过户到女方名下、女方上百个亲戚每人给10万元红包等要求，他对此无法接受。 该帖子迅速引发关于“天价彩礼”的议论，也有网友对该帖子的真实性提出质疑。随后，知乎上该帖子被删除。 1月12日，萍乡市民政局综合业务科一位工作人员向澎湃新闻表示，民政局领导上午正开会讨论此事，即将在江西门户官网发表关于此事的通报。至于网帖所述事情是否真实，这位工作人员未透露更多信息。 另据新京报紧急呼叫记者从萍乡市官方获悉，网帖上所反映内容已派发给相关部门介入核查。参与该事件调查的一位人士表示，根据出入境情况核查，初步判断该文章内容系杜撰，当地彩礼上百万都极少。 1月12日晚，疑似发布“1888万彩礼”文章的知乎“匿名用户”，在知乎原话题“大家觉得江西的女生怎么样”下面发表致歉声明。 声明称，其于10月15日在知乎浏览“大家觉得江西的女生怎么样”的问题下的诸多回答，感觉到大家对彩礼话题非常关注。于是用匿名账号杜撰了一个上海年轻人被索要天价彩礼的情节完整的故事，并糅合了诸多网友帖子的冲突元素，意在了解大家对彩礼问题的看法。该帖子在10月16日于知乎发布，与网友进行诸多讨论互动之后我在10月23日将原贴内容删除。由于我的疏忽未考虑到网络关注度突然增加，因此特地向所有网友致歉、特别是向江西萍乡当地政府致歉。 该贴编辑时间为2023年1月12日20时54分，IP属地显示为上海。 针对该“匿名用户”的道歉，有网友表示“不用跟网友和江西政府道歉，应该给江西的未婚女性道歉。”有网友疑惑，“这种造成广泛传播、对当地女性有重大负面影响的造谣行为，需要负法律责任吗？”也有网友质疑该平台匿名道歉的真实性。 据江西萍乡市政府网站2022年5月16日消息，萍乡市民政局等六部门印发《关于遏制高价彩礼推动婚嫁移风易俗的实施方案》，要求因地制宜开展高价彩礼整治行动，建议彩礼不超过3万元。 方案要求，加强村(居)委会、红白理事会、道德评议会等自治组织建设，指导村(居)委会依法依规制定或修订村规民约(居民公约)，突出对婚嫁移风易俗的针对性、约束性和可操作性，支持对婚嫁彩礼、随礼、婚宴规模及婚车数量等婚庆事宜进行限高量化。探索建立收受给付婚嫁彩礼、操办婚丧喜庆事宜报备制度，加强全过程监督。 中国新闻社(CNS1952)综合自：知乎官方帐号、澎湃新闻、北京日报、钱江晚报、央视网等,1631,https://www.chinanews.com.cn/sh/2023/01-13/9934412.shtml,高价彩礼;天价彩礼;结婚;彩礼;婚嫁
People.cn,2023-01-13,人民热评：杜撰“1888万彩礼”，账号被封就完事？--观点--人民网,“1888万彩礼”发布者账号被永久封禁！据报道，近日，知乎网友发文称被江西萍乡女友一家索要“1888万彩礼”，其真实性备受怀疑，随后，作者承认杜撰事实。1月13日，知乎小管家发公告称，依据《知乎社区规范》对其永久封禁。 对涉事账号永久封禁，大快人心！但是，并不让人如释重负。原因很简单，此事极其恶劣，很有剖析价值。 长期以来，天价彩礼最容易触动大众的敏感神经。显然，这个知乎用户对此心知肚明。用匿名账号杜撰一个上海年轻人被索要天价彩礼的故事，并糅合诸多网友帖子的冲突元素，这是弄虚作假。这种做法是不道德的，既欺骗了广大网友，也伤害了江西人民的感情，还败坏了社会风气，该受到谴责。 如今，涉事用户已道歉，但这不能成为终点。惹出了事，两手一摊耸耸肩，就拍屁股走人，一句轻飘飘的道歉就能完事？如果不引入应有的惩戒措施，如何以儆效尤？ 一个细节是，该用户辩称，“由于我的疏忽未考虑到网络关注度突然增加”。用疏忽来为自己辩解，太轻佻，太苍白，丝毫经不起推敲。知乎小管家表示，该用户存在以互相矛盾的身份发布内容的行为。应追问，该用户是不是惯犯？如果是惯犯，平台的日常监管为何不能有力有效？ 据报道，江西省萍乡市相关部门此前已经介入此事，“初步判断该文章内容系杜撰，当地彩礼上百万都极少”。在以正视听的同时，也应依法采取措施追究相关人员的责任，以更好地维护自身形象。 此外，不能不追问的是，如此之假的帖子为何得以在知乎上大行其道？ 按照国家网信办发布的相关规定，在此事件中，无论用户还是平台都应担责。网络信息内容生产者不得散布谣言，扰乱经济秩序和社会秩序，这是底线要求。网络信息内容服务平台应当抵制不良信息，应该加强 这是道德问题，也是法律命题。无论用户还是平台，再追求流量，也不能恶意炮制不实信息，这同样关乎道德和法律。依法治理，绝不姑息，才有警示效果，相关人员不敢再炮制类似“1888万天价彩礼”的事件。,797,http://opinion.people.com.cn/n1/2023/0113/c1003-32606205.html,天价彩礼;彩礼
China News Service,2023-01-16,“天价彩礼”，透支幸福,近日，“江西1888万彩礼”的话题冲上热搜。不久，疑似“1888万彩礼”作者发文致歉，称自己是用匿名账号杜撰了一个上海年轻人被索要天价彩礼的故事。(1月14日《潇湘晨报》) 东拼西凑、胡编乱造虚假故事，欺骗社会、误导公众，平台对这种无聊之徒只是永久封号算是轻饶了。一个荒诞不经的虚假故事，为何引起网友的极大关注？除了对天价彩礼陋习的愤怒之情，恐怕还在于当地确实有部分地方存在彩礼泛滥、价格偏高等问题。一些地方的彩礼动辄数十万元，令男方苦不堪言。2021年3月，江西一家银行还曾经推出过最高30万元的“彩礼贷”，一时传为笑谈，后来被迅速叫停。 鉴于此，一些地方和部门也是看在眼里，急在心里，大力倡导、推动婚嫁移风易俗。比如，江西省萍乡市六部门于2022年5月印发《关于遏制高价彩礼推动婚嫁移风易俗的实施方案》，为婚事花费设置了参考标准，且提倡“零彩礼”，不收或象征性收不超过3万元的彩礼(聘礼)。别说“零彩礼”，就算3万元，相信很多人也是可以接受的。 翻开历史，1931年，中央苏区就制定了《中华苏维埃共和国婚姻条例》，其中规定禁止买卖婚姻，且“废除聘金、聘礼及嫁妆”。并对大操大办婚礼的现象予以曝光，严肃处理参与其中的干部。 彩礼在我国有着悠久历史，是重要的民俗之一。古代男子订婚，彩礼分成两部分，其中钱为财、物为礼，故称彩礼。男方力所能及给女方父母送点彩礼，以资助女方父母置办嫁妆、购买女方个人用品、贴补女方家庭等，本无可厚非，但过犹不及，个别女方父母不顾男方家庭经济状况，开口索要天价彩礼，使彩礼成为孩子婚姻的绊脚石，就有点不近人情，乃至坑害孩子。倘若男方支付不起，不得不举债送彩礼，会导致小家庭经济受挫，个人精神压力加大，从而影响夫妻感情、家庭幸福；倘若男方不愿意，对天价彩礼心存芥蒂，他可能会认为妻子是自己花高价“买”来的，导致对妻子缺乏尊重和爱护。无论出现何种情况，对小家庭、对女主人都不是好事，为人父母者当三思，切莫因小失大。 天价彩礼非治不可，萍乡市提倡“零彩礼”无疑是有的放矢。关键在于，如何让政府出台的倡导性规范求得最大公约数，被公众普遍接受，从而固化为“村规民约”“居民公约”式的民间规则。因此，需要多方协作、多措并举、有效奖惩，使之成风化人，行之久远，让不合情不合理的天价彩礼早日退出舞台。,956,https://www.chinanews.com.cn/cj/2023/01-16/9936316.shtml,高价彩礼;天价彩礼;婚姻;彩礼;婚嫁;夫妻;婚礼
China News Service,2023-01-17,部分婚恋平台找“托”来谈恋爱 上海人大代表建议对婚恋网站加强监管,针对婚恋网站诈骗愈演愈烈、各类交友App渐成犯罪“沃土”的现象，在近日召开的上海市“两会”上，上海市人大代表周瑜提出议案：希望加强婚恋网站管理，不符合条件的必须整改，整改不合格就应该下线。 对此，《法治日报》记者展开调查发现，由于注册门槛低，婚恋网站和交友App平台上鱼龙混杂、泥沙俱下，由此导致侵财案件频发。 从事金融行业、离异多年、女儿在澳留学……这些挂在婚恋网站上的“耀眼”标签，让自称“周永刚”的男子吸引了马女士的注意。马女士家住上海市青浦区，恰好也是离异多年，儿子长大后外出工作，日子久了，就想找位老伴，于是在婚恋网站上浏览婚恋信息。 两人“网识”后频繁聊天，一周后，周永刚问起马女士理财情况，透露自己在一个微信群中学习炒股知识，已经赚了不少钱，还邀请马女士进群。 从进群听课、充值VIP会员，到下载软件、投资购股……马女士前后投入超过700万元，但很快就开始亏损，提现更是困难重重，无奈之下只好报案。 警方侦查后发现，这是一个在各大婚恋网站上广撒网的“杀猪团伙”，总计诈骗数十名女性，涉案金额合计超过990万元。 据了解，近年来，上海警方屡屡侦破此类案件，不法团伙多以婚恋平台为载体寻找目标，而其大本营往往设在东南亚一带，团伙层级分明、分工明确，打着“寻找真爱”的幌子，一步步诱骗异性陷入投资陷阱，得手后便拉黑失联。 警方介绍说，在众多婚恋网站的诈骗套路中，“花篮托”最为常见。犯罪嫌疑人通常冒充成功人士，在取得对方信任后，会以公司开业、店面开张为由，要对方献花篮，给个账号等其付款后，当事人便再也无法与“花篮托”取得联系。 “一些受害者哪怕识破了骗局，却无从救济，因为一些婚恋网站本身就是坑……”周瑜说。 记者登录部分婚恋网站发现，不是实名制也可注册账户，甚至可以购买高级会员或者钻石会员，进而能随便寻找目标对象聊天。还有部分婚恋平台涉嫌侵犯个人隐私，甚至找“托”虚构恋爱场景来应对会员，骗取高额会费。 有专家认为，网络安全法明确规定，网络运营者为用户提供信息发布等服务时，应当要求用户提供真实身份信息。婚恋平台应强化安全意识、责任意识、诚信意识，严格执行相关法律法规，构建更全面的用户身份认证体系，确保用户身份的真实性，有效维护用户的合法权益。 周瑜认为，如果提高婚恋网站的注册门槛，规定用户注册时必须实名制和实行人脸识别，这样就可大大减少犯罪机会。 她建议，有关部门在整治婚恋网站时，既要强调实名制和实行人脸识别，还要强调个人信息的保护，不具备条件的平台必须下线。 在如何提升监管效能方面，周瑜建议，要成立专门受理投诉机构和投诉热线，要求婚恋网站及时公开投诉渠道，对于投诉的共性问题，有关部门要及时通过暗访调查核实后，对相关平台采取整改措施。 “婚恋网站不得通过伪造虚假信息等不正当手段误导消费者交纳费用。如出现此类问题，应该给予相应处罚，同时还要谨防一些没有上岗资格证的红娘套路消费者。”周瑜说。 针对上海市人大代表的建议，上海市婚姻介绍机构管理协会会长徐天立回应称，不同社交网站、交友App对会员的门槛是不一样的，但是严肃的婚恋网站一般需要实名认证、身份证注册，甚至人脸识别，这属于市场竞争机制的范畴，即网站越严格、门槛把关越严，信任度越高，相应低门槛的会被市场逐渐淘汰。 “婚协一般从三大方面进行监管。”徐天立介绍说，一是通过投诉热线收集负面信息，开展靶向监管；二是加强从业人员的培训和资质认证，提升从业队伍的素养；三是加强机构督导，设立“红黑榜”奖惩制度，曝光投诉率高的机构，表彰优秀专业的机构。 此前，上海市民政局就已针对婚姻介绍机构部署开展了专项整治行动，整治范围包括非营利性婚介机构登记和运营、分支机构设立和服务点备案的规范、婚姻介绍服务合同、征婚当事人信息资料留存的规范、提供服务活动记录的规范等。 上海市民政局副局长曾群说，专项行动主要聚焦“打、疏、立”三方面，在“打”的方面，查处专项整治行动中发现的违法违规行为，形成上下联动、突出重点的整治工作格局；在“疏”的方面，积极发挥婚介行业管理协会作用，建立婚介机构黑名单和异常经营名单，形成依法依规监管和行业自律相结合的局面；在“立”的方面，积极推动法规和政策修订，做好制度设计。 目前，上海市已经出台专门指导意见加强婚姻介绍服务机构监管，其中着重提到“规范线上运营”和“注重信息保护”。 【,1788,https://www.chinanews.com.cn/sh/2023/01-17/9936961.shtml,婚姻;婚恋;婚介;恋爱;对象
China News Service,2023-01-19,青海创新开展婚姻家庭辅导服务 提升民众经营幸福家庭能力,中新网 西宁1月19日电 (李隽马洁冰)19日，记者从青海省民政厅获悉，该省积极回应社会对婚姻家庭辅导服务的需求，于2022年首次投入资金30万元，探索通过政府购买服务在西宁、海东各县(区)婚姻登记机关实施“提升经营幸福家庭能力项目”，以“婚前培训”“离婚调解”“婚姻家庭辅导”“家庭课堂”4项服务和“不忘初心让爱回家”活动，开展婚姻家庭辅导服务，切实提升婚姻家庭的责任感和幸福感。 该省民政部门开展婚前辅导，帮助当事人做好进入婚姻状态的准备，努力从源头上减少婚姻家庭纠纷的产生，把婚前辅导作为“幸福护航”的重要环节，帮助未婚男女理智审视婚姻，准确定位家庭角色，合理分担家庭责任，检视并突破夫妻关系成长的困难，从源头减少婚姻破裂的机会，在爱启航前做足准备。 自项目开展以来，5名婚姻家庭辅导专家到6县(区)婚姻登记中心，累计开展坐班辅导服务67天次，累计服务人数214人次。 按照识别筛选、接案、评估与诊断、确定辅导策略、介入、资源链接、信息登记服务宣传和辅导总结的流程，民政部门为前往婚姻登记处办理离婚且愿意参加辅导的当事人开展离婚辅导。婚姻家庭辅导员对离婚对象的情况和问题进行初步评估，根据离婚对象的具体情况，采取直接介入、间接介入或者综合介入等辅导策略，让离婚对象充分进行思考与感悟，理智决定是否离婚，积极发挥婚姻家庭辅导“预防针”“稳定剂”的作用，截至目前，已有14对夫妻在离婚冷静期接受婚姻家庭辅导服务后放弃离婚登记。 该省社会组织通过不断创新辅导形式，丰富辅导内容，依托“集体婚礼”“颁证仪式”等载体，引导广大新婚青年自觉弘扬社会主义核心价值观，倡导树立简约、文明的婚俗礼仪。开展了集体颁证仪式暨文明婚俗宣传推进活动，弘扬积极向上的婚姻理念和节俭适度的婚俗文化，全方位、多角度助力提高群众婚姻家庭幸福指数。(完) 【,764,https://www.chinanews.com.cn/sh/2023/01-19/9938863.shtml,婚姻登记;离婚冷静期;婚姻;离婚;婚俗;对象;夫妻;婚礼
China News Service,2023-01-24,回老家过年，一个被催婚“95后”的怕与爱,2023年1月21日，农历新年来了。26岁的许非像往常一样跟随父母回到了四伯家和奶奶一起团年。年夜饭桌上，他提心吊胆地想父母或亲戚会不会当面催婚，所幸的是“躲过一劫”。过了初一，大家庭团年结束，他长舒了一口气。 许非已经回家快一个月了。2022年12月26日，在985高校读研的他回到湖北老家。正值传统节气里的腊月初，家里置办年货的日子。父母为了迎接他回来，多灌了三十斤腊肠。 但日子一长，他就发现这些物质的安稳不足以弥合他与父母的“精神间隙”。平常日子里，父母会有意无意地催婚。他只得采取拖延战术，避免矛盾爆发。 许非有过两段感情，但在他敏感的认知里，它们都不能被称作“爱情”。他始终记得蔡澜说：“可以相信爱情，但不要迷信。”他喜欢这个答案，带着期待的爱情。拉锯战中，他与父母达成了唯一共识——感情在前，婚姻在后。 如今，许非还有一年半就要毕业了。打算靠自己所学的计算机专业在二线城市安个家，当然也离不开父母的帮衬。他有时会迷茫，觉得自己不一定能经得住社会的锤炼。但是他依旧抱有超越一点现有生活的希望。 1月21日，大年三十，我和爸妈一起去看奶奶，她现在住在四伯家，所以照例要去那里团年。那边是乡下，往年我们都烧火盆取暖。现在条件好了，都开空调了，但火盆还是得烧，一烧一整天。柴火要填够，不能熄，寓意着新年红红火火。 年夜饭我们分两桌，一桌大人一桌小孩。都二十六了，我还是喜欢挤小孩那桌。然后和他们一起看电视，等春晚倒计时，快到十二点一起去放烟花。老家镇上的房子都是一家一栋的小楼，沿着路边拔地而起。每家都要在零点前把烟花在自家门前摆好。电视上新年钟声的响起，烟花沿着主路，照亮每家每户的夜空，新年就算到了。烟花炮竹燃放剩下的垃圾也不能扔，我奶奶说这是财，过完年才能扔。 老家亲戚住得近，大年初一一大早，我就去大伯家吃饺子。初二“回娘家”，我没结婚，就跟爸妈回姥姥家吃饭。 结婚的事他们两年前就开始催我了，今年也不例外。 1月7日，我和爸妈一起看电视，电视上在放小品，第一个讲大龄女青年被催婚，第二个讲生小孩。我当时就抱怨这演得太无聊。爸妈就说：“你们年轻人不懂，有家庭才会幸福，有人爱你照顾你。”我说：“现在年轻人工作压力大，自己都养不活。”我妈就觉得，“等有了孩子，再苦再累，回家看一眼小孩就幸福。”说到这我就沉默了。 我回家已经快一个月了，去年12月26日回的。有时外面待久了，总想回家看一两眼。但回去我就得想方设法让我妈高兴——刻意早起，按时吃早饭。在家我也不敢点外卖，我妈会觉得我浪费。那天回家他们来接我，还切了一盘我最喜欢的腊肠，是老家必备的年货。从农历腊月开始，年货就是爸妈的心事。他们一放假就会往市场上跑，看到品质好的牛羊鱼肉就会买去，腌制、吹干，做腊肉。往年家里都会准备二十多斤腊肠，这两年我在外面，爸妈就准备得特别多，有五六十斤。 两年前，爸妈向我催婚的时候说过，有一个稳定的家庭，我才有动力承担作为一个男人的责任。 但我不觉得。元旦假期，我和我妈一起去她表姐家。妈妈的表姐至今没结婚。每次回家后，我妈都说她家太冷清，虽然自在，那也是没有羁绊的、断裂的生活。 我爸妈的理想儿媳妇和绝大多数家庭一样——善良孝顺，条件相当。但他们还是和我说，前提是双方要有感情。反而我有时会劝他们，时代变化了，人心没有那么纯粹，找到一个交付真心的人很难。一个人也可以过得很好。 但他们不听，默认我过两年就会结婚。我只得采取拖延战术，画大饼：缘分未到，时机不成熟，等工作稳定了我再想结婚的事情……有时也会拿我屡次相亲失败的大表姐当挡箭牌：“你看急啥，我大姐今年都31了，催了几年了还不是没结婚。”能糊弄一次是一次。再过两年矛盾估计会更加激烈，我只能躲着。 在他们心中，我没有结婚，他们就没有完成自己的使命。 我有过两段感情。一段在大学，那是第一次真正意义上喜欢一个女生。还有一段是最近，和我青梅竹马的纠缠。两段都没有真正在一起。但于我而言，都是用了心的，结束时有种深深的疲惫感。但有时我会觉得，对她们的喜欢，就只是像喜欢一个还不错的人，我不能说我“爱”她们。我也问过朋友，爱情是什么状态和感觉？她说了一些我听不懂的话，让我去看《英国病人》。 于我而言，感情在前，婚姻在后。我不相信人性，很难轻易开始一段感情。而婚姻更像是考试作文，是最后一题的标准答卷。这个年纪你结婚了，主流社会才评判你通过了。我不喜欢孤独，但相比于两个人被迫结婚，孤独就变得可以忍受了。 我有个大学同学，也是老乡。他毕业后就上班了，做电子厂的运维，去年在双方家长的催促下结了婚，女方是之前的同事，他通知我结婚时很突然，我对他的感情印象还停留在他大学时的初恋。那时他很认真，虽然后来分手了，但他花了一年半才彻底死心。以至于听到他结婚消息时，我恍惚了一下，时间过得好快。 后来再聊起，就是他告诉我生活压力大，要还房贷，要照顾两边父母。我觉得他活得好累，但似乎也是很多人相同的处境。 还有一个小学很好的朋友也结婚了。之前看他朋友圈，他带着一双儿女吃肯德基，小朋友很可爱。那一刻我觉得他很幸福，也是属于我父母相信的那种家庭幸福。 但这似乎也不是我现在盼望的生活，记得他发朋友圈照片那天是星期三，我笑着和身边朋友吐槽：“我小学同学都儿女双全了，但我不羡慕。他要带小朋友周三去吃肯德基，浪费，我会忍一天，到疯狂星期四大吃特吃。” 家里长辈们大多在用抖音，他们还有一个抖音群，在一个圈子里互相关注，出门也会带自拍杆发抖音。来来回回推送给他们的都是差不多的东西。看到他们刷的内容我也会觉得无聊。例如我妈，以前爱看大师讲道理，例如“女人要改掉哪些缺点，才能幸福”，现在爱看“百善孝为先”、“感恩父母”的视频，还经常转发给我。 我们老家用抖音的人挺多的，不止中老年。有一次我喜欢的人(青梅竹马)发给我抖音视频，和我讲道理——抖音上某个“佛教大师”说：“路不通要学会转弯，心不悦要学会看淡。答案在明天。”那一刻我意识到，我们根本不是一路人。 其实我爸妈对我挺好的。我是学计算机的，考研考了三年，最后从一个二本上了一个985的非全日制研究生。这期间他们没有逼着我找工作，养家赚钱，反而一直给我提供经济支持。对我的工作也没有什么要求，觉得我能养活自己就好。我们这一代独生子女，很多父母倾尽所有付出，我爸妈也不例外——他们还计划着我成家了给我买房，准备了100万元首付，等我工作了给我买个车，帮助我生活起步。 《岁月神偷》里有一句台词：“做人，总要信。”我现在还是会想起《岁月神偷》里这句话，也依然渴望着爱情。蔡澜微博下面也有人问他：“还可以相信爱情吗？”他回答：“可以相信，不要迷信。”我喜欢这个答案。 学计算机不是我的爱好，只因为是热门专业，它成为了我的生存技能。但今年互联网就业不景气，我还没正式开始找工作，但得未雨绸缪了。以后我想选一个房价负担得起的城市生活——成都、苏州、长沙，那些地方都有自己独特的生活韵味。等实在坚持不住了，我再考虑回老家。有时我会迷茫，觉得自己不一定能经得住社会的锤炼。但是我依旧抱有超越一点现有生活的希望。平时我喜欢听民谣，等工作稳定了，闲下来，我想学个乐器，给乐队打工。,2923,https://www.chinanews.com.cn/sh/2023/01-24/9940999.shtml,婚姻;结婚;催婚;相亲
China News Service,2023-01-25,5位江西女性的彩礼调查：20万属中等，多以陪嫁形式返还小家庭,近年来，每到春节前后，关于“江西彩礼”的话题常常能刷屏。2023年1月上旬，一篇“江西女友向上海男友索要1888万元天价彩礼”的知乎帖文，登上各个平台热搜。虽然事后证实该事件系杜撰，发帖网友的知乎账号被封禁，但在网络上的各种评论区，依然有不少“江西女生不敢娶”的言论。 江西彩礼的现状究竟如何？5位来自江西省不同地市、在近3年内结婚或订婚的女性，近日向澎湃新闻分享了自己的真实情况。她们的彩礼数额分别在10万、20万、30万元左右等不同梯次，还有一位女士选择了“零彩礼”结婚。她们同时表示，绝大多数情况下，女方父母在收到彩礼后，都会再以陪嫁的形式返还给新组建的小家庭。 “江西女生不敢娶”，并非只是一个网络梗。现实婚恋中，确实存在被“江西彩礼”吓退的例子。 江西上饶28岁的刘女士，在南昌读大学期间，曾谈过一个外省的男朋友，因为感情发展得不错，毕业后刘女士见了男方家长，并谈论到了结婚和彩礼的事情。 “听说我是江西的，他父母认为我至少会索要50万元彩礼，于是坚决不同意我们在一起。”刘女士回忆，见家长时并未谈到具体数额，“50万”是男方父母臆想出来的数字，事后曾多次解释，江西的彩礼没有那么高、自己不会要那么多，但男方父母根本听不进，两个人之间也因此多次争吵，最后无奈分手。 后来，刘女士通过家人介绍，认识了老家同一个县城的现任男朋友，2022年两人订婚。“我们准备今年结婚，双方父母已经谈好了，彩礼18.8万元，‘三金’(指金戒指、金手镯、金项链)一共5万元，加起来就是23.8万元。”刘女士说，彩礼只是一种结婚习俗，金额并没有硬性要求，通常会选取8.8万、16.8万、18.8万等吉利数字。 “18.8万元的彩礼在我们老家县城属于偏低水平，身边朋友要30万元、40万元、50万元彩礼的也有，我比较理性，不太在意彩礼的高低。”刘女士进一步介绍说，要彩礼并非“卖女儿”，女方父母一般会在结婚时，将彩礼返还给新组建的小家庭，有些还会额外多返还一些作为女儿的陪嫁。返还的彩礼多由女方保管，会用于新婚夫妻购房购车，或是作为小家庭的储备资金等。 由于是硕士毕业，刘女士在同龄人中属于较晚谈婚论嫁的。据她对身边同龄人的观察，多数情况下，如果男方刚读完初中或高中就出来闯荡社会，工作和收入相对不是很稳定，女方的彩礼要价就高，并视其为婚后对女方的一份物质保障；如果男方学历较高，相对会有不错的工作和收入，女方对婚后的共同生活有良好预期，彩礼要价就会降低；如果男女双方学历、工作等各方面条件都比较优质，双方对彩礼的态度也会更加理性。 “高彩礼的背后，根本原因还是攀比心理在作祟，有些父母觉得彩礼要价越高，越能显示出女儿的金贵和男方的诚意，这种观念在农村地区尤其盛行。”刘女士认为，如今的年轻人受教育程度较高、观念更加开放，可以尝试主动参与商量彩礼事宜，说服父母不要将彩礼看得太重，“毕竟今后的日子是两个年轻人一起过，所以年轻人自己的意见最重要”。 刘女士说，江西的彩礼确实不低，但没有传说中那么夸张，天价彩礼只是极端个例，而且大多数是谣传。由于网络上形成了“江西彩礼高”的刻板印象，真实的声音反而更难被听见、被相信。 家在江西吉安的余女士 ，1月25日举办婚礼。她同样认为，网络上的说法存在失真。“我的彩礼是14.8万元，结婚时会返还，而且购买婚房我还出了18万元的首付。我另外一个朋友去年结婚也是14.8万元彩礼，我身边亲戚朋友彩礼没有超过15万元的。”余女士说。 今年24岁的胡女士，在老家江西宜春的一家银行上班，爱人老家在江西吉安、目前在江西南昌工作。两人于2021年5月结婚，孩子即将满1周岁。胡女士告诉澎湃新闻记者，她结婚时的彩礼是12万元，最后父母又添了8千元凑了个吉利数，共返还了12.8万元。这笔钱一直由胡女士保管着，在银行办理了定期存款。 “我们是在大学期间自由恋爱，我和我老公在南昌的同一所大学不同的校区，那时我正读大二，他正读大四即将毕业。”胡女士表示，两个人是奔着结婚谈的恋爱，所以并没有顾忌所谓的“毕业季也是分手季”。 “我老公最开始是留在了南昌，毕业前我去了广州实习，他辞职跟着我到了广州工作，后来我回到老家宜春上班，他又重新找了一份在南昌的工作。”胡女士解释，老公是程序员，宜春是地级市IT行业就业机会少，所以两个人不在一个城市工作，“南昌和宜春距离不远，坐高铁40分钟左右，他每个周末回家”。 “12万元的彩礼数额是我妈提的，我老公一口答应了，没有任何的来回拉锯，房子和车子是他在婚前就已经买了。老公给我买的‘三金’，我挑的都是比较细的，一共2万多元，结婚酒席是在各自的老家各办了一场，费用由两家各自承担，因为是普通农村家庭，花费不多。”胡女士算道。 胡女士介绍，12万元的彩礼在当地属于中下水平，一般以16万元或18万元居多，周边部分县已经到了最少20万元起步。彩礼金额通常由女方提出，结婚时基本都会以陪嫁的形式返还，如果女方家的经济条件困难，只返还一部分或是不返还的情况也有。 胡女士以身边朋友举例，“我有一个朋友，结婚时没有要彩礼，现在很后悔。她曾倾诉，由于男方父母没有花费一分钱彩礼，轻而易举就将儿媳妇娶进了门，婚后公公婆婆对她不够尊重，夫妻之间每次吵架，也总会拿当初没有要彩礼来说事。”所以胡女士认为，彩礼还是有必要，新家庭可以将其作为备用资金，万一遇上双方父母生病等突发情况，也能有一笔钱应急。 “但彩礼的数额应该降下来！”胡女士强调，“江西的彩礼水平确实偏高，对刚参加工作的年轻人而言，如果要个二三十万元，年轻人是很难给得起的，最后还是男方父母买单。我觉得，给个6.8万元或是8.8万元，应该是一个比较合适的区间。” “谈婚论嫁，彩礼不是最重要的，两个人能互相包容合得来，才能长长久久。”胡女士说，“以我为例，我的脾气比较冲，我老公的性格相对沉稳，两个人产生分歧时，他总是会尊重理解我，我们能从校园恋情走进婚姻殿堂，这是很关键的一点。现在我们俩都在努力攒钱，打算再在南昌买一套房，以后一家人就可以每天在一起了。” 今年28岁的卢女士，刚生完孩子没多久，定于1月27日举办婚礼。她的老家在江西鹰潭，爱人的老家在江西赣州，两人此前是同事，2017年在工作中认识并相恋。 卢女士告诉澎湃新闻记者，她的结婚彩礼是38.8万元，由于男方手头比较紧张，暂时只给了20万元彩礼，其中有一半是男方父母出的。彩礼会全部返还给新家庭由女方保管，女方父母这边，则会购置婚被等作为陪嫁以示祝福。另外结婚的“三金”是5万元，婚宴在双方老家各办一场，费用由男方承担。 “我38.8万元的彩礼，在鹰潭属于平均水平，数额是舅舅给出的参考，我身边的亲戚结婚彩礼都在30万元左右。”卢女士说，这在鹰潭市不算最高的，彩礼按照惯例会予以返还，女方家因为经济困难不返还或者返还部分的只占少数。 卢女士认为，彩礼在20万元至30万元区间，是比较合理的，因为在江西农村娶媳妇确实不是一件易事。但彩礼最好还是返还给新成立的小家庭，“新婚夫妻大多很快会要孩子，女方生育后很可能一段时间内无法工作，加上孩子刚出生各方面花销大，所以新家庭正需要这笔彩礼，作为婚后共同生活的启动资金”。 “上个世纪八九十年代，江西农村重男轻女，导致如今的农村适婚男女比例失衡，于是彩礼被迫成了男性在婚恋市场上的一种竞争手段。男方如果彩礼太低，可能连和女方见面相亲的机会都没有。”卢女士说，在这种情况下，有部分家庭就会举债娶媳妇，“我表弟是2020年结婚的，当时彩礼是28.8万元，其中有8万元就是借的”。 不过，在江西，并非每位女生结婚都会要彩礼。当下，“零彩礼”也越来越被年轻人接受。 1月18日，是 家在江西赣州的周女士 举办婚礼的日子。周女士的丈夫是广东人，两人结婚没有要任何彩礼。因为两家距离太远，婚礼选择了在家中简办，除了传统的敬茶、改口环节，几乎没有太多仪式，男方只承担了办酒席以及给女方亲戚包红包的费用。 周女士表示，人品比彩礼更重要。丈夫对自己的家人很上心，在结婚之前父亲曾生病，那段时间丈夫出力很多，平时家中有大小事情，丈夫都会里外帮衬，所以父母对这个女婿很满意。“而且在我丈夫的广东老家，彩礼本身就比较低，所以即便不要彩礼嫁给他，也不会被说闲话。”周女士坦言，如果是“零彩礼”嫁在赣州本地，可能还是会遭受一些异样的眼光，毕竟不少人的观念还没有扭转过来。 为了有效扭转“彩礼越高越好”的陈旧观念，近年来，江西也一直在想方设法整治“天价彩礼”。各地纷纷推出了党员干部带头抵制高价彩礼、将彩礼不高于一定数额写入村规民约、为新人举办“零彩礼”集体婚礼等各种举措，大力倡导文明嫁娶新风尚。(澎湃新闻 记者 罗振宇) 【,3543,https://www.chinanews.com.cn/sh/2023/01-25/9941436.shtml,高价彩礼;天价彩礼;婚姻;结婚;婚恋;彩礼;适婚;恋爱;相亲;夫妻;婚礼
China News Service,2023-01-25,当春节变成“催婚节”，返乡年轻人如何度过？,中新社 北京1月25日电 题：当春节变成“催婚节”，返乡年轻人如何度过？ “每逢佳节被催婚”，春节更是催婚“旺季”。对于已在北京工作五年的陈先生来说，家长催婚是每次回老家过年的“保留节目”。“前两年担心疫情没回家过年，家里人催婚还有点鞭长莫及。今年回家后，父母不仅自己催，还发动各路亲戚轮番上阵，尤其喜欢拉来已婚的同辈人，让其在饭桌上‘言传身教’，‘结婚优点多多’的意思很明显。” 疫情防控政策调整后的兔年春节，许多年轻人返乡与家人团圆的同时，也多了面对面被催婚的焦虑，春节成了不少年轻人的“催婚节”。“过年期间的催婚压力是最大的，我大年初二下午串亲戚，至少被‘提点’了三次。”今年25岁的徐女士对记者说。 春节期间，催婚话题已多次登上社交媒体热搜榜，引起不少网友共鸣，比如“回家几天就被催婚几天”，“以前过年朋友圈都是抱怨亲戚问成绩，现在过年都是烦恼长辈催婚”……长辈催婚方式花样迭出，年轻人绞尽脑汁想反催婚妙招，双方各有说不出的无奈。 近年来，中国初婚人数连年下降。《中国统计年鉴2022》显示，2021年中国初婚(即第一次结婚)人数为1157.8万人，比2020年减少70.8万人。在年龄上，根据《中国人口普查年鉴—2020》，2020年中国平均初婚年龄为28.67岁，比2010年的平均初婚年龄(24.89岁)推迟近4岁。 湖南省卫生健康委员会特邀专家彭泽说，当前，全球结婚率普遍呈持续下降趋势，适婚人群的低结婚率与父母对子女的高结婚期待形成明显对比。父母对子女婚恋的期待，源于长期以来形成的生活经验与文化信念，如“男大当婚，女大当嫁”的婚恋观，促使父母对子女的婚恋有了较高期望。“这与当代青年实际情况是有所差异的，因此催婚就成为当前热门话题。” 面对重重催婚，陈先生对记者表示，在大城市工作生活压力不小，结婚成家还需买房，然而家长能提供的帮助有限。“我明白家长初衷肯定是为子女好，但结婚后生活工作都不可避免受到影响，家长可能无法完全理解现在年轻人面临的压力，我想晚两年再考虑结婚。” 专家指出，不同于三、四线城市熟人社会，大城市工作节奏快、社交圈窄、生活成本高，以及年轻人如今选择伴侣愈加谨慎，“脱单”成为不少人的共同难题。同时，很多人通过自身努力在家庭之外实现了物质生活和精神世界的自给自足，加上包容的社会观念和日益完善的保障体系，在不少年轻人眼中，婚姻成了选择题，而不是一个必须完成的任务。 面对婚恋观念的代际差异，北京两高律师事务所律师、婚姻家事法律专家张荆建议子女不要让催婚话题成为雷区，“一点就着”。在外的子女可以想办法让父母了解自己目前的工作和生活环境，缩减两代人之间对彼此生活状态的认知鸿沟。婚姻归根结底是年轻人自己过日子，选择合适的终身伴侣才是正确的婚姻观。 自从徐女士大学毕业正式工作之后，家人就陆续给她介绍对象，一开始她表现出较强烈的抵触情绪，后来经过沟通，父母就很少催婚。徐女士的妈妈说，她只是觉得孩子到了适婚年龄可以考虑结婚，而不是硬催，尽量站在女儿的角度多考虑。“不是每条鱼都在一个海里，只要孩子幸福，结婚或单身都没关系，尊重孩子的想法，前提是她过得充实自在，心灵不孤单。”(完) 【,1310,https://www.chinanews.com.cn/sh/2023/01-25/9941474.shtml,婚姻;结婚;婚恋;初婚;催婚;适婚;单身;脱单;伴侣;对象
China News Service,2023-01-28,33岁舅舅被6个外甥“催婚”：不要红包，要舅妈,“不要红包，要舅妈。”这个春节，四川内江一名33岁的单身舅舅被6个外甥催婚的视频火了。 1月25日，被催婚的“主角”婉拒了记者采访，拍摄视频的姐姐刘女士告诉记者，当天弟弟在朋友介绍下去相亲了，但没有相中。几年前，弟弟曾谈过一次恋爱，但因为女方催婚催得急，加之彩礼要得比较高，两人分开了。“这个视频(火了)后，也有人联系我，说要相亲。”刘女士透露。 刘女士1月22日拍摄的这段视频中，一名男子坐在塑料凳上，几个孩子围着他拜年，嘴里不停喊着“我要舅妈”。 刘女士告诉记者，33岁的弟弟至今未婚。“这个事已经催了很多年，之前家里人也在催。”老家在内江市高桥街道的刘女士说，今年大年初一时，她带着弟弟和一堆小朋友去大姐家拜年。“一堆小朋友就吵着舅舅‘要舅妈’，当时我顺手拿着手机就拍下来了。”刘女士说，弟弟被6个外甥催着“要舅妈”，这些孩子最大的28岁，最小的也有7岁了。 1月22日，刘女士将这段视频上传至抖音后，很快便火了起来。有网友称这是“大型逼婚现场”，舅舅“压力山大”，也有网友希望自己的外甥不要这样。“网上炒得比较多，他心态比较好，说‘没事啊’。”刘女士说，但一堆小朋友吵着弟弟“要舅妈”，他说“耳朵都吵烦了”。 正在回广州路上的刘女士说，1月25日，弟弟在朋友介绍下去相亲了，但没有相中。 在她看来，弟弟不爱说话，性格比较内向。“现在的男孩子找对象，要是嘴巴不甜一点，就很难找。”刘女士说。“(视频火了后)现在网上已经有人和我联系，说可以了解一下。”刘女士说，对此，弟弟也说“可以”。“可以了解一下，觉得合适也可以见面。” 北京两高律师事务所律师、婚姻家事法律专家张荆在接受央视网记者采访时表示，年轻人抗拒被催婚，主要原因在于不喜欢别人干预自己的人生大事，加之一些父母居高临下的态度，让子女和父母在成家结婚的问题上很难达成共识。此外催婚还会牵扯出是否买房、有无稳定收入等其他问题。 但张荆建议，子女不应让催婚的话题成为雷区，“不要‘一点就着’，就好像这个问题根本提都不能提。另外也不要害怕这个问题，甚至因为害怕去租男女友、对父母撒谎、吵架，我觉得这是在回避问题。” 绵阳师范学院社会学老师蒋洪接受记者采访时建议年轻人多听听长辈的建议。同时在婚恋观念变化的情况下，家人尤其是父母也要理解年轻人，多加强沟通，理解年轻人的规划，以及面临的困难等。 成都商报-红星新闻记者 姚永忠 【,991,https://www.chinanews.com.cn/sh/2023/01-28/9942362.shtml,婚姻;结婚;婚恋;彩礼;催婚;恋爱;相亲;单身;对象
China News Service,2023-01-28,美国研究人员调查发现 幸福婚姻有益心脏病康复,幸福婚姻是否有助于心脏病康复？美国研究人员开展研究后得到了肯定结果。 据英国《泰晤士报》近日报道，耶鲁大学研究人员在美国103家医院调查了1593名因心脏病住院的患者，让这些平均年龄47岁的患者完成婚姻与健康状况调查问卷。在接下来的一年内，研究人员根据特制量表评估他们的康复状况。 结果显示，40%的女性和30%的男性在婚姻中感受到极大精神压力，在总分为12分的身体健康、心理健康评估表中，这些人平均得分比其他人分别低1.6分和2.6分。与婚姻中感受到中等压力和没压力的人相比，这些人报告胸部疼痛的可能性高67%，因各种原因重新住院的几率高50%。,274,https://www.chinanews.com.cn/life/2023/01-28/9942603.shtml,婚姻
People.cn,2023-01-29,日本财团开展“18岁意识调查”：仅16%认为将来”一定会结婚”,日前，日本财团以17岁至19岁的日本青年为对象开展了“18岁意识调查”。调查结果显示，针对结婚意愿的问题，认为“将来一定会结婚”的受访者仅有16.5%。 该调查在互联网上进行，共获得一千人的有效回答。在受访者中，有结婚意愿的占比约为65%，但在精神层面和经济层面却感到不安。其中，认为将来“一定会结婚”的有16.5%，“大概会结婚”的有34.5%。而70%的人表示对快速发展的少子化抱有危机感，最希望政府实施的政策是“教育无偿化”。,216,http://spfjc.people.com.cn/n1/2023/0129/c392638-32613682.html,结婚;对象
China News Service,2023-01-30,四川生育登记取消结婚限制及生育数量限制,视频：四川生育登记取消结婚限制 是否结婚的限制，同时取消了生育数量的限制。 四川省卫健委称，完善生育登记制度，是实施好三孩生育政策及配套支持措施的内在要求，是完善国家生育登记管理制度、健全覆盖全人群和全生育周期的人口监测体系的重要举措，是强化人口服务体系建设、提升基层服务管理水平的基础性工作。 在此背景下，《办法》对2019年3月20日出台的《四川省生育登记服务办法》进行了修订完善，共十六条。 值得关注的是，《办法》取消了对登记对象是否结婚的限制条件，将生育登记的重心转移到生育意愿和生育结果上来，回归人口监测及生育服务本位。 此外，《办法》取消了生育数量的限制。《办法》规定，凡生育子女的公民，均应办理生育登记。 《办法》自2023年2月15日起施行，有效期五年。(完) 【,340,https://www.chinanews.com.cn/sh/2023/01-30/9943794.shtml,结婚;对象
China News Service,2023-01-30,江西为“天价彩礼”降温：零彩礼，不丢人,在网传的2022年全国彩礼排行榜上，江西以不含车房的38万元彩礼高居榜首。虽然网传信息不够权威，但“天价彩礼”确实是各地丈母娘“棒打鸳鸯”的利器，也让一些农村家庭面临“娶妻难”的尴尬。如何为“天价彩礼”降温？江西各地采取了不少实招新招，以期移风易俗。 在昔日的贫困县抚州市广昌县，一家婚介所的老板郑森华说，农村人嫁女怕被说闲话——“辛苦培养的女儿白送给别人”“不收彩礼，女儿要被退回来”。过去有段时期，当地彩礼低于12.8万元免谈，有的除了彩礼，还要求有“一动(车)不动(房)”以及“万紫(五元纸币颜色)千红(百元纸币颜色)”才行。 当了近50年媒人的鹰潭市余江区潢溪镇金墩村潘水兰说，在攀比心作祟之下，当地彩礼曾经平均在40万元左右，有的甚至“高到没有边”。81岁的石城县屏山镇长溪村村民赖世钦说，移风易俗工作推动之前，村里的结婚红包礼数多达36种，按最低标准也要花费1.5万元，再加上彩礼钱，娶个老婆一二十万元少不了，而不少农村家庭的年收入不过三五万元。 在一些农村地区，适婚单身男女青年比例失调，也让农村男青年娶媳妇变得困难。一名村支书说，当地20岁至40岁的适婚单身青年中，男性将近150名，女性不到20名，“就算外出打工，20个男孩，顶多一个能自由恋爱成功”。 过去，不少媒人总觉得多要彩礼才能彰显“女方金贵、男方诚意”。为此，江西通过探索举办媒人培训班，让媒人“换思想”“改做法”，成为移风易俗的宣传员、示范员。 在鹰潭市月湖区香山社区，做了10余年媒人的郑建妹被培训班上讲述的一桩血案触动——有男子在给了22.8万元彩礼后，疑似因未婚妻悔婚将其杀害。“做媒不仅仅是撮合，也要承担社会责任。”郑建妹说，比起彩礼是否丰厚，她现在更关注新人能否长久。当了25年媒人的祝新凤甚至甘当榜样——2022年“零彩礼”嫁女，还陪嫁了一套房产。在她看来，老思想是该变变了，只要新人幸福就好。 此外，江西多地还通过完善制度、加强引导、规范管理等举措，持续在婚俗领域推动移风易俗。 广昌县早在2017年就将各村移风易俗工作考评情况纳入村干部绩效考核范围，2022年将其纳入意识形态责任制考核、纳入干部教育培训内容。2022年9月28日，广昌县为“零彩礼”的10对新人举办移风易俗集体婚礼，大力宣传倡导新婚尚。参加集体婚礼的新娘饶九秀说，婚礼在线直播，观看量破4万人次，这么热闹又有仪式感的婚礼，是多少彩礼都换不来的。 2019年7月，鹰潭市月湖区公布婚丧喜庆事宜操办标准，提出“结婚彩礼总数控制在8万元以内”“每对新人红娘一般不超过2人，媒礼每人每桩控制在1000元以内”等具体细则。月湖区委宣传部副部长董治华说，这些标准都是在充分打捞民意并结合当地实际后提出的，能够获得群众认可，推广较为顺利。2022年以来，区里涌现了21对“零彩礼”新人。 赣州市石城县屏山镇长溪村妇女主任赖彩霞说，村里成立祠堂理事会，理事会成员对家有喜事的村民推广婚事新办，将“彩礼最高不超过5万元”“宴席不超过15席(150人)”等具体内容写入村规民约。目前，村里彩礼在3万元左右，婚事花费也减少至过去的1/5。 基层干部认为，移风易俗非一日之功，各地需在资金保障、信息平台搭建、党员干部带头等方面主动作为，持续发力。 一要保障资金，让移风易俗可持续。基层干部反映，推行婚事新办不是没办法，只是部分乡镇和村庄重视不足，缺乏工作积极性，需要通过政策引导进一步调动基层自治组织参与的热情。以广昌县为例，自2017年起，县财政每年安排200万元专项资金，按工作成绩给予村民理事会8000元到1.2万元的经费支持，用于硬件建设；如群众对理事会成员的满意度达到优良，理事会成员一场婚事还能得到200元的误工补贴。 二要完善服务，搭建婚恋信息共享平台。从2019年起，鹰潭市余江区洪湖乡官坊村尝试建立线上相亲微信群，但目前相亲群只有不到50人。洪湖乡乡长柴玲琳说，村级层面建立信息库存在资源不足、覆盖面窄等难题，建议在更高层面搭建信息平台，探索“点单媒人”等功能，便于农村单身男女认识、交流。 三要党员带头，发挥基层党组织的引导示范作用。石城县屏山镇新坊村党支部书记陈小林的儿子2022年8月结婚，儿媳是邻村人，没提任何彩礼要求，双方办酒席下来一共只花费不到10万元。陈小林说，村里零彩礼、低彩礼很常见。 石城县民政局副局长赖华等人建议，要鼓励党员干部带头移风易俗，并通过探索村民理事会做媒等方式，淡化媒人的盈利色彩，增强基层干部的信誉度和凝聚力，减少因彩礼而产生的民事纠纷。(半月谈网 半月谈,1875,https://www.chinanews.com.cn/sh/2023/01-30/9943542.shtml,天价彩礼;结婚;婚恋;彩礼;婚俗;适婚;婚介;恋爱;相亲;单身;婚礼
People.cn,2023-01-30,离婚后住哪儿？年近八旬大爷犯了难,老人离婚后，住房问题如何解决？铜梁法院在审理一起涉及居住权的案件时，成功引导原被告依照《民法典》对原告居住权进行了明确，让已年近八旬的原告离婚后有房可居。 “真过不下去了，必须离婚！”李大爷和王婆婆以夫妻感情不和，起诉至铜梁法院旧县法庭要求离婚。审理中，法庭查明原、被告感情确已破裂，但双方一直无法就共有房屋分割问题达成一致。 对这一问题，承办法官细致了解原委，耐心进行调解。原来，这对老夫妻是再婚，结婚38年来，两人未生育子女，有一处共有房屋。 说到该房屋的分割问题，李大爷有些激动。“我不是图财产，就是担心离婚了我没地方住！”李大爷说，自己年事已高，膝下又无子女，若房屋归女方，自己则将无房可住。 同时，承办法官也了解到，李大爷一直独居在两人该处共有房屋内，而王婆婆则长期在儿女处生活，并不与李大爷一起居住。 于是，承办法官从“老年人离婚分割财产引起的居住利益保障”角度，引导当事人适用《民法典》第三百六十七条，协商设立居住权，并在调解书中加以明确。承办法官向当事人释明，设立居住权，应当向登记机构申请办理居住权登记。经过法庭耐心细致地调解，双方协商一致解除婚姻关系，王婆婆自愿放弃房屋的所有权，双方对案涉房屋为李大爷设立居住权，直到其去世为止。 《民法典》中居住权的设立不仅保障了弱者皆有所居，还能让有房者以房颐养天年。本案中，承办法官根据《民法典》中关于居住权的条款对双方当事人进行准确的释法明理，引导双方当事人对居住权进行了确认，既处理了双方当事人离婚纠纷，也使老人离婚后居住权利得到保障。 《民法典》第三百六十六条规定，居住权人有权按照合同约定，对他人的住宅享有占有、使用的用益物权，以满足生活居住的需要。 第三百六十七条规定，设立居住权，当事人应当采用书面形式订立居住权合同。 第三百六十八条规定，设立居住权的，应当向登记机构申请居住权登记，居住权自登记时设立。 根据上述规定，设立居住权不仅需居住权人与所有权人订立书面合同，就居住权事宜进行明确约定，而且还需要向登记机构申请办理登记。居住权自登记时设立。 另，我国《民法典》第三百七十一条规定，以遗嘱方式设立居住权的，参照适用居住权章节的相关规定。所以，居住权设立方式可以是书面合同也可以是遗嘱。（记者 黄乔）,938,http://cq.people.com.cn/n2/2023/0130/c365402-40281793.html,婚姻;结婚;离婚;再婚;夫妻
China News Service,2023-01-31,专家谈多地生育登记取消结婚限制：是积极变化，包容非婚生子,近期，四川省卫健委官网印发《四川省生育登记服务管理办法》(以下简称《办法》)，一是取消了是否结婚的限制，将生育登记的中心转移到生育意愿和生育结果上来，回归人口监测及生育服务本位；二是取消了生育数量的限制，凡生育子女的公民，均应办理生育登记；三是简化了生育登记的要求。 此《办法》引发众多网友热议。有网友对此新规表示支持，认为这体现了不论婚生或非婚生子女，一律平等对待的态度；也有网友表示不理解，认为这下是否“可以不结婚了”。 澎湃新闻(www.thepaper.cn)注意到，对于生育登记松绑，四川省并非首例。 此前，安徽省卫健委已公开向社会公众征求意见，拟在办理生育登记时不再受生育子女数量的限制，也不再受结婚登记限制；广东省卫健委2022年5月1日起也在生育登记的主体上做了较大拓展，不论是否结婚，并涵盖了本省居住的省内户籍和外省户籍人口等。 生育登记制度是什么？取消“是否结婚的限制”意味着什么？释放哪些信号？1月31日，澎湃新闻采访了人口学专家和多次代理单身妈妈权益案件的律师。 澎湃新闻注意到，面对所谓“不婚生子”的言论，四川省卫生健康委员会人口家庭处一位工作人员在接受九派新闻采访时指出，《办法》并非鼓励不结婚生孩子，而是为了保证“未婚生孕”人群的权益，其进行生育登记后就享有一系列妇幼保健的服务。“生育登记就是一项纯粹的管理生育人口的工作”，涉及伦理、法律的讨论是另外的问题。 澎湃新闻刊发评论文章指出，四川这一新规，符合一切为生育服务的大趋势。取消种种限制，去除其中的道德化评价，恰恰是将选择的权利交还给每一个公民，政策层面只需要做好兜底保障，所谓“服务型政府”，也正体现于此。 “这是一个好的消息，尤其是对女性来说是非常好的消息。”北京市两高律师事务所副主任、北京市律协婚姻家庭专业委员会副主任张荆在接受澎湃新闻采访时认为。 从这一系列的政策可以看出四川省政府正在松绑与限制生育有关的政策，也会提供相应的政策支持。比如，地方会提供生育补贴，以及相关的生育假、产假。“这些都是围绕解决生育率低的问题做出的调整，四川出台该《办法》的目的应该是这样。”张荆说。 张荆解释，生育登记又叫做生育登记管理，本质上需满足社会管理的功能。过去，生育服务登记和计划生育相配套的一项制度，那时为了方便管理生育的人口，必须得在合法婚姻关系的范围内才能生育子女。 张荆称，生育服务登记是一项纯粹的管理生育人口的工作设计，他们只对于人口的出生进行登记、统计、管理、分析、报数据，这是有关部门的职责范围。“生育服务登记不只是发准生证，还有关于避孕等配套措施，比如可以领取免费的避孕工具，都涵盖在这项生育服务登记中。” 简化生育登记程序意味着什么？张荆举了一个例子，以前，每一个生育过的家庭都会有去当地保健部门办理生育证明的时候，“当时要求提交各种材料，提交不够，就不能办准生证。现在简化后直观的变化是不用提供结婚证那么多的材料就可以办理。” 张荆认为，这项规定的出台，能够从一定程度上保障单身妈妈在生育中的合法权利，比如对于工薪人群来说，有了生育登记之后可以办理出生证明，此后可以享受生育津贴和合法的产假。 中国人口学会副会长、西南财经大学教授杨成钢告诉澎湃新闻，《办法》里有两个重点，其一是关于生育登记不以婚姻为前提。 杨成钢认为，这是一个很积极的变化，顺应了社会文明的发展趋势。两年前，中央印发《中共中央国务院关于优化生育政策促进人口长期均衡发展的决定》，其中强调了增强生育政策的包容性。 “包容性的内容既包括对生育数量的包容，也包括对非婚生子、非婚生育的一种包容。”杨成钢提到，一方面我国正式的婚姻制度和文化传统、社会习俗都是主张婚内生育的；另一方面，对于非婚生育也要给予包容，不能对非婚生育、特别是对非婚生育的孩子有所歧视。 杨成钢称，生育登记意味着承认孩子的社会权利，比如进行正常的户口登记、升学、就业的权利。“婚生孩子拥有的社会权利，非婚生孩子也都应该拥有。”杨成钢称，从社会文明的变化趋势来看，婚姻制度的存在既要对婚姻有所保护，同时也要对个人权利特别是对孩子的权利给予足够的尊重。不能因为孩子不是婚内所生，就剥夺他在社会上的生存权利。 “从这个意义上来讲，现在做的改变，是一个积极的改变。”杨成钢表示。 其二，对于《办法》中提到简化生育登记的要求，特别是其中关于没有必要的合法证件，只凭情况说明和个人承诺就可以进行生育登记的条款，杨成钢对此持保留意见。此举容易被不法分子利用。 “我们国家目前还客观存在着一些拐卖儿童、拐卖妇女等这些违法犯罪的活动。”杨成钢认为，简化流程应该更多的体现在提高生育登记的效率上，使生育登记的工作流程合理化，而并非简单的简化，更不是指生育登记的工作变得简单粗糙。 澎湃新闻梳理发现，对于生育登记尝试松绑，四川省并非首例。早在2021年6月，《中共中央国务院关于优化生育政策促进人口长期均衡发展的决定》印发，决定实施三孩生育政策及配套支持措施，其中提出“完善国家生命登记管理制度，健全覆盖全人群、全生命周期的人口监测体系，密切监测生育形势和人口变动趋势”。 澎湃新闻注意到，目前全国有广东省、安徽省、陕西省、福建省在各自的生育登记办法中，都放宽了生育登记的要求，并未将是否结婚作为限制性条件。其他省市在生育登记中明确提及需提交夫妻双方结婚证，此外有省份例如河北省在其生育登记管理办法中明确指出，已满法定婚龄但未履行婚姻登记手续生育的，由计划生育行政部门书面通知其在3个月内办理婚姻登记；逾期未取得婚姻登记证明的，按照不符合法定条件生育子女处理。 2022年，广东省发布的《广东省卫生健康委关于印发生育登记管理办法的通知》就规定：拟生育子女的夫妻，应持双方身份证或户口簿，到办理机构或网上平台填写提交《广东省生育登记表》。未办理结婚登记的，应持身份证或户口簿，到办理机构或网上平台填写提交《广东省生育登记表》。 据《安徽商报》报道，2022年8月30日，安徽省卫生健康委在《关于完善生育登记制度的实施意见》(征求意见稿)中指出，生育登记对象为：凡生育子女的，均应办理生育登记。登记时所需材料为夫妻双方身份证或户口簿；未办理结婚登记的，应持身份证或户口簿；登记人身份证或户口簿等可以调取电子证照的，免予提交。 2022年6月，陕西省卫健委发布《陕西省生育登记服务管理办法》，明确“夫妻生育子女的，应当在怀孕后至孩子出生六个月之内办理生育登记。其它情形生育子女的，也可予以生育登记”。 2022年4月7日，福建省卫生健康委员会印发《关于做好生育登记工作的通知》， 鼓励结合实际进一步简化生育登记，激发群众生育意愿。该通知所附《福建省生育服务登记表》填报说明指出，对于婚姻状况，未婚生育或婚外生育，应注明男女双方具体婚姻状况(已婚或未婚)，未婚生育可不提供结婚证。(澎湃新闻记者 喻琰 实习生 赵林) 【,2813,https://www.chinanews.com.cn/sh/2023/01-31/9944468.shtml,婚姻登记;结婚登记;婚姻;结婚;不婚;婚龄;单身;对象;夫妻
People.cn,2023-02-01,四川“生育登记取消结婚限制”上热搜 听律师怎么说,1月30日，四川生育登记取消结婚限制、取消数量限制的消息在网络上一石激起千层浪，迅速冲上网络热搜，网友展开了激烈的讨论。 四川省卫健委官方网站显示，这是为了适应三孩生育政策，改进和规范生育登记服务，结合四川实际，对《四川省生育登记服务办法》（以下简称《办法》）进行的修订完善，并于2023年2月15日起施行。省卫健委相关工作人员回应称，并非鼓励不结婚生孩子，生育登记就是一项纯粹的管理生育人口的工作。而在律师眼里，修改体现了法规的与时俱进。 1月30日，四川生育登记取消结婚限制、取消数量限制的消息引发众多网友热议。有网友对此新规表示支持，体现了不论婚生或非婚生子女，一律平等对待的态度；也有网友表示不理解，认为结婚成了形式上的空谈；有网友提出了自己的建议，认为相关法律规定、生育政策都应该跟上，该网友就提到了生育险的相关规定。 1月31日，记者从省卫健委相关工作人员处了解到，已关注到了相关讨论，《办法》中所说的“生育登记”并非网友所认为的“上户口”，生育登记可以通过网上登记，主要是向群众宣传告知其有哪些权利、义务。该工作人员介绍，《办法》并非鼓励不结婚生孩子，而是为了保证“未婚生育”人群的权益，其进行生育登记后就享有一系列妇幼保健的服务。“生育登记就是一项纯粹的管理生育人口的工作，目前已经有多省开展。” 四川新闻网记者通过搜索发现，广东、安徽等多个省份先后出台了类似措施或公开征求意见，四川并非首例。《广东省卫生健康委生育登记管理办法》从2022年5月1日起正式实施，《办法》明确了生育子女无须再审批，实行全口径生育登记制度，并在登记流程、办理材料和办理时限等方面更加优化、更加便民。同样的，2022年8月，安徽省卫健委发布了《关于完善生育登记制度的实施意见（征求意见稿）》，公开向社会公众征求意见。其中，安徽省拟在办理生育登记时，不再受生育子女数量的限制，也不再受结婚登记的限制。 律师看法：不会打开“非婚生育”的潘多拉魔盒 体现了法规的与时俱进 我国《民法典》《婚姻法》等已经规定“非婚生子女享有与婚生子女同等的权利”，但这一原则性条款需要具体的政策细节来保障。就网上的讨论，记者采访了四川一上律师事务所合伙人林小明律师。 林小明介绍，在他看来，四川生育登记新规与民法相关婚姻家庭方面的规定并不冲突，而是从表述上更为严谨，更贴近实际情况，保障了公民的生育权，并未冲击《民法典》婚姻家庭篇关于子女权利的规定。此修改让生育登记回归到相关部门对当地人口的有效监测的目的，还能保证“未婚先育”人群的权益，让其因进行生育登记后能享有相应妇幼保健的服务。由此，可以说这种修改是从观念到具体措施以及法律法规技术完善方面的进步。同时，林小明说道，需要注意的是法律法规始终是滞后于实际生活的，再严密的法规都可能在现实中出现“漏洞”，因此，可以在今后根据具体实施中出现的情况进行修正和完善。 此外，各地在生育登记中放宽要求，取消了将结婚作为限制性条件，这样的修改体现了法规的与时俱进，贴近实际情况，保障了公民包括生育权在内的权利。至于相关人士所评论的“或为婚外生育、非婚生育”打开潘多拉魔盒。在林小明看来，不会出现反面效应，“在没有修改前述规定前，婚外生育或非婚生育也未绝迹。而民法典婚姻家庭篇关于离婚过错的规定，刑法关于重婚罪的规定并未随之修改，离婚过错仍会少分或不分共同财产；同样，因触犯重婚罪等犯罪的行为将受到相适应的处罚。” 有网友提到了如果男女双方生育后最终没有走到一起，也就是没结婚，那么他们生育的子女怎么办？应该由谁抚养呢？林小明介绍说，根据《民法典》的规定，“非婚生子女享有与婚生子女同等的权利”“不能直接抚养非婚生子女的生父或者生母，应当负担未成年子女或者不能独立生活的成年子女的抚养费”，父母最终没有结婚，不影响父母与子女基于血缘形成的亲子关系，更不影响生父或者生母应当承担抚养子女的法定义务，也就是说父亲和母亲都有义务抚养未成年非婚生子女的义务，不履行抚养义务的同样可能会涉嫌触犯遗弃罪，刑法可以对此予以处罚。,1663,http://sc.people.com.cn/n2/2023/0201/c379470-40284314.html,结婚登记;婚姻;结婚;离婚;重婚
People.cn,2023-02-01,奇了！伪造身份学历骗婚骗财15年,隐瞒已婚事实，伪造身份、学历以及结婚证件，以恋爱结婚之名行诈骗之实，长达15年，共骗取46万余元。1月29日，河南省洛阳市中级人民法院维持了涧西区人民法院的一审判决，以诈骗罪判处被告人屈某有期徒刑九年，并处罚金9万元，责令其退赔经济损失46万余元。 1997年，身为高级审计师的唐女士事业有成但爱情无果，通过婚介所结识了在“市人大”工作的屈某。屈某自称毕业于同济大学，是著名经济学家的关门弟子，目前正在备考省厅局级干部遴选考试。 有上进心又是公务员，就像是为自己量身定做的一样，唐女士与屈某感情迅速升温，确定了恋爱关系。屈某在“遴选”到省委后经常工作到半夜，见面就更难了。唐女士每次到省会出差、培训，都能在省委大院找到屈某，故对屈某的工作唐女士也未曾起疑。 屈某向唐女士提出结婚，称已经在省会给唐女士办好了户口，由于自己是省委书记的秘书，公务繁忙无法抽身，让唐女士给省委写一个结婚申请书，待省委办公厅审批后，可以不用本人到场，“特批”办理结婚证。唐女士信以为真，递交了申请，拿到了“特批”的结婚证，并与屈某举办了婚宴。 婚后，屈某先后以职务晋升、学习深造、家人生病、买房、迁户口等理由，向唐女士借钱，唐女士对其深信不疑。 直到2013年唐女士无意中发现屈某为其购买的商品房子虚乌有，遂又到婚姻登记部门查询，得知自己的结婚证系伪造。 二人恋爱结婚的15年间，唐女士及其家人先后拿出46万余元帮助屈某，多次索要无果后两人分手，至此案发。 法院经审理查明，屈某假借结婚进行诈骗。屈某所说的名校学历、工作身份均为伪造；其向唐女士借钱的理由，也全是谎话。更让人想不到的是屈某已经结婚多年，并育有一子。 法院审理后认为，屈某实施骗财、骗婚行为长达15年之久，受当时社会发展水平的限制，二人共同生活过程中支出繁杂，且大部分消费无电子记录，认定诈骗金额是该案办理的重点。唐女士作为专业审计人员，在日常生活中保有良好的记账习惯，但该账本不能单独作为定案依据。承办法官考虑到恋爱婚姻关系存续期间基于信任关系，不能苛求每一笔收支记录都保存翔实，在确认唐女士提供的账本不存在补写、伪造等情况后，结合屈某的供述、银行凭证、银行交易流水、购物小票、微信聊天截图、证人证言等多重证据，综合梳理出145笔涉案款项，最终确定诈骗金额合计46万余元，遂依法作出前述判决。（吴 琰 李勇顺 张焕静）,980,http://yn.people.com.cn/n2/2023/0201/c361322-40284611.html,婚姻登记;婚姻;结婚;婚介;骗婚;恋爱
People.cn,2023-02-02,遏制高价彩礼、低俗婚闹等陋俗 河北将全面推行婚俗改革--领导留言板--人民网,本报石家庄2月1日电 （记者史自强）近日，河北省民政厅、河北省文明办等十部门联合印发《关于全面推行婚俗改革工作的意见》，提出将全面加强家庭家教家风建设，不断优化婚姻管理服务，通过政策引导、部门配合、全民参与、律礼互动，到2025年，全省婚姻家庭辅导服务经常化，高价彩礼、大操大办、相互攀比、低俗婚闹等婚嫁陋俗得到有效遏制，人情、宴请、彩礼等支出负担明显减轻，全社会呈现健康文明、简约适度的婚俗新风新貌。 根据意见，河北各地将着力培育文明向上的婚俗文化，宣传婚姻法律法规，加强婚俗文化研究，强化婚姻登记场所文化建设，到2025年，50%以上的婚姻登记机关设置婚俗文化墙（廊）。同时，大力推行节俭操办婚嫁事宜，探索制定约束性措施，创新开展婚庆服务，扎实开展破除婚俗不正之风专项整治，建立健全长效机制，营造良好社会氛围。全省将通过政府购买服务与志愿服务相结合，专职工作人员与婚姻中介、爱心人士相结合，构建多维婚恋服务平台，提供公益性婚恋交友服务。将依托职业技能培训机构、劳务输出协议机构和创业孵化基地，对有技能培训、劳务输出愿望和有创业意愿、培训需求的农村大龄未婚青年，提供就业创业帮扶。此外，还将深入开展好家风好家教好家训进家庭、进社区、进村庄、进校园、进企业活动，充分发挥典型示范引领作用，持续传承良好家风家教。 据了解，河北各地将建立健全婚俗改革工作领导小组和工作机制，加强部门协作，落实工作责任，合力推动婚俗改革。加强对婚俗改革工作的政策指导和组织协调，引导鼓励部分县、乡、村先行先试、大胆创新。各地将借助和运用新闻媒体的导向作用，广泛宣传婚俗改革的相关政策、生动实践和先进典型，营造良好社会氛围。定期或不定期对婚俗改革工作推进情况进行检查督导，保证婚俗改革沿着正确方向开展。 《 人民日报 》（ 2023年02月02日 13 版）,767,http://leaders.people.com.cn/n1/2023/0202/c58278-32616482.html,婚姻登记;高价彩礼;婚姻;婚恋;彩礼;婚俗;婚嫁
CCTV,2023-02-04,选择春节后离婚的人们：“不留遗憾，我们吃完年夜饭再离婚”,年后扎堆离婚？多地民政局离婚办理处大排“长龙”？近期，多个网络流传视频内容显示，部分地区的民政局离婚登记处在春节后“爆火”，甚至有传言称一些地区离婚队伍排到了民政局门口。 目前，上述部分视频已得到官方辟谣。记者也向多地民政局婚姻登记处了解到，因过年期间不办理业务，一些地区年后离婚办理人数的确有所上升，但并未大排“长龙”，还有一些地区则回复称，并未出现上升现象，甚至结婚人数比离婚人数更多…… 离婚率在近20年内逐步攀升早已不是新鲜事，记者梳理发现，从2003年到2019年，我国全国粗离婚率（年度离婚数与总人口之比，通常以千分率表示）陡然上升，离婚登记对数在此期间翻了近4倍。尽管，选择年后离婚并非真的形成潮流，但在年后办理离婚的队伍里，一些人坦言，之所以专门预约年后离婚，就是为了和孩子、双边父母吃一顿年夜饭，不留下最后的遗憾。 1月28日，网上流传安徽阜阳一男子发布视频，显示阜阳颖上县民政局内仅有两对新人结婚，而离婚队伍却排到了民政局门外。一时间，年后扎堆离婚的话题在网络引发热议。 但很快，颍上县民政局就在1月30日对外发布了辟谣声明，称短视频内容为谣言。声明中解释，该视频所拍摄内容均位于一楼结婚登记窗口，排队人员均为办理结婚登记的群众，而离婚登记窗口在二楼，该信息视频系偷梁换柱、混淆视听。 无独有偶，另一位网友也在近期发布了江西上饶鄱阳县民政局离婚室门口排长队的视频。据此，江西上饶市民政局一位工作人员告诉记者，视频中的具体情况正在核实中，但从市民政局婚姻登记数据来看，离婚业务量与年前相比没有太大的差别。 年后离婚高峰期是否真实？记者向多地民政局婚姻登记处了解了相关情况。总体来看，多个民政局工作人员都表示：“年后办理结婚和离婚的人数的确有所增加，但总体仍处在平稳期。” 1月31日，济南市某区民政局婚姻登记处一位工作人员告诉 没有所谓结婚、离婚高峰期。” 然而，扬州市民吴女士告诉 离婚，只是年前的预约日期、人数已满，恰好预约到了年后第三天。 吴女士告诉记者，她当天上午10点左右她来到当地民政局办理离婚手续，排队时间也并未超过1小时。“有排队可能是因为过年期间不办理业务，所以都放到年后来办理，人数自然有所增加。” 杭州市某区民政局婚姻登记处的接线员也给出了同样的回答。“虽然还没有近期详细统计数据，但年后无论办理离婚还是结婚的数量，一般都会有所上升。”该接线员解释，这是因为过年期间民政局不办理业务，因此导致结婚和离婚申请积压。这是正常现象，并没有明显陡增，依旧处于平稳期。 此外，记者还致电北京市海淀区、天津市和平区等多个婚姻登记处，上述地区工作人员均表示，节后办理离婚的人没有明显增多。其中，河南郑州市民政局则提出，年后民政局办理离婚的申请没有剧增，反而来办结婚的人数增加了不少。 尽管吴女士在年后办理离婚属于巧合。但也有人为了吃上最后一顿团圆饭，才故意选择了年后办理离婚手续。 “我们本来商量好了在2022年的12月末离婚，但是想带着孩子在两边吃上最后一顿团年饭，所以我们还是把离婚的日子敲定在了年后。” 现年39岁的梁女士，1月31日下午在无锡当地办理了离婚手续。她告诉记者，自己当天上午就办理完结，也没有大排长队。但讲起自己的离婚经过，梁女士还是有些哽咽。 结婚近10年的梁女士和前夫育有一个女儿：“虽然孩子只有6岁，但她已经知道离婚的意义，表现得很难过。”尽管孩子最终由梁女士抚养，但女儿对爸爸的不舍梁女士也看在眼里。为了弥补孩子的这份缺失以及向双边父母当面解释，梁女士最终与前夫商定，将离婚日子选在年后。 过年期间，梁女士和前夫带着女儿在婆家和娘家分别吃了团年饭，并向双边的父母表达了感谢。在梁女士看来：“我们夫妻走向离婚并没有深仇大恨，只是观念不和。”而这最后的团年饭，也是梁女士不愿为自己和家人在留下遗憾。 “实际上，过年期间就咨询离婚、年后办理离婚的人的确会有所增加。”一家婚姻挽救和服务中心的负责人黄先生在接受记者采访时表示，从其公司成立的近3年里，他能明显感觉到，每年岁末年初，都是公司业务量比较大的时候。 据黄先生介绍，他所经营的婚姻挽救和服务中心，其中一些业务就是帮助夫妻重塑婚姻，解决婚姻中遇到的各类问题。“从我们遇到的案例来看，过年期间出问题，尤其是涉及到在谁家过年、过年时和长辈相处遇阻，分担春节期间的家务等等，都能成为婚姻走向破裂的推手。” 在黄先生的记忆里，曾经就有一位男士提出，因年后想带妻子回村里的婆家过年，过年期间妻子又承担大量家务，最后妻子才有了离婚想法。据黄先生介绍，该男子因自己老家的习俗，已多次带妻子回婆家过大年三十，直到大年初二才能回娘家。而这也造成妻子多年的不满。此外，过年期间家里的家宴也都由妻子和婆婆负责，长期下来，妻子有了怨言。 在黄先生的劝和下，该男子的婚姻最终没有破裂。但也有一些夫妻因春节的各项繁杂事物，最终也没能走到一起，即便经过了离婚冷静期，最后还是选择了在过年后离婚。 离婚率的攀升早已不是新鲜话题。自2003年开始，我国离婚率便开始走入上升通道。记者梳理国家统计局发布的近10年来粗离婚率数据发现，从2003年到2019年，全国离婚率有了明显攀升，但自2020年后，离婚率却有明显下降。 历年统计结果显示，2003年全国离婚登记达到133万对，粗离婚率为1.05‰，此后一直呈上升趋势；到2016年离婚登记升至415.82万对，全国粗离婚率首次到了3.00‰以上；直到2019年，离婚登记达到470.06万对，全国粗离婚率升至3.36‰，成为近10年来离婚峰值。 从2003年到2019年，这16年里为何我国离婚率连续走高？华东师范大学社会发展学院院长、教授文军告诉记者，这背后主要有几个方面原因。 其一，从宏观方面来说，由于社会变迁和转型节奏加快，对传统意上的夫妻分工和家庭结构形成冲击，越来越多女性走上工作岗位，社会地位提升，经济从属性降低，带来的家庭稳定性也随即打破，在一定程度上抬高了离婚的可能性； 其二，从微观方面来说，社会进步带来的人们思想解放，对传统婚姻的理解发生变化，不再认为离婚是不好的行为，也让更多人敢于追求个人幸福，向低质量的婚姻说不，因此增加了离婚的可能性。 在文军看来，离婚率走高的背后，也反映出了我国社会组织、人际关系互助网络建设以及社区公共服务水平不足的症结。“尤其是年轻人的冲动离婚，我们除了行政手段干预外，目前仍旧缺乏有效的社会服务来化解，社会组织提供的优秀解决办法乃至情感咨询和疏导仍旧不足。 不过，记者也注意到，2019年后，我国离婚率逐渐走上了下坡路。到2020年，离婚登记从超470万对降至433.9万对，粗离婚率回落至3.09‰；2021年则降至283.93万对，粗离婚率下降到2.01‰。 对此，在文军看来，2019年后离婚数据回落符合社会发展规律。“我国离婚率上升16年后回落，说明已经达到来峰值，开始向平稳状态过渡。”此外，文军表示，离婚冷静期的设置等也在一定程度上对这几年离婚率下降提供了“土壤”。 在文军看来，要想避免类似年后冲动离婚的现象出现，各地社会化服务应该跟上，并逐步将社区情感动员工作、婚姻咨询工作、社区调节工作，心理情感建设工作等纳入制度化建设。,2956,https://news.cctv.com/2023/02/04/ARTIQNurcNoZMwwTN9Pq9ChN230204.shtml,婚姻登记;结婚登记;离婚冷静期;婚姻;结婚;离婚;夫妻
China News Service,2023-02-09,春节订婚忙 别让天价彩礼伤感情,每逢过年，在外打拼的青年男女返乡后，往往都会迎来一波相亲、订婚的高峰期。在我国不少地区，受传统婚嫁习俗的影响，“见面礼”“订婚彩礼”都是一个绕不开的话题。 这个流传已久的结婚礼俗，如今已成为许多情侣婚前必须面临的一场爱情考验。许多地方的天价彩礼让当下很多年轻人及其父母苦不堪言，以至于很多人谈“礼”色变，现实生活中也有不少情侣在高额订婚“彩礼”的考验中败下阵来，最后分道扬镳。 过年前，就有一篇“江西女友向上海男友索要1888万元天价彩礼”的帖文，登上各个平台热搜。虽说事后证实该事件系杜撰，发帖网友账号也被永久封禁，但大家关于彩礼的讨论并未因此降温。 在司法实践中，不少高昂的彩礼往往会成为婚后矛盾的导火索，因“高价彩礼”引发的家庭矛盾甚至法律纠纷更是屡见不鲜。彩礼的法律性质到底是什么？因彩礼而引发的纠纷诉讼，我国民法典又是如何规定的？本文将就涉及“彩礼”的典型法律问题予以解读和分析。 情侣结婚后“闪离”男方要求女方返还35万彩礼 陈女士与王先生相识于2018年，后两人确定了恋爱关系，于2020年7月办理结婚登记。婚前，王先生给了陈女士家35万元彩礼，其中现金5万元、转账30万元。 不料，这段婚姻只维持了短短几个月，便出现感情危机。婚后不久，两人因性格不合等各种矛盾频频发生争吵。次年2月，陈女士从家里搬出，两人自此分居。 一年后，陈女士向法院起诉离婚，庭审中王先生表示同意离婚，但要求陈女士返还35万彩礼，理由是两人的婚姻有名无实，而且关系一直在恶化。 但陈女士却认为，彩礼是双方户籍地的结婚习俗，系男方家庭的自愿赠与，并非其强制索要而来，且双方已办理结婚登记手续，婚后也共同生活了半年，彩礼无需再返还。 法院审理后认为，陈女士和王先生虽已登记结婚，但不到半年就因陈女士从家中搬出分居，之后再未共同生活，也未生育子女，不能认为双方已建立真正的夫妻感情，亦未形成稳定的家庭关系。综合考虑双方共同生活时间、彩礼金额和用途、离婚原因及双方经济状况等因素，法院判决准予两人离婚，陈女士向王先生酌情返还彩礼10万元。 彩礼，有的地方也称为聘礼、纳彩等，给付的彩礼，多为金钱，也有不动产、三金(指金手镯、金项链、金戒指等首饰)、见面礼及贵重衣物等。在法律层面，婚约期间赠与的彩礼不同于一般的礼节性赠与，而是应当认定为附条件的赠与，具体理由如下： 首先，现实生活中，一般都是由男方或其父母给付数额较大的财物作为彩礼。根据习惯，彩礼的给付通常是在订立婚约之时或之后，给付彩礼一方与接受彩礼一方为了缔结婚姻的意思表示已经明确。若不是为缔结婚姻，男方是不会赠与如此数额的财物的。因此，一旦出现婚约解除的情形，发生财物纠纷，不能简单地将其作为单纯的赠与行为处理。 其次，将缔结婚姻作为赠与彩礼行为生效的附加条件符合民法规定，符合附条件的民事法律行为的构成要件。附条件的民事法律行为，是指当事人约定以将来可能发生的客观事实的发生与否为条件决定其效力发生或消灭的民事法律行为。这里附条件的成就与否是婚姻的缔结，这直接决定赠与行为的生效或失效。 彩礼是指以结婚为目的，按照当地风俗习惯，男方或其家庭成员给付女方或其家庭成员的礼金及贵重物品。判断是否属于彩礼，应结合给付的目的性、习俗性和特定性来认定。 目的性是指以缔结婚姻关系为目的；习俗性是指当地是否有给付彩礼的习俗以及给付的时间场合，有给付彩礼的习俗是认定彩礼的前提。应当首先根据双方或收受财物一方所在地的当地实际及个案情况，确定是否存在给付彩礼方能缔结婚姻关系的风俗习惯；特定性是指彩礼给付的主体为男方或其近亲属。 而男女双方在交往过程中为了表达感情、出于自愿所给付的价值较小的物品、请客花费、逢年过节等人情往来的消费性支出，应当认定为赠与行为和人情行为，给付人要求返还的，一般不予支持。 彩礼一般为数额较大的金钱或者价值较高的实物，包括现金、首饰等贵重物品。至于应当达到多大的数额或者多高的价值，可以结合当地的经济状况以及男方自身经济条件等综合酌情确定。 《民法典婚姻家庭编解释一》第五条规定：当事人请求返还按照习俗给付的彩礼的，如果查明属于以下情形，人民法院应当予以支持。(一)双方未办理结婚登记手续；(二)双方办理结婚登记手续，但确未共同生活；(三)婚前给付并导致给付人生活困难。适用前款第二项、第三项的规定，应当以双方离婚为条件。 司法解释虽然明确规定了这三种应当返还彩礼的情形，但是并没有限制其他情形下可以返还彩礼，就是说，除了司法解释规定的三种返还彩礼的情形，还存在其他情形，即可以酌情确定是否返还以及返还的具体数额。 总的来说，在判断彩礼是否返还、返还数额上，要充分考量男女双方是否办理结婚登记手续、共同生活时间的长短、婚前交往时间的长短、彩礼的数额与家庭收入水平、是否生育子女、子女由谁抚养、双方未缔结婚姻关系或离婚的原因和过错、当地风俗、彩礼使用情况等多种因素，对案情进行综合的整体把握。 在判断彩礼返还的比例问题上，首先要区分当事人是否办理登记手续和同居生活；其次，判断双方当事人过错；再次，要衡量婚约财产数额大小；最后还要衡量双方家庭经济状况。考虑上述因素后，方能酌情考虑返还比例问题。 办理了结婚登记后又离婚，彩礼钱还要退吗？ 在司法实践中，决定彩礼是否返还，是以当事人是否缔结婚姻关系为主要判断依据的。给付彩礼后未缔结婚姻关系的，原则上收受彩礼一方应当返还彩礼。给付彩礼后如果已经结婚的，原则上彩礼不予返还，只是在一些特殊情形下才支持当事人的返还请求。 值得注意的是，结婚前给付彩礼的，必须以离婚为前提，人民法院才能考虑支持给付人的返还请求。 如果给付彩礼之后，在婚姻关系存续期间，给付人反悔，提出要求返还给付的，人民法院将不予支持。因为此时夫妻作为共同体，没有特殊约定，法律规定遵循夫妻法定财产共有制。 如果当事人在离婚诉讼的同时提出该项请求的，在一审阶段时，如果一审法院准许离婚的，可以根据情况作出是否支持当事人返还彩礼请求的判断。如果是二审阶段，人民法院如果准许当事人离婚的，也可以对于彩礼问题作出具体处理，如果是判决不准离婚的，对彩礼问题也就不能支持当事人的请求。 彩礼的本质不在财，而在“礼”。收取彩礼一方不得借婚姻索要高额财物，给付彩礼一方亦应量力而行，切不可盲目攀比。高价彩礼属于陈规陋习，在倡导文明新风的今天，抵制高价彩礼是每个适婚青年和家庭义不容辞的责任，也是社会文明的标志。 文/李奎(中华志愿者协会法律委员会常务副主任) 【,2656,https://www.chinanews.com.cn/sh/2023/02-09/9950085.shtml,结婚登记;高价彩礼;天价彩礼;婚姻;结婚;离婚;彩礼;婚嫁;适婚;婚约;恋爱;相亲;夫妻;情侣;婚礼
China News Service,2023-02-09,离婚冷静期内 新增财产归夫妻共同所有吗？,结婚是人生大事，同他人缔结法律上的婚姻关系意味着一个人社会身份的转变。同样，离婚也是人生大事，个人生活的方方面面都将因为婚姻关系的变化而受到影响。为避免“头脑发热”式离婚，我国民法典将离婚冷静期计入离婚登记程序。 根据民法典规定，自婚姻登记机关收到离婚登记申请之日起三十日内为离婚冷静期。三十日内，任何一方不愿意离婚的，可以向婚姻登记机关撤回离婚登记申请。期限届满后三十日内，双方应当亲自到婚姻登记机关申请发给离婚证；未申请的，视为撤回离婚登记申请。 离婚冷静期制度的设立，给了感情出现危机的夫妻们一段“缓冲期”，避免因一时冲动而追悔莫及。除了为恼火的夫妻们“降温”，离婚冷静期制度还与夫妻共同财产的计算密切相关，离婚冷静期双方还没有正式离婚，在法律意义上依然是夫妻关系，很多人正是因为小看甚至忽视这短短三十天而产生不必要的财产纠纷，怨偶再添新“仇”。那么，在离婚冷静期，如若夫妻一方增添新的财产，是否属于夫妻共同财产呢？ 2021年，丈夫张某与妻子王某因感情破裂协议离婚并签署《自愿离婚协议书》，因女儿随王某生活，二人约定张某自愿向王某支付100万元的抚育补偿款。二人离婚后，张某迟迟未向王某支付该款项，王某遂向法院提起离婚后财产纠纷诉讼。本来是一件普通的离婚后财产纠纷案，却因为离婚冷静期而出现了令人意想不到的情况。 在庭审过程中，王某从张某的当庭陈述中意外得知张某母亲在两人离婚冷静期内去世，并遗留有一套房屋，张某与其他继承人办理了遗产公证将上述房屋出卖。这补偿款还没分清楚，又凭空多出了一套房子，夫妻共同财产果真是“剪不断，理还乱”。 王某认为张母去世发生在离婚冷静期内，当时原、被告仍处于婚姻关系存续期间，因此张某继承的房屋份额应属于张某和王某的夫妻共同财产，要求分割张某出卖房屋取得的售房款。 对于前妻的诉讼请求，张某认为这简直是强词夺理，一方面，二人已经分居十余年，其间王某从未看望过婆婆，其作为儿媳没有尽到扶养义务；而张某平时尽到了较多扶养义务，所以张母在临终前立有遗嘱，分给张某较多遗产份额。另一方面，二人离婚时，王某明知其没有能力支付100万元的补偿款，需要继承张母遗产后才有能力支付，因此王某事实上已经同意以售房款来支付补偿款，不应当再要求分割售房款。二人为此各执一词，争辩不休，那么离婚冷静期内张某继承的房屋份额到底属不属于夫妻共同财产？ 北京西城法院经审理认为，本案中张母去世时张某与王某仍处于婚姻关系存续期间，且张母的自书遗嘱中并未明确写明张某继承取得的房产份额属于张某个人所有或者不属于夫妻共同财产。虽然根据双方的离婚协议，张某自愿支付王某100万元补偿款，但《自愿离婚协议书》中并未提到张某从张母处继承取得的房产份额应当如何分割，亦未明确约定售房所得款项是张某基于继承取得房产而给予王某的补偿款。张某陈述王某明知100万元补偿款只能通过出售继承房屋进行支付，但补偿款如何支付与补偿款本身的性质并非同一概念。张某变卖继承房产按份额所分得的售房款属于一项新增的、并未进行分割的夫妻共同财产，与此前约定的补偿款无关。因此张某继承的房产份额属于夫妻共同财产，归张某与王某共有，王某有权主张分割张某变卖房产按继承份额分得的售房款。对张某所述王某未尽到对婆婆的赡养义务而无权分得售房款的主张，因王某要求分割售房款是基于无明确约定情况下，婚姻存续期间继承取得的财产属于夫妻共同财产，并非基于王某直接继承张母的遗产所得，故该项抗辩意见法院不予采信。最终，北京西城法院判决张某支付王某所继承取得的房屋售房款218万余元。 离婚冷静期与夫妻共同财产认定并没有必然的联系 值得注意的是，离婚冷静期内，新增的财产并不能一概认定属于或不属于夫妻共 同财产，而应该以是否符合法定条件为准绳。也就是说，离婚冷静期制度与夫妻共同财产的认定并没有必然的联系。 我国的相关法律及司法解释对于夫妻共同财产有着明确的规定。民法典第一千零六十二条规定，夫妻在婚姻关系存续期间所得的下列财产，为夫妻的共同财产，归夫妻共同所有：(一)工资、奖金、劳务报酬；(二)生产、经营、投资的收益；(三)知识产权的收益；(四)继承或者受赠的财产，但是本法第一千零六十三条第三项规定的除外；(五)其他应当归共同所有的财产。夫妻对共同财产，有平等的处理权。第一千零六十三条规定，下列财产为夫妻一方的个人财产：(一)一方的婚前财产；(二)一方因受到人身损害获得的赔偿或者补偿；(三)遗嘱或者赠与合同中确定只归一方的财产；(四)一方专用的生活用品；(五)其他应当归一方的财产。第一千零六十五条规定，男女双方可以约定婚姻关系存续期间所得的财产以及婚前财产归各自所有、共同所有或者部分各自所有、部分共同所有。约定应当采用书面形式。没有约定或者约定不明确的，适用本法第一千零六十二条、第一千零六十三条的规定。夫妻对婚姻关系存续期间所得的财产以及婚前财产的约定，对双方具有法律约束力。夫妻对婚姻关系存续期间所得的财产约定归各自所有，夫或妻一方对外所负的债务，相对人知道该约定的，以夫或妻一方的个人财产清偿。 具体到上述案例，如若张母在自书遗嘱中明确该房屋相关份额属于张某个人财产，则王某无权就上述房屋份额进行夫妻共同财产分割。此外，如若张某与王某在《自愿离婚协议书》中对离婚冷静期内取得的财产归属问题进行明确约定，也可以避免不必要的纠纷。 婚姻是人身和财产关系的结合，选择离婚必然会导致人身和财产关系发生变化，离婚冷静期作为一个特殊的“缓冲期”，一方面，在离婚冷静期内，双方还未正式办理离婚登记，在法律意义上还是夫妻关系；另一方面，进入离婚冷静期后双方对离婚的后果有着明确的预期，该冷静期有别于日常婚姻存续期。 北京西城法院少年家事审判庭程乐法官建议，首先夫妻双方在离婚冷静期的三十日内审慎处置财产对可能涉及分割的财产既不能盲目购置，也不能私自进行处置，特别是关于购置、处置房屋、小型汽车等大件的不动产和动产，防患于未然。若发现一方有转移夫妻共同财产的行为，另一方应搜集好相关证据，第一时间向人民法院起诉离婚。根据法律规定，夫妻一方隐藏、转移、变卖、毁损、挥霍夫妻共同财产企图侵占另一方财产的，在离婚分割夫妻共同财产时，对该方可以少分或者不分。 其次，订立《离婚协议书》时在夫妻财产约定相关协议中，明确约定离婚冷静期内取得财产和负担债务的相关问题。协议内容必须出于双方的真实意思表示，不能违反法律，也不能违背公序良俗，一旦签字即生效，双方都应该严肃对待、谨慎签署。随意的约定可能会导致协议效力的瑕疵，随意签署可能会损害自身合法权益。必要时，可以对协议进行公证，真正避免日后不必要的纠纷，做到“一别两宽，不生恩怨”。 最后，婚姻作为组成家庭的重要方式，使得社会能够持续运转，也使得每个独立的个体有可能在最小单位的组织中找到精神温暖。离婚冷静期并不妨碍离婚自由，其设置是为夫妻的矛盾进行缓冲，提升对离婚的审慎程度，避免冲动轻率离婚，不至于在离婚后悔不当初。也通过提高离婚成本来督促夫妻更冷静地思考夫妻关系、磨合生活，提高对家庭和社会的责任感。在离婚冷静期内，对婚姻存续期间的财产安排、儿女照顾，特别是未成年子女抚养问题进行充分沟通协商，真正做到好聚好散。 文/田婧 栾杰(北京西城法院) 【,2972,https://www.chinanews.com.cn/sh/2023/02-09/9950088.shtml,婚姻登记;离婚冷静期;婚姻;结婚;离婚;夫妻
People.cn,2023-02-09,四川首例！离婚后父亲近一年未去探望 被女儿告上法庭，法院判了,离婚后，父亲或母亲未探望，孩子是否可以作为诉讼主体，主动要求父亲或母亲对其进行探望？记者了解到，近日，成都高新技术产业开发区人民法院审结了一起未成年人请求探望权纠纷案，判决父亲文某履行探望权义务。据了解，这也是民法典实施后四川审结的首件未成年人请求探望权案。 温某与文某曾是夫妻，2014年9月3日，女儿文某某诞生。2016年3月12日，文某与温某协议离婚，约定女儿文某某由母亲温某抚养，文某无需支付抚养费，但有探望权。 之后，文某与温某在探望时间与探望方式上未能达成一致意见，产生纠纷。2021年9月8日，女儿文某某以文某近一年未探望，导致她父爱严重缺失为由，起诉至成都高新法院。 高新法院裁定驳回文某某的诉求，后文某某不服一审裁定提出上诉，成都中院指令高新法院继续审理。在审理过程中，高新法院委托第三方心理咨询机构对文某某父母进行心理干预，了解文某某及文某探望意愿，同时引导文某和温某重视未成年子女心理需求，共同为女儿探望搭建友好沟通平台。 法院审理后认为，根据《中华人民共和国民法典》第一千零八十六条第一款规定，“离婚后，不直接抚养子女的父或者母，有探望子女的权利，另一方有协助的义务”，明确离婚后父母享有对子女的探望权，而未成年子女是否能够作为探望权的诉讼主体，主动要求父母对其进行探望，民法典对此无明确规定。 承办法官考虑到探望权立法初衷是为呵护被抚养人健康成长，有效弥补因父母婚姻关系存续的终止、家庭成员组成的变更给未成年子女造成的不利影响，于是结合《中华人民共和国家庭教育促进法》《中华人民共和国未成年人保护法》以及《中华人民共和国民法典》第一千零八十四条对探望权的性质、内涵进行说理，充分论证支持未成年人要求父母对其进行探望的诉讼权利。宣判后，原、被告双方均对判决结果表示满意。（成都商报-红星新闻记者 章玲）,763,http://sc.people.com.cn/n2/2023/0209/c345459-40294619.html,婚姻;离婚;夫妻
China News Service,2023-02-13,汽车成新农村人结婚标配，没车在村里就没面子?,"农历腊月二十九，一个难得的好天气。常年在河南省漯河市开出租车的洪周，带着一家人欢欢喜喜地回农村老家过年。让他颇感意外的是，在城里开车畅通无阻，车刚开到村口，竟然出现了前所未有的道路拥堵。 车流之中，他仔细看了下路上行驶的车辆，既有漯河本地的豫L和豫Q车牌，也有邻近地市的豫K、豫D和豫C，时不时地还能看见为数不少的京沪粤浙等外地牌照的车辆。 “3年疫情,打乱了人们的生活节奏，随着去年底‘新十条’出台，在外漂泊的游子们终于可以回家了。很多人选择自驾返乡。”洪周说。 但意想不到的是，除了返乡车辆，当地牌照的车在路边也停得满满当当，很显然，当地购买车辆的农村人越来越多，汽车就这样悄无声息地走入农村，成为今年春节农村的新气象。 “嘟嘟，嘟嘟！”洪周思虑之间，对面驶来一辆崭新的北京现代ix35将汽车喇叭按得震天响。他将车窗落下，原来是邻居老杨。 “我家里做饭急着用酱油，就开车去村口的超市打酱油，没想到在这里能遇到你。”老杨笑眯眯地打着招呼。 老杨是一个技术精湛的家传木匠，最近几年一直在郑州从事装修生意。俩人虽多年未见，但“乡里乡亲”一见面依然如故。 “你打个酱油都要开着车去？太奢侈了，什么时候买的新车？”洪周乐呵呵地问。 “刚提的，才3天，12万元，分期付款，首付5万，剩余的尾款4万由儿子来还。车主写的也是儿子的名字，这就算是以后给儿子准备的婚车。”老杨说，趁着春节过年在家，可以开两天，过完年出去打工想开车都开不成了。 “疫情期间还能买辆新车，生意不错嘛！”洪周打趣道。 “你别说，疫情期间，装修行业并没有受太大影响。只要材料备足备够，即便是小区封闭，也不影响施工。再说我们干的是搭班搁伙计生意，不存在所谓的老板和雇工。不管是谁联系的生意，大家拼班儿一起干。干完了，平均分钱。多的时候每天可以收入七八百元，少的时候每天也能分个一两百元。平均下来每天能挣个三四百元，生活还是有保证的。”老杨一边说话，一边惬意地吐了一口烟圈。 老杨48岁，虽然还未到知天命之年，已经开始筹划未来的养老生活。“年龄大了，再干几年，不打算再外出打工了，准备回家流转承包几十亩地。”老杨正说得兴高采烈，手机响了，话筒里传来妻子洪亮的声音。 “怎么买个酱油都得半天……”老杨快速向洪周道别，开着新车一溜烟跑了。 洪周到家刚坐定，邻居李水仙就串门来了，开门见山说的话题是她家新买了一辆汽车。 “我大儿媳妇年前花12万块钱买了一辆比亚迪纯电动汽车。二儿子已满19岁，刚拿到驾驶证，也筹划着想买一辆车。现在买一辆新车吧，由于是新手，没驾驶经验，磕了碰了不划算，打算先买一辆二手车，等结婚的时候再买一辆新车。你给参谋参谋买什么牌子的二手车合算？”李水仙说。 “现在买车不用急，特别是买二手车，更不用着急。”洪周向她接着解释，“最近卖二手车的比买二手车的多。现在二手车市场里囤的车，没有一个不急着卖出去的。而且由于新车一个劲儿地降价，二手车市场以后肯定也会受影响，车窝在他们手里，车价会随着车龄增长不断贬值。尤其是车辆保险到期了，还得重新购买新保险，所以这年头最着急的是二手车市场的车商。你别急着买。” 他彻底说服了李水仙。“行，先不买吧，以后我的任务重着呢，除了买车，还要给二儿子在城里购买婚房。现在的农村孩子结婚，婚车、婚房是标配。你看，农村家里的房子盖得铁桶炮楼一样，在城里照样还得买婚房。”李水仙乐呵呵地说道。 农村机动车驾驶人年均增量超过1300万人，已达2.89亿人 回顾20年前，汽车在国内还算是奢侈品，甚至在城市，一个普通家庭很少能拥有一辆家用汽车，更不用说农村了。 现在不一样了，越来越多的农村人开始购买汽车。 看下这组数据。据公安部统计，截至2022年，全国机动车保有量达4.17亿辆，其中汽车3.19亿辆；机动车驾驶人达5.02亿人，其中汽车驾驶人4.64亿人。2022年，全国新注册登记机动车3478万辆，新领证驾驶人2923万人。 近年来，随着我国人民的经济生活水平不断提高，汽车已从少数人的奢侈品逐步走入千家万户，成为主要交通出行工具以及普通家庭的消费品、必需品。值得一提的是，除了城市购买车辆的增多，我国农村地区也出现了争相购买汽车的现象，汽车在农村市场仍有着巨大的销量潜力。 公安部发布的数据显示，10年来，我国城乡经济统筹均衡发展，机动车和驾驶人增长重心逐步由东部向中西部地区、由城市向农村转移。从驾驶人增速看，10年间东部地区驾驶人增速为9.7%，中部地区为10.3%，西部地区为11.9%，中西部地区增速高于东部地区。农村地区机动车驾驶人增长迅猛，年均增量超过1300万人，目前已达2.89亿人，占全国驾驶人数量的57.8%。此外，农村地区机动车保有量达到2.08亿辆，其中汽车1.4亿辆，分别占全国的50.2%、44.1%。 洪周分析：“现在如果农村家庭没有汽车，在村里就会感觉没面子，而且年轻人谈婚论嫁，也需要车子。村里那些经济条件不好的家庭，娶媳妇都困难。除此之外，农村用车主要是走亲戚，从农村到城里走亲戚串个门，差不多都得几十公里，在农村没车，真不方便。” 在洪周老家的镇上，一些在外打工的农村人，也只是在过年的时候回老家才开开车过过车瘾，过完年之后，把车放家里又出门打工赚钱了。这些打工人为何不能开着车出去打工？ “外出打工的农村人挣的都是小钱，如果再带着一辆汽车出去，在城里光停车费一个月就得好几百，再加上油钱和日常维护，这笔钱一年下来可不少呢，既不划算也不方便，所以将汽车放到农村家里，过年回来开一开过过瘾，既有面子又很方便，何乐而不为呢？”洪周说。",2286,https://www.chinanews.com.cn/life/2023/02-13/9952532.shtml,结婚
China News Service,2023-02-13,甘肃定西对彩礼“限高”：7成出嫁方彩礼控制在5万元内,甘肃定西对彩礼“限高”：已有7成出嫁方彩礼控制在5万元内 甘肃定西日前公布了治理高价彩礼行动方案的实施情况。去年5月，当地出台的相关行动方案明确，婚嫁礼金不超过5万元，城区和农村举办婚事酒席均不超过20桌等。 消息称，据不完全统计，治理高价彩礼推动移风易俗培育文明乡风攻坚年行动自2022年6月份启动实施以来，定西70%的出嫁方彩礼控制在0至5万元以内，平均为4.9万元，比行动前下降了10.9%。 定西市新时代文明实践中心办公室方面曾介绍，5万元的“指导价”是根据实际调研情况制定的，由党员干部带头，并将执行相关纪律和落实指导标准情况作为述职述廉、民主生活会、组织生活会和年度工作总结必须报告的事项。 该行动方案还明确，在城区和农村举办婚事酒席均不超过20桌，城区每桌不高于880元，农村每桌不超过480元等。 之后，定西市县(区)都出台了机关党员干部职工婚丧嫁娶活动指导标准，依据党内有关法规和制度，完善农村党员、干部带头移风易俗的规定，严格落实党员、干部操办婚丧喜庆等事宜报备制度，市委还把领导干部婚丧嫁娶规定落实情况纳入了述职述廉必报事项。据《定西日报》报道，党员干部自觉抵制超标准、超规模的婚丧宴席和人情往来，为农民群众作表率，发挥了示范引领作用，以优良的党风促政风、带民风，全市党员干部带头践行指导标准规定，主动签订《移风易俗承诺书》6万余份，带动城乡居民签订承诺书30余万份，婚事报备11208件，丧事报备7572件。(澎湃新闻记者 钟煜豪) 【,630,https://www.chinanews.com.cn/sh/2023/02-13/9952399.shtml,高价彩礼;彩礼;婚嫁
People.cn,2023-02-13,2022年江苏省婚姻登记大数据出炉：婚姻登记量连续5年下降,人民网南京2月13日电 （马晓波）2月13日，江苏省民政厅公布了2022年江苏省婚姻登记大数据。人民网了解到，2022年，全省民政部门共办理结婚登记412286对（含补办登记57558对），较2021年结婚登记总数下降11.7%。从结婚登记量分年度数据看，近5年江苏婚姻登记量呈现逐年下降趋势。 大数据显示，在办理结婚登记的412286对（含补办登记57558对）新人中，内地居民结婚登记411557对，涉外、涉港澳台居民及华侨结婚登记729对。其中，611834人为初婚、136736人为再婚、76002人为复婚，而南京市、苏州市、徐州市结婚登记量位居全省前三。 从年龄来看，去年江苏结婚登记平均年龄为31.04岁，其中男性31.68岁、女性30.4岁。从2022年全省结婚登记男女年龄差看：男性较女性大1-4周岁的最多，占比达43.03%；女性较男性大1-4周岁的占比第二，为22.66%；男女同龄占比第三，为16.47%。 《中华人民共和国民法典》实施已有2年有余。相关政策实施以来，江苏民政部门认真落实离婚冷静期政策。数据显示，2022年江苏共受理离婚登记申请209148对。当年完成离婚登记116081对（其中内地居民离婚登记115988对，涉外、涉港澳台居民及华侨离婚登记93对），占离婚登记申请总数的55.5%；71523对离婚申请在冷静期内主动撤回或逾期未办理视为撤回，占比34.2%；21544对因处于离婚冷静期或登记发证期，尚未办结，跨年至2023年继续办理。 从年龄来看，2022年江苏离婚登记平均年龄为38.4岁，其中男性39.28岁、女性37.52岁。从2022年离婚登记当事人婚姻维系时长看，10-15年占比最高，达24.05%；其次为6-9年，占比为23.27%。 江苏省自2021年6月1日起实施内地居民结婚登记“跨省通办”试点，并在全省范围实行内地居民结婚登记“省内通办”；2022年9月1 日起，又进一步拓展内地居民离婚登记“省内通办”服务，有效解决了群众在婚姻登记过程中“多地跑”“折返跑”等问题。大数据显示，2022年，全省共办理跨省结婚登记12978对、省内跨区域婚姻登记6.1万对（包括省内跨市结婚登记13419对、离婚登记328对；市内跨县区结婚登记36324对、离婚登记7911对、补领婚姻登记证3368对）。 值得一提的是，2022年江苏省婚姻登记大数据还公布了2022年最受新人欢迎的10个结婚登记日。在江苏，5月20日结婚登记对数最多，达到15182对；而2月22日、9月9日、2月14日同样受到新人的追捧。,1081,http://js.people.com.cn/n2/2023/0213/c360302-40299672.html,婚姻登记;结婚登记;离婚冷静期;婚姻;结婚;离婚;初婚;再婚;复婚
China News Service,2023-02-14,京城迎兔年首个婚姻登记高峰日 3200余对新人登记结婚,中新网 北京2月14日电(记者 徐婧 杜燕)“今天是我们在一起六年六个月零六天。”14日7时许，丘一诺和于博毅在北京市东城区民政局婚姻登记处(简称“东城区婚登处”)手持01号码条，等待着即将到来的重要时刻。 2月14日，北京各婚登处迎来今年第一个婚姻登记高峰日，全市共有3241对新人预约结婚登记，其中东城区婚登处当天共有近200对新人预约结婚登记。 “结婚登记是两个人的节日。”为了迎接这个以爱为名的节日，高女士和爱人特意搭配了情侣装。她向记者介绍，二人在一年半的相处中一直相互照顾，目前婚礼已在筹备中，希望在婚礼上让两个家庭一起见证这份幸福。 “我们会为彼此创造更好的生活。”在东城区婚登处的等候室，今年50岁的李升同为爱人鲍迎芳送上玫瑰，二人许下作为丈夫和妻子的承诺。李升同介绍，因为都曾有过一段婚姻经历，两个人走到一起后更加珍惜，也更加重视对彼此和家庭的责任。“她会包容我的任性和小脾气，我也会每天接送她上下班。”结婚后，他们打算每年出去旅游一次，旅行计划的第一站是新疆。 领取号码、提交材料、进入登记室……东城区婚姻登记事务中心主任王涛介绍，14日，该中心共开放8个登记窗口，婚姻登记较平日提前半小时于8时30分开始，新人们都按照预约时段到场办理，从提交材料到办理完毕，大约15分钟即可完成。 除了周到的服务，东城区婚登处还为当天领证的新人准备了特殊的“礼物”。手捧玫瑰的新郎向新娘“比心”、眉眼弯弯的银发夫妇两颊泛起红晕……在婚姻登记大厅摆放着十幅画，这是从东城民政宝贝志愿服务队的绘画作品展中挑选出的作品，婚登处借用志愿者的画作，为登记的新人增加氛围和仪式感。不少新人手持结婚证与画作合影，将此刻的幸福传递给未来。 中国对新冠病毒感染实施“乙类乙管”后，北京的结婚登记人数较为平稳，办理手续的新人虽较平时有所增加，但并没有出现“扎堆”登记情况。 “如今新人们对待婚姻关系相对理性，更多年轻人会选择在工作稳定后再考虑谈婚论嫁和生儿育女。”王涛谈到，经过深思熟虑后再结婚，对于个人和社会而言都是有益无害的。 选择步入婚姻需要理性，对于结婚的形式，新人们则“感性”。丘一诺和于博毅六年多的恋爱中，有五年在异地中度过。相较举办婚礼，蜜月旅行能有更多相处时间，也能让工作忙碌的二人得到休息，“我们会把婚礼的钱省下来拍好看的婚纱照，还想出国旅行。”丘一诺说。(完),983,https://www.chinanews.com.cn/sh/2023/02-14/9953366.shtml,婚姻登记;结婚登记;婚姻;结婚;恋爱;情侣;婚礼
People.cn,2023-02-14,以案说法｜分手恋人频繁骚扰？法院发出人身安全保护令--社会・法治--人民网,上海闵行法院 梅陇人民法庭 二级法官 田颂介绍， 2016年3月1日施行的反家庭暴力法确立了人身安全保护令制度，为家庭暴力受害者提供了独立的民事救济方式。2022年8月1日施行的《最高人民法院关于办理人身安全保护令案件适用法律若干问题的规定》进一步完善了这一制度，在适用范围、适用情形、审理和送达等方面做出了系统规定。新修订的妇女权益保障法继续了这一发展进程，再次扩展了人身安全保护令的适用范围，不再限于家庭成员，在更大范围内为受害群体提供了权利救济的依据。 从反家庭暴力法到妇女权益保障法，人身安全保护令的适用阶段不断延展至包括恋爱、交友、终止恋爱关系后及离婚之后的时期，更为周延地保护了妇女权益，使得不同时期人格权益受到侵害的妇女都能寻求这一救济方式。 此外，人身安全保护令的适用情形不再局限于遭受家庭暴力或面临家庭暴力的现实危险，以冻饿、经常性侮辱、诽谤、威胁、跟踪、骚扰等方式实施的身体或者精神侵害行为，纠缠、骚扰等损害安宁生活的不当行为，泄露、传播妇女隐私及个人信息等侵害人格权的不当行为或面临上述侵害现实危险等，也都可以构成作出人身安全保护令的情形。 规制范围从肢体暴力到精神暴力再到生活安宁，保护阶段从婚姻关系到家庭生活再到恋爱阶段，人身安全保护令的法网已经越织越密，面对家暴，司法绝不手软。“希望在全社会重视家庭文明建设，涵养优良家风、弘扬家庭美德，互相尊重、互相关爱、互相帮助，真正让家成为遮风挡雨的港湾，而不是暴风雨的源头。”田颂表示。（综合上海高院等整理）,639,http://society.people.com.cn/n1/2023/0214/c1008-32623138.html,婚姻;离婚;恋爱;恋人;家庭暴力;家暴
People.cn,2023-02-14,情人节迎今年首个领证高峰 今日四川预约婚姻登记达4330对,2月13日，记者从成都市民政局获悉，各市区热门婚姻登记处已加派工作人员，为市民在2月14日情人节扎堆领证做好准备。封面新闻将在2月14日上午9点进行直播，跟进天府新区红梁湾公园婚姻登记处和锦江区合江亭婚姻登记处的现场情况。 据四川省民政厅数据，截至记者发稿时，四川全省已预约登记共4330对，其中成都市已预约1012对。“预计会比去年情人节领证人数更多，去年许多情侣选择在20220222领证。”成都市民政局相关负责人说。 天府新区婚姻登记处工作人员吴碧告诉记者，目前他们已经接到线上预约100对。成华区婚姻登记处工作人员陈杰表示，目前他们已接到线上预约人数80对。“我们增加了工作人员和窗口，全力迎接领证高峰。”陈杰说。 记者从成都市民政局了解到，今年成都青羊区非遗博览园婚姻登记处已经对外运营，成都又添新“扯证”点。 此外，四川多个婚姻登记处还为新人们准备了许多惊喜。天府新区红梁湾公园婚姻登记处将联合书法家，为新人现场书写并赠送合婚庚帖。在高新区桂溪生态公园婚姻登记处，有小型快闪演出可以观看。温江区则为倡导婚俗改革，以简单不随意的仪式感，举行集体颁证等活动。（华西都市报记者赵紫萱）,495,http://sc.people.com.cn/n2/2023/0214/c379470-40299852.html,婚姻登记;婚姻;婚俗;情侣
CCTV,2023-02-15,部分农村地区高价彩礼现象调查：动辄二三十万甚至上百万元,新华社南昌2月15日电 题：动辄二三十万甚至上百万元，先提彩礼再谈感情——部分农村地区高价彩礼现象调查 新华社“新华视点”记者郭强、范帆、姚子云 江西某地不含车房彩礼超过38万元；河南某地全款买车买房之后还要二三十万元彩礼；福建某地彩礼最多甚至高达200万元……伴随着春节的结婚高峰，高价彩礼再次成为热点话题。 彩礼本是一种传统婚俗，寄托着父母对新人的美好祝福。然而，“新华视点”记者调查发现，近年来，一些农村地区的彩礼居高不下甚至一路看涨，并出现农村比城里高、家庭越困难越高等怪现象。 这个春节，从江西农村到省城打工的夏军（化名）又在为找对象发愁，30岁的他在村里人眼中已属大龄青年，常常被家里催婚。 “现在结个婚太不容易！”夏军说，在当地，找对象一般要男方在县城有房、有车，还要出笔彩礼，一般是28.8万元。他算了笔账：县城买房首付约20万元，装修约15万元，轿车10多万元，加上28.8万元彩礼，仅这些就需70多万元。 “我打工每月挣6000元，一年能存三四万元，结婚光靠自己的积蓄很难承受。家里想先凑钱把房买了，彩礼钱只能向亲朋好友借，婚后慢慢还。”夏军说。 记者调查发现，近年来，通过持续深入开展移风易俗，一些地方彩礼有所下降，甚至出现“零彩礼”，但也有不少地方彩礼依然居高不下。多名受访群众表示，当地上百万元的“天价彩礼”并不多见，但二三十万元的彩礼确实较为常见。 值得关注的是，一些地方的彩礼还越来越高。“两三年前我们这边彩礼一般是10多万元，如今不少都是20万元起步。”中部某县一名村民说，今年春节，同村一户人家娶媳妇，不算置办婚宴酒席、购买金银饰品等，仅彩礼就22.8万元。 “这些年我们这儿彩礼一路上涨，从十多年前的8.8万元涨到18.8万元，再到28.8万元，如今一般都是38.8万元。”赣北地区一村民告诉记者。 高价彩礼衍生出一系列社会问题。一些受访村干部、村民说，当地有的人家相亲时先要谈好彩礼，给了彩礼再开始交往，双方后来没走到一起因退还彩礼引发的纠纷时有发生。 记者调查发现，一些地方高价彩礼难根治，背后有深层次的文化、经济等原因。 “在传统观念里，彩礼高代表嫁得好。谁的彩礼高，谁就嫁得好。”一些受访群众表示，女方要彩礼，不是要多少钱而是要面子。如果谁家没收彩礼，往往被认为男方家庭困难或自家姑娘有缺陷。 在长期的收送彩礼中，一些地方形成明码标价的地域“行情”。 “我们这儿彩礼18.8万元左右”“我们这儿一般是二三十万元”……记者调查发现，各地彩礼往往都有地域“行情”，谈彩礼时一般不会明显偏离“行情”。 江西省上饶市铅山县汪二镇徐家村村民赖毛仔说，人们在谈彩礼时一般会参照当地“行情”，同时也会相互攀比。彩礼高的有面子，明显低于“行情”的就感到难以接受，“这也是彩礼很难降下来的原因之一”。 除普遍的地域“行情”外，一些地方往往还存在“条件越差彩礼越高、家庭越困难彩礼越高”现象。中部地区一名村支书说，他们村邻近县城比较富裕，彩礼一般是18.8万元，但当地一些偏远村庄却高达28.8万元甚至38.8万元。 江西省鹰潭市贵溪市泗沥镇王湾村村支书郑兵和说，家庭条件困难的，往往要出更高彩礼才能娶到媳妇，“家庭条件好的，很多人争着把女儿嫁过去，反而可能不高”。 农村适婚青年“男多女少”也进一步抬高了彩礼。“村里姑娘嫁到城里多，城里姑娘嫁到村里的寥寥无几。”江西省宜春市高安市蓝坊镇魏家村村支书魏三忠说，村里适婚青年中男青年约占七成，娶媳妇难问题突出。 今年中央一号文件提出，推动各地因地制宜制定移风易俗规范，强化村规民约约束作用，党员、干部带头示范，扎实开展高价彩礼、大操大办等重点领域突出问题专项治理。受访干部群众和专家建议，尽快采取标本兼治的有力举措，推动农村彩礼“降温”。 甘肃定西市明确婚嫁礼金不超过5万元，江西贵溪市发挥红白理事会作用抵制高价彩礼，湖南江永县培训农村妇女干部等当“新媒婆”弘扬婚俗新风……近年来，一些地方探索了一系列抵制高价彩礼、推进移风易俗的举措，取得一定成效。 郑兵和说：“我们这里是全国婚俗改革实验区，村里成立红白理事会，谁家要结婚、彩礼多少等，都能及时掌握，并主动介入抵制高价彩礼。比如，今年春节村里一户村民家里办婚事，刚开始对方要彩礼28.8万元，通过我们多次上门做工作，最终降到8.8万元。” 一些地方还通过举办集体婚礼等形式，引导群众转变婚俗观念，在全社会营造文明健康的婚礼新风尚。彩车巡游、新婿登场、跨马鞍、执手之礼……去年12月，一场传统中式集体婚礼在江西省武宁县举办，参与的16对新人都是“零彩礼”。其中一位新娘付婷说：“彩礼不是婚姻幸福的筹码，这种集体婚礼简单而又充满仪式感，身边很多人说我的婚礼办得好。” 武汉大学中国乡村治理研究中心主任贺雪峰等人建议，结合移风易俗和生育政策优化调整，进一步引导群众破除旧观念，树立“彩礼高换不来家庭幸福”“感情才是美满婚姻基础”等理念，摒弃高价彩礼的婚嫁陋习。 “高价彩礼问题在欠发达乡村更突出。”南昌大学中国乡村振兴研究院执行院长刘建生认为，从根本上破解高价彩礼难题，必须加快推动乡村振兴，不断缩小城乡差距，让农村成为安居乐业的美丽家园，“让年轻人愿意留在乡村发展，让更多男女青年愿意在乡村安家落户”。,2161,https://news.cctv.com/2023/02/15/ARTI40n9IY6PyV4qa4ovBDti230215.shtml,高价彩礼;天价彩礼;婚姻;结婚;彩礼;婚俗;婚嫁;催婚;适婚;相亲;对象;婚礼
China News Service,2023-02-15,加拿大中国移民父母为子女觅对象 公园现相亲角,中新网 2月15日电 据加拿大《明报》报道，加拿大本那比一公园成为中国移民父母为未婚子女寻觅对象的相亲角。 在本那比中央公园一处角落，中国新移民聚在一起，互相传递手机或从钱包里掏出的照片，经双方微笑点头示意后就会开始询问对方，“你有女儿还是儿子？他们年龄多大？他们在哪家大学毕业？他们在哪里工作？为何仍然单身？” 在情人节前的周末，多达20至30位父母现身该公园。“相亲角”发起人王先生表示，有关构思源自其在中国河南省一次经历，他曾到当地一个“相亲市场”，父母互相介绍自己的孩子。 他称，在夏天，那里会有超过100人，而他从去年夏天起经营一个“线下交友网站”，在过去几个月里，它在中国移民父母中愈来愈受欢迎，配对成功率很高。 他笑说，一些父母是相亲角的常客，但有一天他们突然不再出现，之后邀请他参加其孩子的婚礼，而他发现这个过程“幸福而有意义”。 王先生指，相亲角是由300多名中国移民组成的网上讨论群组发展出来的，组员为其本人或子女寻找对象。他说，“很多华人家长和其子女均认为，他们的社交圈子很窄，希望在大温区认识一些志同意合的人，而该角落就可作为桥梁。” 王先生谈到他自己组织聚会的原因，他指其女儿快满26岁，他每周到本那比相亲角希望觅得佳婿，“我不是很担心，但认为现在是时候她开始约会。” 相亲角有另一会面地点，是列治文一个购物商场，时间为每周的周日和周四。 卑诗大学一位副教授表示，据其研究发现，不少在温哥华的中国移民发现本地相对较疏离，难识朋友。西方社会着重“个人化”，而华裔及亚裔文化则可更加“以家庭为重”，因此结婚不只是子女个人，也是他们父母的事宜。 【,684,https://www.chinanews.com.cn/hr/2023/02-15/9953907.shtml,结婚;相亲;单身;对象;婚礼
China News Service,2023-02-15,动辄二三十万甚至上百万元，先提彩礼再谈感情——部分农村地区高价彩礼现象调查,新华视点·聚焦高价彩礼上篇｜动辄二三十万甚至上百万元，先提彩礼再谈感情——部分农村地区高价彩礼现象调查 新华社南昌2月15日电 题：动辄二三十万甚至上百万元，先提彩礼再谈感情——部分农村地区高价彩礼现象调查 新华社“新华视点”记者郭强、范帆、姚子云 江西某地不含车房彩礼超过38万元；河南某地全款买车买房之后还要二三十万元彩礼；福建某地彩礼最多甚至高达200万元……伴随着春节的结婚高峰，高价彩礼再次成为热点话题。 彩礼本是一种传统婚俗，寄托着父母对新人的美好祝福。然而，“新华视点”记者调查发现，近年来，一些农村地区的彩礼居高不下甚至一路看涨，并出现农村比城里高、家庭越困难越高等怪现象。 这个春节，从江西农村到省城打工的夏军(化名)又在为找对象发愁，30岁的他在村里人眼中已属大龄青年，常常被家里催婚。 “现在结个婚太不容易！”夏军说，在当地，找对象一般要男方在县城有房、有车，还要出笔彩礼，一般是28.8万元。他算了笔账：县城买房首付约20万元，装修约15万元，轿车10多万元，加上28.8万元彩礼，仅这些就需70多万元。 “我打工每月挣6000元，一年能存三四万元，结婚光靠自己的积蓄很难承受。家里想先凑钱把房买了，彩礼钱只能向亲朋好友借，婚后慢慢还。”夏军说。 记者调查发现，近年来，通过持续深入开展移风易俗，一些地方彩礼有所下降，甚至出现“零彩礼”，但也有不少地方彩礼依然居高不下。多名受访群众表示，当地上百万元的“天价彩礼”并不多见，但二三十万元的彩礼确实较为常见。 值得关注的是，一些地方的彩礼还越来越高。“两三年前我们这边彩礼一般是10多万元，如今不少都是20万元起步。”中部某县一名村民说，今年春节，同村一户人家娶媳妇，不算置办婚宴酒席、购买金银饰品等，仅彩礼就22.8万元。 “这些年我们这儿彩礼一路上涨，从十多年前的8.8万元涨到18.8万元，再到28.8万元，如今一般都是38.8万元。”赣北地区一村民告诉记者。 高价彩礼衍生出一系列社会问题。一些受访村干部、村民说，当地有的人家相亲时先要谈好彩礼，给了彩礼再开始交往，双方后来没走到一起因退还彩礼引发的纠纷时有发生。 记者调查发现，一些地方高价彩礼难根治，背后有深层次的文化、经济等原因。 “在传统观念里，彩礼高代表嫁得好。谁的彩礼高，谁就嫁得好。”一些受访群众表示，女方要彩礼，不是要多少钱而是要面子。如果谁家没收彩礼，往往被认为男方家庭困难或自家姑娘有缺陷。 在长期的收送彩礼中，一些地方形成明码标价的地域“行情”。 “我们这儿彩礼18.8万元左右”“我们这儿一般是二三十万元”……记者调查发现，各地彩礼往往都有地域“行情”，谈彩礼时一般不会明显偏离“行情”。 江西省上饶市铅山县汪二镇徐家村村民赖毛仔说，人们在谈彩礼时一般会参照当地“行情”，同时也会相互攀比。彩礼高的有面子，明显低于“行情”的就感到难以接受，“这也是彩礼很难降下来的原因之一”。 除普遍的地域“行情”外，一些地方往往还存在“条件越差彩礼越高、家庭越困难彩礼越高”现象。中部地区一名村支书说，他们村邻近县城比较富裕，彩礼一般是18.8万元，但当地一些偏远村庄却高达28.8万元甚至38.8万元。 江西省鹰潭市贵溪市泗沥镇王湾村村支书郑兵和说，家庭条件困难的，往往要出更高彩礼才能娶到媳妇，“家庭条件好的，很多人争着把女儿嫁过去，反而可能不高”。 农村适婚青年“男多女少”也进一步抬高了彩礼。“村里姑娘嫁到城里多，城里姑娘嫁到村里的寥寥无几。”江西省宜春市高安市蓝坊镇魏家村村支书魏三忠说，村里适婚青年中男青年约占七成，娶媳妇难问题突出。 今年中央一号文件提出，推动各地因地制宜制定移风易俗规范，强化村规民约约束作用，党员、干部带头示范，扎实开展高价彩礼、大操大办等重点领域突出问题专项治理。受访干部群众和专家建议，尽快采取标本兼治的有力举措，推动农村彩礼“降温”。 甘肃定西市明确婚嫁礼金不超过5万元，江西贵溪市发挥红白理事会作用抵制高价彩礼，湖南江永县培训农村妇女干部等当“新媒婆”弘扬婚俗新风……近年来，一些地方探索了一系列抵制高价彩礼、推进移风易俗的举措，取得一定成效。 郑兵和说：“我们这里是全国婚俗改革实验区，村里成立红白理事会，谁家要结婚、彩礼多少等，都能及时掌握，并主动介入抵制高价彩礼。比如，今年春节村里一户村民家里办婚事，刚开始对方要彩礼28.8万元，通过我们多次上门做工作，最终降到8.8万元。” 一些地方还通过举办集体婚礼等形式，引导群众转变婚俗观念，在全社会营造文明健康的婚礼新风尚。彩车巡游、新婿登场、跨马鞍、执手之礼……去年12月，一场传统中式集体婚礼在江西省武宁县举办，参与的16对新人都是“零彩礼”。其中一位新娘付婷说：“彩礼不是婚姻幸福的筹码，这种集体婚礼简单而又充满仪式感，身边很多人说我的婚礼办得好。” 武汉大学中国乡村治理研究中心主任贺雪峰等人建议，结合移风易俗和生育政策优化调整，进一步引导群众破除旧观念，树立“彩礼高换不来家庭幸福”“感情才是美满婚姻基础”等理念，摒弃高价彩礼的婚嫁陋习。 “高价彩礼问题在欠发达乡村更突出。”南昌大学中国乡村振兴研究院执行院长刘建生认为，从根本上破解高价彩礼难题，必须加快推动乡村振兴，不断缩小城乡差距，让农村成为安居乐业的美丽家园，“让年轻人愿意留在乡村发展，让更多男女青年愿意在乡村安家落户”。 【,2215,https://www.chinanews.com.cn/sh/2023/02-15/9954231.shtml,高价彩礼;天价彩礼;婚姻;结婚;彩礼;婚俗;婚嫁;催婚;适婚;相亲;对象;婚礼
People.cn,2023-02-15,上海1128对准新人预约办理结婚登记 情人节迎来领证小高峰,2023年2月14日，上海各个婚姻登记机构迎来领证小高峰。 早上九点还没到，四五对情侣已提前来到黄浦区婚姻登记处准备领证。 工作人员为现场领证的新人们准备了一束10枝代表十全十美的东方·国泰郁金香花束，同时也准备了一场简约又别开生面的颁证仪式。 新人们手捧郁金香，脸上洋溢着幸福的笑容，携手美好的同时，也共同托起一份永恒的责任。 情人节当天，人们来到黄浦区婚姻登记处领证。 卫先生是一名摄影爱好者，他选择自己定格记录这个美好的日子。 洪先生和陈女士因户外登山相识，领完证后陈女士流下幸福的眼泪。对于未来的生活他们期盼要开心和快乐，憧憬着80岁时也要一起爬山。 据悉，2月14日全市共1128对准新人预约办理结婚登记，截至中午已办理709对。 这一预约量比去年2月14日增加了约三成，且略高于疫情前2019年同期。,356,http://sh.people.com.cn/n2/2023/0215/c134768-40301743.html,婚姻登记;结婚登记;婚姻;结婚;情侣
People.cn,2023-02-15,为爱护航！2月14日，贵州各地办理结婚登记9203对,人民网贵阳2月15日电 （李丽萍）2月15日，记者从贵州省民政厅获悉，2月14日，贵州各地婚姻登记迎来节后小高峰，截至当天18点，全省办理结婚登记共9203对。 据了解，为确保2月14日婚姻登记工作高效、有序进行，贵州各地民政部门采取多种措施，有效应对婚姻登记小高峰。黔东南苗族侗族自治州天柱县提前发布“情人节”当天结婚登记的温馨提示，让新人们熟悉登记流程、所需材料等内容，增派工作人员进行咨询解答工作，确保所有到场新人当天顺利办理婚姻登记。 毕节市七星关区民政局婚姻登记处在原有的两个窗口基础上新增一个登记窗口，不间断轮流办理登记，同时，选派工作人员提供现场咨询服务并维护现场秩序，保持登记秩序。此外，提前通过贵州民政官网、贵州民政微信公众号、多彩宝APP三个平台为新人提供结婚登记预约服务，极大提高登记效率，缩短等候时间。 为进一步倡导婚俗新风，遵义市新蒲新区民政局婚姻登记处向前来办证的准新人们发放《文明婚俗新风倡议书》《中华人民共和国民法典》婚姻家庭篇等相关内容的宣传资料、法律法规，推动移风易俗、抵制低俗婚闹，宣传婚事新办、婚事简办新风尚，提倡新人文明节俭办喜事。贵州各地安全、有序、规范开展婚姻登记工作，用心用情为爱护航，满足了广大群众的需求。,528,http://gz.people.com.cn/n2/2023/0215/c222152-40302044.html,婚姻登记;结婚登记;婚姻;结婚;婚俗
People.cn,2023-02-15,云南墨江迎来结婚登记小高峰,2月14日，云南省普洱市墨江县婚姻登记处迎来结婚登记小高峰。 在墨江县民政局婚姻登记中心，新人们早早排起了长队。不少新人为领证精心装扮，有的佩戴头纱、有的手捧鲜花、有的佩戴戒指，仪式感满满，还有的带着亲朋好友一起前来见证这幸福一刻。 上午8时，墨江县民政局婚姻登记中心工作人员就位，开始为准新人们办理结婚登记。 今天登记的第一对新人刀国辉和董燕已相恋八年。“我们之前在网上了解过关于领证的很多信息，提前准备了资料，昨天也到现场咨询了办理流程，今天天还没亮我们就到这里来排队，也就成了今天第一对领证的新人。我们在一起已经八年了，是想在这个特殊的日子变成一家人。”这对新人说。 据介绍，为迎接“领证潮”，让新人们感受到温暖的服务，墨江县民政局婚姻登记中心工作人员提前准备所需材料，耐心做好咨询服务，确保当天前来办理结婚登记的新人都能高效、幸福地领到结婚证。 墨江县民政局工作人员黄莉介绍说：“有很多的新人提前到现场咨询，也有通过电话预约的，到上午八点半我们已经办理了6对新人结婚登记。” 据墨江县民政局统计数据显示，2月14日截至17时，全县共有48对新人办理结婚登记。（吕晶、杨李莎 墨江县融媒体中心供稿）,502,http://yn.people.com.cn/n2/2023/0215/c372451-40301977.html,婚姻登记;结婚登记;婚姻;结婚
People.cn,2023-02-15,婚姻登记机构迎领证高峰 温馨服务营造满满仪式感,在东城区婚姻登记事务中心，领完证的新人手持小志愿者的画作在玫瑰墙前拍照留念。本报记者 安旭东摄 昨天，在石景山区婚姻登记处，新人收到饱含祝福的书法作品。 本报记者 吴镝摄 本报讯（记者 王琪鹏）昨天，全市各区的婚姻登记机构迎来“乙类乙管”后的首个婚登高峰。在婚登大厅，新人们有的头戴白纱、手捧鲜花，有的穿着精心搭配好的服装，还有人叫来摄影师跟拍，记录幸福时刻。为更好地服务新人，部分婚登宣誓大厅恢复开放，设置领证仪式，营造满满仪式感。 昨天7时10分，新人于博毅和丘一诺就赶到了东城区婚姻登记事务中心。于博毅家住房山，丘一诺住在丰台，两人特意起了个大早，如愿成为当天的“1号新人”。“今天是我们在一起的第6年6个月零6天。”两位新人依偎在一起，眼中都是笑意。为了留下美好瞬间，准新娘丘一诺给自己精心打扮了一下，她头戴白纱，手里捧着一束海芋。“海芋的寓意是此生不渝。”她和于博毅相识多年，大学期间二人经历了好几年异地恋，回到北京后才终于修成正果。 在另一边，一对戴着喜字口罩的新人已迫不及待地开始了自拍。“今天是我们在一起的一周年。”新人王先生说。当天，婚登中心特意推出了一个主题为“画样幸福”的特殊环节，将小志愿者的画作制作成展板，供新人们拍照留念。孩子们的画中，每个人都绽放出笑脸。 据了解，全市有3241对新人预约昨天结婚登记。为应对“乙类乙管”后的首个婚登高峰，全市婚登机构周密部署，采取延时服务、增开窗口的方式，最大程度满足市民需求。东城区婚姻登记事务中心主任王涛介绍，工作人员从上午8时30分开始对外办公，婚登窗口增开到8个。在海淀区，婚姻登记处推出延时婚姻登记服务，工作人员全员停休，开放12个登记窗口，中午不休息，确保登记效率。 目前，全市部分婚登宣誓大厅已恢复开放。在丰台区，除了开放宣誓大厅外，婚姻登记处还为新人举行颁证仪式，由专业摄影师提供免费拍摄、录像服务，充满仪式感。在昌平区，新人在工作人员的引导下郑重宣誓，步入婚姻殿堂。石景山区婚姻登记处为新人举办“牵手、幸福即开始”主题活动，邀请小提琴手现场演奏浪漫乐曲，书法家为新人书写“家”“和”“福”“喜”等书法作品，传达美好祝福。,901,http://bj.people.com.cn/n2/2023/0215/c82840-40301582.html,婚姻登记;结婚登记;婚姻;结婚
People.cn,2023-02-16,多地开展婚俗改革，破除“天价彩礼”陋习,13日发布的今年中央一号文件明确提出，扎实开展高价彩礼、大操大办等重点领域突出问题专项治理。 近年来，“天价彩礼”、婚礼恶俗闹剧等频频出现，引发社会高度关注，多地积极开展相关改革。2021年4月以来，全国已确立32个婚俗改革实验区。这些改革成效如何？“新华视点”记者展开调查。 随着经济快速发展和社会剧烈变迁，婚俗也发生巨大变化，一些地方的“天价彩礼”、盲目攀比等婚姻陋习与现代文明社会形成巨大反差。如何为爱“减负”，让婚俗与时俱进，各地不断开展探索。 设立婚俗改革实验区是推进婚俗改革工作的一项重要抓手。2021年4月，河北省河间市等第一批15家单位被确立为全国婚俗改革实验区。2021年9月，结合实践经验和各地意愿，河北省邯郸市肥乡区等17家单位被确定为第二批全国婚俗改革实验区，进一步扩大试点覆盖面。 按照相关要求，这些实验区从开展婚姻家庭辅导、倡导简约适度婚俗礼仪、培育文明向上婚俗文化、传承良好家风家教四方面入手推进婚俗改革。 在开展婚姻家庭辅导服务方面，各地建立健全一站式、多元化的婚姻家庭服务机制。目前，我国84%的县级以上婚姻登记机关设置了婚姻家庭辅导室。 在创新婚俗礼仪方面，将颁证仪式引入结婚登记流程并实现颁证常态化，引导当事人用庄重的颁证仪式代替大操大办。 在提升服务质量方面，32个实验区普遍提升了婚姻登记软硬件环境，设立了婚姻文化馆或婚姻文化长廊，帮助新人深化对婚姻的认识和理解。 在整治不正之风方面，各地基层自治组织把抵制高价彩礼、大操大办等纳入村规民约、居民公约，对彩礼、婚宴、随礼等标准、参加人数等作出规定。 遏制高价彩礼、大操大办等陋习是婚俗改革一项重点内容，也是各实验区重要发力点。各地不仅进一步强调监管，还提出很多具体行之有效的办法。 在山西省运城市盐湖区，全区233个行政村、76个社区成立红白理事会，制定理事会活动章程，将彩礼限额原则上不超过6万元等规定写入村规民约并公开上墙。 在江苏省东台市，建立公职人员婚前廉政谈话、操办婚嫁事宜报告备案、违规操办婚嫁事宜歪风查办三项制度，引导党员干部带头做到婚事新办、简办、廉办。 大红的喜字、鲜艳的绸缎、芬芳的鲜花……2022年5月20日，被装点得喜气洋洋的河间市大庄村红色礼堂内，正在举行一场零彩礼集体婚礼。来自兴村镇北李子口村的一对新人——明亮、赵聪敏，身穿中式喜服，和其他6对新人一起，在乡亲们的祝福下掀盖头、拜天地、行结发礼。 “我看上的是明亮这个人勤劳肯干，有没有彩礼不重要。”赵聪敏说，虽然没收彩礼，但能参加这么有纪念意义的婚礼，也给小日子开了个好头。 “5·20”零彩礼集体婚礼是河间市推动婚俗改革的重点举措之一。2021年以来，在河间市民政部门办理的新婚登记中，不少是零彩礼和低彩礼。 2021年5月20日，新人们在河间市零彩礼公益集体婚礼上。新华社记者 朱旭东 摄 陕西省宝鸡市金台区大槐树村村民张盼还记得，自己在谈婚论嫁时曾因彩礼犯了难。“我们当地的习俗是彩礼12万到15万元，外加一辆车和宝鸡市区的一套房，这下来得小一百万元，村里人哪里拿得出来！”多亏当地红白理事会的调解和劝说，女方家把彩礼降到6万元。 在邯郸市肥乡区，获评“移风易俗好家庭”的家庭成员可获得免费体检、10万元创业担保贷款等各项优惠政策，释放正向激励效应。 婚俗改革涉及的是群众风俗习惯，更需要动员群众的力量。一些实验区通过公益创投、政府购买服务等方式吸引社会组织、民间团体等社会力量参与婚俗改革相关工作。 2022年，成都太阳花社会工作服务中心受四川省民政厅委托，对省内各地收彩礼等情况进行深入调研分析。“我们团队走访了12个不同地区的婚姻登记处，积累了大量一手素材，最终形成相关报告，为下一步民政部门出台有针对性的举措提供参考和依据。”成都太阳花社会工作服务中心理事长张凤说。 从古至今，婚嫁礼俗往往被视为一生中最重要的仪式之一。《仪礼》记载：昏有六礼，纳采、问名、纳吉、纳征、请期、亲迎。多位专家表示，婚俗改革要取得成效，既需拿出实招，也要直面背后深层问题。 首先，要积极发挥农村基层组织和城市居民自治组织的作用。 只办一天酒席、吃农家大锅菜、用车不超过6辆……2022年11月17日，邯郸市肥乡区田寨村村民牛荷飞和田帅盟在亲朋好友的祝福下举办了一场简约的婚礼。调查显示，肥乡区村民婚礼操办平均支出为2万至3万元，降幅高达76%至84%。 为治理婚礼大操大办和“天价彩礼”，肥乡区制定节俭办婚礼的参考标准，对席面规模、用车数量等都给予细致规定。此外，当地还成立了由村支书、村内能人组成的村民事务理事会，全程监督。 河南省宁陵县也积极推进行政村成立红白理事会和红白事监督小组，负责各村婚丧事务的操办，切实发挥服务监督管理作用。 中国社会科学院社会学研究所性别与家庭社会学研究室主任马春华表示，婚礼市场各类商家利用人们“讲面子”、搞攀比的心理，在婚礼规模、仪式包装等方面不断细化，进行商业诱导，加剧种种乱象。 尤为重要的是，多位专家认为，要直面“天价彩礼”等陋习背后的发展不平衡等问题。 陕西省社会科学院社会学研究所副研究员李巾表示，在一些经济条件欠佳的农村地区，部分适龄女青年外出务工后不愿再返回农村，进一步导致适婚女性数量减少。一些大龄单身男性及其家庭为完成“娶妻生子”“代际传承”的目标，不得不通过高价彩礼，提升“竞争力”。这客观上异化了彩礼原有传统礼仪和情感表达意义。 在马春华看来，在经济欠发达地区，由于缺乏稳定丰厚的经济来源，彩礼还承担着家庭经济保障、养老补偿、脸面攀比等多重作用，金额因而水涨船高，甚至出现“经济越困难的地方彩礼越高”的怪象。 马春华认为，要摒弃陋习、形成新风，还要在深刻认识社会民情和文化背景的基础上，重视“天价彩礼”背后的经济逻辑，通过增加城镇教育资源等方面供给，进一步推动就业、医疗卫生等公共服务的均衡化，减轻家庭显性或隐性成本。 三年实验工作已进入下半程。民政部社会事务司司长王金华表示，下一步，民政部门将进一步加大对实验区工作的指导力度，帮助实验区开阔视野、拓展思路、提升能力，争取再形成一批可学可用可复制可推广的创新经验。同时针对实验区已产生的好做法好经验，民政部将及时总结推广，并上升为指导面上工作的政策措施。（新华社“新华视点”记者高蕾、孙少龙、范思翔、白明山、李亚楠、袁秋岳）,2600,http://sc.people.com.cn/n2/2023/0216/c345460-40303163.html,婚姻登记;结婚登记;高价彩礼;天价彩礼;婚姻;结婚;彩礼;婚俗;婚嫁;适婚;单身;婚礼
China News Service,2023-02-17,河间“零彩礼”样本：婚事花费平均减少7万元至15万元,2021年4月至今年1月全市办理新婚登记4726对，近九成为“零彩礼”“低彩礼” 2月11日，河北省河间市西旧馆村村民王春相“嫁闺女”。 上午新娘在家换好婚纱，步行从家走到50米外的婚俗改革大礼堂。礼堂内已经坐满了人。 婚俗改革大礼堂由村民集资修建，提供婚宴的场所和做饭的厨房，主家(举办婚宴的人)只需要付几百块钱的保洁费和使用调料的费用。王春相对大礼堂很满意，“省钱了，而且就在村子里，不像过去在镇上的酒店摆酒，担忧小孩乱跑，喝醉的客人回家也不安全。” 河间市创建文明城市工作促进中心主任杨翠霞和河间市民政局副局长郭自勉也专程前来为这对“零彩礼”的小两口送上祝福。 2月13日，《中共中央 国务院关于做好2023年全面推进乡村振兴重点工作的意见》(即中央一号文件)提出，要推动各地因地制宜制定移风易俗规范，扎实开展高价彩礼、大操大办等重点领域突出问题专项治理。 “前几年，河间市也有这种趋势，农村红白喜事大操大办、铺张浪费、讲排场、比阔气的奢靡风气愈演愈烈。”杨翠霞告诉记者，2018年，河间市召开了移风易俗推进大会，把遏制高额彩礼作为推进移风易俗工作的抓手和突破口。2021年4月，河间市成为全国第一批婚俗改革实验区。“河间市婚俗改革工作的亮点集中在‘零彩礼’‘低彩礼’新人不断涌现，全市结婚新人彩礼显著降低。” 根据河间市民政局在今年1月发布的信息，自2021年4月至今年1月，全市共办理新婚登记4726对，其中“零彩礼”“低彩礼”占比88%，每桩婚事花费比从前平均减少7万元至15万元。 32岁的杨蕊长着一张鹅蛋脸，采访到一半，孩子的啼哭声打断了采访，她急忙去哄孩子。结婚后，杨蕊和丈夫在新疆创业，经营保温材料的生意。去年11月，二宝出生，过完年，她留在家中照顾孩子，丈夫自己先回了新疆。 4年前，杨蕊因“准新娘主动退回18万彩礼”的事情被多家媒体报道，退彩礼的这一幕被人用手机记录下来，视频中丈夫胡亚洲从岳父杨国峰手中接过18万的现金，深深鞠了一躬。“当时他说话都有些哽咽了，眼中泛着泪花。”杨蕊也是后来才知道，当初公婆为了凑齐这18万彩礼钱，找亲戚朋友借了一部分。 “当时我的一些小姐妹直接说，不看好我们。因为家中还有一个小叔子，万一小叔子以后结婚，公婆给了那边彩礼，姐妹们担心我会心里不平衡。”杨蕊说她最初就不认可高彩礼，但当时身边的风气是这样，大家都是这个数，便没有拒绝。后来政府提倡“零彩礼”，她完全支持，而且自己的父母也很开明，同意了。她想如果以后小叔子结婚真需要给彩礼钱，她也能接受。 杨蕊是河间市杨官庄村第一个“零彩礼”的新娘。杨国峰记得，按照当地的习俗，2018年，订亲时，亲家给了8.8万，次年结婚前又给了10万。再早两年，他儿子结婚时也是这么给出去的。 2018年12月7日，河间市召开移风易俗推进大会，会上提出以治理婚嫁事宜大操大办为重点，在各村、社区成立“红白理事会”，提倡婚事新办、婚事简办，通过举办“零彩礼”集体婚礼等活动，鼓励“零彩礼”“低彩礼”，并下发了《河间市精神文明建设委员会关于在全市城乡深入开展移风易俗工作的实施意见》。 杨蕊家所在的沙河桥镇副镇长李惠颖回忆，当时市、镇政府知道了杨蕊家要办婚礼的事情，就和村干部一起上门劝说，希望能“零彩礼”，婚事简办。杨国峰坦言，最初他和妻子也担忧过，认为给彩礼是男方对女方的尊重，彩礼钱也能给女儿一个保障。李惠颖记得，当时他们了解到，杨国峰的儿子已经成家，家庭条件尚可，拿了彩礼，最终也会给女儿，“我们当时也是以这个为突破口，劝服他的。” 按照当时河间市的要求，提倡“低彩礼”“零彩礼”，同时市文明办发布的婚事办理参考标准为：酒席控制在350元/桌以下；用烟价格在10元/盒以下，用白酒价格在50元/瓶(500毫升)以下。 最终，杨国峰与亲家商议决定，双方均不燃放鞭炮；女方不再操办酒席；婚礼当天预订的18辆小轿车减至6辆加一辆大巴车；白酒从几百元一瓶的改为几十元一瓶的。 三十多年前，杨国峰结婚时，给了岳父几百块钱的彩礼。结婚后家里一穷二白，他和妻子一起创业，经营自己的家庭。 几年前，儿子结婚时，他打听了一圈，彩礼已经涨到了18万。 西旧馆村村支书王秋来回忆，差不多在2010年，自己的儿子结婚时，给了亲家10万彩礼。之后的五年，彩礼飞速上涨，到了2015年，彩礼最多的可以给到30万。加上婚宴、婚纱摄影等，“没个三四十万，娶不到媳妇。” 西旧馆村的主导产业是电力器材销售，王秋来评估了一下，村里平均每家的存款10万左右，即便如此，彩礼钱对不少家庭来说也是一笔不小的负担，不少人家为了娶媳妇四处借钱，村委会调解过不少因为彩礼闹矛盾的家事。 “早几年，这样的情况确实不少。”王秋来说，村里有户人家，父母为了儿子娶媳妇前前后后欠下了25万的外债，儿媳妇婚后带回来十几万的彩礼钱，“当时，父母欠的外债还不上了，儿媳妇又不愿意动用自己的钱替公婆还债，小两口差点闹离婚。” 65岁的石炳启在北京某单位退休后，2018年回到大庄村当村支书。刚回到老家看到村里的婚俗情况“很震惊”，“当时村里的彩礼最多有三十多万，而且越是贫困的家庭，彩礼钱越高。”大庄村以种植蔬菜和树苗为主，村民的年人均收入大约是3万块钱。 王秋来说，婚俗改革前，最基本的婚礼规格也是吃饭要到乡镇的饭店吃，每桌至少888元，按照吉祥数来的，每次婚礼都要订四五十桌；接亲的车队最低是奥迪，每次租车都是26、28、30辆，按着双数来；请一个婚庆主持加场景布置，要七八千；烟的话一定要是高档的；酒要两三百块钱一瓶的。 河间市民政局局长马忠文告诉记者，在河间市婚俗改革工作之前，“农村红白喜事大操大办、铺张浪费、讲排场、比阔气的奢靡风气愈演愈烈，传统的礼仪已经演变为大吃大喝的‘面子工程’，彩礼水涨船高，老百姓的负担越来越重。在调研的基础上，河间市出台相关文件，决定把婚俗改革工作作为重点工作之一。” 坐落在城北十公里处的二十里铺村是河间市婚俗改革的先行者，2017年11月，市里还没有下发移风易俗工作的实施意见前，二十里铺村已经贴出了《二十里铺村红白事改革制度》，包含12条白事、10条红事规定。 二十里铺村村支书王志强告诉记者，最初是因为不时有村民找他反映，红白事攀比特别厉害，办一次事平均下来，单是吃喝要花至少3万。 王志强先是在村里面开了一个会，说要改革，村民们也都同意，但具体怎么改，难以统一，“反反复复开会，最终确定了这22条规定。” 红事“婚礼车队控制在轿车6辆以下，其他车辆一律为客车；烟价格控制在10元以下，酒价格控制在30元以下……” 王志强回忆，《二十里铺村红白事改革制度》刚刚颁布，就遇到了困境，谁也不愿意做第一个“吃螃蟹”的人，“我们制度标明了在2017年11月1日正式执行，11月有一个结婚的，婚礼流程是10月定下来的，对方不愿意改动。” “总不能第一炮就打空炮。”王志强和几个村干部登门了几次，主家就是不同意，“把什么事都推到女方家，说是女方不愿意。” 最终，王志强说动了婚礼的“大操儿”(村里负责协助主家操办红白事的人)，“大操儿”认可村里的规矩，向主家表明，不按照村规办事，就不去给他们主持，主家同意了。 “很多家庭不是不愿意遵循制度，更多是担心自己家婚宴的规格低了‘丢面子’。我们就在微信群里说是村委会强烈要求这么做的，也给了主家台阶下。”五年的改革，王志强总结出经验，改革最重要的是“公平”，“村里有人在市里做干部，还有特别富裕的家庭，都是按照我们的村规办的。其他人看到他们这样，也就不想着丢面子的事，愿意遵循了。” “实际上，河间市的婚俗改革开始得更早。”杨翠霞说，2017年，十九大报告提出“开展移风易俗、弘扬时代新风行动”。中央和有关部委也陆续下发文件，提出要持续推进农村移风易俗工作，对婚丧陋习、天价彩礼等不良社会风气进行治理。 他们宣传的第一个典型事例是在2017年。当时，河间市的一对新人结婚，男方家庭不富裕，新娘了解情况后，主动不要彩礼。当时的河间主要领导专程看望了这对“零彩礼”新婚夫妇，这件事在当地被广泛报道。 2018年12月7日，河间市召开移风易俗推进大会，提倡婚事新办、婚事简办，鼓励“零彩礼”“低彩礼”。 2021年4月，民政部公布了15家全国第一批婚俗改革实验区，河北省河间市位列其内。 河间市的婚姻登记处坐落在城市北边一个公园内，入园左手边的展牌上，写着“君子淑女，燕尔新婚，执子之手，与子偕老”。公园里栽种着象征爱情的合欢树等植物。 河间市婚姻登记中心副主任单艳丽告诉记者，婚姻登记处原本设在河间市行政审批中心，有一个结婚登记窗口、一个离婚登记窗口，同其他行政审批窗口一起办公。2022年5月建成了这座位于公园内的婚姻登记处，同时配备有婚姻辅导室、颁证厅、喜事汇、幸福讲堂等。 每周五上午，河间市副处级以上领导干部和道德模范轮流在婚姻登记中心为“零彩礼”“低彩礼”新人颁发结婚证及新婚礼物。 单艳丽说，“我们改革不是说不搞仪式，我们反对的是铺张浪费，希望通过规范化登记仪式，做正确的引导。” 2021年4月，河间市成为全国第一批婚俗改革实验区以后，成立了以市委书记、市长任组长的河间市婚俗改革实验工作领导小组，单艳丽说，“改革工作不仅仅是在民政局和文明办，像妇联组织了公益红娘群，团委搭建了一个大龄未婚青年交友联谊平台，涉及十几个部门。河间市每年举办‘5·20零彩礼’集体婚礼、成立公益红娘群、建立‘小桔灯’婚姻家庭关系志愿服务队、开展‘幸福讲堂’等。” 杨翠霞说，目前，河间市615个村全都成立了红白理事会，负责制定本村婚丧嫁娶的村规民约，由村支书担任各个村红白理事会会长，保证实施效果。政府部门下发了《河间市婚事新办操作手册》等文件，“我们只是提供一个标准，但具体措施可根据实际情况由本村的人自己协商，不可能是一刀切的。” 沙河桥镇副镇长李惠颖这两年也忙起来了，2021年4月以后，单单是婚礼她就参加了三十多场。她介绍，一般情况下，村委会得知哪家要办婚事，上报到乡镇，然后乡镇政府和村委会的人一起到“主家”做说客。在她看来，很多人一开始拒绝都是面子的问题，“有的村子的村支书德高望重，村支书直接表明不按照村规民约办事，他就不去参加婚礼，村民多少都会给村支书一个面子；有的村子说服村子的大户很重要，只要大户同意了，其他人也都不会说什么了，而大户最看重的是荣誉，请镇长甚至是市里的领导参与主持婚礼，他们觉得更有面子。” 一个村里的富裕户还记得镇长参加他女儿婚礼的场景，“领导登门，荣幸呀。” 大庄村村支书石炳启说，他是从婚礼的仪式改革上入手，先是改革了村里的红白理事会，“过去有的‘大操儿’为了拿回扣，不会帮主家省钱。”将村里闲置的村委会旧址改为婚俗改革大礼堂，方便村民办红白事，同时也便于统一标准。规定酒席不超过12桌，担心主家嫌婚礼不热闹，村里组建了自己的鼓队，“只要管一顿饭就行了”。 多位村支书向记者表明，他们在婚俗改革的过程中，最难做的是彩礼改革，而彩礼改革中最难的是做通女方父母的工作，女方父母拒绝的理由多是认为这是家事，拒绝沟通；想要为女儿要一份婚后保障；担忧村里人说闲话，是不是因为女孩有啥问题才不要彩礼的？李惠颖说，他们会先了解每个家庭的情况，有针对性地谈，“村支书因为了解本村各户的情况，起到的作用很大。” 记者采访时，也有不少村民表达了对彩礼的支持。 “男的女的结婚就那么点事，给彩礼也是习俗，应该给点。”今年56岁的村民老张说。 刘姐的儿子今年26岁了，还没结婚，“没媒人给说，也愁哩。”她也认为应该给彩礼，“人家养大的闺女嫁到男方家，怎么能不给彩礼呢。”她老早就开始给儿子攒“娶媳妇的钱”。 30岁的刘芸芸(化名)是“零彩礼”的践行者，但是身边的朋友结婚前向她征询意见时，她建议慎重考虑，“不建议要太多，但可以适当要点。” 刘芸芸说，她在结婚之后发现生活中多了许多开支，尤其是有了孩子以后， “对我来说，父母能支援，公婆也很明事理，目前没有遇到什么难题。但如果遇到婆媳关系紧张的，女方怀孕后可能没有收入，这时候，女孩子手中有点彩礼，也是一个保障。” 2017年前后，西南财经大学社会发展研究院讲师陈晶环曾经在河北省多个村子进行过调研，她发现持有刘芸芸这种观点的女方家属占多数，“现在独生子女居多，女方要彩礼不再是人们传统认知的，女方父母留下彩礼钱，给儿子娶媳妇用或用于自己养老。现在，多是让女孩子带回新婚家庭，让女儿有一个保障。” “但女性不能完全指望彩礼来保障自己的地位或者说权利。”陈晶环调研发现，支付高彩礼的婆家往往也对媳妇提出更高的要求，“对女性来说，最重要的还是要有自身的资源，如受教育水平、工作能力等。” 杨翠霞说，推广“零彩礼”，不是绝对地让所有人都是“零彩礼”，目标还是想要通过“零彩礼”树典型，降低彩礼的标准，遏制天价彩礼的风气，“不管是婚事简办还是彩礼改革，都不是说不让人们花钱，而是为了遏制铺张浪费。” “改革的难点在人们思想观念的转变。”杨翠霞说，“有做得好的村子，也有做得没那么好的村子，我们也是想办法树典型人物、典型村子，从而在全市形成一种风气。过去可能大家认为铺张浪费、要高彩礼是一种风气，通过党委政府的推动、村镇制定村规民约，不断引导这个事情，慢慢把风气转变过来。” 陈晶环也曾到河南、四川等多地进行调研，她发现天价彩礼上涨的原因是多方面的，“比如农村地区男多女少，引发的婚姻市场竞争加剧；经济高速发展导致人们对物质生活的追求，这些问题很难短期内快速解决，也不能要求政府一下子就将这些问题全都解决，风气的改变也是一个循序渐进的过程。” 杨翠霞说，随着调研、改革的深入，他们也发现了大龄男青年的问题日益突出，为此，市文明办、市人社局等四部门联合制定、印发了《河间市大龄未婚青年“双帮扶”服务活动实施方案》，对学历较低、生活技能不高、家庭条件相对较差的未婚大龄青年实施“牵线搭桥”“技能培训”双帮扶，解决了不少实际困难。 河间市委书记王丙林说：“近几年河间市在移风易俗工作中积极探索，形成齐抓共管的良好工作格局。河间市将以今年中央一号文件为指导，继续扎实开展高价彩礼、大操大办等重点领域突出问题专项治理，推动婚俗改革向纵深开展，提升农民精神风貌，培育文明乡风、良好家风、淳朴民风，助推乡村振兴全面发展。”,5833,https://www.chinanews.com.cn/sh/2023/02-17/9955097.shtml,婚姻登记;结婚登记;高价彩礼;天价彩礼;婚姻;结婚;离婚;彩礼;婚俗;婚嫁;婚礼
China News Service,2023-02-19,多地公布高价彩礼治理成效：四川凉山制止528起10万以上彩礼,近段时间，四川凉山、河北河间、甘肃定西等多地相继公布了高价彩礼问题治理的阶段性成效。 凉山州委宣传部微信公众号“文明凉山”近日发布的消息称，移风易俗专班运行以来，全州共报备红事991起，白事2527起，共制止10万元以上彩礼528起，涉及金额7010万元，收集村(居)民从简办理婚丧事宜的典型案例263起，群众“不愿收、也不愿送”的氛围已初步形成。 消息称，2022年5月1日《凉山彝族自治州移风易俗条例》的出台为移风易俗工作提供了法律遵循，凉山州以《凉山州治理高价彩礼深化移风易俗工作导则》等规范性文件为指导，持续拓展深化新时代文明实践中心建设，大力培育文明乡风、良好家风、淳朴民风，全州移风易俗工作以星星之火燎原之势，燃遍彝乡大地。 凉山州明确党员干部带头执行彩礼标准上限(婚嫁彩礼最高不得超过10万元，婚嫁民俗礼金合计不得超过1万元)，要求如实填报个人有关事项、严格登记报备，把专项治理情况纳入基层党组织生活会、领导班子和领导干部民主生活会对照检查重要内容，组织签订《移风易俗承诺书》，对违反相关规定的公职人员加大执纪问责力度，从严查处震慑，形成自觉抵制高价彩礼的良好政治氛围。目前，纪检监察部门处置涉及相关移风易俗问题线索15件，处理党员干部16人，全州签订《移风易俗承诺书》98.9万余份，全覆盖开展党员干部抵制高价彩礼宣誓活动1500余场次。 早前的2022年12月30日，民政部召开全国婚俗改革经验交流电视电话会议，系统总结交流婚俗改革经验做法。会上，浙江省、内蒙古自治区、河北省河间市、上海市奉贤区、浙江省三门县、山东省青岛市黄岛区、河南省宁陵县、广东省广州市介绍了开展婚俗改革的经验做法。今年1月，《中国民政》杂志刊发专题报道，选登了8个地方的会议发言。 其中，河间方面介绍，该市被确定为全国婚俗改革实验区以来，在突出党建引领的同时，大力发挥品牌、制度、示范引领作用，婚俗改革取得初步成效。自2021年4月以来，全市共办理新婚登记4726对，其中“零彩礼”“低彩礼”占比88%，每桩婚事花费比之前平均减少7-15万元。 河间的做法包括：一是成立由市、乡、村三级书记任组长的婚俗改革实验工作领导小组，建立联席会议制度。搭建婚俗改革实验平台，打造集沟通联络、发现问题、信息归集等功能为一体的综合指挥调度中枢。二是全市563个行政村、76个居委会，全部建立红白理事会等村民自治组织。党支部书记兼任理事长，定期举办红白理事会成员培训班，加强红娘自律管理。三是建立“未婚大龄青年数据库”，线上婚恋服务、线下联谊交友有益补充，破解不同区域联姻难问题。四是利用新时代文明实践中心(站)、家风家教传承基地、婚姻家庭协会，开展婚恋新风宣传培训。五是开展大龄未婚青年职业技能培训等。 甘肃定西日前也公布了高价彩礼的治理情况：据不完全统计，治理高价彩礼推动移风易俗培育文明乡风攻坚年行动自2022年6月份启动实施以来，定西70%的出嫁方彩礼控制在0至5万元以内，平均为4.9万元，比行动前下降了10.9%。 当地早前出台的相关行动方案明确，婚嫁礼金不超过5万元，城区和农村举办婚事酒席均不超过20桌等。 2月13日，定西市新时代文明实践中心办公室一位工作人员接受极目新闻采访时介绍，之前定西市等一些偏远、经济条件偏差的地区彩礼偏高，条件好一些的地区彩礼本身不高。该方案实施以来，取得了一定的成效，老百姓对彩礼看得越来越淡了，但并未全面限制住“天价彩礼”“高价彩礼”。（澎湃新闻记者 钟煜豪） 【,1445,https://www.chinanews.com.cn/gn/2023/02-19/9956238.shtml,高价彩礼;天价彩礼;婚姻;婚恋;彩礼;婚俗;婚嫁
China News Service,2023-02-21,农业农村部：扎实开展高价彩礼等重点领域突出问题专项治理,中新网 2月21日电 农业农村部网站21日公开了《农业农村部关于落实党中央国务院2023年全面推进乡村振兴重点工作部署的实施意见》。其中提出，加强农村精神文明建设。持续推进农村移风易俗。组织开展移风易俗宣教活动，扎实开展高价彩礼、大操大办等重点领域突出问题专项治理。引导各地在村规民约中充实简办婚丧喜事、减轻人情负担、反对铺张浪费、倡导孝老爱亲等内容。遴选推介第四批文明乡风建设典型案例，推广乡风文明建设经验。 《意见》明确，保护传承农耕文化。深入实施农耕文化传承保护工程，开展第七批中国重要农业文化遗产挖掘认定。实施“农业文化遗产里的中国”系列宣传活动。以“庆丰收 促和美”为主题办好第六个中国农民丰收节，组织开展具有广泛影响力的节日特色活动。丰富乡村文体生活。开展乡村阅读推广活动，遴选推介“乡村阅读榜样”。举办全国“美丽乡村健康跑”等农民体育品牌活动，探索推广“村BA”篮球赛等赛事。 (中新财经),402,https://www.chinanews.com.cn/cj/2023/02-21/9957806.shtml,高价彩礼;彩礼
China News Service,2023-02-22,有地方提倡彩礼不过万！各地出招破解“天价彩礼”之痛,中新网 2月22日电 (中新财经 吴家驹)近年来，高价彩礼问题受到广泛关注。在近期公布的2023年中央一号文件中，“高价彩礼”也再次被点名。提倡移风易俗、不要彩礼或少要彩礼……最近几年，各地陆续出台了政策，高价彩礼得到有效遏制。 中新财经注意到，近年来，多地出台了政策对彩礼进行“限高”。 例如，河南省的不少地方都出台了婚俗改革的政策。作为第一批全国婚俗改革实验区，河南省宁陵县将婚丧礼俗规定普遍纳入村规民约，倡导彩礼不高于3万元。 此外，据河南日报报道，宁陵县还对公职人员划定“红线”，将文明节俭操办喜事纳入党员干部管理和驻村工作内容，党员干部、教师、军人办喜事，彩礼不超过3万元。 河南省博爱县也制定了文明节俭办理婚事标准，彩礼标准城区不得高于5万元，农村不得高于3万元。 在山东，2020年5月，山东省沂水县杨庄镇在《关于推进婚俗改革倡导喜事新办的工作方案》中就明确，在彩礼金额上，提倡不要彩礼或少要彩礼，一般不超过10000元。 2022年，江西省萍乡市民政局等六部门印发《关于遏制高价彩礼推动婚嫁移风易俗的实施方案》，要求因地制宜开展高价彩礼整治行动，建议彩礼不超过3万元。同年，甘肃省定西市出台相关行动方案明确，婚嫁礼金不超过5万元。 在四川，自2022年5月1日《凉山彝族自治州移风易俗条例》颁布实施以来，四川省凉山州先后制定出台多项规定，明确提出婚嫁彩礼最高不超过10万元。 日前，宁夏泾源县出台《进一步推进移风易俗助力乡村振兴的实施意见(试行)》，其中明确，实行彩礼限高，彩礼最高不得超过6万元，并逐年下降。 此外，多地也积极开展活动，倡导抵制高价彩礼。 例如，2023年1月，江西省丰城市妇联组织周边街道30余名义务红娘开展“抵制高价彩礼 倡导文明新风”主题宣讲活动。活动现场宣读了“抵制高价彩礼 倡导文明新风”倡议书。 2023年1月，江西省会昌县，婚姻登记处为前来办理婚姻登记的新人进行《民法典》婚姻家庭篇宣讲、发放倡议书、签订移风易俗承诺书等方式普及现代文明婚嫁新风。 此外，江西省南昌市也拟于2023年3月8日举办“不要彩礼要幸福”百对新人集体婚礼。 高价彩礼得到抑制 部分地区 婚事花费大幅降低 随着彩礼“限高”、倡导抵制高价彩礼等措施推出，是否改变了高价彩礼现象？ 2022年10月，民政部社会事务司二级巡视员杨宗涛在发布会上介绍，民政部指导各地基层自治组织把抵制高价彩礼、大操大办等纳入村规民约、居民公约，对彩礼的标准、婚宴的标准、随礼标准、参加人数等作出规定；发挥农村红白理事会在婚庆中的组织、引导和监督作用；发挥党员干部、乡贤在婚事操办中的示范引领作用，规范教育农村红娘群体严禁哄抬彩礼标准。 “通过这些措施，高价彩礼、大操大办等不正之风得到有效抑制。”他说。 同时近期，多地公布了高价彩礼的治理成效。 河南省民政厅社会事务处有关负责人日前表示，整体来看，河南省扎实推进婚俗改革工作，高价彩礼、高额随礼、大操大办、铺张浪费等陈规陋习得到有效遏制，改革工作取得了阶段性进展。 河北省河间市同样是第一批全国婚俗改革实验区，根据河间市民政局在今年1月发布的信息，自2021年4月至今年1月，河间市共办理新婚登记4726对，其中“零彩礼”“低彩礼”占比88%，每桩婚事花费比从前平均减少7万元至15万元。 据“文明凉山”公众号2月9日消息，移风易俗专班运行以来，四川省凉山州共制止10万以上彩礼528起，涉及金额6920万元。 据《定西日报》近日报道，据不完全统计，治理高价彩礼推动移风易俗培育文明乡风攻坚年行动自2022年6月份启动实施以来，甘肃省定西市70%的出嫁方彩礼控制在0至5万元以内，平均为4.9万元，比行动前下降了10.9%。 显然，一些地区在治理高价彩礼方面，已取得了一定成效。未来，期待有更多年轻人的婚姻大事，回归到“爱”的本质。(完) 【,1594,https://www.chinanews.com.cn/cj/2023/02-22/9957988.shtml,婚姻登记;高价彩礼;天价彩礼;婚姻;彩礼;婚俗;婚嫁;婚礼
People.cn,2023-02-22,如何有效遏制高价彩礼等问题？ 福建大田：进村入户摸排移风易俗陋习,人民网三明2月22日电 近年来，各地高价彩礼问题备受关注，在近期公布的2023年中央一号文件中，“高价彩礼”也再次被点名。提倡移风易俗、不要彩礼或少要彩礼……各地出台政策对彩礼进行“限高”，与此同时，多地也积极部署工作、开展活动，倡导抵制高价彩礼。 “要进村入户摸排高价彩礼、人情攀比、厚葬薄养、铺张浪费等陋习。”2月21日，福建三明大田县委书记刘润宇主持召开推进高价彩礼等移风易俗重点领域突出问题专项治理工作专题会时强调。 会上，刘润宇表示，要深入开展调研。各乡镇各部门要进一步开展调查研究，进村入户摸排高价彩礼、人情攀比、厚葬薄养、铺张浪费等陋习的实际情况，认真剖析成因，明确治理的问题和重点乡镇、重点村，下大力气开展整治，有效遏制陈规陋习蔓延势头，为巩固拓展脱贫攻坚成果、接力推进乡村振兴营造良好发展环境。 要发扬斗争精神。治理高价彩礼、大操大办推进移风易俗，涉及面广，党员干部带头抵制高价彩礼、大操大办、人情攀比等各种歪风陋习，全方位、多角度、立体化开展宣传引导，用好民间组织、村规民约、举报监督等有效机制，形成人人参与、彼此监督的良好氛围。 要凝聚工作合力。各级各部门要把专项治理工作摆在重要位置，拿出具体举措，明确时间节点，清单化推进，既各负其责、各尽其职，又协同联动，建立“党委领导、政府负责、部门协同、社会参与”的工作机制。同时强化督查问责，制定严格的奖惩措施，不断巩固和扩大移风易俗成果，努力为美丽大田建设作出新的更大贡献。 此外，会议听取大田县高价彩礼情况、移风易俗专项整治以及大操大办等农村移风易俗重点领域突出问题专项治理情况，研究部署下一阶段重点工作。大田县领导林金龙、陈剑生、夏寿南、翁淑燕、童作光、刘永生、廖正楼、赖晶、林宗镇参加会议。（陈楚楚 林伯郊）,741,http://fj.people.com.cn/n2/2023/0222/c181466-40311083.html,高价彩礼;彩礼
People.cn,2023-02-23,遏制高价彩礼，看各地如何出实招,一个时期以来，一些地方在婚俗领域存在着高价彩礼、大操大办等问题，成为群众的沉重负担，被社会所诟病。不久前公布的《中共中央国务院关于做好2023年全面推进乡村振兴重点工作的意见》中明确指出，推动各地因地制宜制定移风易俗规范，强化村规民约约束作用，党员、干部带头示范，扎实开展高价彩礼、大操大办等重点领域突出问题专项治理。 对此，民政部相关负责人介绍，各地近年来纷纷出台相关政策，对彩礼进行“限高”。 在河南，不少地方出台了婚俗改革政策：作为第一批全国婚俗改革实验区，河南省宁陵县将婚丧礼俗规定普遍纳入村规民约，倡导彩礼不高于3万元；河南省博爱县制定文明节俭办理婚事标准，彩礼标准城区不得高于5万元，农村不得高于3万元。 2022年，江西省萍乡市民政局等六部门印发《关于遏制高价彩礼推动婚嫁移风易俗的实施方案》，要求因地制宜开展高价彩礼整治行动，建议彩礼不超过3万元。 在四川，自2022年5月1日《凉山彝族自治州移风易俗条例》颁布实施以来，四川省凉山州先后制定出台多项规定，明确提出婚嫁彩礼最高不超过10万元。 民政部相关负责人表示，为进一步遏制高价彩礼，民政部近年来指导各地基层自治组织把抵制高价彩礼、大操大办等纳入村规民约、居民公约，对彩礼的标准、婚宴的标准、随礼标准、参加人数等做出规定；发挥农村红白理事会在婚庆中的组织、引导和监督作用；发挥党员干部、乡贤在婚事操办中的示范引领作用，规范教育农村红娘群体严禁哄抬彩礼标准。“通过这些措施，高价彩礼、大操大办等不正之风得到有效抑制。”该负责人说。 同时，多地近期也纷纷公布高价彩礼的治理成效。 河北省河间市同样是第一批全国婚俗改革实验区。河间市民政局在今年1月发布的信息显示，自2021年4月至今年1月，河间市共办理新婚登记4726对，其中“零彩礼”“低彩礼”占比88%。 甘肃省定西市自2022年启动实施“治理高价彩礼推动移风易俗培育文明乡风攻坚年”行动以来，70%的出嫁方彩礼控制在0元至5万元以内，平均为4.9万元，比行动前下降了10.9%。 民政部相关负责人介绍，还有一些地方也积极开展活动，倡导抵制高价彩礼。比如今年1月，江西省丰城市妇联组织周边街道30余名义务红娘开展“抵制高价彩礼 倡导文明新风”主题宣讲活动；江西省会昌县婚姻登记处为前来办理婚姻登记的新人进行民法典婚姻家庭篇宣讲，同时通过发放倡议书、签订移风易俗承诺书等方式，普及现代文明婚嫁新风。 “当前，一些地区在治理高价彩礼方面已取得一定成效。未来，期待有更多年轻人的婚姻大事，能够回归到‘爱’的本质。”上述负责人说。 （本报记者 任 欢）,1082,http://yn.people.com.cn/n2/2023/0223/c378440-40312370.html,婚姻登记;高价彩礼;婚姻;彩礼;婚俗;婚嫁
People.cn,2023-02-24,人民说法｜为取得北京户口“假结婚” 法院判协议无效退还费用--社会・法治--人民网,为了能够落户北京，丈夫主动花费35万元找“中介”让妻子跟他人“假结婚”，结果领了证，户口却落不成。丈夫起诉中间人退款，引发纠纷。这究竟是怎么回事？ 近日，北京朝阳法院公开审理上述案件并作出一审判决，认定协议无效，判决中间人退还已支付的费用，驳回其他请求。 据了解，当事人梁先生一直没有获得落户资格。2019年5月，梁先生经人介绍认识了姜女士，姜女士承诺可以通过结婚的方式办理北京户口，双方签订《委托协议书》，约定落户费用为35万元，先期支付15万元，其余费用在户口迁入北京并且与对方离婚后付清。办理期限为三年半，如未能办成则全额退还所有款项。 协议签订后，梁先生按约定向姜女士支付了15万元，姜女士为梁先生的妻子介绍了北京人王先生，安排他们签订《婚前财产协议》并办理了结婚登记。 然而，由于北京落户政策发生变化，梁先生的妻子最终未能在约定期限内将户口迁入北京。梁先生要求姜女士退还已支付的15万元并赔偿自己利息损失。双方沟通无果，梁先生诉至法院。 《中华人民共和国民法典》第八条规定，民事主体从事民事活动，不得违反法律，不得违背公序良俗。 朝阳法院审理认为，一方面，梁先生与姜女士签订的委托协议书欲利用国家户籍管理制度获取不当利益，扰乱了户籍管理秩序。另一方面，“假结婚”不但违背了婚姻制度的初衷，也易造成家庭关系的混乱，与社会主义核心价值观相悖。故梁先生与姜女士签订委托协议书违背公序良俗，应认定无效。 法院支持了梁先生要求姜女士退还15万元的诉讼请求。同时考虑到双方就该合同的签署均存在过错，对于梁先生要求姜女士支付利息的诉讼请求，法院不予支持，故依法作出上述判决。目前，该判决已生效。 朝阳法院民二庭法官薛泓是该案的主审法官，她表示，所谓“假结婚”，其实是办理了真实的结婚手续，在法律意义上并没有“假结婚”一说。“假结婚”后延伸出的离婚困难、离婚后财产分割、婚内债务承担等问题，都有可能成为其面临的潜在风险。 “该案中梁先生与姜女士的行为实则影响了我国的户籍管理秩序，进而影响社会公共管理秩序。”薛泓说。 薛泓补充介绍，实践中，“假结婚”行为甚至可能构成刑事犯罪。如在城市拆迁过程中，有人通过“假结婚”的方式落户来多分房或获取本不属于自己的政策性补偿，这种情况就可能涉及到刑事犯罪。,944,http://society.people.com.cn/n1/2023/0224/c1008-32630524.html,结婚登记;婚姻;结婚;离婚
People.cn,2023-02-24,鼓励生育先要缓解年轻人的婚姻焦虑,2月22日下午，杭州市十四届人大三次会议第三次全体会议上，杭州市政府2023年度民生实事项目票决出炉。杭州今年将首次向同一对夫妻生育二孩、三孩，且新出生子女户籍登记在杭州的家庭发放育儿补助，拟向二孩家庭一次性发放补助5000元，向三孩家庭一次性发放补助两万元。（澎湃新闻2月22日） 从媒体报道来看，近年已有多地出台包括发放生育补贴在内的生育支持措施，其中包括沈阳、深圳、济南、长沙、哈尔滨等大城市。尽管如此，杭州加入发放生育补贴的队伍，多少还是感觉有点意外——浙江省统计局日前发布的数据显示，截至2022年年末，杭州市常住人口达到1237.6万人，比上一年增加17.2万人，增量居全省首位。与此同时，2022年杭州人口出生率达7.2‰，自然增长率为2.2‰，同样在省内位居首位。 作为“人口大户”，杭州看起来既不缺人，也不愁“生”。实际上，这只是一种错觉。人口出生率是指某个地区当年出生人口与平均人口之比，而最常用的反映生育意愿的指标是总和生育率：平均每位育龄妇女的生育子女数。目前最新数据尚未公布，但根据去年浙江统计局发布的数据，浙江全省总和生育率最低的是杭州，只有0.96。按照人口理论，2.1的总和生育率是维持代际更替、人口稳定的基本条件；1.5是国际社会通认的警戒线，一旦下滑至1.5以下，就有掉入“低生育率陷阱”的可能。换句话说，杭州此番未雨绸缪，是促进人口长期均衡发展的必然之举。 值得一提的是，杭州鼓励生育的政策不只是发放育儿补助。杭州市卫健委相关负责人表示，杭州还将结合本地实际，在生育补助减轻负担、发展普惠托育服务、优化生育休假制度、实施住房购车支持政策、减轻家庭教育压力、构建新时代新型婚育文化等方面加大努力。这也是国家层面的政策号召——2022年8月，国家卫生健康委、国家发展改革委等17部门联合印发《关于进一步完善和落实积极生育支持措施的指导意见》，其中要求，将婚嫁、生育、养育、教育一体考虑，从财政、税收、保险、教育、住房、就业等各个方面，完善和落实积极生育支持措施。 产假、育儿假、税赋减免、买房补贴……三孩政策放开以来，各地为了鼓励生育出台了一系列措施。其中，真金白银的补贴总是格外引人关注。这一方面是因为发钱的方式更为直接，另一方面则是因为发钱的覆盖范围更大：相比起各种特定的福利，生育补贴没有设定任何“门槛”，更像是一种普惠式福利。对于有生育顾虑的年轻人来说，无差别补贴更能减轻他们的生活负担和心理压力，释放鼓励生育的政策暖意。 随着生活水平和受教育水平的不断提高，现代年轻人的整体生育观念正在转向少生优育。与此同时，年轻人的婚姻观念也在发生着显著的变化。前不久，多地公布了2022年婚姻登记大数据，数据显示，多地结婚人数较2021年减少，初婚平均年龄在27-32岁之间，比2021年推迟。初婚年龄推迟无疑制约了生育，而这也直接体现在人口变化上：2022年年末数据显示，中国总人口数量较上年减少85万。 低生育率正在成为影响国内人口均衡发展的主要风险，化解这样的风险，不仅需要消除年轻人的生育恐惧，而且需要减轻他们的婚姻焦虑——只有让年轻人勇于步入婚姻的殿堂，才能鼓励他们承担起为人父母的责任。生儿育女意味着漫长而辛苦的付出，年轻人的获得感和安全感，是决定他们婚恋家庭观念的重要参数。从这个意义上看，在出台措施支持适龄夫妇积极生育的同时，有必要前置政策关怀，为年轻人提供更加广阔的发展空间，让他们更加有实力和底气去经营家庭、拥抱生活。（赵志疆）,1440,http://yn.people.com.cn/n2/2023/0224/c372441-40313770.html,婚姻登记;婚姻;结婚;婚恋;婚育;婚嫁;初婚;夫妻
People.cn,2023-02-27,抵制高价彩礼！ 鹤壁发出倡议,婚姻美满是每个青年男女的共同期盼，家庭幸福是天下父母的共同心愿。近年来，婚嫁彩礼年年攀升，大操大办的现象愈演愈烈，败坏了社会风气，影响了家庭和谐。为大力弘扬中华民族传统美德，抵制高价彩礼，摒弃婚礼陋习，倡树文明新风，鹤壁市文明办向广大市民朋友发出如下倡议： 一、拒绝高价彩礼，发扬自强自立精神。索要高价彩礼实属买卖婚姻，富了面子、穷了感情。要树立正确的爱情观、婚嫁观，弘扬“风雨同舟、相濡以沫、责任担当、互敬互爱”的婚姻理念，在选择伴侣时，以人品和感情为重，不把物质和金钱当作婚姻的筹码，不盲目攀比跟风，不让高价彩礼绑架了美好婚姻。全市女青年要发扬“自尊自信、自立自强”精神，从自身做起，引导家庭向高价彩礼说“不”，不用彩礼“撑门面”，量力而行，积极倡树高尚文明的婚嫁新风。 二、坚持喜事简办，传承勤俭节约理念。要以勤俭节约为荣，以铺张浪费为耻，倡导婚事新办、喜事简办。适婚青年要体谅父母，不提出过分要求，不讲究奢华排场，不相互攀比炫耀，更不能以婚谋财，在订婚、结婚时提倡追求文明、简朴、高雅的仪式，不增加双方家庭负担，把摆酒设宴、大操大办的资金节省下来发展个人事业，形成崇尚勤俭节约、反对奢侈浪费的婚俗新风。 三、推进移风易俗，倡导文明健康风尚。要破除抱残守旧的老思想、老传统，选择环保、新颖、安全的方式表达喜悦之情、享受喜庆气氛，减少烟花爆竹燃放，降低空气污染，防止噪声扰民。主动劝导亲朋好友远离“闹婚”恶俗，杜绝劝酒酗酒、阻塞交通，摒弃一切不文明的婚庆行为，倡导以参加集体婚礼、参加社会公益活动、参加旅行结婚等简约形式，举办一场特别而有意义的婚礼，树立绿色健康、热情友善的婚庆新风。 抵制高价彩礼、倡导婚事新办，是社会进步、城乡文明的标志。广大市民朋友要积极行动起来，坚决破除陈规陋习，主动拒绝高价彩礼，大力推进移风易俗，争做婚嫁新风的倡导者，争当勤俭节约的排头兵，为建设新时代高质量发展示范城市、续写高质量富美鹤城更加出彩绚丽篇章贡献应有力量！,826,http://henan.people.com.cn/n2/2023/0227/c378397-40317530.html,高价彩礼;婚姻;结婚;彩礼;婚俗;婚嫁;适婚;伴侣;婚礼
China News Service,2023-02-28,一人分饰两角诈骗“网络女友”131次 重庆警方破获一起婚恋交友电信诈骗案,中新网 重庆2月28日电(记者 贾楠)从未出过国，却自称在国外担任资深设计师，并一人分饰两角，编造各种借口，分131次向“网络女友”实施诈骗，共计24万余元。近日，在“全民反诈”“净网2023”等专项行动中，重庆渝中警方成功破获一起涉婚恋交友电信诈骗案，帮助受害人追回被骗钱款。 近日，市民张女士(化名)向重庆渝中区解放碑派出所报警求助，称被网恋“男友”骗了20多万元。经了解，去年初，她在一个交友网站上，认识了一个自称叫陆璟的人，30岁左右，从小在澳大利亚长大，家庭生活条件优越，是名资深室内设计师，还在悉尼开了间工作室。几番交流下来，张女士信以为真。 张女士说，后来为了能早日“奔现”，她想去悉尼见面，“男友”一口答应，并主动提出可以帮忙办理出国手续，并以此为借口，频繁向她要钱。 没过多久，陆璟又称自己还有个叫陆鸣的弟弟，独自在国内生活，还让张女士加了弟弟微信。接下来，弟弟生病、付房租需要钱，都找她借钱垫付。一直到今年1月，张女士分131次，每次200至6000元不等，向二人网络转款共计24万余元。 眼看给出去的钱越来越多，不但出国手续迟迟没办下来，而且“男友”仍不满足，继续以各种理由索要钱财，张女士多次追问无果后，对方干脆将她拉黑，就此失联。张女士才如梦初醒，报警求助。 解放碑派出所民警经连日线索摸排，初步锁定藏匿于湖南长沙市的于某具有重大作案嫌疑。随后，办案民警驱车赶赴当地，经多日不间断蹲守布控，最终成功将于某抓获归案。 经审查，于某为无业人员，根本无任何出入境记录，更没有在国外生活和工作的经历；另外，也没有所谓弟弟“陆鸣”其人，是于某用自己微信小号，一人分饰两角假扮所为。目前，于某因涉嫌诈骗罪已被采取刑事强制措施，该案还在进一步办理中。(完),734,https://www.chinanews.com.cn/sh/2023/02-28/9962340.shtml,婚恋
China News Service,2023-02-28,一份运动员婚恋观调查报告背后的故事,运动员对在役期间谈恋爱持什么态度？什么样的人是他们“理想的另一半”？他们面临的脱单困难有哪些？近日，知名体育公益机构冠军基金发布了《运动员婚恋观调查报告》，展现了运动员赛场拼搏背后的另一面。 “长期以来，我们更关注运动员退役之后的职业规划问题，但近几年发现，越来越多运动员开始提及‘脱单’，婚恋状况也是大家完成社会身份转换不可忽视的一部分。”该调查报告负责人朱仁锦透露，本次调查共有来自26个省(区、市)的 330名运动员参与，其中退役运动员270名，占比82%；在役运动员60名，占比18%；女性运动员有170名，占比52%；男性运动员有160名，占比48%；被调查者从事的体育项目共计36项。 调查结果显示，超过90%的运动员都不排斥在役期间谈恋爱；运动员群体的未来对象也有很大可能性会是体育相关从业人士；单身运动员与社会大众在择偶上面临相同难题，而长期处于封闭训练更加大了认识异性、拓展人际交往圈子的成本。 在朱仁锦看来，运动员在婚恋方面的现实状况和应对态度，和他们在退役后的就业、创业曲线十分相似，有人相对保守，发挥强项，稳扎稳打；有人渴望破圈，在新领域碰撞出火花；但一个明显的共性在于，大家都希望寻找一段共同进步、互相成就的关系。 该项调查显示，目前已有对象的运动员中接近半数都是通过运动队队友、教练、学校同学介绍的途径相识，且他们的对象从事体育相关职业的比例高达60%。 来自黑龙江哈尔滨的曲植和王瑶都是铁饼运动员，他们相识16年，婚龄10年，共同在大连经营一家运动康复中心，这个家庭最近刚迎来了第二个孩子。 “曲老师非常上进，在专业队的时候就自己报了英语班，为未来发展作铺垫了。”在王瑶眼中，赛场内外，曲植都有着很强的目标感和行动力，这种一往无前的劲头给了她极大的安全感，“跟他在一起能看到未来。” 2011年，曲植正值竞技状态的高峰期，但一次膝关节韧带的严重伤病，像一脚急刹车遏制了他的竞技生涯。在无法训练的日子里，他从网络上接触到国外的运动康复文献和报道，而当时国内这个领域鲜人问津，他意识到，“该转型了”。退役后，他进入高校学习相关专业，经常把学到的东西和王瑶分享，“我先探路，可以给她当半个老师”。没过多久，王瑶真的跟上了他的步伐。 如两人三足，两人步调一致地从田径场走入了创业大潮。“这个职业是在发挥我们原有运动特长的基础上做加法，当时服务对象几乎都是运动员，沟通起来很方便。”曲植曾思考过退役后的出路，“青春大部分都是在体育圈内，如果要转型，尽量不要选择离自己所长太远的领域，就像运动员都想拿奥运冠军，但摆在前面的是每天的训练、每个赛季的目标。”这种踏实感也是他们生活的写照，2015年，王瑶怀孕，曲植在辽宁保障奥运队伍，不常在家，难得陪产，等孩子出生4天后，他又去了广州，王瑶坦言：“有情绪，但一个行业的，能懂。” 郑淑兰和爱人也是通过亲友介绍认识，可他们在第一次见面时就出现了“思维方式的碰撞”。 “在中科院？我对科学家很好奇，可以先QQ交流一下。”郑淑兰记得，当时距她褪去拳击运动员的身份已有5年，她正在沈阳读研，虽然对方从事大气物理研究，和体育看似八竿子打不着，但意外发现彼此有很多共同爱好，他们决定在8月的北京见面。 一见面，郑淑兰得到两个选择，“把行李放回酒店，你想坐地铁还是公交？”在东北的运动队里，男孩们通常都表现得很大方，因此，她心里有第三个答案“坐出租车”。当天，映着鸟巢的夜景，心直口快的她谈到第一印象：“你挺好的，就是有点抠。”她没意识到，刚才拉着自己的手，轻轻松开了。 三天后，通过进一步相处，男孩才透露了当初的想法，郑淑兰抵京的时间是下午5点，正是北京晚高峰，地铁是最快捷的交通方式，而公交车的运行线路会经过一些地标，适合观光，“一个感性，一个理性，一个敏感，一个专注。”但理性的浪漫有时更加动人，郑淑兰记得，一次从北京回沈阳的前夜，爱人从枕头下拿出一沓钱给她，里面夹着的几张角票戳中了她，让她决定毕业后只身来北京安家。 此后的生活里，思维的碰撞仍火花四溢，但大部分时候，火花能把两个人都照亮。“我在职场中遇到解不开的问题，他总能用逻辑分析帮我找到思路，他不擅长和人打交道，但我能帮他处理好很多人际关系。”郑淑兰觉得，看似不同频的人，如果有同样向上的目标，生活节奏也能精彩。 但“破圈”总有摩擦。早些年，郑淑兰陪爱人参加朋友婚礼。酒席上，有人听说她是拳击运动员，便对她爱人半开玩笑说：“别惹你老婆，小心她揍你。”这样的言论在此后的很多社交时刻都会出现，一次，她忍不住笑着回应：“你太不了解我们了，拳击运动员很讲武德，绝不轻易动手，因为动手可能不知轻重。” “你是运动员？身上有没有伤，有没有病？”赵允霏也曾体会过婚恋市场上对运动员身份的刻板印象。她记得，在自己25岁至35岁期间，是周围催婚的声音最嘈杂的时候，家人曾建议她不要提及伤病，“可如果一个运动员身上没有一点伤，说明他(她)不是真的投入自己的项目。”她很遗憾，运动员光环或伤病背后的意志力和韧劲，往往不被人看见，感情生活如此，职场亦如此。 赵允霏是和郭晶晶、伏明霞同时期的国家跳水队队员，因伤退役后，在北京大学取得了法学学位。其间，她曾去律所实习，发现正式招聘时往往不会被选择，她私下请教一位面试官，对方直言：“运动员的文化教育中间有一段缺失，也许不能胜任专业性很强的工作。”这件事情给了她很大刺激，她决定重返校园，目前，她在一家国际律师事务所任专业英语翻译，“后来很少有人知道我曾是一名国家运动员。” 但工作时间越久，赵允霏越发现，运动员的烙印似乎总在隐隐发烫，“工作上我总想做到最好，恋爱时，也想找到最强的另一半。”她笑称，原来进入律所时，希望在法律界找到有专业实力的对象，进入翻译领域，又希望和专业能力更强的人相处，“我希望另一半的能力要得到我的认可，他能带着我前进，让我变成更好的自己。” “认准一个人就坚持到底；遇到问题，先解决，不逃避；一段关系里，要有责任和担当。”在赵允霏看来，这是很多运动员对感情的心态，是体育留下的痕迹，可有时会经历现实的考验，她妥协过，但妥协只能换来糟糕的经历，“会爱别人，得先爱自己。”现在的她很享受作为40岁+单身女性的状态，且从容之后，她反而捕捉到了变化，“近几年，遇到新的对象或是工作伙伴，当大家知道我曾是运动员之后，明显表现出崇拜和好奇，比以前有了很大变化。”观念的改变和周围人参与体育的程度有关，现在，她偶尔会回到游泳池，给孩子做培训，曾经让她胃里翻腾的漂白粉味不再刺鼻，“像回到主场一样。” 郑淑兰记得，第一次来北京和爱人见面的时候，她特意买了一条灰色和牛仔拼接的连身裙，配了一双高跟凉鞋，“想淑女一点，但特别别扭。”直到爬长城那天，她换了一身运动服，之后她才知道，正是穿着运动服的飒爽模样才真正撩动了爱人的心，“原来，最真的自己才是最美的自己。” 中青报·中青网记者 梁璇,2818,https://www.chinanews.com.cn/sh/2023/02-28/9961884.shtml,婚恋;催婚;婚龄;恋爱;单身;脱单;择偶;对象;另一半;婚礼
People.cn,2023-02-28,零彩礼 传佳话,在江西省九江市修水县，有这样一个家庭，姐妹5个结婚未收过一分钱彩礼，在当地传为佳话。 20多年前，彭先花携两女一儿，与曾祥友及其三个女儿建立了重组家庭。虽然生活贫苦，自身文化水平也不高，但彭先花教育子女的观念非常超前。“首先我尽我作为一名母亲的责任，通过家庭教育已经给你打下了良好的基础，把你培养成了一个正直、勤奋、独立的人，之后的工作、婚姻都将由你自己决定，自己负责。”彭先花夫妻俩始终秉承着“先成人再成才”的教育理念。 “我们结亲家，看重的是对方的人品。自己不想用钱来衡量两人的感情，因为彩礼增加小夫妻俩的负担，我们也于心不忍，做父母的希望他们小两口过得开心幸福就好了。”彭先花说道。 如今，彭先花的5个女儿个个家庭和谐，也十分孝敬长辈。“很感谢岳父岳母当年的支持，不收彩礼减轻了不少负担，婚后也得以有一些资金能用来创业工作，生活也通过夫妻俩的奋斗越来越好了。”女婿们纷纷表示。 “一花独放不是春，百花齐放春满园。”家庭文明则社会文明，彭先花家庭的正确婚恋观念，获得不少邻里高度赞赏。,444,http://jx.people.com.cn/n2/2023/0228/c355185-40319207.html,婚姻;结婚;婚恋;彩礼;夫妻
People.cn,2023-03-01,彩礼返还起风波，如何实现最优解--社会・法治--人民网,2月24日，河南省鄢陵县检察院第四检察部检察官苗福翠收到一条消息，点击一看，是一张转账信息的截图。 这张图片是该院办理的一起婚约财产纠纷检察监督案的申请人王某发来的。她告诉检察官，这是她按照和解协议约定转给对方的最后一笔款项，她之前表示在2月28日之前保证履行完协议内容，如今她提前5天全部履行完毕。 2019年10月2日，小伙孙某经人介绍认识了女孩王某。孙某初中毕业，已就业，王某是一名在校大学生。两人相亲后彼此印象都不错，在相识80天后，两家商定举行订婚仪式。然而，谁也没想到，这段感情仅仅维持了8个月。 原来，订婚后，随着了解的深入，孙某和王某争吵不断，王某最终提出解除婚约。眼看两人的感情没有继续发展的可能，孙某要求王某退还彩礼，被拒绝后，便将王某及其父母告上法庭，要求王家返还订婚彩礼及双方交往期间的各种花费共计8.8万余元和手机一部。 2021年12月9日，法院开庭，女方未到庭，法院依法作出一审判决：女方王某返还男方孙某彩礼和花费共计8.2万元。案件进入执行程序时，王某一家提出异议：孙某在起诉状上故意写错女方的家庭地址，导致法律文书不能送达，剥夺了女方的辩护权；女方收到的订婚彩礼不是8万元；判决是根据孙某的举证作出的，但是证据材料没有经过质证。基于上述理由，王某一家向法院申请再审。2022年3月17日，鄢陵县法院作出民事裁定，以女方无正当理由未提起上诉为由依法驳回了王某一家的再审申请。王某一家不服，于2022年7月19日向鄢陵县检察院申请监督。 受理该案后，鄢陵县检察院分管民事检察工作的副检察长和检察官苗福翠根据所调取的案件卷宗材料，分析研判了基本事实，总结归纳出案件的争议焦点在于：孙某给予王某的订婚彩礼是不是8万元。为进一步了解案情，办案检察官数十次当面或者打电话与当事人沟通，充分了解双方诉求。 经审查案卷和调查核实，办案检察官认为，女方缺席法院庭审、没有行使辩护权和上诉权，孙某和王某一家都有责任。就本案来说，该案的争议焦点是订婚彩礼的数额，无论监督与否都不能解决申请人的实际诉求。为彻底解决本案矛盾纠纷，实现“案结事了人和”，经征求双方当事人同意，鄢陵县检察院于2022年10月10日就此案组织了公开听证会。 听证会进行了近3个小时，参会人员进行了十余回合的陈述、提问、辩论。经认真讨论，听证员形成一致意见：本案的焦点是订婚彩礼的数额问题，如果启动再审也是浪费法、检两院的司法资源，既然有缘分认识，协商解决是最好的办法。彩礼究竟是多少，只有男、女双方当事人清楚，没有直接证据证实孙某给予王某彩礼的实际数额，双方只有协商出一个都能接受的数额才是解决问题的最佳方案。但听证会上，男女双方没有就彩礼返还数额达成一致。 听证会后，办案检察官针对听证会上提出的问题对王某一家及证人进行了再次询问，与孙某和双方代理律师再次进行了沟通，向承办法官进一步了解当时的办案情况。结合查明的情况及听证会意见，检察官联席会议经商议，确定了以检察和解促矛盾化解的方案。 由此，办案检察官变成了信息传递员，经过数十次电话沟通，5天后，男、女双方终于就彩礼返还数额和返还方式达成合意。2022年10月17日，在办案检察官的见证下，双方签订了女方退还孙某6万元彩礼的和解协议。签订协议时，双方当事人都表示对结果很满意。 就这样，一场标的额不大但让人烦心的婚约财产纠纷历时一年有余后，终于画上了句号。和解协议签订当日，王某一家撤回了监督申请。,1421,http://society.people.com.cn/n1/2023/0301/c1008-32633611.html,彩礼;婚约;相亲
China News Service,2023-03-02,全国政协委员谢文敏：建议生育登记取消结婚限制,将是否生育的决定权真正还给女性自身，由她们自己来决定是采取与男性结婚的形式生育子女，还是在继续保持自己独身的状态下繁衍后代，是文明的进步。 ——全国政协委员谢文敏 全国政协十四届一次会议将于3月4日在北京开幕。全国政协委员、湖北省首义律师事务所主任谢文敏在接受新京报记者采访时介绍，今年她的提案是：建议全国以立法的形式，对生育登记取消结婚限制。 今年2月15日，《四川省生育登记服务管理办法》施行，取消了对生育登记对象是否结婚的限制条件。谢文敏针对此《办法》进行调研，认为生育登记取消结婚限制有利于我国人口形势发展，有利于维护妇女以及非婚生子女的权益。 新京报：为何提出“生育登记取消结婚限制”提案？ 谢文敏：我是湖北省妇联副主席，特别关注妇女权益保护的问题。2021年，我也曾提出过“完善非婚生子女落户及其权益保护”的提案，希望能够完善非婚生子女落户的立法，取消社会抚养费，并建议将父母配合非婚生子女落户纳入《治安管理法》。 《四川省生育登记服务管理办法》施行引起了热议，实际上，广东、上海等地也对生育登记政策进行了松绑。今年，我的提案是建议生育登记取消结婚限制，我认为这些提案本质上都是在保障妇女以及非婚生子女的权益。 新京报：你认为此条提案保护了妇女以及非婚生子女的什么权益？ 谢文敏：按照现行法律规定，只有合法结婚才能办理准生证，进而享受生育保险。但随着社会进步，妇女地位不断提高，女性也可以独自孕育孩子。我认为，生育权利不能和结婚登记捆绑在一起，女性即使没有结婚，仍然有生育子女的权利，这样对于女性来说更加公平。 我国在1950年就承认了非婚生子女的法律地位。《中华人民共和国婚姻法(1950)》第十五条规定：“非婚生子女享受与婚生子女同等的权利，任何人不得加以危害或歧视。非婚生子女经生母或其他人证物证证明其生父者，其生父应负担子女必需的生活费和教育费全部或一部分；直至子女十八岁为止。” 再到如今的《民法典》，法律规定在该问题上一以贯之。因为人生而平等，每一个孩子都有平等的权利。 若是非婚生子女得不到合法地位，不能正常就学、就业，最后增加的是全社会的负担。 新京报：你认为“生育登记取消结婚限制”的必要性是什么？ 谢文敏：生育登记取消结婚限制是国情需要，也是保证少部分人群正常生活的必要举措。 我国人口形势正面临严峻挑战。2020年第七次人口普查的数据表明，当前我国育龄妇女总和生育率为1.3，这意味着生育率已经处于较低水平。将婚嫁、生育、养育、教育一体考虑，切实解决群众后顾之忧，释放生育潜能，促进家庭和谐幸福，才能做好新时代人口工作。 随着环境变化，当代女性的婚恋和生育观发生了一些改变。法律主动照顾未婚生子的这部分人群，是我国法治温度的体现。 婚姻仅仅是家庭的一种形式而已，不能变相强迫不愿意结婚的人为了生育而不得不结婚。因此，如果单身女性有能力和意愿生育，进而组建单亲家庭，法律并无理由对其予以歧视或禁止。将是否生育的决定权真正还给女性自身，由她们自己来决定是采取与男性结婚的形式生育子女，还是在继续保持自己独身的状态下繁衍后代，是文明的进步。 新京报：之前有非婚生子女权益受损现象的案例出现吗？ 谢文敏：我在2021年提出“完善非婚生子女落户及其权益保护”的提案，即便在两会结束后，依旧有许多人给我发信息，表示非婚生子女上户口比较困难。 因为我是律师，曾遇到过类似的事件。有两个人分别有自己的家庭，他们出轨生了孩子。对于他们两个人来说，违反我国法律，构成重婚罪，理应受到法律的惩罚。 但是孩子是无辜的，他出生后应该享受我国法律所赋予的一切权利。因为不能上户口，孩子不能上学。最后只能通过各种关系，让这个小孩被别人收养，才算解决户口问题。 新京报：在你的调研过程中，人们怎么看待这个提案？ 谢文敏：我在城市和农村进行了多轮研究和调查。专家学者普遍认为这是时代的进步，但是有些基层妇联干部以及村民还是认为需要维护传统的婚姻制度。人们的观点存在博弈。但是我觉得，社会的进步、时代的发展需要经历一个过程，肯定会有不同的声音。我们需要看它在国家宪法框架下能不能真正实现平等。我认为取消结婚限制是对女性自由选择生育的一种关爱。 新京报：你认为如果这个措施实施，短期内会带来人口数量的变化吗？ 谢文敏：如果这个措施实施，可能影响并不大。三孩政策放开后，生育意愿也并没有改变很多，大家还是按照以往节奏前进。所以我们不用想得太极端。 新京报：你在提案中呼吁生育友好社会，你认为的生育友好社会是什么样的？ 谢文敏：我认为生育友好，就是人人皆平等。国家对合法婚姻有生育保险、产假、陪产假等规定，希望之后所有女性和孩子都能享受这样的待遇。 我希望通过国家政策的制定和完善，积极推动人口出生率逐年上涨。在社会主义现代化建设中，我国依然能够享受到人口红利。（新京报记者 郭懿萌 实习生 陈雪稳） 【,1998,https://www.chinanews.com.cn/gn/2023/03-02/9963386.shtml,结婚登记;婚姻;结婚;婚恋;婚嫁;重婚;单身;对象
China News Service,2023-03-02,重庆发出首份“婚恋关系终止后”人身安全保护令,中新网 重庆3月2日电 (梁钦卿)离婚后被纠缠、骚扰怎么办？法院可及时以“令”止暴。 在“三八”国际劳动妇女节来临之际，重庆市第一中级人民法院2日通报了妇女权益保护的典型案例，其中包括重庆市首例针对婚恋关系终止后因妇女被纠缠、骚扰而发出人身安全保护令的典型案例。 张某与王某于2015年11月结婚，后双方因感情破裂于2021年12月离婚。离婚后，王某心怀不满，长期、多次通过跟踪尾随、路上堵人、暴力踢门、毁坏财物等方式威胁、恐吓张某及其近亲属，给张某及其近亲属造成极大精神压力。 为保护自身安全，2023年1月13日，张某向法院申请人身安全保护令。 法院经审查认为，王某在与张某离婚后，以跟踪、威胁、骚扰等形式向张某施压，给张某及其近亲属造成极大的精神压力，影响张某及其近亲属的正常生活，符合发出人身安全保护令的法定条件。 在张某申请当日，法院作出裁定：禁止被申请人王某跟踪、威胁、骚扰申请人张某及其近亲属。裁定作出之后，王某未再实施违反裁定的行为。 新修订的《中华人民共和国妇女权益保障法》于2023年1月1日起施行，该法第二十九条规定，禁止在终止恋爱关系、离婚后纠缠、骚扰妇女，妇女在遭受上述侵害或面临上述侵害现实危险的，可以向法院申请人身安全保护令。 这一修订首次将婚恋关系终止后妇女被纠缠、骚扰的情况纳入人身安全保护令的适用范围，弥补了《中华人民共和国反家庭暴力法》的法律适用空白，回应了部分妇女群体面临的亟待解决的现实问题，也为妇女采取防卫措施保护自身安全和权益提供了法律支持。 法官表示，本案系重庆市首例针对婚恋关系终止后因妇女被纠缠、骚扰而发出人身安全保护令的典型案例，可消除家庭暴力仅发生于狭义家庭成员之间的公众认知误区，引导“婚恋关系结束后”遭受侵害的妇女积极运用“人身安全保护令”维护自身合法权益。(完) 【,764,https://www.chinanews.com.cn/sh/2023/03-02/9963818.shtml,结婚;离婚;婚恋;恋爱;家庭暴力
People.cn,2023-03-02,最高法发布典型案例：子女受父母胁迫结婚可请求依法撤销婚姻--社会・法治--人民网,人民网北京3月2日电 （记者薄晨棣、李楠楠）踩踏烈士墓碑底座、在墓碑前不敬摆拍应依法承担刑事和民事责任；自愿参加“广场舞”猝死，组织者无过错不担责；子女受父母胁迫结婚可请求依法撤销婚姻......3月1日，最高人民法院发布十件人民法院大力弘扬社会主义核心价值观典型民事案例，为指导司法审判、引领社会风尚提供裁判准则和道德支撑。 据介绍，2022年，全国法院在法律框架内运用社会主义核心价值观释法说理的一审民事案件达38.25万件。本批发布的典型案例，涉及英烈保护、善意规劝、尊老爱幼、婚姻自由、职场文明、法治精神六个方面，对于弘扬英烈精神、促进职场文明、匡正社会风气、净化网络空间、提倡尊老爱幼、保护婚姻自由、增强法治意识具有积极意义。 最高法民一庭相关负责人介绍，此次发布的典型案例多与人民群众生活密切相关，涉及人民群众普遍关心的问题。记者注意到，案例五“周某诉付某撤销婚姻纠纷案”中，女孩周某在其母亲安排下与付某相亲。因付某家庭条件较好，两家又系远房亲戚，周某母亲非常希望周某与付某缔结婚姻。在周某明确拒绝与付某交往后，周某母亲强行将在外地工作的周某接回家，并以死相逼，表示如周某不同意该婚事就将其赶出家门。周某害怕家庭关系破裂，又担心母亲寻短见，不得不与付某登记结婚并举办婚礼。婚后近一年时间里，双方并未建立夫妻感情，也从未有过夫妻生活。但周某母亲仍不准许周某提出离婚，母女俩多次争吵并发生肢体冲突。周某诉至人民法院，请求撤销其与付某之间的婚姻关系。 审理法院认为，《中华人民共和国民法典》第一千零五十二条第一款规定：“因胁迫结婚的，受胁迫的一方可以向人民法院请求撤销婚姻。”结婚应当是男女双方完全自愿的行为，禁止任何一方对另一方加以胁迫，禁止任何组织或者个人加以干涉。在周某多次明确提出不愿意和付某恋爱、结婚的情况下，周某母亲仍以将周某赶出家门、“死给周某看”等作为要挟，导致周某在违背自由意志的情况下与付某结婚。周某母亲的行为严重干涉了周某的婚姻自由，其行为构成胁迫。现周某要求撤销其与付某之间的婚姻符合法律规定，为维护当事人的合法权益，弘扬自由、文明的社会主义核心价值观，故判决撤销周某与付某之间的婚姻关系。 法院提醒，在子女婚恋问题上，父母“该放手时应放手”，可以做好参谋但不能代作决断、强行干预，否则不但会侵害子女的婚姻自由、伤害父母子女之间的血脉亲情，也会违反法律规定。本案判决撤销周某与付某之间的婚姻关系，既保护了周某个人的合法权益，也向整个社会传达了婚姻自由的理念，有利于倡导独立、自主的婚姻观和自由、法治的社会主义核心价值观。,1075,http://society.people.com.cn/n1/2023/0302/c1008-32634910.html,婚姻;结婚;离婚;婚恋;恋爱;相亲;夫妻;婚礼
People.cn,2023-03-02,株洲攸县公安快速破获一起婚姻诈骗案,甜蜜热恋、幸福婚姻，是人人憧憬和向往的。然而在现实生活中，一些不法分子以相亲结婚为幌子，索取订婚礼金实施诈骗，坑人钱财。近日，株洲攸县公安局黄丰桥派出所果断出击，成功破获一起婚姻诈骗案，抓获犯罪嫌疑人1名。 雷霆出击，快速抓获。2月中旬，黄丰桥派出所接到辖区居民朱先生报警称，其被婚姻诈骗1万余元，请求警方帮助。接警后，民警立即展开调查取证、精密研判，很快锁定犯罪嫌疑人易某妮及其住址。经过连续蹲守，2月27日，犯罪嫌疑人易某妮被抓获归案。 经了解：去年11月，犯罪嫌疑人易某妮在中间人介绍下与朱先生进行相亲，并谎称自己未婚单身。经过半个月的相处，双方很快确认了恋爱关系，并开始商量订婚事宜。1月初，易某妮以收取订婚礼金为由，共计诈骗朱先生1万余元。没过多久，易某妮以双方性格不合为由拒绝和朱先生订婚，并声称会将礼金全部返还。然而，易某妮始终没有还钱，还将朱先生电话拉黑。 经审讯，犯罪嫌疑人易某妮对其以婚恋形式诈骗朱先生1万余元的犯罪事实供认不讳。此外，据易某妮交代，其在诈骗朱先生“得手”后，又“故技重施”诈骗黄丰桥镇另一男子8000余元。 目前，犯罪嫌疑人易某妮已被刑事拘留，案件正在进一步侦办中。（包寅）,506,http://hn.people.com.cn/n2/2023/0302/c406630-40322319.html,婚姻;结婚;婚恋;恋爱;相亲;单身;婚礼
China News Service,2023-03-03,徐坤新作《神圣婚姻》直面新时代现场书写深刻现实,中新网 北京3月3日电 (记者 应妮)从中国社会科学院的年轻学者、文学博士到北京作协副主席、国家一级作家，再到中国作协《人民文学》副主编、《小说选刊》杂志主编，鲁奖得主徐坤历经十年沉淀推出新作《神圣婚姻》。 在日前的作品研讨会上，中国作协副主席阎晶明直言好久没有读到这么痛快的小说，感觉以前火热的现实生活又回来了。《神圣婚姻》是一部有关当下中国尤其是当代城市生活的集中描写，呈现一种活色生香、生机无限的状态。 他指出，小说中的人物性格都非常鲜明，每个人的生命情感都有切肤之痛，然而他们依旧对生活充满了热爱，人人都在小说里自主、痛快地活上了一回，命运的坎坷、生活的矛盾冲突，最终都达到了反转与和谐。小说还呈现了一种独特的地域风格特征。整部小说处理得鲜活、圆满、稳妥，是一部非常值得回味和研究评价的优秀作品。 中国图书评论学会会长郭义强认为《神圣婚姻》触及了精神层面的宏大问题。徐坤在小说中写出了在新时代坚守传统优秀价值观的一群人，比方说宇宙所所长孔令健，副所长毛榛，挂职牺牲的研究员萨志山，支教山区的程田田等。只有让人民有信仰，民族才有希望，国家才有力量。小说还不乏喜剧色彩，兼具东北地方戏的幽默感，在正与邪的较量中突出正气，对人物命运始终怀有强烈的悲悯。 中国作家协会党组成员、书记处书记、《人民文学》主编施战军指出，徐坤除了依然在写近处的无休无止的生活、写人在路上的千头万绪的操劳，她还写到远方和理想主义的唤引。近处、路上、远方——使得这部小说的整个精神结构非常稳定；儿女情、事业心、英雄气——几代作家擅长的写作路数，在徐坤这里来了一个集成甚至一次升华。同时，新时期中国现代化进程被《神圣婚姻》清晰地捕捉到了，人们入城以后又逸出城市，或者被派驻到乡村，这同时也是文学的富矿。如何以小说感融入到新时代，融入到增强精神力量的长旅之中，《神圣婚姻》是一个标志性作品，值得被不断提及、反复阅读。 人民文学出版社总编辑李红强表示，《神圣婚姻》是人民文学出版社在过去一年里的重要收获，也是人文社2022年度好书之一。近年来，人文社推出了诸多优秀长篇小说，这其中，就直接书写新时代广阔生活中的纷繁巨变方面，《神圣婚姻》无疑是最为突出的。小说以活泼爽利的文风、神采飞扬的叙事，以新时代的北京为表演舞台，聚焦市民阶层与城市精英、知识分子与海归青年等典型人群，见出神圣、见出人间、见出社会。 中国当代文学研究会原会长、中国社科院文学所研究员白烨认为，《神圣婚姻》直面当下生活，具有强烈的现实感。敢于在小说中这样近距离描写当下的，在我们看到的长篇小说中并不多见，由此也可以见出徐坤阅读生活和把握现实的独到能力。 中国当代文学研究会会长、北京师范大学文学院教授张清华表示，徐坤沉寂多年重新归来，《神圣婚姻》是一部回答情感与婚姻的时代之问、伦理之问和价值之问的小说，有强烈的时代感、价值追问、伦理拷问的色彩。此外，文如其人，小说叙述的节奏之干练、之干净、之快捷，隐隐有早期徐坤小说的味道。尤其喜欢知识分子家庭当中那些话语讥讽，这是徐坤的长项。 研讨会由人民文学出版社、《作家》杂志社联合主办。(完),1287,https://www.chinanews.com.cn/cul/2023/03-03/9964721.shtml,婚姻
People.cn,2023-03-05,“彩礼”问题又上热搜！低彩礼、零彩礼，你咋看？,近年来，广泛关注的高价彩礼问题再次成为讨论焦点。近日，“建议农村推行低彩礼零彩礼”“专家称零彩礼不符合传统婚俗”“民政局回应出台彩礼举报公告”……等话题先后登上热搜，引发网络上的热议。 2022年全国两会，就有多位全国人大代表建议遏制天价彩礼，整治农村高价彩礼。2023年中央一号文件中，“高价彩礼”再次被点名。近期，高价彩礼问题依然是不少代表委员关注的议题。 河北省河间市是第一批全国婚俗改革实验区。近日，全国人大代表、河北河间市大庄村党支部书记石炳启表示，正在准备关于(农村)推行“低彩礼”的建议，内容是把“低彩礼”落实到实处。在推行“低彩礼”的基础之上提倡“零彩礼”。 “我走访调研发现，咱们农村彩礼有的10万元，有的18万元，甚至有的30万元，彩礼比较高。农民主要靠打工种地来获得收入，承受不了10万以上的彩礼负担。”他说。 对于农村出现“高价彩礼”的原因，石炳启认为，一是女孩儿好面子，她觉得彩礼高面子就大，第二是有些女孩觉得彩礼高些婚后会增加一些安全感，第三是互相攀比造成“高价彩礼”越演越烈。 他认为，推行“低彩礼”可以从这几方面做起，一是制定《村规民约》，提倡“零彩礼”，做到“低彩礼”。二是成立红白理事会，发挥红白理事会的作用。三是制造环境。 “比如说我们村建了红事儿大厅，凡是实行“‘低彩礼’在红事儿大厅结婚的青年，都是免费使用，只拿一个食材费，并且给一定的表彰，给他们鼓励。对‘零彩礼’的结婚青年，我们把他们推荐到上级，参加市里边的集体婚礼，给予更高的荣誉。” 全国政协委员、月星集团董事局主席丁佐宏也建议，让家庭生活教育和婚姻教育走进家庭教育和学校课堂，积极引导广大年轻人树立正确的择偶观，不以门户论高低、不以彩礼论深浅，让“适龄婚育、优生优育”的阳光理念深入人心。 同时，丁佐宏认为，要构建生育友好型社会环境。建议搭建一批便于未婚青年参与、有较高诚信度的的交友和婚恋公益服务平台；研究将生育成本全面纳入社会保障体系，探索引入社会专项基金等新模式，完善弹性工作制，等等。 中新财经注意到，近年来，多地出台了政策对彩礼进行“限高”。例如，作为第一批全国婚俗改革实验区，河南省宁陵县将婚丧礼俗规定普遍纳入村规民约，倡导彩礼不高于3万元。还有的地方提倡不超过1万元，更有的地方提倡不要彩礼或少要彩礼。那么，推行不要彩礼是否可行？ 据九派新闻报道，福州大学社会学系教授甘满堂认为，彩礼作为传统婚俗的一部分，推行完全的“零彩礼”不仅不符合传统婚俗(文化)，其可行性仍有待考虑。 “我们在遏制高价彩礼时，不能走向另外一个极端，适度的彩礼也是必要的。”他说。 甘满堂分析，“彩礼”问题并不是导致农村男青年“结不起婚”的主要原因，更深层次的原因在于，农村教育等资源的落后，倒逼农村适婚男青年不得不在县城买房，从而为结婚带来了巨大的经济压力。“只不过，现在出现了超过男方承担范围的高价彩礼，让男青年望而生畏，这是应该被遏制的。” 从多地公布的信息看，通过采取系列措施，高价彩礼、大操大办等不正之风得到有效抑制。 日前，河南省民政厅社会事务处有关负责人表示，整体来看，河南省扎实推进婚俗改革工作，高价彩礼、高额随礼、大操大办、铺张浪费等陈规陋习得到有效遏制，改革工作取得了阶段性进展。 据中工网报道，武汉大学中国乡村治理研究中心副教授王德福撰文表示，治理高价彩礼是一项系统工程。 王德福认为，关于高价彩礼的问题，有三对关系需要厘清： 一是“小彩礼”与“大彩礼”。“小彩礼”即狭义的彩礼，是男方向女方家庭赠送的聘礼，各地习俗有异，所含内容与赠送形式有别。“大彩礼”则可视为包含全部婚姻成本在内的男方家庭支出，最典型的是婚车婚房。 二是“彩礼竞争”与“婚姻竞争”。经济分化、人口流动带来性别失衡，继而引发的地域性婚姻挤压和婚姻竞争，是助推彩礼上涨的深层结构性因素。 三是“婚约风险”与“婚姻风险”。彩礼的原初意义之一是缔结婚约的保证，在性别不平等的时代，是女方对男方可能随意解除婚约伤害自身的防风险手段。现在，彩礼属性已发生根本变化。人们希望彩礼不仅保婚约，还能保一辈子幸福。 “对经济欠发达的边远贫困地区和部分存在彩礼竞争习俗的地区来说，高价彩礼会加剧地域性婚姻问题的爆发，透支农民家庭的风险防范能力。”他认为，我们需要做些什么，让个体和社会付出的代价小一些，再小一些。(中新财经),1792,http://yn.people.com.cn/n2/2023/0305/c378440-40324913.html,高价彩礼;天价彩礼;婚姻;结婚;婚恋;婚育;彩礼;婚俗;适婚;婚约;择偶;婚礼
People.cn,2023-03-07,“看别人恋爱满足自己”！韩恋综大火，背后竟是不婚盛行,【环球时报驻韩国特派记者 张悦】几年前韩国诞生了一个新词“N抛一代”（放弃恋爱、就业、结婚的一代），而现在，恋爱真人秀节目在年轻人中爆火，同时不以结婚为目的的恋爱正在流行。去年全韩国有线电视网络和视频流媒体平台至少播出了20部恋爱综艺，是2021年的3倍多。 今年，韩国CHANNEL A电视台推出了《不婚同居》真人秀节目，将恋综扩展到不结婚但一起生活的情侣。韩国《东亚日报》报道称，同居已经是当今情侣可以选择的一种爱情形态。该节目监制金振（音译）表示，《不婚同居》并不是鼓励未婚同居。同居像结婚、未婚一样，只是对现状的一种描述。金振希望在节目播出后，人们可以将同居作为现在生活在韩国的恋人们选择的一种爱情形态。 韩国KBS电视台采访了韩国恋综迷，竟然发现观众多数都处在单身状态。2022年，韩国统计厅对3.6万名调查对象进行的一项社会调查结果显示，只有50%的受访对象认为必须要结婚，而赞成不婚同居的达65%。而在2012年，只有45.9%赞成不婚同居。 韩国去年综合生育率为0.78，创历史新低。韩国KBS电视台称，根据韩国人口健康福利协会去年对约1000人进行的一项调查，在19至34岁的单身人士中，65.6%没有谈恋爱。 而韩国保健社会研究院的一项调查显示，2021年，韩国19至49岁的未婚男女中异性交往的比例仅为29.4%。 面对这一现象，韩国精神健康医生尹弘均（音译）在《韩国日报》上撰文表示，在过去，结婚、建立稳定的社会关系等会为年轻人带来好处，但现在恋爱和结婚某种程度上带来的不便之处更大――随着房价和生活费变得难以承担，青年们失去了爱的勇气。但没有勇气去爱并不代表爱情本身就消失了，所以年轻人们看着别人的恋爱，集中精力去感受别人在恋爱过程中的爱和痛苦来满足自己。,741,http://korea.people.com.cn/n1/2023/0307/c407864-32638629.html,结婚;不婚;恋爱;单身;对象;情侣;恋人
CCTV,2023-03-09,少一些互相攀比 婚姻大事怎么甩掉高价彩礼包袱？,“我走访调研发现，农村彩礼有的10万元、有的18万元，有的甚至30万元，比较高。农民主要靠打工种地获得收入，承受不了10万元以上的彩礼负担。”今年，一名来自华北地区农村的全国人大代表带来了一项关于治理高价彩礼的建议。 不久前，江西省大余县一则关于农村婚嫁彩礼的举报公告冲上网络热搜，接受举报的范围是：农村婚嫁彩礼超过人民币8万元，婚车超过6辆，婚宴超过15桌，每桌超过800元。大余县民政局工作人员向媒体介绍说，发布公告的初心是提倡移风易俗，反对高价彩礼，公告主要针对农村，如果有条件好的家庭给出高价彩礼，双方自愿的话，也是允许的。举报后不设惩罚措施，以劝解做思想工作为主。 据媒体报道，多位代表委员在两会期间就高价彩礼问题建言献策。 “结婚要‘万紫千红一片绿’‘三斤三两’。”按照习俗，家在山东西南某县的小超（化名）去女友家提亲时，得到了这样的答复。他告诉记者，女友父母是按当地习俗提的彩礼要求，前者指1万张5元钞票、1000张百元钞票、1张50元的钞票；后者是指三斤三两的100元钞票。 在甘肃陇东地区，彩礼风俗则另有讲究。当地男青年小航（化名）介绍，在老家，新郎在举办婚礼前要给新娘赠送“二程、珍珠、折义”，二程是戒指、项链等首饰；珍珠指衣服、鞋包等嫁妆；折义包括彩电、冰箱等家电。在婚礼当天，这些都要展示给亲朋好友。 为给农村彩礼“降温”，早在2019年，“高价彩礼”就被中央一号文件首次点名。2021年以来，中央一号文件连续3年提及“高价彩礼”。中央多部门近几年一直有相关“大动作”，各省份也在群策群力，对彩礼“限高”。 2022年5月，甘肃定西启动治理高价彩礼攻坚行动，给婚嫁礼金标出“不超过5万元”的指导价。今年2月，宁夏泾源出台文件进行移风易俗，鼓励彩礼不高于6万元，倡导女婿赡养岳父母，人情礼金不高于200元。 红头文件之外，还有很多地方正探索用柔性措施给高价彩礼“踩刹车”。 近期，四川凉山、河北河间、甘肃定西等多地相继公布高价彩礼问题治理的阶段性成效。据凉山彝族自治州委宣传部消息，当地自移风易俗专班运行以来已制止10万元以上彩礼528起；河间市民政局称，该地自2021年行动起至2023年1月，全市新婚登记中“零彩礼”“低彩礼”占比88%，每桩婚事花费平均减少7万-15万元；甘肃定西公布，自2022年6月以来，70%的彩礼被控制在5万元以内。 对于农村出现高价彩礼的原因，上述受访的全国人大代表认为，女方好面子，觉得彩礼高，面子就大；有些女青年包括其父母觉得彩礼高些，婚后会增加一些安全感；互相攀比造成高价彩礼愈演愈烈。 整治高价彩礼并非易事。武汉大学社会学系副教授刘燕舞对记者表示，过多限制可能会侵犯公民自由，而非强制性措施会使得此类现象难以在短时间内得以遏制。婚俗作为礼俗不能用法律去规范，只能通过倡议与宣传，让大众从心理上认识高价彩礼的不正当性。 对于农村适婚男性而言，高企的彩礼金额已构成婚姻的“不可承受之重”。华中科技大学中国乡村治理研究中心博士刘成良在《因婚致贫：理解农村贫困的一个视角》一文中表示，“当前的趋势是农村地区的彩礼水平高于城市，偏远地区农村的彩礼高于普通农村”。西安交通大学教授靳小怡在2023年1月发表的论文《透视“天价彩礼”：现状、成因与治理》指出，天价彩礼存在婚姻缔结被过度物化、农村家庭因婚致贫返贫风险上升、农村女性成婚权益受到侵害、大量农村男性成婚难甚至永久失婚等负面影响。 “如果男方不拿出女方要求的彩礼作为诚意，拿什么证明自己是真心想结婚过日子的？”站在婚姻的门槛外，一些女方家庭认为“彩礼是男方对女方的尊重，也是今后婚姻生活的保障金”。 有些待嫁女青年也处于“两头难”的被动状态，明知男方家庭本就负担着买房等开支，拿出数万元彩礼并不容易，但又不好轻易忤逆父母的心意，对父母的那句“是为你好”很无力。 还有人在媒人的推波助澜下出现攀比心理。以甘肃陇东农村地区为例，当地彩礼普遍为10万-20万元，但呈现出农村高于城区，越是偏远山区彩礼越高，还有以女青年的学历工作论彩礼高低的情况。 在该地及与其交界的陕西部分地区，因媒人“跑断腿、说破嘴”，说定婚事后，男女双方家长会赠送皮鞋作为答谢。然而，一些职业媒人为赚取中介费，怂恿女方家长索要“服装购置费”“离娘钱”“菜水钱”等，并从高价彩礼中抽成10%甚至更多。 春节是农村返乡青年相亲、结婚高峰期。记者注意到，西北地区许多职业媒人转战网络，有人将掌握的待婚男女青年个人信息、彩礼陪嫁要求等内容发到短视频平台；还有人将介绍成功的年轻人订婚、结婚视频发在网上，画面是一摞摞钞票和琳琅满目的陪嫁物品。 今年全国两会，全国政协委员，全国妇联副主席、书记处书记吴海鹰向大会提交了《关于治理高价彩礼 培育时代新风新貌的提案》，她建议相关部门开展专题调研，为精准治理提供依据；指导基层自治组织在村规民约中加入“限高”规定，提出具体约束性标准，鼓励有条件的地方出台地方性法规。 “很多时候，农村适婚女青年对彩礼问题没有太多发言权。在一些因彩礼谈崩了的婚事中，高价彩礼对女青年的伤害尤甚。”西北某县女青年王丽（化名）说。 张伟（化名）在华北某市工作，他认为，送彩礼是男方向女方父母表示求娶诚意的方式，男方家应该出。但是，女方不能明知男方经济实力不允许还漫天要价，“如果非要给彩礼定一个标准，会感觉婚姻像一场交易，可能导致年轻人恐婚、晚婚”。 对此，受访的全国人大代表建议，各地尝试制订村规民约，通过成立乡村红白理事会，推行移风易俗，整治并消除高价彩礼、婚丧大操大办、厚葬薄养等不良习俗，“把‘低彩礼’落到实处”，在推行“低彩礼”的基础上，提倡“零彩礼”。 如今，很多地方的家长正逐步转变对子女婚嫁彩礼的态度，女方家长只因男方未满足其彩礼要求就阻拦婚事的情况变少了。彩礼的给付，已不再是“我索要，你给付”的单一处理方式，包括但不限于：男方有房，女方就用彩礼陪嫁一辆车；男女都有房有车，就将彩礼作为小家庭未来的生活基金；男女都无房，双方就共担大额购房支出、共享住房产权，女方不再单提彩礼要求。 “零彩礼”，可行吗？福州大学社会学系教授甘满堂接受中青报·中青网记者采访时表示，“零彩礼”与我国传统婚俗相悖。公众不应只将目光聚焦在彩礼上，而忽略女方的陪嫁。在现实生活中，一些女方家庭将大部分彩礼作为陪嫁，交还给新娘或男方，当成新家庭的公共资产。 甘满堂分析指出，人口性别结构比例不均也是阻挡农村青年婚姻大事的原因之一。此外，考虑到个人发展与子女教育问题，很多女青年要求农村男青年在城市买房，给男青年造成购房经济压力。 “在遏制高价彩礼时，不能走向另一个极端，适度的彩礼是必要的。”对于彩礼金额，甘满堂认为，“不超过全国人均年收入，是较合适的范围”。 十四届全国政协委员，中国工程院院士、河南农业大学教授张改平在2021年全国两会上曾针对高价彩礼建议，加大中西部地区新农保基础养老金投入力度，解除嫁女后顾之忧；提高女性社会地位，维护出生人口性别比平衡；总结推广各地婚俗改革试点经验，建立健全移风易俗长效机制。 今年2月14日，宁夏青年李铭（化名）参加了一场共青团组织的交友联谊活动，最近正与一名女青年相处了解。“如果感情谈得顺利，一定会全力以赴满足对方彩礼要求，但别太高。”他希望团组织引导青年树立正确婚恋观，并在移风易俗中发挥骨干作用。 中青报·中青网记者 焦敏龙 王亦君,3028,https://news.cctv.com/2023/03/09/ARTICoMH30RjiD4YZnMLRygi230309.shtml,高价彩礼;天价彩礼;婚姻;结婚;婚恋;彩礼;婚俗;婚嫁;晚婚;恐婚;适婚;相亲;婚礼
China News Service,2023-03-09,婚姻大事怎么甩掉高价彩礼包袱？少些攀比多些“清醒”,婚姻大事怎么甩掉高价彩礼包袱【少一些互相攀比 多一些“人间清醒”】 “我走访调研发现，农村彩礼有的10万元、有的18万元，有的甚至30万元，比较高。农民主要靠打工种地获得收入，承受不了10万元以上的彩礼负担。”今年，一名来自华北地区农村的全国人大代表带来了一项关于治理高价彩礼的建议。 不久前，江西省大余县一则关于农村婚嫁彩礼的举报公告冲上网络热搜，接受举报的范围是：农村婚嫁彩礼超过人民币8万元，婚车超过6辆，婚宴超过15桌，每桌超过800元。大余县民政局工作人员向媒体介绍说，发布公告的初心是提倡移风易俗，反对高价彩礼，公告主要针对农村，如果有条件好的家庭给出高价彩礼，双方自愿的话，也是允许的。举报后不设惩罚措施，以劝解做思想工作为主。 据媒体报道，多位代表委员在两会期间就高价彩礼问题建言献策。 “结婚要‘万紫千红一片绿’‘三斤三两’。”按照习俗，家在山东西南某县的小超(化名)去女友家提亲时，得到了这样的答复。他告诉记者，女友父母是按当地习俗提的彩礼要求，前者指1万张5元钞票、1000张百元钞票、1张50元的钞票；后者是指三斤三两的100元钞票。 在甘肃陇东地区，彩礼风俗则另有讲究。当地男青年小航(化名)介绍，在老家，新郎在举办婚礼前要给新娘赠送“二程、珍珠、折义”，二程是戒指、项链等首饰；珍珠指衣服、鞋包等嫁妆；折义包括彩电、冰箱等家电。在婚礼当天，这些都要展示给亲朋好友。 为给农村彩礼“降温”，早在2019年，“高价彩礼”就被中央一号文件首次点名。2021年以来，中央一号文件连续3年提及“高价彩礼”。中央多部门近几年一直有相关“大动作”，各省份也在群策群力，对彩礼“限高”。 2022年5月，甘肃定西启动治理高价彩礼攻坚行动，给婚嫁礼金标出“不超过5万元”的指导价。今年2月，宁夏泾源出台文件进行移风易俗，鼓励彩礼不高于6万元，倡导女婿赡养岳父母，人情礼金不高于200元。 红头文件之外，还有很多地方正探索用柔性措施给高价彩礼“踩刹车”。 近期，四川凉山、河北河间、甘肃定西等多地相继公布高价彩礼问题治理的阶段性成效。据凉山彝族自治州委宣传部消息，当地自移风易俗专班运行以来已制止10万元以上彩礼528起；河间市民政局称，该地自2021年行动起至2023年1月，全市新婚登记中“零彩礼”“低彩礼”占比88%，每桩婚事花费平均减少7万-15万元；甘肃定西公布，自2022年6月以来，70%的彩礼被控制在5万元以内。 对于农村出现高价彩礼的原因，上述受访的全国人大代表认为，女方好面子，觉得彩礼高，面子就大；有些女青年包括其父母觉得彩礼高些，婚后会增加一些安全感；互相攀比造成高价彩礼愈演愈烈。 整治高价彩礼并非易事。武汉大学社会学系副教授刘燕舞对记者表示，过多限制可能会侵犯公民自由，而非强制性措施会使得此类现象难以在短时间内得以遏制。婚俗作为礼俗不能用法律去规范，只能通过倡议与宣传，让大众从心理上认识高价彩礼的不正当性。 对于农村适婚男性而言，高企的彩礼金额已构成婚姻的“不可承受之重”。华中科技大学中国乡村治理研究中心博士刘成良在《因婚致贫：理解农村贫困的一个视角》一文中表示，“当前的趋势是农村地区的彩礼水平高于城市，偏远地区农村的彩礼高于普通农村”。西安交通大学教授靳小怡在2023年1月发表的论文《透视“天价彩礼”：现状、成因与治理》指出，天价彩礼存在婚姻缔结被过度物化、农村家庭因婚致贫返贫风险上升、农村女性成婚权益受到侵害、大量农村男性成婚难甚至永久失婚等负面影响。 “如果男方不拿出女方要求的彩礼作为诚意，拿什么证明自己是真心想结婚过日子的？”站在婚姻的门槛外，一些女方家庭认为“彩礼是男方对女方的尊重，也是今后婚姻生活的保障金”。 有些待嫁女青年也处于“两头难”的被动状态，明知男方家庭本就负担着买房等开支，拿出数万元彩礼并不容易，但又不好轻易忤逆父母的心意，对父母的那句“是为你好”很无力。 还有人在媒人的推波助澜下出现攀比心理。以甘肃陇东农村地区为例，当地彩礼普遍为10万-20万元，但呈现出农村高于城区，越是偏远山区彩礼越高，还有以女青年的学历工作论彩礼高低的情况。 在该地及与其交界的陕西部分地区，因媒人“跑断腿、说破嘴”，说定婚事后，男女双方家长会赠送皮鞋作为答谢。然而，一些职业媒人为赚取中介费，怂恿女方家长索要“服装购置费”“离娘钱”“菜水钱”等，并从高价彩礼中抽成10%甚至更多。 春节是农村返乡青年相亲、结婚高峰期。记者注意到，西北地区许多职业媒人转战网络，有人将掌握的待婚男女青年个人信息、彩礼陪嫁要求等内容发到短视频平台；还有人将介绍成功的年轻人订婚、结婚视频发在网上，画面是一摞摞钞票和琳琅满目的陪嫁物品。 今年全国两会，全国政协委员，全国妇联副主席、书记处书记吴海鹰向大会提交了《关于治理高价彩礼 培育时代新风新貌的提案》，她建议相关部门开展专题调研，为精准治理提供依据；指导基层自治组织在村规民约中加入“限高”规定，提出具体约束性标准，鼓励有条件的地方出台地方性法规。 “很多时候，农村适婚女青年对彩礼问题没有太多发言权。在一些因彩礼谈崩了的婚事中，高价彩礼对女青年的伤害尤甚。”西北某县女青年王丽(化名)说。 张伟(化名)在华北某市工作，他认为，送彩礼是男方向女方父母表示求娶诚意的方式，男方家应该出。但是，女方不能明知男方经济实力不允许还漫天要价，“如果非要给彩礼定一个标准，会感觉婚姻像一场交易，可能导致年轻人恐婚、晚婚”。 对此，受访的全国人大代表建议，各地尝试制订村规民约，通过成立乡村红白理事会，推行移风易俗，整治并消除高价彩礼、婚丧大操大办、厚葬薄养等不良习俗，“把‘低彩礼’落到实处”，在推行“低彩礼”的基础上，提倡“零彩礼”。 如今，很多地方的家长正逐步转变对子女婚嫁彩礼的态度，女方家长只因男方未满足其彩礼要求就阻拦婚事的情况变少了。彩礼的给付，已不再是“我索要，你给付”的单一处理方式，包括但不限于：男方有房，女方就用彩礼陪嫁一辆车；男女都有房有车，就将彩礼作为小家庭未来的生活基金；男女都无房，双方就共担大额购房支出、共享住房产权，女方不再单提彩礼要求。 “零彩礼”，可行吗？福州大学社会学系教授甘满堂接受中青报·中青网记者采访时表示，“零彩礼”与我国传统婚俗相悖。公众不应只将目光聚焦在彩礼上，而忽略女方的陪嫁。在现实生活中，一些女方家庭将大部分彩礼作为陪嫁，交还给新娘或男方，当成新家庭的公共资产。 甘满堂分析指出，人口性别结构比例不均也是阻挡农村青年婚姻大事的原因之一。此外，考虑到个人发展与子女教育问题，很多女青年要求农村男青年在城市买房，给男青年造成购房经济压力。 “在遏制高价彩礼时，不能走向另一个极端，适度的彩礼是必要的。”对于彩礼金额，甘满堂认为，“不超过全国人均年收入，是较合适的范围”。 十四届全国政协委员，中国工程院院士、河南农业大学教授张改平在2021年全国两会上曾针对高价彩礼建议，加大中西部地区新农保基础养老金投入力度，解除嫁女后顾之忧；提高女性社会地位，维护出生人口性别比平衡；总结推广各地婚俗改革试点经验，建立健全移风易俗长效机制。 今年2月14日，宁夏青年李铭(化名)参加了一场共青团组织的交友联谊活动，最近正与一名女青年相处了解。“如果感情谈得顺利，一定会全力以赴满足对方彩礼要求，但别太高。”他希望团组织引导青年树立正确婚恋观，并在移风易俗中发挥骨干作用。,3044,https://www.chinanews.com.cn/sh/2023/03-09/9968147.shtml,高价彩礼;天价彩礼;婚姻;结婚;婚恋;彩礼;婚俗;婚嫁;晚婚;恐婚;适婚;相亲;婚礼
People.cn,2023-03-09,婚姻大事怎么甩掉高价彩礼包袱,“我走访调研发现，农村彩礼有的10万元、有的18万元，有的甚至30万元，比较高。农民主要靠打工种地获得收入，承受不了10万元以上的彩礼负担。”今年，一名来自华北地区农村的全国人大代表带来了一项关于治理高价彩礼的建议。 不久前，江西省大余县一则关于农村婚嫁彩礼的举报公告冲上网络热搜，接受举报的范围是：农村婚嫁彩礼超过人民币8万元，婚车超过6辆，婚宴超过15桌，每桌超过800元。大余县民政局工作人员向媒体介绍说，发布公告的初心是提倡移风易俗，反对高价彩礼，公告主要针对农村，如果有条件好的家庭给出高价彩礼，双方自愿的话，也是允许的。举报后不设惩罚措施，以劝解做思想工作为主。 据媒体报道，多位代表委员在两会期间就高价彩礼问题建言献策。 “结婚要‘万紫千红一片绿’‘三斤三两’。”按照习俗，家在山东西南某县的小超（化名）去女友家提亲时，得到了这样的答复。他告诉记者，女友父母是按当地习俗提的彩礼要求，前者指1万张5元钞票、1000张百元钞票、1张50元的钞票；后者是指三斤三两的100元钞票。 在甘肃陇东地区，彩礼风俗则另有讲究。当地男青年小航（化名）介绍，在老家，新郎在举办婚礼前要给新娘赠送“二程、珍珠、折义”，二程是戒指、项链等首饰；珍珠指衣服、鞋包等嫁妆；折义包括彩电、冰箱等家电。在婚礼当天，这些都要展示给亲朋好友。 为给农村彩礼“降温”，早在2019年，“高价彩礼”就被中央一号文件首次点名。2021年以来，中央一号文件连续3年提及“高价彩礼”。中央多部门近几年一直有相关“大动作”，各省份也在群策群力，对彩礼“限高”。 2022年5月，甘肃定西启动治理高价彩礼攻坚行动，给婚嫁礼金标出“不超过5万元”的指导价。今年2月，宁夏泾源出台文件进行移风易俗，鼓励彩礼不高于6万元，倡导女婿赡养岳父母，人情礼金不高于200元。 红头文件之外，还有很多地方正探索用柔性措施给高价彩礼“踩刹车”。 近期，四川凉山、河北河间、甘肃定西等多地相继公布高价彩礼问题治理的阶段性成效。据凉山彝族自治州委宣传部消息，当地自移风易俗专班运行以来已制止10万元以上彩礼528起；河间市民政局称，该地自2021年行动起至2023年1月，全市新婚登记中“零彩礼”“低彩礼”占比88%，每桩婚事花费平均减少7万-15万元；甘肃定西公布，自2022年6月以来，70%的彩礼被控制在5万元以内。 对于农村出现高价彩礼的原因，上述受访的全国人大代表认为，女方好面子，觉得彩礼高，面子就大；有些女青年包括其父母觉得彩礼高些，婚后会增加一些安全感；互相攀比造成高价彩礼愈演愈烈。 整治高价彩礼并非易事。武汉大学社会学系副教授刘燕舞对记者表示，过多限制可能会侵犯公民自由，而非强制性措施会使得此类现象难以在短时间内得以遏制。婚俗作为礼俗不能用法律去规范，只能通过倡议与宣传，让大众从心理上认识高价彩礼的不正当性。 对于农村适婚男性而言，高企的彩礼金额已构成婚姻的“不可承受之重”。华中科技大学中国乡村治理研究中心博士刘成良在《因婚致贫：理解农村贫困的一个视角》一文中表示，“当前的趋势是农村地区的彩礼水平高于城市，偏远地区农村的彩礼高于普通农村”。西安交通大学教授靳小怡在2023年1月发表的论文《透视“天价彩礼”：现状、成因与治理》指出，天价彩礼存在婚姻缔结被过度物化、农村家庭因婚致贫返贫风险上升、农村女性成婚权益受到侵害、大量农村男性成婚难甚至永久失婚等负面影响。 “如果男方不拿出女方要求的彩礼作为诚意，拿什么证明自己是真心想结婚过日子的？”站在婚姻的门槛外，一些女方家庭认为“彩礼是男方对女方的尊重，也是今后婚姻生活的保障金”。 有些待嫁女青年也处于“两头难”的被动状态，明知男方家庭本就负担着买房等开支，拿出数万元彩礼并不容易，但又不好轻易忤逆父母的心意，对父母的那句“是为你好”很无力。 还有人在媒人的推波助澜下出现攀比心理。以甘肃陇东农村地区为例，当地彩礼普遍为10万-20万元，但呈现出农村高于城区，越是偏远山区彩礼越高，还有以女青年的学历工作论彩礼高低的情况。 在该地及与其交界的陕西部分地区，因媒人“跑断腿、说破嘴”，说定婚事后，男女双方家长会赠送皮鞋作为答谢。然而，一些职业媒人为赚取中介费，怂恿女方家长索要“服装购置费”“离娘钱”“菜水钱”等，并从高价彩礼中抽成10%甚至更多。 春节是农村返乡青年相亲、结婚高峰期。记者注意到，西北地区许多职业媒人转战网络，有人将掌握的待婚男女青年个人信息、彩礼陪嫁要求等内容发到短视频平台；还有人将介绍成功的年轻人订婚、结婚视频发在网上，画面是一摞摞钞票和琳琅满目的陪嫁物品。 今年全国两会，全国政协委员，全国妇联副主席、书记处书记吴海鹰向大会提交了《关于治理高价彩礼 培育时代新风新貌的提案》，她建议相关部门开展专题调研，为精准治理提供依据；指导基层自治组织在村规民约中加入“限高”规定，提出具体约束性标准，鼓励有条件的地方出台地方性法规。 “很多时候，农村适婚女青年对彩礼问题没有太多发言权。在一些因彩礼谈崩了的婚事中，高价彩礼对女青年的伤害尤甚。”西北某县女青年王丽（化名）说。 张伟（化名）在华北某市工作，他认为，送彩礼是男方向女方父母表示求娶诚意的方式，男方家应该出。但是，女方不能明知男方经济实力不允许还漫天要价，“如果非要给彩礼定一个标准，会感觉婚姻像一场交易，可能导致年轻人恐婚、晚婚”。 对此，受访的全国人大代表建议，各地尝试制订村规民约，通过成立乡村红白理事会，推行移风易俗，整治并消除高价彩礼、婚丧大操大办、厚葬薄养等不良习俗，“把‘低彩礼’落到实处”，在推行“低彩礼”的基础上，提倡“零彩礼”。 如今，很多地方的家长正逐步转变对子女婚嫁彩礼的态度，女方家长只因男方未满足其彩礼要求就阻拦婚事的情况变少了。彩礼的给付，已不再是“我索要，你给付”的单一处理方式，包括但不限于：男方有房，女方就用彩礼陪嫁一辆车；男女都有房有车，就将彩礼作为小家庭未来的生活基金；男女都无房，双方就共担大额购房支出、共享住房产权，女方不再单提彩礼要求。 “零彩礼”，可行吗？福州大学社会学系教授甘满堂接受中青报·中青网记者采访时表示，“零彩礼”与我国传统婚俗相悖。公众不应只将目光聚焦在彩礼上，而忽略女方的陪嫁。在现实生活中，一些女方家庭将大部分彩礼作为陪嫁，交还给新娘或男方，当成新家庭的公共资产。 甘满堂分析指出，人口性别结构比例不均也是阻挡农村青年婚姻大事的原因之一。此外，考虑到个人发展与子女教育问题，很多女青年要求农村男青年在城市买房，给男青年造成购房经济压力。 “在遏制高价彩礼时，不能走向另一个极端，适度的彩礼是必要的。”对于彩礼金额，甘满堂认为，“不超过全国人均年收入，是较合适的范围”。 十四届全国政协委员，中国工程院院士、河南农业大学教授张改平在2021年全国两会上曾针对高价彩礼建议，加大中西部地区新农保基础养老金投入力度，解除嫁女后顾之忧；提高女性社会地位，维护出生人口性别比平衡；总结推广各地婚俗改革试点经验，建立健全移风易俗长效机制。 今年2月14日，宁夏青年李铭（化名）参加了一场共青团组织的交友联谊活动，最近正与一名女青年相处了解。“如果感情谈得顺利，一定会全力以赴满足对方彩礼要求，但别太高。”他希望团组织引导青年树立正确婚恋观，并在移风易俗中发挥骨干作用。（记者 焦敏龙 王亦君）,3022,http://yn.people.com.cn/n2/2023/0309/c378440-40329821.html,高价彩礼;天价彩礼;婚姻;结婚;婚恋;彩礼;婚俗;婚嫁;晚婚;恐婚;适婚;相亲;婚礼
People.cn,2023-03-09,宁夏银川：警网融合 多点发力 妥善化解婚恋家庭矛盾纠纷,为有效防范婚恋家庭矛盾纠纷引发的社会风险，宁夏银川市公安机关持续深化“警网”融合工作，多举措做好婚恋家庭矛盾纠纷排查化解工作，不断夯实平安银川建设根基。 “我们通过入户排查、警情梳理、预警推送等途径，充分掌握苗头性风险隐患，特别是对多次报警的婚恋家庭纠纷类警情必须上门入户，及时掌握一手信息，分级分类、逐人逐事建档管理，提前做足准备工作，为后续化解打牢基础。”银川市公安局治安支队相关负责人介绍。 长城中路派出所依托“警网”融合机制优势，在家庭婚恋矛盾纠纷处置化解中提炼经验，总结“多元归零”工作法，联动社区、司法、综治、妇联、信访、律所等各方力量，组建“八员”调处工作组，邀请好亲友到场打“情理牌”，凝聚化解合力，实现最佳效果。同时，优化矛盾纠纷回访制度，社区民警跟进掌握事后情况，形成工作闭环，实现和谐倍增、矛盾骤减、隐患归零。 针对部分当事人户籍不在本地、化解管控工作困难大等问题，兴庆区分局大新镇派出所积极延伸工作触角，主动对接当事人户籍所在地派出所，定期推送预警信息，共同会商研判，做好后续管控工作。同时，充分发挥智慧警务优势，借助新水桥“石榴籽”警务室公共法律设备视频连线功能，探索开通“线上调解室”，实现远程可视化矛盾纠纷调处，满足群众差异化需求。今年以来，该警务室已接受咨询调解80余起。 西夏区分局北京西路派出所找准基层社会治理结合点和着力点，持续深化平安文化建设，联合社区开展“幸福婚姻、与法同行”系列活动，通过入户宣讲、集中讲座、微信推送等形式载体，大力宣传勤劳致富、勤俭持家、睦邻友好等优良家风家教，潜移默化引导群众观念转变，提升自觉守法、遇事找法、解决问题靠法的法治意识，让“人人友善、人人创安”的价值理念成为社会共识。,723,http://nx.people.com.cn/n2/2023/0309/c405950-40330715.html,婚姻;婚恋
People.cn,2023-03-09,江西德兴：零彩礼 倡新风,3月8日，江西省德兴市铜矿街道新时代文明实践广场迎来了一场别开生面的三八节·国际妇女劳动节街道青年趣味运动会暨“零彩礼结连理 幸福从‘零’开始”新时代文明实践活动，鼓励广大青年争做移风易俗的引领者和推动者，成为结婚低彩礼、零彩礼的倡导者、引领者和践行者。 本次活动共有六十余人参加，从青年的兴趣爱好出发，开展趣味性强的娱乐项目。现场气氛热烈、参与人员个个热情高涨。各团队成员精神抖擞，踊跃参赛，享受运动会带来的放松和快乐的同时，引导广大青年男女从我做起，从现在做起，破陈规、除陋习，创文明、树新风。 “‘抵制高价彩礼，树立文明新风’关系到我们每一个青年人的终身幸福。作为一名党员，同时也是一名未婚女性，我将发挥党员干部示范作用，带头成为婚嫁文明新风的提倡者、传播者和实践者。”铜矿街道干部陆梓洁在移风易俗签名墙签下自己的名字时郑重地说道。 近年来，铜矿街道积极推动全街道移风易俗，树立正确的价值观、恋爱观、婚姻观，用实际行动弘扬新风尚、传递正能量。铜矿街道党工委高度重视移风易俗宣传引导工作，除了要求各社区制定《居民公约》，还通过发放《抵制高价彩礼，倡导移风易俗》倡议书，举行移风易俗文艺表演等宣传活动，引导广大群众自觉抵制陈规陋习，传播文明新风尚。（胡坤明、邵波）,533,http://jx.people.com.cn/n2/2023/0309/c186330-40330953.html,高价彩礼;婚姻;结婚;彩礼;婚嫁;恋爱
China News Service,2023-03-15,隐瞒重疾“以纸包火” 法律支持撤销婚姻,一则婚前隐瞒艾滋病病情的案例近日进入大众视野。该案中，男女双方在认识不久后相爱并登记结婚，4年后，男方因开设赌场罪入狱服刑。直到狱管人员告知女方需要为男方准备抗艾滋病药物时，女方才得知男方早在婚前就已感染艾滋病。女方对此难以忍受，诉至法院，请求撤销婚姻关系。最终，法院支持了女方的诉讼请求。 类似本案的情况近年来时有发生，一些重大疾病患者出于种种原因，结婚前向另一半隐瞒了病情，在对方不知情的情况下走进婚姻殿堂。在一些案例中，不知情的一方在案发时已受到相关疾病的损害，更有甚者，双方生育的子女也因此受到疾病影响。这种明知自己患有可能严重影响婚姻生活的重大疾病，仍故意隐瞒病情与他人结婚的行为，不仅未尽到应有的告知义务，损害了双方关系的信任基础，更是给对方带来严重的风险。在法律层面，如果在缔结婚姻时故意隐瞒自身重大疾病，这段婚姻将面临效力瑕疵。 在一般场景中，重大疾病患者的病情信息属于敏感个人信息，亦是一种隐私，一旦公开，患者的日常生活将遭受严重影响，因此，这类信息受到法律的特殊保护，个人有权决定是否告知他人或公开。但是，对隐私的保护不能永远“一边倒”地盖过其他法益。在缔结婚姻的场景下，由于婚姻并非单纯的个人事务，能否及时充分地知晓另一半的重大疾病情况，事关双方的身体健康、生活质量乃至后代健康。如果重大疾病患者在结婚前隐瞒实情，那么其伴侣就会对婚后的种种风险一无所知，因此一方对另一方是否患有重大疾病享有知情权，当这种知情权遭受损害，婚姻的效力也会受到相应的影响。 民法典第一千零五十三条规定，婚姻关系的一方对于其患有的重大疾病，负有婚前告知义务，不告知的，无过错的一方可在知道或应当知道该事由之日起一年内诉请撤销婚姻关系。此外，对于撤销婚姻关系产生的损害，被隐瞒病情的一方也可以主张相应的损害赔偿。需要注意的是，民法典的上述规定没有将疾病婚姻列为婚姻无效的情形。换言之，即使身患重大疾病，也不会直接导致婚姻无效。如果患者的伴侣对其患有重大疾病这一事实充分知情，也清楚了解其带来的各种风险，这段婚姻关系便不会因重大疾病而存在效力上的瑕疵。 一段婚姻的长久和健康需要夫妻双方的相互尊重、信任和坦诚，如果在婚前隐瞒了自己罹患重大疾病的事实，那么这段婚姻将成为缺乏信任基础的“空中楼阁”。与其“以纸包火”，不如坦诚相待，向对方告知自身重大疾病情况，如此方能构建长久和谐的婚姻关系。这则案例也提醒我们，一定要重视婚前疾病预防工作，无论是否“知根知底”，都要主动进行婚检，向对方确认检查结果，走好婚姻的关键一步。（作者单位：北京市通州区人民检察院） 【,1075,https://www.chinanews.com.cn/sh/2023/03-15/9971629.shtml,婚姻;结婚;伴侣;夫妻;另一半
China News Service,2023-03-16,不收彩礼，石城敢动真格 白莲之乡成“零彩礼”之乡,在江西省赣州市石城县长溪村赖氏宗祠祠堂的一面签名墙上，密密麻麻地签满了村民的名字，“请客不收礼 节俭办宴席”几个大字格外醒目。 “左口袋进，右口袋出，的确增加了不必要的麻烦。不收彩礼就没有负担，年轻人很喜欢，我们觉得值得在全国推广。”屏山镇团委书记罗莹告诉中青报·中青网记者，在因盛产白莲而有全国三大“白莲之乡”美誉的石城县，大家已形成共识：不是彩礼收得越多越有面子，而是出钱请大家庆贺才能获得美誉和尊重。 近年来，节节攀升的“高价、天价彩礼”已经成为青年人及其家庭的沉重负担，也是社会关注的焦点问题。现如今，各地都在整治“天价彩礼”现象，江西省石城县坚决破除高价彩礼、人情攀比等陈规陋习，推行婚俗改革，倡导“全县不收彩礼”。 “我很幸福，非常感激岳母，大大减轻了我结婚的经济负担。”婚礼上，新郎表达了对石城县龙岗乡新龙村妇联主席刘谟华的感谢。 刘谟华将婚宴酒席从16桌压至10桌，简洁的婚礼现场没有红包、高档烟酒，也没有鞭炮声和乐队表演，只有前来送祝福的亲朋好友，家常菜和家酿米酒，以及新人脸上甜蜜的笑容。 刘谟华对女儿说，幸福不在于一场轰动的婚礼，需要的是细水长流的长长久久。女儿非常赞同，也想做一个移风易俗的践行者。 当初，女婿带着彩礼上门提亲，刘谟华就果断拒绝了女婿家的彩礼。她说，嫁女儿不是卖女儿，女儿过得好就行。20多年前，自己结婚时就不要高彩礼，她更看重丈夫的朴实与节俭，认为简单的婚礼也能带来幸福生活。 “我们这里没有听说哪家因为彩礼谈崩的，也没有‘男方给的彩礼越多，婚姻越有保障’的说法。”罗莹告诉记者，“在石城，10万元属于天价彩礼。” “我没房，也没车，结婚的时候媳妇没要彩礼，我老婆的父母从不计较这些。”黄乐(化名)说，受家风的影响，他们家几个哥哥结婚都是零彩礼，嫂子们有本县城的，也有其他县城的。 “幸福生活是靠奋斗得来的，因为要彩礼、办酒席，让家里的老人欠债，倘若老人身体再不好，还债的压力还是落到年轻人身上。”李甜甜(化名)认为，没有必要给全家增加负担，她看重的是人品以及两个人是否相爱。她的丈夫虽然家境一般，但婚后上进又勤快，下班没事就去她家帮忙做农活，两个人走下去的决心越来越坚定，日子也一天比一天好。 其实，石城县之所以能顺利推广婚嫁新风，得益于良好的乡风县风。 长溪村妇女主任赖彩霞介绍，20多年前，长溪村和其他地方一样，盛行请客送礼攀比之风，婚丧嫁娶、搬家乔迁、生日祝寿等名目的酒席繁多。直到1997年，长溪村一位德高望重的村民赖德水老先生在70岁寿宴上做出的大胆举动改变了这一陋习。“来了即是心意，喝酒不必送礼”，他在收到的红包上登记送礼者姓名，寿宴结束后，逐个登门退还礼金。随后，长溪村成立祠务委员会，祠务委员会成员带头请客不收礼。慢慢地，村民开始反思礼金程序是否太繁琐，“请客不收礼”的风气悄悄生根发芽，成为新风尚。 20世纪90年代末至今，石城县的彩礼一直在发生改变。 2007年前后，非亲戚不收彩礼的风气从屏山镇长溪村向周边扩散；2008年至2011年，联系不密切的亲戚也不再收礼，从县城向全县辐射；2021年后，全县绝大部分地区所有客人都不再收彩礼。 王小萌(化名)一家是村里的脱贫户，她的爸爸在外务工。这些年受外来思想的影响，父亲担忧女儿像他一样成为新一代贫困户，找女婿时首先要求男方买车买房。村干部们知道后，集体上门去做思想工作，说服他转变陈旧的思想观念。春节后，王小萌的父亲便答应了婚事。 去年6月，团石城县委印发了《石城县团员青年进一步深化移风易俗改革实施方案》的通知。各基层团组织主动引导亲属朋友和周围群众，及时劝阻、制止各种陈规陋习和封建迷信行为，带头践行移风易俗理念，带头文明节俭办宴席，反对铺张浪费。各学校团组织也通过主题团日契机，以身边陈规陋习为故事案例，倡导青少年崇尚科学、摒弃陋习。 团石城县委还结合七夕情人节等青年人关注的节日，举办婚恋交友活动，推广集体婚礼、旅行婚礼、公益婚礼等新式婚嫁，动员广大婚龄青年以实际行动践行“朴素婚嫁理念”；开展“红娘”培训，通过各种婚俗改革课、婚俗法规课，讲述新式婚嫁的深远意义及陈规陋习的弊端、危害，从根源上避免媒人为了谋求自身利益，推波助澜繁琐婚嫁、高价彩礼等。 同时，该县还打造出一批爱情主题小镇(公园)、户外颁证基地、“零彩礼”集体婚礼基地和“婚恋”宣传教育基地，在元旦、五一、七夕、国庆等节日举办集体婚礼、公益婚礼、环保婚礼等活动，多形式倡导新时代文明婚嫁新风。 团石城县委书记黄媛媛说：“团县委始终把组织青年、引导青年、服务青年作为出发点，期望做更多服务青年婚恋交友的有益尝试，引导青年树立正确的婚恋观。” 2月14日，6对新人集体宣读《结婚誓言》，并参观了石城县钢琴小镇婚俗改革示范点及客家民俗文化展馆。 参加活动的新人们纷纷表示，对于他们来说这是一种见证，不仅让他们深深感受到了婚姻赋予的责任感，也增强了他们未来迎接风雨的勇气。同时，作为新时代的青年，也应该做到婚事新办、婚事简办，争做弘扬文明新风的时代引领者和践行者。 “让双方在庄重神圣的颁证仪式中感悟婚姻家庭所蕴含的责任与担当，在温馨、喜庆的办证过程中知悉夫妻的权利和义务，帮助年轻一代树立正确的婚姻观。”钢琴小镇婚俗改革示范点负责人赖素华说。 记者发现，在石城县婚姻登记处宣传栏内，张贴着一张张婚姻文化宣传箴言，候登大厅也在滚动播放婚姻家庭法律政策、新婚辅导、婚事新办简办等宣传片，移风易俗倡议循环播放。 在石城县，婚姻登记处不再只是一个登记发证的地方，而是成了倡导婚俗改革、婚事新办、婚前辅导教育的宣传阵地，营造了一种让青年人树立正确婚姻观、家庭观的文化氛围。 在登记办证的过程中，工作人员进行“五问一签约”，通过询问男女个人身份、职业情况、经济收入、家庭情况、彩礼约定、婚礼举办形式和酒度规模，来全面了解本人及双方家庭对婚姻的态度，并针对性地做好教育疏导工作，再签定婚事新办、低彩礼承诺书。 婚姻登记结束后，婚姻登记处免费为新人开展结婚登记颁证服务。组织新人宣读《结婚誓言》，并颁发结婚证。 中青报·中青网记者 王璐璐,2502,https://www.chinanews.com.cn/sh/2023/03-16/9972497.shtml,婚姻登记;结婚登记;高价彩礼;天价彩礼;婚姻;结婚;婚恋;彩礼;婚俗;婚嫁;婚龄;夫妻;婚礼
People.cn,2023-03-16,自贡召开“红梅花开·和美之家”反家暴暨婚姻家庭纠纷调解专题培训会,3月15日下午，自贡市“红梅花开·和美之家”反家暴暨婚姻家庭纠纷调解专题培训会召开，进一步完善维护妇女儿童合法权益的司法保障体系，积极推动全市妇女儿童维权机制落地落实。 本次活动由市妇联、市公安局主办。邀请了湖南警察学院家庭暴力防治研究所所长、教授欧阳艳文进行专题授课。他从理论和实践操作相结合的角度，讲授反家暴暨婚姻家庭纠纷调解的方法技巧，进一步增强了做好妇女儿童维权工作的信心和决心。 据悉，近年来，市委、市政府高度重视妇女儿童维权工作，各级有关部门尽职履责、通力合作，积极构建“党委领导、政府负责、妇儿工委协调、多部门合作、全社会参与”的联动维权工作新机制，多部门联合出台性别平等评估咨询、婚姻家庭纠纷预防化解、反家庭暴力多部门联动合作、性侵未成年被害人一站式保护、婚姻家事纠纷联调联动等机制性文件，建设109个“红梅花开·和美之家”妇女儿童维权、家庭教育指导、婚姻家庭纠纷化解工作站点，妇女儿童权益维护更加充实、更有保障、更可持续。 会议指出，全市各级各有关部门要充分认清到当前面临的新形势新挑战，主动扛责在肩，把妇女儿童权益保障工作纳入重要议事日程，纳入平安自贡建设、市域社会治理的总体部署，整体推进，同步落实；要抓好“预防在先、主动发现、及时处置”这三个关键点，加强重点人群关心关注，做好精准服务，要通过“四川e智采”等手段采集婚恋矛盾纠纷、妇女儿童维权信息线索，及时掌握动态、发现隐患，全力推动“红梅花开·和美之家”妇女儿童维权联动机制落到实处；要用活用好“枫桥经验”这一基层治理的重要法宝，重点抓好“机制、人员、职责”的落实，各相关部门充分发挥各自职能优势，加快构建横向联动各部门、纵向延伸到村（社区）的解纷大格局，破解新时代妇女儿童维权重难点问题，用心用情用力切实维护妇女儿童合法权益。（自贡网记者卜一珊）,762,http://sc.people.com.cn/n2/2023/0316/c345458-40339620.html,婚姻;婚恋;家庭暴力;家暴
China News Service,2023-03-18,小城里的男青年，涌入相亲直播间,傍晚不到5点，王孟阁的院子里就被围得水泄不通，十多名男青年搀扶着父母，坐在厢房外的板凳上等候。王孟阁身穿红棉背心，脖子上挂着大红围巾，拿着一瓶发胶喷雾，对着一排神情严肃、略显紧张的小伙子一顿倒腾。 王孟阁今年52岁，是临沂有名的相亲主播。作为北方的直播电商基地，临沂本地仅在某短视频平台做相亲直播的主播就有将近200位。 “小伙子，站起来给大家打个招呼！”晚上6点，这些相亲的男青年和他们的父母轮流出现在镜头前，王孟阁一一询问他们的年龄、学历、收入、房产、婚史，一边快速在纸上圈出他们心仪的对象条件。 介绍完毕，等待了10分钟，热线电话依旧无人问津。王孟阁打破了沉默，转头问：“年龄再放宽五岁行不行？”“离异的可以吗？”“带孩子的行吗？”多数时候，男嘉宾都干脆地点一下头。 王孟阁感慨：“找个媳妇太难了。”尽管每场直播只安排10名到20名男嘉宾到现场，不限制女嘉宾到场人数，但经常一晚上只来了一位女嘉宾，或没有女嘉宾到场。 2020年第七次全国人口普查数据显示，男性人口为72334万人，女性人口为68844万人，男性比女性多3490万人。其中，20岁至40岁年龄男性人口比女性多1752万人，性别比为108.9。 婚姻梯度挤压下，小城里的男性似乎更容易处于婚恋市场的弱势。他们中的一些人决定碰碰运气，去直播间寻找“愿意搭伙过日子”的另一半。 对赵鹏来说，到直播间来相亲是一个无奈的选择。 他的老家在临沂市郯城县的农村，他初中毕业后就跟着老乡到青岛务工，在青岛待了14年，还没有正经谈过对象。 赵鹏在青岛做水电开槽，几乎天天待在施工现场，在刚建成的新房的墙面或者地面挖沟槽，隐藏水管和电线，很少有机会接触适婚年龄段的女性。 只有每年过年回家的时候，母亲托人给他介绍相亲对象，可他不擅长聊天，常常和女方匆忙见了一面，微信上寒暄几句便没了下文。 和他一起在青岛工作的朋友，想过帮他牵线搭桥。但听了朋友的婚恋经历，他觉得如果婚房女方家里出钱多，“(我)以后在家会没有话语权，还可能被岳父母瞧不起。”而青岛主城区接近两万元每平方米的房价，让单日收入在200元到300元之间的他望而却步。 2023年年初， 29岁的赵鹏决定回到临沂工作，四年前他在当地按揭购置了一套商品房。他解释说，受疫情影响，近两三年房地产的工程款下来慢，收入经常压到年底或更久才能发放，不如回老家找一份五六千块钱的活儿干。 回家后，家里人介绍他和一位34岁未婚中专学历的姑娘相过亲，对方没看上他。而周边和他年龄相仿的姑娘，多数都已成家。母亲比他还心急，大年初三，就帮他在王孟阁直播间报了名，2月24日才排到直播相亲的机会。 距离直播开始还有30分钟，王孟阁拉过一把马扎，坐在厢房中间向两侧的男嘉宾及他们的父母传授经验：“条件放宽，利于脱单。”“门当户对能成亲戚。”“未婚的、有文凭的小女孩不会选择普通男孩。”“离婚带小孩的能接受吗？(热线)电话一响，你要不给个痛快话，人家就挂断了。” 王孟阁的每一句话，都加重了在场男嘉宾的危机感。当晚，来到现场的10名男嘉宾，年龄集中在30岁左右，初中学历的占比超过一半。 事后，王孟阁解释说，这个年龄段来找他相亲的未婚女嘉宾，基本都是大专、本科、研究生学历，有的在大城市上班月薪过万，有的在老家体制内有编制，“都想找优秀男孩”。而来相亲的男嘉宾，大多数初高中文凭，在工厂、工地、私营企业、家庭作坊上班，工作不算稳定，单位不一定交五险一金。如果男嘉宾能放宽条件，接受离异的、带小孩的女嘉宾，“脱单率更高”。 王孟阁的说法印证了社会学中的“婚姻梯度”理论。这个理论认为，女性偏好匹配比自己经济社会地位更高的男性，这也导致社会经济地位较低的男性和社会经济地位较高的女性在婚姻市场中溢出。 在武汉大学社会学院教授杨华看来，农村男青年找对象竞争激烈，通常需要降低择偶标准，以及出更多彩礼才能找到对象。杨华长期关注农村青年婚恋问题。他记得2020年去云贵川山区调研，当地20多岁的男青年娶40多岁、50多岁的离异女性，并不少见。 37岁的崔刚经常看相亲直播间。他在临沂兰山区开了一家石锅鱼店，年收入十几万元，有一套商品房。离异后，他独自抚养15岁的儿子和5岁的女儿。 33岁时，他在相亲直播间填写了个人资料，四年过去，只相亲过两次。第一次是在2018年，对方是带着15岁女儿的单身妈妈，两人处了一年对象，但他总觉得“隔着心”。“我老给她花钱，她没朝我身上花过一分钱，感觉不是真心跟我过日子的。”第二次相亲，对方没看上他，不了了之。 而最近两年，他连相亲的机会都没有。更令他感到不安的是，相亲直播间里，“00后”都开始找对象了。“把我们这个年龄段的女青年都找走了，我们更没有优势了。” 在崔刚看来，当地不少年轻女性去了外地，也是婚恋难的原因之一。他解释说，周边熟人家里的男孩大多留在本地上班。“临沂有机械厂、电子厂、食品厂、药厂，物流运输公司，虽然工作时间长，活儿脏点、累点，但(每月)挣个五六千、七八千不是问题。”因此，文凭不高的男性更愿意留在当地工作，“出去还要租房、吃喝，成家立业更难”。 而他的熟人当中，家里有女儿的，不少嫁到了江苏、上海、北京等地，留在省内的也去了青岛、潍坊等城市。“女性大都喜欢环境干净的工作，做服务业、办公室，但在小城市这样的机会少。”崔刚说。 王孟阁从去年农历七月七日，正式入行做直播相亲主播。在此之前，他和妻子孟祥欣以收废品为生，俩人经常开着直播烧火做饭，和网友拉呱聊天。有一次，他在直播间提起两个儿子的对象都是自己给找的。有人向他求助：“俺儿都三十多了，还没有媳妇儿，你给俺介绍个行吧。”他通过直播连麦，很快说成了一对。 此后，越来越多的人涌入他的直播间。还有不会打字、连麦的老年人，直接去到他家，请求帮孩子说媒。 再后来，他的家门口经常被百来号人围住，来找他相亲的青年，有临沂市三区九县的，也有从济南、枣庄、日照等地开车100多公里找来的。屋里坐不下，他就把桌椅板凳搬到巷子里做直播，遇到下雨天，巷子里的人都打着伞，他觉得长期下来不是办法，就把自家的菜地改造成了一间厢房。 直播开始后，相亲者坐在厢房内的沙发上，相亲者的父母坐在厢房外的板凳上，每叫到一个号，家长和孩子一起上镜。 他每天都能感受到男青年们婚恋的焦虑，经常有男孩还没到法定结婚年龄，父母就焦急地把孩子带到他跟前，“先处着，到了年龄再领证。” 在相亲直播间，“硬件条件”都被摆在台面上，快速匹配或“淘汰”。按王孟阁的说法，成不成，关键看“眼缘”和“实力”。 他观察下来，如果男嘉宾有房有车，商品房全款，收入比较高，即使在身高、性格等方面有点小短板，女嘉宾也更容易接受。他记得2015年之前，两个儿子结婚时，都没有准备商品房，在自建房成的家。但现在，有没有商品房，几乎成了男嘉宾能否相亲成功的必要条件。 家住临沂市河东区的相亲主播二姐，也有同样的感触。据她介绍，临沂当地的彩礼不是很重，根据男方家里的条件，从两三万到十多万不等。但在临沂市三区(兰山区、罗庄区、河东区)购买商品房，使以后的孩子能得到更好的教育，是女方相亲时考虑的主要因素。此外，女方基本都希望找全款购房的男嘉宾，不太愿意共同还贷或者给男方的房子添置家具、家电。但二姐清楚，只有一小部分男嘉宾是全款购房，“大多数人哪有那么多钱”。 2022年10月，二姐开始全职做相亲主播。此前，她经营一家理发店，客人觉得她接触的人多，经常找她帮忙介绍儿媳妇，久而久之就做上了相亲主播。 她印象最深的是一位41岁的男青年，未婚，大学本科学历，在城区有房有车，年收入十多万。男青年因为老家在农村，年轻的时候想先立业再成家，等硬件条件都准备好了，年龄也大了。 “他想找一个年轻的，但人家嫌他年龄大；他想找一个和他年龄差不多的，但生孩子是个难题。”二姐通过相亲直播间给他牵线过十多位女嘉宾，一直没遇到合适的。 相亲不顺利时，男青年也会找二姐复盘：有一个离异没有孩子的女性，见面吃饭挺好的，但聊天话题都是“吃了？喝了？”没有共同语言；另一个离异但孩子跟着前夫的女性，要求工资卡放她那里；还有一个离异带着女儿的女性问：他家有两个卧室，以后如果生的是男孩怎么住？他说：“你姑娘不就大了吗？在外面住校了。”女方生气了，觉得家里没有她姑娘的位置。 36岁的张晨，也正在为“生活压力大”和“婚恋难”两个相互作用的问题，感到苦恼。 张晨老家在郯城县的农村，2013年，本科毕业后，他留在临沂市的私企做会计。大学期间，他曾经谈过一个家在临沂当地的女朋友，临近毕业，对方父母嫌他没房没车，切断了两人的联系。 2014年，张晨靠着父亲在村里做木匠、到砖厂打零工、给别人盖房子当小工，和去南通厂里绑扎带攒下来的钱，勉强付了10万首付，贷款40万在临沂买了商品房。但每月五六千元的收入，扣除五险一金，还完2000元每月的房贷，他几乎攒不下来钱。 房贷压着一家人都不敢松懈。他记得，疫情之前，父亲经常早上三四点起来到青岛的人才市场排队，他做过木工、刷漆工、架子工，一度为了省钱，住进月租200元的群租房——在阳台打地铺。而母亲老花眼不严重的时候，经常在晚上编草帽，一顶卖几块钱。 张晨的婚事是父母的心病。为了攒钱，他们甚至舍不得给自己买350元每年的“新农合”(新型农村合作医疗)，张晨只好偷偷地替他们交了。 在他看来，现在男青年在临沂有房有车，只能算是迈过了“一个小门槛”。家里有几套房，有几辆车，收入到手多少，父母有无养老金，女方都会考虑，择优选择。 相亲的次数多了，他的心态也从“要好好表现”转变为“尽人事，听天命”，“被打击够了”。 有人在直播间牵手成功，有人“屡败屡战”，也有人遭遇了谎言和骗局。 45岁的石磊，是临沭县人，在临沂做物流货运司机，十多年前离了婚，一个人将18岁的儿子拉扯大。这些年他靠跑物流的收入，购置了一辆面包车，和一套罗庄区的商品房，并在2021年还完了房贷。 房贷没还完的时候，他没时间找对象。这两年房贷还清了，儿子高中住校，他一个人在家冷冷清清的，希望找一个生活上的伴儿。 去年10月，他第一次来到王孟阁的相亲直播间，坐在镜头前不超过20分钟，就有女嘉宾拨通热线电话。但当他主动联系对方时，女方称自己缺钱，让他先转两千元。石磊回复：“谁不缺钱，钱不是抢来的。”对方告诉他，“不给钱就不用见面吃饭了”。 石磊有些纳闷，今年年初再次报名参加直播相亲。2月24日，他与一位家住罗庄区，种大棚为生的女嘉宾牵手成功。女嘉宾在热线电话里说，自己只有一个16岁的女儿，下播后，却告诉他，还有一个已经结婚的大女儿。他觉得对方不诚实，交流意愿也不高，“我跟她说话，她到了晚上9点才回复，说要睡觉了，没有时间，白天要种大棚”。 在石磊看来，在直播间里找对象，彼此不知根知底，对方可能骗钱骗吃骗喝，也可能隐瞒了部分真实信息。 类似情况王孟阁也遇过。他说，有的相亲者在讲自身条件时，会“添加一些水分。” 为此，王孟阁要求报名相亲的人都要出示身份证、户口本等有效证件，如果有过婚史，还要带离婚证。此外，在他的直播间里，相亲者和父母需要一起出镜。 但他发现，有的相亲者会找同事或者去人才市场雇一个老头、老太太冒充家长，美化家庭条件， “但在互联网上，纸包不住火，一上镜认识他的人看到，自然露马脚。” 王孟阁坦承，媒人很难一一核验相亲者的房产、收入、工作单位等信息，“牵线搭桥举手之劳，合不合适需要自己把关”。 同样的问题，我问了在王孟阁农家院见到的十几名相亲者，得到的是相似的答案。 张晨说，自己期待的另一半要“温柔，对家人态度好，脾气不急躁，两个人有共同语言。” 但坐在直播间相亲的25分钟，他一个要求都没有提，“不敢提条件，一旦设限更找不到对象。” 平日里，张晨喜欢看历史、哲学、国学类的书，也爱看罪案题材的美剧，写过30万字的玄幻题材小说发在小说网站上，“靠点击量赚了100多块钱。”此前相亲的时候，他曾想过和对方聊一些文学或影视作品的话题，但他发现，相亲对象通常对这些不感兴趣，有人直接问他：“这跟我有什么关系吗？” 后来，他很少再提自己的兴趣爱好，“说一点现实的事情，说其他事情，别人觉得你空想。” 对于婚姻，他有过向往。但他也承认，来相亲直播间，更大的压力来自父母。他记得，大学刚毕业的时候，母亲就去买棉花亲手给他缝制了结婚用的大红被子，每年过年出太阳了，母亲都会把被子拿出来晒一晒，像是提醒他“还有任务没完成”。 平时，父亲在临沂打工，母亲一个人生活在农村老家。母亲不好意思出门拉呱，怕别人问：“你儿子怎么还没成家？”父母有时埋怨他：“读那么多书有什么用？”“你看谁谁家的小孩都上学了。”58岁的父亲依旧在拼命接活儿，在临沂市的农贸批发市场找了一份送货的工作，一年有七八万的收入，想要帮衬他早点成家。 张晨不想让父母失望，所以在父亲帮他报名直播相亲的时候，选择了顺从。他说，自己心里想找一个合适的人再结婚，但父母等不及，“说出来很容易激发矛盾。” 2月23日，张晨在直播间相亲时，有一名39岁在摄影馆工作的女嘉宾拨通了热线电话。2月26日，他们一起约了一顿晚饭。张晨觉得，“这次有希望，但还在接触。” 而赵鹏离开直播间后，迎来的是母亲的一顿牢骚。母亲批评他，在直播间里表现不够好，身子没坐直，还总是乱动。他在25分钟里，没有等来期待的热线电话。 他解释说，自己不上镜，熟了之后才爱说话。直播间的评论区里，有人劝他笑一笑，也有人揣测他是不情愿来相亲。 在赵鹏看来，相亲、成家好像是人生某个阶段必须经历的事情。但另一方面，他又觉得找不到也无所谓，“该努力的努力了，结果都能接受。” 而崔刚和石磊，经历过一次次沮丧后，还在坚定地寻找“愿意搭伙过日子”的另一半。他们觉得，那个生病了能够相互照顾，晚上回家能够说话的人更来得踏实。 王孟阁用安慰的口吻说：“杀个回马枪来农家院，咱还给他继续找，直到他满意为止。” 【,5662,https://www.chinanews.com.cn/sh/2023/03-18/9974052.shtml,婚姻;结婚;离婚;婚恋;彩礼;适婚;相亲;单身;脱单;择偶;对象;另一半
China News Service,2023-03-19,“天价彩礼”该如何降温,不久前，一则“1888万彩礼”的发帖在网上引起热议。尽管事后查明该发帖内容纯属杜撰，但“天价彩礼”掀起的舆论波澜及背后折射的现实问题，仍值得大家深思。 据中国裁判文书网显示，近3年来因彩礼返还引发的婚约财产纠纷仍高位运行。2020年以来，全国一审基层法院共受理此类案件14629件，其中2020年5991件，2021年5554件，2022年已上网案件暂计3084件。据统计，农村青年已成为此类纠纷涉诉的重点群体，占比高达69%，且彩礼金额普遍较高。 在“天价彩礼”面前，各地丈母娘“棒打鸳鸯”，让爱情在现实面前变得不堪一击，同时也成为年轻人恐婚、拒婚、悔婚的重要原因之一。一旦发生婚姻纠纷，彩礼返还问题就转化为矛盾激化点，如处理不当，不仅影响家庭和睦，败坏社会风气，而且影响乡村振兴的进程。 《法治日报》记者调查发现，“天价彩礼”的出现，暴露出一些适婚青年在婚姻家庭观念上存在两方面的问题：一是婚恋观的错位，攀比心理严重，一定程度上导致经济相对落后的农村地区“天价彩礼”愈发盛行，甚至诱发闪婚闪离、买卖婚姻及骗婚等现象；二是忽视感情培养，择偶的随意性增强。当前，90后已成为结婚主体，他们有的外出打工，有的忙于创业，往往利用短暂的春节期间相亲结婚，彼此缺乏了解，时间和精力的限制导致“速配婚”增多，婚恋关系的稳定性受到冲击。 记者发现，在现实中，因“天价彩礼”返还引发的婚约财产纠纷主要呈现以下三个特征： ——受不良风俗影响较大。相比于城市居民，农村居民更容易受到高额彩礼的不良风俗影响，受虚荣和攀比心理驱使，更加热衷于举办订婚仪式、索要彩礼，彩礼名目纷繁复杂、多种多样，男方给付女方的礼金及金银首饰等财物数额从几万元至几十万元不等，还有喜宴、烟酒、红包等诸多花费，远远高于同期城乡居民的人均收入，且呈现逐年增长的态势。 如安徽省泗县人民法院审理的陈某与尹某婚约财产纠纷案，陈某与尹某按照农村习俗举办结婚仪式，陈某先后向尹某支付见面礼10100元、跟帖礼88000元、下礼款两万元、上车礼(洗脚礼)9600元、改口费5200元，购买钻戒(14380元)、项链手镯(16340元)、吊坠(1310元)以及三金首饰等近十种名目的彩礼，后因双方感情不和，在未办理结婚登记的情况下草草分手，且因彩礼返还问题产生争议并引发诉讼。 ——彩礼性质存在争议。实际生活中，彩礼的给付人和接受人并非仅限于男女双方，还可能包括男女双方的父母和亲属，一旦男女双方感情出现问题，彩礼返还的范围、金额及性质极易产生争议。同时，男女双方在恋爱时通常会相互赠与大额现金和财物首饰等，是否存在缔结婚约的目的，财产性质属于赠与还是婚约财产，双方往往各执己见，由此引发诉讼。 如南昌市西湖区人民法院审理的吴某诉王某婚约财产纠纷，吴某以王某同意与其结婚为由，购置价值21万余元的车辆给王某，并向王某转款4万元，向王某女儿转款29000元用于支付学费。经审理，法院认定双方仅构成买卖合同关系和赠与法律关系，不属于彩礼范畴，依法判令驳回吴某全部诉讼请求。 ——法律知识匮乏。有的女方及家人认为男方给付彩礼是天经地义，一旦女方与男方有了夫妻之实便没有要求返还的道理。有的女方家人将女儿作为生财致富的工具，利用订婚索取大额彩礼，而男女双方往往缺乏对婚姻生活的足够认识与心理准备。有的男方缺乏证据意识，双方基于农村习俗订立婚约，交付彩礼一般也只有双方主要亲属在场，往往直接支付现金且不会要求女方出具收据。出现纠纷后，双方对于给付的数额分歧较大，男方难以举证。 如安徽省利辛县人民法院审理的闫某与刘某婚约财产纠纷案，因闫某收入丰厚并对刘某言听计从舍得花钱，刘某在家人的劝说下勉强同意与闫某按照农村习俗办理结婚仪式，但拒绝办理结婚登记手续。闫某无奈诉至法院，并诉请刘某返还彩礼91万元，但闫某仅通过转账方式支付37万元，其他通过现金支付的款项无证据佐证，未获法院采信。 所谓“彩礼”，系中国传统观念中对于婚姻嫁娶的一种风俗习惯，即婚约的其中一方向另一方给付一定数额的金钱或贵重物品，以达到缔结婚姻的目的，属民间订立婚约的形式之一。 彩礼、嫁妆作为民间男女联姻的一种习俗，民法典虽未禁止，但也明确禁止借婚姻索要高额财物，民法典第一千零四十二条第一款规定，禁止包办、买卖婚姻和其他干涉婚姻自由的行为。禁止借婚姻索取财物。因此，按习俗给付彩礼的，应在可接受范围内，不得借彩礼名义买卖、包办婚姻、干涉婚姻自由。 南昌市新建区人民法院家事审判法官认为，收取高额彩礼后并非就此落袋为安、一劳永逸，在一定情形下仍需返还。《最高人民法院关于适用〈中华人民共和国民法典〉婚姻家庭编的解释(一)》第五条规定：当事人请求返还按照习俗给付的彩礼的，如果查明属于以下情形，人民法院应当予以支持：(一)双方未办理结婚登记手续的；(二)办理结婚登记手续双方却未共同生活的；(三)婚前给付并导致给付人生活困难的。 依据上述法律规定，针对司法实践中的不同情形，是否返还彩礼以及返还的具体金额，可以做出以下不同的处理： 一是双方未办理结婚登记手续，亦未共同居住生活的，因彩礼的性质为附解除条件的赠与，如果婚约解除，应当予以返还。二是双方已办理结婚登记但未共同生活，或双方虽已结婚但婚前给付并导致给付人生活困难。在这两种情形下双方合意离婚，彩礼赠与所附的解除条件成立，应当判定酌情返还部分彩礼。三是双方虽未办理结婚登记，但按民俗举办婚礼后开始同居生活，应当判定酌情返还部分彩礼。四是双方离婚时请求返还按照习俗给付的彩礼的，应综合考虑双方共同生活的时间、彩礼数额、彩礼用途、是否生育子女，并结合当地风俗习惯等因素，酌情确定是否返还以及返还的具体数额，以妥善平衡各方当事人的利益，维护社会和谐稳定，从而形成良好的社会风尚。 南昌市新建区人民法院党组成员、长堎人民法庭庭长胡娇艳表示，人民法院应当通过发挥审判职能依法妥善审理婚约财产纠纷，通过司法审判引导农村摒弃“天价彩礼”、干预婚姻自由等不良风气，以司法促普法，引导农村青年树立正确的婚姻家庭观，增强农村群众的安全感和幸福感。 当彩礼被当作是婚姻的“保命符”，被一些家长视为敛财手段，那么婚姻就会在潜移默化中变成一种交易，这并不是爱情本该有的样子，也不该成为婚姻的出发点。 “‘天价彩礼’该降降温了，让彩礼的意义回归‘礼’的本质。”胡娇艳建议，一方面，政府主导，引领良好社会风尚。相关部门应积极出台婚俗改革政策文件，切实开展婚俗改革试点工作，加强城市及农村精神文明建设，加强社会管理，大力推进婚姻领域移风易俗，传承发展中华优秀婚姻家庭文化，倡导全社会形成正确的婚姻家庭价值取向，遏制婚俗不正之风，不断提升全社会文明程度。 另一方面，加强法治宣传，倡导健康的婚恋观。广泛借助电视、报刊、广播等媒介及移动互联网等新媒体，通过以案说法、庭审公开、送法进乡村、法律解答、发放宣传手册等活动，加大民法典有关婚姻家庭编的宣传力度，提高村民的法律意识，破除低俗奢华攀比的陈规陋习，从思想源头上摒弃借婚姻索取财物、高额彩礼、铺张浪费等不良风俗，推进文明乡风、良好家风、淳朴民风形成。 同时，切实加强多元化解，形成矛盾化解合力。加强与村委会、居委会、司法所、社区等基层调解组织的联动，合理运用乡规民约，共同做好做通当事人的思想工作，妥善处理婚约财产纠纷以及由此引发的财产分割、子女抚养和男女双方家庭矛盾纠纷等问题，及时消除不稳定因素，尊重民众感情，力争将矛盾和问题解决在诉前。 拒绝高价彩礼、推进移风易俗、倡导文明新风，是每位适婚青年和每个家庭成员义不容辞的责任，也是社会进步的标志。广大青年朋友应树立正确的婚姻观、幸福观，自觉践行社会主义核心价值观，自觉抵制高价彩礼，破除陈规陋习，争做新时代新风尚的倡导者、传播者和实践者，让好家风、好民风、好社风在中华大地蔚然成风。,3203,https://www.chinanews.com.cn/sh/2023/03-19/9974429.shtml,结婚登记;高价彩礼;天价彩礼;婚姻;结婚;离婚;婚恋;彩礼;婚俗;恐婚;适婚;婚约;骗婚;闪婚;恋爱;相亲;择偶;夫妻;婚礼
China News Service,2023-03-20,相亲还是诈骗——部分网络婚恋交友平台陷阱重重,新华社济南3月20日电 题：相亲还是诈骗——部分网络婚恋交友平台陷阱重重 当前，互联网婚恋交友平台因能够提供快捷、便利相亲服务，市场规模越来越大。在手机应用商店，婚恋交友类App数量极多，不少下载量在千万以上。“新华视点”记者调查发现，这类App鱼龙混杂，有的存在大量虚假账号，一些不法分子藏身其中，以相亲为名实施诈骗，给用户带来精神和经济损失。 网络交友遭遇雷同套路，有的被骗高达数十万元 近日，山东烟台莱山公安破获一起以网络交友为名实施诈骗的案件。经公安部门调查，犯罪嫌疑人将自己包装为有多处房产、有豪车，并和朋友共同承包酒店的“优质男”。与受害者接触一段时间后，他以“承包酒店需要周转一下资金”为由，诈骗十余万元。 记者了解到，一些互联网婚恋交友平台套路多多，“婚托”“酒托”“饭托”层出不穷，甚至成为诈骗分子的“栖息地”。 青岛市民俞凡近期下载了一个主打同城交友的婚恋交友App。“在平台认识了几名女性。她们有的主动提出想深入了解，有的甚至很快就要见面。让人怀疑的是，这些人的聊天方式都很一致，并且时不时提到投资赚到了钱，建议我也参与。”俞凡说。 深圳市福田区人民检察院近期发布的统计数据显示，2020年至2023年2月，共办理婚恋诈骗案件35件，占同期受理诈骗案件总数的8.05%。通过分析发现，此类犯罪分子的作案手法都高度雷同。 记者在中国裁判文书网和互联网投诉平台黑猫投诉也均看到，关于婚恋App用户遭遇诈骗的案例和相关投诉，仅今年就有几十起。有受害者在某婚恋App上花费高价购买了VIP服务，以为后续的相亲能更放心，在此后与平台上的异性接触过程中放松了警惕，被不法分子骗取钱财，金额高达数十万元。 大量虚假账户能“轻松”注册，不法分子招募“聊手” 记者调查发现，婚恋交友类App之所以频繁引出诈骗案件，与这类App中账号注册审核不严有较大关系。用户花费不菲，本以为能遇到合适的人，但很多看上去优质的对象并非真实用户。 有业内人士告诉记者，婚恋App中不少条件优异的用户，其实是虚假账号。这些虚假账号，是由“中介”通过支付报酬拉拢人注册的账号。虽然有的App似乎审核较严，需要注册者上传照片、视频等信息，但事实上，账号注册后使用者并非注册者本人，而是由客服统一运营管理。 一位业内人士把记者拉入一个名为“婚恋集结”的QQ群。记者看到，群里已有1700多人。时不时有“中介”发布账号注册任务，完成一单给予20元到80元不等的“佣金”。不少群成员会接单。“中介”还会要求在注册账号时，将个人资料按照他发布的内容填写，例如将信息设置为：“年龄35岁，学历本科，职业计算机，月收入1万至2万元，身高1米60”。有“中介”说，一些婚恋App为付费VIP用户提供智能匹配功能，这些信息精确的账号正是为了满足这部分需求，但内容大都是假的。 记者找到一名“中介”，询问如何使用这些账号。对方表示，运营人员会先对账号进行包装，在平日里对聊天对象嘘寒问暖，取得信任，一段时间后就可以将这些账号打包卖出。这名“中介”坦承，这些虚假账号很容易被不法分子用来从事违法犯罪活动，例如，在聊天时怂恿对方购买虚假股票等金融产品。 “不法分子会利用用户求偶心切的心理，先编造优质的个人条件，再慢慢用话术让受害者‘上钩’。最后，被害人往往会遭受情感创伤与财产损失双重打击。”一名办案民警告诉记者，近年来，“杀猪盘”频繁出现在婚恋App上，这类婚恋诈骗案件多有团伙性作案、涉案数额大等特点。 加大对违法行为打击力度，引导平台强化规范 法律专家认为，互联网婚恋市场是技术革新下的产物，要通过法制规范维护其健康发展。根据我国网络安全法的相关规定，如果网络平台对注册账号审核不严，未要求用户提供真实身份信息，或者对不提供真实身份信息的用户提供相关服务，一旦账号被不法分子所用，相关平台需承担相应责任。 山东琴岛律师事务所律师王恩民表示，虽然诈骗犯罪与交友平台的匹配服务没有直接、必然联系，但婚恋App如果在审核管理上存在漏洞，应当承担相应的民事责任。对于屡次出现不法分子使用虚假账号进行诈骗的平台，监管部门要加强有针对性的关注并加大惩处力度。 中国政法大学知识产权研究中心研究员赵占领等专家认为，网络婚恋平台出现的诈骗案有一定隐蔽性，有的犯罪团伙甚至身处境外。监管涉及网信、市场监管、民政、公安等多个部门，相关部门应进一步形成监管协同机制，保护消费者权益。 公安部门办案民警提示消费者，在进行网络交友时一定要擦亮眼睛，在未了解对方真实身份、意图的情况下，最好不要有经济往来。一旦对方提出借钱、转账、投资等要求，务必要三思而后行，以免给不法分子提供可乘之机。 【,1915,https://www.chinanews.com.cn/sh/2023/03-20/9975394.shtml,婚恋;相亲;对象
People.cn,2023-03-20,治理高价彩礼 推动移风易俗（百姓关注）,“一套房、一辆车，还要加上十几万元彩礼，结婚的开销基本都在百万元左右。”伊先生今年23岁，他在人民网“领导留言板”留言称，近年来彩礼水涨船高，已经成为一些年轻人结婚的大难题。 近年来，一些地方彩礼价格越来越高。有读者认为，彩礼高些可以让女儿过得更好。山东菏泽市读者刘女士就表示，会把彩礼钱交给小家庭，由他们自由支配。也有读者认为，彩礼高显得有面子，彩礼太少，会被别人说闲话。据了解，一些地区的彩礼价格已经超出当地年人均收入的几十倍，普通家庭难以承受。 对于高价彩礼问题，广东读者欧剑华认为，在一些经济欠发达的偏远地区，年轻女孩外嫁多，造成当地适婚男女比例失衡，适龄男青年在婚姻中往往处于弱势地位，对女方提出的高价彩礼要求只能满足。兰州大学哲学社会学院教授陈文江则认为，随着经济社会不断发展，以及城镇化的加速推进，大量农村人口向外流动，突破了传统的婚姻半径。一些人以经济发达地区的水平要求彩礼，导致经济欠发达地区的彩礼价格不断上涨，甚至远超出当地收入水平。 为刹住高价彩礼风，2022年8月，农业农村部等8部门联合开展农村移风易俗重点领域突出问题专项治理工作，要求通过细化村规民约，出台约束性措施；统筹开展常态化宣传和集中宣传；党员、干部以身作则带头移风易俗等措施，标本兼治、疏堵结合，有效遏制包括高价彩礼在内的陈规陋习。今年年初，《中共中央 国务院关于做好2023年全面推进乡村振兴重点工作的意见》明确提出，推动各地因地制宜制定移风易俗规范，强化村规民约约束作用，党员、干部带头示范，扎实开展高价彩礼、大操大办等重点领域突出问题专项治理。 高价彩礼问题引起广泛关注，各地也陆续出台措施予以治理。四川凉山彝族自治州去年5月出台新规定，包括婚嫁彩礼最高不超过10万元的多项移风易俗要求；宁夏泾源县明确要求，彩礼金额最高不超过6万元；江西吉安市遂川县戴家埔乡30名适龄未婚女青年集体签订“抵制高价彩礼承诺书”等。 甘肃定西市去年6月启动了治理高价彩礼、推动移风易俗、培育文明乡风攻坚年行动，除了推出婚嫁礼金不超过5万元、举办婚事酒席均不超过20桌等措施，还出台了机关党员干部职工婚丧嫁娶活动指导标准，严格落实党员、干部操办婚丧喜庆等事宜报备制度，市委还把领导干部婚丧嫁娶规定落实情况纳入了述职述廉必报事项。据当地有关部门介绍，据不完全统计，目前，定西70%的出嫁方彩礼控制在5万元以内。 “高价彩礼的形成，除了一些人盲目追求物质财富外，还有陈旧观念和攀比心理在作祟。”贵州兴义市读者贺成说，因此，在治理高价彩礼陋习时，一方面要通过党纪法规、村规民约等予以规范治理，同时还要加强宣传引导工作，让公众都参与讨论，加大健康婚嫁文化宣传，推行婚事简办等文明新风。 《 人民日报 》（ 2023年03月20日 第 07 版）,1154,http://gs.people.com.cn/n2/2023/0320/c358184-40343066.html,高价彩礼;婚姻;结婚;彩礼;婚嫁;适婚
China News Service,2023-03-22,别让婚恋App成了诈骗的帮凶,虚假账号的出现本身就意味着婚恋App的失职。 当前，互联网婚恋交友平台因能够提供快捷、便利的相亲服务，市场规模越来越大。在手机应用商店，婚恋交友类App数量极多，不少下载量在千万以上。 据新华社报道，记者调查发现，这类App鱼龙混杂，有的存在大量虚假账号，一些不法分子藏身其中，以相亲为名实施诈骗，给用户带来精神和经济损失。 与这篇报道互为印证的是，北京市、天津市、河北省3地消协组织近期联合对婚介服务消费进行了消费调查，并于近日发布调查结果。调查发现，部分婚介服务机构存在实名认证尺度不一、背景信息审核不严、实际服务与承诺不符等问题。 数据显示，2021年我国独居人口已达到9200万人。“交际圈小、缺乏机会”，这是不少职场男女被动性单身的原因。 伴随着“剩男剩女”越来越多，互联网婚恋交友行业呈现爆发式增长的态势——《2021年度中国互联网婚恋交友市场研究报告》显示，2021年中国互联网婚恋交友市场规模达到72.0亿元，同比增长11.6%。当年12月，互联网婚恋交友用户规模达3012.3万人。 但在跑马圈地的过程中，一些婚恋App套路也不少。“婚托”“酒托”“饭托”层出不穷，甚至成为诈骗分子的“栖息地”。对此，某些婚恋App习惯于用“难以防范”来辩解。实际上，比“防不胜防”更值得关注的是，婚恋App到底防没防？ 按照网络安全法的规定，所有第三方网络服务平台必须确保用户实名制注册，平台不但应审核用户提交的相关信息，而且要确保身份证件的真实性。换句话说，虚假账号的出现本身就意味着婚恋App的失职。 近年来，“杀猪盘”频繁出现在婚恋App上，这类婚恋诈骗案件多有团伙作案、涉案数额大等特点。究其原因，某些账号的使用者并非注册者本人，而是由客服统一运营管理。更有甚者，通过精确的算法批量炮制“优质账号”，再利用“话术”诱人上钩。 对此，婚恋App理应有所警觉，并积极堵上审核管理中的漏洞。实际上，在人脸识别等技术手段得到普遍应用的当下，甄别账号是否本人使用并不困难，问题的关键在于，婚恋App是否将消费者的权益和平台的声誉放在心上？ 值得一提的是，尽管多数婚恋App都以“婚恋交友”为名，但“婚恋”与“交友”是两种截然不同的概念——前者涉及婚介服务，必须经民政部门认证才能注册登记；后者只是信息发布平台，仅需工商注册即可。 现实生活中，不少婚恋App都是以“交友”为名行“婚介”之实。因为缺少法律授权，婚恋App很难对婚姻状况等敏感个人信息进行实质性审核，这也是虚假账号大行其道的一个客观因素。 以此来看，在加强监管的同时，有必要明确婚恋App的法律身份，并赋予其相应的审核权限，以此来督促其积极履行审核义务，承担相应的法律责任。,1119,https://www.chinanews.com.cn/sh/2023/03-22/9976196.shtml,婚姻;婚恋;婚介;相亲;单身
China News Service,2023-03-22,晚婚潮、单身潮？这是个让全世界挠头的课题,"前天，一条名为“韩国40出头新娘人数比20岁还多”的新闻话题冲上微博热搜，并引起网友热议。据韩国统计厅国家统计门户网站发布的统计数据，2022年结婚的韩国女性中，40至44岁的人数多于20至24岁的人数。前段时间，我国多省公布2023年婚姻登记大数据，也显示初婚平均年龄推迟，一度成为网友们的热议话题。 本期约请三个国家作者，分别用亲身实地观察、采访对话当地青年和“数字”分析三种方法，呈现这些国家单身人群的生活方式、对婚姻的态度，以及随之衍生出的单身经济等社会现象。虽然世界各国经济及社会文化背景不同，但全球范围内晚婚晚育和单身人群的比例增高趋势已是触目惊心，随之而来的结婚率、生育率持续降低，老人独居数量增大，社会生产活力下降等其他问题，又该咋整？ 在欧洲国家，经济的发达和社会的开放催生了更多愿意独居、选择晚婚的人们。在德国，独居不仅仅是年轻人的选择，也有许多中老年人实践着这样的生活。 一方面，单身人士会选择发展爱好、旅行、养宠物等等方式以消磨独居时光； 另一方面，德国更加自由的婚姻法也不会要求伴侣在缔结婚姻后才能生育，非婚生孩子不但享有同等待遇，还有更多福利。甚至还有不少人选择不婚的理由，是单亲妈妈可以得到不少优惠福利：税收优惠，住房、育儿津贴，幼儿园优先名额等。这也就导致许多家庭中的父母并没有婚姻关系，但依旧与子女们生活得幸福美满。不过，这样的趋势带来了低生育率和独居人口贫困等潜在社会问题。 2020年相关数据显示，德国约有780万15岁及以上的男性独居。根据德国联邦统计局的报告，该数额占所有男性比例的22.4%，也就是超过了五分之一。相比之下，2020年15岁及以上女性独居人口比例为24.2%，略高于男性。而在25岁至30岁的年龄组中，独居男性的比例最高，超过三分之一 (34.7%)。 不过，这类数据根据不同年龄组，在性别上的差别会有所不同，在65岁以上年龄组中差异尤其大：该组女性独居比例为 44.6%，是男性(20.7%)的两倍多。相比之下，60岁至65岁以下的男性独居比例仅为20.4%。另外，由于女性的预期寿命更长等原因，从 80 岁开始，独居女性的人数几乎是男性的四倍(女性190万，男性50万)。 在独居男性中，最大分布比例出现在20-39岁这个年龄段之间，超过三分之一 (38%)；而在独居女性中，60 至 79 岁的人占到了最大比例，达到34%。 在过去的三十年里，至少有五口人的家庭数量有所减少，相关数据显示，2019年只有不到 1% 的家庭是年轻人和老年人住在一起的复合型结构。 与三十年前相比，现在德国人独居的频率更高：从1991年到2019年，单身家庭的比例从 34% 增加到 42%。 2019年，超过五分之一的人(1700 多万人)生活在一个单身家庭中。这是德国最常见的家庭类型，领先于两人家庭(1380万)。其中，生活在单身家庭中的人中约有一半(890万)是单身，420万丧偶，330万离婚，110万已婚但分居。 联邦统计局 (Destatis) 还报告称，单人家庭总数预计将从2018年的4140万增加到2040年的 4260 万 (+3%)。事实上，特别是在德国的主要城市，这种趋势是显而易见的：单身家庭越来越多，小型公寓也越来越受欢迎。 但从另一个层面分析来看，在发达国家，实际上高独居人数也会伴随生育率过低这一积弊已久的社会问题。以法兰克福为例，在过去的2022年仅有3000余例新登记户口者，而法兰克福作为德国第五大城市，其居民有将近八十万。 据欧洲统计局数据显示，德国单身户更容易受到贫困威胁。2016年32.9%的德国单身人士面临贫困威胁，主要包括获得少量退休金和基本保险金的老年人、即将步入工作的年轻人以及低收入人士。 日本：商家是如何顺应单身人士消费需求的？ 在京都大学留学的我，常常感慨这座城市的不婚潮和独居经济、单身经济现象。在现代日本社会中，不少人不再盲目追求家庭和生育，而是追求更自由、更个性化的生活方式。在这个背景下，独居生活也成为了越来越多人的选择。京都的不婚潮也不断升级，然而仔细感受就可以发现，这其中蕴涵着一种生活态度。 日本有不少“一人食”餐厅，非常适合“孤独的美食家们”， 从餐桌设计上，日本餐馆对单人食客很友好。尤其近几年，日本餐馆开始盛行单人座位，甚至一些商家将一人份食品作为开发重点。当地餐馆的座位，有很多都是一张连续的长桌搭配一长排的单人座椅。 其中“只园屋”餐厅就是一个很特别的存在。当你走进这个小巷子，穿过古老的木门，迎面而来的是淡淡的木香和温暖的灯光。墙上挂着一些古老的日本画和民艺品，这里的氛围非常适合单身人士用餐。 对于单身人士来说，这里是一个非常舒适的用餐场所。你可以一个人静静地享受美食和文化，也可以和周围的人聊聊天，交流自己的想法和感受。无论你是忙碌的上班族，还是独自旅行的旅人，这里都是一个让你放松心情、舒缓压力的好地方。 “只园屋”的主打菜品是日本传统的鳗鱼饭，鳗鱼是当地最为珍贵的食材之一，价格虽然不低，但品质却是无可挑剔的。这里采用的是杉木桶烤鳗鱼饭，米饭也是精心挑选的优质大米，煮熟后还会撒上秘制酱汁，口感非常细腻。每一口鳗鱼都带着深深的浓香，让你不由自主地流连忘返。 只园屋的特点就在于他们对顾客的关注。在这个繁华的都市里，独处的人们总会有些忧伤和孤独。但是，在只园屋的温馨氛围里，这些单身的年轻人们却可以得到些许的安慰。在这里，他们可以品尝到美味的鳗鱼饭，享受着美好的时光。 在购物方面，我发现京都和大阪有很多超市和便利店都提供了单人份的食品和生活用品。比如，一些小型的超市里会有单人份的面包、饮料、零食等等，而一些便利店也会有专门为单身人士设计的方便食品和小型日用品。这些单人份的产品通常价格较低，非常适合一个人的消费需求。 对于那些想要在家里装修、整理空间的单身人士来说，“百元店”无疑是他们的好帮手。在这样的店铺里，你可以找到各种各样的小件物品，如墙贴、挂钩、收纳盒、修补工具等等，而且它们的价格通常都是一百日元。你可以用这些小件物品来让你的房间变得更加温馨、整洁。比如，你可以在卧室的墙上挂上一幅简约的画作，或者在书房的桌子上放上一个小型的台灯，这些都可以让你的居住环境更加舒适。此外，百元店还提供各种各样的厨房用品，如锅、碗、筷子等等，这些都是单身人士日常生活中必不可少的物品，而且价格相对比较实惠。 为了满足独居生活需求增多这一趋势，日本的公寓开发商开始设计和建造单身公寓和小型公寓，以适应单身人士的需求。 京都的单身公寓通常分为两种类型：一种是公寓，另一种是公寓大楼。这些公寓通常面积不大，但是设计非常精致，可以满足单身人士的基本生活需求。公寓内通常都有小型厨房和浴室，配备了基本的厨具、餐具和卫浴设施，可以方便地进行简单的烹饪和洗漱。公寓里还会配备基本的家电设备，如电视、洗衣机和冰箱等。 除了基本的生活设施外，一些单身公寓还会提供额外的服务，例如共用空间和洗衣房等。共用空间通常设有大厅、休息区和厨房等，可以方便单身人士与邻居互动和交流。而洗衣房则提供自助式洗衣设施，可以为单身人士节省时间和金钱。 以京都为例，单身公寓通常地理位置优越，靠近车站和商业区，方便单身人士的出行和购物。公寓周边通常也有各种餐厅、咖啡店和便利店等。 这里的商家们更是敏锐地洞察到了单身人士的需求，积极提供各种贴心的服务和产品。 根据美国人口普查局的数据显示，美国年轻人推迟结婚的趋势非常明显。自1980年以来，美国年轻人的初婚年龄同样一直在上升。1980年平均初婚年龄为23.35岁，到了2020年初婚年龄攀升至29岁。 针对这一社会现象，我采访了一些美国当地的朋友(年龄在20-40岁之间)，试图从他们的角度探究美国年轻人对婚姻的态度和看法，找到他们晚婚背后的原因。 Rachel目前正在读研，有一个交往了4个月的男朋友。当我问她是否有想过会在近几年结婚时，她一脸恐慌地摇摇头说： 我觉得肯定不会。我接着问为什么当下的美国年轻人都不愿意早结婚，甚至有些年轻人排斥结婚，她回答道：“这个现象是对个人主义的回应。” 她认为，现在的年轻人更注重自我价值的实现和个人成长。二十多岁应该是去探索世界、体验生活的时候，他们更倾向于在学业、旅行、事业等方面获得经验和成就，而不是早早结婚、生子。 “那你的父母会在结婚这件事上给你压力吗？”我好奇地问道。 “完全不会。他们鼓励我要好好享受当下的生活。我的幸福应该掌握在我自己的手中，我可以成为我想成为的人，他们告诉我不要将就。”她继续说道,“等到哪一天我确定自己遇到了对的人，最终还是会结婚，也许是5年后、10年后，甚至15年后。” Monica和男友已经交往了10年，在过去的几年里她马不停蹄地在生孩子，几乎是一年一个的频率。我对他们到现在还不结婚这个选择深感好奇。 她浅思了一下，答道:“为什么一定要结婚呢？我们现在的同居状态就只是缺少了一场婚礼仪式而已。” “你觉得这些形式不重要是吗？”我继续追问。 “我觉得赚钱比较实际，哈哈哈。”她打趣说，“因为四个孩子的开销真的很大，我们在有孩子前没有存钱和理财的意识，现在我不得不重新开始读一个护士课程，投资自己，希望之后能成为一名护士(美国护士的工资非常高)。但要兼顾家庭和学业，真的很辛苦。”从她的描述中，我感受到了在美国，传统婚姻观念正在逐渐演变。在经济方面，年轻人通常需要负担高昂的教育贷款，加上近几年美国国内通货膨胀厉害，房租和生活成本不断增加，这些可能使得他们难以承担结婚和组建家庭的经济负担。许多年轻人希望在事业稳定后再考虑结婚，以确保他们有足够经济资源。 Erica是名韩裔，她给我的感觉是一个独立、上进且自信的女孩儿。当被问道对婚姻的看法时，她脱口而出:“我是不婚主义。” “真的吗？你怎么知道你不会遇到一个你想共度一生的人呢？”我被她想单身一辈子的想法着实惊讶到了。她看着我惊讶的表情，笑着解释道：“在这个数字时代，我们年轻人有更多的机会和方式认识新人和扩展社交圈子，选择伴侣的方式和渠道也很丰富，我们会不断遇到更有趣、更迷人的人。”我从她的描述中，隐约感受到她是一个有些恐惧承诺的人。 美国年轻人对待婚姻的态度正在改变，不可否认，随着社交媒体、移动应用等科技的普及，大家确实有更多机会通过各种渠道寻找对象和伴侣。选择多了，他们倾向于花更多的时间来权衡自己的选择，并做出一个慎重的、终身的决定。 Anthony是我采访的这么多朋友中唯一的一位已婚男性。他和我一样，已经结婚4年了。我问他当初为什么会选择在26岁就结婚，他说：“因为我爱我的另一半，我想和她共度余生。”他无疑给出了电影对白般的经典回答。“所以你觉得两个人只要相爱，就应该结婚？”我继续问道。“那不一定。每个人的选择不同。选择结婚意味着你做好了承担责任的准备。结婚不是爱情的最终结果，而是延续。想要拥有一段成功的婚姻，夫妻双方必须每天都得付出努力，就像人们锻炼身体或养成其他健康的习惯一样。如果你认为结婚是一劳永逸的事情，那最后很可能就是离婚收场，在美国离婚的代价可是非常高的。” 同样已婚的我对他的观点很有共鸣。老一辈可能将结婚视为一项必须要完成的任务，到年龄了，做就得了。但事实上，婚后夫妻双方需要承担的责任和付出的努力，要比婚前多得多。 从和这些美国朋友的对话中，可以看出，美国年轻人不再受传统婚姻观念的束缚，在某种程度上，对家庭的渴望也变小了。相反，他们更注重自身的发展，在二十多岁的年纪优先考虑教育、工作、个人体验、经济积累等等。此外，生活方式的改变、科技的发展、经济压力等因素，都直接导致当下美国年轻人不想早婚的社会现象。",4765,https://www.chinanews.com.cn/life/2023/03-22/9976436.shtml,婚姻登记;婚姻;结婚;离婚;初婚;不婚;晚婚;早婚;单身;伴侣;对象;夫妻;另一半;婚礼
China News Service,2023-03-22,直播间“挂号”相亲：正视焦虑也要警惕骗局,相亲市场，不只有大城市的《非诚勿扰》，三四线城市也涌现出了越来越多的“相亲直播间”，不少直播红娘纷纷上线，很多单身青年也涌向直播间“交友唠嗑”。在这里，婚恋社交如同一片沃土。 但直播相亲的“春天”，不见得是相亲者的“春天”。以山东临沂有名的相亲主播王孟阁的直播间为例，每场直播安排10名到20名男嘉宾到现场，不限制女嘉宾到场人数，而实际上经常没有女嘉宾到场。男嘉宾不仅人多，具体条件也与女嘉宾有较大差距：同样是30岁左右的年龄段，女嘉宾基本是大专、本科，甚至研究生学历，有的在大城市上班月薪过万，有的在老家体制内有编制，自身条件不错，但男嘉宾们却通常以初高中文凭为主，工作不稳定、收入低、缺乏保障。如果对女方还有较高要求，脱单就比较难。 “过剩”的原因首先在于人口比例。2020年第七次全国人口普查数据显示，20岁至40岁适婚年龄的男性人口比女性多1752万人。当然，多和少是相对的，三四线城市男嘉宾相对“过剩”的情况与大城市的相亲市场正好相反。我身边有女性朋友也在相亲网站报过名，交过几万元的会员费，长期的相亲经历让她意识到，大城市中，如她一般的单身女性数量很多，而与之匹配的单身男士则是稀缺资源。两相对照，恰恰印证了社会学中的“婚姻梯度”理论。 同时，基层女性有越来越强烈的自我提升要求。面对婚恋问题时，基层女性的选择越来越独立、多元。女性的觉醒和对婚姻态度的转变，也从一个侧面映射出基层单身男性面临的婚恋困境。当小城镇和农村的单身男青年们涌向相亲直播间，吞吞吐吐地提出要求时，可能才猛然发现，只有降低要求，才可能获得相亲机会。 比找不到牵手对象更糟糕的是，来牵手的那个人其实是骗子。哪里有焦虑，哪里就有骗局。有人专门在相亲直播间寻觅“猎物”，以乐意牵手为名，要求先付钱再相亲；还有人一开始显得很真诚，但相处中却以恋爱为名，不断提出财物的要求；甚至有相亲直播间本身就是一个大陷阱，主播利用相亲者的急切心理，串通他人一唱一和，不断欺骗相亲嘉宾刷礼物。 相亲是刚需，过程须谨慎。火爆的相亲直播间，可以帮助基层单身青年打破社交障碍、跨越物理距离，创造出更多彼此相识相知的机会，这自然是功不可没的。但也需客观认识它的功能，毕竟，它终究只是一种交友工具，并不能为解决婚恋难题提供“直接答案”。对这种工具，不必期待过高，但需要通过有效监管为其提供托底保障。 不管是传统婚介所、线下红娘、相亲交友网站，还是云相亲的直播间，婚姻交友中介保证信息的真实可信，都是最基本的要求。有些负责任的相亲直播间，会要求报名者带上父母，填写基本信息，提供身份证、产权证等证明材料，但即使如此，还是会遇到有人雇佣老人假扮父母、提供虚假证明材料等问题。不管相亲的渠道是什么，其服务本质并无不同，因此服务提供者自有其法律责任需要承担，尤其是互联网平台，在因直播火热获得流量与利益的时候，千万不要忘记：利益越大，责任越重。（中国青年报） 【,1202,https://www.chinanews.com.cn/sh/2023/03-22/9976227.shtml,婚姻;婚恋;适婚;婚介;恋爱;相亲;单身;脱单;对象
China News Service,2023-03-22,黑婚介套路深 在年轻人婚恋路上挖坑设障,“本人在被重度洗脑下忽略了自己的经济能力，经济上原本就捉襟见肘，现在被逼得更加走投无路，十分心急，恳请你们帮助我们维护消费者权益，追回血汗钱，感激涕零！” 2022年12月，一位贷款近3万元购买婚介VIP服务的消费者，因为对红娘的服务质量不满意，要求退款而遭拒绝，遂在社交平台上发了一条帖子，下方有100多条评论回应。 “结婚找对象已经很难了，还遭遇许多套路。”有年轻人称，由于陷入婚恋黑中介的套路，让他们的婚恋之路变得“难上加难”。 2022年年底，30岁的魏萌(化名)来到广东佛山一家婚介公司，因为红娘告诉她，“这里有个男生与你很配”。 她被带到一间密不通风的房间。在那里，她并没有见到合适的男嘉宾，而是经过红娘4个多小时的软磨硬泡，通过借呗、微粒贷等贷款了将近3万元，购买了“至尊一对一VIP红娘服务”。 红娘拍着胸脯保证，“我们会一直给你推荐合适的男方，服务到你结婚为止！”魏萌回家细看才发现，合同上约定的服务期限是“6个月”。 在社交平台上，对婚介机构的投诉居高不下。红娘的误导消费与合同的霸王条款成为投诉焦点。 等魏萌付款后，红娘才拿出合同请她签字，“我并不清楚这将近3万元的一对一究竟包括哪些服务，红娘也没有给我做讲解。”她越想越不对劲，想要询问清楚，却发现这位红娘对她已经不像付款前那般热情了，“亲，别问了，你就放心交给我们吧！” 第二天，魏萌来到这家公司要求退款，对方却回应“都是成年人了，自己签的字就要认”，并指出，现在退款要扣掉30%的违约金。“服务还没开始就要扣我9000元，这完全不合理！”想到这些，魏萌直呼后悔进了这家婚介公司的门。 “婚介公司要求消费者先付款再看合同的行为，已涉嫌强制消费，以先付款后提供合同的方式来‘强压’消费者，这种合同应是无效的。”中国互联网协会法工委副秘书长胡钢表示，按照民法典、消费者权益保护法的相关规定，格式条款内容要做到公平合理，经营者要尽到显著的提醒义务和充分的说明义务，不利于消费者的条款要加粗提示。 3月16日，京津冀三地消协发布的婚介消费调查结果显示，实际服务与承诺不符是消费者反映最多的问题，消协的体验员也遇到了退款难的问题。体验员在与“marryU”平台签合同前，服务人员承诺可以退款，但在服务期间，由于专属红娘更换，导致后期服务标准降低，匹配对象的数量和质量均未达到预期，体验员提出退款要求，却遭冷遇。 胡钢指出，不少婚介公司口头承诺与合同严重不符，通过虚假陈述、隐瞒真相的方式，使消费者产生误认、误购，是比较典型的消费欺诈行为。 《婚姻介绍服务》国家标准要求，婚姻介绍服务人员应持有相关职业(婚介师、婚姻家庭咨询师、心理咨询师)资格证书，上岗前和上岗后均应接受培训。 曾经在天津某婚介公司做销售红娘的林晓晓(化名)说，作为销售红娘，机构并没有要求她持证上岗，而且上岗培训的大部分内容与销售技巧和话术相关，“我们的绩效是按照卖出了几单、销售业绩如何来评定的。” 京津冀三地消协发布的婚介消费调查结果指出，在部分招聘平台中能看到，“珍爱网”“有缘网”“我主良缘”等平台招聘红娘、婚恋顾问等职业的要求与销售行业类似，并未发现其对从业资质明确的要求。部分红娘未体现出专业性，甚至涉嫌存在诱导消费的问题，有些红娘在征婚者缴纳中介费或入会费前，作出“终生服务”“包成功”等口头承诺。 为此，京津冀三地消协提示消费者，不要轻信婚介机构的口头承诺，要详细查看协议内容后再签字。对于婚介过程中的细节，以及婚介失败的处理方案，都应提前协商约定，并写入合同、协议中，防患于未然。 “找对象为什么这么困难？”在维权帖里，不少年轻人感叹。 “婚介是一对一的个性化服务，服务人的情感工作是很难做的”，在江苏南京经营了17年婚介机构的熊勇指出，当下，不少年轻客户对于找对象的要求越来越高，“有些人可以靠自己的本事去结识对象，但有的人结识不到，或者结识了以后，没有办法去发展关系，这时就需要有人助力。” 熊勇认为，婚介服务的过程应该是一项系统性工作，从单身男女的数据收集，通过评估、筛选与匹配精确定位客户所需到增强客户沟通能力，甚至在双方交往过程中给予指导，都需要非常专业的从业者进行服务，但“许多黑婚介做不到这一点，甚至会故意搞欺骗、诈骗。” 今年全国两会上，多位代表委员为青年人婚恋问题建言献策。全国政协委员、月星集团董事局主席丁佐宏建议，搭建一批便于未婚青年参与、有较高诚信度的交友和婚恋公益服务平台。全国政协委员、全国妇联副主席、书记处书记吴海鹰建议，相关部门立足职能，搭建公益婚介平台，培育社会组织，为未婚男女提供免费婚介服务。 北京市两高律师事务所张荆律师注意到，现代人对婚恋问题有更强的自主性，特别是城市生活节奏加快，人与人之间脱离熟人社会圈子，相互交往关系更趋向于理性，导致年轻人客观上不容易遇到合适的结婚伴侣。 张荆特别提到，“现在年轻人在很多方面都有系统学习的通道，而唯独缺少了恋爱婚姻方面的学习。”大学里并没有专门课程告诉年轻人婚姻的本质是什么、亲密关系是什么、婚姻中要如何学习，“如果能在大学教育过程中增加这些系统化的学习、引导，会好很多。” 中青校媒面向全国1028名大学生发起的一项调查数据显示，88.23%的大学生支持大学开设恋爱课。在参与调查的大学生中，过半大学生认为帮助青年树立正确的爱情观尤其重要。此外，要帮助青年解决恋爱中的实际问题，如帮助其提升沟通力和对情感的认知能力等。 上海大学社会科学学部教师李晨，每个学期都会开设大学生情感认知课，“当今社会发展快速，学生们生活在高楼里，接触不到真实的烟火气息，他们对情感的感知力不强，对爱情和婚姻知之甚少。”他希望通过开设这门课让学生们知道什么是良好的亲密关系，以及他们要学会如何与人沟通、如何与异性相处、恋爱中需要注意什么等。 “人与人面对面的交往、灵魂上的交流、心灵深处的相互依靠，尤为珍贵。”张荆指出，良好的婚姻要能够给人提供灵魂栖息的依靠，伴侣的寻找要用心用情。“毕竟，没有人是一座孤岛。” 中青报·中青网见习记者 刘胤衡 记者 韩飏,2484,https://www.chinanews.com.cn/sh/2023/03-22/9976230.shtml,婚姻;结婚;婚恋;婚介;恋爱;单身;伴侣;对象
People.cn,2023-03-22,九五后讲的相声里，未来的彩礼什么样,廖志洲（左）与搭档韩景轩在表演相声。 广德市委宣传部供图 清脆的快板声中，一句句字正腔圆的唱词从安徽省广德市文化馆小剧场里传来。 快板《长征》、相声《彩礼》……当地文艺宣讲志愿者廖志洲与搭档一个小时的曲艺专场演出，将党的二十大报告中的新思想、新论断和新方向，通过艺术化呈现，让现场的观众“大饱眼福”。 在乡村的舞台上，廖志洲运用通俗易懂的大众化语言，将传统文化表演与当下移风易俗热点紧密结合，引导群众从自身做起抵制铺张浪费、高价彩礼、大操大办等陈规陋习。 他创作的作品有料有趣接地气，是因为灵感大多源于自身的经历与见闻。 本次专场演出的相声《彩礼》，便是如此。一次下乡时， 他偶然听见一对夫妻关于农村嫁娶时关于“天价彩礼”而产生的讨论，回家便开始构思这部作品，进行艺术加工。 作品中，他以“彩礼”为意象，用风趣幽默的语言折射出经济发展的变迁。 他将老一辈儿的“彩礼”概括为“三转一响”：自行车、缝纫机、手表，响的是录音机；将年轻一代的“三转一响”总结为：我围着你转、你围着孩子转、大家围着家转，响的是支付宝收付款的叮咚声。 他预测下一辈的“三转一响”是家围着主人转（人工智能），医生围着病人转（医疗服务越来越全面），飞机围着乘客转（小汽车算什么，家家户户都买飞机），一响就是生活随着掌声响（日子越过越美好）！ 因为接地气、包袱强、理论深，这部作品还获得安徽省第十届曲艺节优秀作品奖。 1995年出生的廖志洲是广德人，毕业于辽宁科技大学曲艺表演专业。2017年开始，他拜相声教育家和剧作家为师学习相声艺术和曲艺创作。 “平铺直叙，不是曲艺。”在他看来，评书的创作首要就是故事情节，作品想要吸引人，内容必须一波三折。故事要精彩，既要在情理之中，又要在意料之外。 他的从业路如他的作品情节一般，也称得上是“一波三折”。 毕业后，他凭着一股“初生牛犊不怕虎”的冲劲儿加入创业大军，在黄山办起自己的曲艺剧场，想要干出一番事业，他每天说单口相声、说评书、唱快板，一场持续两个小时左右。然而剧场收益甚微，直到最后，剧场只剩他一人，此次创业也以失败告终。 此后，他入职合肥一家企业，开始当“按部就班”的职场人，但心中仍留存着对曲艺的那份希望与追求。 2019年，过了一段“安稳”生活的廖志洲，又迎来了新的机遇。 偶然中，他得知广德缺少语言类节目的人才，经人引荐回到广德市文化和旅游局。恰逢创建全国文明城市之际，他结合本职工作，创作并表演相声《怎样文明》、快板《勇立潮头争第一》等7个相关题材作品，用方言和评书的形式开展艺术化宣讲。 2020年7月，广德市利用文化中心小剧场打造了品牌文艺志愿服务项目——群文书场，每周五晚7点，廖志洲都会驻场演出。只木桌一张、方帕一条、醒木一块，小小一方天地，却能道出大千世界。台上演员你一言我一语，滔滔不绝，演到兴起处还辅以生动的肢体语言，台下亦是座无虚席。 如何让作品能够满足不同群体的观众需求，非常难拿捏。对于一些岁数比较大的观众，他们的知识储备以及对人情世故的理解都更为丰富，自己就更得在作品上花心思，让他们听得进，听得懂。 为此，廖志洲决定，一部作品诞生后，先请父母欣赏一遍。“记得有一次在写宣传勤俭节约的评书《美食博主现形记》时，我总不满意，反复修改磨合，每改一遍都让爸妈听，再做修改。等作品达到我满意的程度，爸妈也会背了。我在家里背台词，有时候想不起来，他们还会给我提词，背得比我还熟练。” 迄今为止，廖志洲在文化馆小剧场累计演出130余场，讲述长篇评书5部，原创短篇评书26篇、相声41段、快板27段、小品15篇。 2020年，廖志洲还尝试直播评书和相声，尽管首场直播只有20多位网友在线观看，但他精心打磨脚本，力争让内容有“料”还要有趣。 如今，他开始践行另一份责任——定期教授青少年儿童学习曲艺文化。在他看来，一个人的梦，只是个梦。如果能让曲艺在这片土地上落地生根、枝繁叶茂，那才是梦想。（王海涵 ）,1618,http://yn.people.com.cn/n2/2023/0322/c378440-40346070.html,高价彩礼;天价彩礼;彩礼;夫妻
People.cn,2023-03-22,陕西发出首份“婚恋关系终止后”人身安全保护令,本报讯 （记者 陶玉琼）日前，在恋爱期间频遭男友暴力曾被打断3根肋骨、分手后仍然心有余悸的阿珍（化名），如愿拿到了西安市碑林区人民法院签发的人身安全保护令。据悉，这是陕西省首份“婚恋关系终止后”人身安全保护令。 据了解，阿珍与阿强（化名）在某社交平台相识后发展成恋人关系，随后双方关系迅速升温，两人于2022年11月开始同居。同居期间，某次因琐事吵架，阿强情绪失控，将阿珍打倒在地。经诊断，阿珍肋骨断裂两根。之后，阿珍要求阿强陪同其去医院复诊，阿强觉得“烦”，又一次挥拳砸向阿珍，致使阿珍肋骨再次骨折。于是，阿珍决定彻底远离阿强。2023年2月，阿珍从双方同居的住所搬离时，二人再次发生争吵，阿强又一次动手。 “虽然分手了，可我每天去公司都要经过他家，我好怕遇到以后他再打我、骚扰我，我不知道该怎么办。”分手后的阿珍一直笼罩在被殴打的阴影中，整日担惊受怕。为了避免阿强再次对其殴打、骚扰，阿珍向碑林区人民法院申请了人身安全保护令。 碑林区人民法院经审理查明阿珍曾遭受家庭暴力，且认为其后续仍有面临暴力的现实危险，依法发出禁止阿强对阿珍实施家庭暴力，禁止阿强接触、骚扰、跟踪阿珍的人身安全保护令，并明确若阿强违反保护令，将面临罚款、拘留，甚至有可能被追究刑事责任。目前，该份人身安全保护令已送达当事人所在辖区公安机关及社区。 新修订的妇女权益保障法于2023年1月1日起施行，该法第二十九条规定，禁止在终止恋爱关系、离婚后纠缠、骚扰妇女，妇女在遭受上述侵害或面临上述侵害现实危险的，可以向法院申请人身安全保护令。这一修订首次将恋爱关系终止后以及婚姻关系解除后妇女被纠缠、骚扰的情况纳入人身安全保护令的适用范围，弥补了反家庭暴力法的法律适用空白，为婚恋关系终止后遭受侵害的妇女群体权益保护提供制度支持，完善了妇女权益保护的制度体系，为妇女合法权益提供了坚实的法治保障。 本案作为全省首个针对婚恋关系终止后因妇女被纠缠、骚扰而发出人身安全保护令的典型案例，彰显出司法对妇女权益的高度关切与全面保护，有力引导家庭暴力受害人勇敢拿起法律武器保护自身权益。碑林区人民法院院长李社武表示，希望通过发出这份保护令，向全社会彰显“禁止任何形式的家庭暴力”的鲜明导向，呼吁全社会树立优良家风，弘扬家庭美德，让女性权利、女性价值在新时代得到更有力的保障与认可。,969,http://sn.people.com.cn/n2/2023/0322/c378288-40346551.html,婚姻;离婚;婚恋;恋爱;恋人;家庭暴力
People.cn,2023-03-22,韩国2022年结婚人数创新低 生育率连续三年全球垫底--韩国频道--人民网,人民网首尔3月22日电（曹翔宇）韩国统计局近日发布的数据显示，2022年韩国约有19.2万对夫妇登记结婚，连续11年减少。 韩国的结婚人数与生育率有着直接的关系。根据韩国统计厅最新公布的《2022年出生・死亡统计初步结果》和《2022年12月人口动向》显示，韩国2022年总和生育率为0.78。2022年韩国结婚登记人数和生育率这两项数据均创下1970年开始相关统计以来最低纪录。 根据联合国人口基金会的统计，韩国的总和生育率已连续三年全球垫底。通常总和生育率至少要达到2.1，才能达到世代更替水平。而25至29岁年龄段人群的结婚情况则直接影响到韩国未来几年内的出生率。2022年韩国该年龄段男性步入婚姻的人数同比减少8.4%，女性步入婚姻的人数同比减少7.2%。 据韩联社报道，韩国2022年登记初婚的男性平均年龄为33.7岁，创有记录以来的最高纪录；登记初婚的女性平均年龄为31.3岁，也刷新最高纪录。韩国统计局一名官员说，2022年新生儿中，72.5%属于夫妇婚后5年内所生，“我们认为结婚率下降会给出生率造成冲击”。近年来，韩国社会晚婚和不婚现象逐渐增多，生育率不断下降。韩国2022年共有24.9万名婴儿出生，同比减少4.4%，再度刷新最低纪录。,528,http://korea.people.com.cn/n1/2023/0322/c407864-32649208.html,结婚登记;婚姻;结婚;初婚;不婚;晚婚
China News Service,2023-03-25,离婚冷静期内婆婆去世 妻子分“遗产”没毛病,离婚冷静期制度与夫妻共同财产的认定并没有必然的联系 离婚戏码演出了一出精彩的法律攻防大戏。据报道，近日广西高院发布了一则案件引发关注，2021年，丈夫张某与妻子王某协议离婚，女儿随王某生活，二人约定张某自愿向王某支付100万抚育补偿款。离婚后，张某迟迟未向王某支付该款项，王某遂向法院提起离婚后财产纠纷诉讼。 庭审中，王某意外得知张某母亲在两人离婚冷静期内去世，并遗留一套房产，张某将上述房屋出卖，王某要求分割张某出卖房屋取得的售房款。最终法院判决张某支付王某所继承取得的房屋售房款218万余元。 在很多人看来，这一判决结果有些莫名其妙，丈夫的母亲去世了，法定继承人是丈夫，继承这一房产跟妻子有什么关系？根据民法典，法定继承人包括配偶、子女、父母、兄弟姐妹、祖父母、外祖父母；夫妻有相互继承遗产的权利；父母和子女有相互继承遗产的权利；丧偶儿媳对公婆，丧偶女婿对岳父母，尽了主要赡养义务的，作为第一顺序继承人。而其他情况下，法律并未规定女婿、儿媳可以继承对方父母的遗产。 因此从法律上讲，作为妻子，王某不能“继承”丈夫母亲的遗产，但从分割夫妻共同财产的角度，理应给予她应当享有的财产权益。 翻看民法典，夫妻在婚姻关系存续期间所得的财产，包括“生产、经营、投资的收益”“继承或者受赠的财产”等，都在夫妻共同财产的范围。回看本案，在夫妻婚姻关系存续期间，张某依法继承了母亲遗留的房产，这笔财产已经打上了共同财产的烙印。 诚然，在这起案件中，张某也有抗辩理由，比如他认为二人已分居十余年，王某从未看望过婆婆，没有尽到赡养义务；王某明知张某需要继承遗产后才有能力支付离婚时约定的抚育补偿款，不应当再要求分割售房款等。 老实说，这还是“继承”的那套观点，从法律上讲，只要夫妻关系存续，妻子与婆婆的关系并不影响夫妻共同财产的分割。再说了，一码归一码，基于离婚协议的抚育补偿款与基于“继承”的售房款，也不能混为一谈。 不错，张某母亲去世的时间比较特殊，张某和王某并非正常的夫妻关系，两人不仅已经分居多年，还正处于离婚冷静期，差一步就要离婚了，但这些事实并不影响婚姻关系的存续，以及夫妻双方的法定权利和义务。在这段时期内，任何一方取得的任何合法收益，对方都可以依法“分一杯羹”。正如法官所言，离婚冷静期内，新增的财产并不能一概认定属于或不属于夫妻共同财产，而应该以是否符合法定条件为准，离婚冷静期制度与夫妻共同财产的认定并没有必然的联系。 也有人觉得，这个妻子的做法有点斤斤计较了，离婚拿了一笔抚育补偿款还不知足，看到丈夫有了“继承遗产”的新收入也不放过。问题是，如果不计较、不较真，恐怕对方连白纸黑字承诺的那笔抚育补偿款也不会给吧。 每个公民为权利而抗争，而争取，这是法治社会的要义。既然法律赋予了公民通过诉讼维权的权利，那么打官司争取自己的合法利益，又有什么不可？法院判得明明白白，这钱就拿得堂堂正正。 成都商报-红星新闻特约评论员 阳晨 【,1214,https://www.chinanews.com.cn/sh/2023/03-25/9978344.shtml,离婚冷静期;婚姻;离婚;夫妻;配偶
People.cn,2023-03-26,京津冀消协组织发布婚介服务消费调查结果,信息审核不严、“红娘”资质有待规范、退款难…… 从河北省消保委获悉，3月16日，京津冀消协组织联合发布婚介服务消费调查结果。 本次调查采用问卷调查、体验调查和深度访谈相结合的方式进行，消费者问卷调查共完成4299条数据收集，调查内容主要包括消费者对婚恋中介服务的认知情况、平台的选择偏好及依据等。通过调查发现，部分婚介服务机构存在以下问题。 实名认证尺度不一。“珍爱网”“百合网”“世纪佳缘”等平台均需本人提交身份证号，并通过人脸识别进行认证。“爱优婚恋”“一伴婚恋”“你的先生”“真情在线”等平台需要额外支付60元到128元不等的认证费用。“面具约会”平台虽然有真人认证环节，但支付25元后可免去真人认证环节。“同城约会”“同城快聊”等平台仅需要绑定手机号就可以直接使用App。 背景信息审核不严。在线上婚恋App中，“珍爱网”“百合网”“世纪佳缘”“面具约会”等平台在实名认证后仍然可以随意变更身高、体重、收入、学历等信息。“MarryU”平台会员向体验员透露，在注册会员时，房产证、驾驶证等资料可以选择性提交，该会员还透露，曾碰到过匹配对象处在恋爱状态的情形。 国家标准《婚姻介绍服务》中要求，婚姻介绍服务人员应持有相关职业（婚介师、婚姻家庭咨询师、心理咨询师）资格证书，上岗前和上岗后均应接受培训。然而体验调查中发现，部分婚介服务机构的“红娘”未展现出专业性，甚至涉嫌诱导消费，有些“红娘”在征婚者缴纳中介费或入会费前，作出“终生服务”“包成功”等口头承诺。 另外，在部分招聘平台中能看到，“珍爱网”“有缘网”“我主良缘”等平台招聘“红娘”、婚恋顾问等人员的岗位要求与销售行业类似，并未发现其对从业资质有明确的要求。 部分婚介服务机构存在实际服务与承诺不符情形 实际服务与承诺不符是消费者反映最多的问题，主要表现为婚介服务平台介绍的相亲对象不符合预期、介绍的会员数量与合同不符等。部分平台收费后，存在后续服务没有按照约定精准匹配，甚至有敷衍了事的嫌疑等问题。 体验员通过线下体验发现，“MarryU”平台的“红娘”介绍的对象匹配不精准。在签订合同前，“红娘”强调机构资源库质量高，有很多在国企和外企工作的优质会员，然而在私下与匹配对象沟通过程中发现，部分匹配对象的实际情况与承诺不符。 “世纪佳缘”“爱优婚恋”等线上婚恋App在用户协议中存在类似“会员服务一经售出不退不换”的条款。体验员在线下体验过程中，也遇到了退款难问题，例如，体验员在与“MarryU”平台签合同前，服务人员承诺可以退款，但在服务期间，由于专属“红娘”更换，导致后期服务标准降低，匹配对象的数量和质量均未达到预期，体验员提出退款要求，却遭冷遇。 京津冀消协组织提醒消费者，接受婚介服务时，应选择证照齐全、规模较大、较正规的婚介服务机构。与婚介服务机构签订协议时，不要轻信其口头承诺，要详细查看协议内容后再签字。消费者向婚介网站、服务门店汇款时，应当先查看对方提供的汇款账户是否与其名称一致，经核实准确无误后再汇款。付费后，消费者一定要索要正规的服务凭证，并保留好消费凭证和协议。（记者解楚楚）,1286,http://he.people.com.cn/n2/2023/0326/c192235-40351709.html,婚姻;婚恋;婚介;恋爱;相亲;对象
China News Service,2023-03-27,多地发出倡议组织活动 “低彩礼”“零彩礼”悄然成风,举行一场“不比彩礼比幸福”的集体婚礼，开展“抵制高价彩礼倡导文明新风”主题宣讲，向新人发放倡议书、签订移风易俗承诺书，培育农村妇女干部当倡导俭朴婚嫁的“新媒婆”……近期，多地发出倡议、组织活动，抵制高价彩礼。 近5年，中央一号文件连续多次点名“高价彩礼”，从中央到地方，积极推动婚俗改革实验区建设，“低彩礼”“零彩礼”悄然成风，高价彩礼得到一定遏制，群众在婚嫁中的支出负担明显减轻，摒弃婚嫁陋俗正成为更多人的共识与行动。 今年春节过后，踏上返岗归途，来自中部地区农村的王先生内心有些焦虑：年过30的他又被家里催婚了。 “在老家，我确实是大龄青年了，可现在找对象、结婚也没那么容易。”王先生坦言，在当地，男方打算结婚，一般要备好房、车，还要出一笔彩礼。彩礼金额大致20万元，全部加起来至少六七十万元。 王先生算了一笔账：每月打工挣6000多元，一年存下三四万元。如果仅靠自己打工，很难在短期内攒够这笔费用。 生在北方某县城的小刘面临和王先生类似的烦恼。在小刘的家乡，彩礼数也在20万元上下，但当地很多人家有攀比心理。“对男方来说，如果谁家彩礼少，很没有面子；对女方而言，彩礼越高，就觉得嫁的闺女越厉害。”小王说，正是基于这种心理，彩礼超“行情”的情况并不少见。 很长一个时期，一些地方的彩礼居高不下，甚至出现了越是偏远山区彩礼越高的怪象。个别地区还流行“万紫千红一片绿”“三斤三两”的说法：前者指1万张5元钞票、1000张100元钞票和1张50元钞票；后者指三斤三两的100元钞票。 高价彩礼让“礼”变了味。“作为我国历史上长期存在的婚俗礼仪，彩礼有一定合理性，但‘高价’显然超出了人们的承受能力。”东南大学社会学系讲师赵浩指出，高价彩礼很可能使部分农村家庭“因婚致贫”“因婚返贫”，进而产生家庭纠纷和代际矛盾。 “这是一种陋俗，也是对人的不尊重，与传统婚礼内含相悖。”清华大学人文学院教授彭林认为，“婚礼”的“礼”，是让人们对结婚有敬重之心，认真对待婚姻。“婚礼是一件严肃的事，高价彩礼把这层含义冲淡了。” 高价彩礼为何难治？全国妇联副主席吴海鹰表示，首要问题在思想观念，“有些人认为，‘彩礼是女儿身价的标志，彩礼要得少会让人笑话’。”有关数据也佐证了这一观点。调查显示，54.2%的人认为“好面子、随大流”是索要高价彩礼的第一原因。 农村适婚青年“男多女少”，则进一步抬高了彩礼。江西省宜春市高安市蓝坊镇魏家村村支书魏三忠介绍，嫁到城里的姑娘不少，到村里的却寥寥无几。目前，村里适婚青年中约七成都是男青年，面临一定的“娶妻难”问题。 吴海鹰指出，“媒婆”等婚姻中介从彩礼中“抽成”也助推了彩礼金额走高。记者了解到，一些职业媒人为赚取中介费，怂恿女方父母索要“服装购置费”“离娘钱”“菜水钱”等，并从高价彩礼中抽成10%甚至更多。 前不久，2023年中央一号文件发布，提出“扎实开展高价彩礼、大操大办等重点领域突出问题专项治理”。这是中央一号文件5年内第4次点名“高价彩礼”。 在江西省全南县，玉舍村党支部书记林太金结婚“零彩礼”这件事近日传开了，打动了不少因高额彩礼而迟婚恐婚的年轻人。 “他多次在村中移风易俗宣讲会上说支持‘零彩礼’，这次更以实际行动为村里人树立了好榜样！”村民们说。 “我和爱人相恋两年，都认为，两情相悦，能一起过好我们的小日子才是最大的幸福。”林太金表示。 “父母都希望自己的子女过得幸福快乐。”林太金的岳母说，“零彩礼”嫁女儿，也是希望小两口不要因为面子承担债务，轻装前行，用自己的双手创造幸福美好的生活。 谈到最近的婚俗新风，山西省襄垣县付村村民王科和王靖深有体会。他们是村里第一对“零彩礼”夫妻。 2017年，由于父亲重病，王科家里花光积蓄还欠了一笔外债。2019年夫妻俩准备结婚时，正逢县里大力推动移风易俗。 “过去女方要十几万元的彩礼很普遍。”王靖说，但现在农村女性和男性一样，有工作，能挣钱，况且两人感情好是彩礼换不来的。婚后，两人到县城打拼，如今不但还清了欠债，还有了不少积蓄。 近年来，各地根据中央精神，对彩礼“限高”，“低彩礼”“零彩礼”渐成新风，治理取得一定成效—— 河北省河间市，2021年4月至今年1月，全市共办理新婚登记4726对，其中“低彩礼”“零彩礼”占比88%，每桩婚事花费比从前平均减少7万元至15万元； 甘肃省定西市，2022年6月至今，70%的出嫁方彩礼控制在5万元以内，平均为4.9万元，比之前下降了10.9%； 四川省凉山彝族自治州，移风易俗条例实施9个月内，制止10万元以上彩礼528起，彩礼从平均30万元降至10万元以内。 河南省宁陵县倡导彩礼不高于3万元；宁夏泾源县明确彩礼不超过6万元，并逐年下降；山东省沂水县杨庄镇提倡不要彩礼或少要彩礼，一般不超过1万元；江西省萍乡市建议彩礼不超过3万元…… 很多地方还开展形式多样的活动，为高价彩礼“降温”，为爱“减负”。河南省杞县连续多年举办新风尚集体婚礼。一对参与过集体婚礼的新人说：“我们的婚姻没有高价彩礼的困扰，也没有细枝末节的烦琐，有的是余生白首、细水长流。” 江苏省东台市紧抓重点人群，建立公职人员婚前廉政谈话、操办婚嫁事宜报告备案、违规操办婚嫁事宜歪风查办三项制度，引导党员干部带头做到婚事新办、简办、廉办。 陕西省宝鸡市金台区大槐树村村民张盼至今仍记得，自己曾因彩礼发过愁。根据习俗，彩礼金额一般在12万元至15万元之间。后来多亏当地红白理事会的调解、劝说，彩礼降至6万元。 政策的不断落地实施，使高价彩礼在部分地区得到抑制，婚事花费也大幅降低，但高价彩礼在一些地方仍不同程度存在。如何建立治理高价彩礼的长效机制？ 西安交通大学公共政策与管理学院教授靳小怡认为，对高价彩礼的治理应是综合性的，既要从婚宴、彩礼金额的规定性政策入手，也要在促进家庭和谐、保护女性权益、树立正确的奋斗观与爱情观上下功夫。 吴海鹰表示，要广泛开展移风易俗宣传教育，培树一批群众身边自觉抵制高价彩礼的家庭典型，并大力宣扬“不要彩礼要幸福”“婚后共同奋斗”的婚恋观，形成抵制高价彩礼的强大舆论氛围。她还建议制订具体约束性标准，鼓励有条件的地方出台相关地方性法规。 “乡村的情况非常复杂，不能一概而论，需要进行广泛而深入的调查研究。”赵浩说，“天价彩礼”，或与村里男女比例失衡有关，或与养老关系密切，“我们只有找到每个地区高价彩礼盛行的具体原因，才能真正解决它”。 “在经济欠发达地区，经济来源比较少，彩礼起着家庭经济保障等多重作用。”中国社科院社会学研究所副研究员马春华指出，要重视高价彩礼背后的经济逻辑，建议进一步缩小城乡差距，推动养老、就业和医疗卫生等公共服务均衡化，减轻家庭经济负担。 “要优化服务举措，完善相关激励机制。”吴海鹰建议：搭建公益婚介平台，为未婚男女提供免费婚介服务；完善婚嫁新风礼遇激励机制，为“低彩礼”“零彩礼”者提供集体婚礼、免费体检、创业担保贷款等暖心支持服务；支持村委会继续用好“红黑榜”“积分超市”等治理方式，激发村民参与乡风文明建设内生动力。 “治理高价彩礼，需要我国传统婚礼道德精神的回归。”彭林认为，高价彩礼盛行反映了部分家庭精神文化的匮乏。他相信，随着乡村振兴战略的全面推进、人们对中华优秀婚姻家庭文化有更多的认识和了解，高价彩礼等婚嫁陋俗终会得到全面有效遏制。(人民日报海外版 史志鹏) 【,3016,https://www.chinanews.com.cn/sh/2023/03-27/9979178.shtml,高价彩礼;天价彩礼;婚姻;结婚;婚恋;彩礼;婚俗;婚嫁;恐婚;催婚;适婚;婚介;对象;夫妻;婚礼
People.cn,2023-03-27,彩礼“降温” 为爱“减负”,中央一号文件连续多年点名，各地大力推进婚姻领域移风易俗—— 举行一场“不比彩礼比幸福”的集体婚礼，开展“抵制高价彩礼倡导文明新风”主题宣讲，向新人发放倡议书、签订移风易俗承诺书，培育农村妇女干部当倡导俭朴婚嫁的“新媒婆”……近期，多地发出倡议、组织活动，抵制高价彩礼。 近5年，中央一号文件连续多次点名“高价彩礼”，从中央到地方，积极推动婚俗改革实验区建设，“低彩礼”“零彩礼”悄然成风，高价彩礼得到一定遏制，群众在婚嫁中的支出负担明显减轻，摒弃婚嫁陋俗正成为更多人的共识与行动。 今年春节过后，踏上返岗归途，来自中部地区农村的王先生内心有些焦虑：年过30的他又被家里催婚了。 “在老家，我确实是大龄青年了，可现在找对象、结婚也没那么容易。”王先生坦言，在当地，男方打算结婚，一般要备好房、车，还要出一笔彩礼。彩礼金额大致20万元，全部加起来至少六七十万元。 王先生算了一笔账：每月打工挣6000多元，一年存下三四万元。如果仅靠自己打工，很难在短期内攒够这笔费用。 生在北方某县城的小刘面临和王先生类似的烦恼。在小刘的家乡，彩礼数也在20万元上下，但当地很多人家有攀比心理。“对男方来说，如果谁家彩礼少，很没有面子；对女方而言，彩礼越高，就觉得嫁的闺女越厉害。”小王说，正是基于这种心理，彩礼超“行情”的情况并不少见。 很长一个时期，一些地方的彩礼居高不下，甚至出现了越是偏远山区彩礼越高的怪象。个别地区还流行“万紫千红一片绿”“三斤三两”的说法：前者指1万张5元钞票、1000张100元钞票和1张50元钞票；后者指三斤三两的100元钞票。 高价彩礼让“礼”变了味。“作为我国历史上长期存在的婚俗礼仪，彩礼有一定合理性，但‘高价’显然超出了人们的承受能力。”东南大学社会学系讲师赵浩指出，高价彩礼很可能使部分农村家庭“因婚致贫”“因婚返贫”，进而产生家庭纠纷和代际矛盾。 “这是一种陋俗，也是对人的不尊重，与传统婚礼内含相悖。”清华大学人文学院教授彭林认为，“婚礼”的“礼”，是让人们对结婚有敬重之心，认真对待婚姻。“婚礼是一件严肃的事，高价彩礼把这层含义冲淡了。” 高价彩礼为何难治？全国妇联副主席吴海鹰表示，首要问题在思想观念，“有些人认为，‘彩礼是女儿身价的标志，彩礼要得少会让人笑话’。”有关数据也佐证了这一观点。调查显示，54.2%的人认为“好面子、随大流”是索要高价彩礼的第一原因。 农村适婚青年“男多女少”，则进一步抬高了彩礼。江西省宜春市高安市蓝坊镇魏家村村支书魏三忠介绍，嫁到城里的姑娘不少，到村里的却寥寥无几。目前，村里适婚青年中约七成都是男青年，面临一定的“娶妻难”问题。 吴海鹰指出，“媒婆”等婚姻中介从彩礼中“抽成”也助推了彩礼金额走高。记者了解到，一些职业媒人为赚取中介费，怂恿女方父母索要“服装购置费”“离娘钱”“菜水钱”等，并从高价彩礼中抽成10%甚至更多。 前不久，2023年中央一号文件发布，提出“扎实开展高价彩礼、大操大办等重点领域突出问题专项治理”。这是中央一号文件5年内第4次点名“高价彩礼”。 在江西省全南县，玉舍村党支部书记林太金结婚“零彩礼”这件事近日传开了，打动了不少因高额彩礼而迟婚恐婚的年轻人。 “他多次在村中移风易俗宣讲会上说支持‘零彩礼’，这次更以实际行动为村里人树立了好榜样！”村民们说。 “我和爱人相恋两年，都认为，两情相悦，能一起过好我们的小日子才是最大的幸福。”林太金表示。 “父母都希望自己的子女过得幸福快乐。”林太金的岳母说，“零彩礼”嫁女儿，也是希望小两口不要因为面子承担债务，轻装前行，用自己的双手创造幸福美好的生活。 谈到最近的婚俗新风，山西省襄垣县付村村民王科和王靖深有体会。他们是村里第一对“零彩礼”夫妻。 2017年，由于父亲重病，王科家里花光积蓄还欠了一笔外债。2019年夫妻俩准备结婚时，正逢县里大力推动移风易俗。 “过去女方要十几万元的彩礼很普遍。”王靖说，但现在农村女性和男性一样，有工作，能挣钱，况且两人感情好是彩礼换不来的。婚后，两人到县城打拼，如今不但还清了欠债，还有了不少积蓄。 近年来，各地根据中央精神，对彩礼“限高”，“低彩礼”“零彩礼”渐成新风，治理取得一定成效—— 河北省河间市，2021年4月至今年1月，全市共办理新婚登记4726对，其中“低彩礼”“零彩礼”占比88%，每桩婚事花费比从前平均减少7万元至15万元； 甘肃省定西市，2022年6月至今，70%的出嫁方彩礼控制在5万元以内，平均为4.9万元，比之前下降了10.9%； 四川省凉山彝族自治州，移风易俗条例实施9个月内，制止10万元以上彩礼528起，彩礼从平均30万元降至10万元以内。 河南省宁陵县倡导彩礼不高于3万元；宁夏泾源县明确彩礼不超过6万元，并逐年下降；山东省沂水县杨庄镇提倡不要彩礼或少要彩礼，一般不超过1万元；江西省萍乡市建议彩礼不超过3万元…… 很多地方还开展形式多样的活动，为高价彩礼“降温”，为爱“减负”。河南省杞县连续多年举办新风尚集体婚礼。一对参与过集体婚礼的新人说：“我们的婚姻没有高价彩礼的困扰，也没有细枝末节的烦琐，有的是余生白首、细水长流。” 江苏省东台市紧抓重点人群，建立公职人员婚前廉政谈话、操办婚嫁事宜报告备案、违规操办婚嫁事宜歪风查办三项制度，引导党员干部带头做到婚事新办、简办、廉办。 陕西省宝鸡市金台区大槐树村村民张盼至今仍记得，自己曾因彩礼发过愁。根据习俗，彩礼金额一般在12万元至15万元之间。后来多亏当地红白理事会的调解、劝说，彩礼降至6万元。 政策的不断落地实施，使高价彩礼在部分地区得到抑制，婚事花费也大幅降低，但高价彩礼在一些地方仍不同程度存在。如何建立治理高价彩礼的长效机制？ 西安交通大学公共政策与管理学院教授靳小怡认为，对高价彩礼的治理应是综合性的，既要从婚宴、彩礼金额的规定性政策入手，也要在促进家庭和谐、保护女性权益、树立正确的奋斗观与爱情观上下功夫。 吴海鹰表示，要广泛开展移风易俗宣传教育，培树一批群众身边自觉抵制高价彩礼的家庭典型，并大力宣扬“不要彩礼要幸福”“婚后共同奋斗”的婚恋观，形成抵制高价彩礼的强大舆论氛围。她还建议制订具体约束性标准，鼓励有条件的地方出台相关地方性法规。 “乡村的情况非常复杂，不能一概而论，需要进行广泛而深入的调查研究。”赵浩说，“天价彩礼”，或与村里男女比例失衡有关，或与养老关系密切，“我们只有找到每个地区高价彩礼盛行的具体原因，才能真正解决它”。 “在经济欠发达地区，经济来源比较少，彩礼起着家庭经济保障等多重作用。”中国社科院社会学研究所副研究员马春华指出，要重视高价彩礼背后的经济逻辑，建议进一步缩小城乡差距，推动养老、就业和医疗卫生等公共服务均衡化，减轻家庭经济负担。 “要优化服务举措，完善相关激励机制。”吴海鹰建议：搭建公益婚介平台，为未婚男女提供免费婚介服务；完善婚嫁新风礼遇激励机制，为“低彩礼”“零彩礼”者提供集体婚礼、免费体检、创业担保贷款等暖心支持服务；支持村委会继续用好“红黑榜”“积分超市”等治理方式，激发村民参与乡风文明建设内生动力。 “治理高价彩礼，需要我国传统婚礼道德精神的回归。”彭林认为，高价彩礼盛行反映了部分家庭精神文化的匮乏。他相信，随着乡村振兴战略的全面推进、人们对中华优秀婚姻家庭文化有更多的认识和了解，高价彩礼等婚嫁陋俗终会得到全面有效遏制。（记者 史志鹏）,3039,http://henan.people.com.cn/n2/2023/0327/c351638-40352284.html,高价彩礼;天价彩礼;婚姻;结婚;婚恋;彩礼;婚俗;婚嫁;恐婚;催婚;适婚;婚介;对象;夫妻;婚礼
China News Service,2023-03-30,五年来江西法院共审理涉妇女儿童等婚姻家事案件25万余件,中新网 南昌3月30日电 (记者 李韵涵)30日，江西法院家事审判工作新闻发布会在江西省高级人民法院召开。记者从发布会上获悉，五年来江西法院共审理涉妇女儿童等婚姻家事案件25万余件。 当日，《江西法院家事审判白皮书(2018年—2022年)》(以下简称《白皮书》)在会上发布。《白皮书》显示，2018年—2022年江西法院共审结一、二审家事案件251594件。其中，离婚纠纷案件数量最大，共205856件，占家事案件数量的85.16%；其次为抚养纠纷案件，共11596件，占4.8%。 据江西省高级人民法院党组成员、副院长柯军介绍，江西高院运用信息化建设成果，实现离婚证明书线上线下同步办理。指导各地法院加大软硬件投入，提供优质高效的家事司法服务。景德镇中院增设人性化提示，分别向原被告送达家事纠纷诉讼风险告知书和温馨提示书，劝慰原告谨慎启动家事案件诉讼程序、被告努力挽救夫妻感情。 柯军表示，江西各级法院与相关职能部门共建“爱心家园维权工作站”，与政法等单位建立刑事案件未成年被害人“一站式”救助体系，完善妇女儿童权益保护工作机制，加强对妇女儿童的综合保护。九江、上饶等法院出台《人身安全保护令实施细则》，有效维护和谐家庭关系，五年来，全省法院共审结人身安全保护令案件416件。 此外，江西法院连续发布维护妇女儿童合法权益典型案例，各地法院召开新闻发布会，设立家事普法专栏，组织干警开展巡回审判和进学校、进社区、进乡村等活动，提升全社会保护妇女儿童权益意识。同时，《家庭教育促进法》施行以来，江西法院共发出家庭教育令2608份，促进“依法尽责带娃”。(完) 【,681,https://www.chinanews.com.cn/sh/2023/03-30/9981409.shtml,婚姻;离婚;夫妻
People.cn,2023-03-30,情定仙女湖！37对新人共赴“零彩礼”国潮集体婚礼,3月26日，江西新余仙女湖第二届“零彩礼”国潮集体婚礼在仙女湖七夕文化旅游度假区举行，37对新人一起大声喊出“不要彩礼，要幸福”携手共赴婚姻殿堂。 集体婚礼现场处处展现国潮风、中国味，在国风歌舞《诗经 蒹葭》《鹊桥仙》之后，新人们依次入场，共同完成国潮红毯秀、合卺同杯、夫妻对拜、执手盟誓等独具东方美学气韵的婚礼礼仪，在致敬传统中展望幸福新生活。因一首《早安隆回》火遍全网的音乐人袁树雄，作为本次活动的公益倡议人，倡导广大青年朋友们树立正确的爱情观、婚恋观，勇做移风易俗的践行者、节俭办婚的推动者、文明风尚的引领者，自觉抵制天价彩礼，为爱“减负”，为幸福“加分”。 中共新余市委常委、宣传部部长张智萍为仙女湖第二届“零彩礼”国潮集体婚礼纪念典册揭幕；新余市人民政府副市长陈文华致证婚词；湖南广播电视台主持人国生(首届中国播音主持“金声奖”得主)翟迪担任本次集体婚礼的司仪。 参加本次国潮集体婚礼的37对新人，全部是“零彩礼”婚礼的践行者，他们选择了以仙女湖的山水风光作为聘礼，共同许下相守一生的庄严承诺。在主办方的精心安排下，将享受仙女湖终身免门票政策。 仙女湖是一个充满爱情传说的浪漫之湖，1700多年前东晋干宝所著《搜神记》记载了发生在新余仙女湖，一个美丽而又浪漫的爱情故事——“毛衣女下凡”。这是中国最早、最古老、最完整的七仙女下凡故事，是七仙女下凡传说的源头。2015年仙女湖被中国民间文艺家协会授予“中国七仙女传说之乡”称号，前不久仙女湖七夕文化旅游度假区还荣膺国家级旅游度假区称号，这也是新余市首个国字号旅游品牌。近年来，仙女湖通过连续举办了七夕文化旅游节，与央视合作录制“七夕晚会”，彰显了仙女湖爱情文化的独特性和唯一性。 本次活动由仙女湖风景名胜区管理委员会、新余市民政局、新余市文化广电新闻出版旅游局、共青团新余市委员会、新余市妇女联合会共同主办，由仙女湖区旅游局、江西仙女湖旅游股份有限公司共同承办，仙女湖区委宣传部、仙女湖区旅游发展集团、仙女湖区计生协会协办，由湖南广播电视台广播传媒中心全程策划执行。（记者 李亚）,869,http://hn.people.com.cn/n2/2023/0330/c356888-40358064.html,天价彩礼;婚姻;婚恋;彩礼;夫妻;婚礼
People.cn,2023-04-02,江西省五年审理婚姻家事案件25万余件 家事审判让家务事不再难断,做好家事审判，守护万家灯火，是司法保障人民安居乐业的重要举措。3月30日，记者从省高级人民法院举行的新闻发布会获悉，全省法院先后建立117个家事审判庭或合议庭，2018年至2022年，共审理涉妇女儿童等婚姻家事案件25.16万件。 据了解，目前，全省各地法院通过配备能调善解、经验丰富、耐心细致的家事法官和法官助理，组建妇联陪审员队伍，聘请家事调解员、家事调查员、心理辅导员等家事审判辅助人员，集中审理和调解各类家事纠纷案件。 为推动家事审判改革创新，各地法院推出了一些特色做法。其中，抚州市中院联合13家市直单位建立家事审判方式和工作机制改革联席会议制度，推出调解优先、亲情修复、家事调查、庭前约谈、心理疏导、案件回访、多元化解等系列做法；宜春市中院创建“527”（五项机制、两个团队、七项举措）家事审判新模式；景德镇市中院出台家事调查官工作制度。 家事审判涉及离婚纠纷、继承纠纷、人身安全保护等多种案件类型。近年来，全省各地法院积极运用人身安全保护令、财产申报令等机制，为弱势方撑起一片法治“晴空”。比如，南昌市青云谱区、新干县等地法院发出夫妻共同财产申报令，引导当事人积极如实填写夫妻共同财产清单；九江、上饶等地法院出台《人身安全保护令实施细则》，有效维护和谐家庭关系。据了解，五年来，全省法院共审结人身安全保护令案件416件。 为更好地让家事纠纷止于未诉，全省各级法院把家事审判融入基层社会治理大局统筹推进。赣州市中院和万载县法院引入“三师”（专业社会工作师、心理咨询师及婚姻家庭指导师）参与婚姻家事纠纷调解工作；丰城市法院研发智慧APP实现家事矛盾纠纷“线上+线下”同步化解；浮梁县法院在离婚案件多发乡镇、村庄设立婚姻咨询联系点，大力推动和谐婚姻家庭建设。（全媒体记者钟珊珊）,743,http://jx.people.com.cn/n2/2023/0402/c190181-40360974.html,婚姻;离婚;夫妻
China News Service,2023-04-03,泰国坠崖孕妇3年后重新站起来，她仍相信爱情和婚姻,“17处骨折，200多针，还有多次的手术，所有杀不死我的都会让我更强大。”近日，“泰国坠崖孕妇3年后站起来”的话题上了热搜，当事人公开的康复过程惹人泪目，但她的经历也鼓舞了很多身处逆境的网友。 2019年6月9日，怀有身孕的王暖暖与丈夫俞某冬到泰国乌汶府PhaDaem国家公园游玩。游玩期间，王暖暖被俞某冬推下34米高的悬崖。跌落崖底后，王暖暖身上17处骨折并流血，被好心人发现后送医。事发一周后，在确定得到保护并没有俞某冬在场的情况下，王暖暖向泰国警方报案。随后，泰国警方在医院将俞某冬抓获，并以谋杀未遂的罪名对其进行指控。 王暖暖告诉北青报记者，在跌落悬崖的那一刻，她的人生进入至暗时刻，被爱人背叛、谋害后，她失去了腹中的孩子和健康，她的小家庭没有了，本来小有所成的事业也被摧毁，“我的人生变成了一片废墟，比一无所有更可怕”。接下来，等待她的是一次又一次的手术和漫长的维权官司。 王暖暖说，在长达一年多的时间里，她做了多次手术，每天大小便都在床上。最难的时候，她一天崩溃好几次，有时让她崩溃的只是一个“床边坐起”的动作。“可能崩溃的不只是站不起来这件事，所有的伤害和过往一股脑都来了，没办法，就哭呗，哭完了生活还要继续。” 案发以来，王暖暖做过8次手术。随着情绪稳定、身体好转，她崩溃的频率降低了。2021年，她试着重建自己的事业，运营新媒体，但后来因为精力不够，不得不再次将全部重心放到康复训练上。经过2022年一整年的全力康复，配合手术、吃药等治疗，在2023年春节前后，她终于重新站起来了。“其实脱拐站起来在更早之前就可以了，但走不了路的站起来是没意义的，到前一段时间，我才是真正意义上站起来了。”现在，王暖暖可能一两个月也不会哭一次。 重新站起来的王暖暖已经过了人生的至暗时刻，但被丈夫推下悬崖这件事在她的生活中还没有结束。2020年3月，俞某冬一审被泰国法院判处无期徒刑。又过了13个月，2021年，该案二审法院认为被告俞某冬不构成蓄意杀人罪，属于故意杀人未遂，对其改判有期徒刑十年。王暖暖不服二审判决提起上诉，目前该案仍在上诉中，暂未有新进展。 王暖暖说，她和俞某冬领证是在国内，两人目前仍处在婚姻关系中。要等在泰国的刑事案审理有最终结果后才能在国内通过诉讼离婚，接下来才能对俞某冬提起民事诉讼进行索赔，抛开她前后8次手术及康复治疗的医疗费，光在泰国打官司、请律师、请人翻译相关材料等费用就花了一两百万元。 王暖暖：那件事(被丈夫推下悬崖)摧毁了我的世界，我的爱人背叛了我，家庭、孩子、健康、未来规划都没了，我的事业也被摧毁了，整个人生进入一片废墟。原来我也算是小有成就，活得体面的人，每天在床上大小便是我无法体会的。但遇到了，没办法，你就得向生活低头，没有第二种选择。父母年纪也大了，现在他们还能帮一帮我，要是等他们更老了，是他们帮我还是我帮他们，还是我们都躺在床上互相看着对方呢？这种局面怎么才能不发生？所以只能是我好起来。 北青报：俞某冬被抓了之后，你有没有再见过他？ 王暖暖：庭审的时候见过，但是被隔离开的，没办法交流。当初爱他是真的，后来发生那件事后恨他也是真的。对他的恨是不会消失的。 王暖暖：相信啊。婚姻是美好的，爱情也是美好的，只不过他这个人有问题，他不能够代表婚姻和爱情。我还是相信爱情，但我会承认自己也有错误——我跟他闪婚本身风险是极大的，对对方没有足够的考察是我的疏忽，也是我做功课不到位。希望大家能从我身上吸取教训，要跟一个人结婚还是应该相处得久一点，让父母和家人多把把关，也可以通过正规的手段适当调查一下对方有没有涉及过一些刑事案件和民事案件、有没有欠款等，这些是我没做的事，希望大家可以知道并有效保护自己。 北青报：被他推下悬崖后，在崖底你绝望过吗？在后来治疗的过程中有想过放弃吗？ 王暖暖：肯定绝望。当时那边没有人，我身上17处骨折，我知道自己在流血，如果没人出现，我真的只能等死。被送到医院后，出事的地方在泰国的边境，医疗水平有限，那边的医院给我做的手术主要是救命，但受限于医疗水平，骨头断了接也接不好，有些治疗方案也不太对，回国后只能再做手术重新接，就这样，我在3年多时间里前前后后做了8次手术。 我也有无数次想过要放弃，但想想又觉得不行，不能放弃。就算可能会摆烂几个小时，半天或者几天也有可能，给自己按下暂停键去消化一下不良情绪，消化完了把眼泪收起来，咬咬牙再向更好的自己出发，该吃的苦就得吃，否则就得一直在床上吃喝拉撒，永远坐轮椅。 北青报：你在视频分享中说你第一次创造奇迹是在悬崖底活下来，第二次是站起来，第一次奇迹可能是幸运，第二次是靠什么？ 王暖暖：可能就算坚韧吧。我性格本身比较坚韧，算挺能吃苦的。我从大约13层楼高掉下来都没摔死，如果因为太苦而放弃，我觉得不应该，也对不起我这第二条命。其实当时在崖底发现我的好心人，我一直在寻找，通过各种方式，但到现在还没找到，如果我再去泰国乌汶府，还想再找找。 北青报：在泰国打官司跟国内有什么不一样？ 王暖暖：国内这种刑事案件就是公检法一站式公诉了，调查取证都不用自己操心，但泰国那边是需要当事人自己去主张的，是一个耗费时间、精力的过程。要自己搜集材料，提交给法院的材料还要请专业的人翻译，光材料翻译费一页就要600元，我们准备的材料都堆成山了。请律师也要钱，每次去法院提交材料的住宿费、机票费，都要自己承担。 就算我之后提起民事诉讼，判了之后俞某冬也可能没有钱赔，他名下只有债务，但我还是要行使我的权利，起诉索赔。只有这些官司都打完，这件事才算结束。 北青报：前几天你在网上分享了“站起来”的视频，近十万网友点赞，网友的留言你看了吗？ 王暖暖：当然看了，有的也回复了。有的网友可能因为事故造成骨折，有的是现在事业发展不太好，有的是家庭出了问题，总之是身处逆境，也比较茫然，他们看了我的经历觉得我比他们更困难，但我没有低头，他们也受到了鼓舞。这一类的留言我印象比较深刻，我会去回复他们，鼓励他们，这也是我把自己的经历发出来的初衷。 统筹/蒋朔 供图/受访者 【,2481,https://www.chinanews.com.cn/sh/2023/04-03/9983169.shtml,婚姻;结婚;离婚;闪婚
People.cn,2023-04-07,双双出轨，离婚能否要求损害赔偿--社会・法治--人民网,文艺评论辛辣尖锐，评论者需要承担法律责任吗 正在播出的电视剧《回响》中，慕达夫是大学教授，还是一位有名的文艺评论家。他的评论风格辛辣尖锐，常常使人下不来台，甚至有同行被他气得拂袖而去，也有人认为他的评论不符合事实。那么，如果有人对慕达夫的评价不满，可以起诉他吗？慕达夫是否需要因此承担法律责任？让我们通过一则司法案例来回答这个问题。 2015年，知名影评人杨某在其影视评论公众号“影画志”上发表文章，称影片《夏洛特烦恼》全片抄袭国外电影。其后，该影片版权方开心麻花公司、新丽公司将杨某诉至法院，认为该影评文章使用贬损性的语言评价影片，侵犯其名誉权，请求法院判令杨某删除涉诉文章、赔礼道歉，并赔偿经济损失200万元。 诉讼中，杨某不同意赔偿，称涉案文章属于文艺评论，“全片抄袭”属于批评意见，是公众参与舆论监督的体现。 法院经审理后认为，杨某发表失实言论，认定影片全片抄袭，主观上存在过错，客观上造成了原告社会评价降低、名誉受损的结果，两者之间存在因果关系，杨某的行为侵犯了影片版权方、出品方的名誉权，故判决其删除文章、赔礼道歉，并赔偿原告合理支出6.5万元。 通过上述案例，我们可以看到，如果文艺评论是基于事实依据的意见表达，在法定范围内理应受到言论自由的保护。但是，公开发表的言论，所陈述的内容必须保证大致符合客观事实。因此，如果慕达夫发表的文艺评论内容有肆意诋毁甚至人身攻击作者的言辞，该作者也可以向慕达夫主张民事赔偿责任。 与慕达夫相似，互联网上有很多靠发表评论为业的内容型网红，如众多的数码测评、电影评论主播。他们通过自建团队专业生产内容，再依靠融资、收费阅读、IP衍生品等方式实现盈利。多数内容型网红常游走在侵犯名誉权的边缘，少数网红还会充当商家打手，诋毁竞争对手商誉，由此带来的政策管控和法律风险，亦不容忽视。 双双出轨，妻子离婚可以要求支付精神损害赔偿金吗 《回响》剧中的徐山川频频出轨，妻子沈小迎面对众多上门要自己让位的第三者，一边隐忍，一边也出轨以报复徐山川，最终沈小迎婚内与他人生下女儿，对此徐山川并不知情。如果沈小迎与徐山川离婚，沈小迎是否可以因徐山川出轨而主张离婚损害赔偿？现实中也有这么一个案例。 在婚姻关系存续期间，徐江常常对妻子王丽拳脚相向，王丽无法忍受，离家出走，与案外人共同居住并生育一子。后来，王丽主张夫妻感情破裂，诉至法院要求离婚并要求徐江支付精神损害赔偿金20万元。诉讼中，徐江也因王丽有婚内与他人同居行为，要求王丽支付精神损害赔偿金20万元。 法院经审理后认为，徐江在与王丽婚姻关系存续期间，存在家暴行为，该过错行为造成夫妻感情破裂；而王丽与婚外异性共同生育一子，其行为违反了夫妻间相互忠诚的义务，违背公序良俗，存在重大过错，也是造成夫妻感情破裂的原因。根据《最高人民法院关于适用〈中华人民共和国民法典〉婚姻家庭编的解释（一）》第九十条的规定，夫妻双方均有民法典第一千零九十一条规定的重婚、与他人同居、实施家庭暴力、虐待、遗弃家庭成员、其他重大过错的情形，一方或者双方向对方提出离婚损害赔偿请求的，人民法院不予支持。 在离婚损害赔偿诉讼中，行使离婚损害赔偿请求权的主体只能是无过错的配偶一方且对方存在过错，离婚损害赔偿是为了无过错方的利益。例如在剧里徐山川和沈小迎的婚姻中，两人双双出轨，沈小迎还与他人生下女儿，他们对于感情破裂均存在过错行为，就不存在法律特别保护某一方精神利益的必要了，所以双方都无权要求离婚损害赔偿。 虽然徐山川无权主张离婚损害赔偿，但是可以以“欺诈性抚养”为由向沈小迎主张返还抚养费。因为沈小迎在与徐山川婚姻关系存续期间与他人非婚生育一女，使徐山川陷入错误认识而履行抚养义务，徐山川对女儿百般疼爱，他为女儿支付的抚养费，沈小迎应当予以返还。关于抚养费的返还标准，法院一般结合子女的实际需要、夫妻的负担能力、当地实际生活水平等众多因素，由法院酌定抚养费返还标准。剧中，徐山川因指使他人杀害夏冰清锒铛入狱，观众没有看到两人婚姻崩塌的一幕，如果有，那将是更为精彩的法律戏。 交通事故私了要求赔偿过高，老李构成敲诈勒索罪吗 剧中，夏冰清父亲夜晚驾驶车辆，撞到了老李，夏冰清父亲选择了私了。没想到老李经常上门索要大笔医药费、护理费等，这种“套路私了”的行为，构成敲诈勒索罪吗？ 2021年3月，被告人胡大壮因琐事对被害人刘小明心生不满，遂与被告人徐江共谋，利用被害人无证驾驶机动车的行为进行报复。同年4月，徐江驾驶其租赁的一辆小汽车，以跟踪、冲撞的方式故意碰撞被害人刘小明驾驶的商务车，制造交通事故，以报警方式解决事故相威胁，索要被害人人民币15000元，后被民警查获。被告人胡大壮一天后向公安机关投案。法院经审理后认为，被告人徐江、胡大壮均已构成敲诈勒索罪，鉴于二人自愿认罪认罚，并退赔被害人的经济损失，法院判决被告人徐江、胡大壮犯敲诈勒索罪，分别判处有期徒刑十个月和九个月，并处罚金人民币15000元。 剧中并没有说明夏冰清父亲为何选择与老李私了。如果老李以挟私举报为由索赔高额钱款私了，极有可能涉嫌敲诈勒索，夏冰清父亲应当报案处理。（文中人物均系化名）,2106,http://society.people.com.cn/n1/2023/0407/c1008-32659222.html,婚姻;离婚;重婚;夫妻;配偶;家庭暴力;家暴
China News Service,2023-04-11,面试绕不开婚恋或生育问题 女性就业歧视如何破解,33岁的北京市民刘恋，有9年的教育培训工作经验，但她的这些经验，却在面试时被招聘人员忽视，“HR(人力资源)的重心不是放在我的能力和经验上，反而像是‘查户口’一样询问个人基本信息，问我是否结婚、是否有小孩”。 在面试了几家公司之后，刘恋有些沮丧和愤怒，“一圈问题问完之后，有的公司明确表示我不适合该岗位，有的公司让我回去等通知后就没了下文，有的公司则是开出很低的待遇‘逼’我放弃。我问了身边多位女性朋友，她们在就业过程中也遇到过这样的性别歧视”。 近年来，女性在就业过程中因婚育等因素遭受就业歧视的现象屡屡出现。随着相关法律制度的完善和执法力度的加强，一些显性就业歧视得到有效遏制，但求职过程中的隐性歧视却令很多女性无可奈何。 多位全国人大代表和专家在接受《法治日报》记者采访时建议，采取“疏堵结合”的方式，在鼓励用人单位创造男女平等就业环境的同时，也要对性别歧视问题加强惩戒。 对于刘恋的遭遇，在上海求职的汪帆感同身受。半个月的时间，28岁的汪帆面试了十几家公司，在求职时被问了很多关于婚恋的问题，“有的是直接问，打算什么时候结婚？有的则是旁敲侧击，询问男朋友是哪里人、做什么工作？” 起初，汪帆感觉这些问题有些“莫名其妙”，直到询问了在某企业做HR的朋友，汪帆才明白这些问题背后藏着的“套路”——HR通过对于婚恋情况的旁敲侧击，可以大致判断出女性求职者的感情状况和生育规划，然后决定是否要录用。 刘恋和汪帆的经历，在女性求职的过程中并不少见。 某招聘平台发布的《2022职场女性与男性性别差异数据报告》显示，近年来，尽管女性职场地位有所提高，但仍有近八成女性认为还未实现“男女平等”，易遭受“面试阶段被问婚恋或生育情况”等职场歧视。 全国人大代表、国浩律师(南昌)事务所主任冯帆指出，随着妇女权益保障法的完善和妇女维权意识的增强，职业性别歧视的现象虽有所减少，但在有的地区、领域还是存在的。比如，有些单位在招工时明确要求只招男性员工，在评选先进、职业提升、工作岗位分配上，还是会有对女性的歧视。 近年来，对于女性职场就业的歧视乱象，从中央到地方完善出台了一系列有针对性的法律法规和政策。 2019年，人社部、教育部等九部门就曾联合印发《关于进一步规范招聘行为促进妇女就业的通知》，提出禁止在招聘环节限定性别。妇女权益保障法在2022年修订了诸多内容，明确了就业性别歧视的具体情形，已于今年1月1日起施行。 各地也正在跟进探索，细化包括就业在内的女性权益保障。今年1月，北京市人力资源和社会保障局印发《北京市人力资源社会保障行政处罚裁量基准表(涉及妇女权益保障法部分)》，其中规定，用人单位在招录(聘)过程中，以性别为由拒绝录(聘)用妇女或者差别化地提高对妇女录(聘)用标准或因结婚、怀孕、产假、哺乳等，降低女职工的工资和福利待遇等行为，最高可处五万元罚款。 全国人大代表、北京金诚同达(西安)律师事务所主任方燕注意到，近年来我国在女性就业方面取得了一些不错的成果，但仍有大量女性在就业市场上会遇到各种阻碍，甚至会受到各类不公平待遇，造成这种现象的原因是多方面的。 比如，女性婚后往往需要承担大量的家庭事务、照顾子女等。这使得女性在就业市场中竞争力下降，难以谋求到好的职位，职场之路相较于男性走得更为艰难。 “无论基于什么原因，对于女性就业歧视行为，一旦出现就应该依法严肃处理、严厉惩治，为女性构建一个更包容的就业氛围，更友好的职场环境。”方燕说。 “用人单位应依法规范招录行为，消除女性在求职过程中遭遇的生育歧视，但为女性提供良好的就业环境，绝不仅是用人单位的责任，而是需要全社会的共同努力。”方燕说。 方燕提出，为鼓励用人单位聘用女性员工，国家或地方可以对积极响应“三孩”政策主动聘用女性的用人单位给予奖励、优惠政策，比如税费减免、评优评先等。这些奖优措施可以直接或间接对冲用人单位用工成本的增加，从而抑制用人单位招聘育龄女性员工意愿下降的趋势。 早在2012年，《西安市妇女发展规划(2011-2020年)》就曾提到，鼓励用人单位吸纳妇女就业，按规定对女性就业比例达到40%以上的企业减免税收。方燕建议，在此基础上，根据用人单位所属行业的用工特点，对聘用育龄女性就业达到一定比例以上的用人单位给予税收优惠。对于创办婴幼儿托育机构的用人单位，可由国家给予财政补贴支持。 全国人大代表、万事利集团董事长屠红燕建议，落实企业税收减免政策，在计算企业所得税应纳税所得额时，按照企业在产期女性职工休假期间支付的工资、生育津贴、岗位空缺填补支出等相关费用给予一定扣除。同时，设立“生育基金”，完善生育保险制度，对于雇佣女职工超过一定比例的企业，给予一定程度的税费减免、财政补贴以及基金补贴等优惠。 破解职场隐性性别歧视，在“疏”的同时也要加强“堵”的力度。 全国妇联副主席、书记处书记林怡建议，抓好新修订的妇女权益保障法贯彻落实。新修订的妇女权益保障法对消除就业性别歧视作了重点规定，明确了就业性别歧视情形、救济渠道和法律责任。建议及时修改《劳动保障监察条例》等配套法规政策，将就业性别歧视纳入劳动保障监察范围，指导各地加强对招聘、录取、晋职、晋级、培训、辞退等环节性别歧视行为的监管。 【,2143,https://www.chinanews.com.cn/sh/2023/04-11/9987499.shtml,结婚;婚恋;婚育
People.cn,2023-04-11,鹤壁市淇滨区：彩礼降温 崇尚婚嫁新风,“每逢周三，俺村红白理事会的老党员、老长辈都会在村委会召开说事评理会。”鹤壁市淇滨区金山街道潘荒村党支部书记赵小波近日向笔者介绍，哪家要办喜事，理事会都会提前安排议事，还会上门说服村民办事从简、抵制高价彩礼。 潘荒村是大河涧乡的搬迁新村，全村930户。近几年，乡亲们有一个共同感受，村里的红白理事会处处为村民着想，倡导移风易俗新风尚，村民的精神生活更加充实丰富了。“有了红白理事会，我们办喜事、办丧事有了标准，再也不用撑面子大摆酒席了，省心又省钱。”村民对红白理事会赞不绝口。 “村‘两委’组织召开村民代表大会，充分征求村民意见，修订完善村规民约，将婚事新办、丧事简办等事宜纳入其中。”赵小波说，村民的老思想老观念在逐渐转变。 60岁的村民赵保妮有三个女儿，按照村里的旧习俗，嫁小女儿的彩礼都是天价。赵保妮却说：“不但嫁小女儿没要彩礼，大女儿、二女儿结婚的时候，俺也一分钱彩礼都没要，年轻人过得好比啥都强，为了面子弄一身债划不来。” 出嫁的闺女不要彩礼，嫁进来的媳妇同样遵循着村里的规矩。村民韩小林的儿子准备今年5月份结婚，女方家不要彩礼，男方为表示对女方的重视和尊重，象征性地给了一些礼金。女方家长说：“俺养闺女不容易，人家养儿子同样不容易。女儿出嫁时，这礼金我也会给小两口儿过日子用。” 高价彩礼看似个人的家事、私事，实际上带有很强的社会属性，乡风民风都受影响。淇滨区相关负责同志表示，下一步，要充分发挥党员干部带头作用，依托村规民约细化实化约束性措施，坚决抵制高价彩礼，倡导并鼓励零彩礼嫁娶，破除陈规陋习，营造节俭文明婚嫁新风尚，让乡亲们切实感受到移风易俗带来的实惠和好处。,690,http://henan.people.com.cn/n2/2023/0411/c378397-40371905.html,高价彩礼;结婚;彩礼;婚嫁
People.cn,2023-04-12,云南墨江警方破获一起“婚恋交友”诈骗案,近日，云南省普洱市墨江县公安局联珠派出所破获一起以“婚恋交友”为名骗取他人钱财的诈骗案，抓获犯罪嫌疑人1名。 金某申请小号假装“父亲”向李女士借钱。（微信截图） 墨江县公安局联珠派出所接到辖区群众李女士报警称：“我被谈了两个月的男友骗了，现联系不到他，请求帮忙。”经了解，李女士和男友金某在抖音认识后发展为“网络男女朋友”关系，并开始谈婚论嫁。金某得知李女士经营一家商铺后，觉得有利可图，故意在李女士面前“露富”，不经意间“晒”微信红包余额，称其父亲在乡镇上有一家大型养殖场等。在骗取了李女士信任后，金某以其父亲想认识未来儿媳妇为由，申请了另一个微信号冒充其父亲添加了李女士微信。期间，金某假借“未来公公”名义，数次以购买养殖场饲料、肥料或生病钱不够等为由让李女士先垫付资金，向金某支付宝账户转账。在男友和所谓男友父亲一唱一和配合下，李女士对“父子俩”的话深信不疑，陆续向转账共计75200元。当李女士意识到被骗向金某索要还款时，金某把李女士的微信、电话全都拉黑，李女士遂向公安机关报警。 接警后，民警根据李女士提供的转账聊天信息等线索，通过深入研判分析锁定嫌疑人身份，最终将犯罪嫌疑人金某抓获。经审讯，金某如实供述了诈骗李女士钱财的违法犯罪事实。其供述，自己长期不上班，好吃懒做，平时沉迷于网络赌博，没有收入来源便萌生了以“婚恋交友”为名骗取他人钱财的念头。 目前，公安机关依法予以金某刑事拘留处罚。 网络交友有风险，千万要谨慎，不要被诈骗分子的花言巧语与表面行为所迷惑，只要对方开始谈钱，就要提高警惕。如果遇到此类诈骗，请第一时间拨打110报警！,675,http://yn.people.com.cn/n2/2023/0412/c361322-40373501.html,婚恋
China News Service,2023-04-16,中年单身女，留神沦陷婚恋“连环套”,重点高校毕业，领导秘书……这些耀眼的光环，让不少中年女性误以为幸福来敲门，稍有不慎就成为被骗财骗色的对象。 近日，河南省洛阳市涧西区人民检察院对办理的婚恋交友诈骗类案件分析研判发现，被害人多为中年女性。 “中年单身女性有一定的经济基础，在感情问题上较为坎坷，在对方的花言巧语下，对其产生好感后，往往戒备心理较弱，进而变得毫无防备，缺乏应有的自我保护意识，导致被骗。”涧西区检察院检察长石笑飞说，不少婚恋诈骗呈现犯罪持续时间长、诈骗次数多的特点。 “我某大学毕业后，分配到某市办公室从事秘书工作，最近调到省城担任某领导的秘书。”经某婚姻介绍所介绍认识后，女子张某被男子李某的自我介绍所打动，对其产生了好感，两人开始交往。 事实上，李某早已结婚，他隐瞒已婚事实，虚构未婚、某重点高校毕业生和某市公务员等身份，就是为了吸引张某上当受骗。两人在交往期间，为了减少与张某见面次数，李某谎称调到省城后，日常工作十分繁忙，经常跟随领导出去调研，难得有休息时间。 “因工作太忙，没有时间去办理结婚登记手续，我就让婚姻登记处为我们办理了结婚证。”李某为了骗取张某的信任，伪造了两人的假结婚证。在没有男方亲属到场，也未举办仪式的情况下，李某招待张某亲朋好友共3桌酒席后，两人正式结成“夫妻”，开始同居生活。 “既然已经结婚了，就是一家人了。”张某对李某的花言巧语深信不疑，虽然李某常常不在“家”，张某一直认为李某是因为工作太忙。李某假借职务晋升、学习深造、亲属生病、婚丧嫁娶、抚养孤儿、购买房产、投资做生意，帮张某及其亲属调动工作、迁移户口、子女入学等理由，共骗取张某46万余元。 “为了我们今后更好的生活，我买了一套住房，我付了首付，你再拿点钱。”直至李某虚构购置房产一事，张某要求实地看房时，其谎言才被揭穿。 没想到以身相许的李某，早已结婚，所谓的高等学历、事业有成也是其精心编造的，不仅伤害了自己的感情，还骗走了自己的大量积蓄，得知真相的张某难以接受，遂向公安机关报案。 公安机关立案后，因案件时间跨度较大，涉案财产多无电子交易记录，诈骗金额固定成为本案的关键，涧西区检察院指导公安机关收集固定证据，形成环环相扣、相互印证的证据链条。 涧西区检察院审查认为，李某以非法占有为目的，虚构事实、隐瞒真相骗取他人财物，数额巨大，且犯罪事实清楚，证据确实、充分，应当以诈骗罪追究其刑事责任。法院开庭审理后，支持了检察机关指控的罪名和涉案金额，以诈骗罪判处被告人李某有期徒刑九年，并处罚金9万元，责令赔偿被害人损失46万余元。 王某是一名单身妈妈，一个偶然机会，她在微信上结识了昵称为“墨菲博士”的男子。该男子自称在国外当医生，3个月后将回国，可以回来和王某共同生活，一起投资办学开诊所。 “博士医生”的主动示好，让王某增添了对未来的深切期许，两个人很快确定了恋爱关系。为获得王某的进一步信任，“博士医生”许诺把自己账户资金转移至其名下，方便后期两个人投资使用。考虑到钱都由自己保管，王某逐渐放下内心的警惕，将名下的3张银行卡卡号、密码告诉了“男友”。 经“男友”介绍，王某结识了其在国外工作的朋友杨某。杨某以兑换货币为由，要求借王某的银行卡使用，并答应支付一定费用作为报酬。 王某按照杨某的要求又办理了3张银行卡，还根据其要求，答应把转到自己账户里的钱，再转至其指定账户。 “你的资金往来这么多？你是做什么生意的？”王某多次对杨某的资金来源提出质疑，但“男友”会及时给出解释，帮助其打消顾虑。就这样，杨某利用王某的银行账户先后过账近139万元，王某从中支取1.26万元用于日常消费。 公安机关发现有5起电信网络诈骗案件的资金进入王某银行账户。王某因涉嫌掩饰、隐瞒犯罪所得罪被抓获归案。 王某以为能和“医生男友”共度今后的美好生活，没想到会卷入5起电信网络诈骗案件，变成了洗钱犯罪链中的一员。 涧西区检察院审查认为，被告人王某在明知“医生男友”及杨某等人利用信息网络实施犯罪的情况下，仍将自己的多张银行卡出借对方使用，用于转账支付结算，并且在银行卡冻结后继续转移违法犯罪资金，情节严重，其行为已经构成掩饰、隐瞒犯罪所得罪。法院开庭审理后，采纳了检察机关的量刑建议，以掩饰、隐瞒犯罪所得罪依法判处其有期徒刑一年，并处罚金8000元。 “在深入了解对方身份背景前，切勿轻易和对方有经济上往来，尤其是提供钱财给对方。对婚介所介绍或网上结识的异性朋友，女性要保持必要的警惕性，不可轻信只言片语而遭诈骗。”石笑飞说。 涧西区检察院分析认为，近年来，婚恋交友成为诈骗类案件的高发诱因，中年女性在甜言蜜语、海誓山盟、糖衣炮弹的“连环圈套”下，往往容易沉浸其中无法自拔，直至财产遭受巨大损失、沦为他人牟利的工具，才发觉不法分子的“恋爱骗局”，只能悔不当初。 “张某被骗一案中，从起初无需本人到场的结婚证办理，到‘婚姻’存续期间为对方转账46万余元，再到虚假购置房产引得案件事发。倘若被害人在领取‘结婚证’时深入思考一步，在对方一味索取时及时醒悟，或许所受伤害可以减轻甚至避免。”办案检察官认为，中年女性要擦亮眼睛，警惕“甜蜜恋爱”背后的“金钱陷阱”，切莫被他人一时的花言巧语迷惑，从而失去理性判断，给不法分子留下可乘之机，最终落得人财两空。(法治日报) 【,2158,https://www.chinanews.com.cn/sh/2023/04-16/9990829.shtml,婚姻登记;结婚登记;婚姻;结婚;婚恋;婚介;恋爱;单身;对象;夫妻
People.cn,2023-04-16,重庆四部门联合发布问题婚姻登记专项整治典型案例,重庆四部门联合召开新闻发布会。市检察院供图 近日，重庆市检察院联合市高法院、市公安局、市民政局召开新闻发布会，对外发布10件以冒名顶替或者弄虚作假的方式办理婚姻登记问题专项整治典型案例。 根据最高法、最高检、公安部、民政部《关于妥善处理以冒名顶替或者弄虚作假的方式办理婚姻登记问题的指导意见》，重庆市高法院、市检察院、市公安局、市民政局于2022年5月联合出台《关于妥善处理以冒名顶替或者弄虚作假的方式办理婚姻登记问题的实施意见》《重庆市以冒名顶替或者弄虚作假的方式办理婚姻登记问题专项整治实施方案》，在全市集中开展问题婚姻登记专项整治活动，携手整治问题婚姻登记，推动无效登记、重复登记依法有序撤销，维护婚姻登记秩序和当事人合法权益。 专项整治活动启动以来，全市法院、检察院、公安、民政部门强化跨部门协作，建立台账开展清单式集中整治，共排查发现案件线索301件，妥善处理问题婚姻登记案件196件，其中审判机关制发司法建议33件，判决登记无效、离婚、撤销登记68件；检察机关制发检察建议（含类案检察建议）55件，推动民政部门撤销或变更婚姻登记79件；公安机关立案、查处相关案件5件，出具证明撤销登记8件；民政部门主动撤销重复婚姻登记41件，切实维护了婚姻登记秩序和当事人合法权益，取得了良好的社会效果。 2002年4月22日，彭某某与申某某在原璧山县某镇登记结婚。2004年申某某离家出走后下落不明。因申某某结婚证上的公民身份号码不真实，导致彭某某多次向法院起诉离婚或向民政局申请撤销婚姻登记均未被受理。璧山区民政局将该线索反映给璧山区检察院后，彭某某于2022年6月22日向检察机关申请监督区民政局撤销其与申某某的婚姻登记。 为了查明案件事实，璧山区检察院在四川省德昌县检察院的配合下，先后到德昌县乐跃派出所、乐跃镇政府进行调查核实。查明：申某某系1985年出生，因与彭某某登记结婚时未达法定结婚年龄，故使用了虚假的公民身份号码到当地政府开具婚姻状况证明，且申某某已于2009年因病去世。 2022年7月21日，璧山区检察院向璧山区民政局提出检察建议，建议及时撤销彭某某与申某某的婚姻登记，并进一步规范结婚登记审查工作，加强婚姻登记政策的普法宣传工作、防范类似情况发生引发的信访风险。璧山区民政局随即撤销了彭某某与申某某的结婚登记，并表示将建立长效机制，严格做好婚姻登记的审核工作，规范处置程序；加强婚姻登记业务培训，提高为民服务的能力。 本案系璧山区检察院通过川渝协作机制实质化解虚假婚姻登记类行政争议的典型案件。检察机关通过行使调查核实权，查明申某某以弄虚作假方式办理婚姻登记的事实真相后，与民政部门共同为民办实事，解决了困扰彭某某20余年的难题，实质性化解了其与政府部门之间长期积累的矛盾，实现了案结事了政和，维护了当事人的合法权益及社会和谐稳定。（首席记者 王玮）,1186,http://cq.people.com.cn/n2/2023/0416/c365402-40378397.html,婚姻登记;结婚登记;婚姻;结婚;离婚;复婚
China News Service,2023-04-17,单身人士苦婚恋网站久矣,中新网 北京4月17日电(韦香惠)“索要千万逼死老公案”当事人翟欣欣再次把婚恋网站推向舆论中心。 “这种网站没一点诚信，成功率低，要价还高，都是为了赚钱，没几个红娘会真心负责。”一位体验过婚恋网站服务的单身人士说道。 近期，有网友爆料称，手机应用WePhone创始人苏享茂前妻翟欣欣疑似在2022年12月第五次在世纪佳缘发布征婚广告。世纪佳缘婚恋平台相关负责人对此回应：“关于翟欣欣在平台第五次注册会员并发布征婚信息的说法是谣言。” 上述平台负责人称，翟欣欣从2019年起已被拉进世纪佳缘平台的黑名单中，并强调：“世纪佳缘目前仍坚持不为该用户提供任何服务的原则。” 这场风波或可追溯到2017年，苏享茂跳楼身亡，并留下遗书称自杀与前妻翟欣欣有关。 根据当时的遗书内容，二人通过世纪佳缘网介绍认识，41天后就离婚。翟欣欣提出1000多万元的离婚赔偿，被外界普遍认为是“逼死”苏享茂的原因之一。 据媒体报道，翟欣欣隐瞒婚史，在世纪佳缘中的信息显示未婚。这让世纪佳缘深陷质疑，其母公司百合网股价一度暴跌近50%，当日市值蒸发超16亿元。 世纪佳缘网站是“中国婚恋第一股”，2003年成立，2011年5月在美国纳斯达克上市。2017年9月，百合网与世纪佳缘完成合并，正式更名为百合佳缘。 2017年9月，共青团中央、民政部、国家卫生计生委发布《关于进一步做好青年婚恋工作的指导意见》，要求婚恋交友平台需严格执行实名制，促进网络婚恋市场规范发展。 不过，问题仍然存在。2021年12月，有记者卧底调查发现，世纪佳缘红娘当“托”、后台可以随意查看用户个人信息，包括会员浏览的异性照片记录、聊天记录等。相关人士透露，即使工作人员看到“杀猪盘”套路诈骗，也要无视，避免用户举报公司侵犯个人隐私。 在中国裁判文书网上，有不少起诉婚恋网站的服务纠纷案件，涉及金额从几千到数万元不等。根据这些公开的判决书信息，大部分原告提供的证据都不足以支持法院认定被告婚恋服务公司违约。 多位受访者向 中新网 表示，这些婚恋网站存在诱导协议、霸王合同之嫌，安排的约会对象也与事先要求不符。 家住南通的季先生去年5月在百合APP注册了个人信息，后经工作人员联系他称有女性看中要线下见面。“他们说我条件好，当时又单身，家里催得急，我就一下子把钱交了。”胡先生告诉 中新网 ，交费前并没有见到合同内容，交完后对方让他在一个平板电脑的空白处签了字，随后生成了一份电子合同。甲方是他，乙方是百合佳缘网络集团股份有限公司，内容是乙方向甲方提供红娘服务，价格为6688元。 类似的情况也发生在胡先生身上。他生活在广东深圳，在百合网注册后接到电话，说有女方感兴趣，引导去线下店铺见面，事后签订了一份9000元的婚恋签约服务合同。“他们说原价要1万多，当天可以打折。” 合同签订后，这些机构陆续开始推荐约会对象。 季先生的择偶要求是未婚，出生于1992年到1998年之间。根据双方合同附件，世纪佳缘应向季先生推荐候选人10人，约见5人。 “实际介绍了几个都以各种理由拒绝添加微信，就一个通过的还是在银行工作拉业务的”。季先生称，有一个女的离异未育，给他的资料却并未明确。 “合同上说最少见4个，我也没找他们见第四个，忽悠我有90%的成功率，还说可以在他们那学到如何谈女朋友，可是我看他们啥也没教，就随便找两个女的，说不定还有托。”胡先生说。 近期，北京市、天津市、河北省3地消协组织对婚介服务消费进行调查的结果显示，实际服务与承诺不符是消费者反映最多的问题，主要表现为婚介服务平台介绍的相亲对象不符合预期、介绍的会员数量与合同不符等问题。部分平台收费后，存在后续服务没有按照约定精准匹配，甚至敷衍了事的问题。 此外，还有退款难的问题。“世纪佳缘”“爱优婚恋”等婚恋APP在用户协议中，存在类似会员服务一经售出不退不换的条款。体验员在与“marry U”平台签合同前，服务人员承诺可以退款，但在服务期间，由于专属红娘更换，导致后期服务标准降低，匹配对象的数量和质量均未达到预期，体验员提出退款要求却遭冷遇。 季先生从今年2月开始一直在维权中，进展不理想。他表示，前后咨询过多位法律人士，并且去当地派出所报警，但只是一番调节，无法立案。胡先生也曾多次向有关部门投诉要求退款，但双方无法达成一致，建议走司法程序。 北京岳成律师事务所高级合伙人岳屾山律师告诉 中新网 ，他们也曾接到过相关法律咨询，但由于消费者未保留与婚恋平台的沟通记录，不能证明婚恋平台存在虚假宣传的行为；即便消费者已报案，被骗钱财也不能及时追回等。 岳屾山表示，婚恋中介行为是一种特殊的中介服务。这类交易中，婚恋平台为征婚者提供的虽不是订立合同的机会，但提供的是建立恋爱关系或缔结婚姻的机会，此服务与中介性质基本相同。 如果婚恋平台在提供婚介服务过程中，未能尽到基本审查义务和谨慎注意义务，消费者因此遭受侵害的，依据《民法典》，婚恋平台应在其过错范围内对消费者的损失承担民事赔偿责任。 此外，一些婚恋平台会在网页中发出声明，类似于“网站用户所发布信息仅代表个人言论，与 ，如果婚恋平台将其平台安全性、信息可实名认证、婚恋对象真实性，作为宣传噱头，引导消费者充值。在实际服务时对于其承诺的安全保障、信息审核义务均没有达到其承诺，婚恋平台存在欺骗、误导消费者的情况，其行为涉嫌虚假宣传，应承担相应行政责任。 他提醒，消费者要有证据固定意识，应留意交往细节，保存好相关证据，为以后可能产生的争议纠纷做好准备。例如，消费者要保留自己与婚恋平台签订的书面合同、与婚恋平台的微信聊天记录、电子邮件、婚恋平台提供的婚恋候选对象信息、自己与婚恋候选对象的聊天记录、自己的付款转账记录等。更谨慎一点的做法，就是将所有的沟通过程做好录音，出现纠纷时，这些都可作为证据。(完),2381,https://www.chinanews.com.cn/sh/2023/04-17/9991331.shtml,婚姻;结婚;离婚;婚恋;婚介;恋爱;相亲;单身;择偶;对象
People.cn,2023-04-18,婚姻不幸，法律为她们撑起“保护伞”,遭遇家暴，女性如何保护自己？男方出轨，女方如何避免人财两空？为照顾家庭长期不工作的女性，离婚时如何维护自己的合法权益？近日，上海市第一中级人民法院梳理了近年来妇女权益保护的一些典型案例，为女性用法律维护自身的权益提供指导。 女子婚后照顾小孩未工作，离婚时获家务补偿 小芳和小刚是从小认识的同学，两人恋爱结婚后，生了一个可爱的女儿。女儿出生后不久，二人因生活琐事产生矛盾，导致夫妻感情不睦，于2021年10月起分居。女儿出生之后，一直都是小芳在照顾，一直在家没有工作。 2022年4月，小刚起诉提出离婚，要求女儿由他抚养，小芳每月支付抚养费等。小芳同意离婚，请求女儿由其抚养，小刚支付抚养费等。小芳称，女儿不满两周岁，尚未过哺乳期，需要她一直陪伴，她无法外出工作，负担较多义务，要求小刚补偿其劳务费5万元。 一审法院认为，根据法律规定，离婚后，不满两周岁的子女，以由母亲直接抚养为原则，本案中孩子尚不足两周岁，且平时主要由小芳照料，故孩子随小芳生活更为适宜，并根据实际情况判决小刚支付抚养费每月2000元。 关于补偿款，一审法院认为，小芳婚后在家照料女儿，确在抚育子女、承担家务方面付出了较多时间和精力，其劳动价值应值得肯定。结合双方结婚时间、小芳在家照顾女儿的持续时间以及小刚收入情况等因素，判决小刚给付小芳补偿款5000元。 小芳不服一审判决，上诉至上海一中院，要求小刚支付其补偿款5万元。上海一中院经审理认为，一审法院在依法分割夫妻共同财产时，已充分考虑了照顾女方的因素，再依据小芳家庭的实际情况以及小刚的收入等因素，酌情确定补偿款金额。小芳再要求提高补偿款，缺乏事实依据，故对其上诉理由未予支持。 本案主审法官、上海一中院少年家事庭审判团队协助负责人黄蓓介绍，民法典规定，夫妻一方因抚育子女、照料老年人、协助另一方工作等负担较多义务的，离婚时有权向另一方请求补偿，另一方应当予以补偿。该条款打破了原婚姻法有关适用家务劳动补偿制度需满足夫妻分别财产制的前提条件，明确肯定了家务劳动的经济价值和社会价值，为照顾家庭付出较多家务劳动的一方在离婚时请求家务补偿明确了法律依据，对保护家庭妇女合法权益、促进社会和谐稳定具有积极意义。 女子因丈夫出轨起诉离婚，法院判决男方支付精神损害抚慰金 小岚和小枫经自由恋爱结婚，婚后不久二人生育一女。可好景不长，2016年底，女儿出生半年多，小枫就去了外地工作，与小岚分居。自此二人一直处于分居状态。 2019年初，小岚发现小枫与其他女子交往，气愤不已的小岚向小枫提出离婚，并诉至法院，要求女儿由其抚养，小枫支付抚养费等。 小岚还提出，小枫出轨的行为给她带来了巨大的精神伤害，要求小枫支付其精神损害抚慰金20万元。小枫同意离婚，但称与案外女子只是互有好感的朋友，并没有同居，不同意支付精神损害抚慰金。 一审法院认为，双方虽然系自主婚姻，但婚后未建立真正的夫妻感情并因工作原因长期分居，以致夫妻感情疏离。其间，小枫又与案外女子发生婚外感情。现小岚主张离婚，小枫同意，故判决二人离婚，女儿由小岚抚养，小枫支付抚养费每月3000元。但一审法院未支持小岚提出的精神损害赔偿要求。 小岚不服一审判决，上诉至上海一中院，要求小枫支付其精神损害抚慰金。上海一中院经审理认为，虽然本案中，小枫否认有出轨行为，但根据已经在案的保证书、日记等材料，足以认定小枫在一定时间段内与案外女子存在婚外情，并导致双方婚姻破裂。小岚提出的相应损害赔偿，存在法律和事实依据，理应予以支持。根据小枫婚外情的具体情况、过错程度、造成的后果，并结合该案一审中财产分割已酌情照顾女方等因素，法院判决小枫应支付小岚精神损害抚慰金1万元。 本案主审法官、上海一中院少年家事庭副庭长潘静波指出，民法典第一千零九十一条规定了无过错方可请求损害赔偿的情形，相比较婚姻法第四十六条，增加了“有其他重大过错”的兜底条款，以更好地保障无过错方的合法权益。基于此，法院根据案件具体情况，结合过错情节、损害后果等因素，对过错方是否存在重大过错进行了认定。本案中，根据已经在案的材料，法院认定小枫已构成重大过错，故支持了小岚关于精神损害抚慰金的部分诉请。 阿梅和阿勇在工作中相识后相恋，于2013年11月结婚并育有一子。结婚初期，夫妻感情尚可，但后来阿勇经常外出游玩，又没有正当工作，导致双方矛盾越来越大。 2021年3月，阿梅遭阿勇家暴而报警，同年6月，阿梅再次遭遇家暴并报警，阿勇当日出具保证书，承诺不再与阿梅吵架，以后不使用暴力。可是同年8月，双方多次在电话中争吵，阿勇还用言语威胁阿梅。后阿梅因家暴原因，在本市某区救助管理站获得救助。 2021年9月，阿梅向一审法院起诉离婚，阿勇不同意，其间阿梅又多次遭到阿勇的威胁和骚扰。同年12月，阿梅向法院申请人身保护令，法院作出民事裁定：禁止阿勇对阿梅实施殴打、辱骂、威胁等行为；禁止阿勇骚扰、跟踪、接触阿梅及其亲属；禁止阿勇在距离下列场所200米内活动：阿梅的住处、工作单位、孩子学校、孩子培训学校。 2022年1月，阿梅再次报警，称阿勇酒后欲前往其住处闹事，此后阿勇在与阿梅的微信沟通中，还用言语侮辱阿梅。 一审法院认为，双方虽经自由恋爱结婚，但在近年来的共同生活中争执不断，阿勇未能控制情绪，使用暴力手段，侵害阿梅身体和精神，在法院出具人身保护令后仍有言语侮辱行为，可确认双方感情已破裂，故对阿梅要求离婚的请求予以支持。此外，由于阿勇对阿梅实施家暴的行为，对夫妻感情破裂负有过错责任，阿梅有权要求损害赔偿，判决阿勇给付阿梅精神损害抚慰金8000元。 阿勇不服，提出上诉。上海一中院经审理认为，阿勇对阿梅实施家暴证据确凿，现阿梅要求离婚，理应予以支持。阿勇上诉称双方感情未破裂，并称阿梅有重大过错，与事实不符，故阿勇以此为由请求判令不离婚，不予支持，遂驳回上诉，维持原判。 本案主审法官黄蓓指出，当事人因遭受家庭暴力或者面临家庭暴力的现实危险，可以向人民法院申请人身保护令。人民法院在审理离婚案件判断感情是否确已破裂时，实施家庭暴力是判决离婚的法定事由之一。在判定存在家暴情节的离婚案件中，离婚财产分割以照顾无过错方为原则可对施暴方少分财产，对于受害方精神损害赔偿的请求应当予以支持，具体数额根据当地的经济发展水平、过错方的侵害程度等因素进行综合判定。（文中当事人皆为化名） 如何通过审判工作有效保障妇女权益，是家事审判工作的重要内容。上海一中院少年家事庭庭长方方表示，该院不仅在裁判中体现对妇女权益的保护，肯定女性家务劳动价值、惩戒家庭暴力行为，依法对妇女实施特殊保护，还不断探索建立案后回访、心理干预、家庭教育指导等工作机制，持续关注判后妇女婚姻家庭状况。 据了解，日常审判工作之余，上海一中院还延伸司法链条，走进社区开展法律咨询，深入街道学校，宣传典型案例，营造保护妇女权益良好社会氛围。 方方还表示，妇女权益保护是一项长期工作，在今后的工作中，上海一中院少年家事庭将进一步发挥司法审判职能，创新审判延伸工作，为有效维护妇女权益提供司法保障。,2886,http://yn.people.com.cn/n2/2023/0418/c361322-40380526.html,婚姻;结婚;离婚;恋爱;夫妻;家庭暴力;家暴
People.cn,2023-04-20,男子私自出售夫妻共同房产并转移房款,与妻子感情日渐不和，不努力挽救走向破裂的婚姻，却擅自出售共有房屋，并将售房款转移藏匿或挥霍殆尽，结果是“赔了夫人又赔钱”。近日，广东省广州市花都区人民法院审结一起离婚纠纷案，判决准予夫妻二人离婚，并由转移财产方林先生向妻子支付60%的售房款。 1991年9月，方女士与林先生登记结婚，育有两女。2021年，因感情不和，方女士诉至法院要求离婚。法院审理后认为，原告提供的证据不足以证明双方感情确已破裂，判决不准予双方离婚。 2022年，因双方关系没有改善，方女士再次诉至法院要求离婚，并主张林先生擅自将双方婚后购买的某房屋进行出售，并把售房款84万余元全部取走，遂要求林先生向其返还70%的售房款59万余元。 法院经审理查明，林先生收到售房款84万余元后，在2021年2月2日至2月10日短期内进行大额转账、取现或者消费，致该银行账户余额仅剩4000余元。 法院审理后认为，本案中，案涉房屋为夫妻共同财产，林先生在收取售房款后理应与方女士共同协商处分，但林先生并未为之，而是在短时间内擅自对售房款大额取现或汇款，直至账户仅剩4000余元，该行为属于隐瞒、转移夫妻共同财产的行为。林先生主张售房款已用于购买彩票、吃喝等花费，但并未提交证据证实，且即便属实，也属于挥霍夫妻共同财产的行为。故方女士主张林先生少分财产，有充分的事实依据和法律依据，应予支持。综合双方的财产情况及林先生的行为考虑，法院确定由林先生向方女士补偿售房款的60%。 本案经办法官陈佩勤指出，处分夫妻共同财产应当在诚实、互信、协商一致的基础上进行。无论是在离婚诉讼前还是离婚诉讼中，任何一方隐藏、转移、变卖、毁损、挥霍夫妻共同财产或者伪造夫妻共同债务企图侵占另一方财产的，均属于侵害夫妻共同财产权的情形，应当承担相应的法律责任，另一方可以据此主张转移一方少分或不分财产。具体的分割比例由法官根据当事人请求以及个案情节酌定，比如财产的金额、双方对家庭财产取得的贡献大小、转移一方的主观恶意程度以及双方对抚育子女家庭义务的承担等因素。（人民法院报记者 郑育婷 通讯员 林绮虹）,868,http://sc.people.com.cn/n2/2023/0420/c345459-40384072.html,婚姻;结婚;离婚;夫妻
People.cn,2023-04-22,人民日报点赞山东沂水县：婚姻服务新意多 移风易俗有创意,婚俗礼仪与时俱进，文明新风吹拂城乡。为塑造文明婚俗，近年来，全国多地积极倡导喜事新办，通过组织集体婚礼、号召榜样示范、完善婚姻服务等方式，创新移风易俗方法路径，引领婚俗新风尚。 近年来，为塑造文明婚俗新风尚，全国多地积极倡导喜事新办，创新移风易俗方法路径，将婚嫁、生育、养育、教育一体考虑，引导适婚青年树立正确的婚姻观、家庭观，帮助解决群众在婚恋交友等方面的操心事、烦心事，推动形成勤俭节约、健康向上、反对奢侈浪费的良好社会风气，以文明新风见证幸福。 融融春光里，山东省沂水县景区赛石·沂水花朝园花团锦簇，游人如织。“穿过这片花海，就到婚礼基地了，基地布景美观大方，还融合了很多中国传统文化元素，在这里领取结婚证很有意义，我们还打算在这儿参加集体婚礼。”刚领完结婚证的沂水县后埠子村村民崔自洁高兴地说。 沂水县委书记陈士贤介绍，作为全国婚俗改革实验区之一，沂水积极倡导喜事新办，做好配套服务，鼓励青年群体参加集体婚礼。赛石·沂水花朝园便是沂水县打造的集体婚礼基地，新人在此参加集体婚礼无需任何费用，县文化和旅游局、文联还会组织各界文艺人才为新人提供摄影服务、赠送书画作品等。 为更好提升婚礼基地服务能力，沂水县民政局还在花朝园游客中心设置了婚姻登记点，在双休日、节假日或举办集体婚礼时，为新人提供结婚登记、室外颁证等服务，届时新人及其陪同人员均可免费进入景区。 近年来，民政部积极推进集体婚礼、结婚颁证服务等制度创新。各地专门设置室外集体婚礼基地，定期组织举办集体婚礼，深受青年群体欢迎；创设室内室外颁证场所，积极推动结婚颁证服务创新。山西省运城市盐湖区邀请金婚老人等为特邀颁证员，为新人举办集体颁证仪式，让结婚承诺、颁证仪式成为群众喜闻乐见的新风尚。 “没想到结个婚，也能上村里的‘红榜’。”最近旅行结婚回来的赵忠寿说。赵忠寿家住贵州省息烽县温泉镇安龙村，为响应村里移风易俗的号召，他和妻子选择了旅行结婚，不仅节省了开支，还作为先进典型登上了村里移风易俗的“红榜”。 “以前村子里办酒的攀比之风盛行，‘你家办10桌，我家就办20桌’，设置‘红榜’以来，许多村民转变观念，自觉婚事简办、新办。”安龙村党支部书记吴吉米说。 近年来，息烽县探索建立“治风红黑榜”，对婚丧喜庆事项进行全程跟踪。榜单按月积分，月末开展评比活动，对上“红榜”的家庭，在各类精神文明评优评先活动中优先推荐，并在群众会上公开表扬和奖励。截至目前，息烽县推荐“红榜”家庭530户为县级最美家庭，成功推荐35人为“贵州好人”。 发挥榜样示范带头作用，引领婚俗新风尚。各地区创新农村移风易俗的方法路径，大力推广文明积分、道德超市、“红黑榜”等做法，发挥文明家庭、五好家庭、最美家庭等示范带动作用，加强正向引导，对农民群众的文明行为给予相应的精神、物质奖励；打造内容鲜活、形式新颖的各类家庭家教家风建设活动，用身边人、身边事来净化社会风气，营造健康向上的社会氛围。 步入河南省开封市禹王台区婚姻登记处，新人仇嘉慧和马帅正在填写结婚登记审查处理表。“我们要办一场文明简约、节俭适度且富有纪念意义的婚礼。”领完结婚证，仇嘉慧跟马帅一起来到婚姻登记处二楼。去年，禹王台区民政局在这里打造了一座婚俗博物馆，展示中国婚书的演变、婚姻关系的发展历史，让新人在潜移默化中接受教育、转变观念，自觉抵制天价彩礼、反对低俗婚闹，树文明新风。 作为全国婚俗改革实验区之一，近年来，禹王台区把婚俗新风融入婚前婚后不同阶段，借助相亲交友平台引导未婚青年吸纳良俗，通过开展婚俗文化宣传晚会、讲家风故事、猜灯谜等活动，推动形成婚事从简、婚俗从新的文明新风。 2月14日，江苏省无锡市滨湖区民政局婚姻登记处，一对对新人完成颁证仪式后，一起参加了“倡导简约婚礼，推进婚俗改革”新婚沙龙活动。全国家庭教育指导师张红现场开讲“滨湖·幸福课堂”直播课程，传递良好家风，传播互敬互爱的婚姻价值观。 滨湖区民政局局长袁珺介绍，作为全国婚俗改革实验区之一，滨湖区从开展婚姻家庭辅导、传承良好家风家教等多方面入手推进婚俗改革，开设婚姻辅导线上课堂，向青年人传递正向婚恋观、家庭观，还创新举办了“甜蜜爱情故事”“旧时光情书展”等网络直播，受到辖区青年夫妻的好评。 近年来，全国各地积极探索，采取公益创投、经费补贴、政府购买服务等方式，对新婚当事人提供情感辅导、心理疏导等服务，提高当事人维护婚姻家庭的综合能力和素质。目前，全国84%以上的县级婚姻登记机关设立了婚姻辅导室，婚姻家庭服务长效机制初步建立。 抓住关键少数，党员、干部以身作则带头移风易俗。各地完善农村党员、干部带头移风易俗的规定，落实农村党员、干部操办婚丧喜庆等事宜报备制度，为群众作表率。 江西省贵溪市滨江镇，准新郎江宇笑着拉起未婚妻张静的手，“我们准备结婚了。”2021年9月，贵溪市被纳入第二批全国婚俗改革实验区。贵溪市提出，党员、干部要以带头抵制高价彩礼的实际行动，带动形成移风易俗的良好风尚。张静作为基层党员，自觉响应政府低彩礼号召，与江宇一起向双方父母说明了婚俗改革的来龙去脉，表达了婚事新办的愿望。“只要他们感情好、人上进，就是我们做父母的最大心愿。”最终，双方父母同意婚事新办。 移风易俗是一项长期工作，必须形成长效机制。下一步，农业农村部将会同有关部门继续加强移风易俗专项治理工作推动落实，指导各地加大工作力度，探索创新方式方法，督促县乡村落实主体责任，完善村规民约等制度规范，及时发现和纠正苗头性、倾向性问题，引导建立移风易俗长效机制，推动乡村焕发文明新气象。 《人民日报》（2023年4月22日 2版）,2299,http://sd.people.com.cn/n2/2023/0422/c166194-40387032.html,婚姻登记;结婚登记;高价彩礼;天价彩礼;婚姻;结婚;婚恋;彩礼;婚俗;婚嫁;适婚;相亲;夫妻;婚礼
People.cn,2023-04-23,《彝族学生忧高价彩礼 多方施策治陈规陋习》案例入选2022年度四川省走好网上群众路线优秀案例,2023年，四川省政府信息公开办从各地各部门和“问政四川”等网络诉求平台推荐的2022年已办结的364个优秀案例中，遴选了30个具有较强代表性、创新性、可复制性的优秀案例。其中，凉山州案例《彝族学生忧高价彩礼 多方施策治陈规陋习》入选2022年度全省走好网上群众路线为民服务办实事优秀案例。 2022年以来，凉山州以《凉山彝族自治州移风易俗条例》为法律遵循，将治理高价彩礼作为切入点，持续开展移风易俗重点领域突出问题专项治理，大力培育文明乡风，全州移风易俗工作以星火燎原之势，燃遍彝乡大地。 强化组织领导，健全组织体系。 以“一年见成效、两年固基础、三年成常态”为目标，成立了凉山州移风易俗工作领导小组和移风易俗工作领导小组办公室均为双组长制的组织架构，移风易俗工作领导小组由州委书记、州长任双组长，州委副书记任常务副组长，全面统筹推进全州移风易俗工作。 建立专班制度，落实清单管理。 组建州县乡三级移风易俗工作专班，其中州县两级专班实体化运行，共计208人全脱产参与移风易俗工作推进。制定《凉山州移风易俗工作清单》《凉山州移风易俗工作调度清单》，结合各部门职能职责，将全州移风易俗工作细化成94项具体任务。州县乡三级构成“指挥部+清单制”的工作体系，构建了一张网、一盘棋的工作格局。 坚持问题导向，靶向精准施策。 重点聚焦高价彩礼、大操大办等治理难点堵点，先后制定出台了《凉山州治理高价彩礼深化移风易俗总体方案》《凉山州治理高价彩礼深化移风易俗工作导则》《在党员、干部和行使公权力的公职人员中开展高价彩礼问题治理深化移风易俗的工作方案》《党员、干部和行使公权力的公职人员移风易俗“四严禁四不准”纪律规定》等政策文件，明确婚嫁彩礼最高不超过10万元的标准，形成“1个总体方案+3个细化规定”的制度体系。 治理成效明显，工作成果显著。 移风易俗高价彩礼专项治理以来，该州共制止10万元以上彩礼685起，收集村（居）民从简办理婚丧事宜的典型事例1316起，兑现移风易俗举报奖励金32500元，纪检监察部门对违反移风易俗相关规定案例，已立案党员干部10人，组织处理23人，发出5份纪律检查建议书。,895,http://sc.people.com.cn/n2/2023/0423/c345167-40388951.html,高价彩礼;彩礼;婚嫁
People.cn,2023-04-23,百余名单身青年共赴“重庆共青团·青春之约”,人民网重庆4月23日电 （胡虹）4月21日至22日，由共青团重庆市委主办，共青团 涪陵区委承办的“相约涪州·缘定爻里”2023年“重庆共青团·青春之约”青年婚恋交友示范活动启程出发，来自全市各机关、国企等单位的100余名单身青年，看人文荟萃、相约园游会，共赴两天一夜的心动之旅。 活动伴着涪陵文旅画卷展开，在美心红酒小镇，组织嘉宾自我介绍、开启互动游戏，增进彼此的认识，通过红酒小镇打卡、分组游园会畅玩美心洋人街，大家在欢声笑语中逐渐磨合，共同度过一段印象深刻的欢乐时光，拉近了彼此距离。 第二天，在点易洞体验“程朱理学”发祥地历史文化，历史人文专家李世权老师开展讲学，通过文化内涵和民俗，以丰富的案例和经验分享，引导青年树立正确婚恋观，大家在一起颂读正能量爱情诗歌中领悟爱情真谛、进一步升华情感。随后大家在爻里小镇，休闲互动，沉醉涪陵旖旎风光，在大美河山下见证甜蜜爱情。 单身青年参加互动游戏。共青团重庆市委供图 “此次活动我感觉特别有意思，和我以往参与的各类交友活动都不一样，主办方各项工作也特别贴心。”参与活动的嘉宾说道。据统计，现场共有10对青年成功牵手。 据悉，“青春之约”青年交友活动是由共青团重庆市委依托业缘、地缘、趣缘、乡缘等纽带，打造的婚恋交友品牌，已成功举办婚恋交友市级示范活动300余场次，带动区县、高校、机关企事业单位开展婚恋交友活动1000余场次，受到市民和参与青年广泛好评。未来还将根据青年多样化需求推出更多丰富多彩的交友活动，帮助单身青年扩大社交圈、邂逅有情人。,646,http://cq.people.com.cn/n2/2023/0423/c365402-40389026.html,婚恋;单身
People.cn,2023-04-27,离婚冷静期内一方新增财产如何分配（以案说法）--健康・生活--人民网,【案情】张某与妻子王某因感情破裂协议离婚并签署《自愿离婚协议书》，此后，张某迟迟未向王某支付协议中约定的抚育补偿款，王某向法院提起诉讼。庭审过程中王某得知，张某母亲在两人离婚冷静期内去世，并遗留有一套房产，张某办理了遗产公证，并将房屋出卖。王某认为，张母去世发生在离婚冷静期内，当时原、被告仍处于婚姻关系存续期间，因此张某继承的房屋份额应属于张某和王某的夫妻共同财产，要求分割张某出卖房屋取得的售房款。 法院经审理认为，张母去世时张某与王某仍处于婚姻关系存续期间，且张母的自书遗嘱中并未写明张某继承取得的房产份额属于张某个人所有或者不属于夫妻共同财产。张某变卖继承房产按份额所分得的售房款属于一项新增的、并未进行分割的夫妻共同财产。因此，张某继承的房产份额属于夫妻共同财产，归张某与王某共有，王某有权主张分割售房款。 【说法】法官表示，离婚冷静期内，新增的财产并不能一概认定属于或不属于夫妻共同财产，而应该以是否符合法定条件为准。 我国的相关法律对于夫妻共同财产有明确的规定。民法典第一千零六十二条规定：“夫妻在婚姻关系存续期间所得的下列财产，为夫妻的共同财产，归夫妻共同所有：（一）工资、奖金、劳务报酬；（二）生产、经营、投资的收益；……夫妻对共同财产，有平等的处理权。”第一千零六十三条规定：“下列财产为夫妻一方的个人财产：（一）一方的婚前财产；（二）一方因受到人身损害获得的赔偿或者补偿；（三）遗嘱或者赠与合同中确定只归一方的财产；……”第一千零六十五条规定，男女双方可以约定婚姻关系存续期间所得的财产以及婚前财产归各自所有、共同所有或者部分各自所有、部分共同所有。约定应当采用书面形式。没有约定或者约定不明确的，适用本法第一千零六十二条、第一千零六十三条的规定。 法官提示，在离婚冷静期内，双方还未正式办理离婚登记，在法律意义上还是夫妻关系，但进入离婚冷静期后双方对离婚的后果有着明确的预期。因此，在离婚冷静期内，对婚姻存续期间的财产安排、儿女照顾，要充分沟通协商，审慎处理。 《 人民日报 》（ 2023年04月27日 19 版）,870,http://health.people.com.cn/n1/2023/0427/c14739-32674501.html,离婚冷静期;婚姻;离婚;夫妻
People.cn,2023-05-02,五一当天，上海共计办理结婚登记407对,上海市民政局介绍，5月1日上海市各婚姻登记机关精心安排，共为407对新人办理结婚登记服务。黄浦区通过婚姻学堂将“婚前十个必答题”融入到颁证仪式中，浦东新区开设婚姻家庭辅导“云课堂”，宝山区举办环保婚礼创意征集活动……详见↓ 市婚姻登记中心跨前服务、主动对接，通过电话及电子邮件提前告知当事人所需材料，为涉及5个国家和1个地区的新人办理了结婚登记。 黄浦区通过婚姻学堂将“婚前十个必答题”融入到颁证仪式中，邀请专业律师通过答疑解惑帮助新人建立平等、和睦、文明的婚姻家庭关系，增强家庭责任感。 浦东新区开设“性格解码，打造两个人的幸福”婚姻家庭辅导“云课堂”。通过生动形象的案例，深入剖析不同性格特质，加强夫妻之间的了解，提高沟通技巧，构建和谐家庭关系。 静安区举办“囍于静安，爱结新缘”五一劳动节专场颁证活动，将传播文明婚俗和传承优良家风融于颁证活动当中，引导新人感悟责任担当，发扬勤劳节俭的婚姻价值观，共同为幸福生活奏响爱的乐章。 闵行区开展“劳动精神·家来传承”主题颁证活动，增强婚姻登记仪式感和神圣感，弘扬时代新风，传承优良家风。 “劳动是一切幸福的源泉！”徐汇区精心布置颁证大厅，吸引新人们纷纷合影打卡留念。展厅内滚动播放劳动节宣传视频，向新人积极倡导“劳动创造幸福”的和谐家庭理念。 杨浦区特别策划“创全国文明城区，建杨浦美丽家园”新人倡议签名活动，引导新人在建立幸福小家的同时履行社会责任，争做文明创建的参与者、践行者和传播者。 宝山区举办“劳动铸幸福，婚俗谱新篇”环保婚礼创意征集活动。新人们积极参与环保婚礼好点子征集，用实际行动表达对劳动精神和婚俗改革的认同。,687,http://sh.people.com.cn/n2/2023/0502/c134768-40400410.html,婚姻登记;结婚登记;婚姻;结婚;婚俗;夫妻;婚礼
People.cn,2023-05-05,视频中假装年轻女性“谈恋爱”诱骗他人为其付款--社会・法治--人民网,本报讯 将他人抖音视频转发在自己的微信、抖音等社交账号上，将自己虚构成年轻女士，53岁的秦某以此诱骗他人为其发红包、代付款共计1.3万余元。近日，安徽省广德市人民法院开庭审理该起诈骗案件，判处被告人秦某有期徒刑并处罚金。 2022年2月至10月，被告人秦某以非法获利为目的，复制杨某抖音账号上发布的作品。秦某将这些作品发布在自己的微信、抖音、伊对APP等社交平台账号上，并将自己伪装成年轻女士。秦某以“谈恋爱”为名，诱骗被害人梁某为其发微信红包、微信转账、拼多多代付款等，非法获利共计人民币1.3万余元。案发后被告人秦某向被害人梁某退还了全部违法所得。 法院审理后认为，被告人秦某以非法占有为目的，通过虚构事实、隐瞒真相的方法骗取他人财物，数额较大，其行为已构成诈骗罪。归案后，被告人秦某具有如实供述自己的犯罪事实、退还被害人全部违法所得、自愿认罪认罚等情节，依法可以从轻处罚。最终，法院判处秦某有期徒刑八个月，缓刑一年，并处罚金1万元，对其违法所得予以追缴并返还被害人。（胡庆薇）,441,http://society.people.com.cn/n1/2023/0505/c1008-32679003.html,恋爱
People.cn,2023-05-06,离婚协议约定女方不给抚养费 现男子收入下降想“毁约”，行吗？ 法院这样判……,四川绵阳一对夫妻因感情不和协议离婚，约定孩子随父亲生活，父亲自愿承担全部抚养费。一年后，父亲因患病多次手术并更换工作，导致收入下降，于是以孩子的名义起诉，要求孩子母亲每月给付抚养费1000元。 5月5日，记者从绵阳市三台县人民法院获悉，离婚协议合法有效，但协议不能妨碍子女在必要时向父母任意一方提出超出协议约定数额的合理要求。因此，为保障孩子健康成长，法院酌情确定母亲每月支付抚养费500元。 黄某和李某原系夫妻，在婚姻期间，生育了一名儿子。因夫妻二人后来感情不和，最终协议离婚。双方经过多次协商，确定孩子随父亲黄某生活，黄某自愿承担全部抚养费。2022年4月，双方就该协议办理了公证。 离婚后，黄某重组家庭并又育有一子。而且，黄某因患病，经过了多次手术，并且更换了工作，导致收入下降，抚养压力变大。于是，黄某找到前妻李某，希望能支付抚养费，但遭到拒绝。一年后，黄某以孩子名义到法院起诉，主张抚养费。 庭审中，李某称其再婚后也生育一子，目前无法出去工作，家里日常生活、还贷等都由孩子父亲支持。经济困难，要求黄某按协议继续履行。 三台县人民法院经审理认为，虽然夫妻离婚时协议约定了孩子由父亲抚养，母亲不支付抚养费，该协议不违反法律规定，应当认定合法有效。但双方达成的协议不能妨碍子女在必要时向父母任意一方提出超出协议约定数额的合理要求。随着孩子年岁增长，相应经济开销将不同程度增加。此时黄某因患病收入下降、需同时抚养两个子女等原因，经济相对之前是更为困难的。因此，为保障孩子健康成长，综合其实际需要、当地消费水平以及李某的经济承受能力，法院酌情确定母亲李某每月支付抚养费500元。 判决后，经三台县人民法院承办法官多次主动判后答疑，当事人均服判息诉，表示将参照判决履行，共同友好沟通，照顾好孩子的生活。（熊杨杨 成都商报-红星新闻记者 汤小均）,771,http://sc.people.com.cn/n2/2023/0506/c345459-40404224.html,婚姻;离婚;再婚;夫妻
People.cn,2023-05-08,江西广昌：村支书“零彩礼”嫁女,有这样一位父亲，嫁女儿主动不要彩礼，被村民笑“糊涂”...... 这位村民们口中的“糊涂”父亲就是江西省抚州市广昌县尖峰乡东营村的村支书卢响亮。 卢响亮的女儿和男友情投意合，双方家长约定2020年5月结婚。订婚时，男方家长特意带着一大笔现金到卢响亮家商谈彩礼。结果还没开始谈礼金，就听到卢响亮说自己准备“零彩礼”嫁女。 “亲家，他们两个年轻人相亲相爱，能相互体贴过一辈子，彩礼什么的都是形式。昨天晚上我们夫妻俩商量了一下，决定不收彩礼。”卢响亮说道。 男方家长听后喜出望外，握着卢响亮的手说道：“亲家说得对，他们小两口的幸福是最重要的。你放心，小奕在我家不会受一点委屈。” 卢响亮“零彩礼”嫁女一事在村里引起了不小的轰动，一时间村民议论纷纷，说他开明的有，说糊涂的也有。 “作为一名父亲，只要孩子们的日子过得好，彩礼什么的都是形式。”卢响亮笑着说道。 村看村、户看户、群众看党员。在党员干部的带头引领下，如今，新办喜事、简办丧事，多行善事已成为不少村民的行动自觉。同时，尖峰乡充分挖掘移风易俗典型人物，通过举办“莲乡新风讲评会”活动进行宣传，让群众学有榜样、做有标准，促进崇德向善、见贤思齐的良好社会风尚蔚然成风。（吴満满、王文杰）,516,http://jx.people.com.cn/n2/2023/0508/c186330-40406982.html,结婚;彩礼;相亲;夫妻
China News Service,2023-05-09,今年5月20日恰逢周六，多地民政局明确婚姻登记“不打烊”,5月20日，因其谐音“我爱你”受到年轻人青睐，成为每年结婚登记的高峰期。澎湃新闻记者注意到，今年“520”恰逢周六，为满足新人们结婚登记的愿望，多地婚姻登记机关决定加班办理结婚登记。 5月8日，河南省开封市民政局发布通知：经研究决定，2023年5月20日(周六)，全市各婚姻登记机关采取预约服务的方式为有需求的新人加班办理结婚登记。5月20日准备办理结婚登记的新人，即日起可通过电话向户籍或居住证所在县(区)民政局婚姻登记处预约，按照预约时间到预约成功的县(区)民政局婚姻登记处办理。 开封市民政局提醒，为合理安排办理结婚登记的等待时间，最大程度满足新人们的结婚登记需求，5月20日当天，全市各婚姻登记机关只受理结婚登记业务，不受理其他业务。未进行预约的，建议在正常工作日进行办理。 据陕西媒体《华商报》消息，从西安市多个区县的婚姻登记处获悉，今年5月20日婚登处不休假。目前，雁塔区、高新区、新城区等婚姻登记处的预约人数已经超过200对。 高新区民政局婚姻登记处5月20日的预约人数已经超过了200对，负责人杨先生表示，5·20当天，高新区婚姻登记处也是照常上班，还有不少有爱的环节，在5·20当天为新人们增添甜蜜，“我们准备给前来登记的新人发放专属婚书；此外，我们还准备在颁证之前，为新人举办婚姻小课堂；当天还会随机抽取‘幸运当事人’，记录爱的瞬间，由我们的工作人员拿着当事人的拍摄配备，把新人预审、录入、办证、颁证到离场的整个过程记录下来，送给新人当一份特殊的礼物。” 新城区民政局婚姻登记处的负责人介绍，5月20日，通过网上预约的新人已超过了200对，迎来了一个高峰期，当天新城区婚姻登记处工作人员也将“为爱加班”，用高质量的服务为新人们“锦上添花”。 蓝田县民政局婚姻登记处工作人员表示，5月20日当天正常上班，准备了500个号，能够满足群众办理结婚登记的需求，除了网上预约之外，没来得及预约的新人也可以来现场排队办理。 据山东烟台媒体大小新闻客户端消息，今年5月20日是星期六，适逢国家法定公休日，为满足广大新人当天领证的愿望，芝罘区民政局婚姻登记处决定5月20日“为爱加班”，有意于5月20日登记结婚的情侣可从今日起提前预约。 烟台市芝罘区方面介绍，今年5月20日只办理结婚登记业务，具体时间为上午8:30-12:00，下午2:00-5:30。需要注意的是，男女双方户籍均不在芝罘区的当事人需通过“爱山东”App或“山东省民政厅”官网进行网上预约，网上预约信息提交后以短信提示通过为准。男女双方或一方户籍在芝罘区的当事人可提前拨打咨询电话进行预约，工作人员将告知结婚登记所需材料及注意事项，提高工作效率。 另据山东媒体闪电新闻消息，5月20日(星期六)适逢国家法定公休日，为满足广大新人对爱情寓意的追求，聊城市东昌府区婚姻登记服务中心决定当天“为爱加班”。1、男女双方户籍均不在东昌府区的当事人：请通过“爱山东App”或“山东省民政厅”官网进行网上预约，网上预约信息提交后以短信提示通过为准。2、男女双方或一方户籍在东昌府区的当事人：直接携带证件到现场办理，建议进行网上预约，登记服务中心为您审阅证件，提高效率。 据甘肃媒体奔流新闻消息，日前，一名网友在张掖市政府网民留言板提出了一个“小小的请求”，希望在5月20日领结婚证，张掖市甘州区民政局暖心回复：可正常办理。该网友留言：结婚领证是我们每个人心中很神圣的一件事，本月的20日谐音是“我爱你”，但是今年的5月20日正好是周六，民政局是不上班的，我很想在这天领证，恳请领导能否考虑一下，5月20日当天民政局上半天的班，方便广大市民领证。 张掖市甘州区民政局收到留言后暖心回复：经与上级民政部门请示沟通，现决定在5月20日(星期六)正常办理婚姻登记业务。相关通告随后在甘州区人民政府网站和“甘州民政”微信公众号发布。 四川绵竹市融媒体中心5月6日发布公告：5月20日因为谐音“我爱你”，近年来已成为新人们选择登记结婚的“大喜日子”。但今年5月20日正值周六休假，为满足新人们在“5·20”当天登记结婚的美好愿望，绵竹市民政局婚姻登记处将于5月20日为爱加班，正常办理结婚登记业务。 绵竹市民政局方面提醒：5月20日当天只办理结婚登记业务，不受理其他业务。 不过，也有部分地方表示暂未确定5月20日是否加班办理婚姻登记。 例如，有网友5月3日在安徽蚌埠市淮上区政府网站互动交流栏目留言询问：2023年5月20日婚姻登记处开放吗？淮上区政府在4日回复：经了解，淮上区民政局暂未接到上级部门关于5月20日加班办理婚姻登记的通知。 安徽淮南市大通区政府网站5月3日也有网友询问5月20日能否进行婚姻登记。对此区民政局在4日表示：皖事通预约时间均为国家法定工作日时间，我区婚姻登记处的工作时间是国家法定工作日。结婚更重要的是选择一个合适的人相伴一生，只有两个感情牢固，每天都是好日子，请准新人理性对待，只要日子过得好 ，每天都是520。(澎湃新闻记者 岳怀让) 【,2059,https://www.chinanews.com.cn/sh/2023/05-09/10004206.shtml,婚姻登记;结婚登记;婚姻;结婚;情侣
People.cn,2023-05-09,长春净月区人民法院：异国婚姻云分手，线上庭审化纠纷,近日，长春净月高新技术产业开发区人民法院速裁审判团队通过互联网庭审的方式，快速审结一起一方当事人身在异国，“跨越”重洋的离婚案件。 杨某与王某于1998年相识并登记结婚，育有一个孩子，婚后杨某前往韩国务工，与王某分居多年，二人感情破裂，难以维系。杨某遂诉至法院，请求判令二人离婚。 受理该案后，净月法院承办法官主动联系双方当事人，详细了解案情。当了解到双方均有离婚意愿，但原告杨某身在韩国无法回国，为充分保障当事人的合法权益，减轻当事人的诉讼负累，给当事人提供便捷高效的司法服务，净月法院承办法官决定通过互联网线上开庭的方式审理此案，得到了当事人双方积极的响应，一场“隔空”庭审在净月法院审判庭拉开帷幕。 案件审理过程中，承办法官线上询问了双方当事人具体情况，了解双方的争议焦点后，从情理、法理角度分别对当事人进行耐心释法说理，解开双方心结。最终在法官耐心劝解下，双方均表示愿意放下过往，冷静面对，在矛盾纷争中各退一步，就离婚事宜达成了一致意见，并通过“云上法庭”系统完成调解协议的签字确认。 至此，一起距离数千公里的离婚案件快速得到了解决。 这起离婚案件充分利用互联网线上庭审，解决了空间与时间的两大难题，提升了审判工作的效率及质量。近年来，净月法院持续深化智慧法院建设，通过“互联网+诉讼服务”模式审理案件，真正打通了司法为民的“最后一公里”，节约了司法资源，彰显了司法温情，为人民群众提供了更加智能化、便利化的诉讼服务。（长春净月区人民法院）,624,http://jl.people.com.cn/n2/2023/0509/c349771-40408733.html,婚姻;结婚;离婚
China News Service,2023-05-11,“她购房”需求走强 84.2%受访者表示身边单身女性购房现象多了,“她购房”需求走强 84.2%受访者表示近几年身边单身女性购房现象多了 如今，越来越多的女性选择独立购房，这体现出女性更加独立自主的婚姻观念，但也有人表示女性没必要太累。你怎么看女性独立购房？ 近日，中国青年报社社会调查中心联合问卷网(wenjuan.com)，对2006名受访者进行的一项调查显示，84.2%的受访者感觉近几年身边单身女性购房的现象多了，93.9%的受访者支持单身女性购房。对于女性独立购房的影响，66.3%的受访者认为能督促更加努力工作，62.3%的受访者觉得能提高理财能力，收支有规划。 女性购房者增多反映出婚姻方式、生活方式和社会观念变化 郑州的高中教师安月，今年29岁，目前单身。工作前3年她一直和室友合租，租约到期后，两人先后买了房。“长期租房不是个事儿。房子买在单位附近，工作生活都方便很多。而且自己的房子住得更自在，家人来也有地方住。” 今年27岁的海上乘务员刘钰宁目前单身，她感觉身边有买房想法的单身女性挺多的。“现在女孩们的经济实力越来越强，自给自足还绰绰有余。手里有积蓄，不买房也会花在其他地方，不如给自己购置一套房产，能有个稳定的落脚地方。” 84.2%的受访者感到，近几年身边单身女性购房的现象多了。 原天津社会科学院首席专家、天津婚姻家庭研究会会长潘允康表示，女性购房者增多反映出人们婚姻方式、生活方式和社会观念的变化。“在我国传统中，两人结合是男方提供房子。如今女性购房者比例提高，不管是否需要父母帮忙，都说明传统婚姻中，物质上依靠男方的模式正在被打破。现在的女性更看重自我实现，愿意为理想的生活方式、自我发展去打拼，开辟新空间。” 他表示，女性独立买房在几十年前是不可想象的。如今，女性越来越追求独立，不管是经济独立，还是生活方式上的独立，也包括对婚姻有更独立的态度。“她们更愿意通过买房，来为自己获得一份安全感，而不只单纯依靠男性。” “尤其女孩，成家后想寻求一个稳定的住所，希望对方有提供幸福生活的能力，所以希望男方能有房。我认为这是无可厚非的。只不过现在买房压力大，如果女生有条件，完全能先有自己的住房，或双方一起买。”安月说。 北京某公关公司客户总监张跃对记者说，从男性立场来看，在婚恋中他首先会要求自己有房子，不要求女方有。但如果对方有房，他觉得是更好的事。“能让夫妻在理财投资、面对困难风险时更从容。一套自住，另一套灵活应对以抵抗风险。还可以两套换成一套环境更好的自住房。” 以前买房被很多人认为是男方理所应当的事。如今，越来越多女性在婚前购置了房产。大家对单身女性购房持什么态度？调查结果显示，93.9%的受访者支持单身女性购房。进一步分析显示，二线城市受访者的认可度最高，为95.8%，其次是三四线城市(94.3%)。 张跃自认为是比较传统的人，他表示会努力置办好婚后住房。“即便女性的地位越来越高，收入越来越高，但养家还是男性的事。男孩负责婚后住房虽然有压力，但给女孩安全感是应该的。” 对于女性购房，国家高级心理咨询师周小鹏表示支持。但同时她建议，购房前需考虑各方面情况。如果买房是为了让自己更开心，就可以买。但如果买房的初衷是消极的，比如为了在未来成家后，能成为吵架、占据上风的有力武器，就容易得此失彼，“可能房子有了，但输了爱情和婚姻”。 潘允康表示，理性来看，在婚姻市场上，男方有房的优势大于女方，“因为社会对女性的期待更多的不是物质财富。男方在择偶中，可能普遍更看重女性的性格、职业等，有房不一定增加对对方的吸引力。所以，买房要基于自身需求，不能为找对象专门买一套房子。” 最近，刘钰宁已经和中介多次约看房了，她感觉活力都提高了不少。“一想到即将拥有自己的小房子，就很激动。有了很足的动力去改变自己，打算换一个收入更稳定的工作，这样月供压力小。我不会被房子左右，会安排更多时间提升自己，朝着更多可能性发展。如果将来有异地定居打算也会考虑置换，不会拘泥一处。” 安月说，如果没有房贷支出，生活会更宽裕，但消费可能也会大手大脚一些。虽然买房降低了生活质量，但她欣然接受，认为有舍才有得。“能督促我支出更有规划，哪里能省、哪里该花，笔笔都会考虑。爸妈在首付上给我不少支持，我特别感激，也会更努力地赚钱，减少他们的负担。” 周小鹏指出，女性购房的影响是多面的。在看到能让自己更独立强大，更好地理财投资的同时，也要看到另一面。“女性不能因为过于独立而认为男人不可靠，不信任对方。而且有些女性买房是为了未来在婆家更昂首挺胸，认为‘我买了房，谁也不能小瞧了’。这种心态是对婚姻有所防备的，调整不好可能不利于婚后家庭和谐。所以不能把房子作为自己的武器。” 女性独立购房可能产生哪些影响？66.3%的受访者认为能督促更加努力工作，62.3%的受访者觉得能促进提高理财能力，收支有规划，53.4%的受访者指出对未来生活规划更清晰。同时，29.3%的受访者指出容易被房贷捆绑为房奴，不能专注提升自身，20.5%的受访者认为一段时间内会降低生活质量，12.1%的受访者直言可能会给父母带来一定经济负担。 受访者中，44.0%为男性，56.0%为女性。28.9%的受访者居住在一线城市，47.5%的受访者居住在二线城市，19.3%的受访者居住在三四线城市，4.0%的受访者居住在县城或城镇。 中青报·中青网记者 杜园春,2184,https://www.chinanews.com.cn/cj/2023/05-11/10005123.shtml,婚姻;婚恋;单身;择偶;对象;夫妻
China News Service,2023-05-11,浙江文旅观察：桐庐民宿可以领结婚证，图啥？,中新网 杭州5月11日电 题：浙江文旅观察：桐庐民宿可以领结婚证，图啥？ 可以在民宿领取结婚证了，这是浙江桐庐的新招。 5月10日，第四届中国(桐庐)国际民宿发展论坛在桐庐举行，全国首批“爱在桐庐 富春山盟”民宿村结婚颁证点发布，白云村、芦茨村等5个村成为“乡村爱情”见证点。 颁证点并非登记点，新人仍需前往桐庐县民政局登记结婚，再在民宿参加颁证仪式。这些年来，在民宿办婚礼成为年轻人的新选择，为啥还要在民宿搞个结婚颁证点？ 桐庐县农业农村局相关负责人表示，结婚颁证点进桐庐民宿村并非“多此一举”。一方面，是当地“爱在桐庐”品牌打造、吸引更多游客的需要。 桐庐是浙江美丽乡村样本地、民宿经济领先地。元代画家黄公望的传世名画《富春山居图》，描绘的大多是桐庐风光。但作为旅游目的地，和其他地区相比，桐庐知名度有待提升。 “爱在桐庐”是当地的破题之举，也是向游客发出的邀请。此前，凭借青山秀水、乡野田园的景致，每年上百场的求婚、订婚仪式和婚礼在桐庐民宿上演。 如今，全国首批结婚颁证点走进民宿村，可以说是“爱在桐庐”品牌的一次延伸和拓展。 “桐庐多山，更有闻名世界的富春山，在这里为新人颁发结婚证，也有‘山盟’之意，为幸福加分。”桐庐县民政局局长雷启迪表示，桐庐县将在民宿村设立多个爱情打卡点和1个颁证点，为新人提供婚庆“一条龙”服务，让婚事新办、简办，助推婚俗改革。 民宿正成为推进乡村振兴、促进乡村共同富裕的新引擎。近年来，民宿发展势头虽好，但同质化问题依然严峻，无文化、无特色、无品质的民宿比比皆是。 “做民宿不要以为建几间房、摆几张床就可以了。”原国家旅游局副局长、中国国际公共关系协会副会长吴文学表示，民宿已经走过卖资源的阶段，现在需要把产品上升为精品，打造成品牌，给予游客融入式、参与型、个性化和沉浸式的体验。 草塗民宿是本次发布的结婚颁证点之一。在草塗民宿投资人贾葛峰看来，民宿与婚庆的结合，是另一种形式的“民宿+”，它解码了民宿的更多可能。在这里，民宿不仅只是游客休憩地，也是旅游目的地，它超越了“宿”的半径，提供更多元的“宿”外体验，是美好回忆的储存点，让游客住下来后还想来。 不少网友看到这一消息后评论“很浪漫，打破了传统”“感觉特别有意思，而且风景也特别好看，更让人有放松、愉悦、浪漫的感觉”。 在记者看来，结婚颁证点走进民宿村，是推动民宿品牌化打造的体现之一，也是当地推动民宿转型升级，实现婚姻文化与文旅、乡村振兴融合的尝试。 此前，台州市仙居县在国家5A级景区神仙居景区设立仙居县“神仙眷侣·缘定烟霞”结婚登记户外颁证中心，秀美的风景吸引无数游客慕名打卡。 现在有很多民宿的设计风格独特，结婚颁证点走进民宿村，相信结合相应的婚庆布置和自然的乡村田园风光，整个仪式不仅容易“出片”，也会有更多的乡村、更多的美景在新人的镜头中“出圈”，让游客从“到此一游”变为“到此一留”，从而实现婚庆红带动民宿火，促进乡村富。 据悉，本次活动由浙江省农业农村厅、浙江省文化和旅游厅、杭州市人民政府指导，桐庐县人民政府主办，中国新闻社浙江分社新闻发展中心、桐庐县农业农村局承办。(完),1292,https://www.chinanews.com.cn/cj/2023/05-11/10005223.shtml,结婚登记;婚姻;结婚;婚俗;婚礼
People.cn,2023-05-12,“520”遇周六 深圳婚姻登记“不打烊”,因“520”谐音“我爱你”，不少市民选择在5月20日进行结婚登记。今年5月20日是周六，记者从深圳市民政局了解到，为保障市民婚姻登记需求，当天深圳全市婚姻登记机关全天上班。市民政局同时呼吁广大新人理性看待婚姻登记“好日子”，避免“扎堆登记”。 据了解，目前各区5月20日当天的婚姻登记预约已满。已预约当日婚姻登记的市民请提前准备好身份证、户口本、照片等材料，按预约时段到婚姻登记机关办理。 市民政局提醒，网上预约火热，近期提供所谓“结婚登记有偿代预约服务”的黄牛党再次蠢蠢欲动，市民切勿相信任何网络平台代预约婚姻登记行为，以防上当受骗或泄露个人信息。 市民政局表示，网络预约不上的市民，可在5月20日当天下午前往本人户籍所在地（居住证登记地）的区民政局婚姻登记处现场预约。（记者 庄瑞玉）,344,http://sz.people.com.cn/n2/2023/0512/c202846-40412426.html,婚姻登记;结婚登记;婚姻;结婚
China News Service,2023-05-14,隐瞒婚姻同居生子构成重婚获刑七月,男子隐瞒已婚与他人同居生子，且以夫妻名义生活，是否构成重婚罪？近日，江西省吉水县人民法院审理了这起特殊的刑事案件，一审以重婚罪判处被告人刘某有期徒刑七个月。 法院查明，刘某与原配周某结识相恋，并在吉水县阜田镇人民政府办理婚姻登记，婚内育有二子。此后，刘某独自前往广东省中山市工作，并称自己已离异。工作期间，刘某与徐某相恋，二人同居后生下女儿刘小某。此后，刘某与徐某长期在中山市以夫妻名义同居生活，彼此以夫妻相称，虽未办理婚姻登记手续，但双方亲友均认为其二人为夫妻关系。2022年10月，刘某经民警电话通知后主动投案，如实供述犯罪事实，在侦查阶段自愿认罪认罚。 法院认为，被告人刘某尚未与周某解除婚姻关系，又与徐某以夫妻名义长期共同生活并生育小孩，违反了我国一夫一妻婚姻制度，其行为触犯刑律，构成重婚罪，应予惩处，依法承担与其罪责相适应的刑事责任。考虑被告人刘某的犯罪事实、量刑情节，法院决定对其从轻处罚，遂作出上述判决。 法官庭后表示，对于事实婚姻与同居关系，在1994年2月1日民政部《婚姻登记管理条例》公布实施以前，依据《婚姻登记办法》未办理结婚登记手续即以夫妻名义同居生活，群众也认为是夫妻关系的，可认定为事实婚姻关系；在1994年2月1日民政部《婚姻登记管理条例》公布实施后，没有配偶的男女，未办理结婚登记即以夫妻名义同居生活的，按同居关系处理。 根据刑法规定，有配偶而重婚的，或者明知他人有配偶而与之结婚的，处二年以下有期徒刑或者拘役。具体在本案中，被告人刘某在已婚的情况下，又与他人发生同居关系，符合重婚罪的构成要件，遂依法被判定为重婚罪。 【,678,https://www.chinanews.com.cn/sh/2023/05-14/10006886.shtml,婚姻登记;结婚登记;婚姻;结婚;重婚;夫妻;配偶
CCTV,2023-05-15,“假性不婚族”：你可以更勇敢追求幸福,最近，一个新词引发了网友热议——“假性不婚族”。 不婚，还分真假？实际上，和真正的“不婚主义者”不同，“假性不婚族”指的是那些嘴上常常喊着“我不结婚”，但内心并不坚定，一旦有合适的时机和对象，也会选择结婚的人群。 不少人表示：“不是不想结婚，只是没遇到对的人。”“曾经受过伤害，现在想结也不敢结。”“我和男友因为没钱拖着没结婚，但又爱面子，只好对外说我们不想结。”“假性不婚族”似乎正处于一种“有违内心”的纠结状态：想一直享受单身自由，却又害怕自己孤独终老；内心十分渴望婚姻，却又不敢承认；看到身边的朋友陆续步入婚姻，心里发慌…… 为什么会这样？今天，和大家聊一聊“假性不婚族”背后，隐藏了什么心理真相？ “不婚主义者”和“假性不婚族”虽然都是不婚人群，但Ta们对婚姻却有着截然不同的态度和看法。 先说说我身边的一位“不婚主义者”：我的前同事，她今年35岁，刚参加工作时交过男友，也有结婚的打算，但后来发现自己并不习惯和另一个人长久生活，便选择了分手。从那时起，她便没有再谈过恋爱，更是一名坚定的“不婚主义者”。她全身心投入工作，靠自己努力打拼实现了想要的生活。她说：“如果遇到对的人，可能会谈恋爱，但绝对不会结婚。” 因为现在的她，很享受独立和自由的单身状态，有更多的时间和精力去追求梦想，完全不需要婚姻来束缚自己。所以，真正的“不婚主义者”，往往更了解自身的处境与需求，自愿不结婚，享受独立生活。 Ta们认为独身是适合自己的选择，坚守自己的选择，同时也尊重别人的选择，不会一味否定异性和婚姻。Ta们平和、守己，有着清晰的独身生活规划。 一项研究发现：坚定不结婚的人们，往往会把自己的人生描述成一个内在成长和变化的故事。Ta们比同龄人更加关注在婚姻家庭生活之外其他人生目标上的成功，如个人能力的提升、心理和情绪上的成熟等。 与之不同的是，“假性不婚族”们内心是渴望婚姻的，并没有做好永久独立生活的准备。所以，在“假性不婚族”身上可能会出现下面这几个特征： 1.有结婚意愿。“假性不婚族”一直都在等待对的人，只是因为没有合适的人，才没有选择结婚。 2.情绪波动大。有时享受单身状态，有时又羡慕别人能够结婚。 3.自我怀疑。随着年龄增长，自我怀疑加深，内心开始动摇。 4.自我提醒。经常反复提醒自己不要着急，总有一天会找到合适的结婚对象。 5.内心恐慌。看见身边的朋友都结婚了，内心不自觉地感到恐慌。 6.情感孤独。有时孤独感会特别强烈，并且难以排解。 7.焦虑、失眠。偶尔会为自己目前的单身状态，感到焦虑、失眠。 8.缺乏归属感。找不到归属感和安全感，内心还是渴望一个家。 可以说，“假性不婚族”比起“不婚主义者”缺乏一种自我价值感，Ta们不确定自己一个人会过得好，同时又害怕别人知道自己的真实需求。于是，只能掩盖内心的真实想法。假装自己要很坚定地单身下去，但内心仍有一些矛盾和疑虑。 由于不是发自内心地坦然接受这种生活状态，长此以往，“假性不婚族”可能会把自己困在充满矛盾和纠结的情绪牢笼里，越来越自卑、焦虑和孤独。 对Ta们来说，明明内心想结婚，却不能承认，背后其实有许多无奈，也很令人心疼。为什么会这样呢？ “假性不婚族”通常是向往亲密关系的，但Ta们不相信自己有能力维持一段亲密关系，从而感到恐惧。这类人群，就是心理学上所说的“回避型依恋人格”。 “回避型依恋人格”通常是在原生家庭和成长经历的影响下形成的。Ta们没有感受到父母足够多的爱意，或者父母常表现出忽冷忽热的态度，让Ta们从小就缺乏安全感。进而长大之后，不相信会有人永远爱自己，或者担心建立一段关系给自己带来负面影响，于是开始回避亲密关系。这种对亲密关系既渴求、又害怕的矛盾，就会一直纠缠着Ta们，不敢在关系中表达真实想法。 我有个闺蜜就是这样的，因为从小是留守儿童，很少得到父母的关心，导致她在感情上有一种“不配得感”。每当她和对方的距离正在拉近，关着的心门逐渐敞开，就差临门一脚时，她却退缩了。 如果你也是“回避型依恋人格”，现在，请你正视自己，勇敢展现真实的自己，因为你本身就是值得被爱的。 2.对婚姻的“完美”追求，让自己产生焦虑。 还有的人想要却不敢进入亲密关系，是因为Ta们可能对于亲密关系有着近乎完美的追求。所以，Ta们在恋爱期间，通常会十分开心、富有激情。但只要谈及结婚，就会开始担忧和恐惧：万一结婚之后这些都变了怎么办？我们现在相处得不是很好吗，为什么要更近一步？这种完美主义会让Ta们对亲密关系望而却步。 但其实，未来是充满不确定性的，或许我们需要思考的是如何与不确定性相处，看到其中的无限可能。 总之，“假性不婚族”现象在当今社会越来越普遍，既有自主选择的原因，也有社会压力和过去个人经历的原因。如果我们能够更好地理解和尊重他们，让他们找到适合自己的生活方式，相信他们也能更勇敢地追求自己想要的幸福。 “假性不婚族”如何才能收获自己想要的幸福？ 著名心理学家亚伯拉罕·马斯洛说过：你的价值不在于你拥有什么，而在于你是谁。 婚姻并不是衡量一个人价值和优秀程度的唯一标准。就算是单身，也不能证明是你有问题，所以无需用“不婚主义”来隐藏这个事实，你一定有独属于你的魅力和价值。找到一个你擅长的、感兴趣的，并且能持续给你带来正向反馈的事情，可以增强你的自信心和自尊心，找回个人价值感。或者通过发展人际关系等方式，来拓宽自己的社交圈和生活经验，从而获得更多的满足感和成就感。 当你重新拥有自信，便不会再去比较自己和别人的生活轨迹，也不会被外界的评判左右。你会更加确定自己想要什么样的生活，从而做出更符合自己意愿的选择。 放弃对爱情和婚姻的完美主义幻想，勇敢走进真实的亲密关系，在冲突、争吵、磨合中，不断自我成长，慢慢成为彼此对的人。 心理学家雷蒙德尼提出过“乐观型爱情观”的概念，并认为这种爱情观是最靠谱的：我觉得Ta就是我的Mr./Mrs. Right，我们可以一起努力经营爱情。 心理学博士约翰·格雷认为，最健康的爱情观，是假设任何人都值得你去爱。爱情不总是完美的，只要我们的爱是真诚且自愿的，你可以试着向前一步，勇敢地迎接它的到来。 希望大家永远都有自由选择爱或不爱的勇气，也永远具备爱与被爱的能力。,2543,https://news.cctv.com/2023/05/15/ARTIoRRgt29iXEAfyI8jtXRt230515.shtml,婚姻;结婚;不婚;恋爱;单身;对象;恋人
People.cn,2023-05-15,自贡：为爱加班，“520”婚姻登记周末不打烊,因“520”谐音“我爱你”，使得每年5月20日都是结婚登记的高峰日之一。今年5月20日恰逢周六，并非工作日。记者从自贡市民政局获悉，为了满足新人们结婚登记的热切期望，全市所有婚姻登记处将于2023年5月20日（星期六）正常办理结婚登记业务。 据悉，准备于5月20日当天办理结婚登记的新人，从即日起可通过拨打预约电话向各县（区）民政局婚姻登记处预约，工作人员会提前初审当事人提供的证件和材料，审核通过后，携带所需材料原件按照预约时间到婚姻登记处办理。此外，为了最大程度满足新人们的结婚登记需求，5月20日当天，全市各婚姻登记机关只受理结婚登记业务，不受理其他业务。 民政部门温馨提示，新人们应合理安排好行程和时间，有序进入婚姻登记处办理结婚登记业务。同时呼吁新人理性看待结婚登记“好日子”，结合自身实际错峰预约办理，避免扎堆登记。 1.双方均无配偶，自愿结婚，无直系血亲和三代以内旁系血亲关系。男方已满22周岁，女方已满20周岁。 2.双方户口簿和身份证上的姓名、性别、出生日期、身份证件号应当一致；不一致的，应当先到公安部门更正；证件丢失或超过有效期的，应当到公安部门补办证件。 1.户口簿原件，或有关户籍管理机构出具的加盖单位印章的户籍证明，或集体户口首页与本人的户口卡片原件，或加盖单位印章的记载其户籍情况的户口簿复印件。 4.现役军人需携带军人证件、居民身份证、团以上单位政治工作部门出具的同意结婚的《军人婚姻登记证明》。 5.再婚当事人：曾协议离婚的，需携带本人的离婚证件；曾法院调解离婚的，需携带法院调解书；曾法院判决离婚的，需携带法院判决书及生效证明。,682,http://sc.people.com.cn/n2/2023/0515/c345167-40416534.html,婚姻登记;结婚登记;婚姻;结婚;离婚;再婚;配偶
CCTV,2023-05-17,倡导“婚事新办、简办”新风尚 新乡村青年带来新婚俗,合肥市包河区打造的婚俗文明新风宣传墙。合肥市包河区委宣传部供图 免去“万里挑一”（10001元）的彩礼；骑行山地车带着新娘子“低碳出嫁”；在草坪上办一场自己主持的婚礼……这是中青报·中青网记者最近在一些地方采访乡村青年婚恋话题时的见闻，从中看到，乡村振兴正在吸引越来越多年轻人返乡创业、兴业，而这些返乡的青年人也为乡村带来移风易俗新风尚。走访中，我们也发现一些怪现象——个别地区仍存在高彩礼现象，“闪婚”“闪离”困扰部分年轻人。 青年婚恋问题是小家的事，更是国家大事。《中长期青年发展规划（2016-2025年）》把青年婚恋列为青年发展的重要领域。各级共青团组织更把解决婚恋中年轻人的急难愁盼当成重中之重。 婚恋观念的转变并非一朝一夕。我们呼唤卸下爱的负担，让婚俗改革的新风吹遍田野。 今年5月4日，28岁的吴伟迎来生命中的重要时刻——和相识、相恋4年的女友万丽清结婚。这是一次“特殊”的婚礼，小两口作出简化结婚仪式的决定——免去当地“万里挑一”（10001元）的彩礼习俗；从原本计划在大饭店摆35桌婚宴，改为在村内菜馆邀请10桌当地的亲朋好友；“婚宴”饭菜以家常菜、健康饮食为主，争取“光盘行动”…… 让吴伟欣慰的是，自己简办婚礼的想法得到朋友和同事的支持认可，大伙儿都觉得这是一种新风尚。 在家乡安徽省合肥市包河区大圩镇晓星村，吴伟经常看到社区楼栋和小区电子屏上播放拒绝高额彩礼、提倡婚事简办等主题宣传内容。作为村里团员志愿者，他定期上门向村民宣传婚事简办的新观念。作为全国婚俗改革实验区，合肥包河区在全区500多个居民小区常态化开展“新婚喜事庆贺到家”活动，自觉抵制铺张浪费、随礼攀比；在婚姻登记大厅打造符合年轻人审美的婚俗文化墙，设立幸福殿堂、婚姻家庭辅导室等功能区，打造集简约仪式、情感辅导等功能于一体的婚姻服务驿站。 近年来，我国广泛开展婚俗改革，持续推动“为爱减负”。在乡村振兴中，一大批返乡青年成为倡导“婚事新办、简办”新风尚的主力军。 骑行山地车带着新娘子“低碳出嫁”，和朋友们发挥爵士鼓、演唱等才艺，来一场即兴演出……90后胡文鑫（化名）和妻子刘敏（化名）的田园风婚礼曾被上传至短视频平台，收获一大波好评。 胡文鑫和刘敏都在北京工作，回老家办婚礼前，就商量着改变一些仪式习俗。他们对自己婚礼的安排是“不请吹鼓手‘热闹热闹’、不安排车队上门娶亲，婚礼现场不展示陪嫁物品，酒席上的菜品和烟酒饮料都选择经济实惠的……” 起初，胡文鑫的父亲持反对意见，刘敏母亲也认为这样不妥。胡文鑫向父母解释，刘敏是位崇尚环保的女孩，这些想法是他们两人达成的共识。刘敏宽慰父母说，习俗仪式是喜庆祝兴的，只要大家开心就是最好的安排。 婚礼当天，胡文鑫和刘敏把借来的100多把椅子摆放在宾馆的草坪上，二人互相配合主持仪式，向来宾分享他们相识相知相爱的故事，收获了亲友们的祝福，婚礼氛围令人难忘。 推动移风易俗，正在形成合力。在甘肃省武威市古浪县干城乡富民新村，新建的富民一老一幼关爱服务中心食堂成为新人办婚宴、招待宾客的新去处。 村两委牵头成立红白理事会，提倡婚事新办简办。“彩礼宜控制在4万元以内、婚嫁不搞豪华车队，婚礼车队不超过6辆、不在道路两旁乱贴红纸，提倡悬挂中国结等可重复使用的纪念品”等成为新风尚。 来自甘肃省武威市古浪县民政局的数据显示，当地的离婚率近年来趋于下降。古浪县民政局副局长俞元芹分析说，这与民法典中“离婚冷静期”的实施有一定关系，也与近年来新乡村青年婚俗观的改变有关系。 青年婚恋问题是全社会关注的焦点。《中长期青年发展规划（2016-2025年）》中提出，切实服务青年婚恋交友。支持开展健康的青年交友交流活动，重点做好大龄未婚青年等群体的婚姻服务工作。充分发挥工会、共青团、妇联等群团组织和社会组织的作用，为青年婚恋交友提供必要的基础保障和适合青年特点的便利条件。以此帮助青年树立正确婚恋观、家庭观，使得青年婚恋观念更加文明、健康、理性。 近期，共青团宁夏回族自治区固原市委与固原市消防救援支队开展青年交友联谊活动，这是第3年举办类似活动。 这支消防救援队伍中的很多人来自农村家庭。固原市消防救援支队政治部主任刘军介绍，支队积极推动婚俗改革，举办青年消防指战员集体婚礼，让年轻人对婚俗新风有了更深的认同感。 刘军说，希望通过这样的办法，更精准实际地解决单身青年消防指战员的婚恋交友问题。追求新风尚的过程中，很多农村青年的婚恋观念也在悄然改变。 毛华磊在贵州毕节市纳雍县农村长大。大学毕业后，他来到福建省屏南县前汾溪村的乡野艺校，从事美学教育相关工作。毛华磊被家里长辈催婚，他看到过不少同龄小伙伴，可能初中或高中没读完就辍学结婚了，通常是两个不成熟的人被“凑到一块”，生下孩子后，夫妻俩把孩子丢给农村的父母后外出打工。 毛华磊对婚姻的态度更稳重，他不想草率结婚，认为这是不成熟、不负责任的表现。他很欣赏思想独立、拥有自己热爱事业的女性。“年轻人都向往爱情。如果真碰到心仪的女生，我一定会尽最大努力去争取幸福。” 中青报·中青网记者 王海涵 焦敏龙 王豪 田宏炜,2089,https://news.cctv.com/2023/05/17/ARTIHUCsTxEqOWBQvSjAR8oK230517.shtml,婚姻登记;离婚冷静期;婚姻;结婚;离婚;婚恋;彩礼;婚俗;婚嫁;催婚;闪婚;单身;夫妻;婚礼
China News Service,2023-05-17,“合适比喜欢更重要”：西部农村青年婚恋观嬗变,婚姻的变化，往往细微而悄无声息。甘肃省庆阳市一名婚姻登记工作人员通过离婚登记窗口感受到了这种变化。前些年，不少年轻人来办理离婚登记时，吵吵闹闹、哭哭啼啼，甚至一言不合会动手，“近几年，这些情况少了。一些90后、95后办完离婚登记，双方还拍照留念、相约吃一顿散伙饭。” “现在不少年轻人对待婚姻的态度表现得更有主见。”这名婚姻登记人员提到，由于外地工厂假期通常在每年腊月二十到正月十五左右，当地外出务工农村年轻人春节回乡后，会在家里长辈操持下，在20多天里完成结婚的一系列步骤。 这种快速建立起来的婚姻，有的并不牢靠。他介绍，近年当地年轻人离婚过程有所减缓，但“闪婚闪离”情况仍不少见。 “在老一辈人眼里，离婚是丑事，不到万不得已不会离婚。”宁夏盐池县女青年杨阳说，现在的90后、95后更注重自己的感受，当婚姻“亮红灯”时，不愿意花太多时间费心思与对方磨合，也不愿意委屈自己、将就婚姻，“如果对方不能提供经济价值、情绪价值、陪伴价值，何不再找更合适的。” “择偶首要标准是找到合适的人，合适比喜欢更重要。”杨阳说。 如今，一些西部省份年轻人在婚恋问题上普遍抱有“求稳定”的心态。这是记者在甘肃、宁夏等西部省份走访时观察到的一种现象。 28岁的王晓征在银川市一家物业公司工作5年。今年2月底，他用自己积攒的钱和父亲给的资助，付了购房首付，“现在年轻人相亲谈恋爱结婚，绕不开房子、车子和票子三大问题。” 宁夏海原县女青年杨曼菁则记得，她母亲当年结婚时，只希望父亲家能有一台缝纫机，这样婚后就不用太辛苦。如今，她即将步入婚姻，按照她和父母的要求，未婚夫在沙坡头区购置了一套三居室婚房。对于婚恋问题，她觉得“适当现实一点才稳妥”。 杨曼菁说，结了婚至少要在城区有一套房子，“要为下一代考虑，谁不希望孩子能在市里的好学校接受教育呢”。 鲁薇则把婚姻看成重要的“选择第二次人生”的机会。她在甘肃宁县农村长大，大专毕业后在当地从事汽车销售工作。在她老家，男女青年相亲后的第一步，是双方父母各自找到共同的熟人，打听对方的家风口碑。 如果男青年家住山区，意味着女青年嫁过去后的家务劳动比在平原地区生活更辛苦，因此会被索要更高的彩礼，作为给予女青年及其父母的补偿。“老家山区的一些乡镇，嫁女儿的彩礼有要到近20万元的。”鲁薇说。 “农村有独院，不如城里有套房。”鲁薇说，在城里有房子，意味着下一代能在城市里有机会享受比县城、乡镇优质的教育资源。 工作也是婚恋问题中的一个重要影响因素。宁夏固原市一名事业单位工作人员告诉记者，当地年轻人对相亲对象的职业预期依次是公务员、事业单位在编人员和央企国企工作者，“如果男方在私企工作，则会被认为‘还转着呢’（当地方言，意即工作不稳定——记者注）。” 热心的贺红梅退休5年来，一直在给年轻人介绍对象。她观察到，“微信相亲”成为当地年轻人新的相亲方式。不少年轻人对婚恋抱着“急也不急”的矛盾心态。 女青年萨娜参加过不少当地组织的青年交易联谊活动，但总觉得和接触的男青年缺少“来电”的感觉，活动结束后加了微信，“尬聊”了几次后不再联系。 她从重点大学本科毕业，考公“上岸”后又进修了在职研究生学历。工作8年，她从乡镇工作岗位被遴选到区直单位。随着工作向上提升，她向记者坦言，自己不甘心“向下择偶”。 中青报·中青网记者 焦敏龙 石佳,1372,https://www.chinanews.com.cn/sh/2023/05-17/10008581.shtml,婚姻登记;婚姻;结婚;离婚;婚恋;彩礼;闪婚;恋爱;相亲;择偶;对象
China News Service,2023-05-17,两岸婚姻动向新观察：选择大陆，老有所终、幼有所长,视频：史雪燕谈两岸婚姻新趋势：关注发展前景 选择大陆落地生根 婚姻家庭新趋势、新动向的观察。 从1987年两岸开放民间交流至今，两岸婚姻已超过38万对。这期间既有2008年至2016年间两岸夫妻数量骤增，也有近年两岸关系动荡导致的增速放缓。 “无论台湾这边是嫁是娶，越来越多的两岸婚姻家庭，尤其是新婚夫妻会选择在大陆落地生根，也常有姐妹们咨询如何迁到大陆居住。这是让我非常惊讶的一件事。”台湾中华两岸婚姻家庭服务联盟创会理事长史雪燕对 中新社 记者表示，两岸关系正经历变化，两岸婚姻呈现新动向。 史雪燕来自河北张家口，24年前嫁到台湾。她认为，台湾发展停滞不前，年轻人面临低薪困境，愈发蓬勃开放的大陆成为不少台湾年轻人的宝地，两岸婚姻当事人越来越在意发展前景。老有所终、幼有所长，是两岸婚姻中涌现的新诉求。 吉林省长春市台商投资企业协会监事长裴仁骏来自高雄，在大陆安家多年。在他看来，越来越多台胞正做出有利于家庭、事业发展的选择。 裴仁骏说，很多台湾民众会在公共场所回避谈论两岸关系。但其发展选择也不愿被岛内政治所“绑架”，他们有清晰的人生规划和想法。 他提到许多台湾家长送子女赴天津茱莉亚学院深造的例子。自从这所国际知名音乐学府在天津成立分校以来，不少台湾家长让孩子来大陆接受更好教育。这说明台湾家长对大陆发展的充分认可，对大陆专业领域的教育是赞赏的。 近年跨海爱情故事也曝出一些负面新闻，令不少网友唏嘘、遗憾。史雪燕认为，两岸民间在长期隔阂的时间里曾对彼此抱持着淳朴、美好的想象。开放交流后，差异和矛盾成为难以回避的现实。媒体也时常聚焦、放大两岸婚姻因社会差异而出现的矛盾。 “两岸恋情、婚姻，有的因分歧不欢而散，也有很多白头偕老。”她谈道，两岸同胞是一家人，两岸婚姻更是亲上加亲，婚姻家庭的命运前途与两岸关系紧密相连。“希望现在正考虑结婚或新婚的两岸情侣们都能白头偕老，在相处的过程中慢慢磨合，相濡以沫。” 第十届大江论坛于17日在北京举行，今次主题为“促融合发展·谋和平统一”。在当天上午的“新时代筑未来”主题分享会上，史雪燕、裴仁骏等人进行了发言。(完),882,https://www.chinanews.com.cn/gn/2023/05-17/10009013.shtml,婚姻;结婚;夫妻;情侣
People.cn,2023-05-17,"""幸福见证官""上岗！结婚登记现场引导新人规划",北京隆安（重庆）律师事务所律师、首批幸福见证官胡利向两位新人传授自己的婚姻幸福之道。华龙网-新重庆客户端记者 石涛 摄 “我们自愿结为夫妻，从今天开始，我们将共同肩负起婚姻赋予我们的责任和义务……”5月16日，重庆市江北区民政局婚姻登记处，一对新人正在“幸福见证官”的带领下，举行颁证仪式。 今日，由江北区民政局婚姻登记处主办，高新区星光社会工作服务中心承办的“幸福见证计划”正式启动。首批“幸福见证官”随即上岗，在婚姻登记现场，为新人们提供个性化颁证、专业化新婚辅导、传授经营婚姻幸福之道等服务，进一步提升新婚夫妇对家庭角色的正确认知和对家庭关系的处理能力，帮助新人做好进入婚姻家庭的准备。 “我是一名从事婚姻家事的律师，已经结婚十年了，我站在一个过来人角度，跟你们聊一聊婚姻这个事情……”颁证仪式结束后，北京隆安（重庆）律师事务所律师、首批幸福见证官胡利向两位新人传授自己的婚姻幸福之道，“男生要多做家务哈，要懂得心疼自己的妻子，发扬我们川渝男人的好传统。” “我觉得仪式感满满，也很有意义。”刚刚领完证的小伙张长俊对记者说道。 送走一对对新人，完成了首次“幸福见证官”工作的胡利对记者分享了自己的感受。“我觉得为新人提供一个仪式，给他们送上一份祝福，这个过程很重要，也体现了我们对婚姻的态度。在和新人们交流的过程中，我分享自己的经验，同时引导他们进行婚姻规划，思考如何相处，如何教育孩子等等，给他们的新生活开一个好头。” 记者从现场了解到，“幸福见证官”是由江北区民政局婚姻登记处，在全区范围内，通过公开招募、组织单位推荐及定向邀约的方式选聘优秀志愿者担任的。 目前，“幸福见证官”还在招募中，报名条件如下（符合任意一条即可）： （一）热心于社会公益事业，且婚姻家庭美满的人大代表、政协委员、社会名人； （二）曾获得“最美家庭”“五好家庭”“文明家庭”等家庭类荣誉，或者夫妻中一方曾获得“先进个人”“道德模范”等个人类荣誉； （三）婚龄原则上满10年及以上，婚姻故事具有代表性； 报名成功的志愿者，需每月到江北区民政局婚姻登记处现场进行一次服务，每次服务三对新人。服务内容包括颁发结婚证，主持结婚颁证仪式，分享经验等等。报名咨询：17823740923。（记者 赵颖竹）,938,http://cq.people.com.cn/n2/2023/0517/c365402-40418422.html,婚姻登记;结婚登记;婚姻;结婚;婚龄;夫妻
People.cn,2023-05-17,520”恰逢周末 结婚登记“不打烊”,日前，长沙县民政局婚姻登记服务中心表示，为满足广大新人“5.20”“5.21”结婚登记需求，进一步提升婚姻登记便民利民服务水平，助力“在星沙 都最好”，该县婚姻登记服务中心将在5月20日（星期六）和5月21日（星期日）正常办理结婚登记。 为减少排队等候时间，避免人群聚集，办理时间为5月20日上午9∶00—12∶00、下午13∶00—17∶00；5月21日上午9∶00—12∶00、下午13∶00—17∶00。 据了解，婚姻登记服务采取电话预约或者现场预约的方式，预约截止时间为5月19日15∶00，请按照预约时间前往婚姻登记中心办理业务即可，预约电话0731-84011830。（宋彬彬）,295,http://hn.people.com.cn/n2/2023/0517/c356887-40419607.html,婚姻登记;结婚登记;婚姻;结婚
People.cn,2023-05-17,今年5月20日山东婚姻登记“不打烊”,5月20日，因谐音“我爱你”，备受年轻人青睐，成为每年结婚登记的高峰期。记者今天（16日）从省民政厅获悉，今年“520”恰逢周末，为满足新人登记需求，全省婚姻登记机关均为“爱”加班，正常开展婚姻登记工作，具体时间安排可查看各地婚姻登记机关公告。各地还将提供预约登记服务，并筹备了爱情沙龙、个性化颁证仪式、集体婚礼等丰富多彩的活动，准备于5月20日共赴婚姻殿堂的新人，请提前登录“爱山东”App提交预约申请，经审核确认后，即可前往。（齐静）,219,http://sd.people.com.cn/n2/2023/0517/c166192-40419044.html,婚姻登记;结婚登记;婚姻;结婚;婚礼
China News Service,2023-05-18,“520”成婚姻登记高峰日 中国民政部：理性对待结婚登记日期,中新社 北京5月18日电 (记者 王祖敏)在婚姻登记高峰日“520”“521”来临之际，中国民政部呼吁公众理性对待结婚登记日期。 近年来，“520”“521”因谐音“我爱你”成为中国适婚青年选择婚姻登记的高峰日。但今年5月20日和5月21日恰逢法定休息日，个别婚姻登记机关提前发布公告称将不办理婚姻登记业务，引发网友热议。 中国民政部社会事务司相关负责人18日在就“520”婚姻登记服务答记者问时指出，部分民众希望在有着美好寓意的时间节点办理婚姻登记业务，期盼获得美满婚姻、幸福生活的心理诉求可以理解，但需要提醒大家的是，婚姻是否幸福与登记日期无关，更重要的是夫妻相互扶持、共同经营婚姻家庭，“只要感情好，天天都是好日子”。 对于“民政部是否要求各地婚姻登记机构在5月20日、5月21日开展婚姻登记服务”的问题，这位负责人回应称，根据国家机关法规政策，民政部不宜作出统一规定。各地可以立足本地实际，预测预判、科学决策，综合考虑自身基础条件和短板弱项，以省或市为单位自行决定是否开展婚姻登记业务，并适时向社会发布通知或公告。 这位负责人表示，决定在今年“520”当天开展业务的地方，婚姻登记机关要认真准备，提前制订专项工作方案，预判可能的婚姻登记人数，并在引导公众通过电话或者网络进行线上预约的同时，提前告知当事人需要准备的婚姻登记材料，提高当天办事效率。 决定不在今年“520”当天开展业务的地方，婚姻登记机关要通过网络、公告等多种方式提前告知外界，并对民众的相关问询做好耐心解释工作。(完) 【,648,https://www.chinanews.com.cn/sh/2023/05-18/10009829.shtml,婚姻登记;结婚登记;婚姻;结婚;适婚;夫妻
China News Service,2023-05-18,民政部社会事务司相关负责人就“520”婚姻登记服务答记者问,近年来，“520”“521”因谐音“我爱你”成为适婚青年选择婚姻登记的高峰日。但今年5月20日、5月21日恰逢法定休息日，个别婚姻登记机关提前发布公告称将不办理婚姻登记业务，引发网友热议。近日，民政部社会事务司相关负责人就有关内容回答了记者的提问。 如何看待“520”“521”等时间节点成为结婚登记高峰日？ 近年来，部分群众希望在“520”“521”等具有谐音美好寓意的时间节点办理婚姻登记业务，期盼获得美满婚姻、幸福生活。我们理解这部分群众的心理诉求，但也需要提醒大家，婚姻是否幸福与登记日期无关，更重要的是夫妻相互扶持、共同经营婚姻家庭。社会公众应理性对待结婚登记日期，只要感情好，天天都是好日子。 民政部是否要求各地婚姻登记机构在5月20日、5月21日开展婚姻登记服务？ 根据国家机关法规政策，民政部不宜作出统一规定。 各地可以立足本地实际，预测预判、科学决策，综合考虑自身基础条件和短板弱项，以省或市为单位自行决定是否开展婚姻登记业务，并适时向社会发布通知或公告。 决定在今年“520”当天开展业务的地方，婚姻登记机关要认真准备，提前制订专项工作方案，预判可能的婚姻登记人数，并在引导公众通过电话或者网络进行线上预约的同时，提前告知当事人需要准备的婚姻登记材料，提高当天办事效率。通过在婚姻登记机关循环播放安全须知、设置隔离栏或安排专门的安全工作人员、独立休息区等多种方式，引导群众做好个人安全防护，维护好现场秩序。提高婚姻登记信息管理系统网络承载能力，提前与运营服务商做好沟通对接，强化系统维护保障，避免出现网络故障。 决定不在今年“520”当天开展业务的地方，婚姻登记机关要通过网络、公告等多种方式提前告知群众，并对群众的相关问询做好耐心解释工作。 婚姻登记机关工作人员在法定休息日开展服务，如何维护他们的基本权益？ 我们已通过适当方式对各地进行了提醒提示，决定在“520”当天开展业务的地方，婚姻登记机关要科学调配工作人员，做好职工的关心关爱工作，提升职工的大局意识、责任意识、规矩意识，避免忙中出错。民政部门及婚姻登记机关要依法依规为加班的工作人员调休或发放补贴等，进一步增强职工的工作积极性。（民政部官方微信） 【,917,https://www.chinanews.com.cn/gn/2023/05-18/10009751.shtml,婚姻登记;结婚登记;婚姻;结婚;适婚;夫妻
China News Service,2023-05-18,领证不用回老家啦！婚姻登记“跨省通办”试点扩大,日前，国务院批复同意扩大内地居民婚姻登记“跨省通办”试点。 在北京、天津、河北、内蒙古、辽宁、上海、江苏、浙江、安徽、福建、江西、山东、河南、湖北、广东、广西、海南、重庆、四川、陕西、宁夏等21个省(自治区、直辖市)实施结婚登记和离婚登记“跨省通办”试点。 双方均非本地户籍的婚姻登记当事人可以凭一方居住证和双方户口簿、身份证，在居住证发放地婚姻登记机关申请办理婚姻登记，或者自行选择在一方常住户口所在地办理婚姻登记。 自批复之日(2023年5月12日)起2年。,231,https://www.chinanews.com.cn/sh/2023/05-18/10009533.shtml,婚姻登记;结婚登记;婚姻;结婚;离婚
People.cn,2023-05-18,三明市“婚恋家庭纠纷诉源治理协同中心”启用,日前，三明中院与三明市民政局、三明市妇联挂牌成立三明市“婚恋家庭纠纷诉源治理协同中心”，并出台《关于构建婚恋家庭纠纷诉源治理联系工作机制的若干意见》（以下简称《意见》）。 该中心依托三明市婚姻家庭辅导中心，立足专业化、社会化、项目化管理模式，升级原有职能，重点关注因恋爱、结婚、离婚等引发的矛盾纠纷，免费为有需要的家庭提供情绪疏导、心理调适、家庭关系指导等“一站式”的公益服务，并针对诉源治理中发现的风险隐患，做到分级干预、有效调处、跟踪回访，为边缘婚姻筑起“缓冲带”，以实现家庭社会的和谐稳定。 《意见》明确了“婚恋家庭纠纷诉源治理协同中心”职能作用，对健全婚恋家庭矛盾纠纷的联席会议、协调联动等长效机制作出规定。强调要在矛盾纠纷的源头化解、诉讼调解、跟踪回访、司法救助及宣传预防、案例编发、经验总结等方面加强沟通协作。实现信息对接、资源共享，分色管理、分级处置，对中低风险的纠纷在前端有效化解；对高风险纠纷列入台账，通报数据，及时干预；对进入诉讼的纠纷，诉前社会调查、诉中调解稳控、判后跟踪回访，避免矛盾激化升级。 下一步，三明中院将继续会同相关部门，针对全市婚恋家庭领域存在的突出问题，充分发挥职能作用，结合“朱熹家庭和睦观”“客家祖训家规”等理念，通过发挥人身安全保护令、家庭教育督促令、司法救助等作用，以法治宣传、法律释明、案例指导、司法服务等方式，分级调处矛盾、化解纠纷，共同促进婚恋家庭纠纷诉源治理工作向纵深推进。（黄涛）,618,http://fj.people.com.cn/n2/2023/0518/c181466-40421284.html,婚姻;结婚;离婚;婚恋;恋爱
People.cn,2023-05-18,当房子成为横在年轻人婚姻面前的一座山，怎么破？,自古以来，中国家庭就有准备婚房的传统观念。但如今，房子成为横在不少年轻人婚姻面前的一座“大山”。想翻过去钱包挺难，不翻过去婚嫁也难。为什么在很多人的观念里，结婚时要有自己的房子？不买房就不结婚吗？ 现在在武汉某检察院任职的杨平，是江西人。他介绍，在他们老家，结婚时男方是一定要有房产的。如果没房子裸婚，也不是不行，但在街坊邻居面前是没面子的。杨平坦言，他就深受这一习俗影响，认同成婚时男方得有自己的住房。自己这两年也在积极努力地工作，攒钱购置婚房。 前不久，中国青年报社社会调查中心联合问卷网（wenjuan.com）进行的一项调查显示，78.5%的受访青年觉得自有住房能带来安全感、归属感，50.5%的受访青年认为在传统观念里，自己的房子才是“家”。47.4%的受访青年指出要求成家时有房是出于家庭实际需求，能够为育儿养老提供安稳条件。 杨平介绍，高彩礼、男方置房原本是他老家婚嫁时的两大“特色”。但随着这些年国家不断倡议摒弃天价彩礼的陋习，如今，他们当地的彩礼在某种程度上已成为一种形式，但成婚时男方要备房的习俗至今依然保留，“人们对于结婚时要有房这件事儿仍然非常在意”。 他自己算了一笔账，“像武汉的武昌南湖这类房价稍高的地段，每平方米价格不到两万元，一套三居室下来大概200万元。我每年的薪资、年终奖，再加上公积金，好好攒起来，很有望在几年后购置一套不错的房产。这让我更加有动力工作，生活很有奔头。” 他认为，在有能力和资金允许的前提下，买房是一件好事。 今年28岁的北京姑娘郑月岚在生了宝宝后，把家里的小两居置换了一套三居室。她觉得，两个人结婚过日子，生活就该稳定下来了，应该有一套自己的住房，让身心都有一个停靠的港湾，这样安全感更高，工作也更能全力以赴。 现在广州某外企任职的李蜜，和男友租住在一间公寓里。李蜜表示，自己因为做投资工作，安全感更多是来自于资金的多寡，“广州房价很高，首付加高房贷会‘套牢’我。相比之下，收入稳定，手里有钱，能供我随时支配，更让我感到安心”。 谈及租房生活，她并不排斥，“如果换工作了，或者一个社区住腻了，说走就能走，想去哪儿住就去哪儿住。现在趁年轻在大城市打拼，锻炼成长。等以后累了，我可以选一座环境美、房价友好的宜居城市定居下来。”李蜜说，“生活没有什么所谓固定的轨道，当下舒服是最好的状态。” 参与本次调查的受访青年中，已有自住房的占32.7%，与长辈同住的占37.2%，租房的占21.2%，住宿舍的占8.1%。生活在一线城市的占29.4%，二线城市的占42.3%，三四线城市的占25.3%。男性占44.2%，女性占55.8%。18-25岁的占25.0%，25-30岁的占50.0%，30-35岁的占25.0%。 （潘泽强对本文亦有贡献 杜园春 ）,1148,http://yn.people.com.cn/n2/2023/0518/c378440-40420395.html,天价彩礼;婚姻;结婚;彩礼;婚嫁
People.cn,2023-05-18,江苏等21个省（自治区、直辖市）试点婚姻登记“跨省通办”,人民网南京5月18日电 据中国政府网5月18日消息，国务院日前批复同意扩大内地居民婚姻登记“跨省通办”试点。本次调整后，包括江苏在内的21个省（自治区、直辖市）实施结婚登记和离婚登记“跨省通办”试点。 批复称，同意民政部请示的扩大内地居民婚姻登记“跨省通办”试点。调整后，在北京、天津、河北、内蒙古、辽宁、上海、江苏、浙江、安徽、福建、江西、山东、河南、湖北、广东、广西、海南、重庆、四川、陕西、宁夏等21个省（自治区、直辖市）实施结婚登记和离婚登记“跨省通办”试点。 在试点地区，相应暂时调整实施《婚姻登记条例》第四条第一款、第十条第一款的有关规定，调整后，双方均非本地户籍的婚姻登记当事人可以凭一方居住证和双方户口簿、身份证，在居住证发放地婚姻登记机关申请办理婚姻登记，或者自行选择在一方常住户口所在地办理婚姻登记。试点期为自批复之日起2年。,373,http://js.people.com.cn/n2/2023/0518/c360303-40421506.html,婚姻登记;结婚登记;婚姻;结婚;离婚
China News Service,2023-05-19,“520”领证不用回老家啦！21地婚姻登记可“跨省通办”,在北京一家互联网企业工作的刘先生和李女士已恋爱多年，计划今年登记结婚。但二人户籍均不在北京，按照《婚姻登记条例》此前的规定，“内地居民结婚，男女双方应当共同到一方当事人常住户口所在地的婚姻登记机关办理结婚登记。”“我家在湖北，女朋友家在广西，如果坐飞机，最少也要双方同时请两天假。”刘先生说。 5月18日，国务院发布了关于同意民政部扩大内地居民婚姻登记“跨省通办”试点的批复，北京位列其中，这意味着，刘先生和李女士只要其中一方有北京居住证，就能够在北京办理结婚登记了。 对于婚姻登记“跨省通办”，网友们普遍表示，可以让居民更加方便，还能减少骗婚、重婚的可能。“随着民政部门对婚姻登记信息的联网普及，在一地办理登记，又到另一地再次办理已几乎不可能。目前我们遇到的案件中涉及重婚罪的，事实婚姻的相关案例占大多数。”福建信实律师事务所律师谢依宁表示。 婚姻登记“跨省通办” 试点地区扩大至21个 5月18日，国务院公开发布了关于同意民政部扩大内地居民婚姻登记“跨省通办”试点的批复。同意扩大内地居民婚姻登记“跨省通办”试点，调整后，在北京、天津、河北、内蒙古、辽宁、上海、江苏、浙江、安徽、福建、江西、山东、河南、湖北、广东、广西、海南、重庆、四川、陕西、宁夏等21个省(自治区、直辖市)实施结婚登记和离婚登记“跨省通办”试点。 国务院批复，在试点地区，相应暂时调整实施《婚姻登记条例》第四条第一款、第十条第一款的有关规定。调整后，双方均非本地户籍的婚姻登记当事人可以凭一方居住证和双方户口簿、身份证，在居住证发放地婚姻登记机关申请办理婚姻登记，或者自行选择在一方常住户口所在地办理婚姻登记。 国务院同时要求，在试点过程中，民政部要指导试点地区进一步加强婚姻登记管理信息系统升级改造，着力提升婚姻登记信息化水平；编制婚姻登记办事指南，开展婚姻登记“跨省通办”实务培训，依法有序开展试点工作。 生活在陕西西安的翟女士今年想和男朋友登记结婚，但是她的户口还在老家山西，男朋友的户口也不在西安。不过，两年前西安就已实施结婚登记“跨省通办”试点，因此在办理结婚登记时，翟女士和男朋友不需要回老家，在西安就可以。 “双方户籍都不在西安也没问题，但是需要有当事一方在西安的居住证，以及双方的户口本、身份证。”5月18日，西安碑林区民政局婚姻登记处工作人员对成都商报－红星新闻记者表示，在西安市任何一个区的婚姻登记处都可办理。 记者注意到，此次扩大内地居民婚姻登记“跨省通办”试点，是建立在2021年6月的婚姻登记“跨省通办”试点基础之上的，陕西西安就是当时实施婚姻登记“跨省通办”的地区。 2021年5月，民政部曾发布消息称，经国务院批准，民政部将在辽宁、山东、广东、重庆、四川实施结婚登记和离婚登记“跨省通办”试点，在江苏、河南、湖北武汉、陕西西安实施结婚登记“跨省通办”试点。试点期限为2021年6月1日至2023年5月31日。 而此次扩大，将结婚登记和离婚登记的试点省份由此前的5个扩大到21个省(自治区、直辖市)。 试点之前，根据《婚姻登记条例》第四条第一款规定，内地居民结婚，男女双方应当共同到一方当事人常住户口所在地的婚姻登记机关办理结婚登记。根据第十条第一款规定，内地居民自愿离婚的，男女双方应当共同到一方当事人常住户口所在地的婚姻登记机关办理离婚登记。 对于试点婚姻登记“跨省通办”，有网友表示此举可减少重婚、骗婚现象。 据民政部2012年的消息，当年6月底，全国已实现婚姻登记信息联网目标。 对于登记“跨省通办”后是否会遏制骗婚重婚的问题，2021年5月，时任民政部信息中心总工程师的王兴玲在接受新华社采访时表示，民政部将强化婚姻登记全国联网审查，保证婚姻登记的准确性。民政部将指导各级婚姻登记机关配置人脸识别、指纹采集比对、身份证读卡器等技术设备，提高婚姻当事人个人信息比对的准确性。 福建信实律师事务所律师、家事法律团队发起人谢依宁告诉记者，目前还会遇到和涉及重婚罪的相关案件。“但是由于目前在技术和实践上，民政等相关部门已经基本实现了婚姻登记信息全国联网，所以在一地办理登记，又到另一地再次办理的情况已经几乎不可能实现。” 谢依宁说，目前遇到的重婚罪相关案例主要有两类：一类是当事人是在婚姻登记信息全国联网前，在一地登记，又在另一地再次登记的；另一类就是涉事实婚姻而重婚的，这些人并没有在民政等部门登记，但是存在事实婚姻而重婚，这一类现在占绝大多数。 记者通过裁判文书网查询了近年来各地法院对重婚罪案件的相关判例，其中多数为谢依宁律师所提到的两种情况。例如湖南省新化县人民法院在今年4月对易某某重婚罪的一审判决案件中，易某某于2010年曾与谢某登记结婚并育有3子女，但易某某2017年后又与邹某某以夫妻名义共同生活并育有1女，直到2021年邹某某知道易某某并未与谢某离婚。法院认为，被告人易某某有配偶仍与他人以夫妻名义共同生活，其行为已构成重婚罪，一审易某某被判处有期徒刑六个月，缓刑一年。 谢依宁认为，婚姻登记“跨省通办”试点地区扩大的益处除了避免骗婚、重婚可能，最重要是解决了很多在户籍地外生活的人办理婚姻登记事项的难度。“这也符合我国的国情，现在我国流动人口比较多，在户籍地外生活也很普遍，‘跨省通办’在很大程度上降低了这部分人的办事成本。” 成都商报－红星新闻记者 付垚 赵倩 【,2197,https://www.chinanews.com.cn/gn/2023/05-19/10010117.shtml,婚姻登记;结婚登记;婚姻;结婚;离婚;重婚;骗婚;恋爱;夫妻;配偶
China News Service,2023-05-19,婚姻登记跨省通办，让公众享受更多便利,近日，国务院发布关于同意扩大内地居民婚姻登记“跨省通办”试点的批复，同意扩大内地居民婚姻登记“跨省通办”试点。调整后，在北京、天津、河北、内蒙古、辽宁、上海、江苏等21个省（自治区、直辖市）实施结婚登记和离婚登记“跨省通办”试点。在试点地区，双方均非本地户籍的婚姻登记当事人可以凭一方居住证和双方户口簿、身份证，在居住证发放地婚姻登记机关申请办理婚姻登记，或者自行选择在一方常住户口所在地办理婚姻登记。 众所周知，随着技术发展和时代进步，在大数据和信息共享技术的加持下，居民身份证已经基本上实现了省内、跨省的异地换领、补领等办理手续。但很多人不知道的是，在大部分地方，结婚证尚不能异地办理，而是需要回到一方老家办理。如今，随着“跨省通办”试点范围的扩大，更多人可以享受到这一政策红利。 在信息共享程度较差时期，人们办理相关证件均需要回到户籍地这一留存本人原始信息的老家来办理。如根据《婚姻登记条例》，内地居民结婚，男女双方应当共同到一方当事人常住户口所在地的婚姻登记机关办理结婚登记；自愿离婚的，男女双方应当共同到一方当事人常住户口所在地的婚姻登记机关办理离婚登记。 随着交通的发达和人们流动范围的扩大，如果依然拘泥于传统的“回老家办理”规则，将提高很多人的办事成本。譬如，东北某省的甲男在沿海地区工作时，结识了同在该地工作的西南某省的乙女，双方想办理结婚登记的话，如果根据原有规则，必须选择到男方或女方老家办理。这将导致当事人需要经历一番舟车劳顿的过程，特别是对于想选择“5·21”“2·14”等特殊节日办证，另行举行结婚仪式的人来说，更需要耗费大量时间、精力。 旧有的办理模式自有一定道理，在信息不共享的时期，婚姻登记机关与公安机关并不联网共享，或者仅限于本地区联网，异地婚姻登记机关无法查询、核实登记者身份信息真伪，容易出现冒用他人身份信息登记情况，也容易出现持伪造的身份证件登记的情况，给社会管理和他人权益带来极大危害。梳理报道可知，一些人曾因身份证件丢失而导致“被结婚”，以致本人无法办理结婚登记。 但随着技术进步和部门间、地区间信息共享力度和范围的加大，异地办理相关事项已经不存在太大障碍。在户籍登记机关和婚姻登记机关之间的信息，以及跨省域间的信息实现共享后，某一处的登记机关可以轻而易举地查询异地人员的婚姻登记情况和户籍信息，核实其婚姻状况和身份真伪，进而开展登记工作。此时，前述的甲男和乙女无需“回老家办理”，只需持有效证件在居住地办理即可，方便之极。 婚姻登记“跨省通办”给公众带来方便的同时，也降低了社会管理的成本和难度。传统办理模式下，由于信息不共享，不可避免地出现冒用他人身份办理、持捡拾的身份证件办理婚姻登记情况。信息充分共享后，即便是异地办理，也可识别伪造和冒名情况。随着技术的进一步发展，在试点成功经验基础上，不妨尽快实现从“跨省通办”到“全国通办”，让人们在全国任何一个地方均可自如地办理婚姻登记，而非局限于试点地区，以更充分地做到“以数据跑腿代替群众跑路”，让普通人享受到科技发展带来的红利。（,1264,https://www.chinanews.com.cn/sh/2023/05-19/10010096.shtml,婚姻登记;结婚登记;婚姻;结婚;离婚
People.cn,2023-05-19,今年520、521是否开展婚姻登记？民政部：不作统一规定,人民网北京5月18日电 （记者宋子节、温璐）近年来，“520”“521”因谐音“我爱你”成为适婚青年选择婚姻登记的高峰日。但今年5月20日、5月21日恰逢法定休息日，个别婚姻登记机关提前发布公告称将不办理婚姻登记业务，引发网友热议。 民政部近日回应称，根据国家机关法规政策，民政部不宜作出统一规定。各地可以立足本地实际，预测预判、科学决策，综合考虑自身基础条件和短板弱项，以省或市为单位自行决定是否开展婚姻登记业务，并适时向社会发布通知或公告。 决定在今年“520”当天开展业务的地方，婚姻登记机关要认真准备，提前制订专项工作方案，预判可能的婚姻登记人数，并在引导公众通过电话或者网络进行线上预约的同时，提前告知当事人需要准备的婚姻登记材料，提高当天办事效率。通过在婚姻登记机关循环播放安全须知、设置隔离栏或安排专门的安全工作人员、独立休息区等多种方式，引导群众做好个人安全防护，维护好现场秩序。提高婚姻登记信息管理系统网络承载能力，提前与运营服务商做好沟通对接，强化系统维护保障，避免出现网络故障。 决定不在今年“520”当天开展业务的地方，婚姻登记机关要通过网络、公告等多种方式提前告知群众，并对群众的相关问询做好耐心解释工作。 民政部提醒，婚姻是否幸福与登记日期无关，更重要的是夫妻相互扶持、共同经营婚姻家庭。社会公众应理性对待结婚登记日期，只要感情好，天天都是好日子，非必要不扎堆在一些特殊日期进行婚姻登记。,608,http://sc.people.com.cn/n2/2023/0519/c345459-40421935.html,婚姻登记;结婚登记;婚姻;结婚;适婚;夫妻
People.cn,2023-05-19,北京纳入婚姻登记跨省通办试点,本报讯（记者 王琪鹏）国务院日前作出批复，同意扩大内地居民婚姻登记“跨省通办”试点。调整后，北京等21个省区市可实施结婚登记和离婚登记“跨省通办”。 婚姻登记“跨省通办”，是指双方均非本地户籍的婚姻登记当事人，可凭一方居住证和双方户口簿、身份证，在居住证发放地婚姻登记机关申请办理婚姻登记，或者自行选择在一方常住户口所在地办理婚姻登记。而按照现行《婚姻登记条例》规定，内地居民结婚或离婚应当共同到一方当事人常住户口所在地婚姻登记机关办理。 “跨省通办”试点主要解决长期外出工作、学习、生活的群众回户籍地办理婚姻登记不便的问题。2021年6月，民政部在部分省市启动结婚登记和离婚登记“跨省通办”试点，决定待条件成熟后，及时推动全国范围内实施婚姻登记“跨省通办”工作。经过近2年试点，今年5月12日，国务院作出批示，同意扩大内地居民婚姻登记“跨省通办”试点。调整后，“跨省通办”试点将扩大至北京、天津、河北、内蒙古等21个省区市。试点期为2年。 根据“跨省通办”试点工作安排，在试点地区，将相应暂时调整实施《婚姻登记条例》的有关规定。调整后，婚姻登记双方如均非本地户籍，除了可以在一方常住户口所在地办理婚姻登记外，还可以凭一方居住证和双方户口簿、身份证，在居住证发放地婚姻登记机关申请办理婚姻登记。 为保证试点工作顺利进行，国务院要求，试点过程中，民政部要指导试点地区进一步加强婚姻登记管理信息系统升级改造，着力提升婚姻登记信息化水平；充分发挥全国一体化政务服务平台公共支撑作用，强化部门间信息共享，完善婚姻登记信息数据库，确保婚姻登记的准确性；编制婚姻登记办事指南，开展婚姻登记“跨省通办”实务培训，依法有序开展试点工作；加强调查研究，及时发现和解决突出问题，防范和化解各种风险。 本报讯（记者 王琪鹏）因为谐音“我爱你”，每年5月20日都是年轻人心目中结婚领证的良辰吉日。记者从市委社会工委市民政局了解到，为满足新人结婚登记需求，5月20日全市婚姻登记机关将采取延时服务。 今年5月20日恰逢周六，市委社会工委市民政局相关负责人日前表示，当天全市婚姻登记机关将加班办理，采取延时服务，满足新人领证需求。“平时我们周六的延时服务时间是上午9点到下午1点，但这个周六，我们肯定要加班了。” 据了解，目前5月20日当天全市婚姻登记预约量已突破4400对。相关负责人表示，市民办理婚姻登记业务倡导先预约后办理，为避免人群聚集，市民需预约后前往。,1018,http://bj.people.com.cn/n2/2023/0519/c82840-40422208.html,婚姻登记;结婚登记;婚姻;结婚;离婚
People.cn,2023-05-19,"婚姻登记""跨省通办""试点扩大至京沪等21省份",国务院近日发布《国务院关于同意扩大内地居民婚姻登记“跨省通办”试点的批复》，同意扩大内地居民婚姻登记“跨省通办”试点。 调整后，在北京、天津、河北、内蒙古、辽宁、上海、江苏、浙江、安徽、福建、江西、山东、河南、湖北、广东、广西、海南、重庆、四川、陕西、宁夏等21个省（自治区、直辖市）实施结婚登记和离婚登记“跨省通办”试点。在试点地区，双方均非本地户籍的婚姻登记当事人可以凭一方居住证和双方户口簿、身份证，在居住证发放地婚姻登记机关申请办理婚姻登记，或者自行选择在一方常住户口所在地办理婚姻登记。以下为全文：,254,http://henan.people.com.cn/n2/2023/0519/c351638-40422050.html,婚姻登记;结婚登记;婚姻;结婚;离婚
People.cn,2023-05-19,"婚姻登记""跨省通办""这件甜蜜的事批了，有重庆",日前，国务院批复同意扩大内地居民婚姻登记“跨省通办”试点。 在北京、天津、河北、内蒙古、辽宁、上海、江苏、浙江、安徽、福建、江西、山东、河南、湖北、广东、广西、海南、重庆、四川、陕西、宁夏等21个省（自治区、直辖市）实施结婚登记和离婚登记“跨省通办”试点。 双方均非本地户籍的婚姻登记当事人可以凭一方居住证和双方户口簿、身份证，在居住证发放地婚姻登记机关申请办理婚姻登记，或者自行选择在一方常住户口所在地办理婚姻登记。 自批复之日（2023年5月12日）起2年。 按照现行《婚姻登记条例》规定，内地居民结婚，男女双方应共同到一方当事人常住户口所在地的婚姻登记机关办理结婚登记。如果双方均是外地户口，办理婚姻登记还需返回原籍，既浪费时间和金钱，又饱受来回奔波之苦。结婚登记“跨省通办”契合了新时代需求，新人们就近便可以“扯证”，减轻了“幸福的负担”，这项惠民举措在试点的基础上，应当全面推广。 第七次全国人口普查数据显示，2020年，我国有4.93亿人处于“人户分离”的状态。统计数字显示，流动人口中15岁至35岁的人员，占总量的70%以上。这些人员多为外出打工就业、经商办企业、求学参军人员等，可以说，适婚人员占有绝对大的比例。这么多“人户分离”的流动人口，结婚登记回户籍所在地办理，将是一个庞大的迁徙人群，来回折腾可谓费钱、费时、费力。这种现状，结婚登记的新人们不仅疲于奔波，给双方增加了不少的经济等负担，也严重浪费了各种社会资源。 现行婚姻登记制度已不适应新时代的需求，试点结婚登记“跨省通办”，具有时代需求的迫切性。如今是大数据信息时代，婚姻登记“跨省通办”在信息技术上，已经没有任何问题，只要打通跨省之间婚姻登记的信息壁垒，基本上不会增加婚姻登记机关的办事成本。这项以人为本的惠民举措，满足民众就近、便捷办理婚姻登记的新需求，也是减轻新人负担和节约社会资源的双赢之举，值得全面推广。 结婚登记“跨省通办”，是为民服务的务实之举。期待在“跨省通办”的试点中积累经验，并在此基础上修订《婚姻登记条例》等相关法规，尽快实现婚姻登记“全国通办”，让登记的新人在全国范围内的任一处婚姻登记机关，凭双方有效的身份证件，便可以轻松快乐地“扯证”结婚。据红网 67.1％受访青年认为应该有 女性比男性态度更坚决 如今，年轻人谈婚论嫁，“房子”是绕不开的话题。在传统观念里，有房才有安全感。但随着买房压力越来越大，房子让许多年轻人，尤其是一线城市的年轻人，站在“婚姻”这道门外望而却步。成家时一定要有自己的住房吗？你能接受不买房就结婚吗？ 前不久，中国青年报社社会调查中心联合问卷网，对1512名35岁以下青年进行的一项调查显示，对于成家时要不要有自己的住房，67.1%的受访青年明确必须要有。同时，居住在一线城市、女性、已有自住房的受访群体认为应该有的比例更高。 调查中，67.1%的受访青年明确，成家时必须要有自己的住房，12.9%的受访青年表示没有必要，20.0%的受访青年认为要看情况。 交互分析显示，不同人群在成家购房上的态度存在一定差异。 在居住情况上，已有自住房的受访者最支持成家必须要有自己的住房（78.4%）。在生活城市上，一线城市的受访者对此认可比例最高，为73.0%，其次是二线城市受访者（67.7%）。 不同年龄中，18-25岁的受访者（70.4%）认为成家必须要有自己住房的比例最高，其次是30-35岁的受访者（69.8%）。此外，受访女性（67.7%）坚持成家时要有房子的比例略高于受访男性（66.3%）；同时，在认为没有必要的比例上，受访男性（14.4%）比受访女性（11.7%）高。两组数据对比可以看出，女性更加在意成家时是否有房子这件事。 在很多人心中，有房才有家。为何这种观念会普遍存在？78.5%的受访青年认为是因为自有住房能带来安全感、归属感，53.9%的受访青年觉得买房更能提升居住和生活品质。 调查中，50.5%的受访青年认为在传统观念里自己的房子才是“家”，47.4%的受访青年觉得是出于家庭实际需求，为育儿养老提供安稳条件，22.9%的受访青年指出是受传统习俗影响，结婚要配置婚房。 参与本次调查的受访青年中，已有自住房的占32.7%，与长辈同住的占37.2%，租房的占21.2%，住宿舍的占8.1%。生活在一线城市的占29.4%，二线城市的占42.3%，三四线城市的占25.3%。男性占44.2%，女性占55.8%。18-25岁的占25.0%，25~30岁的占50.0%，30~35岁的占25.0%。据中国青年报,1876,http://cq.people.com.cn/n2/2023/0519/c365402-40421842.html,婚姻登记;结婚登记;婚姻;结婚;离婚;适婚
People.cn,2023-05-19,广西等21地试点婚姻登记“跨省通办”,近日，国务院发布关于同意扩大内地居民婚姻登记“跨省通办”试点的批复。自2023年5月12日起，在北京、天津、河北、内蒙古、辽宁、上海、江苏、浙江、安徽、福建、江西、山东、河南、湖北、广东、广西、海南、重庆、四川、陕西、宁夏等21个省（自治区、直辖市）实施结婚登记和离婚登记“跨省通办”试点，试点期为2年。 在试点地区，相应暂时调整实施《婚姻登记条例》第四条第一款、第十条第一款的有关规定。调整后，双方均非本地户籍的婚姻登记当事人可以凭一方居住证和双方户口簿、身份证，在居住证发放地婚姻登记机关申请办理婚姻登记，或者自行选择在一方常住户口所在地办理婚姻登记。（记者/何明华）,286,http://gx.people.com.cn/n2/2023/0519/c179430-40422381.html,婚姻登记;结婚登记;婚姻;结婚;离婚
China News Service,2023-05-20,“520”彩礼话题引热议 多地彩礼“限高”为爱“减负”,(神州写真)“520”彩礼话题引热议 中国多地彩礼“限高”为爱“减负” 中新社 南昌5月20日电 (朱莹)“520”“521”谐音“我爱你”，成为中国适婚青年婚姻登记、举办婚礼的高峰日，彩礼话题再次引发热议。 《仪礼·士昏礼》记载，婚有六礼，分别是纳采、问名、纳吉、纳征、请期、亲迎。其中纳征是指“使使者纳币以成婚礼”。在中国古代，彩礼是婚约缔结的证明要件之一。 “如今，传统婚姻中彩礼对婚姻成立的担保价值不复存在，但彩礼习俗流传至今。”南昌社科院社会研究所所长戴庆锋接受记者采访时表示。 据中国经济时报报道，国务院发展研究中心公共管理与人力资源研究所党支部书记、副所长、研究员李佐军曾经采用大数据方法对“高价彩礼”现象进行研究。大数据分析显示，2000年以来，中国约有超过79%的婚姻收取彩礼。综合看，当前彩礼的中国均值约为7万元(人民币，下同)。数据显示，超过40%的中国家庭因彩礼问题发生过矛盾。 今年23岁的熊女士与男友20日在南昌市西湖区民政局婚姻登记处办理结婚登记，她告诉记者，“我们双方家庭并没有因彩礼产生争论纠纷，我家也没有强求彩礼金额，彩礼是作为我们新家庭的启动资金”。 在吉安市新干县，同样20日登记结婚的林竹月(化名)告诉记者，她的彩礼总共十余万元，“双方家庭因为彩礼问题有过多次交流，最后确定了这个金额”。 “彩礼是否是婚姻的试金石”“彩礼是礼仪还是利益”……婚俗发生巨大变化，“彩礼”话题热度居高不下。在中国短视频社交平台上，“彩礼”话题已有300.6亿次播放，“高价彩礼”话题已有1.9亿次播放。 在中国部分地区，彩礼婚俗悄然“变味”。记者在中国裁判文书网上以“彩礼”为关键词搜索，截至19日共检索到174914篇文书，其中2022年，全国一审基层法院共受理彩礼相关案件5844件。 如何让彩礼归于“礼”？今年中央一号文件中提出，扎实开展高价彩礼、大操大办等重点领域突出问题专项治理。 近年来，治理“高价彩礼”成为中国各地推进婚俗改革工作的重点。中国多地出招对彩礼“限高”——河南省宁陵县倡导彩礼不高于3万元；山东省沂水县杨庄镇提倡不要彩礼或少要彩礼，一般不超过1万元；四川省凉山州提出婚嫁彩礼最高不超过10万元…… 彩礼“限高”标准如何定？记者注意到，今年江西多地在落实《江西省民政厅等14部门关于印发 的通知》时，分别提出以当地农村居民人均可支配收入的大约3倍值，来确定彩礼限额标准，超过即为高价彩礼。 政策出台后，江西省各地纷纷响应。江西省九江庐山市制定限额标准，明确结合该市2022年度农村人均可支配收入，确定庐山市农村彩礼限额标准为6万元整，超出此标准的即为高价彩礼。 又如抚州市临川区龙溪镇发文明确，该镇婚嫁彩礼限额不超过临川区2022年度农村居民人均可支配收入的3倍(以万元为单位取整数)，超过即为高价彩礼。 “从政府层面对彩礼进行‘限高’，将对社会氛围、民众观念等方面起引导作用。”戴庆锋认为，高彩礼问题是涉及社会人口结构、经济发展程度及社会文明观念等诸多要素为一体的系统性社会问题，所以尊重人口生育规律、提升经济发展水平，以及转变文明理念才是改变这一现状的主要路径。(完),1309,https://www.chinanews.com.cn/sh/2023/05-20/10011048.shtml,婚姻登记;结婚登记;高价彩礼;婚姻;结婚;彩礼;婚俗;婚嫁;适婚;婚约;婚礼
China News Service,2023-05-20,“为爱加班” 今日全国多地婚姻登记“不打烊”,本报讯(记者 董振杰)5月20日虽然只是一个普通的周六，但对于不少人来说，520被认为是“我爱你”的谐音，成为年轻人青睐的结婚登记日。北京青年报记者查询多地民政部门公开消息发现，不少婚姻登记机关选择“为爱加班”。 江苏泰州民政部门负责人在接受网友在线咨询时介绍，今年的5月20日虽然为国家法定公休日，但为更好地满足大家的婚姻登记需求，泰州全市各婚姻登记机关当天正常办理婚姻登记业务。市民可通过江苏省民政厅、泰州市民政局官网或“泰州民政”微信公众号等方式进行婚姻登记网络预约，也可通过拨打电话和现场轮候的方式申请办理。 四川绵阳民政部门公开表示，结婚登记是人生大事，选择有特殊意义的日子登记是新人们对婚姻美满的期待，每年的5月20日成为新人们结婚登记的高峰日之一。然而今年5月20日恰逢星期六，并非工作日。为满足新人们结婚登记的美好愿望全市婚姻登记机关明确，“520”将“为爱加班”，为全市有需求的新人们正常办理结婚登记，满足新人为爱奔赴的良好愿望。 河北廊坊以及衡水民政部门均表示，为满足群众“520”结婚登记需求，提升婚姻登记便民利民服务水平，各婚姻登记处5月20日当天正常受理结婚登记业务。 廊坊民政特意提醒，现场办理结婚登记需要提供身份证、户口簿(需带有首页和本人页)和三张二寸红底照片。由于办理结婚登记的新人情况不同，建议新人提前咨询任意一方户籍所在地的婚姻登记处，核对证件是否符合条件，避免当天因证件不符合要求而无法办理。同时，为了保证5月20日婚姻登记正常开展，各县(市、区)婚姻登记机关已经提前制定工作措施，增派工作人员，增设登记窗口，增加引导员，细化工作人员职责分工，确保当日结婚登记工作平稳有序。 西安民政5月12日发布消息称，5月20日全市婚姻登记处“不打烊”，5月20日结婚登记预约已超3000对。 5月19日，云南省民政厅消息称，已确定云南有112个县(市、区)婚姻登记机关于5月20日当日正常办理结婚登记。其中，除曲靖市麒麟区、会泽县、马龙区、陆良县、宣威市、罗平县、师宗县7个县(市、区)未开通线上预约外，其余105个县(市、区)婚姻登记机关均开通了线上预约服务，办事群众可通过“一部手机办事通”预约结婚登记业务。(,922,https://www.chinanews.com.cn/sh/2023/05-20/10010795.shtml,婚姻登记;结婚登记;婚姻;结婚
China News Service,2023-05-20,福州相亲集市“流量”大涨 银发父母急盼子女“脱单”,中新网 福州5月20日电 (彭莉芳)因谐音“我爱你”，如今的5月20日成为年轻人青睐的结婚登记日。当日适逢周六，福州急盼子女“脱单”的父母，促成当地最大的民间“相亲集市”人流量大涨。 近些年，由父母自发形成并亲自上阵挑选未来的儿媳或女婿的民间“相亲集市”频频进入大众眼帘，成就中老年人“代相亲”的社会常态。 20日上午八时许，在福州城区内的于山公园里，200多米长的宽阔坡道上人头攒动。一张张注明年龄、身高、职业、学历、收入、住房等征婚信息的塑封纸张悬挂在细绳上，汇成“征婚广告”长廊，勾勒出单身男女的基本概况。 张依姆(依姆为福州当地对年长女性的尊称)坐在石凳上打量着路过的适婚年轻人，单手举着一张打印有征婚信息的粉色A4纸，等待“93年”的女儿被“选中”。她到此替女儿相亲近一年，频率不高，只要有空就来“看看情况”。对女儿“不将就”的婚姻观张依姆很赞同。她说，女儿工作好，外貌优，对另一半要求高，当妈的只能帮忙多物色优秀单身男青年，“对此，孩子也是知情而且支持的”。 占据公园这隅的，除了满眼张望和打量的父母，还有和这些父母同龄的婚恋中介。他们支着小摊，用纸和笔记录下征婚者信息，用性别、年龄和生肖属相加以分类，装订成册。“征婚广告”简历约A4纸大小，不带照片。一般女性用粉色纸、男性用蓝色纸，而曾离异的用绿色。 一位老摊主调侃道，“这叫按图索骥，拿着户口、收入、工作、属相去找千里马。” 记者注意到，征婚者中不乏“双一流”高校学子以及“海归”人士。在一个中介摊位前，一张澳大利亚留学的女研究生的资料卡引来不少人翻阅、拍照。 据该摊位负责人绍，在相亲市场，门当户对是铁律，学历、未婚、独生子女、有房、经济条件好是标配。她为记者梳理出相亲集市层次分明的“鄙视链”：无房、低学历居“底层”；过了30岁，男性比女性更走俏；属相、八字常常拥有“一票否决”权。 眼见父母扎堆相亲集市“代相亲”，婚恋中介们也积极涌入挖掘财富密码：将征婚资料展陈在自制的广告长廊上，收费20元；推介更多相亲资源，需缴纳120元的年费注册会员。 更有敏锐的婚恋猎头，现场专为家长们拉起免费的微信群，将“代相亲”集市“搬到”线上，供家长们置换征婚信息。据该猎头透露，此举是为引流，其工作室链接有大量婚庆资源，相亲促成后，会根据客户后续委托进行收费。 林依姆听说有相亲群，拿着手机挤进人群准备扫码，再一听是家长群又犹豫了。她进过几次线上相亲群，意在为25岁的女儿“争取些优秀的男生”，但她并不苟同群里一些家长分享的婚恋观：“女孩不结婚对不起父母，这跟父母有什么关系，素质很差，我听不了。” 林依姆是“70后”，她说，过去不少老一代人常将“凑合结婚”“搭伙过日子”挂在嘴边，更有甚者“越俎代庖”地替子女选择对象，“但我们这一批以后的家长观念就有变了”。比起房车，林依姆更重视未来女婿的人品和才能以及个人情绪是否稳定、三观是否契合。 近些年，越来越多95后、00后进入相亲市场，社交媒体上“年轻人不结婚”话题也引发广泛讨论。在她看来，婚姻是锦上添花，婚一定要找对人再结。一旁扫二维码的家长听了不住点头却又困惑，“一直找不到合适的怎么办？”林依姆不以为意，找不到也愿意陪孩子等，“小孩单身到三四十岁也不怕，这个时代单身的人太多了”。(完),1350,https://www.chinanews.com.cn/sh/2023/05-20/10011185.shtml,结婚登记;婚姻;结婚;婚恋;适婚;相亲;单身;脱单;对象;另一半
People.cn,2023-05-20,今天“520”南宁市各结婚登记处“为爱加班”,记者昨日从南宁市民政局获悉，今天，南宁市辖区各婚姻登记处将“为爱加班”，为市民群众办理结婚登记业务。 5月20日，因谐音“我爱你”备受准新人们的青睐，每年都有准新人选择在特殊意义的日子里完成结婚登记的人生大事。 记者从市民政部门了解到，今年5月20日恰逢周六，为了满足有结婚登记需求的人群，本着方便群众的原则，南宁市辖区各婚姻登记处将为市民群众办理婚姻登记业务（其他业务暂不办理）。计划在“520”进行婚姻登记的准新人们，请提前准备好身份证、户口本、照片等材料到婚姻登记处排队办理。（记者彭媛媛）,248,http://gx.people.com.cn/n2/2023/0520/c179430-40423895.html,婚姻登记;结婚登记;婚姻;结婚
People.cn,2023-05-21,4169对！“5·20”成都迎结婚登记高峰,5月20日，成都市多个婚姻登记处新人齐聚，笑语声声，迎来今年婚姻登记高峰。记者从成都市民政局获悉，截至当日18时，全市婚姻登记机关共办理结婚登记4169对。据介绍，当日全市23个区（市）县共33个婚姻登记处全部实行“周六加班”、工作人员全时在岗等延时服务措施，尽全力保障市民群众婚姻登记服务需求。 昨日，一场以“红梁传承·筑梦天府”为主题的婚俗文化主题活动在天府新区红梁湾公园举行。 据了解， “5·20”当天，四川天府新区婚姻登记中心2个办证点位共计330余对新人登记结婚。“今年的‘5·20’也是红梁湾公园婚姻登记处成立2周年，目前累计已有超过6万余对新人在这里结为夫妻。” 红梁湾公园婚姻登记处登记员唐林介绍，为全力保障市民群众婚姻登记服务需求，中心还实行了“周六加班”、工作人员全时在岗等延时服务，确保每一位新人能够在甜蜜的日子里顺利领到幸福的“小红本”。 活动现场，作为推动天府新区文明婚俗改革的践行者，以交警、教师、医护人员、社工等职业为代表的6对新人，上台集体宣读了结婚誓言。同时，为着力打造体验感和仪式感更强，多元化、沉浸式的婚姻登记服务新体验，新人在签到后，还可以畅游微市集、逛婚恋博物馆、撰写合婚庚帖，参与“情侣游戏挑战”等体验式活动。 昨日上午10点，成都高新区桂溪生态公园集体婚礼正式开始。16对新人穿上婚服，在鲜花的簇拥中等待着仪式开始。接过结婚证，郑重地说出婚礼誓词后，16对新人正式结为夫妻。 一只手拿着“小红本”，另一只手紧紧牵着太太的王博文激动不已，他们是参加集体婚礼的其中一对新人。“期待了很久的场景终于成为现实。”王博文告诉记者，他于2017年在大学校园里认识了自己的太太，如今多年爱情长跑终于结出甜蜜硕果。 此次在公园中参与集体婚礼，对于二人而言是终身难忘的体验，王博文说道，“在充满爱意的公园举行婚礼，也将成为我们一辈子的甜蜜记忆。” “我守着手机，终于‘抢’到了桂溪生态公园婚姻登记处的号；而且报名参加集体婚礼，又被惊喜选中。太幸运了！”在集体婚礼现场，新人陈莹莹十分激动。陈莹莹是定居在成都的广东人，丈夫在广东工作，此次丈夫是专程从广东来成都领证、参加集体婚礼。 走进温江区鲁家滩婚姻登记服务中心，以光祈文化为设计元素的音乐符号随处可见，充满着浪漫气息，吸引诸多夫妇带着美好生活的憧憬前来驻足、打卡。 昨日上午9点半，“5·20”爱乐跑拉开了活动序幕。32对新婚夫妇、9对纪念婚夫妇、5对铜婚夫妇、3对银婚夫妇、2对金婚夫妇、1对钻石婚夫妇身穿西服和婚纱、唐装和旗袍，在6个不同的起点展开一场爱情接力赛，象征着爱的传承和延续，带着对彼此的祝福携手白头。 温江区民政局相关负责人表示，除“爱乐跑”活动外，本次“5·20”还设置了鲁家滩公园式婚姻登记服务、集体颁证仪式、爱情公益慈善项目、婚姻家庭服务项目五大主题活动，以群众喜闻乐见、生动活泼的方式，积极培育和践行社会主义核心价值观，着力推进婚姻领域移风易俗，传承发展中华优秀婚姻家庭文化。（成都日报锦观新闻记者 杨升涛 魏捷仪）,1261,http://sc.people.com.cn/n2/2023/0521/c379471-40424300.html,婚姻登记;结婚登记;婚姻;结婚;婚恋;婚俗;夫妻;情侣;婚礼
People.cn,2023-05-21,“5·20”1810对新人在深圳登记结婚,▲5月20日，数对新人到福田区婚姻登记处领证。 深圳晚报记者 陈玉 摄 5月20日，深圳迎来了一个不同寻常的周六。凭借 “我爱你”这一浪漫的谐音，“5·20”成为众多新人婚姻登记的“心水”日期。当天，深圳市各区婚姻登记处“为爱加班”，8时便开门“营业”，迎接要在这一天迈入婚姻殿堂的新人。 深晚记者当天上午来到有最美婚姻登记处之称的福田区民政局婚姻登记处，看见婚姻登记处的入口处摆满了盛开的鲜花，新人已经在门口整齐地排起了两列长队，左列是排队取现场号的新人，右列则是成功在线上预约的新人。陪同而来的亲友也做好“后勤”工作，为新人拿好衣物、包裹、相机。由于夏季蚊虫较多，几名新人拿出备好的花露水，为身边的人喷洒。两名工作人员则分别沿着长队逐个查看身份证、户口本、照片、居住证等证件材料，再将现场号和预约号发给新人。一名工作人员在入口处负责叫号，一次叫3个预约号和一个现场号。新人或安静不语或轻松说笑，都耐心地等待进场迎接属于自己的重要时刻，现场秩序井然。新人进入办证大厅后，还会有志愿者引导他们填写相关材料。 “‘5·20’是个好日子，刚好也是她的生日。”市民王先生说道，他和女友在一起已有6年，很早的时候，他们就想好了要在这个日子结婚。15天前，王先生一大早就守在电脑前等候预约，可惜由于在线人数过多未能成功，于是就选择在当天到现场排号。 “我们本来准备6月结婚的，今天出来选婚纱照片的时候想着顺便来看看，然后就在这里排上了。”市民周先生笑着说。周先生和女友来自陕西，均为陕西户籍，由于广东是“跨省通办”的试点地区，他们在深圳便可以办理婚姻登记。 “今天是全年办理婚姻登记的高峰，一上午就办理了136对。”福田区民政局婚姻登记处负责人对记者说道。当天，福田区民政局婚姻登记处也正式启用了新的咨询服务热线，是一串好记又甜蜜的数字——0755-82520520。 5月20日，深圳各婚姻登记处也纷纷为新人特别准备了浪漫的仪式。南山区民政局为每对新人免费赠送一份结婚礼物，其中有三种寓意喜庆的物品，可供结婚新人选择；罗湖区民政局婚姻登记处特意为新人筹备了集体颁证仪式和新婚辅导讲座；宝安区民政局婚姻登记处当天为新人举办了“情定5·20，爱在宝安”系列活动，并开展“婚姻幸福讲堂”专题讲座；福田区民政局婚姻登记处从全国文明家庭、五星级志愿者中特别邀请了五位“福田好公民”，举行集体颁证仪式。 据深圳市民政局统计，截至2023年5月20日18时，全市办理结婚登记1810对。（记者 李铭赫）,1040,http://sz.people.com.cn/n2/2023/0521/c202846-40424454.html,婚姻登记;结婚登记;婚姻;结婚;婚礼
People.cn,2023-05-21,“5·20”四川省1.6万余对新人登记结婚,“5·20”谐音“我爱你”，不少新人选择在这一天登记结婚，共赴白头。未婚青年想在这一天找到真爱，还有更多有情人在这天表达爱、分享爱、纪念爱！ 今年5月20日，四川民政部门强化婚姻登记保障，在“5·20”举办丰富多彩、形式多样的集体婚礼、婚龄纪念仪式、婚俗文化展示、青年联谊等活动。截至5月20日下午4时，全省当天办理结婚登记1.6万余对。 阿坝州汶川县举办“汶川情缘·携手百年——见证云朵上的誓言”集体婚礼，40对新人身着民族特色盛装，心手相牵、走过红毯、踏入喜堂，举行了原生态的羌民族婚礼仪式。 一只手拿着“小红本”，另一只手紧紧牵着妻子的王博文激动不已，他们是参加成都高新区集体婚礼的其中一对新人。“期待了很久的场景终于成为现实。”王博文告诉记者，此次在桂溪生态公园参与集体婚礼，对于两人来说是终生难忘的体验，“我们年轻人对筹备麻烦、程序复杂的传统婚礼没有太大兴趣，而集体婚礼倡导文明婚俗新风，也让我们更加轻松愉悦。”（四川日报全媒体记者 李丹）,425,http://sc.people.com.cn/n2/2023/0521/c379470-40424286.html,婚姻登记;结婚登记;婚姻;结婚;婚俗;婚龄;婚礼
People.cn,2023-05-21,新华社权威快报丨6月1日起21个省份婚姻登记可“跨省通办”,记者20日从民政部获悉，新纳入婚姻登记“跨省通办”范围名单的试点省份将于6月1日起开展结婚登记和离婚登记“跨省通办”。 根据国务院批复精神，目前婚姻登记“跨省通办”试点省份为北京、天津、河北、内蒙古、辽宁、上海、江苏、浙江、安徽、福建、江西、山东、河南、湖北、广东、广西、海南、重庆、四川、陕西、宁夏。 目前，民政部和试点省份正在紧锣密鼓地准备，加紧做好补录婚姻历史档案信息、配备智能设备、开发建立预约系统、规范办理流程等工作，确保“跨省通办”工作顺利进行。（高蕾、孙少龙）,237,http://yn.people.com.cn/n2/2023/0521/c378440-40424422.html,婚姻登记;结婚登记;婚姻;结婚;离婚
CCTV,2023-05-22,多地民政局520“为爱加班”后，年轻人却不太愿“为爱结婚”了：领证人数大降,因谐音“我爱你”，5月20日成为了新人结婚登记的高峰日，此前多地民政局宣布这天“为爱加班”。目前，多地公布520婚姻登记数据，从已有数据来看领证人数较去年大幅降低。 据江苏省民政厅消息，今年5月20日恰逢周六休息， 江苏 98个婚姻登记处为“爱”加班，为11156对新人办理了结婚登记。去年5月20日，截至当日下午5:30，江苏全省共有15003对新人完成领证。 广东5月20日也迎来婚姻登记小高峰。据 广东 省民政厅消息，当天共结婚登记12450对，“跨省通办”结婚登记1813对。公开资料显示，去年5月20日，广东全省当天共有20892对新人登记结婚。 在年结婚登记人数逐年走低的大趋势下，四川、福建、贵州等地“520”登记结婚人数也在下降。 据四川省民政厅提供的数据，截至5月20日18点， 四川 当天办理结婚登记1.6万余对。而2022年5月20日，四川省各婚姻登记机关共办理结婚登记2.5万余对。 据 福建 省民政厅统计，截至今年5月20日18时，全省共计结婚登记6270对，其中福州结婚登记1187对，泉州结婚登记1267对。在去年的“520”，福建省共有10159对新人登记结婚，其中泉州1918对，福州1777对。 今年5月20日， 贵州 省共办理结婚登记6873对。而在去年的5月20日，全省共有14876对新人领取结婚证。 结婚人数已连续多年下降， 年轻人为什么不愿意结婚？ 据国家民政局数据，2013年我国结婚登记对数为1346.93万对，2021年结婚登记对数下降到763.6万对， 连续8年下降，目前尚未公布2022年最新数据。 此外，《中国人口普查年鉴2020》显示，我国平均初婚年龄从2010年的24.89岁推迟到2020年的28.67岁，十年推迟近4岁。其中，男性平均初婚年龄推后了3.63岁，女性平均初婚年龄推后了3.95岁。湖北省民政厅公布的2022年全省婚姻大数据显示，湖北的男女初婚年龄已突破30岁。河南省民政厅相关负责人也透露，河南省内已有多地初婚平均年龄突破30岁。 据证券时报，对于结婚人数下降的原因，早前经济学家任泽平、人口学家梁建章、何亚福等撰写研究报告指出，主要 因为年轻人数量下降，适婚人口男多女少，结婚及养育成本高，社会竞争激烈、就业压力大，年轻一代的婚姻观念已经发生改变等。 付建认为，如果上述问题不能得到克服或者缓和，年轻一代的婚姻观念很难发生变化，也就不会催生年轻人结婚的欲望，结婚人数和初婚人数会长期处于下降趋势。 在李媛媛看来，结婚率降低、结婚平均年龄增长，固然有一些经济学原因，更深层次的原因是个人价值的觉醒。,1089,https://news.cctv.com/2023/05/22/ARTI8FQKRl2dzp4uc4Me8723230522.shtml,婚姻登记;结婚登记;婚姻;结婚;初婚;适婚
China News Service,2023-05-22,1900余对新人登记！沈阳全力保障“520”“521”婚姻登记服务需求,中新网 沈阳5月22日电(李晛)“520”和“521”因谐音“我爱你”被赋予了浪漫色彩，很多准新人选择在这个特别的日子办理结婚登记。虽然今年5月20日和5月21日是周末，但沈阳市14个婚姻登记机关全体工作人员放弃休息，为“爱”加班，截至5月21日17时，两天内共为1900余对新人办理了结婚登记。 据了解，为满足广大准新人们婚姻登记服务需求，沈阳市各婚姻登记机关提前部署安排，确保婚姻登记工作安全、有序、规范开展。一是宣传提醒到位，引导避免扎堆登记。提前通过媒体、公众号等多种方式发布预约渠道，告知准新人们通过辽宁民政官网、沈阳市民政局官网、辽事通APP、沈阳政务服务APP、沈阳民政微信公众号等渠道进行提前预约，提醒当事人根据预约时间前往婚姻登记处办理登记业务，以缩短等待办理的时间。 同时，沈阳市民政服务保障到位，开展实地督导检查。落实全员上岗、提前上班、延时服务等措施，登记窗口全部开放，预审、取号、填表、审核、办证等环节井然有序。开通未预约人员排队窗口，确保当天所有到来到婚姻登记处的人都能领到结婚证。沈阳市民政局成立工作小组，由分管局领导带队，采取“四不两直”方式赴各婚姻登记处进行实地督导，确保各项措施有效落实。 此外，沈阳市民政推进婚俗改革，倡导简约婚俗礼仪。全力打造“沈阳喜事”结婚登记户外颁证品牌，指导浑南区民政局在莫子山公园建成沈阳市首个户外颁证点，举办首场“爱在浑南幸福启航”户外颁证仪式。和平区、沈河区、皇姑区、铁西区、大东区、于洪区、沈北新区、苏家屯区等地也结合本地实际，开展了各具特色的集体婚礼、集体颁证、户外颁证、婚姻家庭辅导等活动，总计190余对新人参加。(完),697,https://www.chinanews.com.cn/sh/2023/05-22/10011745.shtml,婚姻登记;结婚登记;婚姻;结婚;婚俗;婚礼
People.cn,2023-05-22,“5.20”南明区婚姻登记“不打烊”,为做好婚姻登记群众的服务工作，大力倡导“婚事新办、婚事简办”新风尚，5月20日，南明区民政局在南明区政务大厅开展2023年“520婚事新办”文化活动。 上午9:30，笔者在南明区政务大厅看到，前来领证的新人有的在取号等候，有的正在办理，有的正在宣传打卡墙拍照打卡…… 活动现场，区民政局设置了婚恋文化打卡、婚恋小游戏、婚前家庭辅导培训、现场集体颁证仪式等活动，前来领证的新人凭5月20日办理的结婚登记证件，可参与婚恋小游戏领取玫瑰花、小礼品等。同时，还分组邀请新人到颁证室参加集体婚礼，新人们宣读誓言、签婚书……现场氛围浓烈、仪式感满满。 据悉，为做好“520”婚姻登记服务，确保新人都能在当天登记成功，南明区政务大厅及南明区民政局婚姻登记处开设网上、电话和现场预约服务，共设置5个窗口办理婚姻登记，严格执行好“午间不打烊”“延时服务”等全时段服务，缩短办事时间，确保当天取号的新人都能完成婚姻登记。此外，还在大厅门口增派工作人员、现场引导员、党员志愿者，帮助指引新人们有序地进入大厅排队等候办理，为新人们引导方向、答疑解惑、复印资料，让新人处处感受到温馨服务。截至下午5点，共计办理婚姻登记的新人128对。（江萍）,508,http://gz.people.com.cn/n2/2023/0522/c394148-40425463.html,婚姻登记;结婚登记;婚姻;结婚;婚恋;婚礼
People.cn,2023-05-22,婚姻登记“跨省通办” 合肥加快准备,5月21日，记者获悉，合肥正加快推进内地居民婚姻登记“跨省通办”试点各项准备工作。“国家有关部门还将对此项工作作出具体部署，明确具体要求，我们将进一步抓好落实。待启动时间确定后，我们会在第一时间向社会发布。”市民政局相关工作人员表示。 日前，国务院批复同意扩大内地居民婚姻登记“跨省通办”试点，安徽等21个省（自治区、直辖市）被纳入试点地区。 据中国政府网5月18日消息，自2023年5月12日起，在北京、天津、河北、内蒙古、辽宁、上海、江苏、浙江、安徽、福建、江西、山东、河南、湖北、广东、广西、海南、重庆、四川、陕西、宁夏等21个省（自治区、直辖市）实施结婚登记和离婚登记“跨省通办”试点。 试点地区办理婚姻登记时，双方均非本地户籍的婚姻登记当事人可以凭一方居住证和双方户口簿、身份证，在居住证发放地婚姻登记机关申请办理婚姻登记，或者自行选择在一方常住户口所在地办理婚姻登记。试点期为自批复之日（2023年5月12日）起2年。 市民政局相关工作人员表示，目前，合肥正加快推进各项准备工作。“国家有关部门还将对此项工作作出具体部署，明确具体要求，我们将进一步抓好落实。待启动时间确定后，我们会在第一时间向社会发布。” 在民政部门公布“跨省通办”窗口启动办理的消息前，双方还是应当共同到一方当事人常住户口所在地的婚姻登记机关办理。 根据《婚姻登记条例》，内地居民结婚或自愿办理离婚的，男女双方应当共同到一方当事人常住户口所在地的婚姻登记机关办理。 “跨省通办”试点意味着，除了可以去一方当事人常住户口所在地申请办理，当事人可以根据需要，凭一方居住证，在居住证发放地婚姻登记机关，申请办理婚姻登记。 比如，小王和小李的户籍地分别是江苏和湖北，目前都在安徽工作，其中一方有在安徽的居住证。“跨省通办”意味着，他们办理结婚登记，既可以选择江苏、湖北的户籍地办理，也可以选择在安徽的居住证发放地办理。 据悉，为满足群众异地办理婚姻登记的需求，节约当事人的时间成本和经济成本，经国务院批准，自2021年6月1日起，民政部在7省2市启动内地居民婚姻登记“跨省通办”试点。此次扩大婚姻登记“跨省通办”试点范围，将进一步推动“为爱减负”。（记者 李后祥）,919,http://ah.people.com.cn/n2/2023/0522/c358428-40425163.html,婚姻登记;结婚登记;婚姻;结婚;离婚
People.cn,2023-05-22,长宁区“爱的婚姻学校”正式“开学”！,谐音“我爱你”的5月20日，是登记结婚的新人们提前“瞄准”的甜蜜日子。在长宁区婚登中心，今天登记的新人们迎来了一个全新的身份——长宁区“爱的婚姻学校”的学员。 在宽敞喜庆的登记大厅，前来办理结婚登记的新人们络绎不绝，工作人员耐心细致地办理着结婚登记事宜。 一对对新人手捧鲜花，不少女生身着婚纱，头戴洁白的头纱，为这个重要的日子盛装打扮；男生们西装笔挺、干净整洁，开心地为心爱的新娘佩戴头纱、胸花，幸福、美好的“气氛值”一下子被拉满了。 上午9点半，“爱的盛典”——“典”亮新时代 “倡”响新婚尚——520颁证庆典暨长宁区“爱的婚姻学校”开学仪式吸引了新人们的积极参与。 “很开心成为‘爱的婚姻学校’的学生，我们一定好好学习。”接过这份特别的“录取通知书”，新人小傅和小郭成为学校的首批学员。他们开心地表示，2019年的5月20日，是他们成为情侣的日子。4年后的今天，他们成为夫妻，开启了甜蜜婚姻生活。 与此同时，令他们惊喜的是，作为“爱的婚姻学校”的“学生”，今后在生活中，他们将携手开启婚姻家庭系列课程学习的新征程，既可以观看线上课程，也可以参加线下咨询，将收获更多经营婚姻家庭的成长经验，同心共建幸福美满家庭。 “早上8点半，工作人员就全员上岗，全力为新人们做好服务。”长宁区婚登中心负责人表示，5月20日备受新人们青睐，因此，婚登中心先后两次放出网上预约名额，同时接受线下、电话咨询并做好登记，最大限度满足新人们的结婚登记需求。 当天下午，在“爱的心意”——“依”家宁“以爱之名 情暖花开”新人互动DIY主题活动上，新人们共同完成手工作品，让爱在彼此心间流淌。 据介绍，今天共有90对新人办理了结婚登记和颁证，定格属于他们的美好开端。,720,http://sh.people.com.cn/n2/2023/0522/c134768-40425576.html,结婚登记;婚姻;结婚;夫妻;情侣
People.cn,2023-05-23,临夏县：甜蜜“520”婚姻登记迎高峰,"5月20日，因为谐音“我爱你”，许多准新人都选择了这一天办理婚姻登记，以此表达爱意。当日，临夏县政务中心民政局婚姻登记窗口就迎来了结婚登记高峰。 前来领证的准新人纷纷表示，在特殊的日子领证幸福感满满，以后要珍惜彼此，为自己的小家努力，共同创造美好的生活。 据了解，为满足新人的登记需求，临夏县政务中心民政局婚姻登记窗口""为爱加班""，5月20日（周六）和21日（周日）婚姻登记服务""不打烊""，采取线上+线下""双线""并进预约、延长登记服务时间、中午不休息、增设登记服务窗口等多项保障性措施，全力满足广大新人的领证需求。截至""520""下午，共有138对新人成功领证。 与此同时，临夏县民政局还举办了""推动移风易俗、倡导婚育新风""专题宣讲活动，现场为准新人们宣读了婚俗改革倡议书、开展婚姻家庭教育辅导培训，并邀请甘肃省曙明律师事务所律师现场为准新人们讲解了《民法典》婚姻家庭篇，引导他们建立文明和谐的婚姻家庭理念，共同推动文明婚俗建设。现场还为16对准新人举行了集体颁证仪式。",434,http://gs.people.com.cn/n2/2023/0523/c403223-40427131.html,婚姻登记;结婚登记;婚姻;结婚;婚育;婚俗
People.cn,2023-05-23,广河：为爱加班 “520”婚姻登记“不打烊”,为满足新人为爱奔赴的良好愿望，5月20日、5月21日，广河县政务服务中心婚姻登记窗口正常上班“为爱不放假”。 5月20日一大早，广河县政务服务中心婚姻登记处排起了长队，一对对新人有序等待着幸福时刻来临。他们十指紧扣，脸上洋溢着幸福的微笑，眼里满是对未来的憧憬，在相机定格的那一刻，让幸福永远延续下去。 在工作人员的指引下，填资料、按手印，郑重接过鲜红的结婚证，最后在婚姻登记处留下幸福的印记，如愿拿到了人生中最幸福的“红本本”，激动、幸福喜于言表。一张张结婚证亦是责任的重托，也是两人幸福生活的起点。 婚姻登记处的工作人员说，除了现场排队叫号之外，新人还可以采用网上、电话的方式进行提前预约。据了解，截至“520”当天下午6点，广河县政务服务中心婚姻登记处已有85对新人在当天领证。,341,http://gs.people.com.cn/n2/2023/0523/c403226-40427212.html,婚姻登记;婚姻;结婚
CCTV,2023-05-24,记者调查直播相亲现象：直播相亲2个月，礼物刷了上万元,“有没有相中的？相中男士扣2，相中女士扣1，来个‘黄桃罐头’表示一下”； “2号女嘉宾需要一个热气球留下来，看看有没有哥哥留一下”； “直播间的男嘉宾们，觉得5号可以吗？大胆说出爱，刷个火箭表个态，让5号留下来”…… 在如此“吆喝”中，期待以网线牵动姻缘的陌生男女们，将自身的经济与家庭条件悉数列出，红娘主播们游刃有余地推销着相亲者：“有意向就连麦，没意向就下一个。” 这里的“热气球”“火箭”都是需要男嘉宾掏钱刷的礼物。相亲直播间里，礼物似乎才是真正的“指挥棒”——哪位女嘉宾收到的礼物多，就能被留下和男嘉宾开启连麦；而男嘉宾要想得到心仪女嘉宾的联系方式，也需要礼物的加持才有可能胜出。 眼下，此类直播相亲方兴未艾，但争议之声也不绝于耳。公开报道显示，今年大年初三到初六，某视频平台在河北、山东、吉林等8个省份发起66场相亲直播。主播化身红娘角色，在直播间内撮合想“脱单”的用户，每场平均观看人次超1500万。 在黑猫投诉平台上，关于相亲直播间的投诉也不少：内容涉及从打招呼、表白牵手、交换联系方式，每一环节都需要刷礼物才能继续，有诱导消费的嫌疑。还有一些女嘉宾其实是“托儿”，帮红娘骗完礼物，加上社交账号后直接拉黑男嘉宾。 在热闹的背后，是真情还是陷阱？近日，《法治日报》记者对此进行了调查采访。 记者通过连日观察发现，短视频直播相亲模式大致可以分为两种： 单身粉丝报名、登记个人情况后成为相亲嘉宾，主播对嘉宾的个人信息进行把关筛选。随后，主播开设相亲直播间，根据登记信息依次介绍嘉宾个人情况，鼓励观看直播的异性粉丝与嘉宾互动、配对。 粉丝或路人打开视频、音频后，自由加入相亲直播间。在介绍个人情况和对另一半的要求后，红娘主播引导彼此有好感的双方发言交流、互留联系方式，或者直接关注私信。 “主播就跟卖货似的推销你。”在山东工作的王顺（化名）就因为身高不足175厘米，没达到女嘉宾的要求，失去了连麦机会。“大多数直播间里的女生数量都少于男生，她们的要求都卡得比较严，差1厘米都不行。” “我今年38岁，身高172厘米，未婚，体重170斤，在临沂有套住房，自己做点生意，年收入10万元以上，自己有辆小货车……”现在，连麦后，王顺已经会很熟练地亮出自己的条件。面对王顺的体重，不少女相亲者表达过担忧。 “红娘主播这时候就会摆出我的优质条件，有房有车，老家还有自建房，家里爸妈身体好能带孩子。有时候还说，‘结婚有人管了，作息规律就瘦了’等。”王顺说。 记者注意到，和线下相亲一样，相比于自由恋爱，直播间的相亲则显得直白了一些：年龄、身高、学历、收入、彩礼、房产、婚史……这些“硬性条件”都被摆在台面上，当作衡量个人价值的数据供对方参考，以便快速匹配或“淘汰”。 长相秀丽、打扮得体的浙江杭州姑娘白芳（化名），曾经在某相亲直播间遇到了一位有眼缘的男士，但是一句话都没说上就擦肩而过了。后来，她就再也没参加过了。“原因很简单，就是不想成为红娘主播叫卖的‘货品’。”白芳说。 “看出对方有意后，红娘主播从‘男生告白刷一个喜欢你啊，表表诚意’‘一个大男人几十块钱都舍不得，谁还理你呀’到‘看看姑娘都等累了，刷个热水啊’，说了一连串，其实就是为了催男生刷礼物。”白芳说。 然而，“红娘”口中的“小礼物”其实需要近千元，一旦连线中的男嘉宾沉默了，红娘主播便会给她发来私信——“你要说话，别干等着，就说‘喜欢我就刷礼物’”。对此，白芳很反感，不想跟她唱双簧。但是，红娘主播会不断私信她——“我这是在帮你试探男嘉宾的诚意，你要配合”“现在都不‘放血’，以后还能对你好？” “男嘉宾招架不住红娘的步步紧逼，最终下线了。这位主播马上就对其他男嘉宾喊‘你们随便刷个礼物，就能把3号女嘉宾带走哦’。”听到这样的“吆喝”，3号女嘉宾白芳立马选择下线。 “一些红娘主播似乎并不奔着撮合为目标，而是以刺激我们男嘉宾消费为目的。”北京市民张凯（化名）在相亲直播间里兜兜转转两个多月时间，为了刷礼物已花费了上万元。 在北京打拼十多年的张凯已到不惑之年，因为没车没房，终身大事一再被耽搁。今年3月，相亲直播间引起了张凯的注意。一个多星期后，他开始在一些相亲直播间报名，“当时觉得如果谈不拢就换个直播间，反正也不会太没面子。” 此后的一个多月，为了连线心仪的女嘉宾，张凯花费了上千元。最终，与那位资料显示“35岁，离异没有孩子”的女嘉宾总算连线成功。连线时，三方视频画面出现在同一手机屏中。 “简单聊了十多个回合，感觉挺能说到一块去，对方也不嫌弃我没有住房。”张凯说，为了博得女嘉宾的好感，他连刷了一波礼物，“大概有几百块钱了”。此时，红娘主播的一句话让张凯决定“出血”——直播结束后，安排他和女嘉宾线下见面。于是，张凯又花了一个月工资刷礼物。 结果，次日女嘉宾发了一句“我前夫找我复合了”，直接将他拉黑。“我想去直播间问个明白，却被告知没有权限，真不知道该找谁说理去。”张凯说。 记者在对一些相亲直播间观察一周后发现，大多数红娘主播都会要求用户关注主播，成为粉丝或付费会员才能上麦相亲。此外，大多数红娘主播明确提出，点赞、刷礼物的用户拥有优先上麦的机会。 “一些红娘主播以‘上麦交流’为由，让相亲者关注该主播，并付费加入其会员粉丝团，不过我一般没有办理会员，当时觉得还不如把钱花在刀刃上。”张凯认为，这个“刀刃”就是刷礼物。 在相亲直播间，男性用户往往是被督促刷礼物的重点对象，红娘主播会以表白、献爱心等方式让其送礼，礼物越贵代表心越真诚。记者在某直播间看到，红娘主播发现评论区某用户特别活跃，言语中表达了对某位女嘉宾的好感后，10分钟内11次让该用户送“热气球”给女嘉宾。 在另一个相亲直播间里，红娘主播10分钟内向某男嘉宾5次提出送“掌上明珠”的要求，后男嘉宾直接离开了该直播间。随后，该红娘主播又反复说道：“有没有男嘉宾把女嘉宾‘惠宝儿’抱下去？一颗‘掌上明珠’就可以把‘惠宝儿’抱下去……” “直播动态”显示，四月份该红娘主播日均直播6场，连续多场直播都是固定的几位女嘉宾驻场。记者还发现，不仅该红娘主播会要求男嘉宾给女嘉宾刷礼物，女嘉宾也会配合主播，不断要求男嘉宾刷礼物给自己，如“一个‘纸鹤’就可以留下我……有没有人把我带回家”等。 按照这家短视频平台官方的礼物规则：礼物是用平台的代币购买，代币则需要使用人民币兑换。一个“热气球”需要520代币，一个“爱心发射”需要999代币，一个“掌上明珠”需要888代币，一个“纸鹤”需要99代币，1元人民币可以兑换7代币。 “一般一只‘纸鹤’只能代表自己对女嘉宾有意向，但是真的要想和女嘉宾连线，至少一个‘掌上明珠’和一个‘爱心发射’，这就要将近300元。”张凯说，如果是线下相亲，这笔钱差不多能吃顿饭了，但是直播间里也就连线10分钟不到。 根据张凯的经验，如果想要加上女嘉宾社交账号，成本基本上也是300元左右。 现实中，红娘一般都会足够了解双方的个人信息、家庭情况等。但记者通过观察发现，相亲直播间中的一些红娘主播，很可能并不了解相亲者的身份——事先并不认识相亲者，更无法确定其真实身份，甚至无法知道对方是否已婚。 曾经参与过直播间相亲的北京市民刘慧慧（化名）告诉记者，有一些红娘主播会让报名嘉宾提供户口本、身份证、婚姻情况等信息，但这样的红娘少之又少。更普遍的情况是，直接让男女嘉宾上麦自报个人情况。 当记者在直播间询问嘉宾信息的真实性问题，某直播间红娘主播直接回应称，“嘉宾的条件都是口头说说，我没法看你们的各种证件，信息真实与否还要靠大家牵手后自己辨别”。也有直播间“红娘”会在男女嘉宾牵手成功后提醒，“核实对方的个人信息”。 还有红娘主播会在直播间反复提醒，一是在网上找对象要有识人的能力，没有这种能力的人，还是回到现实中去；二是在见到对方父母前，不要有经济往来。 作为直播间相亲曾经的参与者，在北京从事网站编辑工作的小易（化名）曾在直播间牵手成功，并且与女嘉宾进行了线下交往，但是结果并不乐观。小易告诉记者，在直播间牵手成功后，每次和女方出去玩，对方都要带上弟弟妹妹或者小辈儿，“压根儿不给单独相处的空间，而且偏好高消费场所”。 在福建工作的林航（化名）遭遇则更加离谱。 “加上联系方式没聊几天，对方父母、爷爷奶奶挨个生病，要不就是手机坏了、电脑坏了，每月都要花个上万元。熬到要订婚了，结果拖着不结婚，对方父亲又开始问我借钱。但是越借越多，刚开始几千元，后来变成了几万元，不给就拿不结婚威胁。”林航说。 最终，林航选择分手，“借出去的钱好歹要回一部分，但是送的礼物、节日礼品、订婚花的钱都打了水漂”。 对此，中国政法大学知识产权研究中心特约研究员李俊慧认为，从直播角度看，直播间相亲，是一种以相亲为主题或主线的直播行为。作为直播间相亲的主播，受限于平台规则，以及此类直播行为的自发性，“短期看，对于类似‘连麦’，或通过‘留言’提供手机或电话联系方式，连线人员的真实信息是无法直接甄别的”。 面对相亲直播间出现的虚假信息、可能造成当事人人财两空的情况，北京嘉维律师事务所律师赵占领告诉记者，目前没有明确的法律规定，平台或主播有审核参与相亲的男女嘉宾信息真实性的义务。但是，如果平台或主播宣称，对相亲用户信息进行了审核把关、保证真实的话，那就需要保证信息的真实性。 赵占领说，短视频平台提供的是技术服务，主播提供的是居间介绍服务，平台用户量巨大，参与相亲直播的用户也多，平台和主播没有办法逐一对其进行审核。此外，即使能够审核，审核的力量也是有限的，对于用户的一些个人信息，平台和主播难以判断其真实性，比如工作证明、学历信息。除了身份信息可以实名外，其他信息都存在着造假的可能。 “如果是专门的相亲平台，在公司的业务范围内包括‘婚姻介绍服务’，那该平台应该建立一个信息核实机制，保证相亲者经过了审核和把关，否则容易造成欺诈、虚假宣传。”中国传媒大学文化产业管理学院法律系主任郑宁说，但是由于目前造假技术的发达，主播和平台进行审核的难度比较大，效果并不理想。 目前，各大短视频平台及一些社交平台，均开始了对直播相亲业务的探索。 记者通过查阅短视频平台的工商信息发现，有的短视频平台隶属的公司已将其经营范围扩大到“婚姻介绍服务”，并且在直播间增加“相亲角”功能，在“热门活动”中推出“婚庆”频道，为红娘主播提供快捷的相亲服务。 短视频平台作为第三方服务提供平台，担负着规范和管理相亲直播间的角色。对此，不少业内人士认为，相关平台应该制定和完善相亲直播间的规则和模式，严格规范红娘主播的言行。 赵占领认为，红娘主播不应该夸大、虚假宣传、频繁索要礼物等，可以通过关键词屏蔽、封禁违规直播间等方式规范直播相亲的发展。 “直播间相亲的走红说明相亲的社会需求很大，有关部门、相关组织等应该思考，如何提供一些正规的相亲平台，服务有需求的用户，而不是放任网络中直播相亲的野蛮发展。”郑宁说。 郑宁建议，应当完善直播相亲规则，细化平台审核责任，以保证信息的真实性。平台可以设置或制定一些规范和标准，严格把关参与相亲用户信息的真实性。针对违反相关规定者，要设置不同程度的处置，比如限流、关停、封禁等。 李俊慧建议，直播间相亲在开展相应服务时，要逐步建立个人信息保护机制。在确保连线人员身份真实基础上，按照连线人员意愿做好个人信息保护或匿名处理，尤其要在直播间或在每次连线时，予以充分风险提示。同时，加强协同治理，避免平台被不法分子利用或滥用。 对于在相亲直播间刷礼物的行为，郑宁认为，用户的主动打赏属于正常的直播盈利模式。是否涉及诱导消费，需要看打赏行为有没有违法性、有无涉及不正当的手段来获取用户打赏，比如主播提供虚假信息，这实际上属于欺诈行为。 “诱导消费并不必然等同于侵权或违法，所有的广告或营销都是为了让消费者关注甚至购买某款产品，本质上都属于诱导。”赵占领分析说，至于是否违法主要看诱导的内容是否有虚假、欺骗的成分。 赵占领说，如果红娘主播通过言语确认或者承诺女嘉宾信息属实，并刺激男嘉宾刷礼物，但实际上女嘉宾信息不实，那么就涉及虚假宣传，甚至欺诈消费者。用户个人应增强防范意识，在直播间相亲要保持理性、保护个人财产安全。,4967,https://news.cctv.com/2023/05/24/ARTIeTXXqKQIMCa14lIr9cc8230524.shtml,婚姻;结婚;彩礼;恋爱;相亲;单身;脱单;对象;另一半
CCTV,2023-05-25,6月起21个省份试点婚姻登记“跨省通办”,央视网消息： 记者今天（5月25日）从民政部举行的新闻发布会上了解到，按照国务院授权，自2023年6月1日起，婚姻登记“跨省通办”将扩大到21个省份。 6月1日起，实施内地居民结婚登记和离婚登记“跨省通办”的省份包括：北京、天津、河北、内蒙古、辽宁、上海、江苏、浙江、安徽、福建、江西、山东、河南、湖北、广东、广西、海南、重庆、四川、陕西、宁夏等21个省（区、市），试点地区婚姻登记机关统一受理婚姻登记“跨省通办”事项，扩大试点后的21个省份将覆盖我国总人口的78.5%，能够基本满足群众异地办理婚姻登记的需求。 民政部介绍，全国目前每年平均办理结（离）和补领婚姻登记证1800万对左右。自2021年6月1日起，民政部在辽宁、山东、广东、重庆、四川5省（市）部署开展了内地居民结婚和离婚登记“跨省通办”试点，在江苏、河南、湖北武汉、陕西西安2省2市开展了内地居民结婚登记“跨省通办”试点。截至2023年5月24日，试点地区累计跨省办理婚姻登记125247对。 民政部社会事务司二级巡视员 杨宗涛： 通过试点，进一步积累经验，加强基础设施建设，同时积极推动婚姻登记条例的修订，为将来的全国通办打下坚实基础，可以说，实行婚姻登记全国通办是我们的目标。在条件成熟时，我们会及时、积极推动此项工作。,545,https://news.cctv.com/2023/05/25/ARTILlbmzdRpODPj9RWXtAra230525.shtml,婚姻登记;结婚登记;婚姻;结婚;离婚
CCTV,2023-05-25,6月起21个省份试点婚姻登记跨省通办 将覆盖我国总人口的78.5%,央视网消息： 记者今天（5月25日）从民政部举行的新闻发布会上了解到，按照国务院授权，自2023年6月1日起，婚姻登记跨省通办将扩大到21个省份。 6月1日起，实施内地居民结婚登记和离婚登记“跨省通办”的省份包括：北京、天津、河北、内蒙古、辽宁、上海、江苏、浙江、安徽、福建、江西、山东、河南、湖北、广东、广西、海南、重庆、四川、陕西、宁夏等21个省（区、市）。试点地区婚姻登记机关统一受理婚姻登记“跨省通办”事项，扩大试点后的21个省份将覆盖我国总人口的78.5%，能够基本满足群众异地办理婚姻登记的需求。 民政部介绍，全国目前每年平均办理结（离）和补领婚姻登记证1800万对左右。自2021年6月1日起，民政部在辽宁、山东、广东、重庆、四川5省（市）部署开展了内地居民结婚和离婚登记“跨省通办”试点，在江苏、河南、湖北武汉、陕西西安2省2市开展了内地居民结婚登记“跨省通办”试点。截至2023年5月24日，试点地区累计“跨省”办理婚姻登记125247对。 民政部社会事务司二级巡视员 杨宗涛： 通过试点进一步积累经验，加强基础设施，同时积极推动《婚姻登记条例》的修订，为将来的全国通办打下坚实基础。可以说，实行婚姻登记全国通办是我们的工作目标，在条件成熟时，我们会及时积极推动此项工作。 婚姻登记跨省通办：非户籍常住人口需提交有效居住证 民政部介绍，办理婚姻登记的非户籍常住人口，需提交一方当事人在婚姻登记办理地的有效居住证。 民政部介绍，在试点地区办理婚姻登记的户籍人口，办理方式与试点前完全一致。在试点地区办理婚姻登记的非户籍常住人口，除按照《婚姻登记条例》的要求提交双方身份证、户口簿等证件外，还需要提交一方当事人在婚姻登记办理地的有效居住证，而且必须是双方当事人亲自到现场办理。 根据第一批试点地区经验，这次试点进一步放宽了使用居住证的范围，允许一方或双方户籍是本省（区、市）的，可以在本省（区、市）任意一个婚姻登记机关办理婚姻登记，无需提供居住证。 另外，民政部表示，婚姻登记跨省通办后将采取多项措施避免重婚骗婚。 为减少重婚骗婚等现象发生，民政部将提升婚姻登记信息管理系统全国联网的稳定性和信息的完备性，强化婚姻登记全国联网审查功能，同时加强与相关部门的信息共享，及时对当事人身份信息和婚姻状况信息进行联网核验；要求各级婚姻登记机关配置智能化个人信息比对设备，提高婚姻当事人个人信息比对的准确性；同时探索建立婚姻领域个人信用制度，婚姻当事人签署个人婚姻状况承诺书，承诺不实将纳入个人信用惩戒范围。加强婚姻登记机关管理和工作人员培训，提升工作人员的政策水平和甄别能力。 民政部社会事务司司长 王金华： 重婚、骗婚等行为既涉及个人诚信缺失，也涉嫌违法犯罪，不但损害了婚姻当事人的合法权益和社会的诚信价值，也干扰了政府正常的管理秩序。民政部门将采取一些积极措施，减少此类现象的发生，对涉嫌违法犯罪的，民政部门将配合有关部门依法查处。,1221,https://news.cctv.com/2023/05/25/ARTI5UIo2VuHZxZAEn3ZI7pR230525.shtml,婚姻登记;结婚登记;婚姻;结婚;离婚;重婚;骗婚
CCTV,2023-05-25,“扯”证不回户籍地，可以去哪里办？应提前做什么准备？——聚焦我国扩大内地居民婚姻登记“跨省通办”试点工作热点问题,新华社北京5月25日电 题：“扯”证不回户籍地，可以去哪里办？应提前做什么准备？——聚焦我国扩大内地居民婚姻登记“跨省通办”试点工作热点问题 当前，全国每年平均办理结（离）和补领婚姻登记证约1800万对。然而，随着人户分离现象愈加普遍，婚姻登记必须在一方户籍地办理的规定，多年来让不少外出工作、生活、学习的人深感不便。 根据国务院授权，北京、天津等21个省（区、市）实施内地居民结婚登记和离婚登记“跨省通办”试点。试点实施后，可以去哪里领证，领证前应该做哪些准备？民政部5月25日召开新闻发布会回应热点问题。 热点一：试点地区婚姻登记机关何时受理“跨省通办”事项？ 记者了解到，2021年6月1日起，民政部在辽宁、山东、广东、重庆、四川5省（市）部署开展了内地居民结婚登记和离婚登记“跨省通办”试点；在江苏、河南，湖北武汉、陕西西安2省2市开展了内地居民结婚登记“跨省通办”试点。 截至2023年5月24日，试点地区累计“跨省”办理婚姻登记125247对，“跨省通办”既节省了当事人的经济开支，又省去了舟车劳顿，试点地区群众不再“为爱奔波”。 在前期试点基础上，按照国务院授权，北京、天津、河北、内蒙古、辽宁、上海、江苏、浙江、安徽、福建、江西、山东、河南、湖北、广东、广西、海南、重庆、四川、陕西、宁夏21个省（区、市），实施内地居民结婚登记和离婚登记“跨省通办”试点。试点地区婚姻登记机关统一自2023年6月1日起受理婚姻登记“跨省通办”事项。 民政部社会事务司司长王金华在发布会上介绍，扩大试点后的21个省份将覆盖我国总人口的78.5%，能够基本满足群众异地办理婚姻登记的需求。 何时能实现全国范围内“跨省通办”？民政部社会事务司二级巡视员杨宗涛表示，要实现全国范围内通办，必须满足两个基本条件：一是《婚姻登记条例》相关条款要进行修订，二是要有婚姻登记数据、工作制度和流程、人员力量配置等基础支撑。现在这两个条件尚未完全成熟。“婚姻登记实现全国范围通办是我们的工作目标，待条件成熟后，我部将及时推动此项工作。”杨宗涛说。 热点二：婚姻登记“跨省通办”为何限定在一方当事人经常居住地？ 杨宗涛在发布会上介绍，根据目前《婚姻登记条例》规定，内地居民结婚或自愿离婚的，男女双方应当共同到一方当事人常住户口所在地的婚姻登记机关办理婚姻登记。在婚姻登记“跨省通办”试点地区，相关规定调整为内地居民结婚或自愿离婚的，男女双方应当共同到一方当事人常住户口所在地或者经常居住地的婚姻登记机关办理婚姻登记。 例如，男方的户籍在甘肃、女方的户籍在湖南，他们中的一方或双方长期在北京工作生活。按照现行《婚姻登记条例》的规定，他们只能回甘肃或湖南进行婚姻登记。但按照试点要求，这次北京市是试点省份之一，因此，他们既可以选择回到甘肃或湖南进行婚姻登记，也可以选择在北京市进行婚姻登记。 为什么将婚姻登记“跨省通办”限定在一方当事人经常居住地？ 王金华表示，开展婚姻登记服务是一项基本公共服务事项，也是一项高频政务事项，既要解决长期在外工作、学习、生活的群众回户籍地办理婚姻登记不便以及增加支出费用的问题，同时也要考虑各地婚姻登记资源配置和承载能力，确保各地婚姻登记机关正常工作秩序。 热点三：选择一方经常居住地办理婚姻登记应出具什么证件，提前做哪些准备？ 王金华介绍，在试点地区，当事人选择在一方经常居住地申请办理婚姻登记的，不但要出具双方当事人户口簿和身份证，还应当出具一方当事人经常居住地的有效居住证。 值得注意的是，这次试点地区允许一方或双方户籍是本省（区、市）的，可以在本省（区、市）任意一个婚姻登记机关办理婚姻登记，无需提供居住证。 如男女任意一方具有上海市静安区户籍，双方当事人既可以选择在上海市静安区民政局办理婚姻登记，也可以选择在上海市内任意一个婚姻登记机关办理婚姻登记。 “为提高‘跨省通办’的效率，避免人员聚集，避免当事人来回奔波，建议当事人按照试点地区的要求提前在网上预约；办理婚姻登记时，如实填写本人身份信息和婚姻状况，以免因信息不实无法办理。”杨宗涛说。 热点四：如何在婚姻登记“跨省通办”中避免重婚、骗婚现象？ 近年来，重婚、骗婚等现象仍有发生，引发社会关注。如何让“婚姻骗局”无处遁形？ “重婚、骗婚等行为既涉及个人诚信缺失，也涉嫌违法犯罪，不但损害了婚姻利害关系人的合法权益和社会的诚信价值，也干扰了政府正常的管理秩序。”王金华在发布会上表示，民政部门将积极采取一系列措施，减少此类现象的发生。 王金华表示，民政部门将提升婚姻登记信息管理系统全国联网的稳定性和信息的完备性，强化婚姻登记全国联网审查功能，同时加强与相关部门的信息共享，及时对当事人身份信息和婚姻状况信息进行联网核验。此外，民政部要求各级婚姻登记机关配置智能化个人信息比对设备，提高婚姻当事人个人信息比对的准确性；加强婚姻登记机关管理和工作人员培训，提升工作人员的政策水平和甄别能力；对涉嫌违法犯罪的，民政部门将配合有关部门进行查处。 “民政部门还将探索建立婚姻领域个人信用制度，婚姻当事人签署个人婚姻状况承诺书，承诺不实将纳入个人信用惩戒范围。”王金华说。,2117,https://news.cctv.com/2023/05/25/ARTIwUyEb6El6j3lvJq5liUZ230525.shtml,婚姻登记;结婚登记;婚姻;结婚;离婚;重婚;骗婚
CCTV,2023-05-25,如何避免重婚、骗婚现象？民政部回应,央视网消息： 5月25日，民政部举行专题新闻发布会，通报扩大内地居民婚姻登记“跨省通办”试点工作有关情况。 光明日报 是公民基本道德规范。重婚、骗婚等行为既涉及个人诚信缺失，也涉嫌违法犯罪，不但损害了婚姻利害关系人的合法权益和社会的诚信价值，也干扰了政府正常的管理秩序。为此，民政部门将积极采取措施，减少此类现象的发生。 一是提升婚姻登记信息管理系统全国联网的稳定性和信息的完备性，强化婚姻登记全国联网审查功能，同时加强与相关部门的信息共享，及时对当事人身份信息和婚姻状况信息进行联网核验。 二是要求各级婚姻登记机关配置智能化个人信息比对设备，提高婚姻当事人个人信息比对的准确性。 三是探索建立婚姻领域个人信用制度，婚姻当事人签署个人婚姻状况承诺书，承诺不实将纳入个人信用惩戒范围。 四是加强婚姻登记机关管理和工作人员培训，提升工作人员的政策水平和甄别能力。同时，对涉嫌违法犯罪的，民政部门将配合有关部门进行查处。,407,https://news.cctv.com/2023/05/25/ARTIe9J2GYWCwCIwk91SFgD2230525.shtml,婚姻登记;婚姻;重婚;骗婚
CCTV,2023-05-25,简约不减爱 喜事新办有创意 婚俗改革改了什么？,央视网消息： 婚礼是人生中美好幸福的时刻，但一些地方喜宴铺张、低俗婚闹、随礼攀比等习俗，经常让喜事变了味、走了调。随着新型婚育文化的倡导，为爱减负的集体婚礼成为越来越多青年人的选择。五月是结婚的高峰期，多地举行了花式集体婚礼，一起来看一下。 在浙江德清的朱鹮岛上，一场集体婚礼正在举行。新人们在象征爱情的朱鹮鸟雕塑下许下结婚的誓言，领誓人是一对已经结婚30多年的夫妇，他们将手捧鲜花一一传递到新人手中，也将对婚姻长长久久的美好祝福送给他们。 浙江德清市民 钱越英： 以前我们结婚的时候要办喜酒，铺张浪费，那时候钱也没有，但是还要摆喜酒，要面子。现在，简单一点也没事的，不铺张浪费。 浙江德清市民 余瑶： 减少了繁琐的程序，爱情和婚姻好像也变得更加纯粹了。 在江西贵溪、山东巨野等地，五月份组织了多场主题为“不要彩礼要幸福”的集体婚礼，倡导新人们选择简约的婚礼仪式。在河北省河间市的集体婚礼现场，红毯艳艳、丝竹袅袅，新人们身着传统礼服，在证婚人、主婚人的见证下，按照周制汉婚的传统仪式开启他们爱的旅程。 河北沧州市民 槐佳楠： 这是一种非常文明的方式，我也感到非常荣幸。 山西稷山盛产大枣。在枣花盛开的季节，新人们选择在枣树林里举行集体婚礼。 在内蒙古包头市，有着草原特色的集体婚礼成为很多新人的选择。蓝天白云下，新人们在草坪上许下结婚誓言，婚姻登记机关将结婚证制作成一份特殊的婚书，现场送给新人们。 内蒙古包头市市民 杨宇薇： 非常棒，很浪漫，我也觉得这样的仪式也很好。 这样的集体婚礼真的是简约而美好。2021年起，民政部在全国确定了32个婚俗改革实验区。倡导这样简约适度的婚礼形式，同时通过加大宣传等措施，有效地遏制了高价彩礼和铺张浪费等不良风气。 江西贵溪过去高价彩礼的现象比较普遍，增加了群众的负担。2021年划定为婚俗改革实验区之后，政府将改革的重点聚焦在高价彩礼及大操大办等突出问题。 江西省贵溪市文明办主任 肖瑶： 原来一开始我们是提倡零彩礼，一步到位，但不适合我们当地的民风民俗，因为在婚事举办当中还是要有个彩头，后来提出限价彩礼。 为了宣传婚俗新风，当地发动村民理事会等基层组织宣传婚俗新风，并从党员干部、婚介所工作人员开始抓起，出台职业“红娘”公约，开展“红娘”培训，由“红娘”引导新人抵制高价彩礼。 江西省贵溪市职业红娘： 我们接受了政府组织的培训，不仅要牵线，还要进行宣传，提倡低彩礼、零彩礼。 民政部介绍，婚俗改革实验区开展以来，各地通过创新颁证仪式、设立婚姻文化馆等方式，宣传传统优秀婚姻文化，包头市青山区在社区设立婚姻家庭辅导站，组织志愿者深入社区、村镇开展婚俗改革宣传，引导群众树立正确的婚姻观、价值观、家庭观。 内蒙古包头市青山区民政局局长 李锦艳： 把婚俗改革的重点定位为喜事新办、喜宴简办、随礼有度这三项重点上来，每年根据不同的节日、不同的气候会开展各种丰富的活动，让年轻人能够从心底改变对婚俗的观念。 婚俗改革实验区开展以来，一些地方还创作以婚俗改革为主题的文艺作品宣传婚俗新风。在山西省运城市盐湖区，现代蒲剧《红白喜事》用群众喜闻乐见的方式推动移风易俗，树立文明新风。在包头市青山区东达沟村，一场以唱响婚俗改革为主题的文艺演出正在举行。精彩的节目讲述了不良婚俗的危害，引导群众自觉抵制婚事中的高价彩礼、随礼攀比、铺张浪费等现象。 截至目前，大部分婚俗改革实验区将限制高价彩礼、大操大办等婚俗陋习纳入村民公约、居民公约，引导新人响应婚礼新风尚。 浙江省德清县下渚湖街道宝塔山村村委会主任 陈云： 我们村两委班子带头，党员、志愿者上门入户发放移风易俗宣传单，来树立村民们节约的思想观念。 民政部介绍，婚俗改革实验区推行近两年来，高价彩礼、大操大办等得到有效遏制。河北省河间市是全国第一批婚俗改革实验区，过去农村结婚的彩礼近20万，2021年开展婚俗改革试点以来，办理结婚登记的7000多对新人中，“零彩礼”“低彩礼”占到近90%。 河北省河间市民政局局长 马忠文： 通过开展婚姻家庭辅导服务，倡导简约适度婚俗礼仪，培育文明向上婚俗文化。 举办婚礼、组建家庭之后，如何维护家庭和谐，使婚姻长久美满，婚俗改革实验区工作开展以来，民政部会同全国妇联指导各地建立健全婚姻家庭服务机制，为当事人提供情感辅导、婚姻危机处理的方法等服务，提高当事人维护婚姻家庭的综合能力和素质。 在山西省运城市盐湖区，婚姻登记机关邀请获得“全国五好家庭”等荣誉称号的夫妇作为特邀颁证师，为领证的新人现场讲解家庭责任等，引导新人们树立和睦相处、互敬互爱婚姻家庭观。 全国五好家庭代表 张昌勤： 希望他们在今后的日子里，互尊互敬、相互包容、孝敬父母，建设好小家庭，为国家这个大家庭做更多的贡献。 目前全国84%以上的县级婚姻登记机关都设立了婚姻家庭辅导室，本着“依法、自愿、保密”的原则开展辅导服务，在山东德州，婚姻家庭辅导中心的志愿者在登记现场为新人进行现场授课，帮助新人树立健康、科学的家庭观念。 山东德州市民 冯子璐 姜乐乐： 这次活动让我们认识了成立一个新家庭的责任和意义，同时我们夫妻俩也会在今后的日子里互相包容、互相理解。 民政部介绍，各实验区积极探索婚姻家庭服务模式，一些地方通过开展“好家庭”“好婆婆”“好媳妇”评比，从身边人、身边事、身边榜样来感化邻里、和睦家庭。内蒙古包头、浙江德清等地还将婚姻家庭辅导、家庭矛盾化解等服务延伸到村庄、社区，由调解员为在婚姻中存在矛盾的夫妻双方进行调解，助力婚姻家庭和谐。 内蒙古包头市青山区婚姻咨询师 胡滨： 婚姻家庭辅导站入驻到社区，最大的好处就是满足了居民的需要，可以近距离地倾听百姓的心声，帮助家庭梳理他们关系中遇到的问题。 浙江省德清县下渚湖街道宝塔山村婚姻家庭调解员 沈云月： 婚前咨询、离婚协调，目的是希望我们村的村民幸福美满。,2399,https://news.cctv.com/2023/05/25/ARTID6HB9xO7pcUYDqhzrINE230525.shtml,婚姻登记;结婚登记;高价彩礼;婚姻;结婚;离婚;婚育;彩礼;婚俗;婚介;夫妻;婚礼
China News Service,2023-05-25,民政部：6月1日起，21个省份试点婚姻登记“跨省通办”,中新网 5月25日电 25日，民政部召开新闻发布会，自2023年6月1日起，北京、天津、河北、内蒙古、辽宁、上海、江苏、浙江、安徽、福建、江西、山东、河南、湖北、广东、广西、海南、重庆、四川、陕西、宁夏等21个省(区、市)实施内地居民结婚登记和离婚登记“跨省通办”试点。试点地区婚姻登记机关统一受理婚姻登记“跨省通办”事项，扩大试点后的21个省份将覆盖我国总人口的78.5%，能够基本满足群众异地办理婚姻登记的需求。 民政部社会事务司司长王金华介绍，全国目前每年平均办理结(离)和补领婚姻登记证1800万对左右。随着经济社会快速发展，人户分离现象较为普遍，长期外出工作、生活、学习的群众回户籍地办理婚姻登记，不仅耗费时间、精力和财力，也带来很多不方便，群众对婚姻登记异地办理的需求十分强烈。为进一步深化“放管服”改革，满足群众异地办理婚姻登记的需求，根据国务院授权，自2021年6月1日起，民政部在辽宁、山东、广东、重庆、四川5省(市)部署开展了内地居民结婚和离婚登记“跨省通办”试点，在江苏、河南、湖北武汉、陕西西安2省2市开展了内地居民结婚登记“跨省通办”试点。截至2023年5月24日，试点地区累计“跨省”办理婚姻登记125247对。 王金华介绍，按照国务院授权，此次扩大试点范围主要包括以下内容：一是将北京、天津、河北、内蒙古、上海、安徽、福建、江西、广西、海南、宁夏等11个省(区、市)纳入扩大试点范围，实施内地居民结婚登记和离婚登记“跨省通办”试点。二是第一批辽宁、山东、广东、重庆、四川5个原有试点省份继续实施内地居民结婚登记和离婚登记“跨省通办”试点。三是第一批江苏、河南、湖北武汉、陕西西安4个原有试点地区由实施内地居民结婚登记“跨省通办”试点扩大为江苏、河南、湖北、陕西4个省份全域实施内地居民结婚登记和离婚登记“跨省通办”试点。四是浙江在第一批试点开始前就经过国务院批准开展了结婚登记和离婚登记“全省通办”。这次将浙江由“全省通办”扩大为实施内地居民结婚登记和离婚登记“跨省通办”试点。 谈及什么时间能够实现全国范围内通办，民政部二级巡视员杨宗涛表示，要实现全国范围内通办，必须满足两个基本条件：一是《婚姻登记条例》相关条款要进行修订，这是异地通办的法规依据；二是要有坚实的基础支撑，包括信息系统、婚姻登记数据、工作制度和流程、人员力量配置等，现在这两个条件尚未完全成熟。 杨宗涛表示，婚姻登记实现全国范围通办是我们的工作目标，待条件成熟后，民政部将及时推动此项工作。 【,1047,https://www.chinanews.com.cn/sh/2023/05-25/10013622.shtml,婚姻登记;结婚登记;婚姻;结婚;离婚
China News Service,2023-05-25,民政部：婚姻登记“跨省通办”试点将增至21个省份，覆盖中国总人口78.5%,中新网 北京5月25日电 (记者 李京泽)记者25日从中国民政部获悉，在前期首批试点基础上，民政部拟进一步扩大婚姻登记“跨省通办”试点工作覆盖范围，全部试点地区将增至21个省(区、市)，覆盖中国总人口的78.5%。 当日，民政部举行扩大婚姻登记“跨省通办”试点工作专题新闻发布会。民政部社会事务司司长王金华介绍称，全国目前每年平均办理结(离)和补领婚姻登记证1800万对左右。随着经济社会快速发展，人户分离现象较为普遍，长期外出工作、生活、学习的民众回户籍地办理婚姻登记，不仅耗费时间、精力和财力，也带来诸多不便，民众对婚姻登记异地办理的需求十分强烈。 他说，为进一步深化“放管服”改革，满足民众异地办理婚姻登记的需求，根据国务院授权，自2021年6月1日起，民政部在辽宁、山东、广东、重庆、四川5省(市)部署开展了内地居民结婚和离婚登记“跨省通办”试点，在江苏、河南、湖北武汉、陕西西安2省2市开展了内地居民结婚登记“跨省通办”试点。截至2023年5月24日，试点地区累计“跨省”办理婚姻登记125247对。 王金华指出，按照国务院授权，此次扩大试点范围主要包括以下内容： 一是将北京、天津、河北、内蒙古、上海、安徽、福建、江西、广西、海南、宁夏等11个省(区、市)纳入扩大试点范围，实施内地居民结婚登记和离婚登记“跨省通办”试点。 二是第一批辽宁、山东、广东、重庆、四川5个原有试点省份继续实施内地居民结婚登记和离婚登记“跨省通办”试点。 三是第一批江苏、河南、湖北武汉、陕西西安4个原有试点地区由实施内地居民结婚登记“跨省通办”试点扩大为江苏、河南、湖北、陕西4个省份全域实施内地居民结婚登记和离婚登记“跨省通办”试点。 四是浙江在第一批试点开始前就经过国务院批准开展了结婚登记和离婚登记“全省通办”。这次将浙江由“全省通办”扩大为实施内地居民结婚登记和离婚登记“跨省通办”试点。 王金华表示，调整后，试点地区为北京、天津、河北、内蒙古、辽宁、上海、江苏、浙江、安徽、福建、江西、山东、河南、湖北、广东、广西、海南、重庆、四川、陕西、宁夏共21个省(区、市)，上述地区均实施内地居民结婚登记和离婚登记“跨省通办”试点。新纳入试点地区婚姻登记机关统一自2023年6月1日起受理婚姻登记“跨省通办”事项。原试点地区试点结束时间相应延后，与新纳入试点地区结束时间保持一致。 对于婚姻登记什么时候能够实现“全国通办”，民政部社会事务司二级巡视员杨宗涛在发布会上指出，要实现全国范围内通办，必须满足两个基本条件：一是《婚姻登记条例》相关条款要进行修订，这是异地通办的法规依据；二是要有坚实的基础支撑，包括信息系统、婚姻登记数据、工作制度和流程、人员力量配置等，现在这两个条件尚未完全成熟。“婚姻登记实现全国范围通办是我们的工作目标，待条件成熟后，我部将及时推动此项工作。”(完) 【,1189,https://www.chinanews.com.cn/gn/2023/05-25/10013729.shtml,婚姻登记;结婚登记;婚姻;结婚;离婚
China News Service,2023-05-25,直播相亲别成“有偿消费竞价”,眼下，直播相亲方兴未艾，但争议之声也不绝于耳。公开报道显示，今年大年初三到初六，某视频平台在河北、山东、吉林等8个省份发起66场相亲直播。主播化身红娘角色，在直播间内撮合想“脱单”的用户，每场平均观看人次超1500万。在黑猫投诉平台上，关于相亲直播间的投诉也不少：内容涉及从打招呼、表白牵手、交换联系方式，每一环节都需要刷礼物才能继续，有诱导消费的嫌疑。还有一些女嘉宾其实是“托儿”，帮红娘骗完礼物，加上社交账号后直接拉黑男嘉宾。(5月24日《法治日报》) 刷礼物是粉丝向直播间主播表达喜爱和支持的一种主要方式，也是主播、直播间运营者、直播平台的一项重要的收入来源。如今，这样的互动关系又复刻到了相亲直播间。 由于相亲直播间的女嘉宾明显少于男嘉宾，于是按照红娘的设计，女嘉宾成了直播间的“明星”，男嘉宾则要通过刷礼物的方式向女嘉宾“表诚意”，要通过“层层过关式”刷礼物逐步获取与女嘉宾交往的信息和机会。女嘉宾也在某种程度上成了被男嘉宾竞价追逐的“相亲商品”。有时，女嘉宾需要配合红娘向男嘉宾要礼物，当然也不排除一些女嘉宾是扮演“相亲托儿”，为了收割礼物与红娘唱双簧。男嘉宾可能刷了不少礼物，废了不少劲，但最终还是落得一场空。 显然，靠刷礼物维持的直播相亲活动已经扭曲变味，成了一种有偿的消费竞价。这不仅背离了相亲撮合服务的初衷，加重了相亲参与者的经济负担，让相亲参与者感觉很别扭，还拉低了相亲服务市场的诚信度，甚至可能涉嫌欺诈，触碰法律底线，侵犯了相亲参与者的合法权益。 直播相亲不能成为“直播相礼”，不能成为红娘主导的“刷礼物”游戏。诚然，直播相亲活动具有商业属性，而刷礼物、打赏也在正常的直播盈利模式范围内，但刷礼物、打赏不能成为直播相亲活动的竞价筹码，不能成为嘉宾联系交往的过关钥匙，也不能成为红娘或平台薅嘉宾羊毛的利器，更不能成为一种欺诈手段。 监管部门、短视频平台以及相关行业协会等有必要对直播相亲活动中的刷礼物乱象加强治理，进一步完善直播相亲活动的规则，明晰各方的权利和义务，给红娘主播的言行套上法治“笼头”。有必要划清直播相亲的服务红线和刷礼物的边界，对夸大虚假宣传、频频诱导刷礼物等问题采取关键词屏蔽、限制流量、关停、封禁账号、失信惩戒等措施，必要时依法启动行政处罚甚至刑事追责程序，让违法侵权的红娘主播、“相亲托儿”等付出法律代价。 治理直播相亲活动中的刷礼物乱象，让直播相亲服务回归正常轨道，确保相亲参与者的刷礼物、打赏出于真实自然的意愿，确保红娘主播、相关平台获得合法合理的相亲撮合服务收入，既有助于维护直播相亲服务秩序，促进直播相亲活动的健康发展，也有助于维护相亲参与者的权益，能给相亲参与者营造更加诚信、公平、安全的相亲服务环境，能提升相亲成功率。对此，各方应引起高度重视，达成治理共识，尽快拿出治理方案，并尽早付诸行动。 李英锋 (,1180,https://www.chinanews.com.cn/sh/2023/05-25/10013478.shtml,相亲;脱单
People.cn,2023-05-25,婚姻登记“跨省通办”试点扩大 如何避免重婚者“钻空子”？--社会・法治--人民网,"在人民网“领导留言板”上，来自北京、四川、广西等多地网友留言问询何时能够开通婚姻登记""跨省通办""业务。5月25日，民政部召开的新闻发布会公布，上述地区均实施内地居民结婚登记和离婚登记“跨省通办”试点。 此次新闻发布会上指出，21个省（区、市）地区实施内地居民结婚登记和离婚登记“跨省通办”试点，将覆盖我国总人口的78.5%，能够基本满足群众异地办理婚姻登记的需求，有效回应群众异地办理婚姻登记诉求的现实需要。 随着经济社会快速发展，人户分离现象较为普遍，长期外出工作、生活、学习的群众回户籍地办理婚姻登记，不仅耗费时间、精力和财力，也带来很多不方便，群众对婚姻登记异地办理的需求十分强烈。 在此背景下，“跨省通办”的提出为婚姻登记提供了很大便利。当事人可以在异地办理婚姻登记，不必回到户籍所在地，为群众节约了时间、金钱等成本。 但同时，也有部分网友提出疑问：“跨省通办”是否会让重婚者、骗婚者“钻了空子”？在增加便利的同时，各省市的数据是否打通以保证当事人的知情权？ 对此，民政部社会事务司司长王金华在会上回应，民政部门将积极采取措施，减少此类现象的发生―― 一是提升婚姻登记信息管理系统全国联网的稳定性和信息的完备性，强化婚姻登记全国联网审查功能，同时加强与相关部门的信息共享，及时对当事人身份信息和婚姻状况信息进行联网核验。 二是要求各级婚姻登记机关配置智能化个人信息比对设备，提高婚姻当事人个人信息比对的准确性。 三是探索建立婚姻领域个人信用制度，婚姻当事人签署个人婚姻状况承诺书，承诺不实将纳入个人信用惩戒范围。 四是加强婚姻登记机关管理和工作人员培训，提升工作人员的政策水平和甄别能力。同时，对涉嫌违法犯罪的，民政部门将配合有关部门进行查处。 诚信是社会主义核心价值观的重要内容，是公民基本道德规范。重婚、骗婚等行为既涉及个人诚信缺失，也涉嫌违法犯罪，不但损害了婚姻利害关系人的合法权益和社会的诚信价值，也干扰了政府正常的管理秩序。通过信息共享、个人信息比对、个人信用制度建立等一系列举措为婚姻登记“跨省通办”保驾护航，让便民服务更加贴心、更暖民心。",880,http://society.people.com.cn/n1/2023/0525/c1008-32694635.html,婚姻登记;结婚登记;婚姻;结婚;离婚;重婚;骗婚
People.cn,2023-05-25,民政部：21个省（区、市）实施内地居民结婚登记和离婚登记“跨省通办”试点--社会・法治--人民网,人民网北京5月25日电 （记者宋子节、温璐）今日，民政部举行发布会通报扩大内地居民婚姻登记“跨省通办”试点工作有关情况。民政部社会事务司司长王金华表示， 自2021年6月1日起，民政部在辽宁、山东、广东、重庆、四川5省（市）部署开展了内地居民结婚和离婚登记“跨省通办”试点，在江苏、河南、湖北武汉、陕西西安2省2市开展了内地居民结婚登记“跨省通办”试点。截至2023年5月24日，试点地区累计“跨省”办理婚姻登记125247对。 “婚姻登记是确立或解除公民婚姻关系的行政行为，是社会关注的民生事项。全国目前每年平均办理结（离）和补领婚姻登记证1800万对左右。随着经济社会快速发展，人户分离现象较为普遍，长期外出工作、生活、学习的群众回户籍地办理婚姻登记，不仅耗费时间、精力和财力，也带来很多不方便，群众对婚姻登记异地办理的需求十分强烈。”王金华表示，总体来看，全国婚姻登记“跨省通办”试点工作顺民心、得民意，有效满足了群众异地婚姻登记实际需求，取得了良好的社会效果。 会上，王金华介绍，按照国务院授权，此次扩大试点范围主要包括以下内容： 一是将北京、天津、河北、内蒙古、上海、安徽、福建、江西、广西、海南、宁夏等11个省（区、市）纳入扩大试点范围，实施内地居民结婚登记和离婚登记“跨省通办”试点。 二是第一批辽宁、山东、广东、重庆、四川5个原有试点省份继续实施内地居民结婚登记和离婚登记“跨省通办”试点。 三是第一批江苏、河南、湖北武汉、陕西西安4个原有试点地区由实施内地居民结婚登记“跨省通办”试点扩大为江苏、河南、湖北、陕西4个省份全域实施内地居民结婚登记和离婚登记“跨省通办”试点。 四是浙江在第一批试点开始前就经过国务院批准开展了结婚登记和离婚登记“全省通办”。这次将浙江由“全省通办”扩大为实施内地居民结婚登记和离婚登记“跨省通办”试点。 调整后，试点地区为北京、天津、河北、内蒙古、辽宁、上海、江苏、浙江、安徽、福建、江西、山东、河南、湖北、广东、广西、海南、重庆、四川、陕西、宁夏共21个省（区、市），上述地区均实施内地居民结婚登记和离婚登记“跨省通办”试点。新纳入试点地区婚姻登记机关统一自2023年6月1日起受理婚姻登记“跨省通办”事项。原试点地区试点结束时间相应延后，与新纳入试点地区结束时间保持一致。,962,http://society.people.com.cn/n1/2023/0525/c1008-32694571.html,婚姻登记;结婚登记;婚姻;结婚;离婚
People.cn,2023-05-25,甘肃省七部门发布倡议推进婚俗改革,近日，甘肃省民政厅、省文明办、省总工会、团省委等7部门联合发布《婚事新办简办·真爱一生一世 婚俗改革倡议书》（以下简称《倡议书》），引导群众崇尚婚俗新风，共建和谐家庭。 倡导自立自强，反对高价彩礼。高价彩礼严重侵害公民的婚姻自由权，严重危害婚姻双方的切身利益，给婚姻和家庭带来沉重的经济和心理负担。《倡议书》倡导每个村、社区将反对高价彩礼写进村规民约和居民公约，推广移风易俗“红黑榜”做法，严格执行当地彩礼“限高”要求。每个家庭牢记“家家都有儿女”，多换位思考，多体谅对方家庭的难处，不以牺牲儿女的幸福为代价索要高价彩礼。广大青年在选择伴侣时，坚持婚姻自主、追求幸福，以人品感情为重，以物质钱财为轻，不做高价彩礼的“奴隶”，不为买卖婚姻“买单”，用自己的勤劳双手、自立自强开启美好生活新航程。 倡导节俭质朴，反对铺张浪费。倡导婚事新办、喜事简办，不盲目攀比、不硬撑面子、不大操大办，切实减少“餐桌上的铺张、舌尖上的浪费、车队上的排场”。在举行订婚、结婚仪式时，把握好人情往来的尺度，不滥发请柬，按当地限高标准控制宴请桌数、酒席档次。亲戚朋友向新人表达祝福时，用能够表达情义和祝福的小礼物取代红包和礼金。广大青年还可通过参加集体婚礼、颁证仪式、旅行结婚、植“爱情树”、感“父母恩”等形式，让自己拥有一个简约适度且富有纪念意义的婚礼。 倡导健康文明，反对低俗陋习。婚嫁活动中的低俗陋习与现代文明格格不入，不仅损害当事人的自身形象，也严重污染社会风气。倡导每个家庭和广大青年转变思想认识，更新婚俗观念，用健康文明的新方式替代旧习俗，以环保安全的方式表达和享受喜庆气氛，不搞封建迷信，不放烟花鞭炮，避免噪声扰民。在婚礼进行过程中，做到语言文明、行为高雅，坚决杜绝劝酒酗酒、低俗婚闹、阻塞交通、扰乱秩序等不文明行为的发生，让婚礼回归神圣庄重、温馨浪漫，把喜事办得健康文明。 倡导互敬互爱，反对草率离婚。为减少草率型、冲动型离婚，倡导广大家庭和青年朋友清醒认识离婚的危害性，树立正确的婚姻观，增强对家庭的责任感，勿拿结婚当儿戏，勿以离婚为游戏，婚前加强沟通了解，婚后相互忠实、相互尊重、相互关爱、相互包容，执子之手，与子偕老，珍爱家庭，呵护家人，共同把家庭建设成温馨舒适的港湾。,933,http://gs.people.com.cn/n2/2023/0525/c183357-40430782.html,高价彩礼;婚姻;结婚;离婚;彩礼;婚俗;婚嫁;伴侣;婚礼
China News Service,2023-05-26,婚姻登记“跨省通办”将扩大到京津等21个省区市,本报北京5月25日电 (记者陈劲松)民政部25日召开扩大婚姻登记“跨省通办”试点工作专题新闻发布会。民政部社会事务司司长王金华表示，为进一步满足群众异地办理婚姻登记的需求，在前期首批试点基础上，婚姻登记“跨省通办”试点工作进一步扩大覆盖范围，本次将北京、天津、河北、内蒙古、上海、安徽、福建、江西、广西、海南、宁夏等11个省区市纳入，实施内地居民结婚登记和离婚登记“跨省通办”试点。 上述新纳入试点地区的婚姻登记机关统一自2023年6月1日起受理婚姻登记“跨省通办”事项。本次调整后，全部试点地区将覆盖21个省区市，且均实施内地居民结婚登记和离婚登记“跨省通办”，将覆盖我国总人口的78.5%。 王金华介绍，全国目前每年平均办理结(离)和补领婚姻登记证1800万对左右。随着经济社会快速发展，人户分离现象较为普遍，长期外出工作、生活、学习的群众回户籍地办理婚姻登记，不仅耗费时间、精力和财力，也带来很多不方便，群众对婚姻登记异地办理的需求十分强烈。 本次调整后，试点地区为北京、天津、河北、内蒙古、辽宁、上海、江苏、浙江、安徽、福建、江西、山东、河南、湖北、广东、广西、海南、重庆、四川、陕西、宁夏共21个省区市，上述地区均实施内地居民结婚登记和离婚登记“跨省通办”试点。 据悉，要实现全国范围内通办，必须满足两个基本条件：一是《婚姻登记条例》相关条款要进行修订，这是异地通办的法规依据；二是要有坚实的基础支撑，包括信息系统、婚姻登记数据、工作制度和流程、人员力量配置等。现在这两个条件尚未完全成熟。(,651,https://www.chinanews.com.cn/gn/2023/05-26/10014089.shtml,婚姻登记;结婚登记;婚姻;结婚;离婚
People.cn,2023-05-26,我国扩大内地居民婚姻登记“跨省通办”试点工作--领导留言板--人民网,当前，全国每年平均办理结（离）和补领婚姻登记证约1800万对。然而，随着人户分离现象愈加普遍，婚姻登记必须在一方户籍地办理的规定，多年来让不少外出工作、生活、学习的人深感不便。 根据国务院授权，北京、天津等21个省（区、市）实施内地居民结婚登记和离婚登记“跨省通办”试点。试点实施后，可以去哪里领证，领证前应该做哪些准备？民政部5月25日召开新闻发布会回应热点问题。 热点一：试点地区婚姻登记机关何时受理“跨省通办”事项？ 记者了解到，2021年6月1日起，民政部在辽宁、山东、广东、重庆、四川5省（市）部署开展了内地居民结婚登记和离婚登记“跨省通办”试点；在江苏、河南，湖北武汉、陕西西安2省2市开展了内地居民结婚登记“跨省通办”试点。 截至2023年5月24日，试点地区累计“跨省”办理婚姻登记125247对，“跨省通办”既节省了当事人的经济开支，又省去了舟车劳顿，试点地区群众不再“为爱奔波”。 在前期试点基础上，按照国务院授权，北京、天津、河北、内蒙古、辽宁、上海、江苏、浙江、安徽、福建、江西、山东、河南、湖北、广东、广西、海南、重庆、四川、陕西、宁夏21个省（区、市），实施内地居民结婚登记和离婚登记“跨省通办”试点。试点地区婚姻登记机关统一自2023年6月1日起受理婚姻登记“跨省通办”事项。 民政部社会事务司司长王金华在发布会上介绍，扩大试点后的21个省份将覆盖我国总人口的78.5%，能够基本满足群众异地办理婚姻登记的需求。 何时能实现全国范围内“跨省通办”？民政部社会事务司二级巡视员杨宗涛表示，要实现全国范围内通办，必须满足两个基本条件：一是《婚姻登记条例》相关条款要进行修订，二是要有婚姻登记数据、工作制度和流程、人员力量配置等基础支撑。现在这两个条件尚未完全成熟。“婚姻登记实现全国范围通办是我们的工作目标，待条件成熟后，我部将及时推动此项工作。”杨宗涛说。 热点二：婚姻登记“跨省通办”为何限定在一方当事人经常居住地？ 杨宗涛在发布会上介绍，根据目前《婚姻登记条例》规定，内地居民结婚或自愿离婚的，男女双方应当共同到一方当事人常住户口所在地的婚姻登记机关办理婚姻登记。在婚姻登记“跨省通办”试点地区，相关规定调整为内地居民结婚或自愿离婚的，男女双方应当共同到一方当事人常住户口所在地或者经常居住地的婚姻登记机关办理婚姻登记。 例如，男方的户籍在甘肃、女方的户籍在湖南，他们中的一方或双方长期在北京工作生活。按照现行《婚姻登记条例》的规定，他们只能回甘肃或湖南进行婚姻登记。但按照试点要求，这次北京市是试点省份之一，因此，他们既可以选择回到甘肃或湖南进行婚姻登记，也可以选择在北京市进行婚姻登记。 为什么将婚姻登记“跨省通办”限定在一方当事人经常居住地？ 王金华表示，开展婚姻登记服务是一项基本公共服务事项，也是一项高频政务事项，既要解决长期在外工作、学习、生活的群众回户籍地办理婚姻登记不便以及增加支出费用的问题，同时也要考虑各地婚姻登记资源配置和承载能力，确保各地婚姻登记机关正常工作秩序。 热点三：选择一方经常居住地办理婚姻登记应出具什么证件，提前做哪些准备？ 王金华介绍，在试点地区，当事人选择在一方经常居住地申请办理婚姻登记的，不但要出具双方当事人户口簿和身份证，还应当出具一方当事人经常居住地的有效居住证。 值得注意的是，这次试点地区允许一方或双方户籍是本省（区、市）的，可以在本省（区、市）任意一个婚姻登记机关办理婚姻登记，无需提供居住证。 如男女任意一方具有上海市静安区户籍，双方当事人既可以选择在上海市静安区民政局办理婚姻登记，也可以选择在上海市内任意一个婚姻登记机关办理婚姻登记。 “为提高‘跨省通办’的效率，避免人员聚集，避免当事人来回奔波，建议当事人按照试点地区的要求提前在网上预约；办理婚姻登记时，如实填写本人身份信息和婚姻状况，以免因信息不实无法办理。”杨宗涛说。 热点四：如何在婚姻登记“跨省通办”中避免重婚、骗婚现象？ 近年来，重婚、骗婚等现象仍有发生，引发社会关注。如何让“婚姻骗局”无处遁形？ “重婚、骗婚等行为既涉及个人诚信缺失，也涉嫌违法犯罪，不但损害了婚姻利害关系人的合法权益和社会的诚信价值，也干扰了政府正常的管理秩序。”王金华在发布会上表示，民政部门将积极采取一系列措施，减少此类现象的发生。 王金华表示，民政部门将提升婚姻登记信息管理系统全国联网的稳定性和信息的完备性，强化婚姻登记全国联网审查功能，同时加强与相关部门的信息共享，及时对当事人身份信息和婚姻状况信息进行联网核验。此外，民政部要求各级婚姻登记机关配置智能化个人信息比对设备，提高婚姻当事人个人信息比对的准确性；加强婚姻登记机关管理和工作人员培训，提升工作人员的政策水平和甄别能力；对涉嫌违法犯罪的，民政部门将配合有关部门进行查处。 “民政部门还将探索建立婚姻领域个人信用制度，婚姻当事人签署个人婚姻状况承诺书，承诺不实将纳入个人信用惩戒范围。”王金华说。(高蕾、王明玉),2054,http://leaders.people.com.cn/n1/2023/0526/c58278-32695164.html,婚姻登记;结婚登记;婚姻;结婚;离婚;重婚;骗婚
People.cn,2023-05-26,民政部：扩大婚姻登记“跨省通办”试点--领导留言板--人民网,本报北京5月25日电（记者任欢）民政部25日在京召开扩大婚姻登记“跨省通办”试点工作专题新闻发布会。发布会上，民政部社会事务司司长王金华介绍，日前，国务院印发《关于同意扩大内地居民婚姻登记“跨省通办”试点的批复》，将在北京、天津、河北、上海、江苏、浙江、山东、四川等21个省（自治区、直辖市）实施结婚登记和离婚登记“跨省通办”试点，“婚姻登记‘跨省通办’试点工作过程中，各地民政部门将积极采取措施，减少重婚、骗婚现象的发生”。 “第一是提升婚姻登记信息管理系统全国联网的稳定性和信息的完备性，强化婚姻登记全国联网审查功能，及时对当事人身份信息和婚姻状况信息进行联网核验；第二是要求各级婚姻登记机关配置智能化个人信息比对设备，提高婚姻当事人个人信息比对的准确性；第三是探索建立婚姻领域个人信用制度，婚姻当事人签署个人婚姻状况承诺书，承诺不实将纳入个人信用惩戒范围；第四是加强婚姻登记机关管理和工作人员培训，提升工作人员的政策水平和甄别能力。”王金华说。 据了解，试点地区将暂时把《婚姻登记条例》第四条第一款规定的“内地居民结婚，男女双方应当共同到一方当事人常住户口所在地的婚姻登记机关办理结婚登记”，调整为“内地居民结婚，男女双方应当共同到一方当事人常住户口所在地或者经常居住地的婚姻登记机关办理结婚登记”；将第十条第一款规定的“内地居民自愿离婚的，男女双方应当共同到一方当事人常住户口所在地的婚姻登记机关办理离婚登记”调整为“内地居民自愿离婚的，男女双方应当共同到一方当事人常住户口所在地或者经常居住地的婚姻登记机关办理离婚登记”。 “婚姻登记‘跨省通办’试点工作旨在解决长期在外工作、学习、生活的群众回户籍地办理婚姻登记不便以及增加支出费用的问题，可最大限度为婚姻登记当事人提供便利。下一步，我们将通过试点进一步积累经验、加强基础建设，同时积极推动《婚姻登记条例》的修订，为婚姻登记‘全国通办’打下坚实基础。”王金华说。,811,http://leaders.people.com.cn/n1/2023/0526/c58278-32695154.html,婚姻登记;结婚登记;婚姻;结婚;离婚;重婚;骗婚
People.cn,2023-05-27,下月起北京婚姻登记可“跨省通办”,本报讯（记者 王琪鹏）记者25日从民政部了解到，自6月1日起，北京等新纳入婚姻登记“跨省通办”的试点地区将统一受理相关事项。届时，双方均为外地户籍的当事人可凭有效居住证在本市办理婚姻登记。 国务院日前作出批示，同意扩大内地居民婚姻登记“跨省通办”试点。本次调整后，北京、天津、河北、内蒙古、辽宁、上海、江苏、浙江、安徽、福建、江西、山东、河南、湖北、广东、广西、海南、重庆、四川、陕西、宁夏等21个省区市均可实施内地居民结婚登记和离婚登记“跨省通办”。作为本次调整新纳入的试点地区，北京将于6月1日起受理“跨省通办”婚姻登记业务。 民政部社会事务司二级巡视员杨宗涛表示，在“跨省通办”试点地区办理婚姻登记的户籍人口，办理方式与试点前完全一致。在试点地区办理婚姻登记的非户籍常住人口，除按照《婚姻登记条例》的要求提交双方身份证、户口簿等证件外，还需要提交一方当事人在婚姻登记办理地的有效居住证，而且必须是双方当事人亲自到现场办理。 民政部社会事务司司长王金华介绍，“跨省通办”既节省了当事人的经济开支，又省去了舟车劳顿，大幅提升了群众的获得感、幸福感。本次扩大试点后，将覆盖我国总人口的78.5%，可惠及近一亿外出务工经商、求学就业的流动人群，能够基本满足群众异地办理婚姻登记的需求。,541,http://bj.people.com.cn/n2/2023/0527/c82840-40433385.html,婚姻登记;结婚登记;婚姻;结婚;离婚
People.cn,2023-05-27,婚姻登记“跨省通办”试点扩大至21省份,5月25日，记者从民政部召开的扩大婚姻登记“跨省通办”试点工作专题新闻发布会上获悉：在前期试点基础上，按照国务院授权，婚姻登记“跨省通办”试点工作进一步扩大覆盖范围，北京、天津等21个省（区、市）实施内地居民结婚登记和离婚登记“跨省通办”试点。 民政部社会事务司司长王金华介绍，随着经济社会快速发展，人户分离现象较为普遍，长期外出工作、生活、学习的群众回户籍地办理婚姻登记有诸多不便，群众对婚姻登记异地办理的需求十分强烈。 根据国务院授权，自2021年6月1日起，民政部在辽宁、山东、广东、重庆、四川5省（市）部署开展了内地居民结婚登记和离婚登记“跨省通办”试点，在江苏、河南、湖北武汉、陕西西安2省2市开展了内地居民结婚登记“跨省通办”试点。截至2023年5月24日，试点地区累计“跨省”办理婚姻登记125247对。 本次将北京、天津、河北、内蒙古、上海、安徽、福建、江西、广西、海南、宁夏等11个省（区、市）纳入，实施内地居民结婚登记和离婚登记“跨省通办”试点。第一批江苏、河南、湖北武汉、陕西西安4个原有试点地区由实施内地居民结婚登记“跨省通办”试点扩大为江苏、河南、湖北、陕西4个省份全域实施内地居民结婚登记和离婚登记“跨省通办”试点。浙江在第一批试点开始前已经过国务院批准开展了结婚登记和离婚登记“全省通办”，此次浙江将由“全省通办”扩大为实施内地居民结婚登记和离婚登记“跨省通办”试点。 新纳入试点地区的婚姻登记机关统一自2023年6月1日起受理婚姻登记“跨省通办”事项。 王金华表示，此次扩大婚姻登记“跨省通办”试点范围，可惠及近1亿外出务工经商、求学就业的流动人群，既有经济效益，更有社会效益；试点范围扩大后，将覆盖我国总人口的78.5%，能够基本满足群众异地办理婚姻登记的需求。 民政部社会事务司二级巡视员杨宗涛介绍，按照国务院的批复，婚姻登记“跨省通办”试点地区将暂时调整实施《婚姻登记条例》的第四条第一款和第十条第一款的有关规定。比如，男方的户籍在甘肃、女方的户籍在湖南，他们中的一方或双方长期在北京工作生活。按照现行《婚姻登记条例》的规定，他们只能回甘肃或湖南进行婚姻登记。但按照试点要求，这次北京市是试点省份之一，因此，他们既可以选择回到甘肃或湖南进行婚姻登记，也可以选择在北京市进行婚姻登记。 在试点地区，当事人选择在一方经常居住地申请办理婚姻登记的，不但要出具双方当事人户口簿和身份证，还应当出具一方当事人经常居住地的有效居住证。此外，本次试点允许一方或双方户籍是本省（区、市）的，可以在本省（区、市）任意一个婚姻登记机关办理婚姻登记，无需提供居住证。 杨宗涛表示，在试点地区办理婚姻登记的非户籍常住人口，必须双方当事人亲自到现场办理。为提高效率，建议当事人按照试点地区的要求提前在网上预约；办理婚姻登记时，如实填写本人身份信息和婚姻状况。 为避免在“跨省通办”中出现重婚、骗婚现象，民政部门将采取多方面措施，包括提升婚姻登记信息管理系统全国联网的稳定性和信息的完备性，强化婚姻登记全国联网审查功能，探索建立婚姻领域个人信用制度，加强婚姻登记机关管理和工作人员培训等。对涉嫌违法犯罪的，民政部门将配合有关部门进行查处。 《 人民日报 》（ 2023年05月27日 04 版）,1352,http://sh.people.com.cn/n2/2023/0527/c134768-40433242.html,婚姻登记;结婚登记;婚姻;结婚;离婚;重婚;骗婚
People.cn,2023-05-27,渝籍居民可在市内任一区县办理婚姻登记,5月26日，重庆市民政局消息，国务院近日批复同意重庆市继续开展内地居民婚姻登记“跨省通办”和“全市通办”试点，自2023年5月12日至2025年5月11日，期限为2年。 办理婚姻登记时，婚姻登记当事人一方或双方具有我市户籍的，即可在我市任一婚姻登记机关办理婚姻登记，不再要求提供《暂住登记凭证》。 如婚姻登记当事人双方均不是重庆户籍的，可在其中一方在渝经常居住地的区县婚姻登记机关办理，但需提交公安部门出具的有效《重庆市流动人口居住证》。（ 师 |,224,http://cq.people.com.cn/n2/2023/0527/c365402-40433255.html,婚姻登记;婚姻
People.cn,2023-05-28,广西将实施婚姻登记“跨省通办”试点,根据民政部统一部署，自2023年6月1日起，广西等21个省（区、市）实施内地居民结婚登记和离婚登记“跨省通办”试点。 届时，一方或双方户籍地在广西的婚姻登记当事人，可以自行选择在广西范围内任意一个婚姻登记机关（不含涉外婚姻登记机关）办理婚姻登记，无需再提交居住证。双方户籍地均非广西的婚姻登记当事人，可以凭一方在广西范围内的居住证和双方户口簿、身份证，在居住证发放地婚姻登记机关申请办理婚姻登记。 据悉，为深入贯彻落实《国务院办公厅关于加快推进政务服务“跨省通办”的指导意见》精神，着力解决群众办理婚姻登记“多地跑”“多次跑”等难点堵点问题，满足群众异地办理婚姻登记的需求，广西早在2022年就先后实现了内地居民婚姻登记“全市通办”“全区通办”。截至今年5月25日，全区婚姻登记“跨区域通办”累计办理3.793万对。（记者何明华 通讯员安忠芳）,372,http://gx.people.com.cn/n2/2023/0528/c179430-40433999.html,婚姻登记;结婚登记;婚姻;结婚;离婚
People.cn,2023-05-28,没时间回老家做婚姻登记？“跨省通办”了解一下--强国新闻--人民网,国务院日前作出批复，同意扩大内地居民婚姻登记“跨省通办”试点。根据批复，北京、天津、河北、内蒙古等21个省（自治区、直辖市）将实现结婚登记和离婚登记的“跨省通办”。 资料显示，自2021年6月1日起，辽宁省、山东省、广东省、重庆市、四川省开始实施内地居民结婚登记和离婚登记“跨省通办”试点，江苏省、河南省、湖北省武汉市、陕西省西安市实施内地居民结婚登记“跨省通办”试点，试点期限为2年。根据“跨省通办”试点工作安排，在试点地区，相应暂时调整实施了《婚姻登记条例》的有关规定。 民政部公布的数据显示，截至2023年5月24日，试点地区累计“跨省”办理婚姻登记125247对。 “婚姻登记‘跨省通办’是一个适应人口新形势的便民措施。”中国人民大学人口与发展研究中心副主任宋健表示，当前我国人口迁移流动、异地工作生活居住已成为常态，按《婚姻登记条例》以前的规定，内地居民结婚或者自愿离婚的，男女双方需要共同到一方当事人常住户口所在地的婚姻登记机关办理登记。在试点区域，改革性地增加了一个选项，即可凭一方居住证和双方户口簿、身份证，在居住证发放地婚姻登记机关办理婚姻登记。这样就极大方便了双方均非本地户籍人口的婚姻登记。 民政部社会事务司司长王金华在近期的新闻发布会上说，婚姻登记“跨省通办”提升了婚姻登记信息化建设水平。自实施“跨省通办”以来，各地政务信息平台中公民婚姻登记信息调用频次仅次于人口基础信息，而且打破了长期存在的地域和部门间的政务数据共享壁垒，实现了婚姻登记管理信息系统全国联网审查，畅通了涉婚姻信息流动，推动了电子政务服务创新。 2021年发布的《中共中央 国务院关于优化生育政策促进人口长期均衡发展的决定》（下文简称《决定》）要求“将婚嫁、生育、养育、教育一体考虑，切实解决群众后顾之忧”“建立健全人口服务体系”“促进相关惠民政策与生育政策有效衔接”。 “这一调整正是对《决定》在婚嫁方面的落实。”宋健认为，婚姻登记“跨省通办”将有助于解决流动人口的结婚需求，在一定程度上有利于增加结婚登记对数、提升结婚率。 据了解，扩大试点后的21个省份将覆盖我国总人口的78.5%。那么，婚姻登记由“跨省通办”到“全国通办”还需要满足哪些条件？ 民政部社会事务司二级巡视员杨宗涛在新闻发布会上表示，要实现全国范围内通办，必须满足两个基本条件：一是《婚姻登记条例》相关条款要进行修订，二是要有婚姻登记数据、工作制度和流程、人员力量配置等基础支撑。 “随着各地相关信息系统和工作制度有效衔接，内地居民婚姻登记‘跨省通办’有望从试点走向全国推广。”宋健说。 如何在婚姻登记“跨省通办”中避免重婚、骗婚现象？ 王金华表示，民政部门将提升婚姻登记信息管理系统全国联网的稳定性和信息的完备性，强化婚姻登记全国联网审查功能，同时加强与相关部门的信息共享，及时对当事人身份信息和婚姻状况信息进行联网核验。 “民政部门还将探索建立婚姻领域个人信用制度，婚姻当事人签署个人婚姻状况承诺书，承诺不实将纳入个人信用惩戒范围。”王金华说。,1256,http://www.people.com.cn/n1/2023/0528/c32306-40000412.html,婚姻登记;结婚登记;婚姻;结婚;离婚;婚嫁;重婚;骗婚
People.cn,2023-05-29,下月起，安徽省开始受理婚姻登记“跨省通办”,5月28日，记者从安徽省民政厅获悉，近日，根据民政部统一部署，省民政厅印发工作方案，对安徽省内地居民婚姻登记“跨省通办”试点工作作出安排，自今年6月1日起，全省范围内开始受理内地居民婚姻登记“跨省通办”“全省通办”业务。 根据方案，双方均为内地居民且一方户籍在安徽省的，可以选择在省内任一县级民政部门婚姻登记机关办理结（离）婚登记；双方均为内地居民、户籍均不在安徽省但只要有一方经常居住地在安徽省，可以凭有效居住证件到发放地县级民政部门婚姻登记机关办理结（离）婚登记。需要注意的是，根据民政部部署要求，双方户籍或经常居住地均不在安徽省的，暂不能在安徽省内办理结（离）婚登记；补领婚姻登记证、出具婚姻登记记录证明及婚姻登记档案查询业务，涉外、涉港澳台居民和华侨的婚姻登记相关业务，不作调整，仍按照原规定办理。 目前，各地正在按照方案要求，紧锣密鼓部署具体工作，落实保障措施，强化设施设备，组织业务培训，优化服务窗口，确保试点工作扎实有序开展。 近年来，安徽省婚姻管理工作坚持人民需求导向，不断完善婚姻登记信息数据，夯实婚姻管理工作基础，优化服务资源配置，创新公共服务方式，主动适应经济社会发展新形势新要求，助力实现人民对美好生活向往的目标。（记者 祁琳）,526,http://ah.people.com.cn/n2/2023/0529/c358428-40434278.html,婚姻登记;婚姻
People.cn,2023-05-29,江苏省多起离婚案件中承担较多家务一方获得额外经济补偿,小到一桌热腾腾的饭菜、一身整洁舒适的衣服，大到子女的抚养、老人的照料，日常生活中，琐碎而繁杂的各种家务劳动，是家庭幸福不可或缺的坚实基础。但长期以来，由于家务劳动不能直接带来“真金白银”的收入，常被视作一种不计报酬的无偿劳动。 变化正在发生。今年以来，江苏多地法院审理的多起离婚案件中，承担较多家务的一方获得额外经济补偿。这传递出一个鲜明信号：家务劳动的价值正在被“看见”。 “我原来是有工作的，因为孩子小没人照顾，我才辞了工作，在婚姻的24年里为家庭付出了全部心血。”站在原告席上，“全职太太”王灿（化名）回忆起过往。虽然离婚的态度很坚决，但离婚后的生计让王灿发愁。她觉得，为了照顾好家庭，自己多年来没有稳定收入，而丈夫如今事业有成，应该给予自己相应的经济补偿。在法院调解下，王灿最终获得200万元家务劳动补偿。 以具体的司法实践承认家务劳动的价值，标志着家务劳动补偿制度真正落地。该案主审法官、扬中市法院新坝法庭庭长常红告诉记者，此前婚姻法就曾规定家务劳动补偿制度，即“夫妻书面约定婚姻关系存续期间所得的财产归各自所有，一方因抚育子女、照料老人、协助另一方工作等付出较多义务的，离婚时有权向另一方请求补偿，另一方应当予以补偿”。但现实生活中，夫妻大多实行财产共有，导致该条款难以落地，长期处于“沉睡”状态。 2021年颁布的民法典不再以“书面约定分别财产制”为家务补偿成立的前提条件，明确指出只要夫妻一方因抚育子女、照料老人、协助另一方工作等付出较多义务的，离婚时有权向另一方请求补偿，另一方应当给予补偿。由此，家务劳动补偿制度被真正“激活”。 今年以来，南京、镇江、苏州等地基层法院都公布类似个案。记者发现，获得补偿的，不仅有“全职太太”，还有“家庭煮夫”。去年底，常熟市支塘人民法院审理的一起离婚案中，男方照顾家庭较多，且婚姻存续期间可分割的共同财产并不多，法院酌情判定女方向男方给付1万元家务劳动补偿。 “家务劳动补偿最大的意义，在于其肯定了家务劳动的价值。”南京师范大学法学院教授陈爱武认为，表面上看，家庭中的家务劳动不直接创造经济价值，但实际上，家务劳动价值极大，既具有经济价值，又具有社会价值。“如果将家务劳动市场化，比如找人保洁、找人做饭，都是需要付出金钱的，所以家务劳动具有可衡量的市场价值。”陈爱武说，在家庭中抚养子女、照顾老人等付出更具有社会价值，在树立优良家风、推动家庭文明建设等方面都具有难以衡量的、巨大的意义。 记者在中国裁判文书网上搜索关键词“家务劳动补偿”，仅搜索到24个相关判例。其中，还有不少由于未提供证据或证据不足未获得法院支持。 举证难，是家务劳动补偿落地的第一道坎。根据谁主张谁举证的原则，主张家务劳动补偿的一方需要提供足够证据，证明自己在抚育子女、照料老人、协助另一方工作等方面付出更多。但现实情况复杂得多，常红发现，抚育子女往往比较好证明，而照料老人、协助另一方工作等方面并不容易取证。“比如照料老人，通常指的是照顾另一方父母。法庭上，老人可能会因为偏袒自己的孩子而否认另一方的照料。”而在常熟市法院支塘法庭副庭长许文燕看来，家务劳动是家庭内部的事，外人无法了解，也很少有人会在平时将家务劳动以证据形式固定下来，“这都会导致当事人举证难”。 很多时候，家务劳动确实难以定量，如何“折现”更是困难。在不同情况下，家务劳动换算出来的经济价值往往千差万别。比如，南京市江宁区法院审理的一起离婚案中，同样是全职太太的杨女士只获得7万元家务劳动补偿。 许文燕告诉记者，由于家务劳动没有明确计算公式，司法实践中，法官往往需要按照公平的原则，从“情、理、法”三个维度进行自由裁量，而当地平均收入水平，从事家务劳动一方劳动强度、持续时间以及另一方的收入水平等都是为家务劳动“定价”的重要参考因素。 在陈爱武看来，很多家务劳动补偿是象征性的。“类似纠纷一般还是优先协商解决，补偿标准主要考虑对方的经济状况，加上家务劳动补偿计算经常和夫妻共同财产分割混在一起，家务劳动的真正价值并不能完全凸显。” 《妇女蓝皮书：新时代中国妇女发展报告（2022）》指出，互助平等型家庭成员关系已成为社会主流，夫妻共同参与家庭决策的情况明显，但在履行其他家庭责任包括家务劳动、家庭教育上还存在以女性为主的现象。 这两年，遇到前来咨询离婚问题的女性，镇江市妇联权益部副部长蔡慧静都会特别提醒她们争取家务劳动补偿。“家务劳动补偿在保护妇女权益方面具有积极意义。”蔡慧静关注到，有些女性因为在家庭中承担较多家务劳动，错过最佳求职年龄，一旦离婚，往往既没有工作、也没有钱，甚至居无定所，在争取孩子抚养权方面也存在较大劣势。 江苏法德东恒律师事务所律师杨歌认为，家务劳动补偿不仅应补偿当事一方在过去的婚姻生活中付出的劳动，更应具备“面向未来”的特殊性质。“‘主内’的一方在婚姻关系存续期间没有收入、在自身上没有提升，加大了离婚之后重新回归社会的成本，这些都应该在经济补偿中予以充分考虑。” 杨歌建议，如果要提出相关诉求，在证据准备方面就要掌握更多技巧。“比如，开庭前尽量做好保密工作，通过微信聊天等，让对方在微信里承认较少承担家务，这可成为有力证据。”此外，邻居的证言、养育子女的生活照片、老人的就医记录等都是有力证据。 陈爱武建议，可以参考家务劳动的市场价值确定其经济价值，再评估其社会价值，从而形成最终的家务劳动补偿。这个补偿不能与夫妻共同财产分割捆绑，应单独支付，从而更好地彰显家务劳动的意义与价值。（顾敏 陈珺璐 徐睿翔）,2265,http://js.people.com.cn/n2/2023/0529/c360302-40434276.html,婚姻;离婚;夫妻
China News Service,2023-05-30,6月1日起上海婚姻登记可“跨省通办” 收好这份指南→,记者从上海市民政局了解到，经国务院批准，6月1日起上海市开始实施婚姻登记“跨省通办”：即双方均不是上海户籍的婚姻登记当事人，只要一方持有上海居住证，就可以凭一方居住证和双方纸质户口簿、身份证，在上海市任意一个区级婚姻登记机关申请办理婚姻登记。 上海市民政局提醒，前来申请办理婚姻登记的准新人需提供齐备、真实、清晰、合法、有效的证照，证照显示的关键要素如姓名、性别、身份证号码等要保持一致。需要携带证件材料包括本人有效的居民身份证原件、本人有效的户口簿原件、3张2寸双方近期免冠合影照片；双方均非上海市户籍的，还应当提交一方上海市有效居住证原件。 办理婚姻登记可以采用线上预约、电话预约及现场预约等多种方式。如果是线上预约，需提前一天预约。也就是说，准新人们可最早于5月31日通过随申办App、上海民政微信公众号“民服务”、支付宝App“婚姻登记预约”等办理预约。 值得注意的是，本次跨省通办试点办理的是内地居民的结婚登记和离婚登记。涉港澳台、华侨及外国人的婚姻登记，以及补领婚姻登记证、补办结婚登记、婚姻登记档案查询、出具(无)婚姻登记记录证明等事项暂不实行跨省通办。（央视新闻客户端）,493,https://www.chinanews.com.cn/sh/2023/05-30/10016332.shtml,婚姻登记;结婚登记;婚姻;结婚;离婚
People.cn,2023-05-30,6月1日起河北开展婚姻登记“跨省通办”试点,人民网石家庄5月30日电 （祝龙超）6月1日起，河北省所有婚姻登记机关开始受理内地居民婚姻登记“跨省通办”事项。 2023年5月12日，国务院向民政部下达批复，同意河北等21个省（自治区、直辖市）实施婚姻登记（结婚登记和离婚登记）“跨省通办”试点，试点时间2年。自6月1日起，河北省所有婚姻登记机关开始受理内地居民婚姻登记“跨省通办”事项。届时，双方均非河北户籍的婚姻登记当事人，可以凭一方持有的河北省内居住证和双方户口簿、身份证，在居住证发放地婚姻登记机关申请办理婚姻登记，或者自行选择在一方常住户口所在地办理婚姻登记；一方或双方户籍地在河北省的，无需提供居住证，可以在省内任意一个婚姻登记机关办理婚姻登记。 现役军人办理婚姻登记，可以在现役军人部队驻地或者入伍前常住户口所在地的婚姻登记机关，也可以在非现役军人一方常住户口所在地或经常居住地的婚姻登记机关，需提交本人的居民身份证、军人证件和部队出具的军人婚姻登记证明。 涉外、涉港澳台居民和华侨婚姻登记暂不列入“跨省通办”试点范围，仍由原来的受理机关受理。 婚姻登记中补领、补办业务仍由原来的受理机关受理。,480,http://he.people.com.cn/n2/2023/0530/c192235-40437354.html,婚姻登记;结婚登记;婚姻;结婚;离婚
People.cn,2023-05-30,6月1日起，非沪籍持上海居住证可跨省办理婚姻登记,6月1日起实施，非沪籍持上海居住证可办理 本报讯（记者 顾杰）记者从市民政局获悉，经国务院批准，上海婚姻登记跨省通办试点将于6月1日起实施。双方均非上海户籍的婚姻登记当事人，只要一方持有上海居住证，就可凭一方居住证和双方纸质户口簿、身份证，在上海任意一个区级婚姻登记机关申请办理婚姻登记。 据介绍，跨省通办既可线上预约、电话预约，也可现场预约。若为线上预约，需提前一天预约，也就是说5月31日就可通过随申办市民云App、上海民政微信公众号“民服务”、支付宝App“婚姻登记预约”等办理预约。 本次跨省通办试点办理的是内地居民的结婚登记和离婚登记。涉港澳台、华侨及外国人的婚姻登记，以及补领婚姻登记证、补办结婚登记、婚姻登记档案查询、出具《（无）婚姻登记记录证明》等事项暂不实行跨省通办。,343,http://sh.people.com.cn/n2/2023/0530/c176737-40437267.html,婚姻登记;结婚登记;婚姻;结婚;离婚
CCTV,2023-05-31,婚姻登记“跨省通办”需选择经常居住地，可提前预约,6月1日起，北京、天津、河北、内蒙古、辽宁、上海、江苏、浙江、安徽、福建、江西、山东、河南、湖北、广东、广西、海南、重庆、四川、陕西、宁夏21个省（区、市）将实施内地居民婚姻登记“跨省通办”。 记者5月31日从民政部了解到，目前21个试点地区都已在网站、微信公众号、微博等平台发布了办理指南。 民政部提示，办理婚姻登记“跨省通办”的群众需选择一方当事人经常居住地办理，出具双方户口簿和身份证、一方经常居住地的有效居住证。为提高“跨省通办”效率，建议按照试点地区要求提前在网上预约。,240,https://news.cctv.com/2023/05/31/ARTILp99xk1NPx8n9kzSdgX4230531.shtml,婚姻登记;婚姻
People.cn,2023-05-31,6月1日起海南婚姻登记可“跨省通办”,记者5月30日从海南省民政厅获悉，根据民政部统一部署，省民政厅已印发《海南省婚姻登记“跨省通办”试点工作实施方案》（以下简称《方案》），对海南省内地居民婚姻登记“跨省通办”试点工作作出安排，自今年6月1日起，我省各市县（区）婚姻登记机关受理内地居民婚姻登记“跨省通办”事项。 按照试点要求，当事人双方户籍地非本省的，选择在一方经常居住地申请办理婚姻登记的，除按照《婚姻登记条例》第五条和第十一条规定当事人需要提交的证件外，还应当提交一方当事人海南省经常居住地的有效居住证。 一方或双方户籍地在本省的，无需提供居住证，可以在本省任意一个市县（区）级婚姻登记机关办理婚姻登记。 《方案》还提出，补领婚姻登记证、涉外、涉港澳台、涉华侨居民婚姻登记、出具（无）婚姻登记记录证明、婚姻档案查询不在此次“跨省通办”试点范围之内。 《方案》要求，全省各地要积极应用“互联网+”服务模式，开展婚姻登记服务咨询、网上预约、婚姻辅导等服务，实现线上线下数据融合、预约受理联动预审，提高婚姻登记的准确性和群众的满意度。积极提升婚姻登记智能化水平，统一配备高拍仪、身份证读卡器、人像采集人脸识别等智能设备应用，实现婚姻登记所有窗口智能设备全覆盖。,511,http://hi.people.com.cn/n2/2023/0531/c231190-40437539.html,婚姻登记;婚姻
People.cn,2023-05-31,婚姻登记“跨省通办” 津版方案出炉,民政部日前对外公布在21个省（区、市）试点实施内地居民结婚登记和离婚登记“跨省通办”，其中包括天津。5月30日，就如何落地婚姻登记“跨省通办”，天津市民政局出台《天津市开展内地居民婚姻登记“跨省通办”试点工作实施方案》（以下简称《实施方案》），从2023年6月1日起至2025年5月11日，天津所有婚姻登记部门开展内地居民婚姻登记“跨省通办”试点工作。 根据《实施方案》，试点期间，将内地居民结（离）婚登记由一方当事人常住户口所在地的婚姻登记机关办理，扩大到一方当事人常住户口所在地或者在天津市内经常居住地的婚姻登记机关办理。调整后，双方均非天津户籍的婚姻登记当事人可以凭一方居住证和双方户口簿、身份证，在天津市居住证发放地婚姻登记机关申请办理婚姻登记，或者自行选择在一方常住户口所在地办理婚姻登记。 婚姻登记当事人双方均非天津户籍，一方有天津市居住证，办理婚姻登记需要提交哪些材料？据介绍，按照试点要求，当事人选择在一方经常居住地办理婚姻登记的，除按照《婚姻登记条例》第五条和第十一条规定出具户口簿和身份证外，还应当提交一方当事人有效的《天津市居住证》（电子居住证与纸质居住证同等有效，电子居住证需通过“天津公安”App查询并截图打印存档）。居住证过期的，应当在办理婚姻登记前到公安部门办理签注换发手续。 市民政局婚姻登记部门相关负责人提醒市民，此次“跨省通办”只办理结婚登记和离婚登记。补领婚姻登记证、婚姻档案查询、出具（无）婚姻登记记录证明和涉外、涉华侨、涉港澳台居民婚姻登记不属于“跨省通办”范围，需要当事人回户籍所在地的婚姻登记机关办理。（记者 韩雯）,681,http://tj.people.com.cn/n2/2023/0531/c375366-40438152.html,婚姻登记;结婚登记;婚姻;结婚;离婚
CCTV,2023-06-01,婚姻登记“跨省通办”试点今起扩至21省份,今天（6月1日）起，我国婚姻登记“跨省通办”的试点省份扩大到21个省份，在这些省份办理婚姻登记不用返回原籍，可以就地办理。 实现婚姻登记“跨省通办”的21个省份有：北京、天津、河北、内蒙古、辽宁、上海、江苏、浙江、安徽、福建、江西、山东、河南、湖北、广东、广西、海南、重庆、四川、陕西、宁夏等。 民政部介绍，目前全国每年平均办理结（离）和补领婚姻登记证1800万对左右，此次试点婚姻登记“跨省通办”的21个省份覆盖我国总人口的78.5%，待条件成熟后，将及时推动全国范围婚姻登记“跨省通办”工作。,248,https://news.cctv.com/2023/06/01/ARTI7dFSh4QvE6XmJQmcfUa0230601.shtml,婚姻登记;婚姻
China News Service,2023-06-01,内蒙古迎来首对内地居民婚姻登记“跨省通办”新人,视频：内蒙古迎来首对内地居民婚姻登记“跨省通办”新人 民婚姻登记“跨省通办”，在呼和浩特市赛罕区民政局婚姻登记处，迎来首对“跨省通办”结婚登记业务的新人。 日前，经国务院批复同意，内蒙古自治区被列入内地居民婚姻登记“跨省通办”试点范围。从6月1日起，内蒙古全面实施内地居民婚姻登记“跨省通办”。 “双方家庭距离比较远，我俩之前一直都在关注如何领证。”徐亚南自2021年6月大学毕业后，从家乡来到呼和浩特市生活。她告诉记者，今天很激动、也很开心。 “通俗来讲，如果两位新人都不是内蒙古本地户籍的，其中一位有本地的居住证，那么两人就可以到居住地的婚姻登记处办理结婚登记业务。这一项服务推出后受到了广大民众的支持，这也为长期在外地工作的民众提供了便利条件。”赛罕区民政局婚姻登记处孙杰主任对记者说道。 记者了解到，目前婚姻登记“跨省通办”试点仅限内地居民结婚登记和内地居民离婚登记2个事项。暂不开展补领婚姻登记证、婚姻档案查询、出具(无)婚姻登记记录证明和涉外、华侨、涉港澳台居民婚姻登记等事项的“跨省通办”。(完),455,https://www.chinanews.com.cn/gn/2023/06-01/10017718.shtml,婚姻登记;结婚登记;婚姻;结婚;离婚
China News Service,2023-06-01,减少“为爱奔波” 上海开始实施婚姻登记“跨省通办”,视频：上海婚姻登记“跨省通办”首日迎来百余对新人 00多对新人预约办理结婚登记。 《国务院关于同意扩大内地居民婚姻登记“跨省通办”试点的批复》新近发布，上海等21个省(自治区、直辖市)被纳入试点范围。 上海实施婚姻登记“跨省通办”后，双方均不是上海户籍的婚姻登记当事人，只要一方持有上海居住证，就可以凭一方居住证和双方纸质户口簿、身份证，在上海市任意一个区级婚姻登记机关申请办理婚姻登记。 上海市民政局方面表示，上海是一座拥有1469.63万本市户籍常住人口、1006.26万外省市户籍常住人口的超大城市。大量的流动人口为城市的发展注入了生机和活力。与此同时，人口大规模流动对社会治理，特别是基本公共服务供给提出了更高要求。长期以来，上海婚姻管理服务只面向1400多万上海市户籍人口中的适婚人员，而随着经济社会快速发展，越来越多人长期在沪工作、生活，他们回户籍地办理婚姻登记不仅耗费时间、精力和财力，也带来诸多不便。 婚姻登记“跨省通办”实施后，在上海生活的2400多万居民中的适婚人员都将成为上海市婚姻登记的潜在服务对象，这将为婚姻登记当事人省去舟车劳顿、往返奔波，降低婚姻登记成本，提升婚姻登记信息化建设水平。(完),510,https://www.chinanews.com.cn/sh/2023/06-01/10017558.shtml,婚姻登记;结婚登记;婚姻;结婚;适婚;对象
China News Service,2023-06-01,在京领证！北京婚姻登记“跨省通办”首日预约222对,北京日报客户端 | 记者 王琪鹏 安旭东 6月1日，北京市正式实施婚姻登记“跨省通办”。上午8点，在丰台区民政局婚姻登记处，全市第一对“跨省通办”结婚登记的新人领取了结婚证。“要不是有‘跨省通办’，我们现在就在去赤峰的高铁上了。”能够在北京领证，小两口格外激动。 来自内蒙古赤峰市的郝鹏飞是一名程序员，爱人张盼来自陕西省岐山县。作为全市第一对“跨省通办”结婚登记的新人，两人不到8点就来到婚姻登记处早早等候了。4年前的今天，两人通过一次爬山相识，所以两人早早就定下了6月1日领证的计划。可是，两人的户籍都不在北京，领证就得往老家跑。 “我是程序员，她是银行柜员，这段时间正是最忙的时候。”郝鹏飞说，他们原本请了两天假，坐今天早上7点的高铁回赤峰。从北京坐高铁要两个半小时，从高铁站到家还得一两个小时，单程就得四五个小时。正在他们为领证而发愁时，民政部门发布了北京将于6月1日实施婚姻登记“跨省通办”的消息，于是两人决定在北京领证。在丰台区民政局婚姻登记处，经过查验户口本、身份证、居住证等身份信息，不到10分钟，两人就领到了幸福的“小红本”。 “现在好了，我们上午领完证，下午就可以去上班了。”郝鹏飞感慨，如果真的回老家领证，工作和生活可能会让他们忙得不可开交。 6月1日也是范先生和张女士相爱三周年的纪念日。范先生是山东日照人，张女士来自河北石家庄。两人原计划今天在石家庄领证，但由于石家庄市区的婚登部门已经约满，两人只能到邻近的区县办理登记。“实在不行我们都打算去日照了。”范先生说，了解到北京可以“跨省登记”后，两人立马改了主意。网上预约后，婚登工作人员还特地给他们打来电话叮嘱注意事项，让他们感到格外暖心。“原本需要一天时间才能办完的事情，现在连一个小时都用不了，真是太方便了。”范先生说。 “从今天开始，我们将共同肩负起法律赋予我们的责任和义务，上孝父母，下教子女，互敬互爱……”在颁证员的主持下，两对新人在宣誓厅举行了宣誓。北京市民政局社会事务处副处长杨国林介绍，6月1日当天，全市婚姻登记“跨省通办”预约人数为222对。“说来也巧，是一个双数！” 相比普通的婚姻登记，“跨省通办”多了一道核验居住证或工作居住证的程序。据了解，群众在京办理跨省婚姻登记，除提交《婚姻登记条例》和《婚姻登记工作规范》规定的证件和证明材料外，还应当提交有效的居住证件。为做好“跨省通办”工作，北京市民政局在与市公安局进行系统对接的基础上，还主动与北京市工作居住证办理机构北京市委组织部完成系统端口对接，群众凭北京市居住证或工作居住证均可在京登记。 杨国林介绍，北京作为外来人口输入较多的超大型城市之一，群众对异地办理婚姻登记的需求强烈。为满足群众异地办理婚姻登记的需求，2022年11月，北京向民政部提出了“跨省通办”的申请。民政部门预计，北京市实施婚姻登记“跨省通办”后，每年的跨省登记数量将达到3万对左右。 【,1203,https://www.chinanews.com.cn/sh/2023/06-01/10017478.shtml,婚姻登记;结婚登记;婚姻;结婚
People.cn,2023-06-01,今起宁夏全面实施内地居民婚姻登记“跨省通办”试点,记者从自治区民政厅获悉，为进一步深化婚姻登记领域“放管服”改革、向婚姻登记当事人提供高效便捷的服务，宁夏6月1日起全面实施内地居民婚姻登记“跨省通办”试点，期限为2年。 试点期间，暂时调整实施《婚姻登记条例》第四条第一款、第十条第一款的有关规定，一方或双方户籍地在宁夏的婚姻登记当事人，可以在全区任意一个婚姻登记机关办理婚姻登记，无须提供居住证；双方均非宁夏户籍的婚姻登记当事人可以凭一方居住证和双方户口簿、身份证，在居住证发放地婚姻登记机关申请办理婚姻登记，或者自行选择在一方常住户口所在地办理婚姻登记。 近年来，自治区民政厅坚持践行“民政为民、民政爱民”工作理念，升级改造婚姻登记管理信息系统，新增人脸识别、指纹采集、业务办理音视频采集等功能，稳步提升全区婚姻登记信息化、智能化水平。2021年7月，自治区民政厅在银川市开展了内地居民婚姻登记“全市通办”试点工作；2022年8月1日，宁夏实现内地居民婚姻登记“区内通办”。截至目前，宁夏已办理跨区域婚姻登记3582对。（记者 姜璐）,443,http://nx.people.com.cn/n2/2023/0601/c192482-40439698.html,婚姻登记;婚姻
People.cn,2023-06-01,内蒙古全面实施内地居民婚姻登记“跨省通办”,为满足广大人民群众异地办理婚姻登记服务的需求，经国务院批复同意，内蒙古自治区被列入内地居民婚姻登记“跨省通办”试点范围。 试点期限为2年，自2023年6月1日至2025年5月31日，内蒙古自治区实施内地居民婚姻登记“跨省通办”工作。内地居民婚姻登记“跨省通办”是指男女双方均非本地户籍的婚姻登记当事人可以凭一方居住证和双方户口簿、身份证，在居住证发放地婚姻登记机关申请办理婚姻登记，或者自行选择在一方常住户口所在地办理婚姻登记。男女双方或一方当事人为内蒙古户籍的，不需要提供居住证，可在全区范围内任意婚姻登记机关办理婚姻登记。但是，补领婚姻登记证、涉外涉港澳台涉华侨居民婚姻登记、出具（无）婚姻登记记录证明、婚姻档案查询等业务暂不列入此次内地居民婚姻登记“跨省通办”试点范围之内。（记者 赵曦）,347,http://nm.people.com.cn/n2/2023/0601/c196667-40439694.html,婚姻登记;婚姻
People.cn,2023-06-01,北京市首例“跨省通办”婚姻登记在丰台办理,人民网北京6月1日电 （鲍聪颖 汪鲁兵）6月1日，是北京市婚姻登记“跨省通办”试点工作正式实施首日。全市首张“跨省通办”的结婚证书在丰台区婚姻登记中心颁出。 一大早，新人郝先生、张女士就来到位于丰台区政务服务中心三层的婚姻登记中心。两个人在北京工作多年，有北京居住证，但户籍均不在北京。张女士笑着说：“我们早就选好了这个日子，因为刚巧今天是儿童节，寓意着永结‘同’心嘛”。郝先生说：“之前还想着要回老家领证，没想到赶上‘跨省通办’的好政策，省去了我和爱人往返老家来回奔波之苦，能够方便快捷地解决我们的人生大事。尤其现在正值忙碌的时节，若非如此，工作和生活肯定让我们两人忙得不可开交。” 据了解，他们是北京市婚姻登记“跨省通办”新政实施后，婚姻登记机关办理的全市首例婚姻登记。颁证宣誓仪式上，丰台区副区长高崇耀，市民政局社会事务处、区民政局、区政务局等领导到场见证，并向新人们送上了诚挚的祝福。 新人范先生、张女士自从在网上看到民政部“跨省通办”的消息就时时关注着，因为喜欢丰台区的颁证厅，他们便想在这里领证。办完手续以后，他们感叹到：“‘跨省通办’真的太方便了，不然还得坐火车折腾回老家才能结婚，整个登记流程也特别顺畅，不到十分钟就拿到了结婚证。” 新人刘先生、申女士的故事更能体现丰台特色。刘先生说：“我和爱人都在首都人民的菜篮子——新发地市场工作，平时为了工作，好几年都不敢回老家。这回能在北京领证，既省了时间又省了买票回家的开销，实在是太感谢工作人员了！”据悉，大量外地户籍人员在新发地市场做生意、打工，“跨省通办”政策的施行为他们完成“人生一件大事”带来了巨大便利。 据了解，“跨省通办”试点工作的施行，是2015年12月起北京市实现婚姻登记跨区通办工作之后，又一次婚姻登记服务的重大改革。在一定程度上打破了婚姻登记户籍制度的限制，实现了经常居住地能够办理婚姻登记的目标，节省了当事人的经济开支，满足了更多群众对异地登记的需求，也是婚姻登记服务管理体制变更的体现。 为进一步深化“放管服”改革，满足群众异地办理婚姻登记的需求，丰台区婚姻登记中心积极响应新政策，根据当日预约量，提前制定工作预案，加强人员培训，调试软、硬件设备，提前到岗，增开窗口，确保工作顺利开展。 丰台区民政局相关负责人介绍说，丰台区婚姻登记中心将依照《民政部办公厅关于扩大内地居民婚姻登记“跨省通办”试点的通知》及相关政策文件精神，平稳有序推进试点工作，不断突破、不断创新，提供人性化、多样化的服务，满足人民群众对美好生活的向往。,1054,http://bj.people.com.cn/n2/2023/0601/c82840-40440423.html,婚姻登记;婚姻;结婚
People.cn,2023-06-01,山东推进婚姻登记和婚俗改革--领导留言板--人民网,初夏，山东省滕州市龙泉广场上，唢呐声声，锣鼓喧天，循声探去，一对对新人身着传统婚服，在现场来宾的声声祝福中步入婚姻殿堂。 “我与爱人都是外地人，在网上预约结婚登记后，滕州市民政局不但给我们发了证，还为我们操办了这么隆重的集体婚礼！”来自河南的新娘李霞笑道。 滕州市是山东婚俗改革示范点。近年来，山东将推动婚事简办、喜事新办纳入政务服务改革和移风易俗的重要内容，聚焦减少证明材料、减少跑腿次数、简化登记流程、减轻群众负担等关键环节，全链条推进婚姻登记预约、办证、补证、信息查询和破除婚俗陋习改革，相继推出了婚姻登记网上预约、全省通办、跨省通办、应用电子证照办理婚姻登记、婚姻登记信息手机查询、免费照相、“婚育户”集成办等一系列改革举措，全国首张跨省办理和应用全户籍类电子证照办理的结婚证均从山东发出。 “我们已将‘省内居民跨市办理婚姻登记免提交居住证’列入为民办实事项目，从5月20日起实施。截至目前，全省共办理跨区域婚姻登记6.5万件，应用电子证照办理婚姻登记3.6万件，通过手机终端查询婚姻登记信息30.8万人次，为婚姻当事人节省往返路费、照相费等8400余万元。”山东省民政厅副厅长刘建武介绍，同时，山东深入推进“婚事简办、喜事新办”移风易俗改革，建立婚俗改革示范点90个，推动全省5.4万个行政村全部成立红白理事会，大力倡导“零彩礼”“低彩礼”，举办形式多样的集体婚礼。 “下一步，我们将继续加大婚姻登记和婚俗改革力度，努力解决婚姻登记服务给群众带来的操心事、烦心事，切实让群众感受到民政服务带来的新气象、新变化。”刘建武表示。 《 人民日报 》（ 2023年06月01日 13 版）,695,http://leaders.people.com.cn/n1/2023/0601/c58278-40003694.html,婚姻登记;结婚登记;婚姻;结婚;婚育;彩礼;婚俗;婚礼
People.cn,2023-06-02,"""跨省通办""首日 百余对新人在沪""跨省""登记结婚",“跨省通办”昨起试点，便捷之外，更让新人有了融入上海的归属感 昨天是上海实施婚姻登记“跨省通办”首日，记者从市民政局获悉，全市16个区级婚姻登记机关迎来100余对新人“跨省”办理结婚登记。各婚姻登记机关精心准备、优化服务、周密实施，为新人举办颁证仪式，送上真挚祝福。 上午10时多，记者在黄浦区民政局婚姻登记处看到，已有不少新人前来办理结婚登记。来自安徽合肥的范先生和来自浙江台州的郑小姐，是当天首批前来办理婚姻登记“跨省通办”的一对新人。郑小姐告诉记者，两人在上海上学时相识相恋，毕业后一直在上海工作，6月1日是他们相恋纪念日，本来准备这天回合肥领证，5月24日，他们看到婚姻登记可以跨省通办的消息，于是拨通了民政局的电话咨询。“工作人员说，我们可以作为体验官先来感受一下，24日那天，我们来提前体验了一遍流程，发现真的很方便，当天我们就把回老家的火车票退了。” 5月31日，郑小姐和范先生正式预约了第二天前来办理婚姻登记“跨省通办”。记者在现场看到，现场流程包括取号、初审、复印材料、拍照、填表、窗口办理等环节，办理非常便捷，总共所需时间在15—20分钟左右。登记中心还为新人们准备了中式的颁证大厅，有意愿的新人可手持结婚证在大厅内合影留念。 “对我们来说，真的很方便，省去了不少时间精力。”郑小姐算了一笔账，如果没有跨省通办，他俩不仅需要向公司请一整天假，提前一天回老家，还得花费一千多元的往返路费和住宿费。范先生说，上海是他俩结缘和共同奋斗的城市，未来打算长居上海。“在上海登记结婚，我觉得这也是我们融入这座城市的一个象征。” 黄浦区民政局婚姻登记处工作人员告诉记者，当天共有8对新人预约了结婚登记跨省通办，新人们来自江苏、浙江、安徽、湖南、山东等地。为做好服务，中心提前制定了工作方案，进行业务培训，在系统内增加了居住证核验功能，并增加了自助拍照机和自助填表机，进一步方便新人办理业务。 婚姻登记服务是基本公共服务事项，也是一项高频政务事项。今年5月12日，国务院印发《关于同意扩大内地居民婚姻登记“跨省通办”试点范围的批复》，上海等21个省、市纳入试点范围，6月1日起实施。双方均非上海户籍的婚姻登记当事人，只要一方持有上海居住证，就可凭一方的居住证和双方纸质户口簿、身份证，在上海任意一个区级婚姻登记机关申请办理婚姻登记。,968,http://sh.people.com.cn/n2/2023/0602/c138654-40441357.html,婚姻登记;结婚登记;婚姻;结婚
People.cn,2023-06-02,婚姻登记“跨省通办”试点首日，福建25对夫妻领证结婚,人民网宁德6月2日电 （记者林盈）6月1日，来自山东的王先生和吕女士早早地来到宁德市蕉城区婚姻登记处登记，成为福建首对通过“跨省通办”登记结婚的新人。 福建首对通过“跨省通办”登记结婚的新人。福建省民政厅供图 婚姻登记“跨省通办”是指，内地居民婚姻登记可在一方当事人常住户口所在地或者经常居住地婚姻登记机关办理。6月1日起，包括福建在内的21个省（区、市）实施内地居民婚姻登记“跨省通办”试点。这意味着，在福建的群众办理婚姻登记，无需再回到常住户口所在地，而可以选择一方在福建的经常居住地，凭借双方户口簿和身份证以及一方当事人经常居住地的有效居住证办理婚姻登记。 试点扩大首日，福建各地办理了“跨省通办”结婚登记25对，其中厦门8对、泉州7对、福州5对、宁德2对、漳州1对、莆田1对、平潭1对；离婚申请登记5对。 “我们俩户籍都是山东的，有蕉城区的居住证。婚姻登记跨省通办，不用往返老家来回奔波，省了不少路费。”吕女士的欣喜之情溢于言表，“选在‘六一’儿童节登记结婚很有意义，以后还可以和孩子一起过儿童节纪念。” 据悉，为确保试点工作顺利开展，福建省民政厅提前做好系统升级准备，指导各地加强培训、调试设备、多渠道宣传，提高群众对相关政策的知晓率。有关负责人表示，婚姻登记“跨省通办”试点工作打破了婚姻登记户籍界限，为长期在外工作、生活的群众节约了时间成本和经济开支，希望通过更优质、便捷、高效、温馨的婚姻登记服务，提升群众的获得感、幸福感和满意度。,624,http://fj.people.com.cn/n2/2023/0602/c181466-40442029.html,婚姻登记;结婚登记;婚姻;结婚;离婚;夫妻
People.cn,2023-06-02,婚姻登记“跨省通办”进一步扩大覆盖范围 减少“为爱奔波”--领导留言板--人民网,1日，在外来人口流入大市——江苏省苏州市，快递小哥王志杰迎来人生的重要时刻。28岁的他和相恋3年的女朋友无需回到辽宁老家，凭居住证等相关证明就可直接在苏州登记结婚。“整个办证流程仅花了10多分钟，非常便利，而且省去来回奔波的时间，节省了近3000元的路费开支。” 江苏早在2021年6月就开始试点婚姻登记“跨省通办”，但彼时王志杰因为尚无结婚打算，没能赶上“第一波”。今年6月1日起，在前期首批试点基础上，中国婚姻登记“跨省通办”试点工作进一步扩大覆盖范围，北京、天津、上海、江苏、浙江等21个省（区、市）实施内地居民婚姻登记“跨省通办”。 在上述试点区域内工作、生活、学习的流动人口，可凭一方居住证和双方户口簿、身份证，在居住证发放地婚姻登记机关申请登记，无需回户籍所在地办理婚姻登记业务，不用再“为爱奔波”。 “看到这个消息，我非常兴奋，近期我们刚好准备结婚，6月1日这个日子寓意也非常好，而且从今天起，全国会有更多像我们一样在外地工作的情侣不用往返奔波就能便捷领证，所以，我们决定在这一天领证。”王志杰说。 第七次全国人口普查数据显示，2020年中国有4.93亿人处于“人户分离”的状态，流动人口中15岁至35岁的人员，占总量的70%以上。民政部社会事务司司长王金华介绍，扩大试点后的区域将覆盖中国总人口的78.5%，能够基本满足群众异地办理婚姻登记的需求。 中国经济大省江苏是首批试点婚姻登记“跨省通办”的省份之一。江苏省民政厅社会事务处副处长何正标介绍，两年来，江苏共办理结婚登记“跨省通办”超24000对，省内跨区域结婚登记约92000对。“各方反响良好，都认为这是一项利民惠民的暖心工程，节约了当事人的时间和经济成本，也提升了婚姻登记机关服务效能。” 1日，江苏省南京市建邺区民政局婚姻登记处洋溢着浪漫气息：“早点生个乖宝宝，哈哈哈”“你能让月色温柔，让流星闪烁，眨一眨眼睛，便能让银河坠落”等，一句句爱的祝福语，让前来登记结婚的河南小伙丁亚运与湖北姑娘候周琴倍感温馨。 更令他们激动的是，无需请假回几百公里外的老家，在共同工作多年的“第二故乡”南京就能登记结婚。 “虽然‘跨省通办’后业务量有较大增加，但我们努力提高工作效率，为更多外地在南京学习工作的新婚夫妇增添幸福感、归属感。”南京市江宁区婚姻登记服务中心主任何婷说，江宁区是南京流动人口最多的区域，拥有众多高校，没有落户的年轻人办理跨区域结婚登记的需求较大，“跨省通办”广受欢迎。 无论是生活，还是工作，人们难免有办事需求，政务服务“跨省通办”无疑是民生所需。婚姻登记“跨省通办”仅是中国政务服务改革中的一项举措。 2020年9月，国务院办公厅印发《关于加快推进政务服务“跨省通办”的指导意见》，围绕教育、就业、社保、医疗、养老、居住、婚育、出行等与群众生活密切相关的异地办事需求，明确了140项“跨省通办”高频政务服务事项。 中国人民大学教授刘俊海说，近年来，中国持续推进“跨省通办”，覆盖地域和适用服务事项均在不断扩大。“跨省通办”所涉及的服务事项，与个人生活息息相关，是深化政务服务改革的重要一步，有助于保障人民美好生活梦想的实现，助力经济社会高质量发展。（记者何磊静、陆华东、夏鹏）,1331,http://leaders.people.com.cn/n1/2023/0602/c58278-40005014.html,婚姻登记;结婚登记;婚姻;结婚;婚育;情侣
People.cn,2023-06-02,婚姻登记“跨省通办”首日预约222对,昨天，丰台区婚姻登记处第一对“跨省通办”的新人注册登记。本报记者 安旭东摄 本报讯（记者 王琪鹏）昨天，本市正式实施婚姻登记“跨省通办”。上午8时，在丰台区民政局婚姻登记处，全市第一对“跨省通办”结婚登记的新人领取了结婚证。能够在北京领证，小两口格外激动。 来自内蒙古赤峰市的郝鹏飞是一名程序员，爱人张盼来自陕西省岐山县。作为全市第一对“跨省通办”结婚登记的新人，二人不到8时就来到婚姻登记处早早等候了。4年前的今天，两人通过一次爬山相识，所以早早就定下了6月1日领证的计划。可是，两人的户籍都不在北京，领证得往老家跑。 郝鹏飞说，他们原本请了两天假打算回赤峰，去一趟单程就得四五个小时。前两天民政部门发布了北京将于6月1日实施婚姻登记“跨省通办”的消息，两人决定在北京领证。 在丰台区民政局婚姻登记处，经过查验户口本、身份证、居住证等身份信息，不到10分钟，两人就领到了幸福的“小红本”。“现在好了，不用回老家，在北京就领证了。我们上午领完证，下午就可以去上班了。”郝鹏飞感慨道。 6月1日也是范先生和张女士相爱三周年的纪念日。范先生是山东日照人，张女士来自河北石家庄。两人原计划到石家庄领证，了解到北京可以“跨省通办”后，立马改了主意。网上预约后，婚登工作人员还特地给他们打电话叮嘱注意事项，让他们感到格外暖心。 “从今天开始，我们将共同肩负起法律赋予我们的责任和义务，上孝父母，下教子女，互敬互爱……”在颁证员的主持下，两对新人在宣誓厅举行了宣誓。市民政局社会事务处副处长杨国林介绍，6月1日当天，全市婚姻登记“跨省通办”预约人数为222对。 相比普通的婚姻登记，“跨省通办”多了一道核验居住证或工作居住证的程序。据了解，群众在京办理跨省婚姻登记，除提交《婚姻登记条例》和《婚姻登记工作规范》规定的证件和证明材料外，还应当提交有效的居住证件。 杨国林介绍，北京作为外来人口输入较多的超大型城市之一，群众对异地办理婚姻登记的需求强烈。为满足群众异地办理婚姻登记的需求，去年11月，北京向民政部提出了“跨省通办”的申请。民政部门预计，北京市实施婚姻登记“跨省通办”后，每年的跨省登记数量将达到3万对左右。,903,http://bj.people.com.cn/n2/2023/0602/c14540-40441529.html,婚姻登记;结婚登记;婚姻;结婚
People.cn,2023-06-02,民生直通车丨婚姻登记“跨省通办”试点扩大首日见闻,6月1日起，在此前试点基础上，北京、天津等21个省（区、市）实施内地居民婚姻登记“跨省通办”试点。试点扩大首日，记者走访了试点地区婚姻登记机关，发现各地“跨省通办”工作井然有序，这一便民举措受到了群众的普遍欢迎。 “恭喜两位从今天起正式结为夫妻。”6月1日上午，在江苏省苏州市吴中区民政局婚姻登记处，来自辽宁的王先生和张女士兴奋地从工作人员手中接过了大红色的结婚证，办证过程仅花了十分钟。 “如果没有这项好政策，我们还得赶回辽宁老家领证，耗费时间不说，光路费就得花近3000元。”手捧着新领到的结婚证，王先生高兴得合不拢嘴，“婚姻登记‘跨省通办’对我们这些在外地工作的人来说真是一个好消息。” 记者从民政部门了解到，全国每年办理婚姻登记和补领婚姻登记证约1800万对。随着人户分离现象愈加普遍，婚姻登记必须在一方常住户口所在地办理的规定，多年来让不少外出工作、生活、学习的人深感不便。 试点工作开展后，试点地区群众办理婚姻登记，无需再回到一方常住户口所在地，可以选择一方经常居住地的婚姻登记机关，凭借双方户口簿和身份证以及一方当事人经常居住地的有效居住证办理婚姻登记。 “我们5月下旬就在网上看到了可以‘跨省’办理结婚登记的消息，预约通道一开放，就赶紧选择了‘六一’这个日子，一是想快些领到‘红本本’，二是觉得‘六一’寓意着要永远保持一颗童心。”在上海市普陀区婚姻收养登记中心现场，来自陕西的刘先生和姚女士开心地向记者分享着他们的喜悦。 6月1日，来自陕西的刘先生和姚女士在上海市普陀区婚姻收养登记中心完成婚姻登记“跨省通办”。新华社记者 方喆摄 据了解，实施婚姻登记“跨省通办”的21个省份，覆盖我国总人口的78.5%，能够基本满足群众异地办理婚姻登记的需求。 为了提高“跨省通办”效率，试点地区婚姻登记机关的工作人员提前作了许多准备。 天津市河西区民政局婚姻登记处的电话从5月31日起就不时响起。 “打来电话的大都是非天津户籍的‘准新人’，想了解‘跨省通办’的办理细节。”天津市河西区民政局婚姻登记处工作人员夏玉生介绍，为做好这项工作，河西区民政局婚姻登记处提前做好系统调试等各项准备工作，还专门安排工作人员对来电咨询的群众耐心解答。 天津市民政局社会事务处四级调研员周婧告诉记者，全市各级婚姻登记机关充分利用报纸、广播、民政系统官网、微信公众号等平台，对“跨省通办”政策进行了广泛宣传和详细解读。“我们还专门制作了新的婚姻登记办事指南图解，帮助群众更清晰地了解新政策。”周婧说。 老家在江苏淮安的新人刘先生和袁女士6月1日按照预约时间准时来到了上海市普陀区婚姻收养登记中心，顺利地领到了结婚证。 “多亏了这里的工作人员，提前一天专门打电话来告诉我们结婚登记的流程、需要携带的证件，我们才能这么顺利地办完这件‘人生大事’。”袁女士说。 数据显示，6月1日，上海16个区级婚姻登记机关迎来了100余对新人跨省“扯证”。 上海市民政部门相关负责人介绍，为开展好婚姻登记“跨省通办”工作，相关婚姻登记机关专门对预约系统和登记系统进行操作演练，做足准备工作。 此外，上海市民政部门通过与相关单位合作，做好潜在服务人群测算，帮助窗口人员了解相关信息情况，为婚姻登记“跨省通办”夯实了数据基础。 婚俗展示区、自助拍照室、特色颁证室……为迎接新政策落地，苏州市吴中区民政局婚姻登记处专门对登记场所进行了升级改造，550平方米的改造空间焕然一新，让人倍感温馨舒适，吸引等候登记的恋人自发拍照“打卡”。 “我们每个窗口都配备人脸识别系统等智能化设备，同时加强现场登记人员安排，确保有序快速零失误办理。”苏州市吴中区民政局局长张建琳说。 专题培训是帮助试点地区婚姻登记机关工作人员及时掌握政策和办理流程的重要方式。 记者从民政部了解到，此前，民政部专门举办了培训班，21个试点地区相关工作人员参加了此次培训。6月1日前，新纳入试点省份普遍组织了本省范围内的业务培训，确保婚姻登记工作依法依规开展。 “下一步，我们将继续指导各地提升工作人员综合素质，强化服务意识，为群众带来更贴心、暖心的婚姻登记服务。”民政部社会事务司相关负责人说。,1708,http://yn.people.com.cn/n2/2023/0602/c378440-40441222.html,婚姻登记;结婚登记;婚姻;结婚;婚俗;夫妻;恋人
People.cn,2023-06-02,离婚能否索要“青春损失费”,【案情】李女士和木先生曾是同学，2014年，双方确定了男女朋友关系。2018年，两人登记结婚，并于2019年生下女儿。女儿出生后的两年内，李女士辞职在家抚育孩子、照顾家庭，没有外出工作。 2021年5月，两人因家庭琐事产生矛盾，致夫妻感情不和睦。2022年4月，李女士向法院提起离婚诉讼，但又撤回起诉。撤诉后，夫妻感情并未得到改善，李女士再次起诉，要求与木先生解除婚姻关系，并向木先生索要“青春损失费”。 法院经审理后认为，当事双方夫妻感情确已破裂，木先生也同意离婚，应判决准予两人离婚。子女抚养及财产分割等问题，也依照法律规定及当事人合意一并判决。 该案中，李女士婚前、婚后均在外工作，自女儿出生后，其因抚育子女、负担较多家庭义务，两年内未继续工作，因而没有收入，木先生应给予适当补偿。结合双方婚姻关系存续时间及木先生收入等因素，法院酌定经济补偿金为1万元。 【释法】该案法官指出，李女士主张的“青春损失费”，实质上为离婚经济补偿。离婚时，负担家庭义务较多的一方，是享有离婚经济补偿权的。该案中，李女士在女儿出生后长期照顾家庭，离婚时理应得到木先生的经济补偿，这样更能体现夫妻双方的平等与公平。这就是《中华人民共和国民法典》规定的离婚经济补偿制度。 婚姻中，不能因为感情破裂，便觉得所托非人，过去的一切都不值得。“青春”不是损失，而是夫妻双方对美好爱情和美满家庭的同等付出。从公平的角度出发，应树立起家庭共同体的理念，重视家务劳动等隐形付出的价值。对于在家庭中付出较多的一方，在这种付出不能直接转化成夫妻共同财产时，应充分考虑到这种隐形付出给另一方或整个家庭带来的隐形财富，并从法律层面保障承担家庭义务较多一方的合法权益。 《中华人民共和国民法典》第一千零八十八条规定，夫妻一方因抚育子女、照料老年人、协助另一方工作等负担较多义务的，离婚时有权向另一方请求补偿，另一方应当给予补偿。具体办法由双方协议；协议不成的，由人民法院判决。（甘仕恩）,821,http://yn.people.com.cn/n2/2023/0602/c361322-40441176.html,婚姻;结婚;离婚;夫妻
People.cn,2023-06-03,6月1日起婚姻登记实施跨省通办,5月31日，省民政厅印发通知，在江西省范围内实施内地居民结婚登记和离婚登记跨省通办试点，试点时间约为两年，自2023年6月1日起至2025年5月11日止。全省各县（市、区）和5个特别区域（湾里管理局社会发展办公室、九江经济技术开发区社会发展局、萍乡经济技术开发区社会发展局、赣州经济开发区社会事务管理局、三清山风景名胜区管委会民政局）的婚姻登记机关可受理内地居民结（离）婚登记跨省通办事项。 通知明确，在江西省内，将内地居民结（离）婚登记由一方当事人常住户口所在地的婚姻登记机关办理，扩大到一方当事人常住户口所在地或者经常居住地婚姻登记机关办理。调整后，双方均非江西省户籍的婚姻登记当事人可以凭一方的居住证和双方户口簿、身份证，在居住证发放地婚姻登记机关申请办理婚姻登记，或者自行选择在一方常住户口所在地办理婚姻登记；一方或双方为江西省户籍的婚姻登记当事人，可以凭双方户口簿、身份证在江西省内任意一个县级婚姻登记机关办理婚姻登记，实施省内通办；部队驻地、入伍前常住户口所在地或另一方常住户口所在地在江西省的现役军人，可以凭军人的军人证、非军人的户口簿和双方身份证等在江西省内任意一个县级婚姻登记机关办理婚姻登记，实施省内通办。 江西省婚姻登记跨省通办可通过“赣服通”APP、“江西民政”微信公众号、江西省民政厅官网提前预约，也可以拨打各地婚姻登记机关电话或到婚姻登记机关现场进行预约。 （全媒体记者陈璋）,602,http://jx.people.com.cn/n2/2023/0603/c186330-40442712.html,婚姻登记;结婚登记;婚姻;结婚;离婚
People.cn,2023-06-03,“零彩礼”后的八千万元,5月30日18时，浮梁县浮梁大道一家超市门前正在布置鲜花，即将开业。 “怎么样，一切还顺利吧？”说话的是超市老板余孝平的妻子王丽玲，也是该县王港乡港口村党支部书记。刚刚忙完村里工作的她，趁着天色还早，专门来看看。 19时，王丽玲与丈夫余孝平回到了家。“小北，爸爸妈妈回来啦，吃饭啰！”老人一边摆着碗筷，一边喊正在做作业的小外孙。 这是一个“80后”家庭的日常画面，也是一对“零彩礼”夫妻婚后幸福生活的真实写照。 王丽玲出生于1984年，家里还有两个姐姐，打小在港口村长大，父母以务农为生。大专毕业后，王丽玲回到村里，成为一名干部。 转眼到了23岁，王丽玲个子高挑、长相甜美，说亲的人纷至沓来。“人虽然多，但我只看上了他。”王丽玲笑着说。 “孝平每天骑一个小时车来看我女儿，人长得文质彬彬，抢着干我们家里的力气活，非常踏实、上进。”父亲王清才回忆说，尽管余孝平家里条件不太好，“但我就看中他对我女儿好、有潜力。” 半年后，两家人见面商谈婚事。与前两个女儿出嫁一样，王清才没有提彩礼，甚至“三金”也没提，饭桌上也只有男方带来的一些特产。 “女方没提彩礼，我家里比较意外，但也更加坚定了我对未来的信心，一定要干出样子，不辜负信任。”余孝平回忆道。 婚后，王丽玲住进了丈夫在农村的老宅，条件简陋。但这样的日子很快就发生了改变。 2008年，余孝平与朋友开了一间网吧，赚了第一桶金，并在县城购买了一套小房子。此后，余孝平在镇上开了一家超市，并以此为积累，将超市开到了县城。 十余年间，余孝平的超市由一家变成两家，再扩大到即将开业的第八家。去年，他的超市总营业额达8000万元，今年预计突破1亿元。 回顾创业路，余孝平夫妻坦言曾遇到许多困难。“前几年有一次下暴雨，水直接灌进超市，损失惨重。我们整夜睡不着觉。” 然而，困难没有击垮这对夫妻。帮他们渡过难关的，也是这些年最令王丽玲感动的，便是来自家庭的温暖。“从公公婆婆，到小姑、小叔，还有我的父母和姐姐，多年来互相帮助，从经济上和精神上给予了我们莫大的支持。”王丽玲说。 再过两天，港口村一名姑娘将出嫁。作为村支书，王丽玲一直关心这件事。 “听说你们家没收彩礼，我们可要感谢你对移风易俗工作的支持，也祝你们幸福美满！” “谢谢王书记，你就是我们的榜样，希望以后的日子也能像你一样越过越好！” “会的，一定会比蜜甜的！” （全媒体记者 陈 璋）,990,http://jx.people.com.cn/n2/2023/0603/c186330-40442713.html,彩礼;夫妻
People.cn,2023-06-03,呼和浩特市颁出全区首张“跨省通办”结婚证,6月1日，内蒙古迎来了内地居民婚姻登记“跨省通办”工作实施的首日。当天一早，呼和浩特市赛罕区婚姻登记处颁出了全区首张“跨省通办”结婚证。 张先生和徐女士分别来自四川省和黑龙江省，长期居住在内蒙古的他们原计划回老家领证，5月20日得知内蒙古可以“跨省通办”婚姻登记后，他们第一时间预约了6月1日结婚登记。徐女士表示，新政策的实施不仅解决了自己的终身大事，还成了内蒙古“跨省通办”婚姻登记的第一对新人，很有纪念意义。 内地居民婚姻登记“跨省通办”的实施极大地解决了群众异地办理婚姻登记“多地跑”“多次跑”等诸多难点问题，满足了婚姻当事人就近办理婚姻登记的需求，节省了当事人为办理登记的经济开支，最大程度实现了便民利民，最大限度提升了政务服务的便捷性和群众的幸福感、获得感。 截止到当日下午4时，全区共办理婚姻登记1794对，其中涉及“跨省通办”业务374对。（记者 刘洋）,384,http://nm.people.com.cn/n2/2023/0603/c347185-40442741.html,婚姻登记;结婚登记;婚姻;结婚
People.cn,2023-06-05,日本2022年的新生儿数创新低 晚婚晚育令少子化加速,人民网东京6月5日电 综合日媒报道，日本厚生劳动省6月2日公布的2022年人口动态统计(概数)数据显示，日本2022年的新生儿数量为77万747人，比前一年减少4万875人，首次跌破80万人关口，创下有统计以来的最低纪录。 另外，显示每名女性一生所生孩子人数的“合计特殊出生率”为1.26，已经连续7年下降，并创下历史最低纪录。分析认为，由于新冠疫情期间结婚的夫妇减少，在一定程度上助推了出生率的下降。 从各都道府县情况来看，东京都的出生率最低、为1.04，宫城县为1.09，北海道为1.12。另一方面，出生率最高的是冲绳县、为1.70，然后是宫崎县1.63，鸟取县为1.60。 据悉，日本的结婚登记数对之后的出生率的影响越来越明显。2022年的结婚登记数为50万4878对，比前一年增加3740对，虽然时隔两年再次增长，但与新冠疫情爆发前的2019年（59万9007对）相比差距明显。因为新冠疫情引发的经济停滞导致人们对未来产生不安，从而对人们的结婚愿望也产生了影响。 据统计，日本人的初婚平均年龄为丈夫31.1岁、妻子29.7岁，都超过了前一年。而生第一个孩子时的女性平均年龄和前一年持平、为30.9岁，继续保持了历史最高纪录。日趋明显的晚婚晚育化也令少子化加速。（编译：陈建军）,542,http://japan.people.com.cn/n1/2023/0605/c35421-40006778.html,结婚登记;结婚;初婚;晚婚
People.cn,2023-06-07,合肥迎来安徽首对婚姻登记“跨省通办”,为进一步满足群众异地婚姻登记需求，国务院同意扩大内地居民婚姻登记“跨省通办”试点，安徽省成为21个省（区、市）试点地区之一，自6月1日起，全面实施内地居民结婚登记和离婚登记“跨省通办”工作。 6月6日，合肥市包河区民政局婚姻登记处迎来了一对“特殊”的准新人：冯先生是山西人，时女士是黑龙江人，两人原计划回老家领取结婚登记证。他们了解到合肥可以“跨省通办”婚姻登记后，立马改了主意，来到包河区民政局婚姻登记处，经过查验户口本、身份证、居住证等身份信息，不到10分钟，就领到了幸福的“小红本”。他们也荣幸地成为安徽省第一对“跨省通办”领证的新人。 相比普通的婚姻登记，“跨省通办”多了一道核验居住证的程序。群众在合肥市办理跨省婚姻登记，除了提交《婚姻登记条例》和《婚姻登记工作规范》规定的证件和证明材料外，还应当提交有效的居住证件。 开展“跨省通办”在一定程度上打破了婚姻登记户籍限制，实现了按居住地办理公共服务事项的要求，促进了基本公共服务均等化，既能进一步满足群众异地办理婚姻登记的诉求，降低全社会的婚姻登记成本，也有助于推动构建新型婚育支持政策体系。（李中军）,481,http://ah.people.com.cn/n2/2023/0607/c358339-40448020.html,婚姻登记;结婚登记;婚姻;结婚;离婚;婚育
China News Service,2023-06-09,遏制高价彩礼 树立婚俗新风,遏制高价彩礼 树立婚俗新风(评论员观察) 遏制高价彩礼，推动移风易俗，是对婚姻美好的祝福，也是对社会文明的守护 在山西运城市盐湖区，彩礼限额被写入村规民约并公开上墙；在山东郓城县，新时代文明实践集体婚礼倡导“低彩礼零彩礼”，以文明简约的方式定格婚礼浪漫瞬间；在河北邯郸市肥乡区，获评“移风易俗好家庭”的家庭成员可获得免费体检等各项优惠政策……移风易俗、为爱减负，各地多管齐下，引导人们积极拥抱新婚俗，开启幸福生活。 牲酒赛秋社，箫鼓迎新婚。自古以来，婚礼承载着人们对婚姻家庭的美好希冀。新人在纳采、请期、亲迎等一道道仪式仪礼中缔结白首之约，唤起对婚姻家庭的责任感、使命感。但是，这些原本用以传递美好情谊的婚姻礼俗，在一些地方却“走了样”“变了味”。比如，有的地方在婚俗领域存在大操大办、高价彩礼、铺张浪费、低俗婚闹等不良风气。尤其是在一些农村地区，彩礼过高，还有车子、房子等硬性要求，让人直呼压力大。居高不下甚至一路看涨的彩礼，不仅成为不少家庭的负担，甚至成为一个社会问题。让婚姻的缔结回归情感，让“重彩礼”回归“重礼仪”，势在必行。 维护婚姻的美好、社会的和谐，必须革除高价彩礼、大操大办等陈规陋习。近年来中央一号文件多次点名“高价彩礼”问题，传递党和国家对这一问题的高度重视和治理决心；民政部门共确定32个国家级、近1400个省市县级婚俗改革实验区；农业农村部等8部门联合印发工作方案，在全国范围内针对高价彩礼、大操大办等农村移风易俗重点领域突出问题开展专项治理……在一系列政策措施的有力推动下，全国各地积极倡导移风易俗、破旧立新，推动婚事简办、喜事新办的理念逐渐深入人心。如今，从单车婚礼、植树婚礼、国风婚礼等集体婚礼悄然流行，到“自己家业自己创”的理念得到更多年轻人认同，移风易俗的成效不断显现，文明新风吹拂城乡大地。 婚俗领域的陈规陋习，背后交织着家庭观念、社会风俗、婚姻关系等复杂因素，难以靠一纸禁令扭转，治理也不可能一步到位。推进移风易俗，不是要“一刀切”地否定传统习俗及其社会功能，而是要改变“讲排场比阔气”的盲目攀比之风、庸俗低俗之气，是要取其精华、去其糟粕。因此，进一步深化婚俗改革，还需拿出更多务实有效的举措，促进人们的观念更新，让彩礼回归合情合理。比如，一些地方探索以当地农村居民人均可支配收入的倍数作为彩礼限额标准，为彩礼“限高”；一些地方将限制高价彩礼、大操大办等纳入村规民约、居民公约，让移风易俗有章可循；一些地方大力推广文明积分、道德超市、“红黑榜”等做法，对文明行为给予相应奖励……多措并举、凝聚合力，建立制度规范，营造良好氛围，才能引导人们在思想上形成自觉，让文明新风落地生根、开花结果。 陈规陋习影响社会风气，也隐含着民生短板。以高价彩礼为例，除了攀比等因素外，也有人出于现实考量，想多要一些钱改善自家经济条件。此外，高价彩礼也反映了当前农村青年择偶选择面窄、婚恋服务不健全等问题。推进移风易俗，应当着力把这些民生难题解决好。比如，帮助农村大龄青年提高技能水平和致富能力，拓展交友交际信息渠道；在促进家庭和谐、保护女性权益上进一步下功夫；推动养老、就业和医疗卫生等公共服务均等化，减轻家庭经济负担。用高质量发展的成果改善民生，才能更好带动乡风民风向上向善。 遏制高价彩礼，推动移风易俗，是对婚姻美好的祝福，也是对社会文明的守护。在尊重传统风俗的基础上，移“歪风”，易“低俗”，让婚姻始于“爱”，让彩礼归于“礼”，就能在推动婚俗文化的沿袭与革新中，绘写全新的文化图景，帮助更多人拥有更美好的生活。(张凡) 《 人民日报 》( 2023年06月09日 05 版) 【,1500,https://www.chinanews.com.cn/sh/2023/06-09/10021872.shtml,高价彩礼;婚姻;婚恋;彩礼;婚俗;择偶;婚礼
China News Service,2023-06-14,冒名顶替12年的婚姻登记被撤销,近日，贵州省安顺市平坝区人民检察院通过走访、调查核实、网络直播公开听证，化解一起冒名顶替12年之久的婚姻登记行政争议案，并促成当事人就子女抚养、共同生活期间财产分配等问题达成协议，帮助更正当事人子女户籍信息登记错误，行政争议、民事纠纷一揽子解决。 据介绍，侯某子与杨某国按农村风俗办理结婚酒席，共同生活期间育有3个子女。2011年两人为给子女上户口，打算办理结婚登记，但侯某子当时未达法定婚龄，于是侯某子冒用姐姐侯某秀的身份信息与杨某国办理了结婚登记。 2013年侯某秀得知自己的身份信息被妹妹侯某子冒名顶替婚姻登记后，要求杨某国办理离婚，但侯某子与杨某国已分开生活，两人对子女抚养问题没有达成一致意见，杨某国不同意离婚。直到今年侯某秀准备结婚，无法办理结婚登记，遂以民政部门未尽审核把关职责，导致其被冒名顶替婚姻登记，民政部门行政许可错误为由提起行政诉讼，请求法院撤销该婚姻登记。 此后，区民政局为有效解决行政争议，邀请平坝区检察院开展行政争议实质性化解工作。平坝区检察院接到邀请后，立即开展工作。经查，侯某子在办理结婚登记时使用的身份证上的照片是本人的，身份信息是其姐姐的，区民政局对侯某秀与杨某国婚姻登记行政许可不存在履职不当情形，侯某子用其姐侯某秀的身份信息与第三人杨某国办理结婚登记属冒名顶替婚姻行为。侯某秀与杨某国的婚姻登记不属于民法典规定的可撤销婚姻情形。 侯某秀2013年知晓其被冒名顶替婚姻登记，2023年才提起行政诉讼，已过行政诉讼法规定的5年最长起诉期限。另查明：侯某子外出十多年，一直未对3个子女尽抚养义务，子女户籍信息中的父母信息登记存在错误。 平坝区检察院在认定案件事实的基础上，通过网络直播听证会的方式，为当事人和行政机关提供对话平台。听证会上，检察官从法、理、情向当事人各方摆事实，讲道理，最终侯某秀同意撤回对区民政局的行政诉讼，同意化解方案。会上，还促成侯某子与杨某国就子女抚养、共同生活期间财产分配等问题达成协议。 根据最高人民法院、最高人民检察院、公安部、民政部《关于妥善处理以冒名顶替或弄虚作假的方式办理婚姻登记问题的指导意见》，平坝区检察院向区民政局提出检察建议，认定侯某秀与杨某国婚姻登记存在错误，建议区民政局撤销该婚姻登记。同时，建议区公安局更正当事人3名子女的户籍信息。 区民政局收到检察建议后，依法撤销了侯某秀与杨某国的婚姻登记，区公安局亦更正了户籍相关信息。（法治日报） 【,1013,https://www.chinanews.com.cn/sh/2023/06-14/10024358.shtml,婚姻登记;结婚登记;婚姻;结婚;离婚;婚龄
China News Service,2023-06-15,婚姻登记 “跨省通办” 为爱插上“数据翅膀”,6月1日8时，在内蒙古自治区赤峰市红山区民政局婚姻登记处，多对新人排队办理结婚登记。经过10年“恋爱长跑”的张先生与耿女士按照预约号来到登记窗口，不到10分钟，便顺利拿到了“红本本”。 这对新人原打算近期请假回户籍所在地北京领证，得知6月1日起，在内蒙古自治区可以“跨省办理”结婚登记，当即进行了预约。“不用来回奔波，省时间、路费和精力，给这项新政点赞。”张先生说。截至6月6日，红山区民政局婚姻登记处共办理婚姻登记“跨省通办”事项100余件。 根据国务院授权，自2021年6月1日起，民政部在辽宁、山东、广东等7省2市启动内地居民婚姻登记“跨省通办”试点。截至今年5月24日，首批试点地区累计为125247对新人跨省办理了婚姻登记。5月12日，国务院印发《关于同意扩大内地居民婚姻登记“跨省通办”试点的批复》，将试点范围进一步扩大为北京、天津、河北、内蒙古、上海等21个省（区、市），覆盖我国总人口的78.5%。 5月22日，民政部办公厅印发《关于扩大内地居民婚姻登记“跨省通办”试点的通知》，要求各试点地区将内地居民婚姻登记“跨省通办”试点工作纳入学习贯彻习近平新时代中国特色社会主义思想主题教育民生项目清单，并建立协同联动机制，及时发现和解决突出问题。 新纳入试点地区的婚姻登记机关统一自6月1日起受理婚姻登记“跨省通办”事项，首批试点地区试点结束时间相应延后，与新纳入试点地区结束时间保持一致。 “当时真没想到我们会成为全国婚姻登记‘跨省通办’第一对新人，太有意义了!”河北省秦皇岛市户籍的杨女士与天津市户籍的刘先生常年居住在山东省济南市历下区，2021年6月1日首批试点启动时，二人到历下区民政局婚姻登记处领到了结婚证。 “这是结婚证，祝你们幸福美满。”给他们送上真挚祝福的是历下区民政局婚姻登记处科员彭东丽。她介绍，新人资料审核是婚姻登记“跨省通办”的重点，绝不能出差错，避免新人隐瞒信息，导致重婚发生，要确保婚姻登记无违法、无错漏。 在彭东丽看来，婚姻登记“跨省通办”是利民惠民的好事，“民政为民、民政爱民，希望有更多的人受益于这个好政策”。 民政部把稳妥有序推进扩大婚姻登记“跨省通办”试点工作，作为学习贯彻习近平新时代中国特色社会主义思想主题教育的重要内容，要求首批试点地区根据前期试点工作中发现的问题补齐短板、查漏补缺，确保婚姻登记资源合理配置，力争解决婚姻登记人员不足问题；新纳入试点地区要着力提升婚姻登记信息化水平，健全婚姻领域政策制度和服务流程，积极规避、处置弄虚作假骗取婚姻登记问题等。 “开展‘跨省通办’在一定程度上打破了婚姻登记户籍限制，实现按居住地办理公共服务事项的要求，促进基本公共服务均等化，是对婚姻登记服务管理体制的重大改革，为修订《婚姻登记条例》创造条件。”民政部社会事务司司长王金华说。 6月1日，来自河北省石家庄市的新人赵女士和郭先生，在北京市西城区民政局婚姻登记处宣誓大厅举行了结婚登记宣誓仪式。 作为婚姻登记“跨省通办”第二批试点地之一，今年5月27日零时起，北京市各区婚姻登记机关开始受理跨省办理婚姻登记业务的预约申请。北京市西城区民政局婚姻登记处登记员吴梦丹告诉中青报·中青网记者，当事人可通过首都之窗或北京市民政局官方网站、“北京社会建设和民政”微信公众号等渠道预约。 “预约申请渠道开通后，电话咨询量剧增，现场咨询也较多。登记处对婚姻登记员进行了培训，并将政务服务热线婚姻登记知识库进行了52条信息更新。”在吴梦丹看来，婚姻登记从“跨区办理”到“跨省通办”，是流动人口不断增多社会现状下的必然趋势。 “北京开展婚姻数据信息共享集成，组织试点培训，做好业务办理政策和技术储备。”北京市民政局社会事务管理处副处长杨国林介绍，6月1日北京市婚姻登记“跨省通办”预约人数为222对，北京市民政局在与北京市公安局进行系统对接的基础上，主动与北京市委组织部完成系统端口对接，以“数据跑路”代替“群众跑腿”，实现信息惠民。 据民政部统计，6月1日，全国试点地区共“跨省”办理婚姻登记1226对。当天，上海市共有187对新人通过“跨省办理”领到了结婚证。上海市民政局有关负责人介绍，上海以婚姻登记“跨省通办”试点工作部署会暨培训会、信息系统操作专题培训会的形式，对全市所有婚姻登记工作人员进行了业务培训；完成了1950年以来共计531万余条婚姻登记历史档案数据分析，补录182万余条数据，为婚姻登记“跨省通办”夯实数据基础。 广东省是首批婚姻登记“跨省通办”试点之一。5月20日当天，深圳市宝安区民政局婚姻登记处共办理婚姻登记“跨省通办”事项140件，截至6月5日，共办理16199件。 学习政策规定、了解注意事项、熟悉操作系统……2021年6月1日，广东省婚姻登记“跨省通办”试点工作启动后，婚姻登记员刘金玲所在的深圳市宝安区民政局婚姻登记处开展了工作实务培训，同时加强婚姻登记员的法治教育和职业道德教育。 城市流动人口多、磨合涉及环节多、跨部门沟通协调多……试点工作初期，面临诸多挑战，在婚姻登记岗位工作13年的刘金玲说，工作初期相关部门共享数据不够及时和完整，如广东省外身份证、户口簿信息无法通过系统关联查询，核验难度较大；法院离婚案件信息未与民政部门全面共享，无法及时、准确掌握当事人真实婚姻状况，存在当事人伪造离婚判决书（调解书）重婚等风险。 “我们不断加强与公安、法院及各地婚姻登记机关的沟通交流，提升证件信息、婚姻登记信息核验的准确度，确保婚姻登记依法依规办理。”刘金玲说。 “为更好地开展婚姻登记‘跨省通办’，登记处对婚姻登记员进行了网上预约预审、婚姻数据核验比对等多方面业务知识培训，开设法律咨询室和‘办不成事窗口’，处理群众遇到的问题。”赤峰市红山区民政局婚姻登记处登记员王玥说。 在红山区民政局婚姻登记处主任姜文明看来，实施婚姻登记“跨省通办”过程中，可能会遇到数据共享方式不统一、无法核验历史数据等问题。对此，登记处将采取措施避免出现问题，如在部门间实现信息比对共享，完善全国婚姻登记信息数据库中的历史数据，实现现存纸质档案电子化等。“下一步将健全以‘首问负责制、责任追究制’为核心内容的婚姻登记责任制度，促进依法登记、规范服务水平不断提升”。 中青报·中青网记者 先藕洁,2569,https://www.chinanews.com.cn/sh/2023/06-15/10025067.shtml,婚姻登记;结婚登记;婚姻;结婚;离婚;重婚;恋爱
People.cn,2023-06-15,泸州市江阳区继续试点婚姻登记“跨省通办”,近日，在泸州务工的快递小哥王先生和他相恋3年的女朋友终于迎来人生的重要时刻，凭省内居住证等相关证明就直接在泸州市江阳区民政局登记结婚。 据了解，自婚姻登记开通跨省通办以来，江阳区办理跨省通办26对。婚姻登记“跨省通办”试点通知明确，双方均非本地户籍的婚姻登记当事人，可以凭一方居住证和双方户口簿、身份证，在居住证发放地婚姻登记机关申请办理婚姻登记，或者自行选择在一方常住户口所在地办理婚姻登记。 跨省通办的推行，打破了地域壁垒，推动了信息共享和业务互通，为企业和个人提供了更加便捷高效的政务服务，促进了区域合作和经济发展。 近年来，泸州市江阳区行政服务中心积极落实优化营商环境政策，争创清廉机关，在政务服务大厅开展“三亮三比三争创”主题活动，除积极落实“跨省通办”“省内通办”外，还加强与贵州、宜宾“跨省通办”协同高效合作，与贵州赤水、赫章等县签订通办协议，实现62项高频事项通办；与宜宾江安县意向合作，对企业群众生产生活密切相关的高频服务事项进行通办、联办。（陈文燕、李莉）,438,http://sc.people.com.cn/n2/2023/0615/c379469-40458142.html,婚姻登记;婚姻;结婚
China News Service,2023-06-16,中考试卷出现彩礼题算不算“超标命题”,6月14日，一位女生参加中考后哭着表示：“中考政治卷中出现一道彩礼题，题目中说彩礼是中华文明的传统，让我们分析彩礼的合理性，我哪知道要不要彩礼。”一时间，“中考政治卷出彩礼题”引发争议，一些网友认为考题不合理，但也有网友表示支持。 中考政治卷出彩礼题之所以引发争议，主要原因在于彩礼问题似乎离初三学生的生活很远。有人认为，让十四五岁的考生讨论彩礼问题为时过早、不合时宜；这种争议性很强的话题放在中考试卷上是一种超纲。但也有人认为，彩礼问题本来就是现在的社会性问题，学生可以通过理性思考，给出自己的看法。 近些年，高价彩礼成为一些青年婚嫁的“拦路虎”，相关新闻频繁见诸媒体，也引起社会的热议。对此，我国多措并举，开展专项整治，取得了一定的成效。从这个角度讲，彩礼题进入中考政治卷有其合理性，因为遏制高价彩礼属于善治乡村的一部分，而这又是一道涵盖物质条件、精神风貌、文明程度等方面的话题。 从学生的角度来说，初中阶段学校都开设历史课，学生应该对我国历史文化有了较为全面的了解，其中应该涵盖和彩礼有关的社会民俗。而且，初中阶段的道德与法治课，也应讲过高价彩礼等热点话题，学生在这方面的知识不应完全空白。 然而，从上述考生被考哭以及“我哪知道要不要彩礼”的说法来看，中考政治卷中出现的彩礼题，还是超出了一些学生的认知。当部分考生对彩礼缺乏了解，自然就很难分析彩礼的合理性，也很难分析高价彩礼的不合理性。如此，考生在这道题上就会丢分，影响到中考总分和高中选择。中考命题应当考虑考生们的实际年龄，以及考生对中国历史文明和现代社会问题的认知程度。这就需要命题者能够做到换位思考，根据考生年龄、认知特点等量身命题。 关于中考命题，其实教育部每年都有专门安排。在《教育部办公厅关于做好2023年中考命题工作的通知》中，既要求严格依据课程标准命题，其中提到“不得超标命题”，又要求科学设置试卷难度。而“中考政治卷出彩礼题”是否符合教育部要求，值得命题者和有关部门对照反思。 就中考政治卷而言，笔者以为，如果命题者在命题之前，既充分了解课程标准并严格按课标来命题，又了解到考生对此类知识的认识水平和学习程度，同时还向相关老师摸底政治课讲授的深度和广度，那么彩礼问题就不应算作是“超标命题”。 当然，不是每个考生都不了解彩礼问题，比如那些平时关心时事政治的考生，或许关注到近几年频频引起热议的彩礼问题，那么在遇到考题时就不会被考哭。这也提示中考考生需要适当拓宽眼界，不能只局限于书本和课堂上的知识。学校老师和学生家长，也要尽量让学生多了解一些时事热点，丰富知识储备。 这里必须要指出的是，中考考生仍然处于义务教育阶段，其学习负担不宜过重，不能因为某些中考考题而影响“双减”政策落地。所以，无论是考生、老师还是中考命题者，在实际学习和工作中要把握好命题尺度。(北京青年报) 【,1175,https://www.chinanews.com.cn/sh/2023/06-16/10025809.shtml,高价彩礼;彩礼;婚嫁
China News Service,2023-06-16,青年婚恋观更文明理性 婚礼形式主打多元实惠,羊城晚报记者 符畅 马思泳 徐振天 实习生 孙牧 卢佳圳 牲酒赛秋社，箫鼓迎新婚。自古以来，婚礼承载着人们对婚姻家庭的美好希冀，新人在众人祝福之中缔结白首之约，携手开启人生新的篇章。羊城晚报记者近日多方走访了解到，随着婚俗改革和移风易俗的推进，年轻一代的婚恋观已经发生变化，不再重视高价彩礼或传统仪式，而是更注重婚姻关系的实际意义。而广府地区的婚礼形式也呈现多元化趋势，“小而精”的婚礼渐成市场主流，婚嫁成本也走向经济实惠。 三观一致、平等沟通、共同成长、相互契合……这是记者采访过程中，从广州年轻一代婚恋观中提取出的“关键词”。随着社会的发展和人们观念的进步，高价彩礼、大操大办、铺张浪费等婚俗领域的陈规陋习正逐渐被淘汰。 以彩礼为例，大部分受访青年认为，彩礼是双方家庭为小家庭准备的启动资金，相比于高额数字，应更注重心意、祝福等美好内涵。“我希望在这个过程中能保证婚嫁关系的对等性，男女双方都出一些钱用于建设小家庭，或者可以只将彩礼作为婚前的象征性仪式。”就职于某互联网公司的王小姐说。在广州求学的徐小姐也认为，收受彩礼应当量力而行。 广东非物质文化遗产传承人、广府传统婚俗第四代传承人，人称“八姑姐”的卢玮玮曾多次为新人主持传统婚礼仪式。卢玮玮观察到，广东人对彩礼比较随性，主要讲求“好意头”和心意，比如18800元、38880元等，女方回礼则有6600元等。对于结婚纪念品，卢玮玮表示，更提倡新人使用既经济实惠又有纪念意义的物品。 在婚礼形式上，受访青年也普遍拒绝大操大办、铺张浪费的传统婚礼，小型婚礼、旅行婚礼、集体婚礼、环保婚礼等多样化的婚礼形式逐渐成为他们的主流选择。 今年5月20日，广州多区组织举办集体婚礼，卢玮玮认为，政府部门举办集体婚礼是新婚俗的一种趋势，一方面减少了新人举办婚礼的成本，另一方面多对新人能够共同见证重要时刻，共同分享喜悦，让仪式更为庄重。 另外，办婚宴是新人结婚的传统环节之一。广东胜利宾馆执行董事、总经理阎瑛表示，如今“小而精”“轻婚礼”等婚礼形式更加受新人欢迎。 除了在酒店摆宴席，民宿婚礼也悄然走上市场。“以我们开在增城区的民宿为例，民宿共有14间房，在婚礼旺季，新人举办婚礼的费用约为1.2万元。”经营民宿已有6年时间的赖思金说，今年以来，他经营的多间民宿共举办了20至30场小型婚礼。 相比举办婚宴，30岁的黄小姐更希望与爱人在旅行中完成婚礼，“这样就不用把自己和大家都搞得那么辛苦，我们可能会去西北或西藏看风景。” 记者了解到，近年来，广东省不断健全婚姻服务措施，婚俗改革展现新活力。 2021年6月起，广东省实现婚姻登记“全城通办”“跨省通办”，婚姻登记服务实现惠民化。同年，民政部将广州市确定为第一批全国婚俗改革实验区，广东省民政厅将东莞市、珠海市香洲区、汕头市澄海区、云浮市云城区确定为第一批全省婚俗改革实验区；2022年，又将深圳市福田区、龙华区、盐田区，珠海市斗门区，江门市新会区，阳江阳春市确定为第二批全省婚俗改革实验区，省、市、县三级联动同步开展改革试点工作。在2022年12月民政部召开的全国婚俗改革经验交流电视电话会议中，广州市婚俗改革经验获得推广。 广州经验有何亮点？据悉，在硬件方面，近年来，广州新建、改建、扩建12个婚姻登记服务场所，全市婚姻登记处颁证厅、婚俗文化展示厅(馆/长廊)服务面积均超2000平方米，为新人提供既能登记又能“打卡”的浪漫环境。此外，广州积极搭建婚姻家庭辅导队伍平台、线上线下融合平台和婚恋交友平台，拓展婚姻家庭辅导新载体，形成多层次、广覆盖、便捷化的服务格局。(羊城晚报) 【,1489,https://www.chinanews.com.cn/sh/2023/06-16/10026049.shtml,婚姻登记;高价彩礼;婚姻;结婚;婚恋;彩礼;婚俗;婚嫁;重婚;婚礼
China News Service,2023-06-17,彩礼“降温”、红娘“持证上岗” 江西贵溪婚俗改革为爱“减负”,中新网 江西贵溪6月17日电 题：彩礼“降温”、红娘“持证上岗” 江西贵溪婚俗改革为爱“减负” 夏日午后，在江西鹰潭贵溪市塘湾镇唐甸夏家村，一场以移风易俗为主题的文艺志愿服务巡演在村口的婚恋广场拉开帷幕。评书、快板、魔术剧……古樟树下，形式多样的文艺表演正将文明新风从舞台吹向村民的心窝。 白墙青砖黛瓦、小桥波光流水，须溪河环村而过的唐甸夏家村是江西省乡村旅游重点村。这个山水环抱、古色古香的传统村落有着深厚的历史文化底蕴，村内不仅保存有距今460余年的夏氏宗祠和600余年的翰林桥，还流传着夏伯启叔侄断指拒仕、一门九进士的佳话典故。 作为贵溪市婚俗改革工作的先行镇，近年来，塘湾镇依托唐甸夏家村独特的自然和人文资源，打造了集婚恋广场、诗香书屋、牵手鹊桥、水车小屋等元素为一体的集体婚礼基地，让古村重新焕发生机和光彩。 村民龚齐和妻子陈嘉是塘湾镇喜结连理的第一对“零彩礼”新人。“‘零彩礼’不仅减轻了我们的经济负担和心理压力，也为我们经营小家开了个好头，大家不需要比来比去，日子过得更踏实安心。”龚齐说。 近两年，在贵溪市，越来越多像龚齐一样的年轻人开始主张婚事简办、喜事新办 。2021年9月，贵溪市被纳入第二批全国婚俗改革实验区，实验时间为期3年。作为江西省唯一的国家级婚俗改革实验区，贵溪市坚持以满足人民群众婚嫁服务需求为出发点和落脚点，倡导婚事新办、破除婚俗陋习，面对高价彩礼这一群众反映多、改革难度大的“硬骨头”，全面打响移风易俗攻坚战。 滨江镇是贵溪市移风易俗试点乡镇。据了解，该镇依托“红娘工作室”，聚焦“党员干部”“未婚青年”“职业红娘”三类重点人群，搭建婚介公益服务平台，在全镇15个村(社区)建立了红娘工作室及未婚青年数据库，不断规范婚介服务。 邱细花是滨江镇滨江社区红娘工作室的负责人，成为职业“媒婆”的她，如今工作越来越有干劲。“过去主要是给熟人介绍对象，现在我们‘持证上岗’，还有了规范的工作平台，可以帮助到更多的人，幸福感满满。”邱细花表示。 在邱细花的牵线搭桥下，滨江社区男青年江艺辉“零彩礼”娶回“俏新娘”许紫秋，一时成为地方美谈。“他们为我们本地的年轻人开了个好头，大家有样学样，文明节俭的婚嫁氛围越来越浓厚。”邱细花说。 为进一步推进移风易俗，弘扬“风雨同舟、相濡以沫、责任担当、互敬互爱”的婚姻理念，贵溪市不断创新举措、完善管理，通过打造全市婚俗改革APP，建立网上相亲平台，在31个村(社区)完成婚姻介绍所(红娘工作室)登记审批并开展婚介服务。同时，制定村规民约，设立婚俗红黑榜，为群众树立正确的婚俗观念。 此外，贵溪市还建立了婚俗改革教育基地和“零彩礼”集体婚礼基地，先后举办了千人相亲会、移风易俗定亲大会、青年交友联谊会等婚俗新风活动，积极创塑具有特色的婚俗新风活动品牌。(完),1161,https://www.chinanews.com.cn/sh/2023/06-17/10026816.shtml,高价彩礼;婚姻;婚恋;彩礼;婚俗;婚嫁;婚介;相亲;对象;婚礼
CCTV,2023-06-18,中国青年初婚越来越迟，黑龙江平均超31岁，河南超29岁,民政部最新发布的统计季报数据显示，2022年我国结婚人数为683.3万对。第一财经记者梳理数据发现，这一数据创下1986年（民政部网站公布的数据为1986年以来的数据）来的新低。 结婚人数创新低的背后，是婚育年龄推迟、适婚人数减少、思想观念变化、疫情影响等多个因素。其中，结婚年龄尤其是初婚年龄大幅推迟是一大关键因素。根据《中国人口普查年鉴-2020》，2020年我国的平均初婚年龄28.67岁，比2010年的平均初婚年龄（24.89岁）增加了3.78岁。 第一财经记者根据去年以来各省份陆续发布的人口普查年鉴（2020年）以及部分省份民政部门发布的数据，梳理了其中17个省份的平均初婚年龄数据。数据显示，统计的17省份平均初婚年龄均已超27岁，其中有8个省份平均初婚年龄已经超过29岁，黑龙江平均初婚年龄超过31岁。 需要说明的是，在17个省份中，有16个省份数据来自各省的人口普查年鉴（2020）里的数据，为2020年的数据。此外，江苏的数据为江苏省民政厅今年2月发布的2022年全省婚姻登记大数据。 在17个省份中，东北的黑龙江和辽宁位居前两位，其中黑龙江平均初婚年龄达到31.48岁，辽宁的平均初婚年龄达到29.79岁，也接近30岁。其中，辽宁的男性平均初婚年龄已经达到30.43岁。 为何东北的初婚更晚？吉林大学东北亚研究院教授衣保中对第一财经分析，东北初婚年龄晚主要与城镇化比较早、程度比较高有关。城镇化后会带来人们的思想观念发生变化。而且以前计划生育时期鼓励晚婚晚育，虽然晚婚晚育只是倡导性的，不是强制性的，但是体制内会贯彻的比较好。由于东北很多就业人员在国企、行政事业单位，体制内的人员占比较大，过去东北的计划生育执行较好，这样也容易形成晚婚晚育的观念。 另一方面，东北地区本身就是个移民区域，没有什么宗族观念，传统的生育观念影响也比较小。 黑龙江和辽宁之后，湖南和北京的平均初婚年龄超过29.5岁，接近30岁。其中，2020年湖南和北京的男性平均初婚年龄均超过30岁。 天津、广西、内蒙古和河南的平均初婚年龄也都超过29岁。其中，2020年广西男性平均初婚年龄达到30.36岁，天津、内蒙古的男性平均初婚年龄也接近30岁。 河北、安徽、江苏、贵州的平均初婚年龄介于27岁和28岁之间。其中，2020年贵州的平均初婚年龄为27.26岁，比全国平均初婚年龄小1.41岁。整体来看，由于贵州的城镇化和工业化化进程较晚，因此平均初婚年龄也会较低一些。 2010年来平均初婚年龄变化态势十分值得关注。 第一财经记者根据《中国人口普查年鉴-2020》梳理发现，从1980年一直到2010年，我国的平均初婚年龄变化相对缓慢。1980平均初婚年龄为23.59岁，2010年平均初婚年龄为24.89岁。进入21世纪的第二个十年，平均初婚年龄呈现迅速抬升的态势。2020年我国的平均初婚年龄28.67岁，比2010年的平均初婚年龄24.89岁猛增3.78岁！ 从各地情况看，2010年以后平均初婚年龄均出现较快增加的态势。以人口大省河南为例，1980年河南的平均出乎年龄为23.53岁，2010年的平均初婚年龄为23.61岁，30年变化幅度很小。但从2010年到2020年，平均初婚年龄增加了5.41岁。 复旦大学人口研究所任远教授对第一财经分析，初婚年龄是由多种因素影响的。除了受到工业化、城镇化过程中人们就业和生活方式变化的影响，相对比较重要的因素是人们受教育程度的提高。“80后”、“90后”受教育年限更长，很大程度上带来他们结婚年龄也随之推迟。 值得注意的是，从我国城镇化率变化来看，2010年前后是一个重要的分界点。2010年底，我国城镇化率已经非常接近50%。到2011年，我国城镇化率达到51.83%。 华东师范大学人口研究所所长丁金宏教授对第一财经分析，我国婚姻与家庭形态变化的一个重要转折点是2010年前后。城镇化率占比过半，意味着在城市生活的人超过了农村，这个过程中，城市里新型的家庭婚姻理念就开始逐渐占主导地位，所以2010年到2020年的变化就非常快。再加上随着高校的扩招，青年整体受教育年限的延长，因此婚姻年龄也不断推迟。丁金宏预计，未来我国晚婚的趋势仍会继续。 2022年1月20日，国家卫生健康委人口家庭司副司长杨金瑞在回答记者提问时称，“90后”“00后”作为新的婚育主体，绝大部分成长和工作在城镇，受教育年限更长，面临的就业竞争压力更大，婚育推迟现象十分突出。 比如，很多人硕士毕业一般都25、26岁了，工作几年就接近30岁了，因此结婚的时间也会比较晚。 西安交通大学人口与发展研究所教授姜全保对第一财经分析，现在年轻人的就业压力大，同时，现在大城市的生活成本包括房价、婚育成本比较高，年轻人面临的经济压力比较大，因此整体结婚年龄在推迟。此外，思想观念的变化影响也很大，晚婚或者不婚的观念，也是结婚年龄推迟的重要原因。 丁金宏分析，现在进入结婚适婚年龄的主要是“90后”，上世纪90年代出生人口持续多年呈下降趋势，加上结婚年龄推迟，未来5到10年内，结婚人数虽然可能会有所波动，但总体仍会呈现下行的态势。,2118,https://news.cctv.com/2023/06/18/ARTIHCCI4LH8juliO8BQRmas230618.shtml,婚姻登记;婚姻;结婚;婚育;初婚;不婚;晚婚;适婚
People.cn,2023-06-19,6月30日起，青海省婚姻登记“全省通办”,人民网西宁6月19日电 （张莉萍）为着力解决群众办理婚姻登记“多地跑”“多次跑”等难点堵点问题，青海省民政厅于近日印发《青海省内地居民婚姻登记“全省通办”实施方案》，决定自2023年6月30日起，在全省开展内地居民婚姻登记“全省通办”工作。 《实施方案》明确，青海省内地居民婚姻登记“省内通办”适用于青海省户籍居民结婚登记和离婚登记，即将男女一方或双方常住户口所在地在青海省的内地居民结(离)婚登记由一方当事人常住户口所在地的婚姻登记机关办理，扩大到一方当事人常住户口所在地或者省内经常居住地的婚姻登记机关办理。 为顺利推开婚姻登记“省内通办”，青海省民政厅将青海省婚姻登记信息管理系统进行了全面升级，增加了“跨区域通办”等七项功能，及时为各婚登机关配置智能一体机、复印机、高拍仪等七类设备，让婚姻登记手续更简、办证效率更快、办事体验更佳。各级民政部门对现存婚姻登记历史数据进行查漏补缺、去重纠错、完善信息并电子化扫描，全省已完成电子化档案157万份，补录100万余条数据。,437,http://qh.people.com.cn/n2/2023/0619/c346783-40463125.html,婚姻登记;结婚登记;婚姻;结婚;离婚
People.cn,2023-06-21,情侣分手后共同经营的抖音号如何分割,【案情】随着抖音、快手等自媒体的发展，其带来的经济效益等虚拟财产的分割成为民事纠纷中的新焦点。近日，云南某律师事务所参与了一起涉及男女双方恋爱期间经营的直播卖货抖音号归属及价值分割问题的纠纷调解。 恋爱期间，当事双方共同出资，由女方注册抖音号经营花卉生意，目前该抖音号有粉丝上万。两人感情破裂后，该抖音号的归属及双方经营投入如何分割成为问题，双方向社区寻求帮助，要求分割该抖音号涉及的各项财产。律师与社区调解员一同参与了调解，在案件调解过程中，男女双方主要在抖音号及运营带来的收益分割上存在分歧。 律师认为，双方或一方注册并用于商业经营的抖音等自媒体账号，需花费大量的时间和精力经营，包含了双方的劳动和智力成果，当拥有一定粉丝数量时，就具有了一定的商业价值，有准物权的财产属性。但抖音号的运营与注册人存在较为密切的联系，又具有一定的人身属性。这类网络虚拟财产的价值稳定性差，如何认定其经济价值暂无相关规定，所以对于抖音账号等网络虚拟财产不能简单地当作普通财产来进行分割，应考虑各方面的因素。 经过释法说理，男女双方就财产分割部分达成调解协议：抖音号由注册人女方继续使用和经营，该抖音号经营的应收货款和现有货款归其所有，同时女方向男方支付共同财产补偿款5万元。 【释法】互联网时代，诸如网店、网络域名及自媒体账户等亦可作为虚拟财产被要求分割。《中华人民共和国民法典》第一百二十七条规定，法律对数据、网络虚拟财产的保护有规定的，依照其规定。该规定宣示了法律对网络虚拟财产的保护。 对恋爱期间共同所有的虚拟财产如何进行分割，现行法律并没有作出明确规定，律师仅能在现有法律的基础上，综合考虑各方面因素进行调解。 在司法实践中，法官往往倾向于调解双方协商解决。如果双方协商不成，会参考资产评估公司的评估结果，对虚拟财物进行合理、合法且符合市场定位的价值认定，双方可采取竞价的方式，由出价高的一方获得虚拟资产，并对另一方作出补偿。（王建萍）,814,http://yn.people.com.cn/n2/2023/0621/c361322-40465211.html,恋爱;情侣
People.cn,2023-06-28,【南南说法】离婚后财产如何分配？长春南关区法院这样判……,近日，长春市南关区人民法院审结了一起离婚后财产纠纷案件，根据《中华人民共和国民法典》《最高人民法院关于适用 婚姻家庭编的解释（一）》相关规定，判决婚内购买房屋拍卖后所得价款女方分得五分之三，男方分得五分之二。 婚内夫妻共同财产为什么不是平均分配呢？下面跟随南南一起来看看今天这起案件吧！ 李某与刘某于2011年11月登记结婚，后因感情不和，于2018年12月6日解除婚姻关系。离婚时，双方未对夫妻共同财产（刘某名下的房屋及李某名下的车辆）进行分割。离婚21天后，李某便将其名下的车辆以1万元的价格转卖给案外人王某，王某又以20万元的价格将车辆转卖给蒋某。 2021年3月，李某向南关法院提起诉讼，要求将刘某名下的房屋依法拍卖并分割房款一半归其所有。刘某提出了应判决房屋80%的份额和捷豹牌车辆款约35万元财产均归其所有的答辩意见。 关于争议房屋，因双方均不主张房屋所有权，李某要求法院对房屋进行拍卖，分割拍卖价款，符合法律规定。关于拍卖价款的分割，考虑到女方一直照顾婚生子且离婚后李某未支付抚养费等因素，拍卖所得价款扣除相关费用后，对刘某予以适当多分，酌定刘某应分得房屋价款的五分之三，李某应分房屋价款的五分之二。 关于车辆，因该车辆属于夫妻共同财产，李某未经刘某许可，将车辆转卖导致车辆价值无法评估，结合本案的具体情况，应按该车辆最后的转卖价值20万元计算，李某应给付刘某车辆差价款10万元。 本案中登记在女方名下的房屋属于夫妻共同财产，关于该房屋的分割，考虑女方一直抚养孩子，对家庭付出较多，孩子年纪尚小，男方收入较高，离婚后男方未能及时支付孩子的抚养费等情况，应适用照顾子女和女方利益原则，分割财产时对女方适当多分。 虽然随着经济水平不断发展和法律规范的不断完善，男女平等的基本原则得到了越来越好的贯彻，但也不能忽视男性和女性在工作、家庭方面的投入和付出仍然未达到平衡。多数情况下，女性生儿育女，照顾家庭，较男性而言，对家庭投入了更多的精力，本案女方离婚后抚养孩子，将继续为家庭投入精力。人民法院处理离婚案件时，应本着子女利益最大化和照顾女方原则，在财产分割时，给予女方一定的倾斜和照顾，既有利于妇女儿童权益的保护，也符合公平原则。,919,http://jl.people.com.cn/n2/2023/0628/c349771-40473491.html,婚姻;结婚;离婚;夫妻
CCTV,2023-06-29,为青年婚恋交友提供暖心举措 倡导新型婚育文化 他们在行动,央视网消息： 随着工作、生活节奏加快，不少适婚单身青年都有着共同的婚恋烦恼——闲暇时间少、社交圈子窄。全国各级共青团组织开展了多种形式的实践探索，为青年人成家立业提供多种暖心举措。 在山东济南，当地团组织定期为单身青年举办单身联谊交友活动，通过击鼓传花、才艺展示等环节，让陌生的青年朋友在游戏互动中彼此认识交流。28岁的杨坤在团组织的介绍下第一次参加交友活动，在他看来，与传统相亲不同，这样的形式能让很多同龄人聚在一起，在轻松的互动氛围中寻找自己心仪的对象。 除了组织周末的交友活动，团组织还为上班族打造了青年“碰面”潮流市集。下班后，可以选择来市集点上一杯奶茶，和同龄人聊聊天，现场设置的脱单盲盒摊位也受到不少青年人的青睐，大家写下个人信息放进盲盒，期待着有缘人的到来。 单身青年 田璐璐： 让我感觉还是比较舒服的，其实我比较抗拒很正式地去相亲，通过这些盲盒，我也看到了比较心仪的男士，也留下联系方式。 当地共青团组织还开发了线上小程序，推出活动发布、展示交流、信息搜索等功能。目前，已有机关事业单位、大型国企等600多家团组织入驻，累计覆盖服务青年近万人，为青年婚恋交友提供全链条暖心服务。 共青团济南市委书记 贾文： 下一步将有针对性地开展常态化、规范化的青年婚恋交友咨询、社交服务等工作。 在各地团组织举办的交友活动上，还会专门邀请心理专家、情感导师现场开展婚恋指导。 姻家庭咨询师 李静： 我们会给他一个比较清晰的架构，让他可以知道自己适合找一个什么样的，有哪些方面可以改变一下、提升一下，以及情感上的一个指导，给现在当下年轻人树立一个正确的婚恋观。 此外，全国各级共青团组织还在积极探索，为青年人组织集体婚礼，并且在下一代养育问题上提供服务，缓解育儿压力。 这是不久前，在湖北宜昌三峡大坝截流纪念园，当地团委举办的一场集体婚礼。70对新人在“传承好家风，引领新风尚，奋斗绽芳华”的誓词中，开启了幸福生活的新起点。 为缓解青年人的育儿烦恼，浙江共青团组织开展了首批100个“家门口青少年宫”试点工作。作为试点城市之一的台州市，依托社区和文明实践中心等阵地，为社区少年儿童开设了多种兴趣班。 将专业师资、优质课程等下沉到社区，“家门口青少年宫”让更多孩子能够就近享受优质校外教育资源，还会定期组织亲子阅读、家长育儿讲座等活动。 共青团台州市椒江区委副书记 李威达： 针对0—3岁婴幼儿，我们引入普惠性公办托育机构，解决部分青年“托育难”问题；不断让团的工作力量、服务项目在青年身边实现有形化、日常化，共同营造一个对青年更友好的城市。,1070,https://news.cctv.com/2023/06/29/ARTIOi3fOwhd5HLRQwBRAz0v230629.shtml,婚恋;婚育;适婚;相亲;单身;脱单;对象;婚礼
China News Service,2023-07-01,36元“小彩礼”推动移风易俗大改变,本报讯(记者赵黎浩 通讯员赵雪)近日，云南省大理白族自治州剑川县金华镇桑岭村马大伯家时不时传出欢声笑语，原来是正张罗为女儿办喜事，“你们心意我明白，但是我们风俗就是这样，彩礼我们只收36元。”男方家想多给女方家多一些彩礼，而女方家却明确表示只收36元。 “择偶不以财富、门第为标准，注重的是品德和才能。所以在订婚时只需要糖、茶、一件毛衣和36元即可。”桑岭村党总支书记马碧海介绍道，“桑岭村回族群众一直有36元彩礼金风俗，随着生活水平提高彩礼金也一度上涨。多年来，在全村各族群众的大力支持下，桑岭村又恢复36元彩礼金的标准。” 36元的彩礼金得到了群众的认可，有了这个突破口，桑岭村结合村情实际，通过召开村民代表大会，成立桑岭村红白理事会，修订村规民约，制定《桑岭村红白理事会章程》和《桑岭村关于移风易俗客事从简的规定》推送移风易俗工作取得新成效。 “今年2月，有村民提出在客事办理中应该取消一次性餐具的使用，村党总支和村委会很重视，及时与村民代表们和红白理事会进行研究。现在，我们办理客事已经不用一次性碗筷了。”村民杨大伯说道。 此外，为进一步巩固移风易俗成效，桑岭村结合“好家庭”“好儿媳”“好婆婆”“十星级文明户”“民族团结进步示范户”等评选活动，组建道德评议会，建立“红黑榜”制度，对孝亲敬老、邻里和睦、庭院整洁、勤劳致富、带头移风易俗的典型用“红榜”进行表彰宣传，对不赡养老人、庭院环境脏乱差、大操大办、好吃懒做、“等要靠”政府救济等反面典型曝光批评，在全村上下形成除陋习、树新风的良好风尚。,651,https://www.chinanews.com.cn/sh/2023/07-01/10034854.shtml,彩礼;择偶
People.cn,2023-07-03,韩最新调查：21%韩国受访者支持征收“单身税”,【环球时报综合报道】韩国一项最新调查报告显示，21%的韩国人支持征收“单身税”。韩国《朝鲜日报》2日报道称，考虑到生育率低，此前有韩国官员提议向单身人士征税，这一说法遭到强烈指责和反对。不少韩国网友都认为这种想法“太荒唐”。然而，近日关于希望政府考虑征收“单身税”的韩国人比例正在增加。 报道称，当地一家线上民调平台6月底针对20至50岁年龄段的4015人展开调查。结果显示，21%的人支持引入“单身税”或“美女税”。其中，50多岁的受访者赞成比例最高，为26%；30多岁的受访者赞成比例为16%。有赞成征“单身税”的受访者表示：“当然要交单身税了，国家才能存续。应该支持独生子女夫妻，培养人们‘生育是爱国’的意识。”不过韩国多数专家认为，不能简单用单一税收解决低生育率问题，这样会造成社会对低生育率认识的偏差。一名专家称：“老人应得到子女赡养，而不是依靠政府或者社会制度。”（王策）,392,http://korea.people.com.cn/n1/2023/0703/c407864-40026562.html,单身;夫妻
CCTV,2023-07-04,网友称被要28.8万元彩礼建议整治，镇原县：强化治理高价彩礼,近日，一网友在甘肃庆阳镇原县政府官网“领导信箱”留言，称被索要28.8万元彩礼，请求当地整治高价彩礼现象。 该网友自称是在校大学生，其在留言中表示自己跟镇原县一名女生相识一年，“互相很喜欢对方”，但在将谈对象的事告诉双方父母后，女方父母表示本县最低彩礼28.8万元，且“没说要不要车和房的事”，与自己所在县12万多元的彩礼相差较多。该网友恳请镇原县用强有力的态势整治高价彩礼，“这样可以造福多少家庭和像我俩这样的情侣”。 对此，镇原县委宣传部6月19日回复称，经调查核实，近年来镇原县婚嫁彩礼总体上呈逐年下降趋势。随着抵制高价彩礼、倡导婚嫁新风的不断深入宣传和大力引导，大部分人的观念已经转变，有些地方的彩礼出现大幅走低趋势，党员干部和少部分群众中也出现“零彩礼”现象。 镇原县委宣传部表示，此次以核查答复这次信访事项为切入点，将坚持问题导向，强化工作措施，主要从以下几个方面入手，切实形成一套抓源头、打基础、管长远治理高价彩礼的工作体系和日常监管常态机制： 一是健全机制。严格落实相关规章制度（《关于治理高价彩礼推动移风易俗工作的意见》《关于加强婚介人员管理工作的意见》《推动移风易俗工作考核办法》），建立“婚丧事简办承诺书”制度，对“关键少数”进行约束管理，为党员干部操办婚丧事宜划定“红线”。进一步加强19个乡镇、215个行政村的“一约四会”规范化建设，严格落实红白事宜备案、适婚青年及婚介人员登记管理等制度，有效遏制高价彩礼、大操大办等陈规陋习。 二是靶向施策。探索建立“五双”（双准、双签、双带、双文、双考）工作模式，利用“七夕”“国庆”等重大节日，策划举办“倡导文明新风·抵制高价彩礼”集体婚礼、单身青年联谊活动、“我们的节日·万人签名承诺”活动。组织开展移风易俗主题文艺晚会、“晒家庭美德·比人居环境”“家风家训家文化”诵读等群众性文化活动，进一步引导广大群众自觉抵制陈规陋习、争做时代新人。 三是加强引导。制定印发《镇原县推进治理高价彩礼推动移风易俗专项行动的实施方案》，把移风易俗作为党员干部理论学习教育的必学内容，引导党员干部带头厉行勤俭节约，抵制高价彩礼，自觉践行文明理念。充分调动农村老党员、老干部、老军人、老教师、老模范等“五老人员”在治理高价彩礼、推动移风易俗中的宣传劝导和教育监督作用，广泛吸收致富能人、道德模范参与自我治理，不断激发自治活力，让广大群众真正成为开展移风易俗、治理高价彩礼的主角。 镇原县委宣传部在回复最后强调，“我们相信经过全县广大干部群众的不懈努力，随着经济社会的快速发展和群众思想观念的持续转变，我县婚嫁彩礼会逐步降低直至实现‘零彩礼’。” 公开资料显示，镇原县地处甘肃省东部、庆阳市西南部，属于黄土高原沟壑区，是陕甘宁革命老区的重要组成部分、国扶贫困县和六盘山连片扶贫开发重点县之一。全县辖总户籍人口52.07万人（其中户籍乡村人口42.48万人，农业统计乡村人口46.34万人），常住人口35.7万人。2022年，全县城镇居民人均可支配收入36031.8元，农村居民人均可支配收入11966.7元。 2022年5月，镇原县曾发布“治理高价彩礼 推动移风易俗”倡议书。该镇党委、政府在倡议书中呼吁抵制高价彩礼，树立正确婚恋观念：“每个家庭和青年男女都应尊重客观实际，不拿金钱作为衡量幸福的标准，不把仪式和婚俗作为衡量婚事的标尺，不要让高价彩礼绑架了美好婚姻。幸福是奋斗出来的，要坚定信心、自力更生，以实际行动营造健康节俭文明的婚嫁新风，破除低俗奢华攀比的陈规陋习。” 据镇原县融媒体中心2022年11月报道，镇原县多措并举大力推进移风易俗和乡风文明建设。目前完成了19个乡镇、215个行政村的“一约四会”规范化建设，制定出台了关于红白喜事的“三个意见一个办法”，建立了“婚丧事简办承诺书”制度，严格落实红白事宜备案、适婚青年及婚介人员登记管理等制度，有效遏制了高价彩礼、大操大办等陈规陋习。该县成立了镇原青年婚恋服务中心，在各乡镇建立了婚恋服务站，利用“七夕”“国庆”等重大节日，策划举办“倡导文明新风·抵制高价彩礼”集体婚礼4次，单身青年联谊活动10余次等。,1707,https://news.cctv.com/2023/07/04/ARTIOS4izAoZFz1qMIjws6Ru230704.shtml,高价彩礼;婚姻;婚恋;彩礼;婚俗;婚嫁;适婚;婚介;单身;对象;情侣;婚礼
People.cn,2023-07-05,了解青年婚恋问题 理应多听听年轻人怎么说,我国结婚人数持续走低。民政部近期公布的数据显示，2022年我国结婚登记数为683.3万对，较上一年减少约81万对。这创下1986年民政部有相关数据记录以来的新低。 结婚人数尤其是结婚率的高低，不仅反映出青年群体的婚姻状态和家庭观念，也会对国家和社会产生深远的影响。通过2022年的结婚人数可以看出，年轻人对婚姻的态度正在发生变化。只有了解青年群体不愿结婚的原因，才能实行有针对性的策略。 调查研究是认识事物的有效方式，为了解青年结婚意向和婚姻观念，笔者近期开展了一次调研，与10余位24岁至30岁的青年展开座谈。这些青年多数为单身状态，少数从未有过恋爱经历。 为什么越来越多的年轻人不愿意结婚？谈到这一问题时，“生活压力大”是大家提到最多的原因。一方面是经济压力大，“由于在京生活租房成本较高，租房费用已占工资的三分之一甚至更高，结婚买房更成为奢望。”“买房、买车、彩礼要花很多钱，结婚成本太高，想想就很头疼”；另一方面是工作压力大，比如部分青年因为工作性质原因，经常遇到需要出差和加班，有的工作需要三班倒，高强度的工作导致他们下班后和周末时，只想宅在家里休息，“懒得出门参加线下活动，和异性聊天约会更是有心无力”。 提到线下社交，有的青年表示互联网成了阻碍婚恋的原因之一。“网络越发达，自己的圈子越小，人就容易越封闭。”还有的年轻人认为应该从自己身上找原因，“恋爱结婚不仅需要在网上交流，更需要线下沟通，我比较社恐，不愿意与异性接触，走进婚姻就更难”“放下手机，多参与线下交友的活动，或许真的可以邂逅爱情”。 调研发现，随着社会的发展，经济和学历水平的提高，年轻人的婚姻观念也发生了变化，更加注重个人价值实现和权利平等，不再将婚姻作为人生“必需品”；“发现两个人在一起的生活质量不一定会比一个人的时候更好，所以结婚可有可无。”有人一想到谈婚论嫁就觉得很麻烦；还有人认为受到从众心理的影响：“身边的朋友、同学和同事都单身，我自己也没有压力了。” 接受调研的青年，并没有统一的婚恋观。有人认为婚恋观没有正确与错误之分，“现在观念很多元，只要不触犯道德和法律底线，什么样的婚恋观都应该值得被包容和尊重”“双方能够从恋爱或者婚姻中互相成长，互相成就，互相帮助，就是好的爱情”。有青年认为，婚恋观可以从自己的父母和亲戚朋友身上参考，可以从影视剧和综艺中借鉴，还可以学习恋爱课程进行学习。因为从来没有学习过婚恋知识，有青年建议可以通过课程、讲座、宣传片，普及婚恋知识，“我听过一些婚恋课程，挺受用的，爱情是需要学习的”。 在过去，有些人给不愿结婚的年轻人扣上了自私、不孝、叛逆的“帽子”思考解决方法的时候，也容易在办公室里“拍脑袋”、想当然，导致年轻人不买账。其实，了解青年婚恋问题，解决青年婚恋难题，还是要走到青年群体中，听一听他们的心声，开展调查研究，真正站在青年角度，把问题想足，把办法穷尽。(李华锡),1199,http://yn.people.com.cn/n2/2023/0705/c378440-40482031.html,结婚登记;婚姻;结婚;婚恋;彩礼;恋爱;单身
People.cn,2023-07-08,人民说法｜离婚后一方擅自出卖共有房屋 法院：合同无效--社会・法治--人民网,夫妻双方离婚后，如果还有未分割的财产，通常情况下可以在离婚后财产纠纷中解决。如果一方私下把还未分割的房子出售给了他人，另一方的合法权益该如何保障？ 王某和孙某在恋爱期间共同购买了一套房屋，登记在王某名下，双方结婚后，由夫妻二人和王某父母共同偿还贷款。后二人离婚，因房屋涉及王某父母利益，所以法院未在离婚纠纷中处理房屋分割问题。 在孙某准备向法院起诉处理房屋时，却发现已被王某及其父母私下转卖，并办理了过户登记。王某表示，房子登记在自己名下，自己依法有权处分房屋。孙某起诉至法院，要求确认王某与案外人订立的房屋买卖合同无效。 法院经审理认为，从王某与买受人签订合同的过程看，王某明知涉案房屋有可能涉及孙某利益仍出卖房屋，且约定房屋过户后买受人可诉请孙某腾退房屋，其行为有明显的恶意。买受人明知涉案房屋存在争议且需要通过诉讼解决，仍选择购买涉案房屋，与一般买房人的心理不符，未尽到合理的审慎注意义务，不能认定存在善意。 王某与买受人声称通过中介订立合同，但均未提交中介合同，与常理不符。从涉案房屋出售价格看，明显大幅低于该小区同时期同等条件的售卖价格，违反常理。 我国民法典第一百五十四条规定：行为人与相对人恶意串通，损害他人合法权益的民事法律行为无效。民法典第一百五十七条规定：民事法律行为无效、被撤销或者确定不发生效力后，行为人因该行为取得的财产，应当予以返还。法院认定，王某与买受人的行为构成恶意串通，并损害了孙某的利益，涉案房屋买卖合同因恶意串通、损害他人合法权益而无效，并判令王某和买受人应将涉案房屋变更登记回王某名下。 “实践中，因财产分割的复杂性，一些夫妻共同财产往往无法在离婚诉讼中一揽子处理完毕，因此存在着财产被恶意转移的风险。”北京三中院民二庭法官张慧在接受“人民说法”采访时表示，由于转移财产一方谋求在短时间内找到买家处分财产，其交易行为往往存在一些违背常理之处，从而能够作为法院认定恶意串通的依据，如是否以明显低于市场价的价格抛售、买受人是否明知财产权属有争议仍执意购买、买卖合同约定的内容是否正常等。 张慧提醒，一旦认定构成恶意串通损害他人合法利益的，不仅买卖合同会被法院确认无效，出卖方还可能因构成转移夫妻共同财产而在分割财产时承担少分或不分的不利法律后果。买受人在进行重大财产交易时也需谨慎，切勿贪小便宜而吃大亏。（高清扬、实习生秦苑嘉）,982,http://society.people.com.cn/n1/2023/0708/c1008-40030992.html,结婚;离婚;恋爱;夫妻
People.cn,2023-07-08,国内诉讼离婚时，海外房产可否分割？（律师信箱）--社会・法治--人民网,您好！我自2015年开始在美国工作、生活，且持有当地绿卡。2020年时，我在美国西雅图购买了一套房产。我爱人长期在国内，近几年由于聚少离多，我俩交集越来越少，感情出现了裂痕。我们目前正在商量离婚，但是对美国的这套房产无法达成一致分割意见。 我想咨询：如果我们在中国的法院诉讼离婚，法院会如何处理美国这套房产？ 您好！您咨询的问题可以概括为：中国公民在国内诉讼离婚时，中国法院是否可以分割海外房产？ 按照司法实践，离婚涉及海外房产争议时，国内法院通常是不做处理的，而是建议双方进行协商。若双方实在协商不成，那就需要在房产所在地法院起诉，并由其作出裁定。 涉外诉讼需要先确认国内法院是否有权受理该案，然后由中国法院根据中国法律确定的“冲突法”规则，识别适用何国法律作出判决。具体为您分析如下： 根据《最高人民法院关于适用〈中华人民共和国民事诉讼法〉的解释》第十五条规定：“中国公民一方居住在国外，一方居住在国内，不论哪一方向人民法院提起离婚诉讼，国内一方住所地人民法院都有权管辖。国外一方在居住国法院起诉，国内一方向人民法院起诉的，受诉人民法院有权管辖。” 根据上述规定，你们任何一方都可以在国内一方住所地法院起诉离婚，要求分割夫妻共同财产，且中国法院有权受理。 根据《最高人民法院关于适用〈中华人民共和国涉外民事关系法律适用法〉若干问题的解释（一）》第一条规定，民事关系具有下列情形之一的，人民法院可以认定为涉外民事关系：（一）当事人一方或双方是外国公民、外国法人或者其他组织、无国籍人；（二）当事人一方或双方的经常居所地在中华人民共和国领域外；（三）标的物在中华人民共和国领域外；（四）产生、变更或者消灭民事关系的法律事实发生在中华人民共和国领域外；（五）可以认定为涉外民事关系的其他情形。 依您所述，您的经常居住地和涉及需要协商分割的房产均在美国，那么您的案件就属于涉外诉讼，涉及的司法诉讼将使用涉外民事诉讼程序审理。 ■ 海外不动产产权归属处理，适用于不动产所在地的法律 《中华人民共和国涉外民事关系法律适用法》第三十六条规定：“不动产物权，适用不动产所在地法律。” 据此，在中国法院处理涉外诉讼时，当涉及海外不动产产权归属的处理问题，需适用不动产所在地的法律，当事人还需要对不动产所在地的法律条文进行举证。而且，在中国法院审理中，需要当事人举证证明存在境外房产以及境外房产的价值金额。 证明存在境外房产时，可通过境外形成的房产买卖合同、发票、产权证等材料进行举证。如果双方对房屋价值无法达成一致，当事人自行委托海外评估机构进行评估的，国内法院无法认可；同时，国内法院无法委托海外评估机构对房产价值进行评估。 并且，根据《最高人民法院关于民事诉讼证据的若干规定》对于境外证据的相关规定，境外证据需要经过所在国公证机关或政府部门的公证，有的还要经过我国驻该国使领馆的认证，并需要向国内法院提供境内的翻译件，才能最终作为证据在法庭使用，相关的流程手续均较为复杂和烦琐。 所以，国内法院在处理国外不动产时，不仅相关流程复杂、繁琐、耗时长，实践中还有很多不确定性。因此，国内法院往往会选择不处理境外财产。 国内法院处理境外房产，会先考虑可能存在判决无法得到境外房产所在地法院承认和执行的风险。 《中华人民共和国民事诉讼法》第二百八十七条规定：“人民法院作出的发生法律效力的判决、裁定，如果被执行人或者其财产不在中华人民共和国领域内，当事人请求执行的，可以由当事人直接向有管辖权的外国法院申请承认和执行，也可以由人民法院依照中华人民共和国缔结或者参加的国际条约的规定，或者按照互惠原则，请求外国法院承认和执行”。 但是现在他国承认和执行我国法院判决一般是基于双边司法协助协定或是该国的法律规定或互惠原则，实践中存在较大的不确定性，具有一定的风险。 建议您如果在中国法院诉讼离婚，应尽力协商解决海外房产的分割问题。如果双方实在协商不成，可到房产所在地法院另诉解决。 （北京市公衡律师事务所婚姻家庭法律事务部主任 王秋霞）,1656,http://society.people.com.cn/n1/2023/0708/c1008-40030875.html,婚姻;离婚;夫妻
China News Service,2023-07-10,网民指“结婚登记必须提供户口簿”违背婚姻自由，民政部：将关注,据民政部网站消息，近日有网民在民政部网站留言称，现在婚姻登记必须提供户口簿不合理，很多年轻人往往因为父母粗暴干涉而拿不出户口簿，这与宪法规定的“结婚自由”原则相违背，建议对此规定进行修订。 这位网民6月27日留言称，根据《婚姻登记条例》《婚姻登记工作规范》等，办理结婚登记，内地居民应当出具：“(一)本人的户口簿、身份证”。我们觉得这一条不合理，身份证与户口簿本质上是一样的，都由公安机构颁发，具有同等效力。为什么提供了身份证还必须提供户口簿？要知道，很多年轻人自由自愿结婚，但往往因为父母粗暴干涉这桩婚姻而拿不出户口簿，从而导致结不了婚。这不仅与宪法规定的“结婚自由”原则相违背，也破坏了多少桩美好的姻缘、引出了多少悲剧。这跟旧社会子女结婚需要“父母之命”又有什么区别？因此，我们强烈要求这一条应修订为：内地居民应当出具：“(一)本人的户口簿或身份证”。 民政部社会事务司7月6日答复称，网民的建议我们将予以关注，感谢对民政工作的关心与支持，谢谢！ 此前，另一位网民3月22日在民政部网站留言说：因高价彩礼，母亲不肯给我户口簿，能登记结婚吗？母亲无理要求40万高价彩礼，并且坚决说不给这么多彩礼，就不同意我结婚。但男方给不出这么多钱。经过慎重思考，我想要与男方结婚，但现在母亲不肯给出户口簿。这种情况，有其他办法可以让我顺利登记结婚吗？我是真的很想与自己的挚爱结婚！ 民政部社会事务司3月30日回复称，《民政部办公厅关于贯彻执行 若干问题的意见》规定：关于户口簿问题，当事人无法出具居民户口簿的，婚姻登记机关可凭公安部门或有关户籍管理机构出具的加盖印章的户籍证明办理婚姻登记；当事人属于集体户口的，婚姻登记机关可凭集体户口簿内本人的户口卡片或加盖单位印章的记载其户籍情况的户口簿复印件办理婚姻登记。当事人未办理落户手续的，户口迁出地或另一方当事人户口所在地的婚姻登记机关可凭公安部门或有关户籍管理机构出具的证明材料办理婚姻登记。（澎湃新闻记者 吕新文） 【,829,https://www.chinanews.com.cn/sh/2023/07-10/10040006.shtml,婚姻登记;结婚登记;高价彩礼;婚姻;结婚;彩礼
China News Service,2023-07-11,韩媒：韩国单身人数迅速增加，近五成25岁至49岁男性未婚,中新网 7月11日电 据韩联社报道，韩国统计厅11日发布的《低出生率与韩国社会的变化》数据显示，该国单身人数占比正迅速增加，25岁至49岁的男性中近五成没有婚史，同时，每三名女性中就有一人未婚。 据报道，截至2020年，韩国25岁至49岁男性的未婚比例达47.1%，同时，女性未婚比例也升至32.9%。数据还显示，2022年韩国男性平均初婚年龄为33.7岁，女性为31.3岁。 此外，随着结婚登记人数下降，新生儿的人数也在减少。2022年韩国新生儿人数为24.9万，仅为2012年(48.5万人)的一半。 韩国统计厅预测，韩国人口在2020年触顶后将逐渐减少，2041年会跌破5000万人。照此趋势，到2070年，韩国人口将减少至3800万人，而老年人口比重将增至46.4%，高于劳动力人口的46.1%。,352,https://www.chinanews.com.cn/gj/2023/07-11/10040734.shtml,结婚登记;结婚;初婚;单身
CCTV,2023-07-12,辽宁省持续优化居民婚姻登记服务,7月11日，记者从辽宁省民政厅了解到，省民政系统加快打造营商环境“升级版”，持续优化居民婚姻登记服务，截至2023年6月30日，全省共办理“跨省通办”婚姻登记8227件，其中结婚登记5947件、离婚登记2280件。 今年，辽宁省民政厅进一步探索实施“省内户籍居民跨市登记免提交居住证”新政策，为群众带来实实在在的便利。全链条推进婚姻登记改革，聚焦简化证明材料、减少跑腿次数、优化登记流程、减轻群众负担等关键环节“为爱减负”，不断提升婚姻登记的便捷度和群众满意度。 据了解，辽宁省在全国先行试点“跨省通办”婚姻登记。2021年，国务院将辽宁纳入首批内地居民婚姻登记“跨省通办”试点省份。辽宁省民政厅周密部署，强化政策支持，升级优化信息系统，举办业务培训，在辽事通和门户网站开通网上预约服务，指导各地细化完善辽宁省政务服务网“跨省通办”事项，广泛宣传相关政策举措。完善数据，夯实共享核查基础，加快补录1950年以来的婚姻登记历史数据1200万条，并扫描匹配电子档案，有效完善了信息库。 2023年起，辽宁省民政厅全面推行婚姻登记电子证照改革，制发应用新办结（离）婚电子证照和做好互通互认。牵头会同辽宁省营商局、辽宁省卫生健康委、辽宁省公安厅推行“公民婚育一件事”，群众结婚登记、生育登记、户口登记信息婚姻状况变更及符合条件夫妻投靠落户“一表申请、平台联办、限时办结”，变“三件事”分办为“一件事”联办，由群众至少“跑3次”改为“最多跑1次”。“公民婚育一件事”被辽宁省委依法治省办列为2023年度法治为民办实事项目之一，在沈阳市皇姑区、鞍山市铁东区、朝阳市龙城区等地试点运行顺利，已经办理“一件事”联办20件，并于2023年6月30日在全省推广。,721,https://dbzx.cctv.com/2023/07/12/ARTIzXeODQUJulj9quN4zu2P230712.shtml,婚姻登记;结婚登记;婚姻;结婚;离婚;婚育;夫妻
People.cn,2023-07-12,婚姻登记“跨省通办”为幸福加码,7月11日，记者了解到，自6月1日江西实施婚姻登记“跨省通办”试点工作以来，全省共办理跨区域婚姻登记1876对，其中双方均为外省户籍的38对，有效满足了群众异地办理婚姻登记的需求。 根据新的政策，在江西省内，双方均非江西省户籍的婚姻登记当事人，可以凭一方的居住证和双方户口簿、身份证，在居住证发放地婚姻登记机关申请办理婚姻登记，或者自行选择在一方常住户口所在地办理婚姻登记；一方或双方为江西省户籍的婚姻登记当事人，可以凭双方户口簿、身份证在江西省内任意一个县级婚姻登记机关办理婚姻登记，实现省内通办。 近日，杨先生和文女士来到浮梁县婚姻登记中心。两人都是“95后”，户籍所在地分别为四川和陕西，他们大学毕业后来到景德镇工作，并取得景德镇居住证。“年初就准备领证，但是工作一直很忙，没时间回户籍所在地。现在赶上了‘跨省通办’的好政策，省去了我和爱人往返老家的奔波之苦。”拿着新领的结婚证，杨先生幸福之情溢于言表。 同样享受新政便利的还有家住南昌市青山湖区的吴先生和刘女士，两人户籍所在地分别是安徽和河南。7月1日，他们来到位于上海路520婚恋文化产业园的青山湖区婚姻登记处办理结婚登记。取号、排队、交材料……不到半小时，两人就顺利领到了结婚证，并在颁证厅举行了领证仪式，彼此许下幸福的承诺。 省民政厅社会事务处相关负责人介绍，为提高“跨省通办”和“全省通办”效率，江西还开通了婚姻登记网上预约系统。“群众可通过赣服通APP、江西民政微信公众号、江西省民政厅官网提前预约，也可拨打全省105个县级婚姻登记机关的联系电话进行预约。” 需要注意的是，在婚姻登记“跨省通办”和“全省通办”过程中，双方均非江西省户籍的婚姻登记当事人，必须在居住证发放地的县级婚姻登记机关办理婚姻登记，除按照《婚姻登记条例》的要求提交身份证、户口簿等证件外，还需要提交一方当事人在经常居住地的有效居住证。 （全媒体记者陈璋）,797,http://jx.people.com.cn/n2/2023/0712/c190181-40490492.html,婚姻登记;结婚登记;婚姻;结婚;婚恋
People.cn,2023-07-13,“零彩礼”的好姻缘 古稀女婿20载呵护九旬岳母,他，用45年的风雨岁月，坚守对爱人和家庭的始终不渝；用20余年时间如一日悉心照料多病九旬岳母，不离不弃。以移风易俗践行文明新风，用好家风诠释亮丽人生，在平凡的生活中演绎着点点滴滴的感人故事。他就是江西省抚州市东乡区小璜镇下湖村村民徐有生。 今年69岁的徐有生，神采奕奕。1970年，他怀着一腔热血应召入伍，成为一名后勤汽车修理兵。1978年退伍后，为了照顾家中父母，本想到上海求职的他选择了分配到下湖村公社农机站工作。 在农机站工作的第一年，徐有生与自由恋爱的女朋友辛梅香结婚了。徐有生来自普通家庭，又是当地出了名的孝子，辛梅香的家人没向他要任何彩礼钱。 结婚前，辛梅香的父亲和弟弟都已病故，两个姐姐也远嫁外地。2000年的一天，徐有生照常来到岳母家，发现独自居住的岳母倒地不起，急忙将岳母送往就近的村卫生院进行治疗。好在送医及时，最后并无大碍。 看着母亲年岁渐长，身体大不如前，身边又无人照料，辛梅香看在眼里，急在心里，心想把母亲接过来，但心中一直有个顾虑，直到有一天，丈夫帮她彻底打消了这个顾虑。“当时我就看出了她的心事，知道她不好开口，后来我就主动提出将岳母接到家一起住，她听完后眼睛瞬间红了，最后说了一句‘好’。”徐有生说。第二天，徐有生将岳母接回家里一起住，这一住就是20余年。 自从徐有生将岳母接来家中照顾，不仅在生活上无微不至，更在情感上体贴细心。徐有生说：“岳母有多年的冠心病史。记得有一次，岳母说肩膀疼，以为是受风了。但是细心的他却发现岳母手上、脸上在不停冒的汗，感觉岳母的情况更像心绞痛病症。”在徐有生的坚持下，岳母听从了他的劝说，看了医生及时对症下药，最终身体康复起来。 “2016年的一个夜晚，我的岳母一直上吐下泻，我就连夜带他到镇上的医院看病，经医生诊断后我才知道，原来是她吃坏了冷的东西导致的，然后我就陪她在那里吊了三个小时盐水，直到凌晨一点多才结束。”回忆起这段往事，徐有生仍记忆犹新。自此后，徐有生在岳母的饮食上更加注意。 为了能更好地照顾九旬的岳母，徐有生专门从网络和书籍中自学了一些老年病、慢性病的护理知识。特别是书中讲到，老人要经常多走动，呼吸新鲜空气，注意饮食，他是牢牢记在心里。因此，徐有生和妻子每天都会抽出时间搀扶着岳母到外面散散心，放松心情。为了饮食能够既满足老人健身需求又味道可口，徐有生总是在天未亮就早早起床去菜场买菜，搭配好岳母一天的饮食。 “老人最怕的就是季节交替，特别是秋冬时节，一定要注意老人的情况”。谈起照顾老人身体健康，徐有生娓娓道来。每当寒冬来临前，徐有生早早地就会给岳母的床上铺上厚厚的棉褥子，从箱子里翻出岳母过冬的衣服晒好并让妻子为老人换上。 世事难料，岳母的身体没有大碍，徐有生的身体却出现了状况。每当徐有生躺下休息或者做完事后，时常感到腹部疼痛、腿部麻木、恶心呕吐，于是他就到医院做检查。经检查，确诊为前列腺癌晚期，已经转移至骨头上。 屋漏偏逢连夜雨，徐有生被查出患有前列腺癌后，高昂的治疗费用压得他喘不过气来。“好在有国家优待退伍军人政策，目前治疗费用可以报销80%，有这样的医保政策，我很安心，也很感激。”徐有生说。 面对突如其来的变故，徐有生并没有怨天尤人，而是积极乐观、尽心尽力、无怨无悔地照顾年迈的岳母。谈及这样做的初衷时，徐有生斩钉截铁地回答道：“我岳母跟我生活了二十多年，虽然不是亲生却胜似亲生，况且我早已把她当自己亲生母亲一样对待，我要替她养老送终。” 如今，在徐有生的悉心照料下，虽然年逾九旬，但他岳母的身体状况和精神状态一直都很不错。看着岳母每天露出开心的笑容后，徐有生感觉这一切都是值得的。老太太逢人便说：“我有一个好女婿，待我比亲娘还亲！”邻居们也说，没有徐有生这样的好女婿照料，她也不会这么长寿。 徐有生照顾岳母的点点滴滴，子女看在眼里，记在心里，其中还包括徐有生的儿媳和女婿，这也成了他家后辈孝顺长辈的传统。远在内蒙古和广东的子女得知父亲患癌后，每天通过视频和打电话的方式向父亲问好，一旦有时间，都会带着小孩来家里陪陪几位老人，同时还帮忙分担家务活。“当时我岳父把女儿嫁给我时，没要我一分钱彩礼，他只希望我能善待他的女儿，家庭和谐幸福。现在，他们年纪也大了，还坚持照顾外婆，真的很感动。他们的老年生活，我也要像他一样照顾他们。”徐有生的女婿说道。 20年来，徐有生用最实际的行动传承着中华民族的传统美德，用朴实的情感和持久的责任心书写了一个大大的“孝”字。徐有生深有感触地表示：“人孝，才有家和。将细心融入生活中的点点滴滴，就是我们对父母最大的孝。”（吴雯婷、饶方其、占人豪）,1888,http://jx.people.com.cn/n2/2023/0713/c186330-40492318.html,结婚;彩礼;恋爱
People.cn,2023-07-13,《对话人民法官》之婚约财产纠纷类案件,主持人：亲爱的人民网网友们大家好！欢迎收看《对话人民法官》栏目，今天做客我们访谈间的是：吉林省双辽市人民法院双山人民法庭员额法官柳孔飞欢迎您！ 主持人：今天柳孔飞法官给我们分享的是关于婚约财产纠纷类的话题。我们有请柳孔飞法官。 柳孔飞：好的主持人。观众朋友们，您听说过彩礼款吗？按照一些地区的风俗习惯，成婚前男方会付给女方一些财物，统称为彩礼款。但有时因为婚前双方缺乏了解，在结婚后或者未结婚登记前，两人产生矛盾导致感情出现危机，往往会涉及到男方要求返还彩礼款的问题。 我曾审理过这样一起案件。原告刘某与被告温某于2022年3月4日登记结婚，婚前应被告要求，原告以现金方式给被告彩礼15万元及二金一钻价值人民币47020元；之后于2022年6月8日按照当地风俗习惯举办了结婚庆典仪式，婚后双方无子女。 由于原被告双方婚前相处时间较短，对双方的性格、脾气、秉性缺乏了解，故导致婚后因为家庭琐事经常发生争吵，最后夫妻感情破裂离婚，故原告诉至法院请求支持原告的诉讼请求，依法判令原被告离婚并返还15万元及价值47020元的“二金一钻”。 庭审中，我依法适用简易程序进行了审理，并充分掌握双方的心理状态，积极引导双方换位思考，从情、理、法角度入手，认真细致做双方思想工作，最终促成双方达成调解协议，被告当场退还彩礼5万元及一个金项链、一个金手镯，双方均表示认可。 这起案件反映出，对于彩礼的收取以及支配、财产分割等理解不够到位。 根据《最高人民法院关于适用（中华人民共和国民法典）婚姻家庭编的解释（一）》第五条第（三）项规定，婚前给付并导致给付人生活困难，当事人请求返还按照习俗给付彩礼的，人民法院应当支持。彩礼返还的比例，应综合考虑共同生活时间的长短、有无子女、财产使用情况等因素进行认定。 主持人：好的，感谢柳孔飞法官，《对话人民法官》我们下期再见！,773,http://jl.people.com.cn/n2/2023/0713/c349771-40492084.html,结婚登记;婚姻;结婚;离婚;彩礼;婚约;夫妻
People.cn,2023-07-14,楚雄元谋创新婚姻家庭矛盾调解模式,近年来，由云南省楚雄彝族自治州元谋县委政法委牵头，汇聚“政法+妇联”合力组建“凤凰花调解工作室”，依托中心法庭、司法调解室、妇女之家等阵地，开展婚姻家庭矛盾纠纷调解，赋能基层社会治理。 截至目前，元谋县“凤凰花调解工作室”共参与调处各类纠纷3500余件，调解率达95%，调解成功率90%以上，自动履行率达60%以上。“凤凰花”调解员调解纠纷，平均调解用时不超过3天，调解成本不超过300元，调解结案与诉讼审判结案相比，每年可为当事人节约诉讼成本2000万元以上。 据了解，目前已经在元谋县人民法院、黄瓜园中心人民法庭、10个乡镇司法所、77个村委会（社区）组建了89个“凤凰花调解工作室”，“凤凰花调解工作室”负责人由各级妇联主席、副主席担任。深入全县各乡镇开展矛盾纠纷大排查，了解掌握社情民意，对排查中发现的各种矛盾纠纷和风险隐患进行分析研判，对于排查所掌握的苗头性问题，及早介入，预防和制止家庭暴力，尽力把矛盾纠纷化解在萌芽状态。“凤凰花调解工作室”按照“劝和不劝离”的主导思想，对有婚前感情基础、仍有和好可能、属于冲动型起诉离婚的案件，确定1至3个月不等的“冷静期”，县妇联联合县法院、司法所、村（社区）及当事人双方家长、子女等第三方对当事人进行心理辅导和干预，全力修复当事人情感，维护家庭和谐稳定。 元谋县着力打造具有元谋特色的“凤凰花婚姻家庭纠纷调解”品牌，有效地预防、降低因婚姻家庭纠纷引发的刑事案件发生。充分发挥妇联组织优势，在全县组建19支“巾帼志愿宣讲小分队”，成立“巾帼送法服务队”，深入全县10乡镇大力开展预防和化解婚姻家庭矛盾纠纷法律知识巡回宣讲活动；组织开展妇女普法暨婚姻新风线上系列宣讲，邀请省州法律专家和心理咨询师对全县妇女干部开展培训。自“凤凰花调解工作室”成立以来，共累计开展各类宣讲培训20期，受益群众近25000余人。(陈颖 文/图),786,http://yn.people.com.cn/n2/2023/0714/c361322-40494408.html,婚姻;离婚;家庭暴力
China News Service,2023-07-16,离婚冷静期内出轨，需过错赔偿,夫妻感情出现问题，在民政局办理了离婚登记申请，在离婚冷静期间，一方就迫不及待和别人出双入对，这种情况算是“出轨”吗？近日，重庆市大足区人民法院审结了这样一起离婚纠纷案件。最终，法院认为出轨行为发生于离婚冷静期内，双方仍是法律规定的夫妻关系，判决过错方向无过错方进行赔偿。 李某与易某(女)于2010年认识恋爱，2016年办理结婚登记，双方育有一子一女。双方婚后因经济问题和子女抚养问题产生矛盾，且愈发严重，双方的感情也在一次次争吵中消磨殆尽。最终在2022年12月，双方前往大足区民政局办理离婚登记申请。 办理申请后，双方便开始分居生活。在离婚冷静期内，李某无意间通过送给儿子学习的平板电脑发现了易某与婚外异性举止亲密的视频。因这段视频，双方又起了争执：李某认为易某的行为是婚内出轨，要求易某赔偿10万元；易某认为两人感情早已破裂，已经提交了离婚申请，迟早会离婚，不存在精神损害，也不应当赔偿。 结果，双方因赔偿金无法协商一致，离婚冷静期满后，未到民政局申请领取离婚证，李某遂诉至法院，要求与易某离婚，并由易某赔偿其精神损害抚慰金10万元。 法院审理后认为，因李某与易某一致同意离婚，遂予以准许。但在离婚冷静期内，易某确与婚外异性举止亲密，违背了夫妻忠实的义务，具有重大过错，理应对李某造成的精神损害进行赔偿，酌情确定赔偿金6000元。宣判后，双方均未上诉，判决已生效。 承办法官表示，民法典第一千零七十七条规定：“自婚姻登记机关收到离婚登记申请之日起三十日内，任何一方不愿意离婚的，可以向婚姻登记机关撤回离婚登记申请。前款规定期限届满后三十日内，双方应当亲自到婚姻登记机关申请发给离婚证；未申请的，视为撤回离婚登记申请。”所以，到民政局办理了离婚登记申请的并不代表双方在法律意义上离婚，只有取得离婚证才能算正式离婚。离婚冷静期机制是为了让当事人在一段时间内搁置离婚纠纷，冷静思考婚姻家庭问题，考虑清楚后再行决定是否离婚。因此，离婚冷静期间双方仍是法律意义上的夫妻关系，应互负忠诚义务，一方与婚外异性同居或发生越轨行为的，无过错方有权请求损害赔偿。 【,876,https://www.chinanews.com.cn/sh/2023/07-16/10043802.shtml,婚姻登记;结婚登记;离婚冷静期;婚姻;结婚;离婚;恋爱;夫妻
People.cn,2023-07-20,离婚时，拥有大量粉丝的自媒体账号归谁？--社会・法治--人民网,本报讯 随着网络自媒体的迅速发展，微信公众号、抖音、快手等网络账户功能不断拓展，依托网络平台已形成新型的电子商务模式，其财产价值属性日益凸显。该类财产的分割和归属问题成为离婚案件当事人争议的新类型焦点。近日，江苏省苏州市虎丘区人民法院审结了一起离婚纠纷案，成功解决了夫妻一方注册运营的自媒体账号的归属及价值分割问题。 五年前，小美刷到一个以日常趣味生活为主要内容的快手账户，对视频中幽默又有才华的男主角小帅一见钟情。两人的恋情从网上到奔现，最终修成正果并登记结婚。婚后小帅又注册了同名的抖音账户，粉丝量迅速发展到300余万，经营短视频自媒体账号成为他的主要经济收入。 然而，小帅因运营账号时的剧情编排需要，经常邀请他人担任女主角配合出演，最终导致小美与小帅发生争吵猜疑至感情破裂。离婚过程让小帅无心再维护账号并停更一年多。 诉讼中，双方均同意离婚。但在夫妻共同财产分割中，对由小帅运营的300余万粉丝的抖音账号和10余万粉丝的快手账号的归属和价值问题产生争议。 小帅在法庭上表示，这两个短视频账号一直是由他负责策划、维护、经营、拍摄、设计，小美从未参与运营，该两个短视频账号具有人身属性和不可分割性，应当属个人财产。另外两个账号停更一年多，以后是否继续经营还不确定，已经不具有价值。 法官审理后认为，诉争运营的抖音账号是婚后注册，快手账户的粉丝量也是婚后发展起来的，两个自媒体账号粉丝量达到一定数量必然带来经济效益，具有财产属性，因此属于夫妻共同财产。但两个自媒体账号的注册和经营都由小帅负责，具有较强的人身归属性，故在财产分割上应当采取账号归小帅单独所有、补偿一定金额给小美的方式为宜。至于两个账号的价值，可以双方自行协商，协商不成可委托专业机构进行评估。 经过法官的释法说理，双方同意上述分割原则，并自行协商了账号价值，达成了调解方案。（徐文杰 华梓成） 互联网时代创造出了与现实世界同具财产价值的网络虚拟财产，且形式越来越多样化。涉网络虚拟财产分割的离婚纠纷也不断涌现，成为家事法官必须明确裁判规则的问题。当前关于虚拟财产的法律规定见于民法典第一百二十七条：法律对数据、网络虚拟财产的保护有规定的，依照其规定。 网络空间是虚拟的，但带来的经济价值是真实的。如关注量大的微信公众号、抖音号、快手号等自媒体号，能通过平台流量收入、广告引流、商品出售、直播受赏等方式带来利润。本案中，自媒体账号虽由个人注册和运营，但并不能否定其夫妻共同财产的性质。 自媒体账号的运营往往具有较强的人身属性，为不减损其价值，分割时采取将之归注册及运营人所有而由其向另一方补偿的方案为宜。同时，由于自媒体的经济价值往往取决于经营者本身和市场行情，裁判实务中尚缺乏统一的网络虚拟财产价值认定标准，还需在司法实践中进一步探索。本案中，法院主持双方达成调解协议，从而快速、平稳地解决了离婚夫妻分割自媒体账号的争议。,1194,http://society.people.com.cn/n1/2023/0720/c1008-40039706.html,结婚;离婚;夫妻
People.cn,2023-07-22,把婚俗改革同基层治理结合 眉山建婚姻家庭辅导室,7月12日，张琳和彭华（化名）把“家里事”搬到青神县婚姻家庭辅导室，“想请教如何经营婚姻”。 近年来，眉山市东坡区、青神县先后被民政厅纳入省级婚俗改革实验区。为深入推进民政领域移风易俗，眉山市印发《眉山市民政领域移风易俗三年行动实施方案》，通过激发“五社联动”活力、整合社会资源等方式，将婚俗改革同基层治理有机结合，把宣传新时代文明风尚和引导群众喜事新办简办等内容纳入村规民约（居民公约），规范婚事办理标准，营造移风易俗社会氛围。 设置在眉山市6个婚姻登记机关的婚姻家庭辅导室是眉山推动婚俗改革的探索之一。在辅导室里，心理咨询师、律师、社工等专业团队担任辅导员，对婚姻家庭有关问题进行辅导，今年共开展婚姻家庭辅导服务8000余人次，离婚调解2031对，成功劝和1182对。（白杨 曾永丽 邓莎 四川日报全媒体记者 张蒙）,360,http://sc.people.com.cn/n2/2023/0722/c345167-40503357.html,婚姻登记;婚姻;离婚;婚俗
People.cn,2023-07-24,《对话人民法官》之离婚案件中的子女抚养权,"主持人： 亲爱的人民网网友大家好！欢迎收看《对话人民法官》栏目，今天做客我们访谈间的是：四平市梨树县人民法院王鹤法官。 主持人： 今天王贺法官给我们分享的是的离婚案件中子女抚养权的话题，下面我们有请王贺法官。 王鹤： 离婚之诉是一种复合之诉，不仅涉及夫妻关系的解除，共同财产的分割，还涉及到父母与子女的隔离。今天，我们就从民法典婚姻家庭编的角度，谈谈子女抚养权的法律问题。 原告李某与被告张某系经人介绍相识，于2014年登记结婚，同年生育男孩张某博,现9周岁；2016年生育女孩张某涵,现7周岁,共两名子女。婚后双方感情尚可。2020年，张某因交通肇事被判缓刑2年并进行赔偿。因家中变故，李某选择离家出走，双方分居至今。2023年，李某向法院提起诉讼，要求与张某离婚。 考虑到是家庭纠纷，尤其涉及到子女抚养问题，我对案件进行了调解。离婚案件主要考虑三个方面的问题： 依据：《民法典》1079条第二款“人民法院审理离婚案件，应当进行调解；如果感情确已破裂，调解无效的，应当准予离婚”。第三款“有下列情形之一，调解无效的，应当准予离婚：(四)因感情不和分居满二年。” 李某在张某发生交通肇事后没有选择与张某共渡难关，而是抛下两个孩子离家出走近3年，一去不回，可见双方夫妻感情已经达到了确已破裂的程度，符合了应当准予离婚的法定情形，而且经询问，双方也均表示同意离婚，所以该起离婚案件是应当准予离婚的。 ——子女抚养权归属及抚养费用问题。依据：《民法典》1084条“离婚后，父母对于子女仍有抚养、教育、保护的权利和义务。”在多数存在两名未成年子女的离婚纠纷中，一般都是父母双方各抚养一名子女，且互相抵消抚养费。但是在这起离婚案件中，女方离家时将两个孩子无情抛下，可见并不是一位很负责任的母亲。在此期间两个孩子均由爷爷、奶奶帮忙照顾，而且我们了解到母亲李某目前没有稳定的住所及收入，很难保障两个孩子的正常学习和生活。所以我认为孩子与父亲共同生活更有利于其健康成长。《民法典》1084条“子女已满八周岁的,应当尊重其真实意愿。”因男孩张某博已满8周岁，在与张某博进行询问后，张某博表示愿意和父亲一起生活。最终在我们调解下，确定两名子女均由父亲张某抚养，母亲李某每月支付抚养费2000元。 ——夫妻共同财产、债权及债务。本案中男女双方并无夫妻共同财产、债权及债务，所以也就不作处理。 主持人： 王法官，能不能给我们说一下，为什么选择讲解这个案例？ 王鹤： 离婚案件大多会涉及未成年子女抚养问题。父母对未成年子女有法定的抚养义务，而支付抚养费是履行这一义务的主要方式。抚养费对于保障未成年子女的基本生活、维护未成年子女的利益及社会的和谐稳定都具有重要意义。 主持人： 王法官，刚才说到抚养费，抚养费都包含哪些费用，抚养费的数额又应该如何确定？ 王鹤： 《最高人民法院关于适用 婚姻家庭编的解释（一）》第42条：民法典第一千零六十七条所称“抚养费”，包括子女生活费、教育费、医疗费等费用。 第49条：抚养费的数额，可以根据子女的实际需要、父母双方的负担能力和当地的实际生活水平确定。 抚养费，一般来讲，是指父母离婚后不直接抚养子女的一方应负担部分或全部的子女的生活费、教育费和医疗费等费用。 关于抚养费的支付标准，以有利于子女的健康成长为需要。如果夫妻双方能协商达成一致意见的可以按照协商的金额。不能协商达成一致意见的，可以由法院判决。在计算抚养费数额时，法官通常会考虑三个方面，首先是子女的实际需要，其次是父母双方的负担能力和当地的实际生活水平。 主持人： 王法官，离婚时确定抚养费数额后，还可以再调整吗？ 王鹤： 《民法典》第1085条：离婚后，子女由一方直接抚养的，另一方应当负担部分或者全部抚养费。负担费用的多少和期限的长短，由双方协议；协议不成的，由人民法院判决。 前款规定的协议或者判决，不妨碍子女在必要时向父母任何一方提出超过协议或者判决原定数额的合理要求。 《最高人民法院关于适用 婚姻家庭编的解释（一）》第58条：具有下列情形之一，子女要求有负担能力的父或者母增加抚养费的，人民法院应予支持：（一）原定抚养费数额不足以维持当地实际生活水平；（二）因子女患病、上学，实际需要已超过原定数额；（三）有其他正当理由应当增加。 主持人： 王法官，抚养费的请求权主体是谁？ 王鹤： 《民法典》第1067条第1款：父母不履行抚养义务的，未成年子女或者不能独立生活的成年子女，有要求父母给付抚养费的权利。 请求支付抚养费或者调整抚养费的主体包括两类人，一是为未成年子女，即不满18周岁的未成年人；第二种是不能独立生活的成年子女。起诉要求支付或者调整抚养费的，应当以未成年子女或者不能独立生活的成年子女作为原告，有抚养权的父或母作为其法定代理人。 主持人： 王法官，主张抚养费的期限受限吗？ 王鹤： 《民法典》第一百九十六条：下列请求权不适用诉讼时效的规定：（三）请求支付抚养费、赡养费或者扶养费； 在多数情形下，诉讼时效期间为三年。但也有一些请求权是不受诉讼时效限制的，请求支付抚养费就是其中的一种。在涉及抚养费纠纷的案件中，有很多案件都是未获得孩子抚养权的一方在支付孩子一段时间的抚养费后，就未再按照《离婚协议》按时足额地向未成年子女支付抚养费。这种情形下，子女可以起诉父或母支付抚养费。未成年子女或者不能独立生活的成年子女向父或母主张支付抚养费是不受诉讼时效的限制的。即便是经过了三年以上的期间才首次主张父或母支付抚养费，对方也不会获得抗辩权。 主持人： 王法官，如果一方拒绝探望，另一方可以以此拒付抚养费吗？ 王鹤： 《民法典》第1086条：离婚后，不直接抚养子女的父或者母，有探望子女的权利，另一方有协助的义务。 夫妻双方离婚后，不直接抚养子女的一方有义务向未成年子女或者不能独立生活的成年子女支付抚养费，但是也享有探望子女的权利，这是法律明文规定的权利，抚养子女的一方负有协助对方探望的义务。 如果抚养子女的一方拒不履行协助探望的义务，拒绝让另一方探望孩子，另一方也不能因此而拒绝支付抚养费。抚养费与探望权是两种不同的法律关系，二者之间没有必然的联系，即便对方阻止探望子女，也不能以此为由拒绝支付抚养费。 对于一方拒不履行协助探望的义务，另一方可以另行起诉，要求行使探望权。 主持人： 王法官，关于未直接抚养子女一方的父或者母，您有什么想说的吗？ 王鹤： 抚养费有限额，但对子女的爱没有限额。离婚已经给子女带来了一次伤害，希望未直接抚养子女一方的父或者母能够主动履行抚养义务，按时足额支付抚养费的同时，也能够在时间和情感上给予子女更多关怀，保障孩子的健康成长，避免因抚养问题给孩子带来二次伤害。",2745,http://jl.people.com.cn/n2/2023/0724/c349771-40505310.html,婚姻;结婚;离婚;夫妻
People.cn,2023-07-24,婚姻变“买卖”？韩媒：韩跨国“情侣”从见面到婚礼平均需5.7天--韩国频道--人民网,【环球时报驻韩国特约记者 刘信】自2010年以来，越来越多40-50岁的韩国男性选择与越南或其他东南亚国家的年轻女性组成跨国婚姻家庭，定期给妻子的娘家汇款。而为提高生育率，韩国部分地方政府还制定了《国际婚姻援助条例》，为跨国婚姻的家庭补贴数百万甚至上千万韩元。 然而在韩国，跨国婚姻似乎更像是“跨国买卖”，不仅行业乱象丛生，甚至还出现了新娘获得韩国国籍后就人间蒸发的情况。据韩国《首尔新闻》23日报道，相关调查结果显示，这些跨国“情侣”从见面到婚礼平均只需5.7天。与此同时，中介公司收取韩国人的费用平均为1372万韩元（约合7.7万元人民币），外籍配偶要付的手续费仅为69万韩元。 韩国统计厅的资料显示，去年有3319对韩国男性和越南女性结为夫妻，其中首次结婚为2250对、再婚1069对，而同年韩国女性和越南男性的结婚登记情况仅为586对，其中再婚约占95%。 对此，《首尔新闻》报道称，与韩国人结婚的外国人可获得结婚移民签证，在获得上述签证后，只需在韩国停留两年以上便可申请永久居留权。外国女性即使离婚，也可以申请永居权。同时，与韩国男性结婚的外籍女性，若在获得韩国国籍后选择离婚，随后与外籍男性再婚，该外籍男性也可以因此拥有韩国国籍。 韩国《每日经济新闻》称，越来越多无证跨国婚姻中介公司也助长了欺诈性婚姻。国际婚姻受害中心代表安宰诚在采访中表示：“仅去年一年我们就接到了300起左右的跨国婚姻诈骗咨询，2021年只有150起左右。” 51岁的农民尹某表示自己10年前曾与一名越南女性结婚，但3个月后妻子便离家出走。尹某说：“介绍妻子的中介公司属于无证经营，因此无法索要补偿。” 《首尔新闻》报道称，此前因20多岁的越南妻子在结婚一个月后便离家出走，一名40多岁的韩国男子向法院提出婚姻无效诉讼，但法院却以女性可因语言障碍、文化不适应、落差太大放弃婚姻生活为由判处诉讼无效。 除此之外，若已经入籍的外国新娘在丈夫家暴的情况下离婚，仍可保留国籍，等待两年后可与外国人再婚。然而，被判家暴的韩国男性若想再次踏入跨国婚姻，需要等待5年。 有不少批评人士建议，为维护公平，离婚的入籍外国人士选择与外国人再婚时，至少要限制5年以上。,915,http://korea.people.com.cn/n1/2023/0724/c407864-40042115.html,结婚登记;婚姻;结婚;离婚;再婚;婚约;夫妻;配偶;情侣;婚礼;家暴
People.cn,2023-07-24,男子被“知心大姐”介绍对象 4年被诈骗28万,近日，刘先生将一面印有“破案神速，千恩万谢”的锦旗送资阳市公安局雁江区分局丹山派出所，以感谢民警侦破诈骗案件，并帮他追回全部财物，挽回了经济损失。 原来，2019年12月，受害人刘先生被家人催婚，情急之下，找到了40多岁的“知心大姐”张某介绍女朋友。张某满口答应，随后将一个“陈某美”的微信号推送给受害人刘先生，声称是和“陈某美”同在德阳某药企一起工作，是自己在厂里带的“徒弟”。跟着自己学技术的女生人很单纯，家境尚好，没有不良嗜好。刘先生没有料到的是，这个叫“陈某美”的微信竟然是犯罪嫌疑人张某自己的微信小号，“知心大姐”正一人分饰两角，和自己“谈恋爱”。由于现实中犯罪嫌疑人张某和受害人认识，嫌疑人不仅熟知刘先生的情况，还比较了解他的喜好，说话总是能一语中地。没过多久，“陈某美”便在微信中与刘先生确定了男女朋友关系。 随后的1年里，犯罪嫌疑人张某依靠“高明的话术”，不仅获得了刘先生的信任，而且其“懂事、明礼”的性格还赢得了刘先生父母的欢心。两人关系逐渐“固定”下来后，刘先生虽然没有亲眼见过远在德阳某大型药企工作的女友一面，甚至没有和她通过一次电话，但情感上已经有了依赖。慢慢地，这个“陈某美”遇到了一些生活上的困难，比如这个月要买东西，下个月自己或家人生病住院，年底要给女方父母买东西，女友到北京进修花销太大……种种理由都是，需要男友打款给她。 到了2023年初，这笔花销滚雪球一样，4年间达到了惊人的28万余元。而随着微信转款的监管越来越严格，大额转账要求输入对方的实名。而在一次微信转账过程中，由于一次转账金额达到2千，刘先生发现转过去的账户如果输入女友“陈某美”则无法转账，而输入介绍人“张某”的名字则可以，刘先生第一次产生了稍许怀疑。 但真正让刘先生明白自己被骗的是，2023年以来，刘先生反复提出想见面，犯罪嫌疑人张某感觉编不下去了，就编造了“疫情期间，自己反复住院，身体太差得了癌症，马上快死了”的理由。 “见面就要癌症死，不见面就继续要钱！”眼见事情越来越荒唐，刘先生终于在今年4月下定决心，到丹山派出所报警。经过警方缜密侦查，发现刘先生确实被骗，犯罪嫌疑人张某虚构的“陈某美”根本不存在，于是，警方到德阳广汉市将犯罪嫌疑人张某抓获，并追回了全部被骗财产。 目前，犯罪嫌疑人张某已被分局采取了刑事强制措施，案件正在进一步侦办中。（刘云涛）,981,http://sc.people.com.cn/n2/2023/0724/c379469-40505159.html,催婚;恋爱;对象
People.cn,2023-07-25,江西信丰：“低彩礼”“零彩礼”集体婚礼引领婚俗新风尚,7月23日，由江西省赣州市信丰县新时代文明实践促进中心、信丰县妇女联合会、共青团信丰县委员会、正平镇新时代文明实践所联合主办的首届“低彩礼”“零彩礼”集体婚礼热闹举行。当天，来自该县的6对新人携手共赴婚姻殿堂，倡导“移风易俗、婚事新办”新理念，引领文明节俭的婚嫁新风尚。 婚礼现场，伴随着浪漫的音乐旋律，6对新人在亲友、嘉宾的注目中，缓步红毯，走向舞台。婚礼仪式上，新人们共同宣誓并进行了心连心小游戏，现场洋溢着欢乐喜庆的氛围。据悉，此次参加婚礼的6对新人全部是“低彩礼”“零彩礼”的践行者，他们从优办理登记手续，从简安排婚俗礼仪，营造了简朴、文明、和谐的婚嫁氛围，进一步推动当地形成婚事简办、新办新风尚。 “6对新人以自己的实际情况为正平青年们作了表率。下一步，正平镇将常态化开展形式多样的新时代文明实践活动，全面推进新时代文明实践暨移风易俗工作。”正平镇党委委员、宣传统战委员卢佳楠说道。 近年来，信丰县深化农村精神文明建设，积极倡导婚事新办、喜事简办的新婚俗理念，传播文明乡风，推动移风易俗落地见效，让新时代文明实践之风在信丰大地蔚然成风。（李正润、刘光良）,482,http://jx.people.com.cn/n2/2023/0725/c186330-40506530.html,婚姻;彩礼;婚俗;婚嫁;婚礼
People.cn,2023-07-29,中国证监会：上市公司大股东、董监高不得以离婚等任何方式规避减持限制--经济·科技--人民网,针对今年中国A股出现多起上市公司股东因离婚分割股份的有关事宜，中国证监会有关部门负责人28日表示，上市公司大股东、董监高(董事、监事和高级管理人员)不得以离婚等任何方式规避减持限制。 今年以来，包括三六零安全科技股份有限公司(下称“三六零”)在内的多家A股上市公司被质疑利用离婚等方式变相减持股份。今年4月4日，三六零发布公告称，公司实际控制人周鸿祎与胡欢已办理解除婚姻关系手续，周鸿祎拟将约4.47亿股股份分割至胡欢名下。在此之前，三六零因人工智能等概念股价大涨。上述股份分割被部分投资者质疑为变相减持套现。 对此，上述负责人表示，证监会已关注到相关情况。股份减持是股东享有的基本权利，但上市公司大股东(即控股股东、持股5%以上股东)、董监高作为“关键少数”，在公司经营发展、治理运行中负有专门义务和特殊责任，应当切实维护上市公司和中小股东利益，自觉规范减持行为，不得以离婚、解散清算、分立等任何方式规避减持限制。大股东、董监高因离婚、法人(或非法人组织)终止、公司分立等形式分配股份的，各方应当持续共同遵守《上市公司股东、董监高减持股份的若干规定》《上市公司董事、监事和高级管理人员所持本公司股份及其变动管理规则》及交易所相关业务规则中关于股份减持的有关规定。 该负责人表示，下一步，证监会将督促上市公司大股东、董监高严格落实监管要求，发现违法违规的将依法依规严肃处理。 (记者 陈康亮),596,http://finance.people.com.cn/n1/2023/0729/c1004-40046275.html,婚姻;离婚
People.cn,2023-07-31,合山法院：司法建议化解虚假婚姻登记行政案,近日，合山市人民法院审结一起撤销婚姻登记的行政诉讼案件，当事人蒙小花（化名）三十三年前“被结婚”，如今面临“重婚”窘境。合山法院仔细研判，发出2023年首份撤销婚姻登记司法建议书，化解了当事人的“揪心事”，实现了社会效果和法律效果的统一，成为合山市加强附院联动，巧用司法建议实质性化解行政争议的又一典型。 1990年，罗某与蒙小芳（化名）决定登记结婚，但由于文化水平有限，误将妹妹蒙小花的信息作为蒙小芳的信息，到合山市岭南镇民政办办理了婚姻登记。2023年，蒙小芳欲与罗某离婚，才发现自己并非罗某的“合法妻子”。而妹妹蒙小花也已于2007年以新名蒙小华和丈夫登记结婚。为了尽快消除自己的“重婚”嫌疑，蒙小花到合山法院提起行政诉讼，申请撤销与罗某的婚姻登记。 承办法官经审查发现，被诉婚姻登记行为发生于1990年，根据《行政诉讼法》及解释的相关规定，婚姻登记类案件最长起诉期限为五年，而蒙小花于2023年起诉，已经远超了最长起诉期限，故依法只能驳回蒙小花的起诉。 虽然依法结案了，但当事人的问题没有得到根本解决，行政争议并未得到实质性化解。本着以为人民办实事的宗旨，承办法官决定采取进一步措施化解纠纷，减小错误婚姻登记对各方当事人造成的影响。 为避免程序空转，实质性化解行政争议，维护当事人合法权益，承办法官及法助根据材料信息，实地走访了村委核实真实情况，并积极与民政部门沟通协调，依据最高人民法院、最高人民检察院、公安部、民政部2021年11月18日印发的《关于妥善处理以冒名顶替或者弄虚作假的方式办理婚姻登记问题的指导意见》，依法向合山市民政局发出了撤销婚姻登记的司法建议书，建议民政局在核实后及时撤销罗某与蒙小花的结婚登记。 合山市民政局收到司法建议书后，及时安排工作人员进行了核查，并按照法定程序撤销了罗某与蒙小花的婚姻登记，至此，一起涉虚假信息婚姻登记的行政诉讼案件在合山法院和民政局的通力合作下得到实质性化解，实现了案结事了。 行政审判一头连着人民群众，一头连着行政机关，既是解决行政争议的司法程序，也是密切联系群众的重要渠道。合山法院将进一步充分发挥行政审判工作效能，加强府院联动，促进行政与司法良性互动，探索行政争议多元解纷机制，推动行政争议源头治理和实质性化解，为法治政府建设不断提供优质服务和坚强保障。（潘晓丹）,965,http://gx.people.com.cn/n2/2023/0731/c390645-40513803.html,婚姻登记;结婚登记;婚姻;结婚;离婚;重婚
People.cn,2023-07-31,梨树县人民法院：悉心调解化纠纷 返还彩礼促和谐,7月25日，梨树法院孤家子法庭顺利调解一起离婚案件。经办案法官耐心调解，双方自愿达成调解协议，女方当庭退还彩礼5万元，案结事了。 2022年1月，男方与女方经人介绍相识，后确定恋爱关系，于是双方进行订婚事宜，按习俗约定给予女方彩礼20万元以及三金和一套房子。当年6月，男方与女方登记结婚。婚后因双方性格不投，感情不合，未能建立起良好的夫妻关系，遇事总是产生矛盾。男方向法院起诉离婚，同时要求女方返还20万元彩礼款。 案件受理后，办案法官第一时间了解相关情况。在详细了解案件经过后，考虑到双方对彩礼返还等有一定分歧，若处理不当，矛盾有可能进一步激化。在调解的过程中，女方表示“彩礼是成家之后我们共同花销的，哪里还有20万元了，而且我们结婚了，为什么返还给他彩礼呀。”办案法官见状后，积极引导双方换位思考，并结合相关法律及司法解释，从情、理、法角度入手，认真细致做双方思想工作，建议双方各自适当让步。在法官的耐心调解下，双方达成调解协议，女方当即返还彩礼5万元。 下一步，梨树法院将继续贯彻司法为民的理念，强化矛盾纠纷诉前治理，从源头上减少案件的数量，努力把矛盾化解在基层、化解在萌芽状态。（梨树县人民法院）,502,http://jl.people.com.cn/n2/2023/0731/c349771-40513872.html,结婚;离婚;彩礼;恋爱;夫妻
CCTV,2023-08-08,结婚启事登报：年轻人“纸短情长”的复古浪漫,“我们正式结为夫妻，愿修百年之好，共赴白头之约！特此敬告亲友，亦作留念。”近期，结婚登报在一些年轻人中悄然兴起，不少新婚夫妻通过在报纸上刊登结婚启事宣布喜讯。短短几行字，让人们体味“纸短情长”的韵味。 7月25日，29岁的孙国太与相恋三年的爱人杨女士领证结婚，他们的结婚启事刊登在了当天的《深圳晚报》上。“结婚登报是一种既复古又新潮的浪漫，很有纪念意义。”孙国太说，他提前两周就在报社微信公众号上预约了登报服务，希望能给爱人惊喜。 结婚登报并非新生事物。在民国时期，由于当时婚姻法和婚姻登记制度尚不完善，而刊登在报纸上的结婚启事具有一定法律效力，结婚登报曾风靡一时。不少人登报将喜事公之于众，与远近亲友分享喜悦。 如今，这种极具年代感的方式再次受到欢迎。“看到自己的结婚启事出现在报纸上特别激动，仪式感拉满了。”杨女士说。 在一些年轻人眼中，相较于朋友圈、微博等社交媒体，在报纸上公布喜讯显得更加正式。同样选择在报纸上刊登结婚启事的陈晓宇说，这份白纸黑字的承诺更像是他们夫妻二人白头偕老的宣誓。 与孙国太秘密筹划给妻子惊喜不同，结婚登报是陈晓宇与丈夫的共同决定。领证当天拿到报纸后，两人就迫不及待地把印着结婚启事的那一版裱起来，摆在家里显眼的位置。 “报纸会被收录起来，许多年后人们翻看它还能读到我们的爱情故事。”28岁的陈晓宇说，登报结婚不仅是定格当下的浪漫，更是激励年轻人在未来漫长的岁月里像老一辈那样去用心经营婚姻。 便捷的操作流程降低了年轻人结婚登报的门槛。据了解，他们可以在支付宝或微信小程序上的第三方服务平台选择所在城市报纸，定制见报图文并完成线上付款，便可坐等报纸快递上门；也可通过电话、微信留言等方式直接联系意向媒体。 “对正在经历数字化转型的媒体来说，结婚启事业务重新链接起了市民与报纸的互动关系。这对报社来说当然是一次流量利好，也为我们开拓了一种融媒转型的新思路。”深圳报业集团副总编辑、《深圳晚报》总编辑叶晓滨说。 记者注意到，越来越多报社推出刊登结婚启事的服务。据了解，《深圳晚报》自7月6日通过微信公众号推出刊登结婚启事的服务后，当天就接到了800多人次的咨询，截至目前已有上百人下单预约。在宁夏出版发行的《新消息报》也于7月底定制化地为读者在版面上开辟“一席之地”，以更好满足人们的需求。 “对我们来说登报并不在于昭告天下，更多的是给彼此一个承诺，希望通过这种方式能在这个快节奏的时代留下我们的痕迹。”陈晓宇说。 （记者白舸 艾福梅）,1031,https://news.cctv.com/2023/08/08/ARTIYsM6IqOVqh3ocRG3KiLB230808.shtml,婚姻登记;婚姻;结婚;夫妻
People.cn,2023-08-09,倡婚俗、树新风！宝山区开展结婚登记主题颁证活动,8月历来是结婚登记的高峰期，8月8日谐音“发发”，是个备受新人们青睐的好日子。为推进婚俗改革，倡导文明新风，宝山区民政局联合区妇联共同开展“倡婚俗为幸福‘加油’ 树新风为喜事‘减负’”结婚登记主题颁证活动。 三伏酷暑天，相约登记领证，在高温下许下终身的“诺许”，这一定是真爱！本次活动特别邀请了“海上最美家庭”获得者王美珍担任颁证员为新人们颁发结婚证书，引导新人们宣读结婚誓词，倡议新人们响应婚俗改革，倡导婚事新办简办，弘扬文明婚俗新风，向新人们传递了爱国爱家、相亲相爱、向上向善、共建共享的社会主义家庭文明新风尚。多对新人纷纷表示会用心经营婚姻，传承优良家教家风，携手迈向未来幸福生活。 活动现场充满甜蜜爱意。在“秀出幸福瞬间”环节，新人们记录幸福瞬间，分享幸福经历，并将故事编入《宝山区爱的范本——99个幸福时刻》。在制作“爱”的小锤锤环节，新人们使用艾草、麻绳等材料亲手制作小锤子，体验传统手工制作的温暖与精致，用它互相敲打解乏，促进夫妻感情。在“鸿雁传书”环节，新人们写下情书，记录幸福时刻，并将在次年的8月8日收到，重温领证那一刻的结婚初心，为爱“加油”。 近年来，宝山区民政局持续推进婚俗改革，注重家庭家教家风建设，在结婚登记高峰日开展主题宣传活动，为新人颁证，为幸福加油，为喜事减负，引导新人树立正确的婚姻家庭观念和新时代文明“新婚尚”。,576,http://sh.people.com.cn/n2/2023/0809/c134768-40525610.html,结婚登记;婚姻;结婚;婚俗;相亲;夫妻
People.cn,2023-08-14,云南省内地居民婚姻登记“全省通办”,近日，云南省民政厅印发《云南省内地居民婚姻登记“全省通办”试点实施方案》，决定从8月15日起在全省范围内开展云南省内地居民婚姻登记“全省通办”试点。 自8月15日起，双方或一方当事人常住户口所在地为云南省内的居民，部队驻地、入伍前常住户口所在地或另一方当事人常住户口所在地为云南省内居民的现役军人，可就近就便在省内任意一个县（市、区）婚姻登记机关申请办理结（离）婚登记。 申请办理省内跨区域离婚登记的，应满足婚姻登记信息系统可查询到当事人结婚登记信息或者经联系原办理结婚登记机关可查询到结婚登记档案，且系统信息、档案记录与当事人所持证件证明材料记载信息一致条件。补领婚姻登记证仍按原方式和渠道办理。边民，涉外、涉港澳台居民和华侨等婚姻登记暂不列入“全省通办”范围。乡（镇）婚姻登记机关暂不办理跨区域婚姻登记。 省民政厅相关负责人介绍，此项工作是省民政厅在主题教育中践行为民办实事的务实举措。2022年，云南省已在昆明、玉溪、红河、大理等4地开展州（市）内跨区域结婚登记通办试点，截至2023年5月，全省所有州（市）均已实现结婚登记州（市）内通办。（郎晶晶）,478,http://yn.people.com.cn/n2/2023/0814/c378439-40530213.html,婚姻登记;结婚登记;婚姻;结婚;离婚
People.cn,2023-08-14,带您走进婚姻登记中心，了解“跨省通办”……,“欢迎大家来到虹口区民政局婚姻（收养）登记中心，中心占地面积926㎡，设有结婚登记大厅、离婚登记处、颁证厅等区域……”为进一步畅通政民互动渠道，提升政务服务水平，近日，区婚姻(收养)登记中心举行“虹口婚登政开放·相约八月零距离”政府开放日活动，来自社区、法律界、社会组织等多个领域的市民参与了此次活动。 当天，中心工作人员先带领大家参观了婚登中心，从婚姻登记流程、婚姻登记员配置、婚姻家庭文化宣传、便民服务设施等方面逐一进行介绍。中心温馨整洁的办事环境、高效有序的办事流程、与时俱进的婚姻家庭辅导形式等都给参观人员留下了深刻印象。 “中心二楼设有两个风格不同的颁证大厅，两个厅都设有亲友席。很多新人来领证时，会带上亲朋好友，一同见证这个神圣的时刻！”参观颁证厅时，参观者还充当了一回临时“亲友团”，现场见证了“跨省”新人办理结婚登记的全过程。 最后，中心工作人员与参观者面对面座谈，向大家普及婚姻登记“跨省通办”的政策。大家就婚姻登记中涉及到房产等专业领域的问题，向工作人员进行咨询。 据悉，6月1日起，上海市婚姻登记开始实施“跨省通办”，双方均非本市户籍也可持居住证及身份证、户口簿等常规证件进行登记。截至7月31日，区民政局婚姻（收养）登记中心共办理结婚登记1961对，其中跨区通办668对，跨省通办72对。,556,http://sh.people.com.cn/n2/2023/0814/c134768-40531069.html,婚姻登记;结婚登记;婚姻;结婚;离婚
People.cn,2023-08-16,为爱减负 乐平市涌山镇整治高价彩礼纪实,“遏制高价彩礼，倡导文明新风”“嫁女何须高彩礼，女婿也是半个子”“拒绝高价彩礼，让婚姻回归本质”……初秋时节，走进乐平市涌山镇，抵制高价彩礼的横幅、海报随处可见，移风易俗的文明新风扑面而来。 近年来，乐平市涌山镇把推动移风易俗、治理高价彩礼作为加强精神文明建设、巩固拓展脱贫攻坚成果、实施乡村振兴战略的重要内容，大力开展整治高价彩礼专项行动，取得较好成效。 “横山村高价彩礼问题比较严重，村民反映强烈。我认为要做好农村未婚青年的摸排，对高价彩礼现象做到早发现、早介入、早劝导”“高价彩礼现象在东岗村时有发生，我觉得应该发动妇女的宣传力量，这样有可能取得更好的效果……”今年2月，一场别开生面的“抵制高价彩礼，倡导文明新风”座谈会在涌山镇政府召开。座谈会上，干部群众踊跃为整治高价彩礼建言献策，气氛热烈。 高价彩礼是一种陈规陋习，不仅加重群众负担，且极易衍生矛盾纠纷，破坏家庭和谐、社会稳定。如何有效遏制高价彩礼等陈规陋习蔓延势头？今年，涌山镇出台治理高价彩礼、推进移风易俗专项行动实施方案，建立完善移风易俗落实机制，大力宣传倡导“三个一”（彩礼10万元以下、每桌酒席1000元以下、婚宴随礼100元），凝聚全镇群众共识，群策群力向高价彩礼亮剑。 “我是一名党员，必须带头抵制高价彩礼。”前不久，涌山镇涌山村党支部书记王祥勇的儿子订婚，他主动与儿子的女友王华一家提起抵制高价彩礼的话题，没想到获得王华及其父母的理解，女方最终只要了1.8万元彩礼。王华表示，她非常认同政府倡导移风易俗、破旧立新，婚姻更重要的是爱情，而不是彩礼。 在整治高价彩礼的过程中，涌山镇要求镇干部和村两委干部率先签订抵制高价彩礼承诺书，带头弘扬文明新风。如今，党员干部以身作则带头移风易俗，在涌山镇成为一种常态。今年4月，涌山镇人大副主席汪敏霞结婚时“零彩礼”，在当地传为美谈。 与记者谈及当时的想法，汪敏霞说：“国家倡导树立婚俗新风，我作为基层干部更要以身作则。希望我的行为，能对抵制高价彩礼起到示范作用。” “‘嫁女择佳婿，娶媳求淑女’，千万不要让高价彩礼绑架了美好婚姻……”8月8日上午，作为涌山镇“妈妈团”志愿者协会的一名志愿者，汪丽霞带领多名志愿者，顶着骄阳来到涌山村进行抵制高价彩礼宣传。 汪丽霞告诉记者，拥有90多名志愿者的“妈妈团”，成员遍布每个村小组，推动抵制高价彩礼宣传覆盖全镇每一个角落。同时，“妈妈团”还联合民政部门，建立了全镇范围内适婚青年电子台账，为适婚青年相识相知相爱架起桥梁，将服务与宣传融为一体。 官口村村民朱来新的女儿朱雅婷结婚，彩礼8.8万元；车溪村村民余长金女儿余红出嫁，礼金6.8万元；里村即将步入婚姻殿堂的张俊杰和万美玲，双方家庭商定彩礼6.8万元……今年以来，通过镇村干部、志愿者上门宣传以及党员干部以身作则等，涌山镇适婚青年响应政府号召，主动签订抵制高价彩礼承诺书并付诸行动。与男友约定彩礼3.18万元的枫林村“90后”女青年王原宏由衷地说：“年轻人的幸福生活是靠自己奋斗出来的，不能让高价彩礼压垮了父母的肩膀。只有全家人幸福，才是真的幸福。” 据统计，今年2至5月，涌山镇有26对新婚夫妇抵制高价彩礼。“不要高价彩礼要幸福”，成为年轻人的新风尚。（全媒体记者 王景萍）,1344,http://jx.people.com.cn/n2/2023/0816/c186330-40532880.html,高价彩礼;婚姻;结婚;彩礼;婚俗;适婚
China News Service,2023-08-17,当代年轻人恋爱困境：社交圈固定、宅、不善表达列前三,当代年轻人恋爱困境：社交圈固定、宅、不善表达位列前三 面对恋爱这件事，当下一些年轻人表现出随缘的态度，认为“该来的总会来”，平时不积极主动社交。有的年轻人虽然想脱单，但却因为没时间、社交圈窄等原因在原地打转，脱单无期。年轻人普遍面临哪些恋爱难题？ 日前，中国青年报社社会调查中心联合问卷网(wenjuan.com)，对2004名单身青年进行的一项调查显示，社交圈固定、宅、不喜社交和不善于表达是年轻人恋爱交友的三重困境。58.7%的受访青年期待共青团积极举办交友活动，拓展青年交友圈，48.2%的受访青年建议大学开好恋爱课，帮助青年建立正确的恋爱观。 受访单身青年中，00后占31.6%，95后占26.6%，90后占28.7%，85后占13.1%。男性占45.9%，女性占54.1%。 很多年轻人被自己“困”住了，害怕犯错和失败 山东聊城95后包工头刘起，原是一名建筑工人。他说工地几乎没有女性，而且平时没什么休息日，没时间谈恋爱，想约会还得请假。“我们这个行业的年轻人不好找对象，又累又没有什么社交，没结婚的不爱来。” 北京某高校博士生张家凯坦言，平时学术压力不小，交友圈子相对窄，每天面对的多是同年级、同专业或同研究方向的同学，80%都是博士生。“社交圈的固定让我难以打破交友僵局。” 90后熊远在一家外贸公司就职，交往过的几任女友都因各种原因分开了。他感觉身边一些年轻人想谈恋爱，可缺少时间。他还吐槽，现在生活压力大，不少年轻人在空闲时已经没有什么精力和欲望考虑其他事情，只想一个人放松。“而且交朋友不是立刻就能解决的事情，自己一个人说了也不算，最终就会让自己当下怎么舒服怎么来。” 他还指出，一些年轻人的恋爱择偶标准有点“自相矛盾”，“期待对方有颜值、条件好，总在挑挑拣拣，但自己却什么都没有。要明白感情是双向选择，要想清楚自己看重什么、想找什么样的人。” 同时他分析，学历的普遍提升也会推迟年轻人进入婚姻的年龄。“以前年轻人通常是在20几岁步入社会，现在读完硕博研究生，基本30岁左右了，再规划人生大事，自然而然就会推迟，而且还会面临职业发展方面的选择，也会影响婚恋决定。” 00后大学生朱莹莹去年和男友走到了一起。她觉得，很多年轻人是被自己“困”住了，害怕犯错和失败，在感情面前考虑得太多。“现在一些人活得太小心翼翼了，担心对方太花心，对感情不忠诚；害怕自己处理不好感情，不能成熟地恋爱；甚至考虑很久以后买房、生小孩的事情……还没开始就担心可能失败，这是一种回避问题的方式，反而因噎废食。” 当代年轻人面临哪些恋爱困境？数据显示，社交圈子固定(50.7%)位列第一，其次是宅、不喜社交(47.5%)，排在第三位的是不善于表达自己(46.0%)。其他问题还有：闲暇时间被网络世界侵占(44.7%)，交友渠道有限(43.4%)，不懂怎么和异性相处(41.7%)，工作忙没时间(29.3%)。 约1/3的受访青年希望搭建国家公益婚恋服务平台 朱莹莹非常期待大学开设好恋爱课程。“辅导员在开学第一课就向我们特别推荐恋爱选修课，当时自己并不觉得有什么用。现在回想起来，课堂上讲的一些方法在恋爱中真的用得到，能让大家学会如何处理亲密关系，在一段感情中不畏首畏尾，坦诚地展现自己。”她还特别希望，在年轻人婚恋方面，宣传更加多元、包容的观念，让年轻人意识到要趁着大好年华谈恋爱。 北京某事业单位单身青年周敏参加过几次青年联谊活动。她觉得，很多人一直单身是因为认识的人有限，相关部门和单位应为年轻人搭建更多交流平台。“像校友会、读书会这些活动挺适合年轻人，能回忆校园时光，共同学习进步。户外活动的形式也很好，但要注意活动项目不能太密集、活动量不能太大，否则大家交流的时间少了，还会觉得很累，参与意愿会降低。” 南京大学社会学院副教授许琪认为，首先，要对年轻人宽容一些，尊重个体选择。其次，要在观念上给予引导，宣传正向的择偶观，让年轻人明白，婚姻生活有风险的一面，也有美好的一面。最后，他认为要为年轻人创造更多的交友机会，打破职业隔离导致的社交圈受限。他特别指出，共青团可以多组织一些帮助青年拓展社交圈的活动，为年轻人提供更多机会。 帮助年轻人恋爱交友，58.7%的受访青年期待共青团积极举办交友主题活动，拓展青年交友圈，48.2%的受访青年建议大学开好恋爱课，帮助青年建立正确的恋爱观，32.9%的受访青年希望搭建国家公益婚恋服务平台，26.6%的受访青年建议加强对婚介机构、交友网站的规范和监管。 中青报·中青网记者 杜园春,1860,https://www.chinanews.com.cn/sh/2023/08-17/10062486.shtml,婚姻;结婚;婚恋;婚介;恋爱;单身;脱单;择偶;对象
China News Service,2023-08-17,超六成受访单身青年认同“恋爱要趁早”,早点走进恋爱关系，56.1%受访单身青年认为能更好建立对爱和两性基本认知 中青报·中青网记者 杜园春 不容易错过一段感情。 日前，中国青年报社社会调查中心联合问卷网(wenjuan.com)，对2004名单身青年进行的一项调查显示，62.3%的受访青年认同年轻人“恋爱要趁早”，受访男性和95后认同度相对更高。56.1%的受访青年认为早点走进恋爱关系有助于建立对爱和两性的基本认知，懂得相处之道，46.9%的受访青年觉得能更清楚什么样的人适合自己。 00后大学生朱莹莹和男友交往一年了。她觉得，应该趁年轻谈一场更加简单纯粹的恋爱。“也许最后会因为各种原因分开，但这段经历能让青涩懵懂的青年尝到爱情的苦和甜，有利于爱情观和婚姻观的塑造。” 1998年出生的胡彦羽进入职场一年了，现在单身。他认为，每个人都有适合自己的恋爱时间，应该在有独立成熟的思想后再开展一段感情。“如果在心智不成熟、不懂得真诚对待感情时就进入了恋爱关系，可能会给对方带来伤害，是对自己和对方的不负责任。” 单身青年张家凯是北京一所院校的博士生，他非常认同早点恋爱比晚恋爱强的观点，认为年轻人应当有走进恋爱的意识，而不是觉得还早、不着急，这样很容易错过一段恋爱。“谈一次恋爱就成功的情况比较少见，经过恋爱才更能明白自己需要什么样的伴侣。” 调查显示，62.3%的受访青年认同年轻人“恋爱要趁早”这个观点。具体来看，受访男性(68.5%)比女性(57.1%)更认同；受访95后认同度最高(67.8%)，受访00后认同度最低(55.9%)。 婚恋专家：现在婚姻问题多，很大一个原因是没能先谈好恋爱 “大学期间有更多可支配的时间和精力，能谈一段恋爱是青春的‘圆满’。”但胡彦羽觉得，即便没谈成也不必强求，更不必感到遗憾。“青春时期的恋爱不一定有结果，也可能给双方带来伤害，还可能给未来的感情发展带来负面影响，比如将一段不完美的恋情当作‘白月光’，割舍不下。” 从事外贸工作的90后熊远则不这么认为。他工作快10年了，交往过三任女友，虽然都分开了，但他认为这些感情经历对自己有启发，让自己更加成熟。“而且年龄越大，考虑得越多，试错成本也更高，结束一段感情就更需要勇气。20几岁时遇到不合适的人，往往能没有负担地放手，而在30几岁时更希望谈一段不分手的恋爱，但这样的可能性并不大。” 相比更晚走进恋爱关系，早点恋爱能给年轻人带来哪些影响？56.1%的受访青年认为能更早建立对爱和两性的基本认知，懂得相处之道，46.9%的受访青年觉得能更清楚什么样的人适合自己，42.5%的受访青年坦言试错成本更低，敢于及时止损。其他还有：体验更加纯粹美好的爱情(39.5%)，更快成熟成长，交友更清醒(38.8%)，享受青春时光，不留遗憾(26.9%)。 杭州市总工会特聘婚恋专家、浙江省心理健康促进会成员凌子觉得，谈恋爱没有早晚之分，但年轻人可以多谈恋爱，在恋爱中学习如何经营两性关系。“没有人教我们怎么谈恋爱，需要在一次次恋爱中积累经验。比如两个人吵架后，可能会反思当时的表达有哪些问题，在总结经验教训中成长和改变。” 凌子指出，现在婚姻问题多，很大一个原因是没能先谈好恋爱。“有些人因为年纪到了，就不得不进入婚姻，但两个人可能恋爱还没谈清楚，婚后没有能力经营好关系，不会好好沟通，导致婚姻生活出现很多问题。” 参与调查的受访单身青年中，00后占31.6%，95后占26.6%，90后占28.7%，85后占13.1%。男性占45.9%，女性占54.1%。 中青报·中青网记者 杜园春,1463,https://www.chinanews.com.cn/sh/2023/08-17/10062484.shtml,婚姻;婚恋;恋爱;单身;伴侣
People.cn,2023-08-17,过半受访单身青年坦言自己在恋爱交友上不够积极,在以前，谈恋爱就像人生的一个必选项，到了年纪就得做。而如今，年轻人的恋爱观念发生改变，更重视自我感受，同时丰富多彩的生活也让他们改变现状的动力不足。 日前，中国青年报社社会调查中心联合问卷网（wenjuan.com），对2004名单身青年进行的一项调查显示，55.6%的受访青年坦言自己在交友上不够积极，受访女性和00后的积极性相对更弱。对于恋爱交友不够积极的原因，58.8%的受访青年指出是因为年轻人思想独立有主见，不愿将就。 婚恋专家：青年该谈恋爱了就要花时间和精力，而不是坐等缘分来 90后熊远在一家外贸公司工作，交往过三任女友，分别因发展城市不同、人生规划不同、共同语言少而分开了。他坦言，现在自己在交友上是随缘的心态，“如果遇到喜欢的女孩儿，我愿意主动聊天、试着相处。但如果直觉告诉我两人可能不太合适，就不想花时间和精力尝试了。” 00后大学生朱莹莹现在和男友交往稳定，但她表示自己曾经在异性交往方面非常不积极，而且身边不少女同学也是如此。“除了上课，就是在图书馆自习，或者和几个女同学约着吃饭逛街，不会主动约异性出来玩。” 工作已经9年的徐嘉近两年会积极参加单位举办的社交活动。“以前不着急，觉得感情不能强求，该来的总会来。可转眼三十多岁了，不免有些着急，想多认识一些新朋友，提高遇到合适的人的概率。” 调查中，55.6%的受访青年确认自己交友不够积极，其中近一成（9.8%）坦言很不积极。交互分析显示，受访女性认为不够积极的比例（58.4%）高于男性（52.4%）；受访00后不积极的比例更高（61.8%），90后相对最低（46.6%）。 杭州市总工会特聘婚恋专家、浙江省心理健康促进会成员凌子提醒年轻人，要积极走进一段恋情。“我始终认为，要在合适的年纪做合适的事情。比如到25岁，该谈恋爱了，就要花时间和精力在这件事情上，而不是认为合适的人还没出现，就等着缘分来。一天天等下去，等年纪大了再想解决恋爱问题会更难。” 为何恋爱不积极，五成受访青年归因于自给自足丰衣足食，没有经济压力 北京某高校博士生张家凯坦言，随着学历的提升和年龄的增长，考虑交友问题会更现实。“现在读到了博士，就希望对方也能有一定的学术水平。而且已过了情窦初开的年纪，对经济情况、未来发展规划、小家的选址、工作单位等现实问题会考虑得更多，感性会服从于理性。” 他还感到，现在的年轻人压力大，更想要安稳的生活，而恋爱交友带有一定的不确定性，甚至是风险性，所以一些人不想改变目前的生活状态。 朱莹莹感到，单身的同学各有各的考虑。有的因为未来的不确定性，就干脆不想甚至排斥谈恋爱，觉得是“浪费时间精力”。有的因为没谈过恋爱，对感情过于谨慎，各种挑剔，不愿降低期待。有的则是享受单身状态，认为“一个人挺好”。有的虽然想交朋友，但认识的异性太少，脱单不易。 对于现在年轻人恋爱交友不够积极的原因，58.8%的受访青年指出是因为思想独立有主见，不愿将就，50.9%的受访青年归因于自给自足丰衣足食，没有经济压力。其他还有：单身生活自在丰富，交往动力不足（46.7%），受婚育压力等影响，逃避问题（41.3%），学习工作繁忙，忽视个人感情生活（37.0%），原生家庭不幸福，对爱情缺少安全感（31.3%）。 凌子指出，现在网络中日常可见的关于婚恋的负面话题会让一些单身青年先入为主地认为婚姻的幸福度不高，进而不向往婚姻了。“我认为应该让年轻人认识到，这些问题往往是因为缺乏生活经验、没有处理好亲密关系而产生的，不该‘一棍子打死’，上来就臆断婚姻没有任何幸福可言。” 她还分析，过去普遍经济条件不高，很多婚姻可能是“抱团取暖”。而现在年轻人物质生活丰富，自己就能生活得很好，这也使他们脱单的动力大大减弱。 58.5%受访单身青年希望恋爱能带来互相欣赏，让自己变得更加自信 随着年龄的增长，熊远已不再渴望热烈、浪漫的爱情，而是向往“平平淡淡的恋爱关系”，“有一个人能和我每天相互问好，休息时聊聊天，周末出门逛逛，品尝特色美食。两个人相知相守，心照不宣，就像一杯泡得刚刚好的茶，味道不会很浓烈，却有余甘。” 工作刚满一年的单身青年胡彦羽，在半年前结束了上一段感情。他觉得，信任和包容在一段感情中相当重要，“这是维系感情的必要条件。”他认为，良好的感情，不应只是物理陪伴，更是心灵上的陪伴。“能同甘，更能共患难。遇到困难时相互宽慰，给予理解和帮助，在生活工作上相互扶持。” 朱莹莹感慨，恋爱让她多了一些安全感，“遇到事情都有人商量。平时一起吃饭、旅游，都让我觉得自己不是孤身一人，在情感上有了依赖。虽然两人会吵架，但也是认清自己、认清对方的一种方式，能够检验对方是不是值得信赖和托付后半生的好伴侣。”她说，恋爱是走向婚姻的一步，自己向往在漫长岁月中相濡以沫、白头到老的爱情。 年轻人希望一段恋爱能给自己带来什么？58.5%的受访青年指出是互相欣赏，变得更加自信，58.1%的受访青年表示是彼此包容，更轻松有安全感，之后依次是：多一份相知与陪伴（48.7%），学习工作上相互扶持（43.8%），提供情绪价值（34.7%），培养和增强责任感（34.6%），为人处世更成熟（30.9%），建立广泛社交（26.7%）。 张家凯觉得，恋爱的主动权归根到底掌握在年轻人自己手里，“如果一个人不想恋爱，谁帮助都不行。有了恋爱意识，但凡有机会，都愿意尝试。” 调查中，64.4%的受访青年认为年轻人要有“走进恋爱”的意识，及时抓住机会、不错“花期”。 凌子指出，现在有关家暴、出轨、冷战之类的网络话题会对年轻人的婚恋观产生干扰，媒体应注意舆论的影响。她还特别强调，谈恋爱是个“技术活”，跟一个人的思维模式、情绪管理能力、沟通方式都有关。“年轻人可以通过读情感方面的书，参加恋爱培训等方式，提升自己的同理心和感情方面的换位思考能力。”此外，她认为还需要相关组织给予社会支持，“像团委、工会，可以多组织相亲或青年联谊活动，搭建安全、便利的社交平台，加强活动中年轻人的交流深度”。 受访单身青年中，00后占31.6%，95后占26.6%，90后占28.7%，85后占13.1%。男性占45.9%，女性占54.1%。（杜园春 ） （王荣慧对此文亦有贡献）,2546,http://yn.people.com.cn/n2/2023/0817/c378440-40534791.html,婚姻;婚恋;婚育;恋爱;相亲;单身;脱单;伴侣;家暴
China News Service,2023-08-18,单身者如何过得更幸福,我身边有些单身的朋友，他们中有些人醉心工作，连周末和节假日都在加班；也有些人总嚷嚷着想认识新朋友，不断在朋友圈抱怨空虚寂寞；还有些人热爱阅读、健身、烹饪，兴趣广泛，生活自由而充实。据《中国统计年鉴2021》显示，全国“一人户”家庭超过1.25亿，占比超过25%，除去老龄化原因，其中不乏单身年轻人。数量庞大的单身人士过着怎样的生活，他们幸福吗？ 幸福感是衡量心理健康状况与生活质量的综合指标。有研究者对美国大型数据库进行分析，结果显示：未婚同居者的幸福感低于已婚者，但显著高于单身者。类似的研究结论也在不同社会文化背景和经济水平的群体中得以反复验证。国内2022年的研究也发现：相较于单身的大学生，恋爱中的大学生幸福感更高。单身人士不幸福的原因何在？ 在社会经济层面，资源理论认为婚姻会使两个人结合成经济共同体，共享居所和生活物资，分担生活成本，使双方拥有的经济总量增加。而社会经济地位的升高能通过提高个人健康水平和社会保障能力，提升个人的幸福感。在个人心理层面，根据马斯洛的需要层次理论，人的行为动机来源于未被满足的需要，需要从低到高分为生理、安全、社交、尊重、自我实现5个层次，婚姻能帮助满足前面四层需要，让人能够发挥潜能，成就理想。单身人士更可能面临经济、安全、归属感等方面的挑战，那要怎么做才能更幸福呢？ 并不是说两个人才能制造浪漫，王尔德说，“爱自己是终身浪漫的开始”。单身人士要逐步找到自己感觉舒适的生活节奏，学会自我关怀。有时候，自我关怀不过是换一种思考方式，比如王建国在脱口秀大赛中谈到，“我觉得孤独不是网上说的那些什么‘孤独分好几个等级’，比如你一个人去看电影，你一个人去吃快餐，去咖啡厅，去吃火锅，最高等级的是你一个人去做手术。我觉得这个不叫孤独，这个叫‘你一个人过得挺好’。”单身人士可以从现有的生活中挖掘曾经视而不见的乐趣，也可以改变生活方式创造新的乐趣。 《单身社会》一书提到，20世纪70年代以后，人们已逐渐从解决物质困顿和不稳定感的物质主义，转变为优先考虑生活质量的后物质主义，20世纪的年轻人开始向往自我表达、自由和创意。从消费数据上直观的体现，则是人们更愿意投入到注重品质与个人体验的“悦己型消费”中。单身人士完全可以将时间和金钱用在升级自身生活品质方面，享受注重休闲娱乐和生活体验的“单身经济”。如社交属性较强的火锅有“一人食”，剧本杀、密室逃脱有拼场活动，还有自助式迷你KTV包房、迷你健身房、单身定制游等。单身已是当今社会的普遍现象，“单身经济”“悦己型消费”如火如荼，爱自己的方式多种多样。单身人士完全可以用心地觉察和照顾自身的内在需求，学会取悦自己。 除了爱自己，单身人士还要管理好社交媒体，改变网络社交习惯，避免习惯性登录和被动接收可能引发负面情绪的信息。单身人士容易在一些与爱情相关的节日中，在各大媒体、厂商宣传造势，情侣们纷纷“秀恩爱”“撒狗粮”之时，深陷“甜蜜暴击”，郁郁寡欢。更糟糕的是，对于那些爱而不得、有缘无分，或者被“渣”过伤过的人，更是会唤起曾经的痛苦回忆，仿佛揭开快好的伤疤撒盐。一项调查研究显示，43%的单身人士认为情人节是一年中压力最大的节日，37%的单身人士觉得当天有必要找人约会，这样才不会因为在情人节独自一人而感到难过。 方便快捷的社交媒体助长了单身人士的社会比较行为。人们总是忍不住与他人比较，当单身人士把关注点总放到那些爱情甜蜜、婚姻幸福、家庭美满的人身上，就会越发觉得自己的处境糟糕。生活中确实有幸福的情侣，但也有关系糟糕的情侣，以及幸福快乐的单身人士。请各位单身人士扪心自问：如果一个人总是自怨自艾、贬低自己、负能量满满，你愿意靠近这个人，并与之发展亲密关系吗？你想吸引什么样的人，就先努力成为这样的人。如果很难控制自己的比较行为，并容易陷入负面情绪的漩涡，单身人士更要有意识地选择接收正能量的网络信息。 最后，各位单身人士可以敞开心扉，积极地与他人建立联结，发现环绕身边的爱。爱是一种无形的物质，它能使人际关系随着时间的推移而蓬勃发展并维持下去。但我们想要的爱，往往是在生活中的某个特定时间获取特定形式的爱，就好像一份包装精美的快递准时送到家门口。但真正的爱不是这样的。爱有很多种形式，它每天都在我们的生活中围绕着，但我们很少能看到它。研究显示，未婚人士比已婚人士更容易出现工作倦怠。因为单身人士往往更重视自己的职业生涯发展，并容易为工作牺牲健康、社交活动等，导致幸福感降低。无论为了自身的身心健康，还是为了处理好工作的压力，保持工作与生活的平衡，单身人士都要学会从家人、朋友、同事和其他人那里认识到环绕自己的爱，从他们身上获得支持。除了亲朋好友，单身人士也可以加入志同道合的单身团体，广泛拓展社交圈，在与人互动的过程中发现爱、感受爱、传播爱。 希望各位单身朋友们，能够在与自己相处的宝贵机会中，活出真我，享受生活，持续幸福。单身也可以很幸福。 黄彬彬,2018,https://www.chinanews.com.cn/sh/2023/08-18/10063062.shtml,婚姻;恋爱;单身;情侣
People.cn,2023-08-20,全区婚俗改革工作经验交流会召开,8月19日，全区婚俗改革工作经验交流会在赤峰市红山区召开。 据了解，内蒙古包头市青山区、乌兰察布市集宁区、赤峰市红山区3个地区被确定为全国婚俗改革实验区，呼和浩特市赛罕区、呼伦贝尔市阿荣旗等8个旗县（市、区）为自治区婚俗改革试点，各试点结合各自实际，积极探索创新，改革工作各具特色、各有突破。青山区打造婚姻文化产业创意园，形成集文化交流、家风教育、婚恋文创等为一体的婚姻服务综合体；红山区依托乌兰哈达婚姻公园，打造多元化婚姻家庭教育基地；集宁区建造中式婚俗文化主题婚姻登记中心，设立婚俗文化长廊；东胜区建立11个婚姻家庭辅导驿站，打通婚姻家庭服务“最后一米”。这些试点都取得了阶段性成果，辐射带动作用不断加强，截至目前，全区累计投入婚俗改革资金1616万元，婚姻登记服务机构设施设备和服务环境明显改善。 (记者 肖璐),359,http://nm.people.com.cn/n2/2023/0820/c196667-40538149.html,婚姻登记;婚姻;婚恋;婚俗
People.cn,2023-08-20,大兴榆垡镇创新企业服务模式 帮助单身青年扩大交友圈,"在七夕节来临之际，大兴区榆垡镇创新企业服务模式，牵“红线”，搭“鹊桥”，在森林假日NICE日落草原营地举办了“兴”聚英才、“榆”你相遇“爱满京城 相约幸福”七夕主题联谊活动，辖区内企业100余位单身青年相聚于此。 整场活动分为启动仪式、欢乐嘉年华、晚宴自由交流三个环节。活动现场，气球团簇、浪漫温馨，“爱情连连看”“飞盘运动”“甜言蜜语”“卡牌大作战”等一个个精心策划的互动游戏，迅速拉近了青年朋友之间的距离，逐渐打破了紧张的气氛。还有不少单身青年朋友在游戏互动中相互促进了解，并通过留微信或现场表白等方式向自己心仪对象勇敢说爱。 据榆垡镇相关负责人介绍：“青年的婚恋问题不仅关系到个人及其家庭的幸福，也关系到企业长久稳定的发展，为解决单身青年的婚恋问题,使他们能够安下心、扎下根,更好地为建设榆垡作贡献。我们每年都会组织开展不同形式的联谊活动，为辖区企业单身青年寻找幸福积极牵红线，搭鹊桥，切实帮助企业解决单身青年婚恋问题。” 作为临空经济服务保障区的榆垡镇，下一步，将继续发挥党建协调委员会作用，聚焦企业发展难点、痛点，做好服务“店小二”，搭建政企“连心桥”，不断优化营商环境，助企纾困解困、平稳发展，全面激发镇域经济发展活力，为建设“宜居宜业新大兴、繁荣开放新国门”凝聚力量。",541,http://bj.people.com.cn/n2/2023/0820/c14540-40538337.html,婚恋;单身;对象
People.cn,2023-08-20,海易办可实现婚姻登记在线预约等一站式服务,中国传统节日“七夕节”即将到来，海南日报记者从省大数据管理局获悉，海易办平台于8月17日上线“七夕专区”，为用户提供“领证、孕育、置业、购物”一站式服务。用户可以通过该专区享受婚姻登记预约、婚姻登记机关信息查询、省外生育登记备案、新生儿出生一件事一次办、置业服务、离岛免税等功能服务。 “原本打算‘七夕’一早去民政局排队办理结婚登记的，现在打开海易办就能直接预约了，再也不用担心要早起排队，真是幸福感满满！”计划在七夕当天登记结婚的海口市民刘女士告诉记者。 据悉，用户计划办理结婚登记之前，可以提前在网上预约，最长可以预约一个月内的工作日。专区还提供了省外生育登记备案和新生儿“出生一件事”一次办（办理出生证明、预防接种证、落户登记、医保申报、社保卡申领）。 此外，想要购房和外出旅游的用户，还可线上了解置业政策和领取离岛免税购物优惠券。用户打开海易办APP或海易办微信、支付宝小程序，在首页即可进入“七夕专区”，享受优质便捷的服务。 “专区汇聚了民政、公安、社保等多部门的政务服务，通过数据共享联动，实现一键快速访问，满足用户的一站式服务需求，希望通过‘七夕专区’能带给人们更多幸福感。”省大数据管理局政务服务处相关负责人表示。 据了解，“七夕专区”上线后，海易办微信公众号还将开展用户互动活动，用户可留意平台推送及时参与。 除了“七夕专区”，海易办还上线了活动专区、民生保障服务专区、学区查询专区、知识产权专区等，实现经济、政治、教育、生态、民生等各领域服务交融贯通，打造惠民便民办事服务平台。,649,http://hi.people.com.cn/n2/2023/0820/c231190-40538208.html,婚姻登记;结婚登记;婚姻;结婚
People.cn,2023-08-21,江西信丰：抵制高价彩礼 “文明夜市”树新风,“我自觉带头抵制高价彩礼，崇尚‘不要彩礼要幸福’，提倡零彩礼、低彩礼。积极成为婚嫁文明新风的践行者、倡导者、参与者！宣誓人：陆某某。”8月20日晚，江西省赣州市信丰县花园湾生活荟广场灯光聚焦、热闹非凡，该县“5·20文明夜市”志愿服务活动移风易俗专场启动，一众优秀青年代表上台宣誓，做出表率，抵制高价彩礼。 有奖问答、快板说唱、采茶小品……活动现场采取“摆摊设点+搭台演出”的形式传递新文明、新风尚，在舞蹈《乡风文明唱新篇》中拉开帷幕，小品《彩礼》将此次活动的宗旨深入群众内心，脍炙人口的“低价彩礼打油诗”逗得大家不亦乐乎。此外，台下8支志愿服务队的志愿者们为大家开展现场咨询和便民服务活动，发放“抵制高价彩礼，倡导文明新风”倡议书、普法宣传册、宣传反诈骗知识……志愿者们用真情为群众解难题、办实事，让广大群众享受服务、接受教育、感受文明，让文明实践在信丰大地温度持续、热度不减，深受现场群众好评。 “开展本次抵制高价彩礼的活动非常有意义，高价彩礼给年轻人的经济方面带来了很大的负担。”市民温志华有感而发，“我觉得幸福是男女双方共同去创造、经营的，幸福和彩礼的多少没有多大关系，彩礼应该量力而行，在自己能承受的范围内是最为合适的。” 活动现场还举行了信丰县第三届文明家庭表彰仪式，通报了信丰县第三届文明家庭名单，10组文明家庭代表上台接受颁奖，并为他们送上由信丰县气象局提供的精美精品。据悉，信丰县第三届文明家庭在全县范围内共评选文明家庭100户，这些文明家庭均来自基层普通家庭，他们或关心孝敬老人，或悉心教育孩子，或热心帮助邻里，弘扬了好家风好家教，传递向上向善正能量。 据了解，此次活动用喜闻乐道的方式引导广大人民群众树立正确的家庭观、婚嫁观，为弘扬文明婚俗新风、革除婚俗陋习营造了浓厚氛围，推动形成“文明节俭、从新从简”的婚嫁新风尚，让新时代文明新风吹进千家万户。（赵瑛、李千千、王珺）,796,http://jx.people.com.cn/n2/2023/0821/c355185-40539655.html,高价彩礼;彩礼;婚俗;婚嫁
China News Service,2023-08-22,成都：新人体验“汉服游园会” 七夕婚姻登记仪式感“拉满”,视频：成都七夕婚姻登记仪式感“拉满” 新人穿汉服集体“领证” 登记。当天，“金遇良缘·相约七夕”集体颁证仪式暨七夕汉服游园会在此举行。 金牛区民政局四级调研员谢晶介绍，此次活动结合非遗展示和七夕节元素，通过传统婚礼仪式的沉浸式体验，让新人们了解传统节日的文化内涵的同时，加强对婚姻的认识和珍视。此外，当天还举办了集体颁证仪式，旨在将结婚登记发证程序转变为庄重神圣的颁证仪式，倡导文明婚俗。 活动现场，6对新人身着传统婚服，步履庄重地走上舞台接受集体颁证。随后，新人们手执金剪，在彼此头上剪下一缕青丝，并放于结发袋中，寓意“结发夫妻，白头偕老”。仪式结束后，新人们纷纷参与到游园活动中，玩起穿针乞巧、投壶取巧等游戏。 白耀鹏和陈亚芬前一个月就约定七夕节来办理结婚登记，当天的活动让他们感受到“中国式浪漫”的仪式感。“我们两个都是‘蓉漂’，能在七夕节参加集体颁证仪式和相关活动不仅是弘扬传统婚俗，让我们既惊喜又欣喜，这种被重视的归属感让人感到幸福。” “牛郎和织女在七夕节约会，我们选择这一天，是希望结婚纪念日更有意义。”新人胡智新和王紫鲜一大早便来到该婚姻登记处，办理登记、参加仪式、参与游戏……当天的活动让两人很是感慨。胡智新认为，“被多人见证并祝福自己的婚姻是一件幸福也很有意义的事。结婚不仅仅是一纸文书，这将成为我们难忘的甜蜜回忆。”(完),572,https://www.chinanews.com.cn/sh/2023/08-22/10065270.shtml,婚姻登记;结婚登记;婚姻;结婚;婚俗;夫妻;婚礼
People.cn,2023-08-22,江西宜黄：“零彩礼”嫁女传佳话,“听说了没，王书记家嫁女儿一分钱的彩礼都没收呢！”在江西省宜黄县桃陂镇圣华村，王细荣、林建香夫妇的“零彩礼”嫁女儿事迹常被大家提起、效仿。 王细荣是宜黄县桃陂镇圣华村的村支书，妻子林建香则承担了照顾家庭的重任。夫妇俩育有一子一女，大女儿王华丽在广东工作时，与湖南衡阳小伙刘新赛确定了恋爱关系。在感情逐渐稳定到了谈婚论嫁之时，刘爸爸很慎重地给王细荣打电话商议彩礼的事情，不承想王细荣说道：“我们不收彩礼，只要你们家对我们小丽好，不让她在婆家受委屈，小两口生活幸福，我们做父母的就满足了。”听到亲家这么说，刘新赛的父母很意外，再三承诺：“请亲家放心，以后一定把儿媳妇当亲女儿一样宠着。” 领取结婚证后，刘新赛十分感激岳父母的体谅，对妻子更加呵护，如今两人继续在广东努力奋斗，一家四口温馨和睦。 “村看村，户看户，群众看党员，党员看干部。”倡新风、除陋习，抵制高价彩礼，推进乡风文明，要打好乡村善治牌。王细荣作为村书记，以身作则，在村里大力提倡婚事新办。在走访上户，向村民发放《婚事新办倡议书》时，王细荣耐心讲解道：“结婚本是一件开心幸福的事情，现在的年轻人在外奋斗也不容易，就不要让儿女幸福婚姻被高价彩礼束缚。双方是真心相亲相爱，用心用情经营婚姻，没有高价彩礼也能长长久久。” 在党员干部的带头引领下，如今，移风易俗、婚事新办的观念在当地逐渐深入人心，喜事新办、丧事简办，善事多行已成为不少村民的行动自觉。王细荣表示，下一步圣华村将充分挖掘移风易俗典型人物，充分发挥典型人物的带头作用，让群众学有榜样、做有标准，努力营造良好民风和家风，推进乡风文明走深走实。（陈瑞）,681,http://jx.people.com.cn/n2/2023/0822/c186330-40540834.html,高价彩礼;婚姻;结婚;彩礼;恋爱;相亲
People.cn,2023-08-22,重庆试点婚姻登记“跨省通办”“全渝通办”,重庆日报记者8月21日从市民政局获悉，为满足异地办理婚姻登记需求，我市深化婚姻登记制度改革，截至目前已办理婚姻登记“跨省通办”和“全渝通办”4万余对。 据了解，面对人户分离现象普遍、婚姻登记异地办理需求强烈的实际，我市进一步强化联网审查、个人信息比对等措施，推进婚姻登记就近办、快速办，解决当事人的“往返跑”问题。作为全国内地居民结婚和离婚登记“跨省通办”首批试点省市，从2021年6月起，全国除港澳台以外的所有内地非渝户籍居民，在渝居住并办理了居住证的，可以在居住地的婚姻登记机关办理婚姻登记。截至今年8月，我市已累计“跨省通办”5700多对。 同时，从2021年6月起，重庆户籍居民可在市内任一婚姻登记机关办理婚姻登记，方便当事人跨区县在经常居住地就近办理婚姻登记。截至今年8月，我市累计“全渝通办”婚姻登记近3.57万对。 为推动婚俗改革、培育时尚新风，我市在婚姻登记机构建立特邀颁证员颁证制度，创设室内室外颁证场所，设计文化内涵丰富的颁证词，让新人在简洁庄重的仪式中完成婚姻缔结。同时，在公园、文化传播机构、名胜古迹等处打造有特色的婚礼场地，组织文明节俭的现代婚礼。据市民政局统计，2022年，全市开展婚俗改革主题活动316场，集体婚礼（颁证）700余场。 （记者 张莎）,540,http://cq.people.com.cn/n2/2023/0822/c365402-40540057.html,婚姻登记;婚姻;结婚;离婚;婚俗;婚礼
People.cn,2023-08-22,齁甜！直击“七夕”婚姻登记现场！,上午八点半，金山区婚姻登记中心已经排起了长队，婚姻登记窗口前，新人们正有序地填表登记、领取结婚证，为了迎接这特殊的日子，不少新人都精心打扮，或戴着洁白的头纱，手拿捧花，或穿着一袭白裙和爱人一起前来登记，仪式感满满。 市民 费妤婷：今天是七夕节，特殊的日子就想纪念一下，七夕领证特别有意义。我们婚礼也打算办中式的，这个节日也是中国传统节日，更加符合我们的婚礼主题。 市民 黄婧雁：因为今天七夕，就想在一个比较特殊的日子里来领证，能够见证我们的爱情。今天特意戴了头纱，也是想更认真地对待这个独一无二的场合，希望两个人将来能够更加恩爱一点。 除了本地新人，还有不少外地新人前来办理婚姻登记，他们在颁证室内许下郑重的誓言。来自河南省的李先生表示，自从上海市婚姻登记实现“跨省通办”，他们这样的外地新人再也不需要为爱“奔波”，直接在工作地就能办理了。 现场，还有免费的婚前孕前优生优育知识宣传。“大部分的新人结婚后想要小孩，我们就会提供备孕、怀孕以及分娩的相关科普知识和服务，这样能够实现优生优育，也有部分新人结婚后想过段时间再要小孩，那我们就会教他们避孕的一些相关知识，防止意外妊娠发生，对身心造成影响。”上海市第六人民医院金山分院妇产科主任医师李华萍说。 随着中国传统节日越来越受到人们的喜爱与关注，选在七夕节登记的新人越来越多，为此，金山区婚姻登记中心开放了四个登记窗口，除了家庭婚姻知识宣传外，还设置了互动小游戏以提升氛围感。 金山区婚姻登记中心主任 邵韶：七夕节，线上预约总共53对，这个数字相对于平时预约量来说，大概翻了四到五倍。今天我们邀请到了我们市六院金山分院的妇产科还有我们的妇幼保健所，在这里开展一些健康咨询活动。在一楼我们还设置了一些小游戏，现代婚俗的有奖知识竞答，设置了一些拍照打卡的地方来供今天登记的新人参与。 接下来，金山区婚姻登记中心将继续在特殊的高峰登记日开展婚俗宣传，包括家庭婚姻文化的宣传活动，大力弘扬中华传统美德和现代婚俗文化。,828,http://sh.people.com.cn/n2/2023/0822/c134768-40541084.html,婚姻登记;婚姻;结婚;婚俗;婚礼
CCTV,2023-08-23,广东推动新时代婚姻登记管理“创新式发展”,央视网消息 七夕今宵看碧霄，牵牛织女渡河桥。8月22日是农历七月初七“七夕节”，广东全省再次迎来婚姻登记小高峰，当天共结婚登记7849对，“跨省通办”结婚登记1608对。 广东是人口大省，也是流动人口大省。近年来，为更好满足人民群众对婚姻登记服务的需求，广东省民政厅在全国率先施行“跨区域通办”，推进婚姻登记“跨省通办”试点工作。 2021年民政部将广东列为内地居民结婚登记和离婚登记“跨省通办”试点地区。自2021年6月1日起，广东省在全省范围内实施内地居民结婚登记和离婚登记“跨省通办”试点工作，婚姻登记“跨省通办”年办理量近8万对，居全国“跨省通办”试点省份办理量首位。 据了解，广东省民政厅通过不断升级改造省婚姻信息管理系统，开发图像采集、人脸识别、指纹比对、身份识别等功能，优化网上预约系统，增加短信提醒，将广东省婚姻管理信息系统与省公安厅、省法院等部门信息系统互通互联并实现数据查询、核验。同时，完成婚姻登记历史数据补录工作，上传婚姻电子档案，广东全省县级以上婚姻登记机关全面配备了“一体机”，服务量大的婚姻登记机关还配备了自助服务终端，加快了婚姻管理信息化、智能化进程。 2018年起，广东省民政厅加强婚姻登记机关规范化建设，统一形象标识，并将打造“最美婚姻登记处”作为做好婚姻管理工作的重要切入点。广东全省80%以上的县级以上婚姻登记机关异地新建或原址重建升级，增加面积2.5万平方米。各地将婚姻登记机关建设与经济发展、旅游度假相融合，打造城市坐标和“网红打卡点”。 广州市越秀区探索将婚姻登记机关搬进公园，白云区率先将婚姻登记机关搬进商场。深圳市福田区婚姻登记处成为该区一张亮丽的“城市名片”。此外，还设立了横琴粤澳深度合作区婚姻登记处，助力粤港澳大湾区建设。 2017年广东率先启用结婚证电子证照和离婚证电子证照。截至目前，已成功推送2893万条电子证照数据。2020年1月开通“粤省事”民政服务专区，上线以来，使用“粤省事”进行婚姻登记预约超过200万宗。2020年5月1日，率先启用婚姻登记证二维码和扫码识别服务功能，拓展婚姻登记信息跨部门查询渠道，有效解决群众“证明难、核实难”等问题。 广东全省婚姻登记机关全部配齐了具有身份证读卡、人脸指纹采集比对、电子档案拍摄、电子签名等一体化设备，部分婚姻登记机关配备了智能化自助服务终端。 婚姻管理实现信息化、智能化，既提高了工作效率、方便了群众办事，又提高了婚姻登记的准确性、合法性，有效防止了“重婚”“骗婚”等问题。 婚姻家庭和谐是社会稳定的基石，婚姻习俗是中华文化的重要组成部分。2021年，广州市被确定为第一批全国婚俗改革实验区，广东将东莞市、珠海市香洲区、汕头市澄海区、云浮市云城区确定为第一批全省婚俗改革实验区。2022年，广东又将深圳市福田区、龙华区、盐田区，珠海市斗门区，江门市新会区、阳江阳春市确定为第二批全省婚俗改革实验区；省、市、县三级联动同步开展婚俗改革。 各实验区紧密结合各地风俗习惯和文化传统，因地制宜，建成了一批形式多样、各具特色的婚俗文化展示平台。 为爱护航：全面加强新时代婚姻家庭辅导教育 为加强新时代婚姻家庭辅导教育工作，广东省县级以上婚姻登记机关全部设立婚姻家庭辅导室，通过“法律+婚姻家庭”“社工+婚姻家庭”等服务模式，为当事人提供婚前辅导、离婚劝导、矛盾调解、法律咨询等专业婚姻家庭辅导。在婚姻登记机关成立“家庭驿站”，开通婚姻家庭“服务热线”，开展新婚辅导和离婚冷静期婚姻家庭辅导服务。 各婚姻登记机关创新结婚颁证服务，建立地方领导、“两代表一委员”、社会名人颁证制度，创设室内室外颁证场所，开展常态化颁证、特邀颁证、集体颁证等服务。在元旦、520、七夕、国庆节等特别日子举办集体婚礼、传统婚礼、纪念婚礼等活动，弘扬婚事简办社会新风，倡导简约适度的婚俗礼仪。,1585,https://local.cctv.com/2023/08/23/ARTIuc1ocSE5bE37MhLKbI0F230823.shtml,婚姻登记;结婚登记;离婚冷静期;婚姻;结婚;离婚;婚俗;重婚;骗婚;婚礼
CCTV,2023-08-23,我国单身人口2.3亿！为何“脱单”难？专家解读,“七夕”来临，很多年轻人却找不到共度的人。“脱单难”已成为当今社会的一大问题。 为此，多地工会在“七夕”当天组织单身青年男女联谊活动，为单身男女青年们交友结缘搭建“鹊桥”。 到底是什么原因阻碍了年轻人婚恋？日前，中国青年报社社会调查中心联合问卷网对2004名单身青年进行的一项调查显示，社交圈固定，宅、不喜社交，不善表达是妨碍年轻人恋爱的三大原因。 专家表示，现在，年轻人普遍缺乏谈情说爱的能力。由于情感教育被忽略，年轻人往往面临“上学期间父母禁止恋爱，毕业之后父母催促结婚”的尴尬局面。 今年七夕恰逢工作日，大多数人选择下班后再相聚。“中国七夕节日消费行为大数据调查”显示，2023年消费者过节的娱乐活动计划TOP3分别为：逛街购物、看电影、吃大餐。 “七夕对我国礼物经济市场而言至关重要。”艾媒咨询创始人兼CEO张毅在接受《每日经济新闻》记者采访时表示，礼物经济通常有两种场景，一种是节假日场景，另外一个是社交的场景，“据我们监测， 包含七夕在内的节假日对我国礼物经济市场规模的促进贡献率近七成 。” 张毅观察到，今年七夕礼赠群体的边界被拓宽。“现在单身人群越来越多，其实随着城市化程度提高，大家的社交范围反而变窄，太熟悉的人难以碰触火花。 七夕给了单身人群走出去，参加联谊等活动的机会，单身人群可以借此扩充交际范围，是他们‘脱单’的好时机 。” “单身经济与浪漫经济并不冲突。”张毅告诉记者，今年单身人士参加七夕节交友联谊活动意愿强烈，“有53.77%的表示会参加。在联谊活动的选择上， 54.65%的人会选择剧本杀、密室逃脱、桌游等室内活动 。” 据封面新闻，8月22日，中国农历七夕节，成都市总工会、郫都区总工会联合举办幸福成“工” 乐动全城——恋爱厨房·幸福家——成都单身职工厨艺联谊活动，200名单身职工相聚于成都市川菜博物馆。 为帮助单身职工们迅速“破冰”相识，在趣味互动环节和“红娘团”的帮助下，通过各种厨房故事，单身职工们纷纷鼓起勇气，在爱的舞台上大胆展示自我，打破了现场紧张的氛围，让寻爱现场氛围轻松而愉悦。体验川菜、感悟幸福、寻味郫都， 当天活动现场最终牵手6对佳偶 。 据工人日报，在浪漫七夕来临之时，宁夏回族自治区各级工会在全区开展“会聚良缘”单身青年职工联谊活动，为千名单身职工搭建一座相知相识、增进感情、收获爱情的“鹊桥”。 据介绍，七夕之前，宁夏各级工会通过开展各具特色的活动让单身职工在感受传统文化的同时觅得良缘。 宁夏总工会女职工委员会举办“会聚良缘 缘定七夕”单身青年职工联谊活动，让青年职工在体验爱情乒乓球、鹊桥相会、爱情对对碰等小游戏互动中邂逅美好爱情；石嘴山市总工会在国家能源宁煤公司汝箕沟无烟煤分公司开展“会聚良缘 相约矿山”七夕专场联谊活动，职工们近距离参观巨型生产机械、了解煤矿工人生产生活，在进一步的沟通中遇到最好的“他、她”；吴忠市总工会开展了“会聚良缘·相约七夕”相亲交友活动，单身青年职工们在丰富多彩、轻松浪漫的游戏环节中找寻到属于自己的缘分，现场有11对单身职工牵手成功；盐池县总工会举办的“会聚良缘·情系盐州”青年职工交友文化沙龙，让更多单身职工“不‘七’而遇，满心欢‘夕’”，活动现场开通的面对面直播，将青年职工们亲手制作的团扇、麻绳编织、瓦当拓画风、二毛皮手绘工艺等非遗文化作品传播给更多的青年职工，有近700人观看直播，点赞1.9万人次；中卫市沙坡头区总工会举办的“青青子衿 与军共赴”七夕联谊活动，为武警官兵和机关、企事业单位青年男女提供交友平台。 据新湖南客户端，长沙望城区总工会组织了“望一人、倾一城”系列活动之“玩转七夕，爱有所属”单身青年交友派对，在“三生三世十里桃花”的主题场地甜蜜开启。本次活动通过精准的定向邀请，一对一男女嘉宾配对，提前为每一位参加活动的嘉宾测算了爱情密码，一串串的数字背后，让男女嘉宾对心仪对象的性格、爱好、能力、特长有了更深入的了解。 本次活动还特别为七夕交友活动匹配了10位专属红娘和一位专业爱情密码师，现场为嘉宾们解密自己的爱情密码，嘉宾们通过爱情解码更清晰自己的特点、以及如何与心仪的对象相处。 中国科学院心理研究所签约心理咨询师郑莉接受“环球时报健康客户端”记者采访时说，我国单身人群越来越庞大。《中国统计年鉴（2022）》数据显示，截至2021年， 全国15岁以上单身人口约为2.39亿人 。并且，我国年轻人婚育年龄普遍推迟，《中国人口普查年鉴-2020》显示， 2020年我国的平均初婚年龄28.67岁，比2010年的24.89岁增加了3.78岁 。 这届年轻人为何不婚不恋？前述调查显示，社交圈子固定（50.7%）位列第一，其次是宅、不喜社交（47.5%），排在第三位的是不善表达自己（46.0%）。此外，还有闲暇时间被网络世界侵占（44.7%）、交友渠道有限（43.4%）、不懂怎么和异性相处（41.7%）、工作忙没时间（29.3%）等。 郑莉认为， 年轻人恋爱的三大拦路虎——社交圈固定，宅、不喜社交，不善表达——都与现在年轻人情感教育缺失有关 。长久以来，我国教育制度以智力学历教育为主，恋爱课、性教育课等情感教育课程缺乏。情感教育是在教育过程中，对学生进行情感培养、情感引导、情感表达和情感调节的全面性情商能力教育，可以帮助学生建立良好的人际关系、情感关系，促进其情感智慧、情感沟通、自我认识和自我管理能力的发展，全方位提升生命幸福感和满意度。 现在， 年轻人普遍缺乏谈情说爱的能力 。他们从小到大学培养的都是各种“生存”的能力，而与恋爱、情商等相关的知识灌输极少。孩子的社交、表达，乃至与异性沟通、矛盾处理等能力，应该从幼儿园就开始培养，到了初、高中进一步强化。 由于情感教育被忽略，年轻人往往面临“上学期间父母禁止恋爱，毕业之后父母催促结婚”的尴尬局面 。 此外，随着智能手机、社交媒体等普及应用，年轻人越来越习惯在社交媒体等线上互动。面对面交流的减少，影响年轻人对社交情景的感知、观察与理解能力，妨碍共情能力的发展，阻碍社交技能的提升。再加上新冠疫情的影响，加剧了有些人的面对面社交焦虑、恐惧。 解决年轻人婚恋难的问题，郑莉认为，一方面，单身青年要从根本上着手，即从科学正规渠道，主动接受成人情感教育、成人性教育，补上孩童时代所缺的情感课。个人还可以采取以下措施： 1. 规划好社交表格，强迫自己打破固化社交圈 。可以从定期（如每周安排一天）与熟悉的人进行自己喜欢的社交活动开始，逼着自己走出去，再慢慢扩展到陌生人。比如，喜欢宅的人可以先从读书会、品咖啡、品酒会等比较安静的活动开始。 2. 训练表达能力 。有几个要点：一是表达要有创新点，多用一些赞美式表达，如“你今天的气质很棒”等，避免过于日常平庸的对话；二是表达要真诚，用欣赏的眼光看待对方，发掘优点、亮点，再用语言表达自己的感受；三是遇到矛盾时，情绪稳定地说出自己的感受，化解矛盾。 3. 如果确实和人交往有困难，建议及时求助专业的心理咨询人士 。 另一方面，国家和社会也需要提供必要的辅助支持。国家应大力普及开设恋爱课、性教育课等情感课程，帮助未成年人学会表达和共情。政府应加强对婚介机构、交友网站的规范和监管，不能让其流于低俗。专业的心理学家们有条件可通过开设线上课程等渠道，给广大青年提供高品质的情感指导和社交及恋爱能力训练。,3012,https://news.cctv.com/2023/08/23/ARTI07k6AxafeQM9NFQQDTVs230823.shtml,结婚;婚恋;婚育;初婚;不婚;婚介;恋爱;相亲;单身;脱单;对象
People.cn,2023-08-23,一切从简 唯爱不减 今年七夕重庆婚俗新风吹,8月22日，永川区举办“爱在仲夏，缘聚七夕”集体婚礼，7对新人在区婚姻登记处进行了一场中式婚礼。特约摄影 陈仕川/视觉重庆 8月22日，参加“一生520·幸福在渝中——在云端书写爱情”七夕主题活动的一对新人在WFC会仙楼观景平台合影。记者 崔力 摄/视觉重庆 8月22日是七夕节。七夕节被公认为是中国最具浪漫色彩的传统节日。当天，在各地精心打造的集体婚礼现场，记者感受到了婚俗改革的缕缕新风。 当天，我市各地在公园、地标性建筑、名胜古迹等地打造了特色婚礼场地，组织新人们参与一场文明节俭的婚礼。 渝中区推出“一生520·幸福在渝中——在云端书写爱情”七夕主题活动，邀请当日登记的新人登上WFC会仙楼观景平台，为其送上由“喜茶”“喜照”“喜票”“喜酒”等组成的“喜上加囍”礼包。 “在城市之巅来一场浪漫婚礼，比大操大办有意义多了。花钱多并不能证明我们的爱情的价值。”站上观景台的新人李晚渝、杨建坤说，他们考虑极简婚礼、旅行结婚，不想为别人眼里的“隆重”买单。 奉节县在云雾土家族乡举办“鸳鸯和鸣 情定云雾”奉节县第一届传统集体婚礼，18对穿着土家族传统新婚礼服的新人一出现在土家吊脚楼旁，就引来围观群众一阵阵欢呼。 在这场土家传统集体婚礼上，新人们举行结发礼、合卺礼、坐床礼，宣读结婚誓词。“这样的集体婚礼，既能树立婚庆新风，又能保护和传承少数民族非物质文化遗产，一举多得，别具意义。”新人赵海说，作为新时代新青年，应该带头不搞隆重仪式，不设豪华宴席，不用豪华车队，不讲排场，不比阔气，带头形成简约适度的社会风尚。 我市各婚姻登记机构还广泛建立特邀颁证员颁证制度，不少特邀嘉宾来到现场，见证幸福、传递婚姻正能量。 在大足区2023年“爱在七夕扬家风 文明家庭传幸福”移风易俗主题活动中，50余对新人参加了仪式感满满的集体颁证活动。 黄在昌、苟安玉是主办方特意请来的金婚夫妻代表。黄在昌是大足区棠香街道报恩社区的老书记，他和妻子苟安玉的爱情已经走过了52个年头。黄老用最朴实的语言，分享了他们52年里磕磕碰碰却又相互扶持的婚姻生活。 据了解，这样的集体颁证仪式每月都会举行，大足区不仅建立了金婚夫妻、最美家庭、道德模范等特邀颁证嘉宾库，还将大足石刻蕴含的“慈善孝义廉”等优秀传统文化融入结婚颁证、婚姻辅导等环节。目前已有80%的新人愿意参与，婚事新办简办之风逐渐形成。 在大渡口区“情聚鹊桥·爱满义渡”集体颁证仪式上，大渡口区民政局邀请“全国最美家庭”代表李炎清现场分享幸福婚姻经营之道。 李炎清与妻子共同抚养有听力障碍的儿子，并培养出正在攻读博士学位的孙女。他以“四心”相赠新人：把孝心献给父母、真心献给伴侣、爱心留给孩子、善心献给公益。 在江北区民政局婚姻登记处，江北区“幸福见证官”、律师庄浩联合星光社工，邀请几对新人一起进行了“开创幸福新生活”新婚主题沙龙分享，引导新人分享婚后展望，并各自制订三年计划。 “第一年生个女儿，第二年买车，第三年出去旅游……”一对新人感慨地说，婚后生活的幸福需要两个人共同经营，两个人得有商有量、相互成就。 当天，在沙坪坝区民政局婚姻登记处结婚登记大厅，几位婚姻家庭咨询师、律师、妇幼保健专家正为前来登记的新人提供各类指导服务。 这是沙坪坝区妇联、区民政局、区卫健委共同打造的“幸福人生·红岩嫁校”婚姻家庭辅导服务品牌。红岩嫁校成立4年来，引导适婚青年树立良好家风、提高综合素质，已使5000余名青年受益。 各类创新的婚姻家庭辅导服务，还让新人们学到让家庭更幸福的秘籍。 在重庆高新区婚姻登记处的“浪漫守护·幸福课堂”上，重庆高新区乐助社会工作服务中心设计了夫妻默契小游戏，还请讲师传授夫妻沟通等幸福家庭经营之道，勉励他们顺利完成角色转变。 记者从市民政局获悉，我市通过政府购买社会工作机构服务，在全市实施婚姻家庭辅导服务“家庭和谐计划”项目，已发展形成2400余人的专业社工（志愿者）队伍。他们开展婚姻家庭辅导，化解矛盾纠纷，促进婚姻家庭和谐，年均服务市民50万人次。,1652,http://cq.people.com.cn/n2/2023/0823/c367698-40541918.html,婚姻登记;结婚登记;婚姻;结婚;婚俗;适婚;伴侣;夫妻;婚礼
People.cn,2023-08-23,一切从简唯爱不减 武汉倡树文明婚俗新风尚--湖北频道--人民网,江水滔滔，喜乐声声，喜气洋洋，礼堂间红色灯笼依次亮起，爱情长廊装扮一新，一场盛大的国潮集体婚礼仪式感已拉满。青山为媒，长江为证，在武汉市青山江滩结婚登记点，20对新人身着明制婚服、手握红牵巾携手步入礼堂，行沃盥礼、却扇礼、礼天谢地、结发礼、合卺礼等传统婚典礼仪，将“百年好合”的誓言镌刻在婚书、同心锁和心上。 在中国传统节日七夕节这个最具浪漫色彩的日子里，许多新人选择在这一天办理结婚登记。为给新人提供优质服务，武汉市持续推进婚俗改革，各区民政局婚姻登记处精心打造各种特色主题活动，给新人带去最美好和浪漫的回忆。据悉，当日武汉市结婚登记已达千余对，很多新人预约参加了七夕节集体婚礼登记活动。 “七夕是中国传统节日，能和最爱的人结为连理，实在太开心了，我们一直想办一场中式婚礼，今天终于实现了，真的没想到集体婚礼也能这么精致、满满的仪式感。”来自江夏的新人陈春祎一脸喜悦。 在新洲区民政局婚姻登记处，新人们着中式婚服牵手进入婚礼现场，在主持人和工作人员的指引下“挑盖头”“饮合卺酒”“赠花篮”环节中，花艺师现场讲解，新郎托起花篮，送给自己的新娘，愿以花语结同心，从此举案齐眉，白头偕老。 为促进移风易俗的全面贯彻落实，传承中华优秀传统婚俗文化，自觉抵制陋习婚闹、天价彩礼、奢靡婚宴等不良习俗，在青山区民政局婚姻登记处，新人代表刘磊和党宣竺向在场新人发起婚事新办简办倡议：“让我们积极行动，以青春之我们，扬时代新风帆，破陈规、除陋习，传文明、树新风，争做核心价值观的倡导者、践行者、推动者，建新时代新家庭，树新征程新风尚！” 连日来，武昌区民政局联合团区委、区城管局、黄鹤楼街道、紫阳街道在紫阳公园举行“古城今缘 紫鹤相约——七夕青年交友联谊活动”，参与者通过游戏和游园环节增进了对彼此的了解，还通过“飞花令”“猜灯谜”“汉服秀典”等环节感受了传统文化的魅力。专业演员带来一场“柘枝舞”，再现了大热电影《长安三万里》中的场景，一派古风古韵让现场观众沉醉。 武汉市民政局有关负责人表示，将持续深入推进婚俗改革移风易俗，倡树婚事新办简办新风尚，引导广大群众树立正确的人生观、价值观和婚恋幸福观，自觉抵制天价彩礼、铺张浪费、低俗婚闹、随礼攀比等各种陈规陋习，共同成为婚恋新风的倡导者、践行者和推动者。（图/文 张曼舒）,954,http://hb.people.com.cn/n2/2023/0823/c194063-40541575.html,婚姻登记;结婚登记;天价彩礼;婚姻;结婚;婚恋;彩礼;婚俗;婚礼
People.cn,2023-08-23,七夕甜蜜来袭！四川全省办理结婚登记8985对,“家家乞巧望秋月，穿尽红丝几万条。”8月22日是农历七月初七，传统节日七夕节，我省再次迎来婚姻登记小高峰。截至当天18时，全省共办理结婚登记8985对，比去年七夕多2349对，增幅达35.4%。全省婚姻登记工作平稳有序运行，各地婚姻登记机关洋溢着甜蜜的气息。 牵红绸、跨马鞍、跨火盆、却扇礼、交拜礼……8月22日，一场朴素浪漫又独具中华传统文化特色的“琴瑟佳期会·巧夕恩阳缘”中式集体婚礼在巴中市恩阳区田园式单体婚姻登记服务中心举行。集体婚礼复刻千年前的婚嫁仪式，10对新人在众人见证下完成人生大事，开启幸福人生。新娘张女士说：“感觉很震撼，我们传统婚姻文化太有魅力了。”现场新人父亲李先生认为，过去他们都以操办宴席体现婚礼庆典，今天在政府的引导下，回归到办证、颁证的体验上，很有意义，值得纪念。 七夕节当天，成都市11个区（市）县举行“缘聚成都，幸福满蓉城”系列婚俗群众文化活动，共为190对新人举行集体婚礼仪式。宜宾市在三江新区开展“三江之眼”项目开园系列活动，为33对新人举办集体婚礼。眉山市仁寿县开展首届婚恋主题活动暨天府慈善月启动仪式，活动现场开展了集体婚礼、公益颁证、慈善项目发布、慈善捐赠等活动。 飞舞的彩球、红色的玫瑰，还有写满甜蜜的心意卡……七夕节前，由自贡市自流井区总工会、区民政局、区妇联联合主办的“缘定七夕·与爱同行”单身职工七夕联谊活动吸引了来自辖区机关事业单位、医院、学校等不同行业近100名单身青年参加。 雅安市汉源县举办“七夕有约·怦然心动”汉源县单身青年联谊交友活动，来自全县各党政机关、国有企事业单位和社会各界的50名单身青年参加。宜宾市筠连县、兴文县、屏山县举办七夕青年联谊主题活动，为单身青年人才搭建轻松愉快的交流平台。达州市民政局举办婚姻辅导暨公益交友活动，100余名青年男女参加活动，最终有12对青年男女现场牵手成功。 8月21日上午，2023年“浪漫七夕节，爱在马边城”主题活动在乐山市马边彝族自治县雪口山镇浮生农场举行，在声声祝福中，19对新人参加集体领证。仪式过程中，新人们集体宣誓承诺，特邀颁证员为他们颁发结婚证，号召他们传承良好家风家教，践行文明向上的婚俗风尚。 浪漫还在乐山其他地方延续，在乐山大佛游轮上、沙湾区沫若戏剧文创园内、苏稽荟萃·今生缘文化酒店中，民政部门均设有户外颁证点。今年以来，乐山全面推进婚俗改革，积极构建新型婚育文化，先后推出了四个户外颁证点，在满足年轻人仪式感的同时，也宣传了乐山丰富的旅游资源。 在甜城内江，主题为“大千故里七夕甜 喜结良缘新风美”——内江市“我们的节日·七夕”主题活动甜蜜上演，11对新人通过此次集体颁证仪式感受到婚姻之美、婚姻之责、婚姻之义，树立了健康、文明、向上的婚姻理念。 七夕节当天，全省有165个区（市）县共为1900对新人举行集体颁证仪式，让新人在温馨喜庆的颁证仪式中强化责任和担当、感悟婚姻的涵义，引导新人树立婚事简办、文明向上的新时代婚俗理念。（川观新闻记者 李丹）,1240,http://sc.people.com.cn/n2/2023/0823/c379470-40541468.html,婚姻登记;结婚登记;婚姻;结婚;婚恋;婚育;婚俗;婚嫁;单身;婚礼
People.cn,2023-08-23,为爱相约，让婚姻行稳致远,8月22日，阜阳市为20对新人举办“爱在七夕 美好阜阳幸福家”婚姻登记集体颁证暨“最美家庭”第一课活动。当日，该市举行新人集体颁发结婚证、集体宣读结婚誓词、邀请最美家庭讲述好家风好家教故事等活动。 通讯员 卢启建 摄 8月22日，农历七夕节。当天，安徽省多地迎来婚姻登记高峰，全省共有6845对新人选择在这一天进行结婚登记。各地婚姻登记机关强化服务职能，弘扬传统文化和优良家风，倡树婚俗改革新风，为新人留下一个难忘的结婚登记日。 “柔情似水，佳期如梦，忍顾鹊桥归路。两情若是久长时，又岂在朝朝暮暮。”七夕这个极具浪漫色彩的中国传统节日，在两千多年传承中积淀的文化内涵和风俗传统值得现代人汲取和弘扬。 22日上午，芜湖市鸠江区在鸠兹古镇梨园堂举行了一场颇具传统仪式感的集体颁证仪式，10对新人身着传统中式服饰，在司仪的引导下参与了集体颁证仪式。 “在鸠兹古镇举办这样具有中华传统文化特色的结婚颁证仪式，既契合七夕的节日氛围，又体现了年轻人对中华传统文化复兴的支持和推崇。”芜湖市鸠江区民政局党组书记、局长吴翔告诉记者，希望通过本次活动弘扬传统婚俗文化，用实际行动践行“执子之手、与子偕老”的中国式浪漫。 在集体颁证现场，主办方组织新人宣读结婚誓词、邀请特殊嘉宾作为颁证人，并鼓励新人广邀亲友现场观礼。“我们希望通过增强婚姻登记环节仪式感，引导新人践行婚俗新风尚，倡导形成婚事新办、喜事简办的文明新风。在全社会引领简约适度的婚俗礼仪，培育文明向上的婚俗文化。”吴翔说。 婚姻和美、家庭和睦，离不开良好家风的浸染熏陶。为弘扬简约适度、现代文明的婚俗新风，用良好家风为幸福婚姻保驾护航，22日上午，阜阳市妇联、阜阳市民政局等6部门联合举办了一场新人集体颁证仪式，20对新人参与仪式。活动现场邀请了“全国五好家庭”“安徽省最美家庭”代表王侠，为新人宣讲《最美家庭第一课》，寄语新人储蓄爱意、用心经营、细心呵护，守护幸福小家。 “通过分享家风故事，引导新人树立男女平等、夫妻和睦、孝老爱亲、敦亲睦邻的良好家风，以好家风促进好民风，带动好社风。”阜阳市妇联二级调研员高颖利说，希望新人坚守“风雨同舟、相濡以沫、责任担当、互敬互爱”的婚姻理念，让婚姻行稳致远。 爱情需要维系，更需要经营。幸福婚姻的经营之道需要不断学习。22日，合肥市包河区婚姻登记处迎来登记高峰。当天，包河区民政局携手第三方服务机构开展“为爱相约 读懂你的另一半”婚前辅导活动，帮助新人在进入家庭角色过程中，建立良好的沟通模式。 同一天，蚌埠市固镇县婚姻登记处也邀请心理咨询师、家庭辅导师为登记新人开展婚姻家庭辅导讲座，通过热播电视剧《父母爱情》分析夫妻相处之道。“希望新人在未来的婚姻生活中，不管是顺境还是逆境，都能守望相助、彼此关爱、相互扶持、共同成长。”参与当天讲座的家庭辅导师许道恒对记者说。,1176,http://ah.people.com.cn/n2/2023/0823/c358428-40541572.html,婚姻登记;结婚登记;婚姻;结婚;婚俗;夫妻;另一半
People.cn,2023-08-23,借巨款后离婚将家庭财产分给前妻就可逃避债务？--社会・法治--人民网,本报讯 近日，北京市海淀区人民法院审理了一起借贷纠纷案，法院审理后判决刘某、杨某共同偿还债权人王某借款本金104万元及利息。 王某诉称，刘某是其朋友。2017年10月至2020年4月期间，刘某多次以投资和资金周转为由从王某处借走104万元。经王某多次索要后，刘某才出具一张借条但是始终不偿还借款。后王某得知，刘某已经与前妻杨某协议离婚，将房子和车子等家庭重大财产均分给了前妻。为保障债权实现，王某起诉要求刘某和杨某共同偿还借款本金及利息。 刘某辩称，借款是自己的个人债务，与前妻杨某无关。借条中利息约定过高，要求予以调整。杨某辩称，刘某借款与自己无关，杨某的一张银行卡当时在刘某手里，借款等事项都是刘某自己操作，杨某对借款毫不知情，且二人已于2020年8月登记离婚。案涉债务属于刘某的个人债务，杨某不应偿还。 法院审理后认为，借条中案涉债务写明用于生意投资及资金周转。刘某使用杨某账户收款及转款等行为发生在刘某及杨某婚姻关系存续期间，即使是刘某单方面借贷，也不足以证明杨某不知情或未在其授权的情况下进行，故不能否定此笔借款行为是经夫妻共同意思决定的事实。且杨某无证据证明其有其他固定收入来源。法院最终作出上述判决。 宣判后，杨某提起上诉，二审法院维持原判。现该判决已生效。（马跃然）,541,http://society.people.com.cn/n1/2023/0823/c1008-40061911.html,婚姻;离婚;夫妻
People.cn,2023-08-23,北京石景山区持续推进婚俗改革 近百对新人情定“七夕”喜结连理,新人情定“七夕”喜结连理。人民网记者 孟竹摄 人民网北京8月23日电 （记者孟竹）农历七月初七被认为是中国最具浪漫色彩的传统节日“七夕节”。为宣传新型婚育观念，进一步推动婚俗改革，倡导全社会形成正确的婚姻家庭价值取向，培树节俭高雅的婚姻新风尚，8月22日，北京石景山区民政局开展以“携手同心谋幸福 爱满京城铸和谐”为主题的七夕婚俗改革宣传活动，通过进军营、进企业、送服务等形式举办系列活动，共同见证爱情的美妙时刻。 当天，来自辖区各单位的200名军地男女未婚青年欢聚一堂，通过“蒙眼打领带”“快乐踩气球”“飞鸽传书”“穿针乞巧我在行”“你划我猜巧吃果”“穿越古代话七夕”等相关民俗游戏环节，精巧的游戏和有趣的互动，让大家拉近了彼此距离。联谊中，有几位青年自告奋勇，即兴展示才艺，琴声、歌声、欢笑声将现场气氛引向高潮。 在石景山区婚姻登记中心，不少情侣满脸笑意地等候在大厅，墙上电子大屏幕反复播放着“风雨同舟、相濡以沫、责任担当、互敬互爱”“倡导正确婚姻家庭价值取向，培树节俭高雅的婚姻新风尚”的石景山区全面推行婚俗改革宣传片。 走进颁证厅，错落有致的红白色气球和颁证台上铺满的鲜花相得益彰，入眼一派温馨时尚。颁证员正手捧结婚证，恭喜一对新人金玉良缘华堂牵手。现场还有志愿者带着新人一起剪“囍”字，表达对新人爱情婚姻的殷切希望和美好祝福。 “囍”字和美好祝福赠予新人。人民网记者 孟竹摄 石景山区婚姻登记中心在“七夕”当天为新人们提供一系列贴心服务，从早8点半到晚5点半，工作人员不间断办公。同时，石景山区第一个婚俗改革试点五里坨街道的“红纽扣”军嫂志愿服务队也现场提供婚恋指导、婚俗倡议、心理咨询、秩序引导、摄影摄像等志愿服务。记者注意到，在婚登大厅外，还设置有拍照区，专业的摄像师免费为新人拍照，并提供鲜花、头纱等道具，以及现场选图、修图服务。 “我们自愿结为夫妻，从今天开始，共同肩负起婚姻赋予我们的责任与义务……”伴随着一对对新人坚贞的誓言，“七夕”当天，石景山区婚姻登记中心共有将近百对新人结为合法夫妻，他们的笑脸让这个浪漫日子显得格外甜蜜。,875,http://bj.people.com.cn/n2/2023/0823/c82838-40542171.html,婚姻登记;婚姻;结婚;婚恋;婚育;婚俗;夫妻;情侣
People.cn,2023-08-23,婚姻登记“跨省通办”后首个七夕，上海1338对新人喜结连理,8月22日，农历七月初七，是中国传统的七夕节，本市迎来了婚姻登记“跨省通办”后的首个结婚登记小高峰，共计1338对新人喜结连理。 各区民政局科学扩充预约量，增设办理窗口，开通在线预审等便民举措，为当事人提供温馨的登记服务，还融合传统文化、地域特色、家庭家风、婚姻法治等元素，开展形式多样、内涵丰富的结婚登记颁证仪式和婚姻家庭辅导服务。 在普陀区民政局结婚登记颁证活动现场，每对新人不仅能领到喜庆的“红本本”，还能获得一份传统版婚书。新人在婚书上一笔一划写下对未来的憧憬，珍藏美好的回忆。手捧着红本本的阿琴脸上掩不住的笑容：“爱意藏在烟火里，我们已在家准备了香槟和烤肉，给节日增加一点仪式感。” 奉贤区民政局组织七夕当天结婚登记的新人参加“古诗词里话七夕——诗词描红”活动，新人们签订“喜事新办、婚事简办”承诺书，一套“七夕”主题火漆印章，为新人留下永恒纪念。 在静安区民政局“青青子衿，缘系七夕”主题颁证活动现场，民乐老师现场演奏传统乐器中阮，伴随着国风雅韵的古琴声，现场洋溢着温馨美好的中式浪漫氛围。参与互动游戏的新人体验在乞巧佳节互赠香囊的文化习俗，感受传统文化的独特魅力。“七夕正好是我未婚妻生日，我们决定这天登记，还专门找了跟拍，记录下这美好一刻。”28岁的陈先生说。 长宁区民政局很“网红”，中式宣誓台被称为上海的“天花板”。有新人担心这天预约的人会很多，抢不到号，“如果排队的话就不好把握时间，所以我们早早就在网上预约了今天”。 在各区民政局，除了本地新人，有不少外地新人前来办理婚姻登记，在颁证室内许下郑重的誓言。“在七夕领证很有意义。”来自山东的李先生说，上海婚姻登记实现“跨省通办”，像他这样的外地新人不需要“奔波”，直接在工作地就能办理了。,730,http://sh.people.com.cn/n2/2023/0823/c134768-40541801.html,婚姻登记;结婚登记;婚姻;结婚
People.cn,2023-08-23,宜阳：浪漫七夕节 婚姻登记热,8月22日七夕节，当天宜阳县市民服务中心民政局婚姻登记窗口共办理结婚登记131对。 昨天是中国传统七夕情人节，也是婚姻登记处入驻宜阳新市民服务中心后第一个办证高峰，笔者在现场看到，一大早窗口就排起了办证长龙，不少人是请假或者调休前来领证的，大家成双成对、有说有笑，沉浸在幸福甜蜜之中。 据了解，每年七夕节，都会有许多年轻人前来办理结婚证。为节省大家时间，宜阳县民政局婚姻登记窗口开通预约通道，群众可提前通过电话预约。提前布置场地，为办证的群众提供舒适的办证环境。增设办证窗口，提高办证效率，减少等待时间。安排志愿者到现场提供免费复印、维持秩序等服务。提供延时服务，工作人员中午换班吃饭，确保办证不停，全力以赴让每一对情侣都能拿到幸福的“红本本”。 “今天感觉好幸福，好开心，终于领到证了，志愿者和工作人员都特别热心和负责任，等待时间也不长，过程很顺利！”刚刚拿到结婚证的一对新人激动地说道。（宜阳县委宣传部 李炳辉 赵亚东）,412,http://henan.people.com.cn/n2/2023/0823/c378397-40542607.html,婚姻登记;结婚登记;婚姻;结婚;情侣
People.cn,2023-08-23,抚州市东临新区：抵制高价彩礼 树立文明新风,为大力培育和践行社会主义核心价值观，弘扬时代新风，摒弃陈规陋习，自觉抵制高额彩礼，引导群众树立健康、文明、科学的生活方式，8月22日，江西省抚州市东临新区在七里岗乡菩峰村委会举行“抵制高价彩礼 树立文明新风”新时代文明实践活动。 活动现场，宣讲队发放了“抵制高价彩礼 树立文明新风”倡议书、开展了“送戏下乡”惠民演出，通过群众喜闻乐见的方式，更好地推动新时代文明实践“火”起来、“热”起来，受到群众的一致好评。活动结束后，居民们纷纷表示，将自觉抵制高价彩礼，践行社会主义核心价值观，从自身做起，教育引导身边的亲朋好友积极争做新风正气的倡导者、宣传者。（郑莹莹）,280,http://jx.people.com.cn/n2/2023/0823/c186330-40541904.html,高价彩礼;彩礼
People.cn,2023-08-23,甘肃省婚俗改革宣传现场会在康乐县举行,22日上午，在七夕节之际，甘肃省婚俗改革宣传现场会暨2023“蓝川作证·情定胭脂湖”第二届集体婚礼在康乐县举行。 活动现场，主办方宣读了《婚俗改革倡议书》，号召党员干部带头，争做新时代新风尚的倡导者、传播者和实践者，让婚姻新俗蔚然成风。随后，现场还举行了“蓝川作证·情定胭脂湖”第二届集体婚礼，40对新人携手走进婚姻殿堂。 近年来，省民政厅将婚俗改革作为巩固脱贫成果、促进乡村振兴、倡导文明新风的重要任务来抓，开展了以婚姻家庭辅导服务、倡导简约适度的婚俗礼仪、婚姻领域不正之风专项整治、培育文明向上的婚俗文化、传承良好家风家教等为重点内容的婚俗改革工作，着力规范婚嫁习俗，积极推动县级以上婚姻登记机关婚姻家庭辅导室、颁证厅建设，婚姻登记机关服务设施逐步提升，各地逐步形成集体婚礼、集体颁证，婚礼简约新风尚。截至今年5月，全省婚姻登记机关举办集体婚礼和集体颁证148场次，参与新人3000多对。,396,http://gs.people.com.cn/n2/2023/0823/c183283-40541897.html,婚姻登记;婚姻;婚俗;婚嫁;婚礼
People.cn,2023-08-23,眉山仁寿：弘扬婚恋新风 传递慈善大爱,8月22日一早，随着一曲欢快悠扬的古筝合奏《花好月圆》奏响，一场象征着爱与浪漫的盛宴在眉山市仁寿城市湿地公园拉开帷幕。 为持续推进移风易俗工作向纵深发展，树立文明新风尚，动员社会力量发展慈善事业，实现社会互助与政府救助的有效衔接，当天，仁寿县举行“缘定仁寿·爱心传递”首届婚恋主题活动暨天府慈善月启动仪式。 “美人红妆色正鲜，侧垂高髻插金钿”，启动仪式现场，最令人瞩目的，是一场浪漫的中式集体婚礼。 12对新人，头戴凤冠霞帔，身着传统婚服，新娘执却扇，新郎执红绣球，通过“爱情之门”，步入现场，随后，进行沃盥礼、同牢礼、合卺礼、结发礼、签婚书、执手礼等传统婚礼仪式。 一项项流程庄重与温情完美结合，一对对新人在现场群众的见证下正式步入了幸福美满的婚姻殿堂。 整场集体婚礼没有震耳欲聋的鞭炮，也没有奢华铺张的酒席，流程虽然简单，却充满仪式感。来自各行各业的新人们，在集体婚礼结束后，纷纷在推动移风易俗的《新婚倡议书》上签下自己的名字，以身作则，积极倡导婚事新办简办。 积极响应国家婚育政策，弘扬婚恋新风，近年来，仁寿县通过创新开展集体婚礼、金婚纪念仪式等系列主题活动，广泛凝聚移风易俗、爱心传递的社会共识，引导广大群众婚事新办，营造文明节俭、健康向上的婚俗新风，传递正确的婚恋观、家庭观和价值观。 为庆祝七夕佳节，活动现场还设置了充满浪漫气息的爱情主题角、爱情主题步道、爱情同心圆等打卡点，市民和游客都可前去拍照打卡留念。 夏意藏，秋初长，美好一直在路上。活动中，4对金婚老人的金婚纪念仪式让现场观众一起见证了老一辈的爱情故事。 金婚老人在舞台上互相倾诉风雨同舟数十载陪伴的故事，为后辈们树立了爱情婚姻的榜样。 值得一提的是，当天的活动还融入了慈善环节，现场设置的慈善募捐点位让每一位新人和群众都可以献上自己的爱心，将全部用于救助仁寿县困难家庭。 来自仁寿县老年大学的书法爱好者们围绕弘扬婚恋新风、传递慈善大爱等方面题材，现场创作对联、题字，作为纪念品赠送给爱心捐赠者以表感谢。 “新人们在婚礼当天进行爱心捐赠，既留下了难忘而美好的回忆，又为慈善事业做了贡献，是一项一举两得的美事。”仁寿县相关负责人表示，慈善是促进共同富裕的重要手段，是传承中华优秀传统文化的重要载体，做好新时代慈善事业需要全社会的共同关注与参与。 在当天的天府慈善月启动仪式上，仁寿县正式发布“快乐家”困境儿童宜居改造、“慈心仁行·仁育英才”捐资助学、“爱心消费捐”等12个慈善品牌项目，希望通过政府搭台、社会参与的方式，持续掀起宣传热潮，全面动员社会各界参与慈善事业，画出最大同心圆，共同推进该县慈善事业高质量发展。（曹世兰）,1098,http://sc.people.com.cn/n2/2023/0823/c379469-40542281.html,婚姻;婚恋;婚育;婚俗;婚礼
CCTV,2023-08-24,七夕全国超13.4万对新人结婚，“跨省通办”京粤占大头,今年七夕，是内地居民婚姻登记“跨省通办”试点扩大后的首个高峰。根据《中国社会报》8月24日公布的统计数据，截至2023年8月22日24时，七夕节当天全国累计结婚登记134588对，其中“跨省通办”结婚登记3558对。 澎湃新闻注意到，3558对通过“跨省通办”完成的结婚登记中，广东、北京共占70.01%。 其中，七夕节当天，广东省共结婚登记7849对，“跨省通办”结婚登记1608对。北京全市共办理婚姻登记2802对，其中受理“跨省通办”业务883件。 另外值得一提的是，今年七夕，多个省份结婚登记人数较去年七夕大涨。例如，四川全省共办理结婚登记8985对，比去年七夕多2349对，增幅达35.4%。河北省全天共办理结婚登记9198对，也较去年七夕的6269对大幅增加。 部分地区民政部门在解释今年七夕节结婚登记人数增长时提到，这是扩大内地居民婚姻登记“跨省通办”试点后的首个“七夕”，随着中国传统节日越来越受到人们的喜爱与关注，选在七夕节登记的新人越来越多，今年七夕节恰逢8月22日星期二，更是喜上加喜，吉祥加倍。 人口学专家何亚福向界面新闻分析，近年来几个特殊日期（2月14日、5月20日、七夕节）结婚人数的变化，主要与具体日期有关。今年的七夕适逢公历8月22日，星期二，22和星期二有两个人的寓意，内涵吉祥；而去年的七夕节是8月4日，有些人比较介意，因而这可能是造成今年七夕与去年七夕结婚人数差距较大的重要原因。此外他还提到，今年5月20日结婚登记人数同比大幅下降，也与5月20日是周六有关。 何亚福强调，因人口结构尤其是育龄妇女不断减少、婚育观念变化，结婚率和结婚登记人数下降将是大势所趋，但不排除个别日子或短期内结婚登记人数同比上升。相比个别日期的结婚数据变化，他认为更应该关注结婚人数持续减少的大趋势以及背后严峻的人口形势。,769,https://news.cctv.com/2023/08/24/ARTIXxuuacqN44Rdg3D9dk1s230824.shtml,婚姻登记;结婚登记;婚姻;结婚;婚育
CCTV,2023-08-24,福建大田县“保险代彩礼”背后：有人吐槽彩礼高达60万,因一曲《大田后生仔》闻名的福建三明大田县，最近凭“倡议买养老保险代替彩礼”上了热搜。 据当地媒体报道，大田县文江镇一对新人订婚时，女方只收8.8万元彩礼，并且会在陪嫁时返还，新女婿还给岳父岳母交了养老保险，两人60岁以后就可以领钱。当地提倡以“城乡居民养老保险”“企业职工养老保险”替代部分彩礼的方式，引发网友热议。 早在今年1月，就有网友在人民网地方领导留言板发文，吐槽大田县彩礼太高，甚至高达五六十万元。当地村民告诉极目新闻记者，大田县的彩礼是近五六年才涨起来的，甚至还形成了互相攀比的现象，这股歪风确实该刹一刹。 2019年，大田县就曾发文，在全县开展“农村嫁女聘金高昂问题”专项整治行动，提倡党员干部将聘金控制在10万元以内，企业家将聘金控制在15万元以内，群众将聘金控制在20万元以内。近来，当地整治高价彩礼的报道频频见诸媒体。 大田县融媒体中心于8月18日发布的一篇报道，近日引发热议。 陈某媚父母收到“不送彩礼送保障”牌子（图源：大田融媒） 报道称，8月17日，文江镇的镇村干部来到该镇的联盟村，将“不送彩礼送保障”的牌子送到新人陈某媚父母家中。文章配发的照片中，陈某媚的父母捧着印有两张养老保险缴费单的牌子合影，底下的落款为长女陈某媚和长女婿邓某塬的名字。 陈某媚的母亲吴女士称，彩礼她收了8.8万元，陪嫁的时候再还给女儿。大女儿和大女婿为她交了养老保险，她60岁以后就可以领钱。 报道还称，文江镇党委政府积极开展高价彩礼调研，与村民面对面交谈、心贴心沟通，制定印发《高价彩礼等移风易俗治理“一对一”实施方案》，实行网格化管理，掌握适婚女青年工作、生活及婚育状况，主动服务。 文江镇党委副书记郑成寨介绍，该镇党委政府对全镇未婚适龄女青年进行梳理，共梳理了475位未婚女青年，要求各村的氏大人、村两委干部以及党员、村民代表进行一对一的挂包帮扶。鼓励通过交保险、送保障的形式，让女方的父母没有后顾之忧。 《三明日报》也于8月23日报道了此事。报道称，近两年，文江镇小伙子结婚的彩礼大都在20万元至40万元，致使部分男青年家庭背上沉重的彩礼负担。陈某媚的公公老邓是文江镇温厝村人，他在接受采访时表示，乡镇领导提前做通了亲家的思想工作，亲自到他家“做媒”，让他们每年从彩礼中拿出5000元，给亲家缴纳养老保险。这个办法帮助解决高价彩礼，减轻了家庭经济负担。 极目新闻记者注意到，今年3月27日，大田县融媒体中心曾发布“不送彩礼送保障”倡议书，称拒绝彩礼旧俗，用养老保障代替彩礼表达缔结连理的诚意，用养老的长效保单保障父母安度晚年。针对不同对象，政府部门推出“城乡居民养老保险”“企业职工养老保险”两类养老保险。其中，城乡居民养老保险，每人每年缴纳保费5000元，缴满15年，未满15年可一次性补缴，满60周岁后每月可领取养老金730多元。 大田推广“不送彩礼送保障”背后，是当地存在的高价彩礼现象。 今年1月，在人民网地方领导留言板上，有网友给三明市市长留言称，自己到了适婚年龄，但迟迟不敢结婚，因为家庭经济没那么富裕。“而我们大田的彩礼，有的高达五六十万，低的也要三四十万。我出社会打拼多年，彩礼高涨，对于普通的打工家庭来讲，不下于在三明凑个房子首付。”该网友称，大田的高价彩礼由来已久，甚至整个三明多数县都是高价彩礼。他恳请政府能对高价彩礼进行整治。 澎湃新闻今年6月也报道称，在大田县建设镇街道经营兽药店铺的陈某地介绍，当地有的彩礼高达近50万元，确实很高，给不少家庭造成压力。 “大田的彩礼，就是这五六年涨起来的，有的人家确实收得很高。”联盟村村民陈先生告诉极目新闻记者。 陈先生年近60岁，目前在泉州做点生意。据他所知，老家的彩礼一般在二三十万元的水平。“没有统一标准，也有的女方家里比较随意，只收三四万，或者十来万的。”陈先生说，但有的女方家长对钱财看得比较重，对彩礼金额要求比较高，甚至还互相攀比，好像很光荣一样，这种风气很不好。 “我个人的看法不一样。”陈先生介绍，他于1986年结婚，当年彩礼是2000元。10多年前，陈先生的儿子从邻村迎娶儿媳时，彩礼是6万元。“那时大田的彩礼一般是10多万元，但我儿子和儿媳是自由恋爱，儿媳读大学时，儿子还赚钱供她，所以娘家就少收了一些彩礼。”陈先生说。 陈先生的女儿10多年前嫁在泉州，他也只收了女婿家2万元彩礼。“泉州的风俗习惯和我们大田不一样，这边的彩礼很低，还有女方家里倒贴的。”陈先生表示，当时大田那边的行情是在10万元左右，而泉州则只要1万至2万元。“我就跟我女婿讲，既不能按大田的行情来，也不能按泉州的行情来，折中要了2万元。”陈先生称，不过，他也没有给女儿陪嫁礼金。 陈先生说，一直以来，大田的彩礼都要比泉州这边高，近五六年来更是涨了不少。 温厝村党支部张书记告诉极目新闻记者，当地女方收彩礼也没有统一标准，有收10多万元的，也有的不要彩礼，还有的女方陪嫁10多万元。据他所知，彩礼收得高的，也有近20万元的。张书记称，和大田县的其他地方相比，温厝村一带的彩礼还不算很高。 “是该整治这股歪风了。”联盟村村民陈先生说，他目前主要在泉州生活，泉州的经济水平要比大田高，但这边的彩礼普遍来说要低一些。陈先生虽然人不在老家，但村里的姑娘陈某媚订婚后，镇上干部去送牌子的事情，他早就知道了。“镇上和村里的干部都去她家了。”陈先生说。 联盟村另一村民介绍，陈某媚的父母有两个女儿和一个儿子。按照当地的风俗，一般是儿子赡养父母，女儿出嫁给父母买份养老保险，也相当于给老人一份保障。当地也有的女方父母不要彩礼，只要求女儿女婿帮他们养老就可以了。该村民向极目新闻记者表示，自己女儿尚未出嫁，如果将来女儿女婿用养老保险来替代彩礼，也挺不错，他表示欢迎。 极目新闻记者注意到，除了提倡用养老保险代替彩礼，大田县还采取过多种手段来整治高价彩礼现象。 大田县“农村嫁女聘金高昂问题”专项整治行动方案（图源：海西大田） 2019年5月，大田县委办公室就印发《关于在全县开展“农村嫁女聘金高昂问题”专项整治的行动方案》的通知。方案内容有，针对该县乡风民俗中存在的突出问题，以治理“高价聘金”为重点，反对盲目攀比、铺张浪费，突出党员干部以身作则（提倡聘金在10万元以内），企业家示范带头（提倡聘金在15万元以内），群众自觉参与（提倡聘金在20万元以内），力争在2019年12月底前，结婚聘礼费用等明显下降。 据《福建日报》报道，大田县还采取了为“低彩礼”“零彩礼”新人提供婚后就业、创业定额低息贷款，女方父母在本乡镇卫生院每年享受免费体检一次等优惠政策；将拒绝高价彩礼纳入村规民约，加入乡村“积分超市”正面清单；评选“零彩礼”“低彩礼”“返彩礼”先进家庭典型；组建宣讲队，借助庙会等民间活动，发挥乡贤的影响力引导群众抵制高价彩礼；建立未婚青年台账，开展一对一“挂包”……通过这些方式来整治高价彩礼。 今年7月6日，大田县妇联、县农业农村局还联合召集民间红娘代表、外地嫁入大田的媳妇召开工作座谈会，抵制高价彩礼。 提倡用养老保险来代替部分彩礼，大田县整治高价彩礼的特殊方式，经媒体报道后引发热议。 不少网友表示，这个既解决了老人养老问题，实际上也是给女儿减轻了养老负担，也让年轻人也不因一时拿不出那么多钱而苦恼，结得起婚。但也有网友算了一笔账，每年缴5000元，缴满15年那就是7.5万元，两位老人一共要15万元，也不是一笔小数目。一般来说，女方父母可能都50多岁了，并不能按15年来逐年缴纳，可能需要一次性缴纳数万元。还有网友误会，这是在推广商业保险。还有网友担心，万一有的夫妻中途离婚了，这保险还缴不缴？ 8月23日，极目新闻记者致电大田县农村社会保险管理中心咨询。工作人员介绍，当地自去年开始提倡用养老保险代替部分彩礼以来，就有很多新人来咨询，为父母办理养老保险的也不少，而且这是社会基本养老保险，并非商业保险。当地的养老保险有很多个档次，最低档是每年缴200元，最高档是每年缴5000元，可根据自己的实际情况选择，都是累计缴满15年。 “选择2000元到3000元每年的比较多，选5000元每年的会少一些，除非是老人快要满60岁了。”该工作人员介绍，从前，大田县不少村民都是购买200元一年的养老保险，缴满15年，满60岁以后每月能领191元。如果此前购买过低档的，后面想买高档的，则不能补前面那几年的差价。“前面几年按低档计算，后面几年按高档计算，加起来缴满15年即可，再根据个人的社保余额来计算每月可领取的养老金。”她称，如果此前没购买过养老保险，按5000元每年累计缴满15年，满60岁后每月就能领取730多元，“如果老人是农村的，家里之前有被征地，每月还能多领249元，加起来就有1000多元了。” 联盟村村民陈先生告诉极目新闻记者，村里的乡邻普遍都买过养老保险了，大多数选择的都是200元一年的。据他所知，陈某媚的母亲年龄在54岁到55岁之间。该村另一村民介绍，陈某媚的母亲此前自己买过低档的养老保险，这次女儿女婿给她买的是5000元每年那一档的。根据上述信息可知，陈某媚夫妇最后为母亲缴纳的总金额，可能并没有7.5万元那么多。 陈先生称，据他所知，在村里，新人用养老保险代替部分彩礼的还很少。他个人觉得，还是直接降低彩礼金额比较好。“如果购买养老保险，缴多少钱，满60岁后拿多少钱，对于我们农村人来说，都不太懂这个计算方法，不一定都能接受。”陈先生说。 温厝村张书记也坦言，用养老保险代替部分彩礼，还是个新事物，况且村里适婚的年轻人不多，就他所知，为女方父母购买养老保险的新人暂时还不多。不过，因为村民们此前缴纳的养老保险大多是200元每年那一档，如果女儿女婿能帮忙提高档次，父母满60岁后能多拿一些养老金，相当于多了一重保障，也是不错的。他还介绍，村里如果有快要结婚的年轻人，镇里的干部都会主动上门做工作，进行宣传推广。 湖北省婚姻家庭研究会副会长刘明炎认为，在我国很多农村地区，包括部分城镇，都存在攀比彩礼的现象，这种现象对广大的农村青年和城镇的部分工薪阶层来说，都成了一个负担。大田县当地通过提倡用养老保险来代替彩礼，是非常具有积极意义的。倡导新人为女方父母购买养老保险来替代彩礼，一方面减轻了不少年轻人的经济负担，遏制了高价彩礼风气；另一方面这是孝敬父母的一种体现，这是中华民族的传统美德，值得各地借鉴推广。不过，各地在推广时，要根据当地的风俗习惯、收入情况等，进行适当的本土化操作，这样才能够更好地推广下去。比如在城镇，如女方父母所在单位已购买养老保险，女婿可以考虑赠送其他险种。彩礼是从农耕时代流传下来的封建习俗，要真正杜绝这种现象，必须经过高度的物质文明和精神文明协调作用，在过渡阶段，提倡用养老保险来代替彩礼，可能更具操作性。相比于提倡直接降低彩礼，通过购买养老保险来代替彩礼，多了一层孝敬父母的意义。“从整个社会文化层面来讲，我觉得更值得提倡。”刘明炎说。,4470,https://news.cctv.com/2023/08/24/ARTIXHsNQUjlvmyTZ9ephDDX230824.shtml,高价彩礼;婚姻;结婚;离婚;婚育;彩礼;适婚;恋爱;对象;夫妻
People.cn,2023-08-24,福泉：青年人才联谊 共话美好未来,8月22日，由福泉市新时代文明实践中心、团市委主办的“青春聚古城•建功强富美”福泉市2023年度政企青年联谊活动在雄镇楼举行，来自裕能、盛屯、瓮福化工、天福化工等企业和福泉市医疗、卫健、政法系统的单身青年男女欢聚一堂，联谊交友，共话美好未来。 活动现场，“好事总会发生在下个转弯”“平凡且认真的生活 总会变得可爱”等一系列暖心标语和五彩缤纷的气球把现场装点得温馨浪漫，处处洋溢着热闹欢快的青春气息。 活动开始，大家通过抽签的方式，以抽到福泉市相同景区图片的人员为一组进行对号入座，每个小组选出代表上台介绍各自的小组成员及小组抽到的景区景点。介绍环节让大家初步相识，迅速破冰，活动气氛逐步升温。 消防员陈江说：“这个活动是非常有意义的，现场氛围很好，大家都很热情，在这里交到了很多好朋友，非常开心能够来到这里。” 活动中，青年们踊跃互动，倾情投入到碰碰球、旱地龙舟、趣味拔河、“蓝”朋友的安全感、谁是大厨神等趣味游戏环节，大家热情高涨，建立了默契和友谊。互动游戏带来一阵又一阵的欢声笑语，也让友谊的火花不断迸发，在轻松浪漫的氛围下，大家一起谈笑风生、倾心交流、共话人生，整场活动沉浸在愉悦、幸福的氛围中。丰富多彩的互动游戏为现场青年男女搭建了相互认识、相互交流的平台，大家在活动中展示自我，结下友谊，拓展交友圈。 贵州天福化工有限责任公司工作人员张梦飞说：“今天挺开心，也挺有意义，很难得有这样的机会，感谢公司和福泉各单位组织这样的活动。” 贵州裕能新能源电池材料有限公司工作人员胡国琴说：“通过这次活动，我认识了很多朋友，刚才也跟大家进行了互动，觉得挺好的。” 共赴青春之约，收获真挚情谊。通过开展联谊活动，为单身青年拓宽了沟通渠道并搭建平等、友好、真诚的交流平台，进一步增强青年在泉生活的获得感、幸福感、安全感、归属感，不断凝聚全市青年奋发有为、高质量建设强富美新福泉的干劲和力量。 瓮福化工公司职工罗铖说：“活动的内容很丰富，有很多趣味活动，在这个趣味活动开展的过程中，一个是凸显个人的能力，另一个就是能够凸显大家团结的能力。我觉得通过这个活动，大家能够广交朋友，希望大家以后能多联系，多交流。”（福泉市人民政府网）,910,http://gz.people.com.cn/n2/2023/0824/c400036-40543377.html,单身
People.cn,2023-08-24,过半受访单身青年认同恋爱要主动一点儿,恋爱中，积极主动地表达自己的情感、需求和想法，可以给自己争取更多的机会，不轻易错过心动的人。然而，当下一些年轻人在恋爱中，似乎更喜欢一切随缘，对此，中国青年报社社会调查中心联合问卷网（wenjuan.com），对2004名受访单身青年进行的一项调查显示，54.0%的受访青年认为恋爱这件事儿需要主动一点，其中，受访男性认为应该主动些的比例明显高于受访女性。63.2%的受访青年觉得，身边靠谱的缘分，大都是由同学校友牵线的，其次是亲朋好友介绍。 认为应该主动的比例，受访男性明显高于受访女性 刚刚工作满一年的95后单身青年胡彦羽，在交友上一直是“积极又理性的”。“我很喜欢社交，但当遇到心动的女孩时，我不会脑袋一热马上就去示好，而是会先冷静下来想想，是乍见之欢，还是真心喜欢。确定是后者，我一定会主动，因为这样才能让对方更加明白自己的心意。”他认为，喜欢一个人是要表达的，哪怕对方起初无感，他也会再尝试努力一下，“我想，爱情这件事儿，总要有一个人先去喜欢，没有人有义务天然地去喜欢你。很多感情都是‘慢热’的。” 北京某高校在读博士生张家凯，目前还是单身。他坦言，自己在异性交友上是非常被动的，但又深知机会是留给有准备的人的，这让他时常处于一种矛盾状态。“只有主动去社交，让朋友圈更广，才有更大的可能遇到适合自己的人。像我现在这样每天只待在现有的社交圈里，只能原地打转，脱单无期。” 建立一段感情，谁该主动一直是人们热议的话题。而对于很多人持有的“女孩子主动了就‘掉价’，应该矜持一些”的观点，00后的在校大学生朱莹莹极不认同。她觉得，喜欢就该勇于表达、去追求，与性别没有关系。“时代不同了，我认为这个观念对女孩是不公平的，不利于女孩子追求自己的幸福。恋爱是需要主动的，只有主动了才有可能。” 在年轻人看来，恋爱这件事儿需要主动一点儿吗？54.0%的受访青年答案是肯定的。具体来看，27.3%表示当然要主动，机会靠争取，26.7%认为得审时度势，“试试万一成了呢”。另外，43.4%的受访青年感慨终究是看缘分，随性一点，2.5%的受访青年坦言坚决不主动，谁先主动就输了。 交互分析显示，受访男性（63.9%）认为应该主动的比例相对受访女性（45.7%）明显更高些；受访95后（57.8%）认为应该主动些的比例最高，受访00后（50.6%）相对最低。 最靠谱的“鹊桥”，应由年轻人自己慢慢搭建 90后熊远从事外贸行业，交往过几个女孩，目前是单身状态。他所在的单位、社区、街道办党委以及校友会都组织过青年联谊活动。熊远感觉，这些联谊活动的主办方都很靠谱，让他很安心。“像单位间的联谊活动，大家都已经实名制地通过了自己组织的验证，信息真实。这样不管我与来自哪个单位的女孩结识，都会觉得靠谱，也会更多地专注于是否有心仪的人，沟通起来更加顺畅自然。” 谈及相亲平台，熊远有些反感。“大家好像进入了交易市场，每个人都被贴上标签待价而沽。有的人目的明确，会直接提出条件、诉求，符合预期就继续唠，不符合就果断‘拜拜’。但是，连名字的真假都无从辨别，其他方面又怎么可信呢？只能靠个人的真诚了。而且其中不乏一些目的动机不纯的人，让人难以分辨。” 张家凯目前新交的朋友，大都是在健身房锻炼或者打球中认识的，也有通过朋友同学的介绍认识的。他最喜欢朋友介绍的方式，“因为更加可靠，信任感更强，而且相处起来也更轻松。起初可以不奔着恋爱去，先交朋友，如果合适，那就是‘好上加好’了。”他说，“家里也给我介绍过，但这就意味着，他们已经开始着急了，催着我去找，这让我感到挺被动的。” 结合身边的实际情况，年轻人普遍觉得靠谱的缘分，大多是由同学校友之间牵线的（63.2%），其次是亲朋好友介绍（52.4%），排在第三位的是单位、政府等组织联谊交友活动（43.3%），之后还有：社交类软件（38.3%）、婚恋交友网站（23.7%）、线下的婚恋介绍所（11.6%）。 北京某事业单位的单身青年周敏相过几次亲。在周敏眼里，最靠谱的“鹊桥”应是由年轻人自己慢慢搭建的，由相识、相知，再到相爱。“可能到了一定的年纪，由他人介绍和相亲更容易最后走向婚姻，但我觉得这不是理想的感情状态。最理想的状态，应该是两人慢慢磨合，去适应和习惯对方，再走入婚姻。所以我支持年轻人应该趁早去试着谈恋爱。” 在周敏看来，大学生应珍惜校园中参加集体活动的机会，积极参与到学生会、社团活动中去，这样既能锻炼个人能力，也能广结好友。工作后，更应保持对生活的热情，多参观展览、出门游玩，这样有助于结识新朋友，并在这个过程中增进了解。 参与调查的受访单身青年中，00后占31.6%，95后占26.6%，90后占28.7%，85后占13.1%。其中，男性占45.9%，女性占54.1%。(杜园春）（王荣慧对此文亦有贡献）,1969,http://yn.people.com.cn/n2/2023/0824/c378440-40543158.html,婚姻;婚恋;恋爱;相亲;单身;脱单
People.cn,2023-08-28,相互体谅！一起离婚案件中的执行“温度”,近日，自贡市自流井区人民法院圆满执行一起婚姻家庭纠纷案件。 2011年12月，刘某与巫某经人介绍登记结婚，次年生育一女。因巫某患有重度精神疾病，二人在婚姻生活中常因琐事发生矛盾导致长期分居。2022年1月，刘某诉至法院，要求判决离婚。法院立案受理后，双方当事人经调解自愿达成协议：同意离婚，刘某需向巫某支付2.6万元生活困难帮助金。但离婚后，刘某并未履行调解书中所确定的义务，巫某遂向法院申请强制执行。 经查证，自流井法院未调查到刘某有可供执行的财产，执行法官随即前往刘某居所开展现场调查，了解到其有两个小孩要抚养，经济十分困难。法官及时将调查结果反馈给了申请人，希望申请人考虑到实际情况退让一步。但申请人对此不认可，仍旧坚持维护自己的权益。 为解决问题，执行法官采取“面对面”的调解方式，组织双方到法院沟通调解协商。执行法官释法明理，以亲情为突破口，希望感化申请人同意被执行人在2个月内支付案款的请求。最终，双方达成执行和解协议。 2个月后，被执行人未能如期履行案款，原因是被执行人刚找到工作，收入仅满足自己和两个小孩的日常生活开销。未能如期履行案款不仅降低了申请人对被执行人的信任度，也加深了双方的矛盾，申请人要求对被执行人采取司法拘留等强制措施，这让顺利执结本案也变得十分棘手。如若真如申请人所愿，采取强制措施，无疑是给被执行人的生活雪上加霜。因此，执行法官再次找到申请人，反复释法明理，再次打出“亲情牌”，并结合被执行人的实际情况分析现状，希望再给被执行人一次机会，多给他一些时间。执行法官同时要求被执行人积极筹钱。最终，申请人同意暂缓强制执行措施。 近日，刘某已凑齐全部案款，并已全额支付给巫某，至此该案圆满执行完毕。（王梓薇）,719,http://sc.people.com.cn/n2/2023/0828/c407319-40547562.html,婚姻;结婚;离婚
China News Service,2023-08-30,高额彩礼娶媳妇没几天就跑了 彩礼诈骗盯上农村男青年,高额彩礼娶媳妇，没几天就跑了 彩礼诈骗盯上农村男青年 *本文为《半月谈》2023年第16期内容 男女青年见面当天就“定亲”，付完彩礼随时可以“结婚”。一场在男方看来异常顺利的相亲之旅，却是精心预谋的彩礼骗局。近来，河南、河北、山东等地未婚男青年在省外相亲被骗高额彩礼的案件屡屡发生，警方串并多起案件，成功打掉一个专门从事彩礼诈骗的犯罪团伙。半月谈记者深入采访发现，这一诈骗手法并不高明，甚至漏洞百出，却能屡屡得逞，与当前农村地区高额彩礼等畸形婚恋观密不可分。 2022年12月，宁夏永宁县一居民报案称其女儿小丽(化名)被朋友拐骗至河北结婚，目前人身自由受到限制。永宁县公安局起初认为这是一起拐卖妇女案，立即组织警力赴河北将小丽解救出来。然而在审讯中警方发现事情并非如此简单，小丽与男方定亲、结婚时使用的都是假身份证和假户口本。男方家属则向警方抱怨，自己才是受害者，家里花了近50万元娶进门的媳妇，没过几天日子就想跑。 经过警方深入调查，一个伪造假身份信息、伪造假亲属关系、与外地男青年假结婚骗取高额彩礼的犯罪团伙逐渐浮出水面。在这起案件中，犯罪嫌疑人孙某等人雇佣小丽，为其办理假身份证和户口本。由孙某假扮小丽的叔叔，通过媒人辗转联系到河北省大名县正在为儿子找对象的王刚(化名)。 双方约在宁夏同心县见面，在媒人的见证下，相亲当晚双方就在银川举行了定亲仪式，孙某以女方叔叔的名义收取了男方彩礼25.6万元。很快小丽就跟随男方来到大名县并举办婚礼。在男方家居住两个月后，因孙某未按约定接小丽回家，她自己也无法脱身，遂向其母求助并报警。 经过警方深挖，这一诈骗团伙从2021年冬天就开始在他人“传授”下作案，主要选择在歌厅、酒吧陪酒的未成年女性，以“骗彩礼比陪酒来钱快”为由拉拢入伙，指使她们假扮相亲女方，通过媒人寻找外地男青年相亲，假结婚骗取高额彩礼。通常女方在结婚后数天内就会“性情大变”，制造家庭矛盾，或借口家中有事等理由，逃离男方家。至案发前，团伙在河南、河北、山东等地作案5起，骗取彩礼近150万元。 除永宁县系列婚姻诈骗案外，近期宁夏银川市金凤区、吴忠市同心县等地，也破获了相同手段实施诈骗的案件。拙劣的诈骗手段为何能屡屡得逞？半月谈记者采访发现，犯罪嫌疑人正是抓住了当前农村地区不正常甚至畸形的婚恋观念，有针对性地设计套路，实施诈骗。 ——编造“三假”剧本专门针对外地人。为顺利实施诈骗，犯罪嫌疑人为其雇佣的女孩伪造假身份证、假户口本，并编造女孩父母双亡、从小跟着“哥哥”或“叔叔”长大的剧本。由此，他们冒充“哥哥”或“叔叔”去和男方谈彩礼就顺理成章。为了让剧本更可信，他们还在银川市租了公寓，对男方宣称这是女孩的“家”，待男女双方第一次见面后，就会将男方带到公寓中“定亲”。为何选择外地人作案？主要是因为外地人跨省份相亲，人生地不熟，就算后期发现被骗，也难以找到嫌疑人要回彩礼。 ——“金钱婚姻”是催生骗局的重要土壤。在这些婚姻诈骗案中，绝大多数受骗方都是与女方仅仅见了一面，就开始商议彩礼价格，婚姻完全变成一桩“生意”，没有任何感情可言。这种仓促、以金钱为唯一标准的相亲模式，给了犯罪嫌疑人可乘之机。办案民警介绍，最快的一对男女早上第一次见面，晚上男方就把彩礼支付了。半月谈记者询问一名受害人，为何如此轻率就把近30万元彩礼打给女方？他说：“我们那找对象就这样，付了钱就能早点把人带回家。” ——受害人法律意识淡薄难“避坑”。半月谈记者了解到，这些受人雇佣和男方假结婚的女性，有的还是未成年人，却能顺利“结婚”。这是为何？原来她们和男方“结婚”只是举办了婚礼，并没有领结婚证形成法律上的婚姻关系。多位受害人家长认为，孩子们办了婚礼同了房就算“合法”婚姻了，至于结婚证，可以等女方年龄到了再去领。 办案民警介绍，此类诈骗常常选择跨省份作案，最终女方以“性格不合、过不到一起”等理由离开男方。因此一些受害者甚至在警方登门前都没有觉察到被骗。受访者建议在严厉打击此类诈骗的同时，多措并举开展农村婚恋市场突出问题整治。 一是在案件高发易发地区开展专项整治。宁夏警方查获的此类婚姻诈骗案件中，双方相亲地点大多选择在宁夏同心县、中宁县等地。半月谈记者采访了解到，这些地方已经形成一个无形的跨省份“婚恋集市”，外地来“找对象”的男青年、牵红线的职业媒人经常活跃在此地，其中就不乏寻找“猎物”的诈骗分子。建议对这些重点地区的“婚恋集市”开展专项治理，严查违法行为，构建规范、健康的婚恋秩序。 二是发挥典型案例的警示教育作用，以案释法。在警方查办的这些案件中，有些受害人自认为是“择偶不佳”“遇人不淑”，忍气吞声没有报警，有些受害人虽然在当地报警，却被当做婚姻家庭矛盾未予重视。永宁县公安局刑侦大队一位办案民警建议，结合反诈宣传加强对此类案件作案手法的警示教育，对农村重点地区进行有针对性的以案释法，提高重点人群的防范意识。 三是加强移风易俗，引导树立正确婚恋观。彩礼诈骗案多发背后，折射的是农村婚恋市场的结构失衡和畸形的婚恋观念。苏州大学东吴智库研究员刘成良认为，要充分发挥建立在群众协商民主基础上的村规民约的作用，逐渐营造接纳、崇尚适度彩礼的舆论氛围和价值导向。基层自治组织、群团组织要积极发挥作用，以交友联谊等活动为载体，丰富农村婚恋服务供给，缓解农村单身男青年择偶难现象。,2187,https://www.chinanews.com.cn/sh/2023/08-30/10069388.shtml,婚姻;结婚;婚恋;彩礼;相亲;单身;择偶;对象;婚礼
People.cn,2023-08-30,申领生育津贴 重庆9月起不再需要结婚证,据重庆市医疗保障局官方网站消息，近日，重庆市医保局印发了《关于优化生育保险经办服务有关事项的通知》（以下简称《通知》）。《通知》中称，9月1日起，对参保人员申领生育保险相关待遇，不再收取生育服务证、再生育服务证、结婚证。 重庆此前有关规定与该《通知》不一致的，以本《通知》为准。 经市政府同意，各级医保经办机构对符合待遇享受条件的参保人员，在申领生育保险相关待遇时，不再收取生育服务证、再生育服务证、结婚证。 2022年7月25日至2023年9月1日期间，符合本《通知》相关情形的参保人员可参照本《通知》执行。本《通知》自2023年9月1日起施行。 计发生育津贴时采用的职工所在用人单位上年度职工月平均工资，与该用人单位申报社会保险缴费时核定的职工工资口径一致。 今年10月1日起，将灵活就业人员纳入生育保险保障范围。同时规定：参保人生育保险待遇享受与个人婚姻情况、生育情况全面脱钩，只要履行缴费义务的，均可按规定享受生育保险待遇。各统筹地区核定生育保险待遇时，不得查看和收取参保人生育服务证、结婚证等材料，不得以未婚生育、超三孩生育为由拒绝核发待遇。 西安市规定参保女职工不区分受孕方式，享受相同的门诊补贴、住院报销和生育津贴等职工生育保险待遇。参保女职工享受生育保险或参保妇女享受城乡居民基本医疗保险生育医疗待遇，不受结婚登记或生育登记等其他条件限制。自2023年8月1日起执行。 株洲市医疗保障事务中心今年7月12日印发《关于进一步规范生育保险待遇申领材料的通知》，明确规定株洲生育保险待遇申领材料不再需要结婚证和准生证，并要求自《通知》下发之日起施行。 娄底市对申请生育津贴（一次性生育补助金），需提交下列材料中的“医疗保障经办业务平台如无法通过其他部门获得结婚证、生育（服务）证、出生医学证明等，由办理人提供”予以删除。 徐州市对依法参加生育保险并按时足额缴纳生育保险费的职工，不再将提供结婚证或准生证作为享受生育保险待遇的限制性条件。 江苏省规定用人单位及其职工依法参加生育保险并按时足额缴纳生育保险费，即可按规定享受生育保险待遇，生育津贴按照《江苏省职工生育保险规定》的计发标准发放。执行时间追溯至2022年9月7日及以后生育的。 威海市简化生育津贴申领条件，只要履行了生育保险的缴费责任，就可以享受生育保险相关待遇，不需提供结婚证和准生证。,978,http://cq.people.com.cn/n2/2023/0830/c365402-40550292.html,结婚登记;婚姻;结婚
People.cn,2023-08-30,鹤壁市山城区打造婚俗改革鲜活样板,举办温馨浪漫的集体婚礼、甜蜜的相亲会，打造集婚姻、婚介、婚庆、婚育服务为一体的综合性婚姻登记服务大厅……今年年初以来，鹤壁市山城区民政局紧紧抓住该区被列入全省婚俗改革实验区的契机，推崇新事新办，不办铺张仪式，杜绝高价彩礼，革除婚俗陋习，让和谐、文明、有序的婚俗成为主流。 为爱“保温” 建设全市首家综合性婚姻登记服务大厅，打造标杆窗口 婚俗改革是推进婚姻领域移风易俗的关键。山城区高度重视婚俗改革试点工作，出台了全区今年第1号文件《山城区婚俗改革试点工作实施方案》，成立了婚俗改革试点工作领导小组，推动婚俗改革试点工作走深走实。 山城区民政局全面落实《方案》要求，从指导思想、工作目标、总体要求、主要措施等多个方面，深化婚姻领域移风易俗改革工作，推动解决婚俗改革重点、难点问题，营造婚事新办浓厚氛围。 改革试点的首项工作就是高水平打造婚姻登记暖心服务标杆窗口。借助爱情小巷改造的契机，山城区民政局将婚姻登记处搬迁至该巷，建设了全市首家集婚姻、婚介、婚庆、婚育服务为一体的综合性婚姻登记服务大厅，并打造集教育性、宣传性、休闲性于一体的婚俗改革游园，建设家风家训文化宣传阵地，建设串联起家风家训长廊、相思树、告白墙、时光隧道等特色景观的幸福驿站，为新人们打造一条浪漫的“幸福通道”，使婚姻家庭传承良好家风家训的观念深入人心。 为爱“升温” 提供多维度婚姻家庭服务，构建婚姻辅导立体化模式 为了给新人提供庄重神圣、温馨浪漫的颁证服务，山城区民政局在婚姻登记服务大厅二楼设置了颁证厅，在常态化颁证基础上，特邀人大代表、政协委员、道德模范等组成颁证师队伍为新人颁发结婚证，并分享婚姻家庭相处之道。 除了结婚登记时满满的仪式感，山城区婚姻登记大厅还设置了婚姻家庭辅导室，通过购买服务，引入社会工作者、法律工作者、心理咨询师等专业社会力量进驻婚姻登记服务中心，从婚前辅导、婚姻家庭关系、离婚调适、法律咨询等方面入手，提供多维度婚姻家庭服务，构建婚姻辅导的立体化模式，从源头上减少婚姻家庭纠纷的产生。截至目前，共开展婚前辅导320次、离婚调适辅导238次，满意率达100%。2022年，该区离婚登记245对，同比下降了57%。 “没想到山城区婚姻登记处环境这么好，处处可见爱情元素，服务也很体贴，还有婚庆策划、婚育指导。很不错，结婚仪式感满满。”近日，到山城区婚姻登记处登记结婚的小李说。 为爱“添彩” 成功举办三届相亲联谊会，弘扬婚俗新风 “第一次参加这样的相亲联谊活动，现场氛围很好，有幸遇到了心仪的女生，我们加了微信，回去后会保持联系，希望会有好的结果。”在8月22日第三届七夕相亲联谊会上，一位姓王的小伙子告诉记者。 通过开展活动大力弘扬婚俗新风的同时，山城区民政局还将婚俗改革和“孝善山城”相结合，今年5月20日成功举办了山城区首届集体婚礼，参加活动的新人共同承诺崇尚理性节俭、破除婚俗陋习、婚事新办简办、争做时代新风的引领者，倡导“不要车、不要房，幸福靠双手奋斗”的理念，树立新时代婚嫁观念。 此外，结合传统节日、重要时间节点，山城区联合相关部门采取内容形式多样、群众喜闻乐见的方式联动开展“颂党恩，传家风”等家风家教宣传活动，用身边人、身边事、身边榜样来净化社会风气、感化邻里、和睦家庭。 为爱“减负” 成立红白理事会规范标准，推出新风尚婚礼菜单 婚俗礼仪传承了千年，婚俗改革既面临挑战，又考验智慧。山城区发挥党员干部和公职人员在婚俗改革方面的示范引领作用，严格规范党员领导干部婚丧喜庆事宜，要求婚宴人数控制在200人以内，严格执行操办婚丧喜庆事宜报告、公示制度，做到事前报告、事后备案，违规问责，以作表率。 同时，山城区修订村规民约，引导各村、社区将婚俗改革纳入村规民约、社区公约，从酒席金额、彩礼礼金、桌数、婚车等方面提出标准。组建村级红白理事队伍，充分发挥引导监督作用，推进喜事简办，减轻群众负担。截至目前，“两约”修订、红白理事会建设均实现村、社区全覆盖。部分村、社区利用旅游中心、文化礼堂等场地打造农村家宴中心，推出婚宴“菜单制”点菜模式，杜绝“舌尖上的浪费”。 “我们将进一步建立健全婚俗改革体制机制，提升婚姻家庭辅导服务，培育健康向上的婚俗文化，努力探索一条既符合相关要求、又切合自身实际的改革新路，全力打造婚俗改革的鲜活样板。”山城区民政局党组书记、局长原海琴表示。（ |,1793,http://henan.people.com.cn/n2/2023/0830/c378397-40551142.html,婚姻登记;结婚登记;高价彩礼;婚姻;结婚;离婚;婚育;彩礼;婚俗;婚嫁;婚介;相亲;婚礼
People.cn,2023-08-31,【韩国MZ世代】为何韩国青年人不愿意结婚？,编者按：在韩国，MZ世代是1980-1995年出生的千禧世代和1995年-2010年出生的Z世代的统称（即我们所说的80后、90后及00后）。如今，MZ世代已经成为社会的中坚力量。了解他们的生活方式，可以更好地洞察韩国社会发展现状及趋势。人民网韩国频道推出“韩国MZ世代的生活方式”系列报道，从多个角度呈现韩国年轻人的真实生活以及他们面临的社会问题。 据韩媒报道，韩国年轻人的婚姻观和家庭观念正悄然发生变化。调查显示，在3名受访青年中，仅有1人对结婚持有肯定态度。越来越多的年轻人认为，结婚时所付出的精神消耗和金钱在婚后得不到相同份量的幸福感。另外，过半数的年轻人表示，即使结婚也没有必要生育子女。 韩媒《京乡新闻》援引韩国统计厅28日发布的资料显示，2022年，在19-43岁受访人群中，对结婚持有肯定态度的人群占比为36.4%，与2012年的56.5%相比，时隔10年减少了20多个百分点。 按性别看，年轻男性对结婚持肯定态度的比率为43.8%，女性为28%。但与10年前相比，男女数值双双下降，男性的降幅更大。10年前，男性愿意结婚的比率为66.1%，女性为46.9%。 为何越来越多的韩国年轻人不愿意结婚？在受访者中，回答“无力负担成家费用”的人数最多，占比为33.7%。其中给出这一原因的男性数量比女性多。京畿道一名29岁未婚男士坦言称，连给自己找个稳定的安身之所都很难，更别说照顾其他人了。 回答“感觉不到结婚必要性”的人数也很多，占比为17.3%。给出这一原因的女性人数比男性高出近2倍，分别为23.7%、13.3%。住在首尔麻浦区的一名上班族说，周围不结婚的朋友很多，和他们一起生活也很幸福，所以没觉得一定要结婚。 此外，“生育和养育负担”“工作不稳定”“遇不到合适的结婚对象”都是年轻人不愿意结婚的理由。 在受访者中，回答“即使结婚也没必要生育子女”的青年比重为53.5%，这一比重在2018年为46.4%，时隔4年增加了7个百分点以上。2022年，认为不需要子女的女性为65%，比男性的43.3%多出20多个百分点。 2012-2022年的10年间，支持“通过结婚外的其他方式组建家庭”的青年群体比例大幅上升。据统计，支持“非婚同居”的青年人数占比为80.9%，比10年前的61.8%增加了近20个百分点。另外，支持“非婚生子”的青年人数从29.8%增至39.6%；认为“离婚也没关系”的青年人数从13.1%上升至24.1%。（编译：申玉环,1030,http://korea.people.com.cn/n1/2023/0831/c407864-40067764.html,婚姻;结婚;离婚;对象
People.cn,2023-08-31,因家庭琐事闹离婚 延吉法官调解续良缘,今年的七夕，对于小于和小陈来说，注定难忘。这对年轻的夫妻在经历了长达半年多的矛盾后，在延吉市人民法院的调解下重归于好，共度浪漫七夕。 小于和小陈相识15年，结婚10年，如今孩子3岁。他们的爱情故事始于校园，毕业后登记结婚。日复一日，柴米油盐，生活琐碎，诗意渐远。二人因生活琐事产生分歧，争吵、冲突、冷战不断，妻子小于一气之下提出离婚。丈夫小陈觉得不能“服软”，同意离婚。双方随后开始互翻旧账，细数对方的缺点和过错，甚至打印好离婚协议书。可第二天到了民政局，小陈对于自己冲动下做的决定后悔了，于是无论小于说什么，都不在离婚协议书上签字。 妻子小于一纸诉状起诉至法院，要求离婚。延吉市人民法院朝阳川法庭收到离婚诉讼材料后，为挽回这对年轻小夫妻的婚姻，将该案交给了退休返聘的老法官皮忠做诉前调解。 调解员向双方致电，对双方情况进行了细致的梳理和了解。在沟通过程中，他发现小于和小陈还是记挂着彼此，在交谈中经常打听对方的情况和想法。在调解过程中，调解员耐心地听取双方的意见和诉求，对他们之间的问题进行深入地分析和劝导。起初，小于坚决要求离婚，调解员一方面通过心理辅导的方式引导双方站在对方的角度去考虑问题，另一方面以案释法，通过现实案例向双方阐明离婚对当事人、孩子以及双方家庭的伤害。此外，调解员还从自身生活阅历和长者角度出发，向双方讲述了如何维持婚姻关系。通过耐心的疏导，二人逐渐打开心结，小于和小陈终于认识到，夫妻应该加强沟通和理解，他们之间的矛盾并非不可调和。 调解室内，丈夫小陈向小于表示，之前没有体谅她的艰辛和对家庭的付出，以后一定会加强沟通、互相帮扶，共同承担起家庭责任和义务。小于也表示，不想因为一点小事就放弃爱人，和经营了10年的婚姻，希望可以和小陈继续好好过日子。 七夕前夕，小于笑容满面地来到法院申请撤诉。“您的劝诫和建议我都记住了，婚姻确实是要互相包容。”小于再次见到调解员皮忠，向他表达了感谢的同时，表示会和小陈一起过七夕。 看到二人重归于好，皮忠感到十分欣慰，嘱咐小于：“婚姻生活难免会遇到矛盾，家庭和谐的关键在于如何面对和处理这些问题。换位思考、放下面子、主动沟通，也许是解决问题的最好方式。”（延吉市委宣传部 黄静波）,920,http://jl.people.com.cn/n2/2023/0831/c349771-40553208.html,婚姻;结婚;离婚;夫妻
China News Service,2023-09-01,肿瘤患者的公益梦：7年调解婚姻家庭矛盾两千余起,中新网 台州9月1日电(傅飞扬 张荣 曹思思)走进浙江台州玉环市榴岛助跑服务中心，常能看到李建葱伏案工作的身影。今年61岁的她是肿瘤患者，也是“玉环娘姨”项目部的负责人。在人生新的旅途，李建葱走上了帮助妇女维权、调解家庭纠纷的道路，7年间公益调解婚姻家庭矛盾2513起。 青年时期的李建葱，心中便有一个学法、普法梦。“我从小在农村长大，那个年代的家庭矛盾，女性大多处于弱势地位，那时我就希望能帮助更多女性变得独立自强。”李建葱说。 2015年，李建葱的人生轨迹开始改变。经过当地企业家协会和社区的推荐，李建葱成了一位人民陪审员。2016年，玉环市妇女联合会“玉环娘姨”项目落地，急需扩充力量，李建葱主动去竞聘，成为该项目负责人。 婚姻矛盾涉及夫妻共同财产、抚养权、探视权等，调解难度较大。为更好地帮助妇女维权、调解矛盾，2017年以来，李建葱利用业余时间苦学法律专业知识，她的笔记本里记录着裁判文书、司法解释等密密麻麻的案例。通过3年努力，她还获得了法律专业成人本科学历。 调解过程中，李建葱“缝补”了许多夫妻的嫌隙。 “8月，我成功‘劝和’了一对夫妻。董某和林某育有两个孩子，因为一些矛盾，丈夫林某向玉环市人民法院提起离婚诉讼。在接到法院的调解任务后，我马上和当事人对接了解情况，这对夫妻看似矛盾重重，但言语间却透露出离婚意愿不强的信号。”李建葱说。 为唤起夫妻二人对婚姻的留恋，李建葱让他们面对面讲出各自的抱怨，并引导他们回忆多年来走过的感情路。“那天的调解直到凌晨才结束，双方打开心结后，第二天林某就撤诉了，事后也一直道谢。”李建葱表示。 帮助调解类似的婚姻家庭“疙瘩事”，几乎成了李建葱的日常工作。据统计，仅2022年，她化解的相关问题就有500多起。 婚姻家庭矛盾调解中，李建葱并不盲目遵循“劝和不劝离”。 2017年12月的一个凌晨，她接到钟某的求助电话，其称被丈夫殴打，不敢回家。李建葱建议钟某立即报警并向法院申请人身安全保护令。而后，钟某丈夫被玉环市公安局行政拘留5日，案件承办法官在玉环市拘留所内开庭审理，并邀请李建葱全程旁听庭审。 “家暴只有零次和无数次，当遭遇家暴时，一味的忍让只会让施暴者变本加厉。我想成为受家暴妇女的坚强后盾，捍卫她们的权利。”李建葱说。 家暴案件在取证、维权等方面难度不小，为此，李建葱申请成为玉环首批巾帼维权代跑员，根据受害者委托，她可以向家暴发生地所在派出所调取当事人报警记录、笔录、家暴告诫书等相关材料，第一时间寄送至法院、法律援助中心，为受害者提供全程维权服务。 前段时间，家庭主妇吴某婚后屡次被家暴，成了医院的“常客”。因此，吴某找到了李建葱，在她的帮助下向玉环市人民法院起诉离婚并申请了人身安全保护令，成功结束了这段婚姻。 “受委托经常要下乡，所以我在快60岁时重学驾驶，现在都是自驾前往各地的派出所调查取证，尽力为家暴受害者提供法律援助。”李建葱说，截至目前，自己帮助42位受家暴妇女申请了人身安全保护令，让她们重拾生活的希望。 2018年，李建葱面临人生的最低谷，医院体检报告显示，她的腰椎处有恶性肿瘤。事实上，她早就感受到了身体发出的警告——腰部疼痛、全身无力等症状频发，但由于调解工作繁多，她一拖再拖。 收到消息后，李建葱将手头残留的案件调解完，奔赴上海住院治疗。手术、放疗……在医院一个多月，身体刚有所好转，李建葱就想回到工作岗位。 “本就是做公益，没有工资，为什么那么拼命？”面对家人的反对，李建葱却表示，“投入工作以后，我会忘记自己生病这件事。” 身体的变故接二连三，但所幸都化险为夷：2020年8月，在一次普法宣讲上，李建葱突然倒下被紧急送医，经诊断发现她有重症胰腺炎，医生下达了病危通知书；2021年，李建葱查出胃部皮下黏膜肿瘤，做了手术后，再次回到公益性岗位。 如今，除了婚姻家庭矛盾调解，李建葱还联合玉环各乡镇(街道)妇联组建普法宣讲团队，开展“娘姨普法进社区”公益讲座、“平安早(夜)市”等活动。多年来，李建葱的宣讲团队累计授课130场。 “做‘娘姨’的这几年，我感觉比之前半辈子过得都精彩。这份帮助他人的工作是我的治病良药，只要我没倒下，就会一直做下去。”李建葱说。(完),1727,https://www.chinanews.com.cn/sh/2023/09-01/10070761.shtml,婚姻;离婚;夫妻;家暴
China News Service,2023-09-06,明码标价提供陪聊陪玩等服务 “恋爱体验馆”有何猫腻？,“沉浸式体验，300元1小时”“陪看电影、吃零食、聊天、剧本杀”“不懂规矩勿扰”……近段时间，在一些内容平台和服务平台上，出现不少以“桌游助教”“恋爱体验”等为名进行宣传的商家，称可以提供陪聊、陪玩游戏、恋爱体验等服务，并在详情页内展示了大量性感美女图片，不少为女仆装。 《法治日报》记者近日调查发现，这类商家通常将自己的联系方式放在宣传简介中，或者在私信咨询时向顾客提供其他平台的社交账号，供顾客“了解具体服务”，服务价格为每小时一两百元至一两千元不等。服务内容除了陪聊、陪玩游戏外，有些涉及灰色地带，其中不乏未成年人参与。 受访专家提出，要警惕这类服务中可能存在的色情违法行为，如果存在色情服务，或触及刑事责任。同时，亟须整治这一乱象，相关部门应加强监管，平台需提高审核水平，建立形成信用惩戒机制，合力净化网络空间。 记者在多个平台搜索发现，有不少名为“恋爱体验馆”“初恋·××助教”“红颜私人助教”等商家，宣称提供“桌游助教”“新体验”“陪玩”等服务。有的商家直接展示大量性感美女图片，穿着颇为暴露、动作诱惑；有的商家将具体服务项目介绍及服务者的照片打包在网盘中，然后向顾客分享网盘文件的小程序码，扫描后才可查看。 具体如何服务？一些商家遮遮掩掩，一些商家则明码标价。 记者与一家经营“桌游助教”的商家线上交流时，对方介绍称，他们提供“朦胧手感服务”和“极致手感服务”，能让客户“尽情探索”。在记者一再追问下，对方才详细告知，“朦胧”是指隔着衣服与店员发生肢体接触，“极致”则是直接发生肢体接触。 而在归属地显示为湖北武汉的一家“恋爱体验馆”内，记者注意到，其提供的“女仆影院”服务，一次价格为399元，顾客可以与“女仆”店员发生肢体接触。 甚至有“恋爱体验馆”将“女仆”划分等级，不同等级的“女仆”及服务对应不等的价格。如100元至400元为初级女仆，可陪同玩游戏，允许牵手，拥抱、搂腰等；400元至600元为中级女仆，可进行亲吻、抚摸等；700元至800元为高级女仆，可深入搂抱、亲吻、喂食等。该商家称：店内严禁黄赌毒。 记者近日以应聘“女仆”工作为由联系某“恋爱体验馆”，店家介绍工作内容包括：每日上班化好妆，换上店内提供的统一女仆制服，站在店门口迎接客户到来。“能不能接受接吻、拥抱、抚摸等肢体接触行为？本店有陪同外出服务，店里只负责把客户交给你，外出后具体事宜店里不负责。”店家称。 来自江苏南京的吴欣(化名)在高考结束后就差点成了一名“女仆”。她本来想找份兼职赚点零花钱，发现网络平台上一家名为“女仆助教馆”的店铺长期招聘兼职，便前往面试。“面试人员直接跟我说，每小时劳务费350元，会有不同程度的身体接触，不可以拒绝客户，能接受就来上班。店里有不少像你这样的人。”吴欣回忆道，她吓得赶紧跑了。 在北京工作的曹玉(化名)曾在这类店里做过“女仆”。她告诉记者，“女仆”分等级，等级越高工资越高。“虽然当时店里明面上不允许客户与店员发生身体接触，但是大家心里都明白。” 记者在某内容平台上搜索“女仆”“女仆店”等关键词，搜索结果弹出大量引流文案以及打卡探店视频。翻阅“女仆店”关键词下前50名用户的分享内容，其中以分享“女仆店”内日常和招聘信息为主，并且有18名用户的分享内容为穿着性感可爱的女性对镜自拍及他拍，镜头时常对准女性的腿部、胸部、臀部等身体部位。 山东德衡律师事务所主任姜保良说，通过对“情感”“娱乐”等进行“陪聊”“陪护”和“陪伴”来换取报酬的行为，属于典型的“有偿陪侍”。对于有偿陪侍行为，《娱乐场所管理条例》规定，娱乐场所及其从业人员不得实施提供或者从事以营利为目的的陪侍行为，不得为进入娱乐场所的人员实施前述行为提供条件。如有违反，由公安部门没收违法所得和非法财物，责令停业整顿3个月至6个月；情节严重的，吊销娱乐经营许可证，对直接负责的主管人员和其他直接责任人员处以罚款。 北京天驰君泰律师事务所高级合伙人、北京市文化娱乐法研究会常务理事董媛媛分析称，法律明确禁止提供或者从事以营利为目的的陪侍行为，有肢体接触的所谓恋爱体验服务，已经超出了打“擦边球”的范围，属于“有偿陪侍”行为。此外，她提出，要警惕这类服务中可能存在的卖淫嫖娼行为，根据治安管理处罚法规定，卖淫、嫖娼的，引诱、容留、介绍他人卖淫的，将承担拘留、罚款的行政处罚；根据刑法规定，视情节不同，可能会构成组织卖淫罪，引诱、容留、介绍卖淫罪等罪名，将承担有期徒刑、拘役或管制等的刑事处罚。 “对于不存在卖淫等色情服务的有偿陪侍行为，处罚对象限于涉事娱乐场所和直接责任人，陪侍和被陪侍的当事人仍以批评教育为主。虽然商家宣传中强调不存在色情违法服务，但不排除部分商家以所谓恋爱服务、有偿陪侍为诱饵提供卖淫服务，或者明知从业人员提供卖淫服务仍提供卖淫场所或居间介绍。”姜保良说，如存在上述情况，商家负责人等相关人员则可能构成组织卖淫罪、协助组织卖淫罪或引诱、容留、介绍卖淫罪，将被依法追究刑事责任。 对于“女仆”着装性感的问题，姜保良说，商家有权决定工作人员的着装，比如一些餐饮店工作人员以古装、动漫着装为特色，但如果工作人员的着装到了故意裸露身体敏感部位的程度，可以根据治安管理处罚法对商家进行处罚。 未成年人保护一直是社会关注的重点。当记者以“自己不满18岁能否去体验一下”时，有3户商家表示“没事的”。据曹玉透露，有商家明知对方是未成年人，仍然接受其作为“女仆”在店里工作。 “未成年人保护法规定，禁止对未成年人实施性侵害、性骚扰，禁止胁迫、引诱、教唆未成年人从事违法犯罪活动。”董媛媛说，商家如果引诱、教唆未成年人接受其提供的色情服务，则属于违法行为。 “未成年人保护法还规定，营业性歌舞娱乐场所、酒吧、互联网上网服务营业场所等不适宜未成年人活动场所的经营者，不得允许未成年人进入。经营者应当在显著位置设置未成年人禁入、限入标志；对难以判明是否未成年人的，应当要求其出示身份证件。”董媛媛提到，这些店铺属于不适宜未成年人活动的场所，法律明确规定不得允许未成年人进入，店铺经营者允许未成年人进入同样属于违法行为。 姜保良说，《娱乐场所管理条例》规定，歌舞娱乐场所不得接纳未成年人。《互联网上网服务营业场所管理条例》规定，互联网上网服务营业场所经营单位不得接纳未成年人进入营业场所。娱乐场所提供有偿陪侍是违规行为，向未成年人提供相关服务更是相关规定所禁止的。 “未成年人保护问题不仅需要关注向未成年人提供服务的问题，同样需要关注组织未成年人提供服务的问题。”姜保良说，娱乐场所组织成年人进行有偿陪侍仅是行政违法行为，而组织未成年人在娱乐场所有偿陪侍的行为人则可能触犯刑法，构成组织未成年人进行违反治安管理活动罪。 记者就此联系了部分相关平台，其工作人员表示，平台对于商家的资质核查有机器和人工两种方式，商家上线需要提供身份证、正规营业执照等，并与平台签订合规经营协议。 “但是，商家上传的材料怎样才算‘擦边’或‘涉黄’，目前尚且缺乏一套明确的标准，平台也是‘摸着石头过河’。”该平台工作人员说。 多名受访专家指出，对于此类违反法律法规、违背社会公序良俗的现象，需要法治与德治共同发力，监管部门应当坚持执法必严、违法必究，提高商家的违法成本，同时进一步提升价值观的导向作用，树立良好的社会风尚。 在姜保良看来，线上平台不仅是被监管方，还应当承担更多协助监管的责任，可参考网络侵权的“红旗原则”和“避风港原则”，由平台来承担对明显违反法律法规的宣传不予审核通过以及对已公开的违规产品或商家及时下架、清理的责任。 董媛媛则建议，平台应当加强商家入驻的审核管理。即使由于商家在申请入驻时提供的资料信息并不包含色情内容，而导致顺利通过平台审核，平台也应在后续管理中进行筛选，对提供色情服务的商家进行及时关停处理。平台在管理和筛选时，除了利用关键词触发等技术手段之外，还可以建立专门小组，通过浏览店铺详情、用户评价等方式，寻找并处理相关店铺。 “监管部门也应当加强对平台的监管和督促，出台相关指导文件或行业规范，并根据法律法规的规定，采取约谈、处罚等方式，督促平台加强对商家的审核管理。”董媛媛说。,3340,https://www.chinanews.com.cn/sh/2023/09-06/10072801.shtml,恋爱;对象
China News Service,2023-09-06,申领生育津贴不用结婚证，多地放宽限制,中新网 北京9月6日电 (邵萌)多地享受生育保险和津贴的限制进一步放宽。 重庆市医保局近日印发《关于优化生育保险经办服务有关事项的通知》称，9月1日起，对参保人员申领生育保险相关待遇，不再收取生育服务证、再生育服务证、结婚证。 在给非婚生育女性领取生育津贴“松绑”之外，近期亦有地方明确生育险覆盖灵活就业人员。贵州省医保局近日发布《关于完善生育保障制度的通知》，明确10月1日起，将灵活就业人员纳入生育保险保障范围。同时要求参保人生育保险待遇享受与个人婚姻情况全面脱钩。 中新网 梳理发现，不少地区对非婚女性申领生育保险的限制已悄然放开。浙江、天津、江西等地已明确将灵活就业人员纳入生育保险保障范围。 “五险一金”中有一个专门的险种——生育保险，生育保险包括生育医疗待遇及生育津贴两部分。据国家医保局披露，2022年，全国参加生育保险2.4亿人。然而多年来，一些女职工生育却因未婚、意外被裁等原因，被挡在这张“保护网”外，无法享受生育保险待遇。 近几年，未婚妈妈争取生育保险的案例频频引发社会关注，一度登上热搜。例如，2021年9月8日，深圳单身妈妈梦梦(化名)将起诉深圳市卫生健康委员会的立案材料寄至法院，争取自己享受生育保险相关待遇。据媒体报道，2022年6月，在法院协调下，当事人已领取到生育医疗和生育津贴。此前，上海等地也有相关案例。 法庭之外，改变也在发生。去年8月16日，国家卫健委等17个部门联合发布《关于进一步完善和落实积极生育支持措施的指导意见》(简称《指导意见》)，明确“国家统一规范并制定完善生育保险生育津贴支付政策”，并提到“有条件的地方可探索参加职工基本医疗保险的灵活就业人员同步参加生育保险”。 在第二天举行的国家卫健委新闻发布会上，国家医保局待遇保障司副司长刘娟针对领取生育津贴的门槛问题回应称，社会保险法遵循权利和义务对等，只要履行了生育保险的缴费责任，国家层面在待遇享受方面是没有门槛的。“可能有一些地方有提供生育服务相关材料的要求，后续国家医保局将会同相关部门跟踪有关情况，更好保障参保人的合法权益。” 尽管落地执行仍需一段时间，但 中新网 注意到，目前已有多地放开对非婚女性申领生育保险的限制，出台了例外条款或减少了文件要求，与国家政策“接轨”。 据西安市医保局官网8月1日消息，西安市医保局、西安市财政局7月24日印发《关于优化调整生育医疗保障待遇有关政策的通知》，明确参保女职工享受生育保险或参保妇女享受城乡居民基本医疗保险生育医疗待遇，不受结婚登记或生育登记等其他条件限制。 湖南省株洲市医疗保障事务中心7月12日印发《关于进一步规范生育保险待遇申领材料的通知》，明确规定株洲生育保险待遇申领材料不再需要结婚证和准生证，并要求自《通知》下发之日起施行。 据 中新网 不完全统计，除了上述两地外，广东、上海，以及江苏徐州、山东威海等地也已明确申领生育保险与结婚登记脱钩。 此前，相较于在职职工，灵活就业人员不在生育保险法定覆盖范围，往往需要承担更多的生育成本。而随着新业态、新经济的发展，灵活就业女性群体规模扩大，关于灵活就业人员的社会保障问题也引发关注。 国家卫健委等17部门去年8月16日印发的《指导意见》提到，“有条件的地方可探索参加职工基本医疗保险的灵活就业人员同步参加生育保险”。 2022年6月30日，浙江省医保局和财政厅联合印发《关于助力“浙有善育”促进优生优育工作的通知》，明确以在职职工身份参加杭州市职工基本医疗保险的无雇工的个体工商户、非全日制从业人员以及其他灵活就业人员同步参加生育保险。 此后，多地灵活就业人员享受生育保险的限制进一步放宽。目前，除贵州外，天津、上海、江西等地也明确将灵活就业人员纳入生育保险保障范围。(完),1545,https://www.chinanews.com.cn/sh/2023/09-06/10073276.shtml,结婚登记;婚姻;结婚;单身
People.cn,2023-09-07,人们择偶更倾向于选择与自己相似的人--经济·科技--人民网,新华社北京9月6日电俗话说：“物以类聚，人以群分。”最近美国一项新研究似乎肯定了这一说法。这项研究分析了数百万对夫妻或异性伴侣的相关数据后发现，人们更倾向于选择与自己相似而非不同的人。研究结果揭示了可能塑造人类关系的无形力量，对遗传学领域研究具有启示意义。 美国科罗拉多大学博尔德分校等机构的研究人员分析了199份相关调查结果和英国生物医学数据库的部分数据，涉及数百万对夫妻或异性伴侣的130多个特征，这些数据的时间跨度超过一个世纪。研究发现，在调查分析的包括政治倾向到药物使用习惯等特征中，夫妻或伴侣双方在82%到89%的特征中显示出相似性。只有在3%的特征上，更多人选择了与他们特征类型不同的人。该研究没有涉及同性伴侣。 发表在英国《自然·人类行为》期刊上的这项研究结果显示，夫妻或伴侣双方在政治、宗教态度、受教育程度和部分智商指标等特征上显示了尤其高的相关性。与药物使用有关的特征也显示出很高的相关性，如重度吸烟者、酗酒者和禁酒者倾向于与有类似特征的人结合。身高体重、医疗状况和性格特征的相关性虽然要明显低一些，但仍保持正相关。 “遗传学中的许多模型都假设人类择偶是随机的。这项研究表明，这种假设可能是错误的，”论文第一作者、美国科罗拉多大学博尔德分校心理学和神经科学系博士研究生塔尼娅·霍维茨说，“这些发现表明，即使有时候我们认为是我们自己选择了一段感情，但也许这背后也有我们没有意识到的某些机制在起作用。”,608,http://finance.people.com.cn/n1/2023/0907/c1004-40072497.html,择偶;伴侣;夫妻
China News Service,2023-09-08,中国严打组织外国人婚姻诈骗 “夏季行动”抓获犯罪嫌疑人863人,中新社 北京9月8日电 (记者 马帅莎)中国国家移民管理局8日召开新闻发布会。记者从会上获悉，国家移民管理局将打击整治组织外国人婚姻诈骗纳入全国公安机关夏季治安打击整治行动(以下简称“夏季行动”)，建立17起部督重大专案，抓获涉案中外籍违法犯罪嫌疑人863人，对其中334人采取刑事强制措施。 国家移民管理局外国人管理司副司长柳佳当天表示，近年来，在中国中西部省份部分农村地区，一些不法分子选择大龄未婚男青年为目标，以婚姻介绍为幌子，组织毗邻国家外籍女性与受害人见面相亲，在骗取受害人信任并支付大额“彩礼”费用后伺机逃跑，流窜外地继续实施作案。 为严厉打击此类违法犯罪活动，有力震慑境内外不法人员，国家移民管理局将打击整治组织外国人婚姻诈骗纳入“夏季行动”，建立17起部督重大专案，会同刑侦等部门连续发起集群战役，组织多次集中收网，成功打掉了一批违法犯罪团伙，抓获涉案中外籍违法犯罪嫌疑人863人，对其中334人采取刑事强制措施。 此外，国家移民管理局边防检查管理司副司长李涛表示，今年以来，口岸边境非法出入境活动呈上升趋势，呈现出新特点。 特点主要体现在三方面。一是网上“高薪”诱骗信息泛滥猖獗。不法分子在网上大量发布商务、劳务、留学、高薪招聘等虚假广告信息，诱骗国内公民出境从事赌诈活动。 二是国内部分人员不明真相梦想“一夜暴富”。部分人员对境外赌诈等非法活动不了解、对法律知识不掌握，在境外高薪等诱惑下出境“淘金”欲望强烈，梦想着快速致富，有一些青少年也被裹挟其中。 三是跨境违法犯罪催生“黑灰”利益链条。受高额利益驱使，围绕口岸边境偷渡违法犯罪，境内外逐渐形成了招募、组织、运送、中转等非法利益链条和为偷渡活动提供资金、物资、技术等黑灰产业市场，为不法分子实施跨境违法犯罪活动提供了便利条件。 据国家移民管理局边防检查管理司副司长刘杰介绍，2023年初以来，国家移民管理局会同相关警种部门接续开展深入打击妨害国(边)境管理犯罪“獴猎”行动-2023，截至目前，全国共立妨害国(边)境管理犯罪案件25838起，共抓获犯罪嫌疑人44302人，查处犯罪团伙1620个，捣毁中转窝点758处，查扣涉案交通运输工具1955辆(艘)。(完) 【,920,https://www.chinanews.com.cn/sh/2023/09-08/10074432.shtml,婚姻;彩礼;相亲
People.cn,2023-09-10,江西南昌：结婚登记集体颁证 “小仪式”透出“新风尚”,人民网南昌9月10日电（记者时雨）清雅的花藤、金色吊球、森系路引，花影摇曳洒下一片温馨。在亲朋好友的见证下，新人们宣誓，氛围感拉满。这是9日发生在江西省南昌市红谷滩区民政局婚姻登记处西式浪漫花园颁证厅的一幕。 九月九日寓意“天长地久”，新人们早早就将结婚登记定在这一天。红谷滩区民政局婚姻登记处精心准备，为前来登记结婚的新人举办了“爱在久久”集体颁证仪式。随着《婚礼进行曲》响起，8对新人携手走进颁证大厅，在庄严的国徽下，新人们一起宣读结婚誓言，知悉夫妻双方的权利与义务，许下一生爱的承诺。 这次结婚登记集体颁证仪式，是弘扬婚俗改革新风尚的颁证仪式，也是倡导社会主义核心价值观的示范仪式，旨在通过庄严而隆重的颁证仪式，引导新人们感悟铭记婚姻缔结之神圣、婚姻家庭之责任、婚姻和谐之美好，弘扬中华民族忠贞爱情、家庭和睦的优良传统，倡导健康文明、简约适度的婚俗文化，让良好的家风在每一个家庭薪火相传。 据悉，红谷滩区民政局婚姻登记处经过改造升级于9月4日起在新址办公。新办公场地是按照国家5A级标准打造的集婚姻登记、婚姻文化展示、颁证服务、婚姻家庭辅导、婚前医学检查为一体的婚姻登记处。内设国风古韵中式颁证厅和西式浪漫花园颁证厅，使新人们的登记过程更有仪式感。登记处还配备了南昌市首台婚姻登记智能自助服务终端，办事群众可以自助办理登记业务，免去排队等候时间。,576,http://jx.people.com.cn/n2/2023/0910/c190260-40564828.html,婚姻登记;结婚登记;婚姻;结婚;婚俗;夫妻;婚礼
China News Service,2023-09-11,婚姻最大的意义就是把日子过好,能把日子过好的夫妻，婚姻都不会太差，只要用心过日子，婚姻就已经有了意义 婚姻里有一种常见的僵局，就是彼此互不满意。许多夫妻甚至会用一生的时间来证明是对方错了，自己跟着对方受了无尽的委屈，婚姻是因为自己的委曲求全才得以维系。 有这样的矛盾，皆源于不清楚婚姻的本质。实际上，婚姻就是两个人的结合。结合的目的不是演绎浪漫桥段，而是找一个人与自己把之后的日子过下去。换句话说，婚姻最大的意义，其实就是“过日子”。 “爱情是精神生活，婚姻是现实生活。”有许多恋人相爱时如胶似漆，一旦融入生活，滤镜都会被打破，加上生活的琐碎多多少少会让人无奈，这才有许多恋人恋爱时甜蜜结婚后生怨。 其实不能。因为无论和谁结婚，最后都要融入彼此的生活，过日子本身就是婚姻的必然展开方式。只有爱情真正融入生活，彼此更愿意努力为这个家付出，为未来的生活打好基础，才算触碰到了婚姻的本质。 所有的婚姻，都逃不开过日子，婚姻的好坏，也是过日子的方式所决定的。而质量高的婚姻，需要的不仅仅是“过日子”，而是更深层次的“过好日子”，做到这一点，其实并不容易。 几乎每对刚刚迈入婚姻殿堂的夫妻，都试图把未来的日子过好，但不是每对夫妻都能做到，因为“把日子过好”要讲究方式。 有些人只在乎自己的日子如何，不如意时才会对伴侣百般挑剔，这样过不好日子。有些人太在乎伴侣的感受如何，总是试图讨好对方换得婚姻稳定，这样也难以过好日子。 前者在于忽略了伴侣的感受，没有把彼此当成“共同体”，后者在于忽略了婚姻的整体性，偏爱会惯坏对方。 生活是有大方向的，而生活的大方向，直接决定一段婚姻最后的走向。所以过好日子的第一步，就是把控好婚姻这条船的大方向，如要不要放弃工作，该不该在拮据时生孩子，要不要为了另一半远赴他乡。 同样重要的一点在于经营婚姻的方式，其中最主要的便是应对矛盾的处理措施。 美国婚姻教皇约翰·戈特曼曾说：“即便是在幸福美满的婚姻中，夫妻同样需要应付大量的问题……不幸的是，婚姻生活中的绝大部分冲突都是永久性的，准确地说，这个比例是69%。” 夫妻之间必然有矛盾，这是再恩爱的夫妻也躲不过的差异，而想要过好日子，就应该在矛盾产生的时候先进行理性判断和思索。 通俗一点的说法是：比起站在自己的角度据理力争，更应该学会去了解对方的想法。 对于所有夫妻而言，矛盾也许永远无法消除，但我们可以做到的，是尽可能缩小矛盾造成的负面影响。 最后一点也是最重要的一点，那就是要降低自己的期待。 总有人希望婚姻能为自己遮风挡雨，渴望爱情能治愈自己内心的伤。但能拉自己出泥潭的，只有自己。 对婚姻的期待越高，才会在另一半不那么完美的时候越发觉得不如意，反而是降低期待，把对方当成普通人，婚姻更容易如意。 能把日子过好的夫妻，婚姻都不会太差，所以不要高估婚姻，只要用心过日子，婚姻就已经有了意义。 【,1168,https://www.chinanews.com.cn/sh/2023/09-11/10075575.shtml,婚姻;结婚;恋爱;伴侣;夫妻;恋人;另一半
People.cn,2023-09-13,新人临下班去婚姻登记处领证被拒 工作人员已道歉--领导留言板--人民网,近日，有网友在人民网“领导留言板”给内蒙古自治区赤峰市宁城县委书记留言称，其于2023年9月1日上午11点20分，到婚姻登记处要办理结婚证，“但是工作人员说下班了，直接锁门走了”。 对此，9月4日，中共宁城县委办公室发布回复称，该网友反映的问题已责成宁城县民政局进行了调查办理。 关于婚姻登记服务问题，宁城县民政局将从优化服务流程、改善服务态度入手，严格要求各窗口工作人员加强服务规范培训，进一步规范服务行为，提升服务水平与质量，坚决杜绝此类问题再次发生。 下一步，宁城县婚姻登记服务中心将强化服务培训力度，提升服务意识，以优质高效的服务为广大群众服务。 近日，宁城县婚姻登记服务中心工作人员已就相关问题向该网友进行了道歉与沟通说明。 据了解，宁城县婚姻登记服务中心工作时间为，夏季：周一至周五上午 8:00-11:30，下午14:30-17:30；冬季：上午 8:00-11:30，下午14:00-17:00（法定节假日除外）。（,416,http://leaders.people.com.cn/n1/2023/0913/c58278-40076655.html,婚姻登记;婚姻;结婚
People.cn,2023-09-15,婚姻登记处临下班拒绝办证 别再让官僚主义作祟,近日有网友反映，9月1日上午11点20分，到内蒙古自治区宁城县婚姻登记处办理结婚证时，工作人员说下班了，直接锁门走了，引发公众关注。记者了解的情况是，该登记处规定的办证时间为周一至周五，夏季为“8:00-11:30、14:30-17:30”。事后，宁城县民政局召开警示大会，对婚姻登记服务中心的涉事工作人员及责任人进行了批评教育和处罚，取消本年度个人的评优、评先和晋级资格，扣罚涉事工作人员全年的一次性津贴，扣罚责任人6个月的一次性津贴，等等。（长城网 9月8日） 明明还有10分钟才到下班时间，工作人员直接锁门走人，这种做法的确很是气人。作为公务人员，上班不能迟到早退，这是基本常识，也是工作纪律，就算临近下班“饥肠辘辘”“归心似箭”，还没有到准点就提前关门、停止办公，也是不合制度规定的。更何况，还有新人在一旁等候办证，按照平均10分钟左右的办理时间，再慢也耽搁不了多久，怎么就一刻也等不及了？ 表面上看，工作人员临近下班不办证，这是一个不按时上下班、违反工作纪律的问题，但从根子上看，还隐约闪动着官僚主义的影子。在有关工作人员看来，办证是自己手中的权力，想怎么着就怎么着。须知，权力来自人民，权力必须服务人民。“衙门化”“功利化”的工作作风，背离了全心全意为人民服务的宗旨。 我们党历来是反对官僚主义的，党的十八大以来，专门部署推动纠治形式主义、官僚主义为基层减负工作，取得了明显成效。与此同时也要看到，官僚主义具有顽固性、反复性，特别是在为群众服务方面，不作为、慢作为、乱作为等现象仍会出现。之前一些地方公布的典型案例，令人颇感惊讶，甚至匪夷所思，有的市民为了社保退费，“先到街道社保办，再到政务中心，再去县社保局，又跑回街道……来来回回跑了10多趟，还没解决问题”。 这些事件曝光之后，有关部门对涉事工作人员及责任人进行了惩处，既是对不良现象的立查力纠，也有利于改进作风、密切联系群众，树立党政部门的良好形象。对广大党员、政府工作人员而言，这些案件，也是反对官僚主义、正风肃纪的生动课程。（欧阳雨晨）,855,http://yn.people.com.cn/n2/2023/0915/c372441-40571589.html,婚姻登记;婚姻;结婚
CCTV,2023-09-17,二季度全国婚姻登记数据：结婚离婚同比分别增加15.6万对、17.8万对,9月15日，民政部网站公布了2023年2季度民政统计数据。数据显示，今（2023）年2季度，全国结婚登记178.1万对，离婚登记67.6万对。 与今年1季度相比，今年2季度全国结婚登记数量减少36.6万对，离婚登记数量增加3.5万对；而与去年2季度同期相比，两项数据同比分别增加15.6万对、17.8万对。 近年来，全国结婚人数创新低的消息引发广泛关注。 根据民政部数据统计，我国的结婚数据在2014年就开始逐年下降，2013年为1346.93万对，2019年跌破1000万对大关，2021年为763.6万对，跌破800万对大关。2022年，全国结婚登记数量为683.3万对，较上一年减少80.3万对，下降约10.5%。,310,https://news.cctv.com/2023/09/17/ARTIcRUAg8ImI9xPuNsdbHWM230917.shtml,婚姻登记;结婚登记;婚姻;结婚;离婚
People.cn,2023-09-17,这起案件办理给婚姻登记带来新变化--社会・法治--人民网,本报讯（记者李钰之 见习记者牛秀敏 通讯员游鑫洋）近日，重庆市江北区检察院检察官再次来到区民政局走访，看到这里发生了一些变化：婚姻登记窗口配备了人脸识别、指纹识别等设备，能精准识别前来办理婚姻登记的人员身份。 “我们已将婚姻登记数据库联网，能够快速识别出重复登记、弄虚作假等情况。”民政局工作人员介绍。这些变化，源于一桩“撤销不了的婚姻登记”。 2002年，在婚介所的介绍下，小杨与自称“柯某”的男子相识、相恋，并于2006年生下一女。孩子一天天长大，为方便孩子上学，2010年1月7日，该男子使用“柯某”这个身份与小杨在民政局登记结婚。不承想，7个月后，该男子因伪造证件、重婚而入狱。至此，小杨才知道自己的丈夫一直戴着“面具”生活，他真名叫周某，早在2004年就已同他人结婚。 小杨多次向法院和民政局申请撤销与周某的婚姻登记，但始终无果。2022年12月13日，忐忑不安的她走进了江北区检察院的12309检察服务中心…… 为弄清小杨撤销婚姻登记申请被驳回的原因，承办检察官王丽娴来到江北区法院走访。“由于男方虚构身份，小杨实际上是与一个不存在的民事主体办理婚姻登记。”承办法官解释，小杨和周某之间本就不存在法律意义上的婚姻关系。 “根据最高人民法院、最高人民检察院、公安部、民政部制发的《关于妥善处理以冒名顶替或者弄虚作假的方式办理婚姻登记问题的指导意见》，检察机关根据调查核实认定情况、监督情况，认为婚姻登记存在错误应当撤销的，应及时向民政部门发送检察建议。”王丽娴告诉记者，今年3月6日，该院向江北区民政局制发检察建议，建议纠正对小杨错误的婚姻登记行为。 10天后，一个好消息传来：民政局撤销了13年前的那桩婚姻登记，困在无效婚姻里的小杨终得“解绑”。这一刻，她不禁喜极而泣…… 案件办理至此，检察官并未止步。“如何才能避免更多的无效婚姻纠纷？我们要握紧行政机关的手，形成守护婚姻的合力。” 于是该院建议民政局完善数字化设施，通过技术手段有效识别冒名顶替、弄虚作假等情况，这才引发了文章开头提到的变化。,854,http://society.people.com.cn/n1/2023/0917/c1008-40079385.html,婚姻登记;婚姻;结婚;婚介;重婚
CCTV,2023-09-20,上半年全国结婚人数达392.8万对 甜蜜经济大幅升温,近年来，全国结婚人数持续下降的消息引发广泛关注。今年以来，我国结婚人数有何变化？ 民政部网站近期的公布的数据显示，今年上半年，我国结婚登记人数为392.8万对。其中，第2季度（4-6月份）全国结婚登记178.1万对。数据显示，2022年上半年，我国结婚登记人数为373.2万对，因此今年上半年我国结婚人数同比增加了19.6万对。 值得注意的是，从全年数据来看，2013年达到1346.9万对的最高峰后，结婚人数连续9年下降。这其中，2019年我国结婚人数跌破1000万对、2020年跌破900万对，2021年跌破800万对，到2022年则跌破了700万对大关。从数据来看，2022年结婚登记人数比上一年减少了80.3万对，下降10.5%。 在专家看来，今年上半年结婚人数的增加，与2022年第四季度受疫情等因素，一部分人推迟到今年上半年结婚有关，导致了今年上半年结婚人数小幅上升。 相比结婚登记，包括婚宴在内的婚庆经济受延迟效应影响更加明显。例如，有不少人在去年乃至更早之前已经登记结婚，但到今年才补办婚宴。今年以来，婚庆经济出现明显回暖，婚宴酒店“一席难求”，婚纱摄影迎来“爆单”，甜蜜经济持续升温。 “今年上半年我都参加了好几场婚礼。” 广东省体制改革研究会执行会长彭澎对第一财经分析，今年婚庆经济大幅回暖，婚庆经济也是一个很长的产业链，包括酒店、车辆、婚庆公司等相关行业。 “甜蜜经济”升温的热潮带动了婚礼策划、摄影摄像、婚宴酒店、婚宴用品、黄金珠宝、鲜花蛋糕等婚庆产业链上各个环节的火热。在北京工作、今年结婚的吴慧（化名）说，今年去拍婚纱照的时候有好多人去拍，婚纱摄影店的生意十分火爆。 百度搜索指数显示，2023年5月，婚宴酒店搜索量同比上涨285%，婚纱摄影搜索量同比上涨126%。今年7月4日，美团发布2023年结婚行业新洞察。美团数据显示，今年以来，结婚行业供需两端回暖显著，广东、江苏、山东是结婚消费最活跃的三个省份，平台上收录的婚纱摄影店、婚宴商户数持续增长。 人口专家、广东省政府参事室特约研究员董玉整说，近年来，我国倡导构建新型婚育文化，积极为青年婚恋交友提供各种暖心举措，为年轻人婚恋创造更好的氛围，接下来仍要积极做好相关工作。 其中，目前一些地方也开始奖励结婚，虽然发放的钱不多，但对于鼓励年轻人结婚仍然有象征性的积极意义。比如，浙江省常山县出台的措施提出，对于在该县双方均为初次结婚登记且女方年龄在25周岁及以下的夫妇（至少一方为常山户籍的），将给予1000元的奖励。今年4月，浙江绍兴市上虞区推出13条优化生育政策，包括“对每对在上虞区登记结婚的夫妇给予价值1000元的礼包”。 在婚姻登记管理领域，今年扩大了内地居民婚姻登记“跨省通办”试点，试点范围由7个省份扩大到21个省份，覆盖了我国总人口的78.5%。,1171,https://news.cctv.com/2023/09/20/ARTIfQ3wnLy9I3Z7X6qvIBtz230920.shtml,婚姻登记;结婚登记;婚姻;结婚;婚恋;婚育;婚礼
People.cn,2023-09-20,彩礼不在价高在情真,毋庸置疑，彩礼是传统婚俗的一个重要环节。古时候，作为男方家庭给女方家庭的一种象征性礼物，彩礼的类型通常有金银珠宝、绸缎、布匹、家具，更多的是表达一份尊重和感激。如今，个别地方彩礼礼金不断攀升，逐渐演变成为一种攀比和面子的象征，引发社会不少争议。 更有甚者，有些家庭为筹集高价彩礼，耗费几代人的物力财力，甚至四处举债。这不仅给原生家庭带来巨大经济压力，还为新婚家庭关系埋下了隐患。 婚姻是建立在爱情、平等和共同成长的基础上，而非以金钱为中心。彩礼仅仅是当事人出于真实感情自愿、主动赠与的礼物或礼金。显然，高价彩礼已偏离传统习俗的本意和婚姻的本质，给婚姻添上了过重负担。因此，理应采取措施，尤其是在出现高价彩礼现象的地方开展重点整治，倡导彩礼回归婚姻本质，在全社会营造彩礼的价值不在价高而在情真的共识。 需在选树和宣传典型上持续下功夫。近期我省评选出了移风易俗“五个100”先进典型，并举办发布活动，社会反响热烈。不难看出，绝大多数群众内心对高价彩礼现象极为反感。党委、政府相关部门应加强宣传教育，通过对具体案例的有效干预，树立起正反两方面典型，引导群众更注重婚姻的感情基础，摒弃攀比和面子心态，树立正确婚姻观。 持续推进男女平等基本国策的宣传教育，同样不可忽视。当下社会已经是一个男女越发平等的社会，男女双方是以平等的关系缔结婚姻、组建家庭。在这种婚姻关系下，彩礼就更是一份心意和态度。家庭和学校要对青少年强化男女平等基本国策的宣传教育，绵绵用力、久久为功，让高价彩礼在今后成为“无源之水”。 对年轻人新近出现的个性化解决方案应鼓励提倡，从而摆脱对彩礼的过度重视。每个家庭的经济状况和价值观不同，要鼓励倡导新婚夫妇根据自身情况，协商确定合适的彩礼方式，比如减少彩礼金额、选择体现心意且有纪念意义的礼物替代礼金等，倡导婚俗新风。 彩礼有价，真爱无价。彩礼固然能为新婚家庭提供一定的物质保障，但更应看到，婚姻的本质是爱情，真切的感情不是小爱，还包含双方原生家庭的愉悦链接，而非平添负担痛苦。是时候，让婚姻回归爱情了。（卞 晔）,860,http://jx.people.com.cn/n2/2023/0920/c186330-40577242.html,高价彩礼;婚姻;结婚;彩礼;婚俗;重婚
China News Service,2023-09-25,单身青年规模、特征及其影响,“单身社会”被西方学者用以描述“单身人口在大城市里越来越多并逐渐赶超核心家庭数量”的现象。相比西方，家庭制度在东亚地区历来在阐明一般社会关系和生活安排方面发挥着重要的作用。当前，我国单身青年规模的大幅增长已经引发了社会对其未来生活的关注，并激起了对更宏观的家庭婚姻制度的讨论。 根据第七次全国人口普查数据，2020年我国男女两性的初婚年龄达到29.38岁和27.95岁，创历史新高。同时，20—49岁未婚人口规模达1.34亿人，同年龄组中一人户的数量也迅速扩增，达到5897万户，社会个体化趋势明显。我国单身青年人口规模逆趋势上升，对该人群特质的探讨不仅是把握当前人口形势的必然要求，也是进一步理解未来单身社会演进的前提与基础。本文综合历次人口普查数据与大型调查数据，从人口特征、社会经济生活与家庭私人生活三大维度刻画当前20—49岁单身青年的特征与演进态势，并重点关注35—49岁晚婚与不婚的青年实践者，为理解我国社会个体化的发展进程提供重要线索。 基于历次人口普查数据以及大型调查数据，从人口、社会经济与家庭生活三大领域入手，基于社会与人口模式的探讨以及趋势分析，研究认为，中国向成年过渡的生命历程呈现日益多样化的形式，越来越多的青年选择晚婚、不婚以及独立居住，使其处于单身的时长在生命周期中不断拉长，但影响个体化进程的因素在不同人群中作用强度不同，差异性与共性并存。 具体而言呈现出如下七大特征：一是单身青年人口规模逆势增长，其中35—49岁年龄段增长幅度最大。这是婚姻不断推迟、结婚率持续走低的结果。二是单身青年总体的人力资本与城镇化水平持续升级，但在宏观社会环境与微观社会经济地位作用下逐渐分化，呈现出“被动单身”与“主动选择”并存的情境，且极化加剧。三是单身青年的就业状态和就业质量整体弱于青年总体，体现了就业对婚姻的促进作用，但该作用主要体现在35岁以下的青年中。35岁以上单身青年就业质量存在两极分化，但整体水平逐渐接近于青年总体，表明“主动选择”型单身青年比重的增加。四是无论主动还是被动处于单身状态，单身青年的财富状况整体较青年总体差，对应着其较低的未来信心、主观收入与地位认知，彰显出单身青年相对弱势的社会心态。五是在居住方式上，单身青年独立性提高，单人立户水平上升，但存在城乡分化。城镇单身青年变得更加独立于原生家庭，但农村单身青年反而在居住上更依赖原生家庭。六是单身青年在生活态度上呈现“弱家庭、强自我”的特征，向成人过渡的生命事件发生延迟，其闲暇生活更加丰富，也更关注自我的提升。七是单身青年社交网络与朋友绑定更为密切，但也存在以家庭为代表的强社会关系支持的潜在脆弱性。 单身青年规模的不断增长会推动社会的进一步变革 我国现阶段单身青年规模的上升，其主要动力还是婚姻的推迟。换言之，由于青年从成年到进入婚姻的时间被不断拉长，群体层面处于单身状态的青年规模和占比均呈现持续增长的态势。以日本和韩国2020年的平均初婚年龄为参考，我国的婚姻推迟还将持续，并将进一步推高单身青年的比例。但需要看到的是婚姻仍然是中国青年当前的主流选择。即便单身青年的规模持续上升，中国离严格意义上的“单身社会”——单身成为个体不容忽视的选择的社会情境——还有一定的距离。 中国单身群体内部存在极大的异质性，揭示出单身青年规模扩大的背后交织着复杂的社会进程。无论是由于性别比失衡以及梯度婚姻造成的婚姻挤压，还是类似发达国家的“劣势模式”现象，都指向了“被动单身”情境下的单身青年。因为社会经济地位的天然劣势，这个群体很难达成婚配的目标。需要指出的是，这并不是社会发展中的新现象，但随着婚姻的物质门槛被不断推高，婚姻挤压还有加剧的趋势。那些“主动选择”情境下的单身青年，通常具有较高的受教育水平。这也催生了他们价值观的个体化转型。如第二次人口转变理论所预测的那样，他们更加积极地建构个体的价值体系及其与婚姻家庭的关系，或者主动推迟婚姻，或者不婚，形成多元的亲密关系和婚姻模式的实践，但是他们仍然只是当前单身青年中的较少数。事实上有更大数量的青年介于“被动单身”与“主动选择”两类情境之间，他们并没有试图改变对婚姻的预期，但在现实生活中却面临各类婚恋的困境。一方面，在个体化进程中，青年群体开始强调婚姻对个人的价值，然而消费主义的兴起与房价的不断攀升，极大抬高了进入婚姻的物质门槛。法律变更下家庭财产分配方式的变革，也使得婚姻中审慎的理性计算不断增加。对婚姻在物质与精神层面的双重追求，进一步增加了婚姻的匹配难度。无论是婚姻搜寻难度的增加还是物质准备时间的拉长，都延缓了青年进入婚姻的节奏。另一方面，就业市场的不稳定性与高竞争性，不仅加大了个体婚姻准备的难度，也挤占了可投入婚恋的时间与精力。特别是女性因面临公私领域的双重性别困境，更加难以平衡事业的发展与传统文化下沉重的家庭责任。婚姻缔结的困难就在于无法平衡上述多对矛盾，个体在追求婚姻所带来的情感价值的同时，又力争排除可预估的束缚和对个体利益的潜在威胁。在多重矛盾下，个体依据所拥有的资源形成了不同的应对方式。一些青年努力达成婚姻的预期，但不可避免地推迟进入婚姻的时间；另一些青年调整对人生的规划，进入“主动选择”的情境；还有些青年则压制结婚的意愿，放弃婚姻市场上的主动性，最后滑入“被动单身”的情境。事实上，针对日本的研究发现，真正的不婚主义者仍是少数，越来越多的青年因对婚姻的低欲望而“无计划地导入单身”。 单身青年规模的不断增长会推动社会的进一步变革。理解单身社会的演进过程，并为潜在的变革做好准备，可能是当前更务实也更为重要的事情。对于“单身社会”的担忧主要来自三个方面。一是有意愿进入婚姻却不能的单身青年。这部分人群不仅包括受到婚姻挤压，面临着高额婚姻成本而无法负担的困难群体，也包括受困于滞后的家庭性别分工与激烈劳动力市场竞争的女性。如何解决既有的性别、年龄与单身歧视，改善个体的生活处境，是面对初婚推迟、人口形势变化时需要直面的问题。二是正处于单身状态的青年人。如何避免因过分原子化而导致的相互孤立，这不仅需要增强单身青年独自生活的能力，还需培育出彼此支持的公共文化，使得单身青年可以依赖各类场所与多元服务展开社交，从而满足其内在的联结需求。三是单身青年内部的社会分化。既有文献指出，我国越发同质性的婚姻匹配模式，正在强化当前的财富不平等，并持续抬高婚姻的准入门槛。困难群体或将承担社会向下流动的不利后果，并加剧社会不公平与社会阶层固化的风险。需要指出，本文所讨论的单身青年及其在人口、社会经济生活与家庭维度的特征，仅为状态而非因果性质的描述，同时未包含离异、丧偶的单身青年，因此只是不断变化的中国社会的一角。更多讨论有赖于对当前青年群体的长期观察以及面向更广泛人群的持续研究。 （作者分别为中国人民大学人口与发展研究中心、家庭与性别研究中心教授，中国人民大学社会与人口学院博士研究生） 在世界范围内，有越来越多的青年在更长的生命周期中保持单身的生活状况，且这一进程在西方国家发展得更早。第二次人口转变理论指出，自20世纪60年代起，美国与北欧就开始出现单身比例上升或未婚同居现象增多的情况，并逐渐扩展到西欧、南欧以及亚洲。以瑞典为例，2020年男女两性平均初婚年龄分别提升至37.5岁和34.8岁，20—49岁的一人户占比为50.15%。相较而言，与我国文化相近的日本和韩国虽然进程稍晚，但发展速度更快。日本2020年女性平均初婚年龄为29.4岁，45—49岁未婚率为17.0%，在20年间分别增长了2.4岁和10.73%。 （李文）（,3102,https://www.chinanews.com.cn/sh/2023/09-25/10083726.shtml,婚姻;结婚;婚恋;初婚;不婚;晚婚;单身
CCTV,2023-09-26,婚俗新风蔚然兴起,“最美婚姻登记处即将启用！”这个消息刚刚在“舟山普陀文旅”微信公众号上发布，便刷爆了当地人的朋友圈。 “我们将新的婚姻登记管理服务中心设在海滨公园，占地面积8000平方米，专门设计了爱情主题公园、海岛婚俗体验馆等，为婚姻登记赋予独特韵味。”浙江省舟山市普陀区民政局局长丁勇说。 “在这里领证，仪式感瞬间拉满！”一对新人手持结婚证，与记者分享喜悦。 普陀着眼地域特点和风土人情，推进婚俗改革，打造了白沙岛户外颁证基地、最美爱情公路等约会地，吸引了越来越多的年轻人来打卡。 “我们自愿结为夫妻，一起肩负婚姻赋予的所有责任，所有义务……”伴随着浪漫的音乐，在广东广州从化区生态设计小镇的草坪上，从化区民政局举办了一场别开生面的“花城有囍”集体婚礼。6对新人许下结婚誓言，接过结婚证书，掀开人生的新篇章。 “蓝天白云下，亲朋好友见证嘉礼，别有一番情调。户外颁证形式虽简单，但仪式感十足，我们希望和所有人分享这份美好。”一对新人兴奋地向其他新人和嘉宾派发喜糖。 广州市民政局社会事务处副处长许婵娟告诉 型婚礼、大美婚俗’的认同度不断提高。” 广州在全市传统文化街区、公园景区、城市广场和网红打卡点打造“花城有囍”户外颁证点，目前共有34个室内颁证厅和形式多样的“花城有囍”户外颁证点投入使用，并建立特邀颁证嘉宾库，提供结婚颁证远程观礼和特邀颁证服务，弘扬文明健康、低碳简约的现代婚俗新风，受到越来越多市民青睐。 在山东青岛西海岸新区铁山街道别家网格村，村民都说现在娶亲有了“新底气”。 原来，别家网格村村民代表大会制定了《别家网格婚事操办标准》，对婚车、宴席、礼金都进行了约定，同时投资87万元建设婚礼堂，免费供村民办婚礼使用，村集体和帮办服务队免费提供场地、厨师、司仪等。这样一来，群众举办婚礼费用大大降低。 “前段时间我家孩子结婚，我和亲家决定办喜事一切从简，不仅省心省钱，还登上了村里移风易俗光荣榜，这可比大操大办更有面子！”别家网格村村民王秀花说。 “我们通过调研发现，大多数群众对高价彩礼、铺张浪费、随礼攀比等不正之风非常抵制，婚俗新风很受欢迎。”青岛西海岸新区民政局局长马志广介绍，新区指导村（社区）将喜事新办简办纳入村规民约，制定群众认可的具有约束性的红事操办标准，成立村（社区）喜事帮办服务队，通过协助操办红事促进形成文明新风。 婚俗新风正吹过每一个角落。河北省河间市邀请市领导及市人大代表、政协委员、道德模范等为“零彩礼”“低彩礼”新人颁发结婚证，2021年以来共为5947对新人办理结婚登记；四川省成都市武侯区在社区内建设了多民族婚俗微型博物馆，以多民族婚俗文化为主题，展示弘扬中华优秀传统婚俗文化，引领婚俗新风向上向善；湖南省澧县对参加集体婚礼后不再办婚宴和不要彩礼的新人，由县政府给予一定的奖励，并以新人名义将奖金捐献给属地公益事业。 “下一步，各级民政部门将持续推进婚俗领域移风易俗，治理高价彩礼、大操大办、随礼攀比等婚嫁陋习，积极创新婚俗文化载体，教育引导青年树立正确的婚恋观、家庭观，构建新型婚育文化，助力婚姻家庭幸福稳定。”民政部社会事务司司长王金华说。 （本报记者 任欢 本报通讯员 欧阳恰文 李国全 王悦军）,1317,https://news.cctv.com/2023/09/26/ARTIVsnEwvtIhfYHOk9Sz2lF230926.shtml,婚姻登记;结婚登记;高价彩礼;婚姻;结婚;婚恋;婚育;彩礼;婚俗;婚嫁;夫妻;婚礼
CCTV,2023-09-27,“我妈要和从未见过面的网友再婚”，老年人线上交友屡被骗,“我妈要和从未见过面的网友再婚！他们是去年年底通过一个相亲交友群认识的，至今未见过面，甚至连视频都没有打过。”江苏南京的钟女士最近正为母亲的“婚事”发愁——母亲不仅执意要与对方结婚，还以理财赚钱为由，悄悄给对方转账了350万元。 发现转账后，钟女士立即报了警，警方按照男子提供给钟女士母亲的信息，未能查到该男子。“而我妈仍执迷不悟，认为我搅黄了她的婚事，把我赶出了家门。”钟女士说。 《法治日报》记者近日调查发现，社交平台存在大量以“老年人交友”“老年人婚恋”为主题的账号和群组，人数多的群里往往有几百人，里面发言活跃，互交好友频繁。而老年人因线上交友、网恋上当受骗的事例也屡屡发生。 受访专家认为，失落、孤寂是许多老年人的心理状态，他们非常需要精神慰藉和与人交流，网络提供了平台，但老年人大多警惕性不高，加上线上交友群审核机制较为粗糙，容易为不法分子提供可乘之机。家庭、社会、平台、政府部门等应共同发力，帮助老年人提高科技素养、保护个人信息、劝导谨慎交友，维护其合法权益。 钟女士告诉记者，其母亲在相亲交友群认识对方后，对方加了母亲为好友，每天嘘寒问暖，母亲渐生爱意，对该男子无比信任。而包括钟女士在内，亲友对这场网恋都不看好，在劝阻过程中，母亲与大家都闹翻了。 直到母亲向对方转账350万元，钟女士才下定决心报警。“现在，我妈因联系不上对方，自己也开始着急了，意识到可能被骗了。”钟女士说。 记者发现，类似钟女士母亲加入的老年人相亲交友群比比皆是。在社交平台上，以“老年人交友”“老年人婚恋”“老年人相亲”“黄昏恋”等为关键词进行检索，页面会跳转出大量“50后60后交友群”“中老年单身交友圈”等群组，其内容主要为群介绍、群友征婚个人信息介绍等。在结尾会留下二维码或联系方式。 记者经受访者推荐，进入一个老年人交友群。群里要求群友昵称统一为“姓名+出生年份+婚恋状况+籍贯”。记者进入群聊后，便有许多网友通过群聊申请添加好友。之后记者又陆陆续续加了几个类似的群，发现都可以轻松添加，而且总会在第一时间收到许多群友的好友申请。 这些主动申请加好友的人，通过其个人介绍和照片可以简单总结为两类：如果是中老年男士进群，那么主动添加好友的大多是肤白貌美秀丽端庄的女士；如果是中老年女士进群，那么主动添加为好友的大多是成熟稳重帅气的男士。而且上来打招呼的方式基本如出一辙。有时，平台还会发来风险提示，如“该用户近期添加好友频繁”“对方账号存在诈骗风险，请警惕”等。 某老年人单身交友群管理员王女士向记者介绍，建这个群是想为老年人提供一个寻找老伴的平台，也有不少群友反馈“牵手成功”，但是进群的确实各色人等都有，也有群友反映说遇到了骗子，自己也没法辨别筛选，只能通过群公告提醒各位群友注意风险。 记者发现，除了老年人相亲交友群，各类相亲交友软件和小程序也层出不穷，里面不乏老年人的身影。 采访中，湖南怀化的张女士和河北唐山的王女士向记者反映：家中老人在一款名为“呼×”的相亲交友软件中充值，张女士的父亲一个月内充值了1000多元，王女士的父亲最多一日内就充值了700余元，怀疑存在诱导充值问题。 据记者调查发现，此款软件提供视频相亲、视频通话、语音交友、同城交友等功能。平台每天会有上千场“红娘”（类似于主持人）牵线直播相亲，网友可以进入观看。但进入直播间如果不进行消费，“红娘”会直接踢人，相亲对象也会不断要求网友赠送“礼物”，而“礼物”需要充值兑换平台内“金币”购买。 记者注册后发现，该交友软件会主动推送给新用户许多女性网友，然后这些女性网友会借着相亲交友的名义让充值或者送礼物，不然就不能继续聊天或者视频。 湖北武汉的刘女士告诉记者，这类交友软件太多了，各种诱导充值，里边的许多账号都是托儿甚至是机器人，聊上几句就要充值或者送礼物。她对于这类交友软件可谓深恶痛绝，因为其父亲在这类软件上充值了不少钱，“虽然没有细算，几万元是挡不住的”。 原来，两个月前的一次家庭聚会，刘女士拿着父亲的手机去结账时，意外发现父亲的账单里有大量的付款记录，收款方为交友软件，而且不是同一款。 刘女士打开这些软件给记者看：她都是以老龄男性身份注册的，注册后立刻会有10余个女性会员来打招呼或送礼物，然后说一些关心的话，甚至暧昧的话。如果主动回复，一些女性会员还会说些性暗示的话语，甚至暗示可以私下见面，但前提是要送礼物，以证明男方的经济实力。 “我发现这些女性会员大多时候是没话找话，甚至还发一些性感照片，并暗示想要进一步发展就要送礼物，严重怀疑这些都是平台的托儿或者以骗礼物为目的的用户。”刘女士说。 之后，刘女士有空就会查看一下父亲的付款记录，发现父亲的充值次数越来越频繁，数额也越来越大，甚至还加了一位平台上认识的女士的社交账号，不时给其转账52元、99元等金额。通过聊天记录可以看到，每次转账都是对方要买吃的或喝的。 “以各种方式索要礼物甚至金钱，到底是交友还是骗钱？平台有没有履行监督管理的责任？”刘女士说，她也咨询过交友软件的客服，不仅没得到有用的回复，交流过程中，最后一句“祝你们在我们平台上消费愉快”深深伤害了她。 “感觉受到了嘲讽，这种交友软件相关部门该出手管管了。”刘女士气愤地说。 记者采访发现，许多老年人都能轻易接触到这类软件，在许多网站、社交App上都可以看到交友相亲类App的广告，有些甚至点击广告就进入下载页面，加之注册简单，不明所以的老年人很容易落入不良交友软件的陷阱。 对此，北京中征律师事务所高级合伙人孙晓阳认为，当下各类相亲交友软件充斥网络世界，老年人在浏览网页的过程中，可能一次触屏就不小心安装了这些软件，这增加了老年人被欺骗的风险。对于此类相亲交友群和交友软件要加强监管，平台要尽到自己的监管责任，畅通举报处罚机制，及时作出风险提示。相关部门也应加大打击力度，严肃查处。 不仅仅是专门的相亲交友群和App暗藏风险，老年人在上网娱乐时，还经常被各种名目的交友所套路，被骗时有发生。 四川成都的徐女士刚过57岁生日，她早年与丈夫离异，独自抚养孩子长大。孩子成家后徐女士不愿和孩子同住，一直生活在老家。闲来无事的徐女士喜欢随手记录下生活，然后制作成短视频发布到平台上打发时间。 一天，徐女士发了一条自己饭后散步的视频，一条留言引起了她的注意，因为留言的人IP地址显示是香港，留言内容是：“很有气质，能否交个朋友？”已经很少受到夸奖的徐女士留意了该用户，发现该用户也发了很多短视频，从短视频上看是个成熟稳重又多金的男士。 对于网络交友徐女士本来是排斥的，因为她已经遭遇过两次欺骗。可架不住对方的热情，聊了两三个月，每天都是分享各自的生活、心情，徐女士的警惕性逐渐降了下来。 一次相谈甚欢后，对方提到，其正在帮助一家上市公司数据扩容，借此进行无风险高利率的投资，并转发来一个投资平台。徐女士立即警觉起来，但对方没有邀请她投资，而是称自己太忙不方便操作，请徐女士代为操作，并留下了账号和密码。 之后的一段时间，徐女士每天与对方频繁交流，感情快速升温。在对方指示下操作账户，看到账户里的金额直线上涨。没有抵住金钱诱惑、在对方包赚的承诺下，徐女士彻底放下戒备，分批次投资了12万元。 直到接到反诈中心打来的电话，徐女士才意识到可能被骗。她立刻登录平台准备全部提现，却看到了这样的提示：“您的账号涉嫌非法获取我司利益，已上报高层处理，现已临时冻结您的账户。”徐女士立刻联系对方，发现其账号已注销。 “以为交了个贴心人，没想被骗走了养老钱。报案后我连站都站不稳，是被搀扶着回家的。”徐女士回忆说。 泰和泰律师事务所高级合伙人杨森说，许多老年人特别是独居老年人，非常需要精神慰藉和与人交流，在这种状况下，不法分子很容易乘虚而入。随着互联网的发展，婚恋交友诈骗手段与形式愈加复杂，而老年人的知识结构、信息获取明显滞后，加之与社会接触逐渐减少，分析判断能力减弱，对日益翻新的骗术不易察觉，很容易成为犯罪分子的目标。 “家属应当及时报警，并根据欺骗内容和欺骗程度追究行为人的民事责任及刑事责任。”杨森说，根据民法典规定，一方以欺诈手段，使对方在违背真实意思的情况下实施的民事法律行为，受欺诈方有权请求人民法院或者仲裁机构予以撤销。当老人网上交友、相亲被对方以欺诈手段骗取财物，按照此规定可以收集好聊天记录、网上支付等有效证据，诉请法院撤销老人因受欺诈而作出的赠予行为。如果情节严重且造成损失过高，涉嫌刑事犯罪的，还应当由司法机关追究不法分子的刑事责任。 刑法规定，诈骗公私财物，数额较大的，处三年以下有期徒刑、拘役或者管制，并处或者单处罚金；数额巨大或者有其他严重情节的，处三年以上十年以下有期徒刑，并处罚金；数额特别巨大或者有其他特别严重情节的，处十年以上有期徒刑或者无期徒刑，并处罚金或者没收财产。 在孙晓阳看来，老年人是需要被关爱的群体，特别是在信息时代，很多老年人可能跟不上时代的节奏，子女更应当多陪陪老人，耐心了解老人内心的需求，并有意识地将新近发生的涉老诈骗案例告诉他们，增强防范意识，筑起安全防线。 杨森认为，社会层面需要设计、开发更好、更人性化的老年活动中心等场域，促进老年人关怀领域的发展。新闻媒体、影视作品需加强这方面题材的宣传，通过文化传媒的方式软性教育老年人。 “要加强监管，压实平台责任，净化网络空间。”孙晓阳说，基层应定期开展针对性反诈宣传，提升老年人的防骗意识和能力，也可以通过一些合法合规的婚恋公司，帮助有需要的老年人交友、相亲，回应老年人的关切。,3886,https://news.cctv.com/2023/09/27/ARTIWroMkJ8tR70LPaIsVSgE230927.shtml,结婚;婚恋;再婚;相亲;单身;对象
People.cn,2023-09-28,临高县民政局为“爱”加班 10月1日上午正常办理婚姻登记业务,为了满足广大市民国庆节婚姻登记需求，海南省临高县民政局婚姻登记处决定在2023年10月1日上午正常办理婚姻登记业务，为民服务不停歇，为爱“不打烊”。 临高县民政局局长麦朝政（右一）到婚姻登记大厅调研筹备工作（图：余晶晶） 据了解，近年来，临高县民政局充分完善婚姻登记场所建设和设施设备配置，建成“三室两厅一区”县级3A婚姻登记场所。同时，推动了婚姻历史档案电子化，为跨省通办业务推进奠定了基础，并在婚姻登记处设立了婚姻家庭辅导室，由社工担任婚姻家庭辅导员。此外，在特殊的节假日，根据群众的婚姻登记需求，提前发布通告，为群众办理婚姻登记业务。 “近段时间以来，陆陆续续有新人来电话询问是否可以在国庆节期间办理婚姻登记业务。”临高县民政局副局长符喜说，考虑到群众的现实需要，为了满足新人朋友在10月1日婚姻登记需求，该局决定在当天上午正常办理婚姻登记业务，更好地践行便民、为民、利民的理念和宗旨。 为此，临高县民政局温馨提示，10月1日8：00—12：00，有需要婚姻登记的新人，请到临高县临城镇三友公园（临昌路临高县中等职业技术学院东南侧约160米）进行婚姻登记处办理。咨询电话：28288885。 据临高县民政局局长麦朝政介绍，近年来，为方便市民婚姻登记，该局建成了县级婚姻登记处，按要求撤销了镇级婚姻登记点；同时联合有关部门加大对婚俗新风的倡导，移风易俗工作的宣传力度进一步加强，在“520”、七夕这些节日里，相应举办集体婚姻等新式婚礼。2024年，该局将探索将文旅的元素加入，提升新人的幸福指数，满足群众新时代的婚俗新风尚的需要，进一步深化当地精神文明建设新成果。（临高县融媒中心 刘彬宇）,697,http://hi.people.com.cn/n2/2023/0928/c338424-40589758.html,婚姻登记;婚姻;婚俗;婚礼
China News Service,2023-10-03,家暴、包办婚姻、拐卖儿童......这些直播里的“悲惨世界”竟是演的？,家庭暴力虐待、强制包办婚姻、强奸、拐卖儿童……这些令人揪心的“悲惨世界”经历都出自“茸某某”的直播间。当粉丝焦急地等待开播，甚至帮忙报警后，却被查出一切都是主播招募临时演员炮制的虚假剧情。 类似“摆拍卖惨”“伪慈善”视频屡见不鲜，许多网友都在担心，一旦公众同情心被消耗殆尽，将无人向真正需要帮助者伸出援手。这种“狼来了”似的直播、视频为何屡禁不止？如何让我们的同情心不被“辜负”？ “叔叔阿姨，爷爷奶奶们，他们打我，他们把孩子藏起来了，他们要把我嫁给傻子。”“叔叔阿姨，我想从高墙上跳下去，但是我舍不得我肚子里的双胞胎。”这些内容都出自“茸某某”的直播间。 据甘肃网警，在“茸某某”的直播中，家庭暴力虐待、强制包办婚姻、强奸、拐卖儿童、呼吁观众“解救”等内容贯穿全过程，每场直播围观人数均在6000以上，累计观看人数达到三万余人次。 关注到这些“悲惨世界”直播后，不少粉丝每天都在焦急等待开播。不少粉丝在直播间评论：“这段时间把我急坏了，每天都睡不着觉，担心你被坏哥哥打坏了，心里可难受了。”“好几天没播了，家人们，山子、茸茸咋样了”“怎么连个消息都没有，发生什么事了，家人们都急死了。” 也有粉丝在直播间呼吁赶快救人，甚至帮忙报了警。结果在接到十余起群众报警求助后，警方查明：昵称为“茸某某”的主播系本地居民黄某，为博取粉丝眼球，吸引流量，招募5名临时演员，炮制虚假剧本，以一名农家“抱养女”的悲惨生活为主线题材，在租赁的窑洞内进行虚构演艺直播。 最终，甘肃省庆阳市镇原县公安局对黄某等5人虚构事实扰乱公共秩序的行为，依法予以行政拘留五日的行政处罚。 在近期热传的一条视频中，四川攀枝花市一名9岁小男孩“小宝”因担心奶奶腰疼，自己背着“60斤石榴”，走了两小时，将石榴从山上背下来，和奶奶一起售卖。最终，主播用300元买下全部石榴，并让他们上了自己的车，表示要送他们回家。 该视频点赞、转发均上万。视频火了之后，该博主还发视频称“小宝家的石榴已经全部卖完了”“希望大家不要去打扰他们”“我每个月会拿500块钱给到小宝他们家庭”，得到了评论区网友一致点赞。 然而，9月8日，经媒体调查发现该视频为摆拍。“小宝”和奶奶说的话、做的动作，都是拍摄者教的，拍摄后主播共计给了“小宝”和奶奶3200元钱。 同月，据四川省凉山州新闻发布会，凉山州公安机关等部门今年以来侦办的四川首例“系列网红直播带货案”中，已抓获犯罪嫌疑人54人，其中网红主播11人，捣毁MCN机构5个，处置违规账号346个。 在“系列网红直播带货案”中，不少公司都通过设计剧本、话术，专门挑选当地无人居住的生产用房、破壁残垣作为直播背景，打着“直播助农”的幌子，收割流量。 “伪慈善”直播、视频消耗着大家的同情心。不少网友担心，日积月累之后，人们会像“狼来了”的故事一样，不敢再轻易信任他人、给予帮助。 中国政法大学数字社会治理研究院院长许身健在接受 中新社 国是直通车采访时表示，规范“摆拍卖惨”“伪慈善”视频，需要多方合力： 首先，相关监管部门应加大监管力度，规范网络行为，整治网络乱象，净化网络空间。 其次，直播从业者要规范自身行为，树立责任意识。 第三，网友要提高自身分辨能力，防止被虚假信息误导、操控。 最后，平台要履行监管义务，惩处违法违规直播行为。 目前，各地网信部门、公安部门等都在联合打击“摆拍卖惨”“虚假助农”“伪慈善”等乱象。 9月11日，抖音集团发布了《2023年第二季度安全治理透明度报告》。数据显示，今年二季度，抖音针对一些摆拍、卖惨、夸张凸显社会与家庭矛盾等不实信息，或借助发布“助农”“助老”“助残”“助困”等谋求商业变现的内容，进行了严格治理，累计处置伪公益账号9000个。 上海君澜律师事务所专职律师刘红丹向 中新社 国是直通车表示，当下，网民的理性程度在不断提升，靠广泛的网民监督效果更好。网民可以理性判断，在发现“摆拍卖惨”“伪慈善”视频时及时找政府公共服务机构反馈核实。 在“茸某某”“摆拍卖惨”的消息登上微博热搜后，不少网友都表示，只拘留五天犯罪成本太低，担心其今后会换个“马甲”继续。 对此，百宸律师事务所合伙人安文森接受 中新社 国是直通车采访时认为，鉴于“摆拍卖惨”“伪慈善”屡禁不止，并且非常消耗大家的善心，可以考虑在造成恶劣影响或严重后果时从重从快处罚。 “摆拍卖惨”“伪慈善”直播、视频越来越多，如何辨别其真假、让我们的同情心不被“辜负”？ 安文森提醒，有些视频是经过技术手段合成的，可以通过仔细观看视频辨别真假和是否经过编辑，比如看声音是否变音，声音、画面是否不连贯，场景是否真实等。但现在越来越多此类视频是在真实场景中请当地居民扮演拍摄的，有的无法单靠声音和画面衔接判断真假。因此，还需要提高警惕。 他提醒，首先要善用常识、回归理性。很多主播都是在利用大家的同情心，但理性思考后，其实可以靠常识来做出判断。 比如，在“小宝”卖石榴的视频中，以一个孩子的体力最多能背十几到30斤东西，不可能背着60斤石榴走两个小时，这已经超出了儿童所能承受的极限。再如，可以通过拍摄地的真实经济水平等判断。 其次，可以找当地政府、相关机构等多渠道进行核实。 刘红丹表示，目前各视频平台都是实名制的，建议大家可以致电平台、主播，通过询问详细情况判断播出内容的真实性。 【,2185,https://www.chinanews.com.cn/gsztc/2023/10-03/10088591.shtml,婚姻;家庭暴力;家暴
People.cn,2023-10-07,“典”清婚恋中的法律关系,无论是处在热恋期的情侣，还是结婚多年的夫妻，无论是同在屋檐下，还是相隔两地，亲密关系中的两个人或多或少都会发生矛盾……面对分手、离婚这样的人生课题，有的人选择体面离场，有的人选择辱骂泄愤，看似“鸡毛蒜皮”剪不断理还乱的人间情事，牵扯着数不清的民事法律关系。如何理智地处理婚恋问题成了“技术活”。为此，重庆法院精心筛选了四起与恋爱婚姻相关的典型案例，结合民法典进行释法说理，以期发挥司法裁判的规则引领、价值导向作用，帮助亲密关系里的恋人树立正确的恋爱观和婚姻观，守护甜蜜的爱情，拥有幸福的归宿。 2021年5月，杨某与程某经人介绍相识，同年7月确立恋爱关系。交往期间，杨某通过微信、支付宝多次向程某转账达数十万元。2021年9月，程某提出分手，双方终止恋爱关系，随之产生感情纠葛和经济纠纷。2021年10月20日、10月21日杨某两次前往程某居住的小区，使用多个扩音器反复播放“X栋X室谭某某之女程某在外面干着出卖自己身体的事情，骗取男人钱财，欠钱不还，请大家街坊邻居谨防上当受骗”等录音内容。 2021年11月，程某起诉杨某要求赔偿精神损害抚慰金3万元并在重庆市公开发行的报纸上和程某居住小区内公开赔礼道歉。 重庆市万州区人民法院一审后认为，程某居住的小区属于公共场合，杨某使用扩音器在小区内播放具有贬损、侮辱程某及其家人的言论，且已被不特定公众知悉，导致程某的社会评价降低，杨某应在侵权行为所造成的不良影响范围内向程某赔礼道歉，消除影响。程某要求杨某赔偿精神损害抚慰金3万元的主张过高，考虑到杨某使用扩音器播放的言论给程某造成精神困扰、人格受到贬损的实际情况，酌情支持1000元。法院遂判决杨某在程某居住的小区张贴《致歉声明》，对程某赔礼道歉，并赔偿精神损害抚慰金1000元。 宣判后，双方均未上诉，判决已发生法律效力。 民法典第一千零二十四条对民事主体享有名誉权作出了规定，任何组织或者个人不得以侮辱、诽谤等方式侵害他人的名誉权。男女之间建立、终止恋爱关系，均系个人权利的自由行使。分手后对前任与过去的感情作出适度评价是一种自我情感的表达，但不可为泄愤而发布不当言论进行辱骂、诋毁或者泄露、传播隐私和个人信息，以免造成对他人名誉、隐私等权益的侵犯。同时，双方要正确处理恋爱分手事宜，遵循正当途径维护合法权益，不得采用违背公序良俗的手段实现权利。以维权之名行违法之事，需承担不利的法律后果。 本案中，杨某因与程某的感情和经济纠纷，使用扩音器在公共场所播放侮辱性言辞的行为，已经明显超出合理倾诉、表达情感的尺度，在一定程度上贬损了程某的人格，降低了其社会评价，给程某的名誉造成负面影响，也给其造成一定的精神痛苦，应当承担相应的侵权责任。 老人墓碑刻上女友名 分手后拒绝“除名”侵权 李明与女友王红于2007年相识相恋，此后两人保持同居关系十余年，但一直未领证结婚。李明外公外婆去世后，家人商量为老人立碑，当地有将子孙名字刻在墓碑上以表孝心与怀念的习俗。在征得女友王红的同意后，李明以王红为外孙媳妇的名义将王红的名字刻在了墓碑上。 后来，两人因性格不合分手，双方对同居财产分割产生争议，且王红要求李明从墓碑上清除自己的名字，两人遂对簿公堂。最终，在法院的调解下，双方对财产分割达成一致意见，李明也在协议中承诺会从墓碑上抹去王红的名字。然而，调解结案后，李明多次拒绝或拖延除名，王红遂向法院申请强制执行。 重庆市璧山区人民法院收到执行申请后认为，双方前涉纠纷在法院组织下已达成调解协议，李明拒绝履行调解协议确定的“墓碑除名”义务，侵犯了王红的姓名权，法院依当事人申请，应当强制执行。最终，在执行法官的释法明理和多次劝导下，李明用凿子将王红的名字从墓碑上彻底清除，案件得到妥善解决。 民法典将人格权独立成编，是尊重和保障人权、维护人格尊严的重要体现。依据民法典第一千零一十二条、第一千零一十四条，姓名权是自然人依法享有自主决定、使用、变更自己姓名并排除他人干涉和非法使用的权利，任何组织或者个人不得以干涉、盗用、假冒等方式侵害他人的姓名权。 本案中，王红同意将其名字以“外孙媳妇”的名义刻在李明外公外婆的墓碑上，是其行使姓名权权能的体现，两人分手后达成调解协议，李明却拒绝履行“墓碑除名”义务，系持续性侵害王红的姓名权。王红有权请求行为人停止侵害、消除影响、赔礼道歉。 法院贯彻实施民法典、保障民事主体人格权益，不仅体现在案件审判中，对于生效法律文书确定的行为义务，未及时履行的，法院可以依当事人申请，通过强制执行力保障当事人权利实现。本案中，法院运用强制执行手段加强对民事主体姓名权等人格权益的保护，起到了良好的法律效果和社会效果。 2021年11月，田某经人介绍认识莫某，之后两人恋爱。2022年5月，双方按照当地风俗办理了婚礼，田某向莫某家支付彩礼8万元、“三金（金项链、金手镯、金戒指）”款2万元，向莫某亲戚支付“封红包”“端被条”等款项，加上筹备婚礼的费用，田某共花费19万余元；莫某陪嫁蚕丝被等生活用品，但两人未办理婚姻登记。办婚礼后的第二天，莫某认为与田某感情基础不牢，便离家出走，断断续续回家居住直至彻底不回家。 2022年11月，田某及其父母将莫某及其母亲诉至法院，主张返还婚约财产19万余元。莫某认可19万余元的真实性，但表示只愿返还部分彩礼，同时主张田某返还全部嫁妆。 重庆市彭水苗族土家族自治县人民法院一审后认为，两人虽已举办婚礼，但未办理结婚登记，没有长期共同生活，符合返还彩礼的法定情形。但田某及其父母主张的19万元婚约财产中，有部分是给莫某的“见面礼”“改口费”，给莫某亲戚的“封红包”“端被条”，属于田某自愿给付给莫某方的钱款，不能认定为彩礼。为更好地帮助两个家庭化解纠纷，承办法官积极组织调解，最终莫某同意退还彩礼9.5万元，田某退还全部嫁妆。后在承办法官见证下兑现完毕，实现了案结事了。 民法典婚姻家庭编相关司法解释，对可以返还彩礼的情形作出了规定。彩礼、嫁妆是以结婚为目的，一方或其家庭成员给付另一方的礼金及贵重物品。当结婚不成时，目的无法实现，此种赠与行为丧失法律效力，给付人可以请求受领人返还。但“见面礼”“改口费”等，属于单方表达感情的自愿赠与，不属于彩礼；举办婚礼宴请亲友的支出，亦不属于彩礼。同时，我国结婚以登记为生效要件，但是，婚姻毕竟是以双方永久共同生活为目的，即便办理结婚登记，如果婚后共同生活时间较短，则永久共同生活的目的没有全部达到，返还部分彩礼也有其合理性。 本案中，田某与莫某虽然办了婚礼，但未在民政部门办理结婚登记手续，且莫某长期不回家，两人实质上没有形成以稳定和长期婚姻关系为基础内容的夫妻共同生活，没有形成稳定的家庭关系，偏离了两人当初给付彩礼、嫁妆的目的，符合法定的返还彩礼事由，双方应当互相返还彩礼、嫁妆。 2010年12月，李某（男）与易某（女）经人介绍确立恋爱关系并同居生活，2016年2月登记结婚，共同生育一女一子。后来，两人感情逐渐破裂，2022年12月，李某与易某到民政局办理离婚登记申请，开始分居生活。 在离婚冷静期内，李某无意间通过儿子的平板电脑发现一段（分居期间）易某与婚外异性举止亲密的视频。李某认为易某婚内出轨，要求易某赔偿损害10万元。易某则认为夫妻感情早已破裂，且已经申请离婚登记，未对李某造成损害，不应当赔偿。离婚冷静期满后，双方因此事未到民政局申领离婚证。李某诉至法院，要求与易某离婚，并由易某赔偿其精神损害抚慰金10万元。 重庆市大足区人民法院一审后认为，因李某与易某均同意离婚，遂予以准许。但在离婚冷静期内，双方仍系夫妻关系，易某与婚外异性在出租房内举止亲密，违背了夫妻忠实的义务，具有重大过错，对李某造成的精神损害应进行赔偿。对于赔偿具体金额，法院根据实际情况，酌情支持6000元，遂判决由易某赔偿李某离婚损害赔偿金6000元。 宣判后，双方均未上诉，判决已发生法律效力。 民法典第一千零七十七条规定，自婚姻登记机关收到离婚登记申请之日起三十日内，任何一方不愿意离婚的，可以向婚姻登记机关撤回离婚登记申请。前款规定期限届满后三十日内，双方应当亲自到婚姻登记机关申请发给离婚证；未申请的，视为撤回离婚登记申请。这一规定中的30天时限，即离婚冷静期。离婚冷静期的设立初衷在于给予想要离婚的夫妻一段缓冲期，让双方冷静思考，防止轻率离婚。因此，夫妻在法律上真正“劳燕分飞”，是双方在冷静期届满、领取离婚证之后。 本案中，处于离婚冷静期的李某与易某未领取到离婚证，仍为夫妻，互相负忠实义务。易某与婚外异性举止亲密，系过错行为，李某有权请求损害赔偿。关于损害赔偿的金额，由法官根据过错程度、过错方承担责任的经济能力、受理诉讼法院所在地的平均生活水平等因素酌情确定。（记者 刘洋 通讯员 杜唯 梅念章 杨双瑜 朱贵玲） 第一千零一十二条 自然人享有姓名权，有权依法决定、使用、变更或者许可他人使用自己的姓名，但是不得违背公序良俗。 第一千零二十四条 民事主体享有名誉权。任何组织或者个人不得以侮辱、诽谤等方式侵害他人的名誉权。 名誉是对民事主体的品德、声望、才能、信用等的社会评价。 第一千零七十七条 自婚姻登记机关收到离婚登记申请之日起三十日内，任何一方不愿意离婚的，可以向婚姻登记机关撤回离婚登记申请。 前款规定期限届满后三十日内，双方应当亲自到婚姻登记机关申请发给离婚证；未申请的，视为撤回离婚登记申请。 第一千零九十一条 有下列情形之一，导致离婚的，无过错方有权请求损害赔偿： 《最高人民法院关于适用〈中华人民共和国民法典〉婚姻家庭编的解释（一）》 第五条 当事人请求返还按照习俗给付的彩礼的，如果查明属于以下情形，人民法院应当予以支持： （二）双方办理结婚登记手续但确未共同生活； 适用前款第二项、第三项的规定，应当以双方离婚为条件。,4015,http://yn.people.com.cn/n2/2023/1007/c361322-40594331.html,婚姻登记;结婚登记;离婚冷静期;婚姻;结婚;离婚;婚恋;彩礼;婚约;恋爱;夫妻;情侣;恋人;婚礼
People.cn,2023-10-10,河南虞城：“零彩礼”集体婚礼倡导新风尚--经济・科技--人民网,“今天非常高兴，因为参加这次零彩礼集体婚礼，减少结婚开支，减少宴席上浪费，弘扬了文明新风，多么有意义！”10月6日，河南省虞城县城关镇青年席昊拉着爱人的手开心地说。 金风送爽，丹桂飘香。当天，“情定虞城・筑爱一生”虞城县首届零彩礼集体婚礼隆重举行，包括席昊在内的10对新人踏上红地毯，举办了一场神圣庄严的婚礼。 近年来，虞城县大力推进移风易俗工作，开展反对浪费，文明办事等移风易俗行动，提倡重意义轻形式的新时代新婚礼，倡导大家共同抵制大操大办、铺张浪费、盲目攀比等陈规陋习，积极营造互助友爱、文明和谐的良好社会风尚，让全社会更加关注家庭、关注家教、关注家风，让优秀的婚俗文化形成社会文明新风尚、新气象。 该县提出，移风易俗，每个人都是受益者。传递正能量，弘扬新风尚，没有旁观者，都是参与者、贡献者。为此，虞城县加强宣传引导和示范带动，切实把抵制高价彩礼、推进移风易俗工作各项任务落到实处，从而引导全县广大群众积极向移风易俗的实践者们学习，都成为移风易俗队伍中的一份子，敢于向陈规陋习说“不”。 “举办集体婚礼非常好，又热闹又节约，下次有机会，也让俺家的孩子参加。”虞城县城郊乡村民高敏科说。 虞城县新时代文明实践中心主任潘新军介绍说，10对新人是移风易俗的带头者，是抵制铺张浪费、倡树“零彩礼”的实践者，是弘扬文明新风的推动者，像这样的活动还会继续举办。（王支援）,582,http://finance.people.com.cn/n1/2023/1010/c1004-40092075.html,高价彩礼;结婚;彩礼;婚俗;婚礼
People.cn,2023-10-12,龙里：移风易俗破陋习 婚育文明树新风,“适龄婚育，夫妻共育，婚育新风进万家，户户盛开幸福花……”日前，笔者走进龙里县湾滩河镇翠微村杉木寨，寨子里随处可见新时代婚育文化宣传墙，十分醒目。 “通过学习墙上的宣传标语，我知道了很多婚育政策知识，比如一对夫妻可以生三个娃娃，夫妻双方要共同养育孩子，要抵制天价彩礼等，现在国家政策对群众越来越好，感觉乡亲们的幸福感比以前更强了。”说起寨子里的文化墙和宣传标语，杉木寨村民梁大爷有感而发。 2022年，杉木寨被黔南州计生协列为新时代婚育文化“环境宣传升级”项目点。为加强新时代婚育文化宣传，龙里县计生协按照黔南州新时代婚育文化宣传阵地建设要求，对杉木寨人口文化宣传墙、宣传栏、宣传长廊等进行升级改造，全面融入少数民族婚育文化和生活习俗，积极营造具有布依族民族特色的新时代婚育文化宣传氛围。 在龙里县计生协和翠微村村委会的共同努力下，杉木寨制作新时代婚育文化宣传主题墙1面，宣传长廊宣传标语7条，宣传山歌4首，宣传画3幅，宣传喷画6幅，路灯标识牌4个，卡通长凳3套，家风牌132个。寨子里处处可见新时代婚育文化宣传标语和绘画，成功打造了特色鲜明的“龙里·杉木”婚育文化品牌，营造了浓厚的新时代婚育文化宣传氛围。 “通过打造新时代婚育文化宣传阵地，积极宣传生育政策知识，破除‘天价彩礼’等陈规陋习，现在寨子里早婚早育现象少了，大操大办宴席的也少了，村民的人情负担减轻了，大家的幸福感更强了。”湾滩河镇党建办工作人员李雯茜说。以前因高价彩礼的缘故，杉木寨很多新婚夫妇婚后发生争吵，常常需要村委会和计生协帮助协调解决，“现在这种现象几乎没有了，村民们还经常议论，说没有了高价彩礼，夫妻的感情更好了。”李雯茜说。 移风易俗树新风，杉木寨老百姓的生活正在发生改变。 杉木寨破陋习的小举措也是助力乡村文明的大作为，同时这也正是龙里县推进81个村移风易俗发生蝶变的缩影。 为了倡导新时代婚育文化，龙里县计生协认真梳理本地婚育特色风俗，加强与县相关部门沟通对接，多次到基层调查研究，推动新时代婚育文化阵地建设，将宣传倡导和关怀服务相结合，将入户宣传与集中宣讲相结合，让新时代婚育理念深入人心。 此外，龙里县还将新时代婚育文化建设作为基层群众自治工作重点，在全县81个村（社区）修订村规民约，将重视婚育、尊重生育、适龄婚育、优生优育等新时代婚育观念融入村规民约，引导群众自我宣传、自我教育、自我服务。 “我们希望通过充分发挥项目点示范带头作用，在全县范围内推广好的做法和经验，在潜移默化中培育群众新时代婚育理念，构建积极正向、文明健康的新时代婚育文化环境，为促进人口高质量发展与家庭和谐幸福提供良好的舆论支持和社会环境。”龙里县计生协相关负责人说。（贵州省卫生健康委员会官网）,1128,http://gz.people.com.cn/n2/2023/1012/c403409-40600770.html,高价彩礼;天价彩礼;婚育;彩礼;早婚;夫妻
People.cn,2023-10-13,厦门市翔安区民政局与区法院建立婚姻信息共享机制：强化互联互通，提升婚姻服务质效,为更好推动第二批主题教育走深走实，常态化开展“我为群众办实事”实践活动，10月10日，厦门市翔安区民政局与翔安区人民法院签订协议，在全市范围内率先建立婚姻信息共享互通、婚姻纠纷联动化解工作机制（简称“婚姻信息共享和纠纷化解机制”），翔安区民政局局长黄逸平及相关科室负责人，翔安区人民法院党组成员、副院长张建生以及立案庭、马巷法庭、审管办等部门相关同志参加了签约仪式和座谈会。 通过建立常态化信息沟通机制，双方将从以下三个方面进一步加强婚姻登记信息共通共享，做到“让数据多跑路，让群众少跑腿”。 一是畅通共享渠道，推动信息互通。由翔安区人民法院每月定期向翔安区民政局提供已生效离婚案件等信息，并由翔安区民政局录入婚姻登记系统，填补系统离婚案件信息漏洞，方便各地婚姻登记机关查询，进一步增强婚姻登记核查的准确性、及时性。 二是强化工作联动，深耕矛盾治理。充分发挥民政部门和法院预防、化解纠纷的积极作用，加强婚姻家庭辅导，采取多元调解方式化解矛盾纠纷，防范冲动离婚。 三是推动普法宣教，弘扬文明新风。翔安区民政局、区人民法院将常态化抓好群众教育引导工作，共同制作民法典婚姻家庭篇、反家庭暴力宣传册及普法短视频等材料，大力弘扬中华民族传统美德，积极开展“传承家风家训”等新时代文明实践活动。 会后，双方还就多元化解婚姻家庭纠纷、联动救助困难群众进行深入探讨，表示今后将不断加强行政机关和司法机关在基层社会治理、基本社会服务等各方面的治理合力，深化诉非联动、救助工作、普法宣教等方面的合作，共同致力营造和谐有爱的社会氛围。（文/图 廖书龙）,665,http://fj.people.com.cn/n2/2023/1013/c181466-40602146.html,婚姻登记;婚姻;离婚;家庭暴力
People.cn,2023-10-16,青海省深入推进公民婚育“一件事一次办”,10月15日，记者从青海省民政厅了解到，为深入推进公共服务领域“最多跑一次”改革，进一步优化服务、方便群众，今年以来，省民政厅会同省公安厅、省卫生健康委等部门加快推进公民婚育“一件事一次办”工作，实现公民结婚登记、生育登记、户口婚姻状况变更、夫妻投靠户口迁移4个事项一站式办理、15个工作日内办结，各族群众的获得感、幸福感进一步提升。 据了解，为有效解决群众在办理结婚、生育、落户等相关业务过程中“多头跑、反复跑”的问题，省民政厅联合省公安厅、省卫健委制定公民婚育“一件事一次办”工作推广应用方案，详细解读公民婚育“一件事一次办”主题集成服务的事项范畴、服务对象、办理(受理)条件、材料清单、结果送达、咨询途径、办理渠道和办事流程图等，为各级政务服务部门有效利用“互联网+政务服务”方式，实现公民婚育登记“一件事一次办”在全省无差别受理、同标准办理奠定了扎实基础。 在实际办理工作中，各族群众可在“青海省政务服务网”提交《青海省公民婚育“一件事一次办”申请表》及相关资料电子版，在申请办理结婚登记的同时，同步申请办理生育登记、户口婚姻状况变更、夫妻投靠户口迁移业务；也可在婚姻登记机关现场办理结婚登记后，由婚姻登记机关将相关数据推送至公安部门及卫健部门，同步为当事人办理生育登记、户口婚姻状况变更、夫妻投靠户口迁移，无须当事人反复向多个部门提供身份信息、结婚登记信息等证明材料，通过“数据跑代替群众跑”，极大提升群众办事便捷性。,614,http://qh.people.com.cn/n2/2023/1016/c182775-40604684.html,婚姻登记;结婚登记;婚姻;结婚;婚育;对象;夫妻
China News Service,2023-10-17,“职业媒人”哄抬彩礼、为争面子相互攀比 当婚姻被高额彩礼裹挟,历经40多天的筹备，晓东和筱雅的婚礼10月2日在甘肃省庆阳市圆满礼成。晓东向岳父母求娶筱雅的聘礼包括“三金一钻”，即1只古法实心金手镯、1条四叶草金项链、1对金耳坠、1枚30分钻戒，以及16.8万元彩礼现金。 站在鲜花和气球中间，面对宾客的祝贺，这对新人内心其实有点苦涩。 订婚前商定彩礼时，筱雅父母提的要求是“三金一钻”外加18.8万元现金，晓东父母感到无法接受。几番“讨价还价”，双方家长心里都不痛快，婚事差点“黄了”。在媒人的“说和”下，彩礼最终定在了16.8万元。婆家经济并不富裕，这笔彩礼对他们来说是沉重的负担，也给小两口的婚后生活蒙上了一层阴影。筱雅对此却无可奈何，感叹：“我的婚姻大事，是由父母和媒人商定的。” 今年2月13日发布的中央一号文件要求，推动各地因地制宜制定移风易俗规范，强化村规民约约束作用，党员、干部带头示范，扎实开展高价彩礼、大操大办等重点领域突出问题专项治理。这是中央一号文件5年内第四次点名高价彩礼问题。各省份也在群策群力，比如规定彩礼限额标准、提倡零彩礼等，并取得了一定成效。 在全国多地抵制高价彩礼陋习、推进移风易俗工作的同时，由于世俗观念的影响，以及一些职业媒人的推波助澜，仍有不少青年与筱雅他们一样，对自己的婚嫁彩礼问题缺少话语权。 “感觉媒人在‘带节奏’，说一些诱导我父母的话” 筱雅自认为是“独立女性”，近两年用攒下的几万元与小姐妹合伙经营一家美容店，做美甲、美睫、面部护理，积攒了些稳定客源，每月刨去开支净收入6000多元，租住在一间公寓房，买了代步车。 她和晓东是在一次朋友聚会上认识的。晓东的职业是房屋中介，年收入与筱雅差不多。去年他俩用自己的积蓄加上父母的帮衬，按揭购买了一套新房。晓东父母请托当地小有名气的职业媒人王玺，联系筱雅父母提亲。二老觉得晓东做人做事踏实稳重，同意了这门亲事。 眼看婚事“有戏”，媒人王玺开始多次向筱雅父母建议多要彩礼，还说经他介绍成婚的年轻人，彩礼都在15-25万元，“你姑娘优秀，是个创业小老板，事业前景好，养个女儿不容易，彩礼要跟着风俗行情走”。 “感觉媒人在‘带节奏’，说一些诱导我父母的话。”筱雅曾劝说父母，“别要太多，晓东家也不容易，正在供晓东弟弟上大学”。但父母更愿意听从媒人的建议，还提醒女儿：“婚姻大事上不要‘恋爱脑’，能拿出多少彩礼，代表着晓东家有多大诚意。” 在王玺的劝说下，这桩婚事的彩礼最终定在16.8万元。订婚那天的最后一项仪式是“谢媒”。晓东和筱雅的父母分别拿出2000元“谢媒钱”给了王玺。宴席临近结束，王玺特意对着双方家长“将丑话说在前面”：“倘若两个年轻人悔婚、闪离，涉及钱财的事，别来找我。” “第一次真切地感受到，在婚嫁彩礼问题上，我并不‘自主’。”筱雅说，小城市的人注重传统婚嫁习俗，普遍比较重视彩礼，“有的职业媒人就在彩礼上动心思，煽动女方家庭哄抬价码、从中抽成赚钱”。 在宁夏回族自治区南部，27岁的赵梦琪今年5月和初中同学王罡结婚了，在彩礼问题上，她也感到比较无奈。春节订婚前，当赵梦琪说出“零彩礼或象征性收一点”的想法时，父母坚决反对，“聊了三四次，也没能统一意见”。 和一些同龄已婚女性朋友交流时，赵梦琪了解到，一些人嫁女儿时，或为了攀比、争“面子”，或受到环境压力和媒人“带节奏”，会提出大额彩礼要求。但男方家庭除承担买房和装修开支外，还需负担十几万甚至20多万元的彩礼，压力非常大。 在筱雅的农村老家，大部分职业媒人是无业群众。他们收集掌握着几十或上百名适婚男女青年的个人信息，包括农历出生日期、身高、学历、职业与收入、家庭住址、家庭成员基本情况、有无房和车、择偶需求。“这些信息都记在本子上，有些是本人或家长主动联系告知的，有些是自己平时打听到的。”职业媒人王玺说。 王玺给人介绍对象有七八年了。起初，有人找他帮忙给孩子打听合适的对象，他陆续介绍成功过几对新人，还收到过皮鞋、烟酒等谢媒礼。后来，问的人多了，他便觉得这是个营生，索性每到乡镇的赶集日，就端个小板凳找个人多热闹的地方守着，等别人找他介绍对象。一同守候的，不止他一个媒人。时间久了，当地人管媒人聚集的地方叫“人市”。 在甘肃庆阳，群众戏称媒人说亲是个“跑断腿、说破嘴”的辛苦差事，有个风俗是：说定婚事后，双方家长要赠送皮鞋作为答谢。近些年，人们生活条件好了，将送皮鞋改为送现金，抑或二者皆送。为赚取谢媒礼，一些职业媒人怂恿女方家长索要大额彩礼及服装购置费、上车费、改口费等，从中抽成10%甚至更多。在临近的陕西省一些地区，彩礼还包括“离娘钱”“菜水钱”等各种名目的收费项目。 “职业媒人的业务有淡旺季。”王玺说，春节前年轻人返乡时段最忙。有时，说一个媒，一天要跑两个地方，上午介绍男女双方见面，下午带他们“看家”(到双方家中了解家庭居住环境——记者注)。 王玺的说媒过程，从互推联系方式、约线下见面，到提亲、订婚，快则半月、慢则一个月，原则就是最多约3次见面，互相没好感就重新介绍。“年轻人返乡时间紧张，一般往两边跑三四趟就能‘说成’。能不能‘说成’，关键就是谈彩礼。” “一些外出打工的年轻人最终要回乡生活，更愿意在家乡找对象。”年轻人闲时喜欢看短视频，王玺就把说媒业务转战到网络上，白天将待婚男女青年个人信息等内容发在短视频平台上，还会发一些介绍成功的年轻人订婚、结婚的视频，画面里有一摞摞的彩礼钞票、琳琅满目的陪嫁物品，还有“谢媒”业绩，标注“有意者加微信私聊”；晚上就开直播安排年轻人线上见面。 这些业务并非免费。王玺说，现在年轻人的恋爱择偶观念更多元化，对外貌形象、工作收入、房子车子等条件都有不同的心理预期，帮他们找到心仪的人，需要花时间和精力，“说媒酬劳根据双方最终的彩礼来算”。 在筱雅生活的县域，一些年轻人不愿意婚后居住在农村，倾向于要求男方在县城或市区买房。男方家庭婚前买房，全款加装修费用近100万元，如果办商业贷款，首付款加装修费最少也得近40万元。倘若家中有两三个儿子，经济负担“重如山”。“媒人谈彩礼的出发点，更多考虑的是婚俗和利益，而不考虑这些家庭的现实经济状况。”筱雅说。 赵梦琪平时比较关注社会热点。在一些常用的短视频平台，她也发现，同城频道用户中活跃着很多职业媒人。有人自称自媒体从业者转型，有人挂出了婚介实体店名称和地址。除单身男女青年婚介信息外，发布的内容还包括“没房没车没存款，即使再老实可靠，也没有女生愿意嫁给你”“二婚怎么谈彩礼”“想闪婚的私信聊”等。 “这些言论，明显与当下倡导的婚恋文明新风相悖。”赵梦琪说。 婚姻被高额彩礼裹挟，会使女性婚姻自主权受到侵害 赵梦琪的母亲刘萍祖籍在甘肃东部一座县城。刘萍说，20世纪，在陕甘宁三省交界的一些县(区)，年轻人举办订婚或结婚仪式时，会现场展陈女青年手工缝制的被褥、布鞋和鞋垫、刺绣枕套、门帘、香包挂件等。这些物件被称为“陪纺”。“陪纺”越多、针线活儿做得越好，越能说明女青年心灵手巧、具备较好的生活技能。 进入21世纪后，人们的物质生活日渐向好，展陈的物品发生了变化。 “‘陪纺’依然有，但人们开始认为，就算再多，也并不值钱。”刘萍向中青报·中青网记者说，现在取而代之的，是展示男方赠予女方的彩礼现金、首饰、服装鞋包、品牌护肤化妆品等，以及女方家长赠予的陪嫁车、家电、名表等贵重物品。 赵梦琪曾在参加的婚礼仪式上见到，有人为女儿办出阁宴时，将陪嫁物品清单以红榜的形式张贴在宴会现场醒目处，或将崭新的甚至还没挂牌的陪嫁车开到宴会现场，供宾客了解观赏。有人找货车将陪嫁的大型家电运到宴会现场，实在不好搬运的，就将外包装空纸壳摆在现场显眼处。也有的女方家庭会展示两把陪嫁钥匙：房钥匙、车钥匙。 “小城市是个‘熟人社会’，人都有从众心理，会跟风效仿这些做法。一旦流行起来，想破规矩不容易。”赵梦琪说，在攀比、争“面子”的心态下，女方家庭会提高彩礼金额要求。比如，谁家的女孩考上了研究生或端上了“铁饭碗”，谈彩礼时，媒人会建议女方家长：“农村没上过大学的女孩出嫁彩礼，还有二婚的，都十五六万元，甚至20多万元，咱们不能比这些低。” 00后李爱媛从小生活在陕西省靖边县一个农村家庭，目前单身。她常听长辈说“花了那么多精力和钱养大的女儿，嫁了人就是婆家的人了，不多要点儿(彩礼)，不是亏了嘛”“彩礼给得多，对方不敢轻易怠慢咱”。 她和同村出嫁了的姐姐们交流得知，因为高额彩礼，有的男青年借钱、刷信用卡甚至借网贷结婚，婚后又因经济压力产生家庭矛盾；有人举全家之力买房装修后，积蓄所剩无几，拿不出20多万元的彩礼，选择放弃感情、另觅良缘；也有的女青年会积极向家人争取降低彩礼要求。 “当下的年轻女性既要遵从传统婚俗观念，又要响应婚恋新风，需要正面应对彩礼问题。”李爱媛说，婚姻被高额彩礼裹挟，会使女性婚姻自主权受到侵害。 今年全国两会期间，全国政协委员、全国妇联副主席、书记处书记吴海鹰提交了关于治理高价彩礼的提案。她建议，指导基层自治组织对婚嫁彩礼明确约束性标准，并将“限高”规定写入村规民约；发挥红白理事会和乡贤作用，引导村民执行村规民约、红白理事会章程；制定“媒婆公约”，杜绝收受高额回扣；紧抓重点人群，将婚丧嫁娶情况纳入对党员干部的考核述评、晋级晋职、监督管理，实行承诺报备制度。 甘肃省镇原县一名乡政府干部表示，按规定，婚介机构由民政部门审批登记、监督管理，但平时在当地农村参加年轻人婚礼时发现，民间仍活跃着一些无注册、无登记、“脱管”的媒人，其中不乏哄抬彩礼、赚取高额抽成者，还有媒人活跃在短视频平台上，“建议民政部门摸清这类人员的数量和情况，从严管理”。 中青报·中青网记者 焦敏龙,3937,https://www.chinanews.com.cn/sh/2023/10-17/10095149.shtml,高价彩礼;婚姻;结婚;婚恋;彩礼;婚俗;婚嫁;适婚;婚介;闪婚;恋爱;单身;择偶;对象;婚礼
China News Service,2023-10-17,拒绝高价彩礼 让年轻人“想结婚就能结”,手捧苹果跨“火盆”、拿军用水壶喝交杯酒……前不久，武警宁夏总队为28名新婚的指战员举办了一场浪漫又“硬核”、庄重又简朴的集体婚礼。这样的婚俗新风，正在宁夏回族自治区各地吹过。 近10年来的每年5月20日和七夕节，团宁夏固原市委都会举办青年联谊交友活动或集体婚礼。每次活动中，青年参加者还会共同完成一项仪式——宣读移风易俗倡议书。 “今年固原青年报名联谊交友活动的热度很高，为此，团委还加密了活动频次。”团固原市委书记李树荣介绍，当地一些年轻人遇到高价彩礼情况，给家庭带来沉重的经济负担。“举办青年联谊交友活动或集体婚礼，就是希望引导年轻人树立抵制高价彩礼、形成移风易俗的思想观念。” 事实上，高价彩礼造成的社会危害远不止于此。西安交通大学公共政策与管理学院教授靳小怡提到，这一陈规陋习“存在婚姻缔结被过度物化、农村家庭因婚致贫返贫风险上升、农村女性成婚权益受到侵害、大量农村男性成婚难甚至永久失婚等负面影响”。 “目前，引导年轻人抵制高价彩礼有两个难点。”李树荣分析，第一个难点，年轻人是婚姻的主角，但不一定是建立婚姻关系的主导者，即便大多数人反感、不认可高价彩礼，但不能完全决定原生家庭、家长的做法；第二个难点，有些青年仍有“讲排场、比阔气”的盲目攀比思想，存在“彩礼低就是不重视女方”的陈旧思想，缺乏“自力更生、勤劳致富”的生活观念。 对于第一个难点，靳小怡在接受采访时表示，要治理天价彩礼，说到根上，还是要提高女性的地位，要改变人们的传统观念。在相对封闭的乡土社会，它是一个家族性的行为，“仅仅关注年轻女性是不够的，要更多地去影响一些在村里有话语权的族长或村干部，或者是大家都比较尊重的长辈。他们的观念转变了，才能真正带动这个地区婚俗的改变。” 对于第二个难点，参加过一些订婚宴结婚宴的陕西女青年刘雨檬也深有同感。她举例指出，在陕甘宁一些城市，虽然鲜花并不便宜，有的年轻人为了体面，会斥巨资在婚礼现场布置大量鲜花；有的小镇青年在彩礼、婚纱照旅拍、陪嫁车、蜜月游等方面互相攀比；即使在同城娶亲，也要找中高端品牌的汽车作为交通工具，由1辆“头车”和10辆娶亲车组成娶亲车队，在婚宴开始前绕城行驶一周，以此显示“排面”，有些人还要在半路上进行“挡婚车索要香烟或红包”的游戏。在婚车费用方面，男方给每辆娶亲车司机的劳务费少则200元、多则500元，既要送香烟和饮料，还要负担婚车装饰费。 “这其实是一种‘伪仪式感’。有的年轻人为了给别人展示自己过得幸福，对自身经济实力欠考虑，选择高于自身消费能力的方式举办订婚结婚仪式。实际上，有的年轻人结婚时很风光，婚后却在过紧日子还债。”刘雨檬说。 刘雨檬认为，年轻人订婚结婚追求一些仪式感并没有错，但要摒弃“做给外人看”的虚荣想法，充分考虑自身及家庭经济情况，避免将人生大事搞成“面子工程”。 中央团校党的群众工作教研部教师琚晓燕、姜振华、李燕平，曾于2021年对2905名18-26岁的未婚城市青年开展婚恋问题调研。调研发现，要为青年构建“婚恋友好型”环境，让“想结”的“能结”，这是一项需要耐心和韧性的慢功夫。 为了倡导婚俗新风，有的地方村委会主动了解本村未婚青年的婚恋需求，帮符合条件的适婚青年牵线搭桥，并借此机会引导双方家庭正确看待彩礼，和和气气地商量出令双方满意的彩礼数额，成就了不少美满姻缘。有地方倡议，适婚青年可用彩礼为父母购买养老保险或养老储蓄，既能让女方家庭感到男方的诚意，也能减少女方父母养老的后顾之忧。 李树荣介绍，为推进移风易俗工作，固原市各级团组织开展了文明新风主题宣讲活动，邀请青年讲师面向年轻人宣讲正确的择偶观、婚恋观、幸福观，引导他们树立婚事简办、喜事新办的价值观；利用团属新媒体平台，制作发布移风易俗公益广告、宣传视频30余条，点击阅读量有20多万次，让户户知晓、人人关注移风易俗；邀请固原市内“零彩礼”结婚的姚宗荣、马虎梅夫妇等年轻人，带头倡议当地群众转变陈旧婚俗观念，“类似的零彩礼、低彩礼婚嫁例子，固原市每年都在增加”。 “抵制高价彩礼，青年及其家长的思想工作，共青团都要做。要促进人们更新观念，让彩礼回归合情合理。”李树荣说，团固原市委正在筹划设立青年婚恋交友工作室，从年龄、职业、性格等方面，为单身适婚男女青年精准做好交友服务，倡导青年婚恋以人品、感情为重，避免婚姻被高价彩礼“绑架”。 中青报·中青网记者 焦敏龙,1798,https://www.chinanews.com.cn/sh/2023/10-17/10095150.shtml,高价彩礼;天价彩礼;婚姻;结婚;婚恋;彩礼;婚俗;婚嫁;适婚;单身;择偶;婚礼
China News Service,2023-10-17,最新婚姻大数据公布！结婚登记高峰年龄段是…,近日，民政部网站发布《2022年民政事业发展统计公报》。 去年办理结婚登记683.5万对比上年下降 10.6% 去年全年依法办理结婚登记683.5 万对，比上年下降 10.6%。结婚率为4.8‰，比上年下降0.6 个千分点； 依法办理离婚手续287.9 万对，比上年增长1.4%，其中：民政部门登记离婚 210.0 万对，法院判决、调解离婚77.9万对。离婚率为 2.0‰； 全国婚姻登记机构和场所共计4310 个，其中婚姻登记机构 1103 个。 去年结婚登记人口中25-29岁人群占比最高 2022年，我国结婚登记人口中，20-24岁人群占比15.2%，比上一年下降1.3个百分点。 2022年，25-29岁人群占比占结婚人口37.24%，比上一年提升了1.96个百分点，自2013年以来，连续10年成为占比最高的年龄段。 30-34岁人群和35-39岁人群占结婚人口的比重在持续上升。数据显示，2010年，30-34岁人群占结婚人口比重为11.3%，2022年这一占比为20.72%。35-39岁人群占比从2010年的6.6%，上升至2022年的9.14%。2022年，40岁以上人群占结婚人口比重为17.7%，虽然比2021年有所降低，但仍比2010年提升了4.8个百分点。 从2010年以来历年结婚人口年龄结构来看，我国结婚年龄尤其是初婚年龄大幅推迟。 2022年1月20日，国家卫生健康委人口家庭司副司长杨金瑞在回答记者提问时称，“90后”“00后”作为新的婚育主体，绝大部分成长和工作在城镇，受教育年限更长，面临的就业竞争压力更大，婚育推迟现象十分突出。 初婚年龄推迟之外，我国去年结婚人数跌破700万对，还跟适婚人数减少、思想观念变化、疫情影响等因素有关。 数据显示，2023年上半年，我国结婚登记人数为392.8万对，同比增加了19.6万对。相比结婚登记，包括婚宴在内的婚庆经济受延迟效应影响更加明显。今年以来，婚庆经济出现明显回暖，甜蜜经济持续升温，今年中秋国庆假期婚庆市场迎来了一波消费热潮。,857,https://www.chinanews.com.cn/sh/2023/10-17/10095271.shtml,婚姻登记;结婚登记;婚姻;结婚;离婚;婚育;初婚;适婚
China News Service,2023-10-17,结婚人数9连降 如何提升年轻人结婚意愿,高房价在一定程度上延缓了年轻人走入婚姻的步伐。 10月13日，民政部发布《2022年民政事业发展统计公报》。公报显示，2022 年，全年依法办理结婚登记683.5万对，比上年下降10.6%。结婚率为4.8‰，比上年下降0.6个千分点。 从结婚人数来看，自2013年达到1346.9万对的最高峰后，结婚人数连续9年下降，到2022年则跌破了700万对大关。在人口发展和妇幼健康方面，2022年全国出生人口956万人。 “跌跌不休”的趋势背后反映了很多问题。比如，不婚不育的文化正在蔓延和扩展。我国结婚率日益走低，离婚率逐渐升高。1987-2020年离婚登记对数从58万对攀升至373万对。同时，不婚导致大量单身人口的出现。 这背后有两个原因。一个是结婚观念原因，结婚成本太高但同时风险太大，天价彩礼时有耳闻，婚姻物质化现象较为普遍。 天价彩礼的人口学根源是适婚女性资源短缺、男多女少引发的婚配挤压、婚姻市场失衡格局中的“物以稀为贵”。 高房价也在一定程度上延缓了年轻人走入婚姻的步伐，极晚婚极少育现象成为城市常态。男性多偏好不高于自身条件的女性，结婚成本越来越高。结婚后有孩子就要考虑生育成本和教育成本。这些压力传导之下，导致很多年轻人不愿结婚不愿生孩子。 另一个是两性人口资源不匹配，难以找到合适的伴侣。2020年，男性人口比女性多3490万。“00后”男女性别比达119，男性比女性多近1300万；“90后”男女性别比达110，男性比女性多近900万。单身男青年和单身女青年同时并存已成为人口新常态。 2020年开展的第七次全国人口普查数据表明老龄化、少子化、不婚化加速到来，随着高价婚姻成为生活中的不可承受之重，也随之出现婚姻成本的内卷化——啃老，这或许也是结婚人数连续9年下降的一个重要原因。 为此，我国需要倡导新时期的婚育文化来应对不婚不育的挑战。这包括认知契合、提升爱能、相互包容、彼此尊重、适龄婚育等。社会各方为青年人多提供相识、交流的机会和场所，缓解适配难的问题。 另外，考虑到年轻人面临的买房、彩礼、生育等一系列现实问题，社会各方不妨推出更多真金白银的实招，比如降低房贷利率、制定民俗新约、加大生育补贴、扩大普惠幼儿园覆盖范围等。这些层面的改进，都有利于提升年轻人的结婚意愿。 当然，根本层面还是要从整体上降低年轻人婚恋的物质负担与心理负担，这是关系改变我国低生育率格局的大事，需要足够重视起来。,1006,https://www.chinanews.com.cn/sh/2023/10-17/10095122.shtml,结婚登记;天价彩礼;婚姻;结婚;离婚;婚恋;婚育;彩礼;不婚;晚婚;适婚;单身;伴侣
China News Service,2023-10-18,“媒婆”不该为高价彩礼“带节奏”,“感觉媒人在‘带节奏’，说一些诱导我父母的话。”据《中国青年报》报道，在甘肃庆阳等地，因为说媒酬劳根据双方最终的彩礼来算，职业媒人就在彩礼上动心思，煽动女方家庭哄抬价码、从中抽成赚钱。 民政部数据显示，2022年全年依法办理结婚登记683.5万对，比上年下降10.6%。造成结婚人数下降有很多因素，其中的经济因素不容忽视。一些地方盛行的高价彩礼，更是抬高了婚姻成本，限制了不少年轻人的结婚意愿。 此次报道也证实，一些职业媒人为赚取“谢媒礼”，怂恿女方家长索要大额彩礼及服装购置费、上车费、改口费等，从中抽成10%甚至更多。为了拿到更多抽成，职业媒人成了助推彩礼抬价的“主谋”。 彩礼金额不断“加码”，表面上让女方家庭受益，其实对保障女性权利有害无益。在一些男方家庭眼里，高价彩礼是不得已而为之的“消费”；而如果彩礼成为主导婚姻的筹码，也会让女性成为被“物化”的对象。 而治理高价彩礼，并非打压传统婚姻文化中的正常礼俗，而是涉及价值观、婚恋、家庭、生育等整体社会考量。现代媒人提供的是牵线搭桥的婚姻介绍服务，这种为了获得更多“抽成”不惜为高价彩礼推波助澜的做法，既背离了婚介服务的目的，也不利于家庭和睦、社会和谐。 尽管目前法律对婚姻介绍人的酬金费用并无明确限制，但职业媒人将其酬金与彩礼挂钩，恐怕已涉嫌违背提供服务的公平原则。对此，针对由民政部门审批登记、监督管理的婚介机构，地方可出台婚介服务规范及收费指导价；对那些无注册、无登记的职业媒人，则要及时纳入规范管理中来。 说到底，作为提供婚姻信息服务的一方，职业媒人理应做健康婚俗习惯的倡导者、推动者，而不是以高价彩礼“绑架”婚姻双方，把婚姻介绍视为“一锤子买卖”。本质而言，也只有提供更为良性的婚姻介绍服务，才能让现代媒人获得更广阔的职业空间，受到社会的认可与信任。,759,https://www.chinanews.com.cn/sh/2023/10-18/10095881.shtml,结婚登记;高价彩礼;婚姻;结婚;婚恋;彩礼;婚俗;婚介;对象
China News Service,2023-10-20,民政部：截至9月底累计办理跨省婚姻登记19.7万对,中新网 10月20日电 民政部新闻发言人、办公厅(国际合作司)副主任武增锋在20日举行的民政部第三季度例行新闻发布会上表示，民政部持续推进婚姻登记“跨省通办”试点工作，截至9月底，累计办理跨省婚姻登记19.7万对，其中2023年6月1日扩大试点工作以来办理6.95万对。 民政部加强殡仪馆、公墓、骨灰堂等殡葬设施建设，大力推行节地生态安葬，推进移风易俗。落实完善残疾人两项补贴政策，截至9月底，分别惠及困难残疾人1165.3万人、重度残疾人1567.5万人。31个省份建立补贴标准动态调整机制，全国生活补贴平均标准为154.2元/人·月，护理补贴平均标准为124元/人·月，同比分别增长5.8%、3.8%。 建成康复辅助器具产业园区49个，设立康复辅助器具社区租赁服务实体店400余家，惠及870万残疾人。推动实施“精康融合行动”，28个省份出台实施意见，进一步完善精神障碍社区康复服务体系，促进精神障碍患者回归家庭和融入社会。以“科技赋能筑大爱，温情救助守初心”为主题启动第十一个全国救助管理机构“6.19开放日”活动暨全国“夏季送清凉”专项救助行动。专项救助行动期间，全国出动街面巡查人员52.6万人次，出动救助车辆17.2万台次，发放各类防暑降温物品18.6万件，设立临时救助点3.1万个，救助流浪乞讨人员等各类临时遇困人员28.2万人次。 【,575,https://www.chinanews.com.cn/gn/2023/10-20/10097477.shtml,婚姻登记;婚姻
People.cn,2023-10-20,沙坪坝区在磁器口设立婚姻登记点,10月19日，沙坪坝区民政局婚姻登记处磁器口登记点揭幕。 记者看到，磁器口婚姻登记点位于磁器口幸福街6号（原磁器口金蓉门游客中心），设施完备、功能齐全、独具特色，内设有婚姻登记、婚俗文化宣传、祈福、打卡、集体办证、婚礼仪式、婚俗文化展厅、颁证厅等功能区域，可提供婚姻登记、颁证服务、婚姻家庭辅导等服务，周一至周五（国家法定节假日除外）开放，登记新人需先进行预约，预约电话：023—65183889。 当日，沙坪坝区民政局还在磁器口古镇举办“磁处有囍·幸福有你”2023沙坪坝区婚俗改革实验区建设系列活动暨“青春之城”集体婚礼和金婚典礼。（记者 张莎）,275,http://cq.people.com.cn/n2/2023/1020/c365402-40610012.html,婚姻登记;婚姻;婚俗;婚礼
China News Service,2023-10-21,求职时被问婚恋情况及父母工作职务 招聘方开展背景调查的边界在哪,“还没发放offer(录用通知书)，公司就说要对我进行背景调查，收集的信息内容包括家庭情况、父母工作、健康状况、有无男女朋友等。”正值“秋招”(秋季校园招聘，每年针对应届毕业生的大规模招聘活动)，北京师范大学应届毕业生廉童及其同学在找工作时多次遇到用人单位要进行背景调查，“这样收集个人信息是否过度？招聘方开展背景调查的边界在哪里？” 背景调查，即用人单位对拟录用的候选人进行的核查，通常是了解核查该候选人的学历、工作经历和表现等，判断是否存在重大虚假陈述，确认其是否适合拟聘用的岗位。 《法治日报》记者近日采访发现，伴随着市场主体增加、人才流动加速，背景调查越来越频繁地出现在招工流程中，而一些用人单位对求职者开展背景调查时，存在程序不合规、随意或过度收集个人信息等情况，涉嫌侵犯劳动者合法权益。 和廉童一样，2024届毕业生孙晓玲在今年“秋招”中也遇到了关于背景调查的“奇葩事”。孙晓玲有过两年工作经历，后考研重返校园，比同学们稍长两岁的她在面试中屡次被询问婚恋状况。 “面试官问我目前有什么人生规划，我以为他是问工作方面，结果对方说是个人生活方面，后来干脆直接问我有没有男朋友。我回答没有，他又追问准备什么时候交男朋友，真让人无语。”孙晓玲吐槽道。 对于被询问亲属信息、婚恋情况的经历，即将从辽宁大学毕业的靳莉已经习以为常，但最近她发现一家公司要求应聘者上传3张以上生活照，这让她感到不解：“那个岗位本身只是普通职能岗位，并不需要出镜或者对形象气质有特殊要求，而且家庭住址一栏被设置为必填项，还要精确到门牌号。” 靳莉还遇到过有公司要求其将每个学习、实习阶段的证明人和联系方式都填写的情况，否则无法提交申请表。“明明只是投递简历阶段，还没有任何录用意向，为啥公司就要收集这么多信息？” 记者从多个求职平台了解到，用人单位开展背景调查的现象越来越普遍，有的在投递简历阶段便要求求职者填写家庭成员信息，包括姓名、年龄、政治面貌、工作单位、职务等，如果不填则无法投递简历。还有用人单位在录用前去打听求职者之前的薪资水平。 来自湖南长沙的梁军就吃了“哑巴亏”。前段时间，他准备跳槽至一家新单位，还没办完离职手续，新单位便向其当时所在单位打听其薪资水平及工作表现。随后，现单位在梁军劳动合同期满后没有续约，新单位以其虚报薪资水平为由拒绝录用。 “这是暗调不是背调。我可以理解公司为了规避风险而进行背景调查，但是程序应该合法合理吧？而且我之前的薪资水平和即将签订的劳动合同也没有关系，对方凭什么随意收集这些信息？”梁军愤愤不平。 曾学徵在广东深圳一家公司做HR(人力资源)多年，他发现近年来越来越多的企业开始调查拟录用人员背景，有的是公司HR进行，有的是委托给第三方背调公司。实践中，确实存在不少过度收集求职者个人信息的情况。 “背景调查最早出现在外企，如今在互联网、金融、医药等行业很常见。”曾学徵说，由于求职者简历造假的情况时有发生，而单人次背景调查的成本通常只有数百元，远低于录用简历造假人员的解雇成本，这些因素导致背景调查越来越普遍。 实际上，根据劳动合同法和劳动合同法实施条例，用人单位有权了解劳动者与劳动合同直接相关的基本情况，劳动者应当如实说明。用人单位应建立职工名册备查，职工名册应当包括劳动者姓名、性别、居民身份证号码、户籍地址及现住址、联系方式、用工形式、用工起始时间、劳动合同期限等。 另外，依据个人信息保护法，为订立、履行个人作为一方当事人的合同所必需，个人信息处理者方可处理个人信息。处理个人信息应当具有明确、合理的目的，并应当与处理目的直接相关，采取对个人权益影响最小的方式。 多位受访专家指出，开展背景调查是为了验证求职者学历、履历等信息的真伪，辅助降低用工风险。用人单位应针对岗位和工作要求进行合法合理性调查。否则，即使劳动者已授权，仍属于侵权。此外，求职初期就要求填写家庭成员详细信息等，或被认定过度收集个人信息。 “求职初期与背景调查并不是同一阶段。求职初期需要获取的个人信息，应当主要围绕求职者与申请职位的要求及招聘管理所必需的相关信息，如年龄、学历、工作经验、联系方式等，除非是该岗位基于法律强制性要求或者有其他合理理由，否则，不应超范围获取求职者个人信息，‘家庭成员详细信息’等并不与求职初期直接相关，具有被认定为构成过度收集个人信息的情形。”北京德和衡(上海)律师事务所高级合伙人邢芝凡说。 邢芝凡介绍，背景调查一般发生在企业对求职者有了初步录用意向后，正式发出offer之前，调查的内容范围一般包括调查求职者的基本信息(身份信息、教育背景)、职业履历、工作能力、上家离职原因、违法犯罪记录等与工作内容直接相关的部分。 “由于背景调查处在招聘过程中，此时求职者与用人单位之间尚未建立劳动关系。因此，用人单位对于求职者开展背景调查需要遵守‘知情-同意’的原则，即用人单位应当以书面形式向求职者告知背景调查所涉及的范围、求职者需要配合提供的信息以及背景调查结果的使用方式和范围。如果涉及敏感个人信息的处理，还应当取得求职者的单独同意。”邢芝凡说，对于背景调查的结果也应当基于背景调查的目的使用，不得超范围不当使用。 在中央财经大学法学院教授沈建峰看来，背景调查在本质上涉及对个人信息的收集行为，所以在程序和内容上应当遵守个人信息保护法的规定、民法典关于个人信息及个人隐私的规定。 “目前法律上并没有专门的关于背调的程序，但在个人信息保护制度里，要获取个人信息，涉及个人同意等规则。劳动合同法也规定，在求职阶段、招聘阶段或者劳动合同订立阶段，用人单位和劳动者签约时各自的信息提供义务及信息提供的方式和范围。”沈建峰说，劳动者个人信息提供，一方面具有限定性，即只能是和劳动合同履行有关的信息；另一方面具有被动性，劳动者应当是在用人单位询问的时候如实回答，没有主动提供的义务。 受访专家一致认为，个人信息的收集需要围绕具体场景，并在最小、必要的原则下开展。考虑到不同岗位所面临的风险、职责和工作内容等存在不同的需求，用人单位背景调查所需要收集的信息应确保与对应的岗位直接相关。这是确定信息收集边界的基本原则。同时，用人单位也应当着重关注和预防涉及就业歧视的信息收集，如性取向等。 那么对于用人单位来说，对劳动者进行背景调查时该如何做好法律风险防控？ 北京天驰君泰律师事务所合伙人郭政认为，对求职者进行背景调查的根本目的在于防范其在应聘时提供虚假信息而导致用人风险，因此对法律风险的管理防控应当贯穿于背景调查的全过程。 “用人单位应当在正式开始背景调查前取得求职者的授权书。授权书应当明确调查范围，一般包括身份、最高学历验证、最高学位验证、工作履历、工作表现、犯罪记录查询、金融记录查询等，不应当对求职者个人隐私问题进行调查；背景调查授权书应由劳动者亲笔签名，用人单位注意留档，以避免产生争议后，求职者否认授权书的真实性而给用人单位带来法律风险。”郭政说。 他还提醒，用人单位采用电话沟通方式向原用人单位进行调查时，应注意录音，且确保录音完整清晰；正式沟通开始前需表明双方身份，最好具体到双方姓名、职务，并明确本次沟通内容为某位应聘者背景调查；背景调查事项不应当超过背景调查授权书所授权的范围；背景调查信息应当注意保密，不得向无关人员透露。 对于当下不少用人单位将背景调查业务委托给第三方机构的情况，郭政建议，应购买合法合规的第三方背景调查服务，而不是“暗调”。“除了要求第三方机构做好上述法律风险的管理防控外，用人单位还应核实第三方机构相关资质，确保第三方机构主体合法合规。在合同中对第三方机构调查范围、调查内容真实性进行约定，并明确第三方机构违反约定后应承担的违约责任，以避免第三方机构超出授权范围进行调查、虚假调查等带来的法律风险。” 邢芝凡建议，如果遇到随意收集和过度使用个人信息的情况，求职者应勇敢说“不”，如果发现第三方机构或者拟入职单位存在违法过度收集个人信息的情况，可根据侵犯个人信息的程度选择投诉举报、起诉乃至报案。 “有一个现实困境是，在招聘过程中，如果求职者拒绝提供相关信息，可能会被踢出局。所以在司法实践中出现了一种特别的‘规则’，即允许劳动者在特定情况下提供一些不真实的信息。比如被问婚否，根据法律规定，招聘单位不可以询问求职者婚姻信息，在这种情况下，司法实践允许求职者作出不真实的回答，我们称之为‘说谎的权利’。”沈建峰说。,3439,https://www.chinanews.com.cn/sh/2023/10-21/10098048.shtml,婚姻;婚恋
People.cn,2023-11-06,江西上高举行“不要彩礼要幸福”公益集体婚礼,11月5日，江西省上高县第二届“不要彩礼要幸福”公益集体婚礼在塔下乡大观老街集体婚礼基地举行，6对新人喜结良缘。 集体婚礼在浪漫的音乐旋律中拉开序幕，沐浴在幸福甜蜜之中的六对新人款款走向婚礼舞台，他们身穿喜庆的中式婚服，进行跨火盆、跨马鞍、挑盖头、交换信物、交杯酒等传统婚礼仪式，从此两姓联姻、一堂缔约、喜结良缘。出席婚礼的嘉宾将一本本装满了甜蜜与幸福、承载着一生一世承诺的红色结婚证颁发至每一对新人手中，并为新人送上纪念品。 “参加这次集体婚礼，仪式感特别强，令我今生难忘，我觉得非常有意义，我要把我的小家经营好，和老婆共渡幸福时光。我要带头弘扬时代新风，争做婚事新办、喜事简办婚俗新风尚的倡导者、宣传者、践行者！”邹磊说。 本次活动由上高县妇联、县委人才办、县文明办、县总工会、团县委、县民政局联合主办，活动的主题是“移风易俗新风尚 不要彩礼要幸福”，通过集体婚礼、集体颁证，倡导婚事新办、喜事简办，为爱“减负”为幸福“加码”，抵制婚嫁陋俗，引导广大青年和家庭树立正确的婚恋观，让婚姻回归幸福本质，充分展现当代青年良好精神风貌。 仪式结束后还举办了青年交友联谊活动，伴随着浪漫的音乐声，嘉宾们在签到墙上书写下对活动的期待与祝愿，并进行了猜歌名、穿针引线等小游戏。此次活动拓宽广大单身青年交友渠道，营造了一个健康、活泼的交友、择友氛围，助力广大青年人才在上高安居乐业，集体婚礼+青年联谊，给未婚青年有个直观的印象，潜移默化地按下了婚姻的“加速键”。（张金华、况敏）,633,http://jx.people.com.cn/n2/2023/1106/c186330-40630288.html,婚姻;结婚;婚恋;彩礼;婚俗;婚嫁;单身;婚礼
People.cn,2023-11-10,建构中国婚姻家庭法学知识体系的三个维度,2023年11月10日08:31 姻家庭法律制度是民法典的组成部分，婚姻家庭法学知识体系是民法学知识体系中不可或缺又独具特色的组成部分。建构中国婚姻家庭法学自主知识体系，要结合我国婚姻家庭立法和司法，直面婚姻家庭关系的特殊性及其时代挑战，面向历史、理论、实践等维度展开。 历史逻辑：婚姻家庭法律制度的回归和再体系化 新中国成立后很长一段时间里，受苏联民法学的影响，我国婚姻家庭法律制度被人为地从民法中分立出去。1950年婚姻法是新中国成立后制定的第一部法律，意味着婚姻法与民法二元并立体制的开始。1986年颁布的民法通则对民法调整对象采“平等关系说”，将平等主体之间的财产关系和人身关系一并纳入民法调整范围，这就解决了婚姻家庭法的体系归属问题，维护了传统民法的制度体系，开启了婚姻家庭法向民法形式上的回归。但民事单行法时代的婚姻家庭法，仍呈现出多层次多元化的特点和分散混乱的弊端。 2020年民法典的通过，意味着婚姻家庭法向民法形式上回归的完成。随着民法典的施行，作为单行法的婚姻法被废止。体系化是民法典的生命，民法典婚姻家庭编推动了婚姻家庭法的体系化。在立法层面，婚姻家庭编成为民法典的有机组成部分，婚姻家庭法属于身份法，身份法完成了向民法形式意义上的回归。将婚姻家庭法纳入民法体系，并不会因此使得婚姻家庭关系具有商品经济关系的性质，当然，这并不妨碍平等和私法自治这两项重要的民法基本原则在婚姻家庭法领域的可适用性。 回顾婚姻家庭法律制度和民法的分合，我们可以梳理出婚姻家庭法学自主知识体系的历史逻辑，锚定婚姻家庭法律制度再出发的起点。展望婚姻家庭法律制度在民法典背景下的再体系化，能够勾画婚姻家庭法学自主知识体系推动婚姻家庭法律制度发展的使命任务。可以说，民法典婚姻家庭编成为构建婚姻家庭法学理论体系的起点和基础。在此意义上，民法典婚姻家庭编不是婚姻家庭法体系化的终点，而是再体系化的起点。在法律适用和理论体系层面，身份法还需要实现向民法实质意义上的回归，即实现身份法与财产法体系相融贯，同时充分尊重身份法的特殊性。 理论逻辑：婚姻家庭法学知识体系的两条红线和一个难题 建构中国自主的婚姻家庭法学知识体系，要重视对身份法律行为和身份权利的研究。身份法律行为和身份权利是身份法逻辑规范体系展开的两条红线。建构婚姻家庭法学自主知识体系，就是要从民法学科体系、学术体系、话语体系和法律适用角度，实现身份法律行为和民事法律行为、身份权利和民事权利的体系融贯，使得身份法无论从形式上还是从实质上都不再游离于民法之外，实现婚姻家庭法向民法的实质回归。 身份法律行为是贯通婚姻家庭法的重要理论工具，有助于保障私法自治在结婚自由、离婚自由、遗嘱自由、家事自治等领域的实现。在身份法律行为的概念之下，婚姻家庭法和民法其他部门法在法理基础和法律适用上能够进行有效的沟通和有益的对比。身份法律行为在“事物本质”方面有特殊性和一般性，婚姻家庭领域浓厚的伦理感情底色和家庭共同体特点使身份法律行为区别于财产法律行为，身份行为的法律行为属性又使得我们不得不思考民事法律行为规则在身份法律行为的适用空间，这很大程度上涉及民法典婚姻家庭编和总则编的关系问题。 身份法律关系的核心内容是身份权利。身份权利是民事主体基于血缘、婚姻、收养等特定身份关系而依法享有的以身份利益为客体的民事权利。我国现行法上的身份权利主要包括配偶权、监护权和其他亲属身份权。婚姻家庭领域浓厚的伦理感情底色和家庭共同体特点同样使得身份权利既有民事权利的一般性，又有自身的特殊性。身份权利并非典型的绝对权，其在对外关系上具有绝对权的性质，在对内关系上具有相对权的性质，故身份权利人的请求权只能向身份义务人主张。身份权利与人格权在同属于绝对权这一点上具有相似性，但身份权利在对内关系的相对权品格上则具有特殊性。 婚姻家庭法的特殊性何在，这是建构中国自主的婚姻家庭法学知识体系需要回答的一个经典难题。婚姻家庭法作为身份法的特殊性主要表现在其调整对象――婚姻家庭关系的共同体性和伦理性特点，调整对象的特殊性也要求婚姻家庭法相应规范的强行性。调整对象的特殊性塑造了婚姻家庭法的独特性。婚姻家庭是一个伦理共同体，这是婚姻家庭鲜明的中国特色。婚姻家庭身份共同体性带来婚姻家庭法平衡整体和个体利益的难题，婚姻家庭伦理性带来婚姻家庭法平衡法律与伦理道德关系的难题。 实践逻辑：加强家庭家教家风建设的法治保障 习近平总书记指出：“家庭是社会的基本细胞，是人生的第一所学校。不论时代发生多大变化，不论生活格局发生多大变化，我们都要重视家庭建设，注重家庭、注重家教、注重家风。”党的二十大报告要求，“提高全社会文明程度。实施公民道德建设工程，弘扬中华传统美德，加强家庭家教家风建设”。家庭文明是社会文明的重要内容。加强家庭文明建设是提高全社会文明程度的必然要求。建构中国自主的婚姻家庭法学知识体系，就要从法学角度深度诠释“家和万事兴”的家庭生活思维和家事法治思维，助力发挥家庭家教家风在基层治理中的重要作用。 加强家庭家教家风建设，加强家庭文明建设，需要德法共治、多法共治。婚姻家庭法学知识体系要诠释家庭文明的新时代内涵，发挥法治在加强家庭家教家风建设中的保障作用，厚植家庭文明的法治土壤。平等、敬爱、忠实、团结等是家庭文明的核心内涵和基本“法理”。民法典从夫妻关系以及其他家庭成员关系的不同角度对家庭文明的内涵作出具体规定，要求“夫妻应当互相忠实，互相尊重，互相关爱；家庭成员应当敬老爱幼，互相帮助，维护平等、和睦、文明的婚姻家庭关系”。重视家庭文明建设有利于预防和化解家庭矛盾，促进家庭稳定和谐。婚姻家庭法的主要立法宗旨是促进家庭和谐。婚姻家庭受国家保护和重视家庭文明建设是婚姻家庭法学价值体系的基点。 习近平总书记指出：“认真研究家庭领域出现的新情况新问题，把推进家庭工作作为一项长期任务抓实抓好。”民法典婚姻家庭法律制度积极回应人民群众对家庭建设的新期盼新需求，婚姻家庭法律制度是建设好家庭、涵养好家教、弘扬好家风的重要制度接口，是提高基层治理法治化、专业化水平的重要环节。当前，我国家庭建设领域展现出一些鲜明的时代特色，也面临一些新的时代挑战，如结婚率下降、晚婚、低人口出生率、离婚率上升、人口老龄化、独居化趋势的“家”、市场经济财产法思维的过度渗透等。婚姻家庭法学知识体系应该重视探讨应对家庭伦理共同体新挑战的系统法律举措和具体方案。 家庭的社会功能、文明作用都是不可替代的。家庭稳定是社会稳定的重要基础，家庭制度属于重要的社会制度内容。家庭塑造着中国人的思维，中国文化、中国哲学源于家庭，差序格局从家庭开始往外延展，家国天下以家庭为起点。依法治国应当重视家庭，重视家教，重视家风，重视家庭文明建设。婚姻家庭法律制度和中国自主的婚姻家庭法学知识体系要坚定民法典的基本立场，展现中国人对婚姻家庭关系的基本态度：婚姻家庭是一个具有法治意义的温馨港湾，是一个有福同享、有难同当的亲情和财产的身份共同体、伦理共同体，是一个平等和睦、休戚与共、志同道合、忠实互让、敬老爱幼、团结协作的具有人身信赖关系的紧密结合型团体。 （作者：王雷，系中国人民大学法学院教授、中国人民大学民商事法律科学研究中心研究员）,2962,http://theory.people.com.cn/n1/2023/1110/c40531-40115172.html,婚姻;结婚;离婚;晚婚;对象;夫妻;配偶
China News Service,2023-11-14,小伙扮穷征婚自称打击天价彩礼 律师：做法不妥,11月4日，24岁的蒋龙带着征婚启事来到中山公园相亲角，这是7天内他去的第二个公园相亲角。每次征婚，他都会出示一份精心设计的征婚启事。 蒋龙对自己的年龄、工作、收入、学历等信息都进行了改动，将自己的“人设”定位为一个一穷二白的穷小子，但要求女方除了月薪过万、有房有车等外，结婚时还需支付30万元彩礼。 在社交账号上，蒋龙称自己征婚的目的是打击“天价彩礼”，使用不实个人信息是出于“嘲讽效果”，并非图谋女方财物，但这样做真的没有问题吗？ 11月4日，天空下着雨，当蒋龙出现在相亲角时，立刻吸引了大量群众围观。 蒋龙本人外表并不特别，打扮也很普通，围观者都是被他的征婚启事所吸引。 在这份征婚启事中，他介绍自己今年30岁，学历为“九年义务教育”，没房没车没存款没压力，现在某500强公司送外卖，月薪3500元有上升空间，还专门备注“潜力股，目前正准备考研考公”。 他对女方的要求则是35岁以内，月收入1万元以上，市内有车有房(至少2套)无贷款，全日制本科学历以上等。他特别注明，结婚女方需支付彩礼30万元。 30万元彩礼成为人们议论的焦点。有人笑他“胆大”，也有人认为他说的“有道理，就像女的给嫁妆，男的就给钱”。 现场一位阿姨提出疑问：“你拿什么作为交换？”蒋龙回答自己可以当上门女婿。阿姨感到很费解：“愿意当上门女婿，你怎么还要彩礼？” 因为下雨，这次征婚只进行了半个小时。比起第一次征婚的经历，蒋龙感觉还不错，“至少没有被人往外赶”。 10月29日上午，蒋龙到解放公园相亲角征婚，围观的人“里三层外三层”。 绝大部分围观者都对他进行指责，认为他“毁三观”。一些较为激进的人还几次试图将他驱赶出相亲角。 每次征婚结束后，他将拍摄的视频进行剪辑，发布在小红书、抖音、快手等平台上。他给这些视频取的标题都是“武汉相亲角打击天价彩礼”。目前两条视频的全网播放量累计达到10万余次。 视频发出后，网民们褒贬不一。有人留言点赞，夸他是“勇士”，在“用魔法打败魔法”；也有网民认为他是“软饭硬吃”，丢人；还有网民称他是“神经病”，纯粹在“闹眼子”。 现实生活中，蒋龙是光谷一家公司的流水线工人，每天12个小时的工作就是“打螺丝”。 11月4日下午5时30分，记者在工厂门口见到了刚下班的蒋龙，陪他一起骑共享单车回到出租房。一个单间，里面只有一张桌子和一张床。 蒋龙承认，他发布的个人征婚信息有很多地方并不真实。比如他把年龄改大了6岁；学历从大专改成了初中；实际收入也从4000余元改到了3500元。 为了写这份征婚启事，他参考了社交网站上的相关信息。一些女性的征婚帖子成为他措辞的来源。例如：“在某500强公司送外卖”是模仿一些女性征婚时喜欢显示自身优越性；“月薪3500元有上升空间(潜力股，目前正准备考研考公)”直接嘲讽一些“小仙女”。 “我就是故意把男方身份描写得更卑微，这样高调征婚才有反差效果，才能让更多人看到天价彩礼的不合理。”蒋龙说，他希望用自己的努力，让男女在恋爱中的地位恢复“平衡”。 之所以选择用这种方式与“天价彩礼”宣战，小蒋说自己就曾深受其害。 小蒋是仙桃人，2019年大专毕业后一直在武汉打工，曾经做过金融行业销售经理，一度月入过万元，但压力非常大，经常失眠。 2020年离职后，他只想做一些不用动脑的体力活，就四处打工。今年4月，他入职了现在这家公司。 参加工作后，他先后谈了3任女友，时间长的有大半年，短的只有半个月，一个很重要的原因就是彩礼。除了男方要有房有车外，女方无一例外都谈到了彩礼问题，金额从10万元到20万元不等。 小蒋出生在一个乡村小镇，父母都在外地打工，无力补贴自己，“我打工一辈子都挣不到10万元彩礼”。 10月初的一天晚上，他彻夜难眠，躺在床上反思了自己的人生，他觉得自己以前“太窝囊”了，要做勇敢的人。他想做的第一件事，就是向“天价彩礼”宣战。 10月29日，小蒋迈出了打击“天价彩礼”的第一步，他来到了解放公园的相亲角。他事先做过了解，认为这里的相亲角规模较大，在武汉名气不小，“我第一战就要啃硬骨头”。 他有一个计划，先陆续走遍武汉市内各个公园的相亲角，再去武汉市周边地区的相亲角。条件成熟时，他再转战国内一些彩礼盛行的地区。 “如果遇到真心愿意接纳我的女性，我会马上告知自己的真实情况。”蒋龙说。 蒋龙的同事和朋友知晓他征婚的人不多，看法也不一样。有人鼓励他坚持下去，也有人认为他在胡闹。朋友张华和他同岁，蒋龙喊他去帮忙拍视频，他就跟着去了一次。虽然他看不太懂蒋龙这样做的意义，但同样单身的他觉得蒋龙很勇敢。 湖北扶轮律师事务所专职律师张其林表示，蒋龙使用不实个人信息征婚的做法不妥，在道德层面上存在瑕疵。 武汉大学中国乡村治理研究中心博士生陈瑞燕从2022年开始就一直在关注彩礼问题，并在国内做过大量实地调研。她告诉记者，蒋龙的行为并非首创，此前就有人在网上发布类似的信息，借以获取流量。在她看来，蒋龙的行为更多是对自身此前遭遇的情绪宣泄，通过放大这种矛盾冲突来吸引公众对天价彩礼的关注，但难以从根本上遏制这一现象。 天价彩礼本质反映的是当前社会结婚成本不断高涨，这给广大年轻人造成了巨大的心理压力和婚恋焦虑，而蒋龙的行为便是这一焦虑的突出表现。“天价彩礼治理不仅要关心彩礼数量本身，更重要的是关心青年人所面临的婚恋经济压力和系统性的婚恋困境。”陈瑞燕说。(应采访对象要求，蒋龙、张华均为化名),2221,https://www.chinanews.com.cn/sh/2023/11-14/10111567.shtml,天价彩礼;结婚;婚恋;彩礼;恋爱;相亲;单身;对象
People.cn,2023-11-15,兴国县南坑乡移风易俗“零彩礼” 引领新风尚,今年10月2日，家住江西省赣州市兴国县南坑乡南坑村的张良跃夫妇，不仅选择“零彩礼”嫁女，还自己掏钱为女儿女婿操办了婚宴，这一举动在街坊邻居中成为佳话。 据了解，张良跃夫妇育有一儿两女。大女儿张阿凤谈婚论嫁时，男方本想着主动给彩礼，但是张良跃夫妇坚决不收。“我们只要女儿跟女婿小两口恩爱和睦相处，人品好大于一切，钱再多都会用掉。” “我们家不仅是这个妹妹结婚没收彩礼，早些年另外一个妹妹结婚也是没有收彩礼。彩礼给年轻人带来多大的生活压力，我们只需要他们两口子能过得幸福，常回家看看老父母就行了！”张良跃的儿子张望兴说道。 “这件事在村里传为佳话，张阿凤是人民教师，同时也是一名党员，为全村人树立了榜样。”南坑村党支部书记应学华说：“如今，村民们正在慢慢转变传统观念，很多人都不再将彩礼的多少当成衡量婚姻幸福的标准，大操大办、相互攀比的风气得到了明显改变。” 近年来，南坑乡坚持把移风易俗作为精神文明建设的重点工作来抓，移风易俗工作规范化、制度化、常态化取得明显成效。一方面依托新时代文明实践站，由乡班子成员担任“名誉站长”，带头开展新风讲评活动，引导群众自觉抵制高价彩礼、提倡婚丧简办，同时发挥乡贤带动作用，在全乡营造了倡导移风易俗、弘扬婚嫁新风的浓厚氛围。另一方面，结合实际制订村规民约，成立红白理事会，扎实推进“道德红黑榜评比”“幸福积分卡兑换”等活动，以“零彩礼”“低彩礼”为切口，切实改善村风民风，让有情人终成眷属，让新人轻装上阵。（许敏、李淞阳）,627,http://jx.people.com.cn/n2/2023/1115/c186330-40641597.html,高价彩礼;婚姻;结婚;彩礼;婚嫁
People.cn,2023-11-16,江西瑞金：连嫁两女“零彩礼” 倡导新风美名扬,“听说了没，黄小毛家嫁女儿一分钱的彩礼都没收呢！”在瑞金市叶坪镇山岐村，黄小毛、谢美英夫妇“零彩礼”嫁女的事迹被村民们口耳相传。 黄小毛夫妇育有两个女儿，都是“零彩礼”出嫁。回想起两个女儿出嫁时，夫妇俩说婚礼虽然简单，但是两个女儿的婚后生活幸福美满，她们开心，我们安心。 大女儿黄越谈婚论嫁时，男方父母带来3万多元彩礼。不成想黄小毛将亲家拿来的彩礼全部返还，并说：“我们不收彩礼，只要你们家对我们闺女好，小两口生活幸福，我们做父母的就满足了。”亲家很意外，再三承诺：“请亲家放心，以后一定把儿媳妇当亲女儿一样宠着。” 2018年，黄越与丈夫完婚，婚礼没有车队、没有大操大办，只小范围邀请亲戚朋友参加，简单却不失喜庆。 有人不理解，说闲话：“你不要彩礼，婆家不小看了你闺女？”黄小毛笑笑，没了彩礼负担，现在大女儿两口子日子过得正红火，自己没事儿还经常和亲家往来相聚，关系融洽。 家庭幸福和睦，无关结婚彩礼的多少。黄小毛对此深有体会。近段时间，老伴谢美英身体不适住进了医院，女儿工作忙，女婿便请假守在床前，细心照顾，忙前忙后。这让他更加感慨：“真心换真情，女婿很感恩也很孝顺。老了病了有人管，女婿比儿子还亲。” 去年，黄小毛夫妇的小女儿出嫁，他们依然没有要一分钱彩礼。两个女儿出嫁，都是“零彩礼”，这件事也被乡里乡亲所夸赞。今年8月，在江西省发布的全省移风易俗“五个100”系列先进典型名单中，黄小毛、谢美英夫妇也被评为“不要彩礼‘好岳父母’”。（张艳芳、杨鑫）,629,http://jx.people.com.cn/n2/2023/1116/c186330-40643336.html,结婚;彩礼;婚礼
CCTV,2023-11-17,离婚后“夺子战争”屡屡上演,● 孩子父亲和两个人一起去了孩子姥姥家，敲开门之后，一个人拦着姥姥，孩子父亲和另一个人迅速将孩子抱走，开车扬长而去，随后把孩子藏了起来 ● 涉及孩子抚养权和探望权诉讼中，伴有抢夺、藏匿孩子行为的案例占一定比例，并且实施方多为父亲一方 ● 法官直接把他关到羁押室。只过了10分钟，他可能意识到这事真的可能涉及刑事犯罪，于是交代了藏孩子的地方，法院派了两辆车把孩子接了回来，孩子回到了我身边 ● 从社会层面来看，正是各界都在呼吁治理此现象，加上地方法院积极采取的治理措施和尝试，让社会公众对此现象的认知开始从“抢孩子有利”到“抢孩子违法转变” 近日，#福原爱或面临2年以上有期徒刑#相关话题冲上微博热搜，原因是东京家庭法院判决其长子的抚养权归于男方，但她对此不予理会。 这种现象并非只发生于日本，在国内也时有发生。抢夺、藏匿未成年子女已成为离婚案件中的高发事件，这一问题既是司法问题，更是社会问题。 法院已经判决未成年人子女的抚养权归于一方，另一方为什么会抢夺、藏匿？拥有抚养权的一方在要回未成年人子女时，又会遇到哪些阻力？如何解决抢夺、藏匿未成年子女问题？围绕这些问题，《法治日报》记者近日展开了调查。 截至11月16日，现居住于江苏省苏州市的姜兰已经两个多月没有见到儿子了，在她和儿子之间，横亘着前夫——两人离婚时，孩子的抚养权判归男方，但男方将孩子藏匿起来，不让她探视。 这种情况并非个案。今年5月，最高人民法院研究室负责人表示，当前，抢夺、藏匿未成年子女已成为离婚案件中的高发事件。 今年6月1日，最高人民法院、全国妇联印发的《关于开展家庭教育指导工作的意见》开始实施，其中提出：不得以抢夺、藏匿未成年子女等方式争夺抚养权或者阻碍另一方行使监护权、探望权。 接受《法治日报》记者采访的专家认为，解决抢夺、藏匿未成年人子女问题，一方面在于通过个案尝试，让社会公众的认知从“抢孩子有利”到“抢孩子违法”的转变，另一方面需要在制度上将“抢夺、藏匿未成年子女，限制对方与未成年子女接触”的视为抚养不利因素，不能因抢夺、藏匿行为造成的未成年子女随其生活而获得抚养权。 时针拨回至2009年，湖南永州人姜兰经人介绍认识男方并结婚，后于2011年生下一个男孩。然而，她在婚后发现，男方不但赌博，还酗酒。 2013年3月，因不堪忍受男方恶习，姜兰与男方签署分居协议，儿子跟着妈妈生活。随后，她带着时年1岁半的儿子到苏州工作。 2014年春节，姜兰回老家发现男方并没有改掉赌博恶习，于是起诉离婚，法院并未支持她的诉讼请求。同年11月，她再次起诉离婚。但在开庭前，男方以协商及探视孩子为名，将孩子抢走并藏匿不让她见。 为了能见到孩子，开庭时，姜兰不再坚持争取抚养权，而是接受了调解方案：孩子归男方抚养，女方每年有45天探视期。 但离婚之后，姜兰并没有能够探视到孩子。尝试各种方法之后，2021年9月，姜兰起诉要求变更孩子的抚养权。一审、二审，法院并没有支持她的诉讼请求。她申请再审并向法院提交了新证据，包括证明男方患有严重疾病、男方工资收入难以抚养孩子等。但再审法院仍然没有支持她。 与此前不同的是，经过几次诉讼之后，她可以探视孩子了。 “于是，今年暑假，我再次行使探视权时，孩子坚定地向爸爸表示要留在苏州上学，并写信给法院表示想和妈妈一起生活。但在9月11日，爸爸指使两个人再次将儿子夺走。”姜兰回忆说。 从那以后，姜兰再也没有见到儿子，男方也不让她探视孩子。迷茫的她想知道：“我怎样才能探视孩子？” 柳繁（化名）是湖北武汉某医院呼吸科一名医生，离婚后虽然拥有孩子的抚养权，但也见不到孩子。 2020年，柳繁的孩子出生，她一直带着孩子住在娘家，和孩子的爸爸段某实际上处于婚内分居状态。4月19日发生的事情，让她至今难以忘记。当天，段某和两个人一起去了孩子姥姥家，敲开门后，一个人拦着姥姥，段某和另一个人迅速将孩子抱走，开车扬长而去。 柳繁收到消息后，赶紧报警。当晚，经派出所调解，孩子先由段某抚养，柳繁享有探视权。但就在次日，她去探视孩子时发现，段某把孩子藏匿起来。 柳繁提起离婚诉讼并请求法院把抚养权判给她。在起诉离婚的同时，她还向法院申请行为保全，请求禁止段某的藏匿子女行为。7月21日，湖北省第一张禁止藏匿未成年婚生子女的行为保全裁定作出，法院认定段某藏匿孩子的行为应予禁止。 但这并没有让柳繁见到孩子。司法实践中，这类问题该如何强制执行还面临重重困难。 一审支持了柳繁的诉求，法院判决由她抚养孩子。但段某不服，提起上诉，目前，案件仍在二审当中。她也不知道，孩子什么时候才能回到她身边。 甘肃省兰州市的程蕊（化名）是一名法官，但她的双胞胎女儿同样被藏匿起来。 2019年，程蕊产下双胞胎女儿，但不断激化的家庭矛盾让她的丈夫宋胜（化名）提出离婚。正当程蕊准备和宋胜商量相关事宜时，2021年5月10日，宋胜做出令她意想不到的事。 “那天我下班回家，发现公寓内除家具外其他东西被搬得差不多了，宋胜和两个孩子也不见踪影。我打电话问他去了哪里，对方很不耐烦。后来，宋胜到公寓拿剩下的东西，我继续和他理论，结果遭到他殴打。”程蕊说，“我报了警，但警方认为这是家务事，仅调解了一番。” 次日，程蕊发现联系不上宋胜，经向其同事打听得知，他带着孩子和父母回老家了。程蕊并未多想。但一个月过去了，宋胜依然没有回来的打算。联想到孩子刚满两岁，法律规定两周岁以下的子女一般随母亲生活，她这才意识到，对方可能是为了争夺孩子的抚养权。 程蕊再次报警。警方查了当天监控，找到了宋胜藏匿孩子的地点。 “为避免孩子再一次被藏匿，我没有立刻上门要求对方交出孩子，而是选择求助当地相关部门等方式解决问题，均被告知爸爸带走孩子是家事，不予处理。”程蕊说。 她目前已经向法院提出再审申请，“未来不管有多难，我都要带回女儿”。 北京市律师协会婚姻家庭专业委员会副主任张荆在工作中发现，涉及孩子抚养权和探望权诉讼中，伴有抢夺、藏匿孩子行为的案例占一定比例，并且实施方多为父亲一方。 天津市民刘姣（化名）和前夫育有两个孩子，大儿子今年7岁，小儿子今年6岁。2022年11月，刘姣和前夫离婚并获得了两个孩子的抚养权，前夫每月给每个孩子2100元抚养费，直至两人分别年满18周岁，并享有每月探视两个孩子各一次的权利。 几天后，趁着两个孩子放学回家，前夫带着3名男子抢走孩子并藏匿起来。 值得一提的是，在两人婚姻关系存续期间，2022年8月，刘姣申请了一份人身安全保护令。 该份保护令显示，被申请人在双方离婚诉讼期间，以探视孩子为由，滞留刘姣及其近亲属的住所门外长达20余小时，其间使用过威胁性语言。法院裁定禁止被申请人对刘姣实施家庭暴力，并禁止他在刘姣及其近亲属的住所、学校、工作单位等常出入场所的一定范围内从事影响其正常生活的活动。保护令的有效期为6个月。 刘姣说，前夫抢夺孩子正好发生在保护令生效期内。事后，虽然法院也积极采取了限高、限制出境、司法拘留等措施，但这些措施并没有让男方停止藏匿孩子的行为。 今年2月，刘姣向法院申请强制执行，要求前夫履行判决，将孩子交还给自己。但对方带着孩子一路跑，一路藏，居无定所，躲避法院的执行。 一开始，执行法官通知她，在海南找到了她前夫和孩子，将由海南当地法院执行，把孩子带回天津。刘姣赶赴海南见到了孩子。这是孩子被带走后第一次与她相见，当法院工作人员带来孩子时，大儿子看见她，说的第一句话是：“你都不找我，不要我。” 这次执行进行了近4个小时，但刘姣并没带走孩子，因为法院认为在异地执行存在诸多不便。 今年5月，她再次接到法院通知，让她去贵州等消息，法院说孩子和爸爸在贵州。但随后前夫提交了视频，“孩子在视频中表示不去法庭”。 刘姣告诉记者，经过反复十余次执行，今年10月，小儿子回到了自己身边，与以往不同的是，这次有心理医生陪同，并且法院出动了许多执行力量，“我们是坐着自己车去的，法警告诉我进屋把孩子带出来，然后把我们送上警车并拉起警戒线，又一路护送我们回法院，这才算执行成功。” “我们刚一到家，他父亲就跟了回来。晚上，我给孩子洗衣服时发现，孩子的裤子里被装了定位器。现在他们还时不时到小区楼下叫喊，我每天接孩子放学都战战兢兢，怕孩子再被他们抢走。可老大什么时候才能回来呢？”讲述孩子事情时，刘姣几度哽咽。 河北省秦皇岛市的田桂梅（化名）则认为对方是为了争夺房产。 田桂梅今年51岁，是一名6岁孩子的妈妈，自从去年12月10日至今一直没有见到孩子。 据她回忆，由于婚后双方矛盾不断，去年两人开始商量离婚事宜。去年12月10日，男方说要把孩子带出去玩一天。她同意了。到了晚上，孩子还没有被送回家，她打男方电话，对方不接。 在田桂梅看来，对方藏匿孩子的原因很简单，“我们有一套房产，都是再婚又想着以后房子还是留给孩子，因此房产证上写着孩子的名字，他抢孩子就是为了争房产和抚养权”。 既然相关法律规定已经明确，离婚诉讼中，不得以抢夺、藏匿未成年子女等方式争夺抚养权，为何实践中想要回孩子却如此困难？ 陕西省女法律工作者协会理事赵婧说，实务中抢夺、藏匿未成年子女的通常有两个目的，一是为了获得离婚议价权，比如说被告不同意离婚，就把孩子带走，以此要求原告撤诉才同意让原告见孩子或者让孩子回到原居住场所，另一种议价方式是通过带离孩子迫使对方答应相应离婚条件，比如要求财产分割方面作出让步或放弃抚养费等。 在北京市振邦律所副主任，资深妇女儿童权益保护律师李莹看来，法律虽然明令禁止抢夺、藏匿孩子的行为，但现行法律、司法解释以及司法实践却缺乏相应的处罚机制，抢夺、藏匿孩子的法律责任并不明确，大量抢夺、藏匿孩子争夺抚养权的行为游离在法律之外，违法成本很低，这也是导致一些人有恃无恐“抢孩子”的直接原因和主要原因。 上海中联（成都）律师事务所律师郭小明认为，在立法层面，抢夺、藏匿孩子等争夺抚养权行为的法律责任没有明确，抢夺、藏匿等行为是否以及如何影响孩子抚养权归属的判定没有明确，抚养权、探望权等涉及人身的权利在强制执行时能够采取的司法强制措施以及由此启动拒不履行判决、裁定罪追责程序的法定条件等也没有明确。 赵婧认为，未成年人保护法虽然明确规定不得以抢夺、藏匿未成年子女等方式争夺抚养权，但未对此行为的法律后果作出进一步规定，导致警方实际处置时无明确依据，仅能口头教育；同时，民法典规定父母与子女的关系不因父母离婚而消除，换言之，父母离婚之后仍是孩子的法定监护人和抚养权人，因此，抢夺、藏匿未成年子女行为无论是发生在父母分居、离婚诉讼期间还是离婚后，此行为在未危及未成年子女人身安全之前，仍被归属于履行法定抚养监护职责范畴，顶多被视为履行监护职责不当，而非刑事犯罪。 在赵婧看来，立法、执法、司法应该是三位一体的，比如说从各省法院对此问题所采取的不同行为禁令的效果来看，如果法院仅签发行为禁令，后续审判对行为禁令的执行情况及抢夺、藏匿孩子的行为不予直接评价，那行为禁令很难说有效。 中国政法大学刑事司法学院副教授谢澍认为，婚姻家庭领域是一个高度私人性的领域，由国家对这一领域进行规制实际上相当困难。“比如，我们觉得现在对于抢夺、隐匿子女的父母一方的规制力度不够，那如果将这种行为纳入刑法，让父母有了案底，又在实际上不利于小孩”。 与前述当事人经历稍有不同的是，北京市民李洁（化名）最终要回了孩子。 2021年7月，男方骗走孩子藏匿起来后，李洁起诉离婚，但法院没有支持她的诉讼请求。2022年1月，因为始终见不到孩子，她再次起诉离婚并请求获得孩子抚养权。历经多次诉讼，三级法院都把孩子抚养权判给了女方，但男方在判决生效后依然藏匿孩子。 “法官联系他，告诉他继续藏匿孩子的后果，执行局对他采取限高等措施、出具拘留决定，男方依然拒不交付孩子，在他看来，这些措施并没有真正对他产生什么影响。”李洁说。 事情的转机出现在今年6月。男方起诉李洁变更抚养权的案件开庭，开庭结束，执行法官在庭审现场将其带走，释法说理希望他配合，男方一直在顾左右而言他。最后，法官明确表示，如果再不履行判决，只能先羁押15天，再移交警方转刑事案件。 “当天，法官直接把他关到羁押室。只过了10分钟，他可能意识到这事真的可能涉及刑事犯罪，于是交代了藏匿孩子的地方，法院派了两辆车把孩子接了回来，孩子回到了我身边。”李洁说。 浙江人郑欣（化名）有着同样的经历。她和张某婚后育有一子，因夫妻感情不和，婚生子一直随她在浙江省生活，张某在河北省保定市满城区居住。 2022年8月，张某前往浙江，在郑欣不知情的情况下将孩子带走。郑欣发现后立即联系张某，希望将孩子接回，但被张某拒绝。 郑欣为了找回孩子，辗转多地，寻求各地公安机关、妇联的帮助，但张某拒绝沟通，将孩子藏匿起来。 郑欣将张某起诉至法院。法院经审理，发布了人身保护令，禁止被申请人张某抢夺、藏匿未成年子女，不得擅自带走未成年子女脱离母亲的监护。判决生效后，因张某未履行生效判决确定的义务，郑欣向法院申请强制执行，要求被执行人张某严格履行生效判决确定的义务，将婚生子交由郑欣抚养。 通过不懈努力，执行人员找到张某，告知其拒不履行生效判决的严重后果，并从保护孩子身心健康的角度出发，劝说其主动履行判决义务，但张某仍态度恶劣。考虑到张某不履行生效判决、不配合执行的情况，执行人员决定将被执行人张某以涉嫌构成拒不执行判决、裁定罪移送公安机关，准备通过追究刑事责任的方式促进案件执行。 在得知案件将要移送公安机关，自己的行为将可能面临刑事处罚后，张某不再态度强硬，主动提出要与郑欣见面进行协商。最终双方握手言和，并就孩子的抚养、教育、探望等相关事宜达成共识。 据了解，《联合国儿童权利公约》中规定，缔约国应确保不违背儿童父母的意愿使儿童与父母分离，除非主管当局按照适用的法律和程序，经法院审查，判定这样的分离符合儿童的最大利益而确有必要。在诸如由于父母的虐待或忽视或父母分居而必须确定儿童居住地点的特殊情况下，这种裁决可能有必要。 在日本，父母离婚时实行的是单方亲权制，父母协议或由家事法院确定。日本民法典规定，父母协议离婚时，须确定其中一方为亲权人，行使亲权的人，享有监护、教育子女的权利，同时负有相应义务，子女须在行使亲权方指定的场所生活居住。 谢澍认为，对于抢夺、藏匿子女的行为，相关部门并非无计可施。现在我国关注司法的社会效益，“恢复性司法”是近年来学界研究的热门话题。在夫妻抢夺、藏匿子女的问题上，还是要落脚于给子女提供良好生活成长环境的结果，综合考虑对孩子的影响。“数字司法”是互联网时代下司法的应然形塑态势，在一些父母试图藏匿子女的案件中，可以采用数字技术，发现子女的隐藏住所，从而执行法院判决。 在赵婧看来，我国现行法律规定对于子女抚养权的裁判标准主要是民法典婚姻家庭编及其司法解释的规定，核心原则是“最有利于未成年子女”。国外立法对于我国治理抢夺、藏匿未成年子女现象的借鉴意义在于两点：一是应当将“抢夺、藏匿未成年子女，限制对方与未成年子女接触”的视为抚养不利因素，不能因抢夺、藏匿行为造成的未成年子女随其生活导致其获得抚养权。二是离婚后抚养探望的执行问题，建议通过社会观护来强化后续执行问题。 赵婧认为，有观点认为可以谨慎态度，家庭人伦、社会公理是我国的一大文化根基，对于未成年子女的抚养探望关乎的不仅是我国的法律体系建设，更关乎我国的家庭观念乃至人伦常理的公共认识，一味立法、通过强制手段来解决未成年子女的抚养探望问题，可能导致机械执法，无法真正落实对未成年子女的保护，甚至损害我国传统的家庭人伦情理及社会公众对夫妻及父母子女关系的认知。因此在对未成年子女的抚养探望的执行问题上，尽可能发挥社会观护职能，让社区、社工和社会整体更多参与到对未成年子女的保护中来。对未成年人的社会观护制度，据不完全统计，已有北京、上海、广东、江苏等地法院在家事审判中进行尝试，并且取得一定效果。 “目前各省法院所采取的治理措施的法律效果需从个案和社会影响两个层面来看，从个案处理来说，地方法院及承办法官能够尝试采取具体措施来处理抢夺藏匿未成年子女已经是一个进步了，而实务中承办法官在处理此类情形时所做的签发行为禁令只是一小部分，签发行为禁令过程中对双方当事人所做的普法、释法、心理疏导及价值引导才是决定行为禁令法律效果的关键所在。”赵婧说，她在代理此类案件时所见到的以及相关法院披露的典型案例所呈现的都是，只要在处理个案时能够尽力去做，个案中对抢夺、藏匿未成年子女情形的治理是可以实现的。“从社会层面来看，正是实务各界都在呼吁治理此现象，加上地方法院积极采取的治理措施和尝试，让社会公众对此现象的认知开始从‘抢孩子有利’到‘抢孩子违法’转变，这也是一个很大的改变，从认识到改变到最终解决这个问题，可以预期能在不久的将来实现。”,6855,https://news.cctv.com/2023/11/17/ARTI4SC7lBX38Ch1fJdsMqOH231117.shtml,婚姻;结婚;离婚;再婚;夫妻;家庭暴力
People.cn,2023-11-17,家里催婚 女孩上网相亲被骗19万元,在网上遇到一位“一见钟情”的网友，以为找到了“最佳拍档”，却不知道在骗子眼里不过是一场“杀猪盘”。今年8月，周女士就遭遇此事。近日，她来到成都市青羊区金沙派出所报警，称自己被诈骗了19万元。办案民警分批多次追回周女士被骗钱款共64443元。目前，对剩余被骗资金的追回工作持续进行中。 得知自己的钱被成功追回后，周女士连续送了4面锦旗到派出所，感谢民警帮助自己追回钱财。 据周女士讲述，她在家人的催促下，想尽快脱单，便在恋爱交友app上发布了自己的信息。这时，一个ID名为“希望天空”的男子吕先生主动添加了她，表示自己看到她的信息后很感兴趣，期待进一步发展。 这个吕先生比周女士想象中的更绅士，他会安抚她的焦虑情绪，告诉她以后不会再孤单寂寞，也会对她嘘寒问暖，两人经常一聊一整天，从兴趣爱好到人生百态都有许多共同点。周女士也有想过吕先生是否不靠谱，但他的主页上，从位置信息到相册、状态都展示出他是个有生活情趣，受过良好教育的“好人”。 等两人熟络后，吕先生还和她分享“别人都不知道的惨痛经历”来博取她的同情。周女士觉得自己终于遇见对的人，这是她第一次体验被人用心花时间对待的感觉。 不久后，随着话题深入，两人逐渐聊到未来。吕先生告诉周女士，其实他是做电商的，这些年能财务自由都是靠自己投资虚拟网店，而最近他发现了一个投资平台的漏洞，一定可以让彼此大赚一笔，这样两人未来就更加明朗。面对对方主动邀请并且展示他的投资收益后，周女士决定试一试。 果然投资后没几天，她的收益超出预期并成功提现了一笔利润。尝到甜头的周女士开始和吕先生一起投资虚拟网店。虽然她存款只有三万元，但在吕先生怂恿下，她向亲朋好友借了大笔钱并在各大平台进行了贷款，继续投入。 然而等到投到第3笔钱，累计投入19万元时，周女士突然发现投资平台无法提现了，周女士连忙追问原因，但是吕先生告诉她，自己也有很多钱充值在这个虚拟电商平台上，应该是系统问题，只是暂时的，一定要相信他。这时吕先生并没有原来那样的好脾气，只要周女士表示质疑，就开始发脾气让她不敢抱有疑问。 “拉黑我的前两天他语气越来越暴躁，但我心里越绝望就越觉得他是我获得重生的唯一救命稻草，天真以为只有依靠他才能把我的钱提现出来。”周女士称。 周女士的希望很快就破灭了，因为吕先生彻底消失了，网络账号都显示已注销，这时候周女士才意识到自己被骗了。 接到报案后，办案民警立即对涉案银行账户冻结止付，并迅速开展侦查，侦查中，办案民警又发现诈骗嫌疑人采用了狡兔三窟的策略，涉案银行卡的开户人分布在国内多个省份，将周女士的钱款进行了多次流转。 面对着复杂的案情，办案民警紧抓蛛丝马迹不松手，一遍遍对案案情进行梳理、研判，并且及时与当地公安机关多次协调，取得大力支持，成功于今年10月，分批多次追回周女士被骗钱款共64443元，目前，对剩余被骗资金的追回工作持续进行中。(四川新闻网-首屏新闻记者 谢川霞),1206,http://sc.people.com.cn/n2/2023/1117/c345167-40643871.html,催婚;恋爱;相亲;脱单
People.cn,2023-11-17,海南临高：深入推进婚俗改革 弘扬时代文明新风,临高县民政局结合主题教育工作，以深入推进婚俗改革试点为契机，通过打造集婚姻、婚介、婚庆、婚育服务为一体的综合性婚姻登记服务大厅，推崇新事新办，不办铺张仪式，革除婚俗陋习，切实把主题教育成效转化为民政事业高质量发展的强劲动力，让和谐、文明、有序的婚俗成为主流。 上午10时许，记者在县婚姻登记处大厅看到，准新人已在等候登记，登记处内洋溢着幸福的笑容。在工作人员的引导下，新人按照流程出示预约信息、通过智慧婚姻登记服务终端填写资料、前往窗口领证……简单几步，一对新人就拿到了红彤彤的结婚证。 准新人许桂红说：“跟我老公认识有一年了，感觉他人比较有责任心，今天就过来跟他领证。” 据介绍，临高县民政局积极推进婚姻登记场所规范化建设，按照“三室两厅一区”3A级创建标准建成县级婚姻登记机关。在婚姻登记场所内设置了离婚辅导室，安排专人开展婚姻家庭宣讲；推动婚姻体检一站式服务，卫健部门安排专人驻点开展婚检工作；设立领取准生证窗口，满足新人在领取结婚证时，同时领取准生证的需求，更好地满足群众婚姻服务的需求。 新建成的婚姻登记处已经成为临高县婚姻登记的“网红打卡点”和人民满意的“幸福窗口”，发挥了“为民、便民、利民”的社会功能。自开业以来，为群众办理结婚1216对，离婚222对，补领结婚证175对。 此外，临高县民政局还发布了《关于倡导简约文明婚礼推进婚俗改革倡议书》，要求广大党员干部和公职人员要以身作则、带头示范，引领婚俗改革新风尚。同时，各镇政府充分发挥村居红白理事会的作用，突出群众主体地位，引导群众不当局外人，形成全民参与的良好氛围。 临高县民政局社会事务与社会福利室主任陈建众说：“下一步临高县将按照婚俗试点工作要求，不断优化婚姻登记机构的服务水平，满足群众婚姻登记服务需求；积极做好教育宣讲工作，引导群众树立文明节俭的婚俗新风尚，助推临高县精神文明工作上一台阶。”,785,http://hi.people.com.cn/n2/2023/1117/c338424-40644885.html,婚姻登记;婚姻;结婚;离婚;婚育;婚俗;婚介;婚礼
People.cn,2023-11-17,相亲“货不对板”消耗着年轻人对婚介的信任,为了避免“每逢佳节被催婚”的尴尬，不少“适婚族”选择走进婚介机构。近日，有消费者反映，婚介机构进行“洗脑式宣传”、收费标准混乱、退费维权难度大……买19998元套餐可介绍海归硕士？实际上“货不对板”。（《检察日报》11月15日） 每个人都有对更好生活的向往与追求，绝大多数人也都有对美好婚恋的憧憬与渴望。部分青年虽然有寻找婚恋对象的需要，但囿于社交圈子封闭、信息和资源匮乏等因素，导致婚恋诉求得不到及时、有效的满足，成为所谓的“剩男剩女”。再加上以亲戚、朋友、同事等为核心的熟人圈子的“红娘”功能逐渐淡化与弱化，寻求婚介机构的帮助就成为单身群体实现脱单的“第三条路”。 传统的线下实体店也好，新兴的婚恋服务App也罢，形形色色的婚介机构，本质上都是为消费者提供一种信息服务，有助于打破单身男女的信息不对称，让单身男女更好地实现匹配。这种信息服务让两个难以发生直接联系的陌生人，建立了直接的社会联结。单身群体寻找婚恋对象的诉求与行动，不仅为婚介机构提供了商机，也是社会活力的体现。 然而，当婚介服务成为一种“生财之道”，伴随着自律和他律的缺失，一些婚介机构就走向了失范。不论是忽悠和蒙蔽消费者“贷款相亲”，还是“花7万见6个人”，抑或“买套餐介绍海归硕士”，套路深深的婚介机构带给消费者的不仅有物质损失，还有精神的痛苦与伤害，让一些期盼进入婚恋状态的消费者，承受“人财两空”的失落感与挫败感。 婚介服务虽然是一个市场富矿，但经不住“野性”十足、恣意放纵的开发和利用，经不起竭泽而渔。相亲“货不对板”等婚介套路在让少数人荷包鼓鼓的同时，损伤的是一个行业的口碑与声誉。当年轻消费者的信任被消耗殆尽，婚介服务的市场蛋糕只会越来越小。 在婚恋半径不断扩大、婚恋观念越来越多样化的当下，消费者购买婚介服务的需求也在不断增加。只有在真诚真实的基础上，提供更加差异化、精准化的服务，婚介机构与消费者才能真正实现双赢。（杨朝清）,805,http://yn.people.com.cn/n2/2023/1117/c372441-40644250.html,婚恋;催婚;适婚;婚介;相亲;单身;脱单;对象
CCTV,2023-11-20,2022年我国初婚人数1051.76万人 比2021年少106万多,近年来，我国结婚人数持续减少，初婚年龄在推迟。数据显示，去年全年依法办理结婚登记683.5万对，比上年下降10.6％。 结婚登记数据包括初婚人数和再婚人数，相比再婚人数，初婚人数与出生人口的关系更为密切。根据国家统计局编著出版的《中国统计年鉴2023》，2022年，我国初婚人数为1051.76万人，比2021年减少了106.04万人，比上年下降了9.16%，这也是多年来初婚人数首次低于1100万人。 从历年数据看，2013年是我国初婚人数的最高峰，达到2385.96万人，也就是说，9年来我国初婚人数下降了55.9%。 表：历年结婚登记、初婚、再婚、离婚、离婚率数据（数据 我国出生人口在经历1987年这一近40年来的最高峰之后，连续多年下行。也就是说，随着95后乃至00后进入到婚育阶段，处于适婚年龄的年轻人数量也在下降。 从2010年以来历年结婚人口年龄结构来看，我国结婚年龄尤其是初婚年龄大幅推迟。根据《中国人口普查年鉴-2020》，2020年我国的平均初婚年龄为28.67岁，比2010年的平均初婚年龄（24.89岁）增加了3.78岁。 人口专家、广东省政府参事室特约研究员董玉整对第一财经分析，从客观上来看，处于适婚年龄的年轻人在减少。从主观上来看，结婚年龄推迟，部分人群的结婚意愿也在减弱，不婚的人逐渐增多。 董玉整分析，如今不少年轻人不太想结婚，有多个因素，包括：现实生活中婚姻的稳定性，影响了年轻人对婚姻的向往；年轻人的婚姻观发生了变化，很多人不再把结婚生育当成人生的必修课；还有现实生活中结婚成本的上升等。 此外，2022年四季度受疫情等因素，一部分人推迟到今年结婚，这也对去年初婚人数产生了影响。 分省份来看，广东初婚人数达96.88万人，位居第一；河南以76.49万人位居第二；江苏、四川、山东分列三到五位。 与此同时，根据《中国统计年鉴2023》的数据，去年我国结婚总人数最多的是广东省，达到了57.31万对，也是唯一一个结婚总人数超过50万对的省份；河南位居第二，为48.9万对；四川位居第三，为46.39万对。 表：2022年31个省份结婚登记、初婚、再婚、离婚及离婚率数据（数据,906,https://news.cctv.com/2023/11/20/ARTIGilkyd3dWWH8AiCzb0gk231120.shtml,结婚登记;婚姻;结婚;离婚;婚育;初婚;再婚;不婚;适婚
CCTV,2023-11-20,在线替子女相亲的父母们 缴纳不菲的会员费也心甘情愿,一位家长在公园的相亲角里为孩子物色对象。 孩子大龄未婚，父母难免心忧。由于工作忙、害羞等原因，近年来父母代替子女去线下相亲似乎已成了一种常态。而随着一些线上相亲平台的兴起，一些父母也将为孩子相亲的“战线”从线下相亲角“同步”到了线上，有的父母甚至不顾孩子的想法，直接替孩子在平台上注册相亲，哪怕是缴纳会员费和“听课费”他们也心甘情愿。但记者采访了解到，这种“线上替子女相亲”模式的成功率并不算高，甚至用户的个人信息也容易遭到泄露。 市民孙阿姨已经退休3年了，一直放心不下女儿小琳的婚事。小琳今年29岁，母亲每次问起她都岔开话题。而从小琳25岁那年起，孙阿姨就已经开始在市内的相亲角为女儿相亲。如在天河公园相亲角“摆摊”时，孙阿姨在一把雨伞上挂着一块纸板，上面写着女儿的个人情况，但几年来也没有成果。 孙阿姨表示，一开始她对网上相亲比较排斥，觉得虚假消息较多。但后来，自己跳广场舞的姐妹中也有在网上替子女相亲的，听她们介绍后孙阿姨有些心动。随后，她每天都在某网上平台浏览“未来女婿”的信息，遇到合适人选就给对方家长打电话交流。“发现优质男生一定要主动，下手晚可能就被别人抢走了。”半年来，孙阿姨一共见了8个潜在的“亲家”，帮女儿约见了其中5个男生，但都没有成。对女儿约会的每一名男生，孙阿姨都留着详细的笔记，半年下来，孙阿姨这本“相亲日记”上已经写得密密麻麻，记录着女儿的相亲心得。 王阿姨的女儿芸芸今年30岁，各方面条件都不错，但一直没男朋友。去年初，王阿姨开始悄悄地在街坊邻居、亲朋好友、同学中“散播”女儿的征婚信息。 今年“五一”，王阿姨替女儿参加了一次线下公益相亲活动，但也没有收获。她表示，线下活动中优秀的姑娘太多了，竞争很激烈。“看到是父母代替前来，修养好点的小伙子还能跟你聊上几句，但大多数都不予理睬。”这件事对王阿姨打击不小，随后她决定试试某网上相亲平台。“我们老人家先见面，谈妥了，再约他们年轻人见面。” 王阿姨说，相亲时，大多数征婚者比较注重对方的人品、性格、兴趣等。而家长们则是互相摸底，打探对方的“实力”，聊天内容离不开收入、房产、家庭环境等。而为了能帮孩子找到条件更好的另一半，有的家长甚至还会就家庭情况“说谎”，王阿姨也曾遇到过。在经历了一年网上相亲无果后，今年5月，王阿姨又在平台上续费一年。“如果第二年还是找不到，我就放弃了。” 王阿姨说。 “我，一个‘60后’阿姨，来帮我的女儿相亲，女儿1993年出生，研究生毕业……如果男孩你学历本科以上，阳光、善良、真诚，帅不帅都可以。”在某相亲平台上，刘阿姨把女儿的信息挂在上面。 而这已经不是刘阿姨第一次替女儿线上相亲。早在一年前，她就加入了本地一个父母替子女相亲群聊，但那次对她来说体验不佳——因为每天群里会滚动发出十几条甚至几十条相亲信息，其中都包括户口、是否有房、年收入等“硬指标”。“那种感觉就像是房产中介门店玻璃上贴着的房源信息。”这次经历让刘阿姨有了危机感。“看来必须把男方年龄要求放宽。”为了让女儿获得更多展示机会，刘阿姨在某线上相亲平台交了会员费，平台每天会根据女儿的资料推荐10位男生给她，如果觉得合适，刘阿姨就可以直接和对方家长联系。后来有一次，她大胆问女儿：“离过婚的你能接受吗？”没想到女儿对此并不抗拒，她赶紧把女儿择偶条件中“要求没结过婚”这一条也删了。 尽管每天在网上“把关”各类男生的信息，但刘阿姨实际推荐给女儿的只有三个。其中有一名是“海归”，在一家互联网公司工作，刘阿姨和对方家长通话时感觉不错。但后来女儿与对方见面后感觉对方性格有些木讷，最后也没成。 对此，相亲平台的老师告诉刘阿姨，她女儿情感经历太少，需要提升情感能力。在对方推荐下，她又带着女儿去上了几次线下情感能力提升课程，女儿一开始很不愿意，但刘阿姨已经把钱交了，女儿只能去上课。“只要能帮女儿找到对象，我们老人家花点钱也心甘情愿。” 实际上，和刘阿姨一样除了充值会员还被平台劝导线下听课的父母不在少数。因为在线上半年也没替女儿找到对象，孙阿姨在平台的建议下购买了10节一对一提升课，花费了1万多元。孙阿姨说，女儿对她花钱买会员替自己相亲，还拉自己“听课”的做法很有意见。 记者在线上搜索到数十个父母代替子女相亲的平台，这些平台都在简介中宣称自己“有超过10万活跃用户，可以迅速实现精确匹配”，而这些平台的会员价格从几百元到几千元不等。因为是父母代子女相亲，对于物质条件的考量比较看重，而平台会把每位相亲者都贴上一系列“标签”，让家长们能够精确地找到自己心目中的那个对象。 记者注意到，平台上家长们对子女的描述有的比较含蓄朴实，有的则比较夸张。一旦有两对父母彼此觉得对方的条件都还不错，系统就会开启速配，交换两个家庭的联系方式。 不过，家长要在线为子女找到合适的对象并不容易，因为阅览对方的照片往往也需要收费。某平台不遗余力说服家长，只有交了会员费，孩子才可能有更多的“曝光率”。一旦成了会员，平台会有专门的工作人员负责“指导”相亲的全流程，包括教家长如何与对方的家长聊天，如何说服孩子去相亲，如何让孩子与相亲对象保持联系等。 记者随后以“家长”身份注册了账号，很快就有工作人员打来电话。对方表示，那些成功牵线的用户大部分是有购买会员的家长。“如果不加入会员，你看到了合适的对象也联系不上对方。而如果成为会员，随时可以与对方取得联系。”另外一家在线相亲平台则表示，如果不是会员，每解锁一次目标对象的电话就需要支付30元。 同时记者注意到，注册此类父母代替子女相亲的平台，很容易出现隐私泄露。记者只是在其中一个平台注册了资料，但在第二天，记者却收到了另外两个相亲平台的电话，对方在电话中表示，在网上看到记者注册账号为子女相亲，向记者推荐该平台的会员服务，而当记者询问他们是如何得知自己联系方式时，对方表示他们和记者注册的相亲平台是“战略合作伙伴”。 常年帮助青年男女征婚的公益红娘叶青则告诉记者，父母代为相亲的优势在于，父母填写的网络相亲资料中绝大部分都是真实信息。“因为这些父母知道，如果资料有假，很可能不利于子女相亲。”但她也表示，孩子征婚如果父母参与过多，效果反而不好。“根据我的经验，父母代相亲的成功率并不算高。”她说，对于家有大龄未婚子女的家庭，父母适当提醒即可。,2570,https://news.cctv.com/2023/11/20/ARTInOfnZxR4Ect47tOMpj4Z231120.shtml,相亲;择偶;对象;另一半
People.cn,2023-11-20,2个国家级、33个省级婚俗改革实验区 河南推进婚俗改革“为爱减负”,人民网郑州11月20日电（记者尚明桢）倡导简约适度婚俗礼仪，遏制高价彩礼、大操大办等婚嫁陋习……11月20日，河南召开新闻发布会，介绍和解读该省民政领域工作成果成效。 “目前，河南省共有2个国家级、33个省级婚俗改革实验区。”发布会上，河南省民政厅党组成员、副厅长党培红介绍，从2021年开始，按照民政部的部署，在省委、省政府领导下，河南省组织实施了婚俗改革试点工作。婚俗改革的主要任务是：开展婚姻家庭辅导，倡导简约适度婚俗礼仪，培育文明向上婚俗文化，传承良好家风家教；目的是教育引导青年树立正确的婚恋观、家庭观，遏制高价彩礼、大操大办等婚嫁陋习，构建新型婚育文化，助力婚姻家庭幸福稳定。 为确保试点工作顺利开展，河南省民政厅专门成立了领导小组，出台了实施方案和管理办法，通过实地调研、视频调度、定期通报、选树典型等方式积极指导实验区改革创新。目前，各实验区亮点纷呈，成效丰硕。 党培红介绍，各实验区都成立了由当地党政领导任组长的婚俗改革领导小组，初步形成了党委领导、政府主导、民政牵头、职能部门协作的工作机制。商丘市宁陵县作为国家级婚俗改革实验区，连续两届县委书记任改革领导小组组长，他们的工作得到了民政部的充分肯定。在33个省级婚俗改革实验区中，开封、濮阳、南阳3市市委、市政府高度重视，全区域申报为省级实验区。濮阳市将婚俗改革纳入政府重点工作台账强力推进，效果明显。南阳、焦作、许昌等地还出台了党员干部操办婚嫁实施办法。 河南省民政厅联合省文明办、省农业农村厅、团省委、省妇联在全省选树了55个事迹突出、代表性强的婚嫁“新事新办好家庭”，在全省予以通报表彰。各实验区坚持以社会主义核心价值观为引领，用身边人、身边事影响和感化群众，涌现了一批好的典型。 此外，各实验区充分发挥传统媒体和新媒体作用，积极创新文宣活动形式，搭建多层次、广覆盖、便捷化的宣传平台。开封、安阳等地把举办集体婚礼常态化、制度化。邀请党政领导、人大代表、政协委员、社会名人为新人颁证，在新闻媒体的宣传和亲朋好友的见证下，为新人集体举办庄重、文明、节俭的婚礼。新乡市开展了“我眼中的新时代婚礼”短视频大赛。新野县编排戏剧《简易婚礼》，范县创作戏曲《石磨的婚事》，开封市禹王台区建设了河南首家婚俗文化纪念馆，这些载体为婚俗改革注入了青春活力。 鹤壁市山城区打造了以婚姻家庭优秀传统文化为主题的“爱情小巷”，小巷里有婚姻登记中心、青年人创业中心、相亲中心、未来邮局、咖啡店、婚纱礼服店等实体，成为当地有名的网红打卡地。焦作市博爱县建立了一支以宣传传统国学文化为主题的志愿服务队伍，为不少新婚家庭解决了情感问题。宁陵县各村都建立了移风易俗馆和宴会大厅，婚宴随礼统一标准，婚事新办、勤俭节约蔚然成风，这些品牌为婚俗改革打造了可复制可推广的样本。,1155,http://henan.people.com.cn/n2/2023/1120/c351638-40647336.html,婚姻登记;高价彩礼;婚姻;婚恋;婚育;彩礼;婚俗;婚嫁;相亲;婚礼
People.cn,2023-11-22,四川去年登记结婚46.39万对 排名全国第三,11月21日，记者查询国家统计局编著出版的《中国统计年鉴2023》发现，2022年四川登记结婚46.39万对，排名全国第三。 根据《中国统计年鉴2023》的数据，去年我国结婚人数最多的是广东省，达到了57.31万对，也是唯一一个结婚总人数超过50万对的省份；河南位居第二，为48.9万对；四川排第三，为46.39万对。前三名的省份均为人口大省。 记者查询2021年国家统计局发布的四川省结婚登记统计数据发现，四川省登记结婚人数近年来在降低：2018年为66.9万对，2021年为51.15万对，2022年的数据比上年下降了9.3%。而从进入21世纪以来看，四川省登记结婚的人数2013年达到最高峰，有77.68万对。 根据数据，2022年四川初婚人数排名第四，有67.31万人。另外，广东省初婚人数最多，为96.88万人，其次是河南和江苏。 近年来，我国结婚人数减少，初婚年龄在推迟。数据显示，去年全年依法办理结婚登记683.5万对，比上年下降10.6％。 根据《中国统计年鉴2023》，2022年我国初婚人数为1051.76万人，比2021年减少了106.04万人。2013年是我国初婚人数最高峰，达到2385.96万人。 从近四十年出生人口数据看，我国出生人口在经历1987年达到最高峰之后下行。随着“95后”乃至“00后”进入婚育阶段，处于适婚年龄的年轻人数量也在下降。 根据国家统计局公布的《中国人口普查年鉴-2020》，2020年，中国人平均初婚年龄涨到了28.67岁，其中男性平均初婚年龄为29.38岁，女性为27.95岁。相较于十年前，中国人平均初婚年龄推后了近4岁。（华西都市报-封面新闻记者 赵紫萱）,709,http://sc.people.com.cn/n2/2023/1122/c379470-40649501.html,结婚登记;结婚;婚育;初婚;适婚
People.cn,2023-11-23,关关说事 | 分居一年后再次起诉离婚，法院会怎么判？,两人感情不和，闹矛盾分居生活，符合什么条件才能判决离婚？关关为您解析法律条文。 刘某与李某登记结婚后因沟通不畅，处理矛盾不当，经常为生活琐事吵架，两人感情不和。刘某曾向法院起诉离婚，法院判决不准离婚。判决后刘某与李某一直闹矛盾分居生活，现已分居一年，刘某再次诉至法院要求离婚。 《中华人民共和国民法典》第一千零七十九条规定“夫妻一方要求离婚的，可以由有关组织进行调解或者直接向人民法院提起离婚诉讼。 人民法院审理离婚案件，应当进行调解；如果感情确已破裂，调解无效的，应当准予离婚。 有下列情形之一，调解无效的，应当准予离婚：（一）重婚或者与他人同居；（二）实施家庭暴力或者虐待、遗弃家庭成员；（三）有赌博、吸毒等恶习屡教不改；（四）因感情不和分居满二年；（五）其他导致夫妻感情破裂的情形。 一方被宣告失踪，另一方提起离婚诉讼的，应当准予离婚。 经人民法院判决不准离婚后，双方又分居满一年，一方再次提起离婚诉讼的，应当准予离婚。” 法院认为，双方自第一次人民法院判决不准离婚后，已分居满一年，故准予离婚。 在离婚诉讼中，法院依法根据夫妻感情是否破裂来判断是否判决离婚。如果夫妻感情有恢复和好的可能，法院判决不准离婚。如果夫妻双方在法院判决不准离婚后仍闹矛盾分居超过一年，这种婚姻状态再维系下去对双方无益。《最高人民法院关于人民法院审理离婚案件如何认定夫妻感情确已破裂的若干具体意见》第7条曾将“因感情不和分居满三年，确无和好可能的，或者经人民法院判决不准离婚后又分居满一年，互不履行夫妻义务的”作为判断“感情确已破裂”的理由。民法典在原司法解释的基础上明确规定，经人民法院判决不准离婚后，双方又分居满一年，一方再次提起离婚诉讼的，应当准予离婚。,721,http://jl.people.com.cn/n2/2023/1123/c349771-40651442.html,婚姻;结婚;离婚;重婚;夫妻;家庭暴力
People.cn,2023-11-24,海口市美兰区各街道开展“反家暴”宣传活动,在“国际消除对妇女暴力日”来临之际，11月23日，海口市美兰区各街道积极开展“反家暴”宣传活动，进一步提升广大妇女群众反家暴意识，预防和制止家庭暴力。 海甸街道团工委联合街道办妇联、海甸司法所、新时代文明实践所、退役军人服务站和社工站共同在海虹路开展“国际消除针对妇女暴力日”宣传活动。活动现场，志愿者和工作人员通过发放反家庭暴力、关爱女性同胞保障合法权益和婚姻家庭纠纷调解宣传折页，面对面向居民讲解了家庭暴力的概念和类型、预防和制止家庭暴力的方法对策等。现场解答妇女关于家庭暴力和婚姻纠纷相关法律问题，深入浅出地宣传家庭暴力的危害和维权手段，引导妇女敢于对家庭暴力说“不”。 新埠街道在新埠农贸市场开展反家暴宣传活动。活动中，妇联工作人员及巾帼志愿者通过悬挂条幅、设立咨询点、发放宣传物资等方式宣传反家暴、妇女权益保护等相关法律法规，向现场群众详细介绍了什么是家庭暴力、如何预防和制止家庭暴力等知识，引导广大群众关心爱护自己的家人，维护自己的幸福小家庭，共同构建和谐大社会。,438,http://hi.people.com.cn/n2/2023/1124/c338424-40654021.html,婚姻;家庭暴力;家暴
People.cn,2023-11-28,“半边天”调出婚俗新风尚,两年前，因为结婚彩礼钱谈不拢，24岁的王菊和男友闹掰了。而现在，她没要一分钱彩礼，在亲人的祝福下，和男友喜结良缘，双方长辈也相处融洽……这是发生在乐平市涌山镇涌山村的真实故事。面对这样的前后反差，王菊至今都没有缓过神来，感觉像是做梦一般。 10月31日临近中午，记者采访王菊时，一旁，她的婆婆将做好的丰盛饭菜送到她面前：“丫头忙完趁热吃，别饿着了。”眼前的一幕，让在场者既羡慕又感慨。 王菊是从湖南吉首嫁到涌山村的。两年前，她和男友因为彩礼闹矛盾，被迫分手。当时，父母考虑她是远嫁，提出了30万元彩礼作为结婚的条件，认为能确保她婚后有一定的经济保障。而男方只答应给几万元，一来家里确实拿不出几十万元；其次，男方认为双方是自由恋爱，有感情基础，不应在彩礼上过分计较。 涌山妈妈团志愿者协会的王妙霞恰巧是涌山村的村民，眼看着一桩即将圆满的姻缘因为彩礼纠纷“黄”了，她感到怪可惜的。于是，趁着王菊远在湖南的父母来到男方家，她反复上门做工作。“男方家里为了给小两口盖新房结婚，花掉了大部分积蓄。如果因为彩礼让男方背负债务，日后也会影响家庭关系。”王妙霞苦口婆心地劝说，“如果你们担心女儿在这里受委屈，我保证，只要有这种情况，你们打电话给我，我们涌山妈妈团一定会来主持公道。” 经过反复开导，王菊父母终于松口了：“只要他们两个年轻人感情好，我们做父母的也不会反对。至于彩礼多少、有没有，这些都不重要，女儿过得幸福，我们就心满意足。” 听到女方父母这番话，王妙霞长长地舒了一口气。在她的撮合下，两家人和好如初。今年2月，王菊和男友正式步入婚姻的殿堂。如今，她已成为准妈妈，丈夫在涌山镇经营一家汽车美容店，生意不错，一家人生活得和和美美。 涌山镇是乐平市经济较为发达的乡镇，过去这里婚恋彩礼纠纷频发。2021年，乐平市委政法委牵头在全市范围内组织开展高价彩礼治理工作，考虑到在婚恋彩礼问题上，丈母娘这个角色很关键，涌山镇积极发挥妇女“半边天”的作用，组织成立涌山妈妈团志愿服务队伍，通过以法为据、以情感人、以理服人，做好丈母娘工作，有效化解了一批彩礼纠纷及家庭婚恋纠纷。 26岁的王华是涌山镇涌山村村民，今年4月刚订婚，彩礼象征性地收了1.8万元，而在此之前，她的父母向男方提出了30多万元彩礼的要求，双方家庭还为此发生争执。 她的父母心想，辛辛苦苦培养王华上了大学，如果彩礼比其他人少，那不是太吃亏、太没面子了吗？男方认为两个人是因为相爱才结婚，如果彩礼变成了明码标价的交易和攀比的工具，那感情也就变味了……就在双方争执不休时，涌山妈妈团的志愿者上门调解，却遭到怨怼：“彩礼多少是我们的家务事，你们管不着！” 后来，志愿者转变思路，多点突破。一方面从王华入手，鼓励她反复做父母和家人的思想工作；另一方面找到王华的爷爷沟通。王华的爷爷过去是村干部，此前，涌山镇要求镇干部和村两委干部以身作则抵制高价彩礼、弘扬文明新风，老人带头签下了承诺书。“老爷子，您最明事理，因为彩礼耽误了孩子们一生的幸福不值得啊。”经过志愿者多方努力，双方最终就1.8万元彩礼达成一致意见。 为了充分发挥涌山妈妈团志愿者协会作用，涌山镇广泛吸纳当地有威望的妇女、心理学教师等加入队伍，目前，该协会共有27支志愿者服务队，实现全镇21个村（居）委会全覆盖。近三年来，共调处化解婚姻家庭、彩礼等各类矛盾纠纷353起。（记者 钟珊珊）,1393,http://jx.people.com.cn/n2/2023/1128/c186330-40656909.html,高价彩礼;婚姻;结婚;婚恋;彩礼;婚俗;恋爱
People.cn,2023-11-28,广西反家暴联动机制工作领导小组召开第八次全体会议--广西频道--人民网,11月27日，自治区反家暴联动机制工作领导小组第八次全体会议在南宁召开。会议旨在总结交流2023年广西反家暴工作情况，研究部署下一步工作，提升全社会预防和制止家庭暴力的意识，强化协同共治工作格局，推动社会和谐稳定，助力建设平安广西。 2023年，自治区反家暴联动机制工作领导小组各成员单位依法履职，协作共治，推动反家庭暴力工作取得新成效。今年以来，全区公安机关发放家庭暴力告诫书2592份，同比上升33.74%；人民法院出具人身安全保护令204件，其中，防城港、钦州、河池、来宾、崇左5市法院人身安全保护令签发率达100%；检察机关起诉涉及家庭暴力案件50件50人，同比分别上升163%、127%。《广西反家庭暴力条例》立法项目被确定为“十四五”立法规划一类项目，拟列入自治区人大常委会2024年立法工作计划调研项目，目前已拟写了条例草案。民政部门通过开展婚前教育、离婚辅导、危机处理等工作，促进近四成申请登记离婚的夫妻冷静后放弃离婚登记，离婚率明显回落。全区1.8万个人民调解组织和10万余名人民调解员常态化开展婚姻家庭纠纷排查，政法队伍退休干部、农村社区德高望重者等创办个人调解工作室709个，1—10月共调解婚姻家庭纠纷案件4704件，为妇女儿童提供法律援助11930件。建立庇护中心52个，“一站式”办案场所61个、残疾人法律救助工作站121个，不断加大对家暴受害人的庇护和救助力度。共建成家庭教育指导站145个，发送“督促监护令”1700余份，强化家长的第一监护责任，保护未成年人免遭家庭暴力。对医疗机构及医护人员进行预防和制止家暴方面的指导及培训，推动医疗机构组建志愿者队伍，引导医护人员在诊疗活动中增强主动发现报告意识，配合司法机关调查。各单位创新法治宣传形式，推进反家暴宣传进机关、进企业、进高校、进农村、进社区、进家庭、进易安点、进网络，共同发布反家暴典型案例16个，扩大社会宣传效应。 会上，各成员单位和参会专家学者、律师代表结合工作职责进行交流发言，就进一步加强反家暴工作建言献策，并对《广西反家暴条例》（草案）研讨交流意见建议。 会议强调，下一步，联动机制各成员单位要提高政治站位，切实增强做好反家暴工作的责任感使命感，主动履行部门反家暴工作法定职责，共促家庭和谐、社会稳定；要坚持协同共治，不断提高反家暴工作效能，继续落实反家暴“三大制度”（强制报告制度、告诫制度、人身安全保护令制度），健全预防和制止家庭暴力的干预和保护机制，不断创新家事纠纷多元预防化解，推动完善多元共治工作格局；要创新工作方法，提升反家暴专业化水平，动员各方力量共同参与维权关爱服务，切实保护妇女儿童等弱势家庭成员的人身安全和合法权益，更好地满足广大群众和家庭对更加平等、更加安全、更有尊严的美好生活的向往，为推进平安广西建设、开创新时代壮美广西建设新局面作出新的更大的贡献。 会议当天，还举行了公安、检察、法院系统2023年自治区妇女儿童维权岗授牌仪式，并为全国维护妇女儿童权益先进集体和先进个人颁发证书和奖章。2011年以来，妇联与法院、检察、公安系统广泛开展“妇女儿童维权岗”创建活动，自上而下联合创岗1021个，进一步拓展了维权工作载体，为权益受侵害的妇女儿童提供法律服务和安全保障。今年，共有73个市级岗获命名为“自治区级妇女儿童维权岗”。广西有25个单位荣获全国维护妇女儿童权益先进集体，25名同志荣获全国维护妇女儿童权益先进个人。（蒋萍）,1425,http://gx.people.com.cn/n2/2023/1128/c390645-40657539.html,婚姻;离婚;夫妻;家庭暴力;家暴
China News Service,2023-11-29,看得见婚姻的房间,夏秋红是沈阳市员工帮助协会的一名签约心理咨询师。这本是一家以实施员工帮助计划(EAP)为主要工作的社会组织。自2021年起，沈阳市妇联、民政局先后以购买服务的形式邀请该协会的心理咨询师入驻市内多个婚姻登记处，主要对前来申请离婚的夫妻进行调解和疏导。 婚姻家庭辅导室和普通办公室看起来没什么区别，但发生在其间的对话，却可能会决定一段婚姻是否就此走向结束。 登记结婚9年后，80后夫妻钱国良和黄芳决定离婚。两人到铁西区婚姻登记处提出离婚申请那天，询问双方意见后，窗口工作人员推荐他们到婚姻家庭辅导室“坐一坐”。 在铁西区婚姻登记处，办理结婚业务的窗口有5个，办理离婚业务的窗口也有5个。从普通办事员到当上登记处主任，今年47岁的王秀梅亲历了20多年间与“离婚”相关的各种变化。 2003年10月前，结婚和离婚需要相关单位出具介绍信，这意味着“家事”变成公开的事，再加上当时婚姻观的影响，相比于来结婚的，婚姻登记处每年受理的离婚申请数量很少。“那会儿都没有安排专门的工作人员办理这件事。”王秀梅说。 近十几年来，国人对离婚的态度发生了显著转变，这种变化在铁西区婚姻登记处最直观的反映，就是离婚业务办理窗口从无到有，从一个到两个，再到如今与结婚业务办理窗口“旗鼓相当”。 铁西区婚姻登记处的情况是一个典型的缩影。统计数据显示，2002年我国离婚率为1‰，此后这一数字连续17年递增，于2019年达到3.4‰。当年，全国共有415.4万对夫妻办理了离婚登记。 离婚自由是法律明确赋予公民的权利，但判断离婚的标准却是微妙且主观的。沈阳市相关部门邀请有经验的心理咨询师入驻婚姻家庭辅导室，就是希望借助他们的专业力量帮助陷入困境的夫妻再回答一次“是否非离不可”的问题。 夏秋红接待了钱国良和黄芳。从两人的讲述中她得知，他们经人介绍相识，双方外貌、学历、工作、家庭条件都挺相当，交往中也能找到相似的爱好和共同话题。因为“年纪都不小了”，相处半年后两人便结了婚。 从恋人到配偶，问题开始显现。钱国良和黄芳都是独生子女，从小在父母的呵护下长大。组成家庭后，做饭、洗碗、打扫卫生等家务事成了这对新人要面对的日常。一开始钱国良还与黄芳分工合作，可等新鲜劲儿过了，他就成了“甩手掌柜”。在他的观念里，结了婚妻子操持家务理所应当。 黄芳也有觉得婚后理所当然的事：丈夫每月工资除了留下少部分用作零花，其余的要交由自己管理，“过日子要花钱，以后有了孩子更要花钱，不攒钱怎么行？”可钱国良有抽烟的习惯，不时和朋友还有聚会，黄芳给的那些钱常常不够用。 失去了消费自由，钱国良心里不痛快；独自承担琐碎的家务活，黄芳也觉得很憋屈。以这两件事为导火索，结婚没多久，两人开始频繁争吵。吵得厉害了，解决办法就是各回自己父母家住一阵。随着矛盾越积越多，“小住”的时间越来越长。今年申请离婚时，这对夫妻累计分居时间已近7年。“无法在婚姻中感受到幸福”成了两人最后的共识。 “这样的关系可调解的余地很小。”夏秋红说，“因为他们的问题早在结婚前就已潜伏存在，而双方又都没有为婚姻做出改变的意愿”。 铁西区婚姻登记处的大厅里，专门设有一块看板介绍婚姻家庭辅导室。不管是来结婚还是来离婚的，只要愿意都可以前往咨询。 去年9月的一天，夏秋红值班时遇到一对正等待登记结婚的年轻人。听夏秋红主动介绍了自己的身份后，半是出于好奇半是想了解相关知识，两人跟随她走进了婚姻家庭辅导室。 一张桌子，一台电脑，一个文件柜，三把椅子，这些几乎构成了婚姻家庭辅导室的全部。夏秋红拿出两张《婚姻家庭辅导调研问卷》分别递给男孩和女孩。“您对婚姻的看法是什么”“您认为维系婚姻的主要因素是什么”……问卷上的题目不多，每个问题下方还列出了数个选项，填写起来并不麻烦。 然而在现场，女孩子仔细把问卷看了几遍，毫无预兆地哭了；一旁的男孩子低着头也露出茫然的表情。他们告诉夏秋红，两人恋爱正是甜蜜的时候，预设的婚后生活也全是幸福的画面，问卷上那些问题他们根本就没想过——原来婚姻中还有这么多事情要面对。 夏秋红说，像钱国良和黄芳那样“结婚9年分居7年”的情况不常见，但因为婚前准备不足、婚后矛盾重重而闹到要离婚的夫妻却很常见。80后、90后个性鲜明，如果在婚姻中双方都完全按自己的性格行事，关系出现问题的可能性就会变大。 心理咨询师徐岩曾参与调解过一个案例，为了让从小在农村长大的丈夫摆脱“土气”，妻子又是拉着他喝咖啡、看话剧，又是时时提醒他要养成勤换衣服、吃饭不发声等习惯。结果，拥有名牌大学硕士学位、已在单位领导着一个小团队的丈夫感到伤了自尊；改造不见效果，女方也觉得两人的生活很乏味。“来离婚时，两人的态度都很坚决。”徐岩回忆说。 婚姻需要经营。这句话要发挥积极作用，还有个隐藏条件：婚姻需要两个人一起朝着认同的方向经营。徐岩就此打了个比方，“夫妻间并非‘1+1=2’而是‘0.5+0.5=1’”。 今年初的一天，王秀梅接待了一对申请离婚的夫妻。简单交谈后，凭借多年经验，她觉得这段婚姻“没到离的程度”，于是向他们介绍了一旁的婚姻家庭辅导室。 按惯例，夏秋红首先询问了离婚原因。没想到这一问，妻子周丹的情绪就失控了，“他在外面有人了，让他跟别人过吧！”周丹一边说一边哭，丈夫胡建伟忙不迭地给她递纸巾。 夏秋红看在眼里，不动声色地继续问：“第三者是谁，你什么时候发现的，怎么发现的？”可这些问题，周丹一个都答不上来，只反复说“我就是有感觉”。 细聊后夏秋红得知，夫妻俩过去非常恩爱，因为比妻子年长8岁，婚后胡建伟一直都宠着周丹。但最近两年间，周丹觉得丈夫对自己没那么好了，在一起时还常常显得心不在焉。再加上胡建伟自己做生意，平时打交道的人又多又杂，想来想去，周丹就觉得他一定是在外面“有人”了。 夏秋红转而直视胡建伟，“你真做了对不起妻子的事情吗？”这下轮到胡建伟哭了。他哽咽着说，持续3年的新冠疫情严重影响了公司业务，自己常常要为员工下个月的工资发愁，“可丹丹还要天天追问我‘第三者’的事，有时甚至哭闹到半夜”。虽然已要申请离婚，但夏秋红注意到胡建伟依然对周丹用着爱称。 “这几年生意不好做的事你跟妻子说过吗？”她接着询问。 “他生意上的事情，你主动了解过吗？”夏秋红转头又问周丹。 周丹不说话了。习惯了丈夫的照顾，结婚快10年，她甚至都不知道胡建伟的公司具体做的是什么业务。 调解到此，夏秋红知道自己的工作基本结束了，“回去好好聊聊吧，把误会解开”。 两人说了谢谢，肩并肩走出了辅导室。后来夏秋红听说，他们没离。 景斌和赵淑君是一对年过七旬的老年夫妻，多年来家庭生活波澜不惊。2021年末，在国外经商的儿子生意上遇到了不小的问题，情急之中向家里求援。赵淑君又是心疼又是着急，就卖掉家里的一套商铺把钱打给了儿子。由于这事没和景斌商量，得知情况后，他一气之下提出要离婚。 那天，坐班的心理咨询师是李文春。因为也过了退休的年纪，李文春对老年夫妻的情况有切身体会。了解了离婚缘由后他意识到，这是典型的突发事件导致婚姻出现危机的案例。“这种案例中，占理的一方正在气头上，常常将提出离婚作为表达不满的一种方式。”李文春说。 和所有调解工作一样，婚姻调解也讲究对症下药。李文春首先态度鲜明地站在了景斌一边，批评赵淑君不该在这么大的事情上私自做主。老太太自知理亏，反复向丈夫道歉。见状，李文春又转而劝解景斌。事后他表示，自己说的无非就是“少是夫妻老是伴”这种人人都知道的道理，但在辅导室，那些话却是景斌借坡下驴的机会。 “我就是想让她有个教训，以后不能这么办事。”景斌说完这话，在场3个人心知肚明：这婚不会离了。 不过，一时危机化解，并不能保证婚姻恢复如初。李文春说，夫妻间的相互信任是在多年相处中逐步积累的，打破它却只需要一瞬间，此后想要重新建立信任，难度就相当之高了。 今年上半年，铁西区婚姻登记处来了一对60多岁的夫妻。离婚是妻子提出来的，理由是丈夫年轻时犯过“风流病”，当时为了孩子“也就算了”，可几年前一次同学聚会后，他又跟一位女同学来往密切，“这一次说什么也不能再原谅他”。 面对妻子的控诉，丈夫很委屈。他说那次聚会时发现女同学和自己一样喜欢集邮，后来就常在一起分享邮票相关的事，“年轻时的事已经过去很多年了，我早跟那会儿不一样了。” 王秀梅说，面对这样的夫妻，很难说谁对谁错，只能怪曾经的信任再也回不来。“工作人员、心理咨询师和夫妻俩的女儿轮番劝说，费了好大的劲儿两人才同意回家接着过。” 针对持续攀升的离婚率，有人认为这代表着大众对婚姻认识和要求的提升，也有人觉得这与当代年轻人消解婚姻严肃性不无关系。对此，在婚姻家庭辅导室目睹了数以千计的婚姻故事后，多位心理咨询师表示，任何年龄段的夫妻都有追求自由、美好的权利，但与此同时，责任、坦诚、包容等依然是良好婚姻关系中不可或缺的因素。 心理咨询师白雪曾遇到一对协议离婚的老年夫妻。两人并没有什么特别突出的矛盾，但因为没有孩子，双方都担心如果自己先去世，家里的财产就全归了另一方及其家人，于是要提前解决这个问题。白雪很清楚，像这样的夫妻接受调解只是走个流程，但她心中依然忍不住唏嘘，“这样两个人，是怎么在一起生活了几十年？” 2007年，根据工作安排，办理了好几年结婚登记业务的王秀梅开始处理离婚登记事宜。来领结婚证的市民都是一脸喜气，有的还会送给工作人员一包喜糖，可在离婚登记窗口，气氛就完全不一样了。 直到现在，王秀梅还记得自己经手的第一个离婚案例。那是一对中年夫妇，在手续办理的全过程中两人几乎没有互动，当被询问到孩子抚养权、财产分割等问题时，他们也只是口吻生硬地简单作答。“现在想起来，当时我反而是那个最紧张的人，生怕自己说错一句话。”王秀梅表示。 慢慢地，王秀梅习惯了离婚登记窗口前可能出现的各种状况。有的夫妻在婚姻结束前还会相互指责，有的人在大厅里哭闹不止，有的人要让工作人员评理，也有人怒气冲冲地来，在等待叫号时不知发生了什么，两人又手牵手走了。再后来，见过的当事人多了，王秀梅练成了察言观色的本事，不时还能做一些临场调解工作。 有一次，一对年轻夫妻来申请离婚，王秀梅发现男方一直在向她使眼色，她立马明白了对方的意思。询问离婚原因时，一直是妻子在说话，“家务活全是自己干”“丈夫有时和朋友喝酒到半夜才回家”“孩子的事也不管”……王秀梅听着，知道她的不满都来自生活琐事，双方没有根本性的矛盾。 “爱她你就让她一个人受累吗？”王秀梅用责备的口吻追问。 “我改，一定改！”男人知道这是给自己认错的机会，赶紧表态。 “如果他能改，你还坚持离婚吗？你们有孩子了，要是没了父爱，孩子成长也受影响啊。”王秀梅又对妻子说。 女人哭了，转身往外走。丈夫赶紧去追，走了几步又想起什么，回头对王秀梅抱拳以示感谢。 还有一次，夫妻俩离婚把9岁的儿子也带上了。办手续时，妈妈问孩子：“以后你跟谁？”小男孩不回答，只呜呜地哭。 “像这样的，一看就是至少有一方不是真想离婚。”王秀梅说，大多数情况下，铁了心要结束婚姻的，要么非常冷静，提前已就相关事宜达成一致；要么如仇人般恶语相向，恨不能办完手续后这辈子再不相见。除此以外，但凡夫妻中一方表现出犹豫的，都多少有回旋的余地。“老话说得好，‘宁拆一座庙，不毁一桩婚’嘛。” 不过，这样的规律也不是每一回都起作用。白雪接待过一对老年夫妻，妻子形容自己多年来就是“家中免费的工人”，丈夫不仅觉得理所当然，还常常在各种小事上乱发脾气。想明白不能再过这种日子，无论男方如何不情愿，妻子也坚决地离了婚。白雪说，随着观念的改变，一些多年生活在低质量婚姻中的中老年人因为不愿再凑合，离婚时态度反而比年轻人还果断。 这天，轮到王秀梅办理离婚登记业务。窗口走来一对夫妻，她仔细看了看外貌，又对了对名字，乐了，“你们结婚时，是我办理的手续”。听她这么一说，妻子朱思齐也不自然地笑了笑，其实早在叫号时，她就认出了王秀梅。 从给自己办结婚证的工作人员手中领取离婚证，如今在各地婚姻登记处不算稀罕事。王秀梅说，一些年轻人“闪婚闪离”，婚姻维持时间甚至以星期为单位计算，“有的夫妻一个月内就能来两回”。 朱思齐和丈夫并非这样的案例。两人结婚近8年，登记时因为双方名字颇有特色，再加上显得格外般配，王秀梅便留下了印象。办离婚手续时，两人彼此间很客气，离婚原因也只说是性格不合。可到了最后一步签字确认时，朱思齐拿起笔又停住，抬头问王秀梅，“我要是签了，是不是就算离婚了？” 那时候，“离婚冷静期”已经存在。听了王秀梅的介绍，朱思齐想了想，把笔放下了。一旁的丈夫也没催，两人那天没办完手续就走了。后来，他们又来了两次，每次到签字时都会“卡壳”，最终两人也没离婚。“这种显然就是感情还在。”王秀梅说。 2021年，《中华人民共和国民法典》实施，其中对离婚设置了30天的“冷静期”。在此期间，夫妻中任何一方都可以向婚姻登记机关撤回离婚登记申请。关于这一新规，各方的观点和态度各不相同，但不可否认，对于冲动或草率离婚的夫妻，“离婚冷静期”的作用是显而易见的。 根据民政部公布的数据，2021年我国共有283.9万对夫妻协议离婚，相比于2019年降幅超过三成，离婚率则降至2‰。2022年，相同的离婚率也得以保持。 有意思的是，就在几天前，国家统计局发布了另一组数据，2022年我国初婚人数为1051.76万人，这是多年来该数据首次低于1100万人。 在生活方式、人生态度越来越多元化的当下，中国人的婚姻故事正逐渐展现出不同过往的点滴和细节。 不久前，周丹给夏秋红打了个电话，说经过上次离婚风波，自己开始学着关心和理解丈夫，胡建伟也会主动与她分享生意中的进展或难处，“我们和好了，谢谢！” 夏秋红笑着放下电话。她觉得，与诸多度过危机的婚姻一样，周丹和胡建伟并不是靠自己劝和的，“我只是让他们发现，经历了时间和生活的磨砺后，最初的那份感情并没有如想象的那样消失不见”。 (为尊重个人隐私，文中人物除相关工作人员外均为化名),5683,https://www.chinanews.com.cn/sh/2023/11-29/10119438.shtml,婚姻登记;结婚登记;离婚冷静期;婚姻;结婚;离婚;初婚;闪婚;恋爱;夫妻;配偶;恋人
People.cn,2023-11-30,加强司法保护 对家暴零容忍（法治聚焦）--社会・法治--人民网,为了预防和制止家庭暴力，人身安全保护令制度、侵害未成年人案件强制报告制度等建立健全，最高人民法院出台相应司法解释明确诉讼程序。近日，最高法发布反家庭暴力典型案例，回应群众关切，展现对家暴零容忍的司法态度。 家暴不仅侵害受害人个人合法权益、影响家庭和谐，也对社会安全稳定产生不良影响，必须坚决予以否定和制止。对家暴零容忍，是社会共识，更是司法态度。近日，最高人民法院发布反家庭暴力典型案例，对群众关心的热点问题作出回应，进一步提高全社会反家庭暴力意识，对施暴人形成法律震慑。 人身安全保护令降低证明标准，扩大申请范围，最大限度发挥预防作用 当遭受家庭暴力或面临家庭暴力现实危险时，受害人可以向法院申请人身安全保护令。该制度的创设目的在于对已经发生或者可能发生的家庭暴力行为作出快速反应，及时保护申请人免遭危害。但实践中，预防和制止家暴最大的障碍是受害人举证不足问题。 龚某与李某是夫妻，妻子李某曾多次遭到丈夫龚某的暴力殴打，严重的一次还被龚某用刀威胁。为保障人身安全，李某向人民法院申请人身安全保护令，但其只能提交一些身体受伤的照片和拨打报警电话的记录。“李某的受伤照片是其摔跤所致，我并未殴打她。”面对指控，龚某并不承认存在家暴行为。 经过审查，法院认为，虽然李某提供的照片和拨打报警电话的记录，并不能充分证明其遭受了龚某的家庭暴力，但综合考量双方当事人的陈述、多次报警情况，结合日常生活经验，认定家庭暴力事实存在较大可能性，达到了申请人身安全保护令的证明标准。最终，法院依法签发了人身安全保护令。 “鉴于人身安全保护令作为禁令的预防性保护功能，2022年发布的《最高人民法院关于办理人身安全保护令案件适用法律若干问题的规定》明确，人身安全保护令案件中待证事实的证明标准是‘存在较大可能性’，比一般民事诉讼案件中待证事实需具有‘高度可能性’的证明标准更低。”最高法相关负责人介绍，因为家庭暴力受害人举证能力较弱、家暴行为具有私密性，该规定降低证明标准，以最大限度发挥人身安全保护令的预防功能。 家暴的侵害除了来自家庭，也常见于恋爱关系中或终止恋爱关系以及离婚之后。林某（女）与赵某分手后，赵某通过使用暴力、定位跟踪、使用窃听设备、破坏家门锁与电闸、安装监控摄像头等多种形式对林某进行骚扰，严重影响了林某正常的工作生活，且对林某的人身安全构成威胁。林某多次通过人民调解委员会与赵某调解无果后，向法院申请人身安全保护令。 新修订的妇女权益保障法规定，禁止以恋爱、交友为由或者在终止恋爱关系、离婚之后，纠缠、骚扰妇女，泄露、传播妇女隐私和个人信息。妇女遭受上述侵害或者面临上述侵害现实危险的，可以向人民法院申请人身安全保护令。该条规定将适用人身安全保护令的主体范围由家庭成员扩大至曾经具有恋爱、婚姻关系或者以恋爱、交友为由进行接触等人群，可以更好地预防和制止发生在家庭成员以外亲密关系中的不法行为。法院依法裁定，禁止赵某殴打、骚扰、跟踪、接触林某，通过人身安全保护令在施暴人和受害人之间建立起了“隔离墙”，充分保护妇女的合法权益。 明确精神暴力也属于家庭暴力，保障个体独立自主权及身心健康 李某与王某是夫妻，双方因家庭琐事经常发生争吵。李某多次以跳楼、到王某工作场所喝农药等方式进行威胁，王某多次报警协商未果。为了保证人身安全，王某向法院申请人身安全保护令。 精神暴力的危害性并不低于身体暴力的危害性。法院认为，李某虽未实施殴打、残害等行为给申请人造成身体损伤，但其自伤、自残的行为必定会让申请人产生紧张恐惧的情绪，导致王某精神不自由，从而按照李某的意志行事，该行为属于精神暴力，符合人身安全保护令的法定条件。 “人民法院签发人身安全保护令，明确通过伤害自己以达到控制对方的行为也属于家庭暴力，为更多在家庭中遭受精神暴力的受害人指明了自救的有效路径，为个体独立自主权及身心健康的保障提供了有力支持。”最高法相关负责人说。 现实生活中，未成年子女不仅可能成为加害人的直接施暴对象，也可能因被抢夺、藏匿及目睹家暴导致精神心理障碍。蔡某与唐某离婚诉讼中，法院判决孩子由唐某直接抚养，蔡某不服将孩子带走。今年4月，经法院等多方努力，蔡某将孩子交回唐某。之后，蔡某在探望时采用暴力方式抢夺孩子，殴打唐某并造成孩子受伤。因抢夺事件，孩子身心受到极大伤害，害怕上学、出门。为保护孩子人身安全不受威胁，唐某代孩子向法院申请人身安全保护令。 抢夺、藏匿未成年子女行为侵害了另一方对子女依法享有的抚养、教育、保护的权利，也严重损害未成年子女身心健康，应当坚决预防和制止。“本案中，尽管父亲的暴力殴打对象并不是孩子，但考虑到孩子作为目击者，其所遭受的身体、精神侵害与父亲的家庭暴力行为直接相关，应当认定其为家庭暴力行为的受害人。”承办法官表示，法院在充分听取专业人员分析意见基础上，认定父亲的暴力抢夺行为对孩子产生了身体及精神侵害，依法签发了人身安全保护令，并安排心理辅导师对申请人进行长期心理疏导。 防止未成年人继续遭受家庭暴力，学校及其工作人员应履行强制报告义务 在父母离异后，13岁女孩彭某某随父亲彭某和奶奶共同生活。因长期受父亲打骂、罚站、罚跪，彭某某呈现焦虑抑郁状态。一次，彭某某因与父亲发生冲突被赶出家门，便向学校老师求助。老师随即向派出所报案，并联系社区。 经派出所核查，彭某确有多次罚站、罚跪以及用衣架打孩子的行为，彭某某经伤情鉴定构成轻微伤，公安机关向彭某出具反家庭暴力告诫书，告诫彭某严禁再次实施家庭暴力行为。后彭某某被安置在社区临时救助站，彭某某母亲代其向法院提交人身安全保护令申请。 法院受理后，第一时间向派出所、社区、学校老师了解情况，当天即作出人身安全保护令裁定。同时，法院还通过心理辅导、家庭教育指导等方式纠正彭某在教养子女方面的错误认知。彭某认真反省后向法院提交了书面说明，深刻检讨了自己的错误做法，并提出后续改善措施。 “根据未成年人保护法相关规定，作为密切接触未成年人的单位，学校及其工作人员发现未成年人遭受家庭暴力的，应当依法履行强制报告义务，立即向公安、民政、教育等部门报告有关情况。”最高法民一庭法官王丹表示，本案中，学校积极履行法定义务，配合开展工作，防止未成年人继续遭受家庭暴力。 “学校、幼儿园等教育机构是除了家庭以外未成年人所在时间最长的场所，老师是发现未成年人遭受家庭暴力的关键一环，其是否能够细心关注、及时报告，很大程度上决定着未成年人遭受家庭暴力的发现程度。”最高法民一庭庭长陈宜芳说。 “我们特别提示孩子们，如果遭受家庭暴力无人可说，可以第一时间向老师报告；也呼吁学校、幼儿园等教育机构及工作人员切实保护孩子身心健康。”陈宜芳说。 《 人民日报 》（ 2023年11月30日 10 版）,2758,http://society.people.com.cn/n1/2023/1130/c1008-40128544.html,婚姻;离婚;恋爱;对象;夫妻;家庭暴力;家暴
China News Service,2023-12-01,当艾滋病感染者决定结婚生娃 选择相信医学也相信彼此,三天前，42岁的梁月迎来了自己第一个孩子。因为感染HIV病毒，她自称“人生进度条”比身边朋友慢了10年，即使学会了与疾病共处，但在很长一段时间内，她始终没有勇气与自信走入婚姻。今年，在与同为感染者的男友相识近10年后，她下定决心领证结婚、怀孕生子，开始了一段全新人生。 现实生活中，HIV感染者普遍晚婚晚育，这是否意味着对他们来说，进入亲密关系、走入婚姻，甚至是生育孩子，是一条比常人更艰辛的道路？ 12月1日是世界艾滋病日。11月24日，广东通过国家评估，成为第一批消除艾滋病、梅毒和乙肝母婴传播省份。广州医科大学附属市八医院(下称“广州八院”)感染病中心主任李凌华在接受采访时表示，如今艾滋病“母婴阻断”技术已成熟，艾滋病感染者生下一名健康孩子已不是难题，但在抚养孩子的过程中，他们的确要经历更多煎熬。避免把病毒传染给下一代，这是父母对孩子的爱，也是一个生命对另一个生命的责任。 ●南方日报记者 黄锦辉 实习生 王以诺 通讯员 刘琪莎 感染HIV病毒后，几乎每个人都经历了至暗时刻。 “80后”梁月是广西人，2011年因与有吸毒史的前男友交往被确诊感染HIV病毒。对她来说，得了“这个病”，像是一段“溺水”人生，能具象感知到“生命下坠”的速度，梁月尽量避免说到“艾滋”这个词。 在广州八院，梁月接受了正规抗病毒治疗，在两年时间里病毒载量得到了很好的控制，用她的话来说，感觉自己“上岸”了。即使生命无恙，她还是把染病的秘密藏在心底，不敢告诉身边的人，包括父母。在30岁的人生节点上，她遇到了来自家人的催婚。 其实梁月是渴望婚姻的，身边也不缺乏追求者。为了满足情感需求，她尝试与普通人交往，但始终保持合理距离，不敢发生亲密行为，“就怕害了别人”，等到触及婚姻问题时，她就搪塞对方：“我没法生育，想清楚再来娶我。” 梁月用无法生育的谎言来遮掩感染艾滋病的事实，因为她认为没有一个正常男性会接受自己“这个病”，更不想对方知道自己的“软肋”，“分手后对外说”的代价，她承受不起。 时间平等经过每个人的身体，慢慢地梁月感受到了更深的孤独，尤其是当身边人逐渐拥有自己的家庭后，“稳定”的想法就愈加强烈。 2014年，梁月决定找一个“同病相怜”的人。在广州红丝带协会志愿者杜梅的介绍下，她认识了同是艾滋病感染者的丈夫，在相识近10年后，最终组建了家庭。 梁月想，如果找了一个健康男性，自己就要承担更大压力，“没人完全不在意，除非跟自己一样”。现在，关于疾病的秘密，夫妻彼此最为了解。 2007年，杜梅成为广州红丝带协会的一名志愿者，主要工作是感染者关怀。长期与艾滋病感染者打交道，她经常会收到一些感染者的请求，希望帮忙介绍另一半。近10年来，杜梅成功为10多对牵线，其中有超过5对登记结婚，有的是“单阳”家庭(即一方感染一方正常)，有些是“双阳”家庭(双方均感染)。 为艾滋病感染者做“红娘”，杜梅保留了一种体面的边界感，从不出席婚宴，有些是时间不凑巧，更多时候，杜梅承认是因为身份尴尬，许多感染者向亲友隐藏了疾病史，“怎么向宾客介绍我，是另一个难题”。所以，没必要给新人增添烦恼。 起初做“红娘”时，杜梅心想感染者只能找同样的人，但从事这一行的时间久了，她逐渐明白，人不应自我设限，应该鼓励感染者：“只要足够优秀，就能找到心仪的另一半。” 小林是一名高校教师，2011年被确诊感染了HIV，2018年他在朋友介绍下跟一名女性相识，抱着认真的态度，在相处一段时间后，他决定将实情告诉对方。 在感染者寻找健康伴侣时，如何告知病史，是一道现实难题。杜梅认为，一些不具有传染性的感染者在与普通人谈恋爱时，不一定要第一时间告知对方疾病史，但不可发生性行为，等到需要进入人生新阶段时，才将情况告诉对方。 告知前，小林已做好被拒绝的心理准备。冷处理是意料之中的结果，两人关系冷却两周后，还是重新走到了一起。婚检时，对方还收到了医院的提醒，这些都没有阻止他们登记结婚，如今他们拥有了一个近2岁的健康宝宝。 在这一段夫妻关系中，小林对妻子充满感激，“感谢她接受了自己身上的不完美”。 作为广州八院艾滋病“一站式”诊疗中心的个案管理师，林洛冰认为，一旦决定要跟一个人组建家庭和抚养孩子，就要做到坦诚相对，尽早告知对方疾病史。入行4年来，她已指导了一些艾滋病感染者如何向亲密伴侣告知病史。 林洛冰说，按照传染病法，配偶有知情权，如果隐瞒不报，就是违法行为；若是一步到位地说，“听到‘艾滋病’三个字，大多数人会被直接吓跑”。林洛冰还告诉他们：可以先提自己身上有疾病，需要终身服药，试探对方接受程度，但最终还是不能有任何隐瞒。 在艾滋病感染者经营一段亲密关系时，有时需要一些“助攻”。杜梅主动揽活：“如果找到了心仪伴侣，等到了告知那一刻，就可以带到这边来，让我跟他(她)说。” “能走到这一步的人，感情已是非常深厚了，表明他(她)愿意包容对方的一切了。”杜梅说。 不久前，一名“艾滋妈妈”在服用了国家提供的免费药物后出现了极大的不良反应。在明确原因后，医生向她建议，换一个方案可能要支付一些费用，但为了节省医药费，她说自己坚持服用免费药。后来，没有感染疾病的丈夫不想妻子受罪，愿意拿出2000元给她买药。 “(2000元)对月入2万的人来说不多，但对他们家来说是很大一笔钱。”广州八院感染科三区主任何浩岚对此非常动容。 “单阳家庭”更不稳定吗？小林认为，疾病是两人关系绕不开的点，大家有避而不谈的默契，随着组建家庭时间变长，双方面临的挑战会更多，如老人赡养与小孩抚养的矛盾、财务危机，这些都有可能使一个家庭解体。 不管是“单阳”家庭还是“双阳”家庭，外界对他们能生育健康宝宝这件事还存疑，但事实上，随着艾滋病母婴阻断技术的日趋成熟，生下一名健康孩子，“不是行不行的问题，更多是想不想的问题”。数据显示，1999年至今，广州八院接诊了500多例“艾滋妈妈”，无一例“母婴阻断”失败。 梁月起初没有想过要孩子，“对于这个病，生育本身就自带更大的风险。”可等到两人关系稳定后，她却改变了想法：“没有小孩怎么行？”丈夫不同意她的看法，他认为即便两人常年服用阻断药，仍不能保证会生出一个健康的孩子。 虽然人工授精已是成熟的辅助生殖技术，但目前国内没有任何一家医学生殖中心能给感染艾滋病患者提供辅助生殖服务。所以，目前艾滋病家庭想要生育下一代，还是要选择自然受孕方式。对于单阳家庭来说，他们的顾虑更多——既要一个健康宝宝，又要保护另一个人不受感染。 此时保护一个人不受感染的方式，便是进行暴露前预防。何浩岚介绍，暴露前预防是非常成熟的体系，但夫妻双方在计算好排卵期、发生性关系后，另一方需要在72小时内到暴露前门诊，服用阻断药。现实中，有些正处于备孕阶段的感染者想要直接开药，何浩岚知道后一般都会阻止，建议要带另一半过来，因为她担心，对方对伴侣病史一无所知。 何浩岚说，当一个人决定要小孩时，一定意义上说明他(她)对目前的抗病毒治疗的结果是满意的，重拾了对生活的信心与热情，所以才会想要生育下一代。 在梁月的软磨硬泡下，丈夫终于答应了她的请求，考虑生育孩子。起初，两人自然受孕并不顺利，非常心急，还曾流产过，所以她这一次倍加珍惜“上天的礼物”。 怀孕期间，孕妇需坚持服用抗病毒药物，医生会跟踪她的CD4细胞记数与病毒载量。后者是提供HIV感染者免疫系统损害状况最明确的指标。若监测到病毒载量上升、CD4细胞数量下降，妇科会联合感染科为孕妇调整用药方案。孕期服用药物，有些人会出现较大的胃肠道不良反应。 梁月倒是没有任何不适。怀孕三个月后，她才跟丈夫登记结婚，“等有了孩子再领证，就能更好地守住两人的秘密，不会被造谣不能生育了。”梁月说。 HIV的母婴传播可发生在妊娠、分娩和哺乳三个阶段，即宫内传播、产程传播和产后传播。因此，“艾滋妈妈”想要生下健康孩子，需要闯过三道“关口”。 何浩岚说，如果产妇的病毒载量低，其实可以选择阴道分娩，但孩子感染的几率也会随之增高。因此在孕38周左右时，产妇及家属往往都会选择剖宫产。宝宝出生后会被送到儿科监护室，医护人员在人工喂养时就开始进行预防性用药。一般来说，宝宝在医院观察一个礼拜后，就可以跟妈妈一起出院了。 抚养一个孩子时，HIV感染者家庭往往会更加小心翼翼。 电话里，何浩岚会遇到类似的问题：给小孩削苹果不小心伤到手指，孩子吃了，会有事吗？给孩子洗澡要不要戴上手套？孩子能不能跟父母一起睡？有一次，一名患者还挂了急诊，就是为了问医生，孩子用了自己的水杯喝水，会不会感染病毒？有些人不敢抱也不敢亲孩子，专门请了一个育儿嫂来带孩子。 应对这些事情，何浩岚会及时缓解他们的焦虑。在孩子成长过程中，她不断提醒：要人工喂养；牙刷一定要放在最高点，避免孩子触碰，“如果小孩不小心碰到的话，放进口腔内，可能就会造成感染”；家里常备创可贴，一旦出现皮疹和伤口，先包扎起来，避免血液滴在孩子的物品上…… 可能是因为对疾病传播途径的了解，在养育孩子过程中，小林并没有发生过一些“戏剧化”的经历，只是有一次给孩子做辅食时，不小心切到了手指，在及时包扎好伤口后，他重新做了一份辅食，再喂给孩子吃。 “18个月是一个重要分水岭。”广州八院感染科个案管理师杜佩珊说，从宝宝出生后到18个月前，医生会一直监测其体内的抗体，此前父母抚养孩子过程中，心情起伏非常大，“往往是宽慰了两天，过两天又心惊胆战”，等到了1岁半，孩子最后一次抗体检测为阴性，父母才真正心安，因为往往到了这个时候，父母也学会了与孩子安全共处。 何浩岚察觉到，一旦确保孩子没事，许多家长就会将孩子抽离出这个环境，不仅不会把孩子带来门诊，而且也不会主动分享孩子的成长环境，总之，“孩子知道越少越好，外人知道孩子也越少越好”。 对于艾滋病感染者来说，他们很少会在孩子未成年时就坦白，毕竟这是一个不知道从何说起的故事，也害怕小孩口无遮拦对外宣告。但有时父母还是低估了孩子的智力，生活在同一屋檐下，也许他们早就知道长辈的“秘密”。 来自云浮市云城区的感染者红姐，在儿子四岁时，夫妻和儿子三人先后被检测出感染HIV病毒。等到女儿青春期时，她决定跟没有感染的女儿坦白这一切，她提前设想了女儿的反应，不料女儿却淡然地说了一句，“我早就知道了”。更让她感动的是，为了不让弟弟感觉到被歧视，她还主动帮忙带弟弟，甚至会跟弟弟一起睡。 有时，将真实情况告诉孩子，也是一种释压的方式。杜梅曾遇到一个单亲妈妈，她的孩子长大后比较叛逆，因为这个疾病，自己承受了许多压力，每一次见到杜梅，她都泪眼婆娑。杜梅就建议她主动把情况告诉孩子，让自己多一个依靠。自从那一次后，她就再也没有来过，杜梅猜测“她应该跟儿子如实说了”。 事实上，一些老年感染者更难跟孩子坦白。在前半生，他们是家庭地位很高的长辈。感染后，他们有强烈的病耻感，感觉“拉不下面子”。 去年，杜佩珊管理过一名79岁老人，他曾是一名老师，在确诊艾滋病后非常苦恼。因为身体不好，走路不稳，杜佩珊建议他让孩子陪同来复诊，但老人不知道如何跟孩子说。此时，杜佩珊就建议老人把孩子的电话给她，在征得老人同意后，由她把其中的利害关系告诉他的孩子。后来老人把儿子带到了医院。在杜佩珊面前，父子两人坦诚相对。老人稍微放下了心理包袱。 11月28日，世界艾滋病日前夕，梁月通过剖宫产生下一个男孩。对于夫妻两人秘密，梁月没打算隐瞒孩子，等到他长大成人后，就要跟孩子坦白——你生长在一个艾滋病家庭，更应该学会保护好自己，“不要走爸妈的老路”。 小林也没打算一直隐瞒，等到自己身体不好了时，他会亲口告诉孩子。现在，不谙世事的孩子还把他的药盒当成玩具。“小孩很喜欢这个药盒，如果不给，他还会哭”，每一次看到这一幕，妻子就会说，“你先放在他看不到的地方嘛”。 (文中梁月、小林为化名) 【,4809,https://www.chinanews.com.cn/sh/2023/12-01/10120657.shtml,婚姻;结婚;晚婚;催婚;恋爱;伴侣;夫妻;配偶;另一半
People.cn,2023-12-01,乐动曲靖｜以民乐演绎基诺族婚恋——《信叶情》,人民网曲靖12月1日电 （符皓、蔡树菁、尹馨）12月1日，“2023中国民族音乐传承日”开幕式音乐会在云南省曲靖市举行。 活动现场，由两支36簧加键笙与一组打击乐而作的《信叶曲》，源自古老的基诺族。作者将两支笙想象为一对正在热恋之中基诺族青年男女，将恋爱进程三个阶段作为全曲结构及音乐发展的主线。基诺族青年男女常以“树叶信”传情，乐曲运用了基诺族情歌《树叶信》的曲调及其特有的节奏进行发展变化，试图展现基诺族青年男女由一开始相恋的害羞胆怯到交往结婚时的幸福的场景。 “2023中国民族音乐传承日”开幕式音乐会在云南省曲靖市举行，民乐演奏《信叶情》。 人民网记者 李发兴摄 笙演奏家王一为中央音乐学院笙专业在读博士，曾获2019年中国器乐电视大赛职业成年吹管乐组总决赛亚军、职业成年笙专业第一名。打击乐演奏家魏然系中央音乐学院民族打击乐副教授，他长期与海内外各大知名乐团合作演出，活跃于国内外舞台上。 据悉，本次音乐会为“2023中国民族音乐传承日”系列活动之一，由中央音乐学院、云南省委宣传部主办，中央音乐学院中华优秀传统文化传承基地（中国民族音乐）、曲靖市委宣传部等单位承办，旨在聚焦中国民族音乐守正创新的多元化传承发展，呈现中国民族音乐在新时代新征程上焕发的活力和崭新气象。,539,http://yn.people.com.cn/n2/2023/1201/c372453-40662986.html,结婚;婚恋;恋爱
People.cn,2023-12-01,婚俗新风尚 走心更省心,“酒宴大事要新办，众：呵！”“崇尚节俭和简单；众：呵！”“亲朋随礼请随便，众：呵！”“高价彩礼讨人嫌；众：呵！”…… 11月30日上午，李寿印早早来到南昌县塘南镇新时代文明实践所，与村民商量《塘南贺郎歌》移风易俗新版歌词。 塘南贺郎歌流传于南昌滨湖地区乡村，是当地婚庆喜事中不可缺少的一种艺术表演形式。其曲目众多，歌词文采飞扬，多为一人领歌、众人喝彩，并有唢呐伴奏。 “曲调是固定的，但歌词有上千种。新时代有新风尚，歌词也要与时俱进，要走心才能让人记得住。”身为《塘南贺郎歌》第十四代非遗传承人，李寿印陆续创作了多版歌词，并将其传唱在当地90%的婚礼上。其朗朗上口的歌词和鲜活有趣的表演，引得当地兴起一阵村村学唱、人人传唱之风。 新风之歌有人唱，新风化雨更要有落脚之处。 走进南昌县金湖管理处雄溪村家宴中心，厨房、公厕，空调、电扇等配套设施齐全，村里还购置了桌椅、碗碟等供村民使用。墙上的文明用餐公益广告、租用标准等一目了然。 “从前在酒店办酒席，大家都较着劲，办寒酸了担心被亲戚朋友说闲话，办铺张了自己暗暗叫苦。现在在村里的家宴中心办酒席既节省了开销，又不失体面。”雄溪村的村民熊斌赞不绝口。 “自8月投入使用以来，雄溪村家宴中心已经承办了宴席20多场。”雄溪村党支部书记徐志文介绍，家宴中心实行准入制度，对操办红白事进行规范化管理，并提供简约实惠的宴席套餐，让村民省心又省力。 如今在南昌，婚俗新风尚已融入百姓生活，加之有数以万计的老人仍在坚持用脚力和耐心逐一引导，移风易俗已然成为共识。 “老弟，少摆几桌，你们和子女都轻松，在外务工的亲戚也压力小点。”眼下，年关将至，打算办喜酒的村民不少。顶着刺骨寒风，南昌县武阳镇“银发劝导队”的老人们穿梭在乡间小路。 “年前是我们劝导队最忙的时候，多走几趟、多说几句，只要态度好，大家听得进，其中大部分以前是我们的学生，做工作也没那么难。”前进村老党员徐有根在劝导村民红事简办时，时常以自己给孙女办满月酒将20桌压缩到4桌为例，建议大家不要铺张浪费。 这支“银发劝导队”队员平均年龄超65岁，大多为老党员、老干部、老教师。组建以来，已成功劝导红事简办7场，丧事简办6场，带头签订移风易俗承诺书360余份。受其影响，镇里的“五老”志愿者也纷纷加入和治理事会，通过走村入户、召开村民会议等，向村民介绍红白喜事流程及操办标准等。 目前，南昌市已建立2127个红白理事会，1153个行政村将移风易俗纳入村规民约，明确“彩礼限额、宴请桌数、酒席标准、随礼金额”四项指导标准，实现红白事操办100%登记造册。 在婚丧领域，市、县两级均制定出台了农村婚嫁彩礼专项治理工作方案，并将其细化为村级事项清单，纳入评比考核、督导检查的重要内容。（胡雪萍）,1138,http://jx.people.com.cn/n2/2023/1201/c186330-40662492.html,高价彩礼;彩礼;婚俗;婚嫁;婚礼
People.cn,2023-12-01,山东嘉祥：离婚纠纷巧调解 情法并用化矛盾,"调解是离婚诉讼的必经程序,如果感情确已破裂怎样才能好聚好散。近日，山东省嘉祥县人民法院成功调解一起离婚纠纷案件，双方达成离婚调解协议，并在法官主持下完成房屋过户和财产分割款交付，实现案结事了，基于子女牵绊的亲情得以维系。 小强和小丽（化名）本是一对夫妻，双方结婚之初感情尚可，婚后生育一双儿女。后因双方各自在外地打工，聚少离多，随着家庭琐事矛盾日益增多，双方无法继续共同生活，故向法院提起诉讼，要求离婚。 嘉祥县人民法院承办该案的法官汤洁茹接手案件后，了解到双方都有强烈的离婚意愿，在子女抚养方面达成一致，但唯独对婚后财产分割均不退让，对房屋的归属及房屋价格未能达成一致。 调解过程中，考虑到双方都坚持离婚的意愿，工作重心转移为促成双方好聚好散。为避免矛盾激化，承办法官通过“背对背”的调解方式与当事人及代理人沟通，先针对矛盾焦点，情法相融地疏导、安抚，引导双方理性看待问题，正确处理纠纷。又从两个婚生子为切入点，考虑一对儿女均由小强抚养，双方要为子女的成长创造良好条件，提供必要的帮助和陪伴，要放下了对彼此的成见，在调解过程中各退一步。 通过多次调解，双方情绪逐渐缓和，诉求逐步靠拢，转化为合理的调解意见。最终，小丽与小强达成了一致，签订了调解协议，在某乡镇购置的房屋归小强所有，小强向小丽补偿20万元。 为避免双方在履行款项时产生纠纷，汤洁茹法官提出，由小强给付该款项至法院账户，小丽将财产过户所需的材料送至法院，在过户手续办妥以后，小丽顺利领走了案款。至此，该起离婚案件得到圆满解决，原、被告也终于放下心结，开始各自的新生活。 调解不止调解和好，也要调解和离。即便感情不复存在，也能有利于缓解当事人的相互对立情绪，理性而健康地面对未来的生活，婚姻家事纠纷连着民生、系着民心。嘉祥县人民法院始终坚持“调解优先、调判结合”的工作原则，通过“情与法”结合，妥善化解婚姻、家庭、邻里等各类民事纠纷，维护家庭和睦及社会和谐，切实将矛盾纠纷化解在基层，消灭在萌芽，增强人民群众幸福感、获得感、安全感。（孔明珠）",852,http://sd.people.com.cn/n2/2023/1206/c409489-40668296.html,婚姻;结婚;离婚;夫妻
People.cn,2023-12-02,爱在浦东！浦东新区结婚登记集体颁证甜蜜来袭,人民网上海12月2日电 今天下午，“爱在浦东”——2023浦东新区结婚登记集体颁证仪式暨新场甜蜜产业推介发布活动在新场古镇举行。 集体颁证仪式上， 11对新人分别来自浦东高科技产业、金融机构、学校、社区工作等岗位，他们手捧浦东土布定制的“甜蜜兔”花束上台亮相，分享自己的爱情故事，表达对父母的感恩，倾情诉说在浦东拼搏奋进的经历。 集体颁证仪式前，11对新人乘坐总部在浦东的智己汽车提供的新能源婚车开启公路婚礼巡游，以实际行动践行文明新风尚，倡扬新型婚俗文化。 牵手婚姻，步入家庭，离不开家庭经营能力的培养和榜样的引领。近年来，浦东新区以家庭家教家风建设为切入点，常态化开展“寻找最美家庭”活动，树立了城市文明的最美旗帜。活动中，浦东新区妇联正式成立区“最美家联盟”，第一批成员由全国、市级“文明家庭”“五好家庭”“最美家庭”加盟。 区妇联相关负责人介绍，“最美家联盟”将立足“家风尚、家文化、家公益”重点，逐步探索“先进家庭带动服务社会、各级组织关爱先进家庭”的双向提升机制，通过搭建“最美礼遇、学习交流、参与实践”平台来发挥联盟引领效应，带动36个街镇的最美家分联盟上下联动，进一步凝聚最美家庭力量，用家庭的“小气候”温润社会的“大生态”。 新场古镇的邮政编码201314，这一特殊的甜蜜符号与千年古镇交相辉映。近年来，新场镇积极打造爱的小镇，聚焦“五创”融合发展，探索“文创+”“旅游+”，结合千年古镇水乡特色、乡村振兴可持续发展，因地制宜将“甜蜜产业”作创新和融合。活动上，新场镇推出“最佳婚拍点”，发布“201314定制款产品”，吸引年轻一代共情、共勉，推动传统文明和现代文明融合发展，赋予甜蜜产业更多的精神内涵和时代内涵。 浦东新区民政局相关负责人介绍，此次集体颁证仪式，旨在挖掘和弘扬中华传统美德，传承良好家风家教，培育文明向上的婚俗文化，激发全社会追求幸福婚姻、美满家庭的动力，希望新人在浦东这个实践梦想的舞台上，书写更具华彩的人生，为浦东引领区建设贡献家庭力量。,839,http://sh.people.com.cn/n2/2023/1202/c134768-40663560.html,结婚登记;婚姻;结婚;婚俗;婚礼
People.cn,2023-12-04,江西龙南：“公益红娘”引领乡风文明新婚俗,“手持玫瑰，福缘共渡！珠联璧合，同心百年……”日前，江西省龙南市渡江镇玫花渡婚俗新风馆与往常一样为新婚新人举办特色婚礼，现场弥漫着婚俗新风新气象。这是龙南市深化乡风文明建设，推动乡村移风易俗的一幕。近年来，龙南市以遏制高价彩礼，回归“礼”性为目标，通过建设户外颁证基地、婚俗新风馆，统筹社会力量，优化婚庆服务等方式，打造“公益红娘”特色品牌，探索婚俗改革新路径。 “我们在做好线下全面摸排本辖区适龄单身青年建立‘月老簿’，召集辖区‘红娘’志愿者牵桥搭线的同时，还建立了‘吾家有喜’线上交流群，通过‘线上+线下’方式为青年男女提供多样结识和交流途径。”在龙南市汶龙镇“文明集市”一条街开业仪式上，汶龙镇党委书记廖俊介绍了该镇融入移风易俗、相亲介绍等元素“吾家有喜”红娘馆。 据了解，“吾家有喜”红娘馆依托汶龙镇新时代文明实践阵地建立，旨在常态化牵红线、搭鹊桥、助脱单、结良缘。目前，已有36名单身青年线上交流互动，60名线下青年登记在册。30多公里外的渡江镇新大村，当地依托玫瑰产业基地，通过翻新改造老祠堂、链接文明实践站、设置新风礼堂等设置婚俗文化展厅、厅堂婚仪场景、洞房花烛场景、客家婚俗新风展厅、结婚登记中心、婚嫁堂六个区域，打造集婚俗文化、夫妻和睦、敬老孝亲等元素及吃、住、行、拍及领证服务于一体的客家缘婚俗新风馆，一经推出受到不少适婚青年的关注。 今年以来，针对青年群体、新婚家庭重点群体需求，龙南市按照“示范引领、特色打造”思路，整合民政、妇联、团市委等力量，发掘各级资源禀赋、产业优势、空间特色，以点带面打造特色婚俗新风馆平台，积极营造婚事简办、新办有抓手、有平台、有动力的浓厚氛围，让年轻人在乐于参与和认可新风尚，自觉成为婚嫁新风的践行者、弘扬者。 “要成为‘吾家有喜’的红娘，我们会要求其签订一份婚丧从业行为自律承诺书。”廖俊介绍，为确保“红娘们”在介绍相亲过程中，能将移风易俗、低彩礼高幸福等新风声声入耳传入有缘人心中，当地把好红娘队伍关，旨在良缘起步之时便在新人心中种下文明婚嫁的种子，推动形成了良好的新时代乡风。 据了解，着眼规范管理，龙南围绕“公益红娘”阵地建设、服务机制、婚俗标准、监督保障等提出12项具体举措，明确职责。由民政部门牵头摸排全市红娘31名，成立公益红娘协会，定期开展培育、规范工作，禁止哄抬彩礼、索要媒礼，有效提升“公益红娘”婚恋服务素养。2023年，龙南投资拨付50余万元，打造汶龙镇、渡江镇“公益红娘”服务站点，开展红娘培训活动6次。 今年以来，龙南市组织各乡镇深度挖掘各村妇女小组长、老党员、老干部等资源组建村级“公益红娘”队伍，逐步推行“一村一队”模式。该市还探索优秀公益红娘激励评价机制，结合“积分制”将婚嫁彩礼纳入村规民约，限制彩礼标准。同时，发挥红白理事会+“公益红娘”作用，激活群众内生动力；建立常态考核制度，将农村彩礼治理工作情况纳入综合考核指标的重要内容，纳入负面清单管理，推动婚俗改革常态长效。 今年以来，聚焦发挥“公益红娘”队伍作用，龙南市定期策划组织移风易俗、婚恋课堂、婚姻法律知识宣讲等活动，积极培育向上向善婚恋价值观。以客家缘新风婚俗馆为锚点，龙南市整合资源为新婚群体提供平价菜单、民宿体验、婚纱摄影等一体化服务，打造“文明实践+婚礼”“旅游+爱情”特色婚庆路线，通过设置新风倡议、集体宣誓、共植金玉良缘树等代替婚礼婚宴形式，吸引、引导广大青年简化婚礼流程，做婚事简办新办倡导者、实践者，凝聚弘扬婚嫁新风向心力。实施以来共开展3次集体婚礼惠及26对新人、百余名干部群众。 聚焦“家庭成长”，建好温暖港。龙南市持续开展好“公益红娘”后续帮扶活动，在创新开展领证前开设婚姻课堂进行正确婚姻观、家庭观指导，跟踪回访帮助有需要的当事人免费提供情感沟通、心理调适、纠纷调解、法律咨询等服务“两个帮”活动的同时，该市还充分发挥示范引领作用，持续开展“好公婆”“好家庭”等“五个100”移风易俗评选活动，邀请获评人员讲述爱情、婚姻、家庭故事，营造良好社会氛围，推动培育温暖、和谐、幸福家庭。（李松群、钟宛秦、邹逢春）,1687,http://jx.people.com.cn/n2/2023/1204/c186330-40665165.html,结婚登记;高价彩礼;婚姻;结婚;婚恋;彩礼;婚俗;婚嫁;适婚;相亲;单身;脱单;夫妻;婚礼
People.cn,2023-12-06,青海县级婚姻登记机关实现独立场所全覆盖,人民网西宁12月6日电 记者从青海省民政厅获悉，今年以来，青海省各级民政部门按照“效能监管提升年”既定目标，进一步集中人力物力财力，积极推动建设独立婚姻登记场所，规范设置结婚登记室、离婚调解室、档案室、婚姻家庭辅导室、颁证大厅及候登大厅，推动全省45个县级婚姻登记机关实现独立场所全覆盖，并着力打造了刚察县、曲麻莱县、泽库县、门源县、兴海县、湟中区等一批环境优美、设备齐全、服务到位的规范化标准化县级婚姻登记机关。 为进一步促进婚姻家庭和谐幸福，各级民政部门把婚前辅导作为“幸福护航”的重要环节，依托县级婚姻登记平台组织开展婚姻家庭辅导类项目，协调法院、司法、团委、妇联等部门优势资源开展“法律+婚姻家庭”“社工+婚姻家庭”“志愿服务+婚姻家庭”等专业辅导服务，切实提升了公民对婚姻家庭的责任感和幸福感。为使婚姻登记更加优质、便捷、高效，省民政厅为所有婚登机关配置智能一体机、复印机、高拍仪等七类设备，全面升级青海省婚姻登记信息管理系统，增加了“跨区域通办”等七项功能，实现婚姻登记5项预约服务和婚育服务“一件事一次办”，推动婚姻登记手续更“简”、办证效率更“快”、办事体验更“佳”。,492,http://qh.people.com.cn/n2/2023/1206/c378418-40667418.html,婚姻登记;结婚登记;婚姻;结婚;离婚;婚育
China News Service,2023-12-08,江西一地探索文明婚嫁新路径 为零彩礼、低彩礼家庭发放礼遇卡,中新网 江西安远12月8日电(廖新兴 何小莉)红杏枝头春意闹，书香公园伊人来。仲冬时节，在江西安远城区的书香公园，一场“不要彩礼要幸福”的文明新风集体婚礼在浪漫的音乐旋律中拉开序幕，六对新人身穿喜庆的中式礼服，进行了跨火盆、过米筛、三拜九叩等传统婚礼仪式，款款走向婚礼舞台…… 今年以来，江西安远县不断引导全县广大青年树立正确婚恋观，营造“抵制高价彩礼倡导文明新风”的社会新风尚，探索文明婚嫁新路径。 “一金二颁三优三免四享受”，安远县民政局副局长廖新兴将安远县“零彩礼”“低彩礼”家庭礼遇机制的13项激励政策总结为简单的11个字。他介绍，一金即1000元的资金奖励；二颁即颁证礼遇，颁发荣誉牌匾；三优即优先安排幼儿园、中小学就读，优先聘用为文明实践员，优先提供就业服务；三免即免门票进入县内景区，免费乘坐公交车，免费享受1次健康体检；四享受即享受创业贴息贷款，享受果园水肥一体化补贴，在指定酒店举办婚礼宴席享受8.8折的优惠，在商家联盟消费享受优惠活动。 “我们考虑最多的是可操作性，能不能实实在在把礼遇政策落到实处，怎么样最大限度地激励村民不收彩礼或少收彩礼。”廖新兴说，他经常与相关部门交流研讨，“享受10万元以下创业贴息贷款，享受果园水肥一体化补贴”等实惠政策，在鼓励村民少收彩礼的同时，也给新婚夫妻创业，发展赣南脐橙等农业产业提供了资金和政策扶持。 于是，今年9月，《关于建立安远县“零彩礼”“低彩礼”家庭礼遇机制的实施方案》顺势而生，政策一出便引发强烈反响。 据了解，今年，该县还印发了《安远县农村婚嫁彩礼治理工作细则》，当地民政局工作人员更组织动员20多家县内信誉良好的商家成立了喜事新办商家联盟，村民持“零彩礼”“低彩礼”家庭礼遇卡在联盟商家消费可享受购物打折等优惠政策。 除此之外，安远县还推选“婚事新办”等正面典型，今年以来，该县共计选树“婚事新办”等正面典型31例，其中3个典型事迹荣获江西省移风易俗“五个100”先进典型荣誉称号。 今年5月20日，一场“不比彩礼比幸福”的集体婚礼在该县镇岗乡老围村举行。“对于我们年轻人来说，结婚的意义在于夫妻双方相亲相爱，家庭幸福美满，彩礼并没那么重要。”新人谢鑫、黄燕芳谈及彩礼态度很是洒脱。 近年来，该县通过开展集体婚礼、集体颁证、集体宣誓、合种心愿树、送戏下乡等系列主题活动，引导广大适龄青年自觉抵制高价彩礼大操大办等陋习。 2022年8月，该县成立了赣州市首个县级红娘协会，组建了公益红娘队伍，通过阵地建设、咨询服务、开展交友活动等举措，发挥“公益红娘”品牌效应，聚焦单身青年的婚恋交友需求，常态化提供相亲交友活动和婚恋指导服务，婚嫁文明新风正在为该县移风易俗注入源源不断的崭新动能。(完),1129,https://www.chinanews.com.cn/sh/2023/12-08/10125000.shtml,高价彩礼;结婚;婚恋;彩礼;婚嫁;相亲;单身;夫妻;婚礼
CCTV,2023-12-10,加大预防惩罚力度 织密反家暴防护网,对家暴零容忍，是社会共识，更是司法的态度。为进一步增强全社会反家庭暴力意识，对施暴人或者潜在施暴人形成法律震慑，同时也通过案例对审判实践中常见问题作出回应，近日，最高人民法院发布人民法院反家庭暴力典型案例，进一步细化完善家庭暴力发现机制、证据收集机制、执行联动机制等，明确人身安全保护令案件的证据形式和证明标准，加大对违反人身安全保护令的惩罚力度。 《法治日报》记者对其中的部分案件进行梳理，以期通过以案释法，呼吁人民群众不断提高反家暴意识，增强自我保护能力，做新时代文明新风尚的建设者、维护者、笃行者。 李某（女）与龚某系夫妻关系，双方于2000年4月登记结婚。婚姻关系存续期间，李某多次遭到龚某的暴力殴打，最为严重的一次是被龚某用刀威胁。2023年4月，为保障人身安全，李某向人民法院申请人身安全保护令，但其仅能提交一些受伤的照片和拨打报警电话的记录。龚某称，李某提供的受伤照片均为其本人不慎跌倒所致，报警系小题大做，自己并未殴打李某。 人民法院经审查认为，虽然李某提供的照片和拨打报警电话的记录并不能充分证明其遭受了龚某的家庭暴力，但从日常生活经验和常理分析，该事实存在较大可能性，已达到申请人身安全保护令的证明标准。据此，法院作出裁定，禁止被申请人龚某对申请人李某实施家庭暴力。 人身安全保护令制度的创设目的在于对已经发生或者可能发生的家庭暴力行为作出快速反应，及时保护申请人免遭危害。实践中，预防和制止家庭暴力最大的障碍是家暴受害人举证不足问题。《最高人民法院关于办理人身安全保护令案件适用法律若干问题的规定》明确，签发人身安全保护令的证明标准是“存在较大可能性”。 本案中，虽然受害人提供的受伤照片和报警电话记录不能充分证明存在家暴行为，但人民法院综合考量双方当事人的陈述、多次报警情况，结合日常生活经验，认定家庭暴力事实存在较大可能性，符合法律应有之义，特别关注了家庭暴力受害人举证能力较弱、家暴行为私密性等特征，最大限度发挥人身安全保护令的预防和隔离功能。 陈某与郑某系母子关系。2022年6月，郑某前往母亲陈某居住的房屋，以暴力威胁的方式向陈某索要钱款，陈某拨打110报警。2022年9月，郑某再次到陈某住处向陈某索要钱款，并对陈某进行辱骂和殴打，在陈某答应给予2万元的前提下才允许其离开住所。为避免进一步被威胁和伤害，陈某向人民法院申请人身安全保护令。 人民法院经审查认为，申请人陈某已七十岁高龄，但郑某作为子女非但没有好好孝敬申请人，而是多次使用辱骂、威胁、殴打的手段向申请人索要钱款，给申请人的身心造成了巨大伤害，导致其无法正常生活。申请人的申请符合发出人身安全保护令的条件。据此，法院作出裁定，禁止被申请人郑某殴打、威胁申请人陈某，同时禁止被申请人郑某以电话、短信、微信等方式骚扰申请人陈某，禁止被申请人郑某前往申请人陈某居住的房屋。 尊老敬老爱老是中华民族的传统美德。本案中，郑某作为具有独立生活能力的成年子女，不但没有孝敬母亲，反而以殴打、威胁的方式索要钱款，不仅违背了法律规定，也有悖于人伦，法院应对该行为作出否定性评价。同时，本案申请人系年逾七旬的老人，无论是保留证据能力还是自由行动能力均有一定局限性，人民法院充分考虑这一特殊情况，发挥司法能动性，与当地公安、街道联动合作，依职权调取相关证据，为及时保护申请人的合法权益织起了一张安全网。 王某与李某系夫妻关系。双方因家庭琐事经常发生争吵，李某多次以跳楼、到王某工作场所当面喝下农药等方式进行威胁，王某亦多次报警，皆协商未果。为保证人身安全，王某向人民法院申请人身安全保护令。 人民法院经审查认为，李某自伤自残行为会让申请人产生紧张恐惧情绪，属于精神侵害，王某的申请符合人身安全保护令的法定条件。据此，法院作出裁定，禁止被申请人李某对申请人王某实施家庭暴力，同时禁止被申请人李某骚扰、跟踪、威胁申请人王某。 精神暴力的危害性并不低于身体暴力的危害性。本案中，被申请人虽未实施殴打、残害等行为给申请人造成身体损伤，但其自伤、自残的行为很容易让申请人产生紧张恐惧的情绪，导致申请人精神不自由，从而按照被申请人的意志行事。该行为属于精神暴力。 2022年3月，蔡某与唐某某离婚案一审判决婚生子蔡某某由唐某某抚养，蔡某不服，提起上诉，并在上诉期内将蔡某某带走。后该案二审维持一审判决，但蔡某仍拒不履行。2023年4月，经法院、心理咨询师等多方共同努力，蔡某将蔡某某交给唐某某。蔡某某因与母亲分开多日极度缺乏安全感，自2023年5月起接受心理治疗。 治疗期间，蔡某到唐某某处要求带走蔡某某，为此双方发生争执。蔡某不顾蔡某某的哭喊劝阻，殴打唐某某并造成蔡某某面部受伤。蔡某某因此次抢夺事件身心受到极大伤害，情绪不稳，害怕上学、出门，唐某某代蔡某某向人民法院申请人身安全保护令。 人民法院经审查认为，蔡某某在父母离婚后，经法院依法判决，由母亲唐某某直接抚养。蔡某在探望时采用暴力方式抢夺蔡某某，并当着蔡某某的面殴打其母亲唐某某，对蔡某某的身体和精神造成了侵害，属于家庭暴力。据此，法院作出裁定，禁止被申请人蔡某以电话、短信、即时通讯工具、电子邮件等方式侮辱、诽谤、威胁申请人蔡某某及其相关近亲属，同时禁止被申请人蔡某在申请人蔡某某及其相关近亲属的住所、学校、工作单位等经常出入场所的一定范围内从事可能影响申请人蔡某某及其相关近亲属正常生活、学习、工作的活动。 抢夺、藏匿未成年子女行为不仅侵害了父母另一方对子女依法享有的抚养、教育、保护的权利，而且严重损害未成年子女身心健康，应当坚决预防和制止。本案中，孩子先是被暴力抢夺、藏匿，致其长期无法与母亲相见，后又目睹父亲不顾劝阻暴力殴打母亲，产生严重心理创伤。尽管父亲的暴力殴打对象并不是孩子，但考虑到孩子作为目击者，其所遭受的身体、精神侵害与父亲的家庭暴力行为直接相关，应当认定其为家庭暴力行为的受害人。 申请人彭某某13岁，在父母离异后随父亲彭某和奶奶共同生活，因长期受父亲打骂、罚站、罚跪，彭某某呈现焦虑抑郁状态，并伴有自残自伤风险。2021年4月某日晚，彭某某因再次与父亲发生冲突后被赶出家门。 彭某某向学校老师求助，学校老师向所在社区派出所报案，并联系社区妇联。社区妇联将情况上报至区家庭暴力防护中心，区家庭暴力防护中心社工、社区妇联工作人员以及学校老师陪同彭某某在派出所做了笔录。经派出所核查，彭某确有多次罚站、罚跪以及用衣架打彭某某的家暴行为，并对彭某某手臂伤痕进行伤情鉴定，构成轻微伤，公安机关于2021年4月向彭某出具《反家庭暴力告诫书》，告诫严禁再次实施家庭暴力行为。后彭某某被安置在社区临时救助站。彭某某母亲代其向人民法院提交人身安全保护令申请。 人民法院经审查认为，经向派出所调取证据，可以证明彭某有多次体罚彭某某的行为，抽打彭某某手臂经鉴定已构成轻微伤，且彭某某呈现焦虑抑郁状态，有自伤行为和自杀意念，彭某的行为已构成家庭暴力，应暂时阻断其对彭某某的接触和监护。人民法院在立案当天即作出人身安全保护令，裁定禁止被申请人彭某殴打、恐吓、威胁申请人彭某某；禁止被申请人彭某骚扰、跟踪申请人彭某某；禁止被申请人彭某与申请人彭某某进行不受欢迎的接触；禁止被申请人彭某在申请人彭某某的住所、所读学校以及彭某某经常出入的场所内活动。 作为密切接触未成年人的单位，学校及其工作人员发现未成年人遭受家庭暴力的，应当依法履行强制报告义务，及时向公安、民政、教育等部门报告有关情况。本案中，学校积极履行法定义务，在接到未成年人求助后立即向所在社区派出所报案、联系社区妇联，积极配合开展工作，处置及时、反应高效，为防止未成年人继续遭受家庭暴力提供坚实后盾。 第二条 本法所称家庭暴力，是指家庭成员之间以殴打、捆绑、残害、限制人身自由以及经常性谩骂、恐吓等方式实施的身体、精神等侵害行为。 第二十七条 作出人身安全保护令，应当具备下列条件：（一）有明确的被申请人；（二）有具体的请求；（三）有遭受家庭暴力或者面临家庭暴力现实危险的情形。 第二十四条 未成年人的父母离婚时，应当妥善处理未成年子女的抚养、教育、探望、财产等事宜，听取有表达意愿能力未成年人的意见。不得以抢夺、藏匿未成年子女等方式争夺抚养权。 最高法关于办理人身安全保护令案件适用法律若干问题的规定 第六条 人身安全保护令案件中，人民法院根据相关证据，认为申请人遭受家庭暴力或者面临家庭暴力现实危险的事实存在较大可能性的，可以依法作出人身安全保护令。 家庭暴力严重侵害家庭成员的人身权利，严重危害和谐和睦的家庭关系，是阻碍社会文明进步、影响社会平安稳定的“毒瘤”。 消除家庭暴力是系统工程，家庭、单位、学校和妇联、政法等应当相互配合、协同联动，教育家庭成员相互尊重、和睦相处，理性对待家庭矛盾分歧，协商处理家庭纠纷冲突。同时，加大宣传力度，深入落实反家庭暴力法，切实提高全社会对家庭暴力危害性的认识，对家暴行为早预警、早报告、早处置，依法及时惩处家暴加害者，把保护、救助家暴受害者的工作落到实处。 人身安全保护令是保护家庭暴力受害者的重要措施和有力武器，人民法院应当积极运用人身安全保护令在防范家暴风险中的重要作用，对受害者的申请及时受理、及时签发，切实保护当事人的合法权益。 胡勇,3782,https://news.cctv.com/2023/12/10/ARTIhS4HJZA1M7SbAUGjtXSL231210.shtml,婚姻;结婚;离婚;对象;夫妻;家庭暴力;家暴
China News Service,2023-12-11,彩礼纠纷典型案例发布 明确彩礼返还考量因素,彩礼作为我国婚嫁领域的传统习俗，有着深厚的社会文化基础。但是，近年来彩礼数额持续走高，涉彩礼纠纷案件数量呈上升趋势，甚至出现因彩礼返还问题引发的恶性刑事案件。为统一类似纠纷案件法律适用标准，今天，最高人民法院、民政部、全国妇联联合召开新闻发布会，发布人民法院涉彩礼纠纷典型案例。 最高人民法院介绍，关于返还彩礼条件，《最高人民法院关于适用 婚姻家庭编的解释(一)》规定了三种可返还情形，包括：未办理结婚登记、已办理结婚登记但确未共同生活以及彩礼给付导致给付人生活困难。但现实生活中存在大量未办理结婚登记却按照当地习俗举办婚礼并共同生活，以及已办理结婚登记但共同生活较短等情况，无法适用上述司法解释规定，彩礼是否返还以及如何返还成为难点。 本批典型案例聚焦审判实践中的共性问题，明确处理涉彩礼纠纷的三项原则：一是明确严禁借婚姻索取财物这一基本原则。二是充分尊重民间习俗，以当地群众普遍认可为基础合理认定彩礼范围。三是坚持以问题为导向，充分考虑彩礼的目的性特征，斟酌共同生活时间、婚姻登记、孕育子女等不同因素在缔结婚姻这一根本目的实现上的比重，合理平衡双方当事人权益。 据介绍，当前，涉及彩礼返还纠纷比较多的有两种：一种是 “闪离”的情况；还有一种是未办理结婚登记但已经共同生活的情况。这两种情况下，给付彩礼一方是否可以要求对方返还彩礼，主要的考量因素有哪些？最高人民法院相关负责人结合典型案例进行了解答。 在案例一中，判决进一步明确给付彩礼的目的除了办理结婚登记这一法定形式要件外，更重要的是双方长期共同生活。因此，共同生活时间长短应当作为确定彩礼是否返还以及返还比例的重要考量因素。该案中，双方共同生活仅一年多时间，给付方不存在明显过错，相对于其家庭收入来讲，彩礼数额过高，给付彩礼已造成较重的家庭负担，同时，考虑到终止妊娠对女方身体健康亦造成一定程度的损害等事实，判决酌情返还部分彩礼，较好地平衡了双方当事人间的利益。 再比如案例二中，双方虽未办理结婚登记，但已按当地习俗举行婚礼并以夫妻名义共同生活三年多时间，且已经生育一子。在处理涉彩礼返还纠纷时，就应当着重考虑共同生活以及孕育子女的事实。该案判决综合考量上述事实，对返还彩礼的诉讼请求不予支持，充分保护了妇女合法权益。 在涉彩礼返还纠纷中，对于彩礼与一般赠与的界限以及如何认定“共同生活”也存在模糊认识。案例三在这两个方面具有典型意义。该案判决认定案涉26万元的“五金”款符合人民群众对彩礼的一般认知，可以认定为彩礼。同时，明确双方登记结婚后仍工作、居住在两地，并在筹备婚礼过程中，对于后续生活未形成一致规划，没有形成稳定的生活状态，不宜认定为已经共同生活，但是考虑到已经办理结婚登记、短暂同居经历对女方的影响、存在共同消费等事实，判决酌情返还大部分彩礼，妥善平衡了双方利益。彩礼和嫁妆都是我国婚嫁领域的传统习俗，两者虽然表现形式不同，但是具有共同的目的，应当按照当地习俗适用相同的规则。 在确定彩礼返还数额时，也要考虑嫁妆情况，比如案例四中，在确定彩礼返还数额时就扣减了放置在男方处的嫁妆数额。涉彩礼返还纠纷中还存在诉讼主体资格问题。根据中国传统习俗，缔结婚约及给付彩礼，一般由男女双方父母共同参与，因此，在婚约财产纠纷确定诉讼当事人时，亦应当考虑习惯做法。如果婚约当事人一方的父母给付或接收彩礼的，将其列为共同当事人，不仅符合习惯做法，也有助于查清案件事实。 据介绍，本次典型案例发布后，最高人民法院将对《最高人民法院关于涉彩礼案件适用法律问题的规定》向社会公开征求意见，该司法解释强调了禁止以彩礼为名借婚姻索取财物的原则，并对彩礼的范围、返还的条件、当事人的确定等予以规范，以进一步统一裁判标准。 (总台央视记者 张赛 李明 央视新闻客户端) 【,1555,https://www.chinanews.com.cn/gn/2023/12-11/10126204.shtml,婚姻登记;结婚登记;婚姻;结婚;彩礼;婚嫁;婚约;夫妻;婚礼
People.cn,2023-12-11,“闪离”是否需要返还彩礼？最高法解答--社会・法治--人民网,人民网北京12月11日电 （薄晨棣、高清扬）最高人民法院、民政部、全国妇联今日联合举行新闻发布会，发布人民法院涉彩礼纠纷典型案例，介绍有关工作情况。 发布会上，有记者提问，当前，涉及彩礼返还纠纷较多的有两种情况，一种是“闪离”，一种是未办理结婚登记但已经共同生活。这两种情况下，给付彩礼一方是否可以要求对方返还彩礼？ 最高法民一庭庭长陈宜芳介绍，存续时间较短的婚姻会导致基于婚姻的很多财产安排出现失衡现象，彩礼问题就是这种困境的体现。一般情况下，双方已办理结婚登记手续并共同生活，离婚时一方请求返还按照习俗给付的彩礼的，人民法院不予支持。但是，给付彩礼的目的除了办理结婚登记这一法定形式要件外，更重要的是双方长期共同生活。因此，共同生活时间长短应当作为确定彩礼是否返还以及返还比例的重要考量因素。在“闪离”的情况下，如果对相关返还彩礼的诉讼请求完全不予支持，尤其是举全家之力给付的高额彩礼，会使双方利益明显失衡，甚至导致给付高额彩礼的一方因此返贫，对未来生活造成重大影响。 “在已经结婚并共同生活的情况下，司法重点调整的是高额彩礼导致的利益失衡现象。中国地域辽阔，不同地区经济社会发展水平不同，即使在同一地区，不同家庭之间经济情况也可能存在较大差别，因此，难以对高额确定一个统一的标准，需要在个案中参考当地居民人均可支配收入、给付方家庭收入等事实具体认定。”陈宜芳说。 陈宜芳表示，《最高人民法院关于适用 婚姻家庭编的解释（一）》中，虽然将彩礼返还区分为未办理结婚登记和已办理结婚登记的不同情况进行规定，但关注点仍在于是否共同生活。在未办理结婚登记的情况下，已经共同生活的双方因未办理结婚登记手续不具有法律上的夫妻权利义务关系，但在审理彩礼返还纠纷时，不应当忽略共同生活的事实。该事实不仅承载着给付彩礼一方的重要目的，也会对女性身心健康产生一定程度的影响，尤其是在孕育子女等情况下。如果仅因未办理结婚登记而要求接受彩礼一方全部返还，有违公平原则，也不利于保护妇女合法权益。因此，双方虽未办理结婚登记手续但已经共同生活的情况，应当考量各种因素确定是否返还。,877,http://society.people.com.cn/n1/2023/1211/c1008-40136311.html,结婚登记;婚姻;结婚;离婚;彩礼;夫妻
People.cn,2023-12-11,最高法发布涉彩礼纠纷典型案例 严禁借婚姻索取财物--社会・法治--人民网,新华社北京12月11日电（记者齐琪）推进移风易俗，治理高额彩礼。最高人民法院联合民政部、全国妇联11日召开新闻发布会，发布人民法院涉彩礼纠纷典型案例，从源头上规范给付彩礼行为，以实际行动营造健康、节俭、文明的婚嫁新风。 发布的王某某与李某某离婚纠纷案等4件典型案例，聚焦人民法院审判实践中的共性问题，明确处理涉彩礼纠纷严禁借婚姻索取财物这一基本原则。最高人民法院民一庭庭长陈宜芳表示，人民法院充分尊重民间习俗，以当地群众普遍认可为基础合理认定彩礼范围。充分考虑彩礼的目的性特征，斟酌共同生活时间、婚姻登记、孕育子女等不同因素，合理平衡双方当事人权益。 “从司法实践反映的情况看，涉彩礼纠纷案件数量近年呈上升趋势。司法审判要立足社会现实，注重通过案件审判，引导人们向上向善向美，倡导建立以感情为基础的，平等、和睦、文明的婚姻家庭关系。”陈宜芳说，此次发布的4件典型案例均是结合当地经济社会发展情况，充分考虑共同生活时间长短、是否办理结婚登记、是否孕育子女等多重因素，较好地平衡了双方当事人的利益。我国地域辽阔，不同地区经济社会发展水平不同，即使在同一地区，不同家庭之间经济情况也可能存在较大差别，因此需要在个案中参考当地居民人均可支配收入、给付方家庭收入等事实具体认定。 “通过发布典型案例，进一步规范人民法院统一处理此类纠纷的裁判标准，加强以案释法，引导人民群众树立正确的婚恋观，倡导形成文明节俭的婚礼习俗。”陈宜芳介绍，最高法将继续聚焦涉彩礼纠纷的难点痛点堵点，就相关司法解释向社会公开征求意见，以进一步统一裁判标准，更好回应人民的新要求、新期待。,675,http://society.people.com.cn/n1/2023/1211/c1008-40136523.html,婚姻登记;结婚登记;婚姻;结婚;离婚;婚恋;彩礼;婚嫁;婚礼
China News Service,2023-12-12,明确“返还”原则，化解彩礼纠纷,解决彩礼纠纷问题，化解相关矛盾，需要合法、合理、明确的处理规则。 据央视新闻消息，为统一类似纠纷案件法律适用标准，12月11日，最高人民法院、民政部、全国妇联联合召开新闻发布会，发布人民法院涉彩礼纠纷典型案例。 彩礼作为我国婚嫁领域的传统习俗，有着深厚的社会文化基础。但近年来，彩礼数额持续走高，涉彩礼纠纷案件数量呈上升趋势，甚至出现因彩礼返还问题引发的恶性刑事案件。 可见，彩礼问题影响不局限在个人、家庭，而已成为社会问题；也不只是财产问题，而是事关人身安全、社会稳定等多方面。解决彩礼纠纷问题，化解相关矛盾，需要合法、合理、明确的纠纷处理规则。 因为，只有规则合法、合理，当事人才会对处理结果发自内心地遵从；规则明确，才能让当事人对自己行为后果有明确预知。此次三部门发布涉彩礼纠纷典型案例，就是通过以案释法向社会宣示规则。 婚姻应该始于爱，彩礼似乎与爱格格不入。但作为传统习俗，彩礼也蕴含着两个家庭对“宜其室家”的美好愿望，人情、国法对其并不完全排斥，而是在一定程度上认可和保护。 在此次发布的典型案例三中，当事双方对于案涉26万元的“五金”款是否属于彩礼存在争议，法院判决认为其符合人民群众对彩礼的一般认知，依法认定为彩礼。“符合人民群众对彩礼的一般认知”，让法律保护的彩礼范围相对明确。 对于彩礼给付方而言，既然接受对方彩礼要求，给付彩礼，就需要做好彩礼“一去不回”的心理准备。但法律对彩礼的保护并非无限制，收受方也面临返还的风险。现实中，过高彩礼成为矛盾纠纷的导火索，甚至引发两个家庭之间的对立和冲突。 坚决反对包办、买卖婚姻，反对借婚姻索取财物，是立法和司法的一贯原则。三部门再次重申了这一原则，企图借婚姻索取财物者当止步。 对于彩礼的返还条件、比例，司法机关也通过典型案例初步确立了规则。一方给付彩礼的目的是缔结婚姻，如果婚姻得以缔结并持续，彩礼将不成其问题。但如果长久婚姻并未实现，则面临彩礼是否返还的问题。 比如，彩礼已经给付，双方也已共同生活，但未办理结婚登记，因故分手；再比如，给付了彩礼，也办理了结婚登记，但双方一起生活时间很短即“闪离”。这些情形下，是否返还彩礼、多大程度上返还，双方往往各执一词。这也是司法难点。 此次发布的典型案例，对上述难点给出了相对明晰的答案。基本精神是：既然彩礼的价值是缔结婚姻，那么是否返还、返还多少的重要判断标准，就是彩礼在多大程度上实现了缔结婚姻的目的。而判断依据包括：双方共同生活时间长短，是否办理结婚登记，是否孕育子女等。在充分考虑上述多重因素的基础上合理认定，平衡保护双方当事人的利益。 此次发布一起典型案例中，双方当事人婚姻关系存续不到3个月，期间工作、生活在不同的城市。考虑到办婚礼以及共同生活期间等有部分支出，106万彩礼，法院最终判决返还80万元，做到了公平、合理。 本批涉彩礼纠纷典型案例，明确了法律适用精神，初步确立了裁判规则。但现实中，彩礼纠纷多种多样，仅凭几个案例，显然难以应对所有问题。 最高法院相关负责人在新闻发布会上透露，将对《最高人民法院关于涉彩礼案件适用法律问题的规定》向社会公开征求意见。这意味着，更全面、更明确的彩礼纠纷裁判规则，正在向我们走来，也必将为婚姻、家庭、社会的和谐与稳定，提供更加切实的法治保障。(新京报) 【,1358,https://www.chinanews.com.cn/sh/2023/12-12/10126717.shtml,结婚登记;婚姻;结婚;彩礼;婚嫁;婚礼
China News Service,2023-12-12,高额彩礼一旦给了就难要回？最高法结合审理难点明确返还原则,最高人民法院结合涉彩礼纠纷案件审理难点，通过典型案例明确审理原则 彩礼蕴含着两个家庭对“宜其室家”的美好愿望。但近年来，彩礼数额持续走高。从司法实践来看，涉彩礼纠纷案件数量近年呈上升趋势，甚至出现因彩礼返还问题引发的恶性刑事案件。 12月11日，最高人民法院、民政部、全国妇联联合举行新闻发布会，通报推进移风易俗、治理高额彩礼工作情况。针对司法实践中婚姻目的无法实现后彩礼是否应该返还、如何返还的难点，最高法通过典型案例明确了审理原则。 存在大量不适用司法解释规定返还彩礼条件的情形 2021年以来，“中央一号文件”连续三年对治理高额彩礼、移风易俗提出工作要求。“从大量纠纷处理中，我们可以看到，高额彩礼并不是保障家庭幸福的秘笈，反而可能成为矛盾纠纷的导火索。”最高法民一庭庭长陈宜芳表示，以缔结婚姻为目的是彩礼最重要的特征，在无法实现或无法全部实现给付目的的情况下，应当实事求是处理彩礼返还问题。既要依法保障妇女权益，也要考虑高额彩礼负担对给付彩礼一方生活的影响，妥善平衡双方利益。 关于返还彩礼条件，《最高人民法院关于适用＜中华人民共和国民法典＞婚姻家庭编的解释(一)》(以下简称《解释(一)》)规定了三种可返还情形：未办理结婚登记、已办理结婚登记但确未共同生活以及彩礼给付导致给付人生活困难。 “但现实生活中存在大量未办理结婚登记却按照当地习俗举办婚礼并共同生活以及已办理结婚登记但共同生活较短等情况，无法适用上述司法解释规定，彩礼是否返还以及如何返还成为难点。”陈宜芳指出。 当天，最高法发布了一批涉彩礼纠纷典型案例。典型案例聚焦审判实践中的共性问题，明确处理涉彩礼纠纷的三项原则：严禁借婚姻索取财物；充分尊重民间习俗，以当地群众普遍认可为基础合理认定彩礼范围；充分考虑彩礼的目的性特征，斟酌共同生活时间、婚姻登记、孕育子女等不同因素在缔结婚姻这一根本目的实现上的比重，合理平衡双方当事人权益。 在王某某与李某某(女)离婚纠纷案中，两人于2020年9月登记结婚。王某某家在当地属于低收入家庭。为了与对方顺利结婚，王某某给付李某某彩礼18.8万元。李某某于2021年4月终止妊娠。因双方家庭矛盾加深，王某某于2022年2月起诉离婚，并请求李某某返还彩礼18.8万元。 审理法院认为，双方当事人由于婚前缺乏了解，婚后亦未建立起深厚感情，婚姻已无存续可能，准予离婚。结合当地经济生活水平及王某某家庭经济情况，王某某所给付的彩礼款18.8万元属于数额过高，事实上造成较重的家庭负担。综合考虑双方共同生活时间较短、女方曾有终止妊娠等事实，酌定李某某返还彩礼款5.64万元。 陈宜芳指出，基于彩礼给付的特定目的，一般情况下，双方已办理结婚登记手续并共同生活，离婚时一方请求返还彩礼的，人民法院不予支持。但是也要看到，给付彩礼的目的除了办理结婚登记这一法定形式要件外，更重要的是双方长期共同生活。因此，共同生活时间长短应当作为确定彩礼是否返还以及返还比例的重要考量因素。 举行结婚仪式后共同生活较长时间且已育有子女 在张某与赵某(女)婚约财产纠纷案中，两人于2018年11月经人介绍相识，自2019年2月起共同生活，于2020年6月生育一子。2021年1月双方举行结婚仪式，但一直未办理结婚登记手续。赵某收到张某彩礼款16万元。后双方感情破裂，于2022年8月终止同居关系。张某起诉主张赵某返还80%的彩礼款，共计12.8万元。 审理法院认为，双方自2019年2月起即共同生活并按民间习俗举行了婚礼，双方在共同生活期间生育一子，现已年满2周岁，且共同生活期间必然因日常消费及生育、抚养孩子产生相关费用，若在以夫妻名义共同生活数年且已共同养育子女2年后仍要求返还彩礼，对赵某明显不公平，故判决驳回张某的诉讼请求。 最高法指出，《解释(一)》关于未办理结婚登记手续应返还彩礼的规定，应当限于未共同生活的情形。已经共同生活的双方因未办理结婚登记手续不具有法律上的夫妻权利义务关系，但在审理彩礼返还纠纷时，不应当忽略共同生活的“夫妻之实”。该共同生活的事实不仅承载着给付彩礼一方的重要目的，也会对女性身心健康产生一定程度的影响，尤其是在孕育子女等情况下。本案判决符合当地风俗习惯，平衡各方当事人利益，特别体现了对妇女合法权益的保护。 已办理结婚登记仅有短暂同居经历尚未形成稳定共同生活 在刘某与朱某(女)婚约财产纠纷案中，两人于2020年7月确立恋爱关系，2020年9月登记结婚。刘某于结婚当月向朱某银行账户转账一笔80万元并附言“彩礼”，转账一笔26万元并附言“五金”。后因筹备举办婚礼等事宜发生纠纷，双方于2020年11月协议离婚，婚姻关系存续不到三个月，婚后未生育子女，无共同财产，无共同债权债务。双方曾短暂同居，并因筹备婚宴、拍婚纱照、共同旅游、亲友相互往来等发生部分费用。离婚后，因彩礼返还问题发生争议，刘某起诉请求朱某返还彩礼106万元。 审理法院认为，彩礼是男女双方在缔结婚姻时一方依据习俗向另一方给付的钱物。关于案涉款项的性质，除已明确注明为彩礼的80万元款项外，备注为“五金”的26万元亦符合婚礼习俗中对于彩礼的一般认知，也应当认定为彩礼。 关于共同生活的认定，双方虽然已经办理结婚登记，但仍在按照习俗举办婚礼仪式的过程中。双方当事人婚姻关系仅存续不到三个月，期间双方工作、生活在不同的城市，对于后续如何工作、居住、生活未形成一致的规划。双方虽有短暂同居经历，但尚未形成完整的家庭共同体和稳定的生活状态，不能认定为已经有稳定的共同生活。鉴于双方已经登记结婚，且刘某支付彩礼后双方有共同开销的情况，对该部分费用予以扣减。据此，法院酌情认定返还彩礼80万元。,2329,https://www.chinanews.com.cn/gn/2023/12-12/10126726.shtml,婚姻登记;结婚登记;婚姻;结婚;离婚;彩礼;婚约;恋爱;夫妻;婚礼
People.cn,2023-12-12,为方便受害人求助 澳大利亚家暴热线新增短信服务,人民网悉尼12月12日电 澳大利亚全国家庭暴力求助热线1800RESPECT近期新增了短信联系的选项，旨在让身处不安全环境、无法使用电话或上网的人也能方便地寻求帮助，澳大利亚社会服务部长阿曼达·里什沃斯和负责社会服务和预防家庭暴力的助理部长贾斯汀·埃利奥特于12月8日在堪培拉宣布。 1800RESPECT短信服务的号码为0458 737 732，将为家庭暴力和性暴力的受害者提供全年24小时的保密咨询和转介服务，目前仅提供英语服务。 1800RESPECT始于2010年。澳大利亚政府指出，近年来对1800RESPECT的需求不断增加，仅2020至2021年电话和在线请求就超过了28.6万次。 短信服务的试行阶段表明，该服务有效地帮助了一些因其他原因难以寻求帮助的幸存者。 除此之外，里什沃斯还宣布，明年将推出一项名为“视频服务”的新功能，需要心理援助的人可以通过视频与咨询师交流。她表示，“提供尽可能多的渠道，确保人们在获取信息时感到舒适，这一点非常重要。” 根据澳大利亚的“盘点死亡女性”倡议，2023年澳大利亚有58名妇女死于暴力。 澳大利亚总理安东尼·阿尔巴尼斯曾强调：“家庭暴力是国家灵魂的污点。” 澳大利亚自20世纪90年代开始就一直在改善和加强家庭暴力治理方面进行努力。政府提出了一系列应对计划，包括《打击家庭暴力伙伴关系战略》、《国家打击性侵犯倡议》、《妇女安全议程等》。 2010年，澳大利亚制定了《减少对妇女及其子女暴力行为的国家计划》。2020年，澳大利亚联邦政府宣布继续向2010年制定的《减少暴力侵害妇女及其子女行为国家计划》投入近3.28亿美元。这一系列举措体现了澳大利亚对家庭暴力问题的持续关注和努力改善的决心。 社会服务部长里什沃斯表示，“根据《2022-2032 年消除暴力侵害妇女儿童国家计划第一个行动计划》，各级政府承诺加强系统和服务，改变施暴者的行为，以保护受害者以及幸存者的安全和福祉。” 预防家庭暴力助理部长埃利奥特提出：“通过这些试验，澳大利亚正在解决肇事者的行为，追究男性的责任，并采取措施结束我国针对妇女和儿童的暴力行为。” 西澳大利亚州预防家庭暴力部长萨宾·温顿表示：“针对伴侣或家庭成员的暴力行为是不可接受的，肇事者应始终承担责任。暴力行为没有任何借口。”（实习生 谢泷祎）,966,http://australia.people.com.cn/n1/2023/1212/c408038-40137183.html,伴侣;家庭暴力;家暴
People.cn,2023-12-12,推进移风易俗 治理高额彩礼--社会・法治--人民网,本报北京12月11日电（记者靳昊）最高人民法院、民政部、全国妇联11日在京召开发布会，围绕“推进移风易俗 治理高额彩礼”介绍相关情况。 彩礼作为我国婚嫁领域的传统习俗，有着深厚的社会文化基础。但是，近年来部分地区的彩礼数额持续走高，攀比之风悄然蔓延，使一些家庭因彩礼背上了沉重经济负担，也给婚姻稳定埋下隐患。从司法实践看，涉彩礼纠纷案件数量近年来呈上升趋势。 发布会上，最高法发布了涉彩礼纠纷典型案例。最高法民一庭庭长陈宜芳介绍，本批典型案例聚焦共性问题，明确了处理涉彩礼纠纷的三项原则：一是明确严禁借婚姻索取财物。二是充分尊重民间习俗，以当地群众普遍认可为基础合理认定彩礼范围。三是坚持以问题为导向，充分考虑彩礼的目的性特征，斟酌共同生活时间、婚姻登记、孕育子女等不同因素在缔结婚姻这一根本目的实现上的比重，合理平衡双方当事人权益。 《最高人民法院关于审理涉彩礼纠纷案件适用法律问题的规定》同日发布，向社会公开征求意见。该司法解释强调了禁止以彩礼为名借婚姻索取财物的原则，并对彩礼的范围、返还的条件、当事人的确定等予以规范。 近年来，民政部以婚俗改革为抓手，扎实开展高额彩礼等婚俗陋习治理。民政部社会事务司司长王金华介绍，2020年，民政部先后分两批确定了32个全国婚俗改革实验区，指导各实验区在倡导简约适度婚俗礼仪、治理婚俗领域不正之风、培育文明健康婚俗理念等方面探索经验、打造样板。截至2023年11月，全国共创建各类实验单位1806家。 王金华表示，各地发挥党员干部示范带头和红白理事会、道德评议会等基层自治组织作用，用村规民约、家宴中心、合约食堂、红黑榜等措施，规范引导婚姻当事人抵制大操大办、随礼攀比、低俗婚闹等行为。目前，内蒙古、黑龙江、山东、四川等多地已公布彩礼、随礼等倡导性标准。 各地民政部门依托婚姻登记机关，与妇联等单位积极探索为婚姻当事人提供婚姻家庭辅导服务，2022年度婚姻登记机关办理离婚登记总数比2020年度下降43.79%。各地还通过公益创投、政府购买服务等方式，为当事人分类提供婚前辅导和婚姻家庭关系调适服务。目前，县级以上婚姻登记机关婚姻家庭辅导室覆盖率已接近90%。据统计，2023年各地已提供各类婚姻家庭辅导服务300多万人次。 全国妇联家庭和儿童工作部副部长何敏表示，全国妇联以实施“家家幸福安康工程”为总抓手，以寻找“最美家庭”活动为载体，推动形成家庭文明新风尚，引导广大家庭抵制高额彩礼，践行移风易俗。目前，寻找“最美家庭”活动已选树各级各类最美家庭近1500万户，其中包括一批婚事新办简办、“不要彩礼要幸福”的家庭典型。各地妇联将移风易俗纳入推荐文明家庭、五好家庭、绿色家庭、美丽庭院等标准，联合有关部门开展移风易俗群众推荐评议活动，评选“好媳妇”“好婆婆”“移风易俗示范户”。,1163,http://society.people.com.cn/n1/2023/1212/c1008-40136842.html,婚姻登记;婚姻;结婚;离婚;彩礼;婚俗;婚嫁
People.cn,2023-12-12,最高法发布涉彩礼纠纷典型案例,推进移风易俗，治理高额彩礼。最高人民法院联合民政部、全国妇联11日召开新闻发布会，发布人民法院涉彩礼纠纷典型案例，从源头上规范给付彩礼行为，以实际行动营造健康、节俭、文明的婚嫁新风。 发布的王某某与李某某离婚纠纷案等4件典型案例，聚焦人民法院审判实践中的共性问题，明确处理涉彩礼纠纷严禁借婚姻索取财物这一基本原则。最高人民法院民一庭庭长陈宜芳表示，人民法院充分尊重民间习俗，以当地群众普遍认可为基础合理认定彩礼范围。充分考虑彩礼的目的性特征，斟酌共同生活时间、婚姻登记、孕育子女等不同因素，合理平衡双方当事人权益。 “从司法实践反映的情况看，涉彩礼纠纷案件数量近年呈上升趋势。司法审判要立足社会现实，注重通过案件审判，引导人们向上向善向美，倡导建立以感情为基础的，平等、和睦、文明的婚姻家庭关系。”陈宜芳说，此次发布的4件典型案例均是结合当地经济社会发展情况，充分考虑共同生活时间长短、是否办理结婚登记、是否孕育子女等多重因素，较好地平衡了双方当事人的利益。我国地域辽阔，不同地区经济社会发展水平不同，即使在同一地区，不同家庭之间经济情况也可能存在较大差别，因此需要在个案中参考当地居民人均可支配收入、给付方家庭收入等事实具体认定。 “通过发布典型案例，进一步规范人民法院统一处理此类纠纷的裁判标准，加强以案释法，引导人民群众树立正确的婚恋观，倡导形成文明节俭的婚礼习俗。”陈宜芳介绍，最高法将继续聚焦涉彩礼纠纷的难点痛点堵点，就相关司法解释向社会公开征求意见，以进一步统一裁判标准，更好回应人民的新要求、新期待。（齐琪）,661,http://yn.people.com.cn/n2/2023/1212/c361322-40674662.html,婚姻登记;结婚登记;婚姻;结婚;离婚;婚恋;彩礼;婚嫁;婚礼
People.cn,2023-12-12,涉彩礼纠纷如何解决？最高法、民政部、全国妇联发布典型案例--社会・法治--人民网,人民网北京12月12日电 （高清扬、薄晨棣）双方未办理结婚登记却按当地习俗举办婚礼并共同生活，感情破裂后彩礼是否需要返还？“闪离”的情况下如何判定彩礼返还比例？彩礼返还数额需要扣减嫁妆数额吗？针对上述情况，11日，最高人民法院与民政部、全国妇联联合召开新闻发布会，发布四起人民法院涉彩礼纠纷典型案例。最高人民法院民一庭庭长陈宜芳在发布会上表示，司法审判既要依法保障妇女权益，也要考虑高额彩礼负担对给付彩礼一方生活的影响，妥善平衡双方利益。 案例一显示，王某某与李某某于2020年9月登记结婚，并给付18.8万元彩礼。李某某于2021年4月终止妊娠。王某某于2022年2月起诉离婚，并请求李某某返还彩礼18.8万元。 法院认为，共同生活时间长短应当作为确定彩礼是否返还以及返还比例的重要考量因素。该案中，双方共同生活仅一年多时间，给付方不存在明显过错，相对于其家庭收入来讲，彩礼数额过高，给付彩礼已造成较重的家庭负担，同时，考虑到终止妊娠对女方身体健康亦造成一定程度的损害等事实，酌定李某某返还彩礼款56400元，较好地平衡了双方当事人间的利益。 案例二显示，张某与赵某（女）未办理结婚登记，但已按当地习俗举行婚礼，赵某收到张某彩礼款16万元。两人以夫妻名义共同生活三年多并生育一子。后双方终止同居关系，张某起诉主张赵某返还80%彩礼，共计12.8万元。 法院认为，在处理涉彩礼返还纠纷时，就应当着重考虑共同生活以及孕育子女的事实。该案判决综合考量上述事实，对返还彩礼的诉讼请求不予支持，充分保护了妇女合法权益。 在案例三中，刘某与朱某（女）登记结婚，刘某向朱某银行账户转账一笔80万元并附言为“彩礼”，转账一笔26万元并附言为“五金”。后双方因纠纷协议离婚，婚姻关系存续不到三个月。刘某起诉请求朱某返还彩礼106万元。 法院认为，案涉26万元的“五金”款符合人民群众对彩礼的一般认知，可以认定为彩礼。同时，明确双方登记结婚后仍工作、居住在两地，并在筹备婚礼过程中，对于后续生活未形成一致规划，没有形成稳定的生活状态，不宜认定为已经共同生活。但是考虑到已经办理结婚登记、短暂同居经历对女方的影响、存在共同消费等事实，法院酌情认定返还彩礼80万元，妥善平衡了双方利益。 案例四显示，张某某与赵某某（女）经人介绍认识，双方于2022年4月定亲。张某某给付赵某某父母赵某和王某定亲礼36600元；2022年9月张某某向赵某某银行账户转账彩礼136600元。赵某某等购置价值1120元的嫁妆并放置在张某某处。双方未办理结婚登记，未举行结婚仪式。2022年9月，双方解除婚约后因彩礼返还问题发生争议，张某某起诉请求赵某某及其父母赵某、王某共同返还彩礼173200元。双方未办理结婚登记，未举行结婚仪式。 法院认为，双方未办理结婚登记，现有证据不足以证明张某某与赵某某持续、稳定地共同生活，张某某不存在明显过错，但在案证据也能证实赵某某为缔结婚姻亦有付出的事实，故案涉定亲礼、彩礼在扣除嫁妆后应予适当返还。 此外，根据中国传统习俗，缔结婚约及给付彩礼，一般由男女双方父母共同参与。因此，在婚约财产纠纷确定诉讼当事人时，亦应当考虑习惯做法。如果婚约当事人一方的父母给付或接收彩礼的，将其列为共同当事人，不仅符合习惯做法，也有助于查清案件事实。 据介绍，本批典型案例明确处理涉彩礼纠纷的三项原则：一是明确严禁借婚姻索取财物这一基本原则；二是充分尊重民间习俗，以当地群众普遍认可为基础合理认定彩礼范围；三是坚持以问题为导向，充分考虑彩礼的目的性特征，斟酌共同生活时间、婚姻登记、孕育子女等不同因素在缔结婚姻这一根本目的实现上的比重，合理平衡双方当事人权益。 陈宜芳表示，希望通过发布典型案例，进一步规范人民法院统一处理此类纠纷的裁判标准，加强以案释法，引导人民群众树立正确的婚恋观，倡导形成文明节俭的婚礼习俗。,1595,http://society.people.com.cn/n1/2023/1212/c1008-40136922.html,婚姻登记;结婚登记;婚姻;结婚;离婚;婚恋;彩礼;婚约;夫妻;婚礼
People.cn,2023-12-12,禁止以彩礼为名借婚姻索取财物,本报北京12月11日电 （记者魏哲哲）记者11日从最高人民法院获悉：为妥善审理涉彩礼纠纷案件，更好回应人民群众关切，《最高人民法院关于审理涉彩礼纠纷案件适用法律问题的规定（征求意见稿）》面向社会公开征求意见。征求意见稿强调了禁止以彩礼为名借婚姻索取财物的原则，并对彩礼的范围、返还的条件、当事人的确定等予以规范，以进一步统一裁判标准，更好地回应人民的新要求、新期待。 征求意见稿提出，人民法院在审理涉彩礼纠纷案件中，可以综合双方当地民间习俗、给付目的、给付的时间和方式、财物价值大小、给付人及接收人等因素，认定彩礼范围。 根据征求意见稿，双方已办理结婚登记且共同生活，离婚时一方请求返还按照习俗给付的彩礼的，人民法院一般不予支持。但是，如果共同生活时间较短且彩礼数额过高的，人民法院可以根据案件具体情况，综合考虑彩礼数额、共同生活时间、彩礼实际使用及嫁妆情况、有无孕育子女、双方过错等事实，结合当地习俗，确定是否返还以及返还的具体比例。判断彩礼数额是否过高，可以参考彩礼给付方所在地居民人均可支配收入、给付方家庭经济情况等事实，并结合当地习俗确定。 此外，对于未办理结婚登记但双方已共同生活，一方请求返还按照习俗给付的彩礼的，征求意见稿明确，人民法院应当根据共同生活时间、彩礼实际使用及嫁妆情况、有无孕育子女、双方过错等事实，结合当地习俗，确定是否返还以及返还的具体比例。 《 人民日报 》（ 2023年12月12日 13 版）,614,http://sc.people.com.cn/n2/2023/1212/c345167-40674427.html,结婚登记;婚姻;结婚;离婚;彩礼
China News Service,2023-12-13,搬开“天价彩礼”这块婚姻绊脚石,12月11日，最高人民法院发布《关于审理涉彩礼纠纷案件适用法律问题的规定(征求意见稿)》，并公布了4例涉彩礼纠纷典型案例，涵盖不同婚姻状况和时间长度，为解决彩礼纠纷案件，提供了明确的法律标准和依据。 结婚送彩礼是传统习俗，但近年来彩礼动辄十几万元乃至上百万元。涉彩礼纠纷案件随之大幅增加，多地甚至出现因彩礼返还问题引发的恶性刑事案件。“天价彩礼”背离了祝福的本意和婚姻的本质，不仅给给付方带来巨大经济压力，还可能影响家庭生活的安定，带坏社会风气。 大众对“天价彩礼”深恶痛绝，在纠纷时往往希望寻求法律途径解决，但法律规定确实存在一定的不足。过去，夫妻双方对彩礼有纠纷时，一般是按照《民法典》规定的情形进行处理。然而，现实生活中存在大量未办理结婚登记却按照当地习俗举办婚礼并共同生活，以及已办理结婚登记但共同生活时间较短等情况，彩礼是否返还以及如何返还成为难点，很多判决当事人并不满意，社会舆论也有困惑。 此次发布的典型案例和征求意见稿的核心精神可解读为：是否返还彩礼，应该看彩礼是否对实际婚姻生活起了作用，是否对缔结婚约产生影响。比如其中一例典型案例，双方当事人婚姻关系存续不到3个月，其间工作、生活在不同的城市。男方支付了106万元彩礼，但尚未形成完整的家庭共同体和稳定的生活状态，不能认定为已经有稳定的共同生活，法院最终判决返还80万元。征求意见稿和案例判决充分照顾到传统习俗，也明确禁止以彩礼为名借婚姻索取财物，最大程度做到了公平合理。 彩礼姓彩不姓财，在礼不在金，而是为了彰显婚约双方的礼节和情义。真正让“天价彩礼”降温，关键还在社会观念的革新。现实生活中很多家庭因为“天价彩礼”被迫举债度日；有的年轻人因为彩礼被迫分手；有的女方因为彩礼而在新家庭委曲求全，更有不少家庭因为彩礼问题爆发矛盾。凡此种种，恰恰说明高额彩礼并不能保障婚姻稳定；过分重视彩礼金额、忽略感情基础反而给婚姻家庭的和谐稳定埋下隐患。 多年来，国家大力倡导移风易俗。打击婚俗陋习，就是为了从源头治理，引导树立正确的婚恋观。2020年5月，民政部印发《关于开展婚俗改革试点工作的指导意见》，指出要开展对天价彩礼、铺张浪费、低俗婚闹、随礼攀比等不正之风的整治，确定了15个全国婚俗改革实验区，大力倡导低彩礼、零彩礼。中央一号文件也连续3年点名高价彩礼。 让婚姻始于爱，让彩礼归于礼。为整治高额彩礼提供法律支撑，以移风易俗之力搬开“天价彩礼”这块绊脚石，都是为爱减负，为每对夫妇的共同生活开一个好头。（北京晚报） 【,1043,https://www.chinanews.com.cn/sh/2023/12-13/10127603.shtml,结婚登记;高价彩礼;天价彩礼;婚姻;结婚;婚恋;彩礼;婚俗;婚约;夫妻;婚礼
People.cn,2023-12-13,人民热评：不要让高额彩礼成为幸福的“紧箍咒”--观点--人民网,近日，最高人民法院、民政部、全国妇联联合举行“推进移风易俗治理高额彩礼”新闻发布会，发布涉彩礼纠纷典型案例。同日，《最高人民法院关于审理涉彩礼纠纷案件适用法律问题的规定（征求意见稿）》也正式公布，向社会公开征求意见。 彩礼源于我国古代婚姻习俗中的“六礼”，有着深厚的社会文化基础，在古代一直被认为是判定婚约关系存在的重要物证。出于对传统习俗的尊重，娶亲纳征也是人之常情，无可厚非。但是，在当下的不少地区，彩礼却发展为虚荣攀升、明码标价的“爱情买卖”，这既让原本纯粹的婚姻变得“想说爱你不再容易”，也给部分家庭造成了经济负担，甚至还会给未来的婚姻幸福与家庭稳定埋下隐患。从司法实践来看，近年来涉彩礼纠纷案件数量呈不断上升的趋势，部分地区还出现因彩礼返还问题引发的恶性刑事案件，亟待从法律层面来正本清源。 其实，新中国第一部《婚姻法》就明确禁止借婚姻索取财物的行为。进一步来说，婚姻的缔结应当在基于个体独立的自由意志基础上，最大地回归双方的情感价值，传统婚姻中彩礼对婚姻成立的担保价值不复存在，彩礼应当回归到其仪式性的价值定位上。本次发布会上，最高人民法院再次明确涉彩礼纠纷“严禁借婚姻索取财物”的基本原则。 不过，问题的难点在于，彩礼在婚姻过程中并非如同“索取财物”那么清晰可辨的。现实当中，各地区、各家庭情况千差万别，彩礼的收受情况也非常复杂，既有婚约当事人直接接收的，也有婚约当事人父母接收的；彩礼的去向也呈现大相径庭，既有将彩礼作为嫁妆一部分返还的，也有全部返回给婚约当事人作为新家庭生活启动资金的，还有的由接收彩礼一方父母另作他用。至于“闪婚”“闪离”，以及未办理结婚登记但已经共同生活情况后引发的涉彩礼纠纷，情况更是复杂得“剪不断、理还乱”。 这次发布会公布的《人民法院涉彩礼纠纷典型案例》，明确了案件的裁判结果和判决依据。但，如果不从根本上移风易俗治理好高额彩礼问题，涉彩礼纠纷就会层出不穷、接二连三，“按下葫芦浮起瓢”。这也是“中央一号文件”2021年以来连续三年对治理高额彩礼、移风易俗提出工作要求的重要原因之一。 恰如最高人民法院民一庭庭长陈宜芳在发布会上所言，“通过处理大量纠纷可以看出，高额彩礼并不是保障家庭幸福的秘笈，反而可能成为矛盾纠纷的导火索，甚至容易引发两个家庭之间的对立、矛盾和冲突，影响社会和谐稳定。”简单来说，高额彩礼不是婚姻的“护身符”，反而有可能成为幸福的“紧箍咒”。 在这个意义上，有关高额彩礼的讨论不如回归到我国婚姻立法的婚姻自由的基本原则上，让婚姻归婚姻，彩礼归彩礼，让彩礼的价值回归到仪式性的价值定位上。,1075,http://opinion.people.com.cn/n1/2023/1213/c436867-40137987.html,结婚登记;婚姻;结婚;彩礼;婚约;闪婚
People.cn,2023-12-14,江西宜黄：拒高额彩礼 扬婚嫁新风,近日，江西省宜黄县黄陂镇港南村村民刘桂兰低彩礼嫁女儿的事情被当地传为美谈，当地村民津津乐道，纷纷称赞她能摒弃陋习、杜绝攀比，引领新风尚。“只要孩子们幸福，彩礼多少都不打紧，特别是人大代表罗贤文多次跟我宣讲，要转变思想，要拒绝‘天价’彩礼。”面对村民的称赞，刘桂兰坦言道，不给对方家庭压力，双方家庭相处才能更加和谐愉快，在尊重习俗的同时，又倡导了文明新风。 据了解，为引导村民转变思想，营造和谐家庭氛围，黄陂镇大力开展移风易俗倡导活动，黄陂镇人大紧扣镇中心工作，组织人大代表走在活动前列，大力倡导扭转攀比之心、拒绝高额彩礼。 当好移风易俗宣传员。充分发挥人大代表来自基层、亲近村民的优势，大力开展移风易俗宣传活动，组织人大代表在各村组张贴宣传标语，进村入户发放移风易俗宣传单，通过宣讲政策、摆事实、讲道理，回村民顾虑、解村民疑惑，让村民从思想上认识到高额彩礼的不可取，攀比之心的危害，让村民在尊重风俗的同时，倡导新文明，引领新风尚。 当好移风易俗带头人。根据每名人大代表联系5名选民的工作动态，充分发挥人大代表与选民常沟通、常联系的亲近优势，人大代表带头签订拒绝高额彩礼倡议书，用实际行动引导联系选民，随着选民的思想转变，并通过他们的宣传和倡导，让更多的村民参与到移风易俗工作中来，民风民俗得到进一步优化。 当好移风易俗排头兵。对一部分思想固执，不理解、不参与到移风易俗工作中来的村民，人大代表与镇村干部共同努力，采取结对引导模式，每名人大代表结对一到两名村民。代表们反复上户、不厌其烦宣讲政策，并通过身边的事例，讲高彩礼给村民带来的沉重经济负担，攀比带来的各种社会乱象。经过不懈努力，让更多村民都自觉参与到拒绝高额彩礼的移风易俗工作中来。（罗春英、尹文兵）,728,http://jx.people.com.cn/n2/2023/1214/c186330-40678101.html,彩礼;婚嫁
China News Service,2023-12-15,（神州写真）“结婚登报”悄然兴起 都市年轻人演绎“新型浪漫”,中新社 福州12月15日电 题：“结婚登报”悄然兴起 都市年轻人演绎“新型浪漫” “喜今日赤绳系定，珠联璧合。卜他年白头永偕。桂馥兰馨，此证。”“愿白首偕老，永结同心。特此登报告知以作纪念。”“同心同德，宜室宜家。永结俦鸯，共盟鸳蝶。特此登报，敬告亲友，亦作留念。”…… 每到岁末年初，又是婚庆市场的一波旺季，“结婚登报”悄然流行，被年轻人称为“新型浪漫”。 中新社 记者梳理发现，福建、湖北、河北、广东等多地皆有新人通过“登报”方式“官宣”结婚。 “登报花了270元(人民币，下同)，打算把这份报纸装裱起来，永久保存下去。”12月2日，福建省福州市一对新人通过《福州晚报》“官宣”喜讯。新娘林小姐说，能将结婚消息刊登在本地主流媒体上，“是一份独属于我与他的浪漫”。 在福州“90后”张玮祎看来，“结婚登报”就是夫妻二人不用担心世俗纷扰，以自己喜欢的方式完成“人生大事”。 “这是件好事，也是婚事新办、移风易俗的好做法，既花不了多少钱，又很有纪念意义。”福州市婚姻服务业协会会长、福建省家庭服务业协会两岸婚姻家庭专业委员会主任冯发鹏认为，“结婚登报”对新人来说具有纪念意义和收藏价值。 近年来，中国多地积极倡导喜事新办，塑造文明婚俗新风尚，引导适婚青年树立正确的婚姻观、家庭观，以文明新风见证幸福。除了“结婚登报”，旅行结婚也受到越来越多年轻人热捧。 张玮祎认为，选择旅行结婚不意味着不重视婚姻的意义和价值，相反，它可以让夫妻双方更深入地了解彼此，体验到亲密无间的浪漫和感情。 当代年轻人的“新型浪漫”不仅于此。记者在多个网络社交平台上发现，“沙滩代写”“雪地代写”等也成为时下年轻人追求的“浪漫”之一，已然成为一种商机，价格从五元到几十元不等。 出生于山东青岛的“95后”商令发2016年便发现了这一商机，在“闲鱼”平台上发布“雪地代写”服务。他说，灵感来源于南方的朋友叫其在下雪天代写祝福语，“可惜地理位置不是很好，我们这边下雪很少”。 对于在黑龙江黑河的“蛋糕”(化名)来说，“下雪”却是司空见惯。“网友下单，我作画。”她告诉记者，很多南方人没见过雪，自己又是美术生，感觉在纸上画没有新意，她便衍生了在雪地上画画、代写祝福语的想法。“他们反馈说画得可爱，我自己开心，收到礼物的人也会觉得对方在乎他(她)。” “浪漫经济”火力全开，都市年轻人口中的“新型浪漫”也有对自己“爱的告白”。 作为一个“宝妈”，詹灿英深知女性的敏感与感性，特别是在育儿方面希望“尽善尽美”，容易造成心理负担。所以，她与女性朋友柯颖在福州发起了“‘嫁给自己’集体婚礼”。她说，这一“集体婚礼”将于来年春天举行。 “爱己者，人恒爱之。”詹灿英表示，这不仅是一个商机，也是女性之间的互帮互助，希望透过类似的活动给予已婚或是未婚的女性同胞以爱的支持与鼓励，让她们在生活中爱自己，从而再去爱他人，更好地处理个人与家庭、社会的关系。(完),1203,https://www.chinanews.com.cn/sh/2023/12-15/10128920.shtml,婚姻;结婚;婚俗;适婚;夫妻;婚礼
People.cn,2023-12-15,哈尔滨市平房区实现“法律+婚姻家庭辅导联系点”街镇中心社区（村）全覆盖,为贯彻落实民政部《关于开展婚俗改革试点工作的指导意见》精神，推进婚俗改革向纵深发展，平房区积极探索婚姻家庭辅导工作新路径，成立平房区法律+婚姻家庭辅导工作室，同步实现九街一镇中心社区（村）“法律+婚姻家庭辅导联系点”全覆盖。 平房区法律+婚姻家庭辅导工作室的成立，以及九街一镇中心社区（村）“法律+婚姻家庭辅导联系点”的设立，为平房区创新法治化基层治理提供有效路径。每周五在婚姻登记大厅设置服务窗口，根据群众实际情况“一对一”“面对面”提供家事纠纷过程中的法律咨询、法律意见及法律服务方案，更好地传承和发扬中华优秀婚姻家庭文化，引导社区居民运用法治思维更好地处理婚姻家庭关系，以婚姻家庭幸福促进社会稳定和谐，全天候、无缝式、亲情化服务于民、服务到民，促进社会和谐稳定。,334,http://hlj.people.com.cn/n2/2023/1215/c220005-40679480.html,婚姻登记;婚姻;婚俗
People.cn,2023-12-15,福建龙岩：让彩礼“减负” 为幸福“加分”--社会・法治--人民网,2021年以来，“中央一号文件”连续三年对治理高额彩礼、移风易俗提出工作要求。 如何为爱“减负”，破解“高价彩礼”治理难题？福建省龙岩市两级法院坚持和发展新时代“枫桥经验”，积极构建“五联四化”诉源治理体系，深化“一村（居）一法官”工作机制，发挥源头治理、审判引领作用，近三年来共化解涉彩礼纠纷161件，努力让婚俗回归本心、让婚姻回归本质。 大兴调查研究之风，要深耕基层实际。龙岩法院将司法服务向前延伸，为龙岩市每个乡村、社区挂钩一名法官或法官助理，作为村居、社区的民情调查员、法律服务员、解纷指导员，被群众亲切地称为“村居法官”。目前，有361名“村居法官”活跃在龙岩市133个乡镇1955个村（居），实现了市域全覆盖。 依托“村居法官”贴近群众的优势，龙岩法院针对高价彩礼纠纷情况，制定以“庭前调查摸底、庭中调查诊断、庭后调查修复、庭外调查预防”为主的“四调查”工作机制，推进移风易俗工作。 “为了结婚，我给了小兰一家23万元彩礼，这23万元在我们农村种田、打工要多少年才能存到？”家住上杭县南阳镇的龚某向上杭县人民法院才溪人民法庭庭长张静激动地说道。 当初为了结婚，龚某在家庭经济较困难的情况下，不惜借钱。结果，二人婚后不到一年，小兰因精神异常住院治疗。龚某这才发现小兰多年前便患有精神疾病，遂诉至才溪法庭，要求撤销婚姻，并返还23万元彩礼。 “双方结婚时约定的聘金23万，或许和一些人比，并不算真正的天价，但这笔聘金对于农村家庭而言，无疑是一笔不小的开支！”在“村居法官”开展民情调查时，当事人的邻居感同身受地说。 没有调查，就没有发言权。通过倾听百姓的声音，法官才能掌握彩礼纠纷的成因，更好地引导双方当事人解开矛盾症结。 在龚某与小兰返还彩礼纠纷一案中，法官围绕彩礼正常范围该是多少、婚前是否存在隐瞒情形、婚后双方是否共同生活等情况深入村居开展调查，弱化了纠纷双方争议，最终促成小兰家人同意在扣除筹办婚礼等花费后，将部分彩礼返还，妥善化解了纠纷。 结婚彩礼高、离婚时对立情绪大、矛盾容易激化……如何让彩礼回归“礼”的本质，需要社会参与、多方合力。龙岩全市法院紧紧围绕“联动”做文章，以“基层法官、人大代表、政协委员、村居干部、调解员”五大工作主体的联动，推进“法治化、社会化、专业化、智能化”深度融合，着力让解纷力量拧成一股绳，促进社会治理体系更加完善。 “要不是有法院、司法所这么多部门的帮助，我都不知道怎么办了。”家住龙岩市连城县的村民项某在连城县人民法院法官江爱香回访时说道。 去年年初，项某与林某按农村习俗举办婚礼并支付彩礼。后在共同生活中，双方常因琐事争吵，最终均同意离婚。但结婚时付出的高额彩礼，让项某心生不甘，于是找到村干部进行咨询。 “你主动把纠纷告诉我是对的，现在新成立的‘解纷联盟’有法官、有镇村干部、有我们村德高望重的长者，我们会一起解决这个纠纷。”村干部的一席话给了项某一颗定心丸。 正如村干部所言，连城法院联合人大、政协、司法所等部门组成“解纷联盟”，充分联动人大代表、政协委员、村居干部、调解员等“身份公信”“专业公信”，在推进“法治化、社会化、专业化、智能化”深度融合的过程中持续发力，从源头上预防和减少矛盾纠纷的产生，切实把推动建设“无讼乡村”“平安村镇”的履职效能转化为践行司法为民理念的生动实践。 “村居法官”、人大代表、村干部针对项某和林某在离婚时提出高额彩礼返还的问题，结合民法典有关规定和高额彩礼对当事人生活产生的影响，进行充分的释法说理，引导双方当事人换位思考，让双方对彩礼树立正确的认识，最终各退一步，使得纠纷圆满解决。 “建议指导修订村规民约，限定彩礼聘金数额”“代表委员是村里有名望的人，必须带头移风易俗”“法庭要发挥前沿阵地作用，主动靠前服务，强化普法宣传”……在如何做好农村诉源治理意见征求会上，来自基层“原汁原味”的金点子，为高价彩礼问题治理提供了源头活水。 办理一案，治理一片。龙岩全市法院结合办理彩礼返还纠纷中的问题，开展“数助治理”实证分析，建议相关部门和乡镇开展村规民约完善工作。同时，法院以日常联络、巡回审判、随案随访等形式与各村建立密切联系，因地制宜，提出相关修改建议14条，指导45个村将“倡导聘金彩礼不超过5万元，随礼不超过300元”纳入到村规民约中。从村规民约制定的初衷、法律的规定以及善良风俗等方面对涉案当事人动之以情、晓之以理，倡导当事人争做新时代文明乡风践行者。 “以前订婚要逢人发红包，结婚要彩礼、三金，办酒席更是好酒好菜，现在大家观念变了，越是文明风尚就越是通情达理的表现……”对比这几年结婚花费的变化，长汀县的涂先生感受很深。 法院巾帼志愿服务队、青年文明服务队通过走村入户、集镇圩天摆摊设点、发放倡议书、签订承诺书等形式，将梳理的涉彩礼纠纷典型案例和制作的移风易俗宣传册向农村群众推广，形成浓厚宣传舆论氛围，引导村民破除陋习，抵制天价彩礼，树立新风正气。 这些一点一滴的变化，体现了龙岩法院司法为民的初心，以源头治理、裁判引领，让文明之花绽放在闽西红色沃土之上。（林成龙 林泰良）,2089,http://society.people.com.cn/n1/2023/1215/c1008-40139648.html,高价彩礼;天价彩礼;婚姻;结婚;离婚;彩礼;婚俗;婚礼
People.cn,2023-12-16,最高法院明确彩礼判准：让爱在法治的目光中飞翔--社会・法治--人民网,12月11日，最高人民法院、民政部、全国妇联联合举行新闻发布会，发布涉彩礼纠纷典型案例，并就相关司法解释向社会公开征求意见。四个案例聚焦彩礼返还热点话题，以更加清晰明确的尺度，直面“家事难断”挑战的担当，为家减负，让爱飞翔。 本次发布中，既充分尊重习俗、又合理移风易俗是最突出的思路。彩礼在我国婚俗传统中具有悠久的历史，饱含着对新人鸾凤和鸣的祝愿，并随着社会发展不断扩充新的内涵。但在部分地区，有些家庭借彩礼炫耀攀比，有些父母将彩礼视为子女嫁娶的“对价”。节节走高的彩礼金额为婚姻增添了不能承受之重，更成为当前婚恋领域的主要舆论关切。坦率地说，用统一的规则对彩礼进行规范存在困难之处，需要在彩礼给付的主观意愿、地方风俗习惯以及文明健康的价值导向间取得平衡。而涉及彩礼的司法个案大多具有高度的语境化色彩，很难脱离具体的案情和环境因素进行评价。但是，推进移风易俗是实现公平正义的应有之义，社会迫切需要由浸润着正确价值关怀的司法裁判提供指引。为此，司法机关在审慎研究的基础上，从富有实践活力的判例中提取出若干“公因式”，在坚持“严禁借婚姻索取财物”这一基本原则的同时，将司法裁判与群众的普遍认识相协调。这就确保了裁判方向与人民意愿、现实需求相贴合，为社会成员建构家庭与人生提供了符合合理期待的法治图景。 通观四个案例，“共同生活”是最鲜明的主题。针对情感关系解体后彩礼如何返还的问题，此前司法解释已经以婚姻登记、共同生活、对生活影响程度等因素相结合的方式作出了规定。但是，在典型模式之外，变动不居的社会发展催生了灵活多样的婚恋生活方式，并对司法调整提出了新的要求。本次发布的四个案例中，“共同生活”在三例里成为决定判决走向的关键因素。相关案例以是否登记、共同生活为区分，涵盖了婚姻关系的三种不同情形，突出了共同生活在判断彩礼返还中的关键作用，体现了人民法院对于社会关系实质的敏锐把握，更推动了婚姻价值向着和衷共济的文化传统回归。 最后，在具体案件中实现利益平衡保护是最持久的承诺。典型案例及征求意见稿都表明，仅凭是否具备登记的形式条件以及共同生活的实质条件，仍不能为彩礼返还提供“万能标尺”。彩礼数额及使用、嫁妆情况、孕育子女情况、双方过错情况都是必须考虑的法律推理要素。而婚约双方当事人的父母可以作为原、被告参与诉讼的规定，更凸显了法律关系的缠结是如何复杂，拨开家长里短的迷雾、准确适用法律是何等艰难。令人欣慰的是，典型案例从不同方面展示了人民法院周全的审理思路与细致的工作态度。在案例一中，法院结合当地经济生活水平及男方家庭情况，明确认定18.8万元彩礼数额过高，又综合女方曾有终止妊娠等事实，对具体返还数额进行了合理调整。在案例三中，法院不拘泥于“彩礼”的文字表述，结合案款性质认定备注为“五金”的26万元转账属于彩礼，又考量婚礼筹备、共同旅游、亲友往来等因素酌情认定返还金额。这些都展示了人民法院如何在彩礼问题的众声喧哗中体察而不偏袒、兼听而不盲从，在纷乱的案件事实里保持着条分缕析、分清是非的定力。 在各个法律领域中，家事法向来具有民族性、历史性、本土性特点，也最能考验司法人员的实践智慧。我们不妨将最高审判机关的发布活动视作管窥未来的窗口：无论几多风雨，总有法律相扶。在公平正义的守望下，爱与家庭将是每个人永远的港湾。（苏航）,1366,http://society.people.com.cn/n1/2023/1216/c1008-40140327.html,婚姻登记;婚姻;婚恋;彩礼;婚俗;婚约;婚礼
People.cn,2023-12-16,男子要求同居女友返还8.8万彩礼钱 法院酌情判令：返还40000元,日前，成都市青羊法院就审结了这样一起彩礼退还纠纷案件。 2019年初，男孩小伟与女孩小春经互联网认识。不久后双方确认恋爱关系。2019年6月初，小伟来到成都与小春开始同居生活。2021年3月中旬，小伟提出与小春结婚的想法，小伟父亲通过微信向小春母亲转账支付彩礼共计8万元。后小伟父母又以现金方式支付8000元彩礼。 2022年初，小伟与小春因生活琐事发生纠纷，后矛盾不断升级，两人于2022年2月正式分手。 小伟提出向小春支付彩礼后，双方并未办理结婚登记，要求全额返还彩礼。但小春以此笔费用用于与小伟生活期间开支以及偿还同居生活期间共同开支欠下的信用卡债务为由拒绝退还彩礼。因而男孩小伟作为原告起诉女孩小春至成都市青羊法院。 法院审理认为，婚约是男女双方以将来结婚为目的所作的事先约定，给付订婚彩礼是形成婚约关系的表现形式，但禁止男女一方借婚姻索取财物。 本案中原被告双方当事人尚未办理结婚登记手续，双方现已分手，导致婚约无法得到实际履行，根据最高人民法院关于适用《中华人民共和国民法典》婚姻家庭编的解释（一）第五条规定，收取彩礼一方应当将彩礼予以退还。 原告小伟主张其在同居期间也有支付房屋租金以及其他共同生活支出，但未提交证据证明，法院不予采信。 考虑到双方未能办理结婚证，主要系原告个人原因，且双方实际共同生活已近3年，加之被告在双方同居期间承担了较多的共同生活支出，故法院酌情判令由被告小春返还原告40000元。 关于返还彩礼条件，《最高人民法院关于适用婚姻家庭编的解释（一）》规定了三种可返还情形，包括：未办理结婚登记、已办理结婚登记但确未共同生活以及彩礼给付导致给付人生活困难。 成都青羊法院法官解释：当前，涉及彩礼返还纠纷比较多的有两种。一种是“闪离”，还有一种是未办理结婚登记但已经共同生活的。在决定彩礼是否返还时，是以当事人是否缔结婚姻关系为主要判断依据。给付彩礼后未缔结婚姻关系的，原则上收受彩礼一方应当返还彩礼。给付彩礼后如果已经结婚的，原则上彩礼不予返还，只是在一些特殊情形下才支持当事人的返还请求。返还彩礼范围要根据已给付彩礼的使用情况，是否在男女双方共同生活中发生了必要的消耗，婚姻关系或同居关系存续期间的长短等具体事实综合把握。处理方式上也应当灵活运用，特别是彩礼已转化为共同生活的财产时，可将彩礼的返还与分割共同财产一并考虑。,979,http://sc.people.com.cn/n2/2023/1216/c345167-40680605.html,结婚登记;婚姻;结婚;彩礼;婚约;恋爱
CCTV,2023-12-20,重庆彭水县一疑似智障女子与五旬男子登记结婚？官方通报,央视网消息： 12月26日，“彭水民政”公众号发布《关于网传我县残疾人吕某办理结婚登记有关情况的通报》。全文如下： 近日，我县残疾人吕某办理结婚登记一事引发网上关注，我局会同妇联、残联等单位迅即组建工作专班对吕某本人、亲属和邻居进行走访调查。 据初步了解，吕某（女，彭水保家镇人），从小因生长发育异常，行动不便，存在语言功能障碍，有一定的自理能力。2023年1月25日，吕某经人介绍与未婚的张某（男，彭水乔梓乡人）认识，经过一段时间的相处，在张某的照料下吕某的身体和生活状况逐步向好，吕某本人、亲属和邻居认为张某对待吕某较好，男女双方及家人均感到满意。2023年12月20日，吕某在其家人和爱心人士的陪同下，同张某到县婚姻登记处办理结婚登记手续。在办理结婚登记的过程中，针对吕某的特殊情况，工作人员多次询问吕某是否愿意与张某共同生活并登记结婚，在吕某明确点头表示同意的情况下，工作人员为其办理了结婚证。长期无私帮助吕某的爱心人士梁某和张某也全程见证了办证过程，对双方结婚感到很欣慰。同时还了解到，吕某和张某按规定享受了农村低保及残疾人相关政策帮扶，生活有保障。,480,https://news.cctv.com/2023/12/26/ARTInIWRl8m2m8A3hFhVo5Gt231226.shtml,婚姻登记;结婚登记;婚姻;结婚
People.cn,2023-12-21,关关说事 | 婚内一方借款 离婚后债务由谁偿还？看看判决找答案！,张某与李某夫妻关系破裂欲离婚，婚姻关系存续期间债务如何认定？关关为您详细解读。 张某与李某系夫妻，婚后夫妻关系不和，张某便诉至法院要求离婚。李某同意离婚，但提出：结婚后自己向王某借款150万元，该债务属于夫妻共同债务，张某应对债务承担连带清偿责任。张某称自己对借款无所知，该借款未用于家庭生活，其不应承担清偿责任。 《民法典》第一千零六十四条规定：夫妻双方共同签名或者夫妻一方事后追认等共同意思表示所负的债务，以及夫妻一方在婚姻关系存续期间以个人名义为家庭日常生活需要所负的债务，属于夫妻共同债务。 法院认为，李某主张该债务系夫妻共同债务，但未举证证明所借款项用于夫妻共同生活，张某提供的证据可以证明在借款之时双方已分居，自己的收入足以支付家里生活，在案涉债务有关时期，家庭亦无特殊支出。通过张某提交的近三年家庭账目，亦未显示该借款曾用于家庭生活。因此，应认定李某向王某所借债务为其个人债务。 夫妻一方在婚姻关系存续期间以个人名义超出家定日常生活需要所负的债务，不属于夫妻共同债务；但是，债权人能够证明该债务用于夫妻共同生活、共同生产经营或者基于夫妻双方共同意思表示的除外。 为了保护夫妻双方的利益，防止将夫妻个人债务错误地认定为夫妻共同债务，《民法典》吸收《最高人民法院关于审理涉及夫妻债务纠纷案件适用法律有关问题的解释》的规定，确立了夫妻共同债务的认定标准为：一是“共签共债”，即双方共同意思表示确认或追认的是共同债务；二是“共需共债”，即为家庭日常生活需要所负债务为共同债务；三是“共用共债”，借款用于夫妻共同生活、共同生产经营的债务也为共同债务。 除以上三种情形外，以个人名义超出家庭日常生活需要的债务推定为个人债务，如债权人主张是共同债务，应承担相应的举证责任。,736,http://jl.people.com.cn/n2/2023/1221/c349771-40686666.html,婚姻;结婚;离婚;夫妻
People.cn,2023-12-21,治理高额彩礼需要严紧细实（纵横）,为贯彻落实推进移风易俗和高额彩礼专项治理要求，12月11日，最高法、民政部、全国妇联联合举行“推进移风易俗 治理高额彩礼”新闻发布会，发布涉彩礼纠纷典型案例，明确审理原则。当日，最高法还发布了《关于审理涉彩礼纠纷案件适用法律问题的规定（征求意见稿）》，进一步统一裁判标准。 “禁止以彩礼为名借婚姻索取财物。”此次3部门的回应及征求意见稿的发布，规范了彩礼相关内容并设定了统一裁判标准，回应了人民群众的新要求、新期待，对于树立优良家风，弘扬家庭美德，引导社会形成文明风尚具有重要意义。 彩礼作为我国古代婚姻习俗中的“六礼”之一，本是男女双方缔结婚姻的重要象征，蕴含着对未来婚姻生活的美好祝愿。但近些年来，随着高额彩礼的“肆意横行”，彩礼的本意被曲解，因彩礼产生的纠纷案件不断增多，不仅触及社会公序良俗底线，更有甚者违反法律法规，引发恶性刑事案件。 为遏制高额彩礼不良风气，2019年发布的《关于进一步推进移风易俗建设文明乡风的指导意见》明确要求，对乡村社会利用婚丧嫁娶敛财等违法犯罪行为进行重点整治；2021年以来，中央一号文件又连续3年对治理高额彩礼、移风易俗提出工作要求……从这些举措能够看到，治理高额彩礼已经从“大声疾呼”走向积极行动。从中央到地方，各类文件、意见、工作方案相继出炉，诸多安排部署都明确要求治理高额彩礼。从社会效果看，抵制高额彩礼正深入人心，并且成为许多青年男女的自发选择。 如今，3部门主动回应社会关切，通过以案释法破解高额彩礼治理这一痼疾，统一类似纠纷案件法律适用，明确处理涉彩礼纠纷原则，释放出以公平原则平衡各方利益的信号。 面对一个久已存在且成因复杂的社会治理难题，只有严紧细实、综合施策，才能积小功成大胜。一方面，各部门要进一步形成合力，强化彩礼前端治理，全面推行婚俗改革，加强高额彩礼治理力度，大力宣传文明新风，让人人都参与进来；另一方面，瞄准深层次原因，从就业、民生、乡风塑造、示范引领等方面多措并举、综合发力，把高额彩礼的生存土壤清除干净。 《 人民日报 》（ 2023年12月21日 第 06 版）,868,http://sd.people.com.cn/n2/2023/1221/c386784-40686670.html,婚姻;结婚;彩礼;婚俗
People.cn,2023-12-22,关关说事 | 父母未离婚，未成年子女能否向未履行抚养义务的一方主张抚养费？,父母未离婚，但一方不履行抚养义务怎么办？关关带您回顾案情。 刘某与安某于2008年登记结婚，2010年生育一子安小某。2012年双方因琐事发生矛盾，刘某带安小某回娘家居住。之后，安某与刘某虽然未能和好，但未离婚。安小某一直随刘某生活，安某对安小某的生活不闻不问。后安小某诉至法院，要求安某支付抚养费。 《中华人民共和国民法典》第二十六条第一款规定：父母对未成年子女负有抚养、教育和保护的义务。第一千零六十七条第一款规定：父母不履行抚养义务的，未成年子女或者不能独立生活的成年子女，有要求父母给付抚养费的权利。 法院判决认为，父母对子女负有抚养教育的义务。婚姻关系存续期间，父母双方或者一方拒不履行抚养子女义务的，未成年子女请求支付相应抚养费的，应予支持。安某认可自2012年开始未支付安小某抚养费，故判决支持安小某的诉讼请求。 父母对未成年子女的抚养义务是法定的。司法实践中，父母离婚后一方不履行抚养义务的情形居多，像本案父母未离婚一方不履行抚养义务的情形也是存在的。 《中华人民共和国民法典》从保护未成年子女的利益出发，明确规定婚姻关系存续期间，父母拒不履行抚养子女义务的，未成年子女或者不能独立生活的成年子女亦有权请求支付抚养费，为未成年子女撑起了成长的法律“保护伞”。,537,http://jl.people.com.cn/n2/2023/1222/c349771-40687868.html,婚姻;结婚;离婚
People.cn,2023-12-25,贵州凤冈：“十二字”巧解家庭婚恋纠纷,贵州省遵义市凤冈县土溪司法所运用“精准排查、高效化解、预防教育”十二字工作法，化解家庭婚恋纠纷。 推行“党政统筹、司法组织、全员参与”模式，开展家庭婚恋纠纷排查核实。由司法所牵头组织成立专班，分区域包保网格，指导网格员和联户长开展矛盾纠纷摸排工作，网格员包保联户长，督导联户长开展摸排工作，联户长发挥人熟地熟优势摸排信息。联户长每季度开展一次以上入户大排查，司法所联合村（社区）跟踪回访已调处纠纷，并组织调解员发动老党员、退休干部等积极分子，及时反馈周边矛盾纠纷信息并协助化解。在汇总摸排信息的基础上，逐案分析研判，分级分类建立台账，实行台账式管理、清单式销账，与各职能部门共享信息，助力化解工作。 当好情感员，注重运用心理学技巧，站在当事人角度纾解情绪，倾听诉求，深入了解纠纷过程，与当事人共同商讨研究解决方案。 当好分析员，注重运用心理学技巧建立有效沟通，让当事人双方明晰纠纷诱因，解析双方疑难、展望未来，找准突破口。 当好普法员，注重运用法律专长开展法律法规解惑，普及与纠纷有关的法律法规，用法律法规分析问题、化解矛盾，用专业方式为化解纠纷赋能。 建立镇级公共法律服务工作站和村（社区）公共法律服务工作室，将人民调解、法律援助、法律咨询、法治宣传等整合成为“一站式”的公共法律服务。 组织人民调解员、法律顾问、“法律明白人”为家庭婚恋纠纷当事人提供法律咨询、疏导化解等服务；建立土溪镇法律服务工作者结对服务机制，由工作者对口服务纠纷当事人。利用法治文化阵地、网络媒体向群众宣传有关家庭婚恋法律法规，邀请法律顾问开展专题法治讲座，开展多形式宣传教育，坚持从源头预防家庭婚恋纠纷的发生。（贵州省司法厅）,702,http://gz.people.com.cn/n2/2023/1225/c396833-40690967.html,婚恋
CCTV,2023-12-26,重庆一疑似智障女子与五旬男子登记结婚？妇联回应,近日，网传重庆彭水县一名疑似智力有障碍，且身患残疾的年轻女子，在一名年过半百的男子搀扶下，去当地民政部门登记结婚。该视频引发众多网友关注，有网友对两人的婚姻表示了疑问，也有网友担心其中有违法情形。12月25日，彭水县妇联向封面新闻表示，当地已成立了专班对此事进行调查。 男子将智力有障碍的女孩搀扶着走进彭水县民政局。网传视频截图。 网传视频显示，这名女孩不仅疑似智力不正常，且身体患有残疾。她被一名年过半百的男子搀扶着，走进了彭水县民政部门的婚姻登记处。两人在工作人员指引下，办理了婚姻登记手续，两人还拍下结婚登记照。 视频发布者配文称：“不会用语言表达的她，根本就不明白结婚和离婚是什么意思，只明白在一起生活就是一家人，当工作人员问她是办结婚还是离婚的（手续），因为她无法用语言表达，办理手续接近花了一个小时。” 视频发布后，引发了众多网友关注。有网友质疑：“女孩连话都说不清楚，走路也不稳，属于无民事行为能力人，民政局就这么给办了（结婚）证？” 从视频发布者上传的其他视频中可以了解到，女孩今年23岁，其父母在她小时候已经离婚，女孩由爷爷奶奶养大。与她登记结婚的男子目前已经50岁出头。 12月25日，记者致电彭水县妇联，工作人员表示：“我们已经关注到这个事情，县里组织了一个专班正在对此事进行调查。民政系统在牵头核实视频中这位女性的具体情况。目前正在等待调查结果，（彭水县）妇联后续会对这个事情持续关注。” 随后，记者又致电彭水县民政局，工作人员回应称：“目前我们正在调查处理这个事。如果要想了解具体情况，以后续官方发布的通告为准。” 律师：若智障女孩被胁迫结婚 可撤销该桩婚姻 从法律角度讲，视频中的智障女孩与男子的婚姻是否有效合法？重庆康君律师事务所高级合伙人陈开华律师表示，根据《民法典》规定，结婚应当男女双方完全自愿，禁止任何一方对另一方加以强迫，禁止任何组织或者个人加以干涉。 陈开华律师还表示，由于法律并未禁止智障人员结婚，即使视频中的女孩确为智障人员，仍有选择婚姻的权利，只不过，其监护人不能为她做选择，更不能强迫她做选择，否则涉嫌违法。“若女孩是受人胁迫而结婚，则可撤销婚姻。”陈开华律师还表示，视频中的女孩是否存在智力障碍，结婚行为是否系自愿，均需要根据相关部门做出准确的调查。,951,https://news.cctv.com/2023/12/26/ARTIo9hXY3QLT0deu6qKSIGq231226.shtml,婚姻登记;结婚登记;婚姻;结婚;离婚
China News Service,2023-12-26,重庆一残疾女子与五旬男子登记结婚引网络热议 当地民政回应,中新网 重庆12月26日电 (梁钦卿)近日，网传重庆市彭水县一名疑似智力有障碍且身患残疾的年轻女子，在一名年过半百的男子搀扶下，去当地民政部门登记结婚。该视频引发网友关注，有网友对两人的婚姻表示疑问，也有网友担心其中有违法情形。对此，彭水县民政局26日发布官方通报。 通报中称，近日，彭水县残疾人吕某办理结婚登记一事引发网上关注，彭水县民政局会同妇联、残联等单位迅即组建工作专班对吕某本人、亲属和邻居进行走访调查。 据初步了解，吕某(女，彭水保家镇人)，从小因生长发育异常，行动不便，存在语言功能障碍，有一定的自理能力。2023年1月25日，吕某经人介绍与未婚的张某(男，彭水乔梓乡人)认识，经过一段时间的相处，在张某的照料下吕某的身体和生活状况逐步向好，吕某本人、亲属和邻居认为张某对待吕某较好，男女双方及家人均感到满意。 2023年12月20日，吕某在其家人和爱心人士的陪同下，同张某到县婚姻登记处办理结婚登记手续。在办理结婚登记的过程中，针对吕某的特殊情况，工作人员多次询问吕某是否愿意与张某共同生活并登记结婚，在吕某明确点头表示同意的情况下，工作人员为其办理了结婚证。 长期无私帮助吕某的爱心人士梁某和张某也全程见证了办证过程，对双方结婚感到很欣慰。同时还了解到，吕某和张某按规定享受了农村低保及残疾人相关政策帮扶，生活有保障。(完) 【,573,https://www.chinanews.com.cn/sh/2023/12-26/10135584.shtml,婚姻登记;结婚登记;婚姻;结婚
China News Service,2023-12-28,“结婚16年3娃非亲生”案今将连开两庭：离婚和人格权纠纷,江西上饶德兴市的陈华(化名)爆料自己和妻子结婚16年，所抚养的3个孩子均非自己亲生。近日，此事经过媒体报道后，引发关注。 陈华诉妻子及“第三者”之间的民事纠纷案件将于12月28日上午，在德兴市人民法院开庭。 12月27日晚间，澎湃新闻(www.thepaper.cn)从案件的知情人士处获悉，28日上午法院将开庭审理陈华和俞某的离婚纠纷案，下午则是当事人和“第三者”的人格权纠纷案。至于俞某和“第三者”是否出庭，该知情人士表示暂不清楚。 该知情人士称，当事人的主要诉求是离婚；其次是孩子的抚养权问题，他们一方认为抚养权应归女方；庭审还将涉及夫妻共同财产的分割和债务处理，以及这些年三个孩子抚养费的返还，陈华的精神损失赔偿等问题。 在短视频平台上，陈华自称，他和妻子俞某在2007年认识，当年12月领证结婚。家中大女儿在2008年8月出生，几年后二女儿出生，三女儿在2018年10月出生，三个孩子和他均没有血缘关系。后来，他找到媒体，讲述了自己的经历。 近日，陈华在短视频平台上再次披露了此事的进展。他在视频中表示，他起诉妻子俞某和起诉“第三者”吴某军的案件，在12月28日开庭，庭审结束后，他还将公布“重大案情”。 至于“重大案情”是什么，上述知情人士称，28日庭审结束后，当事人陈华将对外公布，“跟离婚案(有关)”。 此事引发社会广泛关注后，陈华多次在短视频平台通过视频回应网友质疑。截至12月27日晚间，他的抖音账号共发布80个视频，获得了48.2万粉丝，其中一条置顶视频有57.1万的点赞量，有7.5万的评论量。(澎湃新闻记者 吕新文) 【,673,https://www.chinanews.com.cn/sh/2023/12-28/10136488.shtml,结婚;离婚;夫妻
