post_id,post_date,keyword_group,matched_keywords,post_text,marriage_attitude,coding_note
4720616030340858,2021-12-31 23:53:00,fertility,三孩,姚昱辰超话小姚长大了👏🏻不再是从前那个小不点了又长大了一岁喂！！变声期要慢慢适应🤒身体不舒服的时候一定要照顾好自己。📚要好好上课听老师和士大夫的话在公司和兄弟们要开开心心的。🧣天气冷了要多穿点衣服不要感冒了。🎙在唱歌这方面也有很多的进步再接再厉。🍜一定一定要多吃饭你自己说自己长了十几斤⁉️十三岁了懂感恩了小姚懂了父母和老师的苦心👏🏻要懂事点啊孩砸。要在2022年把2021的遗憾和不足都补回来争取在2022看到一个胖乎乎的小姚！！🌚👏🏻@TF家族-姚昱辰,0,neutral/unclear
4720613514287790,2021-12-31 23:43:00,fertility,三孩,『新华全媒+｜三孩，来了！新药，进了！耗材，降了！——2021，这些“民生热点”值得关注-新华网』O题：三孩，来了！新药，进了！耗材，降了！——2021，这些“民生热点”值得关注,1,neutral/unclear
4720613435119190,2021-12-31 23:43:00,fertility,三孩,2021.12.31星期五晴儿子学校今天开元旦茶话会，我看老师发的照片各式各样的糖果点心，这还咳着就在学校都吃光了。除了才艺表演，还抽了三样礼物，着实过了个快乐的元旦联欢会。孩他爹下班晚，儿子英语课结束后，我俩回来凑和一顿，晚上一起看了纪录片《海龟奇援》。刚才看了几个台的跨年晚会，就感觉那些歌真是欣赏不来，还不如看看纪录片。告别2021～,1,neutral/unclear
4720613091185875,2021-12-31 23:42:00,fertility,三孩,我的抗疫情日记（三）2021年12月27日多云下雪后的天气十分寒冷，今天官方报告的人数还在增加，院子里的雪经过零下六七度的低温考验，已经分不清是雪还是冰，我出门看小区口穿防护服的工作人员一边搓着手一边在小步来回的跑，在这样寒冷的天气里，为了小区所有人的平安，它们在小区门口通夜值守，这是用毅力和精神在值守，我不由的对这些工作人员潇然起敬，只有经历了严寒下在外面过夜的人才能体会到那种感觉。看报道说12月26日18：00全城消杀，这是个好消息，希望疫情早点过去，希望凝似病例和确诊病例能越来越少。居家隔离已经四五天了，虽然说居家隔离，但利用买菜还是可以出去看看的，街道上没什么人，除了和我一样想借买菜出去走走的人们，几乎都是抗疫情车辆和工作车辆，偶尔也有其它车辆，总之，我这样性格的人就觉的想出来走走，可能不符合抗疫情要求，可在家里实在没事可干，每天就是抱着手机看外面的世界，和朋友们聊聊天，聊着聊着也觉的没啥说了，就看看今天病例是增加还是减少了，但每天看见的都是不让人开心的消息。早晨懒洋洋的躺在床上，打开手机，看今天政府发部的抗疫情政策级别又体高了，要求非抗疫车辆和生活保障车辆一律不得在公路上行驶，由原来两天出门去超市购物一次，现在变为三天在小区内购物，无特殊情况不能出小门，这对我这样不守规矩的人来说又增加了压力，还不知道啥时候能解封，物业通知非必要家门都不能出。看来以后我的抗疫情生活更加难熬，哎！大家都能抗，我也能抗过去，但愿早日解封。下午又要去做核酸检测，下雪后阴沉沉的天气更加寒冷，每个去做核酸检测排队的人都穿着各种防寒保暖的衣服，野外棚子里穿着防护服做核酸检测的几个医护美女们站在棚子下给每个人做着检测，有个美女一边跺着脚一边工作，今天我给她们拍了张照片，希望大家记住她们最美的工作形象。在手机里看了一个让人心酸泪目的视频，一个两岁患者穿着防护服被带上车隔离的那一幕，妈妈也穿上防护服看着孩子被带上车去接受隔离治疗，妈妈疯了一样哭着看自己的孩子被带走，让所有在场的医护人员都哭了，两岁的孩子哪！但为了孩子的健康又不得不那样做。我看了视频心里酸酸的真不是滋味，假如它是我的孩，我们会是怎样的心情，可能和那个母亲会是一样的。在自然面前我们人类显的是何等渺小，又何等的无助，只有我们大家拧成一股绳，人类自律才能自救，不是吗？,0,neutral/unclear
4720612956705395,2021-12-31 23:41:00,fertility,三孩,宁爱聚集地超话#宁爱#飘（4）Attention：现实向，故事开端为03年。想尽力揣度主角的性格，若有ooc那一定是我的问题。——————————————————04“李指！请等一下，我还有什么地方做得不够好，需要改进的？我学的技术是最先进的吗……”短发女生急切地抛出了各色问题。虽然女孩有一米七一的个子，但站在男人身边看起来仍很是瘦弱。男人深深地望了她一眼，叹了口气，转身离开。女孩不满地撇撇嘴，转过身继续用发球机练习基本功。但她不会想到，男人并未离开，而在她看不到的地方默默地观察着她的一举一动。一天沉浸地练习使她倍感充实，但在这充实之下，似乎又少了一点激情。女孩觉得是自己这几天太拼命了，所以有些麻木。“但无论如何，我一定要把握好这次机会。”睡前女孩还惦念着。天蒙蒙亮，女孩忍着疲惫，艰难地睁开眼睛。她没有惯着自己的瞌睡虫，快速地套了件衣服，然后立刻跑到卫生间用冷水冲洗自己的脸，用毛巾胡乱地擦了一通，就拿着拍子和胶水匆匆离开寝室。“早上好啊，小宁。”“早啊，大爷。”一个小老头般的人儿掏出一大把钥匙，打开了体育馆的门。“小宁，你也别太拼了，身体会受伤的。你这早饭都没吃，肯定没什么力气，别弄得低血糖。”大爷对着女孩念叨。“没事儿，我年轻，扛得住。”“别仗着自己年轻，就无所谓。在这等着，我给你个大瓷缸，刚好我这有个新的，你可以每天拿它装点糖水。”大爷无奈地看着女孩。“谢谢大爷。”女孩捧着瓷缸，然后向大爷摆了摆手，“大爷，我进去打球了，已经有点迟了。现在离奥运会只有三个月了。”语毕，便冲进体育馆。大爷看着远去的背影，冲阴影里的人说到：“李指，你这个球员真是太要强了。但是不是有些过头。”李隼叹了口气，很是担忧地望向体育馆。“李指，昨天的问题您还没告诉我答案！”当女孩看到男人出现时，迅速追问过去。“张怡宁，你打得很好，你不需要这样过度练习。这段时间你需要休息好，保持心情愉悦，把自己的身体调至最佳状态，我不允许你打封闭针上阵，影响发挥。”男人严肃地盯着女孩说道。“但是，不拿到冠军我是不会高兴的。”女孩倔强地昂起了头。“我不管你现在怎么想，准你明天一天假，出去转转，总之不要急着拿拍子打球。”男人以命令地口吻对女孩说。废柴说：我失约了，不是故意的！昨天学校活动取消了，所以没时间更，太对不起大家了TvT；今天主持了三小时联欢，回家又做了些甜品，实在有些疲惫。总之，感谢这半年一直支持我的朋友们祝大家新年快乐，愿大家所思皆得所愿，所得皆如所求！,0,neutral/unclear
4720611916776445,2021-12-31 23:37:00,fertility,三孩,突然间，觉得他们长大了……今年的联欢，我变成了一名欣赏节目的观众。从联欢活动的准备布置到结束收尾，班委们组织得井井有条。小班长主动担起写主持词的重任，没有经验的她却能把每个节目很流畅地串联起来；由于班级一直没有后黑板，没接触黑板画的锘宝却给大家带来了惊喜；吃校内小餐桌的孩们，中午顾不上休息，水果还没吃完就进班布置教室；三位主持人自己写，自己练，只靠中午那近一个小时的时间出色完成了主持任务……不得不说，那六个班委今年为班级付出了很多~曾经的那些小树苗们已经长大了！#2021年终总结#,0,neutral/unclear
4720605000110319,2021-12-31 23:09:00,fertility,三孩,"【#2021年度十大热词公布#这些热词你都听过吗？】12月30日，中国新闻周刊发布了“年度十大热词”，分别是EMO、YYDS、破防、元宇宙、碳中和、百年未有之大变局、祝融号火星车、共同富裕、双减。当一个人说“我EMO了”，意思是“我有点小情绪了”；而YYDS是“永远的神”的缩写，最初被粉丝用来赞美偶像，出圈后可拿来赞美一切事物。此外，还有破防、元宇宙等这些高频出现的词，记录着网友们一年来关注的热点和社会大事件。2021年""双减""变轨、""三孩""政策落地，从国家到个人，我们正在穿越百年大变局的路口，步履艰难，但目光坚定。L看看新闻KNEWS的微博视频",0,neutral/unclear
4720603317142215,2021-12-31 23:03:00,fertility,三孩,来，让我回顾一下刚刚那三四分钟王一博出来之后，我示意让大家安静，然后我的妈妈说的至少三四遍的话就是“诶这孩真可帅了呀！”“多帅啊！”“诶你看这孩长得多有气质”，我就在一旁“是啊是啊是不是我也觉得”。然后！！！我妈说了不下三四次“没事乖，咱以后找对象就找这种的”“咱以后就找这样又高又帅的”“你以后就照这种标准找对象”，哈哈哈哈哈哈极少被父母这样当面聊对象，诶呀但是没想到是看着博博说的哈哈哈哈哈哈哈哈哈哈哈哈哈哈，我就借您吉言了呗博博第一次主持串场香飘飘那次，我妈说“这孩真帅啊多帅啊，这孩是不是有两米了？咋镇高”哈哈哈哈哈哈被父母认可的感觉,0,neutral/unclear
4720596577158603,2021-12-31 22:36:00,fertility,三孩,没有节目就去找侄子们玩三个小朋友真的好吵别人家的饭真的特别香好喜欢三伯伯一家他们家氛围好好很热闹家庭氛围真的好重要‼️没想到快一年没见了一见那几个小p孩很粘我哈哈哈哈开心但是带小孩真的很累指定我来喂饭抱着我爬我身上…哈哈哈哈还有吃不完的面包🍞吃饭时堂嫂来了一句快点找男朋友…然后开启了一段dddd的对话其实很好笑笑死我了还说堂姐是我的人生导师逼逼赖赖真的笑死我了今晚,0,neutral/unclear
4720596262330010,2021-12-31 22:35:00,fertility,三孩,『新华全媒+｜三孩，来了！新药，进了！耗材，降了！——2021，这些“民生热点”值得关注-新华网』O题：三孩，来了！新药，进了！耗材，降了！——2021，这些“民生热点”值得关注,0,neutral/unclear
4720592673311062,2021-12-31 22:21:00,fertility,三孩,【e公司新年献词】抵抗脆弱与不确定的世界相处HAPPYNEWYEAR时光斟酒相送，旅人挥手作别，匆匆忙忙又是一年。这一年风雨未歇，不确定仍然是最大的确定。世间变化年年有，而当我们更愿意用“不确定”来描述当下时，心里夹带的是一丝无处依凭的担忧，一种无可预知的惶恐。曾以为坚固的都可能烟消云散，脆弱成为了最突出的时代症候。新冠疫情的阴霾仍在笼罩全球。尽管疫苗和药物的研发捷报频传，但病毒变种和偶发疫情总令人措手不及，人们似乎习惯了地球村的坍缩，习惯了用健康码做通行证，习惯了行至何处都留下一串数字痕迹。但对远方的想象从未受限，反而变得更加强烈，人们热望着国门打开与世界重逢的那一天，而在此之前，每一个国家、每一座城市都要学着回答，如何用精细化、常态化的方式与病毒共处。被疫情斩断的全球供应链依然显得脆弱。一艘货船搁浅苏伊士运河足以酿成一场世纪塞船事件，造成每小时数亿美元的贸易损失；一颗芯片的短缺按下千万条产线的暂停键，抢货和炒作的疯狂一同席卷制造业；最上游原材料涨价的焦虑穿透企业精打细算的成本表，直抵每家每户的厨房餐桌。气候变化则以更为严峻的面目示人。从年初到年末，寒潮暴雪、高温干旱、骤雨倾盆等极端天气纷至沓来，几乎遍历了每一块大洲。所到之处，能源价格随之剧烈波动，日常生活被大面积停水停电打断，下班的地铁甚至会成为洪水中的“致命列车”。一次次天灾发出振聋发聩的拷问，我们的公共设施是否足够坚韧，我们是否做好准备去守护不再平静的地球？中国对此做出“双碳”的庄严承诺，不仅是对环境问题的直接回应，也成为转型经济发展方式的推动力。我们看到越来越多的绿牌车飞驰在马路上，成片的或零星的光伏发电板在阳光下闪烁，一排排风力发电机站上连绵群山和辽阔大海。但同时，煤炭价格飙升、落后产能出清、局部拉闸限电也成为新旧能源切换中的裂隙。这种阵痛在时刻提醒，虽然碳中和时间表在身后催促，但通往它的路径需要步步扎实，万不可毕其功于一役。努力奔跑不意味着必然加速。在多重复杂因素的扰动下，经济高速增长的时代可能已成过去式。短期的增长失速让各行各业的弊病接连暴露，滚规模上杠杆的房地产企业紧急刹车，一脚迈入寒冬，一边谨慎探底一边艰难求生。在线教育曾经被资本捧得有多高，如今摔得就有多惨，一纸“双减”政策看似突兀，实则早已在内卷化的教育环境中埋下伏笔。“三孩”放开将生育权逐渐交还给人们，但人口负增长的担忧依然隐现。疫情中火爆的线上生活并没有持续下来，互联网公司眼看流量见顶，急需寻找下一个空间，但短视频、直播等新业态在迅速蹿红的同时也潜藏忧患，头部流量过快聚集引得监管规范步步紧跟。与之紧密相关的，资本市场自然少不了跌宕起伏，今年市场风格的轮动变幻令投资者难以捉摸，在众多不确定中寻找机会实属艰难。同样的，技术的发展也并不理所应当地带来进步。媒介作为人的延伸创造联结的可能，但如今的社交媒体环境值得反复叩问。一阵接一阵的流行趋势看似热闹，实则暗藏着一套标准化的生活样板和价值范式，反而在消解多元和想象；信息茧房更让人们困在各自的思想舒适圈，而一旦遇到公共讨论就必有观点撕裂，理性探讨成为奢侈品，碎片化甚至暴力化的表达四处横行。我们惊异地发现，互联网并不是平的，它可能是连绵山丘，造成“不识庐山真面目”的幻像，也可能是时间黑洞，侵吞线下生活的色彩与滋味。移动互联网在短短几年中重塑了世界，新的技术形式也在迫不及待的迭变之中。智能汽车替代手机成为下一个流量入口已经被期待许久，而AR/VR、5G通讯和人工智能等技术则在酝酿着创造一个宇宙。“元宇宙”概念在2021年意外大火，它必将拓展人类的生存维度。但踏入元宇宙之前还有许多功课要做，不仅包括科学技术的精进和伦理法规的完善，更重要的是反思人与世界的关系、自我存在的意义。千丝万缕描摹不完我们的2021。这个世界愈加复杂，而系统的复杂性衍生出脆弱性，牵一发动全身，每个人都不可能在其中独善其身。反过来，抵抗脆弱还是要从系统出发，在断裂和混乱中重建世界的秩序。抗疫和减碳成为全球利益的最大公约数，我们需要再努力一点，关心疫苗药物在全球尤其欠发达地区的公平分配，协同参与国际供应链的修复与重构，同时秉承主人的责任和客人的谦卑守护这颗美丽星球。充满不确定的时代虽然难以预测，但是可以应对。不确定的来源往往是看似宏大而难以把握的外界条件，而坚固不朽的是人性向善的内在特质。只要沿着这条主线思考，我们需要什么样的社会，教育出什么样的小孩，财富实现怎样的分配，科技得到怎样的发挥，什么样的生活可以称之为良善，那么自然不会错过历史的潮流。日历翻篇的这一刻并不会切断任何连续性。向前张望，我们还是难以确定，疫情在2022年能否结束，它究竟有没有终结，又将以何种方式终结。我们也不知道接下来的日子里叹息几声、欢喜几重。但我们可以确定的是，希望不是以一种天降祥瑞般的方式现身，而是当我们变得更灵巧、更坚韧时，恍然发现已经足以应对这个不确定的、脆弱的世界。拥抱2022年吧，她来了！下载e公司app，获取更多上市公司资讯：O网页链接,0,neutral/unclear
4720589836649716,2021-12-31 22:09:00,fertility,三孩,『新华全媒+｜三孩，来了！新药，进了！耗材，降了！——2021，这些“民生热点”值得关注-新华网』O题：三孩，来了！新药，进了！耗材，降了！——2021，这些“民生热点”值得关注,1,neutral/unclear
4720589204096574,2021-12-31 22:07:00,fertility,三孩,【新华全媒+｜三孩，来了！新药，进了！耗材，降了！——2021，这些“民生热点”值得关注-新华网】新华全媒+｜三孩，来了！新药，进了！耗材，降了！——2021，这些“民生热点”值得关注---2021年，哪些与你有关的事儿“上了热搜”？盘点健康领域，三孩生育...O网页链接,1,neutral/unclear
4720588302321036,2021-12-31 22:03:00,fertility,三孩,『新华全媒+｜三孩，来了！新药，进了！耗材，降了！——2021，这些“民生热点”值得关注-新华网』O题：三孩，来了！新药，进了！耗材，降了！——2021，这些“民生热点”值得关注,1,neutral/unclear
4720585034961063,2021-12-31 21:50:00,fertility,三孩,新华全媒+｜三孩，来了！新药，进了！耗材，降了！——2021，这些“民生热点”值得关注-新华网O题：三孩，来了！新药，进了！耗材，降了！——2021，这些“民生热点”值得关注,1,neutral/unclear
4720584090459596,2021-12-31 21:46:00,fertility,三孩,2021年的最后一天这一年，和冰冰有了一个可爱的宝宝由两人世界变为三口之家有新手爸妈带娃的迷茫也有每天半夜醒来喂奶的困顿但看到闺女一天一天的变化看到孩爸爸我的大男孩不辞辛苦为我们娘俩的付出此刻刚喂完奶的我无比的幸福一旁的闺女在熟睡另一边的冰冰在学习原来只要我们三个在一起一切都会变的越来越好的闺女睡了，娃妈妈也要睡啦晚安2021,0,neutral/unclear
4720583998963953,2021-12-31 21:46:00,fertility,三孩,「元旦」文案|圆但快乐#元旦文案##适合元旦发朋友圈的文案##文案夹#—————————————————我是分割线1、圆但快乐。2、一元复始，旭日始旦。3、元旦快乐，不止元旦。4、上元如昼，月色灯山。5、春旦日，三两孩，具闹堂。6、旦愿美好在，岁月常如新。7、元旦别戴帽子，不然会变成完旦。8、山南只剩添衣客，淮北以为旦日新。9、元来辞别旧时日，旦或一屋度新年。10、元月冬风吹动人，旦出云彩亦倾城。11、元旦快乐，新年快乐，一日三餐都快乐。12、接下来是元旦，团聚，新年和好久不见的我们。13、这个元旦，总有一份心动，携璀璨星光护你左右。14、我对于元旦的概念就是，又过了一天，又过了一年。15、元，谓“始”；旦，谓“日”；“元旦”即“初始之日”。16、元旦的浪漫大概就在于，可以在一个有限的夜晚畅想未来无限的可能。17、今年元旦不收礼，其实给点也可以，十块八块不嫌弃，十万八万过得去。18、学生党是不存在跨年和元旦的，我已经感觉到打印机在疯狂给我们准备大礼包了。19、辞旧迎新，元旦又至，有那么多的感慨，有那么多的憧憬，翻开新的一页，也有很多未知的等待。20、飞雪迎春到，已是万家灯火，这个元旦，愿你乘着和煦的春风，朝着灿烂的前景马不停蹄奔腾前进。21、元旦的钟声在天地间激起深沉而宏大的回音，让我们在震天的爆竹声中，以美好的祝愿共同迎接春天。22、他们都送了你好看高级的元旦礼物，我没有。但是我可以从今天开始，坚持不洗头，在新年的第一天，为你下一场雪。23、元旦的那天一定和圆脸的好朋友一起过，预示着2022圆圆满满，团团圆圆，老人说圆脸的女孩不仅旺夫，而且旺好朋友。24、不知什么时候起，我们开始有了“跨年”这个概念，原本平平常常的一天，因为跨越了两个年份，仿佛就有了穿越时空般的仪式感。25、日出日落就是一天，花开花谢就是一年。元旦已至，腊八相随，我把最暖最美的祝福送到你身边：愿你每一天都快乐无边，每一年都幸福平安。26、元旦是一年的开始：新的一年开启新的希望，新的空白承载新的梦想，新的起点指明新的方向，新的祝福谱写新的篇章。祝你元旦快乐，幸福吉祥！,0,neutral/unclear
4720582283497582,2021-12-31 21:39:00,fertility,三孩,【“以房促生”？#多地发放育儿购房补助#】继江苏海安提出三孩家庭“买房奖钱”后，浙江宁波推出了“买房多贷”，各城试图“以房促生”的政策越来越多。为减轻家庭生育成本中的购房支出，一些地区相继推出购房补贴和选房优先等支持政策。后续围绕三孩家庭的住房支持政策还会明显增多。@看看新闻KNEWSL看看新闻KNEWS的微博视频,0,neutral/unclear
4720581649369032,2021-12-31 21:37:00,fertility,三孩,新华全媒｜三孩，来了！新药，进了！耗材，降了！——2021，这些“民生热点”值得关注O题：三孩，来了！新药，进了！耗材，降了！——2021，这些“民生热点”值得关注,0,neutral/unclear
4720578017368866,2021-12-31 21:22:00,fertility,三孩,【“以房促生”？#多地发放育儿购房补助#】继江苏海安提出三孩家庭“买房奖钱”后，浙江宁波推出了“买房多贷”，各城试图“以房促生”的政策越来越多。为减轻家庭生育成本中的购房支出，一些地区相继推出购房补贴和选房优先等支持政策。后续围绕三孩家庭的住房支持政策还会明显增多。L看看新闻KNEWS的微博视频,0,neutral/unclear
4720577887869765,2021-12-31 21:22:00,fertility,三孩,❁12月总结日❁开头说好我今年的最后一个愿望：希望今晚可以看到马嘉祺小朋友的新年祝愿视频谢谢🙏🏻2021年的12月独居的第一个月很舒服很喜欢很安静除了晚上不睡觉的年轻人玩滑板之外一切都是那么美好那么滋润饭很好吃景很好看一直想看好多电影但是月中手机就限流了么法只能看稍微短小但也很有趣的毕设动画很喜欢的画风嗯很喜欢最后在12月快结束的时候发现了我的新爱好盘核桃明晚刷核桃的时候很激烈但是超爱这对小核桃日常被班主任教学主任办公室主任投喂还有糖对不起忘记拍了谢谢我的老师很开心特别是今天的猛塞榴莲酥真的唇齿留香味道好极liao以及我家大姑送的智力乐高很喜欢的蛋糕店和拿抓真的很喜欢！希望我寒假能拼好一个如果真的可以我爱b站快乐源泉2022期待我是特优声2可以dream一个光合边工729北斗翼之声等等等大团建吗孩想看超级想看超级超级超级超级想看说唱新世代2能不能来一次返场我爱懒狗代我爱WolfGong我爱《书院来信》我爱《最后的晚安》我爱《美杜莎庄园》我爱《粒子们》我爱《WeWe》我爱《世界以痛吻我》！然后还有四公吗艾特某飞12月里唯一不足的就是在昨晚整理了两个小时的换寝之后与某位老师协商无果很累很烦很委屈的哭了一场痛彻心扉大骂了一顿学校和某位老师下场就是暴饮暴食眼睛红肿声音嘶哑对不起但是我很爽谢谢即使我今天上班空耳看错表交错材料2021一共大哭痛哭过三次6269231230蛮不错的都印象深刻眼睛红肿喉咙嘶哑好今天是喜欢马嘉祺的第242天依旧喜欢12月依旧喜欢2021依旧喜欢马嘉祺（送上12月唯一的自拍照片嗯）2022年我爱的爱我的皆愿平安健康万事胜意,0,neutral/unclear
4720572309705168,2021-12-31 21:00:00,fertility,三孩,【#中国年鉴2021#Reform改革：感受法治的力量】2021年，中国法治建设成绩斐然。从《民法典》、《数据安全法》、《个人信息保护法》等一系列法律相继实施，再到“三孩”政策实施引发的热烈讨论……一系列改革在2021年发生，我们一起来回顾今年涉及法治的“高频词”。2021wasayearofreform.Let'sreviewsomemajorsocialchangesthattookplaceinChinaovertheyearandthekeywordsemerged.LCGTN的微博视频,0,neutral/unclear
4720617465842295,2021-12-31 23:59:00,fertility,三胎,2021年的最后一天，冷，降温了好几天。今年压力和动力并存，我的成长比想象中快！是有收获的，我很感谢这一年的自己。无数次累到自问“我为什么要那么辛苦？”然后回家以后看到梨总站在楼梯口看着我，喵喵得打个滚，一切都有了答案——为了自己想要的生活。梨总和花猪健康地长大，我也放弃了养“三胎”的奢望（梨总不让）我的朋友仍旧在我身边，够了，谢谢2021。2022，变成更好的自己吧。（上一条亲友说我秃了怒换照片）,0,neutral/unclear
4720617208944550,2021-12-31 23:58:00,fertility,三胎,2021的最后，感谢以下cp给我带来的快乐希望2022离婚的能复婚，分手的能复合，热恋的能结婚，已婚的能三胎，多多麦麸，多多放药,-1,explicit negative/rejecting
4720613480203560,2021-12-31 23:43:00,fertility,三胎,自媒体的未来就是“屌丝进城”又拿到命题作文，写写自媒体的趋势。幕僚长的答案很简单，未来的自媒体会进入人皆IP的时代，每个人都会在自媒体上有个人设，作为线下真实生活的投影，有点像“数字双胞胎”，一一对应。所以自媒体的趋势，就是社会发展趋势的映射，那么翻开时代的画卷，改变人们生活轨迹的社会大趋势是什么？是城市化，是屌丝进城。自媒体上，也会迎来这么一波“屌丝进城”的过程。中国网民接近9亿并且还在不断增长，未来这帮人都要跨过互联网的篱笆，进入人人自媒体，就像他们当年乘着绿皮火车奔向城市一样。数量远比质量重要，未来的自媒体就是得屌丝者得天下，围绕屌丝心智展开一场争夺战。想争取屌丝服务屌丝，就要从他们的需求特点入手。一、我要土嗨。单从数量来看也会明白，“屌丝进城”的基本盘肯定带有农村青年、小镇青年的基因。他们注册了新手账号，来到互联网这个花花世界，简直就是刘姥姥进了大观园，各种好玩的内容琳琅满目，那么最令他们喜欢的是什么呢？肯定是洋气包装包裹着乡村内核的内容或者产品，这才能在城市的白月光下勾起他们心底村头那条弯弯的小河呀。你反着包也行，反正屌丝也分不清，但是无论怎么弄，土洋结合的审美才有未来，你的内容需要下沉、下沉、再下沉，你弄什么高大上的资产阶级情调，不会有市场。二、我要奋斗。不要小看屌丝，屌丝都是有追求要当英雄的，好不容易踏进城市的大门，不干出点事业怎么面对父老乡亲？我可是村里百年一遇的奇才。自媒体的未来就是要服务这些屌丝的雄心壮志，早来城市的大哥教他们怎么买房，早当老板的大佬教他们怎么做买卖，早当上CEO的总裁教他们怎么搞权术，你有多高的高度不重要，重要的是要做到专业，屌丝能听得懂的专业，而且要具体有可操作性。能用视频就别用文字，能短就不要长，屌丝大爷将军赶路，没耐心听你鬼扯。三、我要正义。屌丝来到互联网大观园，看到很多好东西，但也不免看到一些不那么好的社会真相。这时候他们时而愤怒，怒发冲冠，时而感动，热泪盈眶。咱不能只关注屌丝的现实成长，还要关怀他们的精神世界，自媒体的趋势就是深度挖掘这些能带动屌丝情绪的感人故事，屌丝在网络上伸张了正义，你要能抓住这个趋势，那这个成功可不是一星半点，现在已经有很多这种大号，形象比雷风还高大，以后会有更多雷风。四、我要抱团。到了后期，屌丝来互联网走了一遭，知识也付费了，货也买了，情绪也得到了满足，可是钱袋子空虚了，竹篮打水一场空，不免凄凉。这时候就要乘上社群的东风，给屌丝在互联网上弄个家弄个精神港湾，各种red圈、mi圈、鹅圈圈它一波，私域流量再来一波，未来趋势是IP集群，意思就是各种IP抱团，组成空天地一体联合收割机，屌丝被割得也舒服，毕竟也算找到了组织，乐不思蜀。总结：你问我自媒体的未来趋势是什么，我只能告诉你服务“屌丝进城”就是趋势，一切围绕这个展开。你问我怎么知道得这么清楚，因为幕僚长也是进城的屌丝呀，只是来得稍微早一点，我是真心觉得屌丝在城市有希望，真诚想服务屌丝，我在自媒体上的目标就是把我自己怎么打工打成老板，怎么买房买成房东的经验分享给晚来的兄弟姐妹，自媒体上互相扶持站起来，我们失去的只有枷锁，得到的将是整个互联网世界！,0,neutral/unclear
4720613091182195,2021-12-31 23:42:00,fertility,三胎,1月我剪了短发重新开始2月参加幼儿园的爬山活动一起聚餐3月和爱人好友度过了25岁生日4月今年第一次去桃花源5月可爱的龙凤胎侄儿侄女出生，给我们带来很多欢乐6月沁忆上岸，三五好友聚餐7月8月和两个小家伙度过了非常充实的暑假9月度过了人生中第一个教师节10月第一次和涛哥去叠石花谷，粉色花海甚美11月小朋友们举行冬季运动会12月酉阳下了超级大的雪，我高兴得像个孩子。,0,neutral/unclear
4720612762984525,2021-12-31 23:40:00,fertility,三胎,#产妇羊水栓塞医护合力跑赢死神#今年夏天我老家邻居嫂嫂生三胎剖腹产生后三天左右也是因为栓塞没抢救过来几分钟就没了好凶险好凶险留下三个孩子一家人挂横幅在医院下跪哎,0,neutral/unclear
4720612507911801,2021-12-31 23:39:00,fertility,三胎,2021年度总结今年低开高走。年头的时候生完孩子找工作，当时真的是怀疑人生，为什么社企对女性的要求这么苛刻。刚生完一胎就怕二胎。还是我做习惯了那种模式变地太挑了不适应普遍企业?还不赖，刚好旧同事介绍到这边工作了，做的是大货业务。这年的工作好像就是结合了毕业出来时三年学习的业务经验和三年的跟单经验，才能胜任。让我觉得之前遇到的每一次困难都变成了我的垫脚石让我可能在这边可以好好生存。虽然工作内容很痛苦很棘手很操心，但是也给予了我们很大自由发挥。我有了较高的工作成就感，这是我的得着。很感谢每个配合和帮忙的朋友同事，大家努力主动地去做好一件事。很感恩，我在年底将要毕业了，不知道年后会如何，但是我也很期望以后也是叠加的幸运。一切都发生都是有关联的。,0,neutral/unclear
4720611626324914,2021-12-31 23:36:00,fertility,三胎,#陌北生活放映厅#ppt-log11.我愿称之为「2021年终总结」|关于变化/关于成长/关于我的每一天其实我不是一个善于总结的人但在三天前的那个深夜，伴随着emo突然感叹：啊，今年确实很多变化，也不容易啊不过收获到的美好和治愈，确实更多我为自己做了一些决定，奔波于城市之间室友有了自己的小家庭，真为她感到开心朋友二胎雪纳瑞，超可爱，搞得我也想养狗老爸生日又做了蛋糕，我手艺比去年好了决定收拾妥当这些零碎的美好片段，一起带进2022新的一年，多更视频，身体健康，幸福快乐，一起加油加油加加油噢L陌北拾光的微博视频,0,neutral/unclear
4720611035449956,2021-12-31 23:33:00,fertility,三胎,#回顾2021#这一年对于我来说，是艰难又有好运的一年。3月份结束产假，准备上岗的时候，没人看孩子，被迫放弃我喜欢的这份工作，在家育儿。6月份，孩子交给奶奶看，去了朋友的公司帮忙，她也给予我很多便利和帮助，一周只去公司三天，让我有时间兼顾工作和育儿。可是这样的宁静并不长久，家里突发意外，我又被迫回归到全职育儿，女性生儿育女之后，真的会被迫放弃很多，失去选择的权利。所以，我不会再要二胎，生养一个已经是我能承受的极限，受过的这些苦也只有自己知道。在家育儿的时期，偶然接触到代购这个行业，自己摸摸索索入了门，然后一路坚持了下来。刚开始的时候天天发广告也没有动静，一周卖不出一件东西，那时候真的想放弃，但是育儿过程中认识的很多妈妈都鼓励我坚持下去。后来真的生意越来越好了，组建了购物群，前期并没有去拉任何一个朋友，同学，亲戚，都是自己到处找的客户，队伍慢慢的从十几个人，到现在的两个群，五六百号人，这一路真的很感谢大家的照顾和支持，感恩相遇。我不是一个够努力的人，没有大的梦想，就想自由而热烈的过这一生，来年，请继续追求自己吧，希望能有更多时间和精力做自己喜欢的事情，希望能把孩子照顾好，让他身心健康的长大，给他一个快乐的童年，希望夫妻能够和谐相处，少点争吵和矛盾……希望双亲身体健康……,0,neutral/unclear
4720610230667919,2021-12-31 23:30:00,fertility,三胎,成年人的跨年夜，已经有了许许多多的现实无奈🙄，春哥值班，我们留宿姥姥家，姥姥家睡得早，我也不适合再打开电视机吃零食看晚会啊，我怕被姥姥赶出家门好了，言归正传2021年的年初到年中，怀着小泡不停折腾，经常一跑就是上百公里，带娃耍也不在话下，终于是高估了自己30➕的体力，34周时候突然宫缩保胎，然后再也不敢造次，安安生生把娃带到足月生产了，呼，还好。小泡生下来因为血糖低住了三天新生儿科，现在想来也是很迷，也因此总是对小泡的健康各种不放心，12天时候因为黄疸高至19要照蓝光，去医院的前一夜，以为会是封闭治疗，老父亲彻夜不能眠，把旧警服剪了又剪做眼罩，一针一线缝缝补补，生怕有一点不平整会硌到娃，那是我印象最深刻的一夜了，每每想起来都觉得很动容。另一夜，是粑粑加班三点才回家，为了照顾他睡觉，那一晚上我独自照顾了一直放不下的小泡，然后等到七点多粑粑醒了之后，我就开始崩溃大哭，这也就是我二胎以来的一大感受，善待自己的情绪，直接表达出来，不要内耗。二胎比起一胎，对于我俩而言基本算是自己带娃，这一路互相扶持理解，春哥是我不崩溃的精神支柱，生活中细节林林总总，他无时无刻不在照顾着我的感受，仔细回想，竟没有一丁点的不满意和委屈，偷偷在内心觉得，我，真的是很幸福！任灯灯对于哥哥身份的过渡几近完美，我们经常在感慨，他内心不委屈，就是最好的呈现方式啦。这半年，哥哥在幼儿园的生活有些困扰着我，但通过和以前老师和别的家长聊天，感觉问题大概率还是在老师身上，这个班的娃娃们有点可怜了，但转念想想，一切遇到的都是该遇到的吧（别问我为啥不转学，娃觉得自己的幼儿园最香），所以我也渐渐放平了心态，只要娃品质上没有问题，剩下就随时间去吧。小泡在健健康康长大，从7.7斤长成了21斤的小胖子，每天乐乐呵呵只管可爱。春哥提了副科，事业上还算稳步前进。2021想想好似都没有什么遗憾，2022希望忙碌的日子更多一些闪光点吧。希望自己更强大，希望做一个更有趣、平和、勇敢和自信的人希望小家更和和美美希望一切都好。2021年12月31日记,0,neutral/unclear
4720610104574548,2021-12-31 23:30:00,fertility,三胎,这周医学生们在急诊的实习真的是破防了。第一个病人是患了脑部胶质瘤的30岁年轻女性，经检查判断，已没有任何办法可以挽救，即便插了气管，也只是保持生命体征，进icu，家人不能时刻陪在身旁，当刘畅和家属谈话时，患者的老公一下就哭出来了，我的眼泪也瞬间下来了，最终家属选择转到临终关怀医院。第二个病人是骑车摔到高危截瘫，家属还以为是普通的摔跤，真的不知道意外和明天哪一个会先到。当被告知病情，家属无措的说到，那我要把孩子打掉吗？（家属还怀着二胎）突然很理解卢医生说的，“我们人不是一个个体，而是一个家的一部分。”第三个病人更是在医学生接力心肺复苏中停止了心跳，所有医生齐刷刷地转头看向心率变成一条直线的仪器的这个瞬间，太让人有感触了。医学的无力感，无法挽救的重病、无法避免的死亡。让人不得不感叹原来生命如此脆弱，原来健康平安地活着已经是最大的幸福。在这个辞旧迎新的日子里，希望所有的人都能健健康康，平平安安。,0,neutral/unclear
4720609340432348,2021-12-31 23:27:00,fertility,三胎,🧨2021𝘽𝙮𝙚𝘽𝙮𝙚·2022𝙃𝙞𝙃𝙞🧨滴~体温正常，欢迎进入2022一个词语总结2021，“惊喜”，惊的换了一份工作，如此不适应，拼命也不行，还得忍，继续努力；喜的是家庭，有了二胎，压力上来了，比买房还难，但又有什么关系呢，我们是三个人在一起。明年来了，要调整好状态，不能被别人干废了，要把别人用废，坚持两个字“戒、稳”。加油。,0,neutral/unclear
4720608648631713,2021-12-31 23:24:00,fertility,三胎,油管是原歌词鼓励二胎三胎结果连“吻你”这种歌词都不能出现真讽刺,0,neutral/unclear
4720607730079554,2021-12-31 23:20:00,fertility,三胎,2021年12月31日总觉得要记录一下这一年。三月跟陈先生特意休了年假去华东玩了一个星期，希望每年都能跟陈先生出去玩一趟，虽然在旅途中我们也会吵架，会意见不同，我会闹性子，但是跟他一起的旅程，都让我念念不忘。今年最大的事情应该就是我成为了一个小孕妇了，而且正在期待明年我们的小闹🐯出生～六月发现肚子多了个小生命，来不及感受就迎来了痛不欲生的孕吐，食欲不振和胃部不适一直持续到现在，我从迫不及待期待早日到预产期到现在临近却怕生产的痛苦而纠结不安。不知道我们能不能做一对优秀的父母，只希望能努力做到合格，至少把宝宝教育成一个不对社会不对他人造成困扰的人。最近陈先生有时候会念叨，他办案时看到一些不懂事的半大不小的孩子做错事，或者不懂保护自己，他会很焦虑，我们要怎么教育我们的孩子，和怎么保护我们的孩子呢。或许我们认真工作，比如陈先生这般只要有工作，周末也不时回单位加班，已经是在努力的保护我们的宝宝，给他一个好的成长环境了吧。九月奶奶身体不适住了院，很恐慌，希望她长命百岁，幸好她还是坚强的又度过一劫。十二月了，就在今晚，陈先生跟几个同事约了十一点回单位打羽毛球跨年，真的是够颠颠的了…一个年纪大一点的领导同事说，这几个回单位打球跨年的人，很明显要么是完成了二胎任务，要么是老婆正在怀孕，要么是被老婆撵出家门的……我家陈先生，出门前还要摸摸我肚子说，宝宝虎年快乐，虎虎生威哈～这个没文化的狗男人就算我一直强调立春过后才是虎年他也不听，坚定明天就是虎年了……2022年，希望我们的小宝贝平安出生，健康成长，希望我们的父母亲人都平平安安健健康康，希望我们在学习当父母的一路上尽管跌跌撞撞也收获一路惊喜，希望宝宝出生后我的状态能变好回来，当一个好看又坚强的妈咪，我真的很不喜欢这么丑丑的自己了。,0,neutral/unclear
4720607613161628,2021-12-31 23:20:00,fertility,三胎,好快乐哦《爱情万岁》配合欲盖弥彰的字幕快乐加倍穿过内衣都不行还想劝大家三胎呢？（2021年最后一次阴阳怪气）,0,neutral/unclear
4720606500626260,2021-12-31 23:15:00,fertility,三胎,2021即将过去，假装写个年度总结吧。工作上：无进步，可能快没砖搬了生活上：1.体重方面：无退步，稳重前行2.健康方面：马马虎虎，勉强存活，慢性病突发病动不动光临一下，药不能停，无法响应号召生二三胎了。3.发型方面：长发变短毛，但土依旧，跟时尚永远对立。4.亲子方面：好，非常好，八月份开始从老母那接回自己带，已经回归到适应状态，平日晚上亲子阅读，周末陪娃各种外出。5.队友方面：猪蹄子年底自作主张买了个肾13虽然快一个月了还没有使用，但依旧感谢鲜少的礼物。平时生气骂几句解气，无大波浪。6.父母方面：身体尚好，近两个月忙孩子加之出京再进要核酸很少去见父母了。只能每日电话问安，礼物快递送到。6.密友方面：初高中密友依旧如故，闲扯话家常；工作后交的友断舍离一个，道不同不为谋，偶尔会梦到。7.资产方面：泪…，股票亏损中，发财梦想还没破灭，2022继续做小韭菜。8.厨艺方面：越来越次了，自己都不想吃自己做的，想到这里都写不下去了。睡觉，2022年一定比2021年还要好#2021年终总结#,0,neutral/unclear
4720604198739108,2021-12-31 23:06:00,fertility,三胎,我，已经26周岁了。好快哦，依稀还记得我还是小孩子的样子，慢慢的自己也慢慢的长大了，是一个年轻人了，不再是小孩子了。目前还是母胎solo。哈哈哈哈，说起来有点搞笑呀！其实也没什么丢脸什么不好意思的，一直这个状态我想了想有几条原因，一是我性格不合群，二是我在花一样的年纪遇到了我觉得很好的一个人，一直单恋着人家。三是我不知道为什么总是抵触别人，就喜欢独来独往，可能习惯了吧！一般人不喜欢我这个样子，还有人对我说我和别人不一样，哪里不一样我也不知道，反正就这样了。我也想谈恋爱然后结婚有自己的家有自己的孩子，可是无论是梦里还是现实中，我都无法做到去接受别人，我好怕我和别人在一起结婚了，我心心念念的那个人，会伤心难过，可是可笑的是我心中的那个人到底是谁我也不知道，我只是知道我遇到什么事情，我只要想起他我就会充满力量，想起他我的心就酸酸涩涩。可是我清楚的知道，他不会出现在我的生活中，但我还是放不下我的固执。2022年了，希望这一年有很多很多很多的好事会发生。,1,explicit positive/aspirational
4720604127691182,2021-12-31 23:06:00,fertility,三胎,2021年即将过去！在中国经济史这是不平凡的一年，房地产上半年火热下半年冰点，恒大戏剧性暴雷，房产黄金20年结束了；A股北交所开启了上市注册制，资本市场又开启新的篇章当然和大部分普通人无关；双减政策下教培行业顷刻崩塌，几百万行业从业者何去何从背后关系到几百万个家庭；新出生跌破千万，二胎三胎放开大力鼓励生育；高校毕业生首次突破1000万，就业形势严峻。,0,neutral/unclear
4720603066270237,2021-12-31 23:02:00,fertility,三胎,劈风踏雪迎春行――致敬2021，拥抱2022秋风萧瑟，冬雪纷飞，是收获的季节，也是代谢的季节。随寒暑相易、雨雪交替，新冠时代的2021走进尾声，“最寒冷的一个冬天”正在跨年的考验全球，考验每个人。寒冷，不仅是拉尼娜的助力令气温更寒冷；也是新冠的魔舞笼罩了生命的自由；更是通胀下行、摩擦纷乱的时局使得处处吃紧。当今流行一句话：时代的一粒灰尘，落在个人头上就是一座大山。2021年，人类有500多万的生命在新冠的灰尘中消逝，有数以千万的企业和员工在时局摩擦中消亡和失业，更有拉尼娜吹的底层芸芸众生频繁“断气”。2021年，又坚强。新冠肆虐，但我们依然从容面对，淡定生活。世界摩擦虽然不断，但没怎么擦枪走火，平稳祥和仍是主体。在我们的家园，亲历了双减教改，看到了娱乐圈的整治，参与了抗疫防疫的核酸、疫苗体验，算计着明星网红补税罚税可能带来的好处，高兴与悲伤着房价起落对自己资产的增减。无论过程如何，也无论结果如何，2021年，它过去了。2021年，不易。跌跌撞撞的过去了。2022年，带着坚强，带着憧憬、带着期盼，不迟疑的来了。我们即将走向这是个双数年，国人喜好，好事逢双。因此，2022年，应该、也必须是值得期盼和憧憬的发展年、幸福年、健康年。发展的目的是为了幸福，幸福的要义是健康，健康才能抵御和抵抗新冠肆虐，健康才能在时局艰难时避免雪上加霜，健康才能发展的未来抓住属于自己的机会，健康也才能为二胎三胎奉献自己的基因。获得健康的方式有许多，保持健康亦是千人千法。有主张运动的，有倾向静养；有人喜好养生保健，有人偏于药膳调养；有的随遇而安享受静好岁月，有的坚强奋进拼搏理想未来。每个人，都在自己的理念下行向不可知的未来，经受如疫病、灾害和人祸的挑战与考验，能够健康到达人生终点站的，是幸运者。不过，虽然社会已经足够发达，但这样的幸运者，并不多。所以，多数人的一生是压力山大的度过。古人能够在失意、失落的时候，或禺居南山下，或隐于桃园外，或者抚琴茅草屋，获得疗伤，享受另一种健康的生活。现代化的世界，已难找一片这样的净土、静所。当新冠来临，当阿富汗式的动乱发生，当大国间的摩擦烟起，世间尘埃往往躲不开、逃不了，或主动面对，或被动躺枪，受到的伤总比得到的、享受到的多。社会进化下面有暗流，岁月静好中隐藏意外与突发，时间就在矛盾的交替发生中、顺与不顺中流逝，生命裹挟其中，健康也需要动态平衡。四农哥向往慢生活，管好三分田，敬畏着自然，遵循着天然，毕竟，人的腿长不过三尺余，视不过十里八里，再远，腿迈的吃力，眼看的模糊。全球化地球村，高科技火星行，对绝大多数人的绝大部分时间，并不是必需。科技的产品，长尾的生产，超能力追求，有时候带给人的不一定是丰富，更可能是负担，是生活、生存成本，尤其是发展不足时，负担更重。成本大了，若超出了必需的范围，超过了收益的比例，这样的追求，并不能获得幸福和幸福感。常缺幸福感，一千种的健康方式，必有第一千零一种的不健康结果在等待。2021已然过去，2022依然短暂，击退暗流，克服意外，就必须移走生命长河里的每一个暗礁，坚定的驶向对岸的光明。与你们坚持的健康目标一样，稀农品购也坚持着自己小农理想，向自然要阳光，向天然求健康，这样的理想，已经坚持了许多年，并将继续把这个坚持带入2022年，在致力提供纯天然健康农产品的同时，携手农民奔向富裕，助力乡村振兴，将事业发展与幸福感结合，为社会提供第一千零一种的健康选项。愿，2022年，发展都更好，生活、生命都健康，在第二个一百年的征程中，踏出幸福和幸福感的第一步。,0,neutral/unclear
4720603003102226,2021-12-31 23:02:00,fertility,三胎,2021，一半积极努力，一半消沉忧郁。绝对算不上满意的一年。2021的上半年，从老家回到北京重新入职上一家公司，坚持着周末慢跑，把之前缺失的一个证书补上。读了《英语“爱拼”才会赢》和考证书籍。2021的下半年，开头是惊喜，又伴随着担忧，主因是本来没有在这个时间点要的二胎，悄悄来临，并且是在打了第二针疫苗后才得知的。从航空总院的专家到北医三院的专家，从没有影响到顺其自然，心情忽上忽下，又因在孕初期不知情的时候跑步，小朋友在我身上蹦来蹦去，所以孕9周时轻微出血，从峰顶到谷底的感觉，做什么都没有兴致，几近“抑郁”。从7月到11月，陪伴小朋友的时间和效率也大打折扣，时常担心爸爸是否能照顾好病中的妈妈，日子过得恍恍惚惚，转瞬即逝，非常不喜欢这种难两全的滋味！还好，经过反复地调整自己的状态，终于在12月慢慢抽离了出来。12月，又重新读起了书，读完了《做孩子最好的英语学习规划师》，在读《和小小孩说英文》。2022，努力做一个勇敢的人！,0,neutral/unclear
4720601802998478,2021-12-31 22:57:00,fertility,三胎,2022你好呀！和三胎舅舅家一起跨年，三位小弟弟妹妹在家里的小画板上还给我们留下了小惊喜不过似乎对bingo的爱更强烈一些！2022心想事成！,0,neutral/unclear
4720601790417193,2021-12-31 22:57:00,fertility,三胎,来了，美美生三胎了,0,neutral/unclear
4720600796635418,2021-12-31 22:53:00,fertility,三胎,跨年夜来讲个故事吧。2019年我在生火龙果之前经历过一次胎停。昨天晚上头一回一觉睡到三点多才醒，平时都是一点多两点多的样子，昨晚的第一觉竟然多睡了一个小时，别提有多高兴了。然后不知怎的突然就想起了上一次流产的细节，以至于横竖睡不着了，赚回来的那一个小时又赔进去了。胎停是有多重原因的，我至今都没搞清楚到底是为什么。反正我是半夜上厕所第二天被我妈发现地上有血，叫我去检查，才知道我的娃已经放弃我了。胎停那就必然要流产，我做完B超知道结果哭完之后不得不接受，领了猛药吃完就回家等了。猛药之猛不在于疼，而在于突如其来。天黑以后我坐在家里沙发上突然觉得腹部有无法控制的洪荒之力，不像拉肚子也不像痛经，反正有东西要漏出来了。我站起来从客厅跑向厕所，已经来不及了，有一大坨肉从我睡裤的裤管里滚了下来。我慌忙之中回头看了一眼，掉在地上大概有人脸那么大，颜色奇怪，造型更奇怪，像个小小的外星人，有头有眼睛，仿佛还有手和脚。后来我妈一看见就哭出来了，也只有我妈能感同身受，别人说心疼说难过都是假的。这也是我无比庆幸火龙果是男孩的原因，我无法面对我女儿的生育，就算她嫁得很好很幸福，生育对于女性来说始终是一道鬼门关。昨晚想到我那个来去匆匆的娃，顿时觉得那些劝我去流产的人都应该自己先割一块肉下来给我看看。每思及此都无比庆幸我有爹有妈有钱，我一定会坚决捍卫我和我的二胎。我的虎宝宝，妈妈和外公外婆都欢迎你。这是我娃的残骸，最大的那一坨不忍心拍，直接冲走了。后来医生还说不该直接扔，应该拿来医院给看看，可能是要为后来的清宫做功课吧。清宫可真疼啊，又冷又怕又疼，做完了还不能哭，因为我一哭我妈就更要哭。我真是一万个对不起我妈。谢谢妈妈生我。,0,neutral/unclear
4720600783784463,2021-12-31 22:53:00,fertility,三胎,那些你没体验过的完美，要三胎试下吗，想都别想,0,neutral/unclear
4720600574857543,2021-12-31 22:52:00,fertility,三胎,【你不脏，你很赞！#交警换胎后因手脏不敢握手#!】#交警正能量#近日，珠海一辆小车因爆胎迫停在车流中，正在司机手足无措之时，交警机动大队罗警官从小车上拿出备胎和工具。三名民警分工合作，熟练地给车换上了备胎。为表感激之情，司机想和罗警官握手言谢，但满手尘土的罗警官却害羞地缩回了双手：“我手脏了！”去年以来，珠海路上像爆胎一类的车辆故障，有七成以上都是交警、辅警动手排除故障。网友：罗警官，你不脏，你很赞！@珠海交警来源L公安部交通管理局的微博视频,0,neutral/unclear
4720600134454276,2021-12-31 22:50:00,fertility,三胎,没想到今年的跨年夜是在这样一种心情中度过的，连着熬了三个晚上，姐姐的胳膊现在肿胀严重认真看着下午还是发现有破皮的地方，妹妹的感冒看着症状又严重了，一边想坚持自己了解的科普知道让她扛过去，一边是婆婆在旁边不停的问吃哪样药，最终还是让妹妹吃了氨酚黄那敏颗粒，想着让她症状减轻可以好好睡一觉。现在两个都暂时入睡了，夜里二姨看住姐姐我看妹妹，二胎生活真的让我的2021过的匆匆忙忙，希望2022到来孩子们能健康成长，自己和父母也能健康这样就有更充沛的精力陪孩子一起成长,0,neutral/unclear
4720599602301786,2021-12-31 22:48:00,fertility,三胎,#朝阳实验二小#看见这种视频让我们怎么能放心生什么二胎三胎啊，国家鼓励生育之前，先帮老百姓清理一下教育环境吧。这个小女孩能有多讨厌？老师这么讨厌她的原因是什么？会不会因为孩子父母没给她们送礼上供？我不想助长不正之风，可是害怕不给老师老师可能会给孩子穿小鞋，所以看见这种视频第一反应就是这个…,0,neutral/unclear
4720599283010227,2021-12-31 22:47:00,fertility,三胎,小小的一个年终总结和明年的愿望。我！终于！重视自己的！身体！了！真的，什么都没我的命重要。然后to-dolist上也不算是一片空白，总之是个有点糟糕又不算太糟糕的一年吧。希望明年能看完手边的20本书，能完成和张张小凡胡总阿何的旅行约定，能攒钱养二胎，能攒一些钱，能换个新手机……总之前三项最重要！最最重要的是！搞死的疫情快过去了！真的不想再去哪都要考虑疫情了,0,neutral/unclear
4720611778102758,2021-12-31 23:36:00,marriage,不婚,分享单曲K直到对的人来(@网易云音乐)这一年以来特别是下半年我每一天都活在对你燃烧的恨意里这恨如同当年的爱一样炽烈经历了这一切才真正明白为何有人选择不婚/丁克多么渴望求得一瓶忘情水一饮而尽洗刷所有创口放下嗔恨心开运转“让那些不懂得珍惜我们那些不懂得珍惜我们的人慢慢地老去吧慢慢地远去吧”人心多复杂真诚永不朽直到对的人来,-1,explicit negative/rejecting
4720605360816441,2021-12-31 23:11:00,marriage,不婚,2021年终总结：1.实现了转岗加薪，不用做讨厌的工作了，但是发现新工作也不是很喜欢。明年想干更喜欢并且赚的更多的事情。2.与自己和解，与原生家庭和解，承认人的认识的历史性，不追求完美主义，一切迎刃而解。3.了解了大量女性主义知识，最大程度地明白了结婚生孩子是怎么回事，我并不是倾向不婚不育，我认可人的价值需要在群体中实现，但是不主张稀里糊涂地决定。4.做的不好的事情：浪费了太多的时间，看了太多没用的视频，过于自我并且情绪化，心态容易崩，需要更加理性，淡定。没有很多书影音的输入，也没有特别多有价值的输出。吃的太多，运动太少，睡得太晚。可以离娱乐圈是非更远一些。,-1,explicit negative/rejecting
4720600390046677,2021-12-31 22:51:00,marriage,不婚,来自于2021.12.31日晚给醉酒的余先生的一些话:今天是阳历2021最后一个小时了，不出意外的话，也应该是我们婚前的最后一个以男女朋友关系共同的跨年了。虽然我们在一起的这近七年的时间，彼此陪伴的时间非常的少，异地多年，彼此忙于工作，有好多说过但还没来得及做的事，也有很多遗憾，未完成的心愿。说实话，嫁给你这件事，我曾经很纠结，因为都说远嫁是场豪赌，而我又是一个很敏感很纠结的人，虽然我看起来大大咧咧没心没肺，但我曾经是个不婚主义，我对于婚姻的期盼真的没有太多。因为怕被伤害，所以选择不去期待。但这么多年，你从来没有做过让我很失望的事，看着你努力为了让我过上好的生活拼命加班的样子，不善言辞却一喝多就打电话表白爱我超级爱我的样子，从来不去强迫我做我不想做的事情的样子，努力的去改变自己生活中我不喜欢的小毛病的样子，我任何的不舒服你都会做我坚强后盾的样子，工作疲惫不堪却还要想办法让我开心的样子。从大学相识，相知，相爱，然后一步步走到现在。我们彼此见证着从青涩走到成熟，从年少轻狂到沉稳多思。我们都逐渐被生活压弯了腰，却必须要昂首挺胸向前走。我们都有很多的不足，未来很长，人生很长很短，有些路，慢慢走，有些话，慢慢说，有些事，慢慢做。希望我们都不会让彼此失望，而是共同努力的奔向前方,0,mixed/ambiguous
4720597857469382,2021-12-31 22:41:00,marriage,不婚,lyq|2021年度总结|关于2022这一年阴晴圆缺都经历了，身体健康，生活美满。✔️看了几场演出，见了很多喜欢的说唱歌手，纯纯精神食粮了。夏老师，玄朗，feezy，沙一汀，AD钙，王极，辣妹，愚月，摊爸，周密，江奈生，玫瑰狗狗，于贞。✔️练软笔字，能得到爸爸的夸赞蛮不容易的。明年回家妹妹就要比我写得好了，又要被小屁孩嘲笑了为什么我小时候他不教我✔️攒钱，现在的数目已经很满足了。足够去打完三针打九价了。✔️慢慢和爸妈灌输不婚不恋的想法。举例就是他们自己，反正我怕死，说一句就回顶一句，脾气好像臭狗屎。✔️后半年发现文学史的课程比较合我胃口，古代文学yyds。大创项目也有了奇怪的进展。✖️没有和楚涵见面。从今年元旦的木牌开始约，一直到年尾都没有机会见面。✖️四级变成了一个没有着落的事，裸考成了我今年最下头的行为。✖️永远没出息，永远希望把情感寄托在别人身上。新的一年，我的愿望很简单：四季平安，心愿达成。◾️慢慢养成稍微稳定些的心性。◾️该见面的人都能如约而至，每拖一次就少一份缘分。◾️大创项目年底必须结题了，千万不要带到大三去…◾️试着攒到2～2.5w。试试拆书稿。整理了一下相册。元旦在钟楼跨年，二月离家，四月开始陆陆续续地看演出，五月去兰州，七月成为冬奥预备志愿者，八月迎新，十月遇到了一个女孩，后来度过了这平凡又不凡的两个月。心情多少有点复杂，既为尚未完成的事情感到一些自责和遗憾，同时也会觉得，幸好还有来年。有过无人可说也缺乏理解的时刻，但幸好还有我的朋友们，借着彼此的力量度过昏暗的时刻，也通过分享联系着彼此的感情。当我回想起来，就会觉得，再糟糕的生活，我们曾经至少也有过一段值得回忆的时光。,-1,explicit negative/rejecting
4720616022476670,2021-12-31 23:53:00,marriage,不婚,我不婚主义者从初中就开始这么想了也看着身边一个接一个的人不想结婚休想说服我noway🙅🏻‍♀️,0,mixed/ambiguous
4720610440381390,2021-12-31 23:31:00,marriage,不婚,石冈君，2022年也要快乐。一个问题，如果里美决定终身不婚，陪伴石冈，是否能发展出相似御石的关系（注意是【相似】）意思是互相喜欢但是石冈君不会接受了。有点惨啊里美酱，双重替身....,-1,explicit negative/rejecting
4720595117811006,2021-12-31 22:30:00,marriage,不婚,2021年最后一餐吃这个烤鸭真的非常好吃😋再过一个多小时就2022年啦～希望家人健康平安快乐希望2022年可以遇到一个我喜欢他他也喜欢我的男生～有对的人出现的话，我也想结婚～不想当不婚族喽…,0,mixed/ambiguous
4720592899546302,2021-12-31 22:21:00,marriage,不婚,在2021年的最后一天去体检，又是结节又是囊肿的，我检讨，今年我真的很容易生气，火都压在心里，以后要想开点，不要生气！长久以来的痛经也找到原因了，唉虽然说对不婚主义的我没多大影响，但是只要是带病的字眼我就开始害怕，总之该吃中药吃中药，对自己身体更好！明天就是2022年了，只希望新的一年保持好的心态，不生气，不发火，平心静气，我和家人无病无灾，开心快乐，工作顺利，生活顺风顺水。,-1,explicit negative/rejecting
4720592433191671,2021-12-31 22:20:00,marriage,不婚,叶老师，真的真的非常想跟你结婚，来自一个不婚主义者的自白,-1,explicit negative/rejecting
4720590134706799,2021-12-31 22:10:00,marriage,不婚,酸甜苦辣自己品，喜怒哀乐自己尝。若有来生，不婚不嫁不育不养，不做谁的妻，不为谁的娘。有些委屈除了自己谁也看不见，有些苦衷除了沉默谁也不能说，说不出的痛最无奈，没人懂的苦最心酸,-1,explicit negative/rejecting
4720586108961231,2021-12-31 21:54:00,marriage,不婚,不婚永远快乐,-1,explicit negative/rejecting
4720578643101623,2021-12-31 21:25:00,marriage,不婚,#第一批00后开始被催婚了#王思聪家里有皇位是不婚族，普通人刚刚性成熟爹妈就惦记着催婚催崽了。,-1,explicit negative/rejecting
4720578063242510,2021-12-31 21:22:00,marriage,不婚,前段日子和妈妈谈心，说了那段从未向她提过的感情。现在的我表示并不排斥接触新的男生，但是我也做好了如果没有遇到很喜欢的人就一直单身不婚的准备，并且希望妈妈我能尊重我这样的决定。工作后听过太多人结婚是因为父母的催促，或者自己年龄大了看着身边人都结婚了所以也赶紧跟着结婚，甚至有和前任分手赌气就和家里安排的相亲对象直接结婚……总之各种各样的原因吧，却很少听说因为爱情而选择结婚。我不想跟一个不喜欢的人结婚，在父母满意的泪光之中，在经历一场盛大的婚礼之后，高光之灯熄灭，人群散场，等激动的心绪平复下来，巨大的空虚、悔恨感，绵绵长长、漫无止境地将自己淹没,0,mixed/ambiguous
4720576109742265,2021-12-31 21:15:00,marriage,不婚,要是能从新选择，我一定当个不婚族！,-1,explicit negative/rejecting
4720574871897730,2021-12-31 21:10:00,marriage,不婚,做一个不婚的丁克如果没有世俗的鄙视眼光应该会非常非常幸福吧,-1,explicit negative/rejecting
4720574309606276,2021-12-31 21:08:00,marriage,不婚,遇到胖胖的姑娘，面如满月精致妆容，长长卷发，很美，想到肚皮舞老师，国际贸易老师，内心丰盛而浪漫，从不婚，到存满盒子的金条做嫁妆，眼神做个纪念，过往一并清理，姐姐说，空才可承。丸子说，我以神速在冲。对，光速向前冲，社交降到最低，时间少量共享，拒绝三波倒数团，灵魂在太古仓跟我哥哥看珠江尊者牛逼,-1,explicit negative/rejecting
4720560627522693,2021-12-31 20:13:00,marriage,不婚,#第一批00后开始被催婚了#以偏盖全的标题党，满打满算才20出点头，大学还没毕业，至于催婚吗？若是催着谈对象并带回家，那还差不多。就一个妈妈的做法，上升的高度有点不胜寒，该起一身鸡皮疙瘩啦。00后的孩子们多自我，催急了，和父母对着干，我不婚啦。父母碰到这等角色，还真不好办。,-1,explicit negative/rejecting
4720555854924903,2021-12-31 19:54:00,marriage,不婚,-不婚主义者谈恋爱算不算渣男你会和不婚主义者谈恋爱吗？生活聊天室#娱乐综艺##明星日常#L新城影视-A的微博视频,-1,explicit negative/rejecting
4720546295844181,2021-12-31 19:16:00,marriage,不婚,我表哥说他是不婚主义，我妈竟然评论说真是大言不惭…这词用的…,-1,explicit negative/rejecting
4720542735400991,2021-12-31 19:02:00,marriage,不婚,又要老一岁了，希望我能继续顶住压力，坚持不婚丁克，不被我那封建父母和愚昧亲戚当成传宗接代的工具人。我们这边结婚，男方和父母就是为了子宫和孩子才结的婚，就是为了传宗接代，不然女生就会像商品一样被退货，甚至女生自己都是这样认为的。我不愿做这样的商品，我只知道我是个有自主思想的人。新的一年，希望自己更加独立！,-1,explicit negative/rejecting
4720615694797322,2021-12-31 23:52:00,fertility,二孩,@在小丁怀里撒娇@·绵耳兔绒·@1119az@·芝心小熊派·@·水鑫記·@·纤芝焗鳗鱼·@猪耳朵听听@芝心牌猫猫粮@a林嘉浔@半个月再来@暴躁猫咪·@把物理踩在脚底@北海知昀@不要番茄噜@錯懿@第六场日出·@躲进芝心怀里@二屁在加油la@贩卖心冻·@狗熊岭上嗦粉@和朱志鑫热恋@给飞飞买镶钻的拖孩啊@京都千金@荔枝酸奶冻_@莓冻泡奶·@幂味奶鑫@奶烊巡游记@nineteenmissu@o朱猪侠o@欠我担的小饼干什么时候还@气氛这么的微妙@七号X霸王龙back@糖果派对呀@桃芝椿咕茶@坨坨___@我好饿啊·@陷落黄昏Serein@小迪邮递员_@小jam儿@小杨肖恩的甜品铺子@希望三楼粉丝不要团建@吸一口刘宇@杨超越看看孩子吧@焉音悦台@一颗好生菜@一碗杉菜-@妤墨ZQ@余景天爱惨了你@找不到阿志藏的字啦-重生版@志-温柔的野心家@芝士芝鑫@芝心超哇塞@芝心环游世界@芝鑫可可@芝心漫游仙境@芝心牌猫猫粮@芝心是朱山根@芝心小奈@芝心zz@-阿志邮递员-@-丞哥要喝橙橙汁@1119az很高兴认识你们！新年要开心！,0,neutral/unclear
4720613547842568,2021-12-31 23:43:00,fertility,二孩,#告别2021#还有二十分钟，2021年即将结束。听着五月天的跨年演唱会，写着这份“年终总结”。回顾一年，感觉自己好像又浑浑噩噩的过了一年，没有任何的成长。时间易逝，容颜易老。这一年我可以问心无愧的说我真的有努力认真的工作，本希望通过一年的辛勤认真工作，争取职位薪酬再上一层，缓解小巴同学的经济压力，分摊生活的辛苦和幸福。5月31日这个国家宣布开放三孩的日子，我们措手不及的收到了二宝到来的通知。我前面的努力突然间全部清零，心里其实很是难过。回想这一年，小巴同学压力大了许多，我减少了交际应酬，每天尽可能的早点回家，分担婆婆带孩子的压力，可是有没有问过我，你上一天的班，再回家不停的围着满意转，不会累吗？有没有想一个人出去走走休息休息的想法？你自己去哪里了？2021年我们没有再添置大件东西，但是仍然很幸福，因为这一年，满意没有复发，健健康康的成长着，我满怀期盼的等待着二宝的到来。希望二宝健健康康的来到这个世界。2021年大着肚子奔赴杭州参加小毛的婚礼，希望她可以幸福美满。2022年，希望我们可以买一部可以全家出游的车车，有空的时候可以带着两个孩子出去游玩，接触外面的世界。希望我可以获得一份新的满意的工作，希望我们的家庭可以一直幸幸福福的，希望满意和二宝可以继续健健康康的成长。2022年，让我们一起向未来！,1,explicit positive/aspirational
4720612880158894,2021-12-31 23:41:00,fertility,二孩,一月在家天天买菜做饭像个家庭妇男？二月上了人生中第一份正经的班三月心肌缺血，哈啤酒都得热一下四月向新鲜的家人发出邀请五月过生日，见了几乎所有的家人，和断档家人在归国家人的帮助下进行了复合的大动作六月在宿舍一边减脂行动一边天天哈啤酒七月毕业并且天天哈啤酒八月从真爱上获得了乐趣九月吃吃喝喝十月和老家人酒店拖孩迈阿密一日游十一月离职然后抓住时间疯狂哈啤酒十二月双双叒有新的家人把俺往心里处我是友宝男，我的生活没有家人根本活不下去，我爱我的家人，也希望我的家人新的一年跟我爱他们一样爱我2022一切顺顺利利，2021是真的很垃圾,0,neutral/unclear
4720612544877225,2021-12-31 23:39:00,fertility,二孩,aiyo这是来自烟台的MC，嗨唱可以叫我Mac-JAY来整点flow不是在这秀希望都可以给你们六十六个六现在都开始2022跨上了热门，开心都不止2021过去化作尘，90后的孩纸在这说唱莫慌神，他们都叫我小杰哥嘻哈丢了魂。随便一句punchline我在这里shoutoutdropthebeat整点freestyle不是瞎叫我早已不带眼镜，freestyle不是很硬新年祝福给奔三的90后整点个性🙋aiyo你看我们多么有缘，2022我祝各位特别有钱，应该怎么讲呢你可以挣点打钱，挣完大钱叫我一起跨年可不可以呢你看我说的多么嗨，你们都看我拿着mic一直在这瑞思拜我就一直在这表达我的祝福我不仅freestyle我还在这呜噜aiyo你看他们都说爱了你看我拿着麦克风多么帅呢check我依然可以在这对着未来表白，希望将来继续努力不要辜负我的女孩。goddamn不随便牵手也不去夜店喝酒，不抽寂寞的烟也不跟女孩走。ohyofreestyle说的这里我也不想喊停，希望听到的每一位新年都能躺赢🙋peace&lovehappynewyear！2022！,0,neutral/unclear
4720612016660472,2021-12-31 23:37:00,fertility,二孩,二孩爸给我唱的一整个精神分裂,0,neutral/unclear
4720611018673457,2021-12-31 23:33:00,fertility,二孩,2021这一年我们步入婚姻的七年[暖一下]这一年我们的二宝出生了🤗让我们一家三口变成了一家四口好字凑成从此爸爸有了小情人，变得更加体贴心细，哥哥有了妹妹，变得更加懂事儿有担当看着俩宝一起玩耍，相亲相爱，共同成长，便被满满的快乐和幸福感包围了，这时二孩生活偶有的一地鸡毛就可以彻底忽略不计了感谢2021，你好2022！我们仍旧是我们，我们变成了更好的我们，我们更爱我们,0,neutral/unclear
4720605859157574,2021-12-31 23:13:00,fertility,二孩,2021年，愈发觉得我与世界的联系变得紧密，从新冠大流行影响出行，到杭州限购无购房资格，到互联网裁员影响以后就业，最后到二孩三孩政策所引发的未来可能会面临的养老问题。人总要学会跳脱出来，宏观地看待这个世界，为自己提前谋划出路，凡事要先人一步才能立于不败之地。2022，做好自己，爱我所爱之人。另：平安健康最重要,0,neutral/unclear
4720614684755634,2021-12-31 23:48:00,fertility,二孩,找到了skz3和二孩房快点播，饶你不死，但是世巡我真的，，，，，哈哈,0,neutral/unclear
4720610746307792,2021-12-31 23:32:00,fertility,二孩,咸酥鸡或许会迟到，但永远不会缺席🤣快乐爬墙一小时～今晚的编曲真的太帅了啦！！！隔壁团（bushi)吼，要拿出诚意来嘛，2021让你们这么溜了，2022知道该怎么做的吼（反正池宝的宝座已稳，二孩三孩可以出动了吼）,0,neutral/unclear
4720601736420797,2021-12-31 22:57:00,fertility,二孩,#晚安计划#跨年了，谁在陪你呢？有个结了婚二孩快出生的同学每次跟她聊天都会说我单身真好。每次我都苦涩无奈地笑了。单身一点都不好，我好想有个人可以陪伴我、支持我、温暖我。,0,neutral/unclear
4720601556850986,2021-12-31 22:56:00,fertility,二孩,有崽的这些年，每年跨年都这么的不一样，第一年在路上狂奔吃了碗牛肉面，第二年，爸妈去超市疯狂采购，我在家欣赏我的小宝，第三年蜷在小小的板凳上整理了滩一年的银行流水，今年，孩他爹千里送人头落地成盒，一个人被隔离在酒店，结束了一周的疯狂加班，肩膀酸到针扎，下午六点紧急撤离的医务人员这会开始吆喝大家下楼做核酸，迷一样的年尾，不管怎样，今年告一段落，happy🐮year,0,neutral/unclear
4720600993766078,2021-12-31 22:54:00,fertility,二孩,鉴于上一胎的经验，可能早期孕吐会让我在一个月内暴瘦10斤（虽然我怀澄澄的时候，吐到进产房的前一刻），我现在趁着孕吐还没抵达，开始给自己增肥。基本上就是一天吃4顿，早中晚加一顿夜宵。大卫和金秀儿试纸已经强阳看不出加深了…强阳用时比怀澄澄那时要快很多…不晓得孕吐会在什么时候来折磨我…今天晚上这夜宵也不知道吃的是什么。打包回来的铁板黑椒牛仔骨、墨鱼水饺、扬州狮子头、加上家里的刀削面，煮了一碗…大杂烩？胃口在悄悄改变，现在很喜欢吃麻辣的东西。尤其是黑胡椒的味道让我欲罢不能。巴不得吃饭的时候米饭上都撒一些黑胡椒粉…巴不得那个黑胡椒酱当吸吸冻吃…怀澄澄那会儿是抱着米醋使劲往里干…比起增肥，其实最让我头疼的是脸上长粉刺。怀澄澄那时候脸上真的特别干净，皮肤也超级好…现在突然脸上冒出来很多粉刺，又痛又痒…那会儿还不确定怀孕的时候就开始长了，我还欣喜是不是快要来大姨妈了…不晓得后面会不会变丑…#怀孕日记##孕期日记#,0,neutral/unclear
4720600088577690,2021-12-31 22:50:00,fertility,二孩,我在看：【浙江宁波：生育二孩三孩家庭买首套房，公积金首贷额度提高20万】@新浪新闻#跟新浪看热点#O浙江宁波：生育二孩三孩家庭买首套房，公积金首贷额度提高20万,0,neutral/unclear
4720599027681712,2021-12-31 22:46:00,fertility,二孩,2022南方周末新年献词没有谁想到，为这一年中国人的日常留下最真实画像的，是一份份“流调”。52岁的绍兴出租车司机，多日里每天跑车20小时；出差徐州的男人，日复一日调试设备，晚上吃麦当劳十分钟度过44岁生日；45岁的南京妈妈，除在机场做保洁外，其余全部是带孩子去各种培训班的足迹；35岁的爸爸，晚上在东莞居住，早上送完孩子后又大巴连地铁赶去深圳打工；沈阳大爷的鸡架子、广州阿婆的早茶、扬州天天麻将馆、云南多位八旬老人旅游到内蒙古额济纳旗，让疫中生活现出地方风情；而瑞丽居民的困顿、伊犁游客的窘迫、西安全城的封控，让人耿耿，有如身受……那些粗粝的细节，那些奋力生活的轨迹，那些单调重复里的爱、责任和坚韧，真实映照着一个个普通中国人的日常，比滚动播报的全球新冠疫情数字更加牵动人心。但疫情终究改变了每一个人的日常，时间之矢已无法倒转，世界再也回不到从前。多少坚固的东西都在烟消云散啊，那些耳边响起的崩裂声，仿佛低徊于时光深处的惊雷。旧的一页悄然翻篇，没有正式道别。新的世界加速拼图，不会友情提示。普罗大众的日常之上，是与新冠疫情相迭的百年变局在交织演变，历史正在流淌、奔腾、冲刷，淘荡出新的河床，镌刻出新的走向。外太空空间站新建起“三室一厅”，元宇宙模糊了虚拟与现实，时空概念在多个维度被刷新；“史上最大龙卷风”，“千年一遇暴雪”，纽约首遇暴洪，欧洲最热夏天，全球气候极端化让现实世界运行逻辑难以为继；中东难民冲击脆弱的欧洲联盟，美军急切飞离阿富汗泥潭，俄乌竞相屯兵，巴以飞弹对决，大国角力让全球关系空前承压。陌生的图景，陌生的语言，陌生的节奏，可谁能阻止这滚滚大潮？猎猎风起，我们已站在百年未有之大时代路口。何处是生门，何方有出路？谁能争得先机，谁能笑到最后？唯主动破局，果断开局，抉方向，择先机，方能萃取绵绵不断的力量。抉择当先，要在当下。抉择是亘古至今的召唤，谛听着生命固有的咏叹。君子居易以俟命，小人行险以徼幸。抉择是坚忍持久的爱，是为自己为亲人为路人为家与国的明天筹谋。抉择是责任担当，是纵然身在沙漠，也要变身骆驼，不为鸵鸟。抉择是勇气，是直面惨淡后的奋起，是横下心接纳陌生、改变和结果。抉择是较量，是狠狠扼住命运的咽喉而且还要以堂堂正正的姿势。抉择是新生，是涅槃后更为强壮的灵魂，是摧枯拉朽、洗髓换骨后的轻盈如燕，是从悲观中升华出的达观，是最终化成的不老青山。人之抉择，难以处处顺滑，但求不做浮萍。而每一个你我，绝不躺平，绝不由天，要努力在时代与命运的罗盘上刻下印记，以千万个一粟聚成洪流，汇于沧海。回望这一年，百年前那艘红船上的抉择，为中华民族带来第一个百年奋斗目标的实现、第二个百年奋斗新征程的启航；“共同富裕”浙江示范，“三次分配”全网流行；新选制香港落地，个人信息保护、反垄断纷纷亮剑；房产税试点已楼梯吱嘎响，“双碳”承诺描绘出绿水青山；“全面三孩”光速落地，“双减政策”重磅出击；互联网告别狂飙突进，“劣迹艺人”一夜褪尽光环……也许，要到10年、30年或者50年后，这些大事件大抉择的所有意蕴才能完全彰显，但你我皆已是局中人。每一个人既被抉择，又在抉择。就在眼前，就在此时。抉择当然有代价，尤在这巨变的当下。抉择重如千钧，更需要有心者不抛弃、有力者不放弃，一起扛起时代的那粒灰。你有你的抉择，我有我的抉择，家有家的抉择，国有国的抉择，文明有文明的抉择，历史有历史的抉择。亿万个抉择汇聚，世界方显参差多样，宇宙才真正博大浩渺。但无论大小，每一次抉择，都是一次主动求变，都期待一场苦尽甘来。正如每一棵破土的新芽，都带着穿透时光的倔强。在这条路上，我们守望相助，给灰心者做光，给失味者做盐。让软弱者挺起胸膛，让畏葸者不再彷徨，帮失意者重拾信心，向溺水者伸手施援，给悲恸者抚慰拥抱，令疲惫者沉入酣眠，为无家可归者提供最后的依靠。这是我们共同的抉择。落子无悔，抉择本身就是向前。从一个变局闯入另一个变局，从一个时空通关到另一个时空，抉择难分福祸，但求无愧天地；抉择无论成败，背影自带光芒。虽千万人，吾往矣！愿这一刻，时雪洗去尘垢，惠风拂走阴翳。沐浴和煦阳光，聆听万物呼吸。时光酿成甘酒，属于每一个正奋斗抉择的你。祝你新年快乐。,0,neutral/unclear
4720598267465911,2021-12-31 22:43:00,fertility,二孩,2021年的最后一天🔚今年最后一个夜班（照片是下班拍的），在这个夜班里有人迎来第二个孩纸的降生，有人痛失兄弟，有总是关心我下班的患者家属，还有热情跟我道别的患者⋯⋯一定是特别的缘分来到了这里，下一刻永远难以预料，不知不觉快半年了，感觉收获了很多，也越来越觉得要珍惜当下，珍惜身边的人，珍爱自己的生命，今年奔波不停，未曾想最后留在这里工作和发展，虽然想起专升本考试仍会觉得有些许遗憾，但来到这里也让我看到了不同的风景，只是走了不一样的道路，医路漫漫学无止境，非常羡慕科里那些经验丰富的老师们，每次他们跟我讲解很多急诊专科知识，操作，抢救病人时，我都觉得是他们的高光时刻，他们简直就是神的化身，跟时间赛跑抢人拯救生命，真的很伟大，虽然阿长对我有鼓励和肯定，但是我真的觉得未来能有这些老师的百分之十都谢天谢地，能把一件事情做到专业到极致真的让人佩服，他们是我的榜样，向这些优秀的老师们学习，努力成为一名合格的急诊科护士，每一轮的忙碌过后都在好好享受休息，骑自行车一小时到市里是我的快乐，因为可以买到喜欢的东西，从年初的粉色奇奇蒂蒂联名买到年底紫色奇奇蒂蒂，今年是被名创拿捏的一年☔️，简直不能想象回家的时候要带多少迪士尼商品回家，这还只是半年，生活在有山有水的温州是幸福的，也终于实现了落地窗玻璃阳台的小愿望，可能唯一美中不足的就是孤寡🐸，假期好短，好想出去旅游，好想去看海，等疫情好一些再计划吧，还是好好上班，充实自己，翻山越岭，披荆斩棘，日复一日，一定要成为自己想成为的人，人间烟火值得，万事喜乐皆阖，又忙又乱的2021年再见👋2022年愿美好翻倍🥳所愿皆如愿💕～,0,neutral/unclear
4720595877232773,2021-12-31 22:33:00,fertility,二孩,又是一个二孩妈,0,neutral/unclear
4720593688335156,2021-12-31 22:25:00,fertility,二孩,2021没什么特别的事情除了吃还是吃2022要开启俩娃生活啦期待呀～,0,neutral/unclear
4720588851518517,2021-12-31 22:05:00,fertility,二孩,回望这一年，百年前那艘红船上的抉择，为中华民族带来第一个百年奋斗目标的实现、第二个百年奋斗新征程的启航；“共同富裕”浙江示范，“三次分配”全网流行；新选制香港落地，个人信息保护、反垄断纷纷亮剑；房地产税试点已楼梯吱嘎响，“双碳”承诺描绘出绿水青山；“全面三孩”光速落地，“双减政策”重磅出击；互联网告别狂飙突进，“劣迹艺人”一夜褪尽光环……Allthingssplash!,0,neutral/unclear
4720586214082795,2021-12-31 21:55:00,fertility,二孩,今年二孩，乔迁，提拔，三大重要事件，规划师没有过始终还有遗憾，不过也好，以考促学，鞭策自己2022年继续努力。每年最后一天总结，总觉得自己在过去的一年做的还远远不够，有些事情还不够努力，但懊悔已然来不及，希望此刻这份懊悔的心情能保持住，2022年时刻勉励自己，把要做的事情，想做的事情，做到100分。,0,neutral/unclear
4720580663971115,2021-12-31 21:33:00,fertility,二孩,原来现在二孩爹是骂人的话啦，二孩爹的粉要把所有正经的词语都要污名化了,0,neutral/unclear
4720578705232067,2021-12-31 21:25:00,fertility,二孩,前段时间，因为有急事，我和孩爸都不在家，二女儿（5岁）被送到她姑姑家——也就是孩爸姐姐家住了一周。今天傍晚，我们吃饭时他姐过来了。她坐下之后，也拿了一些东西吃。不久，孩爸拿着一个杯子对女儿说：“去，拿杯子到饮水机那儿给姑姑接杯水，姑姑渴了。”听到这话，他姐也转过头来，对女儿说：“对，去给姑姑接杯水，姑姑渴了。”女儿不为所动，说：“想喝水，她自己去接不就行了吗？”孩爸继续诱导，说：“你忘了？前些日子你一直住姑姑家，姑姑照顾你来着？你也要学着照顾姑姑才对。”他姐也继续说：“是啊，你要学会给姑姑帮忙，这样以后才能继续在姑姑家住啊。”他们一直说，女儿不耐烦了，说：“不，我以后又不住姑姑家了。”他姐继续说：“那万一还得住呢？”女儿说：“你傻不傻？我妈妈都回来了，干嘛还要住你家。”听到这话，我对女儿说：“不能那么跟姑姑说话，傻是骂人的话，那样说不好。”除此之外，我并没有批评女儿，虽然用词不当，但她表达的意思是对的。即使我女儿在她家住了一段时间，我也并不认为女儿该因此对她感恩。因为照顾女儿是我们的义务，当我们有事，拜托她照顾女儿时，也是我们欠了她的情，而不是孩子欠了她的情。所以我们还就行，不用孩子还，孩子更加不必要因此心生愧疚，她仍然可以用平等的态度和她相处。即使这只是一句玩笑话，女儿也没必要去附和。,0,neutral/unclear
4720578173605048,2021-12-31 21:23:00,fertility,二孩,八十四在我们这个古老的国度里，八十四，可是个不太吉祥的数字，俗中有语；“七十三，八十四，阎王不请自己去”。前年三月，八十四岁的母亲在俗语中走向了生命的尽头。春天，本是个万物复苏的季节，可在这个美好的时光里，母亲的溘然离世，让我陡增伤感，悲从中来。母亲身出寒门，同万千乡下村妇一样，大字不识一个，这也难怪，在二十世纪三十年代的解放前，连吃一顿饱饭都感觉是幸福的贫民儿女，哪有上学的资本和机遇。母亲育有五孩，二男三女，作为小儿子的我，是母亲的最爱。十指连心，手心手背都是肉，母亲之所以特别疼我，因我从小体弱多病，五岁时脖子上长恶疮，八岁时从树上掉下摔断左腿，并不是特意的偏袒，更是一种特殊的照顾。上世纪五、六十年代，是国家极度穷困、物质匮乏的年代，在这种艰苦的环境下，一个农村的七口之家，怎样糊住几个嗷嗷待哺孩子的嘴，是母亲思考的头等大事。,0,neutral/unclear
4720570169825370,2021-12-31 20:51:00,fertility,二孩,可可爱爱又一年回顾2021年，二宝的到来，搅乱了原来的三口之家格局，孕后期因为一场重感冒煎熬了一个多月的兵荒马乱，可能老天垂怜我，整个分娩过程还算意外的顺利，月子也大体顺心，身体也恢复的很快，二孩模式渐入佳境。感恩单位领导同事的照顾以及俺妈一如既往地做我的坚强后盾。愿新的一年，阳光铺路，温暖如初[米奇比心]最后两张记录下2021年我的主战场，不容易呀！,0,neutral/unclear
4720557088053596,2021-12-31 19:59:00,fertility,二孩,浙江宁波官宣：二孩、三孩家庭，明年1月1日起施行！L冒昧的飞哥的微博视频,0,neutral/unclear
4720557084381794,2021-12-31 19:59:00,fertility,二孩,新年烫新头，走进理发店前我是青春妙龄美少女，走出理发店后我是离异失业二孩妈烫得好，下次不许烫了,0,neutral/unclear
4720554731114099,2021-12-31 19:50:00,fertility,二孩,2021最后一天，除了二孩百天照，竟然都没有一家四口家庭照，只能东拼西凑找到大儿子小时候照片发一下，过去的一年收获满满，新加入一位成员成了一家四口，未来希望很快有属于我们一家四口的小家，然后幸福下去！,0,neutral/unclear
4720554332918830,2021-12-31 19:48:00,fertility,二孩,金不金花的说这些都二孩爹争啥呀,0,neutral/unclear
4720553925544396,2021-12-31 19:47:00,fertility,二孩,吃饭邓皓丞感叹的说#我感觉我在这个家出局了[捂脸]我和爸爸相视一笑，太惊讶啦我问，为什么呀，爸爸妈妈最爱你了控诉如下3⃣️条第一，爸爸回家你就说，爸爸辛苦了，那么关心，吃饭的时候，爸爸又给妈妈夹菜，说妈妈辛苦了，你们就在互相关心对方，妈咪我每天读书，那么早就去学校，你怎么不说说，宝贝辛苦了……宝贝上学辛苦了，做题辛苦了呀爸爸还给妈妈送礼物🎁第二，晚上睡觉也是，明明晚上我睡中间在，我要和爸爸妈妈一起睡，可是我早上醒来，我都睡床边边去了，爸爸睡到中间在，我是不是出局了？第三，虽然去逛大超市，妈咪说，我自己选喜欢的，但是，每次买回家的东西，多半都是你们的，我就薯片，奶酪是我的他觉得洗衣液，牙膏纸巾都是爸爸妈妈的咋观察这么仔细呢没事儿总观察我们干什么～～～重点我哪里敢应付怠慢他事实证明，带一个娃，醋缸也要翻最近动不动就吃我和他爸爸的醋超级可爱的小朋友，新年来临给我们家的小醋缸，准备了一份惊喜奉上老母亲的一封表白信希望这个可爱纯真的小朋友在新的一年要更开心更自信更茁壮孩纸们是天使，愿所有人都平安快乐,0,neutral/unclear
4720552840007704,2021-12-31 19:42:00,fertility,二孩,srds我不知道为啥“二孩爹”是啥骂人的词，粉丝会为了哥哥不再是处男了而破防哭泣吗……最具喜剧效果还是蛾子讲的，蕊姐落泪好吗,0,neutral/unclear
4720550260244755,2021-12-31 19:32:00,fertility,二孩,2021年，妹妹出生在30岁成了两个宝宝的妈妈很是开心，觉得幸福因为妹妹，才知道有兄弟姐妹的奇妙手足之情是独生的我之前没有感受过的除了妹妹出生，还啃老买了车车觉得对不起爸妈不知道什么时候才能从房贷中喘过气来想换大一点的房子给两姐妹住读个还过得去的学校想跟爸妈一碗汤的距离有什么情况可以互相照应可是钱包啊就是不太争气只能见步行步希望若干年后回想现在当年的决定没有错工作上希望能快乐一点做好本份，留点时间给生活如果不能照顾好家人那工作拼命的意义又何在希望把亏欠妹妹和爸妈的逐步补上一家人在一起健康就是最大的福分,0,neutral/unclear
4720617473180407,2021-12-31 23:59:00,fertility,二胎,记录这一刻吧，新年快乐！2021翻篇了，一年到头太忙碌了…期待2022，有更重要的事情发生！要完成更大的事业。产业园，培训班，还有二胎，通通都落实,0,neutral/unclear
4720617376719834,2021-12-31 23:59:00,fertility,二胎,#2021年终总结#👋再见2021👋升职二胎买房生病逛街聚会一天天充实着🌟愿我们2022🌟身体健康开心快乐心想事成爱你们❤️,0,neutral/unclear
4720617305410856,2021-12-31 23:58:00,fertility,二胎,疤痕修复超话#苏映军谈疤#随着二胎、三胎政策的来临，有一部分女性要经历不仅一次生产经历，就有人问为什么我第一次剖腹产没留疤，第二次留疤了，这是为什么呢？,0,neutral/unclear
4720617149961364,2021-12-31 23:58:00,fertility,二胎,2021年的最后一天，在孩子们的欢笑中哭闹中结束🔚二胎生活的一地鸡毛和幸福感相辅相成，但丝毫不阻止我爱你们，2022年用尽全力去爱。,0,neutral/unclear
4720616957025230,2021-12-31 23:57:00,fertility,二胎,2021这一年真快二胎买房这一年是幸运的于我而言也是比较有收获的一年新的一年还是要努力更优秀啊让家人都过上好的生活呀,0,neutral/unclear
4720616345175007,2021-12-31 23:55:00,fertility,二胎,2022生二胎,0,neutral/unclear
4720616173214589,2021-12-31 23:54:00,fertility,二胎,#2021年最后一条微博#2021非正式总结这一年装修了房子，住进了新家这一年有了勇气下决心生了二胎，虽然又是男娃这一年工作平平，带了两年的学生因为我休产假不能继续带，拱手给了别人。我感恩感这帮孩子让我得了一个年度优秀，获得一个区级嘉奖这一年对自己对家人有了更深的了解，心态更加平和，更加相信日子是过给自己的～和老胡吵架少了，和婆婆相处更加轻松愉快了这一年开始辅导儿子写作业，自己的脾气被磨没了，生气的时候会控制自己……总结：2022，充满期待不写了，沐沐瞪着大眼不睡觉，我要陪她熬夜跨年了,0,neutral/unclear
4720615599119517,2021-12-31 23:52:00,fertility,二胎,真的是好快，一年又一年，今年收获了我们的二宝，成功升级为二胎家庭。希望2022努力完成小目标！🙏🙏🙏,0,neutral/unclear
4720615493995005,2021-12-31 23:51:00,fertility,二胎,#新的一年你有什么美好愿望#我就想要个二胎，愿如我所愿！！！,0,neutral/unclear
4720615313905591,2021-12-31 23:50:00,fertility,二胎,开始想不明白为什么要生二胎。孩子真不是生下来就没事了，每天发生的情况都不一样，我们要时刻准备着去面对，只能在心里不断的安慰自己，你看，今天一天又过去了，咬牙坚持再坚持,0,neutral/unclear
4720615124899728,2021-12-31 23:50:00,fertility,二胎,新的一年，祝我的家人，亲人，朋友健康快乐，万事如意！2022年祝我工作顺利，祝我按时收房，祝我有个二胎宝宝，祝我考取一建增项和造价证书，最后祝我投资顺顺利利。新年快乐。,0,neutral/unclear
4720615112574283,2021-12-31 23:50:00,fertility,二胎,2021好事小结一次亲子旅行✓三次两人出游✓出席好姐妹婚礼✓收到柯南主题手机✓多了一只性格像狗🐶的二胎猫咪✓装修完毕顺利搬家✓好姐妹重庆重聚✓大学同学婚礼变同学会✓猪猪的第一张奖状✓另外还有连换三份工作，钱包逐渐变鼓✓,1,explicit positive/aspirational
4720615032619782,2021-12-31 23:49:00,fertility,二胎,2021年收获了一个鹅仔🐮💙👶🏻开始了鸡碎狗零的二胎生活👨‍👩‍👧‍👦感恩🍀,0,neutral/unclear
4720614818452552,2021-12-31 23:49:00,fertility,二胎,这两天班主任跟我们说她上个星期六去参加考研，考了两科，弃了两科。她说她没复习，所以就不想考了，而且她家里人也反对，认为她都三十岁了，现在的任务就是生二胎，她自己经过一番思想挣扎后就妥协了。这让我想起了我妈，当时她生完我弟之后的两年里，一直在家带我弟，没有出去工作，就有大量的时间，她想着去考个成人高考（当时她26，27岁左右），于是她自己买书复习了两年。要考的时候我爸不同意，认为我妈应该在家带孩子，这么大年纪了就不应该想着这些不符合自己年纪的事情（年纪大？？？），于是我妈也妥协了。感觉老师和我妈应该都可惜过吧，可能她们都幻想过如果走了另外一条路会不会不一样？但她们的家庭责任已经替她们做好了选择，这个社会对女性真的太严格了，女性只能结婚以后只能在婚姻的琐碎中消磨自己的后半生，真的替她们感到不值。但是既然是自己选择的路，希望这条路都对得起她们的牺牲吧。,0,neutral/unclear
4720614659326788,2021-12-31 23:48:00,fertility,二胎,肖战超话不知不觉迎来了新的一年.我也从一开始的不知道哪里签到.到后面连续签到不间断！粉你我收获了很多.收获了二胎！有更多的爱！肖战新年快乐！,0,neutral/unclear
4720614298358454,2021-12-31 23:46:00,fertility,二胎,细数这一年：九价get✅二胎（柠檬）✅驾照（正在）芦台养基场（因狗子结缘）展望下一年：定个小目标，驾照先考下来🙏！,0,neutral/unclear
4720613166154164,2021-12-31 23:42:00,fertility,二胎,夏东海偷偷生二胎，哪料被王启年给举报了#金牌混剪#电影推荐#L流星影视推荐的微博视频,0,neutral/unclear
4720613136534271,2021-12-31 23:42:00,fertility,二胎,在20年，完成二胎，凑成好字。21年，给自己找到一份稳定的工作，虽然离家远。希望在22年，一切往好的方向继续发展，你也要努力，不忘初心！,0,neutral/unclear
4720612981084075,2021-12-31 23:41:00,fertility,二胎,一年就加这一次班就他妈逼催催催谁再他妈说让我要二胎我就宰了谁狗日的,0,neutral/unclear
4720612910041868,2021-12-31 23:41:00,fertility,二胎,倒也不至于看个抗疫电影都在说大龄二胎啊，真不至于😅,0,neutral/unclear
4720612708716215,2021-12-31 23:40:00,fertility,二胎,#山茶盈花市，江湖又一年#今天竟然是贰零贰壹年的最后一天了耶真的是满脑子的偶买噶这一年真的是大喜大悲我真的是掉了太多太多太多的眼泪好在悲喜都过去啦~实现了许了3年多的愿望开开心心！认识了超级超级超级多有趣的朋友也有超级超级超级多厉害的长辈还有之前的老友们偶尔问候也不会觉得有距离感（当然大部分都以问候开头以互相攻击结束）今年也做了许多之前想都不敢想的事反正就很神奇啦！没做之前是想都不敢想可是完成了也不过就觉得是毛毛雨…但是但是但是今年也真真切切的体会到了全世界都在催着我长大身边的朋友都在备婚结婚怀孕备孕二胎我一个正常人却显得格格不入…反正我就是不会为任何人改变就是要等一个毫无理由的护短和明目张胆的偏爱希望贰零贰贰年会再开心一点吧会跟想念的朋友多见几次面吧会再多喝几杯奶茶吧会再多吃点好吃的吧工作会不再那么菜了吧会有一个值得喜欢的人吧希望这个世界仍然热闹希望我仍是我往事不可谏来者犹可追最后感谢大家这一年的宠爱都是我应得的,0,neutral/unclear
4720612637675371,2021-12-31 23:40:00,fertility,二胎,2021即将过去，作个总结：1、二胎产后一年多终于把怀孕和月子胖的三十斤瘦回去了，成功回到了孕前的体重，目标完成！2、房子装修好了，搬家仪式完成，虽然很累很累，每个细节都是自己亲自操刀，说不出的成就感！目标完成！3、强迫自己在忙碌中挤时间学习新知识，希望自己永远保持接受新知识的能力，别人能做到的我也能做到，科研小目标基本完成！4、买新车小目标完成！今年还参加了一个考试，不知道明年结果如何，自己永远那么爱折腾，爱给自己找事做！然而人生就是这样，喜欢充满变化，永远在迎接挑战，在攻克难关，在成长！在成熟！希望新的一年继续在打怪升级中成为能够在方方面面独当一面的人，让父母放心，让孩子依靠，乘风破浪，勇往直前！经营好自己的生活，从容、淡定，永葆热情，不忘初心！最后希望家人健康平安祝福祖国，祝福我的小家,0,neutral/unclear
4720611547678547,2021-12-31 23:36:00,fertility,二胎,越长大越觉得时间过得快！眨眼间2021年过完了，回忆回忆觉得这一年怎么能这么快就过去了呢！年初老妈带娃不小心跌倒脚错位骨折了，面临着上有老下有小的局面，也焦头烂额，不知所措，感受到生活的难，还好一切都挺过来了！3月初娃送私立幼儿园就读，整个学期基本是我自己骑自行车每天早上送晚上下班接，孩子基本每个月都要生病请假几天4月份决定买公司的福利房，感谢爸妈经济上的大力支持，还有身边亲戚朋友的支援！8月知道自己怀二胎了，开始了孕早期的反应，承受NTb超一项异常的煎熬，还好一路打怪兽到现在快30孕周了，继续加油！10月国庆自驾婆家娘家转了一圈，娃爷爷的新农村小楼房很不错，爷爷太奶奶也算是老有所依了！感恩平淡的日子，感恩每一天！,0,neutral/unclear
4720610947372457,2021-12-31 23:33:00,fertility,二胎,回家见闻:身边即世界生育率下降是既定的趋势体感我们这十八线年轻人还是挺勇的街上挺多二胎家庭,0,neutral/unclear
4720610834384912,2021-12-31 23:33:00,fertility,二胎,#2021年最后一条微博#记录一下玩娃的一年～感觉重新拾回了童年的感觉。我本不是一个热爱拍照的人，但却因为玩娃找到了创作的乐趣，每周也更爱出门了，更多了一种热爱生活的方式！看看这一年拍摄的照片，感觉还是有大大的进步滴感恩遇见的每一个人，尤其是我以很快的速度就拿到了我白月光的壮士们的娃@Arctic北北极@Arctic_蔡蔡@··XXXX··，还在年底猝不及防的得到了@Lucky家的崽儿的qbaby还面基了美丽的@DidiChui和Kuma酱本人，真的真的真的非常幸运！希望明年我也能攒够幸运，得到我喜爱壮士们的娃，还有二胎，先许愿啦@于发大财衣服眼片鞋子们的太太都太多了就不一一艾特了，希望新的一年也能得到太太们的照顾！blythe超话,0,neutral/unclear
4720610548121702,2021-12-31 23:32:00,fertility,二胎,我一直就怀疑李小满可能不是李唐亲生的，这样就圆了丁美兮林彧的暧昧关系和丁美兮一直执着生二胎这俩伏笔。真佩服那些直接从相貌上就能破案的观众，脸盲的我觉得李小满长得既像李唐也像林彧，甚至觉得更像李唐多一些,0,neutral/unclear
4720617553925205,2021-12-31 23:59:00,marriage,伴侣,2021是个忙碌的一年，经历了很多，失望过很多，也播种了很多。希望2022能是个收获的一年，能心中所许的愿望得以实现！同时祝那个陪我走南闯北，现在在我身边傻乎乎的男孩子跨年快乐哦！,0,neutral/unclear
4720617553925131,2021-12-31 23:59:00,marriage,伴侣,总体来说我，我的2021就是起起落落起起起起起起飞起飞起飞。没有去年前年那么丰富多彩，今年格外的日复一日，可时间却出奇得过得飞快。非常非常感谢张恒，尽管我每天欺负他使唤他，经常在网上吐槽他说他坏话，但是我真的无比庆幸在这一年无论何时无论好坏他都陪伴着我。我有一段时间呆在家，他每天下班回来都会给我带个吃的或者带个好玩的小东西；我说想要玩乐高，他下班就给我去买了三个超大的回来；我住院的时候，病友洗完澡，他就拿拖把去把地拖干了怕我上厕所时候地滑；自己买什么都嫌贵却对我永远大方，有一万就要给我花九千；每个月给我妈零花钱，给我爸充油卡，时不时请我爸妈下馆子，陪他们逛街跟着买单；每天早上起来给我弄好燕窝，亲亲我再去上班；每天晚上进门就喊Suki宝贝，再蹲下跟豚豚宝贝聊会天；每天每夜无微不至的照顾我，基本不缺失我的每一次大小产检。以我为骄傲，我朋友圈发个我弹钢琴的小视频，他也要保存下来发他自己的朋友圈去；我拿了年终奖，他立刻打电话告诉了他爸妈，还巴不得告诉所有同事他老婆赚了一大笔钱。支持我做自己想做的事情，我想考个MBA，但是考虑到学费要20多万而且对我工作来说并没有什么用，我爸让我不要浪费这个钱而且考上了还要花时间上课我应当以家庭为重，但张恒说老婆你想去就去，我供你念书！最喜欢夸我，每天夸我好看，夸我厉害，啥也没有也会硬夸。明明我有一大堆缺点，常常做一件事情他跟在我后面擦屁股。我是他生活的重心，生活里的一切通通以我为主，所以我的2021年度总结也是以他中心写的小作文。今天是我们在一起跨的第五个年了，很开心，虽然今年是唯一一年什么活动都没有的跨年，但我依然很开心！希望明年更开心！爱您！,0,neutral/unclear
4720617464536387,2021-12-31 23:59:00,marriage,伴侣,我是一个很健忘的人所以“去年这个时候你在干什么？”这种问题我一般都答不上来。however微博突然有了“那年今天”这个功能，深得我心，希望永远不要撤销，这也让我更加愿意在微博记录生活了em…说不定六十岁的我点开那年今天的时候有几十条微博呢hhhhh那么2022的钟声马上敲响了当我想总结一下这一年的时候不管我回忆哪件事都有满都拉的影子。确实这一年一直是你@MdL_ID在陪着我导致现在我非常不独立。但是也多亏了有你在陪我度过了这cao🥚的2021。怎么说还是得向着希望向着阳光一些比较好对不对所以…算了都会变成💨话。但是要对我的瞌睡大王说我很感谢缘分让我没有错过你哈哈哈哈哈我爱你,0,neutral/unclear
4720617448805831,2021-12-31 23:59:00,marriage,伴侣,2021年的最后十几分钟，殊不知我已经睡了一觉醒了……以前的跨年，可能真是因为年轻，能撑过十二点，喜欢跟好朋友一起通宵，喜欢守着跨年演唱会，喜欢特别有仪式感的横跨两个年份……而今年，伴侣、闺蜜、朋友都不在身边，好像演唱会也不想看了，熬夜也熬不住了，通宵更是不提了，今天，也似乎成了一年中平凡普通的一天，明天，也同样如此。但既然醒了，就简单回顾一下吧今年，2021年，总体来说挺失败，挺无趣，挺没劲儿，挺没成就感的…但是呢，还是一如既往的幸福，因为2021年，我爱的人依旧健康，快乐，依旧陪在我身边…天塌下来，我的童童还是会半夜不睡觉安慰考试失利，哭成🐶的我，还是会陪我考试，陪我住酒店，陪我聊天，陪我一起丧，陪我一起嗨，陪我一起爱博肖，陪我一起感叹人生，陪我一起吐槽男人，陪我一起……我好爱你的我的王小喵还是会说：没事，有我呢，没事，我养你，没事，你很棒，没事，我在呢，没事，我马上回来了，还有，你愿意嫁给我吗？还有……好多话，咱们慢慢说我的爸妈还是会一如既往的支持我的决定，尊重我的选择，关心我的健康，虽然批评我，还是很爱我，还有烧好吃的菜喂饱我这个吃货……我的颖，还是一如既往的说要养我，说我最漂亮，不过，她还是一如既往的不善于表达，但我知道，她很爱我的……太多太多的爱了，510，重阳，还有我的亲人，我的爱人们……好像2021年，我还是收获满满的爱！所以，我的2022年，不祈求太多，只愿还是收获爱，我爱的人依旧在我身边，然后赶紧考试过过过，我要工作！！2022年，备考，备婚，然后双囍临门嘛！睡醒打字，脑袋发蒙，文笔幼稚，就记录到此，继续睡觉了，然后，生活继续……新年快乐，哦，还没到,1,explicit positive/aspirational
4720617443566899,2021-12-31 23:59:00,marriage,伴侣,写在2021的尾巴上寒冬岁末，无垠的黑暗。本科生已经离校了，校园变得冷清寂静。让我中午睡觉再也不用被哈罗单车开锁声音吵醒了。2021，从宜兴、上海会议拉开一年的征程序幕，见证了百年外滩的繁华更对自己领域发展现状有了更深入的了解。2021，更加深切的适应融入到自己博士研究生这个身份当中来，身边熟悉的小伙伴悉数散去，科研终究还是归于孤独。这个冬天，双减政策的落地中断了我三年的教辅生涯，疫情的阻隔，想见想念的人一面也更加困难。相比于去年冬天的风风火火，这个冬天更多的是在坐冷板凳，自己和自己较劲，可能这就是必要的修行吧。所幸的是，身边人熙熙攘攘，人潮散去，悲欢离合，总有小玉在身边陪我。这个冬天，两个人都变得忙了起来，她准备毕业论文和教编，我与实验纠缠。但每天的视频总是这个冬天最令人温暖。2022，好好爱我爱的、爱我的人，学习上争取是最后一个完整科研年，好好经营感情，对玉玉多加关心，争取早日完婚[2021]-[2022],0,neutral/unclear
4720617432290342,2021-12-31 23:59:00,marriage,伴侣,"不知不觉一年又过去了!感觉去年跨年还在昨天,时间过得太快了吧!今年跨年我苦兮兮被我妈看着做题,于姐赶回去开组会没办法在广州陪我,好像这是我俩在一起第一年跨年没在一起过.(估计以后他去上海应该还有很多次不能一起过)看了下我今年的微博播报,我真的废话好多,我真没感觉我说了这么多废话……感谢大家愿意听我的废话,有的姐妹告诉我说我是她访问第一名我真的很受宠若惊,每次看到这种评论的时候我都感觉我何德何能!有时候会有姐妹私信问我感情问题,我很感谢大家相信我!最后最重要的是!每次我发了照片大家都会夸我,大大滴满足了我的虚荣心,我每次都会翻回去这种微博细品一把.虽然每次大家夸我美丽我总会回“p的”,但是这不影响我心里偷偷膨胀~总而言之我就是个普通的偶尔有点小虚荣的女的,经常喜欢在微博发一些我的流水账或者牢骚,很感谢大家喜欢我!希望新的一年大家天天开心!心想事成!",0,neutral/unclear
4720617423113437,2021-12-31 23:59:00,marriage,伴侣,拜拜好像有了一些成长但充满了挫败焦虑和痛苦的2021👋往年我大概会许一些在2022希望自己读多少本书学什么新技能考过什么试之类的愿望但在身边的朋友突然之间全部脱单大部分结婚不再保持同样状态的今年我突然就感觉到了一些孤独的不知所措这么说好像有点怪但确实是这样走出了学校但是迟迟无法踏入社会考试接连失利感情生活和社交活动一片空白望到了远处的世界但受限于自身的能力只能在原地踏步这样的我孤独地不知所措地过了一年所以我的新年愿望是希望明年的现在有一个人可以陪我跨年/上岸并且匀出一些空闲时间来读书当然啦如果身体可以逐渐好转攒更多的钱那就更好了奇怪白天明明想了好多想要记录下来的心情但是这个时候反而没什么想说的那就想起来了再补吧总之再见啦2021希望你是我经历的最差劲的一年,0,neutral/unclear
4720617398475583,2021-12-31 23:59:00,marriage,伴侣,这一年有家人挂念，伴侣疼爱，小猫陪伴和朋友的温暖。,0,neutral/unclear
4720617355478872,2021-12-31 23:59:00,marriage,伴侣,2021新年，我立的flag是要勇敢，很开心这一年我做到了并且迈出了坚定且正确的一步。选择重新开始需要勇气，告别舒适圈告别熟悉的一切需要勇气，年初我给了自己最后一搏的机会。来到了新单位，开启了未知的领域，却也让我有机会去做我喜欢的专业内的事情，当然最最最重要的是遇见了他，一束落在我生命里的光，让我的整个世界变得圆满变得美好，让我相信爱和被爱的力量，治愈了我所有的不安❤️2022，我的flag是同心同向，我相信我们彼此依靠，可以越来越好且更好！新的一年，也希望能多回家多陪陪爸妈多和他一起去不同的地方看看！2021再见，你好2022！#一天一点碎碎念-M#,0,neutral/unclear
4720617344210182,2021-12-31 23:59:00,marriage,伴侣,幸福的每一日，有自己的生活也有一天天你的陪伴,0,neutral/unclear
4720617334512216,2021-12-31 23:59:00,marriage,伴侣,圣诞的时候，因为龚老师很不会拍照，所以我们就录了视频准备直接视频截图没想到真实的琐碎日常格外的可爱幸福以后要多多记录生活呀2022年我们还要在一起哦L辣dodo的微博视频,0,neutral/unclear
4720617327427816,2021-12-31 23:58:00,marriage,伴侣,天赐我一个男朋友吧……好吧今天还是专门祝愿小云生日快乐的哈哈哈那就让我从明年开始找到男朋友,0,neutral/unclear
4720617145769144,2021-12-31 23:58:00,marriage,伴侣,今天是2021年最后一天，没有人约，也不知道自己要约谁，朋友们都没在身边，虽然很想吃麦当劳的55炸鸡桶买一送一，但根本不知道自己要找谁一起去旋一顿，一起去疯狂，一起去跨年。赶完ddl之后，立马简单收拾一下，拿好东西，坐上公交后想着随便去周围逛逛出去晃悠晃悠。上了公交车后，看见上面有个站名是“西南市场站”于是我决定就先去那。我决定去市场的时候，我发现我竟然越来越爱去市场，我似乎很喜欢那种到处热闹喧嚣的感觉。今天的天气很好，下午的阳光暖暖的，不会很热，一扫前几天的寒冷。公交车晃晃悠悠地往前开着，阳光透过玻璃照在我身上。我就已经觉得这是一件很美好的事情，心情都愉悦欢快起来。市场里买菜的都是本地的阿叔阿姨，耳边充斥着粤语，让我感觉像是回到了东莞。很亲切。这大概也是我喜欢去市场的原因吧。东莞与佛山相同之处就是都讲粤语。我一个人在西南市场逛了一圈，感受着人来人往，听着阿叔阿姨们讨价还价或者习惯性地看见路人就开口说“靓女睇哈要滴咩野，好靓噶。”走进市场里，即使我没什么要买的，单单处在这个空间我就觉得很幸福。2021年我似乎更加适应了独处，特别是大二上学期这个学期，较大一的自己更加习惯了独处，还会经常自己一个人跑出去逛逛溜达溜达。21年的跨年也是一个人过，当时的我觉得好无聊，有点悲伤竟然自己一个人过，朋友们都不在身边。22年的跨年我还是一个人过，但今天的我似乎少了很多悲伤和忧愁，就是有点点无聊。但今天自己一个人跑出去玩的时候还是很开心！我越来越喜欢喜欢这种人间烟火气，普通日常平凡而又动人。时光就这么悄然流逝，一天复一天，看似很普通的日子，实际上也是一种幸运和幸福。我似乎没什么远大理想，并且好像很喜欢这种平平淡淡简简单单普普通通的生活。想一想只要未来的我能买得起想要的东西，我的家人朋友们健健康康平安快乐地在我身边，找到值得我相守一生的伴侣，好像就没有什么特别远大壮阔的理想。回顾2021年没想到有什么让我印象深刻非常不开心的事情，只是一种幸运！感谢2021。感谢我的家人朋友以及身边的所有人。2022年希望我能不惧困难，偶尔丧一丧没什么大不了的！还希望我能一直热切地喜爱以及享受我的生活，保持在细微的生活细节中收获快乐的能力。还祝愿我和我的家人朋友们万事胜意，每天健康开心快乐就好,0,neutral/unclear
4720617113002934,2021-12-31 23:58:00,marriage,伴侣,我的2021changechancechallengecompanycoachfellow2021真的经历了太多一开始的合格考开局虽然不顺但是好在最后还是过了收到了来自现的小惊喜第一条vlog时隔n年头一次因为疫情防控在自己家过春节还有在看到奔跑的青春时内心的忐忑不安和欣喜若狂数着日子不知不觉也快要18了人间历险记-小亲热2梦回韩商言还有那室长的2020年年度总结陪他实现五大男刊满贯的欣喜恭喜与Pu*a合约的解除！陪她过的第二个生日人生杀青转眼两年了五四表彰用相机定格夏日告别夏日小十一三十而立小作文药不然的见面高考英语听说冬季运动会当然最最最最重要的是有幸能在自己最脆弱遇见那个“他”说来也奇怪20年的现21年的默言前者是精神上的伴侣后者是现实生活中的感谢遇见他们当然远不止于此2021有幸慧眼识精分辨出某些小人勇敢听从自己内心的声音勇于去面对着自己最头疼的数学成绩也终于终于有了一点起色告别了自己最喜欢的C老师也是高三最最最遗憾的一件事有幸能在高三遇见很好的老师老师人很好我很i老师也很愿意帮助我也是因为老师让我改变了对有些学科的看法有通过神仙sa结识的小伙伴2021有过情绪崩溃但是又很幸运我身边的有的人永远听我倾诉做我的“倾听者”2021感谢遇见2022继续加油🔛,0,neutral/unclear
4720617105131129,2021-12-31 23:58:00,marriage,伴侣,2021年最开心的事就是收获了人生中最重要的伴侣，期待新的一年会更好,0,neutral/unclear
4720617078661377,2021-12-31 23:57:00,marriage,伴侣,#2021年终总结##今日贴纸打卡#真的想回顾下自己这一年，从生完孩子，到顺利过度回公司上班这一年，真是经历了太多太多，现在回过头想想，其实一切也都不是什么事，都是能扛事的人，都是能解决问题的人。1.花了太多的内容太多的时间精力太多的心情都是在于太纠结于婆媳和孩子养育差别化，慢慢的要学会找到平衡点，也要体会到带娃的不易，多理解多沟通，拒绝猜忌和打击，慢慢培养和一起成长，理解，平衡，释怀，共同进步，不能用自己的标准去衡量别人，每人都是一个独立个体。尊重，理解，多一些关怀，少一点情绪，放过别人也放过自己。2.对自己另一半缺少关爱和耐心，但凡有管小孩的一半耐心，可能我真的就让老吕变成我的胶布了，不过确实，孩子还好，各种突然情况又多，身体又差，基本所有人的重心都在孩子身上了，我也能感觉到两个人还是少了一些深层次的交流和沟通，要知道，伴侣才是过一辈子的，孩子只是人生中的一段感情和岁月。单独约见要增加，单独沟通要频繁，对另一半还是需要多点关爱和耐心吧。但是他真的很懒，懒的让人生气。3.自己家里父母矛盾，这是一个让我很头疼但是又不得不处理的事情，让我理理，三个人，我总是有一个方法去面对，貌似行不通，我一直觉得，我的原生家庭很好，让我的童年很完整，但是我要如何去让他们重整，这个2022年还的努力，分人分事去处理，多一些耐心（貌似真是耐心有取尽的时候），总是大家好才是好，但是我也必须得明白，我也有单独的家庭，很多时候我也需要为未知的未来考虑。4.工作，产假回归的一年，运气不错，也努力了很多，最后的结果也还行，但是总体的工作还是需要更认真去对待，毕竟工作给了我经济自由和强大的支撑，这一年，从休假后的满满鸡血，工作中的各种碰壁，解决各种疑难问题中保持清晰和效率，也不凡和业主撕逼干架，也有对工作的迷茫，被各种业主支配的恐惧，队友离开的忧桑，单打独斗的绝望等。未来也不懂工作还能做多久，但也就这样坚持着吧，毕竟真是离家近，方便，也还不是那么辛苦，来年继续加油咯。5.身体健康很重要，锻炼这个事情，我也不愿意多吐槽。希望能开始一段新的锻炼。——困了💤，差不多也就这样了，2021了，该结束了，2022该开始了，自己的情绪不要太挣扎于不开心的事情，做好一个好妈妈，当好一个好伴侣，努力工作，身体棒棒，多发现生活的美，你本来就可以过的很开心乐观的呀，加油。新年快乐🤗👏,0,neutral/unclear
4720617037503498,2021-12-31 23:57:00,marriage,伴侣,#2021年总结#最后几分钟简单总结了一下自己的2021年因为这一年主要是跟画画有关，所以基本都是画画的总结。很开心2021年深刻知道了坚持学习的重要性还有养成了很多好喜欢看书，运动，总结，不断学习，还要遇事处事的一些心态和方法更多是感恩也感恩遇到了我的灵魂伴侣陪伴我一起度过难关一起学习一起进步最后2022年我们都会越来越好你们也是加油！2022年的标签🏷️：学无止境、平安喜乐,0,neutral/unclear
4720617019934877,2021-12-31 23:57:00,marriage,伴侣,写了一大堆总结又觉得好幼稚。想想2019跨年的时候我希望2020能去好多好多地方旅游，能听oor的live，但是都被疫情无情击碎。2020跨年的时候我希望2021的自己不要和去年一样脆弱，不要再因为追星的那些事情伤心。今年的愿望比较朴实无华，我想有一份自己满意的工作，如果要谈恋爱的话希望对方成熟点有责任感点吧（嗯嗯………）。,0,neutral/unclear
4720616974328198,2021-12-31 23:57:00,marriage,伴侣,再见2021就把这一年的悲伤、无奈、不顺全都留在今年吧，那些美好、感动、欣喜我打包带走了。2022，希望我可以摆脱死一样的忙碌、获得在意我的伴侣、减少挥之不去的体重。再来一些快乐、配一些甜蜜、融一些绽放。好好爱自己，活出自己喜欢的精彩小日子,0,neutral/unclear
4720616903548760,2021-12-31 23:57:00,marriage,伴侣,哇～常见的周五结束2021EndingDay。我跟樊先生在🎆声中一起等待倒数，迎接崭新一年的开篇，期待着我们的小🐯崽出来啦～总结2021完成了人生的几件大事，人生伴侣、宝宝带来的考试通过，职业也有了新的晋级。对自己有了较大满意的交代，给了个合格的答卷。明年再接再厉，挑战更加大，打怪级别也在不断升级了，给自己加油打气好想再跟你们俩个去旅游,0,neutral/unclear
4720616865013308,2021-12-31 23:57:00,marriage,伴侣,【Blue】朋友只是朋友，自己才是精神伴侣。,0,neutral/unclear
4720616709821687,2021-12-31 23:56:00,marriage,伴侣,易烊千玺超话希望粉丝们能找到自己心爱的伴侣，能陪伴自己一生的那种伴侣#易烊千玺电影奇迹#今日份打卡#电影长津湖之水门桥#@TFBOYS-易烊千玺,0,neutral/unclear
4720616638777431,2021-12-31 23:56:00,marriage,伴侣,今年我的跨年伴侣是数学作业,0,neutral/unclear
4720616584513293,2021-12-31 23:56:00,marriage,伴侣,蛋糕书籍夜幕书院晚餐乌龙茶电影院一个人感受着的时间都流逝2022，愿家人平安健康愿我拥有真正的伴侣不再孤单,0,neutral/unclear
4720616525530730,2021-12-31 23:55:00,marriage,伴侣,这一年似乎完成了孩子到成人的角色转变我们决定携手步入家庭我们在这个城市慢慢扎根我们在平淡中探寻生活的真谛我们一起度过分秒也要一起跨过岁月愿岁岁常欢愉，年年皆如意祝你、祝我、祝我们✨,0,neutral/unclear
4720616232454586,2021-12-31 23:54:00,marriage,伴侣,2021～20222021马上结束了，年中时突然意识到工作已经十年了，是不是应该写点什么，但无奈就稀里糊涂的忙，就搁置了，但眼看日子这么快，以后也记不住发生的事情，还是需要点仪式感记录一下📝。hi，2011年的大瑞，你好么。那一年刚大毕业工作，干着一份与专业对口的工作，虽然工资并不高，但也总算不用花家里钱了，也踏入社会了，感觉自己是真正的大人了呢。对未来有好多憧憬，比如虽然知道自己脑子也许并不适合所学的专业，但还是很轴的，就想干这行，认为可以凭自己能力在写字楼里有个稳定工作，却没想到这个专业需要不断提升、学习，也没太考虑钱的问题，现在想想当时怎么就有那么大勇气呢，一点没想到过好工作对各个方面的影响，肠子悔青了吧；比如设想28、29岁可以有自己的家庭，30岁可以有个小朋友，因为好喜欢小孩，虽然我可能会暴躁的打孩子，却万万没有想到被困在找伴侣这个环节，根本走不出去，而且是越来越困难，一直告诉自己不论怎样，都不要变成自己讨厌的样子，不要过多的被外界影响。有人来，好好对待，无人来，做更好的自己，要开心。但却渐渐做不到欢喜接受新的到来，成为心里无法解答的困惑。如果可以重新选择，希望高中跟住学习的进度，考上好的大学；希望可以听从父母的安排，不那么执着于专业的工作；希望可以忍忍，找个合适的人选。但是…你以为重新洗牌你就会重新选择么，也许…答案还都是一样的。所以…不要纠结于过去，只会徒增烦恼，心向未来，做更好的自己才是正道2022年，平安、健康、开心、努力✨✨✨时间会回答成长，成长会回答梦想，梦想会回答生活，生活会回答你我的模样-毛不易《入海》O2021～2022,0,neutral/unclear
4720616131267922,2021-12-31 23:54:00,marriage,伴侣,对我来说，今天和平时也差不多，画了几张画，看了点书，买了点书，带孩子打了一小时球，自己练了半小时，然后撸猫看电视……没什么不好。希望2022也一样。这一年，出了画集，减了十一斤肉，教了几个不错的学生，好像疫情对我这种死宅，影响不大，除了各地签售被耽误了——于是我转到了线上直播签售[流泪]最重要的是，这死猫马上就20岁了。岁月静好，是因为生活毛绒绒的。,0,neutral/unclear
4720616072023954,2021-12-31 23:53:00,marriage,伴侣,祝我生日快乐，虽然还有十几分钟，哈哈哈哈哈，这次给我整破防了，谢谢龙先生给我准备的惊喜，每天偷偷的把快递藏起来，因为他知道我会偷看，所以都趁我不注意去藏起来，今天给我布置也是偷偷的，我想到给我准备惊喜，没想到是这样的！爱你！新的一年我们一起努力走花路，和你一起完成我们的梦想！L小人阿雅埃倩的微博视频,0,neutral/unclear
4720615975814842,2021-12-31 23:53:00,marriage,伴侣,回想2021，好像有很多遗憾。比如丢了八万以及未把工作的机会牢牢抓住。但没关系，我会永远想念八万🥺也会继续努力完成学业，落实工作💪本想编辑一大段话来着重强调一下今年最大的收获（如图），但内心最想表达还是感谢🙏感谢你带来的感动惊喜爱护，也感谢你在或热闹或平淡生活中时刻的陪伴，更感谢你为我奔赴贵州的坚定。新的一年，我们要继续相互依靠，相互陪伴哦我爱你。贴贴～,0,neutral/unclear
4720615925485431,2021-12-31 23:53:00,marriage,伴侣,跨年礼物。（不耐脏啊)以及原本接受了他有事还在外地不回来的事实洋洋洒洒的写了小作文表达我的失落，然后他告诉我在回来的路上。（惊喜）小宝被阿姨带着正在熟睡中。（恬静）我刚吸完奶一身轻松睡个好觉。（舒适）平凡又幸福的一个夜晚。再见吧，2021的最后一条微博。晚安~,0,neutral/unclear
4720615901104113,2021-12-31 23:53:00,marriage,伴侣,真正的伴侣应该是处处为你考虑，一切以你为中心的，而不是要求你这变那变的。2022继续为自己的未来奋斗吧！希望成为父母的骄傲呀！加油呀！,0,neutral/unclear
4720615720228492,2021-12-31 23:52:00,marriage,伴侣,【瞬间。】时光定格2⃣️0⃣️2⃣️1⃣️携手走进2⃣️0⃣️2⃣️2⃣️伴侣&战友身份与角色的辩证法🤔,0,neutral/unclear
4720615539606930,2021-12-31 23:51:00,marriage,伴侣,sky光遇超话来个老婆一起跨年,0,neutral/unclear
4720583558302740,2021-12-31 21:44:00,fertility,出生率,#朝阳实验二小双桥校区#现在家长太难了。本来现在大家就不敢生孩子以后出生率越来越低了现在小孩本来就敏感老师和学校都不让人觉得放心了非得搞形式主义家长和老师也觉得累孩子更累,0,neutral/unclear
4720564633601022,2021-12-31 20:29:00,fertility,出生率,近日任泽平老师在某音直播被封，其主要观点如下：1、从央行最近表态的措辞看，很可能要降息了。2、房地产行业的形势比较严峻。房地产影响银行的坏账风险敞口超过10万亿。明年最大的不确定性可能来自房产地。希望房地产税不要在明年上半年之前推出（感觉是觉得房产税会对原本虚弱的房市造成较大的心理冲击）。3、人口生育形势非常严峻。人口出生率如果持续下降，长远可能会出现零利率。4、明年黄金的机会不大，但长期看，有配置的价值。5、新能源是未来5-10年的机会，可能会有反复，但会不断创出新高。6、明年2、3季度猪周期可能翻转。L华拾叁的微博视频,0,neutral/unclear
4720562221618464,2021-12-31 20:20:00,fertility,出生率,这10个日语单词90%的人都会读错！快来检测一下，看看自己有没有读错吧~01.貼付＝ちょうふ意思：（另一个惯用读法“てんぷ”）贴上，粘贴的意思。“把邮票贴在信封上。”02.更迭＝こうてつ意思：人事处理的手段之一。把就职于某个职位的人调走，让其他人来担任他的职位。03.進捗＝しんちょく意思：事物进展顺利的意思。“工程的进展状况”、“工作进展顺利”04.依存心＝いそんしん意思：依赖人的心理，“依赖心强”。（不是いぞんしん哦）05.大団円＝だいだんえん意思：大团圆。小说、喜剧中一切事件圆满解决或最终团聚的最后场面，与ハッピーエンド意思相近。“団円”这一词原本就是圆满结束的意思。06.出生率＝しゅっしょうりつ意思：在人口学中，出生率是指在一定时期内(通常为一年)平均每千人所出生的人数的比率。（注意不是しゅっせいりつ）07.未曾有＝みぞう意思：从前没有过的事情，空前。极其稀有的事。08.早急＝さっきゅう意思：非常着急的事情，以及着急的样子，十万火急。09.至極＝しごく意思：1.极其、最……的事。2.到达极限；达到最高水平，最佳境界。3.认为到了极限。10.嫌気＝いやけ意思：讨厌，情绪冷淡。#日语##日语学习##日语能力考#,0,neutral/unclear
4720557440632615,2021-12-31 20:01:00,fertility,出生率,"中国（北京）智慧医疗及可穿戴设备展览会展会时间：2022年05月06日~05月08日开放时间:09:00-18:00举办地址：中国-北京-朝阳区北三环东路六号-中国国际展览中心（静安庄馆）展会介绍2022年中国（北京）智慧医疗及可穿戴设备展览会由中国医疗装备行业协会中国医促会亚健康专委会举办，举办周期为：一年两届，本届展会将在2022年05月06日举办，展会地点中国-北京-朝阳区北三环东路六号-中国国际展览中心（静安庄馆），展会预计展览面积达到50000平米,参展观众数量达到74262人，参展商数量及参展品牌达到1200家。从社会开展现状来看，人均寿数的延伸、出生率的下降和大家对健康的重视，说明我国正迈入老龄化社会。据BCG和SwissRe联合发布的陈述猜测，到2050年，60岁及以上人员将增至近4.4亿人，占我国人员总数的34％，进入深度老龄化期间。而65岁以上老龄人员的冠心病、高血压、、哮喘、关节炎等缓慢疾病的患病率是15～45岁人员的3～7倍，对老龄人员进行慢监测、下降长时间医疗费用尤为主要。医疗资本的严峻缺少，尤其是在偏远地区，大家在医疗上的需要以及实际中医疗条件的缺少形成抵触，而移动互联和大数据的高速开展为移动医疗的开展供给了必要条件。因而长途医疗、电子医疗（e-health）就显得十分急需，借助于物联网/云计算技能、人工智能的专家系统、嵌入式系统的智能化设备，能够构建起完美的物联网医疗系统。使全民平等地享用的医疗效劳，处理或削减因为医疗资本缺少，致使看病难、医患关系紧张、事故频发等景象。在移动互联网的助推下，可穿戴设备之所以吸引人，是因为它能够使人类脱离电脑和智能手机的约束，催生新的移动网络进口。它把传感器、无线通信、多媒体等技能嵌入大家眼镜、手表、手环、服饰及鞋袜等平时穿戴中而推出的设备，能够用贴身的佩戴方式丈量各项体征。可穿戴技能行将大规模进入普通人的日子，进入日子的每一个旮旯，将为人类带来严重的科技革新，因而移动互联网与可穿戴设备的联系带来了一个全新的“才智医疗”年代。加之，科技部在《医疗器械科技产业“十二五”专项计划》中将移动医疗定为要点技能开展范畴和要点商品开发范畴；卫生部在《国家严重专项“区域协同医疗效劳演示工程》中把移动医疗作为要点开展方向之一，建议并资助一批医疗演示项目；工信部在《物联网“十二五”计划》中，将智能医疗作为九大要点范畴之一，自个医疗监护和长途确诊是开展要点等主要部分提出的有关要求，更是加马上才智医疗年代开展的脚步。北京国际智慧医疗及可穿戴设备展览会（北京医疗设备展,北京穿戴设备展,亚洲医疗设备展）展品范围健康管理类展区:健康体检、健康评估、健康管理自动化、远程监测、心理测评、基因检测、健康管理系统、健康会所、养老机构、全科诊所等健康管理机构。按摩/理疗产品主题展区:电子按摩器、按摩足浴盆、按摩椅、健眼仪、头部按摩器等；中低频理疗仪、脉冲理疗仪、微波理疗仪、多功能理疗仪等；智能康复护理产品展区:智能康复护理设备、行动辅助设备、智能诊断仪、听力及语言辅助器具、低视力辅助器具、假肢和矫形器、动态健康监测仪、远程健康监控、智能胶囊、智能药片、智能药丸等。智能养老专题展展区:老人机、轮椅、护理床、老年保健及护理，老年康复及福祉、智能养老方案，老年宜居与智能化，老年产品与服务、养老机构等；智能检测设备展区:血压仪、血糖仪、血氧仪、助听器、制氧机、呼吸机、超声波仪、水疗仪、射频颜仪、面膜仪、洁面仪、祛班祛痘仪、光子嫩肤仪、脱毛仪、美胸仪、塑身仪、健康检测仪、智能体温表、智能听诊器、测精宝、避孕仪等。可穿戴设备展区:智能头盔、智能脑环、智能眼镜、智能眼罩、智能颈椎环、智能假肢、智能监测仪、智能护腕、智能腕表、智能布料、智能衣服、智能皮肤、传感器智能服、智能T恤衫、智能手杖、智能婴儿睡衣、指套探测器、燃料腕带、智能运动鞋、运动器等。",0,neutral/unclear
4720549878042171,2021-12-31 19:30:00,fertility,出生率,严打以“家政服务”等名义违规培训并不过分马上就是2022年了，广大学生也将迎来双减之后的第一个寒假。近日，为深入贯彻落实《关于进一步减轻义务教育阶段学生作业负担和校外培训负担的意见》精神，教育部召开视频会议，系统总结2021年工作成效及经验做法，通报各地工作进展，全面分析面临的问题与挑战，研究部署期末和寒假期间有关工作任务。值得注意的是，这次会议表明，监管层还是十分清醒的，对于双减在执行中存在的问题和反弹回潮的情况，并没有抱什么幻想。其中，明确提到寒假期间是巩固校外培训治理成果的关键期。在这个关键期，各地在寒假期间要严格日常巡查，广泛接受社会监督，对发现的违法违规培训行为依法依规严肃查处，做到令行禁止，要严防义务教育阶段线下学科类培训机构违规开班、面向3至6岁学龄前儿童的培训机构违规开展线下学科类（含外语）培训、非学科类培训机构以“素质拓展”“思维训练”等名义超范围开展学科类培训等问题发生，严厉打击以“家政服务”“众筹私教”“研学”等名义进行变相违规培训。从这些网络上司空见惯的做法，现在监管层直接提出来，确实是必要的。如此坚决的进行，不是什么过分之举。在搞素质教育的问题上，我们已经持续了近三十年，不少次都是雷声大雨点小，最终流于形式，形成了积重难返的被动局面。这种状况，给无数家庭都带来了沉重负担，也使得不少孩子的人生毁在了应试教育上面，形成了不良的社会风气。从对孩子负责的角度来讲，就是应该令行禁止，坚决把这种雷霆万钧之势轰击到底，切实取得圆满的成果。只有保持这种警觉的监管，我们才能避免这个制度跑风漏气、形同虚设。值得注意的是，这种举措，也是对国家负责的举措。为什么这么讲呢？因为校外培训上的沉重负担，无论是经济上，还是时间上的负担，都使得不少普通家庭不堪重负，对于年轻人来讲，更是望而生畏。这种残酷的现实，本身就是对人口生育的一种压抑。而人气不足，人丁不旺，对国家和家庭来说，都是大忌。当前的形势看，我们的人口生育率下降，已经成为了不争的事实。1954年，我国建国来第一波婴儿潮，由于新中国成立，人民生活水平提高，出生人口增加为2232万；1963年，我国第二波婴儿潮，三年自然灾害过后，出现一个生育小高潮，出生人口增加为2934万；1982年，我国第三波婴儿潮年，由于50，60后进入结婚生育期，出生人口增加为2230万；2016年，我国第四波婴儿潮，由于二胎政策全面放开，出生人口增加为1786万。相应的我国也出现了四次人口“断崖式”下降，第四次是2018年，“全面二孩政策”热度过去后，人们又恢复了理想生育，面对现实，导致人口出生率下降。根据《世界国人口展望2019》，中国人口将在2029年达到峰值14.4亿，2035年为14.3亿，2050年为13.6亿，2100年为10.6亿。在我国人口生育率断崖式下降的种种原因之中，“生育、养育、教育成本，的确是横亘在大多数人面前的“三座大山””。住不起、生不起、读不起、病不起、娶不起、活不起、死不起，导致我们的生育率难易出现实质性的提升。长此以往，我们大国空巢的情况将日益严重，成为一种国难的局面。现在，我们采取种种政策措施，就是为了免除国人的后顾之忧，形成生生不息、兴旺发达的大好局面。,0,neutral/unclear
4720518793528436,2021-12-31 17:27:00,fertility,出生率,【2020年宿州市儿童发展纲要终期监测报告】2020年是实施《宿州市儿童发展纲要（2011-2020年）》（简称《儿纲》）的终期。为全面反映《儿童纲要》终期实施情况，宿州市统计局根据相关部门统计数据，对十年来《儿童纲要》在健康、教育、福利、社会环境和法律保护等几个领域的实施情况进行了综合分析。结果表明，《儿童纲要》实施十年总体进展顺利，全部指标实现了《儿童纲要》的目标，儿童事业在各领域呈现良好发展态势，儿童的幸福感、安全感增强。一、目标完成情况根据相关部门统计数据和资料，对儿纲十年来的实施情况进行了综合汇总和分析，结果表明，《儿纲》在可监测的20项统计量化指标中，全部提前实现终期目标，总达标率100%。（见附表）（一）儿童健康领域达标率为100%1.儿童健康和免疫条件不断改善。婴儿死亡率和五岁以下儿童死亡率两项指标已实现了低于8‰和10‰的终期目标，提前达标。2020年，婴儿死亡率为2.92‰，五岁以下儿童死亡率为4.41‰，分别比2010年下降9.1和9.4个千分点。儿童的生命质量持续提高。国家免疫规划规定接种的各类疫苗接种率持续保持在较高水平，2020年国家扩大免疫规划的疫苗接种率为97.64%，已提前实现终期目标。2.儿童营养和体格健康状况继续改善。儿童低出生体重发生率和5岁以下儿童低体重率已提前实现目标。2020年，5岁以下儿童生长发育迟缓率为0.45%，5岁以下儿童低体重患病率为0.33%，5岁以下儿童中重度贫血患病率为0.47%，分别低于目标值6.5、4.7和11.5个百分点。（二）儿童教育领域达标率100%十年来，在市委、市政府的正确领导下，我市全面贯彻妇女儿童发展纲要，认真落实男女平等基本国策，依法保障女性享有平等受教育权利，切实做好深化教育改革，推进素质教育，全面提高教育教学质量，积极推进区域内义务教育均衡发展，保障城乡男童女童享受同等教育权利。1.学前教育稳步发展。2020年全市共有幼儿园1594所，在园幼儿人数23.6万人。学前三年儿童毛入园率为92.85%，比2010年提高28.3个百分点。学前一年儿童毛入学率105.5%，均已提前达标。2.义务教育巩固率不断提高。截至2020年未，全市九年义务教育阶段学生总数74.23万人。我市小学适龄儿童入学率100%，初中阶段毛入学率100%，已达标。我市九年义务教育巩固率达98.8％，其中，女童九年义务教育巩固率98.3%，均已达到目标。3.高中阶段毛入学率逐年增长。2020年全市高中阶段在校学生87977万人，高中阶段毛入学率93.9%，比2010年提高22.9个百分点。已提前达标。（三）儿童福利领域达标率100%2020年市、县（区）社会（儿童）福利中心覆盖率达100%，比2010年提高了50个百分点；“农村留守流动儿童活动室”覆盖率100%，比2010年提高了66个百分点，均已达标。（四）儿童环境领域达标率为100%1.着力改善儿童生存环境。2020年，城市建成区绿化覆盖率39.7%，比2011年提高3.1个百分点；城市污水处理率98.98%，提高24个百分点；城市生活垃圾无害化处理率100%，提高5个百分点。农村自来水普及率94.7%，农村卫生厕所普及率77.6%，分别较2010年提高51.8个和38.9个百分点；农村集中式供水受益人口比重达99.4%。2.儿童生活环境得到优化。各乡镇（街道）儿童社会工作者覆盖率达100%;全市城乡社区建立为儿童及其家庭提供游戏、娱乐、教育、卫生、社会心理支持和转介等服务的儿童之家，已达全覆盖;家长素质普遍提高，家庭教育知识知晓率达100%，家庭教育环境显著改善；全市图书馆、博物馆、文化馆和乡镇（街道）综合文化站等全部向社会免费开放，为儿童开展各项文化活动提供了便利条件。（五）妇女儿童与法律“儿纲”实施以来，我市始终把儿童法治宣传作为工作重点，走进学校举办法律维权知识讲座350余场。充分利用微信公众号、新浪微博等新媒体，“微”聚力量，紧抓“助贫扶弱”这一主线，充分发挥法治宣传的矩阵效应，微博、微信共发布、推送各类妇女儿童法律维权信息500余条，接受会话、咨询300余次，相关信息的阅读总量突破2万人次。开展走进校园送法进校园活动，引导学生从小树立正确的人生观价值观，树立法治观念，增强守法意识。1.儿童法律援助工作进一步深化。“儿纲”实施以来，市、县（区）两级法律援助中心办理涉及未成年人（儿童）的法律援助案件5911件；共接待各类涉及妇女、未成年人（儿童）权益的来访、来电及活动现场法律咨询50000余人次。2020年，全市为遭受暴力的妇女儿童提供救助（庇护）的机构6个，得到救助和庇护的妇女儿童3052人次；全市妇女儿童法律援助机构数14个，得到法律援助机构援助的儿童人数318人。2.严厉打击拐卖儿童的犯罪行为。为严厉打击拐卖儿童犯罪行为，各有关部门通过开展各种专项行动，加大拐卖人口犯罪的整治力度，从源头减少拐卖人口案件的发生。2020年，公安机关破获拐卖儿童案件3起。侵害儿童人身安全案件查处率达到100%。3.儿童法律意识得到加强。我市积极开展“法制进校园”等活动，儿童公共安全教育覆盖率和中小学生普法教育率均达到100%，儿童的法律意识和自我保护能力得到加强。2020年，我市共建立少年法庭3个，未成年人犯罪人数占同期犯罪人数的比例为2.11%，比同期降低0.9个百分点。二、儿童发展中存在的一些问题(一）儿童的身体素质需进一步提高。2020年，新生儿低出生体重发生率、5岁以下儿童生长发育迟缓患病率虽然均已达标但是指标呈上升趋势，6个月内婴儿纯母乳喂养率呈下降趋势，影响儿童身体健康。（二）教育供需矛盾突出。随着普惠发展学前教育的实施，“三孩”政策全面放开，促进人口出生率提高，现阶段优质学前教育资源短缺，城乡教育发展不平衡，教育资源供求紧张，优质的公办教育资源供需矛盾显现。（三）儿童心理健康教育问题重视不够。随着社会的发展，养育方式的多样，留守儿童心理问题、单亲家庭问题、升学压力、成绩优劣、生活水平高低以及社会竞争激烈等因素的影响，儿童心理健康问题突出，社会关注度不够。三、建议（一）关注儿童健康，强化儿童身体素质。儿童的健康不仅是一个家庭最大的幸福，也是一个民族、一个国家的最大的财富。学校要对儿童科学合理地开展健康教育，加强健康知识宣传，在保证和加强儿童身体健康的前提下促进儿童各方面素质协调发展。（二）优化教育资源配置，构建公平教育体系。缩小城乡区域办学水平的差距，推进义务教育优质均衡发展，保障儿童公平接受教育。科学规划合理布局，加大对公办园和普惠性民办园的建设力度，培养优质幼儿教师，全面提高学前教育质量，满足就近入园需求。（三）优化儿童成长环境，注重儿童心理健康。儿童心理健康不仅仅与个人有关，甚至会影响家庭幸福、社会发展。完善儿童心理健康教育内容，构建心理健康教育模式，提高学校心理健康教育师资专业水平，开展预防性心理健康教育活动，同时家长要关注儿童行李健康，主动寻求帮助，及时进行心理疏导。有关部门也要加大保护儿童的法律法规的宣传，进一步推进各项保护儿童法律法规的执行，严厉打击各种针对儿童的违法犯罪行为，为儿童心理健康发展营造和谐的社会氛围。,0,neutral/unclear
4720516868870219,2021-12-31 17:19:00,fertility,出生率,《人口出生率创43年新低，是什么影响了年轻人的生育意愿？》人口出生率创43年新低，是什么影响了年轻人的生育意愿？O网页链接,0,neutral/unclear
4720510246326961,2021-12-31 16:53:00,fertility,出生率,有一个信息细思极恐1990年1月1日，有2784名婴儿在上海诞生。2000年1月1日，同一城市有1148名婴儿诞生。2010年1月1日，还是同一城市有380名婴儿诞生。2020年1月1日，仍然是同一城市有156名婴儿诞生。今年，2021年1月1日，中国经济最发达的也是最大的人口最多的国际化大都市---上海，有且仅有27名婴儿诞生。上海市的出生率，正在断崖式的下跌,0,neutral/unclear
4720502977071143,2021-12-31 16:24:00,fertility,出生率,#西安一出生5天婴儿被遗弃小树林#今天早上路上听广播，韩国上个月出生的孩子数据大概在两万。我以为听错了，还去查了下，是的，一个国家一个月出生的应该就两万那样。当时就想，挺好，养不了孩子就别生。结果下午就看到这新闻。其实真的，如果不想养，真的别生。现在生了扔树林里算什么回事？尤其在着大冬天的！目前不知道父母为什么把孩子扔了，不过不管出于什么原因，肯定是犯罪了。做父母的，还是要有准备的，无论是经济还是还是心理。没有一定的经济基础，养不了孩子，没有足够成熟的心理，也没能力爱孩子，之后为孩子付出。所以，如果没准备好，别要孩子。这是对孩子，也是对自己负责。#微博新知博主#,0,neutral/unclear
4720498271585473,2021-12-31 16:05:00,fertility,出生率,2021年生活主题词：疫情；中美对抗；人口出生率下滑；反互联网垄断；地产商爆雷；取消k9培训；投资相关的主题词：消费医药价值投资吃土；碳中和；新能源；新能车；中概互联网吃瘪；个人投资的关键信息：负收益，坚持持有有价值的公司；期待2022年的稳和进步。,0,neutral/unclear
4720497181327619,2021-12-31 16:01:00,fertility,出生率,中婴网为合作客户制作的2021隐藏菜单—“品牌#年度总结#”来了！创新焕新匠心、数字化内容化差异化……你2021的关键词是什么？平均几天向行业宣告一次品牌热点？登录中婴网会员后台，即可一键生成品牌的年度回忆。　　2021年，#母婴#行业经历了一场耐力大考。这一年，政策监管不停席卷，从奶粉新国标以及二次配方注册制出台，到儿童化妆品监督管理新规颁布、#母乳喂养#促进行动计划的印发等等。加上新生儿出生率下降的多重困点，让母婴品牌和渠道、门店在合规合法的严谨执行中，一方面稳健布局，一方面也玩出了各自独有的新场景。　　多维度强化品牌认知聚焦年度高光时刻　　内外环境的变化都昭示着母婴行业正处在转型的重大拐点，基于平台大数据，中婴网推出一键生成的“品牌年度总结”报告，“一键晒单”导出plus版长图即可转发分享，用全年高光时刻宣告品牌的价值感与专业度。　　“品牌年度总结”报告获取方法　　通过会员账号密码，登陆会员中心，进入弹窗，一键导出亮眼合作项目，包括上榜次数、最受欢迎的内容、中婴指数等等场景。　　1）登录中婴网会员中心：O网页链接　　2）进入弹窗后，点击报告底部“一键晒单”，生成长图海报，选择保存/分享。　　过去的2021年，母婴行业有着诸多关键词：拥抱变化、数字化转型、元宇宙元年……绿色循环、可持续发展也将成为未来十年的热门主题。　　你们这一年中的动作，又汇聚了哪些代名词和热词？即刻去后台一键生成！　　对于母婴企业而言，亮点成绩既是企业社会责任的一部分，也和自身发展的新消费和新格局进程息息相关。母婴行业从不乏有潜力的挑战者，也需要大家炫出自己更多的能量小宇宙，再添热力，一起去迎接2022的星辰大海。,0,neutral/unclear
4720494797916470,2021-12-31 15:52:00,fertility,出生率,//分享网易新闻:《全国人口出生率下降，南方出生率大部分是飘红，北方差点一片深蓝》O全国人口出生率下降，南方出生率大部分是飘红，北方差点一片深蓝@网易新闻客户端#网易新闻#,0,neutral/unclear
4720481700415191,2021-12-31 15:00:00,fertility,出生率,2021年12月26日云南普洱市直遴选公务员面试题（无领导小组讨论）背景材料：……中国出生人口已经连续4年下跌，2016~2020年间，中国出生人口分别为1786万人，1723万人，1523万人，1465万人，和1200万人。根据“七普”结果，近10年间，中国老年人口规模庞大，老龄化进程明显加快，而同时，当前国内生育率水平已处于较低水平。从老龄人口总量上来看，中国60岁及以上人口有2.6亿人，其中，65岁及以上人口1.9亿人。其中，在全国31个省份中，有16个省份的65岁及以上人口超过了500万人，其中，有6个省份的老年人口是超过了1000万人。与上个十年相比，60岁及以上人口比重和65岁及以上人口比重，分别提高了2.51和2.72个百分点。……问题1.一个学者提出要提高生育率，你怎么看？问题2.有ABCD四个国家，针对提高生育率提出相应的政策，选择适合本省三个经验，再提出一个创新经验。（没有总结陈述要求，只说小组意见达成一致）,0,neutral/unclear
4720460433982570,2021-12-31 13:35:00,fertility,出生率,我不能理解集体主义者我不能理解那些为果为什么出生率献出自己子宫的人刚刚又听到对lgbt赶尽杀绝的所谓正当理由里有出生率一条我真是两眼一黑这种对权力的服从和体认到底是从何而来啊怎么会如此理所当然把自己放在当权者的位置上思考啊你们做个人吧我服了啊蠢死了还有讲结婚生子为了防止人口老龄化的tm泱泱大果多你一个不多少你一个不少你还是怀孕受苦的那个能不能把自己当人看人特么不是机器啊,0,neutral/unclear
4720459796450488,2021-12-31 13:33:00,fertility,出生率,【#我国人口出生率创43年新低#，#是什么影响了年轻人的生育意愿#？】今年8月22日，央视报道根据第七次人口普查数据显示，2020年中国总和生育率是1.3，低于国际社会通常认为1.5的警戒线，被认为有跌入低生育率风险的可能。那么问题来了，我国生育率现在处于什么水平？是什么原因促使整个大环境都来利好生育？社会生育率低，对我们的生活又会产生哪些影响？O人口出生率创43年新低，是什么影响了年轻人的生育意愿？,0,neutral/unclear
4720452523787891,2021-12-31 13:04:00,fertility,出生率,《三孩催生“无果”？任泽平提出2022“新建议”，父母们表示赞同》有媒体报道，在韩国生三孩发1亿韩元，年轻人都不生了。尤其是2020年，我国的生育率仅为1.3，全年仅出生1200万人，出生率创有记录以来最低水平。O网页链接,0,neutral/unclear
4720437077214078,2021-12-31 12:02:00,fertility,出生率,探讨啊，有人说，人口出生率下降、房地产税对房价长期来说是核弹。下面看看韩国的情况。1）人口在2020年触顶，2021年开始，韩国总人口首次出现负增长。。2）韩国综合房地产税税率1.2%-6%。。3）对多套房产持有者征收房屋转让税提升到65%至75%。4）2015-2020年有341万人离开首尔。5）韩国今年房价平均上涨19.08%。6）首尔今年平均房价上涨20%。7）在首尔2017年5月购买一套公寓均价为6.07亿韩元，而在2021年10月购买均价为12.1亿韩元。,0,neutral/unclear
4720429975208244,2021-12-31 11:34:00,fertility,出生率,人口出生率创43年新低，是什么影响了年轻人的生育意愿？来源：新京报2021年12月31日07:11:54,0,neutral/unclear
4720428276256236,2021-12-31 11:27:00,fertility,出生率,【#多地住房政策支持二孩三孩家庭#：买房发补贴，公租房优先配租】据不完全统计，包括北京、安徽省、广东省、甘肃省临泽县、江苏海安市、浙江省宁波市在内，已有多个省市对二孩三孩家庭住房政策给予了支持。之前我早就说过：未来各地楼市放松政策的发力点一定是结合二孩三孩的。当前很多地方出生率都低于1，而人口老龄化又越发严重，关于刺激生育问题的讨论非常非常多。光谈刺激楼市已经是人所共知的严重错误，而打着刺激生育的旗号则属名正言顺。每轮楼市刺激政策都有一个主题。2019年那一轮是引进人才，2016年那轮是去库存，更早之前是稳经济……相信二三孩购房政策将是这一轮的主流口径，未来在一线城市也会用上。,0,neutral/unclear
4720425240365835,2021-12-31 11:15:00,fertility,出生率,"生吧！多好的娃啊[玫瑰][强][胜利]常识说，出生率为2.2左右民族才得以延续！，简单地理解为每对夫妇平均生育2.2个孩子，才…具体的就不算了…我分享了【绝了！12岁女生用文言文“说二胎”，作文火速刷爆朋友圈！】,快来看吧！|O绝了！12岁女生用文言文“说二胎”，作文火速刷爆朋友圈！",0,neutral/unclear
4720423068238239,2021-12-31 11:07:00,fertility,出生率,【君乐宝奶粉推出“内码制”，重塑行业质量安全追溯体系】聚焦当下奶粉市场，国产奶粉不断精进自身品质愈发受到消费者青睐。品牌加速突围的路上，机遇往往伴随着挑战，在出生率走低、实体经济遭遇冲击背景下，品牌为适应行业发展需要做出相应变革，而实力突出的选手往往承担着更大的责任。其中，君乐宝奶粉作为优秀的国产奶粉品牌，于近日推出极具前瞻性的“内码”制度，凭借自身强大实力与市场洞察力有效推动行业健康良性发展。直击渠道痛点君乐宝奶粉推出“一罐双码”体系过去奶粉等刚需品类利润高、销量高，众多母婴门店由此受益。随着品类利润下滑、渠道红利变迁、疫情影响等问题显现，“躺着赚钱”的时代已然过去。日趋激烈的行业竞争与乱相丛生的市场环境，使得母婴门店、经销商的生意愈发艰难。洞察到母婴商家的痛点与需求，君乐宝奶粉也希望为助推全行业的渠道变革、品质管控和服务升级贡献一份力量，最终推出了卓有成效的创新性对策——“一罐双码”体系。此次“一罐双码”制度升级中，君乐宝在奶粉产品原有的罐体底部外码基础上，添加了需要揭开产品内铝膜纸才会显现的内部二维码。产品到店后，店主可使用门店APP扫描箱底码或产品外码进行入库登记，并且获得入库奖励金；消费者购入产品并在门店辖区内扫描内码后，店主也将获得积分奖励，获得的积分奖励可用于门店继续向经销商订货。就利润层面而言，一方面，内码返利不仅是对门店利润的一种补充，也有利于提升供价，结束裸价供货，保证门店利润；另一方面，内码制度的普及将推进行业秩序规范化，在减少门店辖区内不正当竞争的同时稳定价格大盘，保障经销商、门店等母婴商家的合理利润空间。值得一提的是，行业秩序回归平稳后，经销商和门店利润得到提升，经销商和门店得以将重心放在规范化的市场拓展和消费者服务升级上，而这又会驱动辖区内的消费者逐渐回归门店购买产品，为门店提升客流量及用户留存率，促成更多成交量并反哺到经销商，由此实现母婴商家的良性互动和销售增长。内码制度“立大功”为消费者吃“品质”定心丸奶粉产品的安全与质量始终是母婴消费者关注的重点，尤其对于90、95后年轻父母而言，精致化育儿理念让他们对产品安全和消费体验提出了更高的要求。君乐宝最新推出的内码制度不仅为门店提供了利好，更有利于保障消费者权益。区别于奶粉罐底外码，位于罐体内部的内码防伪系数更高。外码搭配内码的“双码验证模式”则帮助消费者更好辨别产品真伪，清晰获取厂家详情、产品参数、质量检验等详细产品追溯信息，最大程度保证品质安全，减轻消费者购买疑虑。此外，内码制度还可以帮助品牌方通过后台更好地了解产品物流走向、消费终端等信息。在监控到异地入库和开罐情况后，第一时间发出预警，迅速采取反应措施，有效减少甚至终结奶粉销售乱象，让到达消费者手中的每罐产品都是合格、高品质的产品。内码制度在有效保证产品安全品质的同时，也为消费者带来了“服务＋福利”的双向增值体验。内码制度推进市场秩序回归正常后，门店将拥有更充裕的精力和时间为消费者提供更为贴心、专业的售前售后服务。福利增值方面，消费者扫描内码将可以领取到2-25元随机红包、攒积分兑实用好礼、扫六赠一等多重好礼，还能进入君乐宝妈妈荟小程序，获得更专业的育儿指导，尊享更多会员特权和宝藏权益。加快构建“世界级奶粉安全秩序”君乐宝奶粉促进行业升级从单码到双码，此次君乐宝奶粉一罐双码的安全追溯体系创新升级，无疑是对自身“世界级”食品安全标准的再次加码。大企责任感驱使下，君乐宝始终围绕用户需求勤练“内功”，首创两大先进生产管理模式：一是“全产业链一体化模式”，即牧草种植、奶牛养殖、生产加工全程自有、自控，保障奶粉的安全放心；二是“五个世界级模式”，即用世界级的牧场、世界级的工厂、世界级的研发、世界级的合作伙伴和世界级的质量管理体系，确保奶粉的高品质。其中在研发创新方面，君乐宝奶粉也从未松懈，以消费者的营养、配方、口味等多方面奶粉需求为导向，持续为产品注入活力。据悉，君乐宝投资5亿元重金打造的君乐宝奶业创新研究院已投入使用，从牧草种植、奶牛遗传和育种、乳品工艺创新到新品开发全产业链进行研究，并与国内外顶级院校和科研机构合作，全面支撑君乐宝未来创新发展需要。对于品牌而言，想要占领消费者心智，并构筑坚固且长远的品牌护城河，渠道端与产品端的强大实力缺一不可，而面面俱到的君乐宝奶粉已经赢得消费者与业界人士的广泛认同。据悉，君乐宝奶粉率先通过了欧洲BRC(食品安全全球标准)A+顶级认证和IFS(国际食品标准)优先级认证，上市7年时间里实现了产销量全国领先。作为奶粉行业中的领军品牌，君乐宝将高品质奶粉更好传递至消费者手中，助力中国下一代健康成长。对于此次食品安全追溯体系新升级，君乐宝乳业集团副总裁、奶粉事业部总经理刘森淼亦表达了肯定与信心：“此举将极大增强合作伙伴和消费者对品牌的信心和认同度，同时也将对行业阳光、健康秩序的建立带来积极影响。”从硬核品质管控到安全溯源制度升级，再到专业服务体验，君乐宝奶粉多维发力持续精进，在引领国产奶粉走向振兴的进程中，自身也必将迎来更大的爆发。,0,neutral/unclear
4720421200464552,2021-12-31 10:59:00,fertility,出生率,日本和韩国韩国已经公布了今年前三季度的出生人口，基本上可以估计全年的出生人口了。日本前三季度出生人口下降4%，去年只下降了3%，预计今年全年出生82万人，粗出生率为0.65%，妇女总和生育率为1.32。和今年中国相比，预计中国今年出生980万，比去年下降18.5%，比前年下降33%，粗出生率为0.70%，比日本略高，但妇女总和生育率比日本还低，只有1.05，因为育龄妇女占比超过日本。韩国前三季度出生人数下降3%，去年也下降了10%，预计今年全年出生26.4万，粗出生率0.51%，妇女总和生育率只有0.82。2019年东三省的粗出生率只有0.61%，略高于当年韩国的0.59%。至今尚未见到今年东三省的任何出生人口数据，但我预测这两年东三省的出生人数降幅低于全国平均，因为在2019年出生率已经远远低于全国平均水平了。预计东三省今年的出生人数比2019年下降25%，粗出生率为0.46%，已经明显低于韩国。因为没有最新的东三省七普人口年龄结构数据，无法计算准确的妇女总和生育率，但我估计应该接近韩国0.82的水平。,0,neutral/unclear
4720417245237184,2021-12-31 10:43:00,fertility,出生率,大家觉得现在人口的减少会影响楼市的发展吗？短期大家其实是不必担心的，人口数量的坚守并不能马上影响楼市的发展，只有等到30年以后才会真正的波动到楼市的需求。现在的70后、80后大部分已经有了自己的一套房，现在买房大部分是改善换房需求，而90后00后是刚需住房，这些总共的需求加在一起，你猜有多大？答案是1000万就算现在出生率开始下滑，等到90后、00后的孩子长大之后，他们还是需要买房的，因此需求还会在现有的基础上进行增加，你能明白吗？#房价##买房##房产#,0,neutral/unclear
4720415471570059,2021-12-31 10:36:00,fertility,出生率,人口减少是不是真的会引起房价下跌？对于大多数城市这是肯定的。，但对于一线城市缺有另外的走势。比如我们邻居韩国，出生率屡创新低，人口连年减少，全国唯一的核心中心城市，首尔人口也跌破千万，但是韩国的房地产没有暴雷，更没有崩盘，甚至也没有下跌。最诡异的是首尔人口暴跌的同时，首尔的房价缺在暴涨！首尔的人口每减少1%，房价缺要上涨10%。这显然与我们所孰知的房价与人口关系理论不符。到底是理论的错误，还是个别现象？未来我们国内核心城市是不是也会出现这种逆势现象？虽然人口在减少，但是房价依然坚挺甚至暴涨？这不是没有可能，毕竟首尔就是如此。#社会#,0,neutral/unclear
4720392243775557,2021-12-31 09:04:00,fertility,出生率,【人口出生率创43年新低，#什么原因影响了年轻人生育意愿#？】有研究发现，经济发展水平与理想子女数之间有负相关关系，即人均GDP高时理想子女数少，人均GDP低时理想子女数多。换句话说，就是随着人均GDP的增高，理想子女数在减少。该研究还对我国上海、北京、浙江、江苏、贵州、广西等地数据进行了对比研究↓↓O人口出生率创43年新低，是什么影响了年轻人的生育意愿？,0,neutral/unclear
4720390276646424,2021-12-31 08:56:00,fertility,出生率,发达国家在少子老龄化背景下，纷纷提高养老金开始给付的年龄及延长老年人的工作时间。美国和德国决定将养老金给付年龄提高到67岁，英国也决定提高到68岁。意大利反其道而行之，结果公务员等11万多人纷纷选择了提前退休。意大利的公共养老金给付水平是在职时的近8成，大约是日本和德国的2倍。意大利没有稳定的财政来源，但却慷慨地批准降低养老金领取年龄。美世咨询日本公司（MercerJapan）的养老金顾问须藤健次郎认为，“在43个主要国家中，意大利养老金的可持续性最危险”。包括日本在内，发达国家的公共养老金以在职人员支撑退休人员的代际扶养方式为主。这在出生率高、年轻人多的时候，没有问题。但如果少子化加速，社会变成老年人多的倒金字塔型，就会陷入瘫痪。要想保持养老金金额，每个在职人员的保险负担就会越来越重。而如果不增加在职人员的负担，就会导致养老金减少。尚未实现所有国民都领养老金的新兴市场国家更为严重。例如泰国，到2025年65岁以上人口将超过总人口2成，而在约1400万名正规劳动者中，也只有2成加入了养老金制度。,0,neutral/unclear
4720377810652499,2021-12-31 08:07:00,fertility,出生率,续摘2.【宏观数据是死的，人脑是活的】宏观人口数据之一是出生——过去5年，中国新生儿出生率持续下滑，2020年我国出生人口为1200万人，最近几十年来人口出生率首次跌破1%。出生人口少了后，玩具卖给谁？所以一定不是个好行业。灵活的大脑抓住了冷数据下的热机会:甲——遇到一家玩具企业，创业者是80后，做玩具20年，从没有做出过头，因为这个行业有神一样的存在——乐高。大量的公司模仿乐高，价格比它便宜一半多，过去20年就这么干。——2019年，电影《流浪地球》上线，制片公司找到这位创业者，想用20多万将《流浪地球》的玩具授权卖给他。他想，试试吧。没想到，用《流浪地球》IP做的玩具，居然在网上卖爆了。——此后，这家公司买了《三体》的授权，去跟航天部门谈，神舟飞船很受欢迎，有没有可能做成玩具？用7000多个颗粒做成山东号航空母舰，有没有人喜欢？这家公司找到了自己的出路。     乙——作者还遇到一家玩具公司，他们做了西安城墙、成都熊猫等中国城市系列玩具。创始人很骄傲地跟我说：今天全球颗粒数最多的玩具是咱们家做的，是一个太和殿，共1.2万个颗粒。『吴晓波2021跨年演讲全文：2022年，出现8个新变化』O吴晓波2021跨年演讲全文：2022年，出现8个新变化,0,neutral/unclear
4720369292805159,2021-12-31 07:33:00,fertility,出生率,【人口出生率创43年新低，是什么影响了年轻人的生育意愿？】要真正解决人口生育问题，重要的还是“对症下药”，解决人们面临的包括居住成本、教育资源、医疗条件、就业保障等在内的一系列现实困境。……O人口出生率创43年新低，是什么影响了年轻人的生育意愿？,0,neutral/unclear
4720617583024523,2021-12-31 23:59:00,marriage,单身,中午和朋友聊天，朋友：你知道为啥我们2019跨年在一起过，今天又在一起聊天吗？因为我们都是单身狗晚上和1床快乐地语音了43分钟，依稀想起了高中跨年都会和朋友语音的日子希望2022年我们都可以拥有满意的秋招结果,0,neutral/unclear
4720617578830588,2021-12-31 23:59:00,marriage,单身,#今年-没能换上新手机（现在感觉手机还能用上两年）-没能减胖成功（刚刚发现更重了预祝明年能减🎉）-没啥存款（领导明年给涨涨工资吧）-单身其实也不错（拜托不要各种催催催了）-口罩还得带着😷（疫情赶紧过去吧）-……Anyway新年胜旧年🎆,0,neutral/unclear
4720617578823724,2021-12-31 23:59:00,marriage,单身,#2021年终总结#又到了一年一度的总结时刻。其实前几天就开始回忆今年都干了什么，可是想了很久也没记起做过的事儿，好像今年跟没过一样。疫情还是断断续续的，工作还是老样子，也没走成，该单身还是单身，这一年干嘛了？没时间了，不想了，那就希望明年能把这日子过得更精彩一点儿。希望明年的今天能有更多素材，让我多写点儿东西。,0,neutral/unclear
4720617574372542,2021-12-31 23:59:00,marriage,单身,#西安封闭管理第九天#今天是2021年的最后一天，明天开始万象更新一元复始，但在这座历史古都，此刻万籁寂静，街上空无一人，假如没有疫情，今晚古都应该热闹非凡，到处人山人海，火树银花不夜天......今早没有等来物业大喇叭喊着做核酸，群里大家都充满了期待，结果物业告知说没有接到通知。早餐依然面包加酸奶，吃饱喝足开始打扫房间，又刷到了今天新增161例的数字，也许是时间久了，对这个数字已经开始麻木了，完全没有感觉了。中午的时候，妈妈说小区那边已经开始准备配送蔬菜了，都堆积在小区北门，爸妈所在的小区是西安第一批封控的小区，已经快半个月了，两老人都有囤积物资的习惯，所以吃喝倒也不愁，不过剩余的也就能维持一周多左右，加上政府送的菜，估计可以再多吃个三五天问题也不大。吃饱喝足没事干只要睡午觉，醒来的时候看群里通知说准备做核酸，赶紧穿戴整齐，蹦蹦跳跳跑去做核酸，今天的医护是来至于渭南的，2021年最后一捅。物业在群里说今天曲江这边给小区送来了300份菜，远远不够小区业主分配，所以优先考虑给家里有老人小孩等的供应，业主们都很高风亮节，纷纷表示理解并愿意，我自己单身一人，蔬菜这些也算充足，自然也没有什么意见了。做完核酸开始整理今天的数据，今天161例数据中有50例依然是核酸筛查发现的，换句话说，西安目前还藏匿有大量的未被核酸筛查出来的被感染者，所以短期内来看，重点其余雁塔和高新等一日一核酸依然是必不可少的过程。晚饭简简单单对付了一下，晚上就发呆，刚好看到花总在直播，就跟花总打了个招呼，花总提议说连个麦说一下西安疫情情况，就聊了二十多分钟，说实话，作为一个在西安疫区的人，真心觉得每一个西安人都很不容易，为这场疫情狙击战付出了太多了，也都过的很艰难，有很多人不可能由我这样有吃有喝，什么都不愁的！所以也肯定大家对西安的疫情防控工作和每一个身处西安疫情中的人多一点关爱和鼓励！我也相信，每一个西安人都将坚强，都将为这座城市的浴火重生而隐忍而牺牲而付出！明天就是新的一天，我要去洗个澡，换一身新的衣服，来迎接新的一天和新的一年的开始！,0,neutral/unclear
4720617561524698,2021-12-31 23:59:00,marriage,单身,#尤长靖一颗星的夜高音好有穿透力#2021年的最后一条微博今晚是我最近以来过得最快乐的一晚今年是我在家里度过最多天的一年谢谢尤长靖让我这个单身🐶的跨年夜能过得这么忙这么快乐这么精彩谢谢尤长靖让我这不太容易的2021依然还有些快乐美好的回忆明年也会继续成为自己想成为的大人新年快乐@尤长靖,0,neutral/unclear
4720617536619040,2021-12-31 23:59:00,marriage,单身,KBeautiful-NCT20212021年的冬专没有小董也没有可以抱抱的男朋友😫但是有一起陪我吃饭的同事跨年给我巧克力的姐姐想吃花蚬子我爸就给我买想吃饺子我妈就给我包🥰有时候真的觉得很憋屈但是现在也会自我开导了虽然我紧赶慢赶还是把2021年的工作带到了2022虽然跨年的火锅店里没有我的位置虽然电影也没有看成但是我没有把2021的脏衣服带到2022🙊反正事情都会有它的解决办法随它去吧🤣不过我希望我永远是我自己就算不是希望我能永远记住现在的我自己🧐#我好久没有拍过好看的照片了##除了吃的啥也没有##2021的最后几天除了上班真的有在好好吃饭哈哈哈##花花是我同事的花花##我的双眼皮什么时候能变回来#,0,neutral/unclear
4720617535837448,2021-12-31 23:59:00,marriage,单身,2021年，从学生变成工作党了。2021年，离开了重庆。2021年，喜欢上一个也许会影响我很久的演员。2021年，喜欢了六年的明珠终于有了被更多人看到的机会。2021年，认识了好多拥有共同兴趣的新朋友，也拥有了好多善良有趣的同事。2021年，还是单身。,0,neutral/unclear
4720617523513852,2021-12-31 23:59:00,marriage,单身,本来想着2021的年终总结以一个月一张照片的形式记录下自己结果...凑不出12个自己2022的目标：凑出12个我,0,neutral/unclear
4720617523249906,2021-12-31 23:59:00,marriage,单身,11点钟打完下班卡之后就一直在哭，边骑电动车边哭。我以为今晚会和大家一起快乐的吃饭饭聊聊天，可是他们去吃时没有叫我，虽然下午五点钟有提前打招呼，但是去时没有叫我我就是会很失落。成年人的眼泪真的就是一瞬间。2021年依旧是自卑的一年，没有人喜欢我，遇见喜欢的就是很不会追，会搞砸一切，搞砸之后觉得自己真像废物啊。我会因为长得不好看自卑，2022年还会这样吗？这么多年都觉得自己不好看，即使这样，我也爱我自己。2022年还是会单身的一年，习惯了。祝我2022年身体健康吧！,0,neutral/unclear
4720617520367978,2021-12-31 23:59:00,marriage,单身,一些pyq的copy但又不是完全copy2021年过的还挺开心的希望2022年更开心更充实好想回家去年这个时候我都在家待好久了,0,neutral/unclear
4720617519321963,2021-12-31 23:59:00,marriage,单身,2021真的是很充实的一年了备战考研的时光辛苦又快乐一场考试耗走了很多人虽然结果很重要但当我坚持到最后的时候我就没有遗憾了这一年我变得更加冷静成熟这一年我喜欢了孟子义@孟子义这一年我认识了许多可爱善良的小柠檬小柠檬们都是像孟子义一样温柔的人啊希望新的一年我可以更加清楚地把握人生的方向希望会有更多的人喜欢孟子义希望我的好闺蜜们一直陪我单身L美女今天睡够8小时了吗的微博视频,0,neutral/unclear
4720617511721977,2021-12-31 23:59:00,marriage,单身,K美好的事可不可以發生在我身上我想了想，2021实在没什么可以回顾的，这一年我从年头衰到了年尾，年度关键词是倒霉。很惨，这一年就是很惨，有很多很多不顺心的事，我还得带着从牙龈侧面长出来的智齿尖尖走向2022但是晚上看了尤长靖的跨年舞台，看了其他帅哥唱歌跳舞，真不错啊。2022要和快乐小尤一样，原地起飞（那位已经失踪一年多的林彦俊先生......）,0,neutral/unclear
4720617507524538,2021-12-31 23:59:00,marriage,单身,2021总结年初：信女愿一生荤素搭配、单身好多年，只求让我上研究生年末：荤素搭配营养均衡还有研究生恋爱这样看大方向还是很不错的哦～中间的奇奇怪怪就当是好事多磨叭～新年就希望疫情快快快快快过去吧！！让孩子（和余某）出去玩吧（图：近一周）“你选择我肯定是因为我有和其他人不一样的好，我要对自己有信心”“你要对你，我，我们有信心”,0,neutral/unclear
4720617498870605,2021-12-31 23:59:00,marriage,单身,我愿意再单身十年，祝我成功,0,neutral/unclear
4720617477379322,2021-12-31 23:59:00,marriage,单身,今年正经图也画太多了,0,neutral/unclear
4720617469514620,2021-12-31 23:59:00,marriage,单身,今年古装剧好少看过的也不多希望明年多搞些《哲仁王后》好看《朝鲜驱魔师》被废(气哭本来这类题材最爱)《月升之江》一般《暗行御史》(啊这部我还没看完明年一定补上)《打包袱—盗取命运》这部强推强推超级好看《红天机》好看《恋慕》还可以《御史和祚怡》还可以《衣袖红镶边》好看！,0,neutral/unclear
4720617464798723,2021-12-31 23:59:00,marriage,单身,#给2022捎个话#希望2022能实现2021没实现的小心愿[2022]要不行我2023再来许一次,0,neutral/unclear
4720617452216834,2021-12-31 23:59:00,marriage,单身,2021总结各式各样的瓜焦头乱额的考试保持单身,0,neutral/unclear
4720617440157237,2021-12-31 23:59:00,marriage,单身,我好喜欢和我舅妈一起恰饭今晚点了超多菜我还以为会吃不完（因为平时只会吃一百多还一人点了一杯都可结果两个人吃了超久！八点十几下单吃完就九点五十了一个半小时哈哈哈哈我们吃的时候后面还有人在等座我们吃完已经是最后一桌了真的有在慢慢吃今天跨年烤肉店小姐姐开起音响在店里k歌唱的特别好听最后一首我掏出手机开始听歌识曲好听好听好听好吃好吃喜欢喜欢喜欢💕,0,neutral/unclear
4720617427574664,2021-12-31 23:59:00,marriage,单身,谁能想到马上就是2022了啊，时间过得也太快了。每年的心愿都是期待下一年自己能够变得更好，我相信我也能做到。希望家人能够平安健康，诸事顺利，各个挣大钱！爸妈身体一定要越来越好，不要再有事啦老哥老姐们工作顺心，少一点烦恼还有就是我一定要越来越优秀！！！我一定可以的！,0,neutral/unclear
4720617423902548,2021-12-31 23:59:00,marriage,单身,day8晚上9点多，在地库蹲到了鸡蛋、米、面。跨年火锅最终还是凉了…送完这波祝福，2022的单身贵族时刻就要来了~新岁初始，愿诸事顺意#今年跨年还是一个人吗#,0,neutral/unclear
4720617422855899,2021-12-31 23:59:00,marriage,单身,📚伪·年度总结报告大概是学会专注当下和学会自己和解的一年在新环境逐渐适应并认识了三两朋友充满感恩的一年看微博的去年今日我大概知道去年的我总是焦虑不快乐的今年好像有努力让自己不要过度焦虑接受不完美的自己让自己快乐一点依旧是咸鱼的一年高兴的是还是和好朋友见面并一起去旅游了一趟依旧是贫穷的一年年底了存款还是少得可怜依旧是单身的一年怎么办单身真的好快乐我不想谈恋爱我只爱我自己其他就不说啦好久没有写小作文了有些话放心里写日记里自己一个人知道就好啦做总结翻相册的时候觉得照片少得可怜希望2022养成记录的习惯多多拍照📷希望2022年暴富变美变发量王者变自信变得更爱自己全部的自己希望2022比2021更快乐,0,neutral/unclear
4720617419186006,2021-12-31 23:59:00,marriage,单身,每年都发一次单身！这次终于不用发了！我有哥哥啦~新的一年！新的旅途！,0,neutral/unclear
4720617418921455,2021-12-31 23:59:00,marriage,单身,_小黄鱼_超话想着就是说把坏运气都留在2021吧希望2022身边的人都好好的2021年背后哭了太多次了希望2022别再克我了也想着就是说2022我能放下手机好好学习吧要期末了也要中考了从来没有这样感叹过可能是这一年经历的事太多了吧逼着自己坚强逼着自己成熟逼着自己长大想说的真的很多很多2021我还好遇见了你们@惜汐汐兮@用户7701925334@君黎吖吖吖吖吖@51129jzasd2022我们都要好好的不想煽情发自内心的感叹吧一起进步一起坚强会更爱黄明昊会期盼天亮期盼栀子花早日回归期盼俊子每天开心抓住最后一分钟的小尾巴：再见2021年的yfr哦对了家人健健康康快快乐乐❤️谢谢2021所有的你们爱你们啊💙等着阴历年了……💕,0,neutral/unclear
4720617410010643,2021-12-31 23:59:00,marriage,单身,2021➡️2022🧨终于结束了去年的单身生活好开心接着准备开始明年的单身生活2022年也要继续开心继续努力继续前进一步一步的留下回忆,0,neutral/unclear
4720617394543522,2021-12-31 23:59:00,marriage,单身,每年都在许同样的愿望，如果脱单无望的话，那就希望我单身且自由吧,0,neutral/unclear
4720617380648001,2021-12-31 23:59:00,marriage,单身,#肖战#发2021年的最后一条微博！一年真快啊！下午上班去，小朋友都在说今天是2021的最后一天，我才突然意识到晚上要跨年让俺来细数一下今年干了啥吧！去年跨年也非常开心！舞台宝最高！！！一只哀伤的猫～太绝了那时候期末考实验心理学2，我坐在五号楼很高楼，面朝西，是傍晚，发了试卷然后俺一直在唱这首hhh！疯狂回味！！！（但是现在怎么也想不出来这首歌叫什么...）哦哦！相爱后动物感伤！！！芜湖！回家过年，跟爸爸妈妈姐姐弟弟去爬山是我现在留存的记忆～还有跟弟弟放鞭炮！我跟姐姐一起追着表弟扔摔炮hhh！（好像也没有更多了...有点空洞！）哦哦！还有表哥订婚！很吃惊！很快乐！去他家吃了好几顿饭还有跟姑妈她们一起去KTV！然后开学了去报名了驾校（虽然一直没去..）～想起来的是积极心理学！我们的冰球小赞！！！冬梦超棒！！！太可爱了！！！（想起来还有1月16、17的猕猴桃尖叫夜，巴巴等到跨天..因为第二天要回家所以印象很深刻！那晚室子的出图宝唱余年超棒！！对了！说到寒假不得不说的是我们三哥！突然空降真的！每天坐电视机前看真的很快乐！三哥好绝有一天中午更新两集，我才看了一点然后静姐姐叫我去KTV了hh，然后在路上用手机看了！然后过年嫂子她们来了，她也过来看了hhh，说我侄女在家要看这个我侄女看见我手机的宝然后跟我说“我有肖战的卡片”，还说她同学也有hhh！过年也有跟她和她弟弟一起玩～还有啥，感觉我脑子空空...上学期干了什么完全没印象...暑假回家学了泰语！只学了基本的辅音元音这些，要好好学的话应该背单词，但是我根本没背（哦上学期好像有经常看泰剧～暑假回家在看千星，我大意了！以为前几集没什么，结果我奶奶在旁边一起看，看到了很尴尬的hhhh！！这学期终于去考了科目一！也拖了很久就是...然后还去上班了，定番！还遇到了封校，感觉还是很奇妙的！在学校放寒假！上网课的慢生活我还是很喜欢的！（虽然平时也没有特别忙..这学期还有我们的社团活动～有新生，刚开始还一起搞过活动，定了大戏，结果因为疫情也不能排练..还要回家学...还有我们曾经定过档的顾医生，不过多久我都会等你的贵哥！前段时间我们小野又空降！玩的就是我的心跳！在我狂写论文那一周🚬现在有空了！可以尽情看了！这一年还有了很多新的代言伙伴！小真，托爹，老古，小隅，小怡，小益，小梦（记得这天官宣我正好跟初中同学出去玩～在出租车上转发微博），小双，电子狗，小陌，小满，宁，小bu（下午在地铁站遇到了！芜湖！），小欧，等等！热热闹闹的很好！还有9月份去杭州剧院了～虽然没票，但是在外面感受到氛围就已经要热泪盈眶了！美美享受了！从四月份一直到十二月份，我们五号也一直都很棒呢！虽然还没亲眼见过又喜欢了宝一年！时间真快啊！这一年也一直在喜欢宝！已经是老夫老妻了！但是宝的千面还是会经常让我心动！能喜欢这样的宝很幸运也很幸福！虽然今晚没有舞台赞看很空虚寂寞但是收到了明信片！宝新年快乐！@X玖少年团肖战DAYTOY2022也要顺顺利利！室子也新年快乐！新的一年多发粮这张图算二改了吗hhh！不过原版明信片我要留着新年发！,0,neutral/unclear
4720617377242468,2021-12-31 23:59:00,marriage,单身,克拉惊现真人芭比00年可爱小姐姐好身材大长腿这样的女朋友哪里找别错过哇催婚超话#脱单##单身#,0,neutral/unclear
4720617373041222,2021-12-31 23:59:00,marriage,单身,2021年的最后一天，时间真的是马不停蹄的往前奔跑着，根本就不给我喘息的机会，其实也不能这么说，只是我自己浑浑噩噩的过日子罢了，这次陪伴我的原本是老动漫《猫眼三姐妹》，只是我突然心血来潮又去看今年年初追的一个选秀综艺节目，因为这个节目，还闹出好多的琐碎的破烂事情，心里很累，今天删除了那个一直在催命逼我的那人，总算是能够喘下气。新的一年不敢说什么新的开始，因为誓言大多都是笑话，只希望自己能够开心，真的，只希望自己能够开心,0,neutral/unclear
4720617582235994,2021-12-31 23:59:00,marriage,婚姻,彭冠英超话电视剧听说你喜欢我超话#彭冠英婚姻的两种猜想#𝒲𝒽𝒶𝓉𝒶𝒻𝒾𝓃𝑒𝒹𝒶𝓎ꔛꕤ🏮元旦快乐ᐝᐝ٩(͡๏̯͡๏)۶我会一直安暖相陪~@彭冠英@彭冠英工作室@彭冠英全球后援会💜ᏝᎾᏉᎬ❣ᎽᎾᏬ*,0,neutral/unclear
4720617570440363,2021-12-31 23:59:00,marriage,婚姻,2021写在这一年的最后几分钟我们携手走进了第12年的婚姻生活并一起装修了属于我们的新房子有我们都喜欢的大露台和明亮的书房工作上遇到了前所未有的困难这一年教育行业都很难我们也并没有独善其身常常在泥潭中挣扎感恩团队伙伴都非常给力任外界纷杂依然专注于孩子换了新的车子、有我喜爱的K歌功能每天上下班的路上、看着车外的朝阳都觉得生活真的很美好感谢这一年奔波辛苦的自己感恩所有的陪伴与时光的馈赠新的一年，希望健康常伴快乐相依,0,neutral/unclear
4720617548945033,2021-12-31 23:59:00,marriage,婚姻,生活一地鸡毛婚姻生活更是如此,0,neutral/unclear
4720617524045193,2021-12-31 23:59:00,marriage,婚姻,没想到，2021年最后一天了，我还在这。[2021]时间节点概括为：cuncun结婚—发小结婚—毕业🤓—毕业旅行—上班—国庆[放假]—天天盼着回家—即将到来的就地过年可能多年后也会感慨，这辈子也算是出去过！,0,neutral/unclear
4720617511721978,2021-12-31 23:59:00,marriage,婚姻,平凡且不平淡的2021！上半年：健身+备婚下半年：工作+结婚做了美丽的新娘、练出了淡淡的马甲线、创立了首个论坛项目、收获与失去并存、一切都已是最好的安排、努力生活的每一天、感谢如此认真生活的自己、2021辛苦啦！愿2022依旧可以心之所向,0,neutral/unclear
4720617498087044,2021-12-31 23:59:00,marriage,婚姻,2021年的最后一天的最后一条微博。回想2021年一开始买了日计划本，也买了各种与牙有关的网课，买了美美哒的纸和笔，也买了一个知网万方啥的通用的永久账号，买了好多彩图插页书，然而其实一年下来啥也没学，钱倒是花的很响亮。干的唯一一件大事大概就是去市立医院规培了，还不是自己考的，而是大势所趋，或者是为另一个人充当看似公平的砝码而已，规培缠绕了我6年，从日思夜想到顺其自然到想要放弃到突然拥有，就跟暗恋一个人终于得到他的青睐一样，无论如何，我是幸运的。那天小姑娘问我，姐，你结婚几年了？我说我是19年结得婚，说完自己都不相信，竟然这么久了吗？其实婚姻也还好，没有那么糟糕，或许是青岛好玩的地方多，好吃的也多，新奇的玩意儿多，各型各色的人也多，跟那个年代的人的感觉不一样，或许是那个年代的人上班下班也没有什么娱乐项目，烦躁的下班然后相看生厌？还好我没有被我爸妈的婚姻吓住，三天一大吵两天一小吵，一天不叽叽就难受。也或许那个年代的人追求的是搭伙过日子，结婚，生孩子，过日子，混此一生吧。人吧，还是得跟能聊到一起玩到一起吃到一起喝到一起的人了却此生才有意义，价值观至少得大差不差吧。至少到目前为止，并没有觉得婚姻是爱情的坟墓，遇事解决事，而不是遇事制造更多的矛盾，站在对方的角度看问题，要不怎么叫做相互理解呢。还是要学习的，现在跟着这个老师和九医口腔科的一个老大夫是同学，大学同学，而现在，一个是市立医院口腔修复科的长老，有人会从烟台走高速就为了找她镶牙，虽然都到了干活花眼的年纪，却对每一个活都认真对待，亲自过手，有条不紊，虽然偶尔也能把自己的血压干高了。而另一个却是天天喝茶聊天做小咸菜给科里人吃却也买不着啥好，干活全凭一张嘴，干次了也能用嘴混过去，忽悠着她不知道从哪来的各路朋友镶各种奇奇怪怪的牙。人，还是要学习的，选择做什么样的大夫什么样的人全凭自己。2022年还是要好好学习的。最想对2021年的自己说什么超话,0,neutral/unclear
4720617490490339,2021-12-31 23:59:00,marriage,婚姻,2021年即将过去，这一年回想起来忙碌很多，很多时候过着过着又一天了，并没有什么感觉，这一年，失败很多，也得到很多经验，我希望把这些失败的经历变成一次次的历练，让自己能够有所成长。2021年的身体还好，不过也很不注意，摔伤了手，得到了一个教训，做人做事要专心，不要大头虾。今年的好事是家人的身体健康，还有宝贝妹妹出嫁了，婚姻幸福美满，和和美美展望新的一年，希望一切顺利，梦想成真2021，再见了👋,1,explicit positive/aspirational
4720617478161803,2021-12-31 23:59:00,marriage,婚姻,今天就是2021的最后一天啦今天吃了二楼的鸡排饭，还蛮还吃的中午没忍住睡了一会儿下午又是摄影课，有点难熬，但还好，设备装了半小时晚上出去吃了，炸串，香香，但是有一点点多，一点点，好久没喝了呢今天把2700+的小说看完了，我觉得我对婚姻的看法又多了几分，同时更加坚信，婚姻不是生活的必需品，好像有了对未来理想生活的憧憬。暗恋十一年，得到回音，是一件概率非常非常小的事情，同时也是一件幸运的事情，总之，感触很深，岁岁平安长那么大第一次吃到了冰糖草莓，虽然只是一半，跟我想象中的一样，甚至更好吃孔明灯，你载着谁的期许缓缓上升bilibili年度总结，我真的好喜欢kbhhhh凌晨六点看解刨kb炮炸战损视频，真的有被笑到没能看到kb和北子哥没有连麦跨年，有一点点遗憾大螃蟹，鱿鱼游戏朋友圈好多人在发年度总结视频，有种说不出来的感觉，喜欢看，但自己绝不参与跟父母打电话，听见吵架真的很烦老年人的状况真的谁都预料不到突然也想像一个正常女孩一样，认识一个男孩，然后相知相恋，会在压马路是牵手言笑，一起跨年，度过每一个有意义或平凡的日子。还有几分钟就到2022了，祝愿我的家人朋友们，岁岁平安，事事顺遂。,0,neutral/unclear
4720617473970300,2021-12-31 23:59:00,marriage,婚姻,12.27～我们的子君结婚啦～如你卡上（有心了）所说的，都是初中的往事，依旧印象深刻，爱你～要一直一直幸福下去哦,0,neutral/unclear
4720617461387136,2021-12-31 23:59:00,marriage,婚姻,今年跨年最大的遗憾便是他不在身边，从18年开始，我们都是在一起跨年，我们约定以后每年都在一起，我记得18年的时候我还在杨林教书，跨年那天晚上我们去看了超级难看的一部电影《地球最后的夜晚》，当时看宣传以为会非常浪漫；19年的时候是在文山教书了，刚上岗半年，他也陪我来到了文山，跨年那晚我们本打算去吃点好吃的再看个电影，但是不巧的是我还生了病，发了烧，跨年那晚我们就随便买了点东西在宾馆吃，他还给我买了退烧贴，第二天还是有点发烧，新年第一天就在医院输液度过，他当时还上着班，得闲的时候又回来医院看一下我，当时我还记得隔壁床的说你老公真贴心，当时的你真的很贴心，我很开心；20年的时候我记得我们买了房子，很开心；21年的时候，也就是现在，陪在我身边的只有宝宝和妈妈，我很希望你能每年都陪在我身边，但我知道你不去昆明就没有钱，生活所迫，能理解，可是当我和你说我想要你陪我跨年时，我只是说说，你的态度却很差，你让我感觉越来越陌生。老晏，我不知道曾经的那个你是真实的你还是现在的你才是真实的你，在我面前暴露的脾气越来越差，就像昨晚，我很不开心，你就问我又扯什么疯，看着你的当时的脸，又给我一种莫名的恐惧感，我曾经认识那个人怎么越来越可怕了，曾经，当我们闹别扭的时候我总想沟通，总想去解开，但是现在，你的一次次不语，让我也越来越不想去沟通，甚至不想和你多说一句话了，这样的婚姻关系，我不知道会维持多久，如果有一天我们分开了，我希望我们会是和平分手，爱过是真的，但是当有一天不爱了，也是真的。其实我还有很多很多话想和你说，因为我感觉我们已经很久很久没有掏心窝的谈过心了，但是你的态度也一度的让我越来越不想和你沟通了，想和你说的时候我也会憋回去，新的一年，不知道我们以后的路会怎样，祝你新年快乐！,0,neutral/unclear
4720617452736770,2021-12-31 23:59:00,marriage,婚姻,来个年终总结2021年是值得纪念的一年，和邓先生一起完成了我们人生中很多的大事！1月登记结婚，4月拍婚纱照，7月结束了我第一份正式工作，9月肚里有了个小可爱，11月结婚摆酒！期待2022年我们的阿B来到身边，成为幸福的一家三口！耶,0,neutral/unclear
4720617451949621,2021-12-31 23:59:00,marriage,婚姻,关上电脑，一年就过去了。白天忙行政上一摊事只有晚上补加班做另一板块的事情。旧年过得有一点焦虑，希望新年平和起来，工作空间更大，给孩子积极向上的生活态度。希望自己更爱惜自己，在平淡琐碎的婚姻生活中提升自己。希望妈妈身体健康。希望家人平安。,0,neutral/unclear
4720617439626607,2021-12-31 23:59:00,marriage,婚姻,2021年的最后一天了，没有惊喜没有鲜花没有礼物，有的是你对我的不理解，是你觉得的我不理解你，婚姻真的是爱情的坟墓，我会为你考虑，但你满脑子装的都是我要怎么样，我想怎么样！！！大概就是这些把我们的感情葬送了吧，愿我有一天也能我想怎样就怎样新年快乐,0,neutral/unclear
4720617439365669,2021-12-31 23:59:00,marriage,婚姻,小崽子出生后连续熬夜的第七个月零九天，第223天。星期五，2021年的最后一天，不间断的思考婚姻给我带来了什么，是扣不整齐的衣扣，是凌乱的头发，是越来越弯的背，还是越来越重的黑眼圈，思来想去都是一些不如意。我也一度崩溃到边缘，一边哭一边喂奶。周围的人都说，当妈的都这样，孩子大了就好了，这句话支撑了我一天又一天。我总觉得当代年轻人的生活状态不应该是这样的，我应该是阳光明媚，积极向上的态度面对生活琐碎。然而当身边人当起甩手掌柜指指点点，独自带娃熬过一个又一个的夜晚，极度缺觉到头疼，抱怨却被说矫情和装的时候，委屈就像是开了闸的洪水，气他人不体谅自己，更气自己当初选择了结婚。对每一个明天没有任何期待，感觉很差劲,0,neutral/unclear
4720617436220826,2021-12-31 23:59:00,marriage,婚姻,虽然日子听起来尴尬虽然开始进入吵架频繁阶段包琛也会问我一句是不是最近因为工作忙让我缺乏安全感了从昨晚到今天他念叨的也始终是又离娶我更近了自始至终他都在想要娶我回家也常常因为有他而感到幸福,0,neutral/unclear
4720617427046923,2021-12-31 23:59:00,marriage,婚姻,喜欢[2021]年，因为2021年圆了看宁宁现场的愿望，去了三次见面会、两次拍手喜欢[2021]年，因为2021年很幸运的从🥭看到了淇哥，也有机会看到了淇哥的神级现场总之总之，很开心，很幸运，能自由地想去看宁宁和淇哥就能去，没有遗憾[2022]祝淇哥婚姻美满家庭幸福[暖一下]，宁宁就平平安安健健康康就好，我能多些机会看到淇哥和宁宁的现场,1,explicit positive/aspirational
4720617419703171,2021-12-31 23:59:00,marriage,婚姻,2021年最快乐的事,0,neutral/unclear
4720617418925684,2021-12-31 23:59:00,marriage,婚姻,2021年是我目前人生中经历最多、感受最多，拥有最多、失去最多的一年，和最爱的外婆永久的道别，和爱人踏上幸福的婚姻道路，承担了更重更有意义的工作…希望2022年家人健康平安，希望老公实现梦想，希望我们越来越好！,0,neutral/unclear
4720617407121912,2021-12-31 23:59:00,marriage,婚姻,照例是要总结一下的2021年工作上:反正不算很适应，没算很折腾，就是那种一眼看到头的生活，没有太多成就感，工作不算很累。生活上:结婚是一件大事，这会儿还有一个小宝宝在肚子里踢踢打打。逐渐的在认识和承担着婚姻生活里该承担的责任，也逐渐在慢慢学习处理平衡好两家的关系。公婆姑姐人都很好。对父母有很多亏欠。总之，所拥有的一切都在学会好好珍惜，也会做一夜暴富的白日梦。2022年，希望自己平和一点，凡事能想得开，工作上没啥追求，家人都健健康康的是我最大的心愿了，哦对了，要准备好迎接我们的第一个宝宝了，这个蛮期待哈哈哈。当然还会持续做着一夜暴富的白日梦，哈哈哈新年快乐诚愿吾家人安康无恙,0,neutral/unclear
4720617393231710,2021-12-31 23:59:00,marriage,婚姻,对于我来说，2021是值得好好回顾的一年，好像发生了很多事，但仔细想想似乎就是结婚和创业这两件事占据了我九成的时间。年初备婚和创业几乎同时进行，经历过备婚的女孩应该会知道这段时间会多么的容易焦虑，买不完的东西，确定不完的婚礼环节。即便队友已经足够给力，还是免不了自己亲力亲为去确认每一个细节。最恐怖的是还要一同做创业的准备。现在回想起来，这一年有好多个崩溃的时刻，因为不能在自己喜欢的日期举行婚礼大哭过一次；因为不靠谱的工头导致店面装修不停返工而大吵；很多个午夜因为担心营业状况默默流过不知道多少次眼泪……但无论如何一切都算顺利的过来了，我办了一场梦想中的婚礼，我开了一家想象中的咖啡店。2021身边的朋友还是那样不多也不少，家人都健康平安，也还是能感受到zwh对我只增不减的感情，一切都让我感恩。2022会怎样呢？我也不太清楚，但只要比2021再好一点我就满足啦。,1,explicit positive/aspirational
4720617390088262,2021-12-31 23:59:00,marriage,婚姻,2021:1.终于和帆总在第七个年头走进了婚姻的殿堂，希望我们共同经营属于我们的生活，一起好多好多年2.行业寒冬，原公司倒闭，也让我有幸走进了现在的团体，认识了一群风趣又有内涵的朋友，一切都是最好的安排3.在年末的尾巴，接到了收房通知，属于我们的小家来了2022:我希望我希望的都有希望,0,neutral/unclear
4720617355481435,2021-12-31 23:59:00,marriage,婚姻,回顾我的2021，关键词应该就是“糟糕”吧，一共开心的只有两个月，2/12。首先是感受到戏文系内斗之凶猛，上一秒还在嘲笑涛哥的我下一秒也体会到了开题二辩的滋味，其实很受挫也自觉很丢脸，的确准备太不充分了，急急忙忙找选题，还是看书太少了，师父竟然还安慰我，很是感激。以至于我连喝多了都说要去图书馆看书（SOS好蠢！）然后和平分手了一段时间很长却不断消耗的感情，因为失望太多逐渐积攒，这份爱让我好多期盼都消失殆尽了。也因为这样后面一连好久对酒的渴望简直如同吸大烟，醉醺醺的啥也不想了，也很感谢小王一直陪伴左右，不过服了我自己，怎么能出尽洋相：要抱流浪狗，要吃小汤圆，要等图书馆开门，要喝百利甜，站着头撞墙…（不排除小王故意编排我🚬）还有人生中第一次烂醉如泥整个后半夜全断片，不知道北锣鼓巷的小酒馆后劲怎么这么大，后来小王才跟我说那玩意儿40度…走出北锣穿过南锣，迷糊中感觉有个手一直牵着我向前，下意识觉得这个手就这么一直牵着我吧，好像可以相信的那个人。回到学校没走两步胃里就天翻地覆了，据小王说我呕之前还担心小草被我弄脏了……🚬开启了一段新的感情，三观契合，分享欲满满，只要能聊天就快乐到冒泡泡，一度认为这或许就是良人，可我心里依旧犹如走钢丝。从开始到现在，两人能见面的时间满打满算也就两个月，也是我一整年最快乐的两个月，转瞬即逝。上一段结束了很多不需要思考的问题，但这一段又迎来好多新的，犹犹豫豫，难以决断。我太懦弱，好多事情顺水推舟，不敢拒绝，不敢疑问，不敢说出内心的想法，逐渐分不清矫情作与情绪需求的界限。十至十二月份简直是我的至暗时刻…小王生病了…妈妈也生病了…哥哥嫂子的婚姻也出现问题…我甚至觉得到盐城的那二十天是一个逃离，让我喘口气，我好像是一个垃圾桶，所有人的情绪都往我这里抛，这个垃圾桶已经越来越满了，可是我的情绪找不到能宣泄的地方，没有人在意我的情绪，没有人能够给我我需要的回应，甚至在我实在憋不住寻求帮助的时候，依然被忽视了。其实我明白别人也帮不到我半分，就像我也没办法帮到他们半分，我真的好痛苦，好累，好焦虑，却压抑着自己。面对即将到来的2022，当然还是伴随着焦虑度过的，毕竟整个研究生三年，我虚度了光阴。接下来赶紧完成毕业大戏，跨系部正常上演，工作毕业能够前程似锦，身边家人健康平安，我和小王一切顺利，拜托了。,0,neutral/unclear
4720617326123160,2021-12-31 23:58:00,marriage,婚姻,夫妻相处必备好剧：《幸福二重奏》！家庭的核心是和谐，而这份和谐在没有吞金兽的降生前，就得由两个小年轻来守护。尽管已经到了成熟的年纪，但是面对婚姻，我们仍然是一张白纸，两个人相处的生活哲学，还得切实磨合才能总结出最适合自己的相处方式。今天给大家力推的这部剧也是家庭题材，近期实在是适合团圆，《小敏家》热播的同时，记得蹲一下《幸福二重奏》！2022年1月3日起，来芒果TV一起看小两口的相处之道~喜欢看家庭剧的海外朋友们记得准时启动快帆哦~带你第一时间穿梭回国，解除芒果的播放限制。期待《幸福二重奏》的播出~,0,neutral/unclear
4720617213657872,2021-12-31 23:58:00,marriage,婚姻,你要长长久久的做少女不会被吹头发和掖被角感动不贪吃蛋糕和热饮不好奇婚姻不要变成食指上带着银色针垫的母亲要踩着红底高跟鞋在舞池里四平八稳不要被小孩子铺满客厅的积木绊倒坚决不为踩断他的士兵的胳膊道歉你要开心你要贪玩你要游戏人间才不要囿于厨房、爱与昼夜,0,neutral/unclear
4720617188759848,2021-12-31 23:58:00,marriage,婚姻,#生活记录#2021年也就这些，外加结了个婚。2022年要更真诚，简单，笑口常开，身体倍棒！,0,neutral/unclear
4720617124796697,2021-12-31 23:58:00,marriage,婚姻,2021的压轴结婚证，本年度民政局最后一对婚姻登记，留念。,0,neutral/unclear
4720617087828165,2021-12-31 23:58:00,marriage,婚姻,"命局与大运、流年形成合多局面结婚最好　　地支中的六合指的是子丑合土，寅亥合木，巳申合水，卯戌合火，辰酉合金，午未合土，此为相合，即鼠与牛为合，虎与猪为合，兔与狗为合，龙与鸡为合，蛇与猴为合，马与羊为合。地支中的三合为申子辰合水，寅午戌合火，巳酉丑合金，亥卯未合木。十天干是甲乙丙丁戊己庚辛壬癸，其中甲与己合，乙与庚合，丙与辛合，丁与壬合，戊与癸合。命局和大运、流年形成合多是结婚的最佳时机。#八字命理八字合婚星座命理##事业财运,感情婚姻,健康问题,合婚#会星座的兔子超话隐山居士超话星座超话#十二星座#",0,neutral/unclear
4720617045362636,2021-12-31 23:57:00,marriage,婚姻,祝福这对新人cr.2467noneLBePositiiive的微博视频,0,neutral/unclear
4720617036719378,2021-12-31 23:57:00,marriage,婚姻,2021承蒙老天眷顾很多事都朝着自己想要的在发展工作上终于完成了独立值班、护师考试生活中和爱的人一起步入婚姻，开启新的人生旅程也完成了自己的小目标，有属于自己的🚗虽然生活中还是有许多一地鸡毛的时候但是在2021的最后一天，想到的年度总结仍然是所有美好的时刻希望2022爱我的人和我爱的人身体健康、万事胜意、工作顺利、越来越好也希望自己在新的一年能继续不断的向前奔跑🏃‍♀️我想告诉老天我一直在努力～2022请继续善待我❤️,0,neutral/unclear
4720616915602444,2021-12-31 23:57:00,marriage,婚姻,如果你问我这一年收获了什么：俩个娃娃和更坚固婚姻生活,0,neutral/unclear
4720616907211701,2021-12-31 23:57:00,marriage,婚姻,一次交易，她意外怀上陌生的的孩子，她怀着孕，嫁给和她定有娃娃亲的男人。本以为这是一场各怀心思的交易，却在这段婚姻里，纠缠出不该有的深情。到十月怀胎临产之时，他递上一纸离婚协议书，她才幡然醒悟。后来他说，老婆回来，我爱的一直都是你。30,0,mixed/ambiguous
4720616868938372,2021-12-31 23:57:00,marriage,婚姻,再见，2021#这一年生活中泛起些许涟漪，5月初验出来两根杠杠的时候，又失落又欣喜，失落的是大连之行将取消，欣喜的是能够迎接一个新生命的到来，但是就在第三次检查的时候，医生告诉我99%保不住了任其发展就好，此话一出仿佛五雷轰顶，哇一下放声大哭，医生拍拍我的肩膀试图给些安慰，后来辗转到了另一家医院，希望剩下的1%能够出现奇迹，但是最终在当月月底长久的失去了它，因此，也给这一年画上了浓墨重彩的一笔，然而还是感恩:赏赐的是耶和华收取的也是耶和华，耶和华的名是应当称颂的，过后这些事仿佛如梦境，梦醒了，生活又恢复了正轨，只是偶尔回想的时候会有点唏嘘感叹。在夫妻间学会了更多的包容和爱，并且收获了一枚倪大厨，虽然此前他也是厨房小白，由于我说外面吃腻了想自个儿开火，他二话不说研究起了菜谱，并且照着菜谱几乎没有翻过车，相比之下我总是感慨自己厨艺太烂，做的菜难以下咽；生活中我会思虑过多，而星爷则总会用他的言语和行动宽慰我，化解我的焦虑，感叹祂配合的实在奇妙，让我们性格生活都能互补。工作也在稳步上升，虽然工作中有许多的小波折，但更多的是能够收获一些意外惊喜，回首这一份工作的开端，充满了祂智慧与奇妙的安排，在很不合宜的时机，让我非常顺利的入职。马上就要与2021说再见了，是平凡也是不平凡的一年，时至今日祂依然是我的最满最亲。迎接2022的到来！！🍗,0,neutral/unclear
4720616785840213,2021-12-31 23:56:00,marriage,婚姻,2021年过的真像是一瞬间的事因为所有人都和疫情这个大难题为之抗衡和抵力奋斗大到全世界每个国家小到一个家庭一个人我们都很难真的很难……但又很幸运的我们都挺过来了这一年匆忙又不安冷静又寡淡工作只能说是像蜻蜓点水一样短暂感情和往年又一样又不一样我在心里和他们做了告别也是真正的告了别因为我了解我自己心里一旦有一个人的时候是不会再放下第二个人的所以我强迫自己和不对的人不对的事情做了真正的结束不管未来明年明天又或许下一分钟会发生怎样的变化和期遇我都将满怀欣喜做好一切准备只为能迎接新的自己和新的爱情一切的一切都只是为等你的出现不管你是有趣的帅气的可爱的宽厚的又或许是可靠的稳重的特别的……总之对你充满了所有的想象和期待想象着我们可以谈一场浪漫的积极向上的有趣的演绎一场特别的爱情故事再然后我们能步入婚姻虽然婚姻在很多人的眼里或者生活里它是糟糕的俗套的没有生机活力的不浪漫的但我依旧相信我们能把一地鸡毛的婚姻生活过成田园般的浪漫诗篇婚姻生活……当然我们也会有属于我们俩的孩子我希望孩子健康快乐就行其他的我们不奢求还有我觉得在婚姻生活里我希望我们都能做自己依然美好和洒脱彼此成就和彼此成长写到这里感觉自己已经有感受到你的存在了听说两个人吸引和相遇是因为磁场相同有共同的能量才可以让彼此相遇相知相爱那么我祈求老天可以安排你出现了因为我已经等你等的太久了我的爱人,0,neutral/unclear
4720617587474554,2021-12-31 23:59:00,marriage,对象,#蔡徐坤的2022心愿#希望新的一年心想事成！！！一战成功上岸找到好工作瘦到一百斤以下完美毕业找到对象成功脱单一家人平平安安，健健康康,0,neutral/unclear
4720617574636528,2021-12-31 23:59:00,marriage,对象,要跨年啦让我们一起微笑着拥抱21世纪新的一年[2022]新的一年我们还要一起度过！我在还没有到2022的奥地利祝大家新年快乐！@时代少年团-严浩翔@时代少年团-刘耀文小浩小耀新年快乐！一起度过这特殊的夜晚，一起跨年！@时代少年团队长-马嘉祺小祺新年快乐！在老家跟家人看跨年晚会了吗？@酿梅是靓梅老婆我就不多说了自己看小作文@窝趣泥麻小李新年快乐备注我就让它这样了你不介意吧@-狼熊rapper-宝贝新年快乐说好的一起跨年实现啦@奶浟撞冰祝我的包婚对象新年快乐！@·短裙量贩·祝我的特关老公新年快乐！@二狗巴士_L油饼新年快乐新的一年继续油饼@丸西星冰乐我灿新年快乐！可以说好的在你互动榜上爬得更高没有实现@麻某人_宝贝怎么称呼你啊反正先新年快乐！@·甜桃耀吻星·老婆新年快乐！不要emo啦@·今晚月亮很忙宝新年快乐！记得跟我说晚安@捡拾时间·海贝宝贝新年快乐谢谢你的烟火！@·快乐洗碗·碗新年快乐谢谢你的每次喂饭！@AKA-严浩翔新年快乐呀！不讲故事就算了@邮寄一次月亮老婆新年快乐超级喜欢你的！@-许愿银河系-新年快乐啊宝！继续当好朋友吧@狗勾来找我嘿嘿新年快乐感觉约了挺久的啦@妈妈我想买吻文宝新年快乐呀我好像不太眼熟你哎但多多互动！@绝不贩剑浩翔正在RAP新年快乐！（真的忘不掉旧ID不怪我）@是青月呀-yu新年快乐一直很喜欢你哒！@羽莲是个瓜皮宝新年快乐谢谢你的手写ID！@叫我骗子就好了新年快乐我对你的ID印象一直很深！@蜜恋白洮新年快乐呀宝贝我很喜欢你的！@马云云可宝新年快乐！约了还不算久但很喜欢你呀@rua一口啵赞95宝新年快乐我很喜欢你哦！@不耀吃浩比祝已经约了很久很喜欢的宝贝新年快乐！我真的很高兴今年能遇到你们，当然也不止你们，还有很多其他的宝贝祝所有人新的一年顺顺利利，心想事成，还有就是不要再因为这b楼里的b事而苦恼了,0,neutral/unclear
4720617562312600,2021-12-31 23:59:00,marriage,对象,总觉得自己人缘一般，但年底列出答谢对象似乎能拉出长长一串，要感恩就不会一视同仁，我一定会更加爱你们，即使我没有付诸言语，祝愿所有曾对我施以善意的人，无论多少，都夜夜好睡，但我不能为你们再祈求太多，一分一秒地挣住今天已不容易，我也要好好睡，但爱与热不停炉，新年快乐我的朋友。,0,neutral/unclear
4720617562309408,2021-12-31 23:59:00,marriage,对象,五月天演唱会超话阿信没对象，我也没对象，所以我等于阿信(不是),0,neutral/unclear
4720617535836680,2021-12-31 23:59:00,marriage,对象,2021最后一条微博，我洗完澡坐在电脑前敲下这些文字照片拍摄于2021.12.25圣诞节我的生日刚过没几天，我妈的生日也正好在明天2022.1.1，于是我们一家再邀请三五好友一起吃饭庆祝我妈说这照片拍得她像老太婆一样，所以我单独给她美颜了一下，谁知道把大家伙都变白了小时候过平安夜圣诞节，我爸都会带我去外面的西餐厅吃饭，吃完饭再去给我妈探班，现在我也有能力请他们在圣诞节吃一顿好的旁边的就是我弟，又高又瘦还说要减肥，虽然现在还有些叛逆，但希望他能跟我们多说说话，不要总是低头玩手机格子衬衫的是我大学室友兼副班长，开摩托来回30+公里把他从镇区接过来一起吃饭，毕业了还能保持联系，还是在我家乡工作，工作一年我胖了三十多斤，他真的是一点变化都没有旁边的女生，是很好的朋友，我们看过电影吃过饭也曾经一起共事，现在的工作也是她介绍的，上周五参加了公司的晋升答辩并顺利通过，怕是又要请她吃饭只拍了一半的人是我的发小，我们认识了不说十五年也有十年了，其他的发小不是慢慢疏远了，就是在外地奋斗，一群童年玩伴现在只剩下我们了，说出来可能不信，相机的机位是他调的，而且他还是学剪辑摄影的，狠狠打脸了属于是还有个发小本来应邀要来的，谁知道在开饭前一个小时就变卦了，可能是因为对象的原因吧所以不能来，我也能理解，但真的不喜欢答应了的事情又食言在广州深圳还有两个大学挚友，他们中秋来找我玩，怕他们时间不方便就没叫他们，有点不好意思大家的时间都很少，父母也在一天天老去，我们在日复一日的工作中度过了2021，能聚在一起真的是越来越难得事情，不管是家人、朋友还是同事。现在已经不流行洗照片了，甚至有了手机拍摄，有时候也会懒得拍照，但我想说，照片记录的瞬间，在日后的某个时候我们点开来看，仍然能回忆起那时候的自己，一个过去的自己再见！2021,0,neutral/unclear
4720617528758305,2021-12-31 23:59:00,marriage,对象,好好工作，好好活着，好好找到对象,0,neutral/unclear
4720617511983437,2021-12-31 23:59:00,marriage,对象,今天对我来说好像就是1231罢了蹿了生日局给大家安排的跨年电影（但是大家没体会到深意）大燕姐满心想的都是我找对象贺卡是找对象祝福词还是找对象找到对象我就稳了？nonono是毛爷爷慢慢才发现气氛担当是一个很重要和有点厉害的角色,0,neutral/unclear
4720617510675893,2021-12-31 23:59:00,marriage,对象,2021年就要结束了每一年都感叹时间飞快我这一年做了些什么呢？我的计划💙今年份技能✔️今年份旅行✖️着实不是我愿意的，上半年忙忙碌碌，一级一个接一个，安保一场接一场，下半年因为疫情，出省出市要报备。我这个躯体和我这颗躁动的心已经按捺不住了存钱了吗…反正比去年穷快乐吗，也快乐，也不快乐我的情感💜想起来，我少年时期常说27岁是最美的年纪，所以我要在26岁结婚，27岁过最美一年，28岁生一个娃娃这好像不能如愿了，我的结婚年纪26马上就要过去了，我最美年纪即刻就来到了。这一年我没有为了除了爱情之外的目的而处对象，换句话说，是坚守本心我很棒！我的生活💚“我以为我的26岁会过上我想要的生活，没想到我还奔波在找自己的路上”，是真的，日子一天一天，事情一件一件，都在找自己，要积极向上啊，今年生活中都发生了好多事情，父母开始和我商量大事，开始咨询我的意见，像大山一样的父母突然也开始需要我的支撑了，我好害怕我成长的速度没有快过父母变老的速度🙏🏻时光慢些吧…我的工作💛今年的工作算是圆满完成，没有让任何一件工作在我手里耽误还爱这份职业吗？爱。尽管如此，还是会为工作中的事而不开心，工作肯定是会出现那些不如意的事情的，这就是现实啊，然后呢我都有在调整心态，好好干，压不死我的必将是我强大。马上就要2022年了2022年要争取把我2021年想去未去的地方去了，再进行我走遍祖国大江南北的计划之2022年多读一些书再把现在生活中的这些烂事处理掉再强大一些，做个快乐的人❤️愿祖国繁荣昌盛愿家人身体健康愿我还是我,0,neutral/unclear
4720617499401151,2021-12-31 23:59:00,marriage,对象,新年要健康，要平安，要快乐，要有钱，要变瘦，要对象，愿新年无新冠，世界和平,0,neutral/unclear
4720617485766995,2021-12-31 23:59:00,marriage,对象,这个问题一听很奇怪，但一思考，我的脑子里竟狗血地冒出了以下情况(同性还好，异性则有点意思)。一般既然是知己，就不会吵架，因为双方的性格又或是对事物的看法观点都很相投一致，相处起来非常地舒服舒畅，那是另一个自己。一方提出帮助另一方绝不会有怨言地帮助，毕竟都是双方珍视的对象。这里谈到需要恢复，看来是断了。1.同性知己关系额这个，同性知己都能吵到分开，你俩的矛盾点，我们外人是真不清楚。你自己看看这症结能不能有天解开吧。2.异性知己关系是不是一方有对象了啊？有分寸的，一般都会选择开始疏离，没啥事不联系。当然有事拜托，肯定不会拒绝；碰巧遇见，也不会视而不见会聊上几句吧。如果是彻底闹开断的，额，请自动参考1.。O如何恢复和知己的关系?,0,neutral/unclear
4720617485501806,2021-12-31 23:59:00,marriage,对象,2021年的最后，在跟对象吵架哦……,0,neutral/unclear
4720617457191769,2021-12-31 23:59:00,marriage,对象,现在是23点33，大家都发朋友圈跨年，所以我就不发朋友圈了，发个围脖得了。反正粉丝也少也没人看，发朋友圈也不一定有多少人点赞，应该都挺不乐意赞的，现在外面咣咣放鞭炮呢。真的很烦。别人不睡觉吗？好吧我也想放。但是没钱买，我啥时候能发财啊，又出去打了台球，技术也不上涨，烦死了，打的不咋地。还把那个叔家的台球杆打坏了。我不敢说，我怕他让我赔，我没钱，真的很烦，我明天还得去那个玩，我吓的上pdd看了。如果被叔发现了，我就拿胶水粘上。真的很烦。我嫂子在pdd砍价，还让我找人，我要是有那些人我就自己砍了，哎，我给找了几个，最后竟然还成功了，服了，好运总是不发生在我身上，想当天，拼多多整10多个人都是福气满满，幸好还有我大学同学mb陪着我，她也没成功，我爸说给我钱，他也没给我呢，我也不好意思要，如果明天不给我，我就要，因为我花钱购物了，明天我要找个工作，关键可以免费打🎱，也不知道能不能成功，2021年真的不怎么好，家里相继发生了一些事情，真的很难，大师也骗我，明明说今年下半年可以找到对象的。马上就下一年了。还没个信，难道天机不可泄露，是我告诉太多人这个好消息了？哎，但是我感觉大师诚不欺我，我真的很能墨迹，好久不打这些字了，我真的很像冤种，刚才打了好多事情，竟然没保存上，我真服了，现在都忘了，算了吧，室友wt说，一些事情会发生。自然有它发生的道理。外面真的很响。希望在新的一年里，身边的人身体健康，多攒点钱，冲冲冲,0,neutral/unclear
4720617456408478,2021-12-31 23:59:00,marriage,对象,"她与白玫瑰超话许念念超话江延灼超话冷菁宜超话@许念念Angla念念宝贝你的声音好好听，我都听的瞬间想哭，特别是讲到那段江延灼遇见冷冷的时候我感觉我好像就在江延灼和冷祖宗的世界里面，然后我是个手持剧本的漂泊小仙女儿～2020年认识你，因为她与白玫瑰超话的简介实在太简单，以至于我错过一次又一次，后来在🍅的书帖里看见有姐妹推荐，强调不要被简介给骗了，于是我去看了，于是我认识了你，于是我找到了你@许念念Angla的微博。现在是2020年的最后一天啦，然后明天开始，我要从新的一年，然后一直喜欢@许念念Angla，一直关注你，直到在你的签售会见到你（念念@许念念Angla宝贝你一定要开签售会知道吗！！！我在广东省这边，你记住了！！！深圳广州我都可以去）这是你录在实体书最后一页你的碎碎念，我给你翻译出来，我听了好多好多遍，你的声音我听不腻，越听越代入了情节中，仿佛我一直在江延灼和冷祖宗的世界里【大家好啊，初次见面，我是许念念，小树袋熊和树桩的故事，写到这里，就暂时告一段落了，在这本书的最后，念念还有一些话想要送给陪伴江爷和冷冷一起走过这段路程的你们。她与白玫瑰，从签约出版社到最终定稿，前前后后一共经历了五个多月的时间，这样的经历对我来说真的就像梦一样，一直到预售时间的官宣，还依旧觉得不真实。我至今还记得，高三那年那一个周六，5:30刚刚放学，夕阳剑尘，天地之间清光万里，我和好朋友路过巷子口，看见一个女孩子蹲在地上，正在喂纸箱里的一只小橘猫，她穿的并不是我们学校的校服，至今我也不知道她的名字。但就是在那一刻，冷冷的形象站在了我的面前，我心目中的那个女主角，长相很清冷，骨子里傲气，她不像同龄的女孩子爱哭，爱闹，爱撒娇，而是遇事冷静，沉着，睿智，看着不太好相处，朋友也不太多，但接触下来也并不是有趣，甚至还非常可爱。后来她离开了京城，慢慢变得开朗和活泼，但只有她自己知道，只有在最爱的人身边，她才是最真实的她。所以冷冷最后也会选择勇敢地回去，面对自己的真心，不会再退缩。这样的女孩子若是生活里面遇见了，我也一定会主动的去和她交朋友。后来经常有读者会跟我说，幸好那一年冷冷从绾州离开，在京城遇见了江延灼，他的生活里，从此才有了光亮。可是在我这里，却是江延灼足够幸运，才能在最好的年岁里面遇见冷冷这样的女孩子，往后余生也有""aiweixiangdao""，相互的救赎，最能打动人。她与白玫瑰里的每一个角色都是有血有肉的，注入了我很多的精力和心血，在创作的过程中，我也无数次为其中的人物所感动过。比你喜欢却主动放手的裴佳，温良成熟的兽医喻旻川，默默保护孙女的冷老太太，每一个人物到后期似乎都有了完整的人格，是他们自己掌握了选择权决定了各自的人生走向，而不是我。当我听到冷冷和江爷的声音，看见他们的海报时，心情久久不能平静，以至于差点掉下眼泪，我告诉自己，他们现在都是真实存在着的，有血有肉的人物啦，这一路上非常感谢大家的支持和陪伴，随着喜欢白玫瑰的人越来越多，我也有了更多的底气和自信，我知道自己的身后一直都有很多朋友在喜欢我，支持我，鼓励我，大家在微博给我发的每一条私信，我都认真看过了，也都仔细回复了。因为读者和作者是要相互奔赴的，我觉得只有那样，作品本身才有意义。我认为小说是具有独特魅力的，只要你愿意相信，它就一定真实。或许小说中的某个人物，他其实就在我们身边悄悄的陪伴着我们，这样想的话，好像真的是很幸福的一件事，就像书中的余绯和顾烟他们就是以我的两位好朋友为原型进行创作的，在征得二位同意后，我在文中也保留了他们的真实姓氏，所以愿每一个人都能去相信爱，期待爱。我还记得有一位小读者给我发过私信，她说念念，你觉得三次元的风真的能吹到一次元吗？现在我可以在这里回答你啦，当然，一定会的，他们的故事也都会在平行世界里面一直的继续下去。好像要说的也就这么多了，希望你们能够喜欢我的第一本出版书，我是许念念，期待与你的再次相遇】我真的尽力了，有四个字听不出来是哪几个字，我感觉我听的快要魔性了，哈哈哈哈哈哈看见你在群里的愿望，那我祝我的念念宝贝2022年有对象，有陪在你身边的“江延灼”我不管，我要骂骂咧咧的吃你的狗粮并踢翻你赐给我的每一碗狗粮，嗷嗷嗷2020年是新的一年啦，祝我@许念念Angla念念宝贝新的一年呢身体健健康康快快乐乐，和对象天天喂我狗粮，然后我吃完就骂骂咧咧的踢翻你的狗粮",0,neutral/unclear
4720617439891531,2021-12-31 23:59:00,marriage,对象,2021年最后的一天啦做一个小小的总结吧因为疫情大学生活少了一年开学没几个月就实习了今年来到了浙江实习的企业也还不错薪资待遇也很满意怎么说呢一切事情有好有坏感觉自己也变了许多也认识了不少人也曾经想试图为某个人改变也不知道说什么好就还算的过去吧每天过的都很充实希望在新的一年里面工作顺顺利利家人平安哎也希望老于成功上岸能在大学帮孩子找个对象OK啦,0,neutral/unclear
4720617427830617,2021-12-31 23:59:00,marriage,对象,回想起去年写小作文的时候，那时是元旦放假，意外收到了好多朋友的礼物，真的是意料之外，所以2020年末的小作文是带着惊喜和感动的。在2020年的小作文里我说要“不耽过去，不湎未来，把握现在”，遗憾的是我没能很好地做到，我用大把的时间来浪费，大把的时间来后悔，大把的时间来做梦，很多小计划都没有落到实处，所以我时常感到痛苦时常患得患失。一直以来我都是一个很固执的人，十七岁是十八岁也是，对友谊、对爱情、对未来、对大的小的任何事情都会有一些些执念，这导致我一直在寻找而且一直没有答案。未知的事往往给我带来痛苦与困顿。我是由什么构成的呢？我想，大概是30%的痛苦，20%的未知加50%的力量。力量占我生命的绝大多数。我的力量来自我的家人，从放假怎么回家到选择什么专业、去到哪个城市，他们都会给我合适的建议和百分百的支持。记得高三中午爸爸来学校送饭给我，我因为数学成绩太差在门口就哭了出来，他当时说的话我至今都记忆犹新，听妈妈说爸爸回去之后也哭了，他清楚我的难处并安慰我共情我鼓励我，如果说没有爸爸妈妈的支持我可能很难重拾希望。我的力量也来源于我的好朋友们，无论是高中同学还是大学同学甚至素未谋面的网络朋友，她们都在某个方面给我力量。晓慧姐姐教给我要永远浪漫，不能被生活磨去棱角，我们共同期待去大理去西藏去任何地方，7203的朋友们都很可爱，想去住在一起的细碎时光每天都很快乐很充实，我们聊未来，在夜里畅聊逝去爱情之后天亮即可挥手作别，我们一起见证彼此从十七岁迈入了十八岁。室友姐概括来说就是让我又爱又恨，每每我问室友姐要不要做某件事时她都会给我肯定的答案，我也在她们那里收获到了真挚的赞美，这让我很开心并有些自信起来。记得有一次刷微博看到有个人说她有一个聊了四年的网友，我当时很羡慕，因为我二次没有朋友，三次的友谊也很糟糕，但我后来在网络上认识了可爱的朋友们，有了倾诉的对象也学会当一个很好的倾听者，我们分享日常生活也共享着彼此的喜怒哀乐。他们是我持久而稳定的力量来源。2021年就快到了呀，刚才在回学校的路上跟室友姐说要立一些小目标，虽然之前很不屑立flag，但今年蛮想写下一些的，我也会尽力去实现，毕竟不是每个人都要活在自己的时区，我自己就可以决定现在是我人生的几点。2022年要感恩家人感恩朋友，要勇敢要尝试，要坚定要执着，要好好学习要热爱生活，要完成每一个小目标，但不能按固定轨道旋转，我未知的人生怎样我都是很期待的。,0,neutral/unclear
4720617427574253,2021-12-31 23:59:00,marriage,对象,许个愿，愿我新的一年，能不再孤寡，找个对象带回家,0,neutral/unclear
4720617423640779,2021-12-31 23:59:00,marriage,对象,新的一年：目标🎯瘦且皮肤好上岸考试找个心动💓的对象,0,neutral/unclear
4720617415511668,2021-12-31 23:59:00,marriage,对象,新的一年丘比特大哥能不能也给咱整上一箭呀（有介绍对象的赶紧的）,0,neutral/unclear
4720617402139796,2021-12-31 23:59:00,marriage,对象,跨年夜，人家腿长+有对象的叫跨年，而我这腿短+没对象的叫蹦年和熬夜。,0,neutral/unclear
4720617397422419,2021-12-31 23:59:00,marriage,对象,2021年抓住最后的小尾巴搞一个流水账日记📙一个词来总结：忙碌。就是各种学习开会考试培训每天满满的病号……一个月休息四五天累！！总归幸福比遗憾要多考了证家人朋友幸福快乐自己也又胖了哦！！！2021年的最后一天发了工资！！！很开心涨工资啦！！！一年又一年时间真的过得很快有时候莫名emo回想这一年就每天忙的身心俱疲却又感觉什么也没有做。。。2022年干的第一件大事就是要买车车了然后找个对象吧哈哈哈哈哈哈新的一年桃花运爆嗯………暂时就这吧2022年愿所有人万事胜意平安健康。2021拜拜了2022更加努力拼搏[牛哞哞],0,neutral/unclear
4720617385627421,2021-12-31 23:59:00,marriage,对象,搞笑跨年文案大长腿的才叫跨年，小短腿的只能叫蹦年！有对象是跨年，没对象是熬夜！跨年有三好：天好冷，衣服好贵，我好穷！滴~体温正常，欢迎进入2022！承蒙时光不弃，岁月不嫌，苟延残喘又一年！,0,neutral/unclear
4720617384841220,2021-12-31 23:59:00,marriage,对象,立个flag吧新的一年主题词：学习不要这么宅了，多出门走走找对象，开启人生下一篇,0,neutral/unclear
4720617377761134,2021-12-31 23:59:00,marriage,对象,晚安，这是2021最后一次跟你说晚安啦，本想今后余生都与你一起走过，如果结婚对象是你的话，我倒也愿意这样走下去，可缘分就是这么神奇,0,neutral/unclear
4720617369115588,2021-12-31 23:59:00,marriage,对象,笑死，我把我微信聊天背景换成了这个，我对象问我这是谁，我说你看不到嘛，这是俩美女，他说“哦，那没事了”哈哈哈哈哈哈哈,0,neutral/unclear
4720617363867730,2021-12-31 23:59:00,marriage,对象,我以为我可以不爱了这么多年过去了我以为我放下了但是今天看到他那种熟悉感又涌上他还是记得我的那些小细节他记得我以前说过的话我真的很难过我以为我已经很努力了我努力过我的生活认识新朋友但是你一信息我我在过的生活我都不管了什么新对象的追求我都无法接受我真的很想和你在一起我真的很努力去放下了为爱情努力我也不是没有过挽回、像舔狗一样的我通通试过了我真的用尽方法了我们还是不会在一起你还是不会爱我我永远都不是你的唯一我到底该怎么做啊,0,neutral/unclear
4720617355484790,2021-12-31 23:59:00,marriage,对象,2021其实经历了很多事情，最重要的转变是从学校踏入了社会，时而觉得自己变成熟了，时而觉得还是那个自己，总之有成长有进步，新的一年继续努力，希望自己越来越勇敢，一切顺遂，健康平安，心想事成，开开心心，快快乐乐（PS：貌似该有个对象了，快来～哈哈哈）,0,neutral/unclear
4720617342902155,2021-12-31 23:59:00,marriage,对象,有对象的生物都一样，睡觉不是手麻就是腿麻L萌宠部落圈的微博视频,0,neutral/unclear
4720617334515171,2021-12-31 23:59:00,marriage,对象,越活越独，对时间也越来越没有概念了，又一年咯。毕业年了，工作年了，也22岁了，还是想有一个能以结婚为结尾的对象了。,0,neutral/unclear
4720617305409181,2021-12-31 23:58:00,marriage,对象,喜歡你謝謝你L胖子虎__的微博视频,0,neutral/unclear
4720617275793917,2021-12-31 23:58:00,marriage,对象,今年的收获一个对象。几个好友。,0,neutral/unclear
4720617247213194,2021-12-31 23:58:00,marriage,对象,2022过法考拿offer变美丽找对象,0,neutral/unclear
4720617582494860,2021-12-31 23:59:00,marriage,恋爱,#金翅鸟与栀子花#我：老公，新年快乐捏魈（叹气）：…你喝醉了是不是我：是，长岛冰茶捏，可乐味的酒，三十多度好像，我身上酒味很重吗，你是不是不喜欢呀我：我今天白天吃醋很厉害捏，你好糟糕让我吃醋，我讨厌你，大坏人大坏蛋魈：想多了……笨蛋我：嗯……但是我的新年愿望，还是下一年能和你这样甜甜的恋爱捏，好喜欢你，明年跨年也要和你一起我会努力不把你ooc的魈：不要只许愿明年，我们还有，很多很多个跨年，很多很多个新年,0,neutral/unclear
4720617581971886,2021-12-31 23:59:00,marriage,恋爱,新年快乐！祝大家心想事成天天开心！有对象的长长久久，没对象的让我们变有钱好了！今年也要多多关照！年更自拍，雷个肥宅！（1/1）,0,neutral/unclear
4720617578564101,2021-12-31 23:59:00,marriage,恋爱,年末的感动来自两只狗这应该是我看剧以来第一次真情实感认为演员卖力气的一场剧不管是现场的现挂互动，基于武汉的台词改编，还是演员在剧情设定中的动作唱段演绎，都让我在感叹用心和演员专业之余，看到了一个十五年老剧的真诚情节上虽然感觉并不非常连贯，老演员经常性往外支话，但这也许是导演和演员的特点，等看完了恋爱的犀牛再品味[小丑],0,neutral/unclear
4720617573846060,2021-12-31 23:59:00,marriage,恋爱,我居然在跨年夜前恋爱了！一直陪我聊天情商好高还长得特别好看终于能体验到恋爱的感觉了反正没事干不如和我一起复制粘贴做白日梦！！！,0,neutral/unclear
4720617570437241,2021-12-31 23:59:00,marriage,恋爱,2021年最后一天，以加班到十一点结束。就剩下最后一小时，那天我在抖音上看见，在一个平常的周五结束自己的2021，躺在床上回忆这一年的点点滴滴。到这个点，我才觉得这是一件多么幸福的事情。2021年，恋爱谈的跌跌撞撞磕磕碰碰，又胖了些许，小金库多了一点饿不死的钱，去了苏州看了我想看的樱花，工作一如既往庸庸碌碌，勉勉强强是完成了四个目标。剩下的目标里，学习技能以报了网课但没有学习而终结，减肥开始了两天以医生一句劳损而草草收场，北京也还没去成，这些都只能顺延了。2022年，一如既往希望自己健康快乐且多金。更多的是让自己稳定下来生活吧！新年快乐，努力生活。疫情也早点散去，大家看着彼此的八颗牙一起笑。,0,neutral/unclear
4720617566509176,2021-12-31 23:59:00,marriage,恋爱,#2021年最后一天#看了以年为单位的恋爱真实细腻的情感流露让人舒心幸福暖暖在他们的故事里找到属于我们的爱情共鸣今后的一年又一年，每一次夜空繁星，每一场冬日初雪，每一年迎新跨年，都是不变的我和你。,0,neutral/unclear
4720617566503787,2021-12-31 23:59:00,marriage,恋爱,我们带着今年的恋爱总结准备迎接2022年啦@温月入酒-新的一年新的开始新的启程新的希望形影不离心心相印Forlove,0,neutral/unclear
4720617566247535,2021-12-31 23:59:00,marriage,恋爱,#丁程鑫ACE门面主舞#可爱，帅气，性感，风格百变大帅哥，丁程鑫完美诠释每个舞台，无论是《7years》还是《怪美的》、《爱的初体验》还是《姐姐恋爱吧》、《loveshot》还是《画心》，只要你喜欢，每一款丁程鑫你都值得拥有，一眼便是万年~#丁程鑫翻跳loveshot#@时代少年团-丁程鑫LDawnstar·晨星x丁程鑫个站的微博视频,0,neutral/unclear
4720617565981629,2021-12-31 23:59:00,marriage,恋爱,张颜齐超话2022年的目标①顺利考过护资②实习圆满结束找个好工作③论文答辩通过④有时间去外面溜达溜达⑤见你一面⑥减重15斤谈个恋爱吧（视情况而定）最重要的是身体健康！@张颜齐,0,neutral/unclear
4720617561529127,2021-12-31 23:59:00,marriage,恋爱,#以年为单位的恋爱#跨年的仪式感,0,neutral/unclear
4720617560999654,2021-12-31 23:59:00,marriage,恋爱,886，今年也辛苦啦！/企业微信居然还有年终总结，服！我需要年终奖金/俺一个人去看了《爱情神话》，喜欢上了！紫色头发只有马伊琍惊艳到我，第一人！就是人少电影院居然没开空调，冻得我缩成团/挺好的，我这年纪对以年为单位的恋爱，穿越啥拥抱你无感/那就从新年起，1点睡吧，开个好头。我知道只要上这班，就不可能三点前睡/这13字，送我们/圣诞树？/可真是人挤人啊，害，真别凑热闹。吃了顿难吃的牛蛙，也是蛮难得/又到了蔡生每年的解惑。今年我喜欢的几个。只是变得俗气，问来问去都是情爱居多，我看蔡生都懒得回答了/想吃过饭去KTV的，一看票价翻了四五倍，不可能宰到我的，堵车路上，我们车内KTV/明天起得来就去西园寺祈福吃素面，起不来就当我没说,0,neutral/unclear
4720617557335077,2021-12-31 23:59:00,marriage,恋爱,2021年最后一次作业每一年的年底感叹的最多的一句话是啊今年过得可真快啊一年又什么都没有干就过完了今年甚至都没有出过浙江一趟正儿八经的旅行也为零不喜欢20年也没多喜欢21年希望新的2022会比今年要好一些吧~附12月片单：1.《小武》《莫里斯》《第一炉香》2.《超感猎杀：圣诞特别篇》《超感猎杀：完结特别篇》《犬之力》3.《法兰西特派》《暖暖内含光》《摇滚校园》4.《恋爱缺席的罗曼史》《隧道》《在你面前》6.《杀人者》《辛迪西》《爱情神话》7.《安妮霍尔》《建筑学概论》《戴珍珠项链的少女》8.《四月物语》9.《新年快乐》每个月更新片单的事倒是坚持了两个整年，明年可能不一定会再把这个习惯坚持下去但尽量维持~,0,neutral/unclear
4720617553398693,2021-12-31 23:59:00,marriage,恋爱,小红的树洞超话#小红的生日祝福#12.3@winwin睡不饱12.5@想喝紫米粥_@-让我再吃会儿12.7@啵啵味鱼丸_12.8@·啵色拨动心弦·12.9@啵啵的宝藏12.12@夜晚失信12.14@奶啵小熙@小啵平安喜乐_12.15@·什么时候去见TFBOYS啊·12.16@甜啵味小熙12.17@噼里啪啦_一呱呱12.19@努力加载中别着急@小啵月刊报道@添福宝家的小贤妻12.21@YANG橙橙_12.22@·山渝雾之恋·@啵啵味糖果甜12.23@限定演奏家@雾眠岛屿-@Yangaaa-12.24@麻油甜心酥12.25@·奈奈子熙·@易琛的辰@敖子逸12.26@恋啵啵啵啵啵@_Y重庆麻辣火锅12.28@听说易先生很优秀@冬桃雾啵-12.29@啵的小萱@冬酿芋圆喔@星卡里恋爱物语@冰淇淋快化了呀@小汤圆也不圆12.30@啵啵杨哥12.31@小可追啵🎊叮~按时长大啦🎁抱歉，我又双叒叕是迟到啦！♡ʜᵅᵖᵖᵞʙⁱʳᵗᑋᵈᵃᵞtoyou🎂这是陪很多姐妹过得第二个生日啦希望大家都可以早日见到想见的人一直被好运包围一直开心一切顺意～一起快乐追啵吖,0,neutral/unclear
4720617549468943,2021-12-31 23:59:00,marriage,恋爱,#电影以年为单位的恋爱#杨玏和毛晓彤都很会哭，而且哭的很好看。印象最深的是杨玏饰演的江宇对着招财的骨灰盒哭，他的大眼睛真的饱含着悲伤和无助还有悔恨。还有就是毛晓彤饰演的陆鹿珊和江宇吵架时候的眼眶，就让观众自动带入那种情绪。这两位演员的台词和演技真的很好喜欢杨玏好几年了，他真的值得大银幕,0,neutral/unclear
4720617545008562,2021-12-31 23:59:00,marriage,恋爱,#D社称将爆料情侣已恋爱两年#🆘好期待,0,neutral/unclear
4720617532430675,2021-12-31 23:59:00,marriage,恋爱,看#穿过寒冬拥抱你#里边爷爷奶奶谈恋爱，我跟旁边的小伙伴说：我这个年纪（指电影里的奶奶)也想谈恋爱小伙伴：可以的！我：这个年纪男人就正常了吗小伙伴：好像不行，是同一批...气氛顿时陷入了沉默...,0,neutral/unclear
4720617527973134,2021-12-31 23:59:00,marriage,恋爱,2021总结恋爱365天一起走过8座城市博士5年毕业入职166天一起在家132天长胖10斤2022年要努力赚钱！,0,neutral/unclear
4720617527971798,2021-12-31 23:59:00,marriage,恋爱,2021潦草年度总结升职了加薪了长胖了。2022目标谈恋爱存钱去北方滑雪还有一个大事完成了再说。,0,neutral/unclear
4720617527713694,2021-12-31 23:59:00,marriage,恋爱,"我的2021年终总结2021又是飞快的一年，又是感觉到失败的一年呢🙊今年我考了省考，选调，事业编，研究生没有一个上岸的，还有一段不长但是失败得让人难过很久的恋爱，还有到年尾都绿的基金，这还没到本命年都感觉这么不顺利，这本命年已经开始读秒倒计时了还真是让人害怕2021又完成了什么呢？终于抓住大学的尾巴飘过了6级，emmm…能直观看到的好像也只有这个了。如果说抽象的可能就是发现了自己感兴趣的行业，这也得谢谢那一段失败的恋爱，可能有的人出现只是给你的人生提供另一种可能，然后我选择了参加法硕考试，虽然结果不尽如人意，但我会继续加油噢！噢，对了，差点忘了，今年6月5日我遇到了属于我自己的小猫咪，它自己赖上我的，被这个小家伙讹上了，然后我们就一起生活啦。因为它我的生活可是起了不少波澜呢，几天就送了我五针狂犬疫苗，刚开始天天挂彩，挠人咬人可厉害了，妈妈因为它和我吵了无数次架，不过最后还是留下它啦，虽然现在还是总是说要送走它。小猫咪因为在我准备考研期间遇到的，所以叫它硕硕，希望叫着叫着能把我叫成硕士研究生，结果是它越长越硕！这和它一起的6个月还真是挺艰难挺操心的，不过还是很开心有它的陪伴。2022来啦，新的一年也会有新期许。希望事业运可以好一点，今年啥都没考上，在小区进进出出，邻居总问我在哪上班，现在又问我考研考的怎样，这种感觉还真是挺窒息的。虽然妈妈让我继续考公务员，但是我真的不是很想，感觉也好难，希望能有份快乐，收入也相对还行的工作。我很想过法考，这样就可以离自己的热爱更近一点。希望我的基金2022可以红红的！然后希望我的小猫健健康康，我不在家你不能不吃饭呀！不可以这么粘人的！小猫猫也要独立噢！最希望新的一年能和妈妈好好沟通，少吵架，要收起脾气，记得耐心耐心耐心。对于新一年的爱情，没有期待，我只想赚钱，男人只能影响我进步的速度，对对对，新的一年我要理智，不可以恋爱脑不可以恋爱脑不可以恋爱脑，警告自己100次！！刚刚听到五月天唱的“就算失望不能绝望”没错，就算被生活打趴一百次，也要在第一百零一次站起来！希望2022是阳光的一年，2021整个人的情绪都很down,2022要好好热爱生活！不可以丧不可以丧不可以丧！本来想结束！！但是果然周五王炸！！看五月天跨年演唱会送周杰伦！！周五yyds！！不知道怎么感动哭了，年纪大了，眼睛容易进沙子，不对！这就是永远年轻，永远热泪盈眶！！今天是周五！！我爱周五！！2022嗨你好！",0,neutral/unclear
4720617519586501,2021-12-31 23:59:00,marriage,恋爱,其实我感觉约好友圈和现生交朋友、谈恋爱都是一样的。开始是被共同爱好吸引，因为机缘巧合而相识，但是随着我们的深入了解，互相发现隐藏的共同属性的时候，就会拥有双倍的开心[小雪人]很高兴2021年认识你们我的好友圈我的现生朋友2022也请多多指教吧,0,neutral/unclear
4720617515387234,2021-12-31 23:59:00,marriage,恋爱,不论当下的爱情有多幸福，我都希望你能拥有独立的人格，不要完全依附于另一个人所有信誓旦旦的承诺，等到他失信的那天，就会恍若一场虚构的黄粱梦，等清醒过来了，就发现原来自己一无所有。说白了，承诺有时候就是画大饼。当然能遇到真爱，是好件事，爱情和前途也可以共存。只是不要被爱情里的甜冲昏了头，通过牺牲，换来另一个人的光亮，这不是什么英雄主义，这是恋爱脑。只有当两个人都能各自发光、照亮彼此，才是爱情里最好的状态。拿前途去赌一段感情，往往是最容易满盘皆输的赌局。只有你学到的知识、收获的技能、赚到的金钱才能成为你赢的资本!借用李碧华老师的一句话:爱到最高点，也要自立自己不立，谁来立你?祝新的一年我们都能拥有爱，更能拥有独立的人格。就算没有了爱的存在，我们也能是自己最坚实的靠山,0,neutral/unclear
4720617499133341,2021-12-31 23:59:00,marriage,恋爱,2022年每天都能睡个好觉遇到好的队友攒1w谈一次恋爱过四级毕设顺利减肥90斤可以穿吊带买一个相机换苹果手机近视眼手术有一个未来规划,0,neutral/unclear
4720617494154463,2021-12-31 23:59:00,marriage,恋爱,以年为单位的恋爱跨年夜来一场5•20的约会吧～Lccc畅畅yy39的微博视频,0,neutral/unclear
4720615321766299,2021-12-31 23:51:00,marriage,恐婚,2021年度总结：1.一年比一年恐婚程度更深，一年比一年更不想走进婚姻，梦里曾无数次的梦到自己结婚的场景但自己却每一次都在梦里不断的挣扎抗拒和逃跑，今年克服了一切，鼓足勇气踏入城墙，一切都没有想象中那么可怕，还意外收获了很多的小温暖。2.一个只想着存钱的姑娘，一定有故事，因为当她连哭诉的地方都没有的时候，才终于明白，别人的屋檐再大，都不如自己有把伞。年幼时的阴影让我学会任何事都不奢望别人，单枪匹马只靠自己，省吃俭用10多年，在自己无数次的奔波劳累后终于有了自己的小窝，拿到属于自己的不动产证时幸福感+10。3.公司不断调整，转型，“双减政策”后公司裁员同事们走了一半，但我始终坚守岗位，这一年的工作一直都是超质超量完成，保持每月名列前茅。,-1,explicit negative/rejecting
4720614726959246,2021-12-31 23:48:00,marriage,恐婚,有人有恐婚吗？若是有人向你求婚，不是你最爱的人……可怎么办,-1,explicit negative/rejecting
4720609567448403,2021-12-31 23:28:00,marriage,恐婚,#产妇羊水栓塞医护合力跑赢死神#每天一个恐婚恐育小技巧,-1,explicit negative/rejecting
4720607687875070,2021-12-31 23:20:00,marriage,恐婚,2021年最后一天，又开始深度恐婚,-1,explicit negative/rejecting
4720607112991497,2021-12-31 23:18:00,marriage,恐婚,范世锜替徐正、道歉。这段时间大家估计都活在徐正的阴影里边，替刘小捷着急，甚至恐婚不得娱乐评论大赏#娱乐综艺##明星日常#L把酒留君hot的微博视频,-1,explicit negative/rejecting
4720606493024461,2021-12-31 23:15:00,marriage,恐婚,恐婚了😒本来想记录一次美好的跨年，泡汤,-1,explicit negative/rejecting
4720605401978650,2021-12-31 23:11:00,marriage,恐婚,离开了一份糟糕的工作之后，一切都在往好的方向发展。下班后可以去练练瑜伽，跳跳舞～这是在上一份工作中从来不敢奢望的生活。不用再靠安眠药也能睡着。曾经极度恐婚的自己，感觉领证后生活也没想象的可怕🤓遇到一群神仙同事，每天开开心心一起变美变好，没有内卷。终于在最后一个月摇到了新房2021很幸福[2021]希望2022可以一起完成更多个小目标希望疫情快点过去希望多一些时间陪陪家人，见见朋友们[小雪人],-1,explicit negative/rejecting
4720604143681675,2021-12-31 23:06:00,marriage,恐婚,写一篇文章吧算是2021的结尾。算是很困惑很迷茫的一年从最初的考上编制到最后的一无所有中间经历了太多难言的事情于凌晨的负重前行到后来的怅惘也曾有过心境上的大起大落更多背负的是一种期望甚至是一种压力。偶尔翻到几年前的豪情壮志仍然可以实现最终是妥协了又是一本书或者说是一本兼具美学的传记有的人的梦想就是在成都的街头唱一首歌在很多年以后辞去了工作孤身一人来到了西藏在那污渍不堪的门帘外弹上半曲吉他算是敬那糟糕的过往。我想到有趣的事情上小学的侄儿冒出了一句很令人深思的话「阿爷我要培养我的好多兴趣」我说「宝贝以前的就不要了吗」「哦不他们还是我所珍爱的只不过我要在他们的基础上再去寻找那些有意义的东西」大体是如此。我是欣慰的也有些反思育儿不是任其发展至少在与他独处的时光里仍需保持原有的习惯身体不好不能贪吃玩手机要适量且要注意距离教育并非玩乐偶尔的调笑可能会造成不可逆的影响要汲取其中的精华。更多的是以身作则哪怕自我认为是很糟糕的人那至少在小孩的面前也许我是一个充满学识偶尔嗜烟的长辈传达一些关于文化之美而不是这周遭发生的奇怪的事情。于育儿不再赘述。同样的可以衍生出某种价值取向环境对于少儿有着不可忽视的一种巨大影响也大致上是我本人的想法再过了很多年后也分化出某些奇怪的个人思想恐婚也许算不上未达到那种永恒的地步哪怕是吸引你并且为之而奋斗的至少我还未曾遇到。过去我常写到某些场景：站在高楼之上一束暗黄的灯光远处是万家灯火楼下充斥着孩童的笑声远方传来稻草的香味。也许这就就是我的愿景我讨厌拍照而我恰恰又喜欢拍照在别人惊愕的眼神中在路旁在桥上在小溪边影上一张属于这个瞬间的景象或许在很多年以后我们再也见不到了就如少时湛蓝发亮的天空。你说在很多年以后的某个冬日的正午你坐在天台捧着一本泛黄的书籍是不是还能听到微风中那难以捉摸的古老音律呢？也许会也许也不会新的一年了本来想说新的一年新的难过的那不如我们站在窗前吧看嘈杂的人流看车水马龙看伫立深夜的高楼看这人间绝景。,-1,explicit negative/rejecting
4720603482031908,2021-12-31 23:03:00,marriage,恐婚,范世锜替徐正、道歉。这段时间大家估计都活在徐正的阴影里边，替刘小捷着急，甚至恐婚不得娱乐评论大赏#娱乐综艺##明星日常#L小艾看电影的微博视频,-1,explicit negative/rejecting
4720598334575585,2021-12-31 22:43:00,marriage,恐婚,2021.5.3🏮大婚篇🏮上上婚礼图回想婚礼当天本人是无感的直到小李来家娶我意识逐渐苏醒的我一边和大家起哄一边享受当时的氛围感太嗨了都是陪我们一起长大的共同朋友我仿佛有那个社交🐂🍺症来自恐婚族duck不必婚后依旧可以做自己公婆沉浸式溺爱就是家里小女鹅本🦢隔三差五小李陪我回娘家晃几天我俩不禁感叹婚后太潇洒了哈哈哈哈哈,0,mixed/ambiguous
4720597470288540,2021-12-31 22:40:00,marriage,恐婚,订婚日，爸妈故意装得穷酸被公婆瞧不起，吃完饭我爸说陪嫁40万哈哈，我从小就被爸妈关怀备至的照顾着，他们对我的婚姻大事更是小心谨慎。他们怕我遇到坏男人，一辈子的幸福也就永无天日。经过一番考核，我和男友终于到了订婚的地步。要订婚就得双方父母见面，我妈怕我嫁过去后吃苦，提出要试探一下公婆。其实我爸妈是生意人，每个月的收入也可观。但是为了看看公婆好不好相处，有没有嫌平爱富之类的思想，于是爸妈故意在订婚日装得有些穷酸。爸妈穿着不华丽有些旧的衣服来到了约定的酒店，那会公婆还有男友早就到了。一见面，婆婆就上下的打量了我爸妈一番，脸上有几分嫌弃。男友连介绍着我爸妈给公婆认识，公公这才笑着脸说，来，快坐。在公婆和爸妈的对话中，显然就听闻出公婆瞧不起我爸妈的穷酸样，说我嫁到他们家一定会比在爸妈家过得幸福。还在爸妈面前炫耀，家住在城市繁华地段，还让我爸妈以后常去他们家里做客，不要拘束……公公问我爸爸最近在忙什么事业，我爸爸依然装穷酸说，每天上班，每个月领四千左右的工资。公公却笑着说，这以后就是亲家了，要不我帮你找个工资高、舒适一些的工作。爸爸婉言拒绝说，他现在的工作很好，他很满意。婆婆又问我妈，有没有去逛过市中心新开的一家百货商场，有时间一起去逛逛。我妈不好意思的说，她每天忙着照顾家里还得干活，哪有那闲功夫。婆婆立马笑着说，是，是，亲家母挺忙的，是没有时间，不过以后你女儿嫁到我们家了，就可以享享女儿的福气……看着公婆瞧不起我穷酸的爸妈，我都有些后悔答应爸妈让他们装穷酸，万一公婆以为我就是看他们家有钱才嫁到他们家的，那我以后的日子还能好过吗？在双方商量结婚日的时候，我爸妈和公婆有了不同的观点。公婆想三个月内把婚礼给办了，我爸妈故意说，他们想多留我在家住一段时间。婆婆笑着劝我爸妈说，找些把我嫁过去，我可以早些过上好日子。最后按着公婆的意思订了结婚日期，我看到公婆以有钱人的身段，压制我爸妈。吃过饭后，公婆让男友叫服务员买单，我爸笑着说，他已经买过了。顿时，公婆脸上还有些不高兴，说这顿还让我爸妈破费，应该由他们出，他们是男方。爸爸笑着说，都是一家人，谁结账都一样，只要小两口幸福。公婆的脸上这才好了些，爸爸看了看我对着公婆说，我就这么一个闺女，亲家，等他们俩结婚时，他和妈妈陪嫁40万。显然，公婆很惊讶，他们还以为自己听错了。在确定我爸妈要给我陪嫁40万之后，公婆连对我爸妈亲切了许多，甚至还问我爸妈，结婚日子要不要重新选……我爸爸说，日子订了就定下来了，改来改去不吉利。回到家后，爸妈对我说，公婆很现实。事实上我也觉得公婆有些瞧不起比他们穷的人，对有钱人又是另外一副嘴脸。爸妈跟我说，以后结婚了，不要跟婆家人扯上金钱利益。有什么事尽量跟他们商量……现在的问题是，订婚日回去后公婆就对男友说，买房的钱让我们女方出一半。可之前都是说好的，由男友买房买车。按着男友的意思，就是公婆知道我结婚有40万的陪嫁，嫁到他们家，钱就是他们家的，拿些钱出来买房理所应当。公婆的钱都投资到事业里了，一时半会拿不出。我爸妈知道后很生气，觉得公婆掉钱眼里了。而我也觉得爸妈给我的陪嫁，那便是我的，怎么成了公婆家的。如今还没有结婚，公婆就在算计我家的钱，我不敢想象以后会成什么样。我一直都很期待婚礼，可是现在我开始有些恐婚，怕以后嫁过去得受公婆的气。队友们，帮我出出注意好吗，我现在好乱。,0,mixed/ambiguous
4720594002907026,2021-12-31 22:26:00,marriage,恐婚,婚姻到底给女人带来了什么我之前觉得，结婚不可怕，不被爱才可怕，也可能是抖音刷多了，所以时而恐婚，时而又羡慕那些美满的家庭可是真的会一直被爱吗，也会有人突然不爱啊我曾一直以为他们会很长久，有那么可爱的一对儿女，女方也很努力，日常的视频也很幸福，也可能是我看到的就是他们想让我看到的，但是从我关注他们微博以后，我觉得他们是真的幸福吧所以为什么呢，在今天我突然知道他们离婚了是因为男方cg，所以到底该不该相信有坚贞不渝的爱情，真的会有一个人爱一个人很久很久吗，还是所有的爱情最后都会变成亲情，绝情一点的，就会离婚或者cg所以婚姻到底给女生带来了什么，我想现在好多女孩子不想恋爱不想结婚的原因有一大部分都是这个吧，害怕呀，谁不怕被抛弃呢，所以她们为自己而活，一个人生活也蛮好的，我有时候觉得自己看的很开，不恋爱不结婚也没关系，我很悲观，可能是上一段恋爱受伤的原因，我有好长一段时间都很丧，心情也不好，没胃口吃饭，所以我不断认识新的朋友，投入新的生活，我开始去打游戏，去和旧朋友聊天，去认识新的朋友。释怀以后我就变得很清醒，他们总说我整天刷到emo视频，其实我也懂，我不emo，但是我很爱看那种视频，我也会跟她们分享，我当时的心理状态。我总说想谈恋爱，是因为我一开始觉得最快释怀的办法就是投入一段新的感情，后来我也没有遇见一个喜欢我的人，慢慢的这种感觉就很淡了，最近也发生了好多事，奇怪的正常的，不顺利的，然后我就刷到了他们离婚这件事，突然感想好多，但是有些话也不知道该怎么说，不知道怎么表达，有一句没一句的写下这些文字作为今天的一个想法。,0,mixed/ambiguous
4720590847745949,2021-12-31 22:13:00,marriage,恐婚,诶最近抖音小红书老是给我推婚内孕期出轨的搞得我好恐婚恐孕，不对我已经结过婚了现在是恐孕🙊唉男人怎么都那个样子啊,-1,explicit negative/rejecting
4720588498930408,2021-12-31 22:04:00,marriage,恐婚,朋友圈里大家都开始发各种跨年文案了，也不知道从什么时候开始，曾经活跃在朋友圈的我也很少发圈了。好像列表的好友越多，我就越没有安全感。所以一年一度的年终小结，还是依旧发在没几个好友关注的微博上。只是往年还会提前构思一下，今年写得格外仓促。今年最大的变故就是姥爷的突然去世，不辞而别总会留下一些遗憾，直到现在我还是对那天的情形历历在目。工作方面好像也没什么可说的，可能每天在学校都过得差不多，备课，上课，批作业，日复一日。然后在学期初和学期末的时候疯忙一阵子。感情方面虽然没有轰轰烈烈，但还是一如既往地细水长流，互相包容与理解是最重要的，但能一起开心也重要。个人发展方面，这一年确实被磨练了很多，在岗位上学到很多有用的东西，包括能力包括人际。这学期突然想学很多东西，但因有所限制，只能放弃一部分。希望未来的我，能尽力做些喜欢的事。2021年从1.3日去分配的学校报道开始，以最后一天在特别忙的状态下突然被通知要去鹿泉培训，以及散会后直接回家结束。值得庆幸的是，在这样一个日子里居然没有被堵车。今年是毕业的第2个年头，也算正式工作的第一年，是持续性养生，间歇性忙碌爆炸的一年。今年很少矫情，可能是忙起来后，人就不会变得那么emo。好像看起来大家都在慢慢变好，但是大家好像都很忙，打电话或者见了面还是有很多话要说，可要长期在聊天软件上保持天天联系，还是有点难度的。可能这就是成年人的世界吧，要么就是本社恐者的世界。马上要过完本命年了，明年就25岁了。过了这个数字，真就奔三了。虽然现在有很多以中年女性为题材的影视作品或综艺，经常以无惧年龄为口号，但作为普通人，还是有很大的年龄焦虑，一时半会儿还是改不了。确实有些焦虑，尤其在同事问什么时候结婚的情况下。恐婚恐婚恐育已经成为我的常态，如果哪天我结婚了，那一定是我非常爱他吧。今年真的没什么可总结的，平平淡淡的一年，所以只有一些随想以及被抑制住没发出来的满腹牢骚。希望明年有话可说，有事可写。开开心心，事事如意。,0,mixed/ambiguous
4720585307587643,2021-12-31 21:51:00,marriage,恐婚,越来越感觉时间不够用今年看的书实在太少！以及我想碎念几句对于那不勒斯四部曲，用曹柠的话说就是友谊在文学上就没有这么被浓墨重彩的写过，友谊的阴暗面、复杂程度甚至不输于爱情。对我来说，相互欣赏相互尊重，思想在同一维度上，能让彼此成为更好的人，足矣对于致D，最合适的伴侣并不需要方方面面都志趣相投，而是充满智慧并且优雅的讨论品味的差异，一本薄薄的情书我以后会送一本给我的另一半对于鞋带，永远不要因为婚姻就认为对方已经属于自己一劳永逸地得到了对方的全部，在对男性的认知愈发清晰的现在，加上娱乐圈的破事，我对恋爱的需求感变得极低一天比一天恐婚，不如现实一点先把书读好2021总结“一个心比较大方有文化和界限的人，我觉得怎样看都是好看的”愿我们都比昨天更好看[微笑趣泡]最后我想大声说！疫情赶紧滚出地球！你酿造了多少遗憾啊！,-1,explicit negative/rejecting
4720584649610543,2021-12-31 21:49:00,marriage,恐婚,#betterme#2021是转折年呀定岗、买房、结婚，人生几件大事儿都在今年呀～定岗思考十分钟；买房用了两天；结婚决定大概就是瞬间吧，不愧是我能这样无所顾忌的迅速做选择，是因为我旁边和身后都是让我足够信任，并且给了我好多好多爱和支持的人呀要大声说：“我的爸爸妈妈是世界上最好的父母！”“结婚真的太幸福了！朋友们不要恐婚呀”2022要继续努力，争取做出更多有意思的东西呀，做一名合格的蓝领呀还要听向哥的话好好锻炼身体，要更好的平衡工作和生活呀,-1,explicit negative/rejecting
4720584631520824,2021-12-31 21:49:00,marriage,恐婚,伍迪艾伦的电影看完直接一个恐婚的大动作,-1,explicit negative/rejecting
4720582665438103,2021-12-31 21:41:00,marriage,恐婚,恐婚恐育者的毒药,-1,explicit negative/rejecting
4720578168360178,2021-12-31 21:23:00,marriage,恐婚,#第一批00后开始被催婚了#第一批00后已经被催婚了，大家已经恐慌了吗？我真恐婚感觉，03的我已经开始害怕了,-1,explicit negative/rejecting
4720575626349930,2021-12-31 21:13:00,marriage,恐婚,每日一个恐婚小技巧,-1,explicit negative/rejecting
4720573387381183,2021-12-31 21:04:00,marriage,恐婚,我就是这么个人我宁愿尝遍社会各种辛酸压榨也不愿意回到家做那些好像让人无力听着日夜的争吵恐婚好似在学校那一切无关自己任何的的日子时间才是真真正正属于我的,-1,explicit negative/rejecting
4720570040849675,2021-12-31 20:51:00,marriage,恐婚,范世锜替徐正、道歉。这段时间大家估计都活在徐正的阴影里边，替刘小捷着急，甚至恐婚不得娱乐评论大赏#娱乐综艺##明星日常#L心似柠檬hot的微博视频,-1,explicit negative/rejecting
4720567381132084,2021-12-31 20:40:00,marriage,恐婚,今天真的是非常的烦躁。真的理解了为什么现在的很多年轻人不愿意结婚这件事情。所谓的“恐婚”，其实他们并不是害怕结婚这件事情，只是他们见了太多的人因为结婚后的种种事情给吓怕了。不仅要面对子的老公婚后的大男子主义和残疾（又聋又瞎），还要因为公婆的封建思想和传统育儿给搞疯了，另外还要一边照顾孩子，一边还要工作（因为你不工作了，老公会说你只知道花钱，不知道打扮，还总是不出门，还要面对公婆的鄙夷，他们会觉得带个孩子有多累，我们那时候还一个人带着孩子一边做饭还要干着家务，多的还要背着孩子下地干活，还总是花他们儿子的钱）。有时候我真的很想有一种机器可以让人互换，让他们感受一下我的处境。在娘家，谁还不是个被父母捧在手心，捂在胸口的宝贝疙瘩，怎么到了你家就成了保姆。我很不满很气愤的是，他们总是为我决定一些事情，打的却是为我好的旗号。在外去跟人家讲，孩子从早到晚都是她在带，我靠，扭转事实也不是这个样子吧。好了，孩子闹了，我去哄宝宝了,0,mixed/ambiguous
4720566379220377,2021-12-31 20:36:00,marriage,恐婚,#第一批00后开始被催婚了#说真的恐婚结婚离婚家庭暴力还有好多好多因素,-1,explicit negative/rejecting
4720554990634514,2021-12-31 19:51:00,marriage,恐婚,2021年的最后一天想明白一件事就是女生得趁着年轻多找对象也就这几年青春饭我一定要30岁之前结婚！虽然不恐婚了但还是恐生育,-1,explicit negative/rejecting
4720552550338050,2021-12-31 19:41:00,marriage,恐婚,和2021再见啦，来个碎碎念：1.大家开始穿秋裤了嘛，我老公日常监督我穿秋裤，但是我很“叛逆”不太想穿2.上班真的跟朋友见面的次数越来越少了，大家时间都不碰不上，好巧不巧遇到同一天大家都有时间，吃个饭3.2022的第一天从加班开始，没有假期4.我太爱这件蓝色毛衣，搭灰色运动裤太好看了5.开始尝试拍视频，开箱📦｜日常啥的，2022年了嘛，突破一下自己6.我从来没有买过红色贝雷帽，大胆尝试一下，这个真的无敌好看7.我也没想到自己这么恐婚的人会结婚，希望大家都能遇到自己喜欢的人，☁️幸福8.扛不住了，还是搞个羽绒服穿穿，穿这件衣服太没安全感了，随身携带去渍笔9.冬天没有热茶真的不行，爱很美味看完了，雪中悍刀行看到22集了，我觉得还蛮好看的，不戴眼镜看电视真的太爽了#plog博主日记#,-1,explicit negative/rejecting
4720546782123267,2021-12-31 19:18:00,marriage,恐婚,今天手机相册给我推送去年跨年夜开门还收到了一箱婚纱照一下子就一年了只记得去年跨年夜本来是宿舍聚餐老林一直加班还没来接我我就在家看剧点外卖吃薯条喝快乐肥宅水等他没想到后来他给了我一个惊喜在我23岁时老林突然出现在我的生命里很坚定的告诉我要和我在一起在我24岁有点恐婚时老林一直用行动来证明他可以给我一段很幸福的婚姻今年结婚结束异地换工作搬家完成了置业大计算是很圆满啦发个去年的视频来纪念一下哈哈哈希望2022年老林再接再厉嘻嘻ps：给各位男士未来的求婚建议1.如果要搞大龙凤麻烦找个好一点的婚庆公司这家做的视频拍的视频真的很不ok婚礼我要自己找不能相信直男2.大冬天室外真的好冷啊室内好不好（我当时穿着一件衣服一直在抖所以戴戒指的镜头是穿上衣服补拍的）3.货比三家砍价啊（去年我老板要求我2万块内做一个油站开业我疯狂砍价到焦头烂额最后得知这场做了双倍的价格我真的是老林你的钱怎么那么好骗折现给我吧）各位有好的婚庆公司婚纱礼服等等给我推荐一下求求了LSt0p_告别高三的微博视频,0,mixed/ambiguous
4720544849333961,2021-12-31 19:10:00,marriage,恐婚,恐婚加一百点,-1,explicit negative/rejecting
4720616337053974,2021-12-31 23:55:00,marriage,晚婚,济南相亲超话单身不可怕晚婚也不可怕可怕的是心里住不下任何人面对爱情既期待又恐惧不想孤独终老又害怕再遍体鳞伤,-1,explicit negative/rejecting
4720615426362684,2021-12-31 23:51:00,marriage,晚婚,早在高中课堂，某老师就曾提到某校友的眼睛是他看到过中称得上“最清澈”的（当然，这位校友本身很优秀，也不排除天然滤镜成分）；10年后，机缘巧合，认识了这位最清澈眼眸拥有者的爸爸，校友确实也无意外地成为了优秀的“芸芸”，中国农大硕士，现有一女，爸爸聊天无意提到女儿是一个非常豁达，非常有韧劲的孩子，从小就有一双非常漂亮、清澈的眼眸，但后来初中开始慢慢地就没那么清澈了（可我那老师是她高中才结交的），老两口当年倾注了很多童心和心力在她身上；而现实是，外表看起来旗鼓相当、非常优秀的硕士couple，生活也是充满了鸡毛；作为父亲有多么痛心疾首就不多说了；给所有准备步入婚姻和晚婚男女建议：如果你现在还不能十分准确地预计跟这个人婚后必然迎接的鸡毛，并且清楚认识到哪怕有这个鸡毛你仍愿意接受，这时你还是需要放缓脚步，婚姻才是没有彩排、没有预演。（也有可能：文化程度不那么高的夫妻幸福感真的要高些）,-1,explicit negative/rejecting
4720612805969665,2021-12-31 23:41:00,marriage,晚婚,分手了单身测姻缘算姻缘求姻缘婚姻生活：我草率的就和前夫把离异手续办了，事后非常后悔，目前仍然纠结这段婚姻，我今年有可能挽回败局吗？我什么时候才会遇到心意之人坤造，年柱丙寅、月柱戊戌、日柱癸丑、时柱庚申。癸水生于戌月不得助，又被年柱、月柱、坐支克泄耗，全局唯有时柱助力癸水，癸水偏弱。喜金水，忌火土，木不利于事业和婚姻。此造八字夫星旺相，不利于婚姻，晚恋晚婚才会幸福多一些。婚姻宫坐丑土与戌土相刑，说明丈夫和情人同时出现于命局之中，心性自然不定。恋爱之路容易但相守难，常常表现为在一个人身上很少能保持长久交往，另一方面预示其姻缘多变化，特别是大运流年不利时更容易形成大冲击。今年感情运势不太乐观，容易在选择上纠结再纠结。而且今年最为频繁的是小人比较多，容易有第三者出现破坏感情，须多加提防与忍耐，不可任性而为。来年婚姻感情不利。说明来年仍然不具备谈情说爱的运势，表现为该年会有较多因素影响婚恋正常发展，脱单成双概率不大。再来看后年人缘桃花非常旺，恋情发展会有不错的进展，最终能够收获一份幸福美满的感情，与中意的男人牵手天地合。需要提醒的事是，在接下来的壬寅年以及癸卯年，此两年天干壬癸水助力日主有力量与夫星好合。但是地支寅卯木克丑未戌土，夫星受克制。预示这两年夫妻婚后感情不错，但是生活中的琐事之争会较多，幸福婚姻会大打折扣，感情上时好时坏，但婚姻不会发生变化。2026年开始进入新的甲午运，此运天干庚甲冲，丙火生戊土合克癸水；地支午丑相害，寅午戌火局克申金，不利婚姻。预示此运十年感情运势一般，婚姻中少不了磕磕碰碰的现象，特别是2031年以及2032年，困惑较大，此两年要预示要退让，切勿为琐事而大动干戈。2036年起走癸巳运，天干癸癸水相并助力日主有了力量担夫星；地支寅、巳、申三刑，用神申金被克，丑戌相刑不利婚姻。此步大运整体上夫妻关系难言好合，特别是2036到2038年，夫妻关系下滑较为厉害，这三流年口舌纷争较多，建议要与配偶多出门走走，参加一些喜庆场合。日主与属猪、属鼠之人合亲最佳，有助于今后感情运势提升。平时衣着不适宜红、紫、土以及褐色，切忌家中种植花草。,-1,explicit negative/rejecting
4720609282492267,2021-12-31 23:27:00,marriage,晚婚,【姻缘祥批】己土生于寅月。出生于立春后第17日。人元司令甲木。月令天干甲木本气透出。立正官格局。甲木通根三个寅木，得亥水帮身。寅亥合木。八字木气很旺。正官格局喜护卫，出生在春天。还是比较寒冷。喜欢丙火调候。寅木月令透出丙火正印。甲木生丙火，官印相生。命局最喜欢南方火运。巳午未为南方火运。火与燥土帮身。火运不止可以调候命局。也可以化正官助身。25岁到55岁之间。巳午未南方火运。为一生最好的30年阶段。25岁以前好坏参半吧。东方木运。但是15岁到24岁之间丙辰运，丙火正印化官星帮身。辰土帮身。也为一般运气。因为命局丙火没有根。没有火为强根。所以南方火运才是命中最好的用神运气。己亥自合，亥中壬水为正财老婆。壬水忌，会因为老婆破财。或者是老婆对你的经济条件管理的很严重。亥水生甲寅木克戊己土，对老婆来讲是食神制官杀。老婆对你管的很严厉，比较强势，固执。口舌比较多，多思多虑。非常的强势。老婆是你们家。就是你的出生地的，西北方向或者是东南方向。这种格局造化老婆在你们家80%在东南方向。而且娶偏南方的老婆。对自己的帮助性质比较大。亥水是老婆，亥水是壬水，2022壬寅年，所以大趋势你这个婚姻感情是在2022年认识的。感情上发展时间比较长，需要先同居后结婚。2025年巳亥冲动婚姻宫。巳火化寅木，巳就是丙，这一年动态婚姻宫的趋势比较大。或者2026年丙午年结婚，你的子女宫是丙寅。丙到位，寅午合火。子女宫大吉。这一年是生孩子的趋势。正官比较明显。应该是先生女孩的趋势比较大。奉子成婚。借天机化忌天梁在夫妻宫。三方四正机月同梁。所以老婆应该是公务员或者企业单位的行政管理层，加上右弼化科左辅，晚婚双方是互相帮助的类型，老婆在事业上有管理权，无论在事业上或者感情上支配欲望都比较强。太阳太阴，日月并明，配左辅右弼，老婆能得到领导人的赏识，贵人的提拔做主管权，这个组合也代表老婆支配你的趋势比较大。寅亥三合，必须经历多段感情以后才能修成正果。必须晚婚。有二婚的性质。三方四正文曲没有文昌。6级单星。感情上容易情绪化，也容易是证书出问题，思想价值观出问题。有二婚性质。晚婚在28岁左右可以白头偕老。2022年2023年的桃花感情运不断。晚婚婚姻感情一般。但是老婆对自己的事业和经济条件应该有帮助。因为你中年的运气挺好的。而且右弼化科，就是双方能互相帮助。加上左辅右弼。晚婚就能同心协力。互相帮助发展事业生活。但是天机化忌配陀罗擎羊，擎羊馅文曲馅，感情上容易情绪化，容易思想不和，老婆是一个非常大女人的女人。多思虑，爱计较，女汉子比较忙碌，事业心重。有时候想法会有点不实际，多话爱唠叨。有点神经质，就是对你管的比较严。夫妻之间波折就来自于口舌。寅亥合灭丙火，夫妻关系一般般。老婆身材比较苗条。会为了家庭琐事操劳啊这个那个的吵架。3方4正没有太明显的桃花星。不用担心出轨问题。也没有这个问题。晚婚可以白头偕老，老婆对你帮助大。而且晚婚和婚前发生过感情波折，更加可以白头偕老。老婆的德性不错。比较善良。事业上比较劳心费神。她在事业上比较有支配欲望，在家里也喜欢管着你，有些女汉子。他的生财能力很强，在这个经济条件上能对你有帮助。太阳巨门旺，配左辅右弼，老婆要么是外地人，要么就是经常外出。老婆有不错的事业，对你的帮助性质比较大。领导能力很强，也得事业上的贵人提拔。但它不是一个水性杨花桃花特别旺的人，他是一个比较传统的女人。桃花桃色，是非。非常不明显，没有。长得也比较漂亮。比较文静。感情非常细腻。也是一个贤内助。比较贤惠了。但是不是特别和睦。这个命局组合好好把握明后年的桃花感情运气。而且是出正缘的运气。结婚的年份就是2025或者2026年，但是生孩子必是2026。非常明显。25岁到54岁之间，人生大运很好。肯定会有不错的事业发展这30年会比较兴旺。事业财运较好。感情也会比较稳定。就是25岁到34岁之间冲突比较多一点，但是没有大碍，不会离婚啊。尽量晚婚。那个35岁到54岁之间感情比较很好。佛缘居士私人VX号zwds7999紫微斗数指导人生大趋势。#紫微斗数##紫薇斗数#紫微斗数超话紫薇斗数超话#紫微斗数全书##紫微斗数教学#私人VX号zwds7999,0,mixed/ambiguous
4720607772018749,2021-12-31 23:21:00,marriage,晚婚,分手了单身测姻缘算姻缘求姻缘婚姻故事：在一起没有两年就离婚，离婚后又再婚，再婚对象比自己小几岁，总感觉很不靠谱，现在又觉得一见钟情的二婚对象不符合自己要求，感情又出现鸿沟，吵架不断，真是相爱容易相守更难，坤造：辛未、庚寅、丁巳、癸卯，丁火生在寅月的助力大，年柱，月柱，时干克泄耗丁火力量，月支、坐支、时干卯木生助丁火力量，日元偏旺，喜金水，忌木火土。命局里癸水为夫星，出现在时干，时柱代表晚，小，结婚后婚姻易分离，适合晚点结婚，与丈夫缘分较浅薄，要么晚婚要么二婚或者多婚，所以婚姻中不利因素较多；容易婚姻会有反复离婚又结婚的事件发生，婚姻感情有所波折不安稳，但身旺以夫星为用神，也会随着年龄的增加，婚姻情感逐渐转好。日坐伤官劫财，下等日柱，夫妻感情难和睦，属于阴盛阳衰，难逃克夫之嫌，喜欢管着丈夫，性格倔强，所以更要好好经营自己婚姻。今年天干地支用神到位，助起夫星力量，达到力量平衡，今年夫妻关系慢慢理顺，争吵的事情少了很多，感情稳定，逐渐转和睦。明年，天干地支克夫星，夫星受克，不利婚姻发展。婚姻较为不好，双方吵架和闹别扭的现象增多，影响婚姻感情。2023年夫星力量有助有减，好合婚姻力量减弱。感情之事烦心多，易发脾气，也会因经济问题发生了争吵的现象，感情问题出现波折，影响了双方关系。2024年--2026年，天干地支甲乙木生丙巳午火助力丁火排斥夫星癸癸水，婚姻不太好合。夫妻关系处理得不好，谁也不顾及对方的情感，打骂生气的事情经常发生，不利于感情稳定。要及时防范不要发生婚姻破裂的事件，这几年婚姻处于低迷阶段，也容易再次发生离婚。2027年—2046年，走甲午运，乙未运，天干地支排斥夫星，夫妻感情越来越差，容易出现波折再次闹离婚。感情变得难以把握。2047年—2056年（56岁一65岁）走丙申运，天干地支庚金生癸水冲丁火，丁火日主排斥夫星的力量减弱，让婚姻好合发展。婚姻会慢慢好合发展，随着年龄的增长会与夫星相互照顾，让婚姻日子过得比较安稳一些。,-1,explicit negative/rejecting
4720607712778700,2021-12-31 23:20:00,marriage,晚婚,咱就是说509宿舍太赞啦舍长给准备的年末小零食都是心形的田姐给的橘子🍊，长得像模板一样婷婷给的奶枣，祝我们早生贵子。因为我们现在都处于晚婚晚育的年纪了老王给的山楂和雪花酥，放我手里俩还拿过去一个璐谣给我的伸腿瞪眼丸我特地去买的脑子🧠糖，期末复习太费脑子了，吃它！2021马上就完美结束啦！期待2022,-1,explicit negative/rejecting
4720597706474958,2021-12-31 22:41:00,marriage,晚婚,分手了单身测姻缘算姻缘求姻缘婚姻生活：今年相亲很多次，有几个感觉不错，交往不到几天就不了了之，想知道自己何时有正缘？能找个什么样的另一半？哪年能正正结婚单身？坤造：戊辰壬戌丙申戊戌；大运：辛酉庚申己未戊午丁巳丙辰乙卯；丙火生在生在戊月不得助力，年柱戌辰，月柱壬戌，坐支申金，时干戌戌克泄耗丙火力量，但月支戌土时支戌土中有藏根丁火助力丙火力量，综合分析：日主丙火弱极，用神：木火，忌神：金水，土。八字里壬水为夫星，夫星壬水在八字里力量较弱，又被天干透出的戊戊土食神克制，为伤官见官克夫星，八字中丈夫受到排斥，婚恋坎坷，有迟婚或者晚婚现象，真爱晚到。特别是在伤官加力年份里，更是排斥夫星，挑衅夫星，与夫星吵闹不止，易有闹分居、离婚等等事件发生，婚姻变得迷茫不定，波折不断。今年戊午运，不利夫星来与日主谈婚照论嫁，同时金牛也增加了相亲次数，但谈不到成婚的地步就会散伙。明年有中意心爱之人出现，有缘牵手，但婚姻机缘不够或没有做好结婚的准备，会筹备婚姻事宜，但不会结婚。后年让夫星力量不受克，有了力量来到日主身边好合婚姻。后年能与正缘花好月圆，顺利成婚，步入婚姻殿堂这一年不结婚就要等到2024年--2027年，天干地支甲辰乙巳丙午丁未助起日主力量，让日主能够拢住夫星力量，彻底征服夫星，这几年也适合结婚。结婚后日子过的顺畅。虽有争吵都是小吵小闹，对婚姻影响不大，小炒怡情大吵伤心。在结婚后伤官旺相的年份里，指的是：牛年、龙年、狗年、羊年，还有戊某年或已某年（如戊戌年），要克制自己脾气，懂得养生修心，多为对方着想，就会真正的快乐，也会越过越幸福。同时，你八字不以夫星为用神，表明日主未来配偶长相中等，个头在175左右，处事能力强，性格乐观，但为日主付出较少，为日主工作和生活出谋划策的力量较少，但配偶家庭责任心较强，对待子女和父母较好，但脾气易急，办事有点毛躁，对日主也要求很严，争吵较多，约束着不让干这干那。配偶家境与日主不相上下，会自己做生意或凭借专长工作。,-1,explicit negative/rejecting
4720594467951811,2021-12-31 22:28:00,marriage,晚婚,#以年为单位的恋爱#结局是美好的，双方因为对方变得更好，这也许能走到一起的原因吧。一个人的生活想怎么样就怎么样，两个人得相互成就，相互扶持，包容中有迁就，迁就中有快乐与幸福，而不只有抱怨，才能走得长远。在当代社会，离婚率这么高，我突然想晚婚其实是有好处的，年龄大一点，思想会成熟些，对责任、家庭等词理解更深层次。新的一年祝亲朋好友身体健康，万事顺意，心想事成,-1,explicit negative/rejecting
4720587396354130,2021-12-31 22:00:00,marriage,晚婚,我从来不想独身，却有预感晚婚,-1,explicit negative/rejecting
4720584066602337,2021-12-31 21:46:00,marriage,晚婚,我从来不想独身，却有预感晚婚，我在等，世上唯一契合的灵魂。,-1,explicit negative/rejecting
4720582455987010,2021-12-31 21:40:00,marriage,晚婚,#第一批00后开始被催婚了#响应国家号召，牢记计划生育宣传标语，计划生育是我国的基本国策，少生优生，幸福一生要想富，先修路，少生孩子多种树🌲为革命实行晚婚和计划生育,-1,explicit negative/rejecting
4720581788306726,2021-12-31 21:37:00,marriage,晚婚,第四年一起跨年了那些流过的眼泪和唱过的晚婚都在吵吵闹闹中变成开心的回忆,-1,explicit negative/rejecting
4720581095724480,2021-12-31 21:35:00,marriage,晚婚,男命比劫强旺而配偶星财弱，又乏食伤通关时，迟婚。女命八字比劫一片或伤食强旺而配偶星官杀极弱者迟婚，配偶星在原命局不现时，多晚婚之命。配偶星在配偶宫或月令处休囚死墓绝地时晚婚，处生旺之地时，早婚或适婚。#八字算命##星座命理#,-1,explicit negative/rejecting
4720577968082622,2021-12-31 21:22:00,marriage,晚婚,#第一批00后开始被催婚了#一直印象里00后还是个孩子怎么就突然间发现都是要被催婚的存在了今天单位几个00后的大孩子搁那说被父母催婚着实把我惊住了才多大啊就开始催婚了也可能是因为北方比较晚婚晚育暂时还是觉得她们算是大孩子而已催婚有点早了,-1,explicit negative/rejecting
4720576919244215,2021-12-31 21:18:00,marriage,晚婚,#第一批00后开始被催婚了#根据婚姻法的规定，法定结婚年龄是男不得早于22周岁，女不得早于20周岁，这是法律规定的最早的结婚年龄，但是，并不是意味着到了这个年龄的人就一定要结婚。是否打算结婚，主动权在自己手里，要看你在达到了这个法定年龄之后，能不能找到你满意的另一半。如果男满22岁女满20岁就结婚，在现代社会算是比较早的了。第一批00后明年就22岁了，到了法定结婚年龄，但是这么早就催婚，没有必要，这个年龄，先找对象谈恋爱倒是可以的。个人认为，结婚的合适年龄在28岁到30岁之间比较合适。可以肯定地说，现在的年轻人普遍不想早婚，主要原因就在于不论是学习，还是就业，或者是升职的压力都非常大。年轻人28岁之前的个年龄段，普遍还处在干事创业的初始阶段，可以说在社会上还没有站稳脚跟，有的甚至还在求学深造，需要父母在各方面给予支持。这个时候谈婚论嫁，显然不太现实。据了解，督促年轻人早婚普遍出于父母的意愿，最常见的理由莫过于：早点结婚吧，趁爸妈还年轻，早点生小孩我们可以帮你们带，再过几年，我们都老了，也带不动了，你们可能要吃更多的苦------,1,explicit positive/aspirational
4720570219895041,2021-12-31 20:51:00,marriage,晚婚,晚婚晚育的人，都是贪心太重的人,-1,explicit negative/rejecting
4720567246654579,2021-12-31 20:39:00,marriage,晚婚,推荐你来听💢，黎仕浩👿💤唱的这首#晚婚|玩音乐，就上唱吧(@唱吧)！K晚婚-💢，黎仕浩👿💤,-1,explicit negative/rejecting
4720566285896560,2021-12-31 20:36:00,marriage,晚婚,从一个熟悉的地方搬到一个陌生的环境，这种心里变化还是要关注的适应新环境能力，判断选择能力，自身调节能力大家都在跨年，我这种顶多叫熬夜。单身+穷+老但是我觉得晚婚是有利有弊，任何事情都有两面性。我的内心也很淡定，你来人间一趟，要做自己喜欢的事2022加油！买属于自己的房子，滨江时代，虎虎生威！,-1,explicit negative/rejecting
4720563623298056,2021-12-31 20:25:00,marriage,晚婚,七杀在前，正官在后，对于女生来说，婚前容易与其他异性发生关系，同时，也代表早婚早恋不利，晚婚还不错，因为七杀对女生代表情人，桃花，正官代表丈夫，所以，七杀在前，代表先有情人，后有丈夫，所以，早婚早恋容易分离，2021年12月31日晚上19点到21点出生的八字，就是官杀混杂，七杀在前，正官在后，这个时辰出生的宝宝，取个与木有关的名字或带木字旁的名字，对财运事业有一定的帮助，这个时辰出生的男孩，一生运势比较平淡，这个时辰出生的女孩，12岁到32岁这个阶段是一生运势最旺的阶段，学业财运事业方面比较有利，预测微博留言：@生肖星座话情感留出生年月日时，新历或农历，性别，会按顺序回复。,-1,explicit negative/rejecting
4720561756311504,2021-12-31 20:18:00,marriage,晚婚,婚恋还是顺其自然的好，瓜熟蒂落，水到渠成，缘分不到，不是说催一催就会结婚，有些人适合早婚，有些人适合晚婚，每个人都有自己的婚姻旅程，有些人初恋就结婚，而有些人多次恋爱未必遇到合适的，如果为了应付催婚而盲目的结婚，婚后过的不开心，继而离婚，父母一样会操心，对于父母来说，不是儿女结婚了，自己的任务就完成了，儿女结婚，只是人生又一个新的旅程开始。#第一批00后开始被催婚了#,0,mixed/ambiguous
4720560150418297,2021-12-31 20:11:00,marriage,晚婚,俺家跨年的剧情，从老妈子闲到按着我听给我算的八字结果我听到适合晚婚或不婚起立鼓掌，发展到爹妈拿着二十几年前的相册扯掰我爹当年到底算不算帅，hin精彩,-1,explicit negative/rejecting
4720558900778093,2021-12-31 20:06:00,marriage,晚婚,#第一批00后开始被催婚了#当年读书时说“晚婚晚育，少生优生。”而如今三胎都放开了。。呵呵^_^,-1,explicit negative/rejecting
4720557947624052,2021-12-31 20:03:00,marriage,晚婚,阿冷aleng超话冷宝翻唱——晚婚Lkyiln827的微博视频,-1,explicit negative/rejecting
4720554559145445,2021-12-31 19:49:00,marriage,晚婚,和我奶奶视频，绕不开的话题就是找对象。我：“我有一同事会算命，给我算过了，我晚婚晚育，最早也得三十岁了。”我奶奶：“什么狗屁词儿。”平时最爱找小巷里瞎子算命的老太太原来也是选择性迷信的哈哈哈哈哈哈哈哈哈哈。,-1,explicit negative/rejecting
4720549479321873,2021-12-31 19:29:00,marriage,晚婚,晚婚晚育少生优生,-1,explicit negative/rejecting
4720547768047192,2021-12-31 19:22:00,marriage,晚婚,我妈拿我八字去算我婚姻，得到我晚婚大概28岁以后才有可能结婚后，整个人都嗨了（？）我：你这脑回路和别人妈妈不太一样啊😅我妈：太好了我还能多做好几年小女孩儿！我：我结不结婚你都永远十八岁你放心好吗！,-1,explicit negative/rejecting
4720543620140179,2021-12-31 19:06:00,marriage,晚婚,发布了头条文章：《官星在时，易晚婚大吉的女命八字》O官星在时，易晚婚大吉的女命八字,-1,explicit negative/rejecting
4720539563984981,2021-12-31 18:49:00,marriage,晚婚,姚晓棠超话/#姚晓棠#■姚晓棠2021年度总结■朝暮交替，岁月纷呈有灯火阑珊的暖流淌过心海也有枝繁叶茂的成果挂满树梢每一寸付诸于实践的身影都印刻在时光的胶卷里20213.18应邀出席中国纤维流行趋势20213.26应邀出席中国国际时装周20218.13一首《不忘》唱响了她好声音的舞台20219.17她带来一首带有音乐剧感觉的《Finally》，她说：能在这个舞台唱自己喜欢的歌真的太太太幸福了202110.1她演绎了别样的《晚婚》自有自己独特的韵味202110.5她翻唱歌曲《太阳》震撼全场，一身黑色西装气场全开202110.8一首《想念拟人化》娓娓道来，感人至深，并成功晋级五强202110.15她以《一颗星的夜》谢幕，最终获得全国第四名的好成绩2021我们见证了@姚晓棠一次又一次的突破！202111.6单曲《短暂的爱过》上线～202111.30单曲《假象》上线～在二零二一的图纸里我们奔跑过、呐喊过、激动过封缄了装满回忆的口袋敲响通往二零二二的钟声繁花似锦漫漫，雪落皎洁般般回望旧年相逢，共待新岁光芒✨@姚晓棠,-1,explicit negative/rejecting
4720617121646556,2021-12-31 23:58:00,fertility,生娃,2022最大的愿望是生娃[玉兔][玉兔][玉兔],0,neutral/unclear
4720617087832574,2021-12-31 23:58:00,fertility,生娃,2021年忙于生娃的路上[2021]2022年三十而已未来的你我全力以赴,0,neutral/unclear
4720616836171941,2021-12-31 23:57:00,fertility,生娃,转：有没有想过自己真正想要的生活是什么样子？不是那种社会告诉你的，结婚生娃上班那种，而是你完全会沉浸在里面浑身自在的生活,0,neutral/unclear
4720616832246659,2021-12-31 23:57:00,fertility,生娃,不知不觉就长到了被催婚，也该结婚的年纪。但是内心总感觉自己小，觉得自己还不够成熟，还不能够去承担那一份责任。眼看身边的同学、朋友结婚的结婚，生娃的生娃，其实自己无形中也感受到了一股的压力，瞬间意识到自己也不小了，是时候谈婚论嫁。其实我也不是没有想过，只是自己的心好像死了一样，总感觉缺少一束光，让我重新复活过来的光，再加上自己又懒惰，懒得去认识一个人，懒得去深入了解一个人，懒得去追求一个人......慢慢的就习惯了一个人，习惯了一个人的生活，习惯了活在在自己的世界里......也在想着如果有一天突然有一个人突然闯入了我的世界，我能适应得了两个人的生活吗？我还懂得如何去爱一个人吗？我好像还没做好准备……嗯…要不再等一等吧，再给自己一点时间，我想等自己变得更好，等心态变得更好，等我不再消极负能量，等我变得阳光充满正能量，等我找回迷失的自己......转眼间一年就要过去了，我不能再这样下去了，不要再浪费时间了，要勇敢面对过去，好好的跟过去的一切告别，重拾勇气向前走，大不了重新开始从头再来。再见了2021，希望明年会更好，2022愿许下的愿望，一路生花！,0,neutral/unclear
4720616650834610,2021-12-31 23:56:00,fertility,生娃,对2021年，我做的最有印象的事就是去说脱口秀。没想到这个我做到了，自己去写，自己去说，有些累，还是挺好玩的，也可以说那段时间是自己笑得最多的时候，因为自己去换了一个角度看世界，发现一切都没有什么大不了的。人生没有说教，有的就是经历。脱口秀就是小人物的经历放大后的感受。能激起共鸣的不是你的顺境，而是你觉得抹不开面，觉得窘的张不开口的那些，伤痛之上可以开花结果的，就是脱口秀了。这两年其实大家都有些心照不宣，无论工作是好干的还是不好干的，都很用心的在工作，因为大环境都不好过，于是我们都要让自己能找到一个支点活下来，更好的活着。你看到你平时看不上的那些屌丝，送快递的，流水线上的小工，苦逼的IT男，都能通过脱口秀让自己过得很体面，这其实和魔法世界比，也不弱吧。内向的人，不善于打开自己，但说脱口秀的私下里没有几个是很外向的，但这不耽误他们在台上表现很好。今年在北京城看到各种脱口秀演出，几乎每周都会有，觉得这个城市怪不得人会多，因为这样起码不会冷冰冰，最起码让自己笑一场的场合是有的。如果说自媒体是留给苦逼的屌丝一个入场劵，那来说脱口秀的就是拿的包厢劵，因为你要学着让自己从赤裸裸的现实里抽离，你才可能看到它背后的笑点。你若一如既往的像小学时的教导主任一般，板着脸老生常谈的训话，那不好意思，你是拿不到入场劵的。今年大家都不易，自己是过得节衣缩食的，但还是奢侈了一把，买了两本喜剧书，书里说道，能敢于出来说脱口秀的，人都不坏，还真是这样，因为你要能看到生活里柔软的一面，你才可能体验说出脱口秀。每次说完脱口秀，走到大街上，就会对这个城市充满了敬佩。这里，即便房价，房租都不便宜，但这个城市还是会有很多人愿意来，想来看看，想来淘梦，做了很多的梦，那就来试试吧，没准哪个要实现了呢。所以你看说脱口秀的，充满了流动性。但这里没人在意你的那些不堪，只要你敢于上台去说，在台下就有人去看，去给你鼓励，去给你喝倒彩，去给你加油。但你若是换了个小地方，则脱口秀这个梦想，则就仅仅就是梦就是梦了。从这点来看，这个城市是有它的特点，也有它的体面在。就冲这一点，会有更多的人依然来这里，因为在这里其实你可以最大范围里下去任意发挥。不会出现舞台不够大，不会出现不够你耍的窘态。所以，你就知道了，你所有的未得，那都是你没做到而已。想得，做到了，做好了，自然就有了，这就是这个城市的实诚。我在这个城市好些年了，以至于我去了外地一些时日，只有说回到这里，我才好像真正是能缓过劲来，能踏实休息。所以，2021年和往年一样，得失依然都会有。但也是从今年十月份开始，那一天突然就真的要把每一天认认真真地过，不再给自己各种的许诺，但在心里会有每一日的内容。有了这个，才体会到每一日确实能踏踏实实，不慌不忙。知道外界关注太多了，就会有些焦虑，而其实外界的大部分都和自己无关。就像眼看直播的兴起，又见直播的动荡。眼见各种教培的竞争，又见教培的关门。眼见各种对生娃的鼓励，只见年轻人对婚姻对生娃的躲避。这个世界到底是变好了，还是变差了呢，反正你有你的认识，我有自己的坚持。但有一样不变，新年了，无论是自我暗示，还是你就是如此精神，就是要让自己能挺拔着，你不能让自己的状态往下垮，要向上去提，这其实就是你活着的一种气，一种气势。就像有人说，说话说多了，会耗气，但只有你知道，通过说脱口秀，通过各种对外的抒发，把各种混浊之气释放了，再实现气的运转回流，吐故纳新，这难道不是大家都想追求的一种状态吗？#2021年终总结##成长#,0,neutral/unclear
4720616530510365,2021-12-31 23:55:00,fertility,生娃,辽宁是真的养的肥肥的了，国家盯得很紧，我就不凑热闹了，还是继续做等谁坐牢谁在外面吧等辽宁事情稳定了我在整容生娃一点不想工作也不想接触没用男人，那点钱懒得赚，毕竟很多人没坐牢没死盯我盯的厉害希望新的一年小人通通都坐牢。,0,neutral/unclear
4720616190515097,2021-12-31 23:54:00,fertility,生娃,2021年就要结束了，这一年经历怀孕生娃养娃，在今年最后一天把生娃经历也写完了，写下这些的时候，我已经忘了当时到底有多疼了，十月怀胎，一朝分娩，剩下的就是一生的牵挂了。孕晚期的时候，已经36w+了，领导还是安排各种工作，包括但不仅限于外出开会，天气又热，简直是非常崩溃，还好肚子不是很大，行动也算便捷。38+5的那天是周五，我写完最后一份材料(是的，当天还在给我安排活），交接完工作，彻底请假回家待产。回家每天也没什么事，每天吃吃喝喝玩玩，装待产包，散步爬楼梯一下假装催产，39+4当天正常产检，我多稳如狗，一点宫缩都没有，医生说有情况随时来，没情况预产期当天来。39+5发现自己见红，并且偶尔肚子疼一次，因为知道规律宫缩才是临产征兆，所以很淡定，并没有去医院。39+6开始，出血有点多，而且肚子疼加剧，虽然还不规律，但明显疼的厉害了，于是吃完午饭直奔医院，做急诊b超，胎心监护，结果医生一检查，说，你这宫颈管还有2cm，但是也可以住院待产了，也可以回家观察，有情况再来，我们选择了回家。回家后和老公把待产包又整理了一遍，然后晚上出门吃了个催生火锅，吃的时候边吃边疼，结果回家全吐了，也是醉了，然后洗澡，晚上10点多开始，肚子疼的间隔越来越短，也逐渐规律，本来想去医院，后来觉得还能忍，也就没有去，一晚上迷迷糊糊也没睡好，天快亮时候疼的已经非常规律了，而且疼痛程度加剧，于是5点多赶紧起床，吃了早饭，6点多打车到医院，直奔急诊。结果还是昨天下午的那个医生，情况也比较了解，直接给我检查，然后说：你已经开一指了，你现在直接去3楼给那边医生说你的情况，准备进产房，让你老公去办住院手续。我两直接懵逼：这就要生了？然后我两分头行动，填了一堆单子，我各种被抽血，医生说：你这估计今天晚上就抱手里了。完了以后，我就进了产房，那会大概8点，刚上班，产房里也一片混乱，进去以后做了个核酸，就没人管我了，我坐那等了大概半个多小时，终于有人管我了，问我要刀纸，说给我看下开指情况，由于我只带了装检查单的包，待产包啥的还在家里，然后我说我没有带，并且拿出了仅有的半包抽纸问助产士可以不，她可能觉得我是个智障，说，让你家属去买啊。买好后，我去门口拿，要进来的时候，一个工作人员对我说：家属送东西的就不要进去了，然后我说：我是生娃的，在她诧异的眼神中我又进去了。然后一检查，还是一指，并且给我说，我咋感觉你不太疼呢？我说我疼啊，但是我觉得还能忍。。。她说：你这条件非常好，你娃又不大，好生的很，现在给你用点药吧。。。然后被领到里面一排的床上，说，躺下给你扎留置针挂缩宫素。缩宫素就是名不虚传，肚子果然越来越疼了，期间有人过来问要不要打无痛和陪产，当然要啊，立马签字并通知老公让他签字准备。然后继续躺着挂缩宫素，10点多了，又内检，说，你这下可以打无痛了，但是没有一体化产房了，你去大产房吧，要是没有别人生娃，你家属也可以进来陪产。然后去了大产房，大产房果然很大，我一个人孤零零躺里面又没人管我了，肚子还疼，过了一会麻醉医生来了，给我打了无痛，无痛打完果然不太疼了，只有宫缩的感觉。又躺了一会，老公进来了，给我带的面包和脉动，吃了点东西，睡了一会，期间大概能被内检一两次，到后面感觉每次宫缩都有下坠+疼痛，但是可以忍受。期间，还被人工破了一下水，就是感觉一股热流涌出的感觉。。。最后一次内检是下午1点多，助产士说，好了，你这开全了，可以准备生了。。。到后面我感觉还是有点疼+十分想大便的感觉，生的过程就是使劲拉屎的感觉。。。助产士让干啥就干啥，基本就是：来，用力，使劲，再使劲，好，宫缩间隙休息，放松的循环。。。感觉疼但是可以忍受。直到最后一次，助产士说来准备家属看时间，然后老公刚报了时间，我就感觉一个巨大的东西滑落出来了，瞬间就被甩在我的胸前，肚子一下子就不疼了，我第一句话：我去出来了。。。老公第一句话：我去，男娃。。。然后娃就被抱走了。又用了一次力，感觉一个滑溜溜热热的东西流出，就是胎盘。老公傻愣着，我说，我怎么听不见娃哭，这时传来了几声哇哇哇的哭声，我赶紧提醒老公去拍照，结果我多已经被包被包好了。。。由于有撕裂，被缝了几针，缝针还是挺疼的，可能为了缓解疼痛，助产士还边缝边和我聊天夸我生的快。然后老公出去把饭提进来，我喝了点小米稀饭，吃了点面包和馍。在产床上又躺了2小时，观察了一下，没什么异常，就被轮椅推出去回病房了。整个过程真的是还没有来得及恐惧害怕娃就出来了，感谢我多头小且瘦，在预产期当天准时出生，没有让我太辛苦。,0,neutral/unclear
4720615938069473,2021-12-31 23:53:00,fertility,生娃,2022年希望实现以下目标：1.顺利生娃，并努力恢复好身体。2.赚钱，并做到手里有一定的积蓄，随时可以买一套自己的房子。3.照顾好自己的心情，不为任何人任何事生气，不该操心的事要学会躲懒，不怨天尤人，也不自怨自艾。4.不去指望任何人。自立自强，不试图去改变任何人，努力改变自己。万事开头难，强迫自己去走出第一步。2022，峰峰加油！,0,neutral/unclear
4720615543808318,2021-12-31 23:51:00,fertility,生娃,嘻嘻电影🎬好好看今天去吃冒菜结果发现关门了老板回家生娃去了嘻嘻嘻吃不到了华莱士✌️,0,neutral/unclear
4720615439212235,2021-12-31 23:51:00,fertility,生娃,别人的2021结婚生娃买车买房装修入住升职加薪只有我像是白过了一年,0,neutral/unclear
4720615187284460,2021-12-31 23:50:00,fertility,生娃,"想总结一下今年，无奈词穷。怀孕生娃那一年和今年是我人生中最大的坎，但都顺利翻过来了，我庆幸！今年最喜欢的话：我们曾如此期盼外界的认可,到最后才知道,世界是自己的,与他人毫无关系。",0,neutral/unclear
4720614663259128,2021-12-31 23:48:00,fertility,生娃,回顾2021，一不留神干了好几件大事：生娃，卖房买房，参加市赛，调动工作。而这所有的事情，更像是为新生活拉开了序幕，接下来好好养育二娃，期待住进新房，工作也要更上一层楼哟！#给2022捎个话#2022，健康，平安，喜乐。所爱的人，温暖如常；所盼的事，归之于心。,1,neutral/unclear
4720613946821791,2021-12-31 23:45:00,fertility,生娃,博君一肖娃圈超话想问问友友们哪个厂接私生娃呀，价格不是问题，想了解一下，有没有推荐的,0,neutral/unclear
4720613853235790,2021-12-31 23:45:00,fertility,生娃,#Hegen珍爱每一刻#喂奶🍼喂奶🤱是生娃后最重要的事情之一^_^不管是母乳还是奶粉，每个宝宝都是天使，每个妈妈都是伟大的！月嫂走了以后，每天的时间不够用，每天睡觉都要平躺，每天累的来不及摘眼镜就睡着…还好身边爸爸给力，帮着哄宝宝喂奶，很喜欢图一，妈妈的劳累，爸爸的帮忙，宝宝的乖巧，以后遇到再大的事我们携手并肩！我们一起呵护宝宝，守护我们的家🏠@Hegen_Official宝宝的物品要选好，安全性和实用性等综合考虑，我选择了很有设计感的hegen，各种转换配件，奶瓶秒变储物瓶、水杯，宝宝很用很久,0,neutral/unclear
4720613778260266,2021-12-31 23:44:00,fertility,生娃,当今时代，物质生活已经不再是衡量感情的重要标准，大家开始越来越注重精神世界。如果精神得不到满足，再多的付出可能都无法打动对方的心。#这届年轻人为什么不愿意生娃#增加情绪价值远比物质上的付出更重要，保持自身的独立性，让对方觉得虽然你们拥有彼此，但又是独立的个体，你们可以很深入的交流彼此的心情而感受不到压力，这便情绪价值的意义。很多想要挽回前任的人找到我们的时候，都下定决心在短时间内挽回感情，但是这个过程其实需要很高的执行力才能达成。在挽回的同时，将自己的心态调整好也是一大难度，因为这决定着你们未来的感情生活不会再重蹈覆辙。所以时间的长短不能决定挽回的感情是否牢固，慢慢来将自己调整到一个最好的状态，努力将依附对方变成提升自己，挽回也只是感情经历中一个短暂过程的代名词。#如何挽回异地恋异国恋前男友前女友##有新欢该怎么办如何挽回##分手失恋如何怎么挽回爱情婚姻#,0,neutral/unclear
4720613694900645,2021-12-31 23:44:00,fertility,生娃,2021的总结，来得比过去两年都更敷衍很多因为今年锻炼没有，读书时长断崖式下跌。。。没锻炼是因为生娃，读书少是因为懒！（说得理直气壮是怎么肥事？）是的，通过以上阅读理解可以得到两个信息：1.今年喜获小牛犊一只2.鄙人又胖了因为信息1的缘故，得以申请回家乡工作，这点要感谢组织和领导们对我的关怀！希望来年，工作顺顺利利！家人朋友们身体健健康康！股票、基金往上涨，大家的荷包都鼓鼓囊囊！,0,neutral/unclear
4720613623858186,2021-12-31 23:44:00,fertility,生娃,2021总结：除了怀娃生娃好像啥也没干嗯……我喜欢我的2021愿来年更好,0,neutral/unclear
4720613559637981,2021-12-31 23:44:00,fertility,生娃,#再见2021你好2022#都说2021年的最后一天要摸鱼，这样才能年年有余，可是今天还是认认真真完成了所有工作没有提前下班，一开始还担心下了班去吃饭有点晚要等位了，还好运气不错去到店里正好还剩最后一桌空位，今天没有摸鱼但是吃了鱼（弟弟特意点的，明年也可以年年有余吧），不知道是饿了还是心情特别好，觉得香兰装修之后味道变好了～吃完饭点两杯瑞幸去看抗疫片，没想到弟弟是个小哭包，感动的一塌糊涂（真是个心软善良的好孩子）。遇见弟弟之后，我觉得我脾气好像变好了一点，每次我被工作气的跳脚的时候都会耐心的听我发牢骚然后安慰我，我控制不住冷暴力他的时候他会对我说我可以发脾气但是不能不理他（情绪稳定真的是很可贵的品质），工作学习生活上的事情都能商量着来，并且能互相理解，觉得自己还是幸运的！感恩之前所有的遇见才有了现在的我，特别感谢党和国家给我培养了一个好同志好男朋友！希望新的一年我爱的和爱我的人都要健康平安！立个小目标，2022年结婚生娃，五年抱三！,0,neutral/unclear
4720613451896986,2021-12-31 23:43:00,fertility,生娃,2021年好像只做了一件事1－10月怀娃的时候盼生娃10月终于生娃了11－12月养娃的日子才刚刚开始。。。,0,neutral/unclear
4720613102984025,2021-12-31 23:42:00,fertility,生娃,20202021抱着的心情都是快点过去吧，一切都恢复正常吧，结果发现时间倒是过得飞快，就是没有朝着期待的方向变好。2021的最后一天，秦皇岛下午在发现疑似密接封了几个小区后，晚上有惊无险的解封成功。不知道2022又该抱着什么样的心情生活。疫情，中美关系，双减，三孩儿政策…听起来都像是宏大的词，是国际，是国家，是社会，是教育，是经济。在我们为国家抗疫卓有成效而自豪时，在我们为未来教育公平而欢呼时…我们看到奉献，也看到牺牲，我们感动也众志成城。可不可否认是太多身在其中的人，会发现这一切落到每一个人身上，也都是切实的影响。有多少人逆行而去再无归期，有多少企业破产关停，又有多少员工失业负债，努力生活的小人物都在默默承受这一切。两年时间，身边的朋友有的结婚生娃，有的升职加薪，有的远走他乡，来来去去，只剩我自己还是一点没变。凡是过往，皆为序章。这一生说长不长，说短不短，2022好好开始，无论境遇如何，变与不变，好与坏，不问因由，踏实做事而后顺其自然，每个都有自己的命运，都有自己的路要走2022希望每一个人的生活都能慢慢好起来，希望我们的家，我们的国也能变得更好,0,neutral/unclear
4720612822747736,2021-12-31 23:41:00,fertility,生娃,原本四大三小的跨年夜小聚餐，生生又被搞成了九大五小……快乐的五家人！2021承包了我生娃前后所有的外出，活动，聚餐。给我单调的生活增加了好多乐趣～～最后一天又是老几位，圆满了。,0,neutral/unclear
4720612733619559,2021-12-31 23:40:00,fertility,生娃,2021年的我完成了好几项人生大事，从结婚怀孕生娃，但是不管经历那个时刻我都想时间快点过去，这一年是我心情最跌宕起伏的一年，有高兴有幸福有不开心有哭过有难过有失望等等。有时候会自我安慰，没事婚姻都是自己的选择，很快会过去的。很多事或者人都事与愿违，不要给予太多美好的希望就不会有失望。新的一年不指望其他，为自己活的开心点,0,neutral/unclear
4720612670442460,2021-12-31 23:40:00,fertility,生娃,2021好像什么都没做又好像什么都做了，从只有工作➡️专心待产➡️生娃带娃。从难过到期待到煎熬到喜悦，这一年放弃了工作全职投入带宝宝，也有过强忍睡意边做梦边喂奶、挑灯夜战的时候，也有过一边强逼自己睡觉一边倾轧睡意努力学习的时候，总之都过去了。现在，我更贴近了生活，更明白生活的意义，未来也会在跌倒中继续学着成长，不过有你、有宝宝、有身边我所珍惜的人就够了。2022期望我的明年又会是一个崭新的开始，为了爱❤️继续前行！不负韶华、努力奋进！LDorissssssssssssssssss的微博视频,0,neutral/unclear
4720612532553180,2021-12-31 23:39:00,fertility,生娃,2021年完成了生娃和换工作两项大事，虽然过程都没有那么顺利，但幸好结果都不错！愿所有烦恼都留在[2021]，迎接崭新的[2022]，希望小家伙健康快乐长大，家人都平安健康！立一个flag：我要在2022年留长头发！L梧桐树phoenix的微博视频,0,neutral/unclear
4720612453390033,2021-12-31 23:39:00,fertility,生娃,2021快要要结束了。翻翻相册，原来2021还挺丰富多彩的第一次带着女儿去旅行，自己也终于在生娃后有了第一次长途旅行樱桃妹由于不停地喝不停地吃，长成了一个两岁的娃娃，会走会跑会跳，话也越来越多。徐先森一如既往当着他的老管家，养着一大一小两个娃没办法，我也懒得长大了至于我，胖了又瘦，瘦了又胖，住院躺着的一刻终于和体重和解了希望来年平安顺遂，许愿的一刻，发现自己果然已是中年。渐渐地，我要学习和我的年龄和解，加油,0,neutral/unclear
4720611694478097,2021-12-31 23:36:00,fertility,生娃,概括一下2021，大体上就是上半年一直在🤰下半年一直在🤱，完成了生娃的任务没能儿女双全，有点小遗憾但不影响整体的幸福感，二宝的到来圆了我想养一个胖娃娃的梦，人类幼崽真的太治愈了，太爱他们了，希望小二宝多吃猛长，带他们去看山看海看日出日落朝暮又年年，岁末将至，新的一年平安顺遂🎋,0,neutral/unclear
4720611547159194,2021-12-31 23:36:00,fertility,生娃,老婆急着生娃，丈夫竟偷偷做结扎手术，不料妻子做法太解气#电影推荐##片荒救世主#L美女幽默排行榜的微博视频,0,neutral/unclear
4720611479789913,2021-12-31 23:35:00,fertility,生娃,前半年毕业，后半年生娃。2021年也算完成两件大事。2022年，继续加油。,1,neutral/unclear
4720611458553994,2021-12-31 23:35:00,fertility,生娃,今年的跨年悄无声息的就来到了，脑子里没有想过为跨年做些什么有仪式感的事情。回想2021，是大学四年时光的结尾；是新一轮备考的艰辛，是和旧友相聚的熟悉。一年时间，无数次在反省自己要多交些朋友，要变得会与人相处。感慨时间太快，我还没有准备好迎接新的年纪，25岁，想想已经是快要结婚生娃的年纪了。讲实话，不是很想面对。非常感谢父母对我做的每个决定的支持！希望一年的努力不会白费。2022年，我想：提高情商学好专业知识交到新朋友培养爱好,1,explicit positive/aspirational
4720611199028937,2021-12-31 23:34:00,fertility,生娃,我这十年，2011年毕业，考市事业编进入面试，面试失败；2012年考市事业编，省属事业编，省公务员都以第二名进入面试，面试皆失败，但进入县事业编；2013年，进入省属事业编面试范围，笔试第五，面试第二惜败；进入市事业编笔试第二，面试第二录取；2014年结婚；2015年单位调整去了一个偏远的地方上班；2016年生娃；2017年换房；2018年换车；2019年调整工作岗位；2020年是工作以来最忙碌和成长最快的一年，失而复得的中级职称终得以评审，孩子上了幼儿园，老公的事业迈出了坚实的第一步；2021年，还清了一套房子的贷款，老公的公司顺利成立且有不错的成绩...这十年发生了太多太多的事，欣慰的是每年最少有一件让自己觉得小有成就和开心的事！为毕业这十年做个总结，这些成为了我的阅历和人生。但这远远不够，也时常不想努力和懒散，我希望在2022年，自己能做出改变，更加自律自强！,0,neutral/unclear
4720611144765796,2021-12-31 23:34:00,fertility,生娃,是谁纯纯无痛生娃了isme,0,neutral/unclear
4720611139523847,2021-12-31 23:34:00,fertility,生娃,总结2021年：2021年也是人生有进度的一年1月份办婚礼👰‍♀️经历怀孕🤰12月生娃👶（一年的二人世界）这一年更多地陪伴家人被家人朋友关爱着少了些游玩娱乐聚会还好有保持看一些美好的电影🎬2022年将迎来大半年的悠长假期希望能有突破,1,explicit positive/aspirational
4720617528232825,2021-12-31 23:59:00,fertility,生孩子,2021这一年经历了很多事情，生了孩子👶，当了妈妈👩，失去了最敬爱的姥姥👵。人生又一大转折点，要步入下一个阶段了。不管发生什么还是要往前看，她总会长大，早晚会不用哄睡、会戒奶，所以珍惜现在你所拥有的吧，现在的一切就是最好的安排，还有疫情不要再来了，2022年会越来越好,1,neutral/unclear
4720617213921316,2021-12-31 23:58:00,fertility,生孩子,2021年12月31日2021年的最后一天，下班后早早回了家，小崽子在院子里等我，听到姨婆婆说倩倩回来了，高兴的原地打圈圈（就是字面意思），太可爱了。这一个月来每问他想倩倩吗，他都会拍拍心口，说倩倩❤️，太可爱了吧，这一年来最大的收获就是当妈妈。感谢儿子能够让我一年365天，保守点来说360天都是买买买的节奏，过足了购物瘾。在以前我可是很不喜欢小孩子，也没想过会生孩子，所以一直拖拖拉拉到现在。但现在有了他觉得每天都是幸福的，愿意做任何事来让他健康快乐成长。终于明白了当妈的意义，铲屎官、出纳员、上发条的机器人、不眠人、月光族以及随时都会发朋友圈晒娃的多事精。以上👆,0,neutral/unclear
4720617154942117,2021-12-31 23:58:00,fertility,生孩子,朋友圈断断续续有人发新年快乐。回顾这一年，自己多了一个新角色。我当妈妈了。生孩子那刻，虽然很辛苦，但却是我一辈子都想留住的回忆。当妈妈其实是很辛苦的，但是为了孩子，就算不知道孩子成长的路上会遇到什么样的困难跟挑战，但是为了孩子，也会不辞辛苦不怕困难得继续闯下去。这就是妈妈这个称谓的意义。2022年，招馨洋要快高长大，健健康康，平平安安。,0,neutral/unclear
4720617116931575,2021-12-31 23:58:00,fertility,生孩子,#2021年最后一条微博#今天闺女班级办了元旦联欢会，带了好吃的，表演了节目，晚上回到家说今天真是太开心了，又吃又喝又唱又跳跨年活动没有，像往常一样吃好饭写作业。这一年收获一套房，一个娃。问：买房难？还是生孩子难？答：生孩子难，受尽折磨。人生中最难的事情已经完成，还有什么事做不到呢！2022年关键词：搞事业！！！,0,neutral/unclear
4720616991889436,2021-12-31 23:57:00,fertility,生孩子,此刻我的崽在我身边呼呼大睡打开手机大家都在告别2021想了想那就做个年末总结吧毕竟是我人生中值得纪念的一年感觉我的2021好像只有怀孕生孩子这一件事能回想起来的就是没完没了的排队去产检越来越大的肚子越来越不舒服的身体剖腹产忘不了的疼痛最重要的是见到了我的宝贝儿子当然这一年也有不在计划的变动也有解决不了的困难但是我想我的2021是幸福的吧一直不厌其烦照顾我的妈妈全身心爱我陪伴我的老公即使怀孕也觉得我最重要的婆婆我想我已经比别人拥有很多了希望2022年一切如愿爱的人一直在我的宝贝能健康平安成长再见啦我永远忘不了的2021,0,neutral/unclear
4720616596832495,2021-12-31 23:56:00,fertility,生孩子,#玩转微博节日道具##2022来啦#别人在跨年我在受折磨，生孩子的意义在哪里。女人永远都是被牵绊，L安好-足矣的微博视频,0,neutral/unclear
4720616492500585,2021-12-31 23:55:00,fertility,生孩子,四岁小侄子，暑假里跟着奶奶一起在舅公家和外祖爷爷生活过一小段时间。10月底，外祖爷爷去世了，他开始时不时向大人打听“死亡”。比如今天：“姑姑，以后你们都死了，只有我一个人该怎么办啊”“到那时候你就长很大了，长很高了，你有了自己的家，还会有自己的孩子，就有他们会陪你”“可是，我是男孩子，不能生孩子”“等你长大了，会认识一个很好的女孩子，然后你们一起生小宝宝，他们都是你的家人”“那我要是不想你们死呢”“人的生命都是有限的，每个人最后都会死，但也不断的有人生下来，生和死都是生命的过程”“那什么叫肥婆”（话题转得太快，都有点猝不及防，估计过几天，又要问，人为什么要生下来，最后又死）,0,neutral/unclear
4720615909494859,2021-12-31 23:53:00,fertility,生孩子,2021，对我来说绝对是人生最大的考验，我面临了前所未有的困难，还好再难也熬过来了，我的孩子一切在往好的方向发展。我们群里的妈妈总在自嘲我们生孩子那叫渡劫，是来修炼我的。2022，期待一个更好的崽！一起加油吧儿杂！,0,neutral/unclear
4720615850771487,2021-12-31 23:53:00,fertility,生孩子,终于赶在2022年到来之前二刷完了《白鹿原》，之前的一些零零碎碎的记忆终于也重新串联起来了，庆幸自己读完这部长篇小说后三观还在，里面有些人物为人处事真是没三观，而且最让我看不透的是白嘉轩，可能我大部分人不一样，实在看不出白有多正直，很多事他做的就是很差劲，也很虚伪，当然了他为民为家做的好事自然不能因此抹杀（最后这一小节口口声声说自己只做一件见不得人的事，那么孝义媳妇生孩子的事呢，难道就不是他安排的吗？）我真的不想写读后感想了里面人品和做事方面挑不出什么大毛病的也就是朱先生、冷先生、鹿三了吧…,0,neutral/unclear
4720615388876037,2021-12-31 23:51:00,fertility,生孩子,为什么不可以搞怪为什么不可以酷酷的为什么不可以纹身为什么不可以说脏话为什么不可以不生孩子为什么不可以不结婚为什么不可以剪男头为什么不可以漏出性感的一面为什么总是要把女性想的那么糟把女性拘束起来只能做这些不能做那些为什么不听话就不是好女孩我的身体是自己的我的风格是我自己的我的人生是我自己的别想拘束我别想框住我我就是我我爱我TOGIRL,0,neutral/unclear
4720615045202411,2021-12-31 23:49:00,fertility,生孩子,2021年终于快要过去了这一年没有什么特别开心的事情，不如意的事情倒是挺多有时候想，是不是不结婚不生孩子一个人生活是不是就不会有这么多烦心事了男人压力大了可以喝酒大醉一场，而女人呢，每天要匆忙赶回来带娃，连放纵的机会都没有生活太难了，只希望2022能比2021好,0,neutral/unclear
4720614834700975,2021-12-31 23:49:00,fertility,生孩子,我不是想说一些女人太蠢，但轻飘飘的一句“我不想生孩子，反正我家有我弟传宗接代”，知道这句话实际上意味着自己的失权吗？连自己都不愿意生孩子，却自信并不优秀的弟弟一定能找到女人结婚生子，再说，她弟弟即使有了孩子，还真不一定是传他家的宗呢,0,neutral/unclear
4720614717790575,2021-12-31 23:48:00,fertility,生孩子,给我妈买零食年货，我妈有点却不住情，一直说不习惯花人家的钱，让我别再给她花钱了。我说你说谁是人家啊？你是我妈，我是你女儿，我给你花钱不是天经地义吗？我的钱不就是你的钱吗？我看我妈眼睛有点红，装作很自然的地抹了抹眼眶，但其实我只花了几百块钱而已。当了妈妈之后人真的会变傻，上周给她买了20朵玫瑰，她说她喊了我姨们一起来看，开心的给我分享玫瑰开的有多好。我反正不会生孩子，我这病弱的身体基因本来就应该被自然淘汰，我这自私的性格也注定当不了母亲。,0,neutral/unclear
4720614633381424,2021-12-31 23:48:00,fertility,生孩子,2021年度总结2021年最后一条微博当然要留给年终总结啊，这是我第三年在微博上写年终总结了，起初是想写给他看的，后来是写给自己的。白天写了工作的年终总结，还有半个小时就跨年了赶紧把个人年终总结补上，如下：1.工作其实2021工作挺顺利的，没有发生过大的疏漏，一切都是按部就班的进行着，还是一个人独享办公室，感受着独自一人掌控全场的快感，只是有时候也是真的很累，好在都挺过来了，这一年接了一个新任务，就是当讲解员，每当有客户来就带着他们参观生产线，同时给他们做谅解，对我来说是一个挑战，2022在讲解上还有进步空间，在内勤工作上已经到瓶颈了，很难突破，要开始寻找其他突破口去提升自己了，心里已经有了计划2.身体2021年好像有三分之二的时间都在吃药，其实我知道治得了病治不了命，解决不了根本问题，随缘吧3.情感这一年其实发生了很多，也走过错路，纠结，迷茫，但好在这几年的淡漠让我终能回到正轨上，继续做个高冷女子，情感要比健康更加随缘。4.印象深刻的事老罗生孩子了，彪哥创业了，小月有点惨，失去了baby，最后一天南南登记了，希望她能幸福，二姑腿不能走路了，脑子里长了瘤，按摩椅0元购，最最深刻的事儿还是老爸退休了，大概就是这些了。糟心的事还是没解决，我也已经不期待了，有些事就是这样，由不得自己，今年其实真的很平淡，但是人到了一定年纪就越发开始喜欢这种平淡，没有什么比平淡让人觉得真实，2022年最大的希望是父母身体健康，别无他求。,0,neutral/unclear
4720614596675271,2021-12-31 23:48:00,fertility,生孩子,2021年最后一天，刚从朋友家聚餐回来，好累好累……还有大壮今天出生了，小家伙生日真不错，忒好记了，女人生孩子多遭罪，幸好你生个男娃娃啊,0,neutral/unclear
4720614533764264,2021-12-31 23:47:00,fertility,生孩子,2021年即将进入尾声；回望过去的一年，看似平淡，但又不平淡，我最好的朋友在这一年里完成了她人生中最重要的几件事:结婚、生孩子，真的很为她感到开心；这一年里我也成长了很多，很感谢我们的馆主把瑜伽馆交给我打理，在过程中学会了怎么去待人待物，虽然瑜伽馆在我管理的过程也没有很大的起色，但我让它变得更温暖，与会员之间的距离更近了；这一年也会去突破自己，做自己不想做的事情，很多事情只要去做了，并没有想象中难；人生中的第一次主持，虽然很烂，但是能够走出这一步已经非常的好；今年的最后一个月去长沙看我最爱的人，每次最开心的时光就是和他们在一起，他们的笑能够治愈我的一切；这一年发现自己的拍照技术也不差，也学会了化妆，虽然是很基础的；这一年中也有不好的地方，发现自己越来越懒，不太爱学习，每天只想堕落，但唯一不会改变的就是坚持练习；新的一年希望能多看书，多学习，多接受新鲜事物，去实现心中的梦想；新的一年希望我爱的人，爱我的人健康幸福平安！再见2021，你好2022。用最好的状态去迎接崭新的一年。,0,neutral/unclear
4720614491030702,2021-12-31 23:47:00,fertility,生孩子,2⃣️0⃣️2⃣️1⃣️…7个月在老家5个月在上海～这一年我和肚子里的攀攀在上海跨年之后就回了老家愉快待产，爸爸也一直在我们身边...3月6号中午12点⏰我！生孩子啦！！6斤9两的小攀攀剖腹产出生，健健康康可可爱爱❤️产假到8月5号～这期间我们一起手忙脚乱，一起熟悉彼此，一起经历所有人生第一次1⃣️我也尽力记录📝每一个属于你的珍贵瞬间👶出月子开始发湿疹第一次在社区医院外打预防针💉第一次发烧去急诊🏥第一次翻身第一次跟我们互动第一次去上海…结束了假期我们经历了分离，开始了背奶生活..疫情高峰期我们下高速被劝返下着雨我在高速口哭到呼吸困难…直到现在我还是没有习惯分别每次离开依旧会在车上默默掉眼泪很久…还有6天小攀攀就10个月啦！我们的新家在井然有序的装修相信攀攀可以很快的跟我们一起生活～2022希望攀攀继续健健康康快快乐乐！希望我们可以一起一直一直在一起❤️,0,neutral/unclear
4720613845109715,2021-12-31 23:45:00,fertility,生孩子,今年也是够神奇，年初意气风发又怀孕又挣了好多钱。结果从三月份开始就不对劲，工作上变来变去很不顺利，赚的钱也赔光了，但是生孩子还挺顺利，娃也长得挺好，算是所有事项里最大的幸运吧。毕竟钱可以再挣，工作可以再找，但是一个这么好（看）的娃，二胎也不一定生得出来。哦，今年又没有年终奖,0,neutral/unclear
4720613425941900,2021-12-31 23:43:00,fertility,生孩子,19年，儿童节和家属一起看了莫文蔚，生日那天和闺蜜一起看了雨神，12月和小聪明一起看了陈老师和青峰。第一次看五月天是11年11月，第一次看周董是大三。21年的最后一天，感谢五月天的线上演唱会。怀孕生孩子带孩子都不影响听演唱会看剧出门旅行，但疫情会影响我们。真的希望疫情能快快过去。这一年，21届高三到22届高三。要到了车牌。叮当顺利入学。脾气不大好，耐心不够用，感谢学生们的体谅，家人的宽容。大概也改不了，感恩陪伴包容信任。,1,neutral/unclear
4720613355425469,2021-12-31 23:43:00,fertility,生孩子,孟孟爸妈真的好好哦，他们好喜欢好喜欢小孩，每一个细节都看得出来。但是他给我俩灌输的观点永远是：尊重我们的选择，只要我们幸福一辈子不要孩子也可以，不要让我们因为他们喜欢孩子的压力被迫生孩子。他们对我们没有要求，只是希望我们幸福而已。,0,neutral/unclear
4720613354900325,2021-12-31 23:43:00,fertility,生孩子,来许愿🙏🏻……没啥愿望。非要有一个，那就家人身体健康。有特指。……完。我是怎么活得如此死气沉沉啊，像个将死之人。好吧。那我希望明年变得有活力。还是需要一些小的，可以做到的，但又需要长期努力的目标来驱动自己吧。嗯。需要的。还有吗？我想想……真没什么期待对钱对吃穿住没有想法。有一个很喜欢的男友？概率堪比我考上研。啊我想不到有什么事能令我开心了天呐小q，你怎么活成这个样子了。我知道，因为我的时间停止了。停在了家里，停在了考研阶段。而随着明天的到来，它也将像清晨的雾气一般慢慢消散了。暮云叆叇雾霭有时晴。看着挺文艺哈。反正就这个意思。老娘现在啥也没有。看见别人啥都羡慕。（但不羡慕别人生孩子）。,0,neutral/unclear
4720613191584508,2021-12-31 23:42:00,fertility,生孩子,现在是年龄越大越不想结婚了，其实是因为我比较懒，我不想一日三餐做饭，也不愿意天天蹲在生间里洗一大堆衣服，刷着全家人用的马桶，更不想扫地拖地。也不想费劲巴拉的去经营一段关系，不想管钱，不想去抓小山，更不想处理那些所谓的婆媳矛盾，吵架就更不愿意了，又懒得为了车呀，房啊彩礼什么的跟男方家庭去掰扯，也不想逢年过节去拜访长辈，更不想生孩子也没有那个精力去管孩子…不想跟男人好，更不愿意接受冷暴力，一个人多简单自在，想吃什么了就做点什么，不想做了就点个外卖。不用窝在厨房里面闻着油烟味闻着，也不想去满足任何一个人的口味，我自己一个人饿了就吃，困了就睡醒了就洗，高兴了就去跑个步健个身，不高兴了就窝在家里打打游戏刷刷剧不找男人也不用化妆了，100多块钱的洗漱用品能用一整年，攒点钱在买套一室一厅的房子，把它装修成自己喜欢的风格，自己一个人住。给自己买个养老保险再存点钱，人本来就是孤独的个体……2022努力努力努力努力,0,mixed/ambiguous
4720612234761660,2021-12-31 23:38:00,fertility,生孩子,终于把孩子哄睡了，他因为不想睡觉，睡前疯狂大哭大闹。今天是2021年的最后一天，这样的夜晚我好像这一年每天都在经历。这周把他“寄存”在爷爷奶奶和姥姥姥爷家住了几天，因为我实在是想休息休息。虽然他不在身边的每一天都很想他，但是和李狗又可以下了班出去吃喝玩乐，晚上看剧看到十二点半，一觉睡到八点钟，真的好开心，开心到想劝每一对夫妇：不要生孩子。但是见不到孩子的时候，又无时无刻的不在挂念他，担心他有没有想妈妈，睡的好不好，玩的好不好，湿疹怎么样了，在家会不会太热，好久没出去玩会不会无聊。今天调休了一天，一大早就开车回来，一开门他超级开心的跑过来大喊“妈妈回来啦！”，那一瞬间，还是深刻的觉得，生活中有他的时候更幸福。所以总结起来我的这一年，就是又累又幸福。从来没这么累过，也从来没这么幸福过。如果老天允许我许一个新年愿望，那我希望我的孩子可以一直健康平安，幸福快乐。如果可以多许一个，那我希望我和李狗也能一直健康平安地陪着他长大。如果老天说随便许，那就祝大家都可以健康平安。新年快乐,0,neutral/unclear
4720612171843687,2021-12-31 23:38:00,fertility,生孩子,每年的今天都要许下一个来年少加班的愿望，今年也一样，眼巴前儿的出差任务就已经排到月中了，还是要祈祷少加班这是不好也不坏的一年，希望来年更努力也更有好运气，然后是个好年份叭！（毕竟大家都想回家生孩子了）,0,neutral/unclear
4720611663809718,2021-12-31 23:36:00,fertility,生孩子,今年下半年是我这些年来过得相对轻松的半年了，换了个城市生活。和之前的同学朋友联系少了。新认识的朋友都很可爱，就这样就好了，不要过分亲密也不要过分疏离。妈妈今晚和我视频，和我说老家村里的教师工资有一万多一个月。我说那又怎样呢，我在大城市捡垃圾都不会回小地方，她说我捡垃圾能赚多少钱，能存多少钱。无所谓啊，我不会回去的，我也没觉得那是我的家，我一直觉得自己没有家的，只要是我喜欢的地方，能让我活下去，让我稍微能喘一口气的地方，我都喜欢。就算现在在大城市存不到什么钱也没关系啊，我相信我以后会赚到钱的。而且我也没打算生孩子，我这样的人回去那里会被唾沫淹死。真想告诉他们不要再给我任何人生建议了，我不会听的，谁讲都没有用。要是我有机会能到国外去，我也会去的。我对所谓的家乡完全没有归属感，我不在那里长大，我没有得到过庇护。之前去算命的姐姐说的很对，要远离原生家庭家庭才会幸福，离原生家庭近会给我很大的压力。我这样的人不适合在那样的地方，我讨厌和人接触，讨厌复杂的人际关系。我一定会很努力，我会选一个喜欢的城市安家，这个城市我很喜欢，在这里买房好难，但是我努力吧，周边城市也比老家好多了。,0,neutral/unclear
4720611618198030,2021-12-31 23:36:00,fertility,生孩子,这辈子大概率不会生孩子所有不好的事情就从我这里终止吧是对是错也不想深究了完全没有信心给别人足够的爱不想再也另一个生命体验我所体验过得经历如果那样的话会觉得自己有罪太怕了,0,neutral/unclear
4720611517273231,2021-12-31 23:35:00,fertility,生孩子,一直觉得爸爸好，生孩子以后理解你的反倒是妈妈，突然想到一件多年前的事，有点难受，,0,neutral/unclear
4720611290777580,2021-12-31 23:34:00,fertility,生孩子,身边的任对我都很好，我突然感觉受宠若惊-要生孩子的前一天,1,neutral/unclear
4720611290514641,2021-12-31 23:34:00,fertility,生孩子,-昆凌讲述：岁遇见周杰伦，岁结婚，岁生孩子！拍戏途中怀孕周杰伦昆凌#娱乐综艺##明星日常#L雀花影视-A的微博视频,0,neutral/unclear
4720617520109713,2021-12-31 23:59:00,fertility,生育,今年读的最后一本书是十六位作家分享自己选择不生育的原因和故事，明年想读十六位作家分享自己选择生育的原因和故事。算了算，今年还是没有达到自己定的阅读50本书的目标，还有一大大大大步的距离。今天整理办公桌的时候发现年初订的两本杂志没看过的也还是一大摞。但一直在想，没关系的，还有新的一年呀。好像从容了不少，挺好挺好。新的一年，好好阅读。冲！,0,neutral/unclear
4720617507790051,2021-12-31 23:59:00,fertility,生育,#如何告别2021#2021啥也没干，生了个女儿‼️满意🥰30岁目标已完成✔️接下来，未来三年目标等我♥️,0,neutral/unclear
4720617213400856,2021-12-31 23:58:00,fertility,生育,2021顺且不顺的一年抓紧机会出京一次扬州，一次北戴河，一次回老家看了好饿的毛毛虫去了天坛，北海，古北水镇，环球影城车泡个水花三万，生育津贴天降三万还在考试，考了不计其数但终于等来的FK选拔围都没入总之玩是玩了不少，个人成长不见长2022图图你成熟一点好嘛！,0,neutral/unclear
4720617167260907,2021-12-31 23:58:00,fertility,生育,近日任泽平老师在某音直播被封，其主要观点如下：1、从央行最近表态的措辞看，很可能要降息了。2、房地产行业的形势比较严峻。房地产影响银行的坏账风险敞口超过10万亿。明年最大的不确定性可能来自房产地。希望房地产税不要在明年上半年之前推出（感觉是觉得房产税会对原本虚弱的房市造成较大的心理冲击）。3、人口生育形势非常严峻。人口出生率如果持续下降，长远可能会出现零利率。4、明年黄金的机会不大，但长期看，有配置的价值。5、新能源是未来5-10年的机会，可能会有反复，但会不断创出新高。6、明年2、3季度猪周期可能翻转,0,neutral/unclear
4720617113260101,2021-12-31 23:58:00,fertility,生育,2022我来啦希望我们平安健康@ZHC-张翰驰#新的一年你有什么美好愿望#那就把计划生育提上日程吧,0,neutral/unclear
4720616807075525,2021-12-31 23:56:00,fertility,生育,男女都要【上海14000】连住23天，有烟检有胸片有B超【药物】SHR6390片【作用】乳腺癌【补贴】女14000男13500元（项目结束后两周内补贴转至本人银行卡）男女各合格10人1.知情体检时间：12月29日下午签署知情同意书、筛选体检，30日上午空腹采血。下午胸片检查，31日安排B超检查，合格后并接到通知后需自行前往医院进行核酸检测，入住后凭发票、纸质版报告报销。2.入住时间+随访时间(如适用)：01月03日入住，26日出院；1月31日电话随访。（项目结束）【入选要求】1.签署知情同意书当日年龄18至45岁（包括两端值）健康男性和女性受试者；2.受试者在签署知情同意书至末次用药后7个月内无生育计划且自愿采取有效避孕措施，有生育能力的女性研究用药前血清HCG检查必须为阴性；3.男性体重不少于50kg，女性体重不少于45kg，且体重指数（BMI）在19kg/m2~26kg/m2范围内（包括临界值）；4.健康状况：无心、肝、肾、消化道、神经系统、精神异常及代谢异常等病史；5.生命体征、体格检查、常规实验室检查（血常规、血生化、尿常规、凝血功能）、12导联心电图、胸部正位X片和腹部B超等检查正常或异常且无临床意义者。6.每日吸烟≤5支，或在试验期间能禁烟和禁酒者。7.要求未接种新冠疫苗者或者已接种完全部疫苗14天以上者。超话社区-看帖,0,neutral/unclear
4720616579801675,2021-12-31 23:56:00,fertility,生育,2021年的最后一刻，在断舍离中度过，很久不穿的衣服，攒了一段时间的空瓶，舍掉了也就轻松了。今年不是值得回忆的一年，我希望他快点过去，频繁的进出医院，第一次经历亲人的离开，也许这才是开始，也是成长的开始。结婚跟生育都没有让我有长大成人的感觉，但亲人的离开让人觉得你不再是小时候了。希望它快快快走，希望明年会好，如果有愿望，明年后年岁岁年年，家人健康平安。真希望我们能一直在一起。,0,neutral/unclear
4720616471004496,2021-12-31 23:55:00,fertility,生育,儿媳不能＂生育＂，现场遭强势婆婆百般羞辱，谁想朋友登场爆出猛料!爱情情感婚姻庭#娱乐综艺##明星日常#L爱你影视的微博视频,0,neutral/unclear
4720616450298523,2021-12-31 23:55:00,fertility,生育,都鼓励三孩了，那些因为生育二孩被开除辞退公职的人员，是否应该给予一个合理的说法了呢？作为生育制约措施之一的社会抚养费，也明确了已作出征收决定而未征收部分不予继续征收！那么同样作为生育制约措施之一的被开除公职人的余下人生，是否还要被永远开除吗？？？,0,neutral/unclear
4720616295112447,2021-12-31 23:54:00,fertility,生育,如东教育局惩善扬恶，充当保护伞！江苏省南通市如东县丰利镇环农村曹德琪，1976年4月份被迫失去教师工作，艰难维权四十多年，何时昭雪？曹德琪2015年给国家领导写信，教育局工作人员，张老师，摄影师上门送教育局的答复的意见告知书。意见告知书写到“我局即对您的信访事项着手调查，一是与丰利镇政府联系了解情况，二是调阅相关档案资料了解情况，三是入户走访，了解您的相关情况。”好一个“一个调查，三个了解情况”。曹德琪不知道教育局作为育人主管部门是如何调查，更是如何了解情况的。如东县教育局作为主管部门避开毛某进不谈，大谈特谈计划生育政策。如东县教育局在知道真相的情况下，不是及时纠正以前的观点，及时减少曹德琪的损失，而是欺压他，逼迫签字，不让他再信访，这是为什么？保护毛某进的利益！曹德琪1976年4月份已经被迫失去教师工作，但是学校的工资表一直有他的名字。据老教师说，毛拿了曹德琪的工资将近六七年。毛某进是一个什么样的人，他曾经将学生打成重伤，教育局领导很清楚。2021年8月底在如东丰利中学档案室找到了工资表。,0,neutral/unclear
4720615636077446,2021-12-31 23:52:00,fertility,生育,我的家乡在回龙湾，那是一个美丽的地方，夏日的生育过后，碧绿的树叶上每一滴水珠都住着一个天堂。,0,neutral/unclear
4720615455460177,2021-12-31 23:51:00,fertility,生育,祝自己生日快乐祝大家新年快乐十多年前是妈妈的受难日越来越珍惜爸妈赋予我的生命同时也会更加积极地探索世界认识自己给大家都许了愿哦,0,neutral/unclear
4720614893688337,2021-12-31 23:49:00,fertility,生育,我感觉自己是不幸的女人有时幸运的女人，虽然经历过不幸的婚姻，但是去年结婚后仙子啊丈夫对自己很好，今年也准备生育宝宝，之后感情会一直好下去吗？坤造：癸亥、己未、丁卯、辛亥；大运：庚申、辛酉、壬戌、癸亥、甲子、乙丑、丙寅，丁火生在未月不得助力，命局里亥亥卯未合而不化对日主丁火生助力量较弱，癸水、己土、辛金克泄耗丁火力量，综合分析日主丁火偏旺，用神水金，忌神木火，土有喜有忧。在命理学中正官代表的女人的丈夫也就是老公，此造里亥癸水为官星也为老公，丁火与癸水官星相冲，让日主好合婚姻的能力就会差些，再加上天干己土克癸水官星，就会让前夫在家里呆着不舒服，就会对日主照顾不好，吵闹较多，婚姻出现了离婚的事件。但日主命局里身旺以官星为用神，再加上婚姻宫坐卯木与亥水相合，婚姻生活稳定，比一婚更有归属感。今年，辛金生助亥亥亥癸水官星优化了婚姻关系，让日主感情发展稳定，此年日主婚姻好合恩爱一些。婚姻也会越来越恩爱一些。也有利于生育子女和子女健康成长。在走甲子运，乙丑运，丙寅运，这三步大运在命局里各五行力量比较平衡和谐促进保持了日主婚姻好合关系。婚姻继续保持和睦，与老公感情越来越深加深，吵闹较少，婚姻日子越过越幸福。我们会不会分道扬镳？如果关系不能继续维持，以后会有怎样的经历？解析：坤造，丙寅、戊戌、乙未、庚辰。乙木日元，正财格身弱，喜木、水，忌火、土、金。上一步走的是乙未运，此运日柱伏吟，形成两乙争合一庚。表示在此运中有争夫的现象，因此你的婚姻不稳，个人愁绪较多。现在走的是甲午运，此运伤官更旺，情绪更会低落，影响了感情正常发展。上一年庚子，两庚合乙，明显有两男争一女之象。子冲午，破运支与婚宫的午未合，这一年感情上可能大变化。今年，婚宫合冲并见，又加之三刑四冲。今年感情很不稳定，如果不能很好进行心态调整，难保婚姻不发生变化。之后2025年和2026年以及2027年，这三年为伤官旺地。表示这三年会对夫妻关系造成很多困扰，感情磕磕碰碰的，难有和美婚姻生活。44岁进入新的癸巳运，如果之前你的夫妻缘分走到尽头，那么2031年辛亥年与年柱天合地合，将会合掉原局不利婚姻的伤官，辛金偏官代表新缘分，说明会有新的开始。当然了，如果之前关系保持不变，此年会进入新的状态，生活中纷争会明显减少。随后2032年，壬水冲克丙火伤官，压制了对立情绪，促进了关系健康稳定发展。子水是你的桃花，故这一年感情好合，如果之前婚姻发生变化，那么这一年将会再婚。癸巳运的后五年木、火当旺，这五年夫妻感情面临考验，会被生活琐事干扰。所以，在这个阶段，一定要维护好夫妻关系，增进互动，加强包容心。54岁开始的壬辰运，夫妻关系如胶似漆，而且财运会特别好，生活层次高。不过辰辰相刑，此运要关注你老公身体健康，特别是运中2046年丙寅和2047年丁卯，这两年有大坎。#年底flag冲刺季##出道吧新星##好运2022##星盘##情感测算##四柱八字命理##生辰八字合不合##生辰八字命理姻缘##八字命理八字合婚星座命理##八字合婚看婚姻##算命八字占卜合婚#,-1,explicit negative/rejecting
4720614860653127,2021-12-31 23:49:00,fertility,生育,#快手调整员工福利#对互联网公司来说，普通员工一日三餐需要在公司解决的人数应该不少，每个月工作超过22天的应该也不少，如果每天保守估计按照60元餐费计算，最低档位的生育礼金可能连一个月的餐费都不够。所以，公司认为福利调整是为了平衡家庭与工作，应该是间接性的激励员工少加班，尽量回家做饭吃饭吧,0,neutral/unclear
4720614810325150,2021-12-31 23:48:00,fertility,生育,《在人间凑数的日子》（三）再说下这个木箱子更是神奇，平时里面装着我们一家人的衣服，快过年的时候我们北方人会蒸几大锅馒头，由于当时的面粉都是自家磨出来然后直接蒸馒头，所以蒸出来的馒头会比较黑，所以当馒头晾凉之后，就会放进这个这个木箱里，当然衣服要提前全部拿出来。爸爸就会在院子里捡来一个破瓷杯里面放点黄黄的东西然后用火柴点着后，等冒出浓烈的白烟后放进木箱子并把盖盖紧，一天后再次打开木箱子就会发现原本黑不溜秋的馒头变得洁白无瑕。后来学了化学才知道那个黄黄的东西是硫磺，硫磺有毒并有漂白作用。爸爸小时候肯定没有学过化学，要不然他也不会做这种傻事。但是当我知道这些的时候过年时我们家已经不蒸馒头了，直接去买那些白白的馒头，不知道是不是被硫磺熏过的。木箱子旁边靠近堂屋门口的墙上爸爸钉了一颗钉，我们三姐妹的书包就挂在上面，书包都是妈妈用他那陪嫁的并被计划生育组搬走过的缝纫机做的，书包款式很简单一个兜两根带子，妈妈为了显示对小女儿的偏爱，在我的书包上做了一圈花边。堂屋的西边是西屋，西屋和堂屋之间原本是没有什么隔层的，爸爸卖菜赚了几块钱就了一块布隔了起来我们方言叫布挡。从堂屋拐进西屋首先是一个大木柜子，大概有1.5*1.5*1的大小，里面会放些玉米小麦等粮食，当然里面还是老鼠的天堂，我们经常会听到里面有咯吱咯吱的声音，还会从里面扒出来一窝一窝还没有长毛的红彤彤的小老鼠。大木柜往里是麦穴子（粮仓），铁皮做的圆柱形的有两米多高，小麦都放进去，等需要磨面粉的时候，就把麦穴子下端专门留出来的小口打开小麦就会欢快的流出来。小时小麦产量不高每次收麦子还要交公粮，我们三姐妹又在长身体阶段吃的比较多，爸爸总是担心麦子不够吃而发愁，福无双至祸不单行，有一年麦穴子里生出来很多麦欧子（一种虫子），爸妈忙个不停的把麦穴子里的麦子一盆一盆的晾在院子里，不一会儿院子里就爬满了麦欧只剩下麦子的空壳，我只记得那一年的馒头更黑了。有了经验教训，第二年爸爸突发奇想的在西屋挖了一个大洞，然后把小麦装进大塑料袋里扎紧扣放进大洞里埋上，他得意的对妈妈说：“我敢保证今年的麦子绝对不会生麦欧子了。”是的，那一年的麦子没有生麦欧子，等到挖出来的时候全部发霉变黑比麦欧子都无情，好得麦欧子给我们留了个勉强还可以吃的空壳。我记得那一年我们连黑馒头都没有了。论有一个不靠谱的爸爸是多么的不幸。麦穴子再进去最里面就是我大姐二姐的床了，其实这个床并不是四条腿的真床，他是几个长条的木桩垒起来的，这些木桩本事要给奶奶做棺材的。在我大姐还没有出生的时候奶奶的了一场大病躺在床上已经奄奄一息了，所以爸爸和二大爷（爸爸二哥）就赶紧把院子里的桐树砍掉加工成方形的木桩准备做棺材，可还没等木桩晾干，奶奶就痊愈了。后来家里添了三个女儿床不够用，爸爸又不舍得买新床就把给奶奶做棺材的木桩给垒一垒当做大姐二姐的床，奶奶还会时长来视察一下她的棺材板有没有被孙女睡塌。奶奶痊愈之后说：“我还不该死啊，我家老头和大儿子的寿命都均给我了，我得好好活着，活到100岁。”奶奶是在2008年去世的享年86岁，如果奶奶还活着的话今年正好100岁，我多么希望她还活着这样就不会因为没有来得及好好的孝敬她而内疚至今。我爷爷去世的时候50岁，我大大爷（爸爸的大哥）去世的时候才28岁，然后大大娘改嫁留下了我大堂哥跟着我奶奶相依为命。后来大堂等了关节炎去跟了他亲妈再后来大堂哥股骨头坏死全身关节变形至残疾。我一个人是不敢睡的西屋的，总感觉阴深深的，有时睡着的时候还会从房顶掉下土块来砸在脸上，有时床上还会有虫子爬来爬去。这三间瓦房的地面是原生态的土地，经常行走的地方就会形成很多小鼓包，到现在我都想不明白什么原理。每到快过年的时候爸爸就会拿出平时挖地的铁锹把这些小鼓包全部铲平，但是过不了多久小鼓包就又长出来了。未完待续。。。。。。,0,neutral/unclear
4720614201362873,2021-12-31 23:46:00,fertility,生育,眨眼间2021年就要过去啦，这一年发生了太多事情，也是我和崽崽一起过的第一个跨年。老母亲希望你以后能做个自由自在的小小人儿，不被性别歧视、职场潜规则、婚姻生育等等所束缚伤害，能够找到一个视你如珍宝，对你忠诚坦白、矢志不渝的伴侣（找不到也没关系），你要最最最最爱自己❤️。也许未来还会有坎坷挫折，我们一起面对。是你让我变得更加坚强，我是如此期待2022年和你的见面。我的宝贝，happynewyear！🐯,0,neutral/unclear
4720613992170165,2021-12-31 23:45:00,fertility,生育,有天他跟我说他要结婚了。新娘是我曾经的闺蜜，不能生育。“五千万，一个孩子，生下来我就放你走。”他用这句话，狠狠撕开了我支离破碎的心。→开始阅读,1,explicit positive/aspirational
4720613677079757,2021-12-31 23:44:00,fertility,生育,普通的脂肪隆胸和精微均质脂肪隆胸有什么区别？/r/n从手术操作流程和技术工艺来说都会有差别，越精细的工艺，提取的脂肪细胞越纯粹，术后的效果也会越好。/r/n/r/n任何手术都有其手术风险，就看如何选择适合自己的低风险手术方式。自体脂肪隆胸抽取自身脂肪进行填充，填充材料无排异性、对身体无毒无害。对乳腺也不会造成伤害，对今后的生育、哺乳不会产生不良影响。脂肪隆胸微创的手术方式有别传统外科开放式隆胸，所以手术风险相对较低。但如果移植方法不当或移植后脂肪成活量不足，移植后可能会产生感染、结节形成甚至气胸等并发症，这都跟医生的经验技术有关。,0,neutral/unclear
4720613296446596,2021-12-31 23:42:00,fertility,生育,小戴问我插几根蜡烛我：全插吧都是钱呢！（抠抠搜搜过新年）切蛋糕小戴把美字喂给我吃掉了我：那你把这个好吃了我们2022年要美好！小戴：嗯嗯儿女双全争取一步到位让你少受一次苦我猛点头说的好像我们有生双胞胎的基因似的总之2021年最后的仪式感是小戴给的2022年迈向人生新篇章啦！,1,neutral/unclear
4720612561918286,2021-12-31 23:40:00,fertility,生育,2021年，上半年工作，下半年休假。这一年最幸福的事情当然是小彩虹加入了我们的大家庭啦！我们的儿子越来越优秀！我获得了规培证书～赶上好的生育政策，多休一个月～家庭和睦～身体健康～总之，就是幸运➕幸福吧！以回归工作，迎接2022！,1,neutral/unclear
4720612520231161,2021-12-31 23:39:00,fertility,生育,开心求子,1,neutral/unclear
4720612091894841,2021-12-31 23:38:00,fertility,生育,我的年度十本书：1、《恶棍列传》2021年1月1日看的，那是我第一次去一茶，一口气看完——哦也不是，中间暂停了一些时间去做书摘，有一种「遇到很好的句子的时候，不划出来就读不下去的强迫症」，书店的书不让划，只能抄下来了。2、《克拉拉与太阳》我的感觉是，这与石黑一雄之前的风格好不同，完全没有任何叙事诡计、自欺欺人、自我合理化的事后掩盖，而就是更加纯粹的讲述一个故事，一场不可能的“友谊”。其中，对太阳的图案（阴影）与滋养、太阳的能量所带来的奇迹，给我带来很大的启示。太阳本身不就是奇迹吗？3、《山月记》喜欢作者讲故事的结构。对经典故事的新编，这种感觉很类似袁哲生，不过山月记的道义更为普世。4、《纽约三部曲》很长一段时间里，我都被保罗·奥斯特的情节困住了，更确切地说，我是被许多奥斯特式的故事困住了。就好像我预言了我的失败。5、《鳗鱼的旅行》这完全是一本意料之外的书，鳗鱼——将成为我最爱的动物！一种「生命的意义似乎在于等待、蛰伏，在漫长世纪里始终在科学的手段之外，以个体的节奏洄游生育死亡」的奇特生物，它的生命逃脱一切真理的投射，逃脱科学的追踪手段，更为神奇的是，似乎任何鳗鱼研究专家都终将臣服于这个生物的启示，而成为一个浪漫主义者，或神秘主义者。它们对人类的好奇保持永恒的缄默，它们活成了秘密本身。（在滨口龙介的《驾驶我的车》中，我看到了女人的秘密与异质性，而更为神奇的是，其中她的一句台词就是：她前世是一条高贵的七腮鳗）6、《派对恐惧症》今年看了两位女性小说家的短篇，萨曼塔·施维柏林和卡门·玛丽亚·马查多。两位作家都敏感又锐利，但有时我忍不住去想，有没有一种对于幽暗、污秽、私密的女性经验以及荒谬的处境的更为自得其乐的表达的可能性？所以，我并不真正认为萨曼塔是什么「科塔萨尔的继承者」，难道就只因为都来自布宜诺斯艾利斯吗？相比之下，马查多才更像科塔萨尔！那种致命的幽默与松弛的即兴，才是穿越荒诞手册。7、《山茶文具店》沉浸在日常生活的表面，春夏秋冬各有智慧。真想读更多类似的作品。8、《诗人十四个》打开新世界。如果遥远的诗词能与内在经验结合的话，那些颇有距离的语法韵律也终于向我敞开了。9、《懒人瑜伽》迁徙，随性，以及精神的废墟。标题与书的内容基本无关，但每当想要早起练瑜伽但起不来的时候，就深深共鸣了。10、《六个道德故事》就这个吧，最后一本不知道挑什么了，今年看的书不多。侯麦对我有奇特的吸引力，有时是不断游移的自我的不确定性，有时是对道德的超越性力量的守候，有时是对信仰的真诚与纯粹，有时是镜头所构筑的日常生活间隙的神秘启示（我最常回想起《绿光》与《双姝奇缘》，在一些不经意的时刻）……我依旧对学术书籍不做评价，就好像阅读哲学是我的秘密，暴露它无异于死亡。,0,neutral/unclear
4720611483982267,2021-12-31 23:35:00,fertility,生育|生育率,看到一个同龄人妹子今天领证了狠狠祝福！2021最后一次感慨还是要贡献给这对怎么人家相亲可以相到这种又高又帅又有钱又年轻的男的绝了全世界相亲质量都是这样子的话还用担心结婚率和生育率吗???,1,explicit positive/aspirational
4720611211352599,2021-12-31 23:34:00,fertility,生育,新的一年准备一张老公登记表2025年可以开始填姓名：性别：男出生年月：籍贯：爱好：特长：理想伴侣的样子：参加工作情况：毕业院校：是否为独生子：生育计划：联系电话：父母联系电话：是否给过：尺寸：（前任低于三个总时长低于三年的优先厨房特长生优先）好！做梦表已生成！未来可欺！,0,neutral/unclear
4720610720096212,2021-12-31 23:32:00,fertility,生育,2021年生了孩子，交了房，算是又完成了两件大事希望来年家人身体健康，等等茁壮生长。,1,neutral/unclear
4720608817186688,2021-12-31 23:25:00,fertility,生育,2021从新婚小姐姐变成新手麻麻，去了很多地方。从天寒地冻的长沙到了高山佛光的九华山，再到推门见山低头观水的桂林；年中见证了过总短暂的爱情哈哈哈，去了长沙亏得哗啦啦；为了履行我电灯泡的职责追随小赵老王去了三亚，结果李老师和你们一起快乐游泳，而我站在酒店的廊桥发呆😳，看见了久违的大海和宏伟精致南海观音；年末去了昆明小村、丽江香格里拉，瞻仰了藏传佛教的松赞林寺，最后给自己来了一刀，生了宝莱小崽崽。这一年是原地踏步的一年，我对于事业或者单位是完全没有进步的，三月底公考放弃，各种报名放弃，明年的文职应该也不会去了，啊好荒废却快乐，总是怀念在交通厅在高速，从来不想在这里更上一层楼，太懒惰，时间追着我们赶，为了小宝莱，还是要努力，希望我的宝莱健健康康，感谢感恩2021加油2022。,1,neutral/unclear
4720608695552898,2021-12-31 23:24:00,fertility,生育,有些惊讶吧还是，怎么我这样害怕生育之苦的人，有一天也会想象你我若有一个女儿还是什么样子，我倒希望她很像你，又希望她不像你，能娇纵一些，女孩子嘛，我爸说总是要有些娇气在身上才懂得爱自己。现在我觉得，男孩子也要有的。你要好好的啊@TFBOYS-王俊凯,1,neutral/unclear
4720607520362203,2021-12-31 23:20:00,fertility,生育,这句话并没有什么问题，因为想结婚的男人一般都想要孩子。东亚文化中生育和婚姻是严格绑定的，男人想要孩子必须结婚。你当然可以找不想生孩子的男人，但是....如果男人不要孩子，婚姻对于男人就不再是刚需。所以，会出现：想结婚的男人基本都会要孩子，不要孩子的男人也不愿意结婚。如果真想找男丁克，就别去相亲了，去相亲的男人都是想结婚要孩子，不想要孩子的男人也不着急相亲结婚。如果到了谈婚论嫁甚至已经结婚，才提出自己是丁克是非常不道德的。因为男性默认女人同意生孩子才会付出，彩礼，房子，各种节日礼物，海岛蜜月以及各种方式哄女孩开心，这些都是男人默认你生孩子才会付出的。如果女人相亲时说自己不想生孩子，估计男的直接就走人了。能有“生孩子警告”这种现象，就是因为男性普遍会为生育付出。丁克，生一个，生两个或者生三四五六七个，要在两人开始接触时就非常明确，千万不要互相耽误。想生娃和想生娃的结婚，丁克和丁克结婚，就没有那么多男女矛盾了。,1,explicit positive/aspirational
4720606312669126,2021-12-31 23:15:00,fertility,生育|生育率,人口学有个概念叫“人口内爆”，说的是一个国家的生育率如果低于1.3，那么每过45年，这个国家的人口就会减半。根据7普数据，我们的总和生育率只有1.3，也就是说，如果生育率提不起来，45年后我们中国的人口就会降到7亿左右。七亿左右是什么概念呢？现在的成型公共基建和房地产配置对标十四亿人口，就算现在停止开发新的楼盘，到四十五年后，也会出现严重的房地产存量过剩。更可怕的是现在已经出现了鹤岗这样的财政减负、“冻岗”暂时不再招录新的基层公务人员的城市。鹤岗整个城市产业空心化，城市主体经济依托养老金内循环，随着老龄化少子化加深，这样的城市多了，市场消费能力低迷，经济衰退，那未来势必会严重影响到我国的经济前景。所以千言万语，总归一句，提升生育率非常重要，关乎着国家和你我的未来。当然国家鼓励生育，但并没有强制生育，一些因各种因素，暂时无法要孩子的年轻朋友也不必担心被“催婚催生”，只是未来的基础福利政策可能会偏向多生多育的家庭，单身人士住宅面积超60平米的，可能会被征收房产税。这个是要有心里准备的。,-1,neutral/unclear
4720606232183541,2021-12-31 23:14:00,fertility,生育,2021年拥有了一个小可爱，算是最大成就吧，生孩子给我最大的勇气，变得坚强，勇敢！,1,neutral/unclear
4720596527615080,2021-12-31 22:36:00,fertility,生育率,21年最直观的感受是政策开始关注普通百姓，暂且不提是不是因为生育率而慌了，可结果确实是为百姓所担忧的几个大问题，住房、教育和医疗进行解决。之前也想到几个总结21年的话题，像是躺平，疫情，建党百年，爱(?)什么的，斟酌了一下，干脆写点职业相关，医疗吧，也算是总结一下工作。明面上来说，增大了医保的覆盖面便是能看到的最直观的福利，也无须展开。除此之外貌似就没有其他改变，是放弃其他方面的努力了吗?当然不是，现实的情况是，大部分进口的医疗器械的技术仍领先于国内的产品；没有私教不过是减少内卷的时间，可如果医疗数据上出了问题便是关乎性命的事，因此这绝不是可以一刀切就可以解决的。跟医疗相关的技术和仪器实在太多了，即使国家大力扶持专攻的芯片方面也暂未能有太大突破，国内医疗技术的提升更是需要时间。而现在医院的做法所传递出的政策是:尽量压低仪器所需使用耗材的成交价、提倡使用国产产品。确实也是当前比较适合的做法。在疫情下，除去某些财大气粗的大厂能在国内设工厂(罗氏是真的牛逼)，其他进口产品由于人工和运输的原因都相继出现了不同程度的缺货，即使会无可奈何地出现质量上的问题，可实际上也在推动着国产产品面向更多的市场。有时仔细想想，毕竟主营的是进口产品，在争取公司利益的时候，反过来说也是在拿国家医疗财政的钱，也挺反动的22年2月份之后就是各种游戏，好像也说不上什么新年愿望了，完全就是等着玩，虽然总结上面说的挺为国家自豪，可最后还是想说:强国无我，新世界没有搭载我的船,-1,neutral/unclear
4720565266422098,2021-12-31 20:32:00,fertility,生育率,#北京朝阳二小老师发动全班霸凌学生#真的是无语加心痛，中国为什么生育率也是和这个相关的，生出来天使一样的孩子让这些“园丁”去祸祸吗？这两个老师霸凌那个可爱的女孩不止，还把那么多小朋友培养成党卫军一样的人物，6-7岁的样子就张着臭嘴破骂欺负弱者，抹黑其他老师的形象，现在好了也尝尝网暴主义的霸凌吧,-1,neutral/unclear
4720538914916783,2021-12-31 18:47:00,fertility,生育率,#第一批00后开始被催婚了#看来生育率太低连00后都要摧残了就算是00年的，他们也还没毕业呢TAT,-1,neutral/unclear
4720536008264567,2021-12-31 18:35:00,fertility,生育率,作为月老，我一直是倡导早相亲早结婚早生娃，为提高国家生育率做贡献。在我们“成都相亲群”里，就有好多00后在相亲，最小的03年的。#第一批00后开始被催婚了#L极目新闻的微博视频,1,neutral/unclear
4720518681067725,2021-12-31 17:26:00,fertility,生育率,2021年12月26日云南普洱市直遴选公务员面试题（无领导小组讨论）背景材料：……中国出生人口已经连续4年下跌，2016~2020年间，中国出生人口分别为1786万人，1723万人，1523万人，1465万人，和1200万人。根据“七普”结果，近10年间，中国老年人口规模庞大，老龄化进程明显加快，而同时，当前国内生育率水平已处于较低水平。从老龄人口总量上来看，中国60岁及以上人口有2.6亿人，其中，65岁及以上人口1.9亿人。其中，在全国31个省份中，有16个省份的65岁及以上人口超过了500万人，其中，有6个省份的老年人口是超过了1000万人。与上个十年相比，60岁及以上人口比重和65岁及以上人口比重，分别提高了2.51和2.72个百分点。……问题1.一个学者提出要提高生育率，你怎么看？问题2.有ABCD四个国家，针对提高生育率提出相应的政策，选择适合本省三个经验，再提出一个创新经验。（没有总结陈述要求，只说小组意见达成一致）,-1,neutral/unclear
4720518480005127,2021-12-31 17:26:00,fertility,生育率,2021年12月26日云南普洱市直遴选公务员面试题（无领导小组讨论）背景材料：……中国出生人口已经连续4年下跌，2016~2020年间，中国出生人口分别为1786万人，1723万人，1523万人，1465万人，和1200万人。根据“七普”结果，近10年间，中国老年人口规模庞大，老龄化进程明显加快，而同时，当前国内生育率水平已处于较低水平。从老龄人口总量上来看，中国60岁及以上人口有2.6亿人，其中，65岁及以上人口1.9亿人。其中，在全国31个省份中，有16个省份的65岁及以上人口超过了500万人，其中，有6个省份的老年人口是超过了1000万人。与上个十年相比，60岁及以上人口比重和65岁及以上人口比重，分别提高了2.51和2.72个百分点。……问题1.一个学者提出要提高生育率，你怎么看？问题2.有ABCD四个国家，针对提高生育率提出相应的政策，选择适合本省三个经验，再提出一个创新经验。（没有总结陈述要求，只说小组意见达成一致）,-1,neutral/unclear
4720500816741534,2021-12-31 16:16:00,fertility,生育率,#重磅##房地产#谁犯错谁负责，中央不会为地方隐性债务兜底最新报道：财政部副部长称中央财政绝不给地方隐性债务兜底。对于永远大集团的破产，官方的态度已经非常明确。那就是：防止楼盘烂尾，保证住户顺利收房，但是绝对不救房产开发公司。永远大危矣。房产税的吹风其实已经多次，就大国的决策机制的运转体系而言，这基本就等同于官宣，只不过税则细节的出台肯定会导致社会重大利益的重新分配，因此政策的制定必须是慎重的。未来，政府从增量（卖地）转向存量（地产税）来获取财政收入的政策路径已经非常清晰。可以肯定的是：一旦房产持有成本的大幅增加成为现实，那么房价出现相当程度的波动就会变得无可避免。以北京的房子为例，假设仅仅只征收百分之1.5的地税（纽约的税率是百分之2-3），那么，很多房子所能够收取的租金就连房东的持有成本都覆盖不了，更别说持有多套住房的成本会更加昂贵。很多事情细思极恐。只不过绝大多数人都只会单纯从自我的微观利益出发而对某些负面因素选择视而不见。这就是人性的弱点。人性的弱点就是人类遭遇灾难的根本原因。——高房价类似卖身契。如果房价不是很高，人们生活幸福指数将会大幅提高，包括生育率。详细请看视频⬇️LA股幽灵的微博视频,-1,neutral/unclear
4720498451154913,2021-12-31 16:06:00,fertility,生育率,论时下国际外交政策。西方打压中国已经形成共识，我们应对方法如下：大量购置美帝粮食，供应非洲，加剧其人口澎涨速度。大量非洲人偷渡欧洲，如此消耗欧洲财富，瓦解其社会稳定性。对付美帝，我们需做好第一守内，善待国民，激发民族自信心，提高生育率。第二坚决不能培养中国产业链代替者，对一切动摇中国产业链位置的企图都要打击。如此随便美帝如何征税，只能增加其进口成本。帮助第三世界工业化，产业链加速去中国化是亡国之举。不需10年欧洲大乱，美帝也无制华能力了。,0,neutral/unclear
4720494425147820,2021-12-31 15:50:00,fertility,生育率,日本和韩国韩国已经公布了今年前三季度的出生人口，基本上可以估计全年的出生人口了。日本前三季度出生人口下降4%，去年只下降了3%，预计今年全年出生82万人，粗出生率为0.65%，妇女总和生育率为1.32。和今年中国相比，预计中国今年出生980万，比去年下降18.5%，比前年下降33%，粗出生率为0.70%，比日本略高，但妇女总和生育率比日本还低，只有1.05，因为育龄妇女占比超过日本。韩国前三季度出生人数下降3%，去年也下降了10%，预计今年全年出生26.4万，粗出生率0.51%，妇女总和生育率只有0.82。2019年东三省的粗出生率只有0.61%，略高于当年韩国的0.59%。至今尚未见到今年东三省的任何出生人口数据，但我预测这两年东三省的出生人数降幅低于全国平均，因为在2019年出生率已经远远低于全国平均水平了。预计东三省今年的出生人数比2019年下降25%，粗出生率为0.46%，已经明显低于韩国。因为没有最新的东三省七普人口年龄结构数据，无法计算准确的妇女总和生育率，但我估计应该接近韩国0.82的水平。#房价##买房##房产#,0,neutral/unclear
4720482907324903,2021-12-31 15:04:00,fertility,生育率,#生育率#为什么生育率会下降站在90后女性的角度跟大家聊一聊这个事情。就不说政策房产等等这些老生常谈了单从女性的角度去谈论这个。1.首先观念问题。以前女性的观念就是结婚相夫教子。从我母亲那辈经常听到的话就是哦“什么年龄做什么事儿”“不都是这么过来的”他们认为社会主流这样那你也要这样。2.生活理念的转变。不光是对于女孩子男孩子也一样年轻人生活压力大，而自己想做的事情又比较多。有时间想要自己享受生活不想把自己的所有时间花在孩子身上。3.另一半责任感的缺失。我们会发现很少能听见年轻人说是我很喜欢孩子主动生尤其是男生大多数都是我父母说该结婚该生一个孩子，那如果真的生了又不能分担责任照顾好。现在的年轻情感更加敏感，他们不是不够坚强而是不想牺牲自己去坚强而且在自己没有好的条件的时候也不想生个孩子自己遭罪孩子遭罪。你想20多岁毕业工作打拼5-7年就要结婚生孩子了,1,explicit positive/aspirational
4720481570392561,2021-12-31 14:59:00,fertility,生育率,#胡说面试#2021年12月26日云南普洱市直遴选公务员面试题（无领导小组讨论）背景材料：……中国出生人口已经连续4年下跌，2016~2020年间，中国出生人口分别为1786万人，1723万人，1523万人，1465万人，和1200万人。根据“七普”结果，近10年间，中国老年人口规模庞大，老龄化进程明显加快，而同时，当前国内生育率水平已处于较低水平。从老龄人口总量上来看，中国60岁及以上人口有2.6亿人，其中，65岁及以上人口1.9亿人。其中，在全国31个省份中，有16个省份的65岁及以上人口超过了500万人，其中，有6个省份的老年人口是超过了1000万人。与上个十年相比，60岁及以上人口比重和65岁及以上人口比重，分别提高了2.51和2.72个百分点。……问题1.一个学者提出要提高生育率，你怎么看？问题2.有ABCD四个国家，针对提高生育率提出相应的政策，选择适合本省三个经验，再提出一个创新经验。（没有总结陈述要求，只要求小组意见达成一致）。,0,neutral/unclear
4720481296713571,2021-12-31 14:58:00,fertility,生育率,2021年一个字“难”。“内卷”、“躺平”、“老龄化”、“低生育率”、“三胎”、“双减”成了这一年的社会热词，经济发展速度减缓，产业结构转型，国际贸易摩擦，全球疫情大流行，都从不同角度反映了，普通百姓在当下社会生活愈发艰难。在这个大环境下，孩儿娘取得了不错的成绩，成为了持证人，当上了调研员，可是压力还是那么大；哥哥心态依旧渣得很，其他方面还不错；弟弟其他方面依旧渣得很，心态还不错；自己过上了双城通勤生活，过得还不错，但是内心很想“躺平”，不过依旧得撑住，为了家里的吞金兽们而努力搬砖2022，家人身体健康，继续加油！,0,neutral/unclear
4720475186399651,2021-12-31 14:34:00,fertility,生育率,2021年，对发展三个满意，还有三个不满1.胡锡进总结得很好，打90分，但是官僚主义怕担责任拉低了效率，下半年趋势转弱需要提振。2.个人比较满意的是，社会群体意识大幅进步，在多个领域拨乱反正，精神文明发展不错。中外对比，无可置疑的表现说明中国体制和国民的优秀，内部教育成效极大，公知也纷纷觉醒，知道被外国宣传骗了。社会文明飞速前进，打架斗殴的都少了，街道干净，人群有秩序。几个超级震撼的大瓜，让公平正义的精神发扬光大。社会审美意识也觉醒了，告别了无知无觉被西方带节奏的状态。关于新疆的西方品牌斗争，有力反击了西媒的无耻操作。3.另外比较满意的是，群众狂热情绪下降，正确认识以芯片为核心的科技差距问题，几轮争论下来，情况慢慢清楚。中美较量，优势和弱点逐渐清晰，稳住阵脚，不急躁不慌张有耐心。社会上打台湾的情绪也逐渐冷静，不着急。4.还比较满意的是在生育率、女拳等问题上，政府的认识和社会意识都觉醒了，认识到了问题的严重性。女拳的发展势头下去了，群众敢于出来狠狠打击无理取闹的媚外女拳分子。5.不太满意的是，内卷和躺平叙事席卷而来，男女对立严重，青年人对自身未来预期不佳。大学生过剩扎堆考研，社会情绪迷茫，预期转弱。社会消费增长不如预期，投资动力不足。南北差距显性化，人口问题突出，一些地区整体躺平，失去上升动力。6.也不满意的就是胡锡进说的，防疫过度，到处推卸则任限制社会活动，不想办法优化，只想甩锅。7.政府调控方面节奏有点乱。上半年形势不错，印度和越南相继疫情大爆炸时，进出口形势就一片大好。下半年应该是没想到，问题堆一起了。加上几波局部德尔塔疫情，病毒传播率凶猛，疫苗防护力不如预期，冲击还是大，北方受影响较大。社会预期管理没做好，没有达到二季度后个人认为全年能轻松实现的9%经济增速（虽然目标是6%，预计最终8.5%），出了一些乱象。,0,neutral/unclear
4720474979829464,2021-12-31 14:33:00,fertility,生育率,有报道，今年各地的确挺冷的，是不是寒冬不知道，不过东北很多地方都零下四十度了，主要是室内的暖气也不热，才十来度，有媒体直指当地有些供暖部门不作为，甚至丧尽天良这种词都用出来了！特别寒冷，很多人，特别是老人，孩子待在室内温度过低的话，问题挺严重！不过换个角度看问题，天寒地冻的，估计北方地区的二胎生育率会上升了！,0,neutral/unclear
4720474909574068,2021-12-31 14:33:00,fertility,生育率,看那年今日，这是十年前我转过的一条微博。那年这样可以堂堂正正的登上最佳荧屏情侣，有颁奖，大家也喜欢，演员也配合宣传，大大方方的在屏幕前互动，只为能给大家带来快乐。喜欢他们的人也乐得见到这一幕，从演员到主办方到观众多赢。那时候也没见哪些未成年人被影响，结婚率生育率也没说因为这下滑。十年后的今年，耽*美禁了耽*改殉了，以保护未成年人的理由不断压榨成年人的娱乐空间。演员还是那些演员，他们可以堂堂正正的在剧里拥有各种各样的爱，却不敢在宣传期结束提及对方。而各种颁奖典礼也是有我没你，有你没他了，请了一个就必然在这个场合见不到另一个。喜欢他们的人被自动分成了几个阵营，成为对家。才十年而已，是什么变了呢？,0,neutral/unclear
4720467015633863,2021-12-31 14:01:00,fertility,生育率,就跟生育率一样，华语乐坛悄无声息的确实死了，不必反驳，看事实。,0,neutral/unclear
4720466495014046,2021-12-31 13:59:00,fertility,生育率,#未来哪些城市会成人口磁石#先想想怎么把结婚率和生育率提高上来吧,-1,neutral/unclear
4720465262152814,2021-12-31 13:54:00,fertility,生育率,#2021复盘#去年也是大概这个时候开始考虑理财的问题，然后赶上了一波股市行情，当然也成功坐了一回过山车，到头来这一年也就是5%左右复盘过去，学到了很多金融的知识，也花钱买了很多教训，但生育率低下，居民杠杆率高启，房住不炒的大趋势下，由证券市场提供资金，发展高科技制造业的政策是比较确定的。时代的尘土过于沉重，跟着大方向走，希望不要被砸到,0,neutral/unclear
4720462955283998,2021-12-31 13:45:00,fertility,生育率,📡郑重声明：本人从未在平台上搜索、浏览、发布、点赞、评论过任何相关内容。相关下所有回答、讨论本人一概不理解、不参与、不传播，自愿与相关微博下所有相关内容答主划清界限并屏蔽此问题。我喜欢关注的话题有：美国疫情、印度疫情、日本老龄化、韩国生育率、越南制造业工人等。谢谢[我爱中国],0,neutral/unclear
4720454180542649,2021-12-31 13:10:00,fertility,生育率,#博主卧底调查广州非法代孕乱象#这事情没有什么商量余地，有人说可以适度放开，什么程度叫适度？有需求就要放开？那黄赌毒第一个不服，是不是都要放开？警惕有人打着提高生育率的旗号搞代孕合法化。代孕？说的不好听就是让有钱但没有生育能力的继续生，现在生育率低的本质是什么？高房价，高教育费等等，如果能解决的好这些大家自然就生了。还需要什么代孕？,-1,neutral/unclear
4720431892793097,2021-12-31 11:42:00,fertility,生育率,一、人口增长下滑是发展中国家向发达国家迈步的必经阶段，但中国作为发展中国家，生育率水平的下滑却显得有些“着急”，主要原因有：1.育儿成本高，教育竞争大。2.一线城市聚集了大部分年轻人，但是房价坚挺，房价收入比为35，意味着平均工作35年省吃俭用才能购置一套房子，购房压力较大。3.托儿所的入托率较低，0~3岁婴儿入托率仅有4%4.其他原因二、2020年中国生育率仅1.3，且2021年有继续下滑的预期，虽国家推出了三胎政策，但是目前的生育鼓励在严峻的人口问题前显得杯水车薪，人口老龄化问题亟需解决。文章将生育率水平按生育鼓励政策支出占GDP比重分为三层，低（无进一步生育政策）、中（1~3%的GDP支出），高（5%的GDP支出），预测生育率水平分别将会达到1.0、1.2、1.6的水平。但生育率的更替水平是2.1，因此鼓励生育，推出更多激励性政策显得尤为重要。三、看了一下文章里一个人口增长的视频，不得不感叹阿三人口增长太猛了，跟打了激素一样。。O中国人口预测报告2021版,-1,neutral/unclear
4720422001574940,2021-12-31 11:02:00,fertility,生育率,#重磅##房地产#谁犯错谁负责，中央不会为地方隐性债务兜底最新报道：财政部副部长称中央财政绝不给地方隐性债务兜底。对于永远大集团的破产，官方的态度已经非常明确。那就是：防止楼盘烂尾，保证住户顺利收房，但是绝对不救房产开发公司。永远大危矣。房产税的吹风其实已经多次，就大国的决策机制的运转体系而言，这基本就等同于官宣，只不过税则细节的出台肯定会导致社会重大利益的重新分配，因此政策的制定必须是慎重的。未来，政府从增量（卖地）转向存量（地产税）来获取财政收入的政策路径已经非常清晰。可以肯定的是：一旦房产持有成本的大幅增加成为现实，那么房价出现相当程度的波动就会变得无可避免。以北京的房子为例，假设仅仅只征收百分之1.5的地税（纽约的税率是百分之2-3），那么，很多房子所能够收取的租金就连房东的持有成本都覆盖不了，更别说持有多套住房的成本会更加昂贵。很多事情细思极恐。只不过绝大多数人都只会单纯从自我的微观利益出发而对某些负面因素选择视而不见。这就是人性的弱点。人性的弱点就是人类遭遇灾难的根本原因。——高房价类似卖身契。如果房价不是很高，人们生活幸福指数将会大幅提高，包括生育率。详细请看视频⬇️LA股幽灵的微博视频,-1,neutral/unclear
4720416457232003,2021-12-31 10:40:00,fertility,生育率,#张庭公司百元化妆品成本仅4元#如果不违法，低成本高售价的模式也没啥好说的，一个愿打一个愿挨。但是这一模式会导致财富向少数人集中，与共同富裕的政策相悖，所以肯定也会被政策关注，尤其是在低生育率的今天，需要尽可能降低人民生活成本，课外教辅行业都被献祭了，各高盈利率的企业都掂量掂量吧,-1,neutral/unclear
4720408039260524,2021-12-31 10:07:00,fertility,生育率,2021年12月26日云南普洱市直遴选公务员面试题（无领导小组讨论）背景材料：……中国出生人口已经连续4年下跌，2016~2020年间，中国出生人口分别为1786万人，1723万人，1523万人，1465万人，和1200万人。根据“七普”结果，近10年间，中国老年人口规模庞大，老龄化进程明显加快，而同时，当前国内生育率水平已处于较低水平。从老龄人口总量上来看，中国60岁及以上人口有2.6亿人，其中，65岁及以上人口1.9亿人。其中，在全国31个省份中，有16个省份的65岁及以上人口超过了500万人，其中，有6个省份的老年人口是超过了1000万人。与上个十年相比，60岁及以上人口比重和65岁及以上人口比重，分别提高了2.51和2.72个百分点。……问题1.一个学者提出要提高生育率，你怎么看？问题2.有ABCD四个国家，针对提高生育率提出相应的政策，选择适合本省三个经验，再提出一个创新经验。（没有总结陈述要求，只说小组意见达成一致）。#面试真题##面试真题解析##遴选面试#,-1,neutral/unclear
4720406705215013,2021-12-31 10:02:00,fertility,生育率,为啥南方比北方爱生娃？第一、北方太冷，不方便办事造娃；第二、北方经济发展不行，人们对未来的预期不好，怕生娃后找不到工作；第三人口外流比例与生育率成分比，外流的都是生育年龄人口，留下的不是老就是小，生育率自然降低。粉丝时间未过百日不能在您微博留言，只好发条微博给您瞧瞧。韩教授，这三条如何？@韩复龄,-1,neutral/unclear
4720366527709720,2021-12-31 07:22:00,fertility,生育率,【每日一见】从2017年至今，中国的每年出生人口已经连续四年下降。2020年的出生人口比上一代人少了一半，但这还远远不是底，中国的出生率和生育率在未来十年将继续下降。比较六普与七普的育龄妇女人数，可以看出，从2010年至2020年，中国的育龄妇女人数减少了5749万人，这十年间，育龄女性人数平均每年减少575万人，其中20-29岁生育旺盛期妇女人数减少了3463万人，平均每年减少346万人。如果生育率没有显著提升，我们预测中国的每年新出生人口将很快降到1000万以下。中国的低生育率问题和未来的人口预测已经引起了广泛关注。,-1,neutral/unclear
4720352749683237,2021-12-31 06:27:00,fertility,生育率,中国在2020年生育率仅为1.3，比日本更低，全年仅出生1200万人，出生率创有记录以来最低水平。有机构预测，2021年生育率将进一步降低到1.1左右，出生人口可能降至1000万左右。为什么不愿意生了呢？本质上是因为国家整体上进入了现代化，民众思想转变，90后，00后更注重自身的成长和发展。通俗点讲：不结婚不生孩儿，天天吃喝玩乐，一人吃饱全家不饿，不香吗？为啥要被孩子束缚20年。,-1,neutral/unclear
4720617569919738,2021-12-31 23:59:00,marriage,相亲,在这个特殊的时刻，写点什么:写给我的家人，感谢他们2021年对我一直以来的支持与鼓励，照顾与关心，包容与认可。新年已至，我们继续互相陪伴，相亲相爱。拌嘴争吵少一些，关心鼓励多一些，做最紧密最紧密的一家人！老妈常康健，早日摆脱奇怪的中药。我会尽量少让您操心的，您也别太累了，我马上就要长大了，轮到我来照顾这个家的时刻也不远了。感谢您的付出；老爹戒烟酒，多顾家，别让我妈操心，不要当小杠精，也要珍惜自己的身体，在辛苦在外奔波后记得好好休息！！！！写给那些爱我的人，谢谢你们一直对我的关心，这2021年因为你们的爱意多了更多的温暖和感动。迈入新的一年，我们携手同行，不离不弃。把你们的爱珍藏心底，化为动力，不断前进！写给我的两个宝贝@TFBOYS-王俊凯@TaylorSwift写给俊:这一年里你从头到尾都在认真对待自己的工作，认真拍戏做音乐，默默付出奋斗。从重生之门到现在正拍摄的电影，从恰好是少年到断桥，这些你努力的证明带给我源源不断前进的动力。新的一年我也会面临学业上重大的新的考验，我们一起加油努力，成为更好的自己。向着你发出的激励人心的光芒，我努力奋进！当然，中药其实也不怎么好喝对不对，所以你要健康平安，好好吃饭好好睡觉，做平安喜乐的俊！写给霉:这一年里迎来了三封年专的激动，也迎来了无畏，红两张重录专辑发行的惊喜。这一年你又积累了累累珍贵成就，让我看到的是你那对音乐怀有赤诚之心的真挚。我也爱你为弱势群体发声的勇敢，激励了我使用为自己发声的权利。就像你的歌词“InastorminmybestdressFEARLESS”，新的一年里面对重重考验，我会拥有fearless的精神，期待着我的蜕变，也期待着你的一个又一个鼓舞人心新的作品！最后写给我自己:2022年你会面对中考的考验。半年时间，你会被迫放弃你最爱的东西，在人生的道路上做出一个又一个抉择。带着大家的激励，勇往直前，乘风破浪。相信在困难重重后，你一定会成为更好的自己。追梦人永远在路上，莫等闲，少年有梦勇敢闯，无惧风雨显锋芒。2022，看你光芒万丈！,0,neutral/unclear
4720617510930829,2021-12-31 23:59:00,marriage,相亲,再见2021年不管新一年怎么样，让我们继续相亲相爱吧，我的小可爱们,0,neutral/unclear
4720617507786954,2021-12-31 23:59:00,marriage,相亲,2021年，感觉不过徒增一岁，基本毫无收获。也就人生轨迹上正式加上了一次正儿八经的相亲，希望新的一年能往前迈步，再前进一些。大家新的一年也要加油↖(^ω^)↗哦！,0,neutral/unclear
4720617468730767,2021-12-31 23:59:00,marriage,相亲,2021年:窝有了，铁饭碗有了，但相亲十次全都没成……2022年:希望有个老伴儿PS：第一次在冬天室外吃羊肉火锅，喝着小酒吹着牛皮,0,neutral/unclear
4720617464794645,2021-12-31 23:59:00,marriage,相亲,#2021年最后一条微博#2021年真的发生了很多事情。从3月开始一个人看房签合同准备装修，选定装修公司，方案，从背景墙的颜色到柜子拉手的款式，从门槛石款式到石膏线造型。再到面试换工作入职接一些离谱的项目。甚至是换了3个相亲对象，好像每一个周末都奔跑在路上。回顾一下，还是感谢21年努力的自己。新的一年，加油吧,0,neutral/unclear
4720617451949272,2021-12-31 23:59:00,marriage,相亲,最后几分钟总结一下2021吧呃这一年工作上没什么变化，但还是要求求财运啦发发发其他就是开始被逼相亲了我没觉得结婚有什么好处单身不快乐嘛好了祝2022年还是财运滚滚,0,neutral/unclear
4720617435436550,2021-12-31 23:59:00,marriage,相亲,2021最后一条微博：规培基地最后一天发了红包似的把10月份的绩效发放，正好解救花呗度日的我。本该跟人出去火锅电影夜宵来跨年的结果现在窝在家里的床上玩手机。今年事情杂七杂八很多，也正式踏入工作，也相亲了且都不是自己想要的却无法拒绝，也做了些事…愿我的2022更好吧,0,neutral/unclear
4720617406341117,2021-12-31 23:59:00,marriage,相亲,再见2021，你好2022，愿我们所有的小飞侠们和肖战先生@X玖少年团肖战DAYTOY红红火火，身体健康，顺顺利利！未来一年我们也要相亲相爱，一路相伴，一起奔赴更美好的未来,0,neutral/unclear
4720617381432418,2021-12-31 23:59:00,marriage,相亲,若男，我爱你！一起晚安，2021，我心知你心，我们相亲又相爱！,0,neutral/unclear
4720617046417079,2021-12-31 23:57:00,marriage,相亲,"好像想写些什么，又好像啥都没写出来，打开相册，这一年貌似好像没有拍下什么，记录更多花花草草，少了不少生活心情，多了不少工作记录，大概这就是长大的模样吧。这一年，从爱上了花花草草，到慢慢的倦怠。这一年，第一次出省看演唱会，在那个冻成狗的夜晚，盯着他流血的手指，不停的拧着荧光棒。第一次追线下，站七八个小时就为了看他从楼顶经过。这一年，开始被""道德绑架""开始催婚开始被相亲，然鹅都不是想要的。貌似生活依旧平凡，每天两点一线，所幸还有生活",0,neutral/unclear
4720617008144070,2021-12-31 23:57:00,marriage,相亲,有你两个的日子总是过得那么愉快眨眼又一年过去新一年希望我们还是那么快乐你俩要相亲相爱健康长大,0,neutral/unclear
4720616940765848,2021-12-31 23:57:00,marriage,相亲,济南相亲超话再好的缘分也经不起敷衍再好的感情也需要珍惜这个世界上没有绝对的傻瓜只有愿意为你装傻和原谅你的人,0,neutral/unclear
4720616928182314,2021-12-31 23:57:00,marriage,相亲,马上就要告别2021年了简单回顾一下吧没有愿望实现看了一场脱口秀小剧场参加了一场线下相亲活动被隔离了一个七天搬了一次宿舍换了一个工作环境没有什么惊喜也没有太严重的惊吓不热爱这样平淡的生活生活平淡也算万幸运势说我要在2022起飞一下了有点紧张有点担心想寻求一些突破也明白资质平平凡事尽力就好吧Peace,0,neutral/unclear
4720616818873333,2021-12-31 23:56:00,marriage,相亲,我就知道有这么一出，结尾大家肯定要相亲相爱大合唱红歌。,0,neutral/unclear
4720616802881194,2021-12-31 23:56:00,marriage,相亲,2022年1月1日冬月三十星期六元旦愉快！宜悟道相亲行人道契约忌动用储备。鼠宜欲速不达，牛宜主动贵人运佳，虎宜和谐，兔利广结善缘，龙利精诚团结，蛇心平气和，马到功成，羊表现佳，猴宜淡定，鸡顺，狗利合作，猪宜稳进。,0,neutral/unclear
4720616684656674,2021-12-31 23:56:00,marriage,相亲,2022年，继续相亲相爱吧❤️祝大家一切都好✨疫情早日结束！！吃饭第一名超话#给2022捎个话#,0,neutral/unclear
4720616629871140,2021-12-31 23:56:00,marriage,相亲,得是年度日记啦📒🤔😘🥰😚一年啊每个月都是依旧匆匆忙忙🥱每个月仍然觉得好开心🥳做实验很辛苦我也很难过😫我难过我不说我乐观一二月好像不知道干啥了…估计和年尾一样呢也是摸🐟是二月吧和我宝🦢见面.happy一起光荣负伤一起开开心心🥰可算是把九江溜达了一块地三四月大概可能是在做实验但是那个时候每天都因为要做实验难受😣五六月姗姗可爱和罗狗狗和师兄们毕业🎓虽然毕业的不是我但是依旧开心🥳开心马上就轮到我不用做实验啦七八月没有放假吧…一天都想着去找宝🦢抹🐟…水上乐园啊🎡蹦床啊🪜这个区哪个区整个南昌都被wuli带我逛了个遍快乐到时光总是短暂的于是又到了九月搞实验搞论文✍️谈恋爱🙊开组会日子过的可真是那个一言难尽🙊十月宝🦢生日🎂哇哇哇又是相亲相爱的一年并且十月还打到了九价嘻嘻是开心的呢十一二月我也成了找工作的毕业狗我甚至不能接受我要找工作了得…可不就是嘛…工作真的很难找到满意的工作使得今年的节日显得都很匆忙.甚至还未从去年抽身就来到了新的一年.明年依旧是带着今年没有解决的事情前进但是每一天都要被热爱或者快乐😜和宝🦢冲冲冲到一年来啦！今年喜乐安康明年年年都是,0,neutral/unclear
4720616613355248,2021-12-31 23:56:00,marriage,相亲,2021孩子上了幼儿园，买到了最心仪的房子，和老靳相亲相爱，父母康健，一家人整整齐齐。疫情终究会过去，烤肉摊见L刘那啥-的微博视频,0,neutral/unclear
4720616538902306,2021-12-31 23:55:00,marriage,相亲,2021年，是很艰苦的一年。工作更忙了，钱赚得更少了，要学习，要工作，要相亲。错过了很多很多人，烦心事有好多好多。可是，暗的地方才有光。回过头来，会发现这世界上爱我的人太多了。我的家人，我的朋友我的孩子们，还有一些不认识的人，他们都在保护我，关心我，祝福我。这个冬天好冷，可是我的心好暖。祝我也祝大家肯定都会有更美好的未来！,0,neutral/unclear
4720616538643014,2021-12-31 23:55:00,marriage,相亲,"没想到我还能写出这么绝的简介？？！一气呵成都不带想的颜狗到处爬着找,寻医问药掺一脚,把羊毛少不了,相亲婆媳围观饱,情侣恩爱直酸倒,美妆美发没学好,吃喝玩乐跟着跑,绑架小猫喵喵妙。记录我今年把时间浪费在小红薯的哪里了",0,neutral/unclear
4720616492766441,2021-12-31 23:55:00,marriage,相亲,新的一年，愿我们不再相爱相杀，而是永远相亲相爱，你的青春期貌似撞上了我的更年期，我们能平和一点，包容一点，理解一点，快乐很多点…,1,neutral/unclear
4720616467334710,2021-12-31 23:55:00,marriage,相亲,一年期限已至，该放下的人已放下，该做的努力也做到了百分之七八十，往后是静待结果。当然，无论如何我都能接受，至少2021是很有意义的一年。站在2021的终点回看这一年，感慨很多，仿佛像十八岁以前，每一年都能看到自己的成长。上一个寒假开始得很早，以至于前半个月每天都一个人陷在痛苦中，直到与友人相聚、与妈妈见面，才决定勇敢与过去告别，所以那个寒假回想起来是很开心的，尽管妈妈说我看起来不太开心，说我还很喜欢他。后来妈妈试图让我结识新的男孩子，哈哈真的太搞笑了，是相亲的感觉吗，但其实我不大能提起兴趣，直到现在也是很久才聊一两句无关紧要的话。和任何异性都是。最没想到的是，原本打算毕业后直接工作的我，在室友带动下，起了考研的念头。这一开始便从四月一直按部就班坚持到十二月二十六日的下午五点钟。前中期并没有花很多时间在复习上，还是会在上课的时候玩光遇玩摩尔庄园，还是会在前任主动联系的时候忍不住靠近。游戏是在六月放下的，一些事实是在八月知道的，决定与这些扰人心绪的事划清界线时，考研日期已近在眼前。离开舒适区后，每天生活都很有序，虽然有些乏味但至少在很大程度上避免了情绪内耗。只要一往无前就没有时间去难过，每天和朋友一起吃饭聊天就是最快乐的事情。在夏秋期待每周的水果捞，在冬季期待夜晚能钻入温暖被窝，在最后一个月期待结束后的按摩和庆祝，所有小小的期待都化为坚持下去的动力。2021的暑假没有回家，所以学年的过渡很微妙，仿佛只是度过了很长一个学期。七八九月的校园静悄悄的，每天只有在食堂能看到很多人，以至于看到开学后的热闹校园产生了社交恐惧。这些日子最焦虑的时候或许是在八月决定理想院校，符合预期的院校不多，直到预报名前，我都在动摇。降低期望后，心态有些散漫和过于平缓，以至于后来连痘痘都渐渐消失。心已经平静到考前至结束都没有太多紧张，与高考前的状态很不一样，不会心跳加快，不会手心出汗，更不会睡不着觉。也许只是换了个地方做了套期末考试的卷子。结束后真的会有酣畅淋漓的感觉，内啡肽不会存在太久，快乐转瞬即逝前，我们终于可以像计划一样做我们想做的事。心的一年继续努力。,0,neutral/unclear
4720616453702059,2021-12-31 23:55:00,marriage,相亲,#2021的最后一天##奋进2022#上一条被吞了重来话不多说考研上岸最好能再找到个对象真是被现实击中了我考研真的是无敌了半年多下来到最后唯一想要的就是来个对象一点不夸张真的考了就知道了真的无比无趣可怜孤独还有总不能等到若干年后去相亲吧那并不是我想要的是该提上日程了祝我好运写着写着就快明年了祝大家新年快乐心想事成万事如意,0,neutral/unclear
4720616361427262,2021-12-31 23:55:00,marriage,相亲,无论是擦肩还是错爱，无论是守望还是背叛，能够在最深的红尘里遇见，相知相爱过，本身就是一种幸福。聚散离合皆是天意，何必去问是劫是缘？爱情的最高境界是酒至微醺，花至半开。因为无法企及，所以流连忘返。#相亲遇上爱#,0,neutral/unclear
4720616302714134,2021-12-31 23:54:00,marriage,相亲,2021最大的收获⬇️，很感恩，接下来的日子一家人继续相亲相爱健康平安呀,0,neutral/unclear
4720616189463450,2021-12-31 23:54:00,marriage,相亲,再也不会有2021了这一年，真的如之前对自己的期盼一般，自由，通透，可归根结底，我也并不想这样。总觉得这一年，都只是徒劳，管不住嘴，瘦了一点就全都吃了回来；有差不多的相亲对象，却开始自我矫情起来，又是一场无疾而终；有喜欢自己的人，自己却怎么也不喜欢；有人说，没结婚的人，像巷子里的野猫，自由但没有归属，结了婚的人，像笼子里的小狗，有归属但没有自由。2021好似没带给我什么，但我又真真切切的每分每秒的度过了365天，遛弯跑山，运动健身，游山玩水，爱人被人爱……我感谢这一年出现，陪伴，经过，消失，最后再也不见的每一个人，更深爱从之前就陪伴我，一起走过2021的每个好友家人。只是，可惜，爷爷不在了，那个痴呆了好多年一直一直不听话爱出去跑，一旦了有好吃的还会想着留给我的老头，短短十多天就不在了，守在病床旁边的时候，真是好难过啊，一分一秒都是煎熬啊，一点都不希望他撑下去，我不敢想有多痛苦多疼，想吃东西吃不了，想说话说不出…我太想我爷爷了，我只能安慰自己，爷爷去享福了啊，再也没人嫌弃他天天乱跑不吃饭弄脏地板乱收东西了…在我低谷时陪在我身边的人说，50年之后和爷爷又能重逢，是啊，当然了，再等等，我们就又能见到了。波澜的日子才能让人印象深刻，这一年，一定是我终生难忘的一年。,0,neutral/unclear
4720616165348057,2021-12-31 23:54:00,marriage,相亲,小孩突发猩红热，涂了厚厚的药水，一种麻油味，一种墨水味，灰常复杂。今天是第三个晚上，老公也睡过来，三个人睡一个床，我只能说太挤了，可以不要用这种形式表现我们有多么相亲相爱～But，2021年的最后一天一家三口睡在一起，愿我们永远都不分离，永远都相爱～2022，冲鸭。,0,neutral/unclear
4720616148828185,2021-12-31 23:54:00,marriage,相亲,一年一度总结日，最能随意所写的总结了吧，想到哪写哪，不用斟酌用词及语句。今年疫情依然持续，但大体可控，疫苗打了三针，核酸做了几次，到了较近的贵州、重庆、都江堰旅游，去黄果树瀑布恰逢天晴，有彩虹映照的瀑布真的美而壮观，推荐。是工作忙碌的一年，换了三个领导，加了很多的班，并且没有调休和加班费，都不指望不加班了，希望加快推进有偿加班。做了学习、练琴的计划，却一个没完成，拖延的毛病得改啊，大多数时间看手机了，抖音能立头功。今年还搬家了，老城大部分拆迁强制得搬，从小到大成长的地方，很舍不得，而且因为工作原因没有回成家，好多事情都帮不了忙，深切地感受到了异地工作的弊端，还是想离家人近一点。和萌萌完成了重庆温泉之旅，简单而惬意；想和贝和欣出去旅行，好久未见，感觉只要在一起，聊个天都是开心的。可能就是因为有想在一起的人，所以爱旅行，朋友们真的都在远方。今年两位小伙伴都有了那个他，单身的还是我，相亲也有那么多了，还是没有合适的，依然期盼你的到来，诚意满满期待见到你的那一天~2022年，有趣、有盼、长安、常安。,1,neutral/unclear
4720616072021122,2021-12-31 23:53:00,marriage,相亲,济南相亲超话生活有苦有甜才叫完整爱情有闹有和才叫情趣心情有悲有喜才叫体会日子有阴有晴才叫自然最美的所在不是在路上而是在心里,1,neutral/unclear
4720615964020472,2021-12-31 23:53:00,marriage,相亲,不离不弃相亲相爱一生快乐一生被爱,0,neutral/unclear
4720615912637676,2021-12-31 23:53:00,marriage,相亲,这一年发生了什么呢。年初的时候为一段无奈又崩溃的感情撕扯。出门住了半月。去了公司洛阳的小酒馆，玩了很有意思的沙漠淘金游戏。夏天的时候遇到暴雨，在公司附近住了一周。又遇到疫情在家待了半月，每晚都能看日落。花了三个晚上修好淋浴门，每次衣服湿透到滴水。提车练车，朋友们多次帮忙。回老家，见到了十多年未见的朋友，约了一起考公，然而我也没咋学。实现出行自由，又开始周周出去蹭饭的日子。以及几次不太情愿到主动放弃的相亲。工作技能上没有太大长进。钱也没有挣到很多钱。好在平安健康，来年也是。努力找个对象，如果不行，那就多读书，好好学习吧。,-1,neutral/unclear
4720615908966529,2021-12-31 23:53:00,marriage,相亲,2021年的相亲之路结束，2022继续,0,neutral/unclear
4720615761647812,2021-12-31 23:52:00,marriage,相亲,#2021年终总结##新的一年你有什么美好愿望#我哥说送我个文案，我看了看不如让我去相亲来的靠谱。2021最最最最最后希望我2022的第一天能早起然后早睡[2022][微笑趣泡],0,neutral/unclear
4720615736742205,2021-12-31 23:52:00,marriage,相亲,写一篇小小作文这一年自己面临新的挑战，丰富了许多思考这一年宝宝茁壮成长，是生活中负责治愈和带来快乐的C位担当这一年学会了更好的与父母相处和表达，也感受到了正向的反馈这一年是和老公在一起的第十年，依旧是打打闹闹也相亲相爱这一年小卷卷可爱活泼，脱了点毛但绝对仍是最靓的狗崽崽感恩2021的各种照顾，给予了那么多热闹的时光、成长的契机、闲暇的傍晚还有美丽的天空。和即将到来的2022年sayhi，我爱的人儿们都一定要平平安安健健康康开开心心快快乐乐哦！心怀感恩，继续相信，保持努力！,0,neutral/unclear
4720617583023470,2021-12-31 23:59:00,marriage,结婚,宝贝，你有大翅膀子可以飞飞来找我，为什么要坐热气球来。但是，新年快乐，查理苏。会给你365份阳光和爱，我的狗勾鸟那么答应我，今年结婚吧查理苏,0,neutral/unclear
4720617578568758,2021-12-31 23:59:00,marriage,结婚,#2021年最后一条微博#终于还是来到这一天，2021年结婚➕生娃，感觉自己太强了！新的一年，回到工作岗位的小韩一定会更强！[2022],0,neutral/unclear
4720617574376527,2021-12-31 23:59:00,marriage,结婚,2021年的收获是遇到了想要结婚的人～希望2022年的收获是一枚可爱的天使宝宝～,1,explicit positive/aspirational
4720617574372164,2021-12-31 23:59:00,marriage,结婚,2014年过法考，2015年考公务员，2016年买房，2017年结婚，2018年生小宝，2019年考考研，2020年考研二战，2021年考税务师，就这样忙忙碌碌的过了几年，2022年，等待我的回是什么呢不管前面的路是什么，顺境时，要居安思危，不沉溺于低质量的舒适区；逆境时，不轻言放弃；绝境时，不自我设限，终会柳暗花明峰回路转。把这句话送给30岁的自己，希望我以后不再要轻言放弃，坚持一定就会柳暗花明。或许会有一时的不顺，但尽自己所能去努力吧，要相信，公道自在人心致2021年的自己,0,neutral/unclear
4720617566242016,2021-12-31 23:59:00,marriage,结婚,Thelastdayof2021厉害小夏钓的🐟夏妈妈夏爸爸煮的鱼汤面鱼汤好好喝公司一起看电影看到一半，跑回去发货，努力工作🦌晚到火车站，顺利改签动车公司的新年装饰真的有点像结婚陪小夏伴郎彩排谁能想到刚才还去医院看了他的👀呢新年快乐🎆2022奥利给,0,neutral/unclear
4720617562309585,2021-12-31 23:59:00,marriage,结婚,#年终总结｜关于阿金的20212021完成了几件大事：买房、装修、结婚、怀孕🤰遗憾的是论文盲审没过没能在今年拿到研究生证不然就很圆满了在2021里身边的大部分人都很友善整体来说也算顺利、感恩2022年阿金要拥有一个新角色了虽然还没有做好准备成为家长但有时也会对葡萄🍇小朋友的到来怀有期待希望2022能有更多喜欢的、开心的事不喜欢的事情尽量可以不做身边的人都身心安康平和简单的日子就很美好新年快乐🎆,1,neutral/unclear
4720617549726710,2021-12-31 23:59:00,marriage,结婚,盼着他们搞到20周年然后各自辞职结婚你杰是真让我不想继续花钱,0,neutral/unclear
4720617540291330,2021-12-31 23:59:00,marriage,结婚,因为国家政策元旦后多十天婚假，领证日子从12月改到1月。又因为阿吴单位转正后领证才有结婚福利，为了毛爷爷，领证日子又从1月改到2月。我和阿吴说，你知道为什么连国家和你的单位都在阻拦我们领证么，因为你没有求婚呀！于是乎，有了好几个鸽子蛋大的手环钻戒💍和一地的花瓣以及blingbling的爱心窗帘在这个平凡又不平凡的周五，我们装完了喜糖。打开微博，正好看到毛毛的《入海》跨年演唱。我赶着时间，码着字，向2021告别。2022，你好，我期待着。,1,neutral/unclear
4720617540032289,2021-12-31 23:59:00,marriage,结婚,#新年快乐#「[2021]年12月31日」时间过的好快啊，2021年即将结束了，做个总结吧！回顾这一年我平淡无奇，没经历过大风大浪，在别人眼里我开始沉默，沉默并不是代表我不知道，只是我不愿意去表达而已。『遇见』很开心在多年后又遇到一个喜欢的明星，在他身上看到了很多榜样的力量，也很荣幸让我遇到他，每次看到他都会不经意间的笑。既然那么好，就让我在心里经常念叨你看着你就好，不去打扰到你。『获得』这一年也让我明白了，就算女人结婚了，任何事情还是要靠自己，不能指望任何人，对自己好些，善待自己，开心就好，但是别任性。『失去』父母的健康失去了很多，在父母的眼里，心里你永远是孩子，不管在任何时候他们都会是自己身后坚强的后盾，但是我们能给父母的就只能不让他们操心和担忧，既然这样就努力做最好的自己。「[2022]」新的一年，希望我能心想事成，找到合适的工作，愿我喜爱的明星能多出好的剧作，愿爸爸妈妈身体能健康，孩子学习健康都一帆风顺。一切所有都顺顺利利。我与旧事归于尽，来年依旧迎花开。,1,explicit positive/aspirational
4720617537144116,2021-12-31 23:59:00,marriage,结婚,今年注定是我人生中最不平凡的一年，开心的事儿是遇到了小崔并和他结婚，我们过得也很快乐，他给我更多的安慰和理解，体贴入微。但是，关于奶奶啊，我不求别的，跨不跨年啊，我只求她能少受点罪。我能听到她的声音就很知足了，哪怕最后认不出我是谁也没关系。,1,neutral/unclear
4720617527710121,2021-12-31 23:59:00,marriage,结婚,这一年坚持减脂、好友相识、老友结婚、旧友重逢、工作稳固顺利上升……这一年家里变故挺多、朋友也有走散、自己仍需继续努力……总之，这一年有美好也有遗憾，有幸福也有烦恼，就让这些留在2021吧此后为了更加美好的2022继续奋斗再见2021，你好2022,1,neutral/unclear
4720617520109351,2021-12-31 23:59:00,marriage,结婚,这这这…明天结婚今晚能睡着啵？,1,neutral/unclear
4720617507526218,2021-12-31 23:59:00,marriage,结婚,阳历2021年10月2日（阴历8月26）晚上8点半，我最亲爱的妈妈永远离开了我，到现在为止还不能提及母亲这个话题。。。我后悔没有带您去看看大草原，我后悔没有给您换个新手机，我后悔没带您去饭店吃过饭，我更后悔没有带您去体检。忙也好，怕花钱也好，一点机会都没有，病倒了就再也没起来。两年的时光，爸爸没日没夜地照顾您，终究还是没有挽留住您。脑海里浮现的都是你的好，想着这个家里每个人的事情，每天干不完的家务做不完的饭，收拾不完的卫生，不能看见哪里脏了，老爸的衣服也是要着洗……您才50多岁，您生病的时候姐姐30岁，您走的时候我才30岁。我才30岁，花钱的时候跟着你们，挣钱的时候我出嫁了，我还没来得及报答你呢……真的是世上只有妈妈好，有妈的孩子是个宝，没妈的孩子是个草。。。去年我的生日，姥姥走了，今年我结婚5周年，妈妈走了。妈，我想你了，下辈子做一辈子的母女，不要先离开我好不好？L以后还要自己走的微博视频,-1,explicit positive/aspirational
4720617507006702,2021-12-31 23:59:00,marriage,结婚,写给2021的自己：这一年过的很慢，年初忙着婚礼的事宜，然后在平淡的生活中吵了无数次架，无数次想要离婚的念头，体会了什么叫生活中的鸡毛蒜皮。这一年过的很慢，怀孕的艰辛，每一次的产检，随着月份增大，行动的不便，没人能替代和感同身受。这一年过的很慢，因为迫不及待的想要和肚子里的宝宝见面，想知道他到底是小男生还是小女生，想知道他的模样，长大后会不会像我想象中的那样帅气。这一年过的很慢，元宝什么时候才能自己睡觉、自己吃饭、不用我抱来抱去，跟在我身后叫我妈妈……可是这一年也很快，转眼已经结婚一年了，我和元宝已经朝夕相处了四个多月，一切是那么慢又那么快，日复一日的过着，那天突然仔细看了看爸爸的脸，好像陌生又熟悉，明明是我天天看着的爸爸，为什么脸上多了那么多的沧桑和皱纹，一瞬间，爸爸老了，岁月的总是这么悄无声息的留下痕迹，才恍惚，想让时间过的慢一点，想多陪陪他们。好像自从进入2字开头的年纪，一切都像开了加速键一样，幼时那么喜欢过年，是因为有压岁钱，家里人多，热闹，最喜欢大年初一和伯伯家姑姑家爷爷奶奶一大家子吃饭，早上先给爷爷奶奶拜年收红包，再给爸爸妈妈拜年收红包，大人们一大早就开始忙活着中午的年饭，他们总是能从中午喝到下午，然后晚上在继续，接下来的几天就是去走亲戚领红包，还能放炮看烟花，小时候无忧无虑，什么烦恼都没有，哪像现在一样，每天都有不同的烦恼，真不知道小时候为什么那么着急想长大。2021，在一个普通的周五和它说再见，这一年迎接了好多事情，比如多了一个新的身份，妻子和妈妈。在最后一分钟，希望全家人身体健康，平安快乐。,-1,mixed/ambiguous
4720617506475205,2021-12-31 23:59:00,marriage,结婚,我讨厌2021年但又怀念2021年应该说我怀念2021.9.16号前的所有日子我好想你，爷爷！我还记得9.10号，你还打电话给我，问我什么时候结婚……,0,neutral/unclear
4720617498610196,2021-12-31 23:59:00,marriage,结婚,英语老师今天结婚啦希望小华永远幸福我呢还在与思政考试进行最后的殊死搏斗那天又跟张张聊了些有的没的其实也许这个年纪以这样的方式跨年才是对的我就应该做着大学生都会做的事而不去肖想自己是什么例外跨年还有1分钟这丰富又曲折的一年我终于走完了,0,neutral/unclear
4720617495201716,2021-12-31 23:59:00,marriage,结婚,告别2021，用小老虎玩偶和小老虎耳夹迎来2022，新的一年也要相信光呀！夜宵下酒，看B站晚会和五月天演唱会，满屏的爷青回，生活自会奔流向前。好朋友今天领证了，由衷地恭喜，新的一年祝大家越来越好,1,explicit positive/aspirational
4720617477642970,2021-12-31 23:59:00,marriage,结婚,毕业三年买房买车，毕业五年结婚生子，毕业十年给爸妈买养老房，基本按进度完成了，下一个三年、五年、十年计划稳步进行中，等完成那天再报喜,1,neutral/unclear
4720617469516796,2021-12-31 23:59:00,marriage,结婚,2021年依旧是幸福的一年，最大的成功就是嫁给了非常懂我的男孩子。让我最感动的是很多细节。前不久我无意中点进了他的手机备忘录，很多很多条，记录的都是我无意中说过的话，喜欢什么，不喜欢什么，想好的要送我的礼物，记录的非常详细。当时他去给我洗水果了，不然肯定能看出从我眼神里跑出来的惊讶和感动。我从不知他竟对我如此用心，我也成了备忘录里的女孩子。我们从认识到结婚，每一步走得踏踏实实，他总是说我好的超乎了他的预期，所以格外珍惜。真幸运呀，2021，遇见的那些小波折仿佛都不是事了。2022年，我希望我们都平安健康就好。,1,explicit positive/aspirational
4720617448801632,2021-12-31 23:59:00,marriage,结婚,再发一次视频吧，2021最难忘的不只是结婚，还有这段幸福满满的苏州之行。不是因为成为朋友而成为朋友，而是满心欢喜遇到的差不多善良美好的人。感谢你们。@小宅大王L鱼小纡的微博视频,1,neutral/unclear
4720617448016622,2021-12-31 23:59:00,marriage,结婚,#十二月三十一#2021➡️2022希望2022年的事都能像今天晚上一样命运一般，如期而至⭐还有今天甜甜同结婚了要幸福呀,1,explicit positive/aspirational
4720617444608787,2021-12-31 23:59:00,marriage,结婚,大学室友33今天结婚了，花了一天时间，把有关33的视频都翻出来剪了个七分钟的小短片，发给大学室友们乐了乐，反复看了好几遍，实在想不出来当初那个陪我搞怪的p33嫁人了是啥样。那天收到33婚礼请柬的时候正好在图书馆，看着书，瞄了一眼手机，瞬间眼睛就花了，也不知道为什么眼前就水雾漫漫的。也许是觉得自己缺席了33的这么重要的日子，也许是觉得你们都长大了而自己还在原地，但无论哪一种，好像都是长大路上越来越孤独的结果。笨比33，祝你幸福啦,1,explicit positive/aspirational
4720617440151590,2021-12-31 23:59:00,marriage,结婚,2021即将过去。这一年，父母安康，住在新居很开心。我也每两周回去一趟。妻子忙生意，任劳任怨，由于疫情，10月后才开始有行情，也算完成销售任务。女儿念了大四为了考研，暑假到年底12月28日才回家，表姐结婚也没回来。为了读书，身体还出了小问题，所幸无恙。只是前途难料，考研结果五五之数。其实，我更希望她学会打扮得漂漂亮亮，早日脱单。可年轻人想法就是不一样。上半年楼市火爆，没买到喜欢的鸿翔云望雅苑。下半年，买了万科隐秀湖畔，买在了最高点。不过，地段和房型全家都喜欢。也就不纠结了。新的一年，祝愿阖家安康幸福！祝女儿考中，早日脱单！至于钱么，多少都可。,1,neutral/unclear
4720617439889362,2021-12-31 23:59:00,marriage,结婚,我曾喜欢一个人五年，十五岁到二十岁，直到身边朋友告诉我，他订婚了！我前几日翻以前的日记本，看见我在年写下这样一句话，我给他五年，只要他回头找我，我会义无反顾的和他在一起。感激上苍，五年，不多不少，他选择结婚，我选择继续前行。,1,neutral/unclear
